TRUST_MDX_2024_03_03_PLT_14_WELL_C09_SAMP_1281_ALQ_A_PNT_1_RND_	TRUST_MDX_2024_03_03_PLT_14_WELL_C09_SAMP_1281_ALQ_A_PNT_1_RN_1	TRUST_MDX_2024_03_03_PLT_14_WELL_C09_SAMP_1281_ALQ_A_PNT_1_RN_2	TRUST_MDX_2024_03_03_PLT_14_WELL_C10_SAMP_1282_ALQ_A_PNT_1_RND_	TRUST_MDX_2024_03_03_PLT_14_WELL_C10_SAMP_1282_ALQ_A_PNT_1_RN_1	TRUST_MDX_2024_03_03_PLT_14_WELL_C10_SAMP_1282_ALQ_A_PNT_1_RN_2	TRUST_MDX_2024_03_03_PLT_14_WELL_C11_SAMP_1283_ALQ_A_PNT_1_RND_	TRUST_MDX_2024_03_03_PLT_14_WELL_C11_SAMP_1283_ALQ_A_PNT_1_RN_1	TRUST_MDX_2024_03_03_PLT_14_WELL_C11_SAMP_1283_ALQ_A_PNT_1_RN_2	TRUST_MDX_2024_03_03_PLT_14_WELL_C12_SAMP_1284_ALQ_A_PNT_1_RND_	TRUST_MDX_2024_03_03_PLT_14_WELL_C12_SAMP_1284_ALQ_A_PNT_1_RN_1	TRUST_MDX_2024_03_03_PLT_14_WELL_C12_SAMP_1284_ALQ_A_PNT_1_RN_2	TRUST_MDX_2024_03_03_PLT_14_WELL_D01_SAMP_1285_ALQ_A_PNT_1_RND_	TRUST_MDX_2024_03_03_PLT_14_WELL_D01_SAMP_1285_ALQ_A_PNT_1_RN_1	TRUST_MDX_2024_03_03_PLT_14_WELL_D01_SAMP_1285_ALQ_A_PNT_1_RN_2	TRUST_MDX_2024_03_03_PLT_14_WELL_D02_SAMP_1286_ALQ_A_PNT_1_RND_	TRUST_MDX_2024_03_03_PLT_14_WELL_D02_SAMP_1286_ALQ_A_PNT_1_RN_1	TRUST_MDX_2024_03_03_PLT_14_WELL_D02_SAMP_1286_ALQ_A_PNT_1_RN_2	TRUST_MDX_2024_03_03_PLT_14_WELL_D03_SAMP_1287_ALQ_A_PNT_1_RND_	TRUST_MDX_2024_03_03_PLT_14_WELL_D03_SAMP_1287_ALQ_A_PNT_1_RN_1	TRUST_MDX_2024_03_03_PLT_14_WELL_D03_SAMP_1287_ALQ_A_PNT_1_RN_2	TRUST_MDX_2024_03_03_PLT_14_WELL_D04_SAMP_1288_ALQ_A_PNT_1_RND_	TRUST_MDX_2024_03_03_PLT_14_WELL_D04_SAMP_1288_ALQ_A_PNT_1_RN_1	TRUST_MDX_2024_03_03_PLT_14_WELL_D04_SAMP_1288_ALQ_A_PNT_1_RN_2	TRUST_MDX_2024_03_03_PLT_14_WELL_D05_SAMP_1289_ALQ_A_PNT_1_RND_	TRUST_MDX_2024_03_03_PLT_14_WELL_D05_SAMP_1289_ALQ_A_PNT_1_RN_1	TRUST_MDX_2024_03_03_PLT_14_WELL_D05_SAMP_1289_ALQ_A_PNT_1_RN_2	TRUST_MDX_2024_03_03_PLT_14_WELL_D06_SAMP_1290_ALQ_A_PNT_1_RND_	TRUST_MDX_2024_03_03_PLT_14_WELL_D06_SAMP_1290_ALQ_A_PNT_1_RN_1	TRUST_MDX_2024_03_03_PLT_14_WELL_D06_SAMP_1290_ALQ_A_PNT_1_RN_2	TRUST_MDX_2024_03_03_PLT_14_WELL_D07_SAMP_1291_ALQ_A_PNT_1_RND_	TRUST_MDX_2024_03_03_PLT_14_WELL_D07_SAMP_1291_ALQ_A_PNT_1_RN_1	TRUST_MDX_2024_03_03_PLT_14_WELL_D07_SAMP_1291_ALQ_A_PNT_1_RN_2	TRUST_MDX_2024_03_03_PLT_14_WELL_D08_SAMP_1292_ALQ_A_PNT_1_RND_	TRUST_MDX_2024_03_03_PLT_14_WELL_D08_SAMP_1292_ALQ_A_PNT_1_RN_1	TRUST_MDX_2024_03_03_PLT_14_WELL_D08_SAMP_1292_ALQ_A_PNT_1_RN_2	TRUST_MDX_2024_03_03_PLT_14_WELL_D09_SAMP_1293_ALQ_A_PNT_1_RND_	TRUST_MDX_2024_03_03_PLT_14_WELL_D09_SAMP_1293_ALQ_A_PNT_1_RN_1	TRUST_MDX_2024_03_03_PLT_14_WELL_D09_SAMP_1293_ALQ_A_PNT_1_RN_2	TRUST_MDX_2024_03_03_PLT_14_WELL_D10_SAMP_1294_ALQ_A_PNT_1_RND_	TRUST_MDX_2024_03_03_PLT_14_WELL_D10_SAMP_1294_ALQ_A_PNT_1_RN_1	TRUST_MDX_2024_03_03_PLT_14_WELL_D10_SAMP_1294_ALQ_A_PNT_1_RN_2	TRUST_MDX_2024_03_03_PLT_14_WELL_D11_SAMP_1295_ALQ_A_PNT_1_RND_	TRUST_MDX_2024_03_03_PLT_14_WELL_D11_SAMP_1295_ALQ_A_PNT_1_RN_1	TRUST_MDX_2024_03_03_PLT_14_WELL_D11_SAMP_1295_ALQ_A_PNT_1_RN_2	TRUST_MDX_2024_03_03_PLT_14_WELL_D12_SAMP_1296_ALQ_A_PNT_1_RND_	TRUST_MDX_2024_03_03_PLT_14_WELL_D12_SAMP_1296_ALQ_A_PNT_1_RN_1	TRUST_MDX_2024_03_03_PLT_14_WELL_D12_SAMP_1296_ALQ_A_PNT_1_RN_2	TRUST_MDX_2024_03_03_PLT_14_WELL_E01_SAMP_1297_ALQ_A_PNT_1_RND_	TRUST_MDX_2024_03_03_PLT_14_WELL_E01_SAMP_1297_ALQ_A_PNT_1_RN_1	TRUST_MDX_2024_03_03_PLT_14_WELL_E01_SAMP_1297_ALQ_A_PNT_1_RN_2	TRUST_MDX_2024_03_03_PLT_14_WELL_E02_SAMP_1298_ALQ_A_PNT_1_RND_	TRUST_MDX_2024_03_03_PLT_14_WELL_E02_SAMP_1298_ALQ_A_PNT_1_RN_1	TRUST_MDX_2024_03_03_PLT_14_WELL_E02_SAMP_1298_ALQ_A_PNT_1_RN_2	TRUST_MDX_2024_03_03_PLT_14_WELL_E03_SAMP_1299_ALQ_A_PNT_1_RND_	TRUST_MDX_2024_03_03_PLT_14_WELL_E03_SAMP_1299_ALQ_A_PNT_1_RN_1	TRUST_MDX_2024_03_03_PLT_14_WELL_E03_SAMP_1299_ALQ_A_PNT_1_RN_2	TRUST_MDX_2024_03_03_PLT_14_WELL_E04_SAMP_1300_ALQ_A_PNT_1_RND_	TRUST_MDX_2024_03_03_PLT_14_WELL_E04_SAMP_1300_ALQ_A_PNT_1_RN_1	TRUST_MDX_2024_03_03_PLT_14_WELL_E04_SAMP_1300_ALQ_A_PNT_1_RN_2	TRUST_MDX_2024_03_03_PLT_14_WELL_E05_SAMP_1301_ALQ_A_PNT_1_RND_	TRUST_MDX_2024_03_03_PLT_14_WELL_E05_SAMP_1301_ALQ_A_PNT_1_RN_1	TRUST_MDX_2024_03_03_PLT_14_WELL_E05_SAMP_1301_ALQ_A_PNT_1_RN_2	TRUST_MDX_2024_03_03_PLT_14_WELL_E06_SAMP_1302_ALQ_A_PNT_1_RND_	TRUST_MDX_2024_03_03_PLT_14_WELL_E06_SAMP_1302_ALQ_A_PNT_1_RN_1	TRUST_MDX_2024_03_03_PLT_14_WELL_E06_SAMP_1302_ALQ_A_PNT_1_RN_2	TRUST_MDX_2024_03_03_PLT_14_WELL_E07_SAMP_1303_ALQ_A_PNT_1_RND_	TRUST_MDX_2024_03_03_PLT_14_WELL_E07_SAMP_1303_ALQ_A_PNT_1_RN_1	TRUST_MDX_2024_03_03_PLT_14_WELL_E07_SAMP_1303_ALQ_A_PNT_1_RN_2	TRUST_MDX_2024_03_03_PLT_14_WELL_E08_SAMP_1304_ALQ_A_PNT_1_RND_	TRUST_MDX_2024_03_03_PLT_14_WELL_E08_SAMP_1304_ALQ_A_PNT_1_RN_1	TRUST_MDX_2024_03_03_PLT_14_WELL_E08_SAMP_1304_ALQ_A_PNT_1_RN_2	TRUST_MDX_2024_03_03_PLT_14_WELL_E09_SAMP_1305_ALQ_A_PNT_1_RND_	TRUST_MDX_2024_03_03_PLT_14_WELL_E09_SAMP_1305_ALQ_A_PNT_1_RN_1	TRUST_MDX_2024_03_03_PLT_14_WELL_E09_SAMP_1305_ALQ_A_PNT_1_RN_2	TRUST_MDX_2024_03_03_PLT_14_WELL_E10_SAMP_1306_ALQ_A_PNT_1_RND_	TRUST_MDX_2024_03_03_PLT_14_WELL_E10_SAMP_1306_ALQ_A_PNT_1_RN_1	TRUST_MDX_2024_03_03_PLT_14_WELL_E10_SAMP_1306_ALQ_A_PNT_1_RN_2	TRUST_MDX_2024_03_03_PLT_14_WELL_E11_SAMP_1307_ALQ_A_PNT_1_RND_	TRUST_MDX_2024_03_03_PLT_14_WELL_E11_SAMP_1307_ALQ_A_PNT_1_RN_1	TRUST_MDX_2024_03_03_PLT_14_WELL_E11_SAMP_1307_ALQ_A_PNT_1_RN_2	TRUST_MDX_2024_03_03_PLT_14_WELL_E12_SAMP_1308_ALQ_A_PNT_1_RND_	TRUST_MDX_2024_03_03_PLT_14_WELL_E12_SAMP_1308_ALQ_A_PNT_1_RN_1	TRUST_MDX_2024_03_03_PLT_14_WELL_E12_SAMP_1308_ALQ_A_PNT_1_RN_2	TRUST_MDX_2024_03_03_PLT_14_WELL_F01_SAMP_1309_ALQ_A_PNT_1_RND_	TRUST_MDX_2024_03_03_PLT_14_WELL_F01_SAMP_1309_ALQ_A_PNT_1_RN_1	TRUST_MDX_2024_03_03_PLT_14_WELL_F01_SAMP_1309_ALQ_A_PNT_1_RN_2	TRUST_MDX_2024_03_03_PLT_14_WELL_F02_SAMP_1310_ALQ_A_PNT_1_RND_	TRUST_MDX_2024_03_03_PLT_14_WELL_F02_SAMP_1310_ALQ_A_PNT_1_RN_1	TRUST_MDX_2024_03_03_PLT_14_WELL_F02_SAMP_1310_ALQ_A_PNT_1_RN_2	TRUST_MDX_2024_03_03_PLT_14_WELL_F03_SAMP_1311_ALQ_A_PNT_1_RND_	TRUST_MDX_2024_03_03_PLT_14_WELL_F03_SAMP_1311_ALQ_A_PNT_1_RN_1	TRUST_MDX_2024_03_03_PLT_14_WELL_F03_SAMP_1311_ALQ_A_PNT_1_RN_2	TRUST_MDX_2024_03_03_PLT_14_WELL_F04_SAMP_1312_ALQ_A_PNT_1_RND_	TRUST_MDX_2024_03_03_PLT_14_WELL_F04_SAMP_1312_ALQ_A_PNT_1_RN_1	TRUST_MDX_2024_03_03_PLT_14_WELL_F04_SAMP_1312_ALQ_A_PNT_1_RN_2	RamanShift_cm_1_
531	525	537	535	524	535	532	527	525	520	524	512	534	515	532	524	525	530	524	523	521	534	533	535	533	528	537	525	526	538	525	520	533	531	517	527	511	529	527	541	520	522	526	537	535	526	533	530	516	527	512	512	534	517	521	525	529	526	533	547	538	526	542	513	516	531	544	530	524	533	538	540	521	535	518	531	529	522	526	531	522	530	524	543	518	522	526	537	530	533	514	517	524	522	537	520	142.1739879
528	531	527	520	540	531	535	542	526	527	513	535	530	513	520	530	534	532	542	523	537	531	522	524	541	529	541	523	537	507	529	523	527	534	524	526	532	534	520	529	522	517	522	527	537	525	532	527	526	530	526	535	530	526	527	541	533	524	532	523	521	529	525	519	540	529	522	519	530	517	527	528	526	515	531	523	519	521	526	525	531	540	543	529	534	529	542	531	531	532	540	537	519	526	525	534	145.838345
524	533	532	524	517	533	517	520	525	521	525	539	542	530	531	524	517	526	521	521	523	536	533	523	546	532	514	525	518	529	524	533	525	526	534	529	537	533	533	517	524	523	533	508	537	526	530	527	528	525	531	539	513	530	533	516	538	524	529	520	524	536	518	526	493	528	525	535	530	536	532	527	542	531	528	522	530	525	531	534	544	500	525	531	534	532	536	534	533	527	527	538	534	529	536	522	149.4847215
528	537	530	527	532	530	515	522	517	521	537	525	530	515	523	541	523	530	525	527	528	509	525	544	530	541	534	525	521	517	516	533	534	526	529	533	530	528	537	520	520	530	536	533	527	521	522	549	537	528	517	527	535	512	524	520	528	528	535	522	534	517	534	516	528	532	539	534	517	527	544	522	522	517	517	532	539	524	529	516	529	523	529	519	533	523	513	528	526	537	525	535	529	528	522	542	153.1448271
539	530	527	528	521	528	528	529	536	530	533	513	523	520	520	533	525	522	528	523	532	521	522	531	531	530	508	535	515	526	527	525	537	521	532	525	528	523	523	527	527	519	522	515	529	542	534	518	522	519	525	522	521	539	535	524	525	539	531	527	517	536	516	525	526	540	524	526	524	531	519	525	524	523	538	520	528	533	520	530	539	530	529	533	532	529	538	542	526	525	525	533	521	545	514	544	156.7869742
512	526	530	532	536	522	547	524	525	531	522	525	527	527	528	525	513	534	526	541	530	521	528	527	526	521	530	527	525	532	522	533	525	543	527	530	534	534	519	515	527	534	523	531	514	524	532	540	529	522	526	547	520	524	517	528	523	525	536	524	523	516	521	521	523	524	541	530	541	523	522	531	521	533	529	530	521	527	533	534	536	529	515	519	514	527	533	517	532	525	532	541	533	524	533	539	160.4428357
532	527	525	529	521	537	533	522	536	526	528	523	528	527	510	527	520	525	531	520	529	546	524	532	519	519	518	529	540	540	516	521	534	527	532	534	534	519	512	519	527	534	525	509	525	522	521	525	535	525	523	528	522	542	525	525	528	518	529	527	539	542	535	524	530	528	516	519	519	522	529	515	527	515	530	527	523	517	529	512	515	535	510	531	538	530	513	528	534	534	524	507	514	525	520	535	164.0807608
521	533	515	534	531	531	535	532	540	520	519	514	526	522	521	526	532	526	534	530	532	526	537	518	523	532	528	530	519	535	522	537	531	525	530	520	538	533	519	529	521	533	531	529	521	522	537	523	533	527	524	510	534	525	528	545	528	528	513	526	527	527	528	524	523	518	532	531	530	520	523	524	519	521	522	520	525	521	515	536	512	522	536	520	528	524	520	517	515	533	541	527	534	521	525	522	167.7165821
514	535	537	539	526	525	531	523	524	514	520	531	517	529	526	520	534	527	516	520	522	528	529	530	542	510	521	526	516	523	519	531	528	525	541	527	527	532	528	534	521	524	532	534	534	525	537	517	520	513	530	519	531	522	509	530	530	516	511	518	524	523	528	535	534	506	525	513	519	523	532	520	516	525	526	532	536	528	522	522	522	531	526	524	528	534	524	526	530	527	527	525	529	519	519	531	171.3503016
527	518	523	530	540	538	516	528	541	515	523	522	515	534	524	544	526	538	534	532	528	525	526	525	524	530	526	531	529	516	525	537	528	536	533	505	522	534	523	533	525	538	542	535	523	539	528	531	529	527	529	521	538	522	515	525	531	521	522	523	525	519	535	514	545	531	522	521	530	522	520	523	527	512	532	531	547	537	528	530	527	535	535	525	529	530	534	526	523	525	539	522	519	519	528	521	174.981921
520	533	537	527	535	532	513	514	537	536	526	523	529	530	538	537	532	524	517	528	520	530	533	531	514	520	520	539	527	526	539	531	537	531	523	535	533	536	534	538	533	529	525	535	535	536	522	539	524	529	531	515	527	515	519	540	526	522	514	520	525	540	515	524	540	534	529	518	513	540	536	537	518	533	523	527	533	523	535	533	541	523	534	518	529	533	535	508	536	526	522	528	524	532	526	531	178.6114422
538	533	529	537	530	527	494	532	524	548	522	529	539	523	530	520	537	521	518	520	551	515	523	536	540	528	534	528	532	542	523	535	528	528	533	520	525	525	516	530	541	527	528	530	512	522	529	516	523	533	539	545	522	528	530	536	527	517	527	538	522	537	526	529	525	538	524	535	526	524	524	531	527	519	522	518	523	523	535	525	529	528	518	535	535	523	528	522	533	529	530	521	530	529	526	520	182.2388669
532	530	538	532	518	518	540	525	504	525	513	521	514	517	530	530	528	517	538	533	527	542	523	515	523	524	517	536	527	522	541	528	532	530	527	532	525	514	518	515	526	522	515	523	531	529	523	531	531	537	529	524	537	533	516	522	536	542	526	533	528	522	526	529	516	525	524	546	535	535	515	520	517	539	527	534	520	528	535	529	533	532	536	541	527	518	514	520	522	523	529	520	530	523	521	530	185.8484393
525	535	534	529	541	518	521	524	532	533	531	521	534	529	520	536	531	526	521	531	531	534	529	519	521	530	525	518	528	524	529	528	514	533	520	519	523	524	535	536	509	530	523	537	518	516	533	524	529	521	516	525	533	515	522	527	529	533	530	529	531	524	521	539	527	503	520	527	530	539	534	531	534	527	522	538	519	540	511	514	533	527	519	528	533	535	539	534	530	537	521	523	514	518	515	535	189.4716857
525	523	517	522	519	521	524	538	536	535	521	530	525	518	521	521	519	517	523	529	520	534	527	517	527	522	525	525	519	537	524	533	527	530	534	523	520	538	549	526	525	533	525	527	525	534	537	532	541	526	527	527	515	529	526	509	531	523	515	518	514	514	532	523	527	526	525	520	524	514	517	538	527	524	529	531	528	519	530	522	524	533	520	518	514	539	530	525	533	522	525	533	508	508	533	534	193.0771015
531	523	518	526	531	520	519	536	533	532	526	531	522	530	524	527	530	548	525	505	525	554	517	527	519	530	532	533	527	525	518	520	531	519	529	535	516	538	523	523	539	537	525	529	527	540	528	511	529	527	531	522	523	533	515	532	533	519	521	534	520	524	533	519	514	530	525	534	526	520	530	522	525	519	521	527	523	528	527	539	525	544	518	539	541	525	529	530	534	528	524	533	529	530	531	525	196.6804463
527	522	523	526	535	526	527	526	515	539	533	523	519	524	533	526	538	520	525	532	524	529	517	522	520	522	530	535	537	532	529	520	522	528	525	531	529	522	518	523	534	528	526	525	519	534	525	512	534	517	534	521	527	543	532	534	519	519	522	515	532	534	532	519	544	523	528	532	530	525	525	520	533	520	533	515	534	532	524	534	534	530	523	540	541	533	531	529	526	537	523	522	531	524	519	533	200.2974433
531	532	532	531	526	529	528	531	536	535	531	529	523	515	538	524	522	518	529	535	531	550	531	520	537	537	513	532	518	504	531	529	526	525	545	528	516	518	529	535	533	529	525	518	529	521	536	529	531	516	536	524	515	521	533	513	528	527	532	530	533	525	526	523	537	524	520	526	532	519	533	522	531	529	537	511	526	529	539	522	519	534	520	541	530	530	515	541	514	529	527	528	532	526	516	524	203.8966422
515	519	533	523	533	525	538	529	521	521	520	523	525	511	528	522	530	528	525	530	530	522	532	526	533	513	530	518	526	532	523	523	537	536	533	517	519	535	528	528	519	527	548	524	515	518	529	515	531	524	537	527	530	532	529	523	517	524	535	537	527	528	519	528	524	521	527	519	527	522	523	518	522	508	525	524	517	521	525	553	542	529	525	526	524	541	526	517	526	519	525	528	529	531	531	521	207.4937755
517	532	532	520	525	540	530	533	511	519	525	534	526	524	524	533	533	521	515	532	532	529	522	525	529	525	542	534	519	533	519	530	527	528	515	526	529	513	520	529	520	517	535	516	521	516	531	528	521	520	514	519	524	525	527	527	533	524	527	532	537	519	531	515	524	530	521	523	504	536	513	516	532	518	521	527	533	522	524	527	523	524	536	515	517	515	527	523	533	524	532	543	513	530	528	523	211.0731503
516	518	532	526	523	516	525	536	526	532	518	525	526	531	530	522	510	523	516	528	533	523	533	528	515	519	530	533	515	522	523	524	533	510	524	537	510	510	528	532	533	534	530	521	539	537	533	515	523	532	528	524	536	527	530	516	537	528	523	527	523	518	514	520	526	528	524	541	526	530	542	535	529	531	527	518	530	524	539	534	531	529	534	525	531	526	529	537	519	537	529	536	526	530	524	532	214.6661664
524	529	528	516	517	525	520	523	512	525	539	523	532	533	530	528	533	535	545	525	540	528	510	521	516	525	539	526	529	539	522	520	525	530	528	530	525	519	528	527	535	528	527	541	537	521	526	539	534	531	522	529	535	520	521	522	533	528	524	527	523	522	529	519	528	519	531	513	524	516	533	534	527	528	528	518	539	515	534	539	518	513	515	534	530	528	525	526	543	524	534	528	524	525	520	527	218.2571221
525	528	531	522	508	514	524	524	522	523	532	521	541	531	518	526	532	537	527	519	529	520	515	533	520	517	519	521	520	527	518	519	531	532	521	537	517	528	544	520	528	540	537	523	519	528	528	529	531	531	519	534	533	528	538	529	535	526	523	522	524	533	510	530	524	521	531	528	526	521	522	510	522	532	528	525	527	531	533	527	518	523	515	529	511	534	527	514	534	535	528	513	528	533	524	524	221.8460193
518	525	541	526	527	517	535	543	525	524	528	531	520	530	526	521	542	526	523	539	526	523	542	525	535	536	521	535	513	530	531	526	536	531	532	536	521	531	520	531	518	525	529	533	532	521	536	524	527	531	530	531	541	517	536	525	530	516	536	515	532	537	526	524	520	522	535	527	525	528	532	522	529	530	528	551	525	522	542	535	521	531	528	527	540	537	543	523	533	533	532	529	528	534	522	545	225.417201
539	523	511	528	531	530	529	533	530	521	526	524	536	525	535	529	518	529	529	520	516	532	526	516	526	521	526	535	522	524	519	531	526	525	515	522	540	526	539	542	526	518	529	527	536	533	534	530	529	538	531	525	524	524	531	520	528	541	534	515	540	520	537	526	529	542	529	541	518	524	542	521	521	526	537	533	538	533	526	532	532	526	536	532	526	550	529	523	525	535	539	524	532	528	510	533	228.9863455
523	525	528	527	524	522	530	541	529	514	523	527	530	535	551	530	518	521	528	534	523	530	520	534	530	530	520	528	530	524	531	514	534	540	519	526	528	526	523	531	530	517	524	530	532	518	519	523	531	532	524	539	528	530	516	525	525	528	536	526	536	521	523	541	509	527	528	516	525	528	521	530	527	532	523	532	523	525	530	536	525	521	533	528	532	525	511	534	538	529	531	525	528	531	526	526	232.5690953
525	527	532	531	523	528	524	545	523	525	533	520	547	522	538	542	536	537	534	540	527	513	535	535	531	526	526	537	519	538	517	522	530	532	516	508	528	515	529	522	522	526	526	533	539	520	532	539	533	530	523	529	520	521	537	537	516	536	527	536	532	531	534	540	536	526	541	531	518	530	525	526	526	533	533	544	521	525	529	529	532	530	528	525	522	522	528	521	535	526	521	527	534	520	528	527	236.1341617
515	523	521	524	523	528	521	522	526	512	518	517	529	505	530	535	534	527	524	526	527	530	524	525	522	522	525	518	525	517	527	532	524	516	533	513	534	539	538	519	524	536	529	519	532	536	518	529	523	530	517	536	529	536	532	525	525	529	533	517	516	520	525	524	513	521	525	525	527	527	545	516	522	529	509	529	525	520	513	533	520	525	524	523	523	538	528	524	530	520	528	542	521	532	518	535	239.6971962
535	526	535	525	524	526	546	534	531	534	522	528	529	525	517	539	538	530	526	522	514	529	519	509	542	546	525	531	521	527	533	532	527	534	531	521	519	531	522	512	532	534	532	528	535	527	528	518	536	530	526	524	528	529	529	532	529	537	508	541	528	518	522	533	527	519	529	533	533	518	525	528	533	538	524	521	539	525	525	526	530	526	525	528	541	537	521	518	538	542	527	529	527	535	536	533	243.2582005
521	547	522	526	520	516	542	534	527	532	520	524	529	518	527	533	519	527	521	545	531	516	534	539	516	524	538	543	525	521	513	522	531	526	534	523	530	526	535	528	520	520	539	524	519	523	523	543	530	527	530	521	523	539	524	504	526	529	525	526	521	532	518	527	528	523	511	532	528	541	530	536	525	533	540	531	529	525	523	529	533	535	518	524	534	522	532	533	531	535	539	519	527	511	539	528	246.8171763
517	526	533	530	525	531	533	532	529	534	532	539	521	533	537	528	529	541	529	546	528	515	528	522	550	536	523	526	537	532	530	522	543	539	523	528	522	543	526	542	534	528	502	531	531	537	521	541	533	525	542	519	531	532	526	526	529	526	531	520	530	513	540	517	532	532	534	529	519	521	530	518	535	527	537	542	525	523	538	541	533	535	543	532	534	519	537	538	528	517	529	542	523	523	530	533	250.3585292
525	526	526	533	517	534	523	520	535	542	542	521	524	537	523	532	537	539	535	525	517	535	519	531	523	528	532	531	526	532	515	531	540	527	519	530	534	529	527	531	524	534	533	520	526	522	525	519	534	519	524	535	519	516	533	538	538	534	530	519	518	520	540	517	525	528	526	524	529	533	514	524	521	523	538	538	543	527	535	526	523	522	532	530	532	544	528	538	544	517	524	516	538	530	538	525	253.9134621
542	522	525	531	519	526	521	522	526	527	516	519	532	537	533	526	530	523	537	526	533	537	529	520	528	534	523	525	531	520	521	525	521	518	526	530	523	543	521	524	540	522	535	529	531	524	520	536	526	525	530	527	511	551	539	530	528	545	534	538	519	523	539	523	526	532	538	522	550	524	532	517	535	526	522	532	529	532	518	523	524	545	546	532	531	508	524	533	553	525	541	528	529	530	511	540	257.4663717
534	538	546	521	523	539	544	549	522	519	527	523	537	526	524	526	504	541	537	528	527	517	528	526	535	523	527	532	529	531	524	545	534	535	533	526	528	531	529	535	531	522	533	537	538	521	532	521	526	534	536	539	527	545	536	524	534	533	523	533	519	539	518	534	522	530	528	533	529	521	553	522	534	521	523	530	541	511	537	530	531	527	511	521	538	554	522	527	528	525	534	523	525	532	528	531	261.0016902
528	532	542	534	541	529	535	525	531	534	529	533	539	528	518	532	527	535	529	529	532	523	543	535	529	527	532	530	547	528	536	527	546	529	527	539	527	516	539	523	522	534	534	518	523	544	527	530	512	540	526	545	531	519	526	527	539	522	528	532	517	532	537	538	525	540	519	530	535	531	530	531	527	515	546	533	547	532	530	527	538	541	535	546	528	535	528	520	517	535	526	534	548	529	534	537	264.5350064
521	535	536	537	537	532	530	523	540	543	536	537	542	506	532	519	530	538	533	530	541	550	535	531	527	521	534	528	523	524	533	525	539	534	532	539	531	528	537	530	524	526	528	538	531	529	546	522	532	532	524	526	535	529	530	527	539	546	537	538	517	531	527	521	533	534	531	534	534	531	520	524	543	537	521	544	530	527	535	540	529	532	526	543	527	529	541	536	535	529	526	534	540	519	529	537	268.0818742
529	541	535	531	536	544	531	539	541	537	521	544	534	530	538	547	532	531	528	542	536	536	526	539	539	527	534	539	534	527	535	534	536	532	547	529	544	541	533	545	539	533	531	543	542	524	536	534	532	546	534	532	539	527	540	523	531	531	545	532	533	538	534	539	538	531	535	531	529	545	523	536	528	538	536	529	533	540	539	541	540	529	524	530	525	535	541	525	548	535	535	530	539	518	520	535	271.6111824
538	544	531	525	539	536	533	532	531	540	530	531	544	540	521	531	531	521	542	533	526	529	534	543	530	533	542	533	541	538	529	532	545	531	528	539	531	534	539	528	532	540	533	528	539	547	534	522	556	544	531	538	529	544	538	553	549	553	548	529	532	527	533	531	550	533	532	538	536	552	530	524	527	541	535	519	539	550	533	539	565	540	524	553	531	537	539	539	521	535	541	535	523	526	535	532	275.1384935
545	546	565	539	545	553	556	560	529	540	534	545	550	537	536	546	549	537	543	540	537	533	543	536	535	527	536	541	534	543	534	544	528	541	552	551	543	543	535	548	545	539	541	551	551	534	562	552	538	555	536	534	539	566	547	541	526	540	547	552	539	546	541	545	529	529	551	539	533	533	543	546	560	549	534	535	542	545	538	535	539	543	551	535	534	544	555	535	544	535	536	546	545	546	540	557	278.6638093
562	552	544	527	558	538	567	558	557	547	540	533	537	543	541	548	552	530	536	540	550	536	535	555	536	544	540	562	537	543	528	553	549	536	556	549	532	551	558	533	544	535	553	543	538	530	525	546	539	548	551	556	545	538	551	540	553	537	540	548	551	560	542	556	540	551	545	537	535	554	555	538	542	540	540	552	551	543	538	544	543	542	550	523	538	548	549	537	546	544	543	548	550	540	548	547	282.1871313
567	546	556	549	551	540	554	557	553	537	562	545	551	569	545	556	548	530	551	539	549	533	538	545	557	551	555	561	560	554	552	554	566	546	558	543	557	539	549	554	547	567	559	549	554	552	550	559	562	546	544	533	556	530	546	552	544	559	548	549	554	550	546	555	555	562	542	540	556	559	554	550	553	558	560	557	544	550	554	546	553	561	550	544	546	543	536	558	548	539	551	557	556	532	553	551	285.6929533
555	567	549	550	569	558	558	551	538	565	564	569	559	559	558	568	563	555	538	559	553	572	544	571	556	542	562	552	543	555	563	541	544	560	561	556	572	547	554	554	544	569	550	566	558	550	565	559	543	550	546	561	539	536	546	549	570	553	549	552	567	566	551	544	558	567	550	560	549	566	571	545	577	556	559	564	564	568	572	565	561	559	548	575	550	557	549	563	560	560	570	561	556	557	554	562	289.2123018
571	578	548	572	563	578	587	574	566	578	568	588	559	552	555	566	578	588	573	577	581	587	566	569	578	566	579	572	560	560	563	565	567	571	564	580	562	566	573	570	585	585	556	570	605	565	577	579	581	579	575	574	576	568	587	578	578	571	560	570	573	555	571	566	555	573	579	577	558	569	554	577	568	577	569	556	570	566	559	563	572	566	1555	556	580	560	580	568	575	558	562	566	575	578	558	565	292.7141711
581	587	596	599	592	588	597	579	602	586	578	577	585	592	583	582	597	568	590	584	586	585	586	577	602	588	578	593	582	574	592	589	592	592	582	595	590	582	597	581	567	579	573	591	590	585	589	602	585	588	564	593	577	583	592	608	591	589	598	588	591	603	587	584	588	591	579	585	592	580	589	581	583	588	583	580	587	585	583	596	578	607	2991	591	582	594	585	580	596	576	587	593	593	588	576	601	296.2295529
609	617	620	619	594	602	616	626	594	611	623	602	590	595	612	619	619	611	613	613	624	619	617	606	627	611	583	617	590	629	605	611	606	614	620	618	606	602	629	611	615	620	595	627	615	598	616	620	620	605	611	613	602	607	610	607	607	620	601	607	610	612	632	614	613	608	631	608	619	602	608	610	606	601	606	608	587	610	614	618	616	601	614	627	627	597	606	601	611	626	610	601	624	598	596	583	299.7274762
652	655	665	663	642	660	649	677	666	638	647	662	649	660	653	665	638	642	664	670	651	655	672	653	630	647	635	649	641	667	650	631	650	647	656	655	663	653	661	644	652	659	646	648	657	664	642	657	627	642	642	661	652	658	655	650	651	652	671	656	635	630	640	673	645	653	639	643	642	644	651	662	664	669	662	652	654	666	690	665	672	640	654	636	663	665	637	662	636	667	664	658	649	654	663	640	303.2234333
699	693	684	682	720	714	764	705	700	732	706	705	746	690	711	703	732	723	701	721	699	712	704	705	695	716	724	714	701	688	729	699	718	701	703	683	717	698	729	686	727	708	695	703	696	721	722	696	696	706	701	715	689	715	704	713	705	720	704	712	706	701	703	701	705	710	710	732	705	707	668	732	705	712	716	691	712	694	705	709	718	725	680	707	705	693	720	703	708	721	704	697	681	709	713	691	306.717426
806	780	794	763	792	804	789	802	786	806	796	805	797	769	807	809	812	802	845	819	797	789	797	773	788	804	773	797	812	782	787	811	815	798	787	774	806	818	799	801	782	793	825	800	798	823	826	763	787	826	784	794	784	794	806	797	813	797	781	782	750	801	798	796	780	800	806	815	795	826	781	815	797	795	818	794	784	841	778	784	788	792	790	810	794	796	790	790	807	803	795	785	787	819	816	796	310.2249029
926	894	929	911	923	911	936	923	937	914	927	924	913	922	902	898	903	916	917	926	909	895	932	883	955	941	953	926	914	935	953	940	923	917	910	921	937	931	917	914	901	922	907	910	909	928	895	932	911	920	928	941	921	931	911	932	927	936	916	916	915	904	909	897	914	911	938	887	926	900	962	910	934	917	897	898	899	913	902	950	917	917	908	919	910	910	898	907	896	923	963	908	921	949	893	950	313.6995245
1086	1161	1113	1080	1141	1110	1141	1131	1150	1129	1162	1131	1098	1149	1118	1109	1118	1144	1131	1087	1122	1136	1119	1107	1104	1100	1099	1092	1104	1100	1147	1101	1082	1086	1126	1128	1138	1066	1151	1096	1109	1119	1101	1114	1106	1102	1119	1106	1068	1077	1078	1097	1087	1132	1085	1106	1116	1104	1092	1138	1121	1101	1129	1078	1106	1103	1100	1148	1097	1114	1083	1143	1132	1112	1113	1100	1123	1121	1104	1127	1151	1091	1088	1142	1079	1072	1130	1121	1096	1101	1109	1123	1074	1121	1095	1131	317.1876336
1361	1375	1394	1418	1398	1381	1395	1414	1423	1389	1398	1379	1381	1393	1360	1392	1367	1374	1434	1435	1378	1381	1367	1398	1378	1391	1380	1393	1377	1361	1342	1355	1384	1360	1405	1355	1394	1445	1390	1351	1376	1360	1394	1402	1341	1437	1392	1363	1408	1454	1375	1385	1353	1384	1353	1364	1361	1413	1339	1357	1389	1417	1391	1380	1324	1418	1408	1411	1377	1407	1422	1392	1381	1396	1391	1398	1393	1386	1394	1384	1387	1364	1397	1356	1361	1362	1381	1377	1392	1394	1359	1393	1393	1343	1424	1385	320.6737848
1797	1780	1819	1805	1794	1751	1780	1826	1790	1811	1762	1733	1761	1742	1765	1815	1764	1769	1745	1800	1786	1749	1724	1719	1754	1775	1701	1752	1775	1755	1747	1700	1764	1724	1781	1776	1793	1734	1817	1710	1763	1747	1760	1753	1703	1713	1730	1719	1706	1730	1762	1719	1745	1738	1740	1764	1701	1767	1724	1718	1790	1797	1736	1781	1767	1742	1746	1748	1731	1792	1756	1761	1825	1788	1705	1757	1742	1726	1804	1777	1775	1756	1748	1788	1730	1829	1706	1787	1783	1715	1692	1755	1762	1779	1815	1755	324.1579798
2198	2211	2193	2198	2222	2198	2241	2243	2227	2193	2223	2199	2200	2281	2126	2313	2228	2237	2191	2210	2220	2162	2181	2216	2224	2184	2219	2155	2096	2238	2144	2216	2212	2168	2196	2160	2282	2278	2271	2197	2235	2245	2233	2258	2255	2164	2228	2207	2181	2209	2219	2252	2208	2212	2193	2226	2183	2202	2171	2292	2176	2173	2219	2136	2214	2249	2229	2186	2204	2161	2148	2160	2214	2215	2209	2215	2217	2200	2263	2299	2252	2177	2228	2251	2233	2197	2237	2204	2200	2238	2129	2203	2228	2191	2198	2232	327.6248164
2657	2709	2740	2765	2791	2838	2794	2840	2757	2827	2768	2742	2731	2718	2778	2782	2751	2776	2771	2772	2726	2752	2678	2775	2762	2710	2771	2770	2746	2730	2748	2712	2735	2701	2750	2649	2744	2706	2760	2658	2730	2733	2783	2744	2741	2717	2697	2757	2731	2718	2714	2798	2654	2739	2651	2724	2716	2721	2722	2765	2737	2674	2701	2730	2753	2809	2683	2730	2685	2771	2751	2787	2756	2719	2733	2803	2726	2643	2720	2805	2739	2789	2710	2724	2738	2701	2733	2686	2669	2695	2738	2651	2771	2734	2756	2735	331.1051125
3297	3213	3239	3264	3308	3186	3251	3293	3246	3245	3271	3261	3227	3253	3302	3256	3299	3316	3291	3318	3352	3188	3287	3201	3340	3256	3164	3233	3159	3270	3191	3237	3196	3249	3238	3285	3322	3210	3307	3280	3194	3224	3225	3224	3270	3283	3239	3257	3243	3308	3285	3316	3267	3299	3295	3226	3317	3336	3233	3226	3283	3244	3275	3306	3278	3261	3215	3229	3178	3264	3265	3177	3384	3295	3299	3301	3280	3274	3375	3292	3280	3359	3285	3223	3222	3243	3244	3339	3327	3217	3153	3253	3321	3214	3307	3202	334.5680707
3755	3740	3802	3689	3662	3641	3777	3737	3745	3684	3713	3752	3728	3684	3707	3746	3653	3784	3676	3782	3668	3607	3764	3763	3771	3655	3732	3784	3695	3635	3543	3725	3698	3672	3802	3695	3619	3719	3660	3785	3655	3671	3693	3627	3703	3715	3612	3717	3701	3676	3700	3667	3725	3673	3695	3685	3697	3692	3693	3665	3695	3722	3745	3731	3710	3732	3768	3693	3721	3717	3632	3712	3842	3749	3766	3693	3695	3774	3738	3775	3734	3710	3687	3729	3647	3670	3742	3710	3679	3754	3660	3676	3697	3717	3817	3731	338.0290964
4042	4068	4014	4001	4041	4022	4060	4058	4157	4082	4010	4064	3990	4066	4070	4102	4068	4122	4078	4055	4026	4096	3996	3936	3979	4034	3918	4136	3992	4081	4015	3997	4056	4029	3947	4062	4153	4062	4058	3998	3988	4014	4008	4030	4089	4036	4013	4002	4018	4085	3967	4070	4045	4021	3980	4048	4024	4020	4039	4001	4065	3997	4006	4031	4093	4018	3955	3988	3986	4096	3974	3987	4046	4036	4037	4034	4055	4030	4125	4081	4137	4056	4066	4025	4058	4026	4050	4023	3997	4034	4006	3978	4031	4012	4063	3991	341.4881913
4351	4310	4247	4305	4299	4278	4343	4352	4261	4290	4314	4317	4219	4246	4147	4225	4200	4421	4265	4303	4367	4276	4270	4210	4253	4206	4253	4307	4274	4278	4295	4237	4249	4312	4329	4335	4418	4268	4301	4242	4346	4346	4281	4344	4244	4267	4326	4300	4272	4335	4262	4315	4267	4216	4200	4202	4235	4319	4349	4316	4263	4210	4273	4165	4332	4271	4235	4137	4257	4286	4285	4272	4262	4247	4203	4268	4299	4228	4267	4319	4258	4346	4337	4302	4284	4270	4272	4197	4171	4261	4249	4281	4172	4370	4286	4218	344.9453569
4416	4412	4378	4451	4530	4556	4541	4466	4435	4382	4521	4560	4383	4470	4400	4455	4529	4549	4516	4449	4450	4522	4451	4464	4433	4449	4352	4475	4407	4409	4459	4390	4429	4453	4428	4369	4496	4497	4445	4414	4355	4508	4418	4450	4379	4499	4352	4499	4456	4485	4457	4462	4466	4495	4472	4487	4512	4427	4509	4499	4419	4429	4389	4501	4457	4385	4421	4540	4422	4478	4559	4419	4371	4442	4462	4540	4429	4424	4612	4566	4434	4513	4428	4396	4423	4435	4437	4453	4461	4523	4355	4384	4407	4462	4441	4443	348.400595
4576	4701	4647	4719	4600	4675	4687	4696	4670	4707	4632	4713	4671	4601	4587	4693	4679	4627	4703	4693	4688	4689	4691	4531	4688	4578	4675	4589	4646	4723	4695	4611	4501	4675	4657	4549	4585	4656	4795	4667	4696	4610	4709	4612	4618	4597	4726	4614	4647	4587	4606	4608	4714	4621	4597	4614	4631	4599	4652	4613	4676	4567	4661	4687	4702	4589	4653	4600	4625	4663	4610	4561	4648	4694	4759	4607	4626	4651	4696	4781	4748	4658	4689	4618	4621	4619	4546	4619	4666	4691	4613	4556	4656	4688	4713	4547	351.853907
4855	4698	4841	4974	4845	4826	4860	4846	4789	4844	4837	4752	4852	4789	4685	4871	4837	4789	4885	4814	4785	4880	4853	4822	4796	4841	4834	4881	4802	4796	4810	4813	4876	4882	4848	4899	4879	4720	4855	4869	4828	4732	4786	4746	4765	4876	4855	4806	4864	4754	4796	4820	4741	4778	4777	4789	4827	4871	4720	4792	4808	4734	4786	4871	4741	4749	4880	4663	4855	4732	4800	4833	4808	4840	4921	4780	4834	4837	4871	4764	4937	4815	4844	4868	4834	4819	4706	4717	4846	4892	4870	4762	4845	4844	4827	4699	355.3052947
5106	5057	5025	5063	5037	5011	5097	5156	5038	5208	5056	4970	5075	4998	4908	4952	5023	5042	4982	5088	5074	5012	5076	5091	5062	5011	4983	5010	5017	5018	4966	5007	5046	4961	5006	5048	5068	5084	5028	4894	5026	4988	5123	5012	4999	5112	5122	4996	5123	5026	5000	5075	4976	5001	4994	5036	4954	5081	5000	5078	5154	4946	4951	5056	5012	4998	5035	5011	4935	4994	4966	4994	5080	5033	5170	4966	5045	5080	5118	5012	5022	5000	4972	5013	5068	5082	4971	5036	4956	4958	5057	4993	4959	4945	4947	5116	358.7394328
5227	5229	5203	5248	5209	5300	5323	5344	5260	5227	5218	5284	5336	5223	5190	5379	5258	5235	5243	5282	5210	5320	5127	5245	5212	5174	5244	5242	5198	5161	5306	5099	5280	5281	5202	5326	5178	5291	5294	5190	5285	5170	5163	5228	5265	5194	5214	5258	5327	5250	5215	5313	5274	5319	5353	5247	5234	5175	5251	5291	5243	5176	5317	5360	5282	5325	5265	5233	5233	5229	5223	5197	5260	5328	5281	5175	5246	5299	5336	5264	5224	5222	5290	5162	5256	5207	5176	5249	5287	5237	5211	5086	5143	5292	5130	5097	362.186985
5457	5321	5431	5324	5343	5456	5358	5435	5405	5359	5446	5469	5449	5404	5454	5537	5428	5406	5369	5440	5423	5371	5389	5347	5401	5341	5412	5477	5430	5432	5459	5313	5416	5527	5347	5420	5437	5408	5388	5321	5450	5387	5356	5422	5305	5417	5438	5305	5388	5490	5455	5475	5349	5538	5345	5367	5333	5330	5332	5343	5348	5407	5413	5323	5388	5359	5426	5389	5369	5397	5405	5270	5389	5380	5499	5371	5347	5424	5498	5470	5474	5491	5356	5360	5344	5265	5410	5363	5381	5420	5335	5419	5346	5377	5561	5423	365.617308
5512	5397	5538	5461	5417	5363	5523	5498	5532	5447	5530	5479	5505	5430	5429	5559	5570	5463	5380	5460	5393	5551	5522	5461	5491	5525	5363	5528	5491	5418	5394	5363	5510	5453	5466	5418	5458	5602	5474	5457	5407	5498	5439	5392	5420	5359	5517	5446	5366	5420	5442	5421	5412	5439	5456	5462	5453	5444	5470	5421	5426	5498	5335	5493	5609	5504	5415	5493	5547	5408	5403	5430	5487	5459	5381	5372	5434	5485	5551	5547	5539	5579	5502	5517	5465	5554	5468	5478	5374	5408	5468	5432	5536	5461	5464	5499	369.04573
5387	5350	5483	5442	5379	5401	5484	5529	5432	5470	5428	5450	5389	5296	5365	5529	5476	5431	5451	5407	5422	5439	5300	5447	5423	5406	5474	5433	5422	5375	5478	5400	5368	5497	5503	5453	5518	5485	5451	5493	5416	5310	5511	5492	5328	5463	5375	5359	5367	5313	5315	5353	5435	5443	5372	5398	5426	5289	5300	5410	5354	5429	5387	5456	5453	5593	5379	5472	5402	5392	5290	5381	5392	5490	5421	5403	5564	5440	5499	5549	5440	5410	5395	5300	5351	5431	5423	5401	5391	5419	5391	5400	5404	5420	5450	5409	372.4875453
5284	5266	5422	5311	5304	5299	5282	5410	5383	5384	5307	5413	5323	5339	5344	5393	5250	5391	5284	5269	5397	5371	5290	5321	5310	5244	5292	5289	5368	5316	5286	5325	5380	5240	5356	5361	5394	5344	5428	5321	5319	5234	5363	5304	5204	5352	5344	5265	5329	5363	5327	5318	5372	5349	5249	5256	5343	5347	5271	5150	5277	5298	5295	5425	5383	5129	5325	5170	5247	5194	5359	5272	5357	5330	5298	5379	5288	5195	5425	5330	5365	5294	5314	5226	5352	5343	5349	5363	5171	5383	5344	5389	5259	5292	5210	5379	375.9121616
5183	5226	5179	5250	5282	5215	5324	5302	5382	5215	5286	5234	5204	5252	5184	5290	5249	5342	5340	5227	5360	5276	5244	5332	5269	5213	5196	5270	5169	5238	5152	5330	5149	5259	5224	5237	5230	5332	5173	5223	5237	5263	5237	5296	5183	5199	5226	5173	5132	5251	5125	5221	5163	5277	5136	5296	5264	5276	5162	5388	5221	5230	5319	5344	5264	5247	5243	5226	5171	5222	5267	5130	5326	5253	5360	5308	5391	5302	5306	5358	5289	5322	5217	5270	5183	5266	5254	5244	5269	5307	5230	5148	5154	5196	5351	5179	379.3348817
5119	5092	5152	5198	5074	5184	5189	5237	5159	5174	5188	5156	5088	5175	5120	5151	5139	5212	5198	5161	5155	5123	5186	5164	5125	5081	5086	5104	5117	5058	5122	5163	5098	5140	5096	5150	5272	5157	5112	5126	5152	5086	5098	5270	5166	5134	5242	5212	5055	5134	5115	5111	5104	5095	5133	5080	5164	5094	5062	5117	5080	5031	5054	5107	5175	5177	5080	5173	5099	5101	5231	5067	5111	5103	5135	5194	5082	5054	5210	5206	5182	5081	5140	5079	5097	5102	5079	5128	5055	5176	5155	5113	5108	5194	5137	5122	382.7557071
5018	4968	5110	5087	5187	5172	5084	5062	5210	5036	5134	5015	5040	4978	4978	5078	5043	5118	5085	5002	5108	5049	5034	5124	4964	5071	5077	4932	4949	4992	5104	5054	5009	5111	5064	5144	5098	5098	5123	5117	5048	5031	5068	5022	5048	5166	5049	5029	5081	5026	5066	4989	5099	5015	5128	5067	5136	5038	5030	5150	5030	4970	5095	5014	5064	5110	5047	5079	5015	5066	4993	5084	5082	5088	5089	5055	5113	5068	5186	5156	5135	5037	5094	5047	4951	5064	5101	5054	4983	5021	5013	4975	5127	5096	5063	5121	386.1746395
4954	5037	5006	4991	4883	4977	4987	5044	5005	4876	4869	4955	4976	4955	4928	5005	4977	4942	4973	4999	4993	4907	4865	4924	4946	4876	5037	4956	4998	4971	4927	4996	4961	4945	4892	4979	4995	4997	5049	4791	4934	4883	4952	4930	4955	5054	4928	5010	4953	4986	4924	4917	4973	5003	4958	4949	4947	4971	4935	4919	4905	5047	4903	4974	4879	4872	5034	5027	4947	4899	5026	4984	4977	5016	4987	4851	4947	5003	4979	4958	5005	5007	4945	4920	4881	4985	4856	4943	4978	4951	4989	4959	4963	4854	4879	5000	389.5764299
4770	4866	4786	4868	4768	4911	4841	4716	4868	4786	4866	4848	4845	4861	4821	4886	4860	4905	4834	4885	4806	4833	4888	4834	4883	4828	4845	4895	4717	4776	4776	4766	4772	4883	4809	4849	4889	4797	4923	4822	4787	4865	4864	4879	4865	4824	4899	4806	4867	4890	4792	4834	4767	4880	4699	4807	4872	4822	4752	4681	4868	4762	4944	4811	4795	4809	4787	4751	4755	4769	4688	4784	4857	4828	4933	4722	4796	4824	4893	4944	4864	4741	4863	4815	4835	4872	4992	4790	4820	4904	4759	4834	4856	4914	4819	4829	392.9915892
4777	4746	4797	4762	4767	4726	4752	4787	4858	4773	4805	4760	4713	4783	4666	4794	4703	4833	4862	4842	4790	4778	4715	4797	4786	4807	4653	4778	4820	4766	4851	4648	4723	4831	4797	4787	4860	4808	4715	4718	4731	4722	4765	4721	4780	4784	4741	4807	4705	4608	4676	4677	4742	4707	4718	4703	4801	4713	4802	4619	4775	4666	4714	4835	4745	4761	4741	4729	4776	4595	4728	4687	4727	4794	4829	4629	4747	4768	4831	4849	4773	4719	4869	4671	4705	4717	4700	4866	4623	4754	4727	4776	4769	4732	4784	4917	396.3896265
4725	4661	4674	4727	4804	4633	4718	4754	4774	4645	4773	4713	4641	4679	4666	4693	4867	4718	4770	4750	4723	4581	4610	4680	4659	4704	4703	4696	4691	4676	4568	4660	4668	4727	4559	4733	4774	4702	4657	4684	4613	4658	4775	4729	4691	4686	4688	4672	4721	4757	4684	4660	4584	4625	4687	4673	4666	4667	4765	4662	4622	4656	4590	4667	4661	4666	4647	4538	4700	4648	4644	4678	4776	4697	4798	4553	4612	4614	4772	4724	4854	4714	4712	4682	4619	4687	4660	4852	4694	4614	4621	4634	4717	4640	4666	4628	399.801019
4644	4656	4697	4805	4586	4659	4794	4798	4729	4730	4630	4738	4681	4786	4668	4735	4801	4727	4642	4692	4660	4685	4752	4683	4629	4597	4683	4761	4649	4695	4744	4625	4651	4639	4719	4722	4759	4667	4700	4670	4727	4602	4743	4761	4641	4736	4651	4638	4704	4751	4732	4697	4656	4694	4680	4796	4654	4609	4631	4646	4729	4635	4631	4698	4595	4767	4651	4695	4791	4693	4684	4714	4711	4675	4653	4697	4690	4683	4803	4813	4767	4641	4650	4610	4579	4660	4714	4707	4729	4592	4726	4643	4666	4648	4700	4660	403.1953095
4796	4706	4767	4789	4725	4800	4801	4827	4841	4736	4803	4827	4739	4757	4710	4808	4851	4740	4837	4790	4752	4753	4760	4744	4724	4767	4655	4757	4623	4759	4660	4690	4716	4814	4728	4736	4747	4771	4728	4804	4686	4654	4773	4720	4781	4720	4755	4696	4783	4722	4584	4768	4726	4726	4700	4707	4758	4704	4724	4747	4719	4760	4773	4629	4728	4730	4748	4679	4808	4697	4660	4663	4669	4848	4873	4666	4724	4824	4744	4708	4694	4651	4677	4721	4788	4758	4727	4812	4795	4766	4688	4677	4683	4645	4732	4702	406.587733
4739	4842	4807	4858	4889	4898	4887	4850	4977	4892	4908	4721	4794	4748	4878	4890	4899	4976	4760	4810	4810	4887	4916	4826	4760	4807	4899	4802	4864	4879	4781	4739	4814	4816	4973	4876	4871	4827	4946	4796	4815	4805	4806	4831	4849	4792	4854	4913	4794	4814	4843	4882	4865	4903	4869	4824	4812	4985	4752	4875	4747	4757	4825	4877	4813	4845	4781	4753	4755	4877	4816	4744	4932	4849	4873	4862	4820	4877	4866	4766	4963	4863	4876	4906	4890	4801	4834	4827	4691	4843	4844	4818	4720	4844	4920	4886	409.9782911
4868	4907	4893	4821	4988	4895	4927	4945	4903	4946	4859	4899	4904	4912	4820	4907	4946	4925	5060	4899	4873	4866	4833	4860	4920	4919	4833	4790	4780	4941	4893	4803	4831	4913	4921	4913	4936	4982	4991	4904	4918	4840	4945	4810	4870	4938	4847	4980	4922	4828	4827	4777	4864	4863	4912	4848	4879	4891	4830	4766	4801	4808	4830	4881	4840	4890	4754	4899	4843	4804	4870	4879	4855	4965	4872	4950	4927	4874	4863	4900	4916	4976	4877	4971	4787	4881	4934	4873	4813	4841	4796	4802	4905	4944	4840	4950	413.3821772
4858	4856	4790	4788	4888	4799	4908	4855	4934	4932	4832	4819	4834	4821	4812	4985	4769	4871	4828	4978	4842	4849	4784	4753	4762	4893	4787	4884	4820	4781	4823	4905	4785	4814	4737	4884	4802	4905	4831	4929	4772	4820	4751	4853	4911	4865	4817	4879	4944	4779	4808	4860	4861	4922	4781	4776	4864	4751	4783	4746	4897	4873	4875	4818	4873	4886	4871	4877	4837	4719	4867	4850	4894	4854	4901	4744	4782	4839	4998	4844	4910	4805	4806	4873	4831	4855	4812	4731	4778	4878	4810	4855	4875	4845	4823	4773	416.7538174
4766	4718	4806	4797	4771	4724	4872	4763	4826	4703	4858	4779	4800	4803	4646	4735	4766	4860	4830	4726	4799	4756	4779	4769	4729	4782	4692	4776	4747	4823	4714	4731	4776	4846	4757	4813	4819	4816	4785	4662	4699	4744	4760	4680	4768	4786	4800	4724	4719	4746	4712	4688	4812	4863	4759	4661	4707	4762	4833	4747	4737	4744	4707	4788	4720	4811	4803	4657	4738	4759	4831	4785	4678	4924	4670	4709	4787	4675	4840	4821	4875	4852	4735	4757	4788	4784	4749	4734	4794	4731	4709	4709	4760	4732	4771	4818	420.1387886
4526	4667	4577	4621	4652	4623	4616	4761	4731	4676	4760	4617	4576	4568	4635	4657	4691	4657	4697	4661	4618	4622	4619	4562	4715	4610	4701	4635	4539	4548	4671	4702	4561	4607	4704	4571	4612	4705	4582	4730	4600	4634	4547	4608	4622	4577	4641	4635	4664	4738	4623	4701	4755	4597	4707	4599	4575	4672	4636	4689	4667	4653	4631	4605	4626	4730	4720	4606	4529	4619	4625	4626	4750	4563	4658	4607	4614	4711	4647	4623	4802	4645	4557	4563	4629	4675	4567	4643	4600	4569	4609	4553	4789	4625	4687	4582	423.5219006
4593	4497	4536	4424	4636	4441	4645	4614	4531	4587	4562	4639	4545	4400	4510	4531	4645	4648	4581	4536	4504	4467	4558	4548	4656	4582	4603	4623	4560	4433	4564	4516	4513	4536	4530	4599	4566	4635	4554	4613	4643	4553	4598	4626	4451	4618	4607	4594	4525	4533	4472	4664	4654	4516	4446	4527	4526	4520	4556	4509	4567	4591	4481	4602	4538	4538	4528	4519	4526	4556	4589	4512	4543	4538	4558	4552	4450	4606	4715	4657	4555	4496	4558	4620	4679	4482	4430	4498	4541	4597	4483	4558	4590	4563	4508	4570	426.9031548
4436	4493	4489	4562	4382	4560	4536	4485	4411	4424	4517	4497	4545	4423	4492	4551	4540	4444	4452	4519	4505	4479	4500	4461	4424	4390	4491	4423	4443	4470	4492	4417	4510	4389	4610	4455	4538	4486	4601	4435	4343	4388	4479	4489	4446	4554	4481	4499	4477	4490	4417	4558	4530	4403	4454	4442	4507	4496	4566	4459	4458	4389	4422	4500	4536	4479	4416	4425	4469	4515	4520	4462	4528	4467	4449	4478	4399	4457	4485	4466	4509	4440	4529	4454	4373	4464	4486	4500	4459	4569	4525	4424	4557	4445	4348	4439	430.2674028
4365	4371	4441	4370	4417	4429	4455	4450	4374	4438	4437	4486	4330	4483	4286	4389	4557	4442	4405	4478	4389	4312	4419	4455	4330	4422	4355	4456	4400	4436	4433	4347	4365	4459	4469	4416	4358	4400	4344	4363	4395	4409	4347	4449	4349	4316	4422	4498	4461	4329	4323	4383	4392	4457	4463	4400	4476	4402	4369	4383	4415	4396	4356	4379	4462	4385	4401	4349	4410	4374	4425	4427	4426	4370	4497	4484	4452	4369	4365	4457	4484	4434	4479	4456	4309	4345	4343	4393	4396	4408	4305	4358	4353	4460	4409	4380	433.6449545
4461	4367	4505	4502	4320	4374	4519	4432	4489	4404	4381	4476	4397	4333	4321	4355	4383	4494	4438	4464	4428	4397	4367	4382	4363	4354	4373	4440	4356	4454	4414	4477	4366	4418	4344	4433	4511	4357	4477	4381	4327	4363	4376	4329	4359	4411	4372	4505	4368	4365	4438	4421	4412	4272	4383	4463	4359	4453	4397	4451	4336	4456	4410	4451	4399	4495	4378	4398	4396	4454	4416	4298	4403	4417	4372	4426	4399	4440	4484	4427	4462	4318	4383	4389	4392	4397	4337	4435	4427	4403	4437	4306	4365	4437	4449	4352	437.0055196
4468	4402	4389	4455	4423	4524	4437	4452	4520	4476	4458	4509	4481	4407	4453	4432	4438	4528	4441	4453	4429	4448	4476	4447	4442	4402	4498	4434	4370	4301	4446	4435	4451	4412	4434	4493	4433	4388	4405	4426	4457	4455	4401	4364	4398	4531	4331	4509	4421	4496	4416	4320	4511	4382	4446	4405	4377	4437	4314	4486	4376	4515	4352	4468	4404	4450	4467	4430	4346	4372	4454	4441	4472	4473	4509	4372	4461	4473	4498	4474	4477	4385	4451	4439	4478	4483	4499	4386	4420	4419	4470	4494	4478	4405	4464	4345	440.3642496
4640	4644	4584	4462	4552	4566	4691	4554	4656	4594	4506	4597	4521	4592	4463	4619	4593	4630	4589	4597	4592	4539	4573	4531	4612	4567	4538	4588	4536	4543	4534	4514	4567	4571	4623	4660	4651	4561	4653	4506	4577	4589	4576	4587	4598	4559	4502	4665	4589	4569	4595	4513	4527	4569	4481	4485	4596	4455	4569	4546	4602	4489	4542	4586	4592	4588	4623	4491	4477	4624	4558	4527	4581	4555	4580	4650	4556	4448	4696	4625	4624	4555	4549	4486	4515	4600	4484	4555	4476	4486	4549	4525	4619	4566	4569	4621	443.7211461
4715	4818	4778	4766	4899	4812	4766	4850	4756	4743	4727	4844	4700	4822	4773	4740	4845	4813	4796	4653	4699	4775	4744	4770	4782	4802	4729	4725	4774	4710	4685	4780	4734	4798	4740	4747	4822	4746	4819	4786	4787	4747	4832	4774	4773	4762	4629	4811	4788	4768	4724	4719	4801	4770	4685	4694	4690	4767	4725	4777	4749	4804	4779	4776	4764	4823	4801	4778	4735	4694	4742	4827	4834	4820	4854	4791	4853	4773	4865	4854	4851	4862	4690	4812	4844	4664	4774	4738	4791	4728	4755	4792	4769	4741	4752	4798	447.0762105
4874	4893	4791	4923	4925	4797	4952	4871	4899	4927	4892	4850	4861	4844	4891	4882	4873	4929	4864	4937	4830	4851	4883	4855	4836	4830	4843	4792	4844	4897	4827	4915	4769	4868	4841	4891	4903	4874	4840	4847	4899	4808	4821	4846	4874	4924	4797	4992	4898	4874	4841	4790	4874	4937	4812	4926	4871	4834	4757	4896	4965	4797	4767	4782	4913	4770	4836	4728	4966	4887	4869	4784	4916	4848	4904	4915	4828	4752	4870	4868	4982	4890	4864	4862	4927	4649	4874	4856	4880	4889	4841	4900	4796	4848	4852	4915	450.4294444
4975	4911	4843	4774	4843	4928	4888	4894	4917	4876	4865	4904	4835	4749	4767	4825	4843	4779	4824	4810	4709	4862	4833	4865	4814	4769	4840	4797	4734	4801	4879	4838	4806	4947	4890	4884	4859	4899	4958	4814	4802	4847	4887	4827	4804	4776	4838	4799	4731	4871	4934	4798	4905	4972	4857	4826	4795	4843	4837	4872	4908	4816	4846	4988	4844	4859	4742	4797	4814	4782	4725	4798	4801	4837	4835	4848	4895	4838	4861	4822	4841	4878	4842	4845	4934	4755	4784	4904	4869	4882	4839	4756	4863	4810	4818	4789	453.7808493
4796	4739	4801	4692	8458	4721	4907	4771	4785	4815	4745	4759	4768	4791	4672	4697	4798	4862	4696	4824	4771	4653	4670	4808	4767	4851	4802	4809	4725	4709	4794	4771	4732	4809	4656	4756	4826	4779	4678	4722	4702	4753	4773	4678	4766	4768	4842	4773	4798	4788	4718	4767	4746	4652	4692	4768	4823	4732	4730	4760	4723	4746	4612	4838	4633	4695	4837	4725	4750	4676	4741	4649	4828	4773	4796	4733	4723	4719	4777	4827	4730	4707	4726	4693	4791	4712	4683	4678	4900	4704	4749	4655	4634	4715	4712	4807	457.1304266
4532	4625	4635	4680	6774	4676	4747	4797	4744	4708	4634	4621	4731	4665	4642	4769	4592	4711	4729	4801	4603	4696	4712	4707	4775	4716	4633	4653	4685	4652	4732	4720	4621	4637	4601	4664	4761	4629	4652	4683	4660	4675	4633	4727	4733	4710	4677	4574	4652	4630	4728	4728	4781	4633	4705	4717	4684	4735	4679	4756	4752	4671	4615	4609	4644	4718	4574	4575	4698	4754	4596	4632	4631	4705	4832	4635	4688	4696	4801	4779	4779	4709	4728	4724	4690	4561	4527	4657	4723	4749	4549	4683	4688	4648	4648	4746	460.4781778
4742	4693	4671	4702	5002	4733	4755	4758	4742	4675	4539	4814	4713	4657	4717	4749	4750	4735	4608	4687	4728	4659	4761	4594	4680	4613	4676	4643	4734	4610	4657	4732	4629	4693	4754	4775	4760	4717	4766	4671	4623	4681	4705	4750	4632	4646	4716	4677	4701	4667	4690	4649	4710	4685	4646	4717	4726	4683	4594	4746	4692	4703	4674	4674	4721	4779	4726	4721	4608	4646	4682	4662	4585	4690	4828	4745	4779	4651	4774	4695	4717	4673	4715	4604	4612	4717	4722	4776	4710	4614	4717	4666	4686	4598	4721	4725	463.8090368
4636	4747	4683	4745	4689	4754	4724	4671	4729	4688	4730	4711	4693	4643	4619	4718	4701	4700	4751	4690	4612	4715	4704	4591	4692	4666	4684	4648	4632	4614	4675	4632	4726	4748	4655	4645	4666	4690	4753	4633	4669	4698	4666	4517	4744	4593	4610	4649	4606	4680	4522	4715	4549	4618	4666	4688	4645	4632	4690	4785	4811	4697	4720	4609	4619	4634	4587	4650	4609	4709	4582	4683	4725	4642	4669	4709	4698	4650	4623	4655	4700	4647	4634	4602	4578	4597	4586	4629	4631	4610	4601	4633	4621	4673	4645	4647	467.1531487
4503	4656	4559	4565	4574	4617	4595	4728	4613	4592	4492	4567	4561	4600	4558	4602	4510	4588	4602	4595	4498	4633	4548	4483	4590	4556	4625	4575	4520	4452	4557	4519	4615	4588	4606	4606	4738	4680	4563	4478	4586	4561	4557	4518	4574	4637	4589	4626	4436	4536	4535	4613	4553	4620	4480	4639	4639	4588	4609	4495	4472	4580	4649	4682	4562	4539	4611	4522	4505	4607	4550	4564	4623	4647	4540	4589	4556	4491	4595	4611	4671	4490	4521	4584	4583	4552	4541	4553	4542	4601	4498	4545	4514	4617	4461	4565	470.4803876
4317	4298	4278	4383	4430	4341	4328	4383	4391	4364	4404	4342	4397	4419	4412	4395	4414	4455	4429	4335	4430	4446	4385	4301	4334	4364	4392	4298	4313	4318	4381	4271	4334	4426	4362	4398	4464	4315	4381	4389	4360	4236	4318	4268	4350	4342	4374	4335	4402	4360	4335	4352	4347	4366	4253	4275	4367	4359	4371	4384	4362	4369	4327	4316	4435	4235	4340	4372	4276	4260	4328	4266	4396	4308	4317	4409	4327	4303	4427	4444	4364	4350	4313	4307	4314	4367	4370	4336	4432	4376	4341	4342	4325	4287	4326	4359	473.8058228
4191	4199	4198	4150	4222	4321	4126	4273	4202	4222	4243	4233	4118	4115	4234	4210	4198	4182	4253	4214	4213	4160	4222	4234	4130	4233	4179	4194	4149	4112	4128	4261	4137	4257	4158	4202	4335	4186	4243	4195	4094	4174	4175	4247	4195	4215	4187	4146	4209	4158	4208	4212	4200	4206	4105	4175	4144	4106	4217	4227	4263	4223	4176	4266	4210	4178	4181	4136	4193	4273	4144	4145	4185	4262	4220	4201	4239	4240	4273	4225	4220	4213	4206	4254	4170	4225	4179	4167	4155	4298	4203	4124	4226	4140	4104	4139	477.1294557
4135	4109	4147	4068	4122	4034	4126	4190	4113	4153	4132	4138	4021	4096	3998	4153	4140	4056	4141	4150	4160	4061	4069	4150	4054	4112	4224	4055	4099	4118	4162	4036	4125	4086	4094	4084	4152	4124	4228	4073	4139	4067	3988	4100	4095	4072	4145	4129	4104	4096	4134	4114	4137	4063	4151	4051	4114	4173	4096	4147	4163	4184	4008	4272	4166	4178	4179	4084	4059	4102	4163	3981	4170	4119	4134	4057	4156	4139	4168	4191	4165	4214	4162	4164	4003	4094	4098	4073	4153	4150	4162	4152	4083	4140	4041	4206	480.4512878
4124	4093	3999	4192	4178	4051	4066	4136	4261	4165	4068	4206	4022	4034	4078	4207	4153	4129	4186	4074	4026	4017	4028	4231	4150	4132	4161	4187	4150	4004	4140	4105	4158	4054	3994	4077	4212	4134	4145	4160	4059	4122	4196	4017	4008	4049	4076	4123	4033	4077	4080	4081	4100	4124	4129	4051	4052	4149	4037	4059	4128	4108	4035	4072	4147	4075	4134	4112	4074	4173	4125	4075	4138	4151	4080	4118	4059	4135	4149	4141	4134	4051	4085	4094	4132	4149	4015	4061	4067	4066	4131	4090	4155	4039	4149	4095	483.7713206
4164	4264	4159	4095	4141	4146	4193	4162	4227	4136	4162	4069	4167	4239	4167	4249	4178	4185	4127	4170	4175	4177	4081	4217	4146	4093	4138	4213	4199	4174	4267	4221	4079	4166	4213	4208	4193	4156	4264	4185	4137	4105	4082	4135	4112	4195	4138	4171	4136	4096	4197	4181	4084	4167	4092	4272	4063	4090	4139	4192	4209	4110	4233	4210	4124	4094	3997	4108	4066	4079	4137	4168	4165	4192	4262	4145	4221	4233	4174	4237	4170	4134	4168	4168	4151	4088	4190	4103	4148	4160	4204	4161	4142	4224	4147	4116	487.0895555
4308	4170	4239	4251	4333	4111	4235	4258	4333	4261	4254	4139	4180	4197	4170	4237	4265	4206	4267	4212	4138	4334	4229	4182	4267	4289	4208	4196	4190	4113	4174	4092	4167	4249	4144	4142	4274	4343	4248	4203	4124	4219	4141	4239	4220	4186	4173	4272	4175	4231	4231	4205	4227	4204	4240	4074	4199	4164	4223	4161	4239	4191	4249	4233	4223	4213	4219	4192	4171	4178	4182	4247	4278	4198	4194	4256	4293	4219	4323	4274	4225	4233	4195	4207	4234	4297	4190	4180	4126	4181	4166	4207	4137	4237	4250	4119	490.4059939
4333	4350	4283	4295	4252	4284	4339	4335	4338	4312	4305	4368	4377	4270	4220	4361	4324	4470	4368	4383	4308	4282	4323	4232	4269	4315	4311	4343	4250	4255	4261	4260	4207	4243	4232	4225	4382	4253	4349	4183	4328	4272	4249	4351	4225	4253	4137	4339	4295	4278	4301	4325	4219	4256	4308	4213	4354	4311	4200	4306	4354	4215	4264	4363	4357	4290	4298	4290	4272	4270	4336	4329	4296	4283	4306	4265	4286	4311	4395	4424	4403	4316	4217	4259	4351	4334	4306	4218	4322	4297	4277	4289	4208	4290	4296	4301	493.7206374
4287	4272	4302	4290	4392	4307	4338	4406	4334	4372	4331	4362	4367	4289	4289	4329	4411	4340	4326	4302	4357	4336	4407	4250	4375	4389	4330	4383	4331	4386	4200	4344	4318	4324	4240	4339	4359	4339	4321	4378	4399	4324	4245	4250	4213	4337	4409	4281	4306	4411	4268	4338	4332	4327	4336	4377	4230	4383	4338	4281	4323	4333	4412	4291	4338	4305	4415	4395	4415	4274	4315	4273	4306	4385	4318	4319	4321	4446	4345	4552	4424	4348	4353	4420	4361	4426	4315	4300	4294	4297	4389	4299	4273	4500	4331	4387	497.0185011
4305	4382	4453	4330	4446	4372	4366	4435	4474	4414	4390	4399	4313	4373	4308	4311	4472	4490	4401	4353	4330	4409	4365	4330	4401	4373	4351	4466	4412	4303	4422	4337	4328	4455	4302	4411	4399	4360	4381	4427	4396	4333	4281	4416	4387	4402	4336	4349	4372	4391	4350	4332	4439	4424	4379	4403	4325	4357	4364	4292	4469	4430	4362	4437	4384	4428	4394	4346	4290	4355	4355	4349	4442	4366	4382	4358	4431	4414	4375	4404	4422	4356	4294	4416	4348	4353	4413	4374	4330	4376	4314	4247	4292	4263	4387	4275	500.3295671
4279	4369	4342	4328	4295	4335	4422	4421	4402	4394	4392	4446	4225	4345	4295	4320	4383	4352	4418	4408	4388	4325	4311	4399	4432	4403	4366	4341	4320	4381	4335	4414	4356	4370	4381	4417	4447	4459	4342	4310	4392	4365	4314	4371	4311	4354	4430	4266	4285	4393	4351	4312	4389	4312	4325	4403	4389	4245	4353	4346	4344	4355	4313	4352	4408	4395	4304	4322	4351	4383	4368	4250	4302	4263	4333	4439	4338	4313	4455	4437	4437	4401	4363	4288	4302	4312	4390	4360	4261	4288	4329	4290	4327	4375	4227	4397	503.6238724
4331	4381	4437	4268	4406	4398	4531	4357	4472	4380	4341	4426	4353	4373	4352	4391	4399	4456	4434	4483	4427	4344	4341	4382	4383	4436	4343	4285	4462	4348	4254	4356	4328	4361	4369	4306	4434	4460	4463	4501	4385	4357	4361	4292	4348	4400	4404	4421	4319	5059	4335	4388	4414	4395	4340	4322	4399	4421	4429	4358	4366	4428	4370	4439	4334	4307	4297	4370	4382	4420	4393	4410	4370	4303	4370	4357	4348	4349	4439	4464	4495	4321	4406	4362	4400	4386	4320	4364	4373	4376	4269	4263	4403	4461	4413	4386	506.9164047
4462	4582	4506	4429	4496	4508	4557	4540	4595	4480	4501	4376	4518	4446	4378	4501	4505	4549	4545	4464	4554	4456	4511	4489	4478	4551	4467	4423	4444	4428	4494	4478	4516	4419	4547	4592	4571	4453	4514	4445	4478	4502	4515	4429	4445	4609	4454	4469	4364	5601	4603	4421	4499	4477	4536	4551	4547	4422	4461	4483	4470	4473	4533	4627	4550	4407	4484	4493	4441	4553	4517	4491	4493	4471	4483	4527	4508	4579	4455	4461	4531	4531	4526	4482	4547	4432	4520	4500	4470	4494	4422	4477	4525	4529	4462	4455	510.2221194
4785	4800	4687	4711	4668	4725	4745	4780	4752	4784	4706	4769	4804	4751	4779	4825	4759	4717	4772	4930	4714	4761	4729	4723	4754	4745	4743	4769	4735	4814	4728	4641	4694	4772	4648	4720	4750	4723	4814	4670	4684	4797	4725	4763	4646	4754	4712	4764	4718	4712	4646	4727	4772	4767	4653	4713	4741	4770	4776	4692	4752	4701	4738	4819	4770	4728	4783	4776	4737	4628	4734	4760	4736	4722	4764	4761	4675	4831	4712	4721	4735	4758	4745	4666	4740	4726	4735	4830	4788	4836	4713	4625	4656	4710	4708	4763	513.5111019
5139	5128	5054	5108	5081	5095	5098	5170	5132	5030	5093	5090	5082	5010	5104	5110	5109	5070	5176	5014	5113	5000	5058	5099	5092	5118	5034	5024	5096	5093	5023	5142	5044	5043	5191	5106	5107	5131	5063	5110	5028	5025	5215	5036	5029	5056	5086	5068	5106	5075	4991	5090	5024	5160	5150	5084	5035	5084	4997	5010	5141	5069	5123	5114	5030	5007	5086	5034	5067	5066	4980	5037	4992	5071	5066	5116	5146	5045	5087	5049	5052	5050	5142	5060	5081	4977	5029	4982	5075	5008	5018	5049	5021	5065	5152	5036	516.7983157
5395	5396	5456	5448	5334	5479	5423	5466	5401	5275	5416	5348	5379	5402	5371	5464	5375	5498	5423	5484	5523	5430	5415	5489	5396	5403	5286	5432	5442	5382	5277	5388	5314	5343	5334	5383	5484	5436	5505	5374	5539	5488	5401	5305	5342	5409	5488	5404	5445	5422	5431	5347	5323	5431	5429	5416	5443	5454	5357	5405	5418	5439	5456	5403	5468	5396	5373	5312	5334	5460	5414	5398	5399	5327	5418	5405	5289	5440	5559	5404	5553	5422	5451	5426	5285	5382	5478	5413	5464	5398	5272	5370	5395	5373	5536	5438	520.0837622
5335	5482	5509	5387	5452	5447	5523	5487	5457	5429	5488	5403	5438	5433	5422	5442	5503	5508	5539	5462	5500	5443	5448	5322	5553	5494	5435	5405	5489	5403	5371	5475	5462	5479	5393	5392	5425	5472	5416	5443	5425	5449	5394	5402	5482	5434	5379	5480	5468	5465	5416	5438	5448	5433	5472	5379	5405	5499	5421	5361	5500	5502	5393	5459	5457	5311	5451	5472	5334	5525	5445	5514	5528	5483	5531	5506	5489	5392	5419	5478	5413	5427	5416	5466	5462	5383	5289	5443	5420	5338	5416	5355	5470	5364	5340	5465	523.3525211
5407	5311	5242	5151	5289	5235	5352	5397	5390	5406	5318	5235	5254	5272	5192	5375	5399	5202	5294	5279	5298	5299	5207	5273	5303	5222	5223	5270	5102	5216	5258	5261	5222	5268	5258	5217	5552	5303	5350	5394	5239	5313	5294	5324	5346	5330	5277	5286	5218	5381	5244	5262	5211	5352	5327	5324	5184	5290	5151	5260	5302	5259	5340	5312	5324	5305	5227	5187	5119	5296	5244	5249	5359	5332	5217	5281	5298	5290	5293	5341	5334	5337	5218	5246	5225	5349	5323	5334	5237	5164	5312	5257	5217	5152	5270	5245	526.6344453
4988	4954	5015	5103	5065	5103	5037	5086	5056	5021	4966	4993	4957	4933	5035	5036	5025	5172	5109	5138	4961	5013	5073	5016	5091	5008	5138	5007	5011	5056	5080	4947	5014	5018	5012	5072	5089	5014	5117	4975	5048	4967	4998	4955	5043	4934	5029	4913	5116	5079	4984	5079	5054	5099	4997	5013	4990	5043	4986	5076	5009	5015	5067	5011	4959	4922	5007	4961	5016	5046	4953	5060	5001	5050	4939	5112	5012	5131	5126	5096	4999	4978	5055	4983	5028	5010	5116	5059	5073	4915	5014	5022	5093	4972	5017	5085	529.9146065
4905	5013	4888	4915	4952	4998	5000	4903	4894	4940	5022	4875	4911	4901	4953	4980	4929	4969	5004	4933	4964	4898	4958	4914	4986	4941	4899	4961	4859	4955	4803	4863	4901	4941	4932	5026	4923	4975	4919	4830	4928	4807	4930	4816	4879	4933	4824	4869	4964	4972	4998	4959	4940	4950	4847	4934	4928	4831	4992	4844	4879	4922	4887	5033	4968	4902	4983	4861	4979	4962	4934	4976	4860	4880	4989	4881	4965	4934	5052	4859	5007	4938	4949	5043	5021	5038	4859	4935	4856	4978	4880	4933	4788	4882	4948	4861	533.1781082
4892	4906	4828	4914	4850	4910	4999	5110	4988	4925	4835	5090	4934	4900	4946	4953	4985	5047	5037	4954	4889	4937	4960	5017	4979	4934	4812	4985	4892	4924	4900	4891	4938	4911	4940	4974	5032	4921	5039	4835	4926	4902	4950	4926	4949	4962	4962	4974	4937	4863	4934	4869	4921	4959	4939	4913	4944	4932	4990	4932	5015	4892	4967	5080	5032	4875	4911	4965	4983	4985	4927	4944	5016	5005	4860	4996	5000	4925	4977	4968	5019	4915	4892	4993	4989	4971	4936	4896	4897	4919	4820	4958	4924	5015	4921	4980	536.4547556
5102	5071	5013	5058	5064	5027	5034	5037	4978	5119	5116	4976	4968	5023	4987	5059	5030	5101	5080	5058	4981	5041	5120	5025	5028	4998	5086	5003	4987	5003	4992	5058	5014	4942	5013	5063	5096	4911	5050	5072	5032	4954	4987	5036	4888	4984	5063	4946	4989	5028	4794	4937	4972	5069	5002	5041	4989	4928	5008	4973	5026	5046	4967	5025	5004	4965	5077	4973	5011	4974	5047	4980	5113	4963	4951	5003	5025	5087	5036	5087	5043	5001	5089	4951	5013	5008	4982	4902	5000	5026	5030	5005	4925	5131	5106	4987	539.7147624
5057	4978	5082	5131	5135	5219	5105	5090	5085	5033	5030	5161	5102	5038	5028	5127	5078	5020	5084	4977	5107	5069	5017	5070	5095	5127	5077	5008	5076	4959	5000	5063	4913	4940	5089	5059	5067	5072	5108	5088	5029	5019	5082	5102	5018	5099	5116	5119	5065	5007	4939	5002	5044	4919	5013	5068	5007	4961	5160	5122	5013	4962	5101	5114	5023	5169	4998	4960	5039	5045	5057	5091	5066	5087	5110	4995	5123	4956	5154	5059	4983	5028	4976	5086	5121	5026	5079	5018	5039	5071	5042	5058	5049	5209	5027	5046	542.9730277
5125	5145	5114	5044	5120	5074	5006	5170	5021	5037	5170	5021	5025	5113	5007	5108	5116	5127	5013	5115	5080	5107	5099	5007	5027	5073	5020	4978	5051	4976	5126	5017	4992	5043	5115	4943	5094	5084	5148	5169	5111	4943	5043	4983	5000	4966	5054	5105	5151	5064	4992	5026	4932	5033	5147	5050	4988	5039	4984	5083	5065	5062	5021	5078	4975	5034	4971	4996	5105	5009	4982	5019	4951	5067	5015	5022	5008	5042	5107	5078	5188	5094	5137	5092	5078	5040	5111	5020	5119	5135	5095	5032	4980	5030	4965	4950	546.229553
5061	4956	4946	5021	5096	4983	5101	5047	5000	5031	4962	4965	4935	4974	4968	4961	5110	5050	4975	4981	4961	4906	4938	4967	4957	5033	4967	4988	4938	4899	4975	4978	5001	5064	4939	5003	5049	5062	5033	4929	4981	4953	4950	4897	4937	5052	4932	4979	4910	4939	4990	5058	4887	4908	4933	4944	4964	4894	4987	4928	4908	4895	4958	4952	4934	5072	4926	4931	5030	4957	4960	4861	5078	4958	4989	4960	4972	4921	5000	4984	4950	4900	4958	4901	4921	5029	4934	4894	4912	5005	4858	4916	4888	4958	4938	5005	549.4843396
4875	4749	4825	4874	4857	4840	4826	4876	4701	4850	4738	4878	4828	4861	4792	4965	4814	4869	4856	4839	4849	4818	4792	4869	4837	4756	4843	4874	4815	4913	4803	4792	4794	4874	4859	4899	4880	4875	4889	4841	4859	4774	4779	4765	4847	4881	4818	4788	4864	4821	4778	4887	4927	4809	4764	4834	4835	4740	4863	4811	4914	4756	4763	4873	4838	4962	4835	4855	4814	4885	4862	4780	4814	4799	4800	4768	4856	4837	4845	4903	4835	4827	4720	4843	4722	4722	4817	4825	4874	4845	4868	4798	4740	4781	4649	4915	552.737389
4516	4679	4573	4491	4570	4523	4529	4587	4588	4568	4589	4659	4557	4539	4574	4522	4636	4514	4536	4676	4566	4548	4450	4553	4515	4491	4558	4548	4571	4554	4565	4452	4482	4563	4532	4481	4604	4590	4495	4548	4599	4494	4635	4559	4599	4512	4548	4517	4540	4558	4552	4528	4570	4503	4454	4602	4601	4514	4498	4575	4510	4554	4481	4510	4522	4490	4527	4613	4590	4584	4526	4583	4653	4564	4623	4544	4527	4512	4599	4583	4546	4669	4567	4430	4613	4504	4521	4539	4590	4556	4454	4562	4488	4425	4567	4574	555.9887025
4262	4287	4267	4278	4339	4372	4366	4390	4288	4245	4374	4193	4256	4170	4265	4321	4381	4286	4403	4408	4358	4246	4349	4237	4354	4328	4398	4302	4304	4263	4346	4247	4278	4217	4341	4256	4347	4286	4378	4272	4373	4272	4225	4334	4310	4378	4251	4343	4285	4259	4276	4229	4329	4334	4287	4254	4301	4188	4261	4193	4282	4380	4291	4289	4409	4426	4332	4271	4307	4187	4345	4245	4420	4300	4347	4341	4152	4419	4368	4367	4294	4384	4288	4301	4443	4286	4309	4289	4277	4222	4295	4329	4261	4359	4365	4242	559.2382816
4180	4168	4141	4145	4090	4134	4196	4216	4135	4078	4159	4219	4077	4024	4020	4165	4217	4148	4114	4096	4192	4046	4177	4104	4107	4087	4058	4123	4221	4197	4215	4094	4021	4155	4077	4151	4203	4037	4126	4131	4063	4141	4024	4124	4124	4165	4046	4124	4111	4198	4067	4101	4032	4184	4102	4022	4122	4116	4157	4093	4143	4136	4149	4042	4098	4134	4091	4100	4090	4110	4149	4162	4154	4084	4180	4088	4144	4136	4154	4128	4176	4097	4055	4153	4068	4119	4138	4208	4103	4219	4086	4089	4092	4072	4121	4056	562.4861276
3952	3917	3989	4075	3953	4086	4067	4109	4067	3970	4040	4030	3977	3927	3984	4027	3994	4010	4026	3947	3953	3972	4095	3977	4039	4010	3952	3932	3928	3966	3998	4034	3987	3966	3980	3921	4012	4062	3991	4004	4068	4045	3984	3996	4036	3944	3942	4083	3994	4045	4070	3970	3959	3949	3992	3970	4013	3994	3967	3951	4000	3950	4029	3948	3992	3968	3935	3959	3940	4050	3962	4018	3990	4018	4011	4007	4035	3967	3921	4028	3982	3964	4089	3965	4007	4065	4006	4025	4014	3955	3975	3988	4103	4059	3967	3970	565.7174233
3829	3863	3928	3853	3916	3810	3956	3796	3969	3931	3970	3996	3896	3863	3889	3940	3884	3991	3939	4002	4007	3898	3879	3870	3852	3922	3946	3865	3971	3950	3858	3952	3904	3902	3924	3903	3996	3922	3923	3876	3889	3868	3905	3915	3954	3927	3939	3958	3927	3900	3940	3969	3868	3932	3921	3820	3925	3936	3886	3898	3931	3941	3909	3909	3911	3973	3916	3889	3859	3893	3784	3885	3956	3956	3854	3820	3962	3913	4015	3900	3941	3966	3895	3896	3875	3878	3816	3950	3913	3939	3802	3843	3863	3792	3877	3948	568.9618152
3857	3865	3938	3859	3862	3861	3923	3872	3977	3859	3890	3899	3843	3817	3824	3975	3849	3941	3802	3837	3929	3844	3854	3872	3905	3965	3855	3816	3888	3813	3785	3801	3846	3816	3807	3850	3888	4026	3874	3894	3820	3915	3884	3878	3799	3848	3939	3871	3855	3835	3799	3900	3896	3925	3853	3907	3839	3845	3817	3916	3927	3887	3956	3848	3897	3862	3885	3866	3837	3875	3855	3895	3901	3921	3895	3882	3857	3902	3882	3985	3870	3902	3842	3835	3768	3844	3989	3843	3824	3860	3860	3909	3773	3856	3922	3934	572.1896754
3839	3840	3849	3855	3897	3878	3926	3891	3969	3834	3828	3899	3857	3843	3776	3890	3888	3882	3811	3874	3888	3885	3871	3859	3868	3834	3936	3893	3934	3866	3867	3868	3804	3835	3925	3958	3826	3963	3853	3818	3849	3916	3862	3810	3868	3863	3878	3892	3838	3813	3791	3866	3856	3881	3905	3798	3835	3858	3904	3787	3857	3807	3861	3904	3796	3846	3864	3832	3799	3848	3873	3787	3930	3935	3812	3879	3847	3871	3933	3874	3879	3770	3842	3914	3941	3877	3857	3775	3910	3813	3898	3776	3755	3823	3799	3849	575.4158238
3925	3849	3899	3971	3957	3903	4025	3887	3913	3903	3874	3828	3907	3846	3893	3858	3976	3940	3983	3924	3883	3907	3906	3882	3850	3919	3970	3902	3890	3925	3923	3892	3875	3824	3883	3911	3925	3914	3988	3934	3848	3918	3880	3882	3832	3904	3919	3933	3890	3869	3885	3932	3895	3979	3881	3823	3974	3954	3754	3939	3899	3841	3842	3886	3873	3921	3846	3902	3916	3920	3818	3884	3845	3825	3885	3943	3921	3902	3970	3935	4053	3860	3950	3997	3902	3936	3845	3903	3883	3930	3883	3856	3814	3921	3901	3977	578.6402617
3986	3928	4054	3885	4117	3924	4000	4029	4031	3970	4021	3967	3909	3961	3878	3961	4058	4028	3992	4051	4018	3930	3961	3905	4060	3993	4016	3937	3944	3997	3938	3905	3925	3910	4028	3929	4026	4041	3934	4036	4004	3962	3976	3987	3922	3959	3985	3952	3944	3985	3885	3933	3901	4048	4025	3969	3938	3918	3938	3925	3880	3925	3920	3985	3950	3915	3942	3970	3938	3954	3967	3879	4041	3995	3914	3996	3992	3961	4032	3981	3984	4007	3890	3926	3976	3903	4007	3956	3890	3910	3868	3976	3982	3940	3966	3892	581.8629905
4026	4020	4041	4046	4047	4006	4140	4038	4089	4018	4027	4041	4084	4080	4050	4148	3970	4120	4014	4081	3910	4004	3941	4017	4008	4110	4017	3948	4034	4062	4055	4061	4081	3991	4053	4072	4088	4137	4215	4074	4060	4090	3985	4072	3993	4080	4011	4018	4038	4071	4035	3984	4024	3977	4031	3984	3998	4022	4085	4003	4057	4056	4077	4098	4025	4029	4029	4023	4079	4069	4016	4104	4096	4059	4025	3981	4124	4083	4090	4172	4108	4004	4099	3974	4021	3993	3964	4011	4066	3994	4000	4048	4061	4054	4043	4024	585.0840116
4108	4089	4128	4111	4115	4050	4139	4122	4168	4143	4145	4062	4097	4075	4043	4145	4138	4139	4166	4148	4112	4151	4083	4081	4170	3999	4118	4185	4211	4079	4142	4162	4135	4080	4098	4095	4166	4122	4031	4126	4136	4164	4104	4066	4201	4166	4112	4126	4164	4109	4087	4245	4050	4100	4114	4147	4102	4145	4091	4143	4195	4171	4084	4111	4155	4095	4136	4123	4130	4122	4056	4006	4158	4142	4137	4069	4122	4166	4236	4094	4179	4118	4071	4096	4142	4028	3974	4077	4098	4082	4211	4147	4112	4125	4188	4014	588.3033263
4109	4156	4146	4168	4146	4238	4114	4235	4193	4107	4086	4227	4138	4156	4081	4242	4169	4124	4188	4187	4175	4163	4127	4105	4167	4228	4044	4103	4059	4130	4217	4110	4050	4180	4091	4103	4107	4171	4251	4122	4184	4177	4081	4148	4133	4186	4234	4124	4184	4117	4107	4086	4128	4077	4167	4116	4173	4089	4126	4157	4097	4207	4119	4103	4033	4168	4091	4187	4151	4177	4194	4183	4200	4107	4110	4136	4211	4138	4267	4103	4162	4168	4155	4107	4206	4082	4182	4211	4159	4118	4079	4087	4002	4100	4147	4118	591.5209359
4203	4131	4119	4129	4191	4189	4129	4176	4221	4155	4173	4110	4091	4103	4037	4116	4170	4168	4136	4167	4137	4044	4142	4059	4147	4224	4152	4099	4135	4179	4067	4063	4125	4162	4091	4129	4194	4152	4159	4142	4144	4139	4108	4037	4093	4103	4065	4126	4132	4116	4169	4121	4096	4117	4149	4102	4093	4167	4144	4087	4171	4194	4086	4154	4119	4156	4137	4129	4116	4042	4107	4170	4056	4140	4157	4071	4058	4169	4094	4156	4206	4108	4111	4258	4015	4100	4108	4172	4086	4098	4120	4083	4059	4082	4093	4063	594.7368419
4057	4065	4192	4077	4111	4204	4121	4182	4109	4082	4028	4060	4114	4121	4039	4085	4075	4082	4153	4071	4177	4115	4113	4151	4056	4142	4076	4027	4107	4081	4109	4138	4000	4125	4012	4039	4169	4181	4132	4175	4167	4112	4042	4172	4077	4087	4016	4050	4093	4077	4083	4108	4047	4127	4009	4044	4087	4124	4126	4063	4076	3963	4065	4036	4077	4136	3955	4050	4090	4056	4045	4125	4044	4074	4059	4082	4118	4030	4206	4125	4168	4010	4088	4061	4122	4142	4083	4117	4151	4094	4090	4055	4075	4046	3976	4017	597.9363055
3999	3984	4050	4033	4067	4037	4039	3979	4118	4044	3993	4081	4067	3996	4024	4092	4044	3996	4085	4094	4048	4070	4043	4039	4050	4065	4002	4021	4056	3987	4024	4003	4037	4108	4075	4052	4018	4016	4025	4022	3967	4045	4018	4058	4003	4033	4080	4099	4028	4019	3940	4052	4052	4161	4092	4004	4004	4016	4024	4043	4078	3972	3991	3916	4006	4040	3911	3940	4000	4013	4022	4129	3977	4079	4049	3994	4025	4020	4019	3996	4157	3983	4049	3956	4043	4115	4082	4081	3982	4058	4141	4030	3991	4088	4032	3960	601.148816
3958	3992	4098	3990	4011	3976	4099	4103	4002	4024	4034	3976	3985	3957	3901	4053	4018	4062	3960	4027	4047	3996	4046	3963	3981	3960	4034	3954	3911	3909	4041	3993	3910	3985	4016	3985	4144	4050	4113	4121	4010	3926	3966	3966	4046	3867	4072	3995	3991	3995	4042	3971	3992	3881	3998	4076	3976	3970	4076	3985	3974	4015	3950	4044	4030	3998	3923	3986	3997	4019	3969	3974	4112	4000	4014	3926	4096	3924	4012	3995	4028	4040	3948	4072	3905	4071	3985	4015	3914	4009	3939	3968	3916	3957	3885	3962	604.3449022
3950	4039	3988	3935	4013	4023	4046	3945	3994	3997	3959	3966	3952	4020	3986	4027	4057	4066	4080	4066	3922	3968	3940	4010	3971	4003	3988	4010	4008	4040	3964	4004	3994	3960	3969	3914	4020	3926	4101	4109	3975	4002	3955	3998	4059	4106	3962	4035	3936	4017	4020	3932	3970	3942	4001	3899	3940	4067	3975	4044	4053	4039	3934	4035	3982	3974	3915	3959	3928	4021	3983	3895	4030	4046	3965	4026	3979	3995	4040	4077	3994	4011	3975	3975	4104	3993	3907	3968	3952	4009	3930	3994	4022	4043	4025	3946	607.5540226
3983	4031	3937	3992	4037	4045	4031	4039	4059	4132	4055	3982	4017	3942	3884	4030	3932	4093	4001	3985	4031	4006	3979	3929	3993	3952	4001	4105	4030	4032	3946	3921	3911	4022	3950	4052	4021	4047	3983	3966	4055	4014	4081	4067	4051	4054	3917	3972	3928	4074	3964	4119	3945	3870	3976	3927	3965	4039	3948	4008	3984	3973	3963	3894	3948	3992	4100	3989	4001	4001	3991	3973	3996	4015	3999	3982	4014	3955	4080	4104	4068	3972	3974	3870	3999	3961	4020	4022	3885	3937	4083	3965	3939	3927	4060	4139	610.746737
4057	4007	4081	4119	4033	4061	4075	4137	4082	3944	4062	4093	4031	4025	4076	4119	4051	4121	4032	4000	4060	4017	4098	4036	3959	3990	4073	4003	3988	4050	3894	4014	4063	4073	4006	4019	4116	4037	3976	4017	4051	3881	4060	4019	4050	4012	4012	4025	3980	4043	3992	4039	4002	4088	3979	4066	3965	4025	3977	4043	4006	3982	4101	4020	4090	4043	3998	4071	4047	3980	4051	4053	4027	3952	3936	3990	3932	4005	4101	4088	4045	4046	3985	4073	4019	4011	4010	4024	4040	4049	3965	3925	4028	3981	4005	4034	613.9377713
3996	4120	4042	4099	4117	4064	4054	4119	4041	4045	4080	4030	4114	4063	4080	4093	4111	4119	4068	4019	4059	4080	4000	4031	4025	4038	4019	4064	4055	4024	4088	4001	4103	4138	4055	4107	4160	4065	4075	4105	4029	4000	4061	3987	4086	4069	4134	4064	4060	4090	3989	4006	4062	4082	4097	4033	4107	3996	4056	4063	3940	4089	4044	4095	4093	4023	4117	4066	3982	3992	4019	4088	4089	3985	4136	4105	3987	4100	4092	4174	4129	3985	3972	4097	4075	4011	4078	4106	4050	4020	4047	4100	3999	4086	4049	4023	617.1271269
4262	4134	4177	4187	4145	4239	4196	4240	4256	4082	4201	4184	4078	4196	4141	4148	4168	4112	4166	4220	4084	4139	4179	4201	4177	4294	4224	4137	4045	4153	4163	4043	4142	4176	4170	4244	4184	4135	4146	4225	4215	4199	4150	4217	4119	4140	4182	4227	4091	4128	4147	4120	4207	4119	4153	4176	4145	4158	4140	4153	4307	4036	4155	4155	4136	4108	4053	4112	4121	4088	4019	4154	4107	4146	4093	4144	4140	4234	4154	4093	4205	4123	4177	4197	4131	4095	4072	4136	4120	4252	4206	4122	4138	4095	4114	4046	620.3148051
4273	4143	4169	4168	4158	4208	4231	4173	4136	4179	4141	4170	4069	4172	4096	4233	4200	4227	4328	4218	4210	4131	4148	4108	4193	4176	4227	4147	4202	4245	4106	4261	4153	4217	4171	4233	4178	4227	4165	4200	4160	4098	4151	4176	4147	4148	4185	4200	4121	4140	4167	4181	4091	4177	4203	4189	4190	4136	4134	4251	4100	4088	4170	4193	4156	4212	4164	4052	4188	4246	4147	4078	4156	4230	4199	4198	4333	4188	4281	4254	4208	4146	4106	4197	4124	4080	4133	4196	4118	4176	4216	4107	4160	4154	4180	4250	623.5008071
4218	4264	4269	4202	4223	4226	4302	4245	4265	4287	4222	4161	4204	4061	4241	4245	4285	4251	4212	4258	4173	4147	4150	4259	4197	4273	4224	4171	4194	4152	4167	4160	4137	4151	4151	4206	4253	4282	4289	4260	4178	4244	4329	4156	4264	4261	4207	4207	4136	4081	4169	4162	4178	4226	4190	4133	4216	4191	4253	4205	4160	4174	4253	4223	4116	4182	4088	4212	4256	4257	4127	4266	4275	4215	4261	4166	4182	4202	4191	4261	4265	4266	4242	4163	4144	4188	4227	4119	4219	4200	4174	4205	4164	4197	4244	4281	626.6851344
4254	4280	4288	4345	4310	4264	4365	4363	4305	4307	4271	4302	4275	4209	4209	4251	4328	4308	4270	4153	4254	4236	4314	4291	4264	4211	4209	4263	4337	4157	4160	4239	4197	4213	4303	4210	4194	4327	4306	4292	4284	4281	4325	4217	4249	4307	4233	4286	4300	4214	4262	4221	4274	4314	4250	4269	4247	4272	4268	4304	4335	4189	4347	4273	4195	4303	4259	4190	4192	4251	4186	4335	4296	4238	4349	4359	4174	4231	4311	4290	4350	4246	4285	4258	4155	4307	4287	4217	4348	4346	4316	4212	4180	4359	4250	4180	629.8531254
4322	4348	4308	4256	4385	4307	4382	4390	4358	4338	4296	4283	4274	4224	4163	4288	4310	4293	4375	4327	4250	4228	4375	4313	4256	4335	4285	4325	4241	4265	4226	4340	4273	4261	4409	4316	4355	4342	4365	4247	4271	4256	4246	4412	4268	4365	4328	4223	4342	4270	4293	4284	4280	4220	4274	4195	4165	4304	4259	4321	4265	4317	4257	4313	4311	4248	4306	4184	4187	4264	4228	4236	4298	4415	4306	4235	4288	4265	4268	4377	4433	4240	4264	4338	4304	4215	4311	4245	4218	4315	4264	4278	4237	4283	4176	4433	633.0341147
4269	4163	4216	4153	4237	4222	4274	4167	4247	4196	4262	4185	4088	4158	4165	4243	4180	4155	4199	4127	4096	4158	4139	4240	4127	4221	4288	4192	4204	4252	4245	4073	4173	4135	4141	4232	4217	4141	4168	4223	4213	4340	4134	4292	4132	4188	4188	4247	4177	4213	4150	4173	4272	4233	4238	4163	4205	4187	4162	4126	4049	4186	4086	4236	4191	4193	4119	4196	4146	4234	4229	4188	4237	4244	4114	4067	4194	4189	4168	4262	4275	4200	4177	4231	4139	4185	4154	4112	4195	4185	4165	4202	4129	4177	4216	4199	636.1987859
4062	4162	3988	4067	4027	4049	4101	4148	4136	4004	4054	3977	4044	3996	4077	4097	4060	4088	4009	4139	4044	4070	3983	4043	4001	3980	4063	4091	4119	4058	4030	3986	3956	4118	4061	4019	4062	4005	4091	3947	4117	4048	4097	4052	4055	4073	4099	4010	3997	4056	4020	4013	3990	4046	4052	4113	4041	4030	4054	4049	4063	3992	3993	4067	4018	4035	4061	4043	3957	3993	4071	4048	4103	3961	3995	4054	3996	4072	4053	4088	4084	4024	4090	4101	4053	4008	4132	4109	4048	4132	4080	4003	4045	4050	3958	3971	639.3764426
3804	3812	3811	3854	3897	3942	3959	3895	3869	3905	3763	3746	3737	3874	3840	3807	3906	3854	3864	3820	3882	3849	3786	3812	3798	3850	3858	3828	3730	3869	3884	3836	3818	3854	3845	3883	3852	3930	3842	3823	3858	3867	3880	3801	3945	3754	3845	3787	3763	3824	3880	3855	3924	3784	3794	3796	3857	3785	3783	3859	3842	3840	3845	3770	3826	3849	3817	3771	3767	3840	3846	3863	3775	3807	3860	3846	3906	3820	3873	3866	3832	3816	3832	3932	3861	3791	3765	3900	3832	3805	3825	3869	3887	3907	3902	3836	642.537799
3702	3668	3759	3581	3692	3627	3639	3603	3638	3735	3757	3729	3649	3658	3635	3630	3701	3727	3587	3622	3754	3680	3624	3695	3680	3599	3647	3709	3697	3656	3568	3631	3683	3702	3711	3682	3628	3629	3636	3673	3717	3594	3643	3657	3697	3599	3735	3609	3662	3675	3687	3688	3650	3668	3615	3599	3646	3608	3613	3656	3640	3704	3750	3659	3670	3580	3680	3664	3681	3683	3618	3623	3690	3709	3660	3767	3641	3684	3722	3758	3686	3618	3610	3743	3623	3519	3536	3688	3618	3688	3585	3561	3595	3631	3638	3656	645.6975039
3566	3518	3583	3613	3526	3544	3607	3553	3504	3531	3549	3500	3502	3503	3486	3585	3488	3559	3578	3468	3545	3589	3465	3557	3514	3577	3510	3511	3462	3533	3465	3520	3502	3538	3549	3502	3557	3576	3530	3529	3509	3538	3480	3535	3532	3496	3484	3503	3482	3532	3503	3531	3467	3492	3515	3496	3415	3527	3462	3462	3536	3471	3562	3540	3509	3615	3472	3508	3536	3487	3548	3462	3430	3569	3606	3495	3488	3496	3585	3532	3616	3588	3484	3504	3561	3488	3481	3439	3380	3475	3534	3512	3493	3545	3587	3462	648.8555585
3419	3388	3387	3336	3426	3449	3429	3493	3423	3399	3423	3326	3403	3429	3352	3408	3453	3493	3459	3477	3396	3436	3375	3379	3310	3418	3282	3369	3402	3425	3379	3279	3313	3400	3479	3360	3396	3447	3481	3413	3435	3440	3393	3351	3402	3324	3353	3355	3405	3424	3383	3379	3418	3316	3476	3367	3429	3497	3359	3389	3469	3369	3369	3417	3347	3437	3406	3349	3318	3363	3318	3324	3421	3328	3425	3403	3376	3332	3516	3430	3446	3414	3437	3439	3380	3404	3371	3414	3409	3348	3342	3324	3409	3399	3296	3442	652.0119641
3350	3228	3300	3271	3223	3280	3315	3287	3329	3168	3309	3270	3244	3321	3219	3335	3322	3245	3351	3396	3311	3322	3245	3276	3325	3398	3260	3359	3300	3253	3297	3223	3379	3310	3281	3258	3316	3405	3365	3298	3296	3236	3302	3345	3312	3346	3272	3311	3269	3290	3240	3282	3337	3368	3315	3333	3334	3309	3346	3337	3231	3278	3228	3297	3359	3309	3384	3256	3290	3240	3294	3278	3298	3332	3360	3350	3225	3245	3324	3347	3332	3269	3215	3311	3236	3345	3280	3272	3265	3321	3284	3208	3382	3335	3275	3258	655.166722
3253	3238	3229	3215	3250	3150	3308	3287	3280	3239	3214	3229	3233	3155	3236	3294	3275	3231	3279	3189	3308	3263	3187	3284	3187	3259	3280	3286	3165	3302	3250	3218	3229	3156	3206	3228	3360	3321	3196	3270	3217	3271	3224	3232	3272	3166	3331	3246	3274	3265	3130	3249	3179	3264	3239	3278	3145	3290	3260	3275	3172	3210	3236	3290	3248	3210	3177	3224	3241	3206	3233	3265	3288	3265	3234	3204	3305	3251	3253	3245	3279	3275	3236	3209	3216	3210	3231	3280	3140	3233	3233	3228	3195	3171	3217	3241	658.3198335
3180	3183	3190	3150	3194	3264	3203	3181	3154	3137	3090	3172	3110	3117	3135	3174	3100	3246	3202	3270	3228	3169	3153	3175	3195	3152	3168	3109	3086	3193	3130	3096	3099	3156	3206	3159	3198	3204	3090	3180	3106	3110	3200	3153	3205	3123	3200	3114	3167	3058	3153	3090	3065	3139	3193	3140	3239	3176	3159	3118	3091	3164	3259	3140	3130	3127	3076	3096	3147	3169	3094	3165	3152	3123	3162	3168	3090	3158	3221	3184	3214	3191	3157	3219	3104	3124	3148	3258	3151	3090	3089	3123	3177	3164	3193	3148	661.4712999
3096	3086	3115	3116	3133	3153	3102	3125	3094	3079	3071	3156	3055	3083	3134	3122	3127	3071	3219	3099	3059	3019	3107	3058	3146	3054	3101	3038	3093	3057	3111	3125	3039	3123	3135	3091	3133	3160	3122	3133	3064	3138	3100	3170	3119	3110	3119	3112	3120	3109	3041	3022	3111	3162	3116	3113	3110	3115	3120	3083	3107	3089	3037	3090	3056	3146	3056	3077	3066	3038	3122	3120	3184	3133	3036	3075	3126	3094	3130	3068	3139	3105	3067	3096	3052	3084	3074	3033	3084	3120	3042	3069	3028	3039	3092	3132	664.6065438
3028	2910	3046	3099	3082	2984	3083	3053	3119	2965	3079	3025	3045	3068	2885	3082	3028	3052	3032	3012	3029	3047	2967	3131	3002	3031	2967	2992	2983	3024	2933	3022	2979	2986	2989	2993	3060	3094	3058	3097	2953	3018	3018	3036	2981	3074	2988	3020	3015	3102	3021	3014	3019	3072	2987	3077	3014	3005	3098	3009	2997	3007	3045	3000	3037	3066	3012	3111	3010	3023	2924	3026	3003	3036	2984	3047	3070	3096	3037	3088	3046	3016	2967	2972	3067	3026	3196	2949	3083	2995	2954	3010	3003	3018	3043	3002	667.7547314
2906	2919	3013	2973	2940	2913	2980	2984	2973	3011	3014	2942	2903	2868	2946	2981	3001	2971	3022	3003	2904	2895	2886	2937	2926	2947	2990	2942	2988	2939	2937	2846	2937	2956	2937	2904	2970	2936	2973	2967	2892	2924	2981	2879	2951	2948	2897	2945	2932	2905	2955	2913	2921	2884	2901	2991	2901	2897	2986	3012	2978	2943	2948	2972	2910	2936	2904	2922	2927	2949	2990	3001	3069	2965	2977	2929	2996	2982	2956	3023	3047	2886	2970	2966	3015	2976	2978	2920	2928	2933	2946	2836	2909	2914	2917	2975	670.8867142
2941	2945	2942	2947	3007	2972	2930	2984	2909	2969	2878	2925	2870	2906	2871	2943	2980	2999	2896	2912	2940	2937	2992	2895	2895	2965	2944	2995	2871	2877	2894	2863	2911	2908	2907	2876	2856	2977	2977	2962	2929	2969	2892	2871	2893	2970	2993	2926	2886	2877	2921	2934	2954	2914	2920	3008	2839	2935	2924	2941	2949	2963	2905	2861	2939	2880	2901	2895	2909	2908	2879	2928	2994	2913	2910	2916	2945	2955	2969	2950	2896	3003	2894	2939	2938	2937	2911	2925	2937	2940	2834	2985	2871	2925	2909	2914	674.0316282
2902	2853	2950	2918	2903	2917	2950	2913	2915	2898	2909	2915	2840	2909	2940	2910	2919	2969	2945	2840	2966	2858	2909	2866	2927	2845	2874	2899	2824	2912	2890	2870	2852	2867	2850	2847	2892	2904	2908	2851	2788	2810	2871	2833	2786	2892	2891	2867	2895	2877	2864	2919	2957	2881	2959	2848	2901	2953	2883	2855	2906	2800	2878	2925	2845	2858	2819	2792	2907	2805	2865	2841	2865	2894	2826	2847	2907	2879	2991	2942	2903	2866	2881	2824	2878	2816	2858	2821	2852	2833	2881	2771	2816	2868	2948	2892	677.1603551
2852	2810	2861	2826	2776	2793	2932	2865	2850	2881	2888	2812	2839	2828	2830	2931	2884	2930	2901	2903	2892	2899	2889	2904	2853	2881	2907	2845	2813	2818	2861	2795	2846	2882	2831	2843	2870	2879	2840	2824	2801	2888	2863	2797	2788	2849	2850	2837	2886	2822	2806	2811	2898	2837	2854	2886	2820	2850	2805	2902	2850	2852	2897	2854	2867	2861	2773	2733	2807	2905	2913	2872	2882	2905	2908	2872	2884	2896	2901	2952	2837	2874	2809	2788	2832	2862	2810	2877	2908	2834	2883	2853	2819	2886	2844	2837	680.2874596
2841	2842	2762	2848	2822	2864	2829	2817	2886	2906	2831	2819	2870	2795	2800	2875	2902	2854	2857	2903	2861	2858	2923	2838	2750	2799	2925	2909	2779	2910	2861	2774	2752	2821	2811	2793	2842	2848	2818	2909	2762	2852	2846	2798	2798	2793	2893	2789	2757	2792	2778	2802	2759	2876	2857	2870	2805	2859	2781	2842	2851	2788	2797	2855	2792	2838	2841	2862	2811	2878	2751	2844	2849	2808	2864	2838	2800	2757	2877	2800	2827	2821	2877	2832	2810	2816	2793	2738	2809	2851	2829	2809	2812	2835	2828	2756	683.4129431
2790	2727	2777	2734	2801	2752	2865	2783	2858	2762	2793	2833	2889	2796	2809	2855	2845	2794	2898	2879	2768	2794	2772	2888	2790	2815	2769	2841	2771	2752	2801	2794	2777	2748	2839	2761	2828	2857	2802	2783	2865	2821	2806	2779	2861	2835	2776	2806	2824	2827	2727	2750	2774	2792	2796	2797	2780	2776	2789	2803	2843	2818	2790	2823	2796	2787	2696	2693	2751	2826	2755	2810	2771	2773	2775	2821	2777	2762	2821	2800	2800	2792	2723	2744	2729	2787	2782	2809	2818	2801	2798	2812	2762	2766	2745	2783	686.5368069
2713	2785	2781	2818	2738	2756	2811	2839	2760	2770	2773	2814	2702	2818	2686	2915	2799	2823	2810	2842	2819	2764	2919	2777	2848	2769	2788	2719	2716	2752	2771	2707	2768	2746	2764	2736	2795	2795	2858	2776	2806	2803	2755	2750	2750	2722	2820	2766	2751	2699	2692	2822	2795	2809	2789	2778	2806	2779	2726	2820	2790	2806	2806	2758	2714	2767	2806	2741	2711	2674	2712	2813	2819	2859	2832	2720	2812	2741	2854	2810	2757	2746	2730	2820	2766	2745	2689	2729	2754	2787	2822	2766	2734	2773	2774	2698	689.6590521
2712	2714	2687	2774	2770	2748	2809	2725	2817	2729	2770	2744	2689	2741	2743	2771	2752	2812	2812	2777	2768	2747	2793	2725	2709	2804	2865	2733	2773	2756	2757	2746	2769	2759	2746	2760	2759	2827	2784	2771	2804	2763	2739	2799	2794	2761	2688	2796	2710	2726	2754	2762	2721	2739	2783	2745	2751	2792	2845	2769	2805	2688	2671	2705	2790	2733	2792	2758	2710	2829	2733	2740	2725	2726	2696	2667	2688	2742	2800	2742	2848	2752	2814	2728	2789	2658	2742	2718	2743	2709	2670	2733	2719	2785	2803	2778	692.77968
2777	2752	2779	2805	2900	2739	2800	2806	2730	2785	2749	2779	2849	2668	2745	2801	2779	2833	2803	2793	2768	2754	2680	2718	2760	2735	2759	2732	2739	2742	2770	2752	2777	2705	2780	2752	2787	2842	2748	2741	2735	2789	2735	2717	2766	2814	2743	2720	2705	2784	2646	2737	2798	2816	2718	2726	2765	2735	2818	2816	2829	2783	2728	2783	2764	2734	2689	2766	2728	2754	2766	2778	2804	2826	2688	2809	2801	2769	2845	2807	2849	2780	2712	2728	2828	2677	2757	2723	2729	2862	2733	2775	2728	2770	2791	2730	695.898692
2838	2751	2722	2757	2725	2763	2780	2816	2782	2815	2842	2813	2778	2802	2739	2825	2812	2796	2806	2851	2839	2785	2722	2742	2778	2740	2765	2756	2810	2843	2761	2782	2723	2799	2760	2746	2772	2815	2866	2771	2803	2753	2753	2829	2763	2798	2700	2744	2851	2761	2745	2798	2837	2775	2799	2811	2762	2737	2755	2790	2775	2808	2753	2804	2748	2769	2861	2723	2736	2763	2754	2771	2790	2778	2734	2749	2836	2777	2785	2850	2813	2718	2799	2762	2774	2795	2748	2780	2676	2722	2749	2776	2697	2818	2762	2783	699.0015934
2862	2867	2812	2850	2819	2766	2910	2869	2810	2795	2830	2753	2769	2757	2780	2845	2842	2788	2792	2805	2825	2740	2802	2777	2771	2779	2801	2856	2833	2742	2844	2740	2782	2881	2841	2794	2864	2839	2839	2751	2827	2758	2767	2860	2807	2821	2793	2776	2782	2811	2715	2740	2790	2810	2743	2761	2817	2799	2789	2800	2840	2783	2759	2821	2733	2858	2827	2768	2825	2774	2803	2756	2804	2681	2878	2859	2778	2830	2810	2895	2870	2754	2831	2812	2794	2749	2742	2780	2821	2790	2756	2847	2800	2830	2807	2781	702.1173846
2774	2848	2772	2836	2842	2854	2888	2930	2901	2834	2880	2918	2806	2860	2779	2828	2858	2860	2900	2819	2896	2820	2876	2789	2794	2802	2778	2719	2827	2801	2807	2852	2806	2857	2785	2853	2858	2848	2844	2851	2769	2756	2822	2849	2855	2681	2876	2843	2761	2759	2794	2757	2765	2769	2772	2809	2808	2833	2758	2736	2828	2790	2794	2804	2832	2766	2820	2821	2746	2769	2820	2790	2797	2826	2763	2819	2810	2785	2813	2790	2869	2813	2810	2869	2795	2717	2841	2733	2763	2836	2780	2777	2881	2852	2836	2843	705.2170827
2835	2833	2839	2920	2885	2797	2913	2839	2852	2870	2911	2816	2837	2847	2885	2855	2854	2880	2899	2844	2898	2858	2834	2878	2878	2804	2801	2817	2778	2760	2832	2899	2775	2848	2797	2845	2924	2887	2881	2799	2870	2838	2812	2832	2793	2841	2785	2818	2842	2832	2743	2874	2785	2745	2860	2832	2825	2916	2832	2845	2879	2837	2792	2836	2801	2809	2820	2798	2700	2819	2859	2818	2851	2825	2842	2796	2785	2915	2987	2895	2879	2808	2823	2839	2936	2848	2809	2828	2824	2821	2858	2824	2820	2825	2850	2864	708.3151847
2844	2885	2908	2840	2899	2813	2854	2935	2896	2801	2877	2850	2803	2831	2797	2919	2797	2899	2915	2866	2870	2835	2836	2827	2792	2861	2839	2855	2773	2777	2783	2901	2846	2905	2865	2789	2872	2878	2899	2907	2797	2868	2798	2861	2847	2807	2877	2840	2821	2862	2726	2846	2850	2855	2820	2748	2838	2879	2881	2809	2833	2802	2836	2860	2842	2865	2842	2824	2828	2850	2855	2825	2895	2831	2844	2897	2756	2911	2886	2873	2853	2782	2882	2824	2800	2846	2830	2881	2783	2828	2869	2874	2785	2818	2798	2886	711.4261579
2876	2889	2867	2867	2896	2878	2856	2863	2902	2855	2931	2829	2817	2827	2804	2846	2836	2864	2851	2844	2757	2873	2816	2881	2861	2759	2813	2825	2890	2839	2821	2793	2836	2852	2796	2862	2879	2814	2923	2823	2895	2752	2854	2875	2829	2810	2854	2819	2842	2787	2752	2893	2871	2833	2823	2826	2836	2824	2811	2726	2827	2814	2799	2953	2836	2842	2835	2794	2801	2801	2844	2777	2885	2904	2844	2912	2873	2783	2888	2909	2874	2809	2863	2900	2828	2844	2783	2822	2840	2845	2848	2825	2858	2842	2915	2827	714.5210641
2822	2829	2830	2763	2825	2759	2804	2869	2807	2821	2828	2778	2759	2800	2699	2858	2847	2829	2831	2898	2856	2750	2864	2799	2764	2770	2822	2855	2828	2826	2821	2850	2869	2851	2735	2789	2823	2889	2741	2880	2833	2740	2816	2817	2887	2799	2812	2776	2809	2803	2818	2850	2847	2847	2787	2866	2876	2806	2830	2826	2885	2755	2830	2842	2876	2826	2782	2831	2822	2783	2757	2815	2835	2755	2828	2813	2823	2871	2826	2837	2876	2885	2792	2773	2818	2823	2781	2840	2833	2823	2773	2807	2797	2810	2804	2761	717.6143779
2830	2796	2786	2778	2808	2871	2858	2849	2821	2782	2778	2791	2782	2697	2718	2853	2795	2794	2799	2767	2781	2856	2783	2754	2741	2837	2746	2789	2805	2765	2803	2799	2774	2768	2793	2751	2817	2883	2825	2706	2774	2746	2745	2776	2801	2763	2807	2790	2826	2747	2749	2742	2794	2774	2763	2708	2795	2771	2796	2790	2841	2746	2817	2795	2796	2792	2776	2752	2777	2844	2746	2783	2791	2779	2750	2849	2735	2771	2793	2806	2851	2817	2787	2809	2806	2800	2706	2790	2727	2783	2757	2689	2755	2744	2773	2780	720.7061006
2781	2775	2742	2893	2742	2851	2800	2810	2841	2840	2775	2746	2753	2734	2792	2844	2824	2840	2750	2774	2793	2783	2780	2764	2771	2817	2754	2748	2679	2795	2765	2781	2739	2825	2801	2812	2828	2859	2836	2745	2791	2744	2740	2840	2752	2764	2781	2781	2783	2779	2726	2825	2757	2746	2814	2759	2794	2846	2768	2754	2771	2799	2712	2695	2828	2706	2701	2721	2779	2702	2719	2811	2856	2795	2793	2762	2803	2805	2809	2797	2810	2771	2820	2841	2818	2771	2729	2819	2775	2826	2739	2747	2766	2755	2778	2739	723.7962334
2808	2859	2861	2867	2802	2741	2824	2769	2825	2847	2819	2789	2721	2757	2694	2804	2904	2832	2766	2702	2821	2805	2705	2731	2804	2842	2751	2840	2786	2794	2735	2742	2794	2708	2769	2804	2836	2807	2797	2804	2801	2829	2856	2710	2784	2788	2707	2786	2762	2818	2755	2788	2798	2715	2800	2799	2814	2835	2814	2788	2771	2708	2798	2808	2733	2799	2771	2797	2788	2798	2763	2800	2779	2841	2772	2752	2755	2789	2852	2802	2807	2815	2781	2765	2848	2695	2786	2797	2761	2758	2845	2736	2825	2755	2823	2753	726.8847775
2822	2831	2808	2853	2787	2802	2842	2832	2835	2828	2876	2797	2865	2865	2799	2837	2861	2851	2902	2892	2855	2793	2809	2845	2904	2764	2763	2770	2826	2824	2815	2827	2853	2823	2902	2776	2869	2829	2877	2821	2864	2840	2732	2769	2809	2812	2804	2885	2807	2831	2780	2857	2758	2828	2822	2856	2792	2866	2769	2778	2825	2796	2777	2819	2886	2762	2860	2825	2788	2849	2805	2776	2831	2777	2826	2880	2828	2860	2837	2859	2833	2847	2762	2835	2875	2832	2808	2797	2827	2804	2774	2750	2730	2821	2783	2797	729.9573129
2866	2868	2888	2929	2938	2935	2945	2913	2925	2835	2935	2850	2895	2802	2876	2974	2988	2935	2996	2920	2897	2835	2922	2924	2965	2892	2872	2925	2894	2855	2886	2976	2876	2921	2889	2932	2952	2834	2826	2859	2893	2874	2934	2750	2897	2892	2877	2910	2833	2888	2883	2816	2837	2920	2829	2877	2840	2893	2935	2862	2908	2970	2888	2910	2868	2863	2861	2886	2905	2973	2897	2889	2852	2903	2926	2863	2919	2885	2898	2981	2909	2869	2871	2867	2911	2835	2819	2856	2873	2849	2814	2811	2863	2867	2896	2848	733.0426908
3038	2954	2993	3021	2990	2932	2986	3018	2964	2973	2951	3002	2974	2885	2950	3000	3059	2973	3003	3051	2989	2996	2930	2983	3037	2893	2934	2942	3046	2928	3035	2972	2986	2938	2968	2965	3046	3005	3032	2990	2983	2886	2925	2939	2944	3034	2952	2879	2950	2960	2962	3010	3008	3016	2976	2939	2977	2916	3022	2991	3009	2986	2906	2936	3022	2913	2971	2971	2920	2960	3050	2917	3018	3067	3028	2961	2988	3032	3007	3005	2999	3050	2949	2963	2899	2919	2973	2956	3044	3026	2944	2984	3036	2890	2896	2915	736.112077
3043	3068	3106	2976	3074	3015	3053	3083	3081	3007	2998	3063	3137	3070	3035	3062	3104	3071	3138	3080	3148	3020	2989	3105	3087	3053	3101	2980	2970	3055	3127	3022	3039	3111	3011	3071	3127	3105	3062	3095	3060	3037	3070	3132	3068	3128	3150	3128	3055	3080	3011	3000	3007	3092	3067	3061	2992	3056	3012	3030	3052	3053	3039	3036	3060	3076	2972	3045	2987	3078	3015	2994	3148	3054	3059	3068	3055	3074	3116	3076	2984	3065	3104	3066	3082	2983	2976	3085	2994	3092	3059	3055	3027	3032	2985	3102	739.1942935
3109	3066	3084	3107	3102	3108	3061	3079	3095	3110	3142	3151	3019	3025	3054	3078	3027	3084	3156	3128	3042	2988	3079	3083	3006	3020	3107	3075	3099	3078	3101	3076	3104	3043	3147	3124	3064	3039	3062	3029	3053	3039	3058	3018	3034	3082	3098	2989	3037	3103	3101	3063	3107	3076	3093	3041	3178	3029	3099	3097	3058	3057	3091	3110	3081	3091	3094	3103	3041	3095	3017	3116	3000	3064	3153	3045	3110	3020	3129	3117	3114	3067	3056	3049	3051	3120	3044	3028	3078	3104	3032	3112	3103	3181	3071	3055	742.2605356
3067	3007	3044	3040	3040	3043	3001	3103	3107	3039	3071	2999	3063	3017	3070	3118	3001	3032	3041	3064	3071	3057	3022	2962	3050	3029	2992	2961	3017	3113	3063	2954	3033	3092	3058	3011	3074	3065	2994	3060	2988	3008	3038	3068	2972	3062	3005	3013	3015	3036	2907	3051	3054	3039	2959	3113	2994	3032	2979	2958	3034	2967	3030	2982	3093	2972	2984	2976	2991	3064	3009	2972	3034	3019	3033	3039	2969	3019	3046	3056	2970	3013	2996	3144	3067	2991	2990	3039	3128	2997	3092	3076	2967	2992	3023	3029	745.3252111
2987	2935	2945	2923	3032	2970	2948	2995	2985	2932	2950	2893	2964	2884	2886	2974	2905	2955	2956	2928	2972	2961	2898	2984	2884	2885	2932	2913	2996	2988	2965	2946	2908	2930	2901	2908	2900	2954	2917	2989	2931	2919	2937	2880	2909	2926	2982	2924	2947	2890	2906	3017	2938	2882	2944	2913	2875	2867	2886	2926	2913	2987	2851	2919	2964	2916	2873	2913	2898	2838	2969	2948	2949	2928	2944	3008	3018	2907	2910	2928	2964	2922	2929	2893	2933	2947	2950	2894	2913	2889	2886	2928	2911	2968	2894	2899	748.3883211
2854	2707	2809	2893	2837	2847	2891	2857	2799	2817	2823	2821	2849	2694	2716	2815	2847	2804	2863	2857	2867	2830	2840	2766	2803	2813	2788	2818	2841	2766	2786	2772	2728	2821	2874	2857	2848	2829	2884	2765	2820	2841	2778	2868	2848	2841	2828	2737	2832	2817	2737	2769	2810	2798	2786	2794	2822	2784	2804	2683	2777	2782	2764	2775	2761	2833	2838	2794	2827	2862	2821	2819	2780	2814	2854	2913	2837	2797	2869	2836	2790	2788	2770	2801	2832	2853	2818	2808	2763	2888	2777	2799	2709	2757	2764	2808	751.4498669
2763	2737	2713	2750	2729	2725	2718	2732	2792	2712	2719	2734	2640	2663	2687	2680	2789	2720	2735	2711	2819	2684	2708	2650	2679	2698	2702	2687	2728	2649	2683	2739	2653	2715	2687	2740	2687	2757	2744	2646	2712	2723	2682	2703	2771	2690	2768	2741	2668	2721	2669	2711	2735	2725	2723	2786	2734	2733	2715	2773	2725	2674	2717	2736	2727	2650	2673	2733	2665	2689	2751	2729	2727	2744	2809	2724	2698	2698	2710	2733	2724	2676	2696	2657	2674	2693	2696	2685	2799	2702	2665	2715	2692	2749	2684	2680	754.5098497
2639	2604	2661	2567	2578	2608	2718	2665	2670	2564	2628	2679	2659	2592	2594	2610	2587	2653	2575	2684	2670	2680	2622	2621	2566	2600	2598	2669	2623	2604	2602	2620	2612	2650	2625	2633	2696	2599	2623	2617	2579	2562	2654	2603	2588	2653	2653	2678	2574	2609	2612	2593	2563	2671	2682	2654	2614	2582	2571	2602	2612	2604	2592	2663	2612	2562	2610	2582	2569	2618	2627	2610	2632	2643	2666	2671	2663	2619	2688	2626	2600	2594	2668	2613	2561	2644	2580	2638	2602	2652	2572	2645	2609	2622	2611	2644	757.5682707
2546	2520	2531	2547	2531	2582	2569	2609	2608	2539	2573	2535	2506	2591	2555	2609	2517	2533	2603	2505	2550	2557	2510	2525	2581	2499	2550	2497	2567	2631	2563	2497	2510	2545	2485	2560	2589	2597	2574	2571	2556	2503	2552	2530	2519	2557	2539	2569	2558	2501	2504	2541	2533	2513	2475	2512	2563	2530	2560	2523	2533	2500	2519	2510	2533	2555	2531	2510	2528	2507	2498	2474	2595	2590	2483	2513	2558	2547	2540	2590	2610	2640	2537	2550	2571	2457	2516	2569	2490	2544	2469	2525	2573	2548	2467	2551	760.6251311
2463	2502	2459	2436	2502	2470	2477	2500	2540	2511	2545	2472	2421	2531	2463	2531	2468	2534	2509	2464	2489	2482	2475	2483	2477	2486	2512	2469	2479	2449	2428	2490	2502	2575	2538	2522	2458	2510	2535	2439	2434	2505	2475	2455	2486	2439	2513	2436	2464	2452	2498	2490	2453	2515	2473	2537	2439	2454	2481	2517	2462	2502	2418	2439	2473	2460	2457	2446	2462	2445	2448	2411	2465	2548	2385	2469	2445	2501	2547	2509	2469	2473	2431	2513	2433	2494	2425	2542	2456	2509	2397	2452	2460	2447	2441	2483	763.680432
2471	2458	2498	2456	2409	2479	2458	2453	2541	2512	2441	2454	2383	2437	2423	2439	2468	2436	2447	2469	2453	2428	2435	2389	2411	2453	2443	2445	2483	2442	2420	2461	2430	2444	2384	2494	2463	2440	2431	2423	2419	2413	2374	2453	2427	2447	2431	2440	2461	2397	2425	2492	2423	2436	2371	2447	2457	2421	2475	2466	2443	2403	2382	2400	2476	2421	2398	2429	2436	2446	2424	2382	2478	2535	2423	2458	2500	2478	2474	2440	2461	2364	2457	2401	2416	2460	2369	2473	2480	2446	2446	2519	2504	2482	2457	2478	766.7198415
2438	2455	2461	2380	2468	2396	2435	2450	2453	2424	2449	2392	2391	2383	2448	2429	2454	2505	2470	2437	2446	2465	2392	2373	2411	2407	2399	2408	2361	2405	2408	2420	2433	2364	2443	2449	2436	2453	2468	2416	2436	2459	2447	2399	2384	2370	2429	2430	2392	2428	2383	2367	2421	2421	2400	2389	2466	2500	2401	2414	2416	2472	2405	2407	2430	2439	2397	2475	2370	2369	2485	2421	2338	2417	2450	2437	2411	2396	2427	2444	2435	2456	2370	2418	2447	2422	2401	2444	2396	2423	2448	2388	2436	2434	2395	2413	769.7720344
2380	2385	2399	2408	2389	2386	2438	2418	2422	2357	2333	2398	2378	2364	2385	2430	2390	2437	2411	2474	2407	2366	2405	2377	2450	2423	2453	2359	2380	2382	2422	2372	2359	2455	2364	2400	2417	2458	2418	2321	2378	2404	2369	2342	2361	2400	2378	2411	2386	2412	2377	2411	2400	2373	2375	2359	2410	2391	2376	2421	2371	2392	2381	2330	2382	2393	2350	2332	2377	2409	2402	2360	2415	2445	2490	2358	2403	2409	2416	2404	2487	2366	2393	2341	2429	2386	2374	2332	2406	2351	2343	2478	2390	2331	2361	2360	772.8083529
2413	2353	2340	2372	2377	2411	2411	2397	2398	2342	2412	2433	2359	2349	2380	2383	2411	2411	2398	2449	2363	2357	2375	2381	2410	2403	2422	2362	2330	2398	2420	2392	2367	2379	2382	2355	2477	2504	2371	2454	2429	2374	2354	2317	2392	2342	2348	2410	2380	2355	2389	2357	2361	2356	2363	2396	2412	2443	2379	2334	2374	2390	2328	2448	2400	2374	2418	2325	2360	2385	2345	2347	2390	2364	2380	2438	2314	2420	2439	2389	2433	2446	2424	2352	2399	2394	2337	2342	2367	2412	2346	2325	2374	2438	2367	2385	775.8431313
2374	2391	2409	2358	2364	2430	2360	2452	2438	2471	2332	2326	2306	2358	2339	2399	2432	2430	2442	2421	2444	2401	2414	2352	2375	2415	2413	2357	2338	2365	2339	2380	2348	2405	2424	2330	2366	2367	2334	2410	2336	2358	2404	2384	2364	2426	2418	2348	2369	2421	2399	2380	2351	2336	2358	2374	2361	2360	2372	2415	2385	2353	2322	2358	2332	2394	2383	2337	2376	2344	2339	2331	2387	2307	2379	2404	2384	2434	2409	2408	2451	2383	2406	2448	2334	2376	2336	2329	2387	2403	2355	2316	2352	2410	2355	2345	778.8906747
2295	2402	2423	2331	2395	2336	2432	2388	2335	2395	2372	2395	2307	2376	2322	2393	2408	2377	2426	2423	2342	2361	2332	2344	2347	2339	2409	2344	2376	2331	2333	2306	2337	2388	2418	2359	2394	2389	2380	2389	2338	2359	2323	2351	2332	2401	2424	2386	2350	2320	2360	2328	2313	2356	2290	2385	2310	2344	2364	2399	2287	2297	2358	2417	2362	2305	2345	2412	2316	2359	2393	2347	2390	2370	2302	2351	2384	2337	2388	2411	2437	2330	2288	2375	2343	2328	2354	2344	2318	2325	2336	2363	2368	2357	2382	2388	781.9223691
2360	2365	2355	2328	2376	2368	2407	2335	2505	2416	2378	2392	2248	2358	2409	2397	2369	2446	2367	2364	2291	2336	2345	2334	2374	2290	2358	2325	2321	2373	2309	2304	2361	2410	2353	2409	2341	2397	2392	2346	2383	2296	2326	2296	2322	2434	2374	2342	2341	2297	2356	2367	2351	2402	2407	2285	2361	2355	2322	2337	2307	2346	2361	2349	2310	2361	2354	2300	2302	2325	2315	2344	2301	2397	2451	2338	2352	2316	2379	2371	2353	2354	2335	2382	2322	2334	2308	2355	2307	2348	2326	2375	2324	2477	2376	2379	784.9525269
2376	2362	2365	2365	2359	2384	2366	2339	2449	2372	2303	2363	2345	2315	2330	2377	2318	2349	2370	2422	2386	2375	2360	2340	2363	2331	2366	2333	2337	2384	2373	2382	2274	2340	2371	2355	2393	2418	2313	2346	2335	2349	2365	2374	2363	2348	2395	2394	2386	2295	2375	2348	2342	2377	2308	2364	2389	2345	2360	2372	2343	2365	2387	2399	2355	2250	2391	2302	2396	2293	2379	2330	2417	2409	2347	2303	2383	2410	2370	2390	2380	2375	2349	2366	2362	2392	2302	2400	2366	2311	2339	2333	2334	2432	2364	2250	787.9811493
2418	2345	2383	2381	2394	2389	2402	2390	2399	2473	2402	2435	2327	2311	2431	2420	2393	2368	2392	2390	2354	2316	2370	2390	2389	2414	2369	2332	2331	2338	2345	2345	2342	2409	2345	2277	2403	2373	2319	2357	2342	2391	2410	2412	2415	2368	2368	2410	2354	2372	2388	2327	2391	2378	2358	2324	2354	2329	2401	2372	2367	2365	2390	2318	2369	2339	2349	2358	2287	2332	2349	2424	2310	2383	2424	2370	2362	2400	2406	2371	2385	2359	2277	2342	2378	2330	2313	2312	2374	2343	2297	2395	2321	2325	2339	2333	791.0082373
2320	2354	2337	2454	2383	2445	2374	2382	2460	2383	2434	2412	2279	2279	2270	2391	2384	2395	2448	2327	2356	2368	2378	2378	2368	2332	2363	2347	2406	2386	2261	2396	2334	2364	2336	2410	2358	2424	2433	2347	2349	2322	2356	2369	2338	2398	2381	2370	2393	2359	2317	2398	2355	2371	2360	2326	2350	2363	2300	2366	2335	2337	2357	2332	2301	2373	2338	2373	2392	2370	2375	2308	2357	2396	2339	2335	2362	2400	2431	2376	2432	2328	2390	2309	2325	2412	2387	2355	2378	2402	2430	2365	2364	2353	2437	2332	794.0195244
2352	2384	2432	2357	2370	2398	2372	2438	2436	2375	2345	2359	2337	2291	2383	2360	2440	2460	2443	2389	2404	2364	2389	2351	2397	2441	2310	2404	2344	2405	2374	2352	2382	2372	2411	2305	2459	2426	2414	2424	2346	2406	2399	2318	2396	2382	2386	2345	2295	2358	2366	2355	2362	2417	2348	2368	2307	2365	2365	2410	2399	2448	2397	2356	2351	2400	2398	2359	2325	2374	2420	2326	2368	2424	2392	2352	2408	2386	2381	2397	2420	2365	2397	2353	2336	2342	2351	2416	2311	2376	2331	2372	2369	2418	2355	2392	797.0435547
2400	2423	2383	2356	2331	2327	2359	2390	2359	2415	2399	2379	2339	2275	2338	2399	2417	2362	2414	2418	2390	2317	2420	2349	2381	2391	2376	2368	2395	2341	2417	2392	2458	2335	2310	2321	2402	2439	2426	2367	2332	2386	2365	2304	2295	2375	2326	2414	2372	2331	2375	2363	2355	2390	2326	2391	2347	2308	2354	2393	2381	2368	2286	2347	2444	2298	2372	2377	2364	2328	2358	2336	2421	2392	2386	2426	2407	2440	2428	2367	2413	2374	2360	2355	2281	2396	2327	2371	2336	2370	2343	2350	2369	2369	2377	2381	800.0660542
2435	2351	2378	2338	2378	2321	2381	2420	2405	2388	2368	2344	2337	2381	2356	2410	2298	2414	2360	2353	2302	2313	2371	2384	2437	2377	2416	2310	2343	2383	2368	2366	2298	2358	2385	2363	2325	2318	2440	2370	2416	2396	2455	2352	2423	2318	2338	2319	2348	2388	2369	2293	2378	2399	2306	2348	2325	2358	2376	2384	2393	2365	2352	2328	2326	2359	2355	2437	2321	2341	2382	2263	2375	2382	2294	2431	2373	2380	2411	2382	2346	2356	2338	2380	2329	2342	2356	2328	2313	2404	2376	2410	2323	2381	2378	2408	803.0727778
2342	2398	2338	2443	2446	2359	2422	2419	2430	2411	2378	2416	2338	2402	2294	2452	2454	2429	2344	2416	2418	2434	2308	2377	2391	2337	2402	2399	2329	2446	2414	2423	2425	2339	2377	2399	2372	2358	2312	2412	2295	2338	2328	2383	2348	2392	2320	2360	2338	2324	2320	2322	2421	2345	2336	2425	2316	2361	2363	2344	2345	2359	2311	2417	2447	2379	2355	2311	2371	2276	2406	2361	2410	2345	2289	2364	2450	2354	2490	2369	2342	2355	2287	2325	2377	2408	2328	2439	2351	2358	2395	2416	2290	2386	2342	2321	806.0922264
2445	2464	2398	2430	2451	2348	2439	2430	2423	2368	2383	2397	2372	2345	2366	2450	2405	2416	2450	2459	2465	2426	2300	2367	2388	2356	2444	2435	2327	2440	2400	2441	2355	2429	2391	2427	2459	2392	2391	2437	2402	2470	2447	2461	2402	2427	2488	2382	2385	2412	2382	2447	2487	2401	2402	2446	2316	2344	2428	2329	2376	2386	2381	2408	2410	2451	2445	2398	2339	2381	2372	2374	2358	2440	2386	2403	2359	2353	2423	2382	2422	2386	2399	2387	2433	2389	2379	2378	2362	2362	2405	2373	2359	2368	2350	2400	809.0959159
2486	2503	2530	2540	2475	2446	2514	2568	2574	2510	2502	2426	2431	2512	2438	2489	2480	2511	2549	2512	2475	2492	2434	2427	2487	2474	2445	2451	2442	2442	2500	2462	2488	2487	2468	2449	2586	2472	2460	2505	2490	2477	2504	2510	2436	2472	2478	2485	2452	2483	2499	2436	2424	2445	2463	2440	2458	2395	2488	2502	2488	2367	2399	2444	2434	2391	2469	2458	2415	2485	2480	2468	2478	2502	2431	2452	2456	2486	2538	2503	2537	2410	2459	2393	2493	2493	2459	2439	2536	2424	2458	2503	2452	2382	2449	2497	812.0980935
2599	2602	2597	2592	2639	2599	2568	2606	2584	2548	2558	2602	2578	2583	2509	2642	2605	2691	2571	2592	2579	2584	2556	2563	2566	2585	2569	2574	2539	2592	2609	2553	2573	2623	2532	2663	2602	2567	2585	2626	2594	2611	2607	2621	2612	2626	2631	2626	2599	2549	2553	2480	2622	2562	2570	2546	2577	2555	2582	2593	2491	2540	2570	2590	2568	2601	2634	2589	2555	2600	2555	2569	2602	2610	2613	2555	2571	2597	2619	2629	2595	2610	2566	2557	2614	2557	2564	2486	2660	2661	2547	2563	2557	2611	2584	2550	815.0987605
2705	2783	2748	2755	2712	2735	2773	2788	2769	2749	2739	2671	2717	2754	2618	2780	2789	2759	2764	2733	2784	2741	2745	2701	2738	2733	2783	2741	2732	2728	2698	2727	2676	2731	2754	2724	2749	2721	2822	2787	2724	2715	2731	2787	2722	2711	2702	2764	2712	2699	2700	2734	2754	2740	2670	2702	2686	2791	2743	2686	2762	2747	2686	2712	2738	2684	2675	2649	2766	2795	2641	2741	2694	2781	2749	2674	2765	2740	2685	2685	2758	2722	2630	2769	2767	2677	2727	2757	2694	2759	2726	2684	2667	2753	2686	2770	818.097918
2942	2878	2935	2871	3017	2925	3062	3004	2969	2937	2928	2903	2924	2847	2929	2944	2993	2937	2947	2982	2934	2910	2940	2956	2984	2939	2941	3000	2907	2943	2895	2951	2939	2887	2929	2931	2912	2983	2918	2941	2836	2861	2912	2999	3048	2892	2926	2930	2919	3007	2890	2897	2868	2971	2979	2883	2814	2960	2906	2850	2882	2996	2929	2903	2914	2870	2902	2918	2923	2944	2971	2985	2896	2949	2959	2945	2942	2962	2959	3003	2896	2972	2934	2979	2888	2883	3004	2920	2913	2892	2886	2888	2908	2952	2981	2910	821.0955671
3297	3250	3197	3267	3252	3243	3269	3306	3298	3260	3194	3302	3206	3196	3206	3317	3283	3300	3244	3253	3241	3249	3240	3208	3271	3134	3234	3245	3182	3240	3273	3202	3231	3172	3237	3330	3332	3288	3283	3298	3222	3247	3277	3271	3233	3232	3250	3215	3175	3216	3174	3216	3329	3194	3228	3339	3282	3257	3267	3258	3283	3255	3267	3285	3233	3232	3205	3160	3263	3257	3224	3240	3190	3292	3218	3270	3194	3302	3225	3238	3290	3225	3147	3242	3206	3206	3295	3260	3249	3238	3237	3228	3212	3174	3221	3234	824.0917091
3641	3640	3711	3709	3679	3728	3723	3718	3617	3768	3754	3750	3618	3728	3599	3677	3714	3563	3655	3681	3774	3594	3689	3726	3742	3603	3740	3738	3601	3653	3619	3746	3715	3611	3644	3784	3692	3774	3691	3703	3699	3693	3596	3670	3556	3673	3683	3654	3670	3639	3681	3649	3714	3673	3608	3618	3602	3600	3620	3662	3631	3607	3707	3758	3736	3698	3634	3636	3711	3658	3686	3663	3683	3671	3661	3660	3682	3705	3684	3727	3746	3668	3766	3580	3714	3758	3662	3593	3683	3647	3602	3640	3721	3632	3641	3733	827.0863449
4163	4204	4125	4197	4123	4127	4245	4242	4167	4168	4213	4187	4204	4053	4123	4203	4152	4172	4164	4155	4135	4202	4114	4181	4092	4174	4171	4198	4226	4199	4148	4167	4110	4175	4157	4002	4080	4238	4262	4176	4189	4187	4156	4185	4190	4113	4244	4083	4138	4140	4144	4162	4043	4308	4092	4185	4119	4095	4165	4256	4070	4095	4148	4191	4134	4146	4186	4138	4165	4075	4175	4166	4140	4048	4120	4083	4148	4172	4165	4175	4139	4107	4156	4130	4135	4085	4164	4240	4150	4147	4157	4103	4220	4143	4168	4191	830.0794757
4538	4469	4403	4483	4410	4386	4432	4469	4427	4407	4406	4402	4427	4385	4348	4411	4354	4392	4489	4415	4461	4400	4466	4372	4470	4313	4453	4366	4397	4375	4498	4446	4413	4423	4430	4505	4431	4479	4430	4455	4483	4477	4376	4358	4409	4404	4489	4444	4287	4453	4384	4395	4334	4423	4413	4414	4474	4442	4425	4321	4448	4461	4460	4317	4406	4433	4438	4391	4453	4398	4383	4441	4415	4449	4427	4420	4403	4437	4441	4397	4357	4483	4454	4393	4312	4336	4464	4487	4488	4456	4294	4412	4431	4507	4506	4361	833.056928
4324	4363	4405	4271	4292	4329	4364	4388	4341	4387	4284	4349	4335	4287	4263	4414	4236	4354	4371	4419	4485	4300	4311	4352	4388	4407	4346	4308	4303	4250	4287	4249	4424	4351	4335	4304	4327	4335	4345	4306	4274	4283	4325	4261	4277	4343	4308	4328	4356	4356	4308	4292	4286	4377	4256	4380	4276	4398	4310	4283	4282	4348	4345	4345	4317	4339	4293	4306	4300	4281	4326	4291	4312	4386	4318	4281	4237	4347	4370	4181	4323	4338	4339	4341	4364	4305	4320	4303	4320	4350	4329	4325	4260	4321	4264	4309	836.0470595
4160	4131	4060	4152	4160	4187	4162	4153	4142	4096	4125	4194	4080	4095	4154	4241	4208	4117	4162	4204	3997	4097	4053	4005	4162	4152	4132	4088	4099	4112	4147	4108	4121	4169	4126	4087	4219	4251	4332	4195	4177	4073	4131	4104	4116	4127	4178	4221	4127	4084	4120	4092	4143	4171	4059	4178	4028	4212	4200	4159	4100	4110	4074	4195	4091	4161	4100	4194	4123	4097	4130	4106	4158	4186	4135	4170	4084	4053	4096	4147	4227	4088	4169	4155	4113	4074	4050	4077	4196	4166	4106	4026	4137	4109	4101	4117	839.0215288
3962	3989	4025	3956	3998	3993	4037	3940	3971	4147	3978	4042	3942	3929	3844	4042	4014	3992	4022	3984	4001	3957	3884	3902	3996	3900	4070	4015	3980	4074	4003	3945	3928	4003	3989	3912	4087	3945	4006	3865	4038	3940	4008	3852	3926	4004	4051	3951	3932	3924	4012	4009	4019	3979	3981	3984	4012	3984	3972	3925	3990	3992	3964	3991	3911	3974	3910	4012	3905	3996	4006	3938	3951	3942	3993	4044	3907	4008	3976	4088	3916	3934	3954	3905	3973	3976	4029	3945	3959	4007	4016	3934	3943	3998	4098	3911	842.0086654
3827	3859	3796	3924	3831	3818	3888	3827	3785	3775	3788	3811	3793	3828	3780	3858	3885	3862	3877	3843	3757	3814	3816	3857	3892	3898	3809	3844	3779	3824	3912	3834	3756	3851	3829	3853	3878	3800	3798	3826	3778	3880	3867	3832	3873	3842	3804	3807	3810	3816	3808	3767	3791	3803	3899	3923	3871	3811	3779	3853	3761	3686	3834	3831	3816	3838	3791	3825	3780	3853	3873	3797	3918	3896	3805	3838	3888	3848	3908	3883	3815	3858	3778	3832	3886	3897	3784	3950	3824	3834	3803	3799	3804	3804	3806	3936	844.9801563
3766	3670	3691	3658	3731	3669	3728	3697	3686	3741	3728	3660	3661	3782	3595	3690	3705	3788	3717	3712	3694	3725	3755	3640	3665	3617	3644	3634	3622	3657	3679	3713	3614	3702	3616	3624	3635	3685	3786	3746	3657	3732	3660	3770	3707	3650	3667	3644	3676	3673	3673	3661	3662	3734	3709	3590	3705	3712	3679	3620	3560	3688	3621	3735	3672	3589	3666	3690	3731	3622	3630	3646	3598	3676	3754	3578	3684	3715	3573	3664	3669	3661	3709	3684	3680	3696	3652	3470	3739	3681	3724	3672	3574	3643	3647	3731	847.9501631
3491	3487	3548	3529	3533	3458	3569	3477	3531	3506	3461	3481	3418	3498	3429	3524	3530	3468	3491	3488	3467	3453	3449	3465	3505	3547	3411	3515	3450	3408	3543	3468	3403	3439	3431	3501	3470	3501	3570	3471	3496	3472	3436	3525	3532	3487	3529	3440	3453	3428	3480	3481	3473	3492	3410	3372	3468	3427	3517	3394	3486	3360	3390	3431	3467	3519	3485	3552	3463	3477	3499	3466	3414	3495	3457	3504	3484	3408	3472	3474	3414	3413	3432	3500	3453	3563	3459	3375	3411	3514	3372	3492	3406	3564	3433	3500	850.9186871
3319	3262	3248	3321	3328	3318	3276	3330	3318	3333	3199	3283	3275	3290	3338	3377	3254	3242	3319	3288	3312	3218	3242	3317	3269	3287	3307	3271	3339	3306	3268	3268	3246	3278	3272	3265	3283	3253	3266	3285	3338	3258	3342	3325	3276	3218	3274	3307	3230	3268	3299	3344	3225	3328	3232	3179	3275	3294	3248	3350	3318	3216	3163	3314	3312	3234	3309	3301	3267	3226	3334	3203	3324	3263	3208	3335	3207	3321	3319	3324	3315	3308	3264	3370	3249	3184	3203	3238	3263	3267	3262	3222	3210	3361	3263	3260	853.8857293
3108	3184	3160	3149	3149	3140	3293	3176	3225	3118	3179	3179	3200	3101	3109	3193	3207	3167	3149	3133	3176	3105	3200	3130	3152	3177	3043	3082	3159	3182	3171	3089	3165	3163	3137	3155	3176	3195	3161	3105	3179	3117	3206	3098	3146	3110	3216	3227	3138	3174	3165	3177	3232	3140	3121	3104	3192	3123	3130	3092	3124	3125	3158	3198	3150	3169	3089	3116	3157	3096	3158	3158	3197	3132	3165	3163	3121	3123	3232	3185	3212	3085	3161	3136	3161	3103	3189	3109	3167	3132	3155	3103	3208	3198	3197	3146	856.8512908
3165	3143	3124	3145	3068	3137	3115	3143	3139	3170	3099	3191	3126	3098	3068	3051	3124	3078	3169	3102	3188	3072	3138	3074	3128	3159	3156	3022	3064	3056	3069	3044	3123	3090	3190	3146	3141	3179	3077	3171	3101	3055	3067	3097	3098	3075	3014	3158	3053	3088	3026	3070	3071	3099	3151	3067	3081	3112	3114	3097	3059	3135	3088	3015	3171	3071	3098	3097	3027	3088	3061	3122	3127	3141	3082	3125	3168	3097	3110	3050	3137	3119	3062	3068	3128	3118	3084	3048	3121	3069	3126	3103	3117	3057	3171	3013	859.8153727
3175	3221	3085	3131	3125	3099	3129	3084	3110	3143	3081	3171	3127	3118	2995	3104	3133	3219	3117	3102	3086	3090	3101	3122	3011	3158	3113	3032	3192	3116	3089	3039	3091	3115	3142	3093	3087	3021	3178	3110	3166	3093	3097	3032	3067	3141	3099	3160	3143	2999	3038	3124	3155	3098	3053	3040	3178	3124	3139	3062	3130	3112	3071	3103	3154	3032	3080	3146	3104	3045	3184	3057	3190	3064	3053	3024	3062	3071	3126	3155	3161	3116	3155	3060	3084	3113	3052	3062	3066	3127	3097	3011	3117	3068	3077	3154	862.763872
3097	3287	3166	3132	3128	3163	3193	3119	3164	3171	3097	3127	3064	3085	3116	3151	3206	3126	3106	3163	3147	3141	3045	3190	3104	3050	3194	3082	3107	3084	3187	3085	3058	3126	3099	3109	3146	3103	3128	3080	3117	3119	3084	3128	3196	3093	3073	3047	3128	3181	3108	3120	3060	3061	3041	3146	3155	3167	3159	3114	3117	3211	3092	3133	3156	3171	3025	3084	3113	3103	3044	3044	3167	3131	3191	3168	3080	3115	3129	3194	3108	3113	3085	3067	3055	3033	3134	3144	3088	3040	3092	3131	3113	3132	3161	3074	865.7250051
3087	3052	3145	3090	3224	3135	3161	3099	3178	3183	3076	3152	3065	3131	3130	3132	3192	3145	3098	3145	3089	3148	3118	3146	3179	3177	3067	3030	3134	3059	3144	3102	3106	3154	3152	3090	3204	3138	3017	3142	3108	3077	3072	3076	3100	3067	3057	3081	3088	3061	3055	3115	3147	3089	3120	3117	3114	3079	3101	3083	3070	3121	3087	3144	3109	3052	2999	3095	3132	3081	3055	3208	3101	3162	3115	3176	3102	3086	3157	3140	3109	3141	3176	3150	3115	3034	3137	3108	3106	3109	3128	3146	3121	3107	3071	3165	868.6705718
3001	3025	3173	3153	2978	3070	3074	3089	3031	3095	3140	3061	3047	3026	3063	3113	3047	3115	3125	3036	2989	2999	3089	3063	3043	3069	3056	3066	3003	3149	3028	3121	3040	3017	3036	3037	3122	3006	3054	3033	3081	3077	3061	3061	3086	3054	2968	3105	3064	3014	2961	3062	3026	3061	3012	3057	3065	3081	3104	3104	3107	3093	3056	3035	3050	3108	2990	2966	3074	3013	3029	2991	3107	3067	3099	2979	3087	3012	3074	3086	3110	3075	3057	3102	2989	3014	3030	3095	3052	3090	3024	3065	3014	3085	3098	2999	871.6287605
2929	2942	2931	2898	2938	2972	2920	2886	2924	2971	2980	2927	2891	2903	2899	2896	2898	2980	2928	2977	2988	2872	2877	2935	2900	2957	3038	2959	2999	2872	2946	2949	2917	2911	2955	2898	2959	2934	2950	2926	2939	2988	2896	2955	2962	2929	2935	2954	2956	2893	2850	2956	2912	3004	2923	2925	2913	2925	2927	2953	2837	2868	2808	2935	2907	2967	2921	2921	2845	2847	2912	2874	2956	2889	2957	2933	2966	2925	2927	2966	2931	2873	2913	2962	2886	2849	2919	2886	2971	2919	2937	2867	2835	2908	2944	2890	874.571399
2785	2749	2771	2758	2715	2758	2763	2794	2727	2776	2791	2735	2678	2645	2704	2821	2772	2726	2730	2804	2729	2724	2710	2719	2793	2718	2739	2691	2691	2728	2727	2695	2714	2722	2747	2726	2756	2668	2773	2693	2683	2707	2748	2758	2688	2717	2644	2739	2761	2676	2713	2759	2637	2651	2683	2741	2685	2730	2751	2702	2713	2716	2644	2710	2736	2733	2743	2731	2763	2720	2740	2679	2744	2700	2713	2704	2716	2794	2656	2746	2681	2719	2751	2710	2720	2773	2668	2718	2657	2782	2648	2744	2721	2751	2702	2691	877.5125786
2590	2522	2524	2606	2561	2578	2633	2549	2515	2512	2494	2519	2524	2452	2530	2623	2580	2533	2632	2579	2560	2580	2504	2490	2502	2542	2550	2535	2482	2463	2445	2602	2569	2596	2487	2486	2528	2558	2517	2553	2569	2602	2577	2543	2547	2526	2492	2588	2446	2502	2532	2566	2623	2572	2584	2512	2533	2561	2587	2528	2539	2493	2447	2549	2492	2540	2571	2494	2460	2521	2549	2526	2480	2586	2597	2527	2479	2552	2566	2616	2550	2497	2481	2501	2524	2533	2545	2584	2573	2513	2506	2483	2498	2471	2462	2513	880.4663624
2388	2343	2320	2441	2416	2319	2383	2395	2408	2419	2358	2374	2419	2346	2390	2367	2412	2356	2394	2425	2361	2345	2330	2400	2394	2369	2331	2350	2318	2326	2377	2388	2443	2401	2337	2336	2354	2377	2442	2364	2356	2439	2405	2349	2330	2363	2407	2341	2363	2374	2391	2373	2324	2328	2385	2363	2279	2363	2398	2320	2343	2380	2337	2313	2354	2358	2370	2334	2329	2384	2373	2396	2371	2391	2408	2375	2326	2397	2411	2358	2423	2403	2334	2371	2388	2372	2349	2343	2323	2408	2354	2361	2242	2367	2379	2403	883.4046203
2217	2257	2326	2280	2254	2271	2241	2300	2313	2324	2246	2291	2270	2248	2267	2288	2290	2290	2333	2282	2219	2168	2224	2220	2178	2227	2240	2266	2236	2262	2265	2276	2254	2202	2226	2260	2257	2292	2255	2288	2247	2272	2262	2285	2256	2251	2231	2322	2161	2238	2211	2256	2281	2285	2208	2254	2286	2265	2210	2248	2278	2283	2250	2264	2253	2234	2249	2207	2175	2218	2231	2228	2251	2274	2257	2205	2211	2252	2302	2240	2295	2278	2204	2172	2258	2266	2212	2266	2316	2249	2263	2256	2288	2189	2252	2229	886.3414225
2170	2175	2205	2223	2171	2225	2250	2269	2195	2161	2174	2164	2191	2123	2124	2216	2228	2278	2229	2257	2163	2262	2202	2160	2217	2189	2250	2216	2189	2174	2218	2238	2204	2200	2195	2189	2204	2201	2179	2145	2141	2172	2147	2212	2167	2177	2165	2273	2138	2144	2182	2195	2208	2144	2197	2130	2207	2230	2168	2214	2124	2188	2186	2109	2181	2195	2159	2197	2170	2164	2201	2149	2239	2123	2211	2191	2152	2184	2273	2178	2277	2208	2198	2135	2222	2124	2194	2223	2131	2163	2188	2163	2219	2183	2216	2218	889.2767701
2160	2127	2154	2131	2164	2162	2148	2185	2145	2136	2157	2150	2153	2107	2120	2214	2138	2101	2205	2137	2180	2096	2206	2109	2162	2219	2126	2143	2144	2143	2200	2136	2146	2178	2138	2108	2156	2176	2162	2121	2197	2157	2184	2198	2169	2147	2169	2132	2083	2153	2105	2147	2126	2184	2115	2125	2144	2081	2144	2132	2171	2113	2189	2177	2199	2101	2085	2104	2219	2105	2111	2123	2222	2135	2190	2135	2209	2182	2100	2140	2243	2169	2118	2109	2138	2129	2125	2189	2156	2105	2119	2142	2079	2151	2177	2181	892.1966298
2176	2135	2079	2170	2124	2217	2190	2161	2235	2130	2117	2150	2113	2059	2151	2173	2136	2186	2123	2177	2190	2139	2116	2077	2175	2177	2181	2137	2108	2126	2122	2139	2137	2100	2137	2114	2184	2107	2111	2096	2120	2141	2156	2108	2137	2058	2194	2065	2090	2094	2084	2165	2154	2122	2128	2125	2112	2155	2168	2140	2117	2068	2084	2146	2154	2132	2110	2144	2112	2120	2108	2137	2114	2154	2129	2087	2123	2155	2163	2182	2185	2090	2167	2113	2108	2152	2083	2129	2132	2166	2130	2125	2107	2111	2146	2106	895.1290782
2175	2124	2130	2154	2110	2142	2152	2186	2173	2190	2132	2117	2150	2143	2078	2160	2165	2194	2152	2154	2168	2214	2098	2114	2192	2146	2194	2145	2079	2108	2142	2147	2069	2136	2090	2205	2200	2146	2169	2135	2100	2153	2103	2187	2130	2173	2179	2202	2109	2121	2122	2144	2160	2092	2131	2150	2110	2127	2137	2179	2197	2121	2155	2124	2136	2207	2124	2141	2169	2175	2167	2167	2157	2157	2185	2148	2192	2148	2157	2204	2161	2111	2135	2134	2134	2098	2141	2104	2126	2108	2167	2125	2138	2136	2127	2120	898.0600753
2206	2194	2198	2211	2189	2178	2191	2213	2208	2263	2217	2221	2192	2167	2203	2268	2234	2236	2276	2222	2224	2144	2184	2166	2200	2205	2225	2129	2173	2203	2200	2272	2258	2188	2221	2149	2305	2201	2180	2279	2162	2116	2178	2239	2279	2165	2230	2178	2239	2169	2148	2139	2201	2148	2186	2140	2186	2260	2197	2206	2206	2253	2211	2106	2210	2211	2179	2178	2186	2218	2267	2180	2216	2195	2182	2263	2213	2175	2241	2198	2205	2152	2177	2200	2155	2187	2216	2186	2186	2258	2194	2188	2228	2193	2205	2211	900.9756085
2252	2254	2232	2289	2242	2255	2297	2324	2252	2266	2336	2265	2246	2187	2216	2264	2274	2300	2283	2188	2263	2292	2166	2187	2263	2294	2233	2222	2220	2258	2267	2179	2228	2223	2217	2217	2295	2239	2284	2296	2263	2258	2187	2245	2323	2299	2320	2271	2204	2272	2241	2187	2251	2286	2251	2206	2223	2164	2275	2281	2291	2239	2260	2194	2249	2230	2216	2255	2278	2220	2197	2204	2206	2233	2234	2287	2217	2233	2245	2242	2260	2276	2299	2199	2231	2227	2265	2243	2214	2167	2203	2243	2240	2247	2261	2265	903.903713
2357	2306	2303	2268	2330	2264	2334	2342	2338	2285	2331	2282	2273	2202	2281	2344	2329	2298	2299	2301	2302	2308	2261	2262	2341	2276	2306	2264	2340	2259	2309	2273	2289	2277	2255	2282	2329	2366	2331	2301	2294	2303	2287	2285	2337	2262	2263	2234	2270	2300	2302	2276	2314	2374	2268	2253	2288	2260	2238	2229	2229	2313	2268	2298	2221	2282	2349	2259	2292	2312	2302	2304	2242	2279	2309	2356	2304	2296	2365	2311	2358	2309	2281	2274	2307	2318	2325	2255	2261	2339	2241	2301	2312	2327	2250	2316	906.8163695
2356	2345	2352	2360	2364	2389	2329	2336	2350	2362	2346	2315	2352	2360	2292	2327	2325	2407	2332	2386	2400	2305	2361	2349	2342	2298	2401	2345	2316	2319	2343	2392	2369	2411	2283	2398	2304	2421	2413	2321	2321	2402	2314	2346	2406	2346	2337	2358	2314	2317	2287	2330	2230	2290	2342	2252	2317	2371	2343	2333	2407	2306	2433	2273	2313	2324	2279	2334	2424	2368	2324	2330	2402	2313	2339	2337	2369	2369	2373	2389	2390	2298	2354	2314	2281	2371	2288	2369	2373	2306	2308	2337	2286	2238	2281	2387	909.7275928
2389	2344	2374	2354	2342	2372	2395	2381	2313	2406	2336	2383	2363	2344	2343	2474	2373	2334	2399	2489	2385	2367	2305	2358	2427	2376	2364	2385	2400	2421	2352	2384	2411	2420	2366	2328	2452	2452	2425	2396	2367	2354	2419	2374	2385	2349	2378	2320	2302	2339	2364	2356	2346	2284	2385	2388	2336	2341	2372	2364	2387	2411	2368	2412	2409	2338	2348	2351	2321	2334	2368	2391	2348	2408	2344	2357	2411	2333	2345	2380	2387	2377	2352	2367	2410	2383	2363	2373	2379	2371	2348	2339	2348	2366	2330	2395	912.6513697
2440	2478	2420	2450	2436	2418	2501	2519	2444	2500	2427	2514	2473	2487	2437	2507	2464	2515	2385	2450	2412	2437	2457	2502	2443	2462	2407	2415	2395	2477	2508	2409	2385	2392	2394	2368	2547	2454	2410	2480	2441	2365	2508	2400	2436	2467	2444	2435	2432	2438	2417	2447	2426	2413	2435	2473	2398	2459	2465	2433	2436	2385	2394	2361	2382	2418	2385	2454	2405	2500	2425	2451	2403	2466	2461	2410	2461	2409	2486	2409	2450	2369	2416	2455	2406	2476	2496	2418	2465	2397	2414	2417	2369	2472	2439	2372	915.5597227
2472	2527	2491	2564	2521	2503	2547	2493	2556	2464	2500	2553	2449	2474	2446	2573	2569	2490	2497	2479	2562	2494	2487	2471	2468	2440	2486	2436	2471	2506	2462	2493	2523	2553	2473	2525	2509	2496	2499	2494	2488	2526	2515	2475	2486	2485	2540	2467	2427	2485	2454	2437	2487	2496	2501	2502	2420	2469	2540	2535	2485	2426	2466	2521	2463	2465	2439	2495	2473	2511	2507	2483	2470	2435	2469	2519	2421	2431	2550	2478	2504	2448	2416	2466	2542	2401	2486	2494	2515	2486	2432	2526	2430	2491	2519	2485	918.4666456
2516	2555	2533	2591	2495	2538	2521	2546	2601	2481	2550	2565	2533	2406	2505	2521	2542	2510	2559	2520	2572	2470	2483	2540	2518	2468	2475	2535	2530	2521	2469	2566	2523	2523	2560	2573	2559	2504	2549	2517	2543	2510	2490	2491	2572	2580	2589	2538	2534	2529	2460	2504	2482	2502	2508	2527	2387	2503	2416	2423	2433	2554	2509	2499	2446	2473	2562	2529	2506	2485	2448	2552	2520	2534	2544	2552	2536	2549	2542	2465	2569	2507	2529	2524	2562	2457	2427	2565	2530	2526	2522	2503	2466	2479	2505	2507	921.3721394
2409	2461	2521	2473	2438	2504	2474	2509	2461	2488	2496	2443	2439	2442	2436	2469	2507	2502	2474	2546	2529	2428	2501	2461	2509	2548	2449	2466	2447	2421	2469	2423	2421	2493	2451	2470	2549	2398	2608	2524	2477	2470	2438	2477	2389	2484	2457	2464	2456	2400	2399	2431	2517	2477	2474	2451	2400	2423	2375	2392	2496	2467	2466	2457	2547	2464	2454	2358	2459	2460	2447	2446	2473	2461	2498	2469	2430	2397	2515	2521	2549	2473	2473	2484	2400	2409	2531	2490	2529	2468	2429	2450	2448	2511	2555	2447	924.2762051
2352	2428	2410	2467	2458	2434	2501	2436	2437	2382	2360	2417	2459	2400	2366	2462	2465	2401	2470	2440	2368	2390	2414	2424	2331	2385	2343	2411	2410	2448	2426	2427	2383	2339	2444	2422	2378	2457	2431	2400	2395	2372	2442	2421	2374	2454	2401	2376	2381	2440	2380	2405	2456	2423	2371	2410	2403	2481	2367	2387	2439	2342	2409	2425	2374	2385	2360	2422	2379	2422	2415	2430	2427	2393	2428	2378	2358	2436	2443	2445	2412	2357	2436	2427	2403	2363	2387	2368	2463	2372	2415	2330	2389	2424	2383	2398	927.1648924
2354	2287	2388	2391	2291	2394	2417	2420	2360	2353	2331	2371	2385	2311	2326	2346	2359	2378	2414	2407	2453	2325	2343	2421	2410	2359	2378	2287	2304	2286	2341	2393	2371	2345	2315	2355	2336	2420	2417	2358	2313	2376	2330	2381	2324	2367	2325	2277	2402	2353	2383	2297	2269	2402	2311	2352	2362	2354	2397	2370	2287	2351	2286	2346	2334	2369	2440	2344	2395	2329	2344	2379	2371	2350	2332	2448	2315	2346	2374	2376	2437	2342	2307	2399	2332	2293	2312	2352	2328	2324	2268	2374	2344	2292	2346	2339	930.0661121
2373	2300	2305	2251	2287	2275	2281	2311	2312	2282	2285	2294	2302	2234	2257	2308	2310	2299	2290	2348	2344	2298	2300	2227	2222	2306	2298	2257	2260	2265	2290	2208	2314	2317	2308	2303	2304	2273	2362	2332	2221	2261	2234	2247	2265	2252	2255	2345	2213	2234	2179	2295	2266	2355	2280	2247	2254	2230	2259	2281	2303	2301	2258	2254	2305	2297	2212	2187	2346	2271	2229	2262	2318	2295	2253	2282	2321	2310	2326	2303	2269	2251	2227	2294	2234	2244	2260	2319	2247	2243	2260	2224	2225	2286	2253	2336	932.965907
2185	2190	2232	2140	2187	2225	2289	2242	2227	2219	2189	2198	2177	2145	2212	2263	2222	2242	2177	2192	2204	2178	2229	2186	2188	2175	2222	2205	2137	2269	2157	2171	2197	2194	2202	2190	2221	2222	2221	2209	2147	2176	2223	2203	2257	2154	2219	2191	2244	2144	2181	2182	2259	2179	2195	2209	2216	2252	2187	2209	2159	2213	2232	2206	2233	2172	2236	2167	2246	2202	2185	2113	2158	2171	2235	2219	2246	2168	2217	2275	2201	2116	2228	2258	2126	2213	2189	2148	2204	2184	2224	2202	2229	2211	2178	2217	935.8503471
2083	2111	2172	2132	2117	2135	2164	2163	2151	2109	2127	2183	2049	2067	2084	2197	2159	2167	2176	2168	2134	2138	2081	2124	2070	2088	2054	2069	2069	2110	2148	2063	2119	2152	2084	2127	2157	2181	2134	2134	2083	2095	2167	2037	2089	2136	2151	2124	2132	2128	2116	2135	2134	2177	2130	2121	2084	2074	2105	2105	2135	2098	2104	2116	2147	2150	2064	2123	2109	2054	2069	2143	2125	2173	2219	2089	2153	2136	2166	2131	2146	2107	2137	2102	2132	2069	2149	2119	2097	2122	2135	2050	2107	2105	2164	2107	938.7473022
2038	2063	2040	2080	2059	2096	2098	2102	2125	2091	2054	2061	2009	2035	1990	2092	2062	2144	2044	2020	2050	1986	2033	1998	2082	1989	2045	2030	2020	2023	1997	2025	2039	2016	2042	2043	2050	2044	2094	2066	2055	2072	2050	2076	2060	2048	2044	2076	1967	2037	2076	2102	2093	2020	2066	2005	2048	2098	2060	2080	1951	2007	2026	1976	2071	2050	1993	2044	2031	2013	2057	2081	2058	2013	2038	2076	2035	2098	2079	2087	2151	2055	2068	2081	2075	2042	2009	2018	2053	2005	2071	2036	2006	1985	2040	2026	941.6289182
2008	1951	1959	1993	2008	1982	2006	2032	2051	2036	1994	2016	1971	2023	1976	1972	2102	1967	1992	2036	2034	2019	1983	2023	1929	2061	2019	1923	1980	2012	2028	1985	1981	1969	1999	1999	2026	1981	2038	1982	2001	2008	1997	1962	2022	1964	2013	1996	2016	1964	2022	2001	1989	1989	1998	2005	1950	1925	1985	1932	1932	2082	2036	1981	1974	2007	1938	1972	2013	1954	1982	1934	1981	2034	1985	1994	1946	1984	1994	1961	1957	2056	2000	1978	1931	1970	1991	1988	1918	1959	1952	2025	1992	2030	1961	1924	944.5091272
1920	1952	1963	2000	1952	1924	1958	1998	1994	1949	1970	1981	1948	1923	1895	1992	2008	1951	1960	1931	1915	1941	1924	1920	1957	1916	1919	1874	1975	1863	1994	1980	1968	1943	1934	1956	1935	1970	1977	1876	1929	1978	1950	1926	1961	1916	1906	1935	1889	1909	1948	1951	1926	1887	2004	1943	1932	1973	1936	1889	1987	1929	1942	1895	1958	1921	1933	1867	1900	1970	1908	1844	1944	1924	1924	1996	1951	1903	2027	1971	1908	1918	1927	1944	1897	1911	1871	1934	1965	1952	1904	1874	1970	1923	1889	1929	947.3879301
1935	1908	1902	1900	1859	1854	1894	1856	1868	1882	1880	1894	1841	1843	1885	1907	1955	1984	1922	1842	1883	1908	1853	1870	1876	1839	1958	1862	1892	1829	1923	1816	1887	1875	1902	1889	1874	1905	1931	1891	1871	1865	1893	1870	1965	1895	1901	1902	1825	1851	1847	1838	1921	1898	1866	1860	1894	1890	1858	1839	1886	1829	1868	1899	1930	1856	1896	1858	1872	1848	1830	1942	1930	1889	1867	1855	1885	1864	1941	1874	1899	1894	1902	1902	1869	1817	1820	1868	1952	1882	1926	1901	1827	1890	1839	1892	950.2653281
1840	1841	1868	1862	1826	1885	1844	1911	1841	1844	1889	1825	1827	1793	1810	1912	1834	1843	1839	1859	1852	1862	1826	1783	1860	1857	1844	1855	1840	1852	1888	1819	1832	1834	1893	1853	1899	1849	1858	1842	1860	1808	1861	1830	1798	1826	1890	1832	1856	1862	1865	1817	1844	1889	1846	1802	1840	1894	1844	1847	1823	1854	1851	1825	1829	1865	1809	1823	1788	1825	1825	1881	1778	1864	1881	1826	1830	1840	1852	1809	1901	1876	1898	1826	1883	1878	1826	1818	1814	1861	1833	1817	1772	1889	1817	1834	953.1413221
1832	1829	1844	1834	1809	1803	1915	1828	1863	1813	1859	1836	1791	1779	1829	1851	1821	1824	1879	1775	1827	1796	1768	1777	1797	1828	1770	1755	1816	1793	1768	1800	1855	1804	1810	1793	1824	1769	1840	1830	1802	1807	1800	1838	1827	1829	1824	1767	1784	1783	1809	1859	1759	1768	1755	1751	1808	1810	1806	1858	1791	1793	1790	1837	1775	1774	1804	1761	1797	1793	1793	1749	1827	1770	1781	1808	1831	1723	1838	1805	1852	1832	1812	1763	1735	1797	1776	1862	1832	1784	1841	1732	1805	1841	1808	1770	956.0159131
1784	1837	1773	1787	1803	1817	1835	1848	1785	1835	1752	1764	1803	1768	1775	1809	1820	1817	1846	1806	1763	1803	1792	1788	1742	1844	1767	1770	1807	1783	1793	1775	1775	1762	1779	1805	1876	1777	1882	1792	1780	1769	1816	1762	1849	1818	1766	1788	1848	1744	1768	1787	1769	1716	1789	1749	1757	1783	1755	1818	1818	1797	1773	1781	1796	1831	1760	1814	1796	1771	1804	1790	1810	1837	1776	1744	1796	1782	1830	1818	1798	1786	1790	1796	1776	1756	1746	1777	1842	1763	1780	1740	1759	1747	1790	1799	958.8891022
1750	1757	1797	1809	1793	1797	1764	1824	1880	1782	1821	1784	1733	1707	1780	1813	1905	1838	1816	1795	1785	1791	1806	1779	1776	1767	1792	1763	1794	1766	1785	1842	1795	1798	1769	1752	1781	1802	1796	1783	1802	1795	1773	1774	1826	1799	1821	1858	1774	1812	1756	1820	1811	1778	1787	1791	1839	1806	1766	1712	1790	1741	1776	1858	1746	1794	1741	1776	1781	1758	1756	1758	1812	1787	1776	1809	1776	1818	1816	1805	1828	1759	1818	1797	1821	1813	1773	1781	1815	1747	1779	1762	1747	1719	1780	1766	961.7608905
1814	1856	1829	1784	1859	1824	1784	1760	1803	1776	1778	1802	1792	1820	1722	1836	1821	1836	1796	1865	1826	1778	1803	1810	1817	1793	1801	1813	1792	1806	1770	1771	1803	1812	1807	1780	1797	1738	1792	1771	1838	1769	1803	1794	1742	1734	1796	1837	1831	1726	1792	1764	1772	1782	1817	1755	1777	1782	1789	1767	1774	1792	1804	1812	1759	1784	1837	1794	1787	1779	1793	1782	1843	1800	1826	1779	1764	1802	1825	1846	1803	1804	1753	1757	1797	1806	1739	1800	1783	1821	1747	1747	1853	1752	1801	1819	964.6174156
1834	1710	1787	1800	1780	1780	1783	1829	1842	1859	1801	1835	1770	1789	1784	1842	1787	1788	1874	1810	1825	1807	1795	1750	1776	1784	1772	1773	1794	1802	1777	1766	1792	1844	1851	1811	1834	1831	1799	1780	1807	1799	1799	1810	1745	1850	1756	1799	1727	1764	1765	1791	1767	1815	1822	1714	1794	1804	1752	1792	1733	1778	1829	1796	1757	1821	1741	1815	1728	1765	1802	1775	1816	1829	1789	1776	1824	1778	1813	1844	1839	1815	1813	1756	1744	1788	1783	1847	1796	1762	1835	1760	1802	1763	1754	1735	967.4864119
1809	1846	1761	1799	1845	1803	1767	1850	1821	1767	1786	1791	1766	1762	1830	1822	1802	1771	1791	1861	1799	1808	1777	1819	1837	1820	1774	1765	1782	1755	1712	1786	1787	1774	1801	1792	1724	1799	1769	1785	1778	1802	1799	1730	1800	1824	1810	1789	1763	1813	1774	1766	1823	1803	1785	1793	1797	1809	1789	1837	1792	1784	1738	1797	1801	1755	1806	1776	1755	1763	1810	1771	1826	1760	1812	1838	1793	1760	1788	1792	1762	1789	1803	1814	1765	1751	1768	1789	1775	1808	1765	1803	1845	1810	1775	1778	970.3401606
1794	1811	1789	1795	1777	1828	1777	1831	1847	1814	1803	1826	1793	1780	1745	1807	1819	1868	1851	1849	1748	1755	1832	1787	1882	1788	1800	1781	1825	1785	1784	1735	1827	1808	1806	1753	1797	1844	1843	1791	1766	1832	1735	1778	1787	1829	1843	1792	1795	1757	1740	1823	1787	1846	1784	1807	1839	1772	1872	1830	1751	1808	1803	1796	1785	1828	1777	1801	1726	1779	1793	1750	1790	1786	1787	1769	1816	1804	1807	1812	1808	1843	1819	1844	1798	1806	1786	1809	1836	1814	1773	1806	1788	1809	1784	1776	973.2063691
1793	1829	1853	1878	1901	1826	1869	1869	1841	1844	1804	1873	1850	1782	1835	1863	1839	1871	1807	1810	1889	1844	1851	1833	1805	1777	1846	1787	1805	1833	1802	1815	1793	1881	1871	1849	1852	1874	1875	1838	1829	1811	1854	1812	1821	1835	1823	1881	1848	1782	1796	1867	1810	1861	1845	1897	1798	1863	1834	1815	1863	1769	1830	1881	1852	1824	1849	1814	1812	1874	1842	1844	1860	1882	1822	1834	1895	1824	1879	1868	1831	1812	1888	1840	1897	1829	1811	1856	1811	1836	1835	1808	1846	1868	1855	1861	976.0573454
1900	1907	1917	1919	1866	1833	1905	1933	1948	1855	1870	1892	1855	1837	1852	1931	1914	1942	1856	1964	1891	1820	1905	1929	1860	1871	1893	1874	1892	1820	1842	1855	1858	1883	1849	1860	1925	1868	1877	1883	1886	1834	1856	1946	1898	1879	1885	1865	1859	1830	1858	1840	1909	1895	1845	1870	1859	1853	1859	1894	1835	1861	1862	1900	1879	1820	1853	1911	1886	1895	1915	1821	1913	1882	1922	1885	1908	1884	1874	1990	1904	1862	1859	1877	1871	1849	1897	1898	1833	1902	1856	1845	1919	1845	1868	1832	978.9069404
1869	1970	1899	1929	1950	1944	1956	1963	1983	1937	1913	1927	1901	1907	1880	1941	1902	1954	1994	1910	1916	1928	1899	1903	1904	1916	1879	1897	1916	1951	1961	1947	1891	1941	1945	1918	1890	1905	1953	1862	1955	1894	1879	1863	1992	1909	1900	1892	1936	1922	1909	1898	1925	1932	1885	1905	1938	1890	1875	1888	1879	1904	1924	1915	1932	1868	1927	1878	1914	1920	1915	1885	1949	1924	1957	1920	1867	1890	1950	1942	1965	1897	1882	1896	1932	1856	1929	1892	1932	1825	1937	1917	1889	1934	1927	1930	981.7551551
2015	1940	1947	1983	2006	2013	2008	2093	1973	1969	2037	1983	1975	1955	2024	1968	2025	1953	2042	1985	1984	1965	1955	1995	2034	1963	2022	2015	1998	1975	1963	1952	1970	1979	1936	2005	2001	1992	1933	1989	1968	1951	1965	2003	1921	2019	1934	1966	1927	1949	1928	1945	1974	1979	2019	2001	1948	2015	1941	1969	1992	2009	1990	2013	1992	1981	1987	1951	1962	1950	1899	1965	2016	1952	2023	1951	1920	2005	2021	1997	1945	2017	1998	1946	1938	1917	1904	1971	1981	1989	1955	1920	1972	1957	1968	2015	984.6019904
2047	2012	2064	2091	2046	2019	2088	1991	2051	2048	2049	2031	2006	2034	1975	2041	2055	2100	2042	2053	2055	2041	2033	2016	1935	2083	2038	2022	2009	2012	2035	2076	2030	1925	2031	2006	2075	2028	2012	2024	2034	2045	2019	1960	2056	2102	2045	2045	2033	2005	2082	2023	2021	2065	2014	2011	1986	2030	1964	2077	2052	1988	2035	1995	2005	2069	2054	1976	2019	2056	2049	2055	2148	2090	1983	2060	2005	2042	2013	2109	2060	2045	2006	2032	2035	2031	2017	2059	1990	2074	1960	2060	2006	2065	2047	2046	987.4474475
2061	2118	2134	2112	2084	2109	2136	2114	2101	2168	2097	2067	2111	2067	2101	2130	2121	2145	2100	2149	2111	2030	2028	2103	2118	2103	2136	2058	2070	2068	2069	2106	2054	2090	2101	2066	2101	2138	2142	2155	2059	2073	2131	2091	2025	2134	2099	2119	2107	2094	2064	2097	2137	2093	2118	2095	2108	2107	2014	2140	2098	2062	2047	2096	2069	2119	2035	2090	2092	2065	2044	2086	2097	2079	2101	2121	2073	2111	2157	2089	2073	2118	2140	2071	2092	2044	2048	2071	2123	2096	2103	2108	2109	2136	2119	2103	990.2915272
2090	2078	2185	2157	2156	2181	2198	2162	2137	2183	2209	2172	2109	2072	2145	2171	2162	2200	2171	2154	2188	2135	2126	2085	2144	2136	2118	2123	2096	2131	2110	2138	2133	2205	2102	2136	2174	2189	2117	2096	2167	2195	2112	2176	2121	2144	2206	2112	2182	2110	2072	2156	2175	2112	2130	2076	2154	2115	2083	2145	2089	2131	2158	2104	2090	2205	2116	2139	2094	2047	2088	2148	2187	2113	2131	2166	2147	2155	2124	2196	2170	2151	2154	2139	2133	2182	2122	2126	2089	2138	2042	2082	2084	2211	2085	2130	993.1342306
2325	2396	2385	2326	2389	2344	2424	2336	2354	2321	2378	2372	2324	2201	2306	2413	2363	2357	2332	2275	2424	2309	2296	2318	2292	2308	2324	2355	2288	2265	2332	2337	2279	2321	2301	2343	2385	2329	2279	2319	2288	2289	2348	2325	2410	2367	2252	2279	2305	2301	2302	2312	2326	2346	2322	2288	2256	2311	2316	2325	2321	2297	2337	2317	2278	2341	2342	2268	2226	2362	2382	2217	2330	2348	2367	2314	2333	2316	2376	2349	2336	2392	2360	2375	2239	2329	2330	2264	2356	2401	2309	2275	2257	2353	2331	2357	995.9617691
2854	2919	2887	2942	2863	2880	2863	2869	2887	2926	3014	2902	2801	2846	2827	2921	2924	2896	2800	2835	2859	2835	2835	2799	2886	2880	2849	2761	2757	2836	2780	2803	2858	2895	2832	2869	2917	2847	2874	2790	2838	2858	2902	2858	2832	2927	2883	2922	2875	2841	2798	2804	2871	2809	2809	2864	2796	2860	2795	2774	2786	2830	2835	2849	2861	2871	2790	2787	2762	2834	2788	2863	2806	2889	2850	2925	2897	2869	2824	2851	2832	2912	2917	2891	2853	2768	2812	2870	2780	2848	2831	2749	2815	2818	2854	2774	998.8017296
3143	3104	3186	3151	3231	3196	3111	3233	3176	3219	3245	3191	3133	3156	3153	3283	3173	3168	3023	3138	3093	3060	2988	3138	3140	3166	3158	3100	3145	3109	2994	3119	2991	3209	3151	3093	3176	3123	3211	3203	3149	3186	3197	3207	3226	3158	3208	3168	3139	3105	3055	3189	3040	3196	3094	3102	3064	3116	3096	3102	3059	3182	3134	3071	3120	3110	3090	3032	3041	3160	3148	3140	3117	3150	3094	3040	3170	3145	3198	3177	3157	3155	3160	3207	3041	3125	3097	3160	3082	3051	3037	3149	3003	3136	3128	3141	1001.62654
2539	2608	2664	2632	2624	2646	2673	2677	2618	2644	2585	2644	2585	2581	2593	2623	2638	2725	2626	2575	2562	2557	2644	2612	2592	2604	2539	2570	2497	2568	2556	2500	2577	2547	2684	2621	2601	2561	2606	2587	2565	2640	2577	2548	2586	2582	2629	2661	2590	2510	2601	2609	2550	2637	2583	2490	2518	2566	2568	2605	2580	2601	2571	2560	2673	2635	2503	2496	2532	2613	2567	2549	2580	2615	2589	2550	2597	2594	2634	2606	2587	2657	2647	2636	2532	2569	2530	2572	2622	2620	2582	2534	2567	2618	2590	2562	1004.463762
2238	2197	2174	2202	2199	2173	2234	2259	2298	2282	2173	2216	2210	2184	2290	2223	2211	2264	2251	2239	2285	2254	2218	2182	2189	2222	2210	2183	2245	2263	2200	2238	2224	2203	2151	2170	2212	2233	2268	2240	2170	2231	2225	2200	2237	2286	2265	2223	2227	2219	2230	2210	2289	2246	2211	2176	2173	2195	2194	2222	2165	2231	2228	2245	2181	2246	2244	2184	2240	2202	2210	2158	2244	2226	2245	2248	2292	2283	2257	2241	2227	2307	2251	2235	2202	2195	2187	2198	2244	2265	2186	2221	2260	2193	2183	2298	1007.285849
2168	2143	2204	2121	2154	2167	2262	2121	2144	2258	2180	2175	2183	2173	2124	2187	2182	2155	2155	2195	2183	2182	2213	2140	2133	2150	2118	2228	2137	2136	2087	2100	2142	2198	2167	2148	2142	2200	2181	2123	2202	2102	2135	2186	2154	2188	2154	2165	2143	2179	2144	2172	2160	2157	2155	2150	2125	2213	2143	2180	2126	2162	2107	2211	2183	2128	2100	2156	2127	2204	2162	2170	2195	2199	2184	2185	2140	2155	2167	2173	2181	2149	2252	2132	2128	2161	2135	2151	2212	2182	2104	2158	2124	2164	2150	2128	1010.106579
2132	2238	2203	2296	2218	2251	2254	2213	2287	2229	2253	2264	2203	2172	2186	2239	2166	2211	2250	2283	2248	2213	2216	2238	2210	2252	2178	2230	2176	2148	2206	2243	2194	2248	2193	2171	2240	2241	2255	2176	2203	2239	2247	2204	2178	2210	2218	2229	2239	2229	2184	2280	2202	2166	2220	2128	2179	2174	2183	2198	2200	2243	2260	2215	2202	2210	2144	2179	2189	2235	2188	2222	2239	2233	2175	2239	2147	2186	2298	2227	2231	2174	2212	2224	2180	2217	2219	2180	2230	2218	2175	2256	2234	2263	2260	2157	1012.939703
2292	2308	2316	2227	2331	2323	2264	2305	2261	2274	2316	2323	2327	2285	2270	2299	2315	2299	2302	2253	2270	2235	2280	2396	2345	2308	2281	2310	2310	2273	2253	2280	2221	2269	2269	2258	2332	2269	2299	2262	2235	2261	2305	2301	2321	2346	2348	2256	2330	2311	2260	2321	2321	2291	2306	2244	2213	2310	2322	2293	2346	2224	2275	2226	2258	2249	2253	2288	2271	2308	2289	2210	2315	2321	2420	2300	2296	2272	2331	2287	2253	2291	2230	2299	2259	2256	2221	2273	2271	2307	2284	2252	2322	2350	2247	2263	1015.757715
2330	2284	2393	2346	2342	2382	2367	2319	2361	2341	2417	2279	2324	2367	2289	2344	2343	2400	2366	2372	2360	2345	2328	2404	2297	2272	2387	2326	2282	2340	2341	2293	2437	2369	2308	2359	2375	2371	2429	2271	2399	2296	2326	2336	2344	2279	2290	2396	2319	2250	2330	2415	2374	2335	2372	2309	2393	2317	2317	2332	2318	2282	2341	2340	2327	2327	2341	2351	2294	2322	2494	2364	2355	2308	2345	2414	2281	2274	2372	2392	2380	2351	2303	2252	2289	2312	2341	2372	2360	2374	2334	2368	2305	2375	2390	2325	1018.574373
2355	2310	2378	2337	2368	2377	2359	2365	2404	2389	2372	2436	2342	2397	2368	2386	2308	2311	2380	2379	2365	2386	2367	2334	2362	2320	2294	2433	2312	2385	2324	2316	2361	2387	2340	2408	2334	2427	2334	2376	2431	2355	2335	2427	2390	2408	2428	2340	2394	2290	2365	2360	2324	2397	2329	2387	2397	2386	2329	2324	2320	2315	2390	2402	2312	2387	2302	2368	2386	2356	3158	2382	2335	2410	2343	2389	2417	2434	2342	2405	2343	2370	2340	2399	2304	2381	2348	2377	2356	2396	2272	2355	2379	2345	2311	2355	1021.389678
2458	2372	2377	2396	2471	2410	2415	2391	2446	2440	2387	2430	2392	2399	2414	2451	2466	2438	2369	2416	2489	2388	2473	2398	2436	2454	2452	2388	2437	2485	2366	2366	2362	2384	2383	2490	2430	2374	2437	2407	2392	2324	2397	2462	2414	2405	2396	2425	2393	2411	2441	2437	2414	2409	2389	2405	2435	2385	2403	2363	2351	2424	2438	2384	2379	2423	2464	2351	2416	2415	4396	2376	2422	2375	2483	2446	2385	2415	2410	2431	2392	2430	2431	2420	2332	2391	2402	2420	2392	2371	2361	2385	2379	2364	2481	2422	1024.189907
2591	2611	2540	2533	2552	2449	2559	2553	2587	2576	2599	2568	2495	2533	2531	2614	2542	2597	2599	2602	2527	2556	2513	2545	2475	2527	2533	2557	2456	2471	2519	2536	2515	2554	2566	2543	2606	2577	2578	2503	2495	2587	2572	2544	2552	2570	2574	2582	2548	2516	2485	2568	2542	2481	2520	2550	2532	2560	2576	2469	2500	2521	2516	2515	2465	2522	2542	2514	2538	2435	3724	2532	2568	2541	2515	2580	2503	2489	2504	2618	2611	2479	2538	2583	2469	2476	2493	2538	2590	2531	2559	2499	2478	2554	2564	2566	1027.002515
2667	2692	2705	2675	2728	2711	2701	2699	2741	2709	2727	2649	2625	2699	2690	2730	2677	2647	2711	2707	2676	2627	2636	2658	2767	2663	2650	2697	2684	2632	2622	2606	2632	2710	2696	2638	2748	2667	2743	2676	2688	2696	2777	2667	2707	2725	2703	2781	2706	2717	2677	2675	2619	2713	2643	2632	2699	2706	2736	2692	2657	2686	2634	2665	2711	2713	2670	2645	2695	2618	2641	2699	2723	2678	2685	2783	2722	2714	2698	2621	2681	2738	2667	2709	2630	2630	2743	2633	2641	2692	2662	2668	2635	2713	2752	2594	1029.813773
2747	2750	2858	2764	2792	2820	2840	2839	2762	2806	2774	2798	2722	2745	2717	2874	2835	2825	2850	2794	2735	2757	2797	2754	2781	2717	2766	2744	2773	2736	2678	2694	2765	2808	2735	2760	2701	2809	2751	2796	2740	2758	2756	2804	2794	2748	2753	2811	2760	2643	2734	2747	2795	2699	2796	2732	2767	2758	2735	2673	2779	2730	2791	2711	2693	2741	2815	2839	2698	2708	2702	2819	2747	2707	2722	2819	2792	2640	2771	2745	2792	2829	2722	2774	2807	2769	2788	2747	2756	2728	2738	2794	2718	2730	2744	2786	1032.609978
2768	2810	2822	2822	2783	2831	2835	2836	2765	2830	2756	2715	2748	2761	2795	2883	2752	2734	2812	2806	2781	2713	2732	2716	2791	2808	2740	2792	2789	2739	2741	2726	2765	2723	2769	2762	2831	2737	2794	2828	2793	2758	2802	2740	2787	2755	2821	2794	2809	2713	2766	2793	2679	2747	2737	2862	2712	2712	2861	2729	2715	2778	2773	2696	2779	2867	2778	2791	2807	2782	2740	2696	2748	2738	2720	2761	2799	2753	2851	2839	2859	2821	2790	2733	2777	2757	2802	2729	2794	2855	2790	2767	2820	2724	2753	2769	1035.418545
2809	2846	2859	2816	2867	2887	2861	2885	2888	2900	2836	2822	2925	2831	2879	2863	2851	2824	2846	2767	2867	2853	2840	2821	2857	2888	2842	2908	2799	2830	2808	2815	2827	2860	2851	2830	2818	2796	2759	2852	2811	2869	2809	2797	2780	2817	2852	2829	2867	2850	2806	2779	2869	2789	2766	2789	2807	2845	2820	2856	2880	2785	2747	2739	2726	2814	2792	2803	2761	2770	2860	2833	2768	2803	2782	2877	2786	2825	2886	2863	2801	2829	2834	2723	2834	2819	2796	2840	2745	2798	2811	2856	2821	2826	2791	2863	1038.212074
2965	2902	2951	2936	2894	2911	2936	2947	2943	2906	2972	2937	2836	2902	2972	2965	2931	2889	2993	2925	2878	2882	2866	2904	2890	2951	2892	2937	2877	2947	2940	2862	2941	2944	2923	2930	3005	2972	2936	2937	2907	2926	2977	2899	2930	2943	2941	2921	2923	2851	2814	3035	2849	2917	2960	2925	2912	2916	2882	2897	2855	2860	2928	2914	2894	2869	2873	2842	2906	2984	2944	2928	2874	2916	2936	2941	2927	2909	2908	2919	2981	2920	2935	2970	2937	2879	2963	2929	2892	2922	2989	2855	2862	2892	2920	2899	1041.00427
3070	3088	3066	3067	3144	3136	3189	3117	3013	3128	3003	3040	3076	3012	2957	3062	3152	3154	3157	3164	3042	3097	3111	3095	3082	3112	3027	3099	3025	3087	3017	3052	3103	3088	3103	3097	3081	3080	3073	3070	3030	3109	3059	3020	3032	3075	3054	3054	3081	3067	3027	3043	3125	3097	3067	3030	3003	3088	3109	3042	2957	3053	2999	3009	3034	3074	3058	3157	3124	3076	3133	3034	3070	3131	3182	3031	3091	3095	3098	3141	3074	3062	3071	3032	3059	2996	3051	3073	3112	3099	3010	3060	3069	3013	3001	2984	1043.808811
3234	3326	3138	3310	3272	3192	3311	3306	3246	3315	3253	3229	3190	3148	3178	3214	3263	3251	3267	3356	3292	3253	3238	3188	3244	3308	3301	3179	3263	3254	3227	3199	3195	3300	3328	3221	3271	3245	3183	3261	3267	3174	3196	3232	3172	3253	3283	3303	3208	3331	3280	3253	3204	3189	3187	3224	3164	3239	3224	3317	3217	3203	3259	3291	3285	3190	3223	3181	3224	3188	3168	3212	3259	3221	3193	3200	3295	3156	3311	3206	3257	3252	3319	3267	3202	3216	3250	3163	3240	3232	3251	3253	3201	3266	3281	3202	1046.598336
3330	3440	3385	3424	3418	3328	3380	3412	3360	3452	3400	3363	3413	3451	3440	3449	3453	3436	3435	3456	3428	3366	3341	3419	3341	3377	3373	3439	3329	3385	3375	3304	3339	3388	3378	3381	3408	3350	3441	3408	3356	3380	3402	3347	3414	3406	3346	3313	3396	3337	3410	3436	3449	3389	3410	3470	3356	3477	3455	3355	3397	3416	3380	3364	3340	3399	3379	3372	3377	3415	3418	3417	3420	3476	3494	3390	3350	3385	3420	3411	3392	3377	3503	3389	3331	3406	3392	3389	3417	3420	3376	3384	3404	3352	3422	3389	1049.386531
3516	3528	3549	3502	3549	3560	3543	3600	3464	3632	3523	3574	3521	3556	3473	3553	3696	3540	3502	3571	3570	3577	3544	3546	3573	3560	3587	3482	3512	3510	3473	3535	3488	3546	3544	3538	3692	3504	3567	3583	3469	3566	3444	3583	3509	3548	3496	3513	3454	3511	3504	3580	3565	3576	3506	3499	3527	3529	3611	3599	3559	3534	3493	3496	3487	3573	3566	3495	3509	3541	3508	3538	3571	3516	3469	3545	3456	3437	3537	3542	3467	3548	3465	3540	3547	3418	3432	3565	3579	3526	3516	3577	3439	3542	3480	3496	1052.173397
3605	3570	3709	3665	3640	3630	3757	3651	3624	3678	3729	3780	3571	3624	3585	3637	3719	3585	3705	3659	3611	3652	3636	3606	3633	3568	3633	3661	3532	3632	3580	3667	3714	3620	3649	3659	3575	3598	3593	3597	3657	3652	3607	3658	3623	3603	3607	3690	3600	3634	3602	3662	3577	3592	3710	3568	3556	3719	3577	3564	3571	3607	3564	3600	3608	3591	3516	3699	3647	3582	3660	3712	3557	3568	3620	3568	3624	3610	3693	3613	3670	3638	3682	3670	3668	3704	3599	3609	3673	3623	3635	3580	3601	3549	3633	3650	1054.958934
3671	3680	3658	3614	3637	3766	3784	3716	3810	3724	3706	3777	3740	3583	3680	3751	3747	3799	3726	3712	3747	3708	3748	3659	3677	3728	3652	3624	3699	3738	3701	3684	3706	3784	3654	3651	3650	3678	3618	3689	3711	3746	3657	3729	3686	3767	3672	3668	3620	3698	3744	3626	3731	3667	3764	3765	3740	3690	3681	3657	3640	3686	3732	3682	3740	3668	3644	3733	3681	3635	3715	3677	3646	3725	3636	3603	3754	3683	3684	3706	3639	3617	3686	3699	3724	3668	3694	3736	3778	3651	3683	3603	3731	3731	3691	3704	1057.729499
3726	3800	3789	3774	3728	3785	3799	3826	3802	3832	3818	3771	3784	3767	3755	3791	3791	3835	3843	3761	3823	3784	3754	3719	3786	3839	3747	3792	3756	3743	3774	3746	3627	3760	3653	3778	3777	3882	3698	3767	3769	3835	3801	3755	3732	3730	3811	3800	3708	3778	3715	3723	3763	3776	3810	3843	3840	3702	3688	3741	3604	3826	3644	3727	3801	3804	3770	3697	3684	3736	3743	3739	3847	3717	3689	3816	3681	3857	3779	3692	3795	3791	3726	3806	3814	3718	3796	3809	3716	3661	3746	3705	3762	3718	3748	3829	1060.512388
3808	3778	3838	3869	3895	3836	3834	3839	3870	3861	3853	3752	3850	3774	3825	3806	3835	3777	3827	3858	3820	3820	3866	3790	3786	3826	3827	3800	3737	3747	3809	3793	3778	3827	3763	3809	3841	3791	3800	3789	3823	3810	3808	3889	3785	3777	3799	3780	3791	3773	3887	3736	3785	3797	3731	3792	3817	3831	3820	3777	3902	3832	3756	3749	3801	3774	3856	3881	3828	3852	3831	3813	3784	3854	3771	3753	3816	3841	3817	3714	3754	3832	3786	3789	3811	3700	3774	3803	3735	3804	3705	3808	3695	3820	3732	3813	1063.293952
3838	4007	3877	3812	3874	3844	3947	3835	3928	3836	3816	3860	3803	4022	3812	3904	3835	3876	3801	3882	3893	3907	3885	3885	3881	3895	3808	3928	3820	3824	3833	3845	3864	3908	3873	3938	3816	3890	3832	3887	3875	3839	3861	3840	3834	3881	3770	3879	3814	3777	3893	3842	3866	3851	3794	3806	3790	3805	3829	3822	3828	3799	3790	3840	3814	3821	3813	3819	3758	3768	3858	3839	3802	3900	3848	3760	3753	3827	3875	3914	3824	3855	3762	3849	3786	3926	3851	3782	3853	3939	3857	3816	3884	3801	3874	3835	1066.060566
3886	3835	3829	3889	3797	3782	3861	3854	3834	3859	3824	3832	3857	3851	3839	3869	3876	3889	3801	3793	3832	3787	3830	3758	3859	3840	3843	3814	3734	3846	3894	3758	3779	3830	3815	3758	3761	3860	3872	3821	3900	3920	3772	3867	3844	3840	3864	3818	3790	3804	3677	3766	3754	3887	3796	3902	3852	3827	3841	3814	3802	3750	3754	3844	3812	3808	3891	3801	3738	3812	3740	3776	3797	3811	3744	3856	3805	3840	3803	3904	3802	3825	3885	3838	3820	3815	3762	3805	3837	3866	3757	3801	3818	3696	3775	3792	1068.839487
3820	3815	3700	3673	3769	3774	3756	3730	3772	3719	3754	3758	3718	3715	3676	3761	3796	3732	3731	3715	3708	3706	3807	3836	3690	3745	3742	3683	3705	3698	3612	3775	3635	3719	3689	3741	3818	3674	3719	3785	3798	3728	3742	3695	3723	3775	3759	3721	3672	3784	3607	3760	3756	3739	3714	3758	3791	3705	3649	3647	3700	3693	3651	3711	3673	3720	3669	3762	3656	3740	3727	3784	3747	3723	3678	3679	3648	3760	3815	3750	3804	3665	3695	3702	3699	3695	3734	3758	3722	3662	3807	3704	3687	3783	3741	3751	1071.603474
3581	3617	3588	3647	3518	3728	3672	3581	3652	3612	3690	3676	3546	3633	3573	3676	3724	3624	3653	3623	3634	3682	3575	3608	3628	3660	3616	3620	3669	3514	3623	3665	3539	3585	3631	3619	3583	3664	3619	3610	3590	3670	3556	3555	3673	3649	3682	3606	3659	3585	3600	3609	3592	3591	3596	3693	3666	3704	3678	3611	3612	3595	3673	3598	3641	3568	3560	3509	3688	3613	3552	3521	3612	3610	3726	3534	3578	3621	3664	3579	3713	3544	3639	3638	3640	3565	3632	3627	3583	3582	3593	3591	3533	3598	3654	3570	1074.366152
3564	3504	3508	3473	3523	3501	3604	3467	3479	3530	3549	3567	3523	3465	3535	3521	3593	3634	3560	3556	3574	3460	3585	3547	3539	3509	3458	3565	3559	3499	3435	3504	3447	3621	3546	3534	3606	3494	3495	3573	3571	3470	3494	3465	3592	3537	3533	3540	3571	3560	3469	3481	3510	3473	3486	3512	3556	3517	3544	3460	3592	3536	3448	3510	3475	3415	3518	3499	3462	3446	3515	3484	3524	3501	3508	3462	3553	3577	3470	3501	3471	3483	3559	3568	3453	3559	3563	3489	3475	3476	3557	3458	3531	3457	3505	3488	1077.141121
3442	3401	3370	3412	3450	3458	3518	3485	3466	3485	3411	3465	3446	3449	3304	3595	3547	3523	3389	3505	3472	3477	3439	3442	3374	3423	3401	3530	3487	3447	3429	3441	3438	3419	3487	3489	3473	3523	3481	3485	3447	3527	3494	3498	3476	3423	3451	3452	3419	3468	3429	3487	3508	3461	3437	3410	3414	3468	3487	3479	3401	3482	3449	3441	3469	3462	3399	3423	3392	3377	3413	3434	3489	3439	3410	3557	3459	3387	3510	3443	3498	3369	3475	3466	3398	3374	3348	3472	3453	3417	3429	3433	3378	3473	3454	3380	1079.901177
3355	3279	3374	3274	3381	3411	3403	3363	3364	3380	3312	3346	3329	3323	3265	3414	3366	3403	3368	3283	3312	3320	3338	3307	3388	3449	3243	3357	3290	3304	3330	3283	3340	3356	3353	3415	3421	3337	3349	3286	3338	3352	3341	3319	3300	3350	3301	3225	3377	3261	3309	3304	3338	3414	3346	3326	3375	3381	3306	3244	3300	3352	3325	3360	3329	3314	3344	3365	3306	3374	3338	3334	3303	3270	3377	3310	3377	3370	3334	3339	3333	3321	3329	3297	3291	3332	3313	3304	3323	3354	3359	3377	3263	3280	3330	3382	1082.659926
3120	3175	3156	3187	3064	3187	3180	3132	3121	3148	3186	3131	3222	3166	3141	3179	3090	3214	3104	3109	3117	3259	3054	3123	3176	3075	3167	3100	3162	3148	3104	3171	3191	3164	3184	3109	3209	3204	3198	3092	3169	3142	3173	3149	3141	3105	3192	3121	3122	3129	3164	3151	3118	3129	3127	3150	3125	3078	3134	3029	3101	3158	3105	3120	3152	3165	3119	3099	3122	3135	3128	3123	3230	3102	3143	3136	3143	3192	3167	3115	3158	3149	3208	3172	3113	3099	3123	3150	3177	3106	3147	3090	3101	3192	3156	3130	1085.417371
2859	2959	2965	2961	2966	2931	2903	2928	2954	2937	2939	2986	2890	2928	2949	3035	2954	2946	2950	2953	2979	2959	2927	2928	2905	2921	2859	2961	2874	2976	2893	2892	2970	2954	2906	2907	2953	2939	2918	2924	2947	2852	2917	2876	2912	2864	2937	2870	2857	2888	2917	3005	2944	2877	2950	2917	2964	2895	2991	2991	2877	2937	2902	2912	2955	2900	2898	2893	2961	2979	2914	2995	2943	2952	2925	2919	2910	2990	2918	2991	3005	2905	2896	2865	2823	2909	2819	2906	2880	2945	2958	2880	2913	2971	2960	2953	1088.159937
2810	2798	2713	2780	2725	2770	2806	2823	2765	2787	2789	2789	2800	2700	2720	2833	2827	2779	2673	2764	2759	2782	2731	2804	2804	2695	2720	2766	2808	2757	2779	2690	2701	2789	2740	2761	2762	2737	2823	2694	2770	2747	2830	2769	2754	2780	2787	2770	2761	2866	2786	2772	2730	2774	2739	2781	2751	2847	2746	2724	2779	2720	2751	2751	2736	2822	2678	2762	2723	2792	2695	2700	2717	2714	2755	2749	2697	2862	2702	2747	2720	2806	2728	2818	2765	2760	2737	2776	2752	2738	2758	2825	2736	2801	2728	2747	1090.914781
2762	2820	2733	2659	2641	2666	2684	2673	2793	2704	2662	2706	2711	2660	2707	2773	2741	2727	2686	2702	2668	2725	2656	2718	2778	2656	2711	2681	2634	2671	2671	2692	2679	2667	2745	2699	2689	2725	2706	2733	2740	2681	2682	2737	2712	2695	2695	2751	2753	2628	2663	2749	2694	2639	2681	2707	2714	2669	2658	2731	2708	2649	2693	2719	2697	2749	2727	2711	2738	2664	2715	2714	2741	2658	2653	2668	2644	2637	2778	2708	2697	2711	2720	2696	2599	2659	2686	2673	2690	2717	2750	2639	2702	2646	2685	2661	1093.668321
2784	2764	2685	2774	2700	2730	2778	2783	2749	2748	2726	2725	2710	2728	2707	2749	2736	2701	2710	2746	2718	2697	2689	2732	2706	2768	2734	2733	2689	2684	2731	2717	2638	2742	2770	2703	2789	2792	2786	2717	2709	2679	2720	2717	2650	2746	2706	2648	2676	2749	2742	2654	2694	2689	2689	2602	2687	2821	2742	2676	2714	2693	2701	2751	2690	2732	2703	2709	2658	2716	2658	2724	2722	2686	2744	2669	2666	2718	2651	2767	2719	2662	2729	2736	2716	2686	2670	2755	2709	2663	2712	2785	2689	2708	2739	2718	1096.420561
2843	2783	2811	2812	2801	2786	2810	2781	2840	2842	2875	2818	2769	2785	2808	2888	2805	2825	2780	2851	2903	2774	2805	2870	2832	2768	2774	2777	2856	2770	2798	2776	2788	2831	2756	2741	2793	2742	2816	2856	2785	2764	2846	2727	2760	2831	2814	2835	2754	2887	2775	2823	2732	2843	2759	2725	2833	2862	2799	2750	2785	2850	2731	2802	2822	2800	2835	2706	2799	2775	2824	2809	2772	2765	2813	2826	2741	2858	2825	2813	2823	2731	2749	2777	2769	2781	2816	2807	2800	2812	2781	2720	2789	2787	2855	2748	1099.157951
2869	2887	2858	2921	2889	2888	2969	2914	2866	3011	2907	2930	2795	2803	2821	2905	2932	2894	2799	2970	2864	2877	2840	2895	2915	2920	2882	2864	2903	2837	2816	2859	2863	2916	2915	2833	2905	2849	2926	2916	2951	2891	2847	2946	2914	2887	2919	2925	2844	2914	2910	2869	2861	2888	2862	2849	2914	2890	2885	2864	2892	2875	2829	2869	2924	2838	2812	2895	2850	2895	2790	2823	2866	2853	2874	2832	2960	2880	2947	2881	2946	2843	2858	2906	2926	2839	2837	2893	2903	2898	2860	2878	2865	2925	2844	2884	1101.894054
2987	2907	2899	2978	2960	2851	2962	3020	3017	2997	2979	2943	2959	2969	2953	2953	2960	2967	3047	2975	2955	2910	2910	2941	2889	3000	2965	2996	2926	2937	2972	2960	2956	2903	2981	2997	2956	2977	3015	2974	2934	2971	2947	2962	2969	2994	3006	2947	2930	2917	2957	2948	3036	2960	2911	2854	2908	2997	2943	2921	2889	2953	2901	2988	2973	2918	3022	2983	2958	2898	2870	2976	3047	2958	2948	3006	2970	2939	2986	3050	2996	2888	2974	2963	2986	2956	2938	2874	3038	2963	2898	2908	2899	2974	3037	2975	1104.642407
3075	3014	2991	3010	3078	3029	2989	3070	2942	3069	3069	3078	3009	3010	3011	2999	3049	2987	3014	3029	3051	3001	2988	3006	3039	2958	2993	3028	2958	2979	2992	2926	2963	3033	3020	2984	3031	3012	3100	2982	3011	2975	2945	2947	2935	3050	3032	3017	2966	2970	3006	2963	2942	3012	3012	2934	2960	3016	3075	2917	2976	2981	3049	2956	2971	2936	2952	2902	2991	2950	2988	2982	3071	3012	3020	2968	2962	2995	2992	3033	2923	2999	2983	2952	2980	3047	3007	3050	2955	2972	2974	3028	2980	2974	3016	2998	1107.375933
2966	3011	2952	2959	3004	2967	3038	2985	3078	3016	3044	2970	3021	3028	2959	3030	3088	3093	2975	3165	3000	3047	2971	3059	2929	3028	3034	2987	3023	2988	3042	3006	3028	3067	3019	3047	3032	3015	3069	2975	2992	2981	3025	2964	2947	3103	3040	3033	3061	3037	3081	3036	3003	3056	2941	3061	3018	2948	3029	3012	3020	2984	2911	3023	3058	2967	2977	3026	2997	2966	2882	3001	2965	3027	3036	3060	2996	3034	3063	3018	3013	2987	2944	2980	2965	2965	2972	2948	2981	3005	3012	3062	3029	2907	3075	3040	1110.108175
3030	2993	3023	3000	2993	3024	3136	3080	2995	2966	3060	3028	2937	2977	2925	3041	3087	3035	3089	2981	3017	3048	2992	2995	2989	2980	2982	2970	2947	3079	3005	2983	2936	2978	3002	2992	3001	3083	3085	3018	3022	2964	2963	3004	2968	3050	2949	3020	2998	2999	2951	2964	2988	2903	2984	2954	2966	3015	3042	3067	3005	3042	2981	2984	2927	2894	3003	2924	2998	3017	2901	2964	2991	2980	2966	2971	2947	3032	2958	3046	3026	3013	2961	2956	2997	3043	3061	2947	3048	2961	2996	3002	3023	2922	3019	2992	1112.839133
2955	3039	2935	3038	2990	3002	3002	3007	3010	3005	3028	2994	2971	2973	2967	3056	3033	3046	3049	2982	3007	2973	3000	2970	2974	2967	2960	3065	2948	2979	2936	2966	2948	2989	2986	3000	3073	2998	2937	2976	2974	3040	3043	3014	3079	3034	3024	3001	3043	2950	2961	3000	2984	2973	2992	2980	2955	2988	2993	2906	2933	2929	2960	3062	2993	2984	2922	3017	3045	3019	2959	3017	2993	3001	3024	2937	3046	2994	2962	2970	2951	3016	2970	3003	2912	3000	3014	2946	2998	2950	2897	3020	3007	2974	3048	2967	1115.568809
3082	3019	2933	3058	2971	2960	3065	3033	3012	3051	3037	3083	3014	3071	3024	3078	3006	3073	3091	3066	3024	3015	3018	3011	3066	2933	3032	3059	2995	3070	2999	2962	3001	3017	3038	3020	3076	3029	3093	3059	3131	3082	3033	3043	3085	3013	3041	3062	3042	3027	3039	3031	3040	3002	3023	2947	3023	3022	3000	3035	2949	3000	2978	2988	2982	3067	3037	3018	3045	3010	3050	3020	3077	3019	3027	2985	2954	3083	3025	3033	3032	3040	3024	3050	3002	2984	3009	3065	2973	3002	2947	3047	3045	3051	2951	3035	1118.297204
3045	3075	3097	3095	3122	3019	3136	3064	3118	3100	3125	3077	3099	3074	3098	3148	3065	3132	3112	3072	3107	3149	3101	3129	3086	2978	3061	3012	3098	3159	3137	3056	3057	3084	3040	3091	3086	3049	3024	3116	3109	3081	3073	3123	3088	3064	3076	3122	3121	3110	3046	3041	3058	3031	3066	3128	3102	3012	3161	3048	3044	3005	3000	3046	3033	3058	3115	3023	3063	3100	3045	3025	3133	3080	3085	3125	3175	3037	3103	3101	3062	3060	3052	3102	3059	3094	3028	3110	3060	3145	3124	3012	3096	3077	3069	3036	1121.024318
3159	3160	3195	3170	3278	3146	3105	3163	3116	3166	3159	3217	3089	3169	3140	3206	3096	3177	3147	3139	3161	3194	3133	3079	3117	3174	3161	3160	3127	3140	3152	3083	3165	3169	3127	3110	3064	3096	3122	3141	3168	3190	3151	3066	3166	3172	3088	3162	3189	3174	3131	3033	3133	3122	3072	3129	3184	3204	3094	3166	3148	3137	3163	3082	3082	3088	3162	3120	3088	3034	3173	3081	3200	3101	3143	3078	3232	3186	3097	3173	3159	3124	3206	3150	3107	3205	3160	3114	3131	3167	3244	3190	3127	3076	3104	3175	1123.750152
3170	3165	3156	3190	3203	3224	3238	3278	3227	3278	3201	3173	3123	3184	3182	3197	3245	3209	3263	3178	3292	3139	3241	3175	3174	3245	3227	3121	3192	3188	3222	3266	3231	3191	3160	3206	3290	3261	3332	3153	3199	3172	3257	3246	3162	3210	3151	3270	3269	3209	3129	3191	3198	3160	3135	3153	3199	3164	3232	3168	3163	3264	3148	3155	3101	3272	3165	3134	3189	3238	3197	3208	3264	3262	3226	3226	3266	3287	3266	3205	3183	3145	3258	3119	3182	3158	3095	3159	3215	3204	3199	3157	3104	3199	3329	3181	1126.474707
3227	3212	3308	3239	3325	3199	3279	3236	3282	3271	3247	3245	3214	3310	3231	3206	3307	3245	3271	3236	3310	3256	3294	3201	3259	3207	3177	3199	3184	3182	3160	3188	3255	3278	3292	3261	3238	3240	3322	3250	3234	3185	3180	3230	3215	3275	3326	3318	3235	3283	3251	3285	3215	3268	3278	3316	3213	3182	3325	3215	3277	3193	3212	3272	3291	3205	3193	3144	3116	3256	3273	3261	3358	3256	3250	3191	3230	3206	3248	3235	3221	3264	3243	3257	3214	3265	3302	3240	3298	3241	3266	3214	3223	3238	3274	3285	1129.184506
3268	3256	3300	3299	3320	3229	3233	3245	3263	3200	3235	3241	3270	3329	3170	3384	3310	3320	3275	3284	3279	3255	3248	3243	3293	3230	3350	3248	3265	3241	3229	3270	3224	3317	3256	3325	3294	3342	3253	3287	3329	3283	3230	3278	3216	3239	3264	3227	3317	3254	3250	3300	3269	3188	3213	3233	3330	3246	3190	3318	3262	3224	3157	3220	3245	3253	3361	3302	3291	3265	3236	3248	3237	3230	3216	3258	3256	3286	3157	3238	3280	3315	3209	3223	3256	3280	3230	3265	3204	3326	3204	3282	3263	3276	3257	3167	1131.906513
3305	3236	3303	3299	3359	3298	3265	3296	3327	3369	3247	3310	3305	3225	3274	3333	3291	3288	3326	3314	3278	3262	3318	3230	3285	3186	3271	3309	3308	3298	3269	3262	3324	3257	3271	3286	3277	3262	3318	3300	3247	3243	3319	3253	3283	3270	3229	3258	3294	3263	3182	3234	3343	3273	3274	3307	3226	3229	3336	3303	3283	3274	3288	3311	3239	3266	3222	3272	3271	3279	3199	3301	3282	3254	3222	3324	3289	3296	3267	3252	3364	3241	3313	3281	3254	3241	3197	3267	3293	3253	3261	3337	3225	3244	3304	3310	1134.613778
3202	3288	3190	3211	3258	3245	3245	3282	3206	3298	3276	3298	3213	3221	3187	3253	3224	3219	3224	3254	3210	3274	3159	3294	3226	3177	3234	3286	3202	3240	3152	3285	3245	3226	3327	3305	3267	3257	3191	3249	3189	3251	3242	3210	3208	3240	3265	3288	3214	3150	3223	3175	3205	3276	3245	3284	3249	3171	3156	3209	3174	3183	3235	3163	3214	3201	3278	3305	3192	3229	3246	3189	3208	3240	3213	3150	3198	3224	3213	3194	3212	3285	3290	3250	3190	3252	3193	3246	3287	3184	3232	3197	3249	3185	3251	3219	1137.33324
3115	3079	3174	3127	3069	3147	3072	3103	3158	3179	3138	3154	3114	3091	3053	3183	3095	3169	3160	3093	3164	3202	3092	3155	3185	3141	3044	3169	3097	3142	3185	3127	3091	3115	3109	3123	3143	3115	3125	3082	3142	3106	3107	3089	3109	3167	3113	3115	3119	3149	3121	3119	3046	3130	3146	3118	3145	3078	3063	3129	3063	3045	3025	3140	3084	3100	3105	3142	3141	3065	3137	3086	3090	3148	3115	3127	3141	3054	3139	3104	3193	3125	3148	3084	3148	3119	3109	3085	3066	3119	3062	3127	3072	3041	3087	3136	1140.037974
2975	3018	2940	3018	3021	2983	2990	3008	3033	3003	2992	2953	2959	2932	2981	3018	3061	3057	3066	3025	3021	3048	3027	2969	2911	3005	2951	3007	2973	2944	2920	2946	2976	2947	2928	2987	2991	2987	2947	2974	2939	3079	3014	3043	2945	2951	2967	2984	3012	3002	2953	2969	3023	2983	3006	2973	3016	3033	2982	2956	2951	2991	2923	2997	3011	3002	2985	3009	2990	3003	2922	2976	2847	3032	2995	2993	3042	2968	2982	3078	3044	3032	2987	2985	2904	2999	3018	3021	2938	2927	2970	2959	3032	2984	2977	2954	1142.741448
2811	2833	2781	2890	2881	2947	2890	2811	2787	2817	2836	2805	2774	2815	2761	2815	2842	2830	2885	2832	2809	2759	2863	2841	2819	2786	2812	2804	2843	2759	2809	2770	2811	2775	2893	2761	2833	2888	2881	2850	2789	2835	2834	2834	2756	2812	2893	2883	2840	2811	2773	2785	2812	2817	2819	2828	2845	2830	2816	2835	2795	2817	2797	2809	2770	2784	2753	2797	2840	2789	2843	2843	2809	2794	2823	2823	2810	2793	2801	2866	2841	2806	2862	2831	2776	2849	2836	2812	2732	2823	2806	2766	2808	2794	2809	2859	1145.443661
2572	2686	2687	2666	2643	2600	2730	2707	2651	2701	2681	2586	2650	2603	2575	2654	2640	2661	2710	2635	2682	2620	2614	2623	2644	2667	2679	2670	2680	2665	2683	2667	2596	2674	2631	2656	2668	2642	2641	2653	2701	2661	2632	2661	2709	2604	2640	2710	2681	2655	2657	2659	2637	2665	2655	2630	2688	2610	2614	2613	2584	2602	2634	2641	2623	2604	2688	2581	2555	2633	2566	2588	2619	2670	2656	2664	2576	2666	2617	2661	2655	2653	2629	2588	2608	2589	2609	2677	2676	2648	2639	2654	2632	2634	2592	2667	1148.144615
2585	2563	2585	2616	2493	2530	2575	2590	2554	2560	2526	2509	2556	2489	2534	2527	2516	2604	2552	2450	2491	2528	2497	2494	2589	2573	2545	2501	2601	2463	2538	2494	2524	2564	2614	2528	2622	2522	2491	2525	2518	2487	2546	2465	2510	2505	2595	2551	2513	2462	2484	2516	2544	2522	2440	2558	2524	2574	2454	2527	2508	2525	2503	2522	2635	2491	2521	2633	2433	2559	2567	2548	2514	2464	2484	2544	2477	2478	2507	2508	2551	2500	2540	2539	2537	2569	2533	2483	2550	2534	2497	2511	2471	2538	2584	2567	1150.844312
2408	2389	2405	2449	2442	2504	2425	2450	2437	2443	2486	2488	2426	2432	2406	2466	2382	2474	2451	2455	2443	2430	2417	2428	2462	2392	2374	2438	2431	2320	2438	2379	2434	2363	2427	2460	2446	2486	2537	2444	2446	2396	2422	2425	2441	2451	2394	2457	2347	2400	2417	2510	2412	2481	2415	2499	2463	2400	2380	2456	2468	2454	2421	2488	2505	2417	2463	2433	2428	2458	2439	2430	2479	2460	2341	2367	2436	2375	2416	2467	2460	2441	2455	2360	2446	2423	2443	2410	2434	2415	2417	2397	2406	2364	2450	2445	1153.54275
2340	2311	2345	2298	2315	2362	2384	2353	2345	2346	2353	2341	2348	2308	2345	2373	2426	2370	2368	2424	2360	2337	2323	2331	2348	2453	2372	2410	2414	2311	2320	2299	2418	2379	2356	2444	2280	2388	2333	2397	2360	2374	2348	2374	2383	2331	2401	2438	2314	2333	2345	2360	2350	2360	2336	2390	2401	2335	2388	2359	2348	2322	2331	2328	2280	2379	2408	2306	2358	2426	2307	2361	2379	2340	2326	2438	2335	2432	2358	2376	2370	2382	2367	2374	2373	2245	2386	2317	2384	2343	2312	2299	2306	2374	2365	2389	1156.239933
2312	2334	2305	2368	2322	2281	2372	2354	2313	2319	2268	2284	2262	2297	2255	2335	2295	2327	2252	2313	2308	2255	2260	2261	2358	2233	2324	2255	2225	2291	2236	2248	2354	2279	2401	2265	2299	2361	2318	2279	2283	2342	2316	2348	2295	2301	2296	2379	2226	2296	2310	2303	2318	2339	2253	2333	2291	2270	2366	2231	2271	2314	2306	2251	2288	2290	2308	2340	2318	2298	2246	2341	2286	2323	2301	2306	2264	2233	2307	2274	2289	2250	2285	2313	2328	2259	2255	2307	2282	2321	2334	2309	2259	2243	2340	2276	1158.92245
2223	2203	2284	2295	2324	2231	2285	2274	2278	2236	2250	2280	2250	2231	2239	2231	2222	2302	2246	2264	2228	2204	2295	2230	2287	2184	2259	2282	2221	2204	2190	2233	2231	2236	2236	2255	2302	2221	2299	2250	2283	2285	2227	2185	2228	2283	2246	2252	2234	2189	2227	2221	2231	2191	2235	2189	2252	2224	2301	2242	2207	2285	2225	2271	2298	2265	2237	2254	2224	2254	2232	2203	2239	2288	2233	2285	2250	2210	2194	2177	2256	2164	2206	2229	2218	2171	2319	2209	2276	2234	2218	2255	2229	2290	2232	2224	1161.617128
2243	2162	2167	2138	2248	2162	2198	2140	2200	2170	2178	2219	2159	2206	2116	2204	2169	2180	2264	2195	2217	2202	2157	2165	2239	2140	2218	2183	2122	2203	2171	2146	2171	2155	2206	2133	2211	2209	2193	2175	2236	2159	2198	2203	2203	2188	2213	2198	2163	2181	2102	2205	2191	2212	2193	2193	2199	2165	2178	2213	2161	2184	2165	2168	2213	2164	2088	2168	2179	2181	2135	2157	2128	2178	2231	2122	2204	2231	2191	2165	2154	2174	2193	2165	2186	2117	2171	2162	2198	2161	2173	2191	2191	2188	2278	2156	1164.297156
2109	2143	2095	2135	2157	2101	2174	2116	2143	2132	2195	2091	2051	2084	2075	2152	2101	2132	2118	2126	2130	2074	2126	2049	2140	2119	2134	2132	2112	2094	2101	2119	2103	2036	2156	2108	2074	2163	2142	2025	2121	2075	2096	2086	2113	2067	2113	2179	2142	2084	2065	2123	2101	2081	2118	2130	2150	2129	2103	2066	2223	2111	2083	2087	2077	2069	2138	2167	2095	2056	2078	2090	2130	2138	2097	2172	2050	2170	2145	2150	2105	2088	2150	2067	2106	2100	2125	2076	2113	2092	2128	2071	2082	2096	2093	2084	1166.989334
2058	2033	2059	1992	2061	2093	2084	2081	2052	2077	2076	2100	2024	2007	1999	2041	2121	2098	2059	2012	2053	2012	2030	2042	2022	2030	2019	1992	2087	2037	2052	2053	2049	2002	2061	2055	2062	2039	2001	2026	1998	2026	2029	2043	2031	2017	2051	2008	2070	2039	2089	2027	2060	2026	2093	2099	2034	1980	2028	2024	2059	2015	2070	2035	2070	2034	2029	2027	2014	2057	2005	2049	2082	1997	1988	2057	2058	2062	2057	2022	2028	2062	2014	2073	2002	2071	2018	1996	2013	1992	1980	2093	2032	2070	2051	2085	1169.666875
1972	2016	1969	2015	2020	1994	2019	2093	1970	1970	1992	1993	1992	1984	1991	2066	1983	2063	2016	1965	1953	1980	1962	1987	2030	2003	2009	2016	1958	1990	2000	1970	1967	2012	2015	2008	2076	2072	2043	1985	1975	1993	1960	1974	2006	1977	1981	2025	1944	1886	1949	2023	1974	2034	2004	1944	1983	1965	2036	2029	1930	1961	1968	1977	2013	1960	1950	1995	1962	1979	1980	1968	1977	1984	2036	2036	2009	2049	2033	2006	2027	1974	2037	1980	1984	2003	2037	1979	1989	1966	1971	2017	1989	1998	1995	1998	1172.343177
2015	2022	1965	1965	1991	1994	1970	2070	2062	2002	1993	2010	1941	2017	1910	1992	1952	1987	2014	1980	2007	1984	2026	2005	1997	1947	1979	1946	1985	1960	1941	1993	1948	1974	1986	2009	2011	2006	1990	2015	2027	1987	1989	2002	2014	1982	1982	1935	1969	1988	1975	1949	2030	2038	1976	1989	1947	2009	1967	1994	1947	1982	1994	1950	1966	1982	2010	1917	1979	1992	1980	1932	2026	2010	2024	1962	2015	2025	2001	2029	2015	1963	1983	1986	1945	1978	1989	1955	1953	1941	1965	1988	1947	1985	1956	1979	1175.031614
2001	2025	2009	1943	2006	1960	2016	2085	2026	2049	1954	2040	1965	1943	1991	2025	2046	1992	2072	1980	2038	1999	2010	1948	1988	2022	1997	1944	2025	2011	1999	2018	1977	2049	2048	2007	1980	2024	2083	1961	1898	2008	2014	2010	1971	2032	1998	2002	1947	1962	1958	1999	2030	1991	1991	1980	1968	1984	1981	1964	1996	1968	1968	2035	2023	1967	2014	1992	2007	1985	1955	1930	1976	1998	1940	2052	2007	1937	1944	1942	2039	1978	2012	1964	2040	1998	1898	1991	1960	2064	1960	1980	2003	2016	2016	1967	1177.705435
2045	1996	1966	1995	1964	1969	2016	2047	2028	2001	2019	2076	2015	1996	1955	2023	2022	2021	2006	2014	2053	1994	1991	1928	2041	1998	2028	2035	2040	1964	2010	1961	2010	2007	2000	2050	1990	2055	2061	2006	1969	1999	2024	2048	1988	2081	1951	2038	2011	1981	2006	2043	2008	1996	1903	2018	1966	1961	1968	1964	1963	1996	1962	2022	1981	2041	2026	1974	2004	2083	1991	1951	2014	1989	2003	1987	1972	1986	2009	2037	2075	2023	2005	2055	2021	1983	1973	1978	2122	1991	1979	2003	1951	2013	1991	2022	1180.37802
2011	2041	2063	1992	2027	2014	2054	2016	2002	2026	2075	2014	2004	1953	2032	2017	2075	2062	2007	2019	1979	2086	2013	2036	2009	2010	2023	1955	1959	2006	1979	2028	1995	1984	2004	2031	1996	2036	2025	2056	2021	2014	2037	2032	2027	1955	1975	2024	1972	2090	2065	1959	2020	2006	2037	1967	1985	2041	1997	2010	2017	1981	1957	1999	1990	2036	1978	1962	1884	2051	1973	1981	2040	2093	1996	2013	2040	1975	2045	2025	2021	2009	2018	1972	1993	1967	2039	2011	2000	2018	2031	1920	1967	2015	2026	2034	1183.049369
1997	1984	1991	2058	2020	1979	1992	1992	1995	1944	1953	2065	1939	1988	1936	2006	1984	2030	2017	2034	2016	1974	1978	1987	2015	1987	1974	1981	1909	1967	1980	1996	1967	1961	1980	2044	1993	2001	1987	2071	2044	1951	1970	1968	1989	2055	2000	2003	1973	1980	2031	1945	1992	2005	1916	2006	1943	2012	1954	1961	2001	1976	1973	1965	1985	1930	1990	1918	2008	1925	1946	2037	1989	1937	2027	1982	1992	1996	2048	2008	2003	1969	2001	2035	1934	1983	2010	1985	1961	2030	1984	2021	2014	1888	1978	1996	1185.719485
2003	1998	1979	1997	2003	2006	2075	2050	2013	1935	1978	2017	1990	1986	1967	2040	1978	2051	2029	1992	2033	1986	1953	1967	1977	1985	1995	1969	1984	1916	2009	2008	1997	1983	2030	1979	1974	2008	2031	2007	1991	2021	1971	1978	1987	2006	1949	2007	1921	2034	1928	1996	1933	2027	1980	2000	1963	1996	1980	2009	2000	1957	1946	1975	1942	1992	1980	1926	1977	1997	1969	1984	2004	2020	1963	2008	1977	1998	2065	1998	2056	1993	1956	1957	1997	1995	2009	1946	2004	2015	1998	1967	1989	2000	2023	1988	1188.375025
1970	1952	1987	2000	1955	2010	2063	1962	2035	2030	2006	1993	1970	1920	1930	2010	1986	2044	2006	2042	1995	1974	1986	2054	1989	1990	1985	1988	1937	1978	1962	2031	2025	1984	1984	1998	2027	1983	2058	1984	2025	1930	2011	1978	1984	1999	1977	2011	2010	1991	1939	1997	1995	2003	1950	1989	1942	1963	1941	2014	2015	1930	1919	1994	1958	2051	1989	1985	1946	1914	1946	1954	1991	1966	1939	1996	1968	1950	1980	2063	1982	2004	1982	1964	1958	1948	1976	1986	2012	1990	1991	2008	1996	1953	2019	1999	1191.042679
1960	1912	1995	1997	1968	2041	1982	1990	2004	1986	1962	1977	1921	1951	1966	2049	2044	2051	1933	1996	2005	2006	1923	1946	1963	1967	1979	1934	1996	2013	2007	1924	1970	1992	1980	1971	2003	1984	2010	1933	1927	1965	2004	1930	1942	1986	1957	1983	1996	1950	1968	1972	1957	1950	1976	1929	1964	1964	1938	1995	1942	1940	1977	2000	1968	1977	1933	1925	1968	1954	1955	1905	1941	2017	1941	1963	2000	1926	1983	2000	1990	1999	2000	1937	1972	1932	1909	1907	1989	1964	1946	1993	1954	2000	2045	1995	1193.709102
1953	1959	2013	1958	1978	1914	1967	1944	1883	1962	1947	1936	1977	1911	1965	1975	1978	2001	2003	1974	1964	1939	1934	1971	1955	1951	1901	1964	1901	1968	1935	1961	1932	1965	1996	1949	1921	1952	2005	2003	1958	1955	1899	1989	1947	1995	1897	1930	1936	1994	1874	1951	1947	1978	1941	1937	1932	1942	2009	1899	1904	1936	1954	1936	1932	1963	1953	1911	1919	1898	1908	1936	1900	1941	1964	1980	1977	1906	1929	1950	2012	1931	1903	1963	1923	1942	1891	1937	1903	1916	1961	1918	1938	1980	1942	1976	1196.360971
1934	1950	1882	1997	1949	1950	1922	1986	1966	1929	1904	1964	1928	1851	1969	2011	1986	1988	1971	1976	1926	1910	1916	1922	1911	1956	1902	1993	1875	1958	1910	1908	1941	1921	1947	1923	1926	1960	1904	1931	1926	1938	1944	1978	1933	1906	1948	1932	1919	1948	1920	1927	1946	1957	1943	1918	1887	1897	1883	2010	1867	1949	1882	1949	1900	1944	1930	1890	1937	1944	1956	1964	1971	1918	1926	1914	1974	1913	1943	1953	1986	1954	1959	1990	1873	1874	1973	1957	1877	1980	1912	1920	1894	1993	1955	1932	1199.024939
1962	1914	1908	1913	1950	1937	1966	2011	1965	1947	1993	1929	1942	1904	1886	1970	1876	1930	1998	1931	1971	1975	1886	1930	1934	1905	1940	1881	1897	1859	1866	1866	1889	1962	1938	1898	1906	1927	1903	1851	1840	1893	1867	1903	1927	1954	1924	1906	1952	1913	1927	1904	1953	1911	1882	1973	1926	1956	1873	1937	1913	1918	1928	1969	1908	1869	1906	1902	1936	1949	1894	1918	1931	1987	1946	1911	1939	1932	1891	1925	1927	1916	1938	1914	1859	1858	1883	1883	1926	1897	1904	1890	1925	1908	1866	1991	1201.674367
1898	1882	1900	1871	1937	1952	1925	1952	1940	1955	1921	1918	1876	1852	1851	1952	1957	1984	1980	1925	1918	1959	1879	1896	1941	1917	1949	1834	1887	1934	1841	1951	1927	1912	1912	1915	1932	1959	1969	1920	1926	1833	1945	1905	1898	1916	1915	1911	1873	1956	1837	1934	1914	1968	1916	1912	1899	1919	1907	1980	1903	1919	1975	1873	1963	1857	1913	1963	1861	1909	1920	1953	1900	1876	1968	1889	1855	1909	1945	1962	1922	1893	1938	1863	1885	1916	1837	1946	1932	1919	1961	1907	1923	1932	1880	1930	1204.322578
1898	1919	1914	1956	1873	1930	1916	1900	1930	1929	1928	1945	1863	1890	1914	1959	1965	1928	1881	1952	1878	1878	1876	1812	1911	1949	1942	1900	1841	1849	1902	1883	1906	1887	1907	1923	1944	1878	1929	1890	1930	1960	1906	1938	1917	1960	1925	1927	1911	1849	1917	1928	1890	1886	1843	1863	1936	1884	1951	1939	1914	1860	1895	1917	1887	1942	1940	1905	1899	1887	1921	1926	1869	1924	1915	1890	1892	1882	1907	1870	1906	1898	1918	1916	1913	1926	1889	1823	1895	1865	1898	1900	1862	1872	1883	1890	1206.969574
1938	1917	1920	1929	1923	1904	1988	1897	1912	1958	1963	1873	1922	1891	1855	1953	1912	1953	1947	1857	2000	1904	1918	1903	1955	1877	1907	1860	1904	1887	1905	1946	1859	1885	1931	1876	1937	1943	1918	1920	1895	1881	1907	1909	1887	1990	1920	1859	1896	1862	1853	1905	1880	1934	1900	1881	1846	1858	1943	1909	1972	1938	1923	1906	1865	1867	1914	1902	1894	1883	1878	1883	1896	1935	1871	1938	1876	1892	1896	1910	1907	1876	1869	1900	1887	1874	1869	1966	1899	1907	1891	1914	1897	1919	1861	1895	1209.628648
1917	1896	1905	2006	1926	1904	1952	1963	1952	1934	1955	1851	1858	1893	1912	1976	1984	1945	1890	1943	1912	1906	1957	1874	1891	1886	1925	1826	1890	1912	1878	1858	1948	1934	1907	1887	1935	1880	1921	1949	1827	1917	1887	1958	1904	1947	1960	1891	1885	1839	1942	1858	1923	1858	1943	1922	1944	1885	1929	1914	1868	1877	1825	1972	1941	1911	1946	1923	1913	1939	1877	1927	1893	1922	1885	1873	1856	1905	1949	1878	1913	1891	1922	1955	1947	1897	1888	1895	1883	1917	1864	1896	1888	1924	1909	1883	1212.273209
1914	1907	1948	1917	1901	1941	1925	1947	1910	1851	1965	2006	1874	1884	1887	1926	1938	1898	1917	1911	1906	1924	1904	1894	1933	1926	1882	1910	1935	1908	1893	1899	1864	1938	2004	1908	1940	1923	1878	1902	1854	1944	1939	1899	1931	1948	1925	1829	1907	1899	1899	1877	1895	1902	1887	1893	1936	1903	1913	1909	1880	1907	1892	1897	1942	1820	1971	1935	1924	1937	1926	1829	1949	1891	1934	1916	1923	1911	1925	1939	1870	1881	1957	1911	1899	1870	1948	1902	1919	1887	1889	1949	1864	1936	1869	1904	1214.916558
1915	1905	1861	1918	1896	1934	1938	1912	2004	1942	1865	1933	1860	1908	1888	1979	1931	1895	1949	1890	1923	1882	1896	1974	1899	1901	1930	1886	1893	1906	1883	1857	1886	1925	1969	1908	1913	1959	1982	1928	1856	1856	1940	1877	1920	1865	1895	1924	1861	1876	1914	1909	1927	1952	1954	1865	1880	1884	1938	1895	1893	1913	1891	1919	1892	1827	1915	1954	1952	1910	1939	1882	1896	1902	1926	1867	1917	1905	1924	1899	1863	1911	1879	1913	1852	1918	1911	1950	1919	1868	1900	1915	1925	1875	1952	1900	1217.54542
1900	1901	1891	1921	1971	1870	1898	1900	1877	1967	1994	1876	1910	1896	1861	1922	1938	1874	1942	1952	1939	1884	1832	1930	1925	1923	1900	1890	1851	1870	1873	1875	1852	1904	1918	1902	1943	1895	1898	1914	1915	1873	1944	1883	1921	1865	1931	1920	1928	1914	1902	1940	1935	1896	1914	1919	1895	1848	1912	1914	1865	1914	1928	1882	1858	1920	1854	1893	1877	1943	1884	1838	1901	1905	1967	1889	1902	1911	1895	1865	1922	1844	1883	1871	1837	1908	1909	1919	1856	1895	1914	1872	1879	1900	1905	1877	1220.186351
1911	1885	1925	1931	1871	1923	1977	1847	1887	1820	1908	1932	1844	1876	1842	1936	1863	1931	1870	1860	1946	1875	1919	1867	1868	1932	1894	1855	1844	1889	1872	1893	1864	1853	1871	1902	1945	1925	1858	1870	1904	1815	1909	1876	1853	1864	1875	1905	1840	1846	1861	1805	1912	1873	1876	1838	1861	1920	1893	1910	1910	1878	1871	1853	1905	1847	1873	1885	1891	1842	1898	1849	1872	1931	1852	1889	1868	1939	1901	1890	1906	1869	1895	1917	1874	1868	1929	1884	1933	1888	1917	1851	1893	1906	1925	1862	1222.826072
1888	1917	1918	1872	1915	1938	1927	1893	1896	1927	1922	1916	1868	1897	1867	1967	1929	1953	1855	1931	1847	1872	1920	1881	1914	1900	1877	1864	1903	1888	1927	1856	1849	1850	1866	1876	1890	1876	1952	1882	1912	1840	1919	1956	1891	1908	1854	1882	1859	1809	1867	1925	1925	1893	1858	1844	1886	1835	1934	1844	1874	1926	1891	1926	1871	1850	1890	1866	1890	1830	1857	1898	1904	1873	1844	1920	1870	1891	1871	1909	1887	1866	1815	1888	1940	1843	1866	1926	1864	1868	1790	1844	1847	1874	1855	1904	1225.464583
1856	1911	1886	1886	1889	1894	1937	1944	1912	1949	1935	1954	1866	1869	1866	2016	1914	1951	1920	1897	1948	1879	1909	1854	1859	1867	1893	1906	1904	1911	1845	1906	1876	1925	1923	1997	1997	1950	1867	1937	1908	1911	1910	1857	1886	1848	1909	1870	1891	1864	1853	1920	1913	1858	1849	1914	1854	1918	1831	1929	1918	1919	1869	1876	1884	1896	1918	1835	1915	1861	1886	1879	1862	1906	1902	1920	1869	1886	1903	1900	1873	1894	1942	1882	1844	1889	1888	1920	1913	1879	1896	1886	1831	1907	1907	1873	1228.088636
1937	1895	1953	1963	1921	1962	2007	1940	1984	1932	1882	1945	1923	1933	1865	1972	1997	2002	1896	1953	1991	1927	1942	1895	1954	1896	1924	1898	1953	1924	1901	1895	1914	1941	1945	1916	1942	1936	1971	1931	1913	1906	1991	1905	1950	1911	1992	1965	1938	1911	1912	1997	1920	1949	1955	1878	1924	1917	1901	1902	1950	1937	1910	1945	1957	1962	1882	1944	1875	1937	1934	1914	1943	1937	1927	1899	1926	1924	1956	1877	1950	1929	1895	1924	1910	1886	1897	1871	1959	1908	1978	1900	1875	1921	1905	1942	1230.724736
1986	1973	2051	1962	1993	1952	2015	1948	1982	1966	1984	1975	1962	1987	1971	2050	2005	2006	1988	1993	1989	1994	1975	1971	1985	1947	1971	1988	1958	1963	1930	1978	1967	2001	2050	1968	2004	1920	1958	1942	1986	2035	1966	1977	1983	1988	1946	1988	1950	1943	1907	1975	1979	1975	1962	1987	1977	1964	1994	1979	1972	1940	1927	1893	1977	1978	1936	1922	1960	1934	1931	1994	1925	1994	1966	1998	1979	2038	1942	2023	1999	2001	1967	1904	1993	1979	1952	1931	1920	1964	1956	1959	1984	1953	2020	1925	1233.346392
2003	2001	2012	2021	1994	1929	2005	2070	2086	2008	2001	2045	2025	1980	1976	2009	2082	2043	2062	2058	2042	2030	2004	1999	2052	2036	2004	2022	1975	1997	2039	2062	2052	2017	1948	2018	2018	2040	2060	2018	2021	2011	2040	2048	2029	2012	2050	1987	1985	1985	1992	2033	1981	2076	2025	2041	2010	2014	1977	2084	1972	2031	1943	2046	2043	2042	1968	2001	2016	1979	2117	2001	2032	1992	2007	1994	1963	2008	2015	2040	2058	1989	2015	2042	2008	1975	1977	2040	1989	1951	2047	2015	2017	2001	1967	2037	1235.966854
2032	2078	2064	1994	2022	2054	2055	2151	2003	2100	2055	2049	2054	1993	1955	2023	2064	2109	2061	2094	2041	1974	2019	2023	2118	2040	2027	2016	1995	2061	2083	2071	2019	2001	2002	2053	2040	2113	2039	1976	2052	1993	2008	2043	2037	2060	2035	2054	2093	2010	2023	1976	1962	2047	1974	1989	2039	2043	2028	2056	2075	2085	2032	2034	2036	2019	2005	2063	2031	2020	2027	2009	2054	2025	2060	2013	2071	2002	1996	2051	2024	2028	2076	2013	1984	2021	1998	2009	2038	1983	1979	2002	2022	2013	2082	2105	1238.599348
2130	2058	2078	2058	2027	2003	2091	2057	2105	2069	2028	2093	2054	2105	1974	2032	2143	2098	2071	2100	2107	2081	2030	2020	2042	2142	2046	2048	2054	2057	2082	2000	2014	2108	2104	2048	2038	2100	2127	2006	2111	2061	2055	2109	2079	2064	2100	2034	2029	2045	2054	2082	2065	2034	1991	1980	2042	2057	2045	2074	2046	1977	2107	2081	2047	1971	1999	2047	2040	2070	2014	2045	2067	2058	2069	2047	2021	2037	2084	2055	2071	2081	2058	2113	2039	2052	2047	2040	2090	2067	1981	2054	2066	2050	2051	2039	1241.217417
2081	2046	2044	2063	2154	2055	2136	2095	2132	2146	2099	2101	2038	2031	2072	2126	2167	2193	2125	2095	2026	2005	2052	2041	2125	2075	2080	2062	2086	2043	2027	2104	2063	2038	2112	2087	2045	2039	2091	2059	2029	2060	2070	2057	2104	2025	2060	2051	2040	2082	2031	2049	2075	2113	2076	2097	2080	2100	2076	2104	2053	2043	2058	2096	2048	2022	2107	2086	2058	2103	2068	2074	2092	2072	2069	2049	2074	2035	2041	2020	2081	2030	2107	2081	2103	2041	2029	2074	2130	2101	2118	2058	2016	2002	2090	2046	1243.834295
2138	2142	2145	2087	2102	2050	2094	2186	2121	2099	2079	2114	2072	2072	2092	2173	2172	2142	2133	2177	2155	2122	2072	2037	2144	2049	2145	2125	2131	2065	2114	2066	2161	2149	2077	2143	2096	2130	2142	2109	2055	2101	2099	2150	2091	2144	2119	2141	2070	2101	2051	2063	2077	2085	2019	2091	2084	2050	2086	2093	2064	2125	2102	2077	2035	2113	2096	2107	2109	2046	2045	2094	2135	2122	2135	2131	2064	2063	2034	2034	2087	2104	2102	2122	2083	2065	2034	2050	2131	2068	2102	2113	2109	2187	2074	2041	1246.449982
2140	2127	2121	2118	2084	2171	2145	2139	2151	2081	2129	2116	2130	2136	2083	2177	2128	2134	2123	2150	2126	2145	2119	2085	2118	2135	2122	2133	2150	2081	2121	2142	2083	2083	2109	2135	2199	2118	2048	2122	2117	2057	2067	2119	2091	2086	2108	2168	2071	2141	2115	2165	2081	2169	2139	2126	2105	2125	2095	2118	2107	2134	2088	2169	2105	2081	2122	2121	2183	2120	2083	2073	2147	2097	2114	2164	2147	2164	2164	2163	2159	2114	2192	2096	2078	2121	2100	2097	2109	2079	2128	2089	2082	2071	2116	2121	1249.064479
2139	2141	2207	2184	2203	2174	2204	2167	2147	2187	2148	2152	2089	2154	2131	2183	2162	2150	2123	2216	2092	2156	2125	2086	2175	2159	2119	2170	2110	2155	2213	2094	2066	2146	2181	2184	2183	2162	2160	2071	2183	2231	2159	2161	2085	2141	2177	2157	2184	2142	2099	2094	2154	2152	2119	2144	2155	2138	2107	2129	2194	2128	2146	2205	2143	2171	2121	2178	2160	2172	2139	2169	2137	2104	2103	2118	2206	2154	2153	2159	2088	2084	2134	2201	2117	2155	2121	2109	2136	2110	2069	2124	2088	2175	2048	2070	1251.664591
2144	2202	2188	2217	2180	2157	2217	2236	2168	2177	2201	2240	2194	2169	2169	2226	2180	2259	2282	2209	2181	2205	2228	2216	2196	2203	2201	2174	2197	2183	2175	2145	2166	2163	2176	2131	2253	2212	2170	2116	2186	2237	2206	2183	2137	2161	2179	2166	2241	2184	2191	2144	2144	2160	2215	2220	2212	2221	2168	2192	2160	2192	2191	2192	2122	2145	2174	2201	2143	2172	2173	2189	2181	2199	2194	2234	2126	2165	2183	2161	2167	2147	2189	2193	2146	2141	2152	2231	2157	2168	2202	2183	2190	2246	2139	2178	1254.276716
2209	2188	2244	2212	2223	2211	2212	2229	2206	2178	2247	2243	2134	2233	2160	2253	2238	2264	2333	2248	2215	2254	2232	2257	2241	2235	2189	2227	2240	2313	2233	2229	2269	2211	2176	2287	2297	2300	2265	2198	2283	2198	2229	2232	2211	2242	2260	2218	2213	2302	2217	2266	2217	2183	2245	2199	2276	2228	2195	2229	2170	2270	2118	2217	2182	2155	2205	2249	2202	2217	2166	2205	2292	2227	2271	2221	2279	2185	2221	2165	2200	2156	2243	2219	2171	2218	2210	2206	2254	2237	2224	2227	2186	2250	2242	2158	1256.887653
2325	2258	2214	2280	2285	2322	2281	2265	2260	2245	2344	2320	2290	2246	2249	2310	2309	2337	2296	2310	2274	2278	2270	2272	2304	2217	2197	2248	2352	2280	2239	2334	2337	2309	2285	2392	2287	2288	2383	2312	2270	2310	2256	2239	2264	2251	2244	2288	2256	2261	2297	2282	2279	2323	2274	2262	2272	2263	2263	2285	2247	2333	2271	2277	2395	2209	2229	2272	2260	2276	2237	2329	2275	2244	2250	2288	2278	2249	2243	2312	2254	2312	2269	2312	2240	2243	2211	2265	2219	2314	2194	2313	2257	2263	2334	2307	1259.484226
2298	2309	2321	2334	2303	2261	2379	2400	2359	2338	2323	2402	2294	2288	2292	2364	2385	2309	2329	2355	2336	2289	2331	2293	2280	2334	2371	2274	2348	2312	2361	2304	2252	2331	2339	2331	2379	2327	2337	2317	2303	2288	2364	2364	2323	2360	2269	2325	2249	2316	2270	2352	2302	2329	2248	2311	2322	2351	2346	2347	2296	2281	2303	2312	2291	2338	2269	2283	2287	2295	2324	2359	2339	2327	2339	2342	2232	2332	2356	2355	2260	2306	2338	2212	2325	2300	2232	2318	2315	2276	2317	2293	2282	2220	2216	2304	1262.092796
2271	2375	2348	2357	2351	2413	2326	2323	2349	2332	2315	2362	2336	2309	2375	2383	2402	2388	2386	2345	2354	2349	2331	2325	2333	2326	2301	2348	2264	2364	2368	2284	2351	2380	2366	2332	2356	2287	2349	2376	2319	2318	2385	2291	2289	2296	2320	2274	2344	2382	2332	2304	2292	2336	2295	2380	2340	2317	2366	2377	2319	2331	2271	2267	2414	2331	2297	2371	2337	2330	2356	2381	2363	2374	2332	2383	2341	2420	2314	2347	2357	2304	2413	2364	2302	2383	2294	2330	2374	2324	2346	2330	2390	2298	2288	2350	1264.687015
2318	2372	2341	2429	2362	2308	2375	2373	2302	2311	2335	2293	2311	2305	2323	2375	2323	2344	2344	2383	2320	2323	2335	2307	2317	2308	2364	2352	2261	2348	2310	2301	2339	2310	2321	2328	2386	2364	2324	2293	2311	2347	2302	2348	2348	2319	2279	2380	2308	2274	2295	2301	2358	2313	2274	2280	2271	2351	2304	2301	2284	2295	2261	2307	2294	2372	2326	2327	2318	2357	2275	2356	2331	2286	2324	2325	2260	2373	2390	2322	2335	2340	2341	2318	2230	2339	2308	2309	2306	2313	2305	2310	2299	2370	2423	2326	1267.293222
2305	2228	2244	2282	2296	2331	2270	2324	2307	2338	2281	2307	2246	2269	2290	2270	2366	2325	2310	4178	2354	2259	2225	2268	2285	2273	2289	2321	2323	2295	2259	2305	2258	2263	2301	2291	2243	2284	2302	2303	2292	2272	2276	2324	2322	2281	2236	2261	2299	2295	2271	2285	2278	2287	2306	2329	2304	2273	2273	2272	2279	2266	2256	2286	2277	2285	2290	2257	2260	2274	2237	2313	2275	2276	2267	2272	2246	2264	2274	2298	2305	2308	2300	2265	2226	2281	2304	2334	2275	2313	2313	2286	2246	2284	2233	2270	1269.885091
2265	2238	2255	2215	2265	2284	2252	2265	2273	2286	2276	2272	2237	2230	2188	2288	2297	2245	2243	2204	2311	2244	2259	2202	2243	2271	2251	2220	2268	2220	2233	2247	2272	2321	2245	2225	2250	2228	2304	2287	2209	2232	2270	2310	2285	2284	2280	2247	2247	2229	2203	2252	2208	2255	2230	2246	2250	2230	2324	2298	2246	2221	2227	2197	2237	2223	2238	2237	2214	2247	2224	2247	2264	2290	2233	2224	2249	2159	2290	2222	2265	2264	2287	2198	2256	2233	2259	2246	2242	2226	2260	2189	2208	2234	2274	2296	1272.475789
2204	2196	2266	2211	2166	2253	2237	2187	2172	2174	2165	2129	2177	2237	2252	2255	2227	2245	2236	2212	2227	2142	2213	2174	2135	2135	2190	2116	2181	2150	2221	2226	2206	2208	2153	2174	2147	2211	2182	2181	2140	2181	2172	2200	2249	2183	2157	2180	2165	2206	2165	2214	2169	2227	2185	2152	2130	2156	2193	2119	2197	2127	2098	2158	2216	2178	2172	2173	2174	2164	2180	2175	2234	2185	2211	2173	2119	2194	2222	2199	2150	2178	2158	2212	2142	2112	2147	2177	2246	2203	2114	2139	2171	2156	2226	2154	1275.065317
2076	2145	2145	2137	2132	2160	2226	2155	2167	2154	2092	2149	2135	2110	2097	2193	2122	2165	2235	2137	2100	2127	2098	2095	2154	2192	2132	2175	2123	2149	2150	2164	2135	2142	2137	2178	2175	2147	2113	2131	2159	2161	2124	2164	2153	2121	2162	2166	2098	2159	2063	2158	2121	2109	2135	2138	2125	2143	2153	2066	2130	2152	2097	2151	2117	2110	2141	2173	2116	2204	2087	2075	2134	2115	2146	2096	2172	2154	2140	2144	2131	2155	2114	2161	2190	2129	2106	2105	2106	2105	2113	2131	2125	2152	2082	2111	1277.653676
2136	1982	2151	2099	2063	2091	2070	2107	2152	2056	2136	2091	2035	2160	2078	2115	2167	2042	2101	2060	2087	2059	2145	2075	2070	2076	2080	2063	2052	2128	2112	2107	2128	2088	2083	2075	2090	2109	2089	2109	2092	2039	2113	2084	2132	2144	2158	2086	2054	2026	2117	2048	2087	1993	2068	2067	2107	2057	2145	2074	2042	2153	2021	2077	2045	2118	2075	2122	2040	2005	2007	2132	2131	2120	2102	2069	2078	2155	2112	2066	2055	2078	2100	2021	2042	2023	2065	2092	2097	2107	2093	2058	2103	2091	2091	2056	1280.240866
2080	2032	2112	2051	2055	2085	2040	2091	2091	2027	2031	2070	1983	2020	2006	2102	2050	2110	2091	2110	2053	2025	2026	2031	2091	2069	2068	2041	1997	2008	2074	2089	2023	2029	1988	2134	2050	2088	2057	2011	2044	2065	2058	1981	2067	2066	2015	2036	2004	2033	2024	2046	2055	2060	2059	2047	2053	2029	2099	2085	2035	2016	2088	2028	1939	2032	2032	2006	2052	1998	2056	2037	2079	2101	2058	2036	2017	2054	2025	2067	2022	2031	2028	2016	2043	1997	2050	1997	2067	2091	2055	2012	2051	1985	2050	2026	1282.826889
1975	1998	2049	1957	1953	1956	2045	2038	2025	1953	1940	1976	1942	1958	1962	1991	1999	2035	2000	2043	1996	1991	2003	1957	1976	2011	2009	1985	1972	1972	1929	1992	2011	2032	1980	1947	2079	1979	2065	1957	2016	1940	2049	1957	2007	2042	1997	1911	1928	1968	2008	2009	1946	1960	1996	1958	1953	1960	1993	2019	1956	1966	2041	1989	2006	2034	1995	2031	1929	2010	2000	1961	2028	1975	1996	1966	2008	1973	1963	1993	1953	2011	2015	2030	1959	2025	1931	1959	2022	1988	1976	1943	1998	1994	2038	1964	1285.411744
1994	1998	1978	2008	1961	1961	1984	1948	1997	1919	1962	1994	1937	1915	1939	1966	1952	1972	1972	1979	1991	1921	1950	1955	1986	1926	1965	1961	1944	1904	1914	1984	1961	1961	1993	1957	1917	1975	1943	1920	1945	2012	1928	1940	1988	2028	1972	1971	1923	2028	1952	1981	1985	1903	1906	1914	1951	1932	1970	1927	1933	1918	1940	1937	1939	1901	1936	1995	1966	1997	1962	1936	1949	1946	2015	1948	1968	1937	2032	1984	1995	1969	1914	1947	1926	2019	1937	1968	1976	2004	1931	1981	1919	1971	1933	1970	1287.982321
1891	1978	1935	1912	1901	1912	1961	1938	1967	1956	1993	1939	1916	1954	1896	1979	1938	1983	1918	1969	2001	1956	1927	1875	1957	1913	1898	1869	1917	1939	1849	1930	1908	1927	1986	1879	1950	1965	1920	1925	1946	1929	1930	1926	1929	1974	1916	1935	1947	1894	1897	1897	1973	1860	1895	1912	1843	1946	1909	1903	1931	1885	1884	1950	1936	1905	1921	1952	1847	1983	1917	1934	1905	1952	1974	1938	1859	1925	1944	1986	1948	1927	1886	1941	1897	1902	1930	1936	1967	1950	1910	1863	1912	1932	1921	1896	1290.564851
1870	1912	1948	1983	1948	1866	1926	1898	1934	1896	1951	1918	1896	1896	1874	1955	2013	2018	1937	1890	1916	1895	1891	1900	1933	1880	1856	1966	1905	1963	1894	1911	1879	1913	1887	1925	1940	1879	1938	2009	1897	1913	1879	1907	1845	1869	1912	1930	1907	1890	1923	1873	1909	1913	1879	1832	1830	1934	1872	1845	1911	1902	1889	1952	1912	1853	1868	1920	1935	1908	1875	1896	1875	1869	1937	1853	1923	1890	1962	1918	1876	1909	1881	1937	1871	1828	1863	1958	1924	1908	1884	1899	1862	1882	1927	1914	1293.133115
1843	1951	1848	1879	1898	1873	1964	1903	1957	1936	1928	1888	1872	1884	1862	1908	1927	1894	1962	1871	1934	1925	1852	1862	1888	1897	1882	1894	1876	1958	1897	1950	1858	1899	1862	1939	1895	1853	1879	1935	1858	1888	1946	1934	1948	1884	1918	1957	1891	1859	1856	1956	1908	1907	1914	1926	1909	1857	1911	1885	1861	1874	1911	1868	1850	1874	1896	1889	1871	1882	1893	1896	1902	1885	1910	1891	1888	1882	1888	1896	1899	1970	1898	1871	1928	1921	1827	1933	1914	1910	1868	1886	1955	1903	1899	1889	1295.713322
1940	1886	1909	1857	1875	1882	1984	1958	1947	1854	1862	1942	1915	1840	1875	1923	1933	1952	1939	1887	1951	1907	1892	1892	1831	1917	1930	1898	1875	1910	1873	1842	1897	1907	1966	1865	1899	1877	1869	1919	1883	1896	1979	1892	1869	1903	1953	1878	1866	1857	1905	1902	1888	1909	1874	1908	1854	1873	1875	1855	1835	1847	1888	1916	1886	1933	1951	1898	1898	1855	1879	1901	1881	1843	1901	1957	1918	1908	1903	1883	1892	1908	1924	1954	1823	1872	1872	1942	1891	1885	1827	1857	1912	1837	1886	1868	1298.279278
1893	1926	1925	1994	1880	1904	2017	1978	1876	1929	1879	1918	1930	1859	1887	1946	1907	1912	1940	1887	1923	1899	1855	1893	1895	1928	1906	1862	1857	1909	1909	1902	1924	1904	1950	1919	1898	1928	1904	1862	1916	1941	1884	1895	1927	1930	1901	1898	1869	1894	1823	1904	1891	1850	1894	1843	1907	1880	1931	1916	1905	1880	1927	1926	1884	1919	1942	1912	1931	1876	1916	1874	1966	1841	1890	1833	1903	1921	1918	1858	1889	1904	1897	1967	1898	1887	1883	1912	1843	1944	1909	1883	1917	1867	1862	1876	1300.857166
1952	1910	1908	1955	1892	1937	1902	1939	1919	1949	1891	1927	1876	1912	1865	1962	1960	1973	1960	1921	1954	1895	1910	1865	1886	1956	1934	1983	1896	1891	1945	1900	1938	1980	1929	1939	1975	1934	1954	1889	1870	1894	1929	1878	1924	1926	1949	1982	1946	1920	1912	1945	1932	1890	1893	1862	1928	1938	1930	1987	1863	1890	1956	1934	1904	1978	1864	1927	1909	1998	1934	1933	1961	1939	1933	1946	1949	1835	1943	1948	1941	1965	1900	1959	1902	1928	1868	1950	1870	1953	1883	1896	1875	1906	1918	1940	1303.420815
1915	1935	1917	1934	1963	1955	1953	1979	1993	1976	1981	1988	1947	1922	1949	1977	1955	2011	2001	1991	2005	1909	1939	1896	1924	1958	1915	1988	1905	1890	1907	1915	1940	1941	1965	1980	1964	1951	2006	1948	1942	1931	1915	1927	1922	1917	1916	1946	1936	1953	1974	1951	1905	1963	1974	1948	1968	1943	1942	1929	1896	1882	1945	1936	1938	1925	1902	1925	1968	1948	1890	1966	1912	1891	1961	1940	1893	1912	1983	1924	1910	1952	1905	1887	1936	1960	1951	1935	1925	1917	1957	1920	1923	1874	1963	1945	1305.983315
1924	1917	1933	1977	1961	1964	1957	1940	2010	1964	2017	1982	2037	2005	1953	2011	1987	1981	1952	1986	1972	1977	1959	2009	2001	1943	1994	2001	1960	1980	2004	1966	1996	1968	1989	1928	2010	2013	1983	2011	1955	1983	1944	1952	1959	1966	1997	1913	2002	1949	1916	1968	1953	1958	1919	1972	1941	2011	1999	2003	2004	1962	1993	1938	1956	2014	1972	2034	1959	1964	1977	1973	1937	1996	1984	1987	1996	1930	1959	1928	1995	1964	1954	1939	1954	1983	1956	1936	1982	1944	1906	1884	1897	1925	1953	2011	1308.544668
2028	2106	2001	2030	2007	2021	2000	2011	2020	2030	2065	1970	1980	1985	2021	2067	2007	2045	2051	2092	2001	2005	2022	2026	2055	2094	2039	2004	2005	1977	2028	2016	2023	2002	1970	1995	2036	2078	2055	2082	1968	1986	1981	1988	1990	2044	1996	2024	1998	2079	1984	2028	1986	1984	2005	2028	2001	1978	2003	2012	1988	1978	2034	2007	2021	2011	1927	1966	1985	1949	2000	2023	1989	1995	1944	1977	2011	1969	2001	1992	2078	2003	2000	1998	2026	1979	2021	2003	2090	2016	1985	1984	1966	2026	1985	2021	1311.104873
2102	2088	2110	2090	2155	2058	2118	2153	2080	2092	2017	2120	2054	1994	2059	2119	2060	2056	2058	2029	2088	2047	2063	2066	2088	2041	2076	2093	2079	2095	2081	2052	2056	2096	2069	2062	2077	2135	2092	2090	2058	2111	2092	2070	2108	2111	2131	2084	2100	2088	2078	2051	2073	2054	2046	2029	2091	2037	2042	2106	2033	2091	2076	2101	2057	2054	2051	2064	2089	2043	2057	2050	2068	2045	2128	2121	2112	2055	2016	2045	2081	2122	2125	2043	2079	2094	2041	2102	2070	2047	2070	2077	1993	2038	2124	2010	1313.663931
2150	2158	2193	2204	2108	2147	2222	2225	2172	2193	2178	2173	2103	2134	2205	2191	2181	2229	2136	2193	2143	2152	2115	2148	2196	2176	2135	2152	2149	2169	2185	2147	2134	2203	2168	2137	2252	2149	2204	2165	2155	2158	2175	2134	2166	2198	2154	2153	2164	2164	2166	2191	2185	2172	2118	2175	2123	2179	2191	2166	2215	2144	2113	2163	2186	2115	2219	2177	2185	2218	2128	2148	2172	2143	2206	2088	2193	2151	2212	2126	2112	2166	2134	2221	2182	2183	2122	2135	2164	2154	2188	2121	2166	2105	2160	2216	1316.221843
2341	2260	2280	2256	2270	2279	2309	2301	2288	2340	2260	2279	2285	2231	2285	2311	2321	2318	2317	2257	2278	2369	2295	2290	2314	2221	2266	2291	2352	2307	2182	2221	2214	2226	2318	2301	2287	2272	2359	2269	2272	2256	2229	2328	2234	2290	2286	2248	2264	2275	2191	2249	2305	2247	2310	2251	2235	2263	2246	2264	2282	2284	2299	2277	2315	2317	2285	2252	2256	2331	2208	2242	2265	2231	2225	2258	2270	2225	2305	2240	2300	2327	2363	2257	2247	2231	2282	2297	2234	2178	2262	2279	2233	2249	2235	2271	1318.765569
2446	2373	2362	2375	2324	2375	2353	2432	2370	2390	2367	2356	2347	2365	2342	2439	2453	2428	2366	2347	2424	2361	2347	2357	2366	2363	2362	2332	2316	2317	2391	2342	2377	2371	2356	2368	2350	2355	2394	2414	2373	2397	2372	2417	2408	2350	2322	2417	2350	2396	2360	2356	2404	2339	2382	2366	2362	2380	2350	2328	2317	2327	2357	2298	2325	2339	2383	2319	2423	2355	2349	2342	2395	2383	2365	2375	2398	2364	2425	2369	2290	2355	2411	2324	2343	2306	2349	2327	2363	2343	2375	2355	2413	2350	2382	2357	1321.321197
2453	2441	2477	2403	2451	2423	2469	2431	2464	2493	2429	2406	2408	2454	2436	2498	2489	2477	2475	2484	2382	2397	2391	2444	2444	2400	2386	2430	2406	2421	2331	2376	2405	2406	2460	2466	2525	2485	2483	2536	2346	2409	2412	2416	2453	2414	2429	2484	2460	2460	2477	2434	2455	2449	2473	2371	2410	2440	2435	2464	2429	2398	2411	2433	2430	2377	2457	2499	2385	2477	2432	2436	2438	2432	2437	2452	2461	2389	2443	2495	2388	2421	2452	2427	2387	2400	2419	2373	2418	2407	2398	2449	2400	2489	2437	2448	1323.875682
2427	2440	2489	2446	2468	2495	2436	2517	2454	2452	2498	2519	2518	2442	2448	2527	2480	2547	2462	2554	2470	2465	2443	2422	2402	2412	2468	2495	2469	2457	2428	2443	2433	2439	2488	2426	2476	2524	2453	2423	2471	2445	2500	2454	2424	2469	2467	2488	2487	2417	2408	2493	2490	2441	2422	2472	2423	2509	2494	2452	2446	2455	2442	2511	2403	2439	2482	2399	2422	2457	2414	2447	2503	2479	2422	2462	2464	2441	2395	2483	2499	2424	2469	2535	2448	2418	2430	2462	2485	2518	2541	2467	2396	2438	2504	2405	1326.416001
2409	2541	2435	2528	2458	2499	2503	2522	2469	2477	2460	2550	2465	2443	2425	2477	2554	2548	2483	2483	2433	2528	2462	2474	2437	2487	2480	2469	2490	2475	2474	2484	2449	2459	2577	2417	2550	2379	2471	2485	2516	2514	2512	2458	2462	2451	2492	2504	2530	2464	2492	2511	2449	2465	2444	2470	2490	2478	2453	2437	2433	2472	2496	2516	2473	2447	2398	2403	2427	2419	2551	2455	2503	2445	2525	2529	2487	2490	2444	2460	2500	2425	2444	2520	2484	2417	2382	2471	2498	2479	2478	2489	2445	2490	2457	2450	1328.955188
2458	2451	2443	2464	2525	2476	2529	2450	2479	2424	2422	2528	2446	2409	2367	2444	2534	2488	2528	2462	2556	2433	2476	2473	2484	2432	2434	2400	2459	2441	2389	2427	2494	2492	2457	2494	2473	2473	2492	2525	2425	2453	2492	2514	2484	2408	2448	2416	2459	2446	2441	2428	2462	2450	2468	2425	2418	2499	2546	2446	2480	2466	2456	2424	2491	2512	2436	2523	2448	2431	2461	2524	2407	2455	2463	2374	2475	2453	2477	2469	2448	2381	2507	2373	2492	2458	2520	2451	2406	2434	2394	2440	2459	2430	2528	2437	1331.506259
2454	2486	2515	2400	2486	2416	2447	2500	2470	2587	2455	2467	2488	2416	2459	2466	2425	2567	2548	2403	2492	2478	2464	2450	2514	2458	2458	2506	2529	2530	2414	2459	2421	2389	2510	2425	2438	2486	2483	2453	2440	2423	2448	2455	2403	2529	2467	2491	2389	2440	2414	2395	2483	2479	2427	2444	2448	2472	2488	2459	2423	2456	2402	2530	2432	2440	2476	2478	2443	2452	2413	2430	2467	2480	2460	2481	2480	2422	2455	2504	2455	2461	2432	2505	2481	2434	2421	2411	2480	2469	2421	2429	2470	2428	2384	2481	1334.043182
2530	2482	2405	2491	2498	2448	2545	2447	2479	2460	2449	2496	2465	2364	2410	2454	2545	2491	2408	2414	2569	2488	2403	2500	2524	2416	2409	2467	2365	2421	2455	2532	2506	2441	2428	2410	2437	2502	2551	2485	2536	2438	2395	2488	2463	2463	2436	2447	2420	2466	2423	2489	2535	2478	2492	2484	2418	2417	2446	2440	2488	2476	2508	2460	2502	2461	2482	2466	2425	2484	2453	2462	2496	2498	2389	2518	2477	2443	2546	2457	2452	2431	2462	2504	2421	2414	2479	2422	2504	2473	2453	2352	2418	2454	2436	2407	1336.578977
2406	2467	2466	2514	2530	2486	2471	2482	2504	2433	2467	2419	2514	2467	2440	2482	2467	2482	2410	2435	2464	2459	2493	2384	2473	2449	2548	2455	2394	2479	2483	2447	2449	2513	2475	2505	2457	2449	2386	2503	2462	2483	2394	2499	2423	2514	2397	2425	2408	2406	2405	2364	2435	2468	2383	2482	2427	2461	2466	2383	2455	2429	2454	2451	2392	2440	2465	2442	2417	2397	2452	2501	2412	2395	2443	2383	2369	2471	2518	2411	2417	2416	2411	2453	2394	2418	2466	2461	2385	2482	2451	2402	2438	2479	2364	2439	1339.113645
2415	2406	2431	2496	2454	2505	2478	2551	2438	2487	2443	2427	2424	2441	2378	2506	2471	2546	2509	2482	2422	2498	2418	2406	2469	2445	2502	2491	2451	2453	2532	2432	2428	2448	2461	2438	2512	2474	2386	2492	2446	2436	2408	2448	2441	2450	2462	2521	2467	2390	2368	2406	2500	2422	2465	2448	2463	2403	2518	2455	2406	2457	2494	2440	2439	2425	2458	2433	2439	2455	2442	2440	2452	2444	2474	2506	2528	2399	2420	2497	2451	2479	2511	2448	2460	2509	2461	2411	2475	2452	2460	2453	2448	2484	2449	2383	1341.647186
2495	2514	2473	2465	2433	2465	2464	2490	2571	2517	2556	2403	2421	2418	2409	2500	2419	2503	2451	2492	2512	2434	2503	2411	2420	2503	2393	2418	2491	2475	2480	2471	2456	2447	2454	2442	2457	2475	2460	2423	2446	2437	2424	2504	2535	2475	2514	2495	2453	2459	2493	2427	2472	2396	2421	2431	2457	2441	2434	2511	2462	2478	2395	2434	2394	2433	2437	2462	2457	2400	2463	2449	2417	2428	2501	2378	2460	2534	2496	2483	2446	2448	2464	2454	2464	2482	2393	2516	2484	2390	2395	2438	2493	2446	2518	2426	1344.179602
2495	2466	2415	2481	2505	2462	2414	2487	2472	2457	2478	2542	2420	2440	2423	2539	2493	2498	2513	2545	2513	2506	2433	2455	2467	2499	2435	2527	2440	2507	2356	2404	2486	2483	2444	2432	2519	2426	2483	2452	2498	2436	2474	2537	2447	2487	2479	2437	2399	2461	2409	2503	2415	2506	2463	2494	2488	2458	2484	2455	2485	2477	2456	2439	2486	2460	2435	2447	2464	2462	2457	2520	2442	2501	2518	2562	2547	2493	2448	2419	2437	2450	2404	2389	2499	2444	2412	2461	2462	2434	2496	2502	2476	2423	2406	2432	1346.710892
2455	2438	2453	2418	2555	2476	2455	2500	2457	2515	2513	2450	2456	2432	2410	2422	2506	2480	2557	2513	2564	2450	2434	2505	2432	2442	2470	2432	2428	2438	2461	2494	2477	2388	2436	2501	2461	2444	2491	2478	2532	2521	2494	2449	2409	2492	2463	2525	2518	2441	2458	2413	2408	2483	2445	2443	2406	2462	2494	2495	2436	2482	2470	2429	2403	2429	2453	2489	2440	2516	2490	2434	2380	2403	2475	2510	2410	2489	2461	2502	2487	2448	2495	2441	2356	2446	2468	2524	2480	2474	2395	2437	2437	2471	2484	2463	1349.241058
2392	2503	2495	2543	2522	2522	2504	2493	2510	2449	2507	2483	2512	2551	2395	2527	2498	2496	2471	2438	2461	2435	2422	2397	2476	2464	2413	2456	2446	2341	2470	2453	2402	2419	2481	2407	2418	2469	2466	2463	2478	2435	2494	2439	2407	2464	2437	2445	2410	2393	2440	2466	2439	2418	2426	2453	2400	2436	2454	2433	2457	2443	2439	2446	2400	2470	2485	2506	2422	2451	2407	2437	2445	2442	2481	2468	2428	2399	2475	2469	2365	2438	2435	2449	2464	2533	2397	2453	2444	2445	2429	2490	2452	2484	2440	2417	1351.7701
2419	2453	2395	2440	2535	2391	2518	2476	2504	2506	2416	2489	2425	2405	2420	2529	2538	2494	2447	2511	2476	2469	2494	2479	2492	2448	2460	2488	2441	2445	2433	2415	2462	2442	2388	2378	2401	2455	2485	2511	2460	2379	2426	2429	2453	2531	2425	2445	2398	2481	2452	2487	2461	2466	2438	2379	2439	2479	2440	2491	2462	2427	2468	2423	2497	2467	2352	2436	2425	2490	2435	2414	2441	2467	2375	2446	2442	2422	2437	2454	2477	2401	2448	2442	2501	2433	2430	2466	2463	2413	2508	2565	2470	2449	2421	2419	1354.285058
2506	2428	2484	2446	2534	2398	2527	2493	2470	2506	2458	2451	2464	2485	2488	2521	2450	2493	2504	2424	2448	2424	2403	2390	2495	2433	2450	2436	2477	2456	2469	2506	2444	2482	2412	2501	2499	2480	2482	2494	2464	2449	2454	2500	2455	2493	2501	2427	2457	2490	2440	2511	2439	2481	2446	2459	2472	2434	2483	2446	2425	2471	2434	2452	2466	2479	2474	2456	2486	2424	2465	2449	2465	2457	2506	2450	2456	2438	2460	2496	2472	2411	2475	2508	2444	2423	2456	2480	2514	2376	2481	2450	2467	2442	2462	2408	1356.811861
2512	2592	2502	2488	2478	2488	2488	2508	2483	2565	2475	2554	2428	2463	2508	2540	2535	2505	2453	2561	2508	2494	2513	2510	2547	2520	2467	2469	2612	2511	2454	2499	2402	2459	2463	2486	2534	2522	2506	2490	2525	2454	2474	2470	2497	2477	2497	2364	2426	2526	2443	2442	2469	2479	2427	2496	2519	2529	2450	2425	2468	2471	2561	2535	2484	2522	2414	2496	2508	2457	2511	2477	2517	2492	2441	2526	2522	2524	2483	2419	2474	2484	2479	2498	2493	2448	2452	2431	2465	2534	2470	2486	2492	2486	2414	2512	1359.324593
2543	2486	2582	2448	2504	2591	2550	2449	2581	2435	2511	2473	2479	2508	2484	2500	2468	2587	2526	2472	2487	2522	2440	2478	2476	2551	2517	2564	2460	2520	2516	2496	2509	2477	2454	2495	2528	2580	2538	2423	2507	2485	2479	2564	2526	2454	2534	2538	2539	2486	2491	2473	2504	2488	2435	2487	2443	2531	2419	2518	2507	2531	2463	2478	2441	2480	2548	2509	2464	2489	2467	2523	2493	2571	2466	2440	2491	2515	2435	2493	2505	2496	2528	2497	2494	2479	2473	2480	2517	2457	2543	2470	2444	2531	2491	2523	1361.849159
2549	2542	2566	2482	2525	2540	2484	2442	2559	2493	2581	2510	2460	2477	2479	2540	2581	2550	2471	2494	2479	2513	2451	2527	2512	2494	2474	2454	2502	2508	2486	2472	2487	2486	2596	2495	2511	2526	2513	2515	2503	2509	2522	2520	2508	2477	2521	2498	2488	2390	2452	2578	2520	2468	2527	2445	2510	2543	2484	2525	2474	2503	2488	2468	2538	2479	2505	2495	2453	2431	2534	2456	2456	2443	2565	2535	2496	2494	2460	2536	2464	2510	2499	2513	2486	2484	2467	2525	2491	2455	2524	2460	2450	2554	2484	2522	1364.359668
2569	2494	2529	2558	2499	2509	2548	2552	2587	2524	2482	2508	2487	2477	2548	2562	2535	2504	2516	2495	2570	2449	2459	2511	2488	2605	2406	2520	2489	2480	2492	2421	2529	2505	2506	2568	2590	2518	2531	2571	2459	2511	2482	2522	2517	2564	2528	2592	2531	2520	2506	2546	2499	2452	2505	2512	2512	2552	2465	2546	2459	2524	2510	2540	2472	2482	2473	2513	2500	2439	2463	2590	2458	2480	2471	2427	2488	2529	2501	2461	2529	2462	2565	2475	2439	2492	2463	2465	2517	2496	2510	2434	2459	2522	2429	2493	1366.869069
2545	2469	2497	2567	2446	2522	2531	2637	2471	2511	2515	2527	2512	2466	2466	2506	2578	2568	2553	2568	2535	2466	2556	2464	2511	2475	2572	2491	2441	2475	2491	2506	2493	2579	2487	2486	2461	2431	2503	2512	2477	2497	2515	2498	2480	2507	2487	2452	2456	2479	2554	2479	2434	2526	2490	2500	2503	2517	2550	2456	2514	2546	2499	2553	2536	2539	2477	2494	2491	2527	2458	2488	2485	2432	2487	2524	2517	2469	2457	2491	2516	2501	2469	2498	2549	2484	2503	2530	2528	2490	2589	2454	2502	2518	2478	2536	1369.377363
2473	2549	2513	2501	2576	2512	2541	2520	2507	2489	2549	2508	2466	2475	2415	2548	2531	2526	2517	2523	2492	2459	2572	2433	2528	2421	2509	2429	2474	2592	2460	2425	2480	2489	2460	2546	2517	2509	2521	2477	2530	2511	2486	2472	2553	2529	2440	2499	2521	2425	2472	2546	2465	2462	2512	2478	2423	2409	2487	2461	2465	2459	2473	2486	2481	2480	2479	2465	2506	2493	2472	2489	2501	2489	2494	2411	2440	2404	2472	2463	2457	2524	2510	2564	2482	2485	2466	2527	2489	2530	2516	2569	2470	2462	2453	2492	1371.884551
2440	2478	2420	2449	2440	2393	2459	2501	2429	2459	2553	2443	2414	2437	2441	2484	2494	2463	2453	2489	2467	2383	2424	2405	2452	2429	2433	2517	2449	2419	2477	2445	2402	2473	2479	2400	2463	2456	2465	2464	2420	2474	2413	2434	2417	2456	2460	2461	2446	2419	2381	2419	2413	2444	2391	2453	2446	2495	2437	2433	2444	2504	2465	2395	2407	2440	2418	2454	2451	2478	2445	2413	2413	2371	2409	2467	2408	2404	2503	2443	2482	2451	2465	2446	2449	2462	2370	2432	2401	2462	2430	2465	2438	2447	2383	2414	1374.390633
2377	2371	2426	2431	2341	2449	2354	2437	2449	2448	2395	2403	2327	2410	2421	2363	2454	2427	2434	2401	2361	2326	2395	2312	2467	2364	2286	2439	2393	2427	2350	2422	2349	2371	2388	2390	2390	2402	2397	2362	2452	2415	2380	2393	2358	2386	2413	2386	2415	2306	2377	2303	2404	2393	2390	2364	2358	2372	2316	2396	2386	2400	2403	2344	2408	2339	2423	2395	2452	2449	2411	2410	2398	2417	2372	2434	2401	2389	2387	2389	2412	2399	2496	2412	2374	2427	2391	2440	2405	2429	2383	2426	2374	2431	2423	2435	1376.895611
2369	2305	2404	2370	2344	2282	2334	2373	2456	2356	2408	2392	2305	2236	2319	2404	2376	2342	2411	2356	2400	2313	2345	2291	2353	2398	2371	2290	2310	2358	2349	2295	2312	2279	2356	2309	2387	2396	2335	2319	2376	2307	2372	2350	2310	2351	2359	2389	2297	2327	2393	2294	2228	2312	2308	2309	2347	2288	2336	2366	2375	2218	2332	2348	2415	2291	2296	2356	2288	2374	2353	2299	2295	2321	2424	2369	2340	2373	2334	2305	2330	2371	2275	2334	2301	2383	2339	2322	2322	2378	2347	2355	2324	2378	2351	2346	1379.399484
2290	2345	2326	2270	2312	2315	2308	2383	2330	2337	2288	2319	2286	2281	2285	2337	2318	2342	2358	2320	2324	2267	2306	2231	2345	2387	2232	2317	2286	2322	2384	2297	2345	2318	2383	2319	2327	2306	2335	2332	2309	2376	2235	2341	2273	2282	2263	2352	2313	2282	2310	2313	2269	2279	2255	2324	2246	2358	2308	2315	2325	2253	2302	2348	2288	2310	2338	2280	2237	2293	2266	2302	2351	2318	2339	2333	2338	2322	2320	2266	2275	2308	2314	2330	2397	2312	2316	2356	2297	2350	2270	2256	2317	2262	2319	2275	1381.902254
2277	2239	2277	2204	2276	2289	2313	2278	2223	2267	2277	2254	2304	2275	2235	2336	2265	2271	2277	2291	2268	2285	2218	2252	2225	2274	2295	2162	2208	2240	2244	2242	2199	2298	2257	2296	2283	2289	2285	2227	2302	2315	2324	2239	2254	2349	2276	2270	2239	2239	2207	2234	2255	2240	2259	2229	2223	2264	2229	2276	2291	2291	2225	2229	2219	2265	2271	2269	2235	2301	2234	2252	2281	2220	2244	2255	2258	2305	2289	2323	2198	2268	2304	2244	2241	2164	2259	2290	2210	2270	2266	2265	2293	2312	2313	2264	1384.403921
2211	2226	2219	2240	2254	2251	2295	2279	2260	2277	2259	2261	2209	2187	2189	2245	2272	2245	2236	2202	2251	2282	2283	2242	2276	2220	2244	2291	2185	2288	2277	2190	2207	2257	2273	2190	2254	2269	2266	2245	2247	2192	2252	2214	2191	2256	2243	2229	2261	2207	2296	2283	2215	2310	2274	2230	2240	2196	2274	2249	2240	2252	2212	2202	2270	2198	2214	2291	2226	2189	2199	2192	2211	2280	2216	2250	2192	2222	2210	2256	2204	2179	2217	2249	2182	2211	2232	2195	2262	2253	2222	2179	2205	2242	2247	2287	1386.8916
2192	2205	2236	2210	2168	2177	2230	2215	2168	2137	2202	2159	2117	2150	2164	2161	2182	2188	2186	2216	2251	2190	2245	2181	2160	2124	2199	2189	2134	2157	2171	2196	2187	2194	2217	2178	2184	2240	2149	2228	2198	2193	2176	2229	2247	2189	2192	2212	2137	2191	2155	2129	2150	2165	2180	2260	2162	2146	2202	2176	2202	2174	2223	2170	2192	2136	2169	2208	2217	2200	2215	2150	2252	2155	2252	2142	2161	2196	2198	2174	2163	2221	2199	2156	2194	2195	2265	2259	2182	2148	2219	2180	2213	2235	2103	2212	1389.39107
2173	2157	2102	2140	2162	2161	2175	2128	2061	2201	2188	2151	2134	2180	2111	2184	2104	2151	2177	2175	2208	2162	2052	2133	2139	2095	2153	2191	2108	2108	2109	2168	2152	2175	2140	2174	2159	2121	2142	2171	2155	2122	2123	2129	2092	2115	2157	2062	2121	2176	2140	2097	2137	2124	2143	2151	2123	2160	2126	2189	2151	2043	2084	2108	2151	2165	2134	2154	2147	2104	2113	2075	2176	2064	2197	2179	2106	2107	2094	2071	2116	2115	2115	2175	2113	2144	2128	2106	2107	2124	2098	2167	2151	2154	2165	2168	1391.876565
2133	2165	2078	2094	2105	2122	2101	2094	2142	2104	2102	2147	2056	2053	2059	2190	2219	2112	2134	2104	2204	2116	2111	2141	2048	2099	2086	2062	2124	2109	2131	2043	2115	2125	2122	2153	2076	2170	2138	2058	2113	2110	2118	2061	2112	2154	2103	2114	2087	2144	2044	2090	2086	2065	2094	2191	2129	2094	2163	2106	2091	2123	2152	2157	2094	2130	2114	2135	2034	2108	2091	2141	2107	2122	2106	2129	2105	2040	2030	2053	2103	2102	2122	2082	2049	2064	2094	2142	2117	2109	2122	2076	2052	2097	2113	2112	1394.37384
2052	2089	2017	2018	2042	2075	2084	2108	2062	2047	2130	2142	2044	2056	2059	2125	2133	2103	2108	2143	2059	2059	2050	2024	2106	2088	2015	2018	2012	2108	2118	2095	2045	2058	2109	2093	2101	2059	2080	2076	2054	2055	2101	2111	2079	2058	2093	2047	2067	2109	2017	2109	2082	2063	2093	2029	2059	2086	2100	2095	2057	2030	2013	2036	2105	2100	2129	2108	2097	2031	2072	2082	2104	2058	2049	2141	2054	2062	2079	2113	2071	2096	2045	2081	2058	2097	2013	2104	2095	2065	2062	2029	2068	2135	2025	2058	1396.857153
2081	2093	2085	2087	2055	2004	2063	2086	2073	2082	2033	2043	2056	1995	1994	2038	2071	2132	2016	2119	2103	2109	2046	2096	2059	2059	2038	2083	2050	2024	2082	2030	2088	2044	2025	2104	2080	2133	2039	2087	2073	2012	2037	2060	1991	2032	2101	2079	2048	2096	2021	2082	2074	2062	2054	2099	2045	2060	2019	2028	2093	2062	2065	1985	1965	2112	2057	2075	2073	2075	2090	2089	2006	2041	2075	2025	2062	2050	2061	2068	2025	2141	2069	2008	2062	2061	2017	2019	2075	2021	1998	1996	2057	2019	2025	2088	1399.339379
2022	2063	2019	2051	2016	2048	2082	2095	2081	2062	2047	2078	2038	2005	2020	2077	2091	2131	2096	2012	2018	2066	2033	2127	1995	2043	2005	2081	2007	2023	2005	2048	2025	2083	2095	1999	2036	2006	2101	2045	2050	2010	2030	1987	2032	2031	2023	1968	2093	2029	2022	2015	2059	2039	1986	2009	1977	2036	2006	2023	2047	2085	1998	1999	1985	2060	2058	2014	2018	1994	2045	2012	2044	1980	2072	2019	2041	2050	2049	1990	2015	1994	2049	2072	2037	1993	2062	2056	2042	2017	2033	1999	2054	2047	1996	2059	1401.820518
2022	2072	2010	2000	2022	2042	2040	2028	2014	2055	2033	2015	2018	2012	1953	2084	2010	2019	2075	2045	2012	2006	2024	1994	1997	1991	1993	1988	2030	2023	2032	2014	2030	1955	2041	2039	2078	2027	2018	2007	1984	2010	2071	2015	2027	2014	2056	2007	2072	1987	1950	1992	1958	1942	2026	2051	1967	2062	2019	2005	1913	1999	1976	2021	2070	1978	2050	2051	2068	2020	1994	1994	1987	1948	2008	1985	2030	2000	1998	2015	2006	2079	2029	2054	1962	2038	1992	2017	2022	2028	2087	2023	2007	1992	2031	1962	1404.300572
2051	2000	1992	2043	2008	2106	2106	2018	2056	2045	2086	2074	1986	1975	2000	2032	2035	2045	2129	2057	2025	1977	2017	2015	2044	2013	1976	2074	2028	2034	2032	2050	1999	1971	1994	1990	1973	2057	2047	1983	2054	2053	2024	2038	2033	1987	1987	2017	2018	2001	2018	2065	2008	2022	2060	2028	2040	2015	2043	2007	2041	1980	1973	1988	1971	2049	2029	2027	2003	2080	1952	1983	2029	2012	2052	1971	2026	1998	2008	2030	2054	1990	1994	2037	2064	1969	2040	2018	2052	2066	1998	1957	1993	2019	1964	2049	1406.779541
1992	2027	2034	2012	1997	2048	2039	2027	2012	2031	2019	2081	2033	1932	1995	2082	2002	2052	2076	2069	2005	2022	1966	2026	2039	2054	2015	1972	1995	1992	2044	2007	2025	2009	1993	2037	2063	2064	2064	1986	2067	2031	2021	2072	2015	2034	2019	1992	2029	2023	1996	2050	1985	2009	1996	2059	2037	2036	1997	2013	2047	2041	2045	2001	1967	1955	1993	1998	1990	2019	1973	1975	2043	2041	2012	2062	2012	2019	1990	2040	1988	2013	2044	2045	2070	2033	1977	2084	1986	1981	1995	2060	2023	2065	2007	2039	1409.257426
2019	2026	2030	2111	2073	1986	2032	2038	2067	2057	2068	2011	1997	1979	1990	2056	2002	2082	1995	2009	2012	2010	2000	1953	2031	1947	2004	2019	1994	2010	1952	2037	1994	1970	2033	2051	2005	1997	1967	1997	2015	2030	1979	2043	2098	1996	1963	2054	2026	2053	2035	2093	2001	1997	2045	1994	2061	2033	2030	1997	1952	2027	1988	2036	1970	2081	2010	2004	1995	1960	1993	2012	1973	2019	2010	1971	2051	2009	2027	1982	2013	2033	2072	2051	1992	2002	1995	2002	2003	2042	1990	1990	2000	2025	1994	2001	1411.734227
2027	1991	2002	1954	1989	2020	1973	2020	2024	2048	1933	2035	2007	1961	1971	2032	2046	2034	2101	2020	1990	2041	1995	2039	1951	2041	2014	1971	2032	1998	1961	1957	1978	2010	2066	2033	2033	1979	2015	1977	2001	2064	2000	1980	1999	2018	1967	2012	1973	1934	1969	2038	2035	1998	1986	1991	1974	2052	2033	1952	1983	1988	1939	1957	1942	1991	1983	2008	1930	2020	1944	2003	1984	2024	2007	1993	1963	1942	2025	1960	1967	2005	1979	1931	1944	1974	1979	1989	2017	1965	1994	2018	1986	1982	2050	1957	1414.209946
1982	1935	2009	1981	1970	1981	1972	2031	1998	2024	2057	2026	1999	1959	1971	2001	2053	2016	1997	1948	2015	1953	2012	2000	2009	1991	2009	1953	1991	1946	1912	2018	1959	1974	1958	1987	2010	2032	1998	1997	1982	2003	1998	1955	1964	1941	1974	1979	1942	1956	1947	2004	1987	1992	1993	1923	1894	2036	1962	2020	1926	1964	1969	1957	1924	1981	1969	1973	1998	2024	2002	2000	1965	1923	2000	1958	2033	2028	1966	1945	1865	1948	1975	1962	1991	1957	1960	1943	1955	1934	2007	1983	1971	2034	1957	2024	1416.671764
1925	1946	1912	1970	1941	1976	1924	1998	1974	2001	1956	1904	1909	1941	1985	2018	1954	1964	1981	2019	2019	1964	1930	1936	1976	1929	2019	1932	1929	1979	1912	1940	1926	1933	1941	1965	1848	1935	2011	1924	1955	2026	1948	1948	1962	1935	1993	1889	1975	1908	1939	1947	1970	1974	1942	1904	1935	1967	1959	1997	1967	1964	1936	1928	1924	1976	1931	1958	2014	1972	1891	2002	1883	1958	1915	1944	1898	1931	1916	1939	1963	1900	1954	1972	1894	1924	1845	1971	1935	1965	1874	1904	1920	1935	1914	1952	1419.145325
1893	1897	1902	1880	1935	1889	1954	1929	1916	1930	1884	1922	1850	1960	1931	1953	1933	1923	1952	1969	1879	1880	1899	1898	1917	1939	1925	1936	1932	1922	1965	1890	1910	1940	1949	1919	1979	1955	1913	1852	1907	1875	1868	1968	1881	1891	1962	1878	1884	1922	1951	1860	1895	1925	1891	1916	1854	1938	1979	1922	1893	1888	1926	1924	1886	1925	1897	1919	1858	1939	1866	1928	1869	1899	1893	1933	1952	1893	1891	1968	1883	1926	1905	1903	1864	1858	1877	1896	1900	1940	1896	1897	1892	1916	1902	1948	1421.604998
1850	1894	1890	1882	1858	1808	1977	1873	1910	1884	1916	1874	1855	1849	1875	1893	1932	1865	1850	1903	1947	1846	1897	1884	1895	1874	1920	1875	1890	1906	1883	1881	1880	1867	1899	1880	1862	1896	1883	1847	1858	1853	1841	1911	1896	1854	1914	1837	1881	1849	1872	1885	1903	1888	1956	1932	1850	1882	1924	1901	1861	1903	1895	1859	1887	1888	1893	1885	1925	1949	1875	1876	1897	1897	1887	1863	1839	1859	1861	1873	1900	1947	1882	1820	1868	1841	1891	1829	1876	1889	1858	1872	1877	1872	1924	1900	1424.076404
1855	1873	1850	1861	1814	1882	1966	1859	1886	1836	1859	1908	1814	1877	1869	1859	1885	1948	1891	1884	1882	1784	1839	1907	1843	1876	1876	1870	1833	1829	1851	1841	1864	1882	1827	1901	1878	1859	1768	1874	1824	1902	1943	1848	1849	1890	1847	1840	1840	1836	1820	1874	1821	1844	1788	1889	1894	1867	1881	1859	1807	1852	1882	1828	1908	1841	1882	1833	1883	1904	1837	1862	1822	1858	1854	1882	1885	1830	1840	1810	1821	1856	1926	1857	1885	1816	1822	1860	1889	1869	1897	1828	1834	1822	1908	1821	1426.533935
1893	1895	1862	1857	1831	1857	1859	1836	1855	1873	1904	1861	1827	1829	1831	1908	1833	1902	1883	1849	1889	1809	1854	1822	1846	1883	1869	1830	1832	1835	1832	1843	1822	1810	1849	1874	1831	1872	1857	1870	1826	1793	1805	1778	1846	1852	1805	1878	1850	1805	1827	1840	1803	1829	1856	1809	1854	1912	1889	1836	1847	1805	1850	1881	1897	1841	1840	1834	1859	1829	1844	1817	1854	1854	1869	1767	1806	1869	1823	1799	1772	1790	1857	1808	1833	1828	1810	1868	1827	1819	1796	1875	1818	1816	1871	1849	1428.990398
1786	1835	1793	1843	1807	1795	1848	1865	1866	1887	1816	1809	1780	1804	1805	1911	1865	1860	1808	1828	1849	1804	1800	1778	1850	1747	1796	1822	1846	1824	1802	1793	1783	1837	1792	1829	1819	1880	1867	1882	1812	1849	1855	1801	1799	1873	1845	1795	1805	1828	1822	1828	1816	1799	1771	1793	1826	1793	1799	1793	1791	1869	1784	1854	1775	1812	1833	1811	1813	1799	1782	1801	1879	1809	1804	1813	1839	1850	1810	1813	1832	1906	1782	1823	1804	1768	1806	1811	1825	1821	1782	1819	1816	1872	1864	1811	1431.45858
1780	1836	1753	1812	1814	1784	1808	1858	1814	1832	1834	1792	1758	1816	1824	1852	1853	1868	1816	1820	1781	1775	1812	1848	1772	1796	1802	1835	1844	1803	1782	1788	1810	1864	1822	1780	1843	1862	1753	1799	1769	1812	1779	1877	1831	1842	1846	1843	1739	1826	1792	1797	1813	1821	1859	1777	1779	1762	1825	1791	1818	1783	1725	1796	1831	1796	1845	1804	1836	1808	1800	1810	1801	1775	1780	1812	1816	1807	1815	1825	1806	1756	1839	1819	1798	1773	1778	1784	1784	1841	1712	1787	1798	1801	1781	1824	1433.912905
1789	1824	1853	1817	1766	1794	1857	1857	1783	1845	1782	1762	1803	1739	1803	1784	1827	1840	1780	1829	1794	1841	1815	1819	1780	1763	1727	1785	1794	1838	1798	1762	1880	1753	1788	1783	1798	1854	1817	1827	1849	1740	1792	1755	1748	1797	1769	1816	1780	1788	1803	1786	1785	1809	1734	1748	1809	1828	1827	1755	1757	1808	1739	1833	1823	1766	1797	1838	1823	1774	1776	1776	1782	1817	1780	1745	1790	1782	1845	1735	1817	1849	1818	1869	1744	1810	1743	1844	1789	1816	1808	1785	1784	1767	1777	1802	1436.366165
1833	1874	1807	1814	1836	1815	1817	1841	1823	1831	1837	1794	1718	1789	1772	1891	1843	1827	1811	1811	1863	1804	1804	1832	1818	1794	1820	1823	1855	1785	1788	1817	1789	1857	1816	1811	1839	1841	1829	1789	1844	1827	1849	1839	1861	1806	1798	1824	1826	1761	1782	1827	1836	1774	1835	1836	1769	1820	1824	1858	1844	1818	1856	1886	1761	1758	1808	1783	1799	1858	1867	1775	1872	1837	1813	1801	1826	1883	1830	1791	1870	1834	1861	1799	1791	1809	1789	1892	1804	1855	1773	1803	1816	1839	1794	1827	1438.81836
1823	1834	1903	1860	1818	1848	1879	1891	1843	1809	1890	1815	1875	1786	1864	1881	1903	1895	1871	1892	1870	1854	1822	1781	1822	1841	1857	1830	1858	1857	1820	1880	1831	1857	1864	1824	1827	1832	1844	1816	1905	1903	1886	1863	1844	1873	1863	1862	1854	1806	1796	1847	1811	1851	1857	1813	1837	1860	1843	1867	1843	1859	1886	1846	1851	1847	1866	1769	1847	1825	1854	1833	1881	1883	1862	1852	1878	1862	1818	1851	1804	1866	1827	1880	1802	1850	1845	1854	1853	1863	1819	1853	1822	1852	1841	1861	1441.269492
1914	1914	1896	1879	1900	1907	1941	1969	1872	1918	1842	1982	1867	1858	1881	1942	1883	1976	1910	1904	1933	1833	1924	1869	1918	1883	1896	1928	1924	1921	1855	1841	1918	1913	1946	1928	1936	1937	1926	1883	1933	1899	1899	1916	1868	1973	1904	1936	1827	1863	1904	1902	1894	1875	1852	1964	1866	1922	1903	1879	1895	1887	1804	1915	1919	1928	1855	1874	1908	1892	1887	1873	1930	1899	1886	1893	1906	1901	1818	1905	1869	1915	1884	1876	1883	1878	1817	1874	1860	1831	1919	1873	1855	1832	1860	1903	1443.706802
1976	2030	1992	2012	2003	2019	1962	2011	2016	2044	2055	1964	1958	2002	1981	1993	2011	1988	2034	2027	2015	1966	2001	2025	1990	1953	1950	2014	1919	1996	1992	2029	1940	1940	2006	2049	2016	2039	2002	2048	1980	2011	2048	2049	2023	2004	1973	1997	1996	2039	1954	1982	2004	1996	2010	2016	1978	1984	2024	2012	1961	1973	1948	1946	1990	1990	1972	1997	2030	1962	1964	1990	2007	1965	2002	1993	2006	2025	2023	2000	1970	1989	2008	2033	1941	1964	1960	2007	1959	2015	2019	2016	1959	1972	2020	1998	1446.155813
2209	2167	2232	2175	2168	2130	2168	2160	2166	2177	2209	2166	2125	2108	2052	2171	2226	2192	2210	2159	2112	2150	2124	2168	2208	2093	2160	2157	2156	2163	2155	2111	2113	2167	2120	2106	2167	2157	2135	2164	2138	2201	2149	2154	2119	2165	2114	2185	2109	2087	2087	2167	2176	2145	2130	2085	2085	2215	2154	2110	2123	2146	2139	2132	2136	2185	2180	2164	2104	2155	2126	2175	2209	2106	2141	2138	2133	2115	2210	2123	2208	2155	2153	2153	2149	2119	2139	2175	2079	2203	2131	2150	2129	2138	2104	2132	1448.603763
2300	2372	2290	2305	2385	2416	2392	2308	2362	2312	2345	2332	2310	2388	2348	2348	2341	2390	2412	2320	2371	2287	2329	2363	2293	2319	2334	2350	2323	2339	2256	2292	2313	2316	2384	2384	2427	2342	2364	2296	2350	2292	2326	2357	2334	2318	2320	2366	2347	2265	2272	2270	2363	2328	2321	2324	2290	2347	2346	2317	2257	2320	2378	2352	2332	2354	2336	2305	2289	2361	2302	2329	2363	2376	2323	2293	2376	2312	2353	2389	2337	2349	2271	2311	2278	2317	2316	2310	2378	2323	2305	2312	2293	2326	2273	2339	1451.03791
2529	2565	2540	2549	2524	2470	2605	2563	2573	2531	2533	2561	2504	2563	2445	2535	2527	2539	2638	2557	2488	2543	2457	2536	2521	2513	2558	2498	2452	2526	2557	2541	2499	2573	2446	2578	2502	2524	2570	2577	2528	2500	2524	2485	2527	2488	2499	2584	2548	2496	2520	2508	2491	2512	2482	2489	2426	2535	2490	2538	2585	2494	2448	2505	2491	2582	2555	2541	2529	2477	2563	2477	2484	2502	2479	2561	2499	2522	2540	2492	2495	2479	2467	2472	2547	2488	2587	2490	2501	2518	2440	2462	2572	2553	2501	2516	1453.483744
2698	2684	2711	2708	2697	2605	2685	2637	2695	2650	2666	2718	2653	2670	2681	2667	2716	2663	2666	2684	2676	2697	2666	2646	2670	2642	2687	2640	2651	2696	2629	2653	2610	2704	2618	2579	2634	2675	2663	2716	2715	2648	2739	2653	2676	2663	2594	2649	2588	2636	2611	2629	2670	2686	2658	2560	2639	2643	2659	2582	2674	2637	2698	2627	2719	2644	2584	2702	2642	2685	2618	2635	2608	2684	2673	2685	2744	2590	2646	2605	2598	2656	2660	2674	2607	2686	2576	2626	2648	2613	2607	2663	2637	2670	2674	2697	1455.915787
2717	2665	2617	2650	2728	2633	2733	2673	2717	2660	2702	2714	2634	2698	2688	2701	2678	2618	2638	2625	2697	2644	2624	2683	2670	2641	2583	2654	2682	2646	2651	2698	2619	2598	2666	2718	2598	2701	2697	2643	2717	2691	2564	2605	2702	2692	2760	2718	2644	2692	2655	2601	2667	2657	2645	2658	2638	2737	2646	2676	2710	2684	2680	2682	2702	2664	2672	2691	2646	2654	2702	2596	2722	2640	2653	2683	2675	2724	2617	2628	2624	2656	2672	2683	2664	2632	2635	2647	2578	2572	2650	2625	2746	2669	2695	2682	1458.359508
2546	2609	2549	2643	2644	2610	2550	2560	2549	2604	2578	2647	2622	2569	2577	2575	2592	2596	2607	2604	2555	2539	2570	2577	2542	2534	2563	2626	2546	2661	2536	2609	2549	2559	2635	2602	2521	2579	2609	2566	2582	2571	2525	2592	2600	2541	2633	2631	2543	2540	2543	2599	2588	2534	2585	2596	2584	2607	2540	2604	2567	2533	2545	2558	2643	2620	2592	2533	2561	2514	2588	2626	2548	2615	2468	2579	2535	2595	2557	2499	2536	2590	2579	2535	2594	2549	2532	2589	2558	2599	2564	2530	2638	2583	2584	2546	1460.789451
2502	2364	2426	2390	2415	2453	2419	2425	2431	2385	2402	2438	2386	2416	2434	2409	2396	2516	2438	2476	2463	2468	2363	2427	2349	2394	2375	2438	2415	2415	2435	2375	2477	2362	2446	2405	2456	2441	2409	2368	2463	2420	2389	2436	2419	2459	2424	2395	2395	2344	2419	2447	2436	2412	2402	2389	2426	2421	2444	2489	2407	2367	2402	2438	2475	2443	2419	2430	2362	2397	2419	2378	2449	2414	2403	2352	2400	2380	2439	2375	2367	2432	2402	2438	2376	2398	2357	2435	2450	2450	2410	2389	2411	2422	2376	2371	1463.218347
2229	2246	2236	2317	2244	2354	2336	2226	2188	2325	2295	2278	2176	2223	2225	2341	2229	2314	2221	2279	2243	2260	2194	2187	2305	2212	2234	2226	2196	2277	2213	2196	2214	2247	2223	2291	2228	2303	2251	2194	2167	2222	2190	2215	2200	2325	2160	2212	2237	2226	2179	2206	2292	2285	2263	2279	2299	2236	2192	2212	2258	2211	2246	2239	2228	2264	2243	2204	2232	2230	2234	2216	2256	2213	2277	2292	2306	2238	2280	2266	2261	2191	2297	2209	2243	2206	2267	2205	2264	2224	2274	2203	2211	2236	2266	2211	1465.646197
2081	2075	2005	2127	2071	2075	2049	2070	2066	2112	2067	2100	2052	2020	2076	2079	2063	2082	2022	2065	2067	2071	2049	2101	2086	2062	2066	2099	2087	2038	2055	2042	2094	2041	2016	2034	2107	2199	2137	2088	2050	2069	2008	1995	2060	2076	2138	2107	2048	2097	2052	2122	2109	2039	2049	2089	2022	2030	2043	2164	2078	2048	2051	2062	2071	2082	2081	2081	2057	2067	2040	2060	2135	2093	2100	2028	2062	2079	2057	2094	2111	2060	2119	2019	2039	2068	2050	2039	2090	2098	2074	2026	2013	2111	2035	2061	1468.073002
1896	1950	1970	1900	1922	1957	1885	1958	1908	1935	1971	1918	1878	1910	1884	1922	1932	1958	1883	1923	1926	1898	1883	1873	1909	1919	1943	1870	1876	1894	1872	1857	1889	1933	1949	1939	1900	1924	1940	1891	1986	1897	1948	1913	1889	1948	1840	1961	1865	1853	1893	1928	1909	1925	1919	1915	1917	1902	1874	1914	1906	1916	1890	1922	1901	1915	1895	1903	1864	1851	1923	1881	1909	1882	1877	1881	1938	1913	1973	1894	1852	1864	1917	1889	1906	1915	1902	1913	1964	1908	1886	1870	1888	1858	1909	1940	1470.498762
1767	1763	1767	1835	1788	1771	1823	1842	1833	1873	1762	1772	1748	1730	1763	1796	1809	1775	1888	1810	1765	1808	1753	1739	1782	1766	1813	1789	1838	1841	1805	1801	1799	1832	1775	1800	1802	1821	1728	1730	1797	1801	1795	1779	1807	1788	1792	1813	1786	1792	1791	1752	1833	1794	1757	1778	1796	1818	1779	1778	1799	1834	1799	1831	1765	1782	1789	1780	1724	1793	1796	1797	1753	1798	1789	1745	1757	1765	1753	1836	1746	1789	1759	1777	1766	1756	1766	1780	1780	1776	1810	1794	1795	1736	1805	1780	1472.923478
1676	1681	1668	1659	1658	1685	1710	1650	1653	1669	1715	1732	1611	1572	1641	1716	1677	1686	1667	1675	1723	1662	1668	1589	1660	1664	1646	1665	1678	1654	1684	1612	1670	1678	1715	1706	1661	1644	1725	1687	1659	1671	1732	1681	1653	1643	1667	1649	1670	1581	1622	1613	1640	1669	1674	1652	1608	1640	1658	1634	1611	1666	1637	1684	1680	1700	1623	1690	1605	1643	1626	1679	1671	1713	1674	1656	1693	1618	1691	1685	1691	1708	1640	1687	1655	1641	1647	1662	1599	1666	1652	1656	1623	1655	1670	1654	1475.347151
1585	1608	1652	1551	1604	1590	1613	1669	1586	1598	1603	1573	1602	1560	1596	1575	1628	1576	1645	1628	1620	1575	1580	1584	1566	1604	1578	1592	1613	1599	1586	1519	1590	1621	1560	1595	1593	1586	1607	1550	1629	1577	1599	1567	1604	1620	1614	1549	1516	1569	1579	1602	1627	1625	1544	1580	1582	1635	1539	1604	1571	1549	1641	1563	1577	1608	1582	1555	1546	1604	1584	1552	1593	1608	1625	1545	1572	1631	1581	1597	1570	1539	1560	1575	1569	1548	1566	1593	1588	1543	1545	1583	1606	1643	1560	1548	1477.769782
1558	1545	1489	1562	1531	1583	1524	1578	1549	1552	1509	1562	1538	1516	1478	1565	1473	1580	1586	1526	1547	1498	1526	1544	1504	1584	1567	1548	1590	1538	1488	1565	1517	1522	1555	1531	1534	1517	1561	1522	1565	1507	1563	1571	1517	1531	1498	1530	1505	1516	1463	1487	1507	1507	1478	1505	1537	1548	1553	1513	1504	1484	1542	1569	1500	1511	1551	1565	1517	1519	1527	1491	1514	1551	1526	1563	1505	1511	1554	1553	1551	1493	1560	1503	1457	1490	1505	1514	1519	1523	1499	1547	1497	1543	1491	1573	1480.178694
1538	1511	1515	1478	1474	1545	1493	1474	1475	1520	1474	1470	1472	1460	1428	1530	1497	1480	1495	1474	1440	1473	1460	1472	1405	1542	1448	1410	1452	1515	1490	1422	1449	1488	1472	1474	1495	1467	1459	1512	1463	1466	1464	1459	1495	1466	1494	1478	1476	1424	1470	1477	1443	1456	1470	1432	1445	1524	1436	1445	1468	1455	1466	1477	1444	1439	1440	1495	1479	1477	1454	1496	1495	1523	1458	1440	1520	1474	1447	1479	1439	1442	1500	1487	1503	1458	1461	1501	1461	1458	1489	1477	1399	1473	1432	1464	1482.599247
1511	1429	1458	1474	1443	1404	1438	1469	1426	1457	1427	1441	1446	1413	1414	1478	1458	1432	1433	1405	1421	1416	1420	1437	1441	1480	1442	1390	1416	1427	1409	1446	1493	1422	1456	1450	1441	1469	1505	1429	1461	1451	1506	1446	1464	1468	1423	1472	1438	1430	1413	1430	1441	1446	1402	1436	1405	1439	1424	1433	1407	1463	1463	1475	1423	1474	1455	1443	1451	1425	1427	1383	1423	1438	1464	1434	1443	1441	1453	1468	1473	1439	1430	1441	1463	1438	1463	1424	1441	1402	1426	1418	1426	1430	1424	1477	1485.018759
1438	1448	1411	1387	1392	1392	1400	1444	1422	1450	1410	1455	1357	1371	1409	1460	1444	1453	1437	1401	1393	1423	1420	1381	1451	1360	1448	1409	1443	1434	1467	1435	1415	1393	1402	1421	1431	1403	1408	1362	1433	1463	1414	1437	1412	1426	1398	1388	1403	1431	1408	1449	1420	1429	1386	1405	1365	1432	1422	1418	1418	1402	1361	1389	1361	1417	1383	1394	1413	1371	1365	1392	1442	1427	1388	1384	1395	1406	1412	1447	1344	1414	1378	1426	1400	1407	1411	1447	1399	1415	1415	1403	1401	1424	1386	1365	1487.424572
1370	1445	1356	1410	1395	1403	1376	1371	1420	1385	1372	1388	1332	1393	1366	1399	1411	1421	1409	1388	1385	1358	1371	1396	1358	1373	1401	1428	1383	1369	1381	1371	1393	1408	1373	1356	1431	1393	1428	1385	1328	1336	1384	1377	1369	1353	1349	1402	1339	1386	1337	1426	1399	1419	1380	1357	1402	1329	1390	1397	1349	1361	1400	1391	1336	1393	1397	1361	1383	1395	1386	1379	1410	1398	1379	1380	1372	1415	1422	1392	1401	1371	1400	1414	1365	1324	1329	1375	1420	1371	1318	1360	1354	1437	1429	1398	1489.829356
1400	1386	1422	1349	1335	1412	1366	1393	1403	1401	1399	1363	1333	1350	1313	1443	1404	1426	1396	1381	1391	1337	1340	1371	1387	1380	1378	1377	1410	1401	1327	1354	1394	1360	1356	1413	1370	1402	1395	1373	1359	1390	1385	1360	1370	1357	1399	1368	1354	1371	1389	1374	1373	1377	1416	1341	1355	1365	1351	1341	1379	1369	1341	1346	1324	1355	1386	1320	1377	1407	1371	1334	1376	1396	1406	1359	1383	1373	1344	1398	1360	1375	1369	1336	1360	1348	1412	1374	1342	1329	1387	1328	1325	1345	1365	1349	1492.245761
1376	1326	1353	1357	1332	1361	1352	1377	1391	1332	1368	1337	1316	1333	1348	1354	1347	1378	1386	1336	1370	1356	1319	1350	1381	1332	1343	1368	1387	1350	1360	1360	1345	1387	1381	1338	1396	1371	1367	1361	1333	1369	1383	1352	1369	1354	1340	1368	1347	1366	1360	1330	1318	1347	1382	1363	1330	1359	1349	1381	1412	1341	1362	1356	1376	1365	1327	1316	1349	1322	1350	1350	1331	1314	1336	1324	1304	1354	1432	1352	1350	1336	1360	1333	1377	1310	1352	1327	1279	1395	1330	1348	1308	1356	1377	1381	1494.648485
1340	1309	1333	1377	1373	1400	1382	1373	1346	1373	1376	1380	1322	1318	1303	1346	1374	1376	1340	1360	1348	1328	1327	1332	1324	1280	1341	1351	1353	1348	1368	1325	1318	1359	1321	1327	1362	1375	1349	1381	1370	1319	1334	1348	1366	1330	1341	1313	1349	1336	1328	1333	1378	1350	1333	1327	1344	1328	1318	1342	1343	1353	1334	1325	1359	1360	1318	1373	1328	1305	1316	1391	1366	1405	1349	1319	1316	1336	1332	1353	1372	1344	1350	1358	1338	1361	1310	1353	1355	1351	1297	1329	1360	1324	1285	1341	1497.050183
1384	1331	1362	1399	1359	1348	1317	1373	1342	1341	1356	1368	1318	1336	1310	1374	1391	1338	1316	1382	1375	1329	1336	1320	1333	1328	1334	1356	1369	1330	1327	1377	1343	1320	1370	1355	1361	1335	1342	1357	1306	1316	1321	1328	1318	1361	1303	1362	1357	1362	1361	1343	1311	1370	1326	1350	1297	1344	1363	1310	1316	1332	1341	1348	1318	1335	1347	1344	1328	1333	1348	1324	1318	1342	1353	1330	1319	1304	1353	1350	1331	1321	1289	1308	1316	1267	1303	1340	1364	1354	1339	1333	1336	1341	1302	1361	1499.450855
1299	1336	1300	1337	1318	1347	1317	1345	1331	1350	1354	1377	1326	1313	1326	1381	1353	1415	1366	1359	1305	1346	1329	1316	1326	1334	1317	1307	1345	1334	1332	1308	1301	1329	1344	1320	1332	1353	1371	1316	1314	1321	1365	1303	1358	1305	1338	1343	1274	1292	1375	1360	1301	1339	1349	1319	1320	1341	1322	1392	1357	1308	1312	1304	1344	1241	1355	1347	1298	1348	1291	1298	1378	1334	1285	1334	1294	1319	1338	1349	1303	1350	1337	1342	1315	1299	1288	1328	1301	1297	1283	1305	1354	1320	1278	1327	1501.850502
1344	1346	1338	1317	1306	1345	1349	1398	1326	1386	1309	1342	1351	1289	1322	1395	1344	1362	1340	1355	1372	1337	1327	1324	1330	1315	1341	1312	1366	1314	1331	1338	1332	1315	1353	1363	1321	1366	1328	1326	1323	1322	1347	1329	1337	1354	1325	1336	1327	1315	1356	1313	1354	1312	1310	1328	1317	1309	1333	1311	1330	1316	1314	1299	1357	1303	1300	1351	1286	1310	1321	1339	1343	1332	1335	1324	1344	1368	1337	1289	1353	1324	1295	1358	1342	1318	1307	1279	1343	1315	1260	1268	1343	1299	1321	1376	1504.249124
1357	1322	1342	1364	1338	1329	1389	1356	1399	1317	1348	1350	1317	1311	1319	1359	1350	1318	1360	1344	1331	1299	1365	1345	1292	1293	1345	1324	1321	1308	1324	1302	1291	1297	1316	1317	1311	1331	1339	1324	1313	1310	1311	1320	1327	1362	1331	1334	1285	1379	1307	1324	1322	1310	1329	1322	1379	1343	1344	1320	1314	1292	1320	1322	1308	1310	1344	1324	1343	1308	1325	1305	1342	1305	1353	1329	1322	1328	1349	1334	1353	1391	1326	1372	1308	1299	1256	1330	1335	1327	1295	1309	1313	1296	1336	1275	1506.646723
1308	1367	1305	1350	1347	1351	1382	1367	1298	1281	1318	1302	1269	1303	1320	1371	1347	1357	1357	1354	1363	1305	1240	1311	1290	1300	1298	1323	1340	1337	1316	1354	1303	1336	1298	1327	1300	1341	1353	1359	1350	1330	1350	1335	1360	1323	1322	1335	1291	1319	1310	1349	1299	1343	1285	1305	1309	1300	1310	1310	1311	1347	1286	1352	1294	1354	1342	1330	1270	1289	1338	1353	1288	1337	1317	1294	1270	1332	1293	1285	1300	1352	1334	1293	1275	1328	1313	1354	1311	1330	1312	1313	1310	1354	1308	1309	1509.043298
1284	1351	1307	1338	1341	1354	1303	1369	1355	1321	1412	1312	1346	1307	1321	1346	1372	1348	1318	1344	1339	1352	1300	1357	1272	1310	1340	1283	1301	1325	1283	1328	1314	1340	1303	1316	1357	1342	1337	1278	1304	1313	1337	1362	1292	1334	1346	1327	1295	1263	1315	1322	1320	1349	1313	1307	1249	1358	1319	1327	1287	1337	1319	1331	1348	1336	1362	1344	1282	1317	1289	1308	1303	1308	1374	1308	1355	1300	1272	1333	1330	1314	1347	1342	1295	1303	1320	1332	1371	1289	1317	1353	1351	1312	1329	1307	1511.426246
1305	1363	1378	1291	1355	1316	1412	1334	1391	1332	1364	1311	1284	1297	1316	1359	1355	1340	1321	1331	1291	1359	1316	1345	1313	1274	1306	1331	1272	1339	1323	1329	1337	1308	1325	1324	1390	1395	1344	1347	1342	1293	1321	1351	1329	1319	1292	1321	1311	1330	1329	1370	1297	1323	1333	1310	1322	1382	1372	1347	1309	1329	1271	1352	1293	1306	1333	1303	1316	1312	1308	1317	1303	1333	1380	1298	1313	1265	1323	1342	1292	1299	1315	1300	1314	1293	1304	1347	1322	1314	1304	1284	1323	1370	1335	1291	1513.820782
1342	1285	1303	1333	1293	1265	1320	1301	1353	1325	1315	1337	1288	1334	1295	1366	1301	1333	1377	1329	1338	1327	1310	1341	1328	1343	1345	1269	1290	1320	1308	1322	1350	1303	1328	1350	1325	1299	1331	1275	1335	1330	1339	1335	1284	1346	1321	1382	1289	1304	1300	1311	1327	1312	1303	1324	1299	1292	1333	1314	1318	1286	1304	1295	1343	1313	1292	1294	1301	1375	1310	1287	1330	1358	1289	1308	1346	1318	1328	1343	1287	1304	1305	1328	1343	1331	1301	1247	1281	1296	1309	1303	1297	1350	1344	1324	1516.201703
1350	1328	1302	1332	1344	1311	1347	1305	1346	1325	1336	1309	1303	1283	1330	1365	1344	1343	1393	1316	1327	1315	1273	1327	1339	1325	1294	1308	1308	1351	1313	1287	1297	1354	1290	1307	1310	1319	1341	1345	1310	1301	1350	1296	1258	1319	1289	1309	1296	1286	1265	1310	1337	1284	1296	1366	1324	1334	1330	1308	1314	1295	1302	1313	1277	1297	1304	1284	1352	1314	1319	1299	1288	1301	1316	1301	1303	1289	1309	1326	1324	1340	1307	1346	1322	1328	1346	1305	1353	1339	1295	1286	1341	1342	1317	1346	1518.594203
1334	1289	1316	1309	1331	1302	1335	1342	1361	1330	1308	1309	1316	1298	1257	1343	1355	1300	1323	1338	1343	1298	1268	1287	1344	1329	1267	1334	1352	1292	1314	1310	1284	1300	1386	1257	1374	1358	1293	1348	1323	1331	1310	1303	1337	1294	1294	1315	1335	1272	1295	1279	1328	1310	1298	1310	1332	1327	1335	1326	1345	1333	1245	1295	1329	1290	1340	1304	1335	1290	1314	1335	1341	1334	1337	1330	1287	1287	1319	1329	1341	1320	1313	1298	1277	1300	1315	1326	1293	1296	1321	1298	1304	1328	1292	1344	1520.973099
1302	1315	1331	1360	1313	1354	1312	1354	1342	1280	1320	1338	1231	1280	1301	1333	1336	1339	1313	1332	1340	1341	1283	1323	1279	1309	1282	1323	1328	1326	1286	1273	1299	1336	1315	1302	1337	1333	1368	1278	1296	1312	1301	1322	1280	1320	1310	1253	1325	1283	1292	1303	1267	1335	1283	1268	1277	1328	1305	1270	1349	1321	1293	1276	1328	1316	1343	1307	1322	1273	1353	1277	1330	1348	1295	1289	1294	1320	1364	1315	1290	1310	1249	1334	1283	1299	1300	1328	1322	1306	1348	1301	1323	1328	1291	1315	1523.350987
1326	1316	1300	1329	1317	1322	1303	1318	1354	1301	1286	1317	1278	1280	1279	1308	1335	1321	1344	1381	1338	1280	1311	1297	1331	1316	1292	1287	1315	1265	1312	1304	1299	1333	1312	1299	1322	1326	1324	1307	1320	1340	1355	1340	1332	1339	1261	1323	1276	1320	1307	1334	1293	1306	1314	1328	1317	1337	1303	1258	1328	1314	1327	1348	1312	1323	1320	1314	1353	1325	1270	1337	1343	1322	1330	1279	1328	1342	1308	1290	1362	1325	1273	1322	1247	1295	1296	1332	1332	1293	1302	1276	1350	1309	1273	1304	1525.74044
1357	1307	1310	1333	1331	1296	1338	1327	1323	1326	1308	1336	1274	1294	1251	1317	1339	1300	1307	1322	1341	1269	1255	1312	1310	1282	1312	1294	1315	1317	1274	1292	1302	1262	1287	1322	1297	1330	1288	1294	1319	1331	1310	1296	1321	1289	1304	1326	1288	1261	1255	1346	1296	1306	1325	1306	1318	1364	1305	1295	1301	1295	1303	1311	1281	1303	1295	1325	1294	1285	1265	1288	1316	1284	1327	1273	1346	1306	1328	1236	1310	1297	1307	1292	1346	1267	1331	1284	1316	1330	1260	1271	1295	1297	1299	1273	1528.116308
1304	1351	1345	1290	1309	1271	1306	1332	1320	1375	1312	1346	1274	1269	1293	1366	1362	1354	1324	1298	1311	1332	1266	1280	1333	1345	1322	1331	1340	1271	1282	1279	1300	1276	1276	1395	1296	1341	1337	1272	1302	1294	1284	1271	1346	1327	1303	1305	1305	1300	1300	1314	1256	1238	1297	1295	1301	1279	1304	1268	1289	1302	1272	1251	1341	1312	1314	1327	1298	1306	1307	1305	1279	1282	1296	1298	1322	1307	1288	1312	1291	1315	1324	1310	1324	1307	1299	1295	1274	1297	1340	1300	1261	1350	1296	1288	1530.491168
1334	1291	1316	1298	1338	1351	1336	1369	1312	1276	1334	1325	1302	1287	1281	1334	1343	1328	1328	1340	1340	1271	1292	1296	1270	1318	1282	1307	1309	1305	1329	1284	1312	1328	1312	1316	1326	1332	1336	1337	1332	1342	1254	1348	1303	1312	1290	1317	1279	1303	1273	1293	1286	1300	1268	1327	1275	1307	1333	1321	1285	1282	1237	1301	1314	1290	1308	1286	1276	1333	1274	1309	1338	1331	1305	1297	1317	1280	1332	1309	1283	1291	1290	1290	1294	1269	1274	1327	1339	1294	1342	1340	1257	1338	1297	1335	1532.865023
1325	1285	1310	1308	1306	1299	1344	1328	1290	1353	1324	1315	1298	1300	1365	1322	1341	1390	1347	1327	1332	1308	1302	1333	1314	1290	1313	1308	1343	1318	1360	1281	1292	1310	1325	1341	1344	1299	1283	1347	1302	1348	1279	1340	1318	1347	1323	1375	1341	1274	1295	1320	1298	1276	1314	1270	1284	1341	1303	1280	1306	1269	1360	1288	1311	1327	1313	1341	1278	1294	1308	1276	1299	1302	1295	1310	1294	1304	1329	1322	1276	1298	1342	1288	1312	1331	1292	1274	1277	1319	1302	1290	1288	1308	1341	1293	1535.237872
1306	1339	1322	1275	1359	1310	1346	1353	1323	1377	1310	1352	1301	1274	1302	1362	1322	1333	1341	1332	1307	1314	1319	1315	1352	1321	1348	1328	1338	1326	1280	1291	1312	1341	1335	1287	1307	1301	1339	1311	1312	1351	1339	1272	1296	1308	1329	1335	1266	1288	1277	1349	1314	1326	1250	1307	1321	1341	1356	1334	1325	1329	1303	1327	1369	1327	1297	1303	1319	1339	1321	1309	1295	1346	1335	1339	1338	1310	1287	1310	1289	1341	1319	1305	1357	1297	1289	1310	1330	1324	1281	1299	1317	1366	1294	1310	1537.609717
1292	1348	1284	1340	1258	1302	1351	1285	1290	1296	1339	1314	1335	1277	1269	1332	1359	1361	1288	1351	1320	1363	1337	1327	1318	1349	1319	1290	1296	1299	1301	1285	1314	1325	1319	1322	1314	1356	1358	1309	1321	1328	1323	1307	1293	1334	1314	1324	1247	1283	1304	1324	1307	1311	1291	1335	1318	1265	1278	1319	1304	1325	1244	1287	1320	1316	1275	1280	1304	1294	1319	1312	1306	1317	1382	1313	1306	1304	1307	1323	1269	1334	1328	1324	1318	1366	1293	1310	1333	1317	1283	1344	1318	1291	1306	1305	1539.968016
1283	1294	1334	1341	1383	1293	1321	1332	1326	1297	1351	1335	1296	1317	1303	1347	1382	1308	1332	1363	1358	1310	1292	1260	1286	1329	1316	1350	1318	1287	1295	1286	1293	1324	1323	1346	1359	1325	1320	1296	1372	1307	1367	1346	1329	1291	1305	1363	1316	1335	1297	1300	1310	1300	1277	1294	1287	1337	1314	1354	1340	1302	1314	1329	1319	1321	1308	1363	1305	1334	1303	1316	1299	1321	1303	1373	1342	1295	1331	1300	1294	1279	1338	1294	1297	1299	1298	1271	1341	1336	1254	1321	1333	1270	1305	1325	1542.337859
1375	1334	1350	1333	1330	1320	1369	1301	1335	1350	1332	1318	1349	1290	1339	1340	1322	1351	1352	1352	1324	1376	1335	1377	1324	1314	1328	1293	1305	1278	1323	1303	1343	1367	1342	1347	1291	1362	1333	1363	1283	1253	1354	1349	1307	1333	1320	1335	1291	1334	1307	1321	1315	1326	1347	1333	1367	1310	1335	1322	1325	1323	1282	1324	1346	1347	1365	1323	1291	1342	1300	1308	1313	1300	1348	1367	1295	1363	1361	1311	1286	1345	1352	1299	1301	1295	1342	1347	1290	1366	1308	1295	1344	1311	1299	1315	1544.706699
1343	1295	1322	1387	1368	1398	1357	1333	1337	1328	1327	1348	1322	1311	1313	1379	1373	1344	1375	1345	1335	1353	1323	1324	1312	1350	1361	1320	1311	1322	1314	1347	1342	1318	1332	1371	1322	1387	1324	1357	1323	1341	1326	1326	1319	1298	1320	1314	1357	1330	1341	1311	1346	1331	1348	1340	1339	1355	1307	1310	1303	1337	1278	1319	1321	1300	1332	1310	1359	1298	1305	1328	1351	1344	1348	1342	1292	1286	1313	1306	1325	1373	1343	1297	1309	1270	1308	1358	1322	1294	1317	1322	1326	1348	1315	1331	1547.062011
1335	1319	1344	1343	1372	1340	1370	1348	1371	1338	1343	1353	1297	1308	1336	1326	1345	1337	1333	1399	1350	1309	1362	1323	1383	1306	1364	1349	1316	1306	1348	1358	1315	1312	1283	1336	1317	1316	1377	1318	1292	1320	1330	1366	1346	1369	1331	1346	1357	1331	1300	1328	1351	1338	1306	1287	1342	1342	1392	1321	1351	1327	1366	1299	1335	1325	1304	1307	1331	1372	1333	1370	1367	1324	1314	1294	1368	1343	1360	1344	1334	1330	1339	1362	1311	1330	1285	1303	1315	1363	1320	1340	1353	1349	1354	1329	1549.428852
1337	1352	1318	1333	1335	1338	1334	1390	1374	1371	1394	1332	1283	1319	1322	1367	1363	1373	1357	1343	1352	1339	1323	1375	1340	1332	1314	1348	1324	1400	1323	1341	1299	1319	1316	1346	1377	1290	1322	1344	1285	1318	1298	1355	1287	1360	1351	1312	1302	1319	1334	1367	1334	1332	1322	1329	1286	1328	1318	1344	1332	1363	1374	1325	1370	1321	1353	1313	1369	1328	1386	1378	1336	1341	1346	1348	1314	1352	1313	1300	1324	1359	1337	1323	1314	1318	1306	1324	1323	1339	1322	1311	1319	1294	1360	1361	1551.782178
1350	1359	1362	1373	1333	1334	1358	1377	1325	1380	1365	1385	1350	1325	1321	1368	1381	1393	1377	1354	1356	1320	1310	1338	1342	1322	1331	1323	1314	1321	1317	1364	1341	1368	1341	1316	1363	1347	1361	1313	1347	1312	1372	1368	1384	1284	1300	1344	1365	1346	1348	1330	1327	1357	1316	1368	1322	1321	1338	1390	1332	1322	1355	1321	1345	1377	1306	1335	1329	1361	1332	1327	1343	1281	1330	1318	1354	1369	1352	1341	1303	1331	1347	1313	1343	1359	1342	1355	1303	1330	1332	1343	1380	1335	1356	1334	1554.134514
1330	1338	1387	1343	1313	1342	1325	1364	1401	1344	1327	1362	1367	1343	1309	1427	1403	1356	1337	1339	1334	1344	1311	1325	1324	1299	1372	1316	1314	1372	1295	1367	1301	1369	1362	1359	1339	1356	1371	1330	1338	1342	1349	1333	1322	1330	1363	1338	1296	1349	1352	1374	1381	1380	1344	1337	1311	1368	1372	1320	1308	1352	1344	1372	1337	1315	1330	1341	1376	1322	1358	1325	1329	1347	1371	1329	1333	1354	1390	1374	1349	1338	1404	1356	1310	1344	1349	1333	1294	1325	1362	1345	1349	1347	1293	1323	1556.498365
1342	1336	1365	1337	1374	1355	1354	1384	1371	1344	1406	1367	1339	1360	1312	1349	1376	1399	1385	1347	1403	1288	1314	1330	1341	1337	1343	1343	1335	1336	1398	1341	1321	1335	1356	1353	1362	1336	1359	1368	1309	1350	1318	1376	1338	1339	1348	1375	1344	1353	1345	1347	1357	1371	1348	1321	1309	1342	1328	1397	1335	1312	1381	1303	1318	1370	1359	1324	1311	1366	1341	1331	1358	1366	1358	1353	1382	1321	1381	1334	1370	1361	1336	1377	1333	1300	1300	1342	1347	1353	1305	1360	1320	1313	1358	1350	1558.848718
1315	1331	1380	1391	1372	1318	1400	1385	1349	1408	1363	1361	1329	1359	1377	1382	1403	1393	1375	1362	1350	1339	1294	1320	1344	1383	1384	1318	1343	1307	1354	1371	1335	1379	1356	1337	1384	1370	1391	1342	1357	1369	1351	1342	1356	1344	1360	1370	1321	1326	1317	1390	1307	1379	1344	1320	1355	1378	1372	1368	1360	1365	1366	1369	1347	1402	1309	1363	1295	1316	1358	1336	1402	1376	1389	1319	1353	1397	1343	1349	1365	1349	1360	1325	1299	1362	1322	1363	1307	1349	1352	1294	1342	1357	1357	1357	1561.198083
1376	1367	1366	1379	1346	1375	1371	1335	1344	1426	1329	1378	1352	1359	1300	1386	1373	1400	1390	1377	1401	1323	1317	1350	1362	1341	1391	1342	1383	1342	1348	1368	1361	1354	1328	1355	1348	1361	1344	1392	1361	1371	1370	1410	1364	1391	1384	1346	1396	1365	1340	1357	1363	1391	1344	1334	1365	1332	1342	1339	1368	1383	1375	1374	1356	1337	1358	1349	1321	1360	1360	1352	1360	1343	1383	1342	1365	1307	1339	1343	1339	1352	1328	1401	1329	1366	1335	1365	1331	1326	1381	1330	1360	1374	1338	1365	1563.546462
1356	1368	1401	1367	1444	1364	1373	1347	1388	1394	1371	1371	1359	1340	1310	1391	1378	1401	1384	1391	1373	1376	1378	1403	1385	1364	1371	1348	1347	1353	1355	1318	1354	1350	1369	1399	1397	1382	1365	1342	1342	1426	1398	1397	1370	1377	1394	1364	1387	1349	1343	1406	1369	1379	1384	1324	1386	1354	1351	1357	1389	1393	1389	1371	1352	1356	1385	1380	1357	1356	1365	1343	1373	1362	1354	1366	1354	1354	1425	1388	1318	1400	1401	1373	1332	1395	1335	1369	1349	1385	1376	1365	1397	1322	1335	1336	1565.893853
1389	1404	1386	1415	1376	1388	1423	1393	1398	1391	1396	1385	1350	1342	1377	1385	1444	1438	1338	1409	1371	1380	1357	1362	1401	1334	1382	1309	1390	1378	1394	1374	1407	1382	1405	1365	1410	1404	1364	1389	1342	1368	1387	1338	1348	1368	1365	1355	1362	1362	1390	1380	1423	1373	1397	1416	1372	1400	1432	1381	1393	1350	1348	1337	1382	1396	1353	1387	1378	1386	1376	1392	1391	1358	1356	1375	1331	1363	1385	1338	1373	1404	1388	1386	1373	1371	1328	1384	1385	1383	1355	1363	1334	1356	1323	1348	1568.240259
1392	1380	1372	1411	1391	1380	1399	1405	1413	1403	1425	1415	1335	1379	1391	1414	1413	1435	1400	1410	1418	1342	1339	1397	1424	1398	1388	1339	1423	1403	1427	1356	1407	1375	1411	1388	1368	1401	1357	1407	1390	1404	1350	1391	1414	1404	1384	1337	1372	1384	1416	1397	1383	1402	1375	1351	1331	1401	1360	1381	1367	1424	1392	1415	1427	1397	1414	1406	1417	1426	1410	1383	1428	1387	1354	1383	1400	1383	1401	1365	1418	1390	1404	1419	1366	1358	1375	1422	1371	1359	1374	1376	1378	1399	1332	1413	1570.585679
1373	1413	1406	1369	1468	1407	1445	1415	1444	1397	1423	1426	1411	1348	1388	1470	1437	1431	1398	1363	1448	1411	1394	1415	1408	1406	1369	1346	1361	1392	1374	1426	1439	1454	1383	1447	1449	1429	1381	1409	1341	1414	1456	1438	1372	1429	1375	1408	1425	1373	1427	1436	1439	1383	1407	1386	1399	1389	1401	1381	1399	1409	1424	1372	1432	1394	1413	1398	1372	1391	1366	1360	1422	1386	1422	1402	1416	1364	1373	1412	1353	1413	1433	1381	1371	1399	1396	1405	1401	1382	1428	1434	1386	1350	1434	1418	1572.917647
1435	1434	1446	1440	1418	1446	1413	1422	1431	1385	1468	1453	1414	1399	1408	1437	1422	1448	1415	1386	1426	1406	1426	1371	1447	1402	1410	1406	1359	1412	1421	1426	1418	1391	1382	1387	1430	1411	1414	1378	1411	1413	1390	1426	1351	1410	1415	1427	1353	1401	1433	1396	1436	1366	1423	1395	1341	1428	1472	1429	1444	1407	1380	1389	1432	1453	1408	1406	1402	1428	1413	1369	1411	1392	1392	1435	1391	1363	1438	1425	1379	1427	1386	1429	1411	1412	1361	1406	1379	1433	1377	1458	1425	1397	1384	1433	1575.261104
1420	1438	1422	1446	1454	1493	1387	1410	1412	1427	1461	1390	1416	1437	1402	1440	1386	1471	1446	1426	1468	1440	1389	1408	1422	1413	1446	1378	1428	1414	1419	1427	1418	1474	1407	1389	1430	1430	1450	1498	1381	1404	1423	1420	1434	1448	1427	1417	1392	1455	1387	1467	1392	1446	1438	1429	1347	1429	1411	1500	1403	1391	1410	1415	1389	1396	1434	1435	1417	1417	1414	1387	1431	1453	1416	1422	1428	1428	1444	1401	1391	1428	1379	1463	1483	1437	1424	1459	1404	1344	1414	1376	1433	1418	1444	1422	1577.59112
1455	1445	1471	1486	1441	1487	1476	1523	1475	1493	1496	1510	1412	1421	1438	1465	1478	1455	1481	1436	1503	1462	1474	1483	1485	1485	1434	1406	1424	1454	1420	1440	1440	1444	1443	1444	1508	1465	1524	1452	1424	1449	1461	1462	1421	1437	1473	1471	1463	1463	1413	1423	1430	1445	1388	1382	1423	1482	1403	1488	1455	1480	1478	1434	1521	1425	1455	1501	1398	1488	1462	1426	1475	1477	1440	1492	1468	1480	1465	1463	1446	1420	1411	1487	1466	1457	1461	1460	1428	1464	1457	1443	1458	1474	1419	1464	1579.932615
1465	1519	1517	1501	1526	1526	1505	1488	1510	1494	1496	1525	1485	1450	1422	1491	1493	1509	1511	1475	1517	1494	1439	1486	1473	1508	1480	1518	1496	1437	1444	1505	1471	1531	1501	1507	1528	1511	1469	1502	1486	1472	1541	1518	1544	1518	1496	1540	1471	1468	1461	1497	1463	1496	1518	1442	1470	1498	1482	1470	1451	1457	1442	1501	1514	1521	1455	1468	1494	1466	1471	1529	1437	1415	1514	1498	1466	1511	1519	1542	1547	1486	1470	1504	1433	1421	1456	1421	1453	1473	1467	1499	1486	1481	1441	1504	1582.260682
1489	1468	1458	1451	1419	1532	1495	1477	1463	1484	1512	1517	1422	1428	1461	1505	1498	1490	1511	1476	1481	1478	1444	1452	1466	1467	1475	1484	1453	1465	1451	1444	1437	1457	1516	1509	1505	1461	1457	1470	1470	1502	1424	1503	1466	1530	1414	1448	1498	1508	1474	1524	1470	1468	1472	1501	1478	1473	1481	1452	1456	1479	1512	1430	1517	1483	1454	1480	1453	1444	1496	1500	1447	1436	1464	1442	1473	1463	1482	1482	1442	1465	1490	1463	1448	1495	1474	1492	1494	1444	1448	1455	1488	1464	1473	1467	1584.600219
1490	1469	1502	1441	1427	1419	1449	1470	1453	1430	1463	1466	1450	1412	1397	1470	1479	1472	1487	1467	1487	1467	1451	1511	1492	1479	1465	1477	1396	1451	1430	1461	1479	1471	1453	1455	1453	1405	1484	1470	1446	1449	1462	1466	1454	1437	1457	1464	1445	1422	1490	1423	1487	1469	1412	1496	1519	1436	1480	1436	1450	1459	1428	1420	1468	1444	1467	1477	1488	1423	1454	1446	1427	1430	1423	1455	1461	1473	1399	1451	1443	1504	1455	1499	1446	1472	1430	1421	1477	1426	1424	1456	1467	1462	1426	1500	1586.926339
1449	1472	1477	1435	1422	1517	1483	1485	1519	1438	1424	1461	1460	1439	1402	1504	1469	1461	1532	1512	1456	1415	1490	1425	1484	1467	1413	1456	1406	1420	1470	1479	1449	1491	1455	1456	1423	1481	1500	1457	1419	1430	1465	1497	1452	1472	1457	1526	1410	1458	1433	1460	1462	1434	1406	1409	1472	1412	1489	1461	1433	1456	1409	1451	1473	1439	1442	1470	1443	1453	1417	1456	1472	1436	1455	1478	1461	1473	1485	1497	1412	1441	1438	1467	1465	1423	1420	1420	1461	1451	1486	1413	1419	1508	1433	1461	1589.251488
1544	1453	1482	1524	1519	1505	1489	1488	1465	1475	1488	1525	1478	1436	1450	1465	1488	1515	1502	1511	1480	1490	1436	1427	1510	1465	1409	1512	1466	1489	1466	1515	1478	1462	1464	1457	1514	1483	1509	1521	1526	1489	1448	1469	1478	1461	1453	1521	1428	1408	1511	1464	1480	1448	1463	1516	1474	1507	1456	1486	1456	1458	1420	1495	1470	1488	1444	1477	1421	1504	1511	1488	1504	1473	1474	1447	1456	1494	1503	1461	1514	1461	1428	1475	1474	1464	1501	1476	1438	1435	1440	1509	1503	1449	1507	1451	1591.575668
1533	1535	1559	1560	1556	1532	1580	1574	1544	1539	1505	1466	1454	1499	1507	1492	1524	1529	1534	1487	1489	1456	1482	1519	1468	1547	1496	1496	1508	1475	1562	1501	1511	1498	1516	1494	1516	1503	1555	1534	1497	1562	1503	1519	1504	1499	1493	1526	1524	1497	1456	1536	1485	1506	1465	1480	1534	1544	1486	1448	1467	1496	1478	1510	1504	1451	1491	1485	1517	1531	1528	1513	1504	1447	1486	1497	1450	1510	1546	1505	1502	1481	1518	1486	1485	1501	1476	1489	1555	1487	1518	1495	1475	1489	1495	1551	1593.89888
1556	1533	1568	1566	1577	1588	1598	1549	1566	1616	1575	1558	1488	1514	1504	1552	1557	1553	1575	1519	1566	1547	1501	1550	1543	1533	1574	1555	1530	1523	1568	1549	1555	1513	1556	1524	1529	1594	1505	1549	1540	1561	1534	1542	1571	1557	1478	1561	1537	1533	1522	1567	1585	1575	1533	1531	1535	1556	1583	1564	1522	1565	1515	1575	1561	1603	1577	1612	1526	1518	1528	1547	1574	1550	1518	1510	1550	1536	1523	1545	1517	1549	1517	1560	1528	1516	1575	1486	1559	1585	1552	1520	1570	1530	1533	1564	1596.221123
1655	1590	1575	1595	1599	1569	1587	1593	1596	1640	1628	1641	1600	1575	1517	1693	1671	1667	1643	1563	1592	1580	1552	1605	1584	1620	1602	1581	1600	1578	1624	1578	1587	1581	1585	1636	1606	1646	1596	1609	1604	1596	1620	1645	1582	1639	1638	1656	1583	1634	1592	1571	1592	1554	1589	1638	1589	1609	1624	1596	1597	1577	1559	1608	1561	1561	1651	1554	1625	1568	1608	1581	1629	1559	1628	1590	1617	1619	1612	1592	1596	1569	1586	1608	1575	1556	1629	1565	1553	1589	1568	1607	1561	1630	1588	1555	1598.542399
1639	1665	1635	1658	1668	1653	1694	1630	1722	1660	1685	1705	1649	1590	1668	1682	1688	1705	1618	1640	1630	1658	1694	1611	1643	1662	1668	1597	1609	1641	1664	1629	1644	1681	1599	1696	1730	1626	1646	1669	1627	1640	1674	1673	1624	1673	1659	1702	1612	1656	1647	1654	1662	1633	1694	1625	1663	1618	1663	1664	1615	1678	1650	1658	1716	1674	1644	1673	1616	1681	1680	1676	1614	1616	1650	1627	1692	1645	1686	1616	1634	1684	1684	1638	1683	1590	1639	1647	1630	1656	1624	1646	1639	1635	1665	1671	1600.862708
1612	1642	1662	1655	1747	1656	1722	1681	1653	1635	1705	1685	1663	1642	1605	1709	1668	1691	1657	1627	1727	1707	1638	1683	1699	1689	1652	1668	1633	1682	1662	1652	1643	1668	1659	1723	1666	1674	1712	1698	1663	1634	1684	1676	1668	1688	1652	1682	1636	1630	1632	1618	1649	1681	1667	1656	1657	1700	1659	1653	1657	1647	1650	1628	1642	1646	1674	1649	1686	1602	1635	1612	1691	1663	1702	1673	1662	1665	1685	1685	1673	1682	1662	1640	1626	1612	1619	1614	1699	1670	1646	1608	1649	1622	1659	1657	1603.18205
1613	1650	1636	1625	1643	1620	1664	1605	1606	1645	1653	1655	1625	1633	1610	1665	1683	1649	1658	1651	1588	1605	1599	1617	1618	1657	1642	1617	1659	1666	1671	1591	1610	1620	1615	1619	1677	1599	1617	1661	1662	1641	1637	1703	1653	1618	1615	1627	1622	1624	1670	1622	1638	1632	1609	1664	1630	1558	1649	1628	1666	1610	1591	1638	1666	1652	1584	1629	1597	1680	1656	1626	1628	1645	1596	1654	1621	1649	1641	1694	1616	1630	1608	1623	1639	1598	1613	1611	1612	1671	1576	1670	1589	1636	1631	1584	1605.500427
1568	1645	1623	1607	1569	1646	1591	1615	1592	1645	1602	1593	1546	1548	1564	1579	1598	1603	1632	1594	1629	1610	1594	1521	1575	1582	1581	1597	1557	1567	1555	1599	1614	1540	1627	1624	1567	1592	1566	1561	1550	1591	1613	1624	1583	1619	1612	1643	1587	1555	1567	1579	1626	1551	1558	1590	1587	1550	1572	1566	1590	1596	1581	1590	1606	1627	1558	1570	1533	1566	1568	1577	1554	1519	1552	1632	1604	1579	1560	1592	1556	1512	1627	1608	1589	1568	1591	1557	1574	1642	1557	1591	1591	1536	1596	1579	1607.805448
1560	1570	1592	1570	1576	1599	1595	1572	1612	1568	1602	1600	1580	1500	1559	1559	1596	1598	1640	1603	1576	1505	1536	1554	1591	1541	1524	1561	1552	1560	1575	1542	1578	1541	1565	1603	1595	1581	1589	1562	1563	1584	1568	1538	1602	1574	1602	1542	1592	1570	1569	1618	1549	1522	1631	1540	1582	1587	1539	1599	1535	1588	1571	1553	1575	1528	1543	1541	1563	1600	1558	1590	1569	1569	1586	1569	1550	1575	1542	1610	1580	1542	1514	1564	1539	1566	1547	1562	1562	1562	1535	1515	1535	1579	1572	1599	1610.1219
1542	1529	1552	1564	1585	1592	1547	1626	1543	1586	1639	1630	1554	1550	1585	1578	1556	1530	1615	1562	1618	1522	1524	1555	1570	1522	1575	1523	1533	1488	1560	1493	1590	1597	1556	1551	1594	1556	1540	1612	1578	1544	1538	1537	1538	1541	1599	1558	1552	1554	1547	1519	1559	1554	1611	1549	1602	1590	1582	1584	1559	1557	1616	1566	1591	1583	1586	1568	1558	1552	1556	1540	1538	1552	1524	1592	1513	1543	1554	1535	1571	1567	1560	1587	1599	1570	1565	1520	1515	1563	1533	1592	1528	1549	1598	1561	1612.425009
1561	1586	1578	1560	1560	1569	1586	1558	1591	1561	1564	1550	1558	1566	1539	1588	1624	1591	1558	1604	1558	1495	1542	1567	1519	1573	1578	1583	1484	1556	1548	1567	1564	1527	1588	1538	1584	1568	1579	1552	1525	1592	1613	1575	1579	1561	1536	1527	1554	1554	1527	1552	1556	1577	1573	1572	1541	1570	1602	1521	1547	1510	1571	1548	1559	1560	1561	1542	1576	1555	1574	1606	1558	1580	1568	1587	1548	1541	1602	1521	1502	1600	1552	1558	1565	1561	1565	1546	1521	1621	1562	1525	1577	1545	1512	1536	1614.739539
1564	1609	1561	1586	1621	1561	1596	1595	1527	1584	1631	1573	1594	1528	1585	1611	1582	1563	1624	1590	1572	1540	1563	1591	1606	1571	1565	1555	1594	1543	1615	1530	1594	1530	1529	1573	1613	1598	1562	1591	1541	1593	1578	1544	1575	1589	1601	1530	1575	1529	1569	1523	1600	1554	1610	1575	1530	1597	1535	1566	1553	1584	1551	1592	1573	1573	1541	1547	1620	1545	1579	1543	1593	1578	1577	1567	1597	1592	1565	1588	1523	1595	1607	1568	1604	1521	1526	1571	1580	1508	1578	1563	1592	1602	1603	1574	1617.040737
1550	1609	1624	1594	1625	1607	1628	1642	1578	1580	1596	1563	1608	1567	1562	1595	1564	1660	1603	1659	1619	1568	1567	1570	1568	1560	1573	1573	1595	1587	1587	1586	1577	1599	1604	1595	1633	1617	1624	1594	1574	1604	1616	1633	1622	1577	1585	1643	1582	1592	1601	1572	1553	1590	1570	1615	1574	1592	1604	1608	1558	1583	1578	1516	1553	1574	1568	1630	1582	1571	1614	1594	1578	1596	1590	1564	1618	1614	1560	1628	1588	1617	1582	1567	1584	1583	1543	1626	1562	1613	1559	1630	1589	1608	1599	1609	1619.340983
1600	1610	1645	1621	1580	1595	1609	1612	1613	1606	1573	1603	1605	1593	1587	1647	1596	1667	1624	1609	1612	1563	1631	1582	1571	1622	1611	1607	1561	1636	1571	1607	1603	1627	1607	1613	1605	1618	1601	1557	1636	1562	1594	1633	1608	1620	1626	1557	1665	1568	1598	1582	1599	1589	1597	1587	1539	1587	1608	1612	1566	1596	1583	1615	1608	1555	1608	1621	1609	1628	1588	1572	1590	1631	1601	1584	1588	1615	1622	1581	1604	1579	1589	1566	1579	1551	1586	1583	1548	1605	1608	1607	1565	1607	1620	1624	1621.640277
1639	1670	1672	1633	1643	1632	1659	1635	1608	1649	1696	1611	1554	1590	1583	1686	1596	1669	1599	1614	1630	1611	1544	1574	1601	1627	1632	1642	1549	1644	1620	1639	1611	1579	1626	1624	1624	1623	1676	1621	1616	1632	1626	1617	1616	1620	1531	1629	1553	1652	1604	1646	1624	1604	1571	1574	1630	1661	1542	1638	1568	1638	1596	1683	1615	1600	1599	1646	1590	1593	1629	1610	1610	1578	1614	1628	1592	1586	1549	1578	1565	1628	1614	1594	1560	1591	1559	1598	1622	1584	1648	1621	1642	1603	1599	1642	1623.938621
1619	1604	1688	1617	1654	1604	1662	1632	1596	1690	1658	1674	1612	1560	1629	1575	1643	1634	1602	1628	1626	1616	1640	1587	1570	1629	1650	1560	1571	1610	1625	1593	1615	1669	1629	1627	1593	1607	1651	1648	1620	1612	1575	1608	1626	1624	1676	1636	1590	1613	1661	1660	1665	1656	1641	1618	1551	1634	1631	1627	1620	1622	1577	1672	1618	1617	1583	1639	1594	1633	1665	1605	1617	1583	1662	1568	1591	1613	1648	1621	1621	1609	1627	1637	1617	1591	1609	1666	1632	1634	1667	1578	1610	1594	1608	1633	1626.236015
1688	1616	1635	1659	1604	1589	1633	1664	1662	1628	1678	1688	1578	1611	1606	1669	1660	1662	1657	1611	1642	1626	1598	1613	1634	1617	1592	1580	1603	1640	1619	1588	1540	1619	1604	1616	1609	1704	1614	1662	1636	1611	1639	1609	1644	1671	1641	1637	1557	1648	1627	1617	1618	1569	1595	1588	1632	1663	1643	1633	1635	1566	1607	1619	1664	1599	1617	1617	1602	1627	1613	1606	1661	1576	1613	1627	1637	1624	1610	1634	1592	1647	1617	1646	1617	1622	1604	1613	1568	1557	1640	1648	1601	1641	1628	1637	1628.532459
1591	1587	1600	1673	1590	1680	1668	1629	1617	1584	1646	1673	1573	1610	1599	1641	1662	1643	1674	1643	1615	1644	1618	1613	1600	1634	1572	1585	1634	1599	1587	1643	1614	1651	1639	1676	1706	1701	1657	1636	1609	1621	1658	1612	1573	1621	1634	1669	1594	1608	1615	1646	1631	1597	1609	1624	1609	1593	1659	1639	1645	1641	1697	1621	1688	1647	1652	1640	1617	1629	1662	1669	1683	1649	1632	1649	1603	1621	1610	1596	1617	1627	1592	1610	1604	1579	1626	1684	1640	1663	1596	1547	1619	1651	1602	1667	1630.827955
1581	1640	1627	1597	1639	1599	1665	1639	1624	1650	1600	1601	1637	1641	1592	1645	1634	1671	1650	1611	1627	1642	1592	1633	1650	1715	1573	1631	1631	1613	1597	1627	1627	1627	1599	1630	1620	1594	1562	1650	1592	1610	1589	1611	1601	1614	1609	1694	1635	1585	1609	1563	1594	1629	1633	1609	1601	1636	1584	1661	1628	1611	1659	1598	1634	1647	1615	1659	1622	1618	1662	1663	1588	1650	1627	1638	1603	1603	1551	1597	1623	1618	1607	1611	1639	1609	1601	1656	1633	1591	1625	1599	1605	1668	1614	1562	1633.122502
1668	1584	1572	1649	1607	1659	1649	1689	1721	1620	1609	1641	1584	1623	1607	1660	1636	1648	1639	1642	1665	1558	1568	1578	1655	1639	1635	1621	1620	1625	1616	1591	1643	1612	1631	1632	1676	1626	1662	1595	1625	1600	1667	1599	1588	1644	1604	1616	1618	1655	1591	1596	1641	1581	1595	1628	1633	1659	1675	1620	1615	1683	1606	1616	1609	1579	1612	1607	1613	1559	1649	1601	1659	1651	1634	1626	1590	1618	1570	1590	1589	1591	1642	1569	1621	1592	1604	1619	1605	1602	1631	1648	1558	1638	1597	1595	1635.416101
1639	1611	1620	1628	1618	1680	1609	1615	1645	1595	1633	1622	1617	1589	1626	1636	1593	1631	1628	1632	1636	1606	1618	1620	1615	1562	1606	1591	1620	1631	1621	1539	1589	1660	1613	1618	1667	1658	1670	1638	1621	1614	1548	1618	1622	1596	1629	1595	1577	1599	1605	1562	1597	1599	1604	1621	1582	1646	1563	1624	1711	1590	1555	1632	1596	1609	1638	1584	1606	1632	1579	1637	1609	1612	1652	1599	1622	1617	1621	1619	1580	1603	1596	1642	1582	1659	1626	1634	1640	1588	1645	1576	1573	1590	1607	1612	1637.69643
1613	1571	1673	1665	1645	1568	1654	1641	1623	1572	1605	1646	1598	1551	1594	1636	1633	1655	1647	1618	1647	1592	1610	1599	1623	1620	1589	1627	1598	1613	1636	1586	1552	1642	1618	1573	1617	1629	1604	1594	1629	1602	1590	1623	1579	1613	1600	1584	1601	1566	1599	1598	1562	1626	1550	1623	1626	1632	1614	1594	1567	1646	1648	1593	1590	1615	1578	1608	1568	1533	1631	1596	1618	1575	1596	1586	1632	1630	1617	1587	1616	1652	1590	1604	1614	1589	1560	1574	1626	1616	1572	1615	1603	1581	1545	1635	1639.98814
1642	1632	1571	1568	1639	1592	1642	1601	1669	1635	1617	1584	1591	1585	1595	1614	1595	1634	1630	1600	1614	1616	1572	1662	1550	1629	1605	1567	1625	1586	1585	1560	1602	1609	1622	1558	1620	1589	1654	1580	1579	1598	1544	1614	1592	1648	1628	1584	1591	1582	1615	1577	1620	1572	1578	1592	1571	1602	1591	1575	1586	1589	1575	1589	1519	1623	1620	1582	1602	1626	1590	1546	1579	1601	1617	1563	1581	1589	1596	1593	1598	1579	1620	1626	1578	1598	1589	1595	1584	1576	1614	1597	1585	1617	1599	1586	1642.266591
1594	1644	1641	1653	1613	1606	1624	1650	1576	1637	1683	1601	1580	1604	1560	1597	1591	1609	1649	1604	1595	1596	1615	1574	1552	1593	1602	1609	1621	1619	1572	1600	1616	1605	1574	1621	1561	1639	1625	1653	1624	1569	1598	1571	1595	1615	1622	1592	1559	1562	1595	1580	1568	1610	1573	1603	1635	1613	1610	1559	1589	1545	1584	1579	1605	1613	1609	1611	1629	1596	1595	1616	1625	1589	1596	1525	1610	1615	1577	1590	1557	1597	1618	1602	1621	1587	1637	1604	1565	1562	1509	1585	1631	1608	1594	1548	1644.556416
1589	1575	1600	1580	1587	1589	1553	1583	1591	1553	1656	1549	1534	1557	1543	1612	1669	1598	1569	1618	1614	1630	1569	1581	1583	1580	1624	1579	1608	1555	1574	1567	1566	1583	1552	1586	1601	1586	1555	1582	1542	1589	1593	1603	1619	1583	1630	1620	1584	1575	1574	1651	1560	1576	1543	1592	1556	1599	1621	1608	1558	1585	1565	1563	1573	1618	1556	1556	1557	1561	1575	1607	1646	1603	1571	1605	1570	1574	1597	1647	1605	1577	1635	1605	1582	1560	1597	1638	1589	1606	1569	1596	1590	1603	1563	1616	1646.832992
1598	1608	1647	1639	1572	1534	1614	1596	1597	1631	1570	1584	1497	1560	1561	1649	1606	1644	1625	1612	1600	1552	1603	1580	1587	1591	1573	1618	1557	1573	1597	1604	1635	1585	1622	1614	1605	1607	1572	1608	1564	1586	1582	1614	1607	1566	1603	1583	1594	1574	1556	1577	1537	1576	1568	1552	1588	1571	1570	1583	1646	1609	1604	1572	1580	1591	1567	1576	1537	1553	1564	1571	1584	1595	1554	1593	1607	1565	1618	1597	1547	1595	1581	1564	1576	1532	1567	1615	1615	1559	1596	1606	1615	1566	1600	1528	1649.108634
1637	1617	1584	1545	1604	1590	1597	1621	1579	1587	1572	1545	1538	1558	1536	1616	1596	1558	1543	1607	1631	1546	1540	1579	1577	1586	1569	1580	1574	1596	1591	1602	1593	1586	1548	1602	1575	1592	1581	1578	1580	1617	1538	1569	1569	1538	1569	1588	1561	1586	1574	1610	1621	1534	1555	1586	1534	1538	1566	1555	1565	1579	1534	1571	1575	1581	1567	1586	1582	1607	1570	1608	1574	1599	1574	1609	1577	1593	1533	1537	1577	1555	1559	1614	1607	1574	1560	1594	1662	1550	1564	1613	1578	1556	1561	1558	1651.395636
1604	1560	1592	1558	1595	1539	1586	1616	1586	1580	1550	1605	1601	1547	1548	1628	1594	1644	1583	1626	1574	1534	1587	1559	1620	1585	1545	1564	1595	1592	1618	1539	1563	1566	1613	1642	1585	1593	1640	1593	1557	1633	1596	1611	1603	1612	1627	1545	1556	1569	1594	1575	1552	1601	1576	1590	1595	1585	1586	1602	1588	1561	1578	1506	1549	1616	1550	1570	1579	1580	1566	1585	1562	1597	1584	1552	1600	1578	1594	1576	1551	1590	1582	1569	1547	1559	1557	1574	1555	1565	1535	1525	1570	1625	1555	1562	1653.669406
1546	1574	1565	1569	1573	1594	1605	1553	1605	1641	1573	1562	1588	1557	1571	1604	1555	1508	1601	1557	1558	1584	1601	1592	1595	1557	1493	1538	1517	1597	1577	1578	1577	1561	1593	1567	1605	1581	1559	1610	1582	1551	1584	1491	1611	1546	1610	1515	1526	1543	1549	1535	1550	1597	1550	1563	1508	1571	1603	1567	1542	1520	1605	1584	1599	1572	1575	1537	1560	1563	1582	1578	1580	1547	1582	1548	1594	1522	1557	1584	1548	1543	1596	1538	1527	1575	1563	1577	1566	1583	1577	1566	1549	1540	1591	1605	1655.942244
1558	1538	1535	1584	1551	1545	1596	1500	1542	1515	1521	1516	1509	1542	1499	1534	1591	1564	1519	1534	1564	1559	1539	1554	1552	1504	1551	1572	1490	1573	1508	1578	1549	1602	1559	1572	1506	1571	1519	1565	1603	1546	1545	1530	1545	1540	1572	1578	1549	1537	1531	1594	1558	1574	1530	1526	1570	1547	1573	1534	1600	1595	1509	1536	1534	1570	1531	1594	1566	1614	1543	1537	1553	1529	1556	1482	1551	1519	1546	1582	1535	1569	1525	1571	1551	1538	1510	1574	1542	1494	1541	1478	1593	1541	1545	1514	1658.21415
1510	1576	1552	1570	1559	1484	1538	1611	1549	1568	1575	1561	1523	1486	1523	1518	1598	1583	1620	1583	1539	1482	1476	1474	1543	1551	1529	1578	1537	1534	1555	1515	1577	1549	1507	1531	1575	1521	1579	1523	1529	1564	1578	1563	1538	1512	1540	1543	1497	1522	1560	1548	1544	1487	1539	1543	1543	1508	1530	1519	1557	1505	1452	1512	1540	1531	1543	1493	1522	1532	1581	1564	1553	1503	1508	1521	1533	1580	1481	1561	1568	1521	1552	1514	1514	1569	1534	1489	1479	1555	1498	1568	1579	1513	1514	1549	1660.485125
1525	1514	1491	1531	1538	1555	1516	1513	1512	1531	1520	1547	1492	1452	1490	1565	1569	1545	1559	1525	1550	1518	1513	1491	1513	1504	1537	1502	1501	1532	1527	1505	1540	1482	1519	1547	1510	1494	1539	1551	1489	1584	1520	1533	1485	1524	1519	1522	1516	1497	1514	1477	1527	1531	1473	1486	1505	1562	1495	1534	1532	1478	1496	1484	1466	1475	1516	1531	1521	1502	1511	1487	1502	1517	1507	1545	1496	1529	1535	1455	1517	1481	1528	1470	1517	1547	1537	1495	1480	1499	1501	1482	1516	1521	1512	1501	1662.75517
1525	1529	1464	1502	1502	1555	1489	1526	1494	1524	1527	1486	1452	1459	1481	1506	1486	1523	1488	1452	1560	1477	1489	1479	1492	1533	1542	1531	1523	1537	1499	1504	1511	1534	1521	1494	1509	1533	1502	1514	1526	1482	1453	1537	1546	1507	1535	1530	1492	1503	1475	1513	1458	1547	1486	1487	1478	1504	1493	1490	1472	1477	1502	1481	1524	1450	1500	1483	1439	1512	1476	1486	1443	1504	1524	1496	1469	1462	1506	1466	1503	1487	1502	1514	1458	1456	1503	1522	1460	1474	1480	1473	1464	1502	1498	1491	1665.012021
1415	1488	1471	1469	1522	1475	1472	1476	1528	1437	1480	1492	1460	1464	1450	1505	1589	1499	1498	1476	1417	1456	1483	1442	1445	1481	1448	1438	1486	1465	1435	1473	1489	1435	1485	1515	1468	1490	1479	1482	1450	1487	1486	1503	1432	1471	1509	1517	1501	1420	1441	1506	1414	1416	1469	1461	1471	1472	1509	1476	1423	1477	1454	1429	1473	1496	1513	1448	1518	1539	1417	1503	1464	1472	1469	1454	1448	1447	1462	1506	1463	1484	1461	1473	1454	1438	1502	1456	1484	1446	1458	1489	1478	1513	1459	1492	1667.28021
1464	1456	1427	1405	1446	1516	1464	1486	1459	1500	1482	1508	1439	1444	1397	1447	1438	1430	1477	1477	1464	1488	1398	1470	1445	1472	1467	1460	1437	1454	1452	1447	1477	1474	1426	1462	1495	1505	1487	1437	1460	1423	1456	1398	1436	1431	1472	1426	1433	1445	1439	1445	1495	1407	1447	1454	1429	1464	1504	1458	1452	1434	1487	1482	1469	1424	1423	1464	1488	1448	1460	1443	1463	1504	1449	1457	1451	1426	1469	1414	1470	1422	1485	1425	1453	1458	1421	1440	1399	1427	1448	1451	1455	1471	1438	1463	1669.547471
1479	1480	1483	1471	1497	1436	1451	1452	1442	1450	1455	1395	1404	1415	1434	1449	1438	1405	1436	1431	1450	1449	1396	1434	1434	1423	1391	1426	1417	1419	1401	1465	1428	1426	1393	1391	1478	1434	1475	1437	1425	1484	1450	1440	1416	1438	1484	1451	1419	1408	1434	1453	1430	1428	1422	1439	1389	1458	1432	1463	1425	1423	1424	1441	1434	1432	1469	1453	1405	1439	1457	1422	1418	1429	1427	1379	1460	1450	1478	1438	1423	1475	1402	1444	1443	1451	1390	1476	1431	1450	1452	1416	1418	1450	1410	1429	1671.801556
1433	1359	1456	1450	1414	1434	1449	1412	1441	1469	1449	1421	1430	1397	1406	1472	1421	1468	1455	1428	1451	1385	1401	1402	1377	1386	1439	1405	1429	1359	1417	1425	1407	1448	1445	1416	1448	1433	1418	1415	1361	1464	1444	1419	1391	1440	1415	1390	1419	1384	1366	1414	1426	1423	1398	1444	1449	1437	1429	1417	1433	1419	1362	1404	1415	1422	1460	1413	1449	1448	1438	1439	1456	1392	1388	1413	1397	1407	1412	1417	1429	1419	1430	1377	1393	1356	1383	1405	1429	1417	1432	1424	1374	1404	1437	1384	1674.066965
1407	1401	1414	1425	1411	1419	1413	1380	1424	1438	1427	1449	1438	1394	1374	1467	1444	1442	1433	1415	1461	1376	1393	1390	1468	1378	1432	1412	1408	1427	1400	1406	1447	1393	1417	1378	1431	1412	1391	1401	1385	1412	1445	1405	1417	1410	1410	1406	1406	1379	1407	1376	1418	1421	1440	1398	1411	1390	1400	1471	1436	1393	1395	1355	1410	1401	1449	1376	1390	1395	1428	1379	1394	1439	1372	1383	1410	1394	1386	1423	1423	1365	1449	1416	1373	1379	1388	1390	1393	1434	1404	1386	1412	1428	1363	1407	1676.319209
1394	1342	1461	1446	1416	1344	1446	1404	1436	1365	1405	1415	1355	1355	1392	1427	1446	1378	1436	1405	1401	1402	1412	1368	1388	1348	1388	1425	1412	1396	1374	1457	1387	1385	1406	1346	1416	1385	1465	1372	1393	1430	1451	1397	1419	1422	1389	1387	1367	1385	1317	1367	1375	1404	1394	1408	1433	1395	1418	1396	1380	1391	1356	1453	1367	1389	1371	1406	1418	1391	1351	1369	1453	1413	1398	1395	1416	1371	1374	1405	1356	1364	1383	1402	1389	1394	1349	1367	1423	1430	1400	1377	1383	1413	1404	1397	1678.58277
1366	1434	1384	1401	1377	1366	1474	1415	1384	1425	1389	1420	1355	1376	1366	1387	1417	1428	1394	1415	1423	1376	1408	1383	1420	1388	1386	1367	1445	1362	1412	1415	1410	1401	1455	1375	1399	1400	1378	1401	1377	1419	1359	1398	1378	1414	1401	1416	1347	1388	1383	1377	1384	1426	1367	1387	1392	1446	1418	1402	1399	1383	1385	1421	1400	1379	1396	1431	1382	1381	1369	1368	1422	1383	1379	1368	1371	1384	1376	1379	1364	1391	1435	1369	1361	1371	1378	1379	1398	1438	1339	1373	1382	1373	1436	1368	1680.833176
1395	1370	1413	1432	1401	1430	1397	1363	1330	1405	1387	1402	1372	1360	1323	1374	1437	1410	1403	1369	1430	1371	1394	1397	1395	1427	1426	1405	1394	1380	1417	1341	1392	1325	1391	1377	1370	1419	1388	1420	1356	1444	1344	1424	1354	1353	1393	1398	1345	1369	1373	1367	1428	1424	1400	1337	1368	1389	1359	1375	1339	1368	1380	1382	1371	1389	1378	1371	1413	1336	1371	1379	1384	1390	1409	1341	1382	1350	1383	1393	1373	1363	1333	1390	1414	1396	1369	1373	1385	1386	1314	1412	1386	1389	1399	1363	1683.082667
1354	1385	1421	1299	1377	1382	1368	1415	1411	1388	1366	1355	1330	1341	1378	1385	1375	1413	1381	1353	1372	1323	1345	1336	1353	1357	1352	1385	1346	1358	1338	1334	1352	1353	1376	1328	1375	1352	1338	1389	1360	1335	1344	1356	1361	1382	1328	1326	1391	1348	1344	1339	1375	1385	1323	1337	1385	1396	1327	1326	1397	1326	1355	1330	1346	1382	1352	1322	1350	1363	1368	1356	1400	1354	1343	1366	1355	1397	1372	1370	1363	1350	1356	1409	1348	1369	1332	1389	1395	1358	1371	1336	1361	1385	1341	1367	1685.331243
1340	1309	1349	1364	1352	1406	1340	1347	1374	1348	1400	1368	1340	1314	1323	1395	1373	1324	1383	1353	1377	1356	1388	1349	1344	1318	1368	1328	1385	1359	1416	1347	1358	1373	1361	1321	1329	1350	1362	1375	1373	1347	1366	1353	1395	1304	1353	1384	1343	1300	1332	1361	1358	1362	1364	1310	1346	1386	1384	1354	1363	1326	1393	1357	1328	1344	1362	1353	1348	1366	1306	1343	1321	1389	1326	1349	1324	1364	1340	1356	1376	1331	1352	1367	1327	1349	1349	1372	1360	1336	1309	1344	1307	1362	1361	1379	1687.578904
1330	1308	1360	1345	1342	1355	1353	1323	1337	1341	1357	1329	1285	1264	1356	1330	1329	1387	1360	1323	1278	1313	1346	1341	1299	1382	1314	1354	1335	1296	1317	1336	1328	1345	1352	1390	1342	1350	1327	1338	1359	1351	1350	1361	1322	1348	1338	1344	1345	1326	1293	1340	1328	1336	1334	1332	1325	1309	1346	1327	1313	1334	1323	1347	1329	1359	1308	1353	1304	1340	1327	1374	1351	1296	1314	1334	1356	1325	1348	1339	1328	1370	1341	1314	1313	1345	1320	1305	1364	1345	1306	1358	1321	1344	1307	1347	1689.825652
1297	1309	1323	1356	1275	1299	1348	1380	1353	1367	1330	1345	1331	1305	1265	1309	1360	1376	1327	1377	1325	1329	1290	1312	1359	1312	1331	1303	1320	1312	1317	1308	1330	1308	1314	1312	1343	1320	1315	1372	1306	1337	1351	1290	1298	1329	1305	1330	1318	1303	1352	1316	1362	1352	1332	1328	1335	1289	1279	1315	1324	1296	1305	1347	1281	1295	1296	1312	1321	1339	1281	1332	1355	1371	1366	1303	1322	1322	1279	1308	1289	1312	1308	1331	1321	1320	1260	1356	1325	1298	1275	1299	1305	1309	1318	1344	1692.071486
1321	1290	1312	1293	1311	1290	1311	1288	1345	1334	1300	1305	1274	1309	1298	1351	1319	1350	1307	1281	1300	1283	1296	1291	1263	1305	1320	1321	1294	1304	1279	1325	1301	1299	1317	1326	1320	1283	1281	1310	1272	1304	1316	1277	1280	1319	1287	1297	1317	1263	1299	1314	1299	1332	1322	1305	1296	1297	1324	1309	1331	1259	1333	1289	1311	1291	1309	1316	1255	1351	1313	1292	1343	1277	1308	1278	1316	1313	1365	1287	1299	1298	1340	1271	1302	1312	1309	1240	1296	1319	1288	1244	1280	1358	1364	1279	1694.316407
1261	1309	1314	1309	1276	1304	1319	1273	1314	1296	1309	1326	1284	1269	1317	1298	1295	1317	1312	1265	1316	1246	1273	1267	1323	1309	1282	1287	1247	1271	1289	1239	1278	1295	1308	1289	1312	1301	1293	1297	1259	1304	1284	1264	1293	1296	1279	1294	1278	1274	1319	1309	1233	1266	1294	1294	1266	1294	1292	1294	1275	1249	1237	1259	1337	1288	1252	1269	1235	1244	1310	1274	1295	1324	1317	1285	1278	1310	1299	1278	1270	1270	1283	1278	1259	1260	1281	1243	1260	1281	1274	1265	1280	1282	1272	1271	1696.560416
1292	1243	1230	1254	1313	1273	1232	1302	1239	1272	1324	1286	1228	1232	1201	1290	1282	1268	1268	1243	1271	1280	1251	1250	1248	1269	1249	1226	1235	1296	1300	1222	1267	1263	1257	1238	1268	1269	1223	1246	1270	1298	1278	1283	1264	1241	1268	1264	1228	1242	1216	1288	1274	1244	1262	1224	1261	1284	1298	1246	1281	1243	1290	1216	1304	1239	1263	1271	1285	1258	1229	1263	1272	1226	1257	1267	1289	1235	1259	1273	1242	1311	1261	1275	1269	1231	1232	1243	1276	1261	1245	1261	1220	1275	1233	1283	1698.791326
1253	1228	1276	1267	1226	1248	1272	1235	1304	1278	1290	1272	1232	1216	1216	1274	1305	1301	1246	1265	1283	1243	1225	1208	1285	1231	1256	1251	1241	1255	1221	1251	1281	1295	1238	1241	1279	1237	1271	1231	1257	1213	1251	1247	1272	1262	1254	1204	1212	1187	1246	1239	1235	1272	1253	1274	1249	1249	1247	1231	1339	1238	1281	1231	1260	1255	1247	1260	1250	1259	1235	1227	1234	1238	1251	1262	1279	1206	1222	1259	1256	1247	1208	1241	1224	1273	1268	1222	1239	1259	1218	1260	1224	1242	1229	1241	1701.033517
1251	1239	1231	1245	1253	1267	1303	1261	1267	1223	1254	1241	1195	1232	1208	1236	1276	1271	1250	1219	1244	1214	1226	1234	1224	1260	1219	1239	1239	1202	1221	1246	1242	1218	1234	1194	1268	1206	1270	1207	1257	1234	1264	1237	1225	1201	1239	1223	1246	1178	1271	1251	1212	1256	1224	1217	1236	1268	1238	1220	1226	1256	1187	2184	1222	1235	1247	1220	1234	1214	1247	1252	1240	1227	1196	1269	1222	1269	1214	1178	1215	1224	1249	1214	1218	1183	1227	1237	1222	1259	1257	1192	1199	1221	1250	1223	1703.262619
1242	1240	1221	1245	1240	1208	1254	1245	1205	1224	1244	1226	1155	1204	1189	1229	1203	1217	1262	1232	1214	1178	1188	1252	1232	1215	1189	1204	1238	1184	1180	1214	1215	1193	1239	1201	1218	1222	1203	1214	1213	1199	1230	1203	1219	1219	1236	1214	1221	1213	1141	1197	1208	1228	1215	1212	1201	1203	1220	1167	1290	1216	1210	1727	1237	1201	1209	1209	1224	1266	1204	1201	1233	1242	1206	1206	1197	1183	1212	1234	1237	1245	1152	1213	1200	1261	1202	1222	1211	1205	1203	1199	1243	1232	1227	1218	1705.502995
1231	1233	1211	1204	1204	1187	1216	1252	1181	1194	1240	1222	1196	1188	1182	1258	1220	1286	1202	1210	1236	1178	1218	1179	1179	1233	1204	1195	1231	1221	1217	1209	1220	1203	1215	1223	1208	1249	1239	1229	1204	1249	1199	1234	1210	1220	1225	1196	1194	1232	1204	1241	1224	1200	1211	1204	1169	1199	1218	1218	1174	1206	1190	1223	1227	1211	1214	1177	1242	1256	1221	1188	1191	1170	1202	1213	1191	1184	1232	1209	1175	1237	1235	1201	1236	1161	1159	1215	1218	1201	1196	1224	1221	1228	1235	1243	1707.730292
1190	1197	1210	1202	1195	1205	1190	1246	1176	1221	1214	1212	1184	1204	1160	1207	1277	1231	1202	1201	1220	1210	1183	1236	1194	1203	1211	1149	1166	1213	1200	1189	1204	1217	1198	1192	1263	1204	1214	1198	1194	1216	1252	1214	1199	1210	1187	1221	1225	1188	1168	1221	1232	1204	1184	1146	1162	1221	1199	1233	1210	1212	1207	1210	1194	1198	1179	1177	1210	1252	1233	1162	1197	1235	1231	1176	1193	1188	1201	1200	1226	1218	1185	1238	1198	1176	1164	1202	1178	1222	1185	1223	1181	1194	1174	1164	1709.968854
1207	1185	1207	1218	1188	1187	1194	1165	1200	1179	1167	1235	1167	1148	1166	1210	1194	1221	1195	1226	1213	1163	1171	1240	1220	1210	1185	1199	1206	1215	1186	1176	1173	1156	1185	1168	1219	1196	1195	1189	1206	1237	1193	1204	1200	1180	1202	1218	1187	1177	1161	1221	1231	1185	1136	1188	1170	1178	1199	1198	1221	1154	1187	1161	1198	1227	1168	1249	1122	1202	1186	1180	1191	1172	1207	1189	1187	1142	1196	1178	1186	1181	1209	1198	1146	1188	1184	1146	1166	1202	1164	1197	1178	1212	1199	1157	1712.194349
1216	1184	1203	1200	1225	1169	1222	1201	1196	1233	1283	1238	1148	1154	1167	1203	1229	1208	1216	1220	1204	1159	1174	1194	1214	1193	1169	1188	1151	1204	1230	1196	1172	1184	1174	1180	1238	1236	1196	1134	1196	1158	1199	1204	1216	1203	1213	1180	1178	1166	1202	1160	1174	1191	1201	1209	1213	1216	1231	1178	1180	1180	1183	1194	1177	1210	1123	1196	1199	1203	1188	1190	1224	1190	1199	1170	1183	1202	1197	1220	1192	1157	1187	1170	1132	1184	1159	1183	1179	1156	1178	1200	1196	1223	1189	1215	1714.418946
1186	1164	1197	1232	1219	1169	1200	1200	1153	1163	1209	1180	1188	1222	1153	1197	1209	1229	1188	1169	1194	1155	1150	1176	1168	1204	1138	1158	1151	1149	1151	1197	1182	1216	1198	1170	1212	1196	1215	1209	1164	1199	1172	1162	1203	1175	1183	1191	1182	1183	1193	1153	1153	1161	1151	1199	1155	1209	1177	1192	1178	1129	1170	1205	1160	1220	1159	1145	1175	1186	1220	1160	1193	1189	1204	1154	1188	1169	1184	1152	1146	1187	1154	1176	1191	1175	1157	1187	1198	1185	1166	1184	1144	1209	1154	1199	1716.642646
1208	1205	1167	1175	1190	1185	1178	1175	1171	1162	1177	1222	1128	1171	1134	1170	1185	1227	1218	1164	1219	1170	1175	1157	1146	1180	1164	1168	1136	1200	1164	1144	1181	1197	1219	1191	1160	1174	1148	1168	1174	1170	1182	1145	1228	1179	1173	1158	1160	1138	1165	1161	1155	1204	1146	1155	1216	1180	1152	1158	1122	1212	1142	1213	1181	1168	1156	1144	1164	1171	1156	1180	1164	1194	1160	1127	1191	1187	1182	1169	1141	1137	1149	1173	1139	1201	1169	1139	1172	1190	1161	1140	1165	1172	1153	1179	1718.865449
1146	1165	1188	1177	1180	1146	1212	1199	1167	1171	1201	1178	1132	1125	1176	1155	1181	1206	1196	1156	1148	1151	1187	1121	1165	1165	1213	1146	1141	1177	1114	1172	1160	1172	1126	1167	1198	1162	1132	1119	1140	1135	1163	1160	1140	1143	1159	1184	1163	1149	1144	1147	1201	1148	1133	1118	1128	1145	1211	1157	1175	1111	1151	1163	1188	1141	1138	1169	1157	1131	1171	1141	1197	1155	1137	1162	1186	1151	1193	1145	1126	1182	1130	1175	1124	1126	1118	1161	1149	1165	1163	1124	1174	1195	1140	1152	1721.087355
1144	1127	1137	1163	1151	1173	1150	1107	1187	1212	1156	1161	1119	1136	1137	1131	1135	1149	1180	1164	1162	1128	1148	1142	1130	1146	1164	1163	1136	1138	1153	1125	1123	1156	1155	1153	1167	1171	1167	1161	1147	1148	1173	1118	1104	1179	1135	1175	1149	1160	1180	1155	1154	1124	1158	1149	1127	1171	1126	1124	1150	1114	1115	1146	1146	1117	1160	1169	1074	1126	1120	1116	1154	1133	1203	1143	1165	1148	1127	1140	1128	1139	1154	1169	1120	1145	1146	1135	1149	1167	1092	1147	1120	1162	1145	1165	1723.308366
1120	1174	1136	1148	1146	1145	1172	1140	1160	1180	1123	1152	1107	1090	1116	1147	1149	1171	1195	1150	1174	1159	1119	1140	1167	1144	1131	1098	1178	1114	1119	1154	1147	1113	1175	1137	1167	1154	1150	1134	1154	1125	1128	1127	1149	1129	1109	1170	1130	1158	1111	1162	1148	1103	1132	1146	1156	1177	1146	1123	1101	1139	1118	1146	1164	1162	1139	1115	1137	1090	1115	1115	1127	1123	1123	1126	1167	1141	1130	1150	1127	1138	1141	1126	1102	1099	1118	1136	1166	1116	1117	1111	1188	1123	1113	1126	1725.528481
1193	1144	1123	1136	1188	1126	1148	1168	1134	1186	1151	1122	1131	1134	1118	1172	1150	1136	1115	1107	1133	1156	1088	1108	1145	1141	1095	1117	1118	1109	1172	1145	1095	1125	1131	1118	1180	1163	1129	1128	1147	1120	1170	1098	1146	1152	1133	1089	1110	1129	1133	1121	1136	1109	1110	1115	1084	1129	1141	1163	1146	1155	1133	1130	1121	1110	1109	1137	1146	1113	1103	1087	1123	1141	1150	1129	1147	1158	1114	1160	1113	1136	1128	1182	1121	1145	1091	1128	1120	1137	1149	1144	1128	1137	1150	1131	1727.747702
1085	1148	1101	1142	1138	1099	1130	1169	1114	1134	1137	1099	1101	1086	1052	1144	1127	1151	1111	1169	1162	1087	1127	1102	1088	1132	1146	1092	1108	1131	1095	1076	1070	1106	1072	1148	1127	1119	1135	1125	1073	1106	1112	1125	1114	1141	1112	1068	1079	1088	1090	1122	1111	1090	1127	1110	1121	1110	1120	1150	1091	1073	1103	1070	1123	1098	1131	1086	1097	1093	1102	1131	1105	1106	1121	1100	1113	1103	1119	1062	1083	1098	1139	1086	1100	1105	1093	1147	1106	1171	1124	1108	1112	1129	1124	1108	1729.953909
1083	1104	1121	1098	1090	1132	1113	1093	1112	1103	1127	1102	1084	1078	1130	1139	1133	1123	1098	1156	1121	1128	1114	1101	1111	1128	1134	1123	1104	1082	1101	1109	1120	1090	1135	1084	1103	1109	1125	1144	1101	1119	1125	1118	1111	1135	1108	1168	1100	1091	1083	1082	1093	1097	1112	1052	1086	1124	1124	1127	1130	1070	1104	1103	1156	1113	1098	1094	1083	1109	1095	1087	1122	1099	1119	1104	1096	1122	1108	1109	1126	1098	1059	1129	1113	1084	1087	1066	1112	1105	1075	1129	1109	1143	1111	1122	1732.171346
1091	1096	1106	1112	1082	1093	1136	1107	1113	1117	1121	1104	1071	1087	1092	1155	1110	1139	1118	1148	1110	1097	1099	1074	1081	1114	1103	1067	1065	1089	1133	1088	1138	1124	1131	1066	1155	1107	1096	1111	1091	1110	1077	1110	1119	1129	1105	1126	1115	1073	1060	1094	1110	1091	1105	1106	1125	1124	1113	1092	1092	1091	1100	1059	1128	1077	1083	1094	1096	1058	1090	1121	1121	1117	1053	1095	1092	1100	1120	1103	1088	1086	1104	1080	1075	1091	1046	1095	1115	1129	1112	1114	1094	1080	1052	1115	1734.375781
1127	1081	1115	1121	1123	1086	1089	1113	1076	1081	1105	1088	1089	1085	1088	1101	1140	1124	1128	1119	1122	1099	1084	1083	1090	1101	1094	1103	1095	1096	1070	1110	1053	1109	1127	1084	1102	1109	1138	1092	1129	1089	1131	1124	1105	1091	1134	1084	1093	1114	1048	1145	1105	1108	1107	1072	1072	1122	1056	1138	1117	1065	1076	1061	1099	1080	1081	1091	1104	1074	1101	1122	1077	1052	1104	1077	1099	1111	1083	1082	1091	1085	1090	1103	1078	1049	1089	1130	1103	1115	1046	1096	1106	1076	1144	1098	1736.591438
1129	1062	1103	1061	1140	1068	1121	1144	1127	1132	1103	1111	1071	1106	1052	1113	1098	1107	1121	1095	1096	1116	1077	1098	1108	1089	1077	1111	1090	1133	1129	1062	1067	1105	1074	1068	1109	1126	1132	1080	1104	1123	1105	1117	1115	1094	1104	1091	1103	1098	1037	1072	1100	1065	1084	1117	1122	1127	1111	1073	1079	1043	1096	1097	1064	1123	1100	1078	1099	1117	1086	1053	1095	1082	1100	1094	1120	1073	1070	1129	1083	1085	1085	1120	1119	1115	1077	1108	1102	1051	1097	1123	1095	1028	1096	1072	1738.794103
1087	1071	1119	1090	1109	1104	1112	1112	1092	1092	1103	1089	1067	1051	1102	1121	1110	1117	1110	1097	1123	1127	1086	1075	1132	1095	1081	1103	1067	1095	1097	1082	1115	1063	1132	1096	1101	1075	1088	1104	1073	1101	1072	1119	1077	1100	1111	1105	1060	1084	1145	1129	1103	1078	1060	1067	1075	1103	1082	1086	1084	1087	1081	1127	1094	1074	1087	1111	1090	1075	1089	1109	1131	1119	1155	1065	1128	1105	1070	1084	1131	1119	1085	1140	1064	1107	1076	1101	1081	1115	1081	1076	1066	1085	1075	1098	1741.007981
1070	1089	1076	1074	1115	1090	1104	1117	1092	1119	1112	1083	1053	1053	1040	1092	1086	1086	1094	1108	1127	1070	1098	1070	1088	1088	1107	1116	1087	1070	1081	1098	1100	1095	1077	1106	1112	1085	1101	1068	1083	1064	1111	1099	1092	1101	1121	1077	1082	1060	1074	1099	1105	1099	1060	1056	1079	1096	1074	1091	1083	1131	1076	1092	1048	1088	1083	1057	1068	1081	1072	1096	1096	1070	1062	1125	1108	1080	1100	1069	1053	1100	1100	1091	1102	1086	1072	1109	1105	1078	1064	1072	1075	1093	1060	1055	1743.208878
1071	1082	1081	1082	1107	1109	1073	1080	1091	1113	1078	1089	1068	1041	1076	1149	1103	1077	1102	1099	1072	1059	1062	1073	1089	1096	1098	1102	1119	1070	1052	1068	1077	1105	1087	1089	1096	1105	1073	1065	1052	1096	1078	1091	1083	1102	1067	1085	1053	1080	1044	1135	1084	1052	1061	1087	1051	1118	1103	1059	1067	1077	1090	1734	1072	1052	1061	1110	1097	1070	1076	1090	1085	1093	1106	1055	1058	1066	1102	1061	1055	1092	1083	1100	1064	1038	1075	1053	1058	1071	1074	1084	1062	1097	1078	1056	1745.408894
1085	1070	1093	1093	1069	1056	1077	1060	1077	1084	1070	1068	1029	1052	1074	1101	1086	1116	1077	1085	1098	1094	1087	1084	1053	1045	1104	1122	1095	1077	1065	1072	1092	1073	1080	1108	1093	1052	1073	1103	1063	1135	1084	1072	1068	1055	1105	1083	1090	1104	1071	1079	1071	1095	1098	1070	1091	1096	1098	1090	1069	1058	1054	1968	1077	1039	1075	1068	1054	1080	1025	1105	1041	1060	1035	1086	1080	1060	1078	1055	1047	1083	1076	1077	1074	1082	1053	1077	1070	1057	1093	1071	1037	1056	1065	1109	1747.60803
1066	1104	1070	1081	1100	1093	1093	1092	1104	1052	1057	1049	1069	1034	1013	1096	1116	1094	1113	1046	1071	1064	1064	1093	1085	1079	1055	1098	1074	1092	1071	1086	1092	1088	1089	1049	1059	1067	1068	1076	1044	1059	1064	1084	1104	1091	1086	1070	1068	1042	1066	1058	1087	1077	1079	1048	1093	1109	1078	1087	1038	1083	1039	1072	1078	1070	1090	1053	1059	1050	1059	1072	1080	1083	1073	1046	1096	1063	1083	1047	1104	1081	1067	1096	1042	1074	1060	1074	1059	1084	1076	1034	1044	1110	1074	1077	1749.806287
1050	1066	1094	1084	1059	1047	1085	1040	1125	1070	1101	1066	1028	1062	1059	1091	1110	1111	1079	1068	1062	1058	1031	1035	1052	1082	1055	1115	1081	1039	1086	1073	1012	1051	1076	1037	1085	1025	1093	1073	1032	1061	1059	1079	1095	1051	1087	1041	1086	1053	1030	1080	1071	1073	1081	1044	1038	1059	1030	1029	1061	1055	1067	1054	1076	1084	1068	1030	1033	1091	1060	1087	1099	1059	1052	1009	1051	1076	1061	1050	1038	1031	1057	1070	1060	1051	1028	1042	1084	1023	1075	1062	1054	1055	1071	1027	1752.003664
1044	1058	1053	1081	1062	1098	1086	1101	1041	1066	1081	1055	1071	1020	1020	1051	1085	1067	1078	1043	1069	1050	1014	1054	1068	1049	1038	1081	1029	1055	1038	1118	1056	1051	1071	1049	1047	1085	1043	1114	1048	1044	1086	1071	1038	1057	1075	1073	1040	1054	1027	1091	1039	1061	1034	1027	1017	1082	1064	1056	1067	1067	1041	1036	1044	1005	1052	1050	1044	1060	1069	1046	1041	1063	1075	1039	1035	1067	1078	1047	1033	1063	1045	1073	1058	1007	1044	1028	1073	1074	1042	1057	1078	1061	1097	1044	1754.200162
1046	1018	1106	1051	1057	1034	1060	1052	1052	1059	1038	1117	1044	1065	1032	1072	1058	1062	1059	1073	1067	1072	1042	1047	1035	1080	1086	1051	1036	1047	1047	1037	1050	1060	1046	1056	1042	1033	1074	1055	1032	1043	1030	1068	1054	1006	1041	1016	1038	1021	1024	1025	1026	1040	1023	1031	1038	1058	1074	1057	1036	1039	1040	1044	1074	1084	1020	1032	1047	1052	1052	1023	1015	1030	1036	1031	1070	1014	1043	1046	1057	1040	1029	1046	1021	1035	1036	1065	1085	1037	1052	999	1036	1064	1031	1066	1756.395783
1034	1035	1074	1053	1013	1049	1012	1079	1028	1109	1041	1044	1047	1034	986	1051	1100	1051	1064	1057	1054	1052	1030	1069	1087	1065	1083	1067	1028	1051	1017	1031	1031	1043	1013	1052	1051	1033	1063	1050	1087	1051	1042	1036	1045	1068	1064	1046	1054	1003	1061	1081	1026	1011	1047	1029	1065	1029	1042	1061	1059	1046	1051	1047	1060	1023	1034	1048	1038	1024	1049	1049	1075	1056	1062	1012	1056	1069	1052	1059	1055	1077	1048	1048	1036	1082	1064	1067	1061	1034	1033	1029	1057	1079	1061	1067	1758.590526
1036	1023	1041	1035	1017	1050	1054	1045	1068	1053	1051	1073	995	1003	1034	1067	1067	1072	1021	1078	1053	1050	1039	1060	1025	1056	1037	994	1069	1035	1035	1043	1051	1032	1069	1036	1044	1035	1039	1058	1021	1023	1065	1057	1065	1036	1064	1108	1040	1012	1033	1074	1028	1040	1013	1023	1035	1009	1027	1044	1055	995	1032	1034	1036	1033	1028	1026	1024	1064	1023	1023	1026	1067	1019	1048	1008	1022	1042	1034	1022	1086	1063	1032	1030	1052	1006	1054	1024	1032	1038	987	1032	1037	1044	1054	1760.77234
1041	1061	1041	997	1053	1079	1055	1072	1056	1021	1060	1034	994	1031	1021	1032	1049	1038	1014	1066	1048	1018	991	1007	1044	1034	1063	1024	1025	1028	1031	1050	1033	1036	1014	1025	1077	1027	1030	1032	1053	1038	1038	1033	1032	1054	1040	1027	1048	1015	1019	1049	1035	1054	1044	1032	1040	1064	1020	1013	1035	1009	1013	1034	1001	1044	1026	1030	1025	1015	1011	1057	1029	1041	1016	1028	1001	1038	1038	997	1067	1012	1056	1038	1031	987	1017	1004	1006	1025	1004	997	1013	1047	1046	1038	1762.965334
1016	1094	1012	1049	1015	1072	1039	1060	1034	1055	1077	1044	998	1003	1017	1040	1005	1036	1067	1055	1034	1029	1017	1025	1060	1019	1034	1037	995	1064	1029	1044	1033	1044	1042	1045	1026	1064	1078	1019	1001	1008	1049	1035	1012	1025	1042	1056	1041	1019	1009	1016	1043	1008	1021	1051	1020	987	1015	1059	1032	1025	1026	1043	1009	1036	1031	1018	1006	1084	1042	1041	1047	1035	1002	1045	1029	1031	1066	1052	1060	1005	1030	1006	1016	1019	979	1046	995	1035	1053	1034	1057	1041	1019	1019	1765.14541
1054	1030	1061	1046	1017	1076	1036	1044	1055	1033	1037	1058	1005	974	997	1064	1045	1054	1052	1024	1033	1047	1012	1015	1066	1051	1020	1018	1037	989	1048	1049	1029	1035	1037	1043	1045	1038	1036	1017	1055	1010	1025	1020	1029	981	1070	1052	1023	974	1015	1024	1044	1029	1027	1028	1065	1050	1017	1039	1033	1048	1060	1061	1036	1031	1059	1022	1008	1027	1016	1023	1000	1013	1033	1023	1001	1035	1022	1036	1051	998	1023	1011	1027	1033	1005	1007	1041	1042	1004	989	1026	1026	991	1002	1767.336658
1038	1014	1016	1043	1016	1030	1070	1049	1080	1059	1029	1027	989	1034	1002	1068	1058	1058	1031	1067	1044	1044	1006	1002	1030	1057	1046	1013	1032	1008	1016	1017	1055	1058	1052	1048	1071	1053	995	1033	1020	1018	1058	1009	1027	1032	1027	1065	1030	1028	1033	1035	1013	1040	1032	1001	1000	1048	1078	1040	1007	1027	1069	1035	1011	1062	1025	1026	1002	1024	1010	1036	1048	1008	1003	1037	1024	1000	1006	980	1016	996	1016	986	983	978	994	1023	1038	1035	1050	1041	1013	1036	1038	1015	1769.514998
1022	1010	1030	1018	984	1036	1061	1061	1024	989	1033	1056	1045	966	966	1037	1057	1041	1052	1009	975	1017	1020	1006	1025	1040	1053	1021	1010	1015	1009	1027	1040	1042	1015	1052	1022	1023	1018	1021	1018	1047	1033	1019	1019	1009	1013	1016	1012	1027	1002	1053	984	982	1017	1039	1027	1029	1075	1030	1046	1008	1021	1043	996	995	1062	997	1035	1028	1007	993	1008	1019	1031	1013	1029	1028	988	1004	1010	1034	1051	1026	1047	1005	990	984	1035	1043	998	1045	1016	1036	1043	1065	1771.704501
1028	1023	1063	1050	1002	1019	1011	997	995	1023	1041	993	985	1006	969	1058	1011	1046	1019	1020	1012	991	993	1019	1050	1057	1028	1033	1045	1005	1008	1014	1034	1047	1059	1018	1030	1055	1061	1033	1040	1031	1044	1048	1041	1013	1038	1019	1032	1024	1023	979	1015	1057	1019	1019	1032	1024	989	1031	1010	1017	969	1044	987	1023	1014	972	1021	1008	1041	1041	1037	1024	1042	1014	999	1036	994	1016	1007	1053	1023	1034	997	1020	1006	1004	1001	1007	1005	1011	980	1011	1019	1002	1773.881108
1031	1012	1029	1005	1025	1019	1000	1002	1022	1020	1015	1044	993	974	971	1050	1048	1052	1008	1047	1026	1020	970	1009	974	1029	1037	992	1004	1048	1041	1025	1044	1026	1026	1036	1022	1013	1033	1013	1003	1032	1030	1012	1025	1015	997	1015	964	989	1019	977	1051	1003	987	1047	1013	991	1059	1019	998	1013	988	1017	1030	1044	1035	995	1013	1020	1016	1019	1014	1003	1029	1029	994	1017	1011	995	1015	983	1013	1049	1011	993	1006	982	1039	1030	1009	1015	1023	991	1027	1011	1776.05685
1000	1030	1002	1059	1057	1039	1012	1012	980	1026	999	1033	1041	1003	1016	1075	1066	1030	1041	1003	1061	1032	995	1022	1026	1018	992	1013	976	1025	1025	1030	1015	1022	991	1004	982	1025	996	1009	1016	1027	1030	1017	1012	999	1038	1038	1007	1002	1005	1010	1025	1008	1005	959	1010	1052	1015	1001	1024	1030	998	1026	996	1006	1001	1005	998	1009	998	1032	1005	998	1014	999	1009	1014	1033	985	1005	1017	1012	1017	973	1013	977	987	1007	991	988	986	1022	987	994	982	1778.231729
1033	1017	1025	1001	1009	1006	1049	1034	1060	1014	1053	1011	996	951	989	1029	1034	1066	985	1033	993	972	1000	1013	990	1010	1038	1032	985	1030	977	1005	1045	1005	1014	993	972	1038	1025	1003	1037	999	1034	1030	1051	1030	999	1009	1007	1006	1012	1015	998	1016	985	1023	1013	1016	1007	983	985	986	1001	1008	1003	1036	1021	1032	959	995	1027	1029	1032	1025	1013	1012	1015	1023	957	1029	1012	990	1006	999	973	987	974	1001	1010	994	996	1006	1052	979	994	983	1780.405745
1027	1017	1008	1016	975	981	1005	1016	1033	993	1015	1044	952	999	992	1007	1021	1012	1016	1045	1001	994	980	982	998	1005	993	1008	1027	990	1001	973	1009	978	1026	980	1022	988	1006	1023	995	988	1021	998	1010	994	994	999	992	983	1007	981	975	970	974	999	1013	992	1005	989	1006	1023	1019	995	989	988	1014	992	996	995	994	985	993	1016	1012	1011	996	1015	980	994	990	1002	954	965	953	976	989	991	979	982	990	1018	966	1022	1017	1023	1782.5789
989	1010	1003	989	1014	1011	1020	1012	978	1016	962	993	979	972	1006	1014	1019	1036	1000	1058	1007	1027	977	1006	962	1006	1026	987	987	1012	982	1012	969	993	999	997	1014	990	1011	1008	993	1019	1002	994	1009	1003	996	1007	989	990	998	1001	998	987	1014	993	1013	1040	1029	1002	981	988	1046	982	1017	953	1011	978	958	992	990	1015	1018	1018	1013	1018	1006	980	1016	967	1006	1008	951	996	988	998	1008	1025	1017	1003	1010	996	1013	1014	1023	1017	1784.751192
978	1001	990	995	1001	975	977	992	1024	1014	1017	995	978	1001	1020	971	1042	1018	1022	1032	1029	947	984	1005	1003	998	975	992	985	979	998	961	992	972	1004	941	1005	1004	1032	964	1018	994	963	995	983	1004	987	1012	1007	1010	957	1016	989	988	947	961	958	971	991	1003	1024	997	970	961	990	951	1009	987	976	977	1007	1021	997	972	1009	992	1002	976	984	999	1020	998	1021	990	980	976	957	997	1017	1006	1011	997	957	974	969	978	1786.922623
979	979	1015	977	989	991	1000	962	994	1025	992	1011	938	983	990	1012	1031	986	1014	1018	974	1013	1013	1013	998	977	981	1022	981	994	990	958	990	1010	997	991	983	996	993	984	998	996	1019	1012	991	997	1001	957	993	968	975	956	983	1022	1006	1000	957	1016	1008	981	982	991	977	996	1014	984	965	994	971	1008	994	983	979	1024	1000	1027	988	1020	984	958	984	983	987	1005	988	987	990	980	957	985	977	982	1008	995	972	994	1789.093193
989	997	982	985	977	965	976	1002	1003	1016	982	971	957	996	982	989	1003	1040	999	999	974	1004	1000	970	986	978	949	981	983	1018	969	1023	1011	1020	1012	981	1022	969	1000	984	978	986	989	995	1009	990	979	992	982	986	956	1011	978	978	1009	987	963	1006	963	988	997	1002	997	953	988	997	958	977	982	987	997	992	979	988	973	959	990	954	994	976	987	996	971	1012	988	1000	982	950	983	986	977	973	997	1000	977	989	1791.250919
986	983	995	988	1003	957	978	964	974	1003	964	998	972	946	953	1019	1020	999	995	991	987	964	988	953	985	973	1000	996	967	973	967	1022	1007	982	990	968	986	1004	1020	1026	951	984	980	1009	1023	985	991	978	980	982	986	978	972	986	956	964	962	992	1018	982	975	941	993	959	975	968	954	943	956	981	993	979	967	1004	1010	989	959	957	958	970	1008	958	979	1000	978	977	953	985	933	964	957	963	987	972	995	995	1793.419774
966	986	1007	984	964	986	1009	983	979	977	985	992	968	962	936	1005	1027	1026	995	982	1012	972	1007	968	997	991	955	961	985	997	975	967	961	972	961	997	995	990	968	1006	986	986	1043	997	985	967	995	1009	993	977	996	958	959	964	990	966	967	993	978	972	959	964	980	1000	969	967	992	968	967	989	996	957	974	1003	966	965	971	994	998	981	973	955	936	1001	1006	984	962	959	1016	1012	1000	998	977	975	1006	971	1795.575795
1005	1008	987	1009	969	999	967	982	992	978	1007	988	985	969	967	989	1032	965	977	1001	968	999	963	1003	992	1020	979	958	991	974	1002	966	991	978	991	998	988	971	994	1000	1004	1009	977	965	988	965	986	985	986	985	968	977	959	969	969	958	988	993	1040	1002	1047	958	983	989	975	995	974	971	962	953	993	989	994	977	962	971	1001	1004	980	959	992	1002	966	991	962	997	993	979	1010	1004	998	990	951	980	1004	963	1797.742937
970	939	1011	969	994	1035	1020	1005	1007	1028	989	979	971	955	979	1008	987	1017	999	1000	985	959	966	968	975	952	967	986	974	984	957	1007	972	1010	979	963	998	997	949	953	1029	977	1016	966	1008	1019	989	953	956	967	951	983	992	979	974	975	972	968	972	984	981	961	980	1013	972	1007	1003	954	968	1005	990	948	963	986	990	949	979	1009	1004	997	981	985	974	986	953	1000	968	963	1014	969	972	994	981	974	961	990	1799.897255
1004	996	956	1006	971	1001	974	997	979	983	1006	1029	985	927	958	1035	964	982	978	999	950	984	972	973	974	999	964	984	1007	971	975	947	997	965	957	995	981	948	1006	981	995	954	966	1000	1027	968	977	1012	1003	975	985	985	979	961	1006	968	992	959	983	998	1018	1018	972	970	1002	984	984	981	968	946	1001	1012	963	978	968	1011	980	992	954	977	993	983	983	977	966	990	978	979	991	957	982	1013	979	997	1003	973	1802.062686
1003	1003	1008	982	1011	1004	996	993	1015	979	1011	1008	1011	951	976	1006	998	977	997	999	973	985	973	964	967	978	997	984	987	1010	995	943	961	995	1031	967	995	952	1034	974	1006	1019	986	980	1018	1013	978	991	998	939	963	1014	966	1000	1010	986	965	996	997	964	979	987	1011	979	984	955	989	981	983	1003	972	998	959	970	982	962	987	994	973	982	1008	947	953	984	985	975	957	1009	954	980	1001	1000	951	981	995	962	1804.215303
998	995	992	993	1006	1001	1005	965	982	974	995	958	965	977	985	1007	1016	1004	1006	986	1004	1015	1009	998	976	947	1007	935	949	960	974	973	1004	1025	986	960	986	980	984	960	1001	988	985	1000	961	981	959	970	966	1010	1002	952	978	946	962	988	1007	998	976	1007	1002	997	942	973	977	948	969	973	961	968	1008	996	982	989	992	980	1016	967	929	970	969	1016	980	982	975	974	959	969	975	967	934	946	967	981	967	970	1806.367073
969	995	990	998	999	1004	1003	990	970	974	1003	1010	965	941	951	1016	1026	989	959	1034	961	974	999	961	963	937	988	956	995	996	978	991	976	970	983	986	1025	992	1013	981	988	985	972	991	1010	976	966	984	988	940	973	954	974	1012	976	986	957	996	965	978	993	952	981	984	951	969	995	959	985	986	976	982	990	983	994	957	981	968	1021	966	979	964	978	1002	974	971	907	982	987	986	991	925	957	955	986	947	1808.517997
987	982	953	943	983	963	971	991	950	998	1012	1008	978	963	987	1025	966	1000	1022	962	1005	969	951	975	925	964	999	956	980	981	974	960	948	1004	980	991	998	999	1018	934	1018	966	996	981	991	968	1000	974	949	999	965	962	939	937	945	962	981	945	999	984	982	962	981	988	966	970	970	950	948	988	947	942	962	982	984	976	996	982	1000	973	981	974	972	1008	964	924	949	958	996	975	996	954	997	999	962	971	1810.668074
972	984	965	971	977	970	976	991	988	999	976	910	927	964	963	995	994	973	1000	994	1033	958	937	983	980	950	986	953	953	937	981	955	979	957	977	981	985	933	949	947	951	971	947	991	1002	931	947	953	959	983	979	970	983	957	944	960	977	992	928	955	964	976	961	976	950	971	975	955	962	949	991	941	962	939	956	950	951	953	961	950	967	979	995	967	959	959	971	966	968	959	938	936	950	967	962	946	1812.817305
979	983	958	946	991	999	989	1006	946	980	1040	981	956	925	933	992	1010	1016	976	970	960	950	948	955	967	977	929	979	932	979	953	969	936	991	971	947	1001	962	962	914	973	975	968	989	979	961	972	962	988	961	958	950	954	958	930	968	948	996	1013	979	930	983	976	937	990	962	954	946	952	975	938	946	994	1013	1001	972	968	977	929	951	978	983	952	967	955	950	979	974	963	960	985	936	966	986	956	949	1814.965692
974	1003	971	970	983	1007	990	970	998	970	986	977	950	944	946	969	1006	1041	951	979	964	960	993	934	954	966	942	960	967	955	942	904	948	943	942	949	932	973	984	994	958	973	968	1002	969	945	978	966	976	964	933	958	956	1020	954	921	966	947	988	984	965	963	966	974	925	971	986	955	949	945	968	999	961	988	969	967	965	949	940	970	961	953	954	983	912	939	944	956	953	939	974	968	953	940	952	946	1817.113233
932	954	993	978	963	943	975	964	986	989	1001	969	930	943	954	992	972	973	979	1002	969	960	925	960	931	939	980	968	980	968	966	960	963	971	947	962	967	957	970	951	954	935	980	938	972	973	966	957	965	982	920	966	939	987	957	955	912	939	919	972	962	980	926	982	934	962	971	960	966	928	965	973	973	962	975	970	937	987	966	955	971	958	966	937	967	948	951	980	963	964	960	918	942	982	952	975	1819.25993
941	960	972	972	955	964	967	979	971	940	963	961	942	953	945	972	978	996	962	964	937	944	942	956	961	969	995	963	970	961	946	943	944	928	922	888	970	955	974	959	940	935	1002	964	947	964	994	952	939	929	972	944	937	943	926	931	945	985	941	961	974	966	952	954	952	986	948	931	979	968	943	942	947	967	977	975	931	992	969	954	959	964	949	981	948	965	969	951	968	935	958	944	915	931	940	954	1821.393865
949	983	972	1010	972	956	946	964	951	987	969	976	964	951	968	995	997	1000	982	968	966	948	952	954	968	947	947	927	943	953	955	951	954	969	973	950	931	924	979	972	959	953	954	956	978	965	959	967	975	933	943	948	945	956	928	1004	939	963	955	952	964	919	932	987	952	960	954	953	956	928	923	952	956	981	935	937	958	952	947	952	928	986	964	982	960	973	962	939	973	964	944	957	961	952	957	964	1823.53888
940	980	958	943	958	956	997	961	952	984	975	990	949	922	926	987	978	992	965	945	951	962	961	932	959	927	949	951	954	927	964	975	988	969	974	943	999	973	950	953	925	961	962	977	967	921	990	953	981	955	912	994	941	971	944	954	977	980	932	942	948	998	949	944	957	966	943	919	964	942	991	950	960	968	942	957	1001	946	952	963	934	961	986	997	956	927	945	942	980	943	932	949	979	951	969	947	1825.683053
968	944	945	964	960	964	977	984	993	951	998	956	932	958	940	987	968	964	965	977	968	946	977	948	936	986	936	932	935	944	959	946	945	976	984	946	937	944	970	969	983	939	942	951	963	981	978	940	968	971	939	962	926	938	937	936	960	945	961	949	945	956	967	972	942	954	960	967	940	948	912	949	961	946	938	957	941	964	937	964	927	940	960	959	920	975	931	970	946	989	943	948	956	952	941	955	1827.814478
914	955	940	990	922	987	1014	993	983	964	975	965	930	942	949	967	988	994	978	979	967	955	973	922	945	933	953	976	945	952	969	963	968	980	959	943	951	967	957	954	934	962	983	1004	953	950	925	966	980	944	958	989	947	946	988	976	965	957	937	926	964	951	959	967	962	939	964	977	975	962	953	976	944	931	971	966	963	950	946	968	961	969	946	983	945	964	974	967	988	940	899	952	958	963	964	938	1829.956971
949	953	970	987	974	979	973	953	985	973	998	947	941	935	942	1018	976	1019	982	976	971	958	995	949	968	940	939	986	951	944	934	966	976	937	963	963	972	932	970	948	965	971	963	956	931	961	945	929	948	918	961	991	968	942	952	958	964	1005	944	957	938	948	961	974	969	993	905	903	949	970	975	969	960	982	959	978	952	961	980	960	931	965	970	978	967	951	965	933	950	961	973	934	939	949	956	973	1832.086727
972	961	981	967	964	954	964	950	960	981	949	953	956	926	903	1011	940	966	972	968	965	934	908	955	966	970	959	958	978	927	977	982	956	968	966	982	987	997	984	954	960	977	962	969	987	919	942	939	960	939	961	975	931	960	939	941	939	954	961	917	953	986	947	931	975	956	961	964	944	964	964	953	979	945	930	947	908	948	974	972	987	985	957	964	937	936	952	945	953	955	938	969	954	958	951	957	1834.215652
986	988	973	960	983	957	989	973	974	931	985	963	966	954	951	966	1011	971	970	970	944	957	946	925	965	950	933	952	947	928	939	930	981	961	948	958	980	971	939	972	967	981	953	992	979	971	935	934	991	955	941	937	962	940	986	967	973	989	954	958	973	952	943	958	960	945	951	933	946	942	938	969	962	977	975	1001	959	937	961	961	939	967	974	992	952	947	954	955	979	973	951	966	953	971	957	930	1836.343745
983	987	1015	983	951	961	1000	994	948	1017	963	953	950	933	921	982	983	1016	968	963	987	944	938	959	945	951	969	951	950	936	963	1004	917	975	957	979	992	1003	957	950	949	943	971	958	988	948	957	939	942	950	938	933	986	959	986	974	954	937	948	974	971	948	948	973	929	953	974	927	950	930	961	973	993	935	961	983	952	966	938	921	975	975	976	940	944	973	952	966	974	918	932	932	976	936	975	984	1838.482891
978	964	960	984	978	993	945	987	956	977	958	969	936	932	937	995	980	975	965	940	966	948	988	976	950	962	965	946	942	964	989	945	928	936	977	959	945	948	950	923	965	961	961	947	982	958	929	963	943	940	951	987	950	915	953	959	933	946	951	939	953	974	927	953	972	977	930	936	950	962	947	915	968	913	971	954	956	939	928	945	949	953	940	931	974	936	959	923	929	946	968	948	960	924	923	955	1840.609319
973	933	958	967	984	986	950	987	983	988	993	979	936	957	921	1009	1004	941	962	977	958	946	927	952	982	961	965	965	963	961	934	948	976	933	947	964	986	968	961	972	969	972	1008	952	982	941	957	989	914	930	915	967	967	937	954	936	950	955	983	963	959	933	969	951	974	971	947	947	957	955	931	926	971	1007	956	975	975	945	947	948	965	970	970	936	967	935	954	966	968	934	954	972	964	950	945	999	1842.734919
969	961	959	980	977	973	977	970	945	983	932	970	922	952	912	987	967	980	995	983	954	972	943	993	972	972	967	936	934	938	934	967	926	975	990	969	995	989	936	964	952	984	932	968	959	938	973	955	966	935	951	933	958	951	906	963	959	975	975	942	948	966	948	933	958	946	948	966	955	939	974	934	950	947	973	969	947	924	965	957	964	974	959	956	927	966	932	958	973	949	932	951	964	954	908	986	1844.859689
963	973	980	963	929	939	945	982	959	940	961	953	950	923	933	958	977	987	976	940	954	948	963	906	981	944	962	935	932	940	935	958	991	963	940	971	976	985	961	955	937	976	956	960	930	963	969	938	928	934	964	966	935	937	930	956	940	937	939	959	947	947	949	959	939	966	961	923	934	947	934	941	958	944	953	964	940	926	934	935	962	967	948	953	890	940	927	933	921	918	955	936	927	908	963	942	1846.971767
970	970	943	946	957	948	948	965	965	924	946	961	983	964	928	948	973	968	966	972	939	945	937	930	957	974	957	934	957	937	969	940	944	958	923	936	993	982	975	929	956	961	968	936	950	946	968	959	900	934	939	980	963	947	953	944	973	941	954	969	959	947	922	979	960	975	905	940	933	913	963	958	927	940	917	925	952	948	941	920	922	937	937	926	938	956	918	948	940	932	940	944	925	935	937	937	1849.094886
920	938	975	987	944	963	964	937	959	958	961	957	941	931	927	970	953	968	991	958	948	967	935	912	953	955	944	974	959	935	956	927	922	941	962	956	972	938	927	958	958	977	952	951	944	916	938	953	973	931	945	931	952	978	946	949	932	939	975	930	922	917	950	943	940	940	921	945	948	922	919	944	944	939	965	951	914	944	943	954	974	945	940	919	938	931	935	929	947	943	955	927	948	936	964	937	1851.217176
937	981	948	942	992	941	942	954	945	966	951	925	948	950	904	956	938	951	970	972	933	916	926	964	942	975	941	962	942	965	937	939	968	983	945	917	956	929	934	981	945	937	956	932	948	937	976	978	919	952	926	949	938	963	935	929	955	959	948	947	958	928	923	921	940	952	948	922	949	898	932	904	948	942	949	915	962	939	918	947	938	930	946	944	937	960	933	947	965	939	936	964	937	949	941	938	1853.33864
944	936	956	968	947	984	971	956	921	938	946	962	919	951	919	998	953	970	960	981	967	932	930	944	925	942	963	936	956	938	968	913	928	940	937	951	965	983	945	932	939	948	968	940	980	975	937	940	941	945	938	961	930	937	939	934	952	940	928	947	980	934	965	939	950	951	940	935	968	957	939	980	934	969	942	952	928	936	905	947	937	944	937	934	924	941	936	970	945	966	948	956	923	937	958	937	1855.447432
989	954	944	942	931	930	969	994	964	947	926	972	934	916	936	947	972	985	948	973	953	933	938	932	960	966	941	914	924	935	939	946	949	945	964	956	960	977	948	955	954	916	990	974	950	929	941	976	960	918	923	954	993	937	912	940	936	948	948	963	973	931	957	979	944	943	923	957	929	946	959	915	963	967	960	937	955	913	960	969	885	959	955	970	964	954	920	951	946	946	958	928	953	955	953	943	1857.567248
931	905	944	970	927	932	923	954	923	974	969	959	946	913	939	955	976	946	931	971	963	949	960	921	939	960	929	933	952	950	916	962	930	929	934	927	979	941	949	948	937	955	940	960	970	962	949	943	914	931	884	957	921	911	913	926	936	956	957	946	954	938	945	932	944	963	964	968	918	938	943	967	929	969	916	949	945	946	936	927	934	946	928	957	901	923	921	959	953	945	956	924	926	946	954	935	1859.674403
935	959	971	974	928	914	962	959	974	965	966	951	914	938	952	968	945	956	986	925	948	939	958	918	969	960	934	936	925	973	935	967	940	954	974	955	945	935	959	950	956	960	984	940	943	940	965	933	909	948	919	958	963	970	933	898	925	949	976	971	948	953	942	961	928	925	948	908	954	921	933	936	966	928	953	909	967	953	936	962	933	967	961	956	918	930	934	953	949	943	929	956	942	940	951	968	1861.792572
936	937	975	945	952	914	927	966	925	949	939	978	946	908	922	961	965	1006	946	957	933	932	929	963	940	932	919	955	916	952	947	933	949	952	945	916	929	973	964	956	986	958	963	971	967	931	970	923	961	907	955	938	945	918	925	957	947	942	941	929	932	956	939	945	956	917	934	938	947	921	950	951	936	949	957	945	953	926	905	909	928	963	911	960	926	951	939	920	926	936	972	953	957	929	954	910	1863.898091
939	947	952	943	921	942	950	973	983	985	946	939	927	937	926	948	958	966	964	957	932	936	943	962	915	965	948	993	962	928	945	904	923	965	973	931	959	939	938	939	945	963	947	963	943	925	948	957	923	929	953	967	965	932	947	943	933	981	959	977	960	984	941	968	986	971	918	934	937	977	947	938	943	954	943	962	940	904	955	945	928	946	949	964	943	956	945	959	978	935	945	908	940	958	950	956	1866.002794
938	951	956	927	947	942	982	936	950	975	1000	993	931	928	914	946	962	956	960	953	941	915	906	938	972	998	946	948	926	928	949	948	956	948	947	951	972	944	947	932	971	956	953	959	986	949	940	937	910	960	931	918	935	952	965	959	941	938	949	934	946	936	937	942	917	951	963	930	940	902	965	966	952	940	956	943	947	977	966	955	918	983	923	932	948	925	952	945	949	965	957	951	937	938	935	938	1868.106683
947	941	995	939	928	948	932	956	957	939	933	938	958	928	933	924	990	973	966	966	993	914	921	947	941	942	944	954	946	960	937	950	952	965	919	968	961	944	945	959	996	925	919	949	967	957	962	939	937	963	915	936	935	947	906	957	924	961	936	962	917	939	936	924	946	951	933	970	958	945	978	924	974	940	967	958	930	921	908	939	959	958	931	900	920	904	936	910	971	945	939	924	935	955	931	950	1870.209758
945	929	966	932	933	971	967	957	967	946	942	966	907	910	924	972	934	956	978	942	942	981	946	925	970	915	964	915	898	952	937	935	928	920	937	956	961	972	975	938	945	924	945	912	931	946	937	946	929	918	945	912	909	946	924	930	925	936	970	964	952	907	961	949	931	940	941	949	937	932	935	929	946	947	954	925	963	935	940	949	920	953	945	961	926	894	948	942	948	951	925	934	950	940	913	954	1872.312019
952	981	985	969	944	945	967	959	939	930	958	960	885	918	938	931	927	963	959	924	950	922	906	939	905	929	945	947	944	939	947	886	969	977	919	928	963	941	922	908	916	909	947	921	927	953	956	911	939	929	915	963	919	934	947	915	916	938	942	924	922	943	917	943	915	980	920	952	922	931	929	928	932	891	942	925	916	955	957	928	943	920	916	933	946	944	938	945	933	970	977	938	912	931	943	968	1874.413467
951	899	933	953	952	957	977	961	930	935	941	955	939	911	917	1007	956	974	973	939	953	920	930	948	957	921	913	929	930	935	934	912	898	941	948	963	918	988	945	924	949	945	976	924	959	966	941	919	897	955	934	907	935	921	916	913	972	943	955	939	956	960	927	951	908	903	950	938	924	941	914	956	917	955	910	920	937	943	931	941	969	975	944	949	947	918	923	924	955	939	962	939	931	936	944	959	1876.514103
956	974	906	946	955	923	952	948	927	958	961	924	930	924	904	956	963	973	931	911	931	945	885	900	927	946	948	930	931	953	940	934	918	938	933	893	900	931	942	933	921	933	960	920	923	938	958	920	948	917	902	923	935	921	909	936	951	945	927	933	937	949	933	949	964	909	925	925	945	931	936	913	953	948	924	950	919	928	944	939	917	897	924	937	907	948	928	931	919	931	904	947	923	958	943	941	1878.613926
956	941	950	902	942	959	944	949	960	936	940	962	914	936	920	943	953	968	975	931	901	929	933	928	954	918	921	904	928	949	913	916	970	953	954	927	943	955	959	943	956	894	920	941	954	934	933	916	919	937	924	949	951	952	933	955	945	955	923	977	901	922	942	909	917	910	916	907	942	915	930	914	899	940	898	950	946	926	930	920	919	884	920	926	932	911	937	950	949	948	968	940	950	930	944	931	1880.712938
941	917	945	935	950	907	918	927	957	910	947	944	918	910	951	976	942	975	933	967	968	938	957	902	922	928	935	932	932	920	914	935	907	967	945	939	949	934	948	936	948	951	944	946	963	927	930	936	963	907	937	932	936	927	945	894	944	954	958	909	911	897	934	934	953	943	951	925	957	939	946	917	940	968	938	905	920	944	919	911	889	922	924	937	910	923	943	935	947	900	921	905	877	932	969	933	1882.799353
931	939	940	945	937	903	959	947	931	961	960	931	912	962	914	970	968	947	944	952	924	923	923	926	898	910	951	923	941	919	952	915	914	930	944	945	942	933	966	966	907	906	912	923	922	950	912	945	900	957	941	915	915	959	919	907	906	934	952	951	953	902	938	936	937	925	942	905	934	932	923	904	948	905	935	900	935	967	954	915	939	926	945	953	928	931	892	935	982	924	910	907	932	901	940	933	1884.896748
948	928	928	994	952	943	906	918	920	949	959	927	891	925	922	970	959	975	910	941	940	934	952	929	938	938	922	942	904	933	943	930	941	940	920	943	952	954	937	939	905	926	926	961	922	954	932	959	933	920	971	936	964	955	936	910	926	916	955	929	905	900	930	968	924	914	951	912	934	939	934	936	942	936	948	960	937	918	926	905	915	935	930	950	941	884	907	919	943	931	945	947	948	908	911	931	1886.993332
949	930	958	941	964	936	935	920	944	946	972	963	919	943	941	947	948	975	923	896	961	911	944	914	947	921	928	968	912	935	911	966	939	950	948	929	950	964	946	930	926	927	945	944	903	939	957	957	955	946	904	935	953	933	950	922	914	967	945	908	900	926	909	956	929	976	951	938	910	896	958	926	947	944	930	925	943	900	948	946	948	933	959	964	913	946	914	926	913	952	905	915	945	954	930	934	1889.077334
954	931	929	970	935	933	960	931	982	986	936	931	933	910	945	962	959	957	930	907	943	932	900	916	970	914	947	918	939	922	942	908	902	925	959	940	962	935	950	937	938	929	941	944	934	933	922	933	937	909	910	940	939	923	955	928	951	939	939	937	919	943	901	893	970	950	881	916	918	924	919	915	937	950	932	977	939	940	916	926	935	963	923	953	925	923	923	894	952	951	902	919	936	943	961	944	1891.172304
936	948	976	956	944	965	927	954	967	942	965	958	925	933	924	951	957	964	920	947	941	932	949	940	922	915	947	932	929	921	937	960	898	940	929	964	969	956	955	954	918	915	892	941	928	928	991	955	905	938	931	945	910	959	941	980	946	957	958	950	957	902	938	927	936	954	940	914	911	947	937	963	957	901	974	918	964	953	915	881	917	923	954	939	928	941	947	955	919	915	939	929	959	911	949	903	1893.254701
924	925	943	960	967	950	944	994	962	953	931	946	945	909	916	928	970	979	956	957	971	941	945	953	959	930	964	921	917	925	880	919	944	934	980	923	944	932	970	931	922	959	927	952	943	935	944	943	936	918	924	926	921	960	946	950	951	931	957	964	930	941	904	951	948	946	946	929	918	937	922	939	893	911	942	934	931	951	929	916	906	939	957	918	932	895	929	944	943	929	922	933	940	923	976	900	1895.3363
913	928	937	943	948	990	950	927	960	950	926	945	938	919	902	973	961	951	916	969	926	899	940	954	967	950	946	962	959	936	969	950	935	949	930	944	939	952	951	920	932	908	964	934	973	941	961	930	923	922	935	976	923	955	899	932	922	954	963	938	921	957	929	911	913	969	936	923	909	941	978	940	931	922	963	903	954	930	947	957	932	948	929	958	935	949	908	945	923	945	961	905	921	932	928	898	1897.4171
928	955	935	951	940	913	966	952	945	948	954	960	903	920	913	965	960	971	986	982	970	934	932	953	940	962	957	927	967	935	919	936	935	931	961	932	935	932	901	940	950	925	938	958	945	907	930	926	922	939	931	953	933	942	947	922	906	983	931	909	926	923	933	946	970	930	949	950	914	902	926	946	953	959	939	960	930	924	922	947	923	942	944	917	918	919	925	933	934	973	967	928	923	924	956	930	1899.497101
927	933	933	905	950	940	925	904	948	942	939	960	920	902	905	967	931	962	941	974	935	920	925	949	934	938	939	928	902	920	930	925	912	955	927	955	948	943	928	957	908	914	928	956	928	932	963	944	935	910	927	948	947	933	905	913	923	928	932	927	907	929	909	957	939	955	979	943	919	923	950	922	955	946	917	922	895	959	930	930	908	946	907	935	920	927	894	922	931	920	951	884	891	940	953	957	1901.588049
933	936	954	919	941	920	932	975	902	948	974	954	919	907	912	964	964	957	909	925	926	926	913	923	905	929	943	955	946	921	965	941	947	945	938	927	946	980	897	937	882	907	956	946	945	923	899	933	932	918	896	924	904	970	920	967	936	899	949	910	940	926	880	921	914	919	893	970	894	956	914	920	923	919	948	901	897	929	937	931	927	921	929	948	897	910	906	949	949	907	906	905	943	910	966	924	1903.66645
938	952	915	904	949	908	930	969	939	941	952	937	927	901	915	933	948	929	941	916	929	927	946	929	883	960	917	905	923	938	927	935	933	963	929	931	933	924	926	943	963	921	901	956	957	952	921	913	920	905	919	898	919	908	926	924	910	939	937	925	906	918	909	920	947	907	926	940	905	918	896	917	930	943	901	915	879	919	930	923	916	916	947	907	909	915	938	935	933	939	943	891	913	931	911	890	1905.732318
913	907	927	956	929	914	953	942	934	922	910	966	929	932	930	962	923	946	918	921	956	889	911	914	961	909	935	908	927	922	941	940	937	945	917	918	950	956	927	903	950	941	942	929	917	901	894	917	925	944	917	910	914	932	922	924	947	925	927	907	900	929	951	948	919	943	899	912	900	926	932	910	899	907	923	944	935	902	916	943	912	904	936	940	914	908	930	892	918	927	942	925	928	912	907	935	1907.809131
925	909	899	960	916	917	946	928	940	927	933	905	893	921	914	915	971	943	936	953	921	927	932	915	929	934	937	942	916	930	922	929	916	919	929	941	888	961	939	932	928	919	955	915	942	899	911	905	904	916	924	926	920	897	955	930	931	938	906	923	934	916	894	916	896	953	936	933	918	925	924	907	911	917	915	926	952	889	927	886	920	920	928	917	899	952	939	939	931	908	912	921	925	944	914	929	1909.885147
946	946	950	914	938	977	942	911	981	948	905	961	901	923	923	970	928	928	966	939	934	922	928	937	910	919	908	906	921	894	910	957	931	914	924	923	917	914	919	919	923	913	893	944	938	925	934	946	900	917	936	925	916	927	908	917	927	914	918	930	911	914	916	921	939	919	899	907	939	906	906	906	926	921	949	895	908	911	904	914	925	944	919	922	933	897	903	941	918	951	885	912	912	946	904	893	1911.960367
939	916	944	911	946	916	947	945	929	957	947	929	890	896	938	988	941	938	954	935	975	921	941	924	951	916	933	952	933	953	901	906	910	931	935	938	955	947	947	961	940	946	945	912	948	919	935	932	910	926	931	949	876	914	930	929	950	965	928	922	925	939	931	898	935	934	922	913	906	905	931	955	948	926	933	923	923	908	904	906	924	918	945	918	917	910	888	924	927	910	918	897	900	948	907	934	1914.023074
959	926	943	899	906	918	928	906	944	914	944	907	906	930	896	948	961	960	964	925	931	915	927	928	935	910	943	966	931	938	943	954	959	922	927	931	972	949	879	912	917	914	955	905	934	914	924	928	934	948	896	954	909	905	967	926	921	922	930	946	923	918	892	941	949	944	944	925	925	935	909	903	958	934	946	926	911	901	947	894	932	878	909	936	920	934	902	945	895	914	921	943	904	901	926	942	1916.096709
930	937	957	940	925	935	937	900	926	926	913	956	922	896	924	927	959	926	942	956	921	904	931	924	912	919	916	950	907	932	938	923	918	951	924	917	947	930	945	939	929	954	948	929	944	937	910	942	922	918	898	929	931	952	893	937	937	940	904	929	958	905	923	934	922	919	934	949	909	943	922	919	927	934	944	925	951	935	915	949	906	961	937	944	903	916	918	942	942	896	919	962	937	964	927	924	1918.169549
938	919	955	942	913	926	938	923	940	960	977	932	936	937	926	958	960	977	960	971	960	943	889	957	940	938	913	928	937	982	959	930	920	917	930	943	926	921	983	939	932	937	948	909	945	938	923	918	938	936	928	960	984	952	943	942	913	919	927	941	931	902	910	956	932	912	916	929	910	900	941	914	940	925	942	969	914	951	890	912	923	927	921	968	949	941	966	940	944	941	915	930	929	946	930	920	1920.229892
913	935	927	925	954	953	928	920	931	944	954	962	925	904	904	955	970	955	930	949	933	937	927	900	913	923	922	927	925	926	934	915	904	892	931	929	949	955	950	965	924	956	936	932	942	941	899	984	914	938	916	945	947	909	918	912	921	935	926	918	927	935	946	901	913	940	891	929	938	941	898	935	934	925	930	942	919	906	899	924	918	896	932	932	935	900	945	908	965	933	948	890	908	961	938	928	1922.28945
948	952	959	918	922	925	932	911	936	946	963	964	919	906	898	981	956	922	941	930	949	898	942	920	928	916	911	934	934	962	911	913	909	914	984	952	945	921	932	902	935	911	916	908	943	970	967	931	908	923	893	919	922	937	936	921	921	956	941	953	915	945	892	967	926	940	915	970	955	944	935	926	964	927	938	935	899	925	904	938	909	949	916	935	919	935	922	936	943	945	934	947	916	947	940	917	1924.359919
950	941	952	936	939	950	935	953	926	929	946	937	962	926	884	1003	977	955	931	961	950	923	930	930	948	912	948	948	929	944	901	906	958	926	956	911	975	965	937	930	920	931	963	968	951	910	925	961	941	921	892	933	907	913	907	915	924	926	914	944	946	930	930	954	948	946	957	945	943	916	922	947	965	920	940	918	917	946	919	915	924	949	907	922	922	912	902	929	961	953	929	906	920	927	940	916	1926.417905
975	934	914	914	927	960	937	960	933	912	938	929	927	912	934	961	925	957	948	967	953	943	923	920	929	938	917	924	882	936	917	955	930	937	958	922	920	931	949	945	914	918	942	935	956	947	937	920	925	934	894	857	926	952	946	905	954	932	937	925	952	950	931	916	909	904	925	955	955	911	952	913	933	923	930	930	927	930	914	908	947	927	922	918	891	926	922	924	943	926	940	902	958	917	946	901	1928.475108
902	926	954	940	907	920	974	936	931	925	947	939	889	903	903	929	964	964	949	945	944	897	904	925	908	923	936	918	936	924	921	946	942	934	958	936	911	909	909	923	928	914	950	921	921	891	934	924	926	910	909	958	929	943	896	924	913	908	911	918	913	947	904	950	883	912	982	939	905	906	913	937	940	908	891	950	954	923	947	912	894	911	947	910	960	919	918	923	926	922	920	929	909	867	917	936	1930.531528
927	941	942	922	899	932	936	966	953	972	960	939	910	879	917	965	939	968	957	918	932	939	898	944	913	915	911	939	908	940	929	901	913	924	908	945	948	950	938	914	910	922	889	946	924	917	927	927	917	904	925	918	904	918	924	927	932	953	931	949	901	929	919	941	936	929	907	930	919	913	956	918	915	939	912	956	920	911	921	894	919	926	951	906	882	921	915	933	913	922	929	919	908	945	927	899	1932.587165
933	934	922	915	927	944	950	935	932	960	949	931	923	878	907	956	976	981	930	942	905	931	928	916	951	924	931	961	909	932	948	906	883	908	892	917	924	922	928	929	952	922	929	943	927	928	929	918	912	885	921	934	903	931	929	924	918	911	881	922	947	899	932	900	930	929	889	919	920	900	937	913	912	935	944	933	928	909	898	911	906	906	917	922	912	916	890	935	920	919	927	945	925	912	915	932	1934.642022
931	928	946	925	929	927	920	930	930	961	929	953	901	894	930	934	939	936	941	959	919	893	897	919	936	905	923	910	918	914	914	916	940	898	908	928	899	924	921	924	924	914	915	931	938	910	914	905	925	936	873	934	897	899	894	937	910	931	922	929	898	922	890	934	917	930	946	921	901	916	898	894	921	909	939	932	925	904	901	891	913	913	943	927	911	917	914	964	906	912	928	945	928	873	918	921	1936.696096
946	916	943	926	927	930	959	915	938	911	886	931	895	895	889	917	972	899	897	922	905	913	877	895	903	889	907	891	913	885	931	907	898	928	908	937	915	909	909	922	943	915	933	911	908	917	907	929	893	938	917	886	907	890	909	925	918	938	897	924	899	911	908	894	933	916	894	888	887	926	906	904	938	927	924	903	897	919	929	901	902	919	931	879	899	880	904	924	920	929	902	917	915	929	932	900	1938.74939
868	947	894	918	927	918	923	906	914	927	921	926	887	910	907	962	911	939	965	933	923	926	920	918	877	941	910	885	897	901	915	910	907	914	932	896	905	926	917	928	925	910	927	937	901	891	928	913	899	923	892	899	923	925	871	876	893	937	891	914	922	936	898	904	931	923	894	893	870	900	930	904	893	927	954	896	912	934	897	899	932	912	922	922	896	913	896	905	939	901	925	917	926	909	922	929	1940.801904
885	914	917	946	907	926	925	961	908	905	899	914	906	858	891	918	924	931	927	921	917	879	903	889	912	948	888	883	883	916	901	915	900	927	927	922	896	932	921	930	905	917	906	924	928	904	906	913	916	917	913	916	895	906	913	889	854	931	943	912	896	925	912	913	930	883	913	892	914	886	899	901	916	915	893	907	904	914	944	912	890	895	920	900	915	894	920	918	910	894	930	875	899	908	868	927	1942.841982
898	922	938	923	954	883	951	912	941	887	934	915	864	874	916	924	956	943	942	904	960	896	901	902	912	916	919	921	888	889	897	891	912	946	916	931	926	916	929	920	895	903	902	911	943	910	919	898	866	899	912	928	913	918	928	921	892	931	916	927	884	896	935	930	887	909	919	902	877	901	879	923	938	897	909	920	879	919	933	906	906	944	935	921	908	912	893	909	940	907	948	914	940	928	931	909	1944.89294
910	931	928	934	919	906	932	941	912	919	935	946	903	893	877	942	937	940	920	904	928	910	898	922	968	921	912	915	898	916	956	936	917	912	930	910	938	921	938	897	949	916	934	923	922	895	917	918	904	929	906	925	895	901	892	922	940	951	886	953	914	899	902	929	910	894	918	902	891	922	926	913	924	903	916	906	922	886	928	907	859	911	925	931	925	905	901	934	910	911	915	926	923	892	915	928	1946.943119
895	937	944	927	907	890	917	951	944	914	949	918	901	875	905	952	971	907	943	925	947	907	907	881	930	895	911	933	923	913	912	924	919	894	902	927	942	928	953	918	881	913	918	948	916	931	946	925	922	900	916	902	922	913	932	898	907	915	917	920	933	897	923	941	905	923	919	881	883	924	928	932	905	883	941	890	948	919	897	916	918	921	931	937	908	915	920	918	919	904	927	886	948	890	905	908	1948.980878
915	931	927	951	921	918	917	927	943	929	923	936	918	881	893	933	951	936	943	958	951	926	880	937	924	943	911	910	928	934	897	902	909	956	923	961	965	960	937	911	938	919	952	939	944	937	900	936	933	904	925	912	912	949	896	898	886	925	928	886	909	923	912	930	964	884	930	932	912	948	929	931	938	889	906	893	910	917	888	926	887	899	914	923	908	911	889	910	932	911	913	929	908	930	916	926	1951.029504
923	919	913	936	885	926	934	943	964	932	937	939	941	894	909	927	956	918	924	919	953	916	897	902	939	955	921	894	906	890	926	958	904	930	932	923	907	930	914	950	894	944	922	928	906	918	949	936	889	921	896	924	919	920	912	894	928	924	922	927	930	940	932	889	929	919	931	916	932	907	930	913	954	898	922	924	921	923	916	916	920	938	933	900	930	901	948	918	943	896	925	913	902	922	936	956	1953.06572
922	888	936	946	919	897	946	943	904	949	953	933	916	919	906	952	921	941	935	936	912	896	931	906	915	913	911	946	910	927	896	912	917	924	914	929	926	975	933	923	917	914	895	948	915	908	924	924	917	901	894	939	895	943	913	931	909	927	910	901	914	905	899	928	911	906	947	886	929	935	929	919	908	923	961	939	914	929	902	937	878	900	906	920	883	902	940	951	912	930	921	883	933	917	909	931	1955.101167
907	916	908	916	930	935	905	917	937	902	927	913	929	916	922	938	931	967	916	929	938	915	906	918	922	916	950	921	926	902	918	912	899	925	915	940	950	928	927	914	916	917	896	895	927	915	957	911	954	908	953	913	938	953	933	921	908	918	907	922	916	898	914	904	943	917	906	908	914	921	906	943	893	902	913	873	925	926	946	926	924	933	921	905	907	953	901	920	916	896	935	950	912	942	903	941	1957.135846
931	928	959	924	886	933	949	922	872	917	929	914	904	904	937	887	954	938	920	921	904	897	923	938	930	957	935	916	920	919	936	913	918	955	962	923	935	924	964	911	943	935	930	936	908	880	930	944	893	920	921	921	939	927	928	918	932	942	940	944	900	880	942	935	951	883	902	909	909	932	890	950	909	910	910	939	922	915	896	895	896	942	949	944	903	898	882	933	935	901	929	933	920	942	897	942	1959.181378
926	922	915	907	923	941	934	923	955	924	937	923	896	948	884	926	983	917	937	914	973	929	898	914	918	910	936	911	905	918	889	947	925	945	924	958	941	924	907	917	903	926	941	924	933	922	924	907	915	905	911	909	920	910	911	891	942	954	912	920	925	930	896	917	920	931	895	910	885	901	954	956	903	914	910	935	917	899	902	908	918	911	897	916	921	961	916	913	930	928	920	903	894	922	930	935	1961.214517
915	915	925	907	965	923	899	945	948	925	913	956	939	896	930	929	918	956	901	927	933	901	892	927	874	903	898	901	911	922	916	928	928	927	928	905	943	903	916	910	916	939	918	921	918	927	917	927	928	919	885	926	899	901	943	917	920	927	922	939	914	910	908	915	915	919	927	885	914	901	906	942	935	930	917	897	911	874	906	883	928	902	894	919	919	907	896	897	945	904	897	902	920	934	931	894	1963.24689
907	909	935	902	936	941	945	949	921	938	931	911	901	904	901	951	937	942	948	908	943	911	921	912	935	908	902	898	923	923	922	919	875	945	906	896	905	930	947	907	918	938	919	945	935	927	908	911	912	932	904	903	896	926	937	898	926	901	922	932	915	910	916	933	912	885	902	890	897	906	907	947	925	943	892	942	905	5707	923	917	903	911	917	924	917	886	884	917	914	951	931	912	934	930	915	888	1965.278497
928	940	912	939	935	929	936	938	927	947	921	928	870	903	902	894	928	931	933	927	896	912	929	927	916	909	917	929	916	934	885	912	917	940	902	929	940	937	920	907	917	908	918	921	926	914	943	948	904	910	895	910	923	893	892	893	942	904	923	903	911	909	917	935	909	898	912	893	894	897	910	918	904	924	923	937	880	977	896	908	921	929	886	916	907	912	913	915	921	915	926	900	927	888	911	949	1967.297735
905	932	896	945	911	901	908	893	920	916	953	936	909	863	928	914	906	934	938	902	942	903	896	874	913	909	917	918	903	890	936	896	963	893	880	927	912	921	951	925	914	946	918	913	905	946	906	917	862	903	906	896	915	918	888	940	916	888	919	910	910	906	909	897	887	911	911	924	903	873	924	887	924	906	897	880	916	898	931	889	919	903	889	905	873	873	912	913	910	894	897	915	913	898	902	891	1969.327815
923	894	889	912	913	915	910	891	951	925	916	912	897	878	884	934	916	958	927	921	905	861	885	922	917	918	894	899	891	905	911	870	892	879	912	896	913	940	904	904	908	932	889	902	916	915	920	942	914	888	901	922	931	912	910	876	907	900	888	907	910	898	925	883	914	951	928	884	907	900	878	909	908	905	920	898	888	908	926	922	884	906	923	890	926	921	894	929	899	875	904	893	904	897	896	952	1971.357129
931	903	907	907	929	901	921	918	918	910	925	892	897	905	882	948	925	955	943	920	930	921	912	923	927	905	903	906	922	900	917	907	889	914	876	882	939	897	925	923	901	888	924	908	898	931	884	906	915	879	881	891	924	922	868	901	900	892	896	935	931	913	881	916	906	915	928	881	904	868	915	902	917	916	891	907	930	900	938	893	877	921	925	892	893	865	901	934	936	908	901	902	892	891	891	902	1973.385679
869	902	881	908	909	907	922	952	940	951	911	899	878	869	901	902	912	904	931	948	909	921	875	924	909	938	909	893	915	920	922	911	882	922	945	903	900	922	920	891	910	914	938	889	894	928	875	890	922	905	937	904	910	937	901	912	915	930	918	934	888	944	914	939	886	917	898	893	921	910	893	907	907	908	880	920	918	899	915	909	917	893	929	886	898	896	903	942	925	881	928	907	889	907	898	890	1975.40188
936	959	911	925	908	920	945	946	885	923	923	956	905	914	945	942	937	966	898	917	925	897	910	917	922	928	949	910	900	898	931	902	927	911	913	903	937	928	915	924	923	939	898	955	918	897	926	912	893	917	891	907	911	949	910	893	935	940	910	931	912	898	904	901	903	895	923	919	893	914	913	934	936	918	922	925	912	881	912	894	924	918	932	925	930	942	895	923	873	907	947	878	948	955	902	886	1977.428906
957	891	893	937	928	925	938	927	923	936	982	960	908	920	899	959	903	919	963	865	939	924	918	921	893	929	913	916	915	893	903	945	930	955	903	916	931	952	916	926	924	973	920	897	924	940	921	904	897	913	904	921	923	890	896	943	910	944	917	897	962	910	944	898	887	924	902	924	887	944	889	918	874	931	916	924	892	930	904	901	946	910	925	931	933	922	916	912	896	941	879	928	906	899	918	931	1979.443592
894	933	938	942	958	947	942	923	905	941	952	919	897	902	896	902	950	970	955	916	950	916	905	914	941	925	937	927	911	926	933	898	910	906	940	921	924	900	944	937	908	884	905	876	929	917	912	942	928	887	896	972	921	917	935	908	923	926	929	928	943	916	941	939	918	948	913	913	916	902	924	933	936	921	917	923	910	934	908	917	895	929	907	900	919	905	908	883	903	897	933	915	925	925	900	903	1981.469097
921	934	920	932	931	907	896	935	946	956	928	915	906	903	906	979	917	957	928	944	954	920	921	959	901	912	954	917	908	896	918	895	942	910	935	957	928	930	935	919	915	897	924	935	897	913	941	892	901	901	894	927	929	947	918	904	916	936	925	892	951	943	904	912	932	912	914	936	904	913	927	928	923	915	925	934	937	935	913	899	919	925	935	923	900	914	932	918	918	953	925	915	900	930	924	912	1983.482271
955	929	922	961	934	905	937	942	938	926	937	917	905	889	903	962	944	946	949	943	928	970	948	907	925	910	926	902	925	913	886	891	960	928	938	924	907	907	938	924	928	938	920	925	919	939	923	941	927	949	892	931	913	934	919	935	911	945	947	921	938	916	933	913	882	913	943	915	932	910	936	933	918	931	919	924	925	924	890	906	897	927	913	920	935	917	924	884	907	910	902	893	928	922	921	917	1985.494692
910	932	898	947	930	943	929	947	924	925	924	957	866	908	916	946	936	972	885	927	912	904	892	946	930	928	904	895	896	905	951	959	917	918	905	940	960	958	890	892	950	918	935	937	928	920	919	946	945	913	946	933	926	935	904	909	914	922	914	953	937	884	896	926	952	925	919	894	900	938	908	910	952	935	915	909	947	904	942	908	905	946	911	904	912	928	904	958	944	907	935	961	903	898	930	919	1987.517919
985	931	937	960	926	928	959	960	950	923	902	911	884	935	909	927	935	958	922	944	927	923	948	915	911	921	939	931	892	913	913	929	922	919	918	914	914	922	931	935	907	922	964	941	927	925	945	907	937	945	941	908	941	924	901	905	924	915	941	933	938	892	928	936	945	942	914	911	911	923	940	940	903	916	906	892	944	929	903	925	914	921	934	944	918	923	933	920	936	935	889	934	914	895	904	942	1989.52883
930	906	921	897	947	909	945	929	926	947	940	930	879	940	901	925	957	939	948	939	933	888	876	936	959	929	929	947	941	895	921	926	913	931	932	940	940	938	918	922	941	925	949	937	919	930	901	932	929	914	918	913	899	916	921	929	933	930	898	919	926	911	896	939	891	943	931	921	907	926	911	900	922	896	938	922	932	916	929	926	883	948	937	948	922	899	914	907	935	894	916	898	946	892	949	898	1991.538988
916	895	947	927	927	945	941	923	935	925	941	916	889	926	920	949	948	981	917	945	922	914	912	911	947	907	920	926	894	912	905	937	905	882	941	944	951	907	951	938	892	932	918	918	926	950	918	885	917	909	857	912	898	904	904	924	879	922	895	926	939	900	920	922	932	928	920	908	905	888	926	928	931	919	878	931	911	887	936	917	935	913	932	902	940	932	920	914	925	929	919	929	909	920	900	926	1993.548396
937	924	932	914	924	930	926	919	916	918	932	922	879	879	850	925	948	902	938	930	929	901	920	925	897	917	908	885	936	922	908	903	948	892	921	895	915	915	894	902	924	930	904	944	897	894	923	885	897	902	881	900	907	913	929	888	918	911	966	942	908	943	903	939	889	935	889	927	927	886	923	913	892	922	900	909	897	943	927	930	894	924	896	965	916	921	934	918	904	922	905	904	932	916	942	933	1995.557052
907	899	916	872	913	924	937	925	951	943	929	929	928	910	901	922	929	925	899	938	906	900	879	904	898	916	899	931	873	916	916	871	901	919	920	919	915	914	904	950	918	909	916	897	960	944	931	949	912	918	908	928	886	906	909	915	900	906	914	932	899	928	906	920	953	936	911	905	912	911	874	938	905	918	890	916	930	922	895	892	913	900	912	922	899	912	894	932	926	930	891	900	929	935	878	916	1997.564957
916	885	919	921	889	884	881	918	944	911	915	953	838	909	911	878	903	930	933	887	918	881	892	897	915	889	932	884	922	885	918	908	893	938	893	923	934	947	907	892	874	903	926	921	878	913	907	900	879	930	910	896	901	935	922	898	910	908	897	900	897	905	915	937	913	900	921	895	907	897	913	917	904	898	930	871	906	889	901	909	914	927	903	938	936	923	889	904	907	895	895	907	921	905	897	901	1999.560578
921	929	924	921	891	935	942	896	904	944	967	909	908	900	902	968	958	939	940	921	903	893	905	933	914	904	907	907	933	898	898	895	933	974	895	906	917	931	928	867	891	905	930	924	932	906	907	933	905	879	874	923	908	912	887	899	892	913	903	909	892	929	898	894	926	906	907	869	882	953	888	910	902	903	894	888	918	895	901	915	922	931	907	893	878	879	892	913	895	917	898	875	908	933	881	918	2001.566987
937	902	901	931	901	920	914	905	954	922	918	933	922	882	899	928	917	951	945	872	922	918	892	882	927	915	920	918	900	925	891	909	923	895	886	926	911	955	895	920	881	886	922	927	907	925	902	900	901	931	897	873	921	940	864	906	905	917	897	906	917	906	910	902	894	899	883	889	889	890	934	901	912	909	901	888	866	905	911	894	926	881	891	896	904	922	919	893	903	913	897	892	880	929	915	903	2003.572647
930	901	912	899	910	918	902	909	936	931	897	938	875	925	897	962	921	967	947	907	918	873	895	900	905	947	919	914	925	896	897	893	890	925	875	925	921	907	921	893	897	872	911	913	922	906	880	909	926	892	882	931	884	912	902	904	904	932	937	905	926	898	923	925	906	938	889	915	904	908	930	913	902	912	907	940	911	877	897	925	933	894	945	898	898	884	892	919	943	918	929	866	894	902	912	937	2005.566037
924	915	916	919	912	894	945	941	938	943	927	931	895	886	912	963	965	953	909	912	929	907	904	904	928	923	923	913	894	905	910	926	918	942	916	943	923	904	928	913	920	901	922	898	957	918	921	913	895	909	908	955	937	908	922	918	939	944	915	905	931	911	898	902	883	914	928	904	910	921	886	888	924	918	940	873	921	888	937	927	918	887	928	890	896	915	911	900	924	944	914	894	922	891	905	906	2007.570203
942	955	930	941	921	896	922	942	973	897	964	944	913	910	898	947	946	940	902	922	907	932	921	891	901	920	930	908	924	926	943	904	897	934	903	926	931	916	923	896	906	910	927	891	913	932	943	923	927	927	923	904	939	948	895	899	901	913	984	870	897	921	900	912	923	905	892	890	931	933	889	888	898	910	876	941	914	903	917	917	906	942	954	924	917	929	895	931	930	946	915	888	916	935	917	904	2009.562109
923	922	960	933	923	924	925	926	910	936	951	922	908	919	900	926	923	958	915	935	913	899	897	937	939	931	899	910	907	910	937	968	881	928	931	910	975	911	930	901	942	921	908	939	911	919	932	932	883	937	952	911	937	911	927	937	918	944	929	924	925	932	888	946	930	925	890	928	896	931	932	921	929	916	952	960	915	939	890	923	892	917	898	923	948	914	914	941	933	895	919	902	913	941	943	903	2011.564782
915	939	915	928	916	942	920	897	966	943	932	934	875	916	936	965	954	957	920	954	939	938	895	898	916	930	889	909	923	928	921	947	913	906	909	938	942	926	900	912	963	926	921	924	954	925	930	942	908	892	951	910	919	928	900	934	905	972	958	940	940	971	952	917	926	926	894	922	906	932	909	943	944	930	934	928	896	891	893	950	930	939	924	923	901	918	914	926	925	933	901	949	933	920	923	943	2013.555206
943	901	939	912	947	894	938	935	922	942	933	958	904	913	881	952	913	934	946	945	912	904	924	912	931	923	948	937	903	946	886	915	891	921	952	920	902	941	921	948	960	916	915	951	887	926	901	926	963	887	880	913	924	939	876	920	905	968	920	931	920	912	916	928	893	897	920	908	895	953	922	930	901	920	911	911	934	926	942	941	903	933	927	906	894	930	889	911	924	902	907	937	936	922	880	903	2015.544891
940	930	888	931	944	929	901	922	962	941	931	928	909	908	905	932	940	937	947	908	913	939	909	885	913	909	947	919	904	904	931	933	909	931	932	870	947	941	884	930	925	938	926	936	951	928	924	916	918	913	928	948	906	923	931	899	935	959	893	931	927	939	885	936	940	932	923	951	947	925	916	892	908	898	908	903	906	948	916	905	896	924	922	934	917	933	919	921	933	920	926	928	940	946	937	916	2017.545332
915	924	922	899	921	912	934	921	926	901	936	961	914	880	923	934	968	932	920	955	942	917	881	911	944	888	922	897	926	914	878	921	927	926	906	919	965	901	940	924	926	901	901	908	921	922	931	899	921	946	944	925	906	937	917	944	921	948	916	950	908	896	920	926	916	912	928	898	880	922	926	920	935	921	916	897	895	935	910	917	929	938	902	954	926	878	918	913	912	942	936	935	879	914	901	954	2019.533537
930	934	929	916	916	909	916	928	930	912	904	880	867	904	879	893	908	927	890	925	941	927	877	904	903	937	892	909	912	934	899	905	941	908	918	881	938	916	950	902	930	921	931	930	913	898	946	956	923	918	909	918	923	909	909	939	907	922	930	904	951	934	888	939	941	922	891	889	927	907	933	912	949	895	886	924	925	901	891	915	925	936	903	906	910	868	888	913	901	919	931	872	911	913	904	939	2021.521004
930	914	920	918	911	937	922	931	920	895	939	945	941	893	911	944	943	922	929	903	884	908	918	937	916	933	921	898	918	901	915	948	916	906	897	908	926	931	925	885	923	896	926	962	916	908	933	903	903	894	880	907	896	920	910	898	896	892	915	953	903	907	922	942	875	901	906	892	905	891	921	894	952	896	910	912	907	915	893	923	957	903	949	917	924	912	921	910	926	908	907	916	920	924	872	932	2023.507735
886	901	909	939	929	907	907	941	913	943	922	917	893	883	905	918	911	955	917	939	919	864	897	920	884	932	883	875	902	894	923	925	909	929	907	913	926	922	913	907	897	893	886	921	913	902	926	925	897	923	901	915	915	896	904	895	902	886	887	897	913	901	846	917	889	900	903	913	910	905	898	917	917	919	908	932	899	872	894	898	917	933	895	931	906	907	905	931	893	897	874	926	911	922	895	907	2025.493729
920	901	894	911	932	915	929	915	960	911	957	898	905	885	921	920	916	939	898	938	913	884	910	910	925	863	913	907	891	897	902	942	909	917	915	898	911	919	900	928	954	918	953	920	907	913	923	918	913	936	926	904	918	906	894	882	919	907	921	886	903	898	896	891	902	893	901	903	903	903	903	903	943	880	920	903	897	894	917	900	913	899	906	908	953	933	911	909	885	912	902	899	904	915	918	917	2027.478987
911	935	907	929	902	912	924	930	925	934	908	898	896	894	902	921	911	911	902	920	890	928	907	903	907	922	900	885	911	868	914	917	908	910	926	911	893	910	928	920	902	907	939	913	918	904	925	884	901	899	891	949	913	886	904	890	912	914	946	924	905	876	895	898	888	935	904	915	890	902	882	917	933	897	899	907	894	914	875	925	905	926	906	893	878	867	883	906	904	905	905	904	900	921	913	948	2029.452041
918	937	930	909	929	887	949	927	880	925	933	938	900	886	892	925	925	953	938	904	966	894	870	909	929	912	893	919	925	909	909	908	899	896	935	882	898	883	902	906	925	915	924	927	905	895	897	913	918	900	905	875	922	884	880	903	914	918	932	933	896	916	890	894	871	917	892	893	879	905	901	906	906	899	944	882	933	901	906	925	904	921	910	898	919	900	910	869	900	895	927	905	872	900	912	927	2031.435833
936	920	951	940	928	913	942	904	944	902	938	944	930	886	908	913	931	911	906	913	918	923	895	880	908	916	917	933	915	889	906	909	910	905	896	877	930	912	924	922	894	924	937	913	930	920	874	891	908	889	895	906	907	920	923	896	921	915	888	917	912	927	913	906	927	908	905	894	896	918	904	919	910	926	929	939	914	901	893	928	924	897	939	913	907	910	859	900	897	899	920	915	931	902	939	897	2033.418889
928	926	926	892	949	930	927	911	888	926	908	917	883	914	885	922	933	922	923	904	931	883	901	890	885	902	895	913	955	909	895	910	925	923	885	902	890	912	912	903	928	902	905	877	903	916	917	924	915	894	925	936	926	922	919	918	913	906	927	929	905	902	939	933	926	907	886	916	921	912	915	922	901	903	884	905	896	918	912	906	891	900	891	918	928	895	924	900	912	931	839	886	930	914	904	900	2035.389755
924	897	902	942	939	919	918	909	898	935	905	915	877	898	894	929	954	953	935	912	896	922	893	917	923	909	942	917	923	903	918	937	899	883	898	933	888	913	926	912	924	897	915	918	924	959	937	922	912	916	911	892	896	927	931	906	949	934	894	935	922	918	903	887	899	910	899	912	915	910	924	895	951	876	898	935	928	910	909	911	904	917	937	923	889	924	897	907	928	907	947	921	900	901	892	956	2037.371348
894	968	938	939	913	924	928	933	911	960	934	931	896	906	915	920	957	950	909	902	928	913	933	914	926	934	917	934	907	902	920	899	930	891	917	947	912	915	949	945	911	902	931	911	949	917	899	947	923	917	903	899	898	933	929	869	898	927	912	899	896	916	921	965	904	904	884	922	918	918	910	959	912	930	937	917	888	933	910	912	950	907	903	876	881	924	915	919	942	956	936	942	924	914	958	878	2039.340759
928	866	913	894	936	912	947	952	946	919	939	935	883	909	960	926	958	927	951	956	936	903	920	881	913	919	947	901	934	913	895	925	933	895	909	904	913	934	892	920	933	906	933	911	901	920	933	908	947	895	931	932	930	893	914	902	918	913	936	951	931	908	907	917	935	916	930	948	898	890	905	920	924	916	935	910	921	894	919	916	908	909	917	914	915	909	897	916	905	892	919	905	910	936	934	924	2041.320889
938	928	917	923	921	942	945	925	952	942	914	926	909	904	901	921	920	974	929	946	946	916	905	936	914	893	942	938	919	901	921	911	944	910	944	917	964	916	937	931	915	910	929	965	896	937	961	923	922	922	917	941	888	934	907	946	923	898	907	906	911	913	929	882	927	954	935	894	903	916	919	903	895	943	949	926	922	920	919	950	927	919	921	940	895	914	901	890	892	916	901	941	895	904	935	920	2043.288847
931	925	957	924	938	918	924	912	906	961	943	883	915	898	928	968	932	946	925	920	917	932	895	955	939	951	902	908	912	927	911	936	935	925	922	920	922	945	919	957	930	932	923	903	929	943	950	929	907	892	924	916	940	939	908	927	902	920	898	907	927	905	903	914	915	942	927	882	900	915	919	938	955	921	924	922	931	937	907	925	920	947	917	904	903	922	898	928	927	917	942	897	909	963	886	924	2045.256081
907	914	902	931	935	931	905	953	940	953	956	948	910	922	919	950	985	944	935	928	929	908	900	925	930	937	928	954	922	913	935	919	875	953	916	919	929	918	944	923	915	927	953	957	919	907	921	929	935	944	936	909	892	960	906	900	918	933	904	938	903	955	936	927	954	927	908	926	915	928	931	929	918	921	961	922	939	908	919	887	933	932	921	949	904	905	913	920	929	941	905	916	917	893	917	909	2047.234022
898	943	930	966	950	924	935	934	928	919	922	923	900	904	899	960	904	945	925	931	928	901	910	918	938	906	914	941	920	916	917	917	895	922	911	944	924	940	928	904	911	880	944	916	951	919	950	909	933	893	893	958	934	939	910	931	905	934	932	938	917	908	931	925	923	900	935	932	878	926	940	927	937	932	897	944	902	895	916	909	900	912	932	944	923	914	921	887	957	922	928	940	924	952	916	924	2049.199805
964	923	948	950	941	952	907	919	933	941	962	954	908	869	894	923	917	957	921	929	920	912	899	918	901	896	924	914	911	939	918	900	887	902	895	953	923	940	925	924	929	948	913	926	930	904	943	938	907	919	888	948	915	931	929	874	935	910	905	917	900	929	899	942	931	888	912	905	894	901	913	895	928	929	908	909	903	941	903	868	894	932	904	967	906	912	915	947	889	917	932	950	911	933	906	907	2051.164865
888	937	943	917	943	933	942	934	911	964	922	940	888	876	921	937	917	957	933	923	904	895	914	924	954	939	952	908	903	922	915	879	901	904	915	944	947	918	953	911	908	939	922	969	908	947	934	908	905	906	931	927	926	917	915	913	944	930	937	916	887	890	896	928	879	904	921	893	930	901	895	909	914	927	920	899	946	922	927	908	928	914	924	930	899	907	919	906	893	918	912	929	883	943	901	932	2053.129203
896	897	921	914	935	923	901	931	925	956	977	952	882	876	889	943	952	942	941	933	948	896	931	896	924	911	940	895	899	929	885	896	902	921	897	912	932	918	917	917	924	891	888	919	895	957	917	915	902	883	921	916	931	929	895	893	917	927	922	884	904	873	913	929	925	931	944	889	886	905	888	891	900	914	906	902	923	908	903	879	891	911	922	943	911	903	893	889	934	938	905	921	909	899	917	923	2055.092819
915	953	957	933	955	918	925	928	920	904	953	943	907	890	933	941	901	975	937	945	887	886	878	917	927	905	961	899	944	883	917	912	907	898	928	949	920	948	943	916	927	938	905	909	938	894	895	918	928	890	899	927	898	895	926	906	886	906	934	910	915	900	922	936	932	913	892	917	919	923	953	926	925	896	906	902	923	896	909	889	907	920	893	934	897	867	931	909	925	919	906	885	912	902	911	911	2057.055714
940	925	905	921	926	889	941	941	959	936	953	902	909	895	888	903	921	966	913	872	914	912	896	896	930	889	908	896	931	926	888	913	938	909	914	912	923	916	912	915	873	879	915	877	878	920	913	909	885	897	892	900	918	955	887	913	920	918	915	910	896	914	932	913	928	910	903	914	910	940	913	881	921	918	922	921	918	910	908	912	903	915	937	892	903	918	924	934	909	879	912	891	902	903	929	924	2059.006481
951	910	913	912	912	913	921	896	888	930	928	928	890	890	881	941	895	908	927	911	931	901	878	856	938	918	901	929	878	920	885	892	899	911	906	912	901	917	945	914	936	865	910	932	912	897	929	895	917	908	900	882	893	899	895	895	904	893	923	929	913	886	907	895	900	907	919	899	898	898	916	915	895	905	927	915	941	912	893	866	912	890	886	884	905	922	910	915	926	922	903	908	887	919	870	888	2060.967938
909	908	914	941	894	925	915	957	921	928	918	918	890	892	881	926	951	921	909	916	932	901	905	924	912	920	903	895	880	899	934	923	898	908	922	890	901	934	928	892	938	934	897	920	885	895	898	886	898	899	883	903	937	894	877	903	894	918	905	910	929	880	901	938	946	926	906	892	887	905	939	943	903	922	907	903	897	897	886	891	885	898	905	913	887	918	900	898	918	935	898	899	908	893	915	890	2062.928675
893	880	929	918	865	903	918	932	921	901	916	925	877	890	865	921	906	915	899	911	911	946	903	892	919	884	916	889	913	903	927	897	912	891	933	918	927	877	902	896	920	912	947	911	911	918	946	906	896	930	897	892	897	922	884	911	877	917	950	896	900	895	895	909	920	929	898	893	873	901	911	882	886	881	908	913	936	927	899	916	882	887	889	889	904	905	903	914	881	894	872	891	927	889	893	922	2064.877298
935	901	928	924	894	932	916	918	932	918	897	932	866	924	881	893	950	929	935	916	913	904	888	876	909	924	927	900	890	872	907	896	900	912	896	886	894	899	930	863	882	943	918	904	870	884	875	900	917	903	883	923	875	886	883	917	867	865	884	861	885	894	906	896	919	905	873	911	896	918	921	899	879	939	904	911	896	897	905	892	900	950	906	879	890	911	936	901	901	900	905	905	878	880	896	921	2066.836599
905	928	908	917	907	940	940	914	884	899	938	923	887	883	891	918	907	936	914	934	929	890	903	901	897	930	945	875	908	905	896	909	896	925	911	918	898	936	953	898	914	904	924	923	934	926	880	927	906	899	920	903	908	921	926	898	911	903	895	913	909	911	890	910	912	933	901	902	889	907	901	904	927	906	904	921	877	907	900	926	919	886	903	931	888	899	858	943	909	900	880	894	892	864	893	922	2068.783796
883	921	926	891	910	907	916	928	897	897	939	931	908	906	901	912	911	928	925	899	918	894	914	902	937	940	909	907	920	896	906	928	941	922	939	913	920	943	899	918	913	941	883	911	933	918	952	890	895	901	906	916	914	924	905	916	879	943	944	926	873	900	881	928	895	929	908	918	896	896	875	911	922	926	906	941	900	906	916	910	930	975	890	875	883	923	874	906	916	915	927	906	882	873	908	882	2070.741663
915	920	926	890	940	901	910	899	929	954	932	911	946	910	882	966	930	943	916	938	939	912	945	898	922	912	917	908	878	912	954	866	924	932	911	913	896	917	913	920	939	899	921	903	928	917	908	917	905	921	925	888	906	922	883	898	912	906	936	914	907	917	889	896	948	943	920	905	888	883	893	900	932	901	910	932	942	921	899	904	920	915	905	909	888	859	934	919	929	884	904	916	916	926	919	907	2072.687435
908	895	935	901	932	904	914	930	898	901	944	921	889	912	870	906	953	897	920	915	908	896	913	928	915	904	891	903	925	919	941	915	924	874	878	900	917	890	946	926	930	916	946	923	902	923	920	908	863	883	889	931	895	918	884	918	917	929	923	895	921	904	918	915	933	931	894	908	925	928	888	910	927	921	931	897	897	915	888	918	890	915	921	921	898	911	914	934	905	915	937	898	933	919	907	876	2074.632498
915	920	906	941	945	930	940	923	909	931	920	912	949	879	915	944	959	953	914	942	925	908	931	923	906	883	937	929	881	926	920	928	882	933	904	931	920	928	923	923	918	930	922	953	911	915	912	931	937	942	928	925	923	941	941	908	913	914	914	925	903	887	903	939	915	913	913	903	919	916	930	914	913	884	936	893	894	918	928	904	905	916	904	918	878	901	889	928	934	902	904	896	905	928	903	902	2076.58822
896	915	926	887	931	901	918	913	911	908	918	955	898	915	905	910	939	924	915	940	908	907	884	943	933	929	965	904	936	941	927	875	934	904	888	913	930	921	927	922	915	898	939	916	950	914	906	914	910	899	900	920	938	913	905	887	932	938	917	893	907	928	885	909	890	918	907	894	910	917	917	921	934	921	908	924	909	899	894	920	902	905	926	923	889	932	904	918	918	882	912	923	945	869	906	951	2078.53186
938	930	925	919	945	906	910	958	939	959	923	933	875	887	901	944	961	920	927	906	898	908	903	895	869	918	918	925	944	921	923	915	939	917	924	918	912	924	925	913	949	882	908	925	932	931	914	890	915	889	906	954	937	953	899	908	922	938	875	901	928	894	920	926	924	905	908	897	884	893	929	914	919	902	904	920	909	925	918	930	942	923	923	901	924	894	906	920	913	896	904	904	917	926	939	921	2080.474792
906	903	955	895	903	949	917	926	899	932	919	930	926	891	883	929	908	938	902	918	904	917	911	908	900	899	893	937	951	912	919	899	926	891	887	911	947	918	919	934	907	897	900	937	915	927	905	922	883	909	925	891	921	895	897	918	912	910	894	886	922	910	905	919	908	908	909	906	922	884	918	877	964	899	911	919	922	899	891	919	908	909	918	911	903	927	885	928	888	921	927	926	912	904	915	906	2082.417016
904	932	937	899	951	911	918	928	921	938	918	897	903	902	929	920	933	903	932	914	887	915	900	849	904	937	940	926	909	910	905	934	877	906	914	949	929	927	875	907	930	925	947	905	903	930	929	911	892	901	935	912	917	908	906	895	905	917	919	921	899	894	875	929	907	908	890	945	912	894	891	902	904	905	910	915	892	911	889	901	906	917	904	877	914	900	908	924	884	906	906	918	903	917	936	909	2084.358532
892	895	908	915	941	901	944	892	907	879	899	922	901	901	924	934	925	929	906	923	886	913	904	901	949	877	923	921	897	895	929	891	903	914	922	895	916	876	937	895	928	908	900	929	886	913	942	922	922	902	890	896	898	909	924	908	876	910	939	911	910	915	863	915	936	920	900	915	900	934	892	867	919	869	910	912	912	880	881	880	877	911	934	900	891	927	921	916	895	890	894	903	899	933	942	944	2086.29934
879	902	904	893	915	917	884	892	940	897	907	920	903	888	871	941	928	928	924	919	883	918	907	896	922	875	895	897	908	879	902	928	910	918	930	889	907	932	902	890	889	898	902	922	905	904	886	907	930	893	915	916	883	883	918	903	906	892	880	898	866	909	900	902	901	877	888	906	923	860	947	911	920	879	912	906	883	905	893	868	885	871	897	893	900	900	904	917	902	894	885	899	907	914	879	893	2088.228098
915	908	903	924	901	906	937	946	927	925	900	903	899	884	880	915	911	912	908	890	905	885	910	866	882	893	897	903	912	931	909	874	906	902	906	896	890	918	912	894	890	909	912	891	895	907	876	881	881	895	898	877	899	889	866	859	869	892	920	929	918	884	908	917	865	906	915	901	880	886	905	884	863	870	921	919	923	878	904	887	886	921	864	912	880	885	904	915	931	881	919	899	896	897	942	866	2090.167498
917	913	888	905	913	925	911	876	904	923	880	924	900	893	893	917	922	900	906	935	928	894	914	877	888	877	920	939	891	901	923	910	924	894	875	913	913	958	918	897	893	893	909	908	914	918	913	913	906	894	905	893	906	916	871	899	880	879	925	913	905	913	886	867	887	929	903	929	933	905	905	866	911	913	934	914	894	917	906	902	883	917	916	873	885	888	898	914	888	907	905	874	913	919	906	906	2092.106191
861	896	918	919	914	882	910	908	941	892	897	923	895	870	896	942	903	902	925	917	922	888	899	870	914	903	911	893	866	898	915	885	883	932	926	881	880	926	906	894	898	907	896	921	908	899	913	897	914	908	896	910	903	892	890	878	905	918	907	908	887	900	898	871	928	887	866	901	875	915	907	897	886	872	867	914	892	889	922	892	895	890	902	899	879	890	891	920	906	886	883	887	904	897	890	896	2094.044178
888	926	909	893	931	893	913	922	911	931	929	893	922	907	891	883	898	918	894	918	901	933	898	923	881	864	880	883	919	879	890	944	919	891	906	913	908	913	917	884	917	872	888	917	920	928	888	878	903	907	903	884	879	915	921	885	896	895	911	936	896	904	885	910	875	881	909	940	899	900	908	902	886	919	920	886	883	899	916	914	865	874	883	915	912	893	868	896	895	916	899	916	885	907	905	882	2095.970133
922	908	926	891	930	900	893	927	916	924	911	886	867	911	898	920	938	943	914	900	907	882	908	884	908	899	925	909	885	886	885	888	915	901	893	906	940	923	922	899	901	932	893	863	889	874	922	924	917	936	903	909	887	895	881	912	880	910	919	897	913	872	880	910	894	903	878	886	917	875	904	856	905	905	878	891	910	904	918	877	886	882	896	923	904	878	904	894	904	916	856	884	872	864	906	890	2097.906714
869	886	932	875	900	913	907	885	905	878	926	906	873	887	901	905	927	916	885	896	884	875	903	901	882	877	897	902	919	877	901	906	872	917	883	874	895	904	887	906	883	914	910	891	909	900	864	912	910	888	901	895	875	911	894	908	907	902	916	903	884	921	900	893	911	909	892	896	883	898	881	910	886	905	926	891	877	888	879	897	891	893	901	929	896	907	856	893	888	908	910	894	904	915	909	885	2099.831272
897	886	874	895	964	893	898	948	915	892	931	919	882	908	896	927	903	927	926	930	911	921	890	898	910	889	906	901	884	915	898	878	905	909	899	885	906	913	889	927	890	918	902	914	914	933	884	924	895	890	894	880	920	918	876	895	887	899	885	906	901	893	902	903	883	902	909	915	861	886	902	888	896	900	888	902	906	903	897	893	873	912	908	899	903	919	873	892	880	886	864	896	918	897	870	925	2101.755133
909	899	903	911	900	913	911	891	941	908	879	901	900	861	871	912	904	914	894	897	890	909	919	907	873	910	919	901	916	883	910	903	879	917	890	889	882	903	889	912	913	925	912	886	909	915	931	920	914	861	882	908	902	920	887	903	884	923	946	905	899	939	891	897	899	887	921	902	886	931	914	889	901	916	876	893	890	878	902	880	927	931	907	900	888	837	881	884	888	908	889	869	864	913	883	902	2103.68961
925	901	893	916	903	910	933	886	904	920	935	930	887	873	885	936	932	936	938	904	896	905	878	921	908	899	895	899	874	905	912	897	918	912	915	910	929	891	906	895	901	921	914	882	901	887	920	917	920	875	908	902	938	878	905	897	900	908	924	910	873	919	902	913	897	892	906	860	891	905	913	906	884	896	886	896	869	896	925	890	926	891	894	929	903	904	893	925	916	902	904	937	862	913	906	918	2105.612077
925	903	881	884	883	923	926	911	903	924	926	920	872	928	896	915	925	916	907	933	927	914	894	896	916	933	885	916	920	903	851	893	930	929	915	914	905	938	903	930	884	904	882	919	888	893	891	899	901	906	864	902	875	894	890	897	893	912	907	891	929	886	877	908	893	934	873	887	903	916	861	907	930	890	872	905	874	931	875	910	862	888	922	909	858	893	885	900	891	916	924	887	897	910	894	920	2107.533848
943	934	902	903	921	892	934	910	910	897	895	929	886	901	896	929	929	936	913	893	936	893	900	912	913	895	921	880	893	917	889	946	918	932	925	871	893	948	887	910	931	861	934	898	935	923	934	907	860	887	876	881	901	907	869	891	858	909	939	906	896	888	879	895	907	875	916	909	904	910	927	892	951	887	903	901	916	912	899	901	902	913	922	889	933	907	883	931	909	890	906	875	880	900	921	900	2109.454925
925	910	936	882	922	891	916	928	898	946	924	959	907	888	920	931	907	957	912	915	924	894	905	900	908	894	938	896	938	894	912	896	872	880	902	907	944	909	899	905	913	896	926	909	909	926	880	886	921	893	890	871	888	915	897	898	890	901	900	896	889	892	874	869	891	938	913	873	905	897	883	895	928	928	883	910	902	913	878	881	884	888	929	909	933	913	901	898	934	914	906	917	872	916	890	899	2111.375308
906	954	920	901	912	927	914	915	928	938	945	923	905	862	862	924	929	918	906	910	948	914	895	895	917	912	896	913	909	917	931	893	885	901	892	900	906	903	924	929	887	896	908	903	920	912	919	910	908	937	907	895	909	918	931	910	911	918	905	922	921	869	923	919	940	888	893	902	926	897	897	915	912	909	906	904	898	919	905	902	900	911	885	909	919	907	894	919	897	931	910	890	868	924	920	883	2113.294997
905	919	906	903	882	882	915	884	908	950	917	900	906	910	908	939	924	923	932	906	907	904	909	944	896	889	892	888	909	923	877	897	902	896	911	915	903	919	907	924	896	902	911	903	919	884	882	896	913	918	933	872	897	916	928	892	908	920	933	890	898	902	895	891	882	939	910	927	895	928	930	882	917	917	909	889	918	900	903	887	910	876	910	906	859	902	878	874	895	922	907	922	878	876	888	869	2115.213993
892	901	903	915	885	902	909	917	871	924	919	904	882	893	899	931	950	938	896	912	915	923	928	889	911	913	879	901	896	900	894	922	859	924	927	898	886	910	941	909	883	905	892	905	910	910	907	888	884	899	852	910	902	881	886	928	890	912	901	913	880	874	901	891	930	922	884	906	908	878	904	901	875	907	905	887	902	859	863	888	913	884	922	933	904	925	906	892	913	906	891	917	884	887	879	890	2117.132296
886	912	939	907	903	895	912	925	932	936	908	911	894	894	908	901	913	896	885	896	887	896	915	884	898	900	871	874	899	877	897	899	891	917	920	907	895	889	892	890	886	886	935	907	896	909	926	905	898	920	912	923	891	904	893	871	887	902	894	863	864	881	892	946	882	867	869	905	856	908	897	856	883	895	903	888	911	883	872	884	892	925	893	901	902	888	856	904	882	909	878	924	888	869	909	913	2119.049906
890	914	925	925	881	918	895	895	878	889	910	905	875	863	881	916	928	897	885	898	908	866	874	863	923	873	882	896	899	907	914	896	921	911	894	910	900	934	930	906	904	881	898	894	911	878	911	869	877	904	896	936	892	891	865	908	905	876	856	917	916	900	860	882	878	892	920	908	900	898	907	879	900	887	885	907	887	898	908	879	855	871	907	903	900	912	891	874	876	877	893	905	914	907	873	887	2120.95555
896	893	912	902	894	928	894	918	906	912	900	898	893	885	856	904	904	890	919	874	894	880	900	901	877	875	862	857	866	910	893	887	875	872	895	878	896	877	900	930	900	898	896	896	894	891	886	901	891	875	883	864	861	904	897	895	891	874	885	874	860	892	881	864	923	903	882	903	889	893	885	905	889	874	916	865	915	858	916	867	865	884	901	870	905	876	880	863	892	878	911	896	901	887	888	912	2122.87178
906	910	882	859	891	911	905	873	901	889	900	926	889	839	879	949	909	894	899	903	885	895	864	912	914	903	864	889	913	873	901	902	912	859	888	861	883	885	866	896	906	891	911	875	912	869	880	881	909	884	894	915	911	900	867	884	895	870	865	913	864	873	907	916	889	889	902	859	860	905	892	879	904	873	862	849	883	890	856	875	850	887	895	884	902	863	883	879	919	887	879	888	879	890	895	923	2124.776052
920	887	887	885	889	889	894	902	904	897	892	881	876	885	877	883	888	873	892	882	893	890	871	875	915	894	876	855	883	849	866	844	905	874	865	894	891	903	887	843	859	898	895	887	885	868	868	899	883	893	874	913	881	894	872	841	873	873	872	884	861	910	902	892	891	890	869	877	879	876	871	871	873	919	875	854	873	869	878	858	895	876	889	883	860	891	868	902	872	861	889	834	881	865	873	871	2126.690904
879	895	897	867	897	871	903	868	908	881	879	911	849	847	887	921	883	909	865	875	879	877	871	841	878	860	855	892	862	879	888	885	871	883	906	882	859	916	872	875	899	885	881	914	885	878	866	879	875	875	873	879	870	883	875	878	893	885	884	890	898	865	855	873	890	877	868	892	870	906	889	882	858	861	874	871	873	856	860	883	897	853	886	893	876	863	891	863	857	889	864	903	889	864	892	888	2128.593806
898	897	894	894	875	864	869	909	857	880	900	840	861	868	878	895	859	873	892	857	902	881	886	890	869	886	894	918	934	890	845	854	859	864	864	870	894	902	883	882	897	881	866	852	865	888	893	876	862	872	843	894	876	887	864	876	875	878	916	869	874	856	878	889	860	886	891	871	855	883	856	870	855	855	874	875	885	884	866	909	856	882	886	829	879	886	853	850	895	863	866	874	878	850	857	880	2130.507281
864	888	881	848	877	861	920	876	890	886	878	863	851	875	851	895	890	896	875	877	908	886	854	881	890	885	860	884	854	903	881	892	868	868	870	882	890	898	877	886	885	846	879	877	910	916	871	862	852	862	889	838	903	883	898	859	881	868	876	873	856	856	880	882	864	877	883	864	862	909	888	888	892	878	877	865	872	895	889	888	861	874	862	876	895	887	883	884	904	850	875	890	838	873	906	888	2132.408815
847	897	906	856	906	877	914	925	861	917	896	871	855	861	854	875	864	910	907	885	893	881	863	888	871	856	890	902	864	861	897	901	868	867	894	900	869	894	881	874	891	883	882	870	898	887	873	864	872	870	879	889	867	851	853	852	885	900	891	884	871	876	901	886	846	849	901	872	858	888	904	870	861	874	870	879	889	881	856	856	862	884	846	901	850	871	887	860	908	870	883	886	867	885	861	864	2134.309668
875	859	907	915	888	875	875	904	882	911	878	921	872	870	887	912	877	880	883	911	891	880	858	887	892	901	854	868	880	889	899	892	872	881	895	898	874	890	868	898	875	906	890	878	880	866	881	878	866	865	908	882	862	871	878	867	886	869	899	867	878	866	894	868	873	865	883	880	881	828	888	851	890	897	888	933	888	912	884	846	868	858	853	911	892	874	835	887	892	900	886	892	864	882	888	890	2136.20984
896	881	910	886	903	906	886	880	884	908	853	868	899	865	859	939	932	898	871	883	895	890	881	876	891	860	881	903	900	888	862	897	912	882	864	884	899	896	878	884	897	860	908	891	917	881	858	902	882	918	884	873	890	849	855	877	827	889	895	913	861	883	854	866	888	860	852	879	856	912	860	904	868	911	898	870	891	878	878	905	896	887	893	914	881	869	882	880	882	875	898	883	884	851	866	858	2138.120569
871	916	903	889	889	858	925	893	905	870	925	898	872	853	864	889	899	905	903	896	880	860	863	877	902	889	896	869	878	882	868	840	868	868	910	877	896	895	893	879	866	883	868	860	859	882	875	895	916	870	883	877	885	880	872	872	864	886	894	901	880	889	855	880	872	874	882	874	855	903	871	870	900	893	878	875	880	895	892	854	869	894	850	893	900	896	871	860	891	882	872	887	837	881	863	881	2140.019375
887	897	914	923	851	882	931	912	887	899	904	866	896	879	862	884	928	904	889	913	883	881	878	856	906	932	876	892	860	856	914	889	903	892	886	899	907	883	906	891	895	853	884	892	902	918	946	837	889	864	911	886	885	875	889	882	887	898	900	887	919	864	875	865	877	879	870	878	887	859	893	874	882	874	870	876	890	869	863	853	878	893	883	882	892	864	884	895	881	873	847	868	905	873	884	903	2141.917501
878	880	897	863	890	889	842	882	899	880	910	886	873	883	850	916	907	907	903	887	883	912	869	870	877	890	876	889	873	850	871	890	881	878	864	892	893	892	895	865	893	894	880	881	890	866	883	906	880	880	888	874	880	864	876	872	876	902	921	893	873	886	869	860	853	872	875	882	876	907	891	876	855	899	881	898	873	889	850	872	873	876	874	852	867	889	852	874	891	873	872	883	893	868	873	899	2143.803722
864	900	886	882	895	867	883	888	901	898	886	892	865	852	853	891	910	896	875	897	890	867	905	873	870	914	888	905	874	892	876	905	912	870	887	877	893	889	894	889	857	900	874	881	875	896	894	891	897	878	876	912	914	838	917	878	889	875	905	890	864	868	873	888	884	921	899	871	900	891	893	895	886	895	882	865	874	875	883	891	879	877	887	892	882	842	854	901	915	912	886	858	910	874	885	880	2145.700494
881	879	898	868	881	882	872	873	868	929	885	921	864	879	868	891	912	911	853	883	904	897	869	880	902	855	910	878	872	870	897	897	883	877	855	881	889	864	902	909	852	865	913	903	880	880	903	872	872	848	878	902	873	880	835	848	882	919	889	909	861	864	902	873	873	892	850	857	908	866	867	897	907	831	871	862	887	883	870	899	853	903	875	886	884	880	878	902	866	894	852	848	867	887	886	910	2147.596586
894	856	890	890	895	894	895	903	891	879	873	894	876	860	852	908	900	866	886	888	887	873	879	868	871	844	866	870	869	876	843	895	894	921	886	887	895	885	895	892	861	886	903	890	898	893	917	875	886	897	889	894	908	871	903	865	858	876	875	881	891	869	843	862	870	887	842	905	868	899	877	897	896	856	878	865	869	898	870	854	853	881	872	851	883	863	865	855	871	870	888	879	874	851	889	847	2149.491999
879	885	893	866	912	854	860	923	885	881	885	876	851	858	848	886	889	887	888	868	910	867	886	876	898	856	887	870	882	863	878	841	869	859	873	875	905	890	876	907	881	907	873	870	892	874	883	870	851	836	866	879	896	879	855	847	844	898	877	872	877	848	890	848	879	869	874	877	858	880	886	851	837	861	876	848	856	904	899	866	892	870	862	883	868	856	837	883	848	884	856	883	867	878	891	883	2151.375525
858	854	862	921	896	889	881	869	905	880	886	913	871	868	872	890	901	887	851	856	894	882	851	885	899	851	850	880	879	861	850	897	852	874	866	890	858	901	895	852	862	873	867	877	866	881	909	869	914	837	856	857	872	868	888	863	862	910	881	843	876	863	872	864	865	855	846	872	863	891	866	841	851	867	877	881	859	867	854	879	889	873	893	874	846	861	870	871	891	881	888	871	869	878	888	899	2153.269586
895	878	867	875	887	866	862	889	864	876	881	864	873	864	862	886	899	912	875	853	846	893	844	878	848	876	878	866	911	843	872	860	860	901	861	861	846	862	854	863	857	914	877	872	883	892	856	908	886	880	853	883	871	863	834	854	844	888	867	871	860	836	879	891	875	855	861	877	851	840	851	869	865	845	865	837	896	867	866	870	858	884	847	840	842	866	858	870	855	910	868	858	857	891	869	865	2155.16297
871	900	906	865	851	903	894	907	859	872	867	825	849	871	823	875	850	907	878	876	861	868	860	832	860	865	840	881	867	879	846	858	881	849	884	898	871	890	894	839	882	832	886	851	889	886	855	859	890	828	837	867	870	871	920	866	873	845	857	821	869	873	864	862	859	887	888	856	889	884	825	877	880	856	848	886	856	875	837	841	856	867	893	874	828	852	862	850	830	864	859	886	880	867	864	853	2157.044479
857	906	882	878	873	854	867	847	877	875	830	850	831	819	864	887	869	859	864	862	855	896	848	853	861	864	872	844	859	870	859	878	863	853	852	876	893	898	861	850	879	867	887	859	904	874	903	862	894	858	852	860	877	858	857	850	837	859	887	873	855	828	856	870	878	879	872	861	835	852	843	864	870	862	858	868	831	851	859	854	849	839	868	850	874	845	872	852	851	841	828	840	840	847	856	864	2158.92532
860	861	875	877	885	869	841	892	856	878	894	873	831	864	842	881	879	893	859	852	903	842	873	870	866	869	869	869	894	849	878	835	856	891	884	863	883	864	867	852	873	871	886	840	879	885	898	885	862	823	860	873	837	861	842	859	859	869	874	851	871	867	828	845	852	869	872	856	852	861	867	867	891	844	820	847	879	851	864	872	872	861	871	847	868	864	835	863	855	856	872	859	865	858	871	884	2160.816681
877	877	906	862	863	872	864	839	856	864	886	865	851	839	843	862	860	861	858	862	870	862	875	843	872	853	886	849	850	849	848	864	852	855	832	855	866	885	879	856	882	836	875	860	871	848	859	872	854	822	911	868	849	847	881	857	840	857	892	859	841	841	863	851	891	850	857	861	826	819	861	884	857	833	831	865	843	844	845	860	868	876	879	855	838	868	843	882	877	870	865	825	862	863	857	849	2162.696181
872	890	849	895	881	856	860	862	865	850	862	878	854	849	857	881	898	844	833	855	885	833	865	858	878	889	853	852	860	864	798	850	882	904	858	875	854	851	873	849	850	860	883	863	897	857	862	893	862	866	852	861	872	863	866	885	841	872	898	868	831	866	831	836	883	828	865	857	891	851	850	855	874	838	862	842	835	874	843	857	868	856	849	844	870	848	886	825	821	861	853	893	844	877	874	894	2164.575013
820	849	846	853	878	887	860	854	874	875	878	901	828	867	832	892	871	874	880	876	848	842	867	884	883	890	880	837	851	839	849	877	832	879	864	880	863	861	863	845	861	862	864	858	861	876	868	870	848	867	826	871	839	857	855	873	840	883	872	860	841	866	853	875	875	863	833	857	822	836	862	825	856	837	834	852	839	861	869	838	833	836	875	899	855	850	860	857	841	853	835	825	859	884	862	843	2166.453177
848	879	914	863	851	870	871	871	861	865	889	869	878	879	852	894	884	895	862	890	885	867	851	865	845	859	875	842	853	888	864	867	864	866	869	845	873	887	839	852	848	886	855	831	852	867	841	850	872	858	870	849	869	875	873	877	867	895	852	834	844	842	853	859	864	853	822	839	823	849	822	837	863	878	850	861	880	851	831	847	868	864	889	835	850	859	820	849	866	881	858	853	862	848	852	879	2168.330675
876	863	869	869	894	879	870	903	921	874	889	818	849	840	871	874	886	887	873	846	835	848	846	839	848	839	852	885	850	848	825	885	843	877	854	851	883	873	841	858	855	872	863	866	827	852	881	859	848	875	852	837	838	863	849	838	868	878	860	881	863	872	843	854	871	873	871	832	839	847	820	869	862	852	861	875	843	862	884	853	887	863	855	880	847	884	823	876	856	878	849	851	862	852	872	880	2170.207505
866	850	884	850	830	873	861	868	862	868	891	874	866	831	854	909	855	869	884	856	863	851	874	877	885	853	867	843	859	875	855	880	834	853	824	875	876	855	870	880	868	860	893	867	885	858	858	847	859	841	851	880	880	846	847	860	854	900	881	880	865	855	820	823	835	860	852	838	847	858	841	883	885	848	892	857	886	845	856	839	829	888	853	898	873	828	866	827	829	856	840	861	876	880	845	868	2172.08367
886	884	854	889	880	864	889	905	869	859	859	869	819	870	840	880	882	850	860	852	891	855	859	850	877	878	862	850	857	861	849	875	872	861	892	827	887	930	868	867	855	873	866	874	867	872	875	871	858	866	846	850	874	883	857	878	861	881	875	883	852	865	881	819	870	897	878	833	841	843	846	853	898	851	852	868	861	857	849	870	858	847	871	879	840	866	841	876	827	831	863	886	911	862	888	860	2173.959168
856	882	859	879	868	877	858	876	868	872	896	864	859	818	841	891	873	849	909	894	859	861	849	885	851	881	870	848	865	848	865	903	860	841	846	882	865	883	853	847	868	863	854	865	855	873	856	865	846	831	861	860	881	870	842	850	872	869	897	867	873	854	856	842	853	873	848	866	842	835	860	871	866	844	833	879	864	866	849	865	862	824	867	831	858	863	873	868	891	849	860	873	876	873	888	835	2175.834001
889	869	874	868	886	875	879	867	860	881	841	879	844	839	843	898	864	880	867	886	865	870	880	857	881	868	861	857	872	870	844	834	881	850	871	870	862	844	898	851	856	870	866	866	845	864	878	859	868	857	855	876	857	848	871	857	870	871	851	873	862	865	823	861	863	855	848	841	852	858	849	863	834	872	869	890	840	841	839	850	861	841	834	890	871	842	855	863	835	842	842	843	858	853	857	860	2177.708168
858	875	858	853	860	868	857	880	864	876	861	857	849	850	850	853	885	883	871	884	868	888	867	845	861	883	834	832	854	877	866	862	855	869	862	850	864	862	851	846	872	868	864	873	845	842	843	866	868	864	868	843	888	866	887	882	864	877	863	870	847	867	894	854	858	852	839	873	864	868	859	855	886	840	855	898	877	849	864	832	859	883	844	881	858	852	873	834	873	863	875	852	848	864	861	870	2179.570521
844	873	867	854	825	849	887	873	851	861	887	871	839	849	856	862	864	860	871	879	841	856	840	849	837	873	827	839	856	865	848	868	879	867	847	863	894	875	867	866	843	825	854	847	875	845	835	822	856	860	870	866	883	847	887	856	814	873	845	867	852	826	825	868	861	866	864	849	823	875	858	870	857	844	862	827	864	866	812	851	854	821	864	853	861	850	853	857	837	833	810	849	878	839	842	856	2181.443363
875	881	858	860	842	862	874	889	869	860	874	885	898	847	845	883	859	849	858	874	837	858	855	893	845	855	873	830	857	854	861	858	850	835	868	848	831	872	859	896	857	865	836	890	859	855	865	868	856	872	892	833	862	859	844	856	845	869	877	855	850	841	877	865	859	850	882	812	847	862	853	883	860	844	897	846	861	842	808	857	839	852	876	853	862	855	833	851	872	864	882	865	856	860	855	859	2183.31554
851	862	865	861	830	855	867	877	869	860	853	881	825	842	846	843	857	850	884	850	857	851	864	857	857	863	863	884	834	867	878	842	874	856	823	837	857	869	860	814	870	847	879	867	857	867	843	860	855	834	855	882	836	833	857	860	849	868	859	858	866	817	836	848	837	833	841	869	856	857	866	840	846	845	848	850	860	862	850	830	845	859	832	830	828	860	872	856	865	846	851	861	860	884	837	884	2185.175916
849	856	872	880	829	827	854	846	857	860	831	858	832	837	841	843	861	863	816	860	866	852	845	842	861	849	877	813	830	840	873	879	836	879	849	875	841	847	819	876	860	849	845	855	845	856	829	841	825	840	843	850	820	871	841	849	821	820	864	865	843	820	853	883	876	849	846	837	837	864	841	814	822	873	839	826	849	867	839	836	850	850	845	846	873	862	856	840	831	852	835	844	832	829	840	840	2187.04677
815	828	850	844	843	884	835	863	861	840	843	829	816	806	847	896	857	860	814	853	854	830	851	846	849	850	826	848	846	874	871	836	846	827	825	822	853	850	857	805	835	831	843	854	821	824	849	826	816	810	829	842	830	839	827	821	835	844	856	848	809	826	842	818	848	848	834	824	811	847	844	837	835	823	857	819	850	836	852	831	845	839	851	843	836	861	840	827	806	836	853	839	828	843	835	876	2188.905831
819	797	840	832	843	825	851	852	862	866	837	846	839	829	816	847	826	850	863	838	832	850	829	851	877	868	850	854	836	829	844	858	850	845	835	836	812	855	832	829	839	831	841	861	837	866	852	812	840	836	820	829	834	824	843	879	814	851	836	816	845	838	841	825	817	854	809	831	832	877	831	854	829	836	837	829	853	811	833	831	847	854	833	860	835	815	820	831	847	846	858	842	851	813	832	864	2190.764237
846	837	853	862	842	821	835	839	860	849	854	836	785	838	829	851	844	830	866	820	842	801	840	851	818	830	836	830	828	852	833	823	835	845	854	827	831	845	838	830	840	833	856	857	846	842	854	808	827	863	839	831	819	819	831	834	796	828	839	846	854	836	823	829	824	842	832	804	824	846	854	828	834	841	843	794	795	823	829	817	834	831	842	860	832	827	842	843	806	834	830	830	845	820	820	821	2192.621988
837	830	816	851	831	847	847	842	828	837	881	870	809	836	824	843	857	860	844	840	842	833	819	830	830	850	843	841	820	850	845	802	850	860	852	823	856	848	858	828	847	829	844	825	854	859	828	838	847	864	825	843	861	816	831	838	820	843	826	831	858	830	842	818	793	811	839	835	839	832	854	842	844	830	836	808	837	819	834	812	822	833	815	831	844	819	826	826	850	828	831	837	830	854	823	861	2194.490203
837	826	834	859	839	842	852	849	842	865	826	824	815	808	794	847	835	834	862	847	858	807	821	835	849	863	840	829	840	825	812	855	832	843	815	834	814	870	880	827	826	822	857	849	856	831	857	818	841	819	791	817	838	831	830	831	843	835	830	849	836	837	836	822	825	832	842	824	803	802	819	834	856	822	846	848	851	838	806	824	833	828	839	826	844	814	839	841	818	819	880	838	825	842	810	827	2196.346643
859	821	845	834	835	827	850	837	834	832	841	833	851	834	829	852	843	858	847	844	819	819	848	830	839	816	826	840	800	842	823	827	828	862	842	830	825	844	826	871	861	819	821	845	828	835	858	832	865	826	830	837	807	856	832	823	801	845	861	871	806	826	817	841	815	852	798	850	840	878	824	822	837	812	853	829	860	854	828	778	830	825	822	824	805	851	833	816	834	826	848	822	832	855	864	838	2198.202428
854	857	842	847	849	844	831	877	855	856	841	827	826	840	841	853	896	832	837	839	860	836	828	811	826	832	844	832	822	846	802	859	834	868	829	816	873	819	828	843	852	816	866	815	856	802	810	846	818	814	859	819	829	835	862	836	825	856	827	826	821	835	848	825	859	843	855	834	823	865	875	842	825	818	815	870	830	846	830	840	851	845	839	839	828	833	820	824	839	846	863	807	849	810	837	836	2200.057561
849	841	841	846	840	872	845	858	864	884	857	831	840	810	831	836	865	866	853	815	866	819	823	862	860	812	822	840	875	831	833	840	841	839	829	845	853	848	833	860	844	851	839	841	842	868	839	826	823	819	820	829	818	858	838	864	820	854	847	860	826	829	855	832	837	860	833	835	843	867	845	844	825	850	864	858	847	837	830	831	824	821	829	851	836	827	814	854	849	845	844	840	846	828	846	844	2201.91204
848	845	886	850	835	849	857	839	870	856	837	867	821	840	826	843	848	892	862	833	850	865	840	850	856	863	824	825	836	854	828	833	841	837	864	825	861	871	842	819	852	825	851	857	835	815	866	829	840	853	848	856	824	826	835	845	826	813	808	838	811	833	808	804	837	845	846	884	824	842	840	852	857	850	837	829	824	820	841	846	812	819	824	837	840	836	833	848	863	826	854	814	828	896	804	840	2203.754768
821	827	844	824	865	832	850	865	874	862	877	833	824	851	827	834	839	823	844	812	837	837	842	860	822	856	870	833	820	833	857	844	828	820	849	843	823	859	827	819	839	861	863	868	822	839	836	841	839	855	830	840	848	852	853	832	839	813	856	877	840	833	827	834	816	847	823	828	841	842	849	828	837	850	831	854	847	851	836	810	836	833	869	850	842	817	827	838	821	864	839	853	842	869	856	850	2205.607947
844	858	856	857	836	851	841	873	822	813	833	836	803	819	833	871	866	824	843	849	852	833	859	814	828	843	877	844	824	831	860	816	812	864	837	831	850	835	847	845	863	833	872	871	831	828	860	824	823	848	862	824	849	833	855	829	804	824	825	850	864	882	832	852	851	849	843	824	829	847	821	839	823	806	848	848	855	840	821	816	813	825	844	838	806	801	828	836	859	827	827	810	829	831	854	843	2207.460474
817	837	866	864	851	844	880	836	850	875	847	857	814	805	839	856	873	864	849	865	861	832	842	842	826	847	864	835	832	846	828	836	854	859	842	859	815	853	859	861	834	843	847	850	838	859	863	845	843	802	814	839	831	852	809	829	841	856	835	851	826	830	825	871	835	803	854	857	821	834	838	831	846	832	838	837	810	835	830	851	844	828	847	842	844	844	807	806	838	787	853	858	830	824	804	846	2209.312349
846	818	859	841	820	812	836	847	806	823	847	846	848	822	808	852	841	843	863	844	856	831	808	810	839	825	854	840	839	864	825	810	854	843	849	823	861	846	835	824	822	839	820	862	834	813	821	845	831	860	818	823	832	829	834	852	803	838	821	818	837	834	818	851	844	833	798	824	827	853	836	822	827	851	843	837	836	848	824	824	845	814	843	830	850	832	826	799	838	825	812	813	836	832	810	854	2211.15249
812	828	845	842	838	840	836	827	840	847	855	857	805	827	782	883	834	860	819	828	828	845	834	820	848	825	833	858	828	850	846	825	847	833	817	829	831	842	840	837	823	859	831	813	830	804	862	827	837	840	807	839	883	826	822	800	815	829	838	820	817	831	820	796	814	836	830	846	831	840	833	822	813	811	848	850	798	840	811	827	797	837	810	817	838	809	808	846	839	849	846	838	833	812	814	835	2213.003067
832	813	827	817	820	846	858	809	829	844	850	822	803	813	834	865	852	858	854	836	824	822	805	840	805	803	787	788	819	799	829	842	820	842	850	816	833	838	776	800	835	817	826	830	820	836	833	821	799	814	825	844	813	821	803	839	827	807	835	833	807	790	800	822	827	839	795	806	803	808	840	802	828	844	821	827	810	838	839	796	823	820	801	844	804	831	817	804	822	824	818	847	830	838	841	817	2214.841918
828	837	830	814	834	807	856	831	834	823	844	841	789	793	795	825	836	833	843	838	829	808	829	806	809	825	813	825	840	862	815	814	813	820	821	839	854	839	820	795	812	819	859	828	833	822	819	819	828	799	812	826	815	797	819	804	814	818	821	801	802	801	795	837	820	805	833	806	808	802	819	834	804	813	809	808	833	845	814	812	780	829	843	817	814	816	842	835	823	822	807	813	833	806	809	829	2216.691199
821	801	794	808	830	812	819	818	847	805	846	829	825	812	798	819	819	812	833	814	838	809	820	810	828	812	843	847	805	831	850	836	839	829	801	784	828	822	815	826	826	834	825	827	832	823	815	876	806	814	791	810	817	817	796	786	796	811	796	814	848	830	819	828	806	792	825	828	816	811	819	845	824	803	817	826	808	809	830	834	814	796	810	824	825	808	787	842	831	842	829	828	830	818	813	820	2218.528762
814	837	833	847	831	796	803	832	845	823	833	832	803	839	803	869	810	832	815	813	803	795	775	840	799	825	788	789	798	829	793	792	815	835	820	805	850	815	821	823	819	825	809	830	809	846	833	818	794	803	819	816	822	813	824	790	821	807	830	818	816	817	817	832	814	828	834	798	801	833	796	807	808	835	837	820	828	815	792	814	832	832	801	829	815	823	780	794	841	820	798	814	846	831	824	818	2220.365683
856	809	843	834	795	824	841	830	815	819	834	831	828	794	812	842	845	849	855	805	815	825	834	807	800	803	806	823	809	821	841	805	833	824	823	833	817	830	826	867	828	831	809	850	813	831	820	817	819	818	812	832	817	814	821	815	816	829	837	821	821	840	822	813	834	802	787	808	794	832	827	801	792	827	836	811	815	827	806	797	827	839	797	849	827	800	812	835	813	810	843	820	783	807	815	828	2222.201963
816	850	788	810	815	803	834	794	808	806	830	847	815	806	810	843	829	812	840	819	830	799	811	837	816	805	808	800	819	808	821	820	834	805	829	855	846	842	821	817	816	860	821	831	855	834	825	828	818	797	811	813	829	811	813	814	808	813	819	849	794	831	850	803	846	832	821	810	812	787	832	819	797	841	824	835	803	822	807	810	801	805	818	793	832	803	799	821	836	816	839	807	808	809	824	812	2224.048658
842	820	852	853	810	848	833	845	824	806	818	809	804	829	780	833	802	835	829	808	844	796	816	823	818	830	799	807	818	808	843	837	819	822	852	778	820	802	829	843	810	818	827	835	821	805	818	810	797	830	778	785	800	801	809	823	800	821	849	807	798	813	815	827	850	811	794	822	794	805	832	825	817	789	816	805	809	829	789	837	826	823	792	799	813	819	805	819	798	820	816	810	819	829	812	806	2225.883652
819	822	812	822	819	798	804	823	823	836	822	860	787	784	810	844	846	838	835	836	833	798	805	820	815	835	817	821	796	865	806	801	805	788	829	836	864	835	818	835	839	821	827	820	780	841	815	830	805	839	773	814	835	824	794	809	809	854	818	839	818	823	816	797	794	826	849	805	801	842	808	820	806	788	820	798	774	806	822	805	815	834	820	816	802	804	800	812	820	810	823	814	836	788	801	811	2227.718006
818	802	830	842	815	853	811	833	826	843	810	824	806	789	804	818	835	819	842	826	832	824	812	821	808	833	810	829	830	816	873	796	818	812	822	836	825	836	828	868	824	841	815	805	823	829	800	827	815	832	815	831	815	818	803	801	808	804	824	797	827	791	808	793	820	810	784	835	811	814	787	815	823	813	817	835	812	810	781	797	774	820	813	824	819	822	814	803	826	846	801	833	853	793	848	819	2229.55172
809	825	819	831	835	825	839	833	818	830	882	866	823	813	803	832	873	814	826	822	830	821	800	834	820	803	805	808	820	825	814	837	818	839	802	838	852	824	835	814	846	815	818	837	816	808	823	808	797	833	797	811	804	820	791	803	800	832	822	832	837	822	807	841	804	818	807	800	813	817	811	836	829	807	794	803	816	821	799	821	821	818	821	810	824	805	811	819	805	841	808	797	830	853	814	820	2231.373754
825	855	833	811	833	826	831	798	826	803	846	808	813	819	786	830	852	828	826	834	824	828	831	811	807	831	821	804	834	827	820	856	820	806	850	828	828	804	781	838	825	844	852	823	823	842	831	844	793	811	818	824	807	813	813	811	791	820	830	813	835	807	802	851	815	815	809	817	861	822	854	803	808	815	800	831	812	810	827	810	803	825	810	818	795	798	807	820	813	841	816	820	778	834	825	816	2233.206192
810	812	815	843	828	814	805	837	839	838	822	797	813	804	759	859	807	808	828	824	815	839	830	814	816	815	786	800	815	823	831	823	817	826	837	820	818	811	820	808	806	817	834	803	826	859	799	826	814	836	790	783	800	829	823	802	797	862	803	816	822	802	825	801	822	824	804	823	765	803	803	813	822	790	816	834	812	792	816	794	804	815	809	858	832	839	792	841	809	819	812	839	807	817	807	808	2235.037992
830	844	811	844	811	832	812	794	813	827	802	832	795	806	798	836	841	817	834	822	810	806	800	794	827	800	826	803	815	810	803	844	829	789	809	830	835	827	832	826	823	822	830	824	820	807	840	820	807	783	788	803	842	808	802	826	784	826	828	825	788	810	809	794	790	831	788	833	818	809	832	821	823	803	835	860	828	822	813	811	795	812	822	809	808	824	795	818	805	812	793	813	829	814	814	833	2236.869153
814	811	809	844	819	816	805	817	804	824	811	827	823	790	794	824	818	800	797	855	821	816	815	800	833	816	826	825	790	814	825	828	817	825	826	840	797	847	826	820	812	814	797	799	803	801	808	797	801	811	834	820	813	820	787	788	788	831	827	805	783	814	801	803	829	812	796	797	808	816	799	789	834	825	799	801	806	838	828	827	809	788	810	817	809	821	797	839	801	784	818	800	816	819	795	802	2238.688651
804	817	801	811	825	794	863	812	818	843	826	810	810	807	787	825	837	833	837	820	816	802	793	815	879	791	821	789	802	822	818	807	837	816	831	817	810	852	822	819	808	833	826	831	827	795	783	814	804	805	809	798	822	794	806	795	796	834	845	797	830	812	800	810	814	812	812	788	802	812	803	811	800	823	790	820	805	791	783	830	797	785	806	799	830	795	789	802	808	823	841	788	807	809	802	804	2240.518539
825	778	804	816	794	815	825	791	842	796	839	789	812	784	812	840	806	833	784	824	784	797	772	797	804	793	780	792	826	809	823	815	800	819	803	794	816	802	793	790	807	830	819	801	832	790	807	795	785	794	778	793	815	816	828	797	797	806	825	792	812	791	810	791	831	811	776	794	802	788	798	829	785	809	806	805	797	800	798	798	809	815	787	786	794	798	790	800	789	819	838	812	816	786	805	814	2242.336772
820	841	829	788	797	780	806	811	824	852	807	817	789	771	767	826	802	817	801	800	799	778	806	813	795	786	797	781	788	818	818	825	796	819	786	820	794	781	807	786	806	798	796	810	830	788	801	785	825	783	795	809	814	792	772	828	814	770	790	807	810	790	817	793	792	819	799	807	785	803	793	782	802	783	804	802	815	816	791	785	781	814	800	798	774	806	783	798	810	790	810	790	802	799	803	809	2244.16539
790	806	796	803	788	796	803	796	803	811	805	800	792	775	791	784	798	806	809	793	798	768	798	775	794	762	814	815	797	809	810	797	813	805	809	767	769	815	800	788	806	809	795	785	785	797	790	810	782	774	772	787	795	804	801	813	810	818	818	803	785	803	805	788	785	761	786	774	785	795	781	790	776	809	820	818	790	824	813	813	803	800	777	803	779	795	817	771	817	789	816	817	798	804	827	799	2245.98236
820	796	791	786	803	805	798	820	793	794	819	808	773	765	795	797	788	824	801	795	805	798	789	802	784	809	786	797	774	781	794	803	803	807	781	773	809	765	824	821	819	818	780	813	803	814	758	772	785	768	778	771	795	777	815	804	776	793	792	807	809	779	799	801	782	786	771	827	792	816	813	794	803	779	783	788	814	807	779	764	808	795	770	816	771	788	788	799	792	777	795	800	774	794	786	769	2247.798701
778	821	808	834	784	802	778	814	831	802	814	819	783	769	755	824	814	827	815	832	784	782	809	733	802	786	812	780	793	777	807	766	811	797	828	803	801	796	773	804	809	774	809	811	808	789	805	792	780	815	771	818	798	790	806	808	792	803	796	822	787	772	808	770	788	780	807	812	808	796	779	786	802	794	799	789	813	780	790	773	798	790	804	795	787	783	811	803	795	767	803	824	784	781	771	814	2249.625416
829	797	782	796	777	782	795	827	790	809	797	795	802	758	807	786	783	826	779	774	813	772	769	785	789	796	795	821	796	795	795	795	784	796	808	817	816	812	779	804	781	797	797	788	818	780	799	799	802	793	749	800	789	794	782	792	790	762	764	795	796	807	792	777	779	800	804	803	764	791	785	786	800	783	810	793	774	792	831	756	768	817	784	787	785	788	809	780	812	802	779	814	795	809	813	788	2251.440496
815	815	803	809	805	795	807	792	822	848	810	787	788	816	765	820	806	814	798	820	797	799	792	795	811	785	805	787	802	801	775	831	806	786	809	806	814	806	785	805	783	775	813	823	796	808	779	784	788	807	788	807	819	811	797	775	800	801	793	791	782	756	787	787	806	773	804	786	791	804	808	780	799	782	803	788	786	812	775	770	775	816	773	809	788	781	790	768	790	786	800	804	793	785	775	773	2253.254949
803	777	772	819	822	787	803	790	818	780	806	784	795	797	787	812	792	796	808	797	788	831	820	792	794	785	806	801	792	809	814	762	800	786	830	808	808	784	806	781	812	790	794	825	813	799	802	798	788	800	797	802	804	788	808	790	819	792	804	769	782	794	780	807	808	794	783	806	772	808	802	784	757	811	807	784	803	798	800	768	775	768	802	803	792	786	778	820	771	802	772	788	784	823	818	800	2255.068773
791	830	812	806	804	792	803	795	809	806	771	818	772	797	791	829	808	817	841	803	788	793	802	801	798	781	798	779	793	787	789	797	793	801	792	785	803	816	802	773	806	798	796	798	811	802	807	794	790	786	777	760	809	814	782	789	775	797	796	802	800	823	775	784	798	784	771	793	772	807	781	778	799	797	817	827	789	787	780	800	752	794	798	795	797	782	786	787	779	797	782	786	789	785	776	804	2256.88197
773	795	767	834	808	787	842	808	831	819	781	792	810	782	791	809	832	822	792	802	801	799	782	789	794	802	811	778	779	812	794	786	793	801	827	790	792	799	785	802	810	804	804	797	792	801	777	793	802	794	804	810	793	788	785	801	768	799	792	819	782	800	778	798	819	784	795	799	787	792	796	772	794	784	791	801	789	797	791	801	800	774	781	813	785	790	789	793	793	796	795	803	818	801	806	790	2258.69454
804	801	814	807	789	830	789	816	826	800	803	787	763	796	829	800	844	820	810	798	833	810	796	803	797	808	803	815	796	787	795	780	810	799	806	802	773	795	825	807	805	804	799	802	796	784	811	795	782	782	812	797	791	807	806	779	791	814	796	784	774	802	812	813	796	785	766	789	817	810	781	804	809	801	806	809	807	812	779	774	781	819	801	782	780	772	791	789	784	800	789	788	786	764	779	774	2260.506483
796	797	812	801	803	835	832	795	804	816	809	812	781	786	792	797	797	818	776	826	784	793	804	827	807	804	805	787	828	788	818	787	804	816	792	804	805	781	800	817	807	772	804	821	777	828	786	836	777	795	795	797	797	802	792	810	835	819	773	818	796	793	818	793	817	812	789	793	781	820	810	794	819	764	784	782	810	793	768	799	769	819	800	816	781	806	791	806	801	801	800	772	793	789	808	783	2262.3178
837	812	805	807	809	778	814	817	823	800	799	800	795	800	776	795	808	813	780	807	795	802	808	791	782	791	802	802	809	793	795	786	769	788	797	817	824	797	791	830	801	812	819	796	802	787	794	807	786	812	789	788	809	793	783	809	795	784	809	798	813	818	798	803	801	778	772	768	794	800	801	793	798	787	801	792	778	781	791	775	757	820	779	793	763	801	799	781	808	791	776	813	780	799	764	812	2264.117519
800	831	810	811	793	804	801	814	783	797	799	828	825	808	782	790	795	815	792	801	802	789	790	790	774	774	833	812	820	797	795	784	817	792	805	800	814	830	773	808	800	807	813	798	781	780	794	772	786	773	766	781	816	804	815	770	836	813	784	783	807	777	799	795	778	783	784	811	784	805	782	791	779	784	807	792	791	816	778	823	768	816	802	800	749	787	772	792	785	812	824	803	795	776	783	787	2265.927588
789	809	773	833	811	783	812	772	779	817	830	805	800	780	804	824	839	803	803	790	834	785	760	765	813	827	769	801	790	829	800	788	791	782	792	801	800	787	777	825	804	790	765	800	767	805	812	815	787	791	791	805	800	798	785	779	788	789	803	788	774	801	787	792	795	777	789	808	803	815	780	797	802	797	792	772	791	803	789	791	754	806	779	808	763	773	811	793	784	785	776	767	804	781	811	776	2267.737031
792	772	796	792	791	761	801	813	794	780	826	824	789	775	813	813	796	824	801	792	811	772	779	786	777	797	773	814	791	820	804	787	777	797	768	790	799	803	810	772	796	788	789	793	793	790	820	795	808	772	805	792	798	792	803	785	819	816	831	780	755	798	789	807	802	782	798	799	780	797	769	780	749	779	795	782	800	790	782	775	791	795	773	779	809	789	774	793	810	789	769	801	787	788	772	805	2269.534888
787	777	791	786	817	802	789	777	799	795	797	830	797	782	777	809	782	785	796	776	797	806	775	798	779	762	806	787	786	787	790	794	767	793	798	798	797	786	814	785	795	799	777	790	787	804	799	767	791	782	797	804	787	781	771	800	760	797	800	776	746	829	798	784	767	785	787	806	807	777	780	804	772	784	803	761	761	775	795	774	774	778	801	778	776	771	769	795	805	787	786	780	791	796	781	814	2271.343085
812	811	803	794	785	811	808	812	798	788	792	780	760	782	766	815	799	811	811	791	812	778	773	783	771	795	781	796	793	783	764	792	780	764	775	787	806	786	778	789	799	810	802	791	766	786	772	794	773	792	778	781	806	794	752	791	755	795	782	788	783	788	786	785	790	777	790	774	769	771	764	775	787	777	758	796	804	803	799	764	755	811	802	783	767	782	783	778	798	785	800	787	775	781	787	775	2273.139705
760	788	772	805	790	818	836	817	750	800	774	786	762	776	760	780	759	789	795	788	802	751	792	796	795	780	778	771	812	788	781	800	751	787	751	782	773	764	809	795	805	781	808	784	786	797	782	782	789	759	769	780	797	786	770	786	810	799	776	775	751	781	776	762	768	785	798	794	772	781	788	776	755	768	801	765	767	760	785	779	792	784	787	783	805	770	786	793	764	784	784	788	787	779	801	774	2274.935708
773	792	813	776	800	789	774	781	792	809	809	774	795	779	758	806	806	794	782	798	821	786	749	793	791	756	795	780	781	791	772	780	803	798	780	803	785	797	776	779	749	791	779	815	745	795	785	800	814	754	793	783	777	788	804	752	756	781	782	787	791	804	767	811	759	800	776	761	803	794	799	795	784	784	817	782	778	755	782	786	750	773	758	778	771	772	795	794	783	755	773	769	780	771	784	757	2276.74204
764	786	791	773	773	798	774	774	829	777	767	780	754	776	767	790	799	772	791	796	796	760	751	768	780	780	771	771	779	767	752	783	783	775	789	791	763	769	800	807	813	804	789	779	791	772	780	762	781	764	757	785	782	775	804	780	777	793	778	762	774	741	767	774	754	775	740	769	761	750	782	736	787	762	784	770	766	770	764	788	780	757	785	768	792	772	768	785	802	772	759	789	784	793	795	780	2278.536807
779	787	766	795	783	776	787	802	776	766	781	770	764	760	771	790	789	782	771	753	766	773	757	770	760	758	759	756	776	789	766	789	770	752	770	762	790	787	769	764	772	766	775	774	767	799	788	768	765	757	759	760	784	764	787	749	773	783	756	770	769	769	762	758	783	761	758	781	751	792	741	763	744	753	748	777	782	756	765	758	782	757	793	778	751	766	745	790	779	768	756	795	773	755	769	775	2280.330958
768	782	774	742	790	777	774	727	787	795	739	782	731	754	768	758	783	788	801	784	780	773	793	759	760	764	781	774	748	737	749	773	762	786	761	752	770	763	790	765	776	752	782	752	775	794	762	781	743	780	762	758	752	772	776	781	758	773	766	763	775	786	779	771	780	787	776	753	750	792	795	771	754	794	777	747	774	775	747	774	771	753	748	761	766	738	751	752	764	766	772	764	787	767	761	763	2282.124493
750	782	758	779	774	784	779	788	776	783	788	770	747	766	772	789	809	797	793	788	765	773	774	788	776	775	745	782	753	789	801	794	766	779	785	760	782	789	784	773	776	772	822	788	756	784	731	791	769	765	764	757	770	747	773	762	766	765	751	768	779	784	746	740	753	738	755	749	758	771	774	767	763	790	800	763	761	767	809	793	768	730	779	754	751	748	750	762	784	758	750	779	780	774	752	753	2283.917414
755	773	774	767	783	782	768	763	773	769	770	774	782	756	767	795	761	788	778	769	758	791	757	758	780	761	765	773	758	788	757	787	780	765	779	773	767	788	793	744	765	798	829	776	759	767	774	762	763	779	781	774	780	763	752	765	776	741	759	816	776	756	796	752	779	772	736	775	775	759	761	775	765	746	778	766	777	767	777	745	795	770	770	789	786	772	793	789	780	784	774	777	795	743	762	772	2285.70972
776	758	809	759	749	767	786	792	784	796	762	800	767	740	788	767	763	762	779	770	788	773	764	766	777	783	764	773	774	785	752	784	764	769	765	761	773	759	797	747	755	776	777	764	781	746	771	781	753	739	780	775	765	779	782	756	754	763	770	779	777	774	774	779	780	764	794	759	767	765	790	766	757	784	762	762	753	778	765	763	743	755	747	748	750	747	762	755	782	772	773	784	783	773	756	767	2287.501412
763	764	752	760	769	810	789	778	797	805	781	769	747	743	774	787	796	784	776	763	771	783	785	756	767	748	795	752	759	807	779	748	778	767	795	798	787	769	774	750	769	756	791	738	772	759	745	774	748	744	763	760	753	772	759	771	778	760	790	773	782	729	745	752	725	798	782	791	782	759	771	741	770	783	775	791	789	767	759	763	750	750	774	769	759	748	726	785	788	781	780	766	766	760	793	753	2289.292489
777	764	761	781	812	775	770	769	759	795	785	771	771	755	748	800	777	789	781	777	772	815	757	770	750	792	771	779	778	779	778	783	762	776	765	768	780	781	773	781	766	751	776	788	751	768	765	781	775	754	792	780	777	781	752	743	755	806	770	773	760	766	772	785	768	789	788	765	743	769	765	769	758	765	774	776	766	769	783	766	753	801	757	775	779	784	775	777	753	751	776	770	758	761	756	769	2291.082953
765	767	773	789	761	788	789	777	752	778	771	783	781	762	757	780	813	787	808	753	823	770	768	785	767	760	778	768	769	757	765	772	769	786	778	755	803	789	798	769	773	799	772	791	752	787	773	771	767	766	771	756	791	757	796	764	771	791	771	767	760	768	768	744	786	801	779	764	741	782	750	778	787	784	778	792	756	765	755	729	742	769	769	796	746	772	769	785	784	774	794	795	737	760	761	780	2292.861891
779	825	804	767	792	796	793	782	800	813	797	805	788	782	743	807	772	793	776	763	757	764	772	780	762	784	808	784	764	761	779	745	755	781	767	784	780	790	774	780	785	750	756	761	765	769	781	776	777	786	785	813	780	737	774	781	774	775	778	781	769	775	783	773	744	738	792	780	758	769	767	775	790	773	757	771	759	759	754	794	757	786	799	764	766	763	768	771	763	778	766	768	777	756	779	771	2294.651132
754	780	743	788	783	807	788	777	779	754	798	756	748	776	738	807	794	788	779	770	767	816	763	794	779	772	751	746	769	763	773	761	762	785	767	744	762	787	781	801	775	759	792	735	770	765	754	769	745	784	765	778	771	790	795	754	733	761	776	763	758	769	783	754	767	755	752	747	749	776	775	807	763	785	765	796	750	753	789	768	741	791	789	773	741	747	776	777	730	766	780	772	796	773	771	773	2296.43976
766	781	776	771	770	789	779	787	791	751	785	794	751	767	750	797	786	764	768	773	775	761	759	789	789	765	778	755	756	783	745	746	770	732	765	778	757	766	782	758	742	759	761	779	784	788	776	800	767	767	775	777	766	768	748	793	771	751	768	764	759	760	752	793	765	740	743	756	751	777	790	772	762	756	754	752	766	773	755	784	765	769	764	799	761	743	788	761	773	763	788	760	773	800	757	796	2298.216875
767	777	769	757	800	762	775	777	754	770	773	790	748	775	749	770	775	794	772	795	781	787	763	729	793	772	778	773	770	769	761	770	744	744	791	771	775	786	800	752	768	771	774	764	767	773	768	770	792	727	737	760	755	783	742	751	759	787	770	770	750	764	760	757	787	765	748	762	781	790	757	794	763	748	781	749	766	773	772	741	776	760	766	761	735	761	747	776	761	760	756	755	753	765	774	747	2300.004282
766	777	785	759	764	780	773	775	766	778	777	748	770	748	756	775	756	778	773	756	775	762	748	772	749	762	767	755	757	739	750	748	727	784	773	755	796	770	739	777	746	771	783	778	767	757	761	761	742	747	746	778	748	750	756	742	764	766	770	774	747	761	764	778	777	763	750	740	770	769	786	738	762	766	756	780	752	771	774	775	751	768	755	764	749	747	763	776	720	777	765	755	752	759	763	756	2301.780184
756	732	762	759	761	778	778	784	778	778	787	772	735	745	759	780	780	792	769	777	760	739	748	743	739	761	740	754	805	784	782	756	750	780	776	774	773	780	783	767	753	769	759	774	773	780	747	748	760	750	752	769	764	753	743	756	760	757	756	752	746	735	769	774	768	770	776	718	757	754	765	761	733	761	742	773	749	762	762	752	759	753	753	793	776	754	749	752	783	768	772	767	741	778	757	760	2303.555482
746	757	765	773	768	793	767	779	739	784	754	742	752	764	755	779	764	767	766	770	772	765	743	748	749	748	767	748	748	740	761	733	766	742	746	790	772	755	753	758	742	766	766	762	780	741	751	771	749	763	749	764	753	759	731	751	737	751	775	728	736	741	789	758	732	746	777	744	758	758	763	759	752	738	756	784	772	756	766	753	765	772	752	740	723	752	740	775	762	760	777	768	748	762	751	749	2305.341061
742	757	771	731	766	727	767	776	770	774	773	775	756	768	751	757	741	755	737	761	775	743	743	762	758	757	737	719	732	750	768	767	772	770	738	750	749	737	722	764	749	763	756	735	790	745	737	751	733	740	764	765	749	759	773	754	757	740	789	767	732	740	748	784	756	764	756	743	741	752	757	741	761	762	766	747	741	753	731	747	756	749	758	762	743	757	751	743	763	772	765	767	749	767	737	765	2307.115148
756	763	795	745	778	751	766	780	761	746	763	776	702	734	752	780	750	754	777	759	759	744	759	723	756	758	758	751	753	774	765	744	756	748	744	752	753	752	758	771	771	785	726	748	751	776	791	759	758	754	733	770	744	762	766	757	748	732	743	755	730	750	758	766	746	737	733	767	745	777	755	758	742	748	766	746	778	743	752	762	745	763	747	747	759	762	750	764	743	747	750	740	776	751	747	756	2308.888631
741	780	748	781	741	761	765	743	779	750	785	751	744	740	756	788	764	749	774	779	782	765	753	749	753	776	755	752	760	725	753	722	748	762	748	745	760	763	743	755	758	735	769	778	740	767	760	761	741	756	718	731	738	753	753	754	742	756	734	765	732	750	778	734	762	718	754	747	740	750	752	740	769	758	768	774	777	755	759	760	754	772	750	762	745	751	747	772	757	759	760	725	771	755	760	736	2310.661512
730	752	778	769	750	750	748	739	748	771	771	761	729	742	750	740	773	769	757	767	756	734	772	743	743	760	734	746	749	727	726	730	745	776	738	759	767	772	769	744	768	734	775	736	764	753	734	748	738	754	734	745	787	747	766	751	755	767	745	781	768	744	759	744	745	741	748	732	752	751	730	735	763	747	729	743	756	762	767	752	744	731	736	726	755	726	739	747	739	757	751	758	727	749	743	765	2312.43379
773	712	749	767	718	759	745	755	729	778	781	773	773	716	726	775	761	754	786	792	755	756	736	732	728	745	735	745	760	765	761	791	750	790	742	765	787	752	754	756	760	753	758	746	794	769	740	764	758	752	768	750	776	741	741	738	759	772	784	756	738	744	742	758	743	726	739	736	736	744	768	773	740	754	731	765	772	741	748	761	737	739	771	752	740	720	745	763	748	750	760	748	778	737	722	746	2314.205465
749	765	755	732	742	770	760	760	736	759	767	741	732	718	730	734	782	756	749	745	746	719	727	731	747	731	763	751	731	758	739	776	757	749	744	762	772	745	736	744	753	746	754	754	743	747	760	754	769	719	729	746	737	748	737	726	765	748	749	754	750	738	705	746	747	735	732	741	747	755	766	754	718	729	725	725	742	752	747	743	745	743	754	766	737	727	755	773	734	770	752	769	764	751	737	764	2315.976539
747	758	763	753	757	779	771	749	745	735	739	757	756	741	725	780	736	751	762	759	732	728	768	762	754	770	765	757	738	744	760	736	721	744	755	761	756	773	761	751	725	747	740	764	752	755	746	766	744	712	760	762	740	747	736	715	725	759	747	754	742	761	767	764	746	746	747	748	753	770	740	750	749	762	780	748	729	755	741	757	772	760	738	745	742	746	765	772	762	767	742	776	736	713	730	744	2317.747011
755	733	772	746	755	743	745	755	722	767	774	709	750	708	730	773	766	750	769	766	747	733	716	743	729	745	747	769	733	708	727	724	771	741	758	751	745	767	748	762	762	736	773	768	738	761	742	745	729	743	738	771	720	743	748	745	768	764	733	740	761	762	726	742	746	737	745	773	752	718	754	747	725	756	724	727	732	740	722	736	750	766	764	781	767	744	733	736	737	777	738	735	760	747	731	743	2319.516882
744	739	753	757	747	764	750	761	753	771	740	746	743	736	735	756	772	765	738	789	771	707	746	737	739	737	742	758	707	758	737	749	741	749	745	742	745	759	713	736	751	757	772	761	761	744	752	732	741	762	751	716	733	722	743	729	751	758	739	750	767	782	739	753	760	730	736	741	739	735	729	732	759	750	758	776	748	732	730	747	734	735	758	750	750	731	746	756	746	745	776	744	746	767	749	735	2321.275298
739	736	724	741	753	749	768	764	752	757	775	758	739	740	722	781	740	748	767	752	771	742	746	749	747	758	769	749	754	755	728	740	757	765	714	743	726	742	768	751	731	737	743	771	755	741	744	739	738	752	722	737	749	759	762	738	747	738	758	753	758	764	732	751	754	757	749	732	740	748	751	760	752	759	747	745	728	752	755	763	761	756	737	743	770	772	756	770	743	722	733	762	760	750	743	746	2323.043971
772	747	737	769	740	747	741	787	757	753	764	750	731	771	713	788	749	797	771	756	761	726	747	758	747	743	737	747	745	738	730	746	749	761	735	748	768	765	747	765	740	742	743	784	772	737	745	744	747	728	775	738	727	738	726	755	767	740	744	737	761	752	725	752	764	760	755	749	765	757	781	753	720	754	754	790	755	775	739	775	733	753	758	776	752	764	755	742	733	726	736	748	763	762	769	735	2324.812043
752	754	746	767	745	776	728	746	770	781	767	765	739	757	724	742	748	756	745	754	736	750	752	775	756	739	740	766	763	749	740	755	743	754	776	743	732	776	778	760	752	751	755	746	733	768	762	754	749	737	757	748	766	742	735	775	733	766	761	742	737	730	742	748	751	760	763	767	734	754	738	744	733	735	738	750	768	731	733	761	757	746	752	755	737	753	748	760	742	756	754	739	762	751	770	746	2326.568673
747	754	733	775	754	754	765	766	758	757	750	745	754	747	755	786	742	758	725	755	760	749	752	737	742	748	767	755	753	765	752	757	757	778	779	763	728	741	741	737	760	745	786	735	742	771	745	774	741	747	756	735	752	745	752	759	750	753	770	746	745	783	741	761	732	754	733	740	736	728	756	756	776	749	735	756	743	755	755	724	733	772	749	763	745	754	755	754	743	739	750	746	752	734	748	770	2328.335549
767	727	761	795	757	751	746	759	771	755	758	756	774	745	739	758	761	780	747	768	780	750	750	741	774	764	735	748	761	756	753	748	748	773	762	737	746	743	734	768	778	760	754	724	746	745	753	789	745	743	743	764	759	760	735	769	738	766	763	758	729	734	743	755	770	739	735	701	745	738	780	775	767	760	752	769	777	763	764	751	757	750	749	761	735	751	746	759	741	780	746	756	767	729	748	753	2330.090991
747	769	763	758	750	744	773	735	744	775	769	745	729	739	732	747	781	760	743	749	743	743	746	757	753	786	744	738	768	747	740	733	797	744	732	744	747	745	752	757	768	757	764	760	727	756	743	735	748	746	762	739	755	751	764	739	759	746	760	762	772	750	744	724	768	731	755	733	727	740	731	744	758	751	768	761	740	732	725	757	726	740	767	772	735	771	748	754	751	747	739	724	744	761	757	757	2331.845841
754	749	752	758	748	759	771	750	755	745	771	758	751	732	758	759	752	769	796	747	756	737	740	732	746	752	769	764	747	770	730	744	732	731	733	760	772	749	783	745	744	747	756	741	784	760	745	742	751	752	718	750	764	760	754	749	737	766	743	786	733	732	760	744	743	756	747	739	753	754	748	720	703	781	743	738	727	713	757	752	763	720	753	736	740	758	720	772	745	731	755	735	775	745	743	760	2333.610926
745	756	746	757	726	746	770	766	749	758	771	768	723	742	734	774	772	761	762	743	777	789	757	743	749	744	742	755	765	737	724	755	731	740	778	761	738	764	748	758	736	736	757	729	747	750	739	757	718	733	755	722	750	783	739	742	746	757	742	745	747	759	754	747	748	754	738	765	742	750	755	732	758	772	767	736	751	748	725	771	729	756	754	715	719	739	740	731	733	744	733	743	749	739	754	728	2335.364589
766	781	746	764	752	757	751	747	750	752	768	754	733	726	707	771	752	754	720	738	759	735	742	730	745	771	761	743	731	751	726	747	768	741	750	765	763	752	751	768	764	739	756	787	760	754	767	734	741	742	766	731	720	752	738	748	714	773	757	737	753	737	742	776	727	747	753	744	737	758	751	780	744	737	751	747	753	725	745	759	734	761	726	762	729	734	754	737	712	735	740	759	768	752	740	748	2337.117662
756	752	763	779	770	751	761	737	768	771	756	780	745	734	731	740	745	762	766	761	765	732	761	748	746	735	725	750	762	749	749	750	746	728	762	750	760	758	765	753	743	762	752	750	743	755	721	754	751	743	724	747	742	754	739	751	734	746	731	733	746	738	739	750	736	732	739	752	742	764	757	740	760	769	728	713	741	748	740	738	734	733	759	751	743	748	721	741	734	735	761	729	746	756	729	755	2338.870143
765	743	747	764	747	734	761	762	761	734	742	730	720	737	744	742	756	733	753	735	731	722	730	748	722	749	729	727	748	732	748	744	752	716	729	740	754	735	728	727	750	747	726	742	719	744	751	743	733	739	733	754	747	727	729	731	728	742	753	743	714	726	740	731	721	739	735	702	709	742	721	760	751	732	748	730	746	734	736	713	761	751	756	728	736	739	761	759	764	739	737	729	761	749	738	746	2340.622034
744	731	752	722	733	747	754	762	759	738	732	765	716	738	753	753	758	744	750	741	730	755	757	713	715	747	740	731	750	723	732	748	730	752	732	733	754	723	732	749	754	735	751	736	728	757	727	742	728	728	731	744	762	712	734	717	725	737	706	730	706	742	733	709	720	723	739	747	725	719	738	726	746	730	731	753	750	719	729	736	741	748	777	743	736	748	743	735	758	729	750	747	727	721	721	725	2342.373336
731	732	745	723	746	738	746	758	733	714	736	747	746	711	714	750	747	745	725	764	715	729	724	760	741	709	750	696	740	764	750	740	721	741	713	718	760	765	746	748	758	726	740	732	742	757	761	744	744	716	733	733	764	719	735	740	755	736	762	752	723	729	745	740	757	749	739	732	751	725	760	708	732	748	732	724	727	725	727	737	715	752	724	698	742	728	710	757	725	742	711	723	734	744	744	777	2344.124047
737	742	720	713	725	750	751	756	745	758	740	759	720	708	709	725	762	740	706	736	750	742	739	732	744	746	743	739	732	751	739	724	719	719	742	745	727	750	734	752	757	728	733	737	750	735	772	722	736	713	748	736	744	748	734	733	743	736	733	765	739	734	710	736	737	735	736	713	737	730	740	742	749	729	733	722	746	748	724	733	735	748	726	751	731	734	735	729	719	741	735	755	724	744	727	740	2345.874169
741	749	727	752	726	741	715	749	717	748	709	732	729	731	719	736	734	723	726	743	741	733	716	730	714	742	745	748	732	715	732	743	740	760	759	721	716	705	734	732	728	737	746	729	743	730	702	743	717	731	758	706	730	733	708	721	727	729	727	737	729	744	749	718	737	738	747	728	721	727	731	737	737	737	763	740	724	720	716	717	704	722	741	724	727	733	721	746	740	731	729	719	721	738	718	735	2347.623701
733	705	726	753	756	740	722	716	741	738	726	733	721	727	719	752	740	732	716	741	711	723	730	738	714	756	740	745	700	720	725	741	745	719	740	737	711	741	728	720	724	712	750	724	760	731	730	737	707	717	746	722	738	732	730	717	697	719	750	712	737	740	747	721	736	726	733	728	723	722	709	722	741	721	726	741	711	728	726	720	739	696	710	700	724	730	747	719	727	741	730	747	730	730	735	742	2349.361851
719	719	711	723	728	723	716	718	765	753	761	727	735	720	717	733	772	741	760	729	722	720	729	744	742	740	735	705	724	727	718	730	715	741	736	727	730	706	734	718	757	756	719	732	735	759	750	731	748	744	717	729	735	717	735	720	734	735	731	722	713	734	745	743	733	749	722	756	727	735	736	699	720	740	710	723	719	731	718	724	720	735	738	741	718	726	734	740	734	732	745	715	743	718	717	722	2351.110209
731	760	737	736	756	729	713	755	742	721	724	748	707	718	716	746	766	732	721	738	744	747	734	731	732	746	710	729	704	722	734	722	713	740	739	745	704	716	762	709	723	738	732	726	747	746	714	753	723	749	729	745	718	729	762	741	737	709	717	745	760	731	727	728	736	724	716	734	716	720	740	732	710	736	719	738	709	705	719	713	730	762	728	729	723	724	734	706	735	729	752	703	744	724	737	743	2352.847193
735	753	737	735	736	715	746	739	735	723	756	745	718	712	704	755	754	747	733	748	736	721	763	734	752	733	742	743	747	742	739	722	723	730	744	727	751	746	717	710	748	735	745	760	730	729	743	729	720	727	749	728	721	728	717	726	729	738	731	726	709	724	746	710	739	740	717	722	733	746	724	743	712	718	709	725	738	715	712	731	721	705	707	725	724	744	744	750	716	731	718	738	744	725	729	741	2354.594379
741	718	741	717	747	744	739	751	734	743	734	736	706	720	716	755	733	747	727	732	754	748	743	725	716	704	739	717	726	758	743	735	737	696	724	747	756	732	712	761	714	728	733	753	747	727	740	737	737	709	733	714	724	718	742	708	741	739	741	711	732	752	744	737	719	729	734	740	741	752	737	740	721	701	733	733	751	726	716	731	711	754	734	738	703	743	728	708	746	717	734	718	729	716	725	722	2356.330197
751	725	737	737	716	736	734	710	733	737	714	748	734	703	714	729	725	746	730	728	729	727	731	726	733	724	757	723	745	716	736	719	738	733	720	719	752	736	710	734	720	719	744	742	733	716	729	754	732	731	716	734	727	730	716	732	721	746	718	724	743	735	728	740	732	746	730	713	723	731	751	733	730	738	731	706	731	741	754	736	756	723	745	729	721	714	755	715	742	748	715	732	726	729	701	721	2358.076211
726	756	712	727	745	719	738	740	735	741	758	751	720	722	740	723	757	730	711	745	729	742	705	722	720	743	738	750	738	719	738	717	716	735	745	744	736	763	721	730	744	747	749	745	713	733	727	720	740	729	716	744	716	719	724	733	717	740	729	732	753	734	744	758	739	716	721	728	742	719	744	731	721	738	737	710	725	719	726	738	736	732	740	717	722	733	740	746	728	722	729	747	717	718	703	743	2359.810866
761	750	741	739	735	753	748	745	728	760	745	751	744	734	729	723	751	727	750	741	726	735	716	751	749	746	752	726	710	754	747	737	729	735	760	710	726	727	729	732	754	721	737	752	746	746	736	747	714	714	738	730	716	732	737	726	712	759	744	760	706	750	706	728	739	713	722	742	715	708	731	749	742	752	741	714	724	752	729	734	715	722	711	723	738	730	705	739	733	732	737	705	730	724	728	721	2361.544941
715	719	742	749	712	725	758	743	751	747	739	757	726	729	752	749	737	733	751	746	749	727	715	736	746	731	727	728	726	730	729	741	744	734	737	730	720	739	728	762	743	716	729	735	760	726	771	755	738	716	739	723	730	718	724	737	735	737	743	744	742	719	752	733	726	745	718	737	726	728	735	724	751	729	731	714	708	736	734	705	724	723	716	715	700	719	703	739	757	744	727	722	736	726	734	739	2363.289202
761	742	723	750	730	717	746	757	737	741	756	744	706	738	740	736	736	737	728	730	737	730	738	722	753	709	740	747	721	739	743	718	755	712	768	744	749	737	755	728	748	729	766	743	717	748	720	738	728	706	735	711	739	738	722	744	733	714	742	732	735	747	723	730	728	707	730	743	719	747	709	712	736	720	742	731	745	728	718	719	722	734	727	724	715	728	727	717	707	711	746	743	742	725	721	720	2365.022115
735	725	748	745	759	754	730	744	747	735	741	752	728	733	728	758	739	762	728	742	750	744	711	717	720	755	716	728	728	730	717	737	724	710	755	725	727	741	721	720	742	745	744	759	727	733	718	723	726	717	718	712	737	728	718	732	736	721	726	721	755	722	724	765	712	740	735	725	730	731	724	746	728	727	718	716	729	720	690	700	742	733	742	738	723	732	710	729	732	727	732	735	734	750	713	738	2366.75445
746	731	736	744	732	735	727	731	740	720	731	749	726	712	709	767	716	751	718	756	726	742	738	745	715	733	757	719	739	713	730	728	710	734	725	744	734	749	735	733	740	721	726	737	723	731	730	729	736	738	731	736	730	735	738	730	729	716	712	739	694	740	720	724	724	720	718	714	731	706	710	715	752	725	764	737	756	699	735	739	716	731	727	744	717	692	737	726	739	713	691	734	727	727	738	695	2368.486206
744	723	715	742	726	742	748	753	728	732	730	723	722	710	716	760	752	749	750	747	739	722	717	710	712	753	721	733	716	743	717	721	760	735	724	733	748	720	738	735	730	737	746	729	741	724	715	741	700	721	725	734	714	733	731	742	722	727	746	736	717	711	713	755	712	717	726	728	721	696	750	707	748	717	732	727	735	744	715	708	732	727	746	725	739	727	713	725	749	734	707	730	717	724	727	752	2370.217383
718	698	744	728	730	754	726	727	715	721	745	731	719	713	697	763	748	758	749	719	746	748	697	720	739	744	712	733	713	729	705	720	700	749	701	705	735	731	715	722	715	706	754	733	741	732	738	731	705	705	735	728	733	743	756	717	740	720	732	729	725	720	725	728	720	708	709	730	717	713	728	738	700	728	745	739	721	730	697	754	696	727	731	719	731	735	729	729	710	711	706	737	739	725	728	710	2371.947983
738	741	736	707	733	744	732	732	716	732	708	757	709	712	709	729	728	734	724	723	723	719	710	744	686	712	738	722	742	727	728	743	708	721	708	724	727	729	726	739	720	733	751	734	706	719	715	729	726	692	701	738	714	734	728	714	700	735	760	741	719	739	705	732	732	713	728	714	722	714	722	733	728	722	721	697	713	698	735	707	704	729	753	722	741	703	733	730	730	727	737	705	726	704	718	736	2373.678005
712	720	732	732	723	711	715	726	745	722	734	737	729	735	719	742	760	761	723	717	737	741	730	720	726	730	735	717	735	723	718	708	711	730	720	715	721	674	726	726	724	728	715	725	716	730	722	727	715	717	724	716	720	719	724	711	704	720	720	712	715	720	710	706	725	710	708	733	727	726	723	732	719	721	733	714	729	732	714	725	722	719	726	745	712	704	735	721	715	716	728	733	703	714	727	719	2375.39671
725	710	703	726	703	736	708	714	713	735	728	710	711	732	719	736	723	734	718	710	735	711	727	705	710	707	741	744	699	702	739	718	713	735	699	735	723	718	732	721	735	722	728	737	726	717	736	711	725	742	709	723	719	719	709	723	725	744	718	700	718	720	709	726	720	768	715	699	729	718	726	724	704	718	702	721	703	721	688	690	712	734	720	723	690	701	708	723	732	723	732	717	725	711	715	733	2377.125581
720	734	728	715	720	720	714	694	721	722	721	727	713	713	705	715	719	721	718	716	738	712	711	730	717	702	703	741	717	695	734	718	694	713	701	724	714	719	714	710	714	725	735	733	704	735	703	712	714	708	729	727	726	711	704	723	742	719	734	714	698	716	725	736	714	719	688	726	693	720	709	709	701	706	721	718	732	714	714	707	694	718	706	732	718	697	694	719	684	703	736	719	719	731	709	700	2378.853876
722	732	695	712	700	702	737	715	700	734	721	716	698	695	685	713	760	710	717	724	720	701	702	691	710	725	728	706	695	715	729	735	709	706	709	719	716	706	715	699	708	706	689	717	700	698	720	716	712	720	705	695	692	722	701	721	725	713	720	695	714	720	687	742	683	709	705	712	702	704	716	711	743	696	715	721	683	729	689	723	695	724	704	706	717	719	699	725	735	718	687	727	708	705	708	724	2380.570865
707	738	709	712	731	714	688	718	716	705	723	718	697	715	705	692	732	742	697	687	729	713	702	694	706	702	699	707	709	706	711	729	698	729	733	722	714	718	710	724	713	710	711	730	723	710	719	722	722	701	709	712	712	698	714	714	695	719	748	713	711	702	725	714	724	730	709	686	730	726	728	710	733	693	727	708	713	730	702	728	705	706	714	717	719	736	699	726	705	735	722	719	714	697	713	743	2382.298011
708	705	729	702	723	717	729	704	736	721	709	720	705	695	713	704	716	711	723	708	685	721	711	720	715	726	748	715	721	707	707	721	733	692	692	729	738	726	726	720	725	716	704	694	724	696	704	695	713	723	689	705	748	731	697	696	717	728	719	707	741	727	724	717	694	712	720	722	712	698	698	703	724	716	711	721	697	709	705	710	745	714	701	740	695	712	716	743	698	725	717	695	741	695	709	697	2384.013858
704	752	714	711	718	701	731	717	725	740	732	733	709	701	698	733	714	717	712	745	716	716	726	715	704	721	707	724	714	702	735	725	725	716	716	739	711	740	722	707	702	709	713	713	728	708	720	707	719	702	699	729	710	720	697	717	731	717	702	717	724	724	727	701	726	702	711	704	692	728	688	723	726	715	716	733	706	695	692	721	701	702	724	724	735	724	712	709	716	723	711	722	710	718	676	710	2385.739856
693	745	720	718	710	714	708	697	705	726	701	723	713	736	696	735	729	743	734	717	729	722	700	723	702	722	699	712	718	721	727	712	711	704	729	719	727	704	719	727	698	731	714	712	736	725	699	724	720	692	706	690	708	687	713	727	702	712	721	696	698	698	734	719	711	704	704	737	732	711	719	706	749	712	709	731	701	727	705	712	711	713	719	709	731	703	696	709	712	716	716	731	711	717	719	715	2387.454563
707	725	726	710	721	717	725	727	729	706	738	706	691	713	709	732	734	718	715	754	716	710	720	728	715	720	705	733	715	713	709	719	706	699	720	727	698	744	722	723	714	713	716	712	709	698	724	726	694	714	710	735	706	714	694	723	695	708	684	711	711	730	722	721	729	685	714	711	707	730	717	717	689	694	719	705	701	722	728	712	706	708	727	716	711	698	714	702	731	705	727	724	717	708	714	702	2389.168703
718	734	719	698	692	741	718	714	718	718	734	739	747	703	700	745	720	736	721	731	730	727	703	718	713	710	700	727	721	717	713	733	708	709	705	709	732	716	707	703	731	727	731	714	743	737	743	727	706	715	699	719	728	720	705	706	726	730	751	708	719	716	751	716	721	710	710	715	716	706	716	700	703	701	679	695	715	711	699	726	729	724	709	717	713	712	704	722	696	722	742	732	726	707	686	726	2390.882275
726	725	725	715	714	746	737	732	727	730	734	708	705	704	701	705	748	707	708	747	715	689	726	730	699	710	722	739	717	714	729	707	719	716	720	719	734	740	716	706	725	716	722	698	718	729	719	695	698	704	711	736	712	701	729	709	713	732	729	721	713	698	726	702	721	741	702	722	697	716	702	705	737	729	705	739	721	681	729	687	723	735	727	708	727	744	715	707	736	705	727	703	754	700	734	707	2392.605984
755	752	729	727	694	736	732	719	704	720	726	737	726	701	716	729	728	748	739	699	728	725	713	711	721	731	731	718	718	725	723	698	725	733	710	726	715	732	755	728	725	718	732	710	717	720	702	730	727	696	687	713	729	737	705	720	717	736	743	705	686	725	719	702	707	719	703	734	720	724	730	749	713	727	699	717	713	728	723	709	720	720	689	745	732	753	697	726	706	716	738	732	701	740	723	720	2394.318418
722	708	724	741	701	724	705	737	712	741	716	731	688	716	710	748	728	717	732	749	720	723	717	728	733	706	717	696	719	726	731	719	711	702	724	726	709	730	721	730	726	743	729	750	725	711	731	720	711	740	708	727	729	716	710	689	718	709	732	716	691	728	717	716	720	720	731	693	736	732	731	727	721	716	725	721	730	724	710	718	715	716	717	720	718	691	716	719	744	723	706	703	717	704	736	736	2396.030285
741	721	725	750	714	698	752	724	725	720	721	740	721	708	690	731	756	700	725	711	728	728	684	727	718	697	708	716	710	714	731	719	718	705	719	716	716	725	727	690	716	695	727	723	739	711	719	735	714	727	712	719	705	707	723	720	709	734	745	703	726	728	719	711	734	716	715	737	699	723	722	700	719	703	718	712	706	713	721	718	698	705	731	706	727	720	706	732	713	734	731	737	731	733	725	708	2397.741585
742	716	728	709	707	712	726	740	717	725	712	740	688	694	711	731	742	725	732	725	726	721	713	717	713	713	728	714	732	731	704	701	723	722	724	727	697	707	708	726	738	723	708	715	744	705	739	733	693	735	690	717	720	725	720	723	716	708	742	714	733	723	729	700	685	695	715	701	731	745	717	717	693	713	699	726	706	694	714	716	720	713	721	721	709	709	705	717	731	734	705	721	719	721	721	721	2399.45232
724	716	709	738	714	724	719	717	721	708	705	711	676	721	728	715	730	723	708	734	721	726	721	725	723	722	723	718	700	714	720	724	714	691	746	713	710	717	745	718	712	710	706	725	751	716	726	725	709	679	701	726	699	719	709	736	728	728	717	719	713	728	693	697	707	728	699	714	721	718	723	724	699	740	697	717	719	717	710	694	727	716	715	727	696	698	716	698	702	688	706	714	742	689	712	726	2401.151802
715	738	708	728	728	715	705	724	709	729	709	706	699	673	722	738	713	735	711	730	722	705	709	730	715	714	713	714	718	716	723	726	714	707	720	706	718	719	720	702	705	721	715	703	713	710	725	715	711	710	711	717	699	703	705	701	696	714	718	713	720	702	723	745	703	700	699	707	716	716	742	714	701	727	709	740	728	700	710	707	685	693	733	712	733	717	708	714	754	712	710	701	726	689	705	726	2402.861408
726	703	706	695	707	675	715	716	724	722	712	697	704	713	692	694	703	723	686	713	709	706	704	687	700	707	708	706	701	718	716	708	707	711	708	701	714	716	720	731	714	699	710	701	696	707	706	693	701	708	715	724	711	703	714	705	707	708	709	713	691	709	686	731	725	718	709	714	707	724	682	708	707	706	689	715	701	701	705	694	687	721	728	703	709	694	732	709	722	713	691	716	713	721	722	712	2404.570449
716	699	705	723	708	710	718	709	710	708	737	702	694	690	701	699	717	714	705	711	717	716	732	692	711	720	702	695	706	691	709	713	703	679	705	696	741	719	737	712	724	695	698	713	704	711	709	701	735	695	719	686	714	715	723	715	709	735	715	729	708	696	711	702	696	694	710	700	711	710	710	712	726	728	713	719	691	705	713	709	690	705	711	692	707	717	695	711	696	694	693	707	717	718	685	685	2406.278925
710	709	724	709	693	723	693	703	701	737	700	717	675	667	674	715	736	716	695	723	711	704	733	719	712	685	688	716	718	707	693	699	700	705	715	688	726	704	722	707	693	691	710	705	704	698	724	717	677	704	692	692	685	715	704	709	693	693	719	681	685	693	667	696	690	699	708	694	695	675	692	710	699	691	720	720	720	713	697	681	699	713	701	703	688	681	702	698	684	700	698	674	699	706	690	673	2407.976164
717	696	691	666	717	696	706	700	692	720	755	718	716	701	702	722	702	750	707	701	735	694	686	714	727	705	724	712	689	676	713	697	697	697	704	697	735	713	711	694	706	715	698	717	700	705	719	692	703	693	698	692	695	721	695	691	716	697	706	718	704	697	706	710	713	691	704	719	703	699	706	696	700	721	723	695	708	704	716	710	715	716	706	706	698	698	699	691	693	720	716	720	687	718	707	703	2409.683514
697	712	726	731	707	715	712	698	710	727	708	725	708	684	700	731	707	713	727	708	724	695	691	671	699	715	705	732	711	700	703	673	708	692	703	701	727	716	718	679	716	719	695	676	697	696	708	694	687	703	697	718	695	697	702	712	693	711	692	733	717	713	697	703	685	703	698	703	704	705	689	704	725	699	696	701	686	700	713	709	710	702	696	714	710	699	687	708	714	712	708	715	705	712	703	740	2411.379634
707	691	716	715	739	712	710	720	694	707	733	707	712	701	700	696	735	704	715	703	694	698	700	715	710	719	706	705	695	693	693	707	708	723	703	718	717	699	710	683	705	720	715	713	695	732	694	690	676	710	689	700	712	697	711	702	715	716	695	692	729	702	691	688	718	698	734	690	718	689	718	698	696	737	685	690	693	717	680	708	719	722	711	695	671	675	695	706	705	695	706	695	708	680	714	694	2413.08586
715	723	698	706	707	709	705	709	725	716	751	731	682	707	710	723	736	737	733	711	709	701	722	704	711	702	710	731	710	721	722	712	734	696	707	695	710	705	732	680	712	710	698	717	700	700	731	709	708	708	706	713	701	708	700	680	738	722	697	718	702	695	729	720	708	687	698	723	731	697	708	689	704	718	713	731	680	710	724	673	698	710	731	711	694	703	703	705	722	712	717	705	679	728	697	716	2414.780863
705	712	715	711	726	708	690	710	723	713	687	732	713	695	704	709	702	718	709	704	699	693	698	722	741	725	699	723	698	710	724	686	700	699	711	724	692	715	713	706	716	700	694	696	702	733	702	715	700	690	684	708	694	692	696	699	669	716	703	704	716	703	704	719	683	747	691	716	708	689	699	693	706	710	730	701	686	715	691	710	711	711	700	715	715	677	707	700	714	718	693	712	692	683	725	710	2416.47531
711	704	723	696	734	703	712	727	733	709	718	691	697	689	706	707	722	723	726	690	734	718	731	670	725	741	719	729	728	695	691	676	716	719	685	705	696	721	685	721	712	710	702	723	684	717	718	711	709	698	739	715	713	725	699	720	705	723	711	672	726	684	694	726	711	707	706	678	701	710	715	734	680	692	721	696	725	714	706	709	698	707	697	718	719	694	685	724	678	701	697	710	712	707	711	692	2418.169201
707	717	706	716	691	719	700	723	717	708	705	710	682	706	702	706	736	739	704	684	752	699	712	730	687	721	727	715	704	713	728	728	715	708	689	707	729	697	679	690	710	697	725	715	713	712	711	705	666	708	693	714	730	699	714	697	694	706	708	707	665	685	714	684	698	703	679	697	672	694	711	708	693	701	718	720	699	721	680	713	695	712	707	694	696	722	724	700	692	696	717	727	699	680	712	705	2419.873184
730	728	737	710	727	728	724	722	722	732	739	708	685	681	700	701	698	727	711	706	717	700	699	719	731	706	730	701	718	705	697	722	710	683	709	709	707	707	704	705	720	710	713	692	697	709	693	722	697	702	739	735	724	713	712	675	705	693	718	722	687	701	719	712	710	726	705	698	712	710	701	686	692	734	699	690	739	706	696	698	722	719	702	712	723	678	687	712	754	708	704	720	711	706	691	704	2421.565959
706	721	721	719	686	717	707	701	740	731	716	734	713	739	695	721	716	706	722	714	695	716	705	733	703	704	714	679	716	698	718	699	682	703	699	720	714	712	702	714	703	686	726	697	702	701	718	717	691	717	704	709	734	716	706	705	700	714	722	726	718	708	720	699	704	717	721	708	716	719	723	701	701	700	715	709	711	730	686	696	707	713	708	699	706	705	697	701	710	732	736	705	693	702	718	679	2423.25818
712	727	707	727	707	724	726	704	717	715	730	718	716	721	689	721	738	729	713	687	727	675	703	697	717	669	715	705	696	712	695	715	714	716	706	704	719	723	731	692	687	733	707	707	726	702	716	700	722	716	688	727	697	723	691	705	711	694	722	704	708	679	712	726	705	707	712	698	706	692	710	729	706	720	697	683	724	705	712	708	690	714	689	737	697	749	696	706	721	705	723	716	700	715	686	723	2424.949845
695	714	693	726	696	719	707	734	710	739	696	710	696	689	716	723	719	729	721	731	724	687	682	730	745	718	732	711	686	719	716	727	713	687	717	701	706	695	728	696	708	717	730	727	708	727	700	719	715	698	699	714	682	706	713	708	730	720	718	715	688	683	717	718	730	711	692	701	704	717	705	684	706	710	717	694	699	694	703	717	705	727	694	705	697	731	709	710	692	717	705	712	691	702	695	717	2426.640956
738	724	702	725	721	704	697	720	716	712	707	724	694	713	696	721	709	730	738	715	711	689	703	707	721	717	722	724	714	699	712	696	710	708	720	705	695	705	700	701	719	703	702	711	711	702	697	721	705	731	707	728	716	704	701	711	718	721	722	736	713	704	679	711	691	714	706	689	699	700	721	706	691	697	700	709	707	713	719	710	682	700	712	698	712	706	714	736	709	714	696	706	690	717	703	718	2428.320882
678	708	724	718	697	704	728	717	707	703	728	725	699	702	679	704	703	729	688	727	706	725	729	697	729	720	732	687	718	671	699	711	683	709	706	698	720	712	732	707	691	680	699	716	709	711	714	706	681	725	690	720	695	712	719	690	697	708	711	710	708	716	716	710	708	720	691	686	693	711	707	705	713	729	685	686	676	710	697	709	717	708	713	696	701	696	709	703	732	710	715	705	687	716	700	717	2430.010887
729	707	699	708	705	715	711	731	713	718	700	704	688	712	705	715	715	734	714	673	711	703	680	699	696	708	702	698	712	701	691	709	683	705	712	694	702	704	724	706	693	685	721	716	701	707	709	714	702	687	711	705	710	704	707	685	704	718	714	703	735	709	698	698	724	701	717	721	695	688	694	704	688	696	686	715	702	719	698	711	704	710	723	693	700	703	695	702	701	723	713	703	715	700	688	703	2431.700339
707	722	721	679	737	697	716	688	726	714	691	717	699	687	718	710	716	718	718	711	726	698	690	704	709	701	699	704	700	712	691	717	703	702	679	699	716	704	714	719	676	718	684	719	728	699	706	719	687	687	697	694	684	701	670	712	693	703	731	700	720	724	685	695	710	691	710	703	689	710	681	710	710	686	702	691	696	709	676	705	709	680	675	696	696	729	709	708	701	682	708	714	692	700	704	712	2433.389237
672	693	697	705	674	736	713	717	712	715	692	703	682	707	701	729	697	692	709	710	715	689	688	709	682	696	728	701	707	686	707	712	702	734	713	715	710	697	713	696	686	703	715	678	709	693	704	701	698	693	705	691	708	703	688	694	694	698	711	682	704	705	732	688	704	698	722	688	691	688	702	694	701	727	690	695	684	695	706	697	688	682	702	698	694	696	683	714	704	706	685	691	715	700	702	697	2435.066965
706	713	688	708	715	689	704	681	707	702	709	687	668	677	683	705	716	716	700	704	696	716	682	699	689	697	707	715	693	679	703	688	686	690	686	674	706	697	662	698	721	690	711	719	688	700	691	700	703	689	691	683	695	702	687	696	700	690	719	708	679	684	712	678	703	709	683	704	705	688	693	708	691	672	700	725	718	680	687	697	685	693	697	710	689	685	706	711	706	676	676	689	680	699	686	712	2436.75476
697	707	697	718	714	704	673	735	714	696	708	711	699	716	703	700	711	693	699	708	709	684	675	693	726	680	686	674	686	715	695	695	697	686	698	675	685	693	692	668	708	694	686	677	693	685	667	653	696	685	707	683	709	698	691	689	689	689	709	668	692	713	703	679	707	687	668	700	672	655	680	676	710	713	713	701	680	705	669	673	687	698	695	687	652	709	705	683	703	703	689	707	691	706	692	685	2438.431392
700	719	684	696	708	689	681	696	691	713	676	695	704	705	694	697	718	690	698	713	723	698	688	703	685	685	692	673	687	697	706	687	687	718	699	685	699	703	687	689	694	696	700	682	711	705	686	702	686	685	684	697	693	697	686	684	689	707	696	685	672	712	688	707	686	696	687	704	705	676	710	731	692	704	698	687	687	681	671	683	693	685	702	687	703	695	685	682	694	711	666	694	696	688	713	676	2440.118085
692	692	705	719	700	696	712	699	725	700	680	694	669	683	671	698	684	694	684	683	703	689	717	698	703	685	676	701	696	711	678	690	687	692	715	704	700	706	698	706	719	707	701	712	695	678	690	692	665	664	684	689	683	718	690	707	686	706	687	684	704	682	692	693	684	705	695	677	709	724	721	700	691	669	671	690	696	712	688	712	690	703	672	686	683	708	682	707	711	700	691	689	692	684	697	692	2441.793623
682	704	703	702	703	737	690	690	713	691	717	704	676	681	694	703	715	726	688	731	693	715	698	723	705	710	695	693	688	708	702	698	716	709	677	671	698	711	715	705	723	696	709	693	706	681	686	708	720	699	667	699	706	691	688	698	718	709	706	733	693	689	683	702	684	700	694	705	698	699	691	704	699	695	701	691	710	694	702	700	696	682	710	706	700	697	714	709	675	692	730	717	686	706	671	695	2443.468615
705	703	676	708	713	685	686	704	701	703	684	709	694	688	694	697	690	694	710	712	706	694	700	715	717	698	710	685	707	717	696	712	703	696	699	710	701	671	682	708	695	701	711	686	716	709	693	677	690	674	670	701	695	703	695	690	692	717	681	682	714	690	702	684	694	676	706	698	702	696	684	720	702	729	676	701	695	672	696	693	681	716	707	744	680	673	696	697	674	708	697	704	710	698	682	702	2445.143063
697	706	720	701	686	690	721	721	693	730	712	683	682	681	694	708	714	699	705	698	703	669	715	667	690	715	700	706	698	694	711	695	678	705	684	710	706	705	690	698	725	689	674	702	699	714	687	698	722	728	679	677	723	713	686	684	703	687	723	709	700	695	696	698	705	696	692	689	679	699	684	711	684	712	667	700	694	697	694	689	698	696	713	712	702	690	704	679	710	703	707	699	699	692	702	701	2446.827559
684	722	703	708	699	683	716	697	714	678	702	730	716	729	705	713	725	717	724	719	694	714	696	707	710	695	715	705	705	684	704	683	703	713	729	701	697	716	705	709	732	709	719	725	693	701	700	686	701	702	668	699	695	689	698	710	692	698	674	709	710	696	697	693	682	683	687	710	703	707	705	710	694	727	711	698	690	698	700	681	704	697	680	684	701	695	699	683	684	687	699	670	687	703	684	696	2448.500915
687	709	707	733	729	701	723	682	687	711	700	705	700	683	692	712	729	718	713	710	725	698	698	707	681	709	716	697	692	666	699	710	727	705	706	704	710	709	714	690	707	694	691	702	689	683	706	713	694	678	714	698	711	698	680	695	693	711	689	695	704	694	693	729	701	675	694	704	684	699	699	703	706	691	680	668	691	685	699	680	679	698	686	710	705	702	690	701	689	701	727	701	692	713	699	685	2450.173726
704	709	698	708	742	711	728	699	693	708	721	695	708	701	721	729	696	712	700	695	707	709	681	685	686	699	704	677	715	712	703	689	724	707	725	701	723	699	696	686	699	695	707	696	708	715	708	702	675	684	720	697	710	725	732	693	697	711	712	698	692	683	682	701	714	711	691	707	694	696	692	705	699	721	687	714	699	718	713	680	677	699	718	691	705	708	711	705	706	681	681	707	692	712	720	702	2451.845994
715	713	728	691	701	728	706	699	686	717	709	717	706	746	684	720	703	721	712	719	697	692	699	707	695	707	697	701	695	746	687	722	708	707	693	711	720	707	685	715	690	731	742	697	698	688	708	699	710	695	690	691	692	688	707	710	707	715	698	692	706	692	692	719	702	692	715	706	685	691	708	701	693	676	697	714	720	704	718	712	715	727	705	691	690	715	699	707	690	710	693	670	702	682	671	717	2453.517718
714	699	686	716	710	706	741	688	717	725	711	727	718	677	707	705	709	728	702	719	685	710	679	697	712	717	682	711	716	717	723	693	697	709	714	687	709	714	688	699	702	691	707	694	715	696	697	690	692	702	697	704	716	690	692	704	698	696	698	704	711	702	687	694	710	724	713	693	700	702	706	696	724	735	670	678	678	734	697	717	688	700	705	699	685	708	688	709	701	706	699	694	681	701	707	718	2455.178323
680	689	696	685	714	717	680	710	683	709	721	722	709	681	709	713	693	721	719	699	704	692	697	672	725	688	737	704	727	702	708	707	712	702	698	682	690	719	716	701	683	692	718	720	724	692	694	725	712	671	697	702	719	693	704	694	689	716	706	673	720	699	689	677	694	682	700	685	734	725	708	697	699	705	681	716	699	707	710	694	701	708	703	715	685	696	690	690	718	722	710	712	673	716	698	687	2456.848965
689	696	700	724	725	702	715	700	706	706	700	710	710	710	683	673	709	721	691	731	698	716	708	725	691	680	712	730	684	693	687	712	705	706	704	701	712	704	685	712	681	665	716	701	721	709	693	719	706	695	681	668	708	697	700	683	701	693	698	700	698	708	704	681	696	705	703	677	697	702	691	699	683	703	695	717	692	703	691	675	703	727	686	690	708	712	707	706	698	708	698	711	686	687	709	704	2458.519063
714	686	701	701	701	721	724	699	686	723	708	703	675	689	682	701	714	707	712	697	731	686	710	693	681	685	703	712	711	694	695	706	712	702	697	697	703	686	688	685	696	713	712	696	731	697	711	711	715	676	716	717	702	713	674	681	708	695	709	687	695	674	693	704	696	705	692	690	706	700	680	693	717	695	692	717	709	705	690	712	697	695	696	716	702	705	710	698	713	713	696	680	666	701	715	695	2460.18862
692	703	686	701	706	703	691	715	708	734	704	686	690	708	684	702	726	708	724	705	702	682	703	701	697	692	689	708	704	698	723	699	691	695	678	712	720	700	691	689	697	703	727	704	710	694	687	700	695	699	674	706	704	703	686	691	697	709	718	704	701	712	698	679	696	728	701	686	688	705	702	688	705	706	691	680	674	693	685	676	686	705	703	707	703	692	692	696	703	714	716	699	677	696	694	672	2461.847072
715	697	711	718	721	710	685	720	684	704	685	710	694	671	698	714	703	721	697	704	679	706	682	680	688	724	701	716	730	689	686	694	679	713	728	689	695	711	700	711	688	714	690	693	689	681	694	704	704	715	705	708	687	715	684	677	695	701	700	700	718	700	701	680	705	691	711	671	706	686	689	704	701	709	692	692	704	684	716	697	716	697	672	692	688	689	702	703	691	699	720	705	714	673	706	708	2463.515547
689	697	688	702	727	709	704	688	679	702	697	668	675	674	712	704	713	695	697	686	699	676	682	677	664	715	686	692	684	695	707	690	711	705	680	695	717	712	711	681	698	684	679	698	698	711	674	705	700	688	686	696	709	682	697	710	702	699	697	697	700	691	700	699	697	664	695	674	689	716	691	693	677	701	700	690	710	715	670	703	688	707	690	701	677	679	682	696	690	698	693	695	686	713	710	697	2465.172926
709	685	685	691	706	707	692	704	699	719	702	700	697	669	680	684	695	725	678	707	692	680	703	690	706	697	676	694	692	698	680	668	696	700	671	685	688	689	692	718	689	713	683	692	665	721	690	702	697	698	684	691	673	681	706	701	668	696	688	708	688	684	666	707	704	695	693	682	698	699	673	690	714	677	665	686	685	692	683	671	661	682	693	667	682	688	677	690	692	687	688	687	683	666	713	677	2466.840322
703	691	697	697	685	704	707	691	699	693	676	688	687	694	684	698	686	720	698	712	683	693	700	712	709	689	698	714	688	673	681	693	682	693	702	667	702	681	695	696	701	685	678	680	697	671	688	665	710	698	695	689	695	662	689	684	675	691	705	722	684	674	676	689	685	692	677	700	683	693	699	700	694	696	686	685	712	665	680	694	691	690	687	665	693	680	648	679	691	677	692	686	694	686	689	685	2468.496629
685	690	672	699	670	708	696	688	670	690	696	671	667	663	670	702	698	693	693	696	684	709	662	686	685	697	704	707	702	704	662	708	665	665	687	691	689	701	695	704	677	686	660	688	693	651	699	687	678	683	686	693	700	696	684	676	700	670	673	702	694	681	696	689	659	706	663	684	671	698	670	675	672	675	677	693	685	685	680	688	714	691	662	703	685	704	666	688	692	696	683	699	682	702	672	688	2470.152401
672	715	701	692	700	686	706	683	668	704	691	681	673	692	668	704	673	695	705	689	687	687	687	695	712	690	694	676	681	679	683	690	682	690	703	660	686	701	689	693	695	686	694	682	691	690	676	677	682	700	690	665	674	706	671	681	689	689	705	682	685	680	689	689	705	684	669	689	693	702	671	690	694	677	689	686	693	716	672	702	683	674	685	681	671	695	694	692	677	666	699	664	669	683	679	685	2471.818182
705	682	681	694	704	669	700	684	684	706	687	723	680	722	693	701	711	711	705	666	672	690	690	669	662	694	687	688	686	678	671	686	706	679	670	692	713	680	698	671	695	686	686	677	693	677	677	701	682	661	682	674	663	682	690	695	702	676	670	672	692	682	681	659	685	694	684	662	659	695	697	692	693	666	635	682	678	678	690	686	682	672	670	691	658	685	686	683	663	690	691	693	686	684	668	680	2473.472883
679	715	676	705	704	717	714	701	703	690	690	692	693	661	683	681	684	702	684	669	717	681	669	688	684	696	692	673	682	701	681	677	699	681	704	699	703	690	669	722	678	704	691	671	702	688	691	694	684	692	691	693	678	705	692	677	674	683	695	687	685	679	678	696	688	673	705	706	680	705	702	669	669	691	714	689	713	667	697	694	689	686	712	685	664	669	693	732	719	676	682	688	686	695	681	677	2475.127052
694	694	674	694	711	674	690	686	697	704	664	698	665	703	659	681	694	690	682	699	691	694	682	706	700	703	694	665	702	653	697	697	678	683	680	685	673	677	681	689	703	701	699	705	691	692	712	693	693	677	668	698	686	672	691	703	690	691	678	697	697	668	689	681	698	705	704	701	674	678	689	666	682	707	688	681	708	699	685	695	687	673	702	693	683	675	694	662	676	678	693	704	688	687	701	692	2476.780688
707	694	684	718	710	711	696	694	702	662	692	692	674	684	681	693	719	690	677	708	668	671	689	693	695	692	683	708	692	674	693	687	703	678	693	694	669	669	692	701	700	703	693	692	675	685	685	704	673	732	673	707	694	691	675	695	693	700	696	685	694	689	684	690	673	701	680	701	675	681	692	685	704	669	705	680	710	720	679	680	688	702	708	687	691	684	685	679	681	675	701	667	695	676	691	701	2478.43379
703	683	718	691	684	688	689	675	707	702	679	709	685	705	650	698	704	715	691	689	699	689	706	665	689	700	694	708	703	675	692	691	706	685	698	686	698	690	707	705	683	689	680	690	721	680	692	677	714	711	681	680	694	697	710	687	697	684	700	684	698	676	691	679	680	707	696	660	676	710	668	683	683	677	713	686	698	672	697	688	692	705	678	671	727	651	701	677	681	675	689	702	678	695	691	700	2480.086361
671	702	711	678	676	691	690	701	706	695	689	710	698	685	683	679	694	699	704	698	708	719	710	688	695	675	689	717	698	679	702	691	693	690	702	686	690	694	705	679	691	686	691	690	688	704	719	681	698	705	703	683	678	694	699	695	670	686	692	673	680	698	707	681	680	695	671	715	675	679	719	710	719	702	697	698	694	679	680	694	695	697	715	695	684	665	708	677	685	689	695	685	676	718	693	691	2481.738399
710	708	698	696	718	706	689	708	680	719	699	718	693	677	681	709	695	700	698	681	700	687	715	682	690	690	699	699	686	719	684	704	691	709	673	688	683	681	696	685	687	693	669	674	694	709	690	696	694	687	675	677	707	671	675	683	681	704	700	685	694	675	675	705	689	687	711	697	684	689	686	697	708	696	682	701	699	682	687	693	729	709	679	715	705	681	681	701	677	673	689	704	699	691	700	717	2483.389905
685	673	710	699	681	709	692	717	674	697	691	684	701	700	687	707	708	674	706	711	712	684	698	678	690	693	693	677	691	696	717	654	681	730	695	685	711	716	699	704	699	693	705	690	686	693	690	693	693	713	697	689	701	685	682	673	689	704	679	695	705	689	682	702	709	674	684	684	697	681	698	693	676	681	682	704	689	672	694	683	680	684	722	667	685	678	685	705	693	683	686	698	706	694	710	700	2485.030365
693	693	712	709	712	685	685	705	715	704	689	710	678	655	691	721	718	691	712	719	692	690	696	699	705	691	696	699	718	688	689	683	701	706	697	698	684	695	702	686	726	700	685	707	691	699	685	701	707	689	696	686	700	666	687	703	698	685	697	697	692	700	697	665	697	685	740	697	698	699	707	680	694	709	724	695	679	697	683	690	702	702	673	685	696	684	661	669	677	682	697	719	694	707	687	693	2486.680811
703	700	717	708	674	679	707	687	704	720	724	687	681	674	677	711	698	698	668	706	701	679	722	684	695	691	679	711	677	688	686	693	712	704	693	702	668	708	703	690	677	686	691	692	678	691	698	726	690	685	709	687	709	682	663	682	691	686	698	682	705	695	677	699	678	666	677	672	688	696	696	700	678	683	680	701	690	678	694	700	691	709	701	700	691	689	668	697	694	694	655	687	686	676	695	674	2488.330727
693	698	675	683	698	703	689	699	680	699	706	699	680	678	662	693	705	707	702	678	683	676	686	678	702	701	697	704	691	699	687	684	688	653	702	695	685	701	691	679	713	708	735	693	685	702	691	676	690	691	679	713	695	705	669	691	680	700	676	698	694	657	703	695	697	679	666	699	684	694	691	702	694	697	700	686	666	696	679	681	679	687	672	670	693	679	675	713	678	691	685	690	711	692	696	691	2489.969607
683	675	701	683	708	676	697	680	694	676	684	678	676	688	671	704	697	703	681	686	707	693	695	685	680	701	685	687	698	681	704	677	703	725	700	683	642	686	681	693	708	678	697	681	696	674	703	685	685	666	674	676	684	699	685	695	691	674	696	692	665	681	652	679	708	687	701	667	675	699	688	702	677	692	683	668	703	692	662	673	678	684	686	693	695	701	660	670	695	708	681	676	702	681	696	687	2491.618463
694	697	696	681	683	679	688	675	678	702	701	685	677	661	675	705	675	697	710	701	694	697	696	684	691	688	678	683	666	704	681	700	699	699	685	682	664	677	695	691	705	701	696	692	694	689	690	678	682	705	678	682	715	688	680	688	685	699	702	697	696	688	671	701	687	682	697	665	689	685	690	686	700	691	686	686	668	679	659	672	692	678	697	680	699	669	667	722	706	682	704	699	694	692	700	678	2493.256292
677	660	676	707	671	703	674	711	681	699	694	659	687	675	682	686	663	704	704	698	682	671	680	679	689	674	670	696	694	682	694	682	686	679	691	689	691	668	677	686	689	661	686	700	681	685	689	687	683	681	688	659	679	688	673	675	663	697	669	684	673	676	691	665	701	698	691	675	655	678	666	677	690	665	707	704	662	676	678	677	684	694	707	664	687	698	690	688	678	679	658	681	711	702	690	683	2494.904092
682	691	678	675	693	672	682	668	688	665	678	704	675	659	650	711	667	689	695	692	671	669	678	679	667	670	705	677	678	676	676	691	710	688	685	695	690	664	679	675	680	731	668	683	656	694	706	709	701	691	665	670	694	681	675	670	700	692	684	691	687	689	660	671	686	667	672	693	679	680	708	651	685	679	659	677	670	676	665	690	683	692	679	680	658	678	675	668	681	664	677	686	682	701	687	696	2496.540871
701	679	674	704	694	675	695	685	700	685	698	688	672	659	686	676	700	670	689	675	674	672	693	680	701	690	679	686	690	705	690	676	681	676	680	700	688	681	668	656	694	681	694	689	663	690	667	688	684	692	660	690	677	689	694	706	679	688	671	700	692	687	680	712	714	693	675	685	683	674	678	678	672	662	698	683	687	684	699	688	690	682	682	665	668	677	684	684	686	686	686	672	668	706	671	681	2498.177127
719	668	704	681	683	690	702	669	653	706	698	704	694	681	679	678	697	714	677	683	706	677	668	686	697	698	674	692	683	690	664	696	685	680	682	687	687	670	696	698	661	704	673	687	674	686	703	682	668	683	672	693	688	673	679	682	676	682	702	699	654	668	678	676	674	688	689	677	678	691	704	682	688	693	679	655	656	664	674	665	693	672	682	662	671	678	679	675	671	680	682	669	679	677	684	672	2499.81286
711	678	695	682	676	676	675	687	693	696	692	694	670	674	674	707	698	703	671	672	690	680	686	697	695	681	694	685	658	688	681	674	687	715	683	705	701	678	679	699	676	689	683	698	683	658	691	689	675	688	680	678	688	674	684	674	680	684	688	695	700	689	692	704	674	675	649	684	663	667	689	685	685	666	675	701	689	680	662	662	664	699	680	657	682	665	683	685	674	678	681	673	687	682	689	676	2501.448071
689	671	701	680	675	698	675	693	676	667	696	697	671	679	686	713	698	698	692	698	699	685	677	672	704	692	684	688	678	685	693	687	663	683	688	681	720	679	682	685	687	684	701	675	686	692	677	689	681	678	687	693	662	697	676	685	690	703	675	685	669	688	686	699	678	691	675	676	677	677	682	696	676	700	655	686	687	698	675	665	689	691	712	676	684	676	652	702	709	678	685	702	679	664	683	694	2503.093237
671	697	699	700	692	673	689	689	698	704	694	664	682	680	664	686	709	706	696	696	697	693	693	688	698	682	703	671	664	678	673	714	682	692	677	682	676	675	710	680	660	672	676	684	692	674	675	711	664	666	690	693	710	708	676	673	689	672	693	708	679	659	683	683	669	706	695	658	692	690	681	695	691	702	690	677	676	673	687	690	672	685	694	709	694	692	667	699	710	706	701	674	667	683	696	679	2504.7274
690	676	692	678	690	680	685	690	680	669	703	709	682	685	709	702	708	697	687	679	689	684	678	672	693	690	692	705	664	696	699	704	712	700	698	669	663	662	675	684	685	671	708	679	701	694	686	682	684	690	668	694	682	701	703	681	685	687	684	695	697	686	700	690	695	677	659	676	712	671	690	659	676	687	684	687	712	668	674	666	676	702	705	662	664	673	667	696	700	682	684	682	702	687	678	666	2506.361042
700	696	702	694	663	676	701	686	680	701	701	690	679	689	693	693	727	687	681	686	699	671	666	686	660	699	699	683	684	694	703	671	683	704	693	668	707	702	675	675	683	708	669	685	686	691	696	673	679	692	685	670	709	675	680	693	674	690	704	695	698	677	706	708	680	696	698	681	684	657	676	676	680	702	673	679	674	675	691	676	697	681	661	687	694	698	691	683	700	694	698	695	675	687	705	700	2507.983695
696	702	712	710	703	676	697	700	704	713	678	682	674	661	660	692	703	698	688	682	694	708	708	685	667	703	685	687	710	693	683	709	683	691	697	677	696	706	696	691	676	681	694	712	696	688	685	690	690	687	697	678	695	714	681	674	704	716	685	701	691	692	685	682	684	682	676	699	663	691	680	680	692	688	693	689	700	684	655	671	692	705	676	701	705	685	690	687	699	702	681	698	693	691	681	699	2509.616297
703	712	691	702	686	691	697	692	682	690	704	689	687	687	699	703	697	681	681	707	692	670	682	692	670	687	696	693	693	696	694	688	687	701	662	694	710	666	696	671	694	674	672	694	684	689	669	686	678	684	679	703	662	704	679	679	671	705	714	708	685	679	688	681	684	691	668	670	669	672	676	695	699	682	667	689	684	698	685	697	678	683	679	700	698	687	682	710	681	701	672	712	680	687	689	693	2511.248379
670	680	690	707	692	699	676	700	678	677	666	695	648	676	665	719	692	686	698	688	684	690	692	681	699	696	688	683	676	698	680	682	698	677	692	703	710	681	696	681	671	677	701	700	689	684	691	698	682	694	673	697	695	674	694	651	677	690	681	675	687	671	692	678	674	688	693	687	691	709	682	677	689	671	692	688	674	663	681	690	670	685	695	684	674	679	675	686	688	699	682	685	682	675	670	681	2512.879939
664	682	716	667	691	700	696	683	685	693	683	709	676	664	679	692	699	691	700	689	678	682	677	683	674	703	669	691	681	697	677	692	665	703	686	684	700	692	715	670	682	690	698	690	698	680	711	722	695	695	705	687	694	675	666	698	688	682	685	703	697	692	695	681	724	692	692	701	681	696	688	693	676	691	699	679	688	674	686	679	685	677	700	698	688	688	693	680	694	695	686	685	668	682	675	677	2514.500526
670	707	669	669	690	700	704	695	711	713	688	717	679	672	670	689	702	711	666	699	665	686	680	687	689	690	668	697	693	687	679	698	678	679	697	703	692	693	709	675	685	709	686	697	689	695	694	700	678	685	686	725	672	690	684	687	673	673	665	690	704	703	702	690	688	716	702	685	691	699	690	683	685	685	700	702	685	696	681	650	702	674	709	691	702	665	670	691	703	668	687	675	707	681	671	703	2516.131049
695	699	702	703	698	677	711	680	695	681	672	669	692	696	689	708	689	690	704	689	676	707	667	653	711	699	683	695	680	693	692	721	700	706	682	673	709	683	696	681	669	681	682	676	665	701	683	681	688	694	674	668	672	711	698	691	686	688	691	701	684	674	697	663	676	662	699	660	696	692	644	685	684	688	682	683	693	684	678	686	688	687	709	701	686	673	662	683	687	698	703	697	699	671	684	688	2517.750605
697	696	684	702	677	687	700	669	709	693	687	696	701	673	634	689	673	679	691	708	663	702	666	679	676	695	708	701	697	691	688	671	675	719	687	677	682	712	683	693	700	685	718	700	692	686	690	680	673	701	666	699	703	684	687	692	676	698	691	703	677	682	678	705	700	686	686	697	679	694	673	700	677	686	685	685	677	687	666	700	702	684	692	679	710	698	688	677	673	673	676	699	694	715	681	707	2519.380092
675	681	666	701	690	683	693	691	663	695	674	698	670	698	678	718	680	691	691	685	678	671	673	681	684	686	693	704	685	670	701	676	701	689	687	674	691	658	677	678	704	678	678	712	670	671	707	705	690	679	675	671	694	687	659	675	673	689	701	687	641	679	684	696	687	698	687	665	674	679	658	676	672	703	695	675	682	684	688	684	678	715	680	689	683	694	693	679	678	698	683	681	700	705	678	690	2520.998619
681	688	667	694	693	706	696	686	686	661	709	674	688	701	682	682	651	682	693	698	675	693	669	679	690	696	689	694	696	685	702	689	669	670	690	704	688	696	681	687	675	667	704	704	697	698	680	677	688	697	674	683	681	687	680	699	677	666	680	674	699	695	668	699	667	696	682	670	687	680	689	659	695	686	722	675	665	668	678	692	685	664	683	692	668	680	679	677	691	678	700	689	685	700	677	690	2522.627071
684	673	686	685	690	704	679	685	692	701	687	685	649	678	665	686	683	683	661	684	682	690	675	700	675	676	667	658	670	679	661	699	687	660	669	692	670	718	683	684	685	681	696	695	689	699	686	699	675	683	680	667	689	684	660	691	689	683	689	679	690	680	698	698	692	674	666	685	691	674	693	671	691	672	666	678	688	680	673	668	683	689	684	693	688	680	677	671	652	688	687	676	693	688	672	684	2524.244569
686	670	677	679	667	677	684	703	685	673	695	656	649	681	681	696	684	676	674	698	685	682	668	668	683	681	686	699	703	680	682	700	685	678	668	683	655	677	702	719	673	677	666	689	672	685	675	672	669	709	657	676	678	680	681	664	670	664	674	677	671	704	685	674	711	675	672	664	682	670	690	695	690	697	697	674	685	689	659	688	673	685	692	703	666	692	671	678	667	696	680	663	684	688	693	675	2525.861556
663	679	665	687	686	694	691	663	677	671	661	675	686	677	654	696	703	691	673	681	706	679	669	688	664	678	667	674	681	681	674	652	667	663	676	687	684	707	665	663	665	672	693	688	697	674	679	675	685	666	665	680	679	672	654	666	680	678	694	687	668	686	670	664	674	672	680	669	692	687	678	678	679	665	664	672	669	678	690	673	652	677	684	670	675	669	685	671	677	672	670	678	658	681	662	680	2527.478031
659	685	655	685	663	672	669	668	659	673	676	662	652	663	681	692	664	675	665	685	695	644	679	667	701	670	666	669	684	666	680	670	667	675	689	683	699	673	652	674	662	669	672	667	677	669	676	664	650	664	655	644	689	678	661	656	661	675	687	675	686	667	656	682	671	663	688	663	677	674	681	699	672	691	649	672	668	677	690	665	671	687	686	677	698	663	666	676	666	663	656	667	671	675	675	650	2529.093994
677	677	690	677	651	684	693	647	679	683	678	683	676	671	668	666	678	676	678	707	679	675	685	662	677	658	658	674	672	676	683	665	658	667	682	700	675	683	677	662	673	686	680	669	679	665	687	701	672	670	686	669	671	688	670	656	705	675	660	672	693	652	679	674	675	682	676	658	671	668	682	680	677	677	663	694	677	681	697	669	672	654	655	692	655	656	678	684	677	661	673	646	668	693	678	679	2530.709446
675	698	675	696	668	676	693	689	682	679	679	675	689	649	674	668	707	672	678	680	687	664	651	651	679	687	674	653	654	686	671	661	677	654	662	677	682	703	665	677	683	661	666	677	686	689	678	664	664	674	673	669	678	668	676	670	648	681	683	682	664	690	678	666	656	650	652	650	696	690	679	702	678	676	671	667	680	663	669	666	668	665	702	684	665	660	673	693	693	687	666	668	650	666	662	652	2532.324387
690	688	661	670	670	686	664	691	666	701	701	689	667	647	670	659	654	695	699	671	680	680	658	664	682	680	693	672	683	663	694	671	687	661	687	665	664	677	667	674	689	663	678	682	680	658	664	683	692	679	658	668	667	689	669	676	653	680	674	672	657	690	669	652	666	654	666	691	645	659	674	671	677	650	656	680	649	690	661	680	680	664	660	665	648	669	654	674	670	687	657	662	688	656	686	678	2533.938816
643	691	684	676	679	651	656	673	677	684	682	686	657	654	667	684	672	670	672	682	684	654	671	654	660	674	662	675	664	662	655	650	687	662	684	644	668	681	677	688	670	671	666	664	673	654	665	690	657	667	671	667	660	673	664	685	659	669	691	662	679	651	660	675	651	689	684	641	691	664	668	679	682	637	670	671	662	669	669	677	659	667	667	678	660	682	670	659	628	679	680	680	673	670	669	656	2535.552735
679	648	697	670	676	673	677	681	663	688	680	700	666	671	660	680	678	676	672	667	711	680	678	661	702	666	673	652	654	689	684	702	683	680	655	694	676	679	652	668	673	661	687	673	683	682	678	685	666	668	677	661	651	641	681	661	684	668	688	678	662	671	668	670	720	676	665	652	681	684	673	650	706	670	672	684	659	673	675	666	680	658	676	680	682	667	666	666	680	666	674	670	664	687	688	681	2537.166144
664	688	666	659	670	2101	668	662	670	694	680	689	682	681	654	677	700	699	694	664	686	669	681	667	663	672	688	676	664	677	667	676	679	643	665	673	688	652	677	662	662	683	660	684	715	689	676	675	687	686	672	686	679	655	669	683	666	681	688	680	658	685	681	688	697	683	671	670	672	672	670	684	669	653	684	687	674	679	666	682	661	688	666	672	691	654	678	679	665	695	686	684	665	669	694	698	2538.779043
685	668	664	686	682	1487	663	707	674	675	680	696	675	688	675	687	720	696	696	692	676	681	660	701	674	678	688	701	680	670	670	674	693	658	684	676	663	682	684	677	704	680	697	691	676	680	666	669	674	670	667	668	679	688	649	702	654	674	689	705	661	673	690	673	681	690	694	688	674	702	680	660	688	689	662	662	683	676	666	664	676	700	677	673	659	666	669	666	666	686	675	669	666	678	655	680	2540.38103
692	690	677	674	688	647	686	680	674	681	688	665	672	674	669	694	677	680	688	674	700	692	661	678	684	696	685	699	695	677	656	689	672	672	669	679	680	687	665	684	680	688	687	682	689	679	694	683	667	672	675	670	673	707	662	649	669	686	685	670	661	664	673	682	691	661	678	664	669	647	690	665	705	683	656	692	658	673	685	673	695	689	678	665	683	670	675	681	693	683	673	665	662	684	671	663	2541.992913
673	691	669	697	702	684	702	694	671	670	671	684	679	674	690	666	681	678	677	674	688	667	683	684	668	665	675	661	687	693	687	699	679	679	685	669	695	677	688	679	675	666	674	701	682	682	702	688	660	673	670	654	655	692	672	662	666	671	673	677	671	689	673	671	686	679	685	673	659	678	659	702	692	664	670	694	673	681	669	669	666	676	670	656	679	710	668	699	678	692	677	693	683	677	702	675	2543.604285
678	691	685	685	691	683	670	703	672	679	691	708	665	659	682	701	678	685	683	661	672	682	670	697	688	676	677	677	680	675	678	691	674	665	686	689	695	684	680	677	664	659	672	699	669	664	667	659	675	650	681	683	670	687	672	686	678	675	685	697	671	680	694	675	680	691	646	679	658	690	681	678	671	666	671	661	677	671	693	692	660	678	684	685	685	680	660	657	676	672	672	676	660	673	662	670	2545.204758
689	700	672	684	686	666	668	661	682	702	719	678	689	673	686	697	697	668	657	663	689	666	655	687	651	681	666	684	698	678	703	690	697	672	682	679	676	671	684	667	691	685	702	672	666	676	672	694	676	678	697	691	698	669	693	679	666	680	684	655	680	680	680	674	691	688	666	665	673	671	673	676	696	668	653	652	676	675	708	676	672	690	683	677	645	654	688	681	688	676	690	684	684	683	664	673	2546.804728
691	682	695	709	701	678	690	674	694	672	695	674	667	660	674	670	668	688	687	698	672	669	662	681	689	683	669	673	674	633	681	666	702	671	700	674	701	687	670	675	690	665	704	678	660	668	691	675	674	673	705	670	654	678	648	682	669	679	680	671	672	658	690	684	682	671	706	698	675	662	666	691	671	688	691	673	708	670	654	665	678	677	677	674	662	665	686	681	684	687	668	686	645	677	668	683	2548.414581
671	684	679	686	675	668	671	669	681	697	678	689	666	674	662	672	711	668	686	692	681	678	680	680	681	675	683	676	671	653	669	691	690	672	705	667	675	656	663	684	692	670	669	685	674	670	682	664	664	685	703	693	683	656	689	678	686	674	706	678	684	693	665	671	685	662	664	657	689	662	666	677	691	679	646	679	677	680	662	650	664	673	675	676	675	671	689	690	680	685	645	699	663	686	666	667	2550.013543
676	675	676	675	664	662	697	667	669	682	700	680	676	692	668	681	686	689	666	692	682	662	679	649	673	650	690	667	680	648	671	677	676	687	664	682	690	669	679	685	677	685	661	678	695	700	690	707	659	675	667	671	687	675	684	665	689	680	674	680	682	650	650	684	664	690	682	651	673	667	679	661	664	676	674	688	680	679	671	664	672	680	674	668	673	661	660	676	689	683	686	682	678	674	673	664	2551.612004
675	687	690	684	682	666	678	680	679	693	681	687	674	648	672	702	673	686	673	684	682	654	699	662	653	687	668	670	674	662	674	672	667	681	690	655	691	668	670	670	664	660	666	658	685	679	699	661	666	671	651	672	681	694	662	668	685	680	670	683	670	647	675	654	660	679	673	660	669	649	664	696	696	704	668	670	676	674	667	667	678	695	668	659	676	697	669	660	664	662	676	683	683	650	672	667	2553.220339
684	671	683	675	675	704	672	681	682	677	671	663	656	677	637	674	668	677	685	680	664	684	686	669	670	663	690	676	668	665	671	685	662	661	669	664	670	662	674	669	646	696	669	661	687	695	672	685	666	668	686	701	691	654	670	673	664	671	673	683	666	676	661	675	652	669	677	623	677	661	684	655	688	691	681	676	680	670	655	658	662	694	668	654	668	678	656	678	666	679	669	698	665	678	687	662	2554.817794
670	672	681	665	669	684	681	681	664	640	692	678	653	661	671	692	684	664	658	657	661	647	671	672	681	679	680	684	659	654	663	668	652	664	677	654	685	673	674	673	670	664	689	697	673	688	660	681	664	676	661	671	676	659	671	680	659	675	655	656	661	674	673	668	652	665	642	667	657	655	673	696	643	667	679	688	662	687	666	666	682	657	672	683	657	660	663	676	664	670	666	666	674	675	681	654	2556.414748
656	690	694	689	670	670	667	666	678	649	677	674	684	655	683	675	684	672	657	660	681	662	662	670	664	657	676	649	685	685	695	672	684	682	650	665	662	645	653	662	661	656	672	662	660	669	667	665	670	661	664	686	679	662	683	663	664	671	689	648	648	656	658	664	680	663	655	649	638	672	661	664	654	674	656	676	657	649	653	649	659	680	661	669	655	682	668	656	675	688	655	654	657	647	681	676	2558.011201
680	658	664	682	677	667	692	670	675	682	675	686	628	650	648	653	675	686	662	651	655	647	673	680	671	652	674	655	654	684	663	685	657	669	668	665	689	642	670	663	668	646	680	673	656	669	670	674	670	642	666	651	672	677	656	651	681	674	672	673	667	652	637	664	650	666	658	666	658	668	666	674	668	662	664	657	673	672	657	650	667	654	676	643	659	667	639	673	670	626	653	666	643	656	656	689	2559.607154
657	689	672	675	682	663	667	663	668	673	661	668	666	646	640	665	654	668	657	678	680	654	666	654	670	654	658	665	648	672	655	664	692	683	685	674	665	694	695	693	670	678	655	657	653	685	688	658	683	671	671	666	671	661	666	649	671	661	660	671	653	672	660	659	650	667	665	684	683	672	665	661	679	661	675	661	670	662	663	670	653	655	679	656	661	651	650	673	666	661	694	654	653	648	653	656	2561.202607
650	662	642	664	665	657	667	678	689	688	689	655	669	662	666	680	656	679	661	675	669	654	670	657	674	662	648	636	683	681	649	659	654	669	672	631	682	656	665	657	656	648	678	682	669	676	659	663	672	646	668	661	671	647	670	661	675	670	672	646	678	676	672	665	669	680	653	643	655	673	670	664	654	666	684	657	664	652	668	678	663	679	677	693	676	654	647	674	665	657	675	665	656	644	667	667	2562.787204
673	674	677	665	688	678	672	678	683	664	665	670	656	670	658	678	681	693	666	661	669	681	659	664	633	687	688	674	655	668	650	689	682	692	673	656	671	667	657	663	665	711	662	668	657	643	674	662	662	640	670	638	650	671	675	656	673	685	657	669	691	673	678	670	686	689	663	664	674	664	663	688	667	674	668	655	665	651	669	665	669	670	681	675	652	658	670	676	674	689	681	678	668	672	674	698	2564.38166
676	677	677	664	665	674	680	669	654	665	690	667	694	663	637	674	681	672	660	665	681	668	669	663	669	688	673	657	678	662	657	671	657	665	684	671	670	680	662	679	662	669	667	694	656	658	654	662	678	654	667	668	679	681	669	650	677	669	672	673	678	657	652	671	665	669	664	678	683	659	673	649	676	675	655	679	667	666	674	669	647	661	675	660	660	675	651	664	648	658	689	664	659	666	671	665	2565.975616
673	689	671	686	688	677	683	657	655	641	673	656	677	655	667	690	682	706	662	674	676	662	687	681	668	661	671	671	664	657	673	652	688	688	683	671	671	655	701	678	685	671	668	683	664	665	691	685	656	648	668	665	663	671	656	669	676	668	661	671	673	679	668	648	683	674	679	691	674	653	678	682	655	685	679	673	689	678	679	657	664	679	675	659	669	661	651	685	687	656	675	680	661	697	693	676	2567.558728
676	690	681	682	692	661	669	674	684	674	686	687	669	664	657	666	675	698	658	675	671	664	672	695	667	682	660	685	697	670	695	676	668	673	663	682	674	673	672	671	684	673	664	695	668	666	694	682	651	673	673	685	667	677	678	678	689	676	680	673	684	679	648	707	673	689	656	668	663	644	657	666	675	653	676	672	660	669	652	665	688	661	663	669	675	688	674	664	670	680	691	683	679	674	664	669	2569.151689
671	673	661	665	680	670	668	682	675	655	672	671	671	669	645	687	672	675	671	687	674	657	673	695	653	660	663	661	685	668	668	676	657	686	661	667	669	667	689	677	669	682	694	669	666	678	672	660	649	678	671	680	656	694	662	671	674	665	677	682	678	670	668	670	681	687	686	670	670	654	662	646	673	668	674	662	660	677	658	655	670	692	666	681	673	663	663	665	697	675	677	650	664	677	645	673	2570.733812
681	678	680	692	650	688	671	695	678	672	669	688	673	645	665	670	669	697	660	665	667	690	692	677	670	690	708	690	683	688	683	682	682	675	655	690	655	673	704	668	681	683	674	676	657	673	680	679	681	680	655	677	677	682	678	657	684	693	671	654	670	663	677	676	683	662	666	673	671	652	653	657	671	681	675	669	649	676	667	672	654	678	667	686	647	700	673	678	682	670	660	680	703	702	709	683	2572.325779
660	685	676	686	673	673	665	680	675	678	686	681	653	664	676	688	703	686	656	679	659	676	674	667	682	649	679	655	676	686	677	691	663	686	660	676	670	682	678	669	668	665	679	677	678	663	685	682	658	677	652	665	656	658	670	680	678	659	687	678	664	664	683	671	661	679	678	669	673	675	680	682	671	689	683	672	696	661	688	674	672	673	674	693	665	665	668	691	681	670	674	685	663	663	666	659	2573.906915
676	682	674	693	687	698	666	676	675	677	696	680	665	660	672	686	683	693	692	668	687	693	667	688	674	663	675	689	667	677	674	677	676	666	679	671	676	670	685	650	653	678	666	685	675	666	667	680	694	684	654	676	669	654	683	670	669	687	686	658	671	690	661	662	683	663	675	677	666	683	697	675	672	651	668	666	678	664	684	667	664	678	666	686	661	663	684	656	669	676	674	683	665	676	663	666	2575.497888
652	656	668	678	689	681	674	672	668	703	681	685	661	631	662	686	685	675	662	704	670	663	686	667	687	659	672	691	649	683	675	655	682	653	670	662	687	681	672	694	680	653	655	671	678	670	676	672	647	663	665	674	668	660	665	685	658	673	698	694	661	685	677	674	663	659	696	678	662	643	684	662	674	670	697	680	691	662	633	670	682	696	695	671	671	693	686	682	650	668	677	659	695	661	674	676	2577.078038
682	672	693	686	687	668	668	668	676	689	709	688	676	662	658	649	671	677	649	666	712	676	690	671	679	693	667	645	674	662	669	681	684	690	668	679	675	671	663	701	661	693	678	660	649	670	647	694	687	695	679	647	686	677	659	643	678	668	675	697	654	683	674	669	664	674	692	663	686	675	696	670	686	675	669	659	670	667	669	650	675	664	693	694	676	654	646	699	668	681	678	675	692	647	685	675	2578.657696
672	668	686	680	683	674	686	670	670	694	697	663	671	677	679	684	646	698	670	693	672	687	664	662	655	687	655	680	657	660	680	670	657	655	669	700	663	668	665	682	676	664	682	676	662	668	650	683	680	681	663	682	679	657	682	663	660	656	680	685	661	670	669	668	664	658	665	679	671	673	668	679	688	655	677	671	654	677	656	660	655	691	666	672	663	686	666	677	669	700	669	674	677	680	672	695	2580.236863
662	663	684	673	667	650	686	650	654	667	687	686	660	656	664	649	670	670	654	667	678	656	680	650	650	656	654	653	676	685	666	643	681	673	681	663	684	687	669	676	680	678	673	678	670	655	647	663	655	688	672	661	677	661	660	669	667	691	668	671	655	661	675	639	668	683	650	666	670	667	666	671	653	654	676	656	657	675	667	664	629	678	665	665	678	660	664	659	686	675	680	666	663	677	683	687	2581.815539
665	678	660	663	671	672	659	668	657	684	658	678	653	657	672	710	672	672	675	676	670	675	664	669	687	682	684	669	662	651	679	682	659	651	666	657	672	668	673	670	658	652	670	666	655	674	643	664	657	660	653	660	684	666	666	673	642	639	652	676	657	679	673	667	656	653	674	656	678	684	655	663	661	664	658	657	683	652	658	660	675	663	662	654	662	667	661	669	665	664	671	658	666	678	671	670	2583.393725
653	672	678	658	679	675	672	680	690	667	662	674	669	659	643	675	668	678	686	653	677	653	652	648	674	659	666	663	657	670	657	657	664	647	666	673	672	687	638	664	686	662	653	663	674	651	655	674	668	673	683	692	663	678	640	661	673	672	660	653	678	679	686	676	659	652	672	673	659	671	663	647	664	669	672	662	679	690	643	655	676	683	667	694	653	643	647	681	657	637	687	668	676	661	646	655	2584.97142
655	664	669	657	679	665	660	651	653	666	651	634	670	656	654	657	657	678	658	654	651	672	653	658	652	643	661	662	676	679	655	686	664	665	648	661	654	693	659	654	671	671	667	673	668	653	656	654	661	683	652	646	645	634	660	664	667	675	658	671	668	659	663	669	635	657	656	672	659	661	665	651	662	673	640	683	669	668	667	671	663	650	658	665	671	647	673	654	654	676	647	651	667	650	677	668	2586.548625
672	640	665	662	659	672	670	643	651	672	668	682	673	658	644	661	696	690	670	663	686	647	646	648	668	660	668	644	665	657	672	675	672	671	663	654	682	665	649	676	668	653	701	678	662	670	674	663	672	668	652	666	651	653	655	651	644	668	654	677	656	660	658	674	653	677	644	654	662	653	646	672	665	652	648	666	649	684	674	648	663	659	657	667	688	668	651	660	650	656	659	641	646	662	663	681	2588.125341
661	682	662	638	682	676	651	661	651	679	665	664	654	659	657	671	679	679	670	667	670	658	667	650	650	644	668	659	696	664	667	674	649	648	667	680	666	679	678	678	655	628	664	681	656	678	655	665	662	656	667	671	646	670	643	657	650	656	676	670	672	668	656	654	657	674	662	685	667	668	668	667	660	662	635	656	675	660	655	670	658	667	645	657	673	654	642	667	684	643	662	667	662	650	661	662	2589.701566
680	665	680	676	647	672	661	643	661	646	657	666	681	652	658	661	661	654	671	674	664	661	665	633	657	656	635	661	649	685	672	668	643	676	660	653	638	697	652	670	647	661	681	663	690	639	681	659	669	650	668	644	658	633	677	675	652	672	645	671	676	663	642	666	662	679	658	669	656	631	655	685	653	659	675	660	652	653	673	663	653	654	671	662	648	662	662	671	660	647	650	669	650	665	677	672	2591.277302
662	672	660	651	642	674	667	676	652	660	657	639	643	671	648	669	676	664	664	648	651	668	641	650	666	676	659	660	670	649	670	661	661	674	667	651	678	649	676	650	662	653	664	658	651	633	646	648	686	656	665	659	651	683	667	664	654	667	672	634	659	634	663	678	652	672	636	646	642	664	659	665	656	666	667	666	646	665	646	641	647	661	658	631	654	650	668	658	653	652	644	650	652	651	641	655	2592.842255
641	659	639	643	675	656	675	661	668	673	669	673	660	663	649	655	651	681	666	673	662	649	644	659	659	669	672	667	656	657	671	636	653	660	655	657	663	657	642	654	673	660	667	651	667	675	650	671	672	646	641	669	668	652	677	651	643	676	665	645	666	666	637	666	667	657	654	639	646	639	673	681	656	677	652	676	640	664	658	665	664	666	650	660	676	669	682	656	654	680	677	669	683	658	642	678	2594.417016
662	666	668	652	663	643	650	682	674	660	676	641	630	649	668	651	675	668	669	665	648	657	654	661	652	668	669	662	653	660	670	663	667	650	663	662	671	665	651	658	667	642	664	651	645	649	660	640	656	662	654	654	644	670	665	662	661	676	677	650	660	650	675	654	657	686	663	651	648	658	645	678	649	668	659	679	655	687	654	657	653	651	660	663	644	659	656	665	663	653	650	681	645	666	635	670	2595.981001
676	651	683	672	657	666	642	679	659	656	673	675	666	645	667	680	675	671	662	685	668	676	662	680	647	649	662	642	655	665	655	674	643	677	671	662	656	676	664	675	652	678	667	649	644	674	662	651	646	659	658	639	680	666	664	679	670	634	652	666	672	669	642	653	670	681	642	666	675	666	663	659	657	640	675	626	666	660	651	642	665	682	647	663	675	649	653	658	683	642	677	683	649	645	655	668	2597.554788
642	680	637	657	664	656	663	678	664	661	690	674	638	648	674	652	685	656	677	662	659	687	660	644	662	652	667	671	670	648	655	685	664	630	673	653	659	681	654	673	681	671	677	673	670	677	676	666	668	649	642	641	642	653	651	643	674	661	641	669	651	668	682	660	644	652	660	657	647	672	677	671	665	671	661	649	669	671	649	658	646	680	650	667	655	651	658	660	642	644	672	640	650	649	669	678	2599.117806
669	677	687	654	664	664	667	661	666	669	678	672	666	649	685	667	672	674	662	661	660	658	666	665	659	651	670	669	672	656	666	698	669	673	677	654	656	679	680	669	695	664	672	661	674	672	680	658	653	656	660	665	642	678	676	670	661	673	665	684	661	650	648	677	690	652	656	665	657	661	665	660	659	659	654	645	636	650	649	674	651	656	679	649	660	683	668	673	666	667	683	660	673	659	661	659	2600.690619
667	652	647	667	653	682	666	658	666	669	675	687	660	649	650	659	673	653	664	674	676	664	676	627	677	670	671	677	637	655	655	652	680	682	657	648	692	669	650	679	653	662	655	675	656	660	662	656	668	675	665	650	671	674	662	671	669	673	668	649	662	641	667	651	664	671	669	635	645	633	657	638	668	662	674	682	666	658	665	674	638	677	679	669	652	669	655	659	664	673	673	663	660	644	646	665	2602.25267
674	662	673	664	668	670	650	652	677	664	684	692	657	669	671	679	673	677	655	656	664	661	668	667	682	666	668	670	651	658	684	653	664	679	645	656	659	677	680	669	660	684	680	689	661	648	647	653	682	669	670	690	652	658	652	663	656	651	672	672	661	658	665	677	682	652	668	678	666	666	671	676	678	665	679	663	668	671	690	664	658	684	667	657	646	662	648	676	690	665	681	650	655	683	662	686	2603.81424
683	670	667	679	664	677	667	651	664	692	669	670	655	656	664	704	677	680	662	668	670	652	688	670	656	674	662	652	689	679	639	666	671	680	673	667	676	680	666	671	676	659	686	671	672	666	682	678	677	673	678	676	644	662	660	664	675	674	648	661	638	667	660	672	661	665	677	661	687	661	688	668	669	662	673	673	665	672	682	658	662	650	662	654	670	662	652	677	674	686	652	671	667	666	658	671	2605.375329
654	640	688	648	676	657	671	676	678	680	677	661	661	650	661	661	683	692	675	664	657	664	662	666	673	688	650	660	688	673	660	683	678	675	665	662	638	657	685	663	680	656	661	669	671	641	657	664	657	667	681	677	670	683	664	676	665	676	662	664	684	678	665	678	663	658	675	670	662	658	647	649	647	672	660	682	654	668	645	658	640	657	653	686	672	656	663	670	667	684	657	657	666	656	666	679	2606.935936
667	671	665	675	658	686	652	677	658	661	675	670	675	675	667	680	688	680	661	676	676	660	642	634	656	675	671	646	651	665	655	675	682	683	672	666	668	672	679	649	681	674	692	677	669	672	668	717	665	653	667	675	652	669	677	672	659	663	671	660	655	635	686	680	673	660	678	661	672	667	678	692	668	663	674	661	677	659	652	669	664	667	646	659	669	677	657	644	668	664	666	650	675	645	670	680	2608.506326
669	676	681	673	672	686	667	674	668	673	666	670	675	668	655	662	667	651	676	673	659	665	695	660	659	668	657	667	672	660	647	669	669	666	662	693	676	670	672	687	667	646	684	662	668	687	662	677	676	666	653	667	649	675	638	673	682	654	688	663	654	689	669	656	663	666	671	658	660	654	664	689	661	653	656	661	651	674	656	659	686	666	654	669	680	690	659	659	668	663	659	681	678	676	670	654	2610.06597
690	675	664	682	650	652	652	679	676	650	657	678	659	665	656	696	669	671	681	666	666	671	678	685	670	666	675	687	658	659	671	667	658	683	649	655	668	656	666	666	663	662	682	672	677	676	672	646	660	674	661	648	668	678	657	671	666	656	694	689	688	638	672	672	654	665	670	634	671	667	672	666	648	669	653	661	649	654	664	678	664	656	654	656	651	661	670	673	665	675	658	669	670	682	668	647	2611.614877
677	653	662	652	652	672	689	647	681	702	685	682	670	662	659	669	689	700	677	658	663	658	637	674	662	643	673	647	672	663	670	659	668	664	660	652	670	669	651	667	678	668	667	683	676	676	656	654	655	664	669	656	660	669	662	669	642	669	657	670	662	658	672	682	660	684	659	662	654	668	671	668	689	683	680	686	661	672	665	666	645	681	657	652	665	666	669	657	650	686	684	681	666	666	660	678	2613.173564
663	666	667	665	664	689	686	659	673	694	676	668	663	667	687	656	669	678	676	671	688	666	668	668	654	678	674	657	665	669	684	672	677	668	638	659	643	658	671	652	681	669	649	669	654	687	665	658	683	671	646	648	656	676	675	665	666	673	676	663	638	657	657	644	669	655	661	676	657	637	659	662	678	660	677	657	666	660	647	660	665	650	642	651	660	670	668	634	655	660	671	685	683	676	678	669	2614.731771
672	682	659	663	660	667	658	677	670	647	665	662	655	654	662	653	665	662	658	666	661	657	658	664	665	646	666	651	644	654	667	672	674	672	676	647	661	668	647	674	682	672	654	683	661	679	655	680	655	685	661	652	645	669	660	650	671	675	675	691	664	659	661	655	652	668	653	663	663	651	663	670	648	678	651	660	664	671	661	663	668	658	667	664	643	661	643	661	673	664	665	666	670	658	650	667	2616.289498
649	664	659	663	681	663	647	667	649	665	675	674	650	653	675	693	682	644	665	654	670	655	661	660	647	662	646	652	661	679	670	658	661	666	668	659	667	688	645	659	639	685	666	679	655	662	641	666	655	650	673	667	672	667	651	662	660	637	651	666	672	640	660	662	651	651	676	657	646	661	656	632	656	667	649	644	680	657	681	665	669	676	638	637	650	650	658	670	664	657	668	642	651	663	657	638	2617.846746
652	667	668	633	660	649	669	675	660	670	654	667	669	664	678	657	667	656	679	668	659	659	645	651	666	651	676	663	650	667	652	653	660	672	639	645	678	687	664	646	657	672	668	653	651	686	648	667	663	672	648	656	680	649	663	650	648	669	686	668	652	661	656	648	666	683	683	672	640	663	649	656	670	649	656	651	661	673	652	664	671	637	662	667	661	649	647	680	663	653	622	639	661	645	662	664	2619.393275
662	641	665	666	669	651	658	667	660	674	670	677	669	669	656	680	650	665	663	655	672	674	657	642	659	670	664	645	661	653	689	642	648	660	663	666	670	671	678	637	652	671	656	656	676	658	659	672	691	660	664	652	678	658	658	641	660	670	665	641	684	664	675	661	670	662	649	676	676	652	651	661	658	667	654	669	675	681	658	638	656	653	660	667	640	678	654	634	689	685	672	664	650	657	657	658	2620.949569
665	645	665	662	683	661	669	645	672	643	664	664	660	670	665	664	659	680	669	648	663	674	660	650	657	664	648	661	647	662	664	671	641	651	670	664	694	663	664	666	648	657	678	675	675	648	650	686	646	675	667	673	668	664	653	684	659	660	635	637	640	663	675	668	635	678	661	674	639	621	644	655	661	650	650	640	674	653	663	644	651	652	660	665	666	672	628	649	654	634	644	660	667	645	656	658	2622.495149
683	687	669	655	677	666	667	662	660	660	686	671	655	658	658	685	675	656	667	673	669	648	651	645	635	657	671	657	650	672	651	654	679	652	667	705	670	667	664	669	644	655	652	632	652	657	663	661	651	671	646	664	650	648	652	662	657	665	681	661	661	653	648	654	678	659	658	661	666	654	643	666	679	652	660	663	647	651	645	660	654	678	645	648	663	667	661	653	670	659	673	673	658	661	662	653	2624.050489
671	667	681	679	659	676	663	664	659	689	665	648	655	659	663	633	642	681	649	656	665	676	637	659	668	662	655	656	671	674	672	660	671	674	681	650	666	655	656	677	663	661	638	663	666	642	645	666	678	652	663	652	656	654	647	685	682	655	650	659	675	652	664	672	653	677	666	652	645	670	663	639	664	664	661	658	667	678	662	642	660	675	684	675	662	681	667	661	665	669	661	646	655	668	677	667	2625.595123
666	651	655	672	674	680	671	655	676	677	703	652	651	652	670	669	671	656	681	670	661	664	669	693	654	672	666	667	668	631	664	659	656	636	661	666	667	650	688	656	664	676	661	653	678	644	672	665	654	665	652	642	684	633	666	667	663	680	659	642	671	667	653	665	660	670	650	653	686	662	657	646	643	662	637	653	695	638	664	637	648	659	678	646	649	676	651	653	678	680	672	669	663	662	664	655	2627.139284
654	649	662	662	688	663	683	657	652	663	672	670	658	639	660	638	682	669	658	656	657	658	684	655	639	643	670	637	674	661	675	649	665	654	651	660	667	679	659	668	666	681	652	658	647	669	646	675	674	662	653	646	641	654	650	659	653	640	669	671	648	648	661	681	661	662	670	672	659	673	651	667	672	669	660	654	663	666	654	642	659	669	663	661	644	679	650	665	675	679	656	660	667	658	666	662	2628.693196
658	657	660	633	663	655	665	656	660	652	665	670	666	658	651	653	690	658	670	671	669	661	669	627	664	674	652	655	669	663	680	662	663	662	683	672	674	661	662	677	692	666	662	659	652	670	666	687	682	675	669	668	662	668	661	671	667	661	673	669	645	667	672	664	673	657	661	668	672	656	660	640	681	662	660	693	658	661	644	667	644	644	648	662	647	655	666	651	666	666	663	683	672	641	662	666	2630.236413
679	666	685	664	676	662	695	670	663	656	670	671	668	671	661	666	673	636	682	674	670	663	660	668	679	675	665	687	678	664	666	647	670	653	668	674	667	640	681	656	671	657	664	675	680	659	656	641	670	648	652	677	648	660	649	678	666	661	682	669	689	663	662	673	662	680	660	666	673	679	658	664	673	636	668	653	652	664	658	659	672	652	668	672	679	663	681	676	678	665	640	649	659	648	656	643	2631.779158
661	666	675	669	682	681	672	668	663	664	673	695	651	642	637	668	693	670	654	673	652	655	661	639	664	679	660	662	698	670	651	665	670	670	659	678	683	677	682	664	636	641	662	664	671	661	680	671	663	658	665	685	695	663	662	656	673	679	671	663	654	672	654	675	663	669	678	668	661	670	662	649	655	678	662	663	669	668	658	652	648	682	644	671	639	663	674	645	673	658	679	672	673	677	656	673	2633.321432
682	668	654	668	676	684	667	663	663	698	678	668	662	662	675	697	655	698	659	678	678	659	653	675	667	653	656	661	649	678	665	653	669	679	646	676	673	673	676	672	657	685	669	661	679	670	662	672	657	695	689	660	693	664	664	681	668	678	676	655	684	676	645	665	671	665	662	679	669	664	696	662	675	688	671	650	650	676	668	668	660	663	679	663	664	674	684	670	672	651	677	657	670	655	657	652	2634.863235
657	680	699	673	670	680	662	660	676	669	668	668	654	662	672	677	680	670	683	692	663	670	673	679	667	681	687	680	674	665	659	664	663	665	666	650	685	663	675	654	686	687	674	672	651	683	688	655	669	666	665	674	672	653	660	684	670	664	671	694	663	675	695	672	672	666	653	655	684	659	687	672	682	668	680	666	665	667	675	667	657	669	673	676	676	674	676	658	653	646	661	643	665	651	647	674	2636.404569
674	659	694	687	677	688	667	678	688	659	667	682	691	667	662	679	664	687	686	705	705	664	677	666	685	682	663	674	656	659	669	678	679	689	640	692	671	656	667	661	698	683	671	670	667	678	668	667	656	685	673	669	674	668	685	668	659	670	674	687	695	680	672	652	665	679	673	669	654	672	678	656	663	693	680	671	652	662	669	674	679	677	681	686	667	665	677	678	678	660	674	701	653	671	657	641	2637.945432
703	679	665	689	690	701	689	684	664	704	688	677	666	668	662	688	694	670	675	669	666	668	658	667	672	667	673	672	680	664	693	671	675	662	667	665	653	655	679	687	682	649	655	676	674	646	660	678	674	658	689	673	686	667	660	672	668	668	669	690	676	655	678	661	681	650	667	651	673	664	665	669	668	666	679	664	689	648	642	681	674	660	678	680	660	660	648	658	667	675	662	647	652	660	659	655	2639.485825
684	697	655	682	685	681	695	693	681	687	699	682	653	653	663	677	689	706	681	674	644	664	680	664	673	661	664	677	663	677	666	655	684	688	681	667	680	661	657	676	658	677	680	670	674	651	685	671	686	656	643	655	685	678	670	672	679	666	686	672	661	674	657	675	665	669	693	677	673	668	668	674	674	667	692	686	691	687	702	663	678	663	659	669	677	682	664	704	661	670	668	684	677	658	642	679	2641.025748
688	667	673	661	680	665	664	682	663	664	692	667	662	672	669	675	681	673	677	683	671	657	677	651	667	668	655	676	687	656	671	675	692	650	681	663	663	691	658	682	675	667	692	667	664	673	657	661	655	666	680	674	663	650	652	665	643	693	659	667	662	666	647	677	677	665	674	658	666	670	680	666	680	654	671	676	667	661	651	678	654	693	678	662	659	669	655	669	655	667	657	676	654	656	659	684	2642.555008
672	660	659	671	658	654	667	678	663	678	679	667	673	650	628	683	696	658	674	680	676	662	643	675	668	677	687	656	665	661	651	676	672	660	665	677	678	678	671	658	629	678	671	658	654	671	665	687	682	673	675	661	640	648	668	649	662	664	674	667	662	686	644	666	678	669	674	668	666	659	669	650	658	651	648	655	631	663	677	658	649	657	644	670	648	655	675	659	658	665	666	666	672	652	685	652	2644.093996
670	680	641	645	667	649	676	664	681	680	673	665	660	660	672	664	682	667	653	684	672	679	663	681	648	672	660	658	671	654	661	663	669	662	660	679	674	668	646	677	670	685	663	679	677	643	665	677	658	652	663	686	657	662	662	682	669	674	665	673	675	687	700	672	660	683	642	680	673	663	671	673	671	671	682	679	667	671	648	648	657	666	657	680	664	660	667	676	664	678	671	676	671	676	667	650	2645.632514
688	658	686	672	674	667	673	661	674	665	685	681	637	666	658	662	680	673	648	662	654	658	662	682	657	664	653	660	644	659	663	669	652	646	674	664	654	687	684	684	687	671	652	660	672	657	673	679	653	660	659	661	687	662	666	669	668	679	665	651	676	668	644	664	681	676	673	652	662	660	673	668	647	653	685	667	679	660	659	665	640	676	651	672	655	677	655	652	661	681	667	646	664	665	680	664	2647.160379
644	659	660	664	660	659	665	653	660	657	655	666	656	659	652	670	676	659	674	654	653	653	657	665	670	654	641	647	674	663	648	668	685	671	667	642	665	693	663	664	654	662	656	648	662	649	657	667	661	652	667	652	646	674	670	662	665	650	653	661	651	665	696	654	671	663	660	647	648	673	662	672	658	666	680	657	659	673	642	671	665	665	685	674	675	660	631	651	656	653	654	678	652	668	678	660	2648.697963
663	663	678	673	665	683	683	668	662	684	671	670	657	658	645	656	642	668	687	675	692	675	651	660	660	674	682	632	654	662	655	666	648	657	652	675	658	672	656	677	664	665	673	675	658	670	667	660	661	667	667	653	670	668	657	658	638	644	677	668	661	667	640	649	650	653	662	677	678	685	631	667	671	654	663	659	673	665	658	636	637	658	651	648	701	668	656	668	636	654	677	639	690	658	649	635	2650.224901
661	663	649	683	677	652	663	648	674	655	677	687	647	675	638	684	655	673	646	673	653	650	692	666	648	667	651	652	669	661	664	656	665	666	657	646	663	663	640	662	658	667	659	670	662	669	662	654	673	681	664	662	639	651	650	651	673	670	666	666	660	651	652	665	652	658	653	663	663	654	651	657	655	664	632	670	663	676	660	649	642	653	664	685	649	640	653	661	657	674	652	671	644	656	644	683	2651.751376
677	652	659	661	659	693	653	658	675	684	666	681	635	662	674	662	677	672	665	650	653	652	647	651	668	670	656	662	661	668	659	639	663	647	674	661	654	655	660	653	683	654	666	664	663	666	653	663	659	645	683	677	648	659	652	662	647	668	671	658	640	686	677	657	663	655	657	659	663	658	652	648	667	648	644	647	648	648	657	656	647	650	674	657	666	673	667	665	659	668	667	648	679	670	656	638	2653.287562
657	667	688	670	655	651	686	665	660	674	674	672	670	641	649	655	648	667	665	675	644	646	697	660	684	659	679	658	657	669	662	677	651	653	660	657	664	674	680	680	661	682	672	681	664	660	684	664	649	664	673	658	662	677	660	661	682	660	658	671	642	669	649	654	667	653	674	663	639	659	667	665	657	642	651	678	657	670	651	643	661	662	673	663	683	656	671	649	653	650	666	644	672	661	658	646	2654.813111
664	652	648	675	670	658	663	659	685	652	663	661	661	652	642	669	664	668	650	634	663	675	637	668	653	661	674	664	665	658	650	662	653	653	655	662	655	669	671	656	654	660	653	657	669	638	668	675	658	679	640	649	645	655	667	645	651	655	662	660	651	632	652	656	663	660	670	672	672	654	673	671	656	660	665	674	677	673	656	644	661	645	648	646	662	666	666	659	650	675	672	662	666	637	664	678	2656.338198
658	659	668	670	684	670	675	663	654	684	671	664	652	671	615	667	656	681	663	657	682	675	665	677	681	667	661	666	654	674	663	661	661	667	667	671	693	660	664	661	649	675	669	668	656	670	662	672	641	681	650	669	660	665	670	637	665	673	668	648	626	650	653	658	631	667	650	659	650	635	663	673	657	657	653	651	655	663	639	659	640	637	667	684	666	652	627	655	660	655	645	661	663	665	666	658	2657.862824
665	677	656	656	656	660	677	639	661	680	672	659	659	654	660	674	666	654	670	677	654	651	675	673	674	666	664	671	645	644	671	647	667	640	671	661	662	681	654	660	654	650	682	672	666	676	657	682	681	677	675	664	674	651	658	651	659	670	677	675	671	666	661	669	662	666	661	680	668	664	674	668	683	656	660	673	661	650	663	647	670	645	648	669	666	655	662	651	675	666	672	670	663	671	663	656	2659.386989
670	686	651	663	685	689	662	666	685	678	663	677	661	660	666	685	680	657	651	690	682	651	666	671	680	661	654	686	657	662	686	667	663	653	675	654	644	651	655	661	659	661	665	682	675	669	650	649	645	671	649	651	662	665	666	673	661	667	674	674	662	647	691	672	675	632	661	680	661	663	661	678	652	663	681	660	658	672	670	661	651	673	662	667	668	657	673	656	659	663	657	649	667	663	652	658	2660.910693
683	662	671	672	669	675	667	678	672	673	674	679	659	666	668	652	654	684	679	651	672	652	649	653	669	664	679	647	671	662	659	658	691	671	651	685	678	671	651	689	667	692	670	679	677	674	660	667	655	648	656	659	656	683	671	651	668	654	653	673	669	674	656	666	667	657	673	662	642	664	652	653	652	657	659	667	664	657	659	641	676	686	660	665	665	668	664	646	669	663	665	660	672	656	655	657	2662.433937
646	697	684	656	676	651	656	660	661	681	704	671	672	663	690	661	705	657	656	667	677	668	688	673	682	668	679	663	682	663	671	666	657	660	698	675	685	669	683	655	684	667	657	669	667	680	644	701	673	663	661	680	658	674	659	661	680	643	666	663	662	668	652	673	661	671	688	657	665	642	670	676	683	677	665	688	665	670	653	638	707	694	661	657	664	650	654	668	672	689	674	658	677	672	684	680	2663.956721
694	685	680	668	667	692	689	678	648	663	666	633	662	681	659	673	684	678	667	681	685	648	651	676	671	670	678	670	662	666	644	665	678	669	664	682	683	672	683	681	691	662	688	670	667	672	675	671	653	659	656	676	654	667	651	661	668	672	680	685	682	663	672	678	678	666	683	648	659	694	657	674	694	660	673	652	663	656	660	669	678	685	680	667	656	684	662	659	666	668	664	680	652	679	655	676	2665.479044
647	685	668	669	654	679	678	679	667	687	655	679	657	666	676	677	685	678	675	662	658	665	673	641	654	655	660	659	659	691	653	675	658	678	687	672	651	682	669	654	666	671	666	694	666	655	676	669	668	656	653	678	680	678	661	670	669	679	660	663	668	680	637	680	673	677	666	672	696	665	649	664	657	670	677	683	677	637	664	650	686	654	674	663	666	681	671	658	671	664	656	661	689	681	662	657	2667.000907
655	686	676	661	675	660	675	667	659	690	681	670	667	661	673	680	680	668	682	668	663	669	676	664	690	676	694	680	682	693	646	632	659	662	680	673	671	664	682	683	683	675	678	707	655	659	675	677	666	654	656	668	662	654	655	659	671	664	670	687	668	660	667	667	664	664	690	674	649	666	656	682	678	684	658	670	677	663	662	658	666	686	661	669	684	665	679	670	658	681	650	683	661	663	675	678	2668.512169
650	686	665	667	656	674	665	675	665	690	675	676	662	674	648	675	656	672	673	684	673	678	663	667	690	681	674	672	682	653	671	661	682	660	647	662	678	672	656	680	685	674	678	673	669	652	673	679	684	666	701	663	691	664	648	675	686	655	679	666	650	651	638	679	645	669	654	653	666	634	663	681	667	659	700	692	660	656	645	690	670	681	649	681	657	667	670	659	677	673	673	651	650	679	676	667	2670.033116
662	656	671	648	693	656	683	687	693	686	663	661	661	651	661	673	673	676	684	657	680	657	659	663	676	672	663	673	680	658	689	655	688	660	660	676	656	666	666	673	666	657	674	665	666	670	658	648	682	645	659	664	653	687	673	670	673	659	653	650	710	638	690	650	672	665	665	664	670	667	658	649	679	672	673	653	653	660	661	667	639	663	656	659	648	659	682	670	667	657	656	689	663	676	664	660	2671.553603
675	697	681	673	668	661	678	671	674	666	681	670	654	674	651	667	686	655	665	692	660	658	664	688	658	664	662	649	666	668	666	665	668	668	657	650	636	680	699	675	680	645	671	668	666	662	666	650	670	665	659	644	661	655	659	687	663	664	676	669	679	677	654	665	641	679	665	658	664	664	663	644	660	663	691	674	663	678	663	656	662	658	682	658	661	662	646	660	651	682	669	675	669	654	681	672	2673.0635
657	679	644	686	684	657	653	670	664	663	682	658	660	659	679	686	669	659	662	656	659	638	649	643	667	674	667	658	670	669	663	685	659	668	691	673	686	666	650	662	678	666	662	645	663	669	686	666	674	679	660	658	653	669	656	648	673	664	654	677	653	646	667	655	653	674	659	669	664	660	661	655	654	663	666	672	671	671	690	673	668	657	676	672	653	652	683	681	681	652	696	669	662	667	685	665	2674.572943
642	674	672	655	665	682	667	664	662	652	654	658	641	658	678	676	664	666	671	680	663	679	662	668	653	657	654	658	688	661	659	675	676	642	672	669	637	644	661	657	649	681	664	667	647	641	662	682	673	665	669	669	637	661	680	660	653	674	647	668	656	648	669	673	668	658	647	653	669	667	682	645	648	694	671	683	637	662	644	658	665	686	666	675	680	649	677	657	648	650	646	660	658	641	666	661	2676.09206
681	667	655	677	658	639	657	668	675	665	683	641	689	683	666	688	672	690	688	657	680	656	671	662	668	676	661	681	658	660	676	667	651	662	657	678	671	685	662	672	686	656	655	655	655	663	679	655	663	675	652	668	669	669	669	688	638	670	660	670	678	648	679	657	663	654	667	646	652	667	682	687	674	649	672	663	657	665	645	648	671	681	665	649	684	670	661	657	667	665	663	652	660	673	664	664	2677.600595
673	670	666	677	668	689	670	659	642	678	674	674	674	662	635	684	661	672	675	665	646	660	647	657	662	683	678	666	654	647	662	667	668	678	682	668	669	679	682	668	644	653	671	663	661	648	657	650	657	667	649	665	672	662	659	660	695	675	660	653	648	646	656	679	670	664	651	662	674	633	683	661	666	672	652	659	640	684	675	665	656	661	671	638	662	670	661	652	652	658	658	678	660	669	684	658	2679.108679
670	642	649	662	672	661	668	659	678	662	667	647	668	643	662	653	656	655	665	652	662	636	677	676	649	657	660	654	646	670	679	668	674	668	684	668	655	666	668	653	664	658	670	641	660	664	667	680	649	664	653	657	666	664	649	658	668	672	654	658	686	663	660	667	641	672	656	671	659	669	663	655	670	664	663	658	664	664	665	662	643	698	665	682	664	635	664	637	673	670	664	649	663	663	644	675	2680.626427
671	662	690	691	670	664	640	659	669	676	666	654	644	643	633	680	675	653	658	664	661	666	645	649	663	650	661	642	677	664	654	651	668	669	636	656	682	690	674	662	670	663	657	652	658	647	690	647	649	658	664	674	658	657	649	666	677	684	660	669	665	664	661	659	669	649	661	642	644	644	645	664	654	645	675	653	651	679	655	671	656	658	638	681	647	665	668	656	651	659	671	652	649	674	650	643	2682.133603
680	644	661	641	646	667	658	666	626	641	666	655	650	653	676	668	657	663	674	670	661	670	664	678	649	665	649	658	669	668	663	641	656	652	655	642	663	670	646	654	667	664	665	654	658	670	632	654	661	662	661	657	636	653	655	665	640	660	676	659	660	660	648	662	645	638	652	637	631	647	661	656	643	664	665	646	651	668	640	653	636	660	652	681	685	680	638	651	674	636	648	648	651	672	635	668	2683.640328
668	647	646	675	651	662	648	677	654	672	639	669	651	665	678	665	650	670	654	685	677	659	651	645	670	681	673	649	659	668	639	666	672	677	660	652	669	679	659	670	647	675	671	670	655	655	664	657	645	641	650	658	663	646	666	668	667	621	664	657	653	663	665	655	660	665	646	657	673	657	652	658	642	653	640	655	641	636	646	648	635	670	659	659	637	654	640	655	640	652	654	641	665	632	670	659	2685.146601
676	692	672	644	669	660	665	667	657	668	638	670	668	652	643	684	691	689	658	667	666	654	664	639	644	642	664	669	670	655	644	630	636	657	641	661	660	658	647	649	663	666	659	669	654	665	642	668	658	664	657	659	681	655	661	633	643	660	658	662	659	643	670	652	638	656	645	651	645	634	658	654	661	637	635	639	638	626	654	636	646	664	659	669	654	660	673	660	672	650	647	660	670	658	660	642	2686.652423
654	684	662	665	633	664	646	661	671	651	674	654	633	669	640	643	663	657	654	667	670	660	655	655	634	663	666	665	675	665	654	667	676	658	668	640	666	669	658	664	656	654	636	674	655	645	639	652	661	638	661	649	668	652	659	626	644	654	655	661	663	654	660	651	647	660	679	651	652	651	648	658	655	657	662	649	630	670	666	643	647	647	636	648	660	636	662	638	652	654	651	662	655	656	661	646	2688.157794
655	678	643	639	654	657	657	672	628	661	642	678	661	643	645	645	668	637	671	648	663	657	638	632	653	640	660	648	653	648	653	650	651	625	648	665	668	643	649	652	671	661	654	664	673	659	649	657	646	663	639	675	662	644	637	637	676	643	640	667	658	660	654	655	670	660	647	668	663	649	632	642	647	661	662	665	638	659	641	643	644	665	646	660	641	647	657	651	638	658	670	638	656	659	678	667	2689.662714
664	658	659	644	655	673	664	650	642	653	653	679	656	652	636	643	642	652	673	641	641	673	660	672	667	655	642	664	675	666	659	656	659	657	676	666	647	676	656	668	653	657	641	660	637	668	657	660	648	655	664	678	662	642	666	625	659	661	661	668	680	642	656	649	680	660	644	648	654	651	669	657	662	655	650	652	641	668	637	641	657	641	647	646	659	657	653	647	650	665	647	638	667	646	653	655	2691.157088
664	660	652	680	669	675	656	678	669	678	668	654	624	651	656	677	674	665	657	643	665	667	655	644	671	669	642	670	651	676	652	669	647	671	661	657	683	661	686	642	656	664	653	682	663	678	665	683	693	667	647	666	668	656	658	667	656	653	685	655	654	659	664	657	675	655	661	686	654	654	636	662	673	638	670	676	672	656	640	632	659	681	641	658	672	661	667	647	693	669	652	655	659	660	644	670	2692.661111
650	647	647	664	660	670	662	683	645	661	676	651	680	645	660	672	687	685	678	646	654	652	659	677	667	669	666	639	646	661	663	660	648	655	659	651	668	664	643	672	664	658	638	672	661	664	658	676	668	662	643	658	652	670	642	670	677	665	671	695	659	651	652	656	660	674	673	648	659	641	663	670	640	641	650	679	653	658	651	655	666	678	662	667	654	657	647	670	662	650	666	664	654	647	670	662	2694.164683
663	656	680	676	659	645	654	641	675	671	663	648	653	656	676	657	680	681	659	660	658	665	672	669	637	653	670	681	644	657	657	661	658	652	664	673	685	668	679	657	670	660	670	658	661	673	655	655	663	647	657	661	652	654	668	651	655	638	677	656	662	663	694	647	656	653	673	660	665	659	650	646	636	665	644	678	667	656	661	674	653	652	642	658	661	668	652	649	665	689	657	654	666	654	663	650	2695.657718
665	677	660	674	670	670	662	657	675	668	683	682	682	658	651	698	643	662	667	682	647	666	674	669	675	667	659	667	651	630	658	670	650	675	650	652	675	664	667	668	662	662	672	672	671	666	683	689	663	666	665	653	665	647	650	667	671	678	675	674	669	650	662	652	671	680	657	636	645	645	651	653	664	660	656	651	651	676	653	641	665	668	663	671	658	652	654	684	665	657	657	672	655	644	662	663	2697.160393
665	648	687	673	682	669	678	663	684	654	642	666	681	653	663	667	678	667	660	691	668	681	643	680	654	679	670	647	656	650	658	666	644	690	659	663	673	678	672	677	680	686	654	671	684	661	666	642	682	667	643	654	663	664	669	622	658	673	669	664	652	665	657	652	673	686	652	650	654	658	646	657	655	642	666	669	665	670	662	672	684	664	652	675	653	646	662	665	678	678	675	678	659	664	655	667	2698.652539
650	667	656	682	650	659	665	696	654	671	675	672	651	681	672	656	685	675	666	659	651	660	689	675	667	669	663	659	656	688	662	664	661	673	666	681	660	647	679	665	691	669	666	656	662	653	651	667	655	687	680	663	664	654	655	664	671	687	677	678	656	629	666	651	667	655	682	662	660	661	652	656	661	657	673	656	655	664	651	660	669	650	666	663	681	667	659	673	670	653	652	680	656	650	672	674	2700.154318
672	672	668	646	657	666	680	680	671	682	675	671	662	644	674	683	665	683	657	671	681	657	671	676	664	664	668	681	657	675	665	704	654	669	655	660	658	685	679	690	672	685	677	658	663	679	664	665	671	692	649	677	706	669	660	655	670	649	672	660	654	696	675	658	664	649	652	666	679	677	662	659	673	668	678	680	676	661	669	652	669	651	657	664	660	664	689	663	679	677	668	685	650	672	653	658	2701.645573
683	661	657	681	658	662	673	660	670	671	708	674	695	681	637	695	678	666	663	671	664	678	687	672	655	678	669	668	684	662	681	664	673	652	688	684	666	652	671	675	672	671	672	683	683	667	656	662	665	685	680	669	656	651	675	674	668	668	666	674	681	671	680	672	673	646	661	685	664	656	677	671	672	666	667	653	665	656	674	659	642	687	672	650	677	656	675	653	683	680	693	671	649	678	684	652	2703.146458
670	665	664	636	661	640	645	662	647	679	697	675	659	646	653	647	682	672	687	655	690	671	665	668	652	671	678	687	682	693	667	666	669	678	681	651	660	669	662	644	677	669	649	676	663	654	659	654	652	664	663	656	663	673	642	688	661	663	665	658	682	650	659	665	659	672	670	654	663	671	661	683	671	677	645	691	643	671	670	661	664	662	657	670	666	662	683	675	670	660	657	659	659	679	659	667	2704.636824
666	659	657	664	660	671	670	651	681	680	689	678	676	676	658	673	641	679	656	649	663	696	663	678	685	675	663	659	686	653	659	665	650	652	661	668	674	672	656	671	668	678	682	657	662	683	652	672	664	679	658	659	668	666	671	686	671	679	673	666	660	667	661	652	676	689	657	661	665	671	648	691	659	660	649	672	662	669	663	670	665	654	665	697	651	655	661	667	678	687	651	672	695	649	657	654	2706.126749
678	676	690	646	677	642	669	665	653	670	674	673	650	663	661	675	683	657	676	648	672	686	653	685	656	633	666	661	660	648	660	673	643	660	687	678	671	658	679	669	666	659	656	661	689	650	679	656	658	675	654	666	670	656	676	661	669	643	663	663	660	647	653	668	686	680	656	671	661	656	665	649	665	655	670	653	650	651	659	672	678	676	672	650	633	654	659	656	655	653	689	659	682	657	678	642	2707.61623
670	646	646	670	662	683	674	669	679	653	651	667	681	665	689	661	662	679	669	681	655	657	659	664	671	657	683	663	665	683	652	691	672	642	661	679	659	679	669	677	646	662	651	667	670	668	679	686	666	643	654	675	682	667	683	648	682	686	671	672	675	672	670	634	635	684	661	674	665	654	648	671	671	681	660	659	663	642	665	655	666	655	674	668	674	656	671	658	664	669	647	662	686	672	661	679	2709.10527
677	674	675	649	664	652	680	667	681	680	658	672	662	670	646	677	630	667	672	682	664	663	654	680	678	668	667	668	650	660	657	676	654	661	656	670	691	667	681	681	671	648	698	646	662	679	669	657	661	658	653	668	655	656	650	659	664	649	666	639	676	642	661	667	673	649	658	639	630	650	656	660	673	655	684	668	657	642	667	667	644	691	701	648	656	664	655	644	667	673	661	662	667	658	650	662	2710.593868
661	657	653	665	658	682	663	658	688	677	663	659	645	656	671	666	673	681	667	690	688	654	673	664	677	655	668	688	672	669	681	677	672	660	678	667	663	693	657	671	665	657	663	652	669	670	667	665	655	652	661	673	651	663	655	672	654	668	675	671	676	661	656	669	649	656	653	656	666	681	667	671	667	665	663	645	655	669	661	665	661	656	675	653	663	668	649	682	660	667	687	663	669	669	673	650	2712.082023
675	646	668	648	684	678	656	656	641	669	676	664	666	678	641	689	660	686	673	669	667	664	659	654	651	679	679	664	676	658	655	659	657	665	649	673	652	670	675	658	670	672	665	661	658	640	634	673	660	666	673	671	664	655	659	670	658	688	673	681	671	665	648	672	671	675	663	648	636	659	647	670	664	678	651	662	660	655	657	670	645	690	674	666	649	653	674	653	684	657	654	673	671	665	676	691	2713.569738
649	671	673	666	678	649	659	671	670	673	659	677	656	672	678	650	668	670	658	684	673	657	674	663	677	651	661	664	655	662	652	644	662	652	648	655	659	665	661	665	658	660	638	661	658	674	674	671	657	663	657	659	662	681	678	663	656	668	686	646	676	666	662	653	648	679	646	659	652	647	670	683	661	662	650	629	648	631	639	653	655	667	699	662	645	639	653	676	645	666	689	648	666	644	687	658	2715.05701
660	681	656	671	680	649	675	689	650	675	668	667	669	637	657	642	650	647	648	647	675	659	622	655	665	676	669	657	653	658	667	661	644	673	658	672	661	662	665	677	658	665	655	675	663	662	687	664	675	644	658	668	676	665	656	665	677	653	676	661	661	658	655	681	645	670	649	660	640	671	667	672	665	650	669	655	641	677	653	642	660	670	661	650	630	678	654	661	670	651	645	664	666	670	666	673	2716.543842
668	664	664	656	662	660	660	677	653	676	664	669	655	653	656	690	654	669	664	677	654	671	642	668	665	641	661	651	664	665	670	677	689	662	648	656	654	656	677	666	685	668	661	645	679	678	666	665	660	662	658	695	665	653	658	691	654	641	637	645	677	661	640	663	662	655	646	674	674	660	654	656	656	655	656	661	671	658	655	683	676	663	688	664	666	654	674	648	650	645	656	663	667	665	668	662	2718.020191
680	661	664	663	649	650	658	685	676	664	665	670	661	651	661	666	669	649	681	669	662	679	647	663	672	660	669	656	672	658	681	664	671	672	680	672	665	678	645	679	660	684	667	660	683	667	660	678	653	669	640	641	665	689	667	650	652	640	674	657	664	662	672	652	652	679	670	657	661	657	664	663	647	648	649	684	675	684	672	644	648	682	655	672	662	646	663	660	677	668	664	648	674	662	665	665	2719.506143
688	676	663	661	661	704	677	677	670	676	699	669	649	653	667	647	679	677	673	667	673	673	655	670	681	664	664	674	677	664	677	677	666	678	679	678	691	677	670	676	675	643	670	657	654	674	662	655	646	670	664	649	678	666	656	661	664	677	662	692	668	666	675	707	659	695	668	674	667	655	678	654	652	667	691	659	678	661	645	676	672	675	677	683	661	649	653	659	670	650	686	669	671	653	691	664	2720.98162
657	660	684	675	685	663	672	683	688	686	677	689	656	668	675	666	680	682	666	651	663	663	670	674	671	682	682	670	666	681	679	677	663	676	665	655	688	680	660	682	656	687	650	690	684	679	671	660	675	666	672	655	666	667	682	683	664	681	663	672	657	676	664	677	658	656	643	662	664	676	676	694	658	686	657	664	685	670	651	680	679	678	670	664	645	669	691	674	669	702	658	666	670	683	652	691	2722.466694
667	678	694	664	673	691	672	673	663	665	653	662	673	651	657	672	663	671	702	650	673	675	667	655	668	675	693	680	696	667	652	676	669	653	676	671	658	668	679	679	676	687	667	669	684	676	668	679	660	669	669	686	664	659	664	655	657	671	650	664	674	697	654	671	675	682	675	640	666	671	678	685	674	673	659	657	674	679	678	660	668	685	659	665	672	672	648	672	675	711	662	666	647	686	670	671	2723.941299
677	683	680	691	675	683	692	694	682	671	658	660	654	681	695	679	680	691	684	682	681	663	668	672	682	674	673	664	669	650	684	703	679	681	675	693	695	679	663	667	684	666	699	694	671	689	677	679	677	676	680	684	678	679	665	667	684	684	673	679	664	667	664	666	665	665	672	676	668	665	661	673	675	696	686	696	661	653	668	657	677	694	656	674	678	670	672	657	687	684	672	679	672	661	679	651	2725.425496
679	667	676	693	686	679	706	674	691	680	691	678	677	680	674	668	680	681	664	694	670	683	659	666	683	676	692	679	657	677	675	663	662	678	691	672	683	650	687	648	679	675	681	664	673	691	705	689	675	685	662	682	680	683	670	657	671	686	694	685	676	700	694	677	675	690	662	659	694	670	656	660	666	669	668	672	676	702	666	679	695	663	694	658	679	688	649	693	664	667	676	685	680	668	667	676	2726.89923
692	669	687	689	687	668	681	684	668	676	646	721	687	695	675	694	653	688	684	672	686	685	679	690	685	676	698	675	680	674	671	682	678	657	670	670	711	691	662	661	680	690	673	706	678	677	672	679	661	682	669	677	690	683	685	695	675	649	697	663	688	673	671	693	654	686	663	662	683	674	673	694	681	676	668	676	678	650	667	697	673	682	665	689	680	655	672	669	673	683	675	689	674	665	673	684	2728.37253
688	665	676	707	696	669	649	712	698	693	694	701	684	671	690	689	695	696	694	679	703	707	674	685	690	689	679	690	677	682	690	659	669	665	681	690	705	697	682	681	672	715	666	694	678	669	680	669	675	688	664	694	708	708	686	662	698	677	671	697	671	678	685	679	674	658	674	674	652	678	692	681	686	682	669	674	680	675	684	673	680	694	651	687	690	685	669	693	694	686	671	672	687	684	668	667	2729.855414
681	675	680	661	692	668	689	681	679	672	678	682	669	675	671	695	683	683	656	690	684	708	671	680	687	667	682	670	694	662	684	688	673	715	699	692	694	688	679	691	689	671	695	681	672	695	676	678	702	695	686	666	661	680	686	667	672	691	689	661	675	685	685	691	683	706	664	673	687	669	701	667	668	681	689	688	697	679	667	698	687	684	688	682	688	677	677	688	687	706	657	694	680	650	692	680	2731.327844
719	699	712	679	684	695	693	711	689	716	691	688	664	674	681	705	705	690	699	695	692	681	688	690	657	675	703	676	682	686	690	703	674	679	694	702	690	700	705	683	673	699	689	674	697	667	707	672	705	690	684	688	679	666	680	682	691	685	663	686	692	696	684	684	672	667	704	655	688	715	677	672	689	668	680	673	693	696	672	666	678	674	684	679	686	662	682	691	697	676	685	676	704	694	671	673	2732.799841
687	680	667	697	674	663	703	713	710	686	678	685	713	675	669	684	684	675	669	688	695	700	670	680	687	694	719	680	697	673	711	705	711	686	684	682	701	703	666	700	695	685	681	671	686	679	676	682	694	684	684	699	683	677	670	668	673	698	680	654	670	658	692	687	669	680	699	664	682	690	682	687	694	674	698	661	697	680	697	681	698	695	691	683	690	700	668	682	709	672	687	680	678	681	662	690	2734.271405
678	690	681	685	691	672	674	689	710	681	692	702	679	669	676	697	688	678	701	664	677	671	686	690	684	685	681	695	676	692	692	690	696	688	676	690	688	692	676	698	686	681	693	699	679	696	696	685	681	679	679	674	688	678	678	683	692	696	667	698	708	662	679	705	684	693	670	656	671	691	672	661	662	694	661	675	677	693	642	705	677	685	699	671	680	683	673	677	689	691	690	696	676	695	695	682	2735.742536
701	691	690	686	685	704	683	678	682	692	684	681	675	674	679	684	682	677	698	677	685	668	684	687	678	702	677	674	682	700	683	690	677	675	685	696	685	694	689	674	679	684	670	674	692	680	688	669	691	674	698	696	684	681	687	692	684	679	678	689	675	698	695	674	698	685	696	695	694	673	662	703	676	698	675	674	693	674	669	672	675	691	672	697	659	679	690	693	690	668	694	689	681	689	676	679	2737.213234
673	674	690	674	674	712	687	708	708	701	685	680	680	672	678	680	678	676	712	673	698	685	670	677	669	679	683	682	681	691	683	678	693	667	671	687	671	696	686	686	672	669	697	689	681	696	680	684	690	687	669	672	686	686	691	668	682	668	675	684	680	696	681	670	680	664	677	669	669	663	702	677	694	672	678	693	669	675	665	671	678	696	683	677	685	684	685	685	678	674	687	668	673	682	687	685	2738.6835
693	674	684	688	679	674	682	662	678	688	692	693	665	666	673	672	693	672	672	682	676	675	690	659	695	672	686	665	701	675	693	696	646	693	687	700	699	662	677	674	672	685	668	669	668	683	678	664	676	662	671	675	641	696	711	681	670	683	682	687	692	672	669	689	682	663	654	670	668	681	680	676	681	683	701	679	685	678	668	667	681	667	709	691	666	674	687	690	687	663	679	690	686	662	651	688	2740.143337
663	673	682	674	664	668	690	694	668	666	663	664	677	691	679	678	685	689	684	685	671	701	689	673	686	670	686	667	680	658	666	657	668	678	695	692	698	671	676	669	699	672	671	682	684	670	681	680	675	674	681	692	677	685	696	686	685	693	686	676	684	679	679	671	686	666	686	687	679	675	665	673	683	687	666	686	695	681	669	644	670	668	662	670	682	662	658	665	705	686	698	692	706	687	687	674	2741.612742
688	677	674	665	677	675	668	680	691	681	710	666	677	680	644	664	668	685	665	670	699	698	677	693	654	669	680	673	687	699	690	672	680	664	662	670	672	671	680	652	683	699	678	672	671	695	671	679	668	679	655	682	680	677	676	687	690	686	689	686	679	661	645	665	663	690	694	686	668	680	672	654	665	687	665	661	683	678	685	686	692	660	649	674	660	682	674	685	665	709	663	650	678	683	662	677	2743.081715
681	655	686	714	666	667	689	675	683	703	689	697	653	665	657	699	666	683	685	683	673	676	687	676	660	663	646	671	662	691	663	651	678	679	663	682	663	683	650	674	664	665	668	663	658	687	679	671	655	685	683	670	663	681	647	660	674	689	681	658	661	652	660	686	665	667	655	670	675	696	677	673	681	656	665	689	658	684	686	669	674	681	669	668	684	657	672	680	685	668	669	664	672	662	681	677	2744.550256
668	686	659	674	683	662	673	660	666	689	675	662	650	669	668	655	688	703	681	649	692	677	669	671	657	677	686	669	663	662	667	660	662	663	664	696	666	693	673	649	694	671	677	647	685	668	678	680	671	671	682	671	692	669	672	648	666	658	692	674	667	656	660	688	658	673	686	657	675	678	657	683	692	680	674	652	668	650	665	680	674	673	661	693	667	647	654	671	689	668	671	669	653	670	661	629	2746.00838
675	684	676	664	672	677	674	687	685	673	681	669	663	681	672	674	678	675	664	659	655	683	671	659	679	674	668	674	688	675	671	672	681	671	688	665	662	654	635	656	685	682	670	675	678	662	650	662	687	666	675	681	667	659	649	638	681	666	667	658	651	691	678	670	661	667	682	656	662	658	663	645	669	670	668	658	646	648	642	667	678	654	672	669	672	660	674	679	664	656	653	667	674	674	680	673	2747.476062
653	672	684	684	668	658	676	663	661	673	678	663	658	684	644	676	687	658	682	667	670	678	679	678	688	668	667	679	664	683	685	636	669	671	672	668	667	681	676	704	667	667	668	660	675	665	663	659	679	662	670	688	636	670	675	692	676	634	692	690	680	689	670	682	648	652	653	680	671	674	671	675	670	657	676	666	665	675	679	657	660	650	680	660	677	647	664	672	638	682	675	684	673	674	656	699	2748.933333
670	675	642	677	675	640	652	675	676	666	681	675	689	649	670	679	692	679	666	690	686	688	657	690	673	659	675	665	662	677	699	675	677	666	662	675	663	690	661	679	664	674	668	673	681	675	674	686	680	684	666	672	692	680	666	672	674	664	659	654	664	660	672	673	679	685	671	691	657	673	679	673	684	674	667	660	662	668	645	696	672	679	664	658	669	642	648	646	681	678	672	661	675	664	674	668	2750.390178
669	666	695	676	658	670	686	638	677	664	670	685	668	673	677	659	670	674	668	670	661	684	650	690	683	674	674	664	664	675	664	652	677	666	669	649	651	675	682	675	652	687	670	676	674	680	692	665	667	676	676	666	656	647	650	668	661	658	675	687	685	669	673	674	672	673	659	659	664	663	665	653	668	692	684	652	694	665	665	673	657	673	698	680	674	676	686	677	669	662	689	662	684	666	650	659	2751.856573
684	672	689	663	695	657	681	663	689	688	682	677	678	672	682	676	681	667	688	654	699	684	665	675	650	664	702	669	670	658	679	684	674	690	663	662	670	660	695	690	700	678	702	687	669	674	688	685	667	666	669	658	679	664	690	653	677	676	669	666	684	671	681	668	653	670	681	668	651	640	658	677	676	689	670	674	687	664	665	677	658	679	682	679	674	673	669	675	672	668	651	681	676	686	647	683	2753.312566
674	688	680	686	650	666	675	668	670	665	688	681	690	670	665	658	665	691	676	702	680	661	662	661	659	682	680	673	684	678	681	674	671	667	683	678	676	676	674	667	666	687	676	666	671	676	707	701	678	690	654	683	676	663	654	664	671	661	684	696	668	659	651	670	674	659	684	681	685	687	672	663	683	688	667	694	678	679	667	648	671	673	662	680	651	686	669	679	671	661	677	656	658	678	679	688	2754.768135
669	687	682	659	675	694	675	700	671	695	662	682	674	665	673	685	671	670	701	668	687	674	682	692	692	662	659	680	682	656	651	676	677	662	697	665	662	685	660	684	664	679	695	683	690	703	681	673	690	671	665	679	677	650	662	664	674	649	684	676	682	647	668	694	687	678	670	674	683	672	669	672	683	667	669	664	668	694	680	684	674	689	671	664	667	689	662	676	691	668	669	664	693	681	669	663	2756.22328
680	677	684	678	675	663	676	695	686	685	695	682	689	672	667	685	684	687	684	662	695	665	679	679	665	669	677	659	674	679	693	683	655	681	684	677	683	671	686	656	671	673	683	678	665	677	671	686	686	671	667	659	706	671	681	689	670	684	679	681	679	692	703	680	674	688	681	664	675	671	683	668	659	676	680	661	669	667	683	658	668	691	686	654	660	687	673	705	661	668	675	676	686	699	698	677	2757.678
672	677	672	678	683	663	682	689	699	701	687	697	677	665	682	689	676	667	679	702	690	668	696	684	656	680	690	669	682	675	685	677	680	666	678	690	680	672	676	666	686	670	679	698	669	677	679	675	692	694	684	695	670	674	682	678	676	680	683	697	683	674	682	689	668	696	687	683	695	688	670	682	665	669	672	697	685	688	680	659	663	665	675	680	682	661	696	684	657	675	676	657	683	712	676	673	2759.132297
676	673	678	697	700	683	703	712	700	684	688	696	676	678	692	704	682	695	702	695	699	684	682	670	686	671	677	712	692	675	673	664	683	692	676	669	676	694	680	684	669	698	682	691	669	697	653	691	669	685	677	686	689	682	679	682	673	681	673	696	658	672	663	692	672	666	679	670	686	673	695	689	662	671	690	685	687	657	656	666	652	700	685	687	672	677	691	694	668	677	672	657	684	688	665	671	2760.586169
679	686	679	683	686	650	713	687	673	688	665	681	677	654	670	683	710	658	705	685	657	681	670	665	668	679	682	686	688	663	693	677	678	663	685	667	681	710	699	687	706	676	679	709	708	679	694	675	663	687	674	667	677	699	684	702	714	697	694	684	673	665	705	697	665	664	684	668	668	671	670	672	669	685	664	689	665	702	688	676	676	664	673	658	676	664	677	681	663	676	676	674	695	648	670	663	2762.039619
677	682	690	681	671	692	686	670	684	671	688	676	659	693	676	663	696	691	672	670	696	675	692	667	691	696	682	658	677	672	688	698	674	682	704	672	701	694	698	680	692	666	674	680	676	675	666	680	677	686	673	689	693	671	684	689	659	683	683	680	672	678	663	680	668	667	685	667	662	682	665	687	682	670	699	696	687	699	670	679	656	668	678	665	667	674	682	702	688	663	694	686	666	648	678	677	2763.492645
671	692	668	693	676	698	674	674	684	688	680	682	683	645	671	673	672	686	682	680	675	669	679	705	679	664	689	674	682	678	677	697	678	682	674	670	677	672	683	690	675	684	670	680	674	674	691	670	686	676	671	683	698	683	668	676	666	665	687	691	686	684	655	684	666	688	662	656	674	670	666	674	660	678	671	693	676	698	676	689	679	691	673	683	656	693	663	669	682	691	674	673	692	672	664	694	2764.945247
684	684	692	689	676	694	693	663	680	678	682	674	663	667	668	682	676	673	670	674	708	667	699	690	662	680	663	672	678	686	665	698	692	676	677	684	678	668	668	664	679	696	662	702	673	675	679	667	661	686	673	676	658	671	670	693	660	668	686	687	664	686	688	688	683	673	667	681	666	694	677	675	671	676	676	676	675	695	658	673	683	661	699	677	676	669	675	674	695	669	677	679	685	673	685	675	2766.387482
674	682	678	678	662	686	696	666	698	680	669	669	681	683	693	697	685	675	681	669	670	669	691	685	675	662	662	672	679	683	680	682	684	670	670	673	661	702	661	683	675	702	681	702	704	683	664	670	701	666	672	693	681	669	692	683	673	670	699	679	692	669	675	701	682	672	665	668	663	687	692	665	667	672	674	673	681	669	666	665	685	686	684	687	683	672	665	679	659	682	656	668	668	680	676	673	2767.839242
672	680	667	690	663	668	665	677	679	703	699	678	673	684	658	683	687	681	653	691	675	660	657	679	664	672	676	651	674	656	681	679	671	677	679	684	671	649	680	682	674	665	669	664	678	678	685	654	652	676	664	648	668	678	673	693	684	690	681	659	657	679	658	684	655	682	690	653	683	662	675	679	671	673	643	690	685	675	668	648	661	673	664	668	680	665	664	639	649	694	669	676	664	673	675	658	2769.290579
663	684	685	653	670	662	664	680	669	673	686	652	641	669	675	661	670	676	686	669	665	674	667	689	676	671	661	679	675	668	665	672	693	690	669	671	681	678	658	685	662	670	686	665	693	673	696	665	649	673	660	676	655	685	663	656	657	690	662	658	695	678	666	663	673	680	669	672	654	687	656	652	672	676	680	700	660	680	660	674	672	689	673	658	670	666	652	681	670	653	661	671	674	687	669	673	2770.731557
659	681	662	660	682	678	657	685	671	682	682	674	665	672	669	686	682	681	671	674	674	673	689	672	674	680	681	677	655	645	666	708	675	665	666	659	669	662	656	644	672	668	666	663	664	675	700	686	666	664	670	672	670	660	680	669	672	682	644	676	671	686	660	651	682	672	673	670	673	658	676	666	678	666	685	681	676	659	680	702	649	659	670	673	675	653	663	663	651	672	667	667	675	655	661	674	2772.182053
668	667	647	661	680	665	675	643	661	678	664	676	672	679	626	685	680	674	674	677	660	639	665	666	671	667	668	686	665	666	687	671	659	663	652	662	667	662	672	676	658	678	673	672	677	687	665	671	653	663	678	655	686	675	661	675	670	676	687	680	672	668	676	670	681	668	675	669	649	663	671	664	654	684	669	644	656	676	652	683	662	668	649	665	690	671	679	678	673	670	659	662	650	672	665	681	2773.622195
664	673	669	686	654	663	667	676	678	661	662	667	672	651	653	691	659	667	659	662	665	689	672	652	665	695	667	676	685	675	679	671	682	666	679	655	693	658	675	680	677	654	676	673	684	686	653	676	663	662	666	676	665	648	688	664	683	687	646	671	669	662	663	661	671	672	692	667	648	670	632	672	663	686	665	658	682	683	662	663	643	671	669	659	666	662	659	672	687	651	700	666	686	674	670	651	2775.061922
655	670	670	674	672	668	668	670	687	680	664	664	671	665	660	672	672	677	669	682	674	672	655	670	680	668	666	663	658	663	659	680	681	678	660	670	661	661	667	646	663	691	675	681	683	671	652	651	680	655	670	648	687	659	645	674	687	661	665	686	655	652	658	662	664	674	651	664	647	680	648	664	682	690	656	666	653	669	688	661	664	680	656	657	658	657	671	667	677	663	654	659	681	668	673	651	2776.511157
675	661	652	655	667	659	660	659	645	685	683	663	646	666	650	667	640	681	680	685	662	661	680	668	661	682	667	652	653	663	664	672	656	681	672	664	655	664	658	667	684	665	665	673	663	668	673	664	683	652	671	657	635	661	664	676	682	658	663	668	672	674	669	685	668	681	675	674	679	654	668	684	644	671	664	649	670	675	650	684	651	672	666	658	684	672	679	672	677	658	670	669	667	663	660	700	2777.950049
658	671	659	674	661	682	671	678	670	672	695	670	681	681	662	694	656	677	657	687	660	673	661	672	658	696	662	662	661	663	662	659	661	654	683	680	677	698	666	667	685	680	674	679	684	642	669	657	670	680	683	683	657	677	641	673	668	673	671	658	673	672	660	678	668	675	662	673	669	691	684	676	674	688	664	666	696	676	666	667	654	658	657	662	675	669	668	672	670	666	669	660	678	683	650	665	2779.388526
686	676	676	710	692	680	693	671	665	685	659	682	662	645	681	699	670	677	657	672	684	682	653	683	674	667	682	653	674	674	666	677	681	654	667	680	671	651	671	674	664	670	665	671	663	668	653	672	688	656	662	683	686	684	654	658	663	679	683	651	644	658	659	652	674	673	667	648	652	646	654	670	679	665	671	680	678	685	660	678	671	682	658	664	670	670	661	669	656	681	680	667	686	656	677	661	2780.826587
669	660	691	696	687	673	674	690	666	685	676	694	675	665	662	680	659	673	652	668	694	662	676	673	664	672	685	653	671	686	648	669	667	659	670	680	671	651	671	667	688	682	659	666	662	675	664	648	664	663	672	670	693	664	647	664	656	665	688	659	652	666	659	660	667	646	673	681	675	659	664	665	674	669	661	695	668	675	687	672	664	669	678	682	665	656	663	665	657	666	679	694	659	683	669	663	2782.264232
663	680	659	690	693	692	662	675	669	675	654	679	664	689	669	679	704	657	664	689	674	657	657	656	668	684	682	653	650	682	666	672	685	684	675	666	689	709	644	674	676	681	677	667	678	677	669	691	674	683	661	680	663	654	655	686	684	675	652	663	647	675	658	673	668	681	643	663	657	684	666	650	648	686	683	675	667	671	688	690	660	660	667	678	682	672	670	655	684	672	659	680	659	662	687	685	2783.701463
677	657	682	667	675	682	676	669	666	683	699	675	681	670	689	665	677	657	673	678	680	675	668	675	682	682	679	664	688	665	681	670	658	670	689	672	669	676	680	669	692	669	680	680	667	673	672	664	662	674	678	681	664	663	684	699	687	658	671	681	699	680	685	677	670	676	689	662	692	650	660	670	682	654	679	674	662	679	662	650	676	673	672	680	682	677	692	661	674	669	680	667	672	679	674	689	2785.138279
666	672	686	659	688	694	661	686	685	673	687	677	685	671	654	668	718	695	700	691	678	671	685	666	676	670	669	673	704	662	686	656	691	696	677	666	688	651	683	695	663	691	677	664	677	683	688	678	687	653	691	688	674	676	651	673	672	684	664	678	702	687	670	691	656	678	693	702	692	653	692	681	680	686	682	676	662	663	672	677	667	693	682	674	657	689	671	695	686	684	665	639	652	689	675	656	2786.57468
675	658	678	698	673	686	657	680	693	697	685	689	683	676	656	701	680	680	680	717	694	665	682	679	661	689	673	681	670	684	685	681	679	682	697	670	688	660	679	669	687	660	686	705	677	689	688	667	708	675	669	664	697	679	670	692	672	666	676	673	683	663	690	654	682	696	691	665	644	676	679	677	670	670	678	669	683	649	676	677	669	681	679	677	668	653	666	687	651	675	680	688	671	677	676	686	2788.010667
682	662	678	692	670	675	678	667	693	696	666	668	688	670	670	676	699	706	691	677	670	681	659	681	682	683	662	665	686	678	685	663	677	670	701	681	679	671	684	680	690	674	688	688	694	661	680	684	680	650	686	663	686	663	661	660	690	671	697	676	691	675	667	688	678	674	699	698	693	688	684	700	697	649	668	657	677	674	653	682	653	667	693	660	681	675	680	672	675	665	672	675	694	673	666	679	2789.446239
686	689	673	682	689	687	676	688	702	673	693	689	658	682	668	668	697	682	677	663	686	672	664	672	684	691	678	688	686	689	680	670	670	673	696	681	681	700	682	676	678	673	668	681	685	695	689	691	689	667	665	657	677	686	691	695	658	702	679	674	689	677	672	673	689	678	673	669	656	667	678	705	692	676	679	682	661	678	686	643	678	673	679	694	687	670	678	661	685	674	676	667	679	674	702	683	2790.871501
683	689	685	673	678	668	672	697	682	682	673	711	667	676	676	681	685	690	675	687	661	676	680	683	676	654	668	669	676	675	687	679	704	663	672	678	697	702	687	665	666	690	691	699	683	676	686	683	664	667	691	703	672	696	707	699	668	660	649	671	683	682	672	669	698	634	687	660	672	677	680	670	669	668	682	702	690	662	667	656	676	676	691	685	651	663	691	681	649	676	686	670	680	682	692	698	2792.306248
660	675	682	698	685	669	685	714	690	688	664	674	652	675	675	693	705	690	665	677	645	694	679	677	670	675	678	682	676	671	660	664	671	660	692	672	657	656	694	674	682	661	677	671	657	684	690	679	694	655	685	685	684	674	674	653	658	690	680	707	684	680	665	683	682	670	686	689	682	680	661	657	667	682	675	674	690	655	680	687	677	666	681	681	681	699	663	695	665	663	656	696	688	644	661	702	2793.730691
691	694	660	669	684	708	671	683	691	665	683	665	666	673	681	669	693	687	681	679	689	647	666	673	675	678	691	667	665	686	690	693	681	697	704	674	689	686	668	666	674	663	676	682	671	703	684	686	696	676	664	659	690	677	664	657	666	657	699	670	667	660	686	651	664	680	676	682	681	677	687	656	684	673	664	697	679	671	677	653	664	668	687	652	690	670	659	687	689	666	653	677	665	672	669	651	2795.164613
656	672	675	665	685	701	643	682	666	692	682	649	681	684	671	672	688	695	669	690	679	691	666	685	686	659	668	687	678	670	667	694	662	693	666	679	644	700	672	658	703	676	690	677	690	675	678	659	673	658	679	668	684	666	668	655	670	674	686	679	660	684	673	697	678	660	677	663	640	676	662	674	683	694	685	669	655	687	657	690	668	686	678	698	669	664	674	659	652	657	685	673	670	669	668	661	2796.588238
651	661	667	668	671	662	674	689	674	698	666	688	658	660	671	663	685	696	681	681	685	677	670	655	665	696	658	671	673	672	669	660	658	674	674	680	663	663	662	675	666	660	676	676	684	672	682	670	648	669	667	661	662	668	674	649	647	669	678	677	662	662	639	663	657	690	659	663	664	681	685	658	670	644	671	667	669	653	667	648	665	668	665	679	671	653	666	692	670	695	672	675	672	663	681	645	2798.021336
666	671	675	671	665	670	630	683	675	677	673	653	649	680	667	662	696	657	687	686	670	685	685	670	647	651	660	688	676	671	688	670	669	679	669	700	662	667	656	669	668	673	652	685	673	660	674	671	684	657	667	665	663	663	644	677	686	649	659	667	668	683	673	700	648	658	672	676	683	663	668	662	652	668	675	680	681	665	658	677	667	676	660	700	672	660	642	690	665	655	688	697	667	684	690	673	2799.444143
667	667	669	669	672	676	690	667	683	653	665	669	671	671	674	686	689	685	657	676	678	677	678	654	659	628	653	649	671	685	673	672	656	671	657	678	675	667	675	645	668	675	661	657	663	670	674	668	674	665	685	670	666	669	678	666	671	660	668	668	676	667	677	681	677	671	662	664	655	662	657	655	652	659	703	679	680	642	670	657	677	671	679	677	665	666	663	656	653	660	686	681	677	673	667	677	2800.866542
668	671	674	656	659	678	663	684	687	669	667	674	644	663	657	659	684	683	673	663	657	667	691	666	667	646	677	665	694	669	664	638	673	670	658	664	639	673	649	649	655	670	658	680	638	664	684	671	680	658	651	672	683	673	680	659	662	672	645	660	677	662	672	665	678	677	668	656	664	662	666	666	674	649	656	636	677	671	672	670	658	649	667	655	678	666	668	662	676	681	683	643	646	645	678	666	2802.298407
685	665	683	673	638	667	659	672	672	671	673	671	652	650	666	661	671	661	669	654	669	683	664	666	675	664	689	676	672	676	678	679	676	664	670	682	663	654	655	653	673	680	678	676	683	654	671	682	672	677	667	668	669	654	658	656	670	660	690	682	679	655	681	673	675	664	670	684	663	678	674	677	652	658	654	665	691	670	668	665	667	676	683	670	652	667	658	687	652	692	655	655	677	644	666	684	2803.71999
676	668	675	664	670	645	676	655	675	679	686	673	654	664	657	662	660	667	674	643	663	662	664	668	623	682	659	666	684	665	673	665	661	668	664	661	663	648	677	672	653	656	679	667	675	656	658	653	682	661	671	661	670	654	665	664	666	677	676	657	663	675	669	665	661	674	677	665	678	677	664	660	663	680	658	676	665	675	681	676	677	672	651	673	661	667	688	689	649	663	656	657	646	651	651	654	2805.141166
688	654	674	682	660	651	664	665	671	655	676	655	658	663	657	666	672	688	685	656	681	659	658	643	661	662	669	665	661	665	663	663	662	665	659	690	644	676	658	665	659	662	662	677	676	670	662	679	689	679	661	652	667	677	671	653	673	655	675	663	683	677	661	654	675	679	675	670	651	644	689	670	668	655	673	657	677	658	656	672	690	674	669	627	658	666	689	657	689	675	688	671	664	677	648	640	2806.561935
654	682	682	663	679	696	691	659	665	695	653	652	653	682	662	710	656	688	654	666	658	659	662	680	641	646	688	668	677	645	683	673	684	680	661	650	663	679	660	674	652	654	689	639	675	659	674	651	658	676	663	691	662	679	657	677	655	676	661	673	663	662	658	677	679	667	662	643	673	673	634	672	670	662	661	650	648	660	647	675	656	690	667	668	654	653	652	666	672	677	682	663	663	676	682	677	2807.982298
686	680	680	689	671	667	657	708	694	670	696	667	674	661	657	682	689	661	671	690	683	665	669	703	682	668	668	671	671	683	665	664	654	685	683	663	662	681	675	666	668	669	684	675	676	670	667	677	690	669	665	662	674	683	684	655	661	676	683	662	657	669	691	687	683	688	664	653	670	657	665	678	662	680	657	655	670	666	681	682	675	671	663	667	677	671	658	676	688	687	676	683	645	652	660	664	2809.402254
675	687	664	683	699	682	642	679	670	685	661	677	665	658	666	691	668	691	663	664	694	665	676	665	662	690	689	687	667	671	684	684	698	662	679	675	699	696	683	676	680	667	690	680	694	677	675	652	674	681	684	694	664	684	672	673	661	705	681	684	662	656	678	679	667	657	677	672	681	682	700	714	662	663	663	672	665	673	688	667	686	679	667	693	684	667	688	683	682	691	679	670	679	665	650	664	2810.821805
677	671	686	671	663	684	692	679	678	691	691	697	686	691	673	666	683	683	682	674	701	706	675	681	679	695	692	702	673	682	678	686	676	679	687	688	685	674	691	667	668	674	666	680	683	671	686	675	678	665	677	685	670	689	677	661	690	686	681	664	669	666	671	683	699	685	654	702	686	683	680	677	689	675	642	701	672	664	681	656	653	677	657	678	692	684	691	685	651	682	666	672	670	685	680	663	2812.231096
692	689	694	669	689	687	685	690	687	674	688	690	689	689	672	688	693	693	689	697	685	659	668	668	680	681	683	676	674	694	684	672	680	675	704	676	694	685	697	685	680	677	664	673	671	680	686	676	676	673	677	694	667	688	660	660	693	685	692	691	675	662	678	671	681	677	680	674	661	671	695	704	670	670	708	679	671	651	680	668	682	669	670	659	683	675	673	671	681	664	684	669	670	718	701	681	2813.649838
691	681	702	692	688	677	664	675	690	688	706	673	670	684	678	699	695	699	673	691	675	687	679	682	701	670	679	676	670	698	688	647	680	663	687	671	696	688	661	684	673	674	663	682	669	649	711	681	665	684	698	691	689	690	675	671	669	693	693	691	700	695	665	702	697	663	702	662	695	700	673	684	687	680	684	657	688	667	686	689	673	695	693	687	691	691	659	690	667	659	667	691	675	671	690	677	2815.068175
663	679	688	686	696	687	692	694	677	690	694	688	678	673	655	687	682	689	691	687	682	677	682	682	678	671	697	694	686	701	676	664	683	691	684	704	672	694	700	686	682	686	690	692	691	685	675	696	686	695	676	692	681	676	661	677	667	712	681	663	687	696	714	679	681	677	676	687	654	661	670	676	673	691	681	685	665	683	680	688	682	700	684	707	685	670	687	689	675	682	673	690	688	685	697	666	2816.47626
693	669	706	708	686	702	683	699	679	700	700	701	694	674	702	688	685	709	670	671	686	679	698	691	683	679	676	695	680	683	697	683	688	685	691	696	680	691	703	679	669	673	667	692	699	706	679	665	701	724	693	677	680	685	666	679	703	682	682	654	688	686	678	703	693	687	680	683	681	687	697	694	676	692	695	667	686	681	668	696	689	681	710	677	686	682	689	687	670	682	674	680	691	673	688	690	2817.893789
690	679	674	674	692	694	680	691	683	694	711	710	697	707	672	704	688	700	691	698	668	683	663	685	698	671	698	686	694	663	701	681	682	703	685	674	693	684	677	682	692	686	676	709	690	674	667	680	678	674	666	717	694	699	694	669	686	667	683	700	719	689	667	688	700	693	698	683	692	687	684	677	661	691	725	691	692	711	687	684	680	692	657	695	693	672	693	683	693	686	685	684	683	696	694	693	2819.301073
687	687	663	694	661	680	703	695	707	684	691	676	678	665	677	685	693	698	688	686	693	692	679	704	684	689	690	692	658	684	677	688	683	688	700	661	709	698	677	679	696	696	699	677	676	679	686	676	682	696	686	695	686	695	689	684	679	678	703	715	670	686	690	685	698	682	678	689	689	676	665	671	694	700	681	697	678	666	691	690	693	701	675	686	677	673	699	692	703	714	684	684	684	695	699	690	2820.717795
713	680	688	675	692	670	683	667	712	651	677	693	689	689	690	686	699	701	683	713	701	684	688	702	698	683	689	688	687	684	694	676	683	690	698	703	693	685	698	702	690	658	668	691	679	696	690	693	685	649	680	711	704	687	695	695	665	682	698	676	701	686	692	693	693	664	697	684	676	659	709	681	692	684	674	672	684	712	696	676	700	702	663	688	687	692	691	693	686	698	681	698	677	668	695	694	2822.124278
700	685	677	704	667	698	690	692	699	658	670	679	684	684	673	687	696	683	694	697	682	700	695	679	680	702	700	703	714	702	687	676	696	710	697	695	693	709	708	701	700	698	708	703	672	710	700	680	702	689	705	661	681	691	682	688	689	693	688	692	695	682	694	676	712	693	725	707	674	687	658	705	694	707	712	664	684	686	689	675	687	691	678	686	691	701	687	671	699	703	692	706	676	689	696	699	2823.530363
701	682	702	702	696	711	721	712	680	713	705	683	646	678	685	690	674	696	682	683	699	704	694	694	689	678	692	702	696	688	688	707	707	692	681	702	682	702	688	705	694	685	692	704	703	687	695	711	688	721	695	680	683	711	677	673	698	703	709	721	679	683	705	671	695	707	679	678	666	680	702	686	705	700	697	694	681	700	689	705	703	703	701	692	699	681	702	686	704	672	695	710	683	669	675	708	2824.945877
704	710	694	692	710	679	688	678	682	683	693	697	696	674	692	687	685	698	702	678	696	707	678	667	693	674	692	704	709	678	701	690	689	701	681	675	677	701	682	687	707	678	700	705	684	699	699	673	684	693	696	700	702	680	708	688	675	697	677	700	690	698	685	689	681	675	697	701	700	678	687	689	687	693	687	690	711	672	682	671	694	690	691	675	679	696	729	673	693	687	688	683	671	683	686	681	2826.351161
687	693	685	697	700	706	693	679	700	681	704	697	700	668	711	696	714	681	723	684	707	697	708	682	706	685	700	678	685	680	693	705	693	681	705	697	699	707	686	677	717	676	694	690	708	696	685	713	681	707	690	699	708	697	689	670	698	688	690	713	675	689	666	691	676	678	687	703	677	684	674	695	694	670	688	681	710	687	702	683	694	717	697	682	686	693	684	684	677	669	693	693	712	694	689	677	2827.756047
683	699	702	686	692	690	685	705	676	693	680	678	705	710	673	674	695	700	711	702	693	702	692	689	708	680	678	687	681	681	699	679	682	691	691	710	700	675	705	683	690	686	708	706	689	697	691	717	685	692	696	689	694	710	685	694	668	684	687	683	689	661	692	685	672	688	694	690	686	679	715	694	706	695	712	704	680	695	675	683	702	681	715	669	707	713	677	682	690	688	695	680	690	700	696	678	2829.160535
678	708	696	674	685	689	703	718	682	713	707	730	711	701	719	709	663	706	677	704	729	672	699	686	695	683	710	708	690	678	693	656	708	710	698	701	694	710	689	689	705	702	681	691	696	696	710	685	680	688	675	711	677	714	682	683	711	712	707	694	691	696	708	701	677	697	703	668	696	696	700	690	701	714	693	711	709	708	685	686	681	691	704	706	700	711	694	671	693	675	687	689	704	706	699	700	2830.564625
696	682	713	712	679	694	696	691	691	704	713	705	701	671	688	743	702	696	683	688	718	716	706	677	666	682	712	709	695	689	712	682	694	674	720	693	694	701	711	689	714	706	681	687	702	707	721	709	687	705	683	733	702	707	686	690	688	695	691	679	707	698	682	693	711	689	685	710	673	686	695	690	694	687	704	678	720	704	708	707	707	680	708	696	687	684	706	695	684	703	687	690	663	711	694	667	2831.968317
673	687	688	711	693	694	700	708	688	722	693	702	705	685	674	696	698	696	682	693	684	711	687	683	713	695	683	691	680	711	673	710	685	698	671	685	690	690	699	706	708	681	695	700	698	686	683	698	702	692	723	687	694	697	696	694	706	702	709	698	687	705	706	690	695	683	694	709	698	682	711	700	713	679	683	688	691	714	680	698	682	704	719	722	691	678	705	688	693	694	702	679	678	700	702	683	2833.371611
714	697	706	704	705	693	686	690	699	723	710	701	691	716	692	683	689	707	707	704	684	687	685	687	691	692	706	674	717	694	687	695	712	706	700	715	696	692	700	701	686	695	701	718	709	682	704	707	703	714	708	690	696	671	674	689	709	686	687	697	689	699	692	678	692	713	722	689	726	697	689	714	688	680	717	681	694	704	679	678	690	702	725	705	696	706	688	695	707	689	692	701	689	679	674	714	2834.774508
702	712	709	695	694	703	700	682	712	699	709	698	693	707	704	693	711	708	685	691	684	673	684	681	715	690	694	706	694	705	711	707	687	677	697	701	704	711	696	697	696	714	689	689	727	705	682	704	709	715	704	704	693	702	682	702	681	686	680	702	694	694	720	689	685	709	698	710	673	684	691	696	710	705	698	682	699	665	686	698	684	698	691	691	676	694	709	679	694	691	679	698	701	708	716	730	2836.167201
692	688	684	699	702	700	701	708	713	715	732	701	706	699	698	718	712	704	698	692	709	694	693	682	693	692	709	715	705	694	713	695	708	716	684	700	712	704	694	689	696	699	693	691	683	716	725	689	703	707	692	684	685	697	703	700	689	712	712	663	701	707	678	675	700	712	713	698	690	702	692	685	712	713	708	703	709	694	715	691	708	687	688	718	705	697	687	702	696	717	676	717	697	679	689	689	2837.569307
698	694	691	719	702	719	703	698	689	703	701	707	711	700	714	685	704	705	695	709	712	694	684	687	710	712	718	693	703	706	715	700	691	698	692	708	709	688	691	718	719	715	709	682	707	690	699	698	707	684	709	701	697	687	696	703	719	706	706	726	692	688	711	704	705	722	714	719	692	705	696	704	707	722	698	686	709	700	688	710	685	718	722	708	713	722	703	699	697	716	707	705	695	693	691	710	2838.971015
685	699	712	698	691	720	708	702	709	739	716	693	708	704	718	713	710	709	688	709	719	717	705	700	708	726	699	694	721	703	707	712	699	713	732	727	695	705	712	674	695	702	704	720	686	703	722	698	720	702	701	707	701	732	729	714	699	702	705	712	696	734	720	719	711	707	709	704	728	724	694	751	704	710	719	694	693	717	700	718	685	710	698	722	722	710	691	704	692	691	721	662	720	700	729	739	2840.362528
723	725	712	730	718	702	724	713	698	711	733	700	723	707	731	698	708	717	716	710	727	737	704	744	715	723	717	730	713	723	707	707	687	720	732	732	723	717	724	714	705	719	699	707	693	715	702	714	682	724	725	723	709	720	731	714	729	715	744	700	704	745	723	725	705	710	714	702	708	704	719	732	729	722	715	730	708	718	713	688	688	693	712	704	711	733	718	702	717	723	735	718	705	710	712	712	2841.763446
755	695	696	730	723	712	725	702	747	719	719	721	697	709	718	715	731	710	732	729	753	706	697	711	736	711	743	712	717	712	719	726	724	711	737	727	733	730	727	732	713	719	730	730	713	729	757	704	727	719	733	725	717	712	712	718	729	700	698	700	735	741	736	726	727	717	704	735	712	728	714	702	718	702	695	703	714	731	710	709	727	731	730	726	725	712	728	713	733	731	724	733	715	722	735	714	2843.154174
746	718	731	712	731	738	742	733	719	753	738	727	728	709	717	740	756	743	741	702	747	733	735	734	702	728	728	719	731	724	751	736	722	733	738	737	723	742	739	731	715	746	745	734	749	747	703	716	715	716	737	747	733	717	741	708	721	738	729	708	723	712	730	734	735	683	725	712	719	745	695	707	743	731	734	724	720	722	741	724	708	719	713	713	718	722	714	721	751	738	730	726	743	702	754	691	2844.554302
754	736	736	731	727	756	756	728	701	739	758	745	709	733	704	742	733	724	741	742	735	717	727	761	727	735	732	730	716	745	744	728	739	739	726	724	721	736	725	725	720	742	728	731	757	726	741	735	739	736	742	731	733	730	749	739	729	762	733	726	715	727	706	751	727	739	713	730	746	727	740	719	726	738	714	719	750	752	717	724	729	755	759	728	721	767	750	695	729	754	720	714	756	747	722	756	2845.944246
735	754	763	747	755	740	769	758	716	737	717	752	741	728	750	718	750	742	725	734	748	754	761	734	743	711	739	742	739	729	720	719	720	750	743	746	721	730	759	755	746	750	743	752	742	754	759	717	744	735	736	725	742	742	754	737	771	738	728	739	758	698	730	727	764	740	744	738	741	737	747	727	704	728	742	747	742	761	738	729	720	748	712	761	721	742	740	736	749	744	706	749	725	749	757	740	2847.3338
771	742	728	759	737	734	776	724	763	755	748	729	752	729	765	742	755	730	747	759	746	751	744	756	720	750	730	745	743	748	731	745	747	737	756	753	752	739	735	752	749	747	757	753	748	739	743	743	753	750	711	750	746	737	758	745	737	742	736	752	739	733	753	749	741	758	735	766	745	742	742	745	747	735	756	747	732	734	729	720	742	722	778	755	750	728	748	742	737	741	746	740	736	735	750	749	2848.722963
752	756	759	739	781	722	757	753	767	739	747	724	741	752	752	751	764	727	756	772	735	746	769	745	756	747	731	754	754	752	758	777	759	744	743	782	732	760	766	759	755	760	732	740	755	763	749	755	762	722	735	746	741	741	766	740	734	754	747	742	754	745	761	764	750	742	754	737	734	745	718	775	765	772	736	747	737	752	757	754	730	748	731	742	756	753	732	749	754	738	739	752	722	755	754	721	2850.121516
755	751	772	757	730	742	766	743	733	748	767	752	728	727	727	744	762	781	757	760	735	761	745	757	771	747	758	751	738	750	754	747	755	746	733	729	750	749	770	765	742	747	761	748	755	747	756	742	748	757	742	754	731	734	728	761	745	759	755	781	754	747	747	771	758	741	774	760	739	750	734	775	752	765	743	767	757	767	746	738	762	738	758	746	760	743	724	761	757	715	747	762	744	771	745	747	2851.509896
757	752	783	732	738	795	752	753	767	764	761	747	746	734	771	767	760	754	754	763	791	750	760	751	740	760	739	742	742	744	753	740	772	793	757	769	757	760	779	735	746	756	742	759	738	742	769	738	781	766	748	756	773	776	759	735	734	770	767	743	736	728	746	781	777	751	765	758	730	752	770	796	777	756	759	719	744	736	736	754	784	748	754	755	745	767	734	742	782	756	758	739	737	731	738	780	2852.897887
750	762	752	771	779	775	778	752	778	766	753	762	738	736	743	765	758	761	783	776	782	734	729	767	747	787	745	753	748	768	764	726	752	767	754	778	759	802	763	748	768	798	758	747	736	765	773	743	760	759	776	772	770	743	771	756	767	750	777	754	782	758	757	743	768	762	763	750	777	745	764	759	719	777	741	727	776	749	739	754	751	780	773	770	761	777	783	744	763	756	753	784	799	746	757	759	2854.285488
767	770	759	754	742	757	745	736	759	748	754	777	740	732	769	747	762	784	765	750	763	752	779	783	784	758	756	753	775	761	763	770	790	757	762	738	782	757	774	759	788	775	777	760	771	762	791	744	769	775	757	766	761	756	772	757	761	784	773	745	762	770	772	789	775	760	753	777	740	747	760	743	785	802	769	762	757	771	730	759	734	774	753	745	757	760	781	763	751	780	765	782	756	776	752	785	2855.662933
777	784	771	747	765	756	772	766	786	760	767	748	773	767	744	776	776	776	778	803	768	770	748	772	753	753	758	751	775	772	751	759	743	790	755	733	752	756	784	744	739	791	758	739	750	772	762	743	782	772	752	779	783	768	790	746	756	778	755	766	727	752	756	730	790	765	758	751	750	755	758	756	771	780	772	775	753	762	771	738	775	751	766	766	788	767	769	778	767	771	741	755	765	746	767	744	2857.049758
770	788	786	740	782	762	772	777	771	799	791	779	762	761	754	766	762	747	780	740	764	743	737	769	769	764	758	778	759	734	771	743	796	764	759	772	760	786	797	771	779	774	771	753	779	776	760	762	777	765	779	768	754	797	764	758	762	781	762	795	768	759	772	735	731	765	764	753	787	774	776	755	747	729	734	754	769	764	766	768	768	772	769	778	748	780	757	774	761	751	756	774	773	767	756	753	2858.436194
783	789	774	792	746	732	773	771	757	754	802	753	781	785	757	762	767	808	750	777	784	769	776	781	763	780	765	752	772	775	785	763	764	763	765	759	766	757	773	763	771	766	770	764	745	781	794	748	753	801	762	745	773	786	751	773	756	777	752	764	792	778	786	755	769	748	769	754	780	765	767	754	737	748	770	768	773	755	762	759	772	754	776	768	725	754	777	788	793	728	787	756	794	751	776	751	2859.822241
769	761	790	759	752	804	782	765	783	814	762	756	753	754	772	797	790	781	761	758	790	771	768	766	781	770	772	757	777	787	781	757	757	763	764	756	794	776	795	798	775	768	751	775	744	765	777	785	782	766	780	756	776	754	769	761	775	781	779	766	778	770	743	782	784	795	776	793	772	750	748	762	772	793	758	766	761	754	757	768	770	775	755	742	775	786	761	779	768	753	782	774	765	760	789	762	2861.207899
761	759	756	780	787	782	800	783	767	751	773	794	783	770	773	784	757	799	787	774	772	770	749	763	769	784	745	774	774	772	797	780	759	781	746	763	749	784	757	770	766	773	764	761	761	751	758	789	813	773	771	763	771	782	764	776	781	783	763	760	774	751	770	760	782	796	760	772	749	755	769	778	771	741	755	775	759	785	750	775	749	787	752	772	771	758	774	778	781	783	783	799	767	775	773	769	2862.583415
760	771	758	790	747	759	779	783	771	765	789	786	797	769	787	766	793	763	775	775	788	779	774	775	811	760	759	770	774	766	798	769	779	766	777	760	754	774	800	773	790	777	773	783	753	773	763	793	767	787	763	752	742	809	794	754	756	783	752	771	777	790	774	803	768	775	793	756	766	800	777	769	749	789	769	753	783	767	773	766	795	768	769	765	743	763	789	754	748	760	790	771	779	774	772	745	2863.968299
790	789	809	800	770	796	779	785	789	790	786	805	771	773	747	771	775	806	783	761	801	780	745	786	742	776	781	765	778	776	790	769	773	778	794	788	746	774	801	791	763	760	778	773	805	797	785	782	788	808	802	768	789	769	764	776	797	775	811	775	763	787	772	770	762	776	798	777	784	764	759	773	790	762	791	773	797	765	788	771	776	774	792	787	786	765	770	762	775	816	798	809	758	796	757	775	2865.343046
799	818	790	778	808	786	794	783	776	765	820	818	766	778	799	790	794	773	805	801	795	790	813	767	782	783	790	802	765	801	794	768	784	798	819	788	810	791	779	804	796	782	770	779	787	796	774	789	758	776	748	776	782	784	773	786	805	788	796	777	773	791	788	778	786	795	809	796	791	783	778	790	764	783	799	784	790	770	783	798	798	813	791	790	774	827	793	791	798	793	815	787	814	805	755	768	2866.727156
795	792	807	815	784	803	820	800	797	801	798	784	807	785	829	806	812	787	795	763	802	784	789	822	798	789	814	811	841	805	804	808	821	820	794	805	795	811	787	791	794	803	787	797	779	810	783	792	812	798	778	807	811	819	843	792	805	832	788	827	810	802	821	803	787	773	794	839	806	806	821	808	802	787	798	799	813	787	806	782	800	826	796	800	816	798	795	792	809	823	802	785	802	813	805	786	2868.101135
789	864	826	788	799	819	810	832	836	822	833	832	821	780	828	815	833	805	816	813	819	839	819	800	814	823	843	807	840	822	812	817	794	834	832	820	815	815	823	814	808	782	810	838	824	820	850	813	809	809	816	803	815	820	806	800	817	798	848	807	820	807	821	796	826	806	796	812	817	803	817	804	809	819	809	832	818	805	838	808	805	829	816	774	812	766	840	814	833	805	837	792	812	843	778	822	2869.474731
805	835	815	819	830	795	831	830	815	851	813	818	786	793	825	832	832	840	795	818	833	801	828	813	848	864	790	813	804	822	839	839	816	813	828	835	825	825	830	824	836	825	808	843	835	794	833	820	804	846	820	830	817	805	811	806	817	826	844	830	832	797	809	839	822	814	832	801	834	836	830	830	817	820	820	837	834	832	828	824	847	811	835	843	808	831	829	816	815	853	816	829	823	798	813	842	2870.847946
847	829	845	833	832	821	825	832	841	831	851	826	839	826	801	829	816	818	840	835	828	854	868	856	891	805	833	843	843	838	851	849	821	807	864	844	839	832	841	835	823	846	816	853	834	843	844	849	878	842	847	826	843	830	840	823	840	850	824	850	857	794	850	862	823	847	808	837	834	814	830	837	877	836	844	837	839	832	851	825	829	846	829	838	858	832	839	833	858	846	840	832	850	847	857	831	2872.230513
878	842	874	873	884	864	872	858	858	883	867	852	847	837	888	885	868	867	862	847	864	830	864	869	825	852	887	860	830	814	839	875	855	869	848	844	859	860	819	853	838	842	876	805	853	838	851	849	855	818	859	863	828	835	851	854	858	856	870	854	852	837	853	867	868	843	848	851	857	838	861	854	863	866	825	828	859	849	850	845	868	836	844	855	828	860	840	839	851	871	877	841	836	866	844	860	2873.60296
850	886	860	854	914	873	857	886	879	849	880	880	845	879	865	869	860	853	872	883	857	897	881	885	873	869	840	892	877	867	847	893	842	866	877	891	845	886	826	874	875	860	884	877	839	871	858	846	839	854	863	860	866	865	843	869	874	866	875	871	853	856	885	868	883	880	897	854	856	864	857	890	845	890	867	873	878	900	820	868	871	881	876	873	824	866	863	855	830	879	874	871	873	875	860	888	2874.975026
882	885	884	867	876	860	860	853	892	911	873	886	870	874	870	914	886	839	866	891	881	902	889	865	832	859	874	875	890	883	913	846	904	886	877	898	864	900	909	882	858	863	855	882	860	864	869	882	867	898	853	897	863	852	871	874	866	878	891	879	872	868	885	903	879	858	913	923	858	892	913	874	880	861	877	900	877	846	888	871	889	852	886	826	863	876	897	879	885	893	861	902	883	873	864	854	2876.34671
899	899	894	912	926	848	909	910	914	889	871	898	882	898	914	894	905	918	895	884	890	948	894	900	890	901	897	904	913	873	895	912	862	874	873	878	877	873	906	909	922	881	910	893	865	881	905	886	915	881	941	892	900	898	902	870	878	887	905	872	926	915	901	884	901	876	881	885	889	881	900	902	905	858	911	921	903	894	894	861	880	909	877	935	915	892	908	867	888	905	891	938	908	876	888	926	2877.718013
941	917	879	926	927	896	888	920	932	908	921	906	897	928	886	907	934	902	907	927	910	940	928	897	915	910	892	902	921	904	904	928	914	919	902	928	916	904	901	923	935	902	898	902	910	920	948	931	899	905	905	921	921	915	905	899	917	886	896	918	917	873	930	914	908	913	935	889	909	909	899	913	897	892	916	906	917	904	938	888	905	915	923	910	903	908	900	908	933	914	934	898	903	915	923	881	2879.088935
956	903	908	881	923	934	930	942	916	914	929	903	952	911	887	968	902	940	916	933	959	945	947	912	935	907	908	915	953	916	917	902	930	922	927	928	916	923	943	922	924	900	924	914	893	961	955	904	943	928	927	963	961	921	915	923	930	932	906	906	927	895	882	917	931	918	930	956	899	897	909	932	911	904	910	924	925	923	907	923	936	930	923	960	939	927	926	889	891	904	931	892	902	903	933	931	2880.449756
958	908	981	955	944	962	958	934	925	951	969	903	934	936	943	925	961	941	960	977	928	924	914	938	926	945	934	924	907	939	923	979	942	926	932	954	944	917	953	905	940	939	956	974	941	957	909	957	948	940	950	942	945	960	947	926	930	940	905	936	944	929	913	962	931	947	938	926	919	905	920	929	920	938	940	977	970	937	919	941	941	939	931	937	954	952	943	941	949	951	942	983	931	942	960	932	2881.819918
951	941	908	945	947	968	952	944	958	957	956	964	943	958	953	943	986	938	945	946	931	940	964	959	974	955	934	959	935	924	957	978	968	913	964	981	957	986	902	985	926	974	932	965	976	944	965	920	967	964	952	955	977	906	970	939	935	977	964	962	964	965	963	928	956	939	951	953	979	955	946	918	962	923	953	927	967	926	924	955	955	939	938	952	966	943	914	940	947	956	966	945	924	914	945	938	2883.1897
957	965	925	951	1010	974	952	998	991	950	955	973	934	956	987	986	964	937	992	966	946	967	946	934	980	954	952	986	939	978	974	967	943	977	972	946	927	951	957	947	972	963	960	959	963	946	958	972	963	959	940	933	935	938	941	977	988	967	946	958	972	966	959	952	953	970	945	987	959	950	946	971	947	957	940	965	955	927	961	945	960	968	982	964	935	960	962	965	970	951	963	940	967	954	949	974	2884.5591
986	957	974	974	979	961	982	942	1012	991	987	967	944	958	965	963	997	970	970	965	963	967	963	962	974	957	961	975	994	962	950	984	939	1009	944	972	995	960	981	977	994	939	968	973	942	959	970	965	935	957	959	982	967	982	972	972	973	958	976	954	948	967	977	968	954	947	966	972	960	980	949	1001	953	972	953	949	970	968	973	959	976	990	982	972	1005	940	960	979	969	960	977	955	968	961	947	971	2885.918412
974	1006	960	963	1002	975	1022	957	945	973	970	965	954	963	990	972	991	940	956	977	1025	973	973	1007	974	987	985	1000	981	975	994	960	985	987	995	982	978	1003	1013	984	969	1002	976	971	988	949	1011	979	979	998	1000	988	950	969	958	998	953	1012	958	937	997	958	971	964	1000	958	1028	965	978	955	979	940	961	996	941	994	978	965	957	982	976	983	967	1000	970	978	996	973	973	957	974	964	975	966	920	979	2887.287055
982	993	1001	994	1005	979	980	981	979	1005	978	977	969	993	934	995	968	998	976	1000	960	946	1016	949	974	1012	977	986	1007	991	973	981	1015	989	976	1006	977	972	1007	972	988	974	1014	994	1002	980	962	995	992	1018	999	988	965	985	997	992	993	995	971	1001	992	993	972	979	965	1013	1000	957	1023	1010	959	984	982	978	988	971	1022	979	1018	998	967	945	975	993	976	954	996	968	959	939	960	1002	944	998	964	983	2888.645615
976	986	1006	977	985	986	987	971	1008	987	1045	984	998	993	943	1006	984	998	971	969	962	1011	988	955	963	988	977	989	988	986	996	983	1013	990	1014	999	1036	987	946	994	1016	1007	983	963	1019	983	1020	985	986	988	964	985	991	995	977	960	1036	986	997	995	958	960	1016	1005	987	983	980	994	1022	1016	955	973	991	961	1007	1037	984	994	995	967	985	948	978	1017	966	1007	1002	1004	999	959	1004	974	999	962	1010	1004	2890.0038
961	1006	979	988	974	958	973	987	993	966	1024	1039	971	972	978	989	972	1004	1022	1010	1019	981	982	995	996	1015	989	985	998	982	951	983	1020	997	977	979	982	1002	1008	985	954	1014	973	983	992	1001	1004	998	983	1017	988	1017	980	1008	973	971	956	1006	1030	960	960	988	983	989	975	958	975	1000	1023	996	1022	1011	977	979	946	986	965	985	994	982	984	974	985	1000	973	993	931	1006	993	996	1008	985	1000	966	996	984	2891.371307
990	973	973	1029	1018	1012	996	1023	1006	1013	1009	1006	1000	1028	1000	1007	996	953	1018	994	1033	1018	1006	1001	999	983	1014	1005	989	1010	1012	980	1009	1011	993	979	1008	956	989	991	994	993	972	1003	991	980	1025	992	1003	990	977	982	993	1020	1006	974	1017	1005	1012	1017	981	997	986	994	1026	981	980	991	1005	987	1002	996	994	968	988	1000	1009	1013	1004	978	1041	1005	1003	964	1011	1014	1011	991	986	998	1035	969	1031	998	998	985	2892.728741
1012	999	1011	998	1058	1030	1000	1011	984	1019	1059	986	977	992	999	1009	998	1018	985	1010	1025	1004	1020	1002	994	1051	1013	1043	997	994	1000	1001	1020	971	1007	1015	992	988	1028	1010	1002	1024	984	1016	1005	1040	1030	1013	1006	1000	985	995	1002	990	971	1001	1005	967	967	999	987	1013	1014	997	1021	1021	1016	1003	995	997	988	994	983	989	1047	1024	974	964	959	988	962	1010	989	1001	1000	1014	994	969	1008	991	994	1030	997	999	1004	994	2894.0858
1028	993	1033	975	1014	1038	1006	1029	1009	1020	1002	1008	1000	1040	984	986	1004	1017	999	1035	999	1013	1024	1008	1033	1041	1000	1006	1000	996	986	1011	995	992	1030	1025	992	999	998	987	966	1009	999	1051	984	1014	990	978	1028	1043	995	985	1011	1009	994	979	1001	1035	999	989	1016	1003	1015	1044	1040	1007	1005	997	987	989	1001	1029	1047	1023	1035	997	967	1044	1024	993	995	977	1013	1017	1034	1043	997	1006	1006	1044	1022	1007	1011	1012	1014	1011	2895.442486
962	997	996	1028	1039	1032	1048	1017	1015	1027	1017	1020	1039	1056	1008	1048	1050	1035	1012	1031	1012	1006	1026	1030	992	1023	1032	1032	1025	1016	1050	989	1031	1008	1021	1007	993	1041	999	1042	1024	1036	1046	1026	1021	1041	1038	1019	1038	1025	1043	999	1045	1002	1011	1009	1015	1043	1062	997	997	1073	1014	1022	998	1014	1032	1031	1044	1014	1017	1013	1022	1049	1024	1032	1032	1019	989	1038	1007	1019	981	1023	1028	1016	1054	1003	992	1016	1001	1007	1013	1018	1008	1049	2896.808484
1048	1032	1023	1034	1042	1036	1031	1004	1041	1069	1031	1031	1032	1048	1040	1034	1051	1059	1050	1017	1013	1063	1032	1058	1029	1067	1005	1000	1025	1011	1052	1009	1059	1013	1028	1003	1011	1035	1046	1052	992	1048	1014	1035	1059	1045	1009	1004	1046	1061	1049	1048	1042	995	1015	1051	1049	1035	1040	993	1032	1019	1028	1015	1043	1036	1058	1044	1064	1009	996	1031	1024	1028	1030	1051	1000	985	1011	1010	1024	1004	1052	1039	1052	1012	1032	1026	1051	1039	1042	1062	1025	1003	1053	1039	2898.164419
1030	1043	1041	1024	1050	1046	1051	1062	1045	995	1071	1030	1048	1052	1002	1035	1010	1034	1014	1029	1061	1052	1016	1034	1023	1048	1053	1030	1040	1046	1032	1060	1051	1045	1052	1058	1013	1046	1082	1062	1030	1024	1060	1029	1068	1059	1048	1037	1077	1041	1075	1051	1062	1008	1058	1043	1043	1043	1045	1082	1029	1044	1036	1031	1020	1032	1057	1041	1028	1039	1031	1043	1052	1047	1020	1085	1065	1014	1067	1040	1034	1046	1051	1050	1020	1078	1076	1043	1058	1050	1002	1072	1086	1026	1058	1060	2899.51998
1070	1055	1064	1077	1064	1042	1042	1103	1073	1073	1050	1066	1055	1054	1047	1031	1066	1088	1093	1032	1081	1016	1052	1054	1065	1049	1060	1077	1035	1098	1032	1047	1085	1074	1051	1072	1024	1060	1061	1088	1037	1061	1065	1084	1048	1074	1064	1068	1082	1054	1051	1041	1049	1055	1062	1060	1090	1047	1048	1039	1068	1055	1066	1065	1032	1108	1075	1087	1045	1041	1019	1045	1069	1043	1057	1064	1059	1087	1085	1071	1038	1037	1043	1074	1043	1038	1080	1060	1081	1059	1081	1057	1079	1054	1014	1050	2900.86549
1073	1035	1067	1049	1054	1072	1079	1072	1085	1093	1064	1053	1051	1091	1062	1054	1084	1083	1044	1085	1109	1073	1056	1057	1081	1062	1046	1075	1050	1070	1075	1050	1069	1096	1079	1101	1070	1087	1098	1064	1069	1068	1072	1078	1066	1106	1082	1068	1086	1070	1052	1064	1077	1073	1113	1078	1051	1067	1043	1089	1082	1068	1071	1066	1064	1075	1065	1062	1076	1043	1068	1056	1034	1062	1081	1056	1071	1119	1049	1047	1035	1076	1083	1080	1046	1087	1084	1034	1073	1060	1079	1074	1098	1065	1078	1064	2902.220307
1063	1055	1073	1081	1106	1080	1094	1087	1106	1094	1054	1103	1057	1085	1092	1102	1100	1066	1055	1049	1103	1102	1055	1046	1052	1075	1051	1034	1104	1078	1099	1063	1056	1074	1110	1085	1069	1078	1079	1079	1042	1042	1059	1093	1080	1042	1063	1106	1085	1067	1075	1020	1050	1060	1066	1043	1079	1059	1071	1076	1094	1079	1079	1091	1064	1076	1041	1069	1106	1092	1045	1076	1102	1115	1073	1084	1069	1096	1029	1052	1076	1087	1059	1050	1090	1101	1108	1097	1103	1028	1085	1038	1061	1081	1051	1074	2903.574752
1076	1094	1085	1060	1096	1067	1069	1086	1068	1073	1081	1097	1097	1090	1087	1047	1074	1100	1110	1098	1092	1116	1059	1097	1075	1076	1066	1064	1056	1068	1084	1092	1087	1053	1094	1074	1066	1096	1106	1062	1077	1079	1071	1101	1073	1058	1088	1084	1094	1058	1098	1103	1100	1055	1092	1048	1091	1054	1118	1081	1097	1078	1054	1078	1078	1075	1112	1081	1081	1065	1076	1054	1067	1111	1038	1031	1033	1050	1045	1061	1095	1087	1048	1088	1074	1097	1040	1074	1100	1082	1084	1090	1031	1077	1089	1080	2904.928823
1044	1083	1078	1074	1082	1083	1071	1070	1072	1119	1130	1068	1083	1080	1085	1096	1082	1091	1060	1042	1073	1073	1070	1106	1092	1096	1075	1083	1121	1105	1066	1098	1077	1050	1088	1083	1071	1109	1057	1100	1071	1094	1056	1078	1079	1095	1107	1066	1126	1119	1090	1072	1092	1095	1054	1088	1093	1112	1100	1064	1070	1083	1070	1065	1080	1078	1079	1085	1050	1068	1072	1077	1083	1116	1066	1089	1075	1065	1093	1090	1067	1073	1108	1060	1088	1098	1073	1075	1078	1090	1137	1088	1091	1100	1077	1073	2906.272854
1053	1109	1068	1081	1065	1097	1085	1126	1065	1074	1086	1133	1057	1079	1077	1083	1058	1097	1089	1058	1111	1078	1060	1060	1116	1103	1103	1073	1068	1085	1117	1058	1096	1076	1070	1065	1085	1061	1073	1114	1061	1035	1045	1097	1114	1059	1070	1088	1106	1069	1115	1079	1040	1084	1087	1046	1127	1088	1079	1075	1081	1097	1088	1078	1107	1084	1066	1083	1129	1069	1071	1056	1095	1064	1082	1083	1080	1091	1052	1096	1102	1078	1089	1058	1103	1083	1060	1067	1090	1132	1046	1077	1092	1106	1065	1028	2907.626183
1067	1105	1075	1079	1108	1076	1063	1082	1099	1071	1064	1060	1093	1124	1012	1085	1048	1069	1104	1062	1093	1085	1096	1100	1077	1097	1075	1093	1060	1056	1057	1071	1065	1087	1064	1087	1088	1083	1046	1104	1063	1083	1068	1099	1072	1069	1117	1073	1080	1070	1063	1082	1112	1068	1073	1053	1047	1103	1098	1068	1075	1067	1052	1071	1065	1076	1071	1076	1077	1063	1091	1108	1065	1096	1093	1072	1103	1095	1033	1100	1054	1042	1064	1073	1106	1060	1126	1072	1062	1091	1075	1097	1122	1095	1094	1081	2908.979139
1052	1102	1065	1032	1066	1088	1115	1093	1084	1050	1380	1072	1056	1059	1076	1042	1104	1064	1064	1069	1081	1106	1047	1055	1057	1074	1081	1075	1088	1059	1047	1088	1062	1092	1072	1081	1091	1060	1075	1049	1069	1105	1052	1089	1075	1070	1065	1060	1109	1085	1063	1075	1090	1055	1103	1064	1082	1077	1077	1070	1081	1052	1030	1075	1057	1089	1088	1079	1068	1094	1089	1058	1061	1052	1088	1044	1086	1059	1048	1068	1044	1058	1070	1057	1075	1061	1084	1040	1078	1063	1086	1040	1071	1066	1086	1080	2910.322063
1038	1064	1053	1055	1077	1077	1056	1064	1030	1059	2694	1056	1050	1050	1068	1065	1064	1045	1060	1035	1067	1071	1082	1031	1074	1117	1048	1060	1080	1044	1062	1032	1057	1072	1071	1076	1081	1032	1025	1084	1095	1070	1075	1030	1064	1026	1077	1033	1066	1075	1062	1053	1059	1053	1047	1071	1059	1066	1089	1030	1053	1054	1033	1051	1046	1062	1083	1048	1107	1024	1014	1051	1035	1071	1049	1048	1045	1066	1022	1072	1093	1070	1074	1058	1031	1063	1070	1029	1072	1043	1071	1066	1057	1065	1054	1089	2911.674277
1065	1049	1039	1044	1038	1059	1048	1047	1075	1047	1097	1023	1042	1064	1037	1073	1032	1052	1053	1070	1066	1048	1019	1024	1056	1008	1088	1062	1077	1037	1055	1037	1036	1066	1067	1061	1036	1029	1058	1055	1045	1020	1022	1021	1047	1098	1077	1091	1082	1083	1046	1052	1031	1049	1075	1034	1034	1024	1065	1055	1057	1024	1066	1074	1040	1032	1051	1057	1042	1054	1046	1056	1072	1055	1037	1011	1060	1036	1054	1044	1015	1057	1068	1021	1085	1035	1053	1048	1050	1040	1025	1050	1047	1079	1053	1013	2913.016465
1018	1063	1055	1024	1059	1039	1041	1041	1014	1055	1037	1040	1036	1037	1052	1055	1045	1052	1054	1043	1027	1018	1048	1029	1056	1050	1018	1015	1028	1033	1056	1056	1045	1004	1055	1063	1054	1037	1038	1012	1018	1039	1030	1023	1005	1025	1027	1052	1055	1052	1087	1036	1042	1053	1036	1025	1024	1032	1047	1062	1076	1019	1068	1047	1002	1033	1066	1025	1052	1004	1021	1009	1039	1037	1051	1018	1045	1033	1018	1041	1042	1044	1083	1042	1048	1032	1034	1040	1060	1002	1043	1079	1055	1047	1053	1014	2914.358286
1068	1043	1042	1017	1033	1018	1014	1024	1008	1051	1009	1048	1028	1025	1031	1016	1050	1065	999	1029	992	1031	1049	1043	1037	973	1050	1047	1011	1003	1045	1008	1023	1067	1022	1061	1032	1017	1047	1029	1037	1030	1056	1001	993	1045	1040	1014	1016	1054	1069	1046	1045	1016	998	1023	1038	986	1058	1032	1067	1030	1018	1000	1032	992	1001	1041	1024	1020	1043	1044	1046	1041	1011	1042	1011	1018	1025	1003	1036	1066	1009	1022	1057	1040	1015	1053	1038	1049	1045	1070	1036	1012	1036	1023	2915.69974
1012	1015	1008	993	1017	1027	1014	1014	1023	1012	1013	1009	1043	1020	1026	1019	1014	996	1014	990	1013	998	1015	1013	1042	1008	1024	1054	1013	1041	992	1033	1027	1014	991	1005	1011	976	1003	1014	1000	1022	992	1044	1013	1030	1035	1015	1032	1039	1028	1020	1024	1016	983	1048	1007	990	1050	1030	981	956	1002	1000	1002	1008	1023	1001	1012	1021	1027	1009	1026	1033	1009	1024	1023	1002	1016	1012	986	1020	1021	1023	1034	1001	1060	993	1004	999	1031	1021	1018	1013	1015	1021	2917.050476
1000	1008	1019	990	1035	1017	998	993	1012	1025	1023	1011	993	1022	986	1008	1016	995	1012	1011	989	998	1014	1034	1055	1039	975	1017	1045	982	1014	1009	974	1011	987	1019	1013	1014	999	1012	1018	1016	1017	977	975	1013	1018	1046	1043	1037	985	1006	1011	1014	976	1032	1002	1037	1014	1037	1014	1051	1028	1023	985	1029	1012	1045	1006	990	1008	1015	1008	995	978	1012	1008	984	988	1015	1012	1011	1030	1010	1021	1009	1007	1014	1002	1036	992	995	1034	999	991	991	2918.391195
1006	1010	988	1014	1005	1029	1004	984	1000	1039	990	972	1034	987	992	986	981	1005	1008	995	1013	1011	978	1014	1006	1037	995	982	1013	975	1016	977	1013	981	980	1002	995	1017	1026	1004	995	995	1010	998	1017	993	1010	1034	1008	973	1015	993	993	971	1020	994	1014	1012	1021	1021	991	1051	972	998	982	1029	993	1006	980	1045	992	1014	1005	985	1013	1030	1017	1040	990	981	979	1021	978	1028	1020	1034	996	994	1007	1007	1002	1048	1023	974	978	982	2919.731549
1015	976	982	1001	992	991	1001	1002	993	1005	990	998	1008	956	971	985	995	1032	998	994	970	1001	976	1005	997	1009	972	1028	989	1003	964	982	1033	981	1014	1040	1025	992	1020	1008	994	1002	997	1007	980	987	1017	996	996	998	996	1006	1011	1003	1007	1005	967	1000	997	1006	1004	975	1003	988	984	981	950	980	1014	1029	1002	964	1012	1031	1010	999	974	1007	1001	1027	1004	993	996	986	973	963	971	985	976	972	1006	1014	1052	1002	1021	1025	2921.071536
1003	981	1025	1007	948	971	974	1025	1021	969	1004	1006	1026	1002	967	1054	999	1019	1005	1010	976	972	1023	1006	982	1017	1003	1000	984	983	1000	989	1017	995	1037	994	1023	1003	995	969	955	992	1007	999	992	1012	1010	966	985	1002	1017	997	980	970	978	987	996	1024	989	1022	995	1004	984	1001	1006	990	992	1011	961	1003	998	976	1003	987	1018	1025	985	955	985	997	1012	936	1003	992	1037	983	969	1013	999	1003	999	980	990	990	988	998	2922.411159
966	1037	1002	982	960	958	980	1021	1016	1026	1013	1003	1010	966	979	976	1005	1017	993	1001	1004	984	1001	987	999	1044	1002	1029	983	1002	1008	1002	961	974	988	1027	967	1007	1015	984	1019	996	1025	1012	1019	1029	998	985	993	997	996	1008	990	1013	1003	1031	983	988	1011	1019	990	1011	1001	1006	984	979	1023	976	992	990	993	961	978	1054	982	1002	998	979	977	1014	965	950	1019	988	1005	1018	1006	985	990	985	1003	1015	986	971	1013	1029	2923.750415
944	1010	1012	995	979	991	990	1039	1033	1037	1029	999	964	1001	996	1011	1040	1012	1021	1013	997	1002	1008	1011	994	999	1016	1014	1009	1004	997	1017	1015	1023	990	991	995	1025	1001	1014	998	974	941	1014	981	995	959	1015	985	1003	1000	995	986	999	989	1019	1025	1000	988	984	1007	979	996	989	1005	1041	983	1004	1029	987	994	1012	1006	999	969	1026	1008	978	997	1012	966	1027	1014	995	1041	1011	977	1002	1045	1010	1025	1004	1059	993	946	988	2925.079675
1023	1061	999	1039	1007	972	997	1028	1040	1039	1030	998	1006	978	1010	1026	1007	1024	1010	1000	1027	1000	1023	1023	1015	1013	975	994	1026	1065	990	1015	1004	1012	1036	1016	1006	1075	986	1000	1002	1016	1003	1024	990	1002	1016	976	984	1001	967	980	1009	950	1045	1024	1019	1023	1029	1039	1003	1013	1012	1017	999	1002	1001	1030	1003	1004	997	985	1030	1011	974	1021	1006	1013	1009	1010	1004	1027	1018	1045	983	977	1029	1017	1029	990	987	1038	1004	1007	1022	1007	2926.418204
1009	1019	1038	1011	1000	1026	1081	1038	980	1016	1006	961	1010	1015	1016	994	1023	1004	1027	1033	1028	1046	1038	1008	1059	1018	1013	983	1005	1027	998	1011	986	994	1006	1045	1038	1006	1025	1043	1017	990	1044	1010	1023	1030	1030	1036	1028	1044	1017	1029	1043	1042	1020	1019	994	1010	1014	1013	1017	989	1018	1051	994	1008	1024	1006	961	1011	1022	1076	996	1028	1024	1021	1018	1040	991	989	1009	1018	1021	1033	1002	1003	997	1012	1013	1032	1023	1012	1046	1040	1024	1017	2927.756367
1047	1066	994	1029	1016	1019	997	1023	1035	1005	1038	1037	1057	1024	1016	1047	1043	1022	1073	1035	1026	1028	1065	1052	1005	1013	1023	994	1007	1014	1039	1040	1047	1026	1041	1016	1042	1029	1048	1027	1043	1028	1027	1007	1047	1027	1035	1031	1054	1040	1058	1018	1008	1028	1025	1000	1022	1021	1060	1030	977	1023	1019	1014	1027	1034	1027	1031	1034	1018	1050	1033	1005	996	1031	1035	1011	1028	1001	1022	1013	1045	1065	1066	1042	997	1043	1034	1026	1020	999	1089	1028	1081	1031	1058	2929.094166
1027	1027	1037	1033	1015	1039	1035	1073	1027	1029	1014	1029	999	1039	1028	1029	1017	1032	1070	1013	1030	1013	1053	1035	1052	1055	1030	1050	1029	1030	1034	1010	1047	1039	1009	1016	1073	1010	1021	1026	1017	1058	1030	1049	1027	1062	1060	1043	1029	1025	1068	1031	1002	1041	1079	1045	1060	1048	1033	1009	1061	1047	1030	1029	1043	1047	1028	1044	1026	1027	985	1020	1057	1014	1002	1074	1094	1046	1050	1071	1026	1018	1046	1051	1038	1040	995	1042	1051	1025	1033	992	1045	1024	1024	996	2930.421979
1005	1033	1060	1030	1055	1034	1061	1084	1078	1053	1072	1054	1057	1030	1004	1052	1026	1045	1058	1048	1035	1059	1047	1033	1044	1071	1051	1024	1039	1032	1050	1043	1031	1024	1037	1022	1027	1058	1028	1008	1042	1029	1022	1042	1048	1052	1053	1026	1050	1047	1032	1022	1016	1046	1064	1009	1004	1051	1059	1026	1054	1028	1034	1067	1049	1047	1055	1039	1027	1070	1051	1032	1049	1043	1044	1047	1008	1045	1005	997	1039	1051	1022	1053	1003	1044	1040	996	1048	1037	1056	1046	1056	1049	1028	1032	2931.759051
1049	1008	1029	1035	1061	1075	1103	1070	1039	1084	1056	1065	1056	1037	1046	1034	1023	1071	1049	1033	1049	1035	1037	1069	1061	1097	1078	1073	1056	1066	1047	1092	1045	1044	1077	1040	1071	1082	1061	1061	1039	1087	1044	1046	1044	1086	1033	1030	1095	1061	1011	1068	996	1058	1043	1049	1033	1027	1059	1044	1051	1047	1015	1038	1034	1071	1022	1053	1036	1027	1044	1057	1008	1020	1015	1027	1013	1060	1030	1049	1089	1026	1017	1055	1044	1040	1076	1033	1054	1067	1065	1059	1041	1053	1021	1066	2933.086143
1057	1072	1051	1032	1035	1066	1056	1026	1039	1044	1072	1068	1005	1063	1039	1053	1048	1064	1038	1034	1059	1058	1035	1052	1035	1042	1031	1041	1079	1066	1045	1036	1027	1046	1078	1049	1069	1034	1058	1051	1061	1056	1059	1023	1091	1074	1077	1098	1023	1026	1059	1067	1046	1028	1031	1046	1048	1090	1029	1078	1046	1021	1032	1047	1042	1048	1046	1065	1035	1075	1025	1055	1063	1064	1039	1083	1049	1069	1014	1052	1042	1032	1034	1063	1083	1039	1054	1101	1037	1031	1024	1069	1024	1017	1042	1032	2934.412876
1062	1032	1056	1035	1049	1065	1046	1040	1059	1058	1021	1016	1049	1046	1044	1034	1003	1071	1072	1051	1093	1083	1050	1028	1064	1074	1052	1083	1052	1060	1025	1048	1041	1033	1058	1065	1071	1054	1023	1096	1026	1062	1066	1044	1059	1059	1024	1059	1025	1060	1060	1054	1044	1005	1039	1036	1028	1052	1067	1054	1069	1059	1079	1021	1018	1048	1068	1049	1030	1063	1030	1059	1061	1032	1026	1031	1036	1047	1041	1039	1014	1046	1071	1059	1065	1084	1012	1068	1023	1031	1085	1041	1070	1047	1042	1055	2935.74886
1033	1045	1044	1028	1054	1072	1034	1044	1061	1045	1039	994	1049	1067	1054	1044	1073	1058	1037	1049	1040	1070	1033	1069	1077	1075	1053	1030	1002	1044	1034	1051	1072	1013	1080	1034	1059	1097	1070	1049	1068	1038	1043	1046	1095	1076	1045	1059	1056	1040	1054	1030	1073	1043	1012	1059	1038	1051	1078	1009	1058	1041	1043	1086	1062	1014	1007	1040	1047	1021	1039	1065	1041	1030	1059	1023	1037	1064	1012	1029	1063	1037	1068	1055	1058	1051	1020	1031	1046	1055	1069	1103	1044	1038	1043	1044	2937.074872
1026	1040	1058	1064	1055	1028	1043	1048	1075	1061	1061	1043	1043	1053	1007	1040	1076	1042	1046	1032	1028	1083	1054	1050	1051	1019	1052	1040	1052	1028	1043	1075	1059	1038	1038	1060	1062	1062	1055	1050	1050	1057	1021	1057	1034	1075	1048	1033	1069	1033	1041	1046	1047	998	1038	1035	1033	1048	1048	1039	1047	1059	1040	1010	1026	1085	1046	1012	1025	1005	1063	1043	1061	1067	1048	1027	1059	1023	1062	1013	1060	1037	1028	1005	1055	1063	1058	1021	1049	1063	1032	1038	1051	1062	1041	998	2938.400526
1018	1040	1055	1052	1057	1069	1057	1102	1010	1060	1051	1038	1055	1017	1072	1032	1078	1067	1063	1031	1019	1042	1042	1006	1037	1058	1046	1036	1017	1043	1033	1058	1033	1017	1031	1016	1051	1045	1022	1035	1039	1062	1039	1082	1023	1066	1031	1067	1071	1039	1033	1033	1029	1034	1058	1062	1052	1039	1020	1063	1076	1053	1067	1052	1032	1044	1016	1046	1002	1044	1052	1060	1045	1051	1034	1019	1026	1017	1046	1046	1066	1062	1010	1037	1036	1023	1061	1059	1039	1031	1019	992	1037	1022	1074	1066	2939.725822
1036	1056	1022	1013	1027	1026	1027	1070	1062	1037	1021	1052	1048	1064	1022	1045	1048	1046	1054	1038	1026	1072	1077	1020	1023	1022	1052	1050	1028	1051	1055	1033	1038	1066	1053	1051	1050	1028	1033	1025	1062	1051	1014	1020	1029	1075	1025	999	1015	1033	1058	1005	1086	1029	1033	1050	1034	1018	1039	1068	1009	1034	1036	1021	1030	1052	1024	1049	1057	1027	1029	1036	1084	1030	1042	1042	1088	1034	1028	1042	1029	1035	1014	1038	1015	1018	1060	1049	1020	1023	995	1039	1034	1013	1023	1047	2941.050758
1023	1042	1040	1017	1027	1034	1018	1037	1041	1010	997	1018	1058	1022	1029	1048	1027	1012	1079	1054	1047	1030	1045	1023	1024	1075	1049	1077	1030	1020	1057	1037	1040	1019	1037	1020	1045	1025	1008	1043	1012	1033	1041	1033	1035	1023	1008	1046	1025	1056	1012	1041	1001	1016	1011	1022	1051	1051	1035	1058	1026	1015	1041	1003	1047	1041	1017	1041	1000	1029	1020	1036	1021	1039	1033	1023	1024	1046	1057	1040	1037	1008	1029	1007	1010	1034	1013	1047	1036	1037	1043	1030	1014	1037	1026	1021	2942.375337
998	1032	1031	1012	1015	1005	1016	1021	1004	1017	1036	1014	1036	1029	994	1013	986	1015	1032	1007	1024	1000	1006	1014	1045	1014	1011	1019	1005	1006	993	1043	1020	1041	1040	1016	1063	975	1005	1039	1017	1040	1000	1031	1007	1035	990	1012	1020	1039	981	1005	1007	1046	988	1036	1015	1032	991	1066	1055	998	1018	1026	1036	1001	1005	1004	991	1038	991	1035	1002	1021	1000	1058	1043	1033	986	1019	1012	998	1040	1011	1036	997	1014	1034	1032	1042	1052	1040	1037	993	997	1054	2943.699558
1013	998	1026	1019	1001	1004	1016	1053	1037	1004	978	1039	980	1034	1003	1004	1007	996	994	983	1039	1022	1016	979	1025	1020	1012	981	1019	982	1010	995	1035	994	992	994	1030	1008	1032	994	1013	1005	1004	1007	1010	991	1019	1007	1017	984	1028	1014	1021	985	994	1012	1019	1030	1025	1005	1042	973	1029	997	1019	1022	1053	1021	1007	1017	1003	1026	1008	1022	1003	996	981	1004	1012	997	967	976	1001	1021	1014	979	1013	1026	1043	1025	1042	1036	996	993	1019	984	2945.02342
1011	951	1004	986	995	1013	1005	993	1012	969	1013	1002	1023	993	981	981	997	993	993	996	1003	987	1002	998	1003	973	968	1008	1016	982	972	983	1002	1011	999	1030	983	1017	1001	983	997	1015	990	987	977	980	1015	1009	980	976	1001	988	1003	1024	995	1004	975	1001	994	982	1015	982	985	966	1013	976	976	996	982	930	1014	993	1000	957	992	945	990	987	1024	985	975	996	1013	980	970	970	992	1034	965	1012	963	986	1006	1006	1033	1000	2946.346925
1005	1006	998	982	996	1001	1002	1004	1022	991	979	987	960	952	952	982	1002	969	967	989	973	977	987	982	1008	975	972	998	960	971	1005	1001	996	976	966	1015	1027	981	1026	984	965	987	936	989	965	993	972	943	969	948	979	944	958	953	970	959	973	990	988	981	993	985	966	1006	973	970	979	987	952	994	979	983	976	972	985	972	977	993	982	939	968	969	1027	975	961	1003	991	997	954	961	966	978	1005	993	991	985	2947.670072
971	974	956	937	985	1037	1001	957	979	969	968	935	987	947	979	964	990	974	982	979	985	971	984	932	943	982	966	999	943	998	969	1010	948	976	981	953	977	943	970	951	957	958	1003	978	973	973	936	987	1001	945	987	943	970	956	966	983	936	970	974	948	945	951	951	959	959	966	941	985	945	977	968	983	952	976	978	964	973	984	1003	953	927	966	939	931	960	969	969	972	970	954	984	954	955	953	945	985	2948.992862
953	934	895	939	945	956	950	954	955	965	948	937	941	968	935	954	946	949	930	956	903	944	949	942	950	958	958	961	949	955	973	967	955	964	928	962	951	953	951	955	943	980	937	935	943	945	968	958	981	957	957	944	952	966	968	929	934	999	974	990	942	967	951	941	973	958	975	979	963	950	983	928	954	959	950	962	965	929	979	922	963	943	951	952	927	959	983	940	994	933	947	965	967	965	968	909	2950.305713
958	964	903	924	964	963	946	973	943	993	936	972	943	945	939	895	928	960	944	959	966	928	953	937	968	926	939	958	957	903	926	946	940	922	950	959	959	957	947	923	945	917	918	947	907	954	947	907	905	966	961	976	928	935	943	909	938	947	936	913	981	924	937	924	940	938	955	938	944	906	941	968	909	945	950	952	922	951	929	919	963	942	972	961	961	945	923	946	941	949	904	954	956	943	967	957	2951.62779
952	967	955	948	917	892	894	954	953	950	906	948	901	947	910	907	940	934	915	918	899	939	916	929	934	932	932	930	933	948	940	942	909	889	946	947	942	935	932	926	917	940	947	946	920	917	953	945	932	943	937	933	943	927	919	946	938	919	915	966	895	935	939	937	911	971	944	945	931	953	922	924	936	926	915	947	960	925	893	928	929	917	937	942	906	930	903	914	958	937	910	949	918	933	935	902	2952.939934
908	945	936	946	946	915	918	927	890	945	923	930	935	917	936	942	910	942	906	911	943	931	910	901	962	942	941	957	931	922	906	957	922	908	906	949	915	947	946	933	931	921	910	915	941	934	915	912	947	904	949	934	926	941	943	950	926	931	942	939	914	920	940	910	936	909	930	943	938	938	910	908	972	887	947	909	926	944	884	936	899	942	910	927	941	906	960	932	958	884	919	919	928	937	896	893	2954.261301
924	936	913	922	932	950	930	949	920	899	910	909	873	905	921	911	934	935	923	937	907	936	932	955	935	923	921	926	931	960	939	909	887	952	923	924	917	946	902	930	906	926	916	948	911	895	899	931	908	919	918	947	933	907	907	939	886	897	918	929	923	923	913	928	914	948	893	914	906	960	927	907	921	892	950	913	935	898	926	909	913	915	924	936	917	905	896	916	941	928	924	902	919	890	927	933	2955.572739
914	928	908	922	922	943	955	928	899	941	904	941	913	916	914	961	937	908	893	891	973	885	929	931	946	926	920	902	905	905	909	896	908	904	917	904	934	912	943	915	915	906	927	937	915	901	905	935	935	918	942	916	913	937	910	908	908	946	905	894	915	922	919	917	937	941	925	948	918	915	892	901	916	943	899	923	923	948	916	920	896	921	922	913	957	927	929	915	945	921	916	910	934	907	907	932	2956.893394
895	905	876	900	924	901	903	919	929	956	917	921	924	909	928	897	903	879	936	922	920	957	900	963	914	920	937	911	916	901	901	908	904	896	951	876	900	902	935	943	916	894	920	921	937	908	941	907	930	927	937	903	894	890	903	2479	909	925	929	902	901	893	909	915	913	932	930	903	914	917	889	904	916	929	905	939	916	883	918	913	913	903	904	932	901	889	913	925	931	933	912	895	903	928	922	909	2958.204127
869	942	915	925	899	918	896	917	922	902	901	914	893	919	918	936	911	916	948	959	906	907	887	937	967	923	877	930	896	928	890	915	890	884	895	921	919	917	902	930	908	900	914	930	914	924	906	937	954	907	909	910	907	922	907	927	922	907	921	965	900	938	891	889	889	912	931	924	899	908	913	895	897	933	931	956	915	925	924	892	898	892	900	891	916	933	897	913	900	891	937	916	931	892	907	920	2959.514508
900	942	920	949	954	879	929	922	915	935	925	883	914	909	867	892	942	892	908	946	860	904	901	949	882	924	917	931	904	917	929	935	917	904	923	913	909	898	930	861	935	918	888	891	896	932	926	935	915	939	921	896	915	890	893	914	899	922	909	933	899	934	904	926	916	912	895	926	877	915	889	906	906	938	918	894	917	920	902	887	938	907	882	908	880	923	906	934	875	937	935	904	923	895	893	925	2960.824539
916	930	902	951	928	906	900	901	889	906	910	913	922	872	898	911	907	886	916	900	907	924	903	899	906	913	884	906	907	910	919	895	888	920	919	917	879	896	913	884	885	900	888	914	916	915	893	909	924	896	938	915	926	932	884	922	886	905	908	915	885	880	880	921	917	920	883	923	884	902	913	883	907	867	900	912	919	896	898	877	880	930	891	889	914	898	902	907	875	892	920	926	908	921	884	907	2962.143777
900	886	929	875	907	928	900	896	909	919	904	902	863	897	880	945	912	900	883	917	912	863	915	909	908	922	896	918	919	908	880	897	906	905	864	906	888	909	912	917	915	883	898	907	890	932	889	884	912	909	909	904	924	904	911	888	898	910	883	874	913	892	877	917	895	903	905	893	887	905	901	864	867	861	889	893	895	858	904	865	897	893	878	899	878	915	912	896	922	888	902	908	903	913	904	939	2963.453103
912	877	889	902	895	916	895	895	892	900	908	917	885	887	891	893	914	887	908	856	902	897	894	911	879	902	888	882	887	885	897	893	877	896	901	929	919	911	904	872	890	890	897	884	910	882	905	888	912	916	911	900	909	916	891	898	857	896	877	887	897	867	910	891	908	910	885	895	924	919	894	908	881	884	911	907	896	906	883	899	893	889	893	871	895	899	881	895	918	885	877	902	890	890	888	896	2964.762078
893	868	874	878	894	891	877	889	896	878	892	884	904	895	899	913	901	914	910	908	889	905	885	899	905	898	878	874	879	888	901	893	881	881	892	884	896	899	926	928	878	892	918	867	882	904	871	923	897	854	898	877	906	857	888	884	877	882	889	918	876	891	850	873	893	902	897	881	875	934	907	899	903	869	885	885	898	925	910	854	892	870	931	883	880	884	905	907	862	869	874	868	867	903	899	884	2966.070703
872	878	895	898	889	914	868	934	917	903	908	932	899	876	905	871	878	911	864	888	921	860	878	866	897	889	902	869	881	911	870	880	873	883	879	916	887	918	914	875	905	893	896	887	867	876	889	878	922	901	907	881	898	907	873	874	874	888	885	867	864	899	891	885	893	907	869	916	896	895	898	887	897	897	865	861	887	873	905	903	892	903	878	901	920	900	890	910	913	902	887	888	887	875	874	884	2967.36943
886	909	889	887	850	886	902	863	924	883	835	887	914	886	895	908	882	884	890	889	875	912	879	887	879	877	877	871	865	884	890	870	877	889	876	908	902	893	895	881	861	904	871	907	903	883	919	858	885	938	900	868	879	895	875	881	876	849	895	883	893	855	879	888	893	868	882	902	859	889	890	903	897	893	859	846	883	870	881	878	878	884	884	890	942	900	859	881	874	921	877	863	905	881	899	890	2968.677357
870	877	905	862	889	872	877	861	906	865	900	872	892	902	852	869	870	823	899	914	883	880	841	887	894	882	865	906	888	889	868	864	877	865	894	874	872	862	879	850	875	857	871	870	895	896	871	882	874	863	888	861	862	865	860	838	884	893	869	842	868	890	898	864	867	890	897	870	912	873	871	869	881	866	876	849	894	868	867	891	860	885	895	875	859	899	882	899	897	887	856	866	840	882	863	882	2969.984934
887	884	882	838	857	856	843	868	892	862	876	866	878	850	868	878	857	884	865	890	841	860	879	890	872	857	868	873	893	847	884	893	879	855	859	869	886	872	866	841	855	878	881	890	881	881	858	851	866	879	877	913	848	849	861	847	866	901	883	857	857	869	873	896	883	887	868	856	892	863	871	863	866	882	886	883	861	874	878	878	875	877	880	882	857	860	866	865	865	896	859	880	858	865	901	875	2971.29216
836	877	854	892	861	873	877	827	863	865	864	860	882	834	850	841	838	864	879	845	875	870	845	857	867	839	868	855	867	890	895	887	890	870	867	864	876	860	840	857	887	873	891	873	890	857	886	882	838	873	861	885	864	893	862	838	865	852	868	874	875	835	866	861	873	845	868	874	882	876	862	879	860	855	851	848	861	884	878	865	888	872	852	877	840	855	869	885	848	864	871	855	860	829	879	858	2972.5895
873	865	852	852	856	839	863	872	879	876	860	852	831	879	852	888	862	888	833	833	889	881	854	906	878	832	876	818	858	861	903	851	862	855	886	868	864	855	888	832	883	848	845	842	859	854	881	884	837	823	882	862	851	840	870	853	869	871	868	873	845	857	849	863	859	842	851	861	847	879	854	860	857	883	1379	854	845	867	868	867	845	881	874	851	867	889	854	830	858	856	836	850	881	872	890	881	2973.89603
830	856	843	860	858	844	857	858	852	853	878	829	844	834	851	871	870	858	838	850	848	869	845	840	870	842	850	835	873	835	869	874	852	874	866	854	875	892	870	852	878	844	849	886	869	860	857	819	885	854	824	816	863	853	840	815	836	857	851	845	837	859	848	854	860	835	870	861	816	858	865	831	852	845	3784	853	875	819	859	830	843	859	825	873	852	874	832	863	856	853	865	839	853	863	846	844	2975.192677
857	824	842	841	843	859	840	880	837	849	870	839	802	822	802	849	830	848	864	817	856	843	853	866	821	827	877	858	837	846	855	849	859	868	848	851	831	847	884	832	827	856	839	842	845	840	863	845	815	844	830	831	810	821	836	841	842	859	856	847	857	822	844	852	865	837	853	824	852	833	852	829	860	842	842	815	826	857	854	858	859	841	846	835	841	815	868	842	828	843	826	844	854	849	863	828	2976.498511
807	848	819	863	836	854	840	823	828	848	844	815	839	807	851	868	858	854	853	861	835	839	818	828	849	854	868	846	848	792	839	824	861	827	846	854	817	851	801	837	834	854	836	821	876	834	824	822	838	825	840	834	868	831	851	829	809	842	828	812	855	871	786	836	829	853	822	845	863	842	839	845	841	850	873	828	824	827	812	843	855	830	854	826	838	813	857	866	856	833	834	827	818	848	806	828	2977.794467
810	835	816	821	818	837	834	859	847	810	829	822	826	814	832	829	828	869	828	821	834	856	815	833	829	829	826	823	827	823	855	825	825	840	818	818	832	810	807	802	827	815	821	833	829	808	826	830	797	850	827	854	817	847	844	830	849	817	877	824	835	824	834	822	823	834	807	808	824	824	812	835	831	807	802	829	827	845	825	825	832	834	832	836	831	826	845	830	828	836	819	846	839	832	821	811	2979.09008
842	814	836	835	822	836	830	834	831	825	810	813	813	809	821	824	820	841	814	820	802	816	828	801	806	801	817	836	837	840	815	775	815	817	843	810	829	841	814	827	831	819	862	827	846	834	827	841	826	812	837	836	828	854	816	794	843	817	817	819	812	818	844	826	825	792	817	832	829	813	825	813	836	822	833	818	826	827	847	815	810	821	860	838	852	834	826	856	825	840	809	811	829	796	811	835	2980.394871
833	827	837	830	834	810	846	837	813	796	799	832	819	812	809	819	829	824	831	822	805	819	818	810	820	825	837	826	821	828	799	818	817	827	811	833	822	797	812	815	827	815	822	817	835	813	812	822	814	817	844	843	828	828	801	821	849	792	806	803	846	847	779	824	824	829	799	803	809	803	804	802	829	790	842	823	847	816	798	814	825	821	822	818	837	838	812	821	821	831	820	805	816	810	833	821	2981.689794
800	802	863	805	811	808	808	815	816	826	828	814	814	859	807	817	807	823	805	830	807	834	817	782	813	822	806	837	786	811	811	794	833	810	822	800	833	815	818	831	829	803	834	791	807	816	818	814	846	827	799	823	804	816	833	809	813	829	798	796	813	836	819	845	782	795	815	797	835	807	809	816	820	804	844	817	792	828	807	791	849	825	805	827	830	804	824	830	815	833	821	826	801	819	832	815	2982.984372
831	809	789	815	823	812	821	820	829	828	814	827	814	801	803	841	833	830	808	824	802	798	817	842	834	818	814	814	832	802	828	811	771	827	830	819	841	799	848	820	825	819	862	816	808	829	801	835	815	826	811	802	839	815	779	824	806	811	818	807	804	813	819	784	806	858	783	829	815	819	827	812	782	809	784	805	814	771	797	820	797	801	801	800	812	796	798	824	822	815	804	813	787	799	803	825	2984.278608
815	802	807	786	795	813	822	840	820	797	799	843	798	823	820	807	816	817	821	829	810	809	789	801	793	813	816	809	813	794	820	805	800	779	815	786	817	822	827	816	833	832	794	796	820	824	800	810	815	808	801	790	804	790	852	799	834	827	817	809	815	834	824	797	818	814	837	833	819	814	814	796	806	830	819	803	809	817	770	809	830	790	828	809	805	810	809	794	842	803	811	816	817	825	792	812	2985.572499
806	796	829	822	809	799	826	776	816	821	816	816	807	815	787	794	818	809	823	825	812	833	818	795	824	829	799	809	803	798	828	833	824	817	811	819	808	818	799	820	800	832	782	815	800	794	817	830	841	805	818	799	830	786	804	819	809	814	815	824	827	802	799	825	817	811	825	812	803	784	810	821	803	817	811	817	794	821	804	780	803	801	806	800	816	808	807	803	817	823	811	805	815	800	800	810	2986.866048
819	789	820	803	815	822	791	808	813	796	815	795	820	809	790	796	802	827	787	816	797	780	797	801	807	809	801	831	795	798	804	818	812	822	803	798	812	827	820	802	824	795	803	834	813	807	827	810	797	804	820	784	818	795	813	846	803	819	815	818	802	816	809	811	818	812	844	784	796	805	808	808	786	809	805	817	810	797	804	836	828	806	818	807	796	783	781	791	805	806	853	790	800	824	824	857	2988.159254
789	798	815	802	808	812	817	826	796	808	800	812	811	812	791	811	821	797	818	787	794	815	804	796	806	806	825	809	796	787	804	784	799	828	796	808	801	812	821	803	795	778	833	836	802	809	824	791	766	814	823	807	826	820	795	812	796	830	786	806	835	767	782	788	803	819	798	805	790	766	817	795	789	833	804	834	786	797	796	816	812	812	825	793	811	817	806	810	789	812	814	810	829	789	782	795	2989.452116
805	807	810	816	809	803	807	829	787	800	801	825	800	782	805	826	799	795	803	800	802	780	811	779	795	798	799	797	804	786	775	802	817	818	781	795	829	774	790	791	814	795	783	826	794	802	784	785	835	803	801	816	796	786	818	783	782	758	792	807	801	808	820	794	801	796	784	779	798	812	814	792	820	789	798	795	786	812	798	820	815	799	796	812	796	815	804	810	808	784	806	806	793	802	801	808	2990.744636
766	801	778	784	823	770	813	775	807	800	775	810	810	783	791	785	787	796	807	768	813	786	782	787	806	773	765	767	799	801	773	786	759	807	811	788	784	818	817	785	788	803	791	828	801	795	805	785	813	817	783	802	767	787	812	767	809	784	790	795	787	777	803	820	781	803	814	776	792	794	827	777	764	775	804	790	815	800	754	779	777	788	774	785	791	759	805	819	803	794	777	795	775	778	798	780	2992.027313
762	793	798	773	784	782	794	759	820	813	773	793	776	765	795	778	772	796	807	769	769	780	792	821	798	775	788	772	780	784	775	768	808	762	806	820	802	789	773	793	798	777	786	793	781	774	801	811	803	763	780	781	785	818	797	780	780	780	816	785	771	805	778	806	793	772	793	790	761	769	784	776	800	776	789	766	768	790	792	783	775	785	766	768	788	790	773	778	762	758	798	802	775	775	814	788	2993.319151
773	796	765	769	768	794	798	793	783	770	781	760	789	782	765	767	775	799	787	770	779	796	766	774	788	791	807	787	764	788	818	783	764	775	770	773	799	778	783	769	765	798	779	791	766	750	781	774	780	778	783	772	764	772	785	763	787	773	776	779	799	790	789	766	751	775	778	806	783	766	772	779	770	755	760	780	760	764	801	783	773	790	790	782	770	784	781	768	771	768	769	779	760	793	782	761	2994.60115
783	777	800	782	776	799	797	762	784	787	764	796	760	798	782	783	784	771	779	790	762	794	777	767	780	785	747	777	773	746	754	784	782	779	776	795	776	759	773	775	793	754	774	784	775	772	749	787	768	787	767	787	777	756	760	739	737	763	762	775	775	771	761	776	770	801	759	777	791	770	759	775	790	784	765	770	751	800	785	754	784	766	779	757	789	774	764	741	774	782	784	774	788	767	756	773	2995.892306
760	774	783	769	774	735	795	750	770	748	761	771	752	732	760	772	796	754	750	773	770	749	748	780	728	749	786	753	765	771	779	778	755	783	760	741	768	783	747	767	778	752	783	751	765	754	762	767	742	745	780	783	760	738	760	735	769	784	758	761	760	781	787	773	762	759	769	756	758	758	758	759	751	799	784	779	751	795	764	781	769	776	781	755	764	770	781	763	745	752	795	766	770	747	776	768	2997.173628
769	778	768	737	776	754	736	761	767	747	764	756	761	769	760	768	760	762	788	768	751	732	769	793	761	785	760	754	760	756	752	781	786	766	748	739	736	769	761	745	762	759	743	774	740	763	737	752	780	776	784	750	740	760	755	748	754	792	738	758	761	758	748	737	748	746	756	749	735	746	761	777	747	775	752	769	736	741	776	753	768	729	753	774	780	749	760	760	786	736	745	749	762	755	757	764	2998.464102
750	764	742	746	763	769	750	754	765	779	729	773	749	738	764	743	749	750	764	757	764	761	769	769	756	776	746	752	763	762	743	747	768	770	757	760	733	741	737	744	750	731	738	759	776	748	755	767	743	770	745	742	736	719	767	788	777	748	743	757	742	752	752	759	767	768	776	752	775	740	762	766	757	724	726	742	764	776	756	765	768	770	743	743	747	754	759	767	729	761	729	761	784	748	744	748	2999.744749
765	781	763	737	746	746	775	734	759	750	756	764	753	757	743	766	751	758	753	739	752	760	725	726	743	777	735	729	724	745	746	746	755	754	740	729	729	717	732	748	750	762	731	720	765	737	771	760	748	740	746	749	747	757	748	733	758	733	745	770	742	742	746	769	727	748	746	756	748	761	731	732	760	722	766	737	753	747	744	766	767	763	756	770	759	735	764	748	740	748	741	756	756	741	736	752	3001.025058
731	755	718	727	744	738	722	730	732	728	758	738	717	725	699	742	754	750	735	724	748	762	739	729	737	735	737	745	730	740	765	739	747	749	754	735	722	749	736	739	744	723	735	755	740	759	752	726	757	716	746	744	723	729	734	727	735	741	748	728	739	724	727	734	741	720	728	749	727	739	744	742	743	732	726	742	720	717	740	727	718	746	753	740	727	741	729	727	732	754	746	744	722	739	763	736	3002.314512
737	791	752	729	755	732	730	748	718	775	757	743	734	749	754	736	741	717	735	751	727	727	730	756	740	733	744	710	704	741	722	727	746	736	754	762	742	742	746	732	767	731	762	718	715	725	735	732	746	737	750	733	763	732	714	741	708	722	743	749	741	736	718	755	749	707	743	726	732	715	738	738	760	716	703	749	742	753	740	745	737	704	768	733	743	703	723	738	722	713	756	716	737	734	746	717	3003.594146
731	719	735	745	726	742	722	734	744	743	703	726	713	729	718	727	711	729	744	745	735	732	725	743	760	755	732	713	727	730	755	709	718	710	766	720	735	735	738	703	718	731	727	751	736	729	747	737	719	736	714	739	753	754	747	719	723	700	725	723	713	725	728	719	738	750	747	697	750	709	723	727	716	727	738	737	727	714	719	720	743	714	712	731	721	725	719	732	745	720	723	707	709	715	726	724	3004.873444
725	734	721	711	732	725	748	725	750	715	759	704	726	718	715	709	716	728	729	746	714	736	712	715	749	698	718	711	726	734	710	729	734	726	714	722	721	712	730	723	698	714	692	750	721	723	720	735	726	719	731	722	712	733	726	706	730	721	710	733	725	719	715	746	730	740	723	699	721	764	745	706	709	692	719	711	741	717	722	724	728	743	707	742	722	728	717	737	717	715	720	746	745	735	737	734	3006.152406
737	737	730	710	714	754	705	734	728	716	708	722	731	724	712	707	762	715	749	708	743	730	705	707	719	729	719	727	733	717	711	722	718	726	731	716	694	723	720	734	714	714	700	734	734	733	704	724	722	691	707	703	706	721	717	716	707	718	749	746	726	726	719	709	732	701	688	707	733	706	733	686	702	697	717	713	727	730	710	722	731	708	707	723	704	711	729	737	692	733	725	725	708	733	715	701	3007.431032
733	762	717	708	730	719	700	732	710	719	705	726	746	710	721	730	710	733	728	704	728	713	713	726	715	708	713	742	712	741	700	717	735	722	713	705	710	709	712	715	730	712	702	707	725	722	716	741	733	690	739	747	723	708	721	737	708	710	701	735	730	709	696	716	732	715	707	743	706	732	706	705	728	719	735	718	712	713	720	719	722	725	710	699	730	713	711	712	710	681	716	730	724	690	738	731	3008.709322
723	727	693	740	713	699	711	724	727	719	720	704	732	717	676	716	714	730	702	701	725	695	696	687	688	753	725	698	725	709	717	724	737	701	739	713	725	707	726	727	726	711	725	739	707	721	702	748	719	700	708	722	734	702	685	721	702	708	709	713	728	723	719	705	709	716	729	715	696	703	700	718	718	718	728	699	724	722	707	723	709	697	715	736	701	692	715	714	711	726	686	694	702	713	705	702	3009.987276
725	693	729	709	705	707	743	728	735	725	710	710	699	732	686	711	699	706	712	698	713	711	717	711	733	717	718	707	717	717	735	740	706	695	716	723	721	713	695	717	720	687	695	714	712	734	723	713	718	707	712	733	713	715	696	727	716	702	713	704	751	718	686	721	735	708	709	696	678	702	702	718	732	690	712	727	708	711	709	737	711	720	706	713	709	713	697	716	694	701	743	720	734	737	701	704	3011.255432
747	710	705	716	707	713	719	714	735	729	711	727	714	729	712	715	718	722	731	718	694	725	719	728	676	716	714	699	695	727	705	706	710	722	709	701	721	739	724	720	713	719	710	699	745	695	711	725	714	735	693	706	711	713	708	719	719	703	733	739	746	691	708	696	696	733	714	722	715	701	742	731	694	707	685	704	698	713	705	718	726	711	706	701	709	714	703	728	712	708	693	721	718	706	716	698	3012.532717
718	695	703	714	733	721	728	688	716	711	690	711	713	703	719	717	720	717	723	714	700	707	713	716	713	702	707	713	737	735	739	730	723	728	710	725	733	711	717	693	717	729	735	706	701	704	704	707	714	740	699	713	719	710	718	722	721	696	706	734	682	730	711	724	731	738	719	713	727	706	701	706	724	694	714	696	704	714	704	702	697	723	703	701	707	708	686	734	729	719	714	710	732	712	703	704	3013.809668
736	721	735	722	716	716	734	728	716	723	746	748	700	757	723	732	725	733	724	728	688	723	730	714	727	713	719	720	725	740	717	690	712	729	720	719	724	722	707	730	696	717	710	697	695	721	718	719	698	695	718	714	711	694	720	705	724	707	687	698	703	717	724	744	725	702	711	722	720	707	702	715	705	719	729	711	737	714	714	709	719	714	704	716	693	737	712	726	726	679	716	704	700	697	710	704	3015.076827
700	735	740	725	716	697	714	730	744	723	711	707	719	715	727	726	718	732	715	707	712	730	719	729	741	713	708	715	717	722	722	721	720	727	723	683	712	704	743	717	712	705	735	743	739	722	727	704	720	704	705	729	741	715	708	702	726	744	713	715	728	725	746	702	730	725	691	716	733	725	723	702	735	731	731	739	705	712	739	690	702	745	733	710	704	720	718	719	738	721	711	711	741	715	716	728	3016.353109
721	721	700	722	688	700	716	713	725	704	726	717	719	706	719	729	721	719	725	717	729	740	712	723	697	727	703	708	714	724	717	716	729	743	701	715	703	721	682	727	715	736	710	720	706	741	713	717	693	716	759	718	738	705	734	729	713	720	700	715	723	719	701	723	733	703	717	718	713	748	706	708	712	711	714	711	746	710	721	728	710	692	732	702	727	742	693	708	742	706	710	706	730	716	699	701	3017.619606
714	723	723	737	730	689	715	738	736	726	734	727	738	695	718	722	770	721	699	716	732	709	728	714	706	717	704	719	706	718	759	716	708	721	715	724	711	711	721	719	724	721	728	705	728	713	708	722	738	718	735	719	722	719	711	731	725	738	730	708	705	697	743	714	713	707	724	725	707	686	718	723	743	742	731	705	708	732	721	723	704	720	717	697	736	731	726	735	720	718	741	711	729	732	710	712	3018.895221
715	713	729	737	729	728	712	710	718	724	721	707	699	713	690	733	732	719	708	720	718	746	698	715	746	744	730	729	729	735	702	755	721	726	719	725	719	711	743	718	737	734	709	738	741	728	722	740	699	708	707	718	708	707	725	719	708	712	713	699	711	713	719	712	703	713	726	721	727	721	721	706	713	732	720	705	697	729	699	728	725	721	703	717	716	725	725	703	718	701	731	705	706	714	723	713	3020.161056
741	720	721	710	722	721	722	730	771	735	728	722	723	729	727	718	712	719	727	710	727	714	722	734	727	743	733	725	720	720	716	741	737	738	731	730	741	719	716	727	735	702	721	714	727	715	725	738	716	733	709	730	689	708	725	713	724	696	719	731	719	732	743	708	715	725	743	715	720	712	717	715	712	727	727	711	727	717	728	724	709	742	708	714	706	712	738	723	710	724	727	735	718	733	707	702	3021.426561
699	703	714	699	702	713	724	723	707	715	722	708	711	730	720	714	725	719	729	729	722	691	710	701	691	726	708	737	732	716	738	719	706	731	723	711	737	714	736	722	718	711	698	726	724	720	692	710	707	739	724	692	739	704	711	708	707	702	720	705	733	729	714	719	701	697	730	743	721	710	726	725	724	730	720	693	717	725	694	701	702	713	741	711	724	721	740	719	705	713	726	710	735	710	685	738	3022.701177
733	705	735	683	718	715	732	719	722	711	702	716	711	696	712	711	713	715	720	699	709	738	727	716	732	741	727	727	726	715	702	704	710	712	709	755	713	709	732	716	724	756	702	718	703	710	708	691	729	716	707	734	715	712	716	716	704	711	736	708	721	718	701	706	741	729	699	720	718	734	697	707	720	718	723	706	716	710	714	712	718	690	705	717	726	726	711	722	731	727	710	708	700	695	731	737	3023.966021
714	711	700	744	705	719	745	725	704	715	706	721	725	731	719	724	710	700	744	700	728	717	724	703	709	737	707	701	734	716	731	734	728	722	737	711	715	709	727	724	726	708	724	724	713	721	725	734	721	715	707	719	695	712	706	691	707	727	709	727	714	715	716	725	734	706	719	712	724	707	723	744	743	720	717	728	715	701	738	730	715	715	712	716	700	701	721	723	698	691	710	717	727	713	722	727	3025.230536
737	703	719	704	712	742	720	717	726	742	723	719	742	729	717	695	754	717	740	729	741	733	713	740	716	722	747	719	705	689	709	716	719	714	707	727	689	718	733	715	679	710	738	694	718	703	697	728	715	729	731	709	718	731	727	695	719	719	701	691	731	693	717	720	703	745	720	709	715	737	733	719	701	711	723	740	724	720	714	717	711	715	738	719	727	704	722	717	757	736	732	716	739	722	699	720	3026.494721
721	718	704	732	716	717	742	722	719	727	709	724	714	717	712	705	723	725	695	735	721	731	701	715	717	710	705	702	698	712	722	717	720	714	706	724	712	716	716	713	736	739	728	699	727	704	702	743	704	723	698	743	715	714	709	705	712	715	719	722	718	701	720	696	711	702	718	715	727	734	734	753	722	708	720	701	711	669	718	706	741	707	719	742	702	720	705	712	702	692	713	737	726	733	716	732	3027.758577
732	726	726	723	716	718	713	688	711	708	723	700	699	743	713	718	704	708	713	707	693	702	718	717	695	709	734	710	730	692	731	711	704	709	700	719	739	714	702	721	718	741	709	692	699	704	698	723	702	706	702	727	713	724	713	727	719	692	716	724	712	705	702	726	735	713	721	724	703	729	735	731	736	728	708	732	673	715	711	691	737	720	731	715	733	733	713	723	698	707	719	715	712	704	712	712	3029.022105
730	716	730	733	699	720	729	726	730	721	707	720	718	704	714	740	692	709	717	713	733	709	708	722	688	720	705	684	685	709	688	706	719	704	720	713	718	740	715	714	714	726	705	709	709	701	716	689	720	698	719	695	713	717	710	712	742	725	718	701	709	741	716	696	711	720	738	719	721	716	704	698	708	718	708	737	704	710	701	703	732	722	731	724	689	694	712	686	727	698	738	701	703	710	700	707	3030.285303
710	702	731	723	715	731	709	715	695	718	745	738	724	748	720	720	707	724	722	719	708	705	691	707	699	711	716	696	717	714	728	693	695	712	725	716	693	708	699	700	695	718	722	699	712	717	708	742	702	716	735	717	705	705	698	712	698	722	699	715	718	700	707	702	707	725	710	690	695	735	711	720	726	743	712	687	708	709	720	710	739	708	722	700	722	712	714	705	699	708	714	737	683	700	715	727	3031.548173
711	719	714	708	712	730	720	723	708	705	703	703	694	709	716	721	699	697	706	739	695	722	695	717	727	695	711	721	725	709	708	693	708	729	713	744	718	717	706	711	715	697	708	721	724	719	730	747	710	691	728	704	703	719	726	733	735	733	713	696	726	728	705	702	716	718	740	707	727	712	692	722	711	698	734	724	717	721	716	726	717	718	705	731	727	714	725	728	718	726	702	700	703	713	730	686	3032.801294
716	714	728	699	711	699	715	720	701	728	716	712	733	731	703	708	726	710	702	716	706	697	715	715	687	727	732	729	721	708	701	724	685	698	744	702	710	724	697	726	704	702	706	705	705	721	716	703	702	689	738	713	721	690	702	710	718	707	705	711	716	698	725	721	722	691	718	717	709	704	708	672	714	745	716	717	729	732	728	721	702	719	735	725	718	711	720	696	714	710	721	722	735	714	705	710	3034.06351
680	730	733	692	704	701	720	734	711	725	736	721	698	719	712	726	726	704	697	719	697	714	719	713	701	736	728	721	724	715	730	713	731	736	701	705	721	710	694	735	736	717	717	714	717	706	713	704	747	691	707	714	706	734	708	711	703	696	743	711	712	695	721	709	716	698	710	711	728	713	715	694	699	707	708	730	730	719	703	707	695	701	717	707	703	704	705	691	703	719	686	716	720	726	710	706	3035.325397
708	706	741	729	732	735	728	735	707	708	736	743	715	694	709	722	719	693	733	723	716	720	702	728	719	731	733	705	719	722	709	703	685	710	699	703	711	725	723	724	703	699	718	738	695	736	723	702	728	718	724	726	735	725	708	727	698	697	718	689	712	704	720	717	712	730	718	701	716	704	710	695	732	697	708	703	706	716	715	707	719	712	710	708	714	721	692	686	715	695	714	713	712	703	710	731	3036.577543
710	699	722	715	735	700	719	744	698	727	723	715	699	709	709	716	723	740	704	710	722	701	707	708	690	736	723	697	693	715	722	700	685	721	714	715	726	714	721	723	712	716	731	712	706	717	706	705	737	708	711	712	724	707	700	704	740	736	713	713	724	708	704	717	716	704	703	715	707	710	679	709	688	695	694	703	703	717	712	695	686	708	695	706	692	704	693	690	725	709	712	719	722	722	718	700	3037.838777
717	697	724	682	699	705	729	708	718	722	712	714	687	704	721	704	707	715	717	744	705	719	709	709	694	705	700	710	707	722	723	722	694	726	709	718	732	696	696	709	725	700	690	711	692	725	726	715	712	729	699	722	744	698	723	706	713	706	713	701	716	724	721	707	708	702	720	709	728	717	692	695	690	732	699	699	692	695	701	699	682	705	738	690	699	706	714	709	708	716	730	732	698	727	702	701	3039.090274
710	705	729	692	717	718	704	695	714	688	720	718	697	688	717	741	745	724	729	702	714	711	713	706	717	733	716	726	703	716	712	726	719	710	714	717	692	709	698	727	693	716	692	717	701	690	727	714	719	714	704	689	688	716	712	699	714	719	703	716	694	729	717	697	714	697	695	707	716	678	719	742	722	706	715	719	739	715	695	717	719	701	700	699	723	695	717	705	708	729	741	738	702	699	721	700	3040.341449
693	715	748	731	710	715	721	713	720	708	733	705	724	707	712	696	707	709	692	706	722	715	721	719	726	725	731	728	717	746	698	725	713	718	728	744	719	715	728	718	710	678	730	723	711	731	703	738	736	708	714	704	701	714	733	712	717	693	729	714	725	708	740	712	722	721	698	701	723	729	707	719	714	716	732	697	687	693	721	694	712	709	700	714	720	706	695	701	703	693	694	725	718	717	701	706	3041.601704
709	711	723	728	699	742	703	715	714	735	718	709	715	691	697	734	715	728	716	712	696	719	694	724	699	719	727	709	722	718	713	702	722	717	712	702	719	723	716	715	696	717	728	695	717	720	742	696	701	725	730	712	719	725	706	722	724	720	712	711	710	711	721	735	699	733	685	720	718	720	736	711	711	726	724	706	701	731	714	705	724	702	701	716	724	707	706	721	699	744	711	722	696	724	725	724	3042.852231
721	709	722	725	744	722	701	734	701	722	701	722	729	719	716	721	731	728	735	703	704	731	707	716	696	711	727	717	697	705	690	710	725	714	722	712	707	731	720	730	718	740	719	712	701	721	721	708	741	726	711	746	715	712	707	707	738	714	732	701	743	715	698	736	733	710	711	738	727	699	711	704	726	723	713	722	722	721	730	727	721	735	731	722	706	710	732	719	711	715	714	703	708	720	723	762	3044.102435
757	720	697	750	746	728	715	733	719	727	732	721	740	723	738	754	767	740	727	707	717	710	749	716	710	737	727	713	734	737	733	746	726	735	731	705	743	728	740	715	718	733	725	717	723	754	734	712	732	706	732	711	738	725	723	721	703	717	729	714	730	723	718	711	706	742	714	732	723	719	742	739	734	706	724	719	741	726	721	719	703	724	707	718	708	731	733	713	719	739	712	695	715	720	729	730	3045.352317
715	726	728	720	725	741	727	758	735	743	751	709	717	745	717	741	724	761	740	739	730	770	751	748	744	752	711	717	754	745	731	729	715	724	724	746	717	727	750	742	722	739	751	754	716	723	721	721	704	747	719	735	730	740	703	735	726	749	730	738	714	720	742	737	751	716	732	728	723	750	727	717	749	729	705	732	712	737	734	705	731	742	705	752	748	721	709	725	724	715	753	726	743	705	730	748	3046.601877
739	709	742	733	735	754	722	747	781	752	727	744	750	729	730	739	727	764	743	742	763	752	748	745	739	757	755	732	735	745	735	728	756	764	750	769	738	751	740	749	726	732	722	743	744	733	730	744	739	750	745	725	726	735	725	740	736	740	728	726	751	714	734	743	717	725	728	746	719	721	720	725	754	724	735	744	785	756	729	739	749	743	738	715	727	745	729	742	750	738	724	710	746	750	763	721	3047.851114
738	749	741	747	747	748	757	758	776	757	759	748	747	721	751	751	761	742	729	760	764	749	725	726	753	734	748	723	753	721	733	744	742	739	755	726	737	724	745	754	751	765	764	732	729	733	759	759	729	758	747	726	778	768	739	732	728	762	729	743	750	731	739	739	767	762	750	740	742	738	717	752	761	735	738	745	750	723	739	733	756	756	739	747	728	728	729	728	750	736	738	732	756	714	745	734	3049.10003
773	743	751	739	742	764	738	754	747	770	754	760	764	729	722	748	764	753	775	792	746	720	763	775	756	750	738	749	748	744	727	753	724	728	735	739	735	735	750	745	774	742	736	760	753	707	782	729	740	733	758	773	751	743	733	754	736	757	743	748	758	738	761	729	741	746	750	767	737	751	739	737	753	716	751	729	742	748	757	737	746	739	781	754	742	742	748	755	752	723	747	740	727	740	758	740	3050.348624
757	768	758	758	745	762	779	740	738	743	751	750	739	720	750	778	770	747	751	755	780	737	757	755	762	759	727	764	741	745	754	773	774	768	766	772	769	744	744	728	736	752	770	768	747	748	787	739	727	750	756	732	752	745	748	752	768	773	731	754	751	755	729	767	756	742	740	775	742	745	769	731	775	743	756	744	756	751	740	750	733	719	742	742	747	746	736	730	767	731	710	744	773	761	736	739	3051.596896
756	732	734	761	756	769	734	755	734	745	749	786	750	728	756	777	762	735	745	738	753	759	776	747	723	724	716	750	736	747	746	730	748	769	747	759	748	750	744	740	751	746	755	747	776	724	761	754	764	763	753	730	747	730	752	768	732	762	772	749	773	767	753	752	741	735	748	749	763	735	746	747	736	759	762	741	734	747	740	764	756	758	737	775	771	728	763	768	759	770	753	748	750	727	752	732	3052.844846
742	739	741	741	765	735	751	770	743	763	761	731	750	756	755	752	745	759	732	739	756	742	772	746	756	756	751	755	752	762	750	771	765	769	761	760	769	755	770	757	748	734	761	750	755	771	761	760	740	742	779	746	773	737	746	758	769	725	749	753	762	768	727	755	734	748	736	731	761	742	749	746	743	728	764	760	777	738	732	739	734	757	734	769	764	742	759	732	750	755	756	741	730	737	761	733	3054.083095
721	739	731	736	761	762	780	753	750	764	750	768	754	739	736	755	749	772	757	746	750	756	738	739	745	761	748	752	718	725	781	765	743	729	765	764	740	749	758	724	740	754	725	736	756	773	745	723	743	754	760	744	755	781	726	734	742	774	760	726	720	770	727	746	755	747	725	740	746	752	724	739	759	727	762	736	738	729	747	730	731	749	747	729	734	742	765	764	755	733	760	735	733	760	771	744	3055.330405
757	731	734	747	739	753	735	752	765	751	729	738	724	770	735	784	757	757	753	749	754	757	748	729	744	763	754	758	741	750	734	758	747	727	754	695	730	729	731	737	755	778	731	756	744	749	758	769	743	746	750	758	720	760	731	746	736	702	755	720	754	737	757	741	744	740	738	759	763	749	749	744	733	735	756	765	722	730	729	741	737	726	747	734	731	749	735	752	762	757	741	750	761	727	744	742	3056.577394
766	742	762	739	752	733	772	732	771	742	710	747	753	751	751	761	733	745	770	737	740	764	760	722	738	720	775	736	752	722	737	767	770	744	745	752	757	773	753	752	755	762	762	755	739	740	784	747	740	718	737	745	753	771	734	745	725	737	742	756	756	747	765	722	740	716	722	786	755	738	757	762	757	739	762	738	729	756	762	745	740	750	733	734	740	727	733	717	758	754	738	746	748	751	732	758	3057.814689
763	754	730	766	738	760	738	750	743	739	720	750	721	724	731	747	763	733	723	768	740	742	736	764	765	742	736	745	753	730	713	788	730	739	748	742	748	750	739	748	738	787	747	759	720	737	745	737	723	736	733	739	731	743	751	769	734	743	739	753	730	762	719	759	740	722	740	743	727	765	744	735	741	750	749	739	720	760	726	745	741	737	721	739	736	763	730	734	712	756	734	756	731	758	735	721	3059.051668
754	755	747	751	745	745	740	767	752	737	705	728	741	743	727	763	750	722	749	694	737	749	745	706	731	727	724	749	756	731	753	749	755	750	750	756	750	733	750	754	735	726	735	733	730	735	744	762	712	723	751	732	722	736	734	739	723	731	736	724	721	766	736	765	729	725	738	723	718	736	746	734	722	718	752	753	735	741	755	739	730	729	769	727	768	738	747	756	734	752	743	730	750	737	753	737	3060.297699
752	722	754	727	752	751	729	729	754	738	737	739	722	747	765	720	754	735	725	736	715	730	716	749	733	726	727	725	727	740	737	738	732	746	737	735	714	752	742	743	731	754	729	734	744	742	765	755	733	743	718	730	744	714	749	757	734	737	736	729	736	718	720	754	735	719	743	739	757	742	739	740	730	735	755	714	742	730	738	742	758	734	744	732	746	712	722	762	733	738	740	737	705	726	734	756	3061.534043
726	741	773	720	726	740	717	736	725	729	744	754	730	738	715	751	731	758	771	747	726	716	689	727	753	729	744	753	740	725	756	738	786	728	724	754	754	732	756	747	731	729	744	712	725	728	737	715	754	729	733	749	732	721	752	722	718	727	745	726	750	730	752	725	744	737	717	733	755	734	754	748	724	740	733	746	732	741	734	723	741	738	755	740	714	749	731	725	763	753	740	772	719	744	729	706	3062.770072
758	745	735	749	729	732	749	741	746	744	749	722	733	725	739	767	725	741	725	732	710	740	742	739	727	743	743	740	762	776	723	710	751	735	742	742	717	739	724	762	737	740	750	754	735	733	733	717	733	727	730	722	716	720	758	733	700	762	735	719	724	743	753	751	721	738	744	734	727	717	742	741	705	741	750	754	742	733	750	744	734	732	736	726	721	721	765	748	741	742	729	746	750	728	763	748	3064.015146
759	724	748	764	758	728	750	764	768	735	744	769	734	724	732	773	733	768	751	749	721	734	746	740	721	736	753	736	726	743	744	740	737	731	752	727	753	746	702	735	711	746	737	710	753	728	731	766	756	751	744	748	718	738	743	742	752	754	729	763	742	738	732	740	753	749	740	757	729	710	720	726	734	734	735	750	761	734	728	718	761	739	748	755	722	765	741	738	748	734	757	769	747	731	753	715	3065.250541
740	748	754	765	734	764	768	741	740	759	747	732	732	745	747	742	735	741	744	750	752	731	758	718	742	728	754	758	746	768	734	731	736	753	750	761	734	741	752	766	700	745	758	717	747	742	754	762	729	760	744	753	700	757	762	744	750	735	740	722	758	742	742	742	765	749	740	744	750	738	740	736	735	760	745	748	758	752	762	731	724	745	728	728	754	742	741	749	710	736	738	743	762	746	754	740	3066.48562
731	744	754	740	745	759	735	739	739	747	763	744	733	753	734	736	760	742	737	732	768	761	750	719	747	775	762	753	735	734	753	736	749	770	737	769	718	713	743	725	758	738	742	770	766	751	749	733	752	740	751	750	730	734	735	737	743	752	731	742	732	746	738	750	737	752	767	747	736	757	741	750	743	757	725	754	753	756	727	760	761	761	739	750	746	731	732	743	733	733	754	739	741	729	749	744	3067.720385
768	748	726	735	736	739	762	745	752	763	731	765	758	742	760	759	739	759	736	762	740	740	723	759	740	757	751	754	724	752	746	729	747	750	749	747	768	766	747	750	753	752	757	743	735	727	745	738	747	741	763	721	747	743	762	728	739	735	751	732	739	751	742	742	758	764	716	754	748	744	726	749	743	761	754	758	744	754	727	728	753	754	744	763	738	761	748	733	738	747	730	743	733	750	748	720	3068.954834
738	746	753	741	734	768	752	758	749	736	758	741	753	728	756	753	766	748	764	737	751	746	744	738	761	760	730	790	745	743	752	734	759	746	759	772	739	746	744	766	762	732	738	739	726	741	755	747	738	781	755	736	749	765	758	743	738	769	722	764	743	761	733	763	757	768	768	751	744	733	759	747	753	749	733	744	741	738	732	737	758	753	766	768	755	741	759	750	776	785	791	763	753	767	761	728	3070.188968
749	760	750	762	777	728	755	729	732	749	756	752	755	765	781	760	781	746	740	759	735	782	739	737	763	752	745	751	741	750	753	758	749	771	721	731	748	759	777	734	774	739	752	754	763	765	748	754	754	752	768	739	759	746	754	752	779	761	739	779	751	752	752	758	755	750	743	766	747	739	742	741	771	762	740	774	744	759	741	739	747	738	756	752	747	751	751	782	752	762	744	753	763	769	737	757	3071.413441
767	738	774	745	743	792	736	742	753	753	745	737	751	732	769	758	754	763	755	754	748	751	763	758	739	750	771	738	733	765	735	743	745	740	781	723	747	757	778	748	791	758	794	745	773	735	762	753	758	745	745	756	744	738	734	733	770	756	747	735	775	747	770	754	741	750	760	738	743	755	754	755	752	767	760	741	739	740	744	731	748	758	739	760	776	728	745	725	774	767	746	770	748	741	752	758	3072.646948
725	742	778	730	783	763	762	787	762	779	764	743	757	755	768	773	757	763	776	770	752	769	745	751	740	760	754	747	781	777	741	769	762	773	771	765	745	776	757	747	743	766	755	781	788	744	748	774	754	764	771	769	771	775	789	763	755	768	761	772	776	762	769	738	766	753	724	735	735	756	762	762	743	770	762	765	747	768	739	739	751	768	731	737	765	750	770	750	748	750	785	770	740	756	753	763	3073.88014
758	776	775	760	762	778	760	751	748	779	770	773	755	760	774	758	785	738	775	769	769	759	771	757	784	755	748	774	765	755	771	755	739	745	748	760	761	747	770	757	767	755	744	750	775	733	744	752	773	769	763	769	773	758	748	763	772	758	738	773	761	766	753	748	749	764	768	768	751	781	759	789	753	752	762	744	741	768	756	740	755	766	740	797	755	773	772	766	762	762	733	733	758	752	746	734	3075.113017
758	784	766	767	776	750	762	768	733	770	761	774	767	776	775	751	745	791	745	749	771	765	765	779	740	724	738	753	809	749	768	770	772	738	778	766	789	750	764	768	774	783	772	763	764	751	748	746	778	795	753	762	749	763	735	705	755	739	788	761	746	764	765	760	765	760	763	755	736	748	772	768	757	749	768	754	745	760	758	761	778	764	763	773	761	751	748	777	776	736	737	799	779	798	757	748	3076.336244
769	766	771	752	758	779	761	769	786	762	780	762	738	751	759	768	771	790	793	752	767	773	770	744	790	774	795	775	743	796	756	779	745	753	759	751	746	757	770	765	762	768	754	742	775	752	758	776	751	752	759	761	773	743	799	785	761	759	740	771	728	755	787	760	779	763	772	771	761	763	753	765	751	785	772	733	769	753	758	759	746	768	756	750	758	771	782	758	758	767	798	783	770	770	771	786	3077.568494
763	761	763	768	775	788	749	753	780	770	760	755	766	763	759	779	788	789	786	753	755	771	762	771	740	791	781	752	764	751	768	778	756	781	745	748	778	781	777	760	740	752	779	758	765	775	753	786	765	738	751	745	762	755	785	766	800	737	765	755	762	771	751	763	736	768	777	765	765	741	768	764	784	753	751	757	746	765	786	750	760	773	753	771	742	749	744	761	771	756	753	760	748	716	770	770	3078.791099
772	780	782	774	779	770	748	749	766	762	770	773	757	773	772	770	777	752	789	757	777	759	775	788	768	769	757	766	762	801	756	767	758	763	778	764	772	756	766	756	770	768	755	804	757	761	763	774	761	774	761	748	786	746	746	764	755	758	744	765	763	763	778	768	776	753	768	754	790	768	764	753	760	765	767	760	775	767	741	761	759	765	759	774	769	739	766	745	757	783	767	763	764	759	736	768	3080.013395
763	770	800	767	770	790	770	773	754	777	773	791	779	793	758	777	749	778	766	800	793	777	763	778	768	766	759	763	773	774	750	792	775	774	778	743	755	753	771	792	781	755	736	759	766	772	741	786	771	765	771	744	799	777	790	782	748	763	803	772	766	763	797	749	775	768	772	776	765	779	794	750	767	761	780	779	766	755	765	781	785	773	783	760	752	775	761	772	759	771	782	759	784	749	780	766	3081.244708
783	802	801	767	758	783	792	809	791	771	777	794	780	753	778	769	763	780	743	792	762	737	778	789	789	768	774	746	773	771	779	784	785	785	793	759	778	773	764	799	779	802	771	792	755	776	789	794	772	778	764	791	749	773	777	760	778	802	760	776	753	799	758	776	774	779	746	781	751	751	797	765	778	778	782	750	772	744	747	750	760	770	756	772	776	784	770	763	784	796	776	788	800	776	768	760	3082.466382
779	761	770	771	800	757	775	756	773	776	803	779	762	766	765	774	781	777	770	772	757	759	757	775	768	771	789	756	760	779	797	762	751	749	800	767	758	787	759	764	775	759	764	792	777	780	765	751	769	792	756	765	771	778	754	778	797	759	757	783	770	775	774	767	760	773	755	784	759	782	778	773	747	770	776	763	786	769	769	779	778	734	755	788	757	788	758	754	777	761	775	757	759	768	779	788	3083.687748
776	778	792	756	752	763	771	776	795	806	778	798	755	773	753	801	787	793	767	732	763	805	741	796	785	777	758	762	778	779	766	763	792	783	754	794	763	772	761	746	774	779	780	775	750	787	748	779	780	748	794	786	775	781	754	768	773	760	769	776	787	779	768	769	784	769	752	760	788	787	766	782	753	770	768	767	777	793	801	773	761	766	791	765	756	762	777	785	772	737	779	749	746	732	779	737	3084.908805
791	769	741	775	768	798	770	765	742	790	781	768	765	767	758	751	793	799	792	776	777	743	758	775	753	783	769	757	763	769	742	760	750	747	739	769	767	756	761	758	767	744	759	792	753	785	806	761	769	792	757	742	758	756	776	768	741	729	778	807	762	754	771	778	758	773	777	767	761	771	768	760	752	747	773	768	745	785	756	743	720	762	774	763	753	764	756	762	783	789	780	765	755	760	763	724	3086.129553
786	769	764	753	766	785	804	775	778	753	751	749	757	760	753	764	750	772	775	761	776	763	750	775	799	743	776	769	773	762	773	750	776	753	747	739	778	792	769	759	772	756	789	784	734	773	802	748	758	768	783	767	789	756	767	765	783	756	767	752	753	767	782	754	782	755	775	766	781	787	811	788	797	754	772	776	762	758	759	762	749	742	749	782	776	781	744	767	768	754	749	749	792	768	765	769	3087.349992
754	763	766	748	753	773	772	751	779	761	765	732	782	762	783	762	759	784	786	769	772	790	740	785	767	747	753	757	772	776	753	783	756	768	752	791	781	771	789	748	745	772	761	765	757	774	763	759	773	780	732	761	731	741	769	775	788	774	742	780	771	774	751	756	770	742	752	759	787	738	776	740	784	765	748	777	774	786	779	744	771	744	772	746	755	757	740	778	764	746	775	772	758	786	764	767	3088.570123
725	756	757	759	804	777	799	753	773	775	769	770	763	791	783	768	761	769	768	738	773	778	783	766	776	774	767	760	781	757	755	766	788	756	764	756	769	781	763	764	768	784	765	769	750	749	771	750	770	807	771	752	783	770	781	737	782	787	766	792	766	753	808	768	773	770	774	759	765	796	780	773	779	765	794	786	761	768	758	746	752	762	751	770	771	752	749	769	776	744	758	766	731	771	768	770	3089.789945
747	740	790	768	771	759	771	762	780	758	753	757	791	787	772	722	744	782	777	750	767	760	769	765	768	751	770	770	780	760	770	761	780	774	779	777	785	758	769	750	758	762	769	754	757	742	807	767	783	767	767	763	727	792	763	762	749	754	760	768	739	774	736	770	745	774	767	781	757	799	769	753	793	781	763	769	770	741	765	722	768	783	772	767	781	777	763	760	774	759	766	759	804	758	804	778	3091.009459
750	775	775	784	768	756	765	772	794	738	785	763	758	782	779	771	778	769	764	758	776	757	759	740	754	751	780	754	725	792	775	757	774	763	776	784	765	750	797	808	765	765	741	758	767	781	753	744	741	769	746	757	746	777	773	736	756	773	752	767	752	766	755	768	774	789	750	776	747	768	769	765	777	756	764	734	744	755	754	757	788	760	760	758	741	758	743	757	759	756	749	778	752	764	751	765	3092.228664
759	756	793	780	763	767	774	748	758	737	762	753	767	801	758	751	755	782	753	778	750	755	761	765	753	768	757	766	782	750	761	773	777	761	765	772	777	772	745	759	754	787	759	777	772	795	781	768	783	719	763	755	772	761	763	754	721	778	791	782	752	767	765	783	772	764	764	776	773	737	749	777	746	798	749	761	776	769	751	779	778	774	779	789	745	754	777	748	751	742	771	741	764	768	767	771	3093.438258
758	775	748	744	759	736	736	764	748	758	758	777	760	764	777	779	749	770	753	803	764	777	794	760	766	788	759	754	774	746	783	763	768	769	748	749	763	766	781	738	775	740	754	784	764	773	783	767	785	765	755	757	741	758	759	762	752	744	760	778	752	762	765	775	772	767	755	760	768	776	752	759	773	748	766	768	765	759	766	749	764	768	759	756	778	756	749	767	759	768	750	787	773	763	768	773	3094.65685
788	756	779	770	757	774	768	773	789	758	766	761	765	775	760	752	776	769	804	766	755	755	775	766	792	777	767	765	762	776	770	786	758	758	763	790	763	774	764	774	796	771	765	796	765	771	785	760	784	787	789	772	781	774	746	762	754	767	782	771	754	766	765	784	786	798	753	778	766	761	781	768	796	749	781	783	747	789	762	791	730	766	771	765	775	742	760	751	757	764	762	763	768	752	787	792	3095.875134
757	769	794	754	782	781	801	783	776	789	792	759	763	776	771	783	785	763	775	791	778	782	765	753	786	786	757	773	787	780	781	765	753	769	780	747	787	767	773	772	799	790	761	776	774	797	758	792	776	790	746	771	770	788	768	788	745	771	777	759	765	790	785	788	762	750	769	767	785	777	776	773	764	790	776	788	754	767	780	778	771	791	747	756	764	782	768	759	786	753	801	757	784	784	775	767	3097.083814
789	776	790	765	782	780	795	780	747	766	771	793	790	757	759	784	773	764	774	778	777	778	772	779	780	766	779	777	767	772	795	755	777	761	768	770	768	805	796	744	780	798	798	762	789	771	773	796	778	803	788	779	787	778	756	767	740	791	787	790	759	791	777	777	780	759	772	783	794	783	806	783	769	796	766	782	758	810	793	766	784	784	781	764	771	773	797	767	776	761	791	803	775	801	793	765	3098.301485
783	794	804	779	794	751	770	772	786	787	799	780	771	810	789	776	795	777	799	784	762	784	783	774	769	798	793	807	765	777	783	785	803	781	790	790	788	761	751	777	771	784	784	768	778	770	824	789	784	759	780	784	788	785	762	771	786	805	788	776	781	777	784	808	784	767	790	785	810	771	772	796	778	760	788	806	763	788	780	767	775	767	794	759	795	777	791	778	776	774	800	765	787	790	775	779	3099.509557
784	799	777	807	792	807	779	838	801	774	786	809	775	779	794	795	786	775	775	806	793	787	804	797	793	795	782	811	793	784	805	795	778	763	783	797	787	779	789	794	786	785	792	784	768	788	771	803	797	814	786	798	814	781	763	768	751	787	778	809	784	789	783	792	766	796	793	785	793	807	791	792	786	800	770	789	793	763	786	801	758	784	790	783	799	815	779	749	813	773	796	798	818	785	780	793	3100.717326
799	773	796	779	782	805	816	769	799	795	794	780	791	812	775	787	797	797	784	788	820	785	786	795	800	796	771	787	795	809	791	785	810	806	787	800	800	800	779	789	769	773	773	794	804	776	792	766	783	790	804	784	792	822	792	783	784	769	783	821	793	786	781	768	792	777	780	766	801	817	785	785	791	777	797	827	802	772	805	765	794	769	788	793	794	804	815	797	768	791	789	775	817	791	792	826	3101.934079
817	793	819	805	794	787	805	811	777	801	771	781	811	794	778	798	797	802	800	794	778	819	808	797	790	786	778	797	791	812	799	797	807	790	820	824	796	803	806	783	778	788	807	778	780	772	799	768	824	804	795	806	800	797	798	816	811	808	769	793	793	768	793	828	806	795	826	822	785	773	778	796	797	789	779	791	780	793	787	802	771	807	827	771	810	792	813	782	801	822	795	788	825	801	806	804	3103.141241
786	801	809	811	810	775	808	794	809	770	805	805	801	822	796	792	825	800	811	811	807	807	792	808	768	802	824	798	807	799	798	784	807	775	796	802	792	820	827	806	807	813	791	808	825	780	794	807	817	778	784	786	783	802	820	798	831	780	802	822	799	786	807	810	806	792	813	810	796	786	797	830	782	785	788	799	812	755	800	802	790	811	802	795	805	783	818	776	794	787	830	830	806	789	808	813	3104.3481
823	815	819	828	802	794	826	809	796	783	831	803	796	812	791	815	812	807	824	819	784	791	780	815	817	804	785	792	811	807	823	785	803	791	819	799	800	787	821	815	806	825	815	817	766	827	809	824	816	805	802	794	812	793	784	800	792	797	783	800	806	826	798	790	789	788	780	790	819	810	828	840	789	817	801	802	803	801	818	785	801	817	797	771	814	808	787	784	808	809	798	828	827	810	803	792	3105.554657
792	778	807	782	804	790	816	815	820	796	810	810	786	798	787	819	816	779	821	813	810	815	833	808	795	803	809	810	801	797	797	808	825	792	805	792	792	775	822	834	803	799	779	812	798	793	819	807	784	831	826	777	809	786	810	801	795	804	818	779	820	786	798	789	780	822	797	803	794	815	808	802	805	792	784	825	789	788	780	785	807	792	818	830	807	797	821	808	793	797	807	799	777	793	811	807	3106.760912
817	786	781	803	800	821	815	819	797	828	798	813	781	799	794	830	808	837	818	801	782	800	806	774	774	817	814	804	803	787	799	830	793	777	795	787	810	848	818	797	785	834	791	791	848	809	803	797	759	808	799	805	817	790	799	797	788	811	790	830	782	799	807	799	806	784	784	820	785	790	777	806	811	786	778	800	781	798	811	810	801	806	819	818	796	835	803	803	800	795	801	812	798	829	792	790	3107.966864
801	798	821	815	810	825	820	808	807	818	776	831	799	811	829	823	793	817	812	826	822	791	827	814	781	782	820	808	810	804	798	783	830	775	828	808	795	810	824	814	781	808	831	799	820	775	827	769	792	791	781	806	833	812	794	798	805	790	842	827	794	798	814	788	788	809	799	803	816	793	788	831	822	820	801	779	809	814	791	822	791	801	812	801	782	806	813	783	767	816	802	778	828	790	781	797	3109.172515
805	807	780	812	816	820	793	815	832	800	819	804	781	786	833	841	796	814	784	782	806	811	802	771	823	806	803	798	820	804	801	808	793	831	781	817	824	822	770	821	803	799	814	803	799	795	798	807	790	812	828	813	802	794	799	766	829	805	811	786	804	801	828	794	803	779	821	813	789	844	798	787	790	821	801	800	793	809	803	806	791	790	819	779	810	819	797	772	788	789	789	801	807	802	830	782	3110.377864
781	782	817	814	807	803	809	806	799	828	824	800	809	795	814	806	784	776	787	813	800	819	834	822	788	808	800	802	787	803	797	810	796	808	833	787	806	796	813	806	822	784	837	808	807	799	798	804	836	834	807	824	806	817	814	791	842	806	825	798	799	776	812	801	829	785	827	815	803	800	807	810	809	843	790	792	801	821	801	782	811	783	807	810	838	806	791	805	799	802	826	824	791	791	797	804	3111.573643
809	811	812	827	805	804	826	802	836	802	808	780	797	782	803	795	826	846	796	790	792	802	818	815	807	807	812	780	794	801	813	790	838	776	832	827	792	803	808	777	805	790	790	783	793	827	814	792	825	782	792	803	829	799	814	794	834	808	789	813	783	821	786	799	811	823	812	822	789	789	831	801	774	808	788	824	818	815	786	813	791	793	803	813	827	786	808	799	804	807	832	804	812	807	815	820	3112.778391
810	795	830	774	814	815	813	818	767	824	817	821	834	808	803	830	839	823	807	796	811	792	790	797	833	804	836	783	810	804	789	805	815	828	813	808	801	808	792	820	780	792	798	793	831	785	780	794	820	801	803	795	799	789	819	803	806	834	810	781	790	788	781	808	795	793	812	808	798	795	782	795	802	806	806	777	793	778	812	794	801	814	811	803	788	799	805	804	814	790	782	813	784	812	785	817	3113.982837
802	832	806	800	795	799	795	786	790	778	800	806	807	838	785	809	785	807	826	798	784	790	796	796	790	806	800	791	810	813	780	817	804	793	799	806	781	820	806	813	794	805	800	823	769	799	787	821	801	799	814	818	783	843	810	820	790	816	812	780	790	808	773	807	778	816	813	811	810	794	803	803	808	792	805	814	823	809	799	800	803	808	802	824	807	759	808	815	800	811	785	811	817	807	787	797	3115.177721
812	792	771	796	798	825	800	786	820	769	816	810	810	819	799	795	790	792	774	830	798	803	800	812	784	789	783	789	807	770	811	792	803	800	809	793	817	826	831	780	793	802	804	783	811	791	787	837	772	780	767	798	794	804	787	811	797	809	778	782	805	804	774	800	806	785	791	807	791	791	782	835	810	801	801	786	831	817	787	795	802	816	794	826	793	791	807	823	768	810	792	826	766	790	792	811	3116.381567
809	804	816	839	812	838	805	808	804	802	788	803	800	812	786	805	779	809	797	808	800	791	786	791	822	793	810	792	800	797	799	798	809	808	821	814	808	790	803	797	799	829	799	822	827	780	807	816	815	776	809	812	800	789	786	812	812	807	804	819	783	803	796	801	799	786	803	789	800	777	797	819	801	782	778	791	788	792	794	812	819	820	768	800	810	780	792	809	796	792	801	786	821	796	830	780	3117.575855
815	807	807	800	813	790	802	794	812	814	805	820	763	810	765	803	819	816	801	791	785	789	798	815	804	810	797	819	776	818	805	787	812	792	796	799	795	768	822	791	777	803	784	797	809	778	783	767	813	824	809	793	794	790	800	792	783	794	803	805	809	784	789	789	819	823	813	813	779	791	781	832	793	814	816	778	793	771	775	777	780	808	796	831	790	789	815	809	819	780	791	799	800	792	785	790	3118.779102
783	822	801	814	798	802	798	797	825	809	788	803	828	789	811	811	805	814	798	793	805	823	803	785	802	843	800	792	814	832	808	810	798	823	824	814	778	813	816	787	804	791	776	806	816	808	786	826	789	822	800	767	803	802	788	810	794	800	801	786	794	818	791	804	801	809	803	789	788	788	772	806	793	796	802	786	792	797	829	793	824	788	778	793	797	787	796	809	824	796	793	788	785	791	788	816	3119.972795
817	778	796	832	784	806	794	800	827	825	803	777	783	772	809	789	788	839	795	778	802	789	819	808	805	796	798	767	809	796	800	800	798	794	800	798	801	787	801	784	804	776	807	817	772	802	780	793	814	788	801	799	812	793	801	783	822	784	798	825	806	780	796	798	782	791	789	810	811	795	769	791	796	789	809	798	809	780	809	806	789	814	795	775	794	794	808	765	790	780	811	785	798	811	798	783	3121.166192
805	821	777	802	776	807	799	787	800	816	816	807	798	786	798	824	804	802	802	812	765	798	816	795	790	791	800	794	794	782	826	806	807	788	822	804	799	790	803	799	804	800	797	805	799	805	815	799	785	778	799	826	815	816	806	808	791	782	765	811	796	777	822	814	798	823	792	784	779	801	801	786	816	801	797	782	798	764	783	781	774	777	791	792	788	789	808	756	781	813	791	804	814	788	791	782	3122.359292
778	806	784	799	823	829	804	804	812	771	797	815	804	785	786	796	820	795	796	811	832	798	776	779	821	806	783	816	787	792	785	774	769	819	831	814	799	793	791	790	801	828	788	787	799	805	799	794	812	778	820	825	771	799	799	802	799	809	829	782	796	809	802	790	819	791	781	782	823	768	799	809	823	786	797	810	768	822	792	762	806	774	799	782	826	798	789	811	817	809	771	818	788	814	791	772	3123.561343
773	812	804	802	807	807	791	790	783	812	808	806	796	794	792	827	768	818	783	820	788	788	795	805	814	813	803	818	791	815	804	779	801	820	789	819	815	789	802	787	802	790	789	809	790	806	812	813	805	807	802	811	819	816	785	802	783	801	770	813	787	788	811	814	809	797	799	806	813	804	813	793	794	799	772	810	785	783	806	761	829	797	786	796	803	806	798	788	770	795	801	770	787	793	782	808	3124.753849
815	841	809	809	801	794	785	785	839	803	814	813	788	780	789	808	805	812	814	784	776	804	804	804	798	799	802	792	798	807	793	788	807	786	811	761	795	818	798	828	797	798	828	771	816	807	779	795	785	793	795	811	842	789	818	784	811	789	828	804	838	787	806	781	808	800	794	777	828	811	802	802	770	808	807	803	797	815	807	788	811	797	792	805	788	821	805	792	821	801	786	793	791	822	773	795	3125.94606
786	814	787	795	811	811	793	789	820	801	823	801	811	797	763	822	828	822	790	828	795	818	825	804	824	804	823	781	829	832	806	827	806	788	812	803	793	808	828	832	804	807	810	828	813	805	821	840	800	799	838	825	800	801	809	809	812	820	782	795	796	806	788	787	822	806	814	828	814	828	814	808	822	784	797	814	808	804	791	792	799	772	800	815	829	797	807	829	795	760	811	817	812	795	805	804	3127.137975
811	811	825	803	809	812	801	827	816	830	818	804	811	796	798	804	813	807	815	811	806	811	827	804	804	787	805	806	827	806	820	812	837	800	821	814	806	818	851	837	804	801	826	785	814	806	817	826	830	809	801	839	776	842	813	807	787	815	781	801	805	786	791	804	820	810	795	796	816	835	807	806	786	830	835	816	806	818	785	799	789	820	835	811	797	849	784	820	817	802	819	801	811	817	801	826	3128.320359
857	802	821	816	811	830	825	827	818	808	822	823	808	807	806	827	804	865	797	817	845	810	806	819	810	810	805	817	813	780	818	823	835	790	807	801	826	820	814	812	813	811	817	816	828	845	822	820	831	815	817	811	821	825	806	848	813	794	848	808	840	814	805	836	836	809	809	848	818	813	824	836	808	807	794	831	820	817	801	812	802	833	858	812	814	820	820	791	798	795	790	798	810	811	804	841	3129.511685
807	830	793	829	790	811	852	848	828	846	819	830	814	807	811	817	821	803	805	821	814	795	823	830	829	846	821	834	786	815	791	820	825	822	814	799	805	841	842	832	809	824	812	806	794	788	819	811	806	832	807	818	828	814	817	821	820	830	797	802	806	842	807	810	806	840	820	825	840	815	815	840	801	808	827	842	835	808	851	800	820	815	803	817	827	819	824	818	828	821	820	813	804	803	808	841	3130.702717
824	838	823	835	815	834	813	842	839	826	836	847	816	828	807	816	844	840	823	851	837	843	837	798	851	847	839	809	793	823	831	830	844	840	839	839	819	800	837	823	816	822	829	848	821	826	813	819	837	845	849	829	818	806	820	807	838	830	826	830	811	809	845	839	821	842	820	827	806	824	819	809	830	854	818	831	805	841	811	811	822	809	824	793	833	817	840	817	832	801	809	802	819	803	826	813	3131.893453
799	838	824	849	841	840	825	824	832	856	830	831	827	808	814	854	822	826	848	834	841	838	861	815	822	817	833	851	784	835	835	818	851	848	839	836	829	854	804	806	829	839	796	822	841	841	808	868	803	846	818	820	829	821	821	842	833	819	832	847	808	817	840	858	813	807	834	842	820	827	849	800	821	814	829	836	816	802	832	801	819	846	844	834	813	823	832	800	838	837	824	832	826	819	831	823	3133.074667
831	836	859	834	839	836	849	828	815	832	826	859	832	816	817	828	833	847	837	819	831	813	812	819	865	810	890	816	839	844	816	827	823	848	837	849	838	837	852	820	868	847	809	834	842	858	815	845	815	833	844	812	807	853	836	833	865	851	806	817	817	837	856	805	810	836	840	833	815	850	838	870	825	816	849	840	832	838	812	840	800	799	824	798	840	845	838	843	827	814	829	828	810	830	826	837	3134.264815
845	859	829	839	829	827	831	856	844	858	847	823	822	836	852	837	834	846	823	853	826	863	853	831	827	841	841	856	823	855	816	853	820	845	822	847	827	825	834	842	835	811	821	840	826	825	873	840	839	830	820	831	815	823	827	834	806	823	827	801	845	848	847	840	810	843	824	841	834	848	846	811	812	834	824	813	830	829	820	808	851	845	857	775	839	834	801	826	833	807	826	843	843	820	823	842	3135.445446
821	830	819	877	821	850	856	840	827	838	868	822	816	822	832	856	837	838	836	821	831	861	835	842	827	853	848	807	856	835	833	829	832	835	853	833	833	847	834	860	860	837	840	833	845	850	838	845	816	849	820	830	837	835	808	826	850	822	841	800	831	827	851	814	854	859	832	826	811	821	828	817	812	804	814	831	853	840	817	829	846	825	859	836	832	852	845	810	836	825	852	815	862	818	843	806	3136.635007
825	816	836	842	859	848	842	830	829	814	844	816	840	818	834	849	836	861	835	809	842	836	836	824	831	867	839	822	844	836	835	840	833	802	860	834	846	809	815	841	791	834	798	841	844	808	815	832	822	801	849	846	843	835	838	790	841	811	829	827	822	829	814	804	820	831	811	847	818	847	854	800	832	837	830	796	832	815	827	829	789	834	824	822	845	810	845	845	815	836	829	822	816	835	827	806	3137.815055
834	843	826	835	847	828	839	827	853	866	805	832	830	834	843	841	853	862	830	840	831	826	816	842	817	834	817	825	833	837	852	826	815	837	804	814	808	834	847	859	856	842	871	830	856	802	828	837	834	836	791	863	856	827	839	810	804	826	828	832	805	846	813	815	819	834	826	823	822	821	844	817	853	838	806	847	846	840	833	859	837	839	845	830	815	793	835	859	829	816	845	825	805	818	844	839	3138.994813
806	818	848	812	809	842	845	858	858	805	807	823	809	808	808	832	818	849	845	836	853	815	839	822	844	799	836	838	819	822	838	821	811	842	855	834	850	824	838	833	819	816	832	871	850	832	821	836	836	826	841	832	839	834	830	829	780	839	822	832	835	810	836	854	818	847	823	808	795	787	818	838	856	823	825	815	829	848	823	820	817	840	828	822	822	824	842	830	807	848	826	802	807	818	834	817	3140.183495
823	826	789	822	827	799	813	834	813	820	844	814	815	832	822	821	811	833	826	836	841	819	808	843	817	851	832	808	817	847	819	815	843	844	820	826	824	806	826	835	817	836	817	843	827	810	826	823	813	832	790	826	818	800	817	846	837	809	847	817	824	818	820	825	834	842	838	848	816	836	848	801	842	784	844	824	829	833	828	809	810	848	803	814	828	806	830	815	841	839	832	810	836	825	828	833	3141.362671
831	832	831	846	847	866	843	842	818	825	797	803	823	797	851	840	851	814	818	809	823	796	836	831	836	823	824	815	844	834	836	818	812	799	793	849	856	845	828	825	827	810	815	822	806	821	812	805	830	816	831	841	811	828	810	794	829	819	821	847	796	823	838	802	834	813	827	826	813	840	834	811	814	835	846	837	839	814	821	824	812	825	839	826	815	815	824	819	786	839	834	808	802	837	805	842	3142.541558
828	800	808	822	819	861	834	831	829	840	837	814	841	816	802	807	829	834	828	818	837	830	825	838	833	832	817	808	810	825	822	806	823	812	837	823	836	817	827	812	799	807	822	831	798	823	826	809	817	836	832	812	820	820	816	830	818	823	806	796	824	816	810	832	813	807	792	808	835	791	816	831	809	798	826	830	811	825	825	800	821	797	824	829	810	798	806	815	784	821	824	826	807	815	817	855	3143.720155
814	801	799	820	802	811	808	803	829	828	805	832	826	831	790	822	792	834	823	820	801	798	836	813	854	798	807	831	812	816	794	841	817	834	842	805	809	845	813	814	832	823	812	805	807	838	802	816	809	839	814	814	822	795	798	835	848	838	838	822	832	813	813	823	812	811	802	829	840	831	806	798	821	821	789	812	826	816	822	809	829	786	821	800	825	788	801	833	828	829	833	817	841	829	799	837	3144.898462
824	832	808	831	800	832	835	802	823	818	834	812	800	781	812	809	844	818	839	813	836	821	802	803	836	825	799	819	822	818	828	802	779	845	847	830	829	848	842	817	827	815	799	815	822	817	809	785	819	806	844	828	809	826	797	795	844	828	812	805	809	801	840	805	817	827	836	804	779	809	809	836	795	789	822	829	811	784	803	809	827	813	805	833	792	823	801	821	802	837	831	806	804	816	820	813	3146.076481
820	822	778	825	801	816	821	812	813	820	811	833	823	842	816	821	783	830	818	803	787	844	780	795	816	812	814	797	777	837	847	827	837	830	826	838	837	817	816	790	809	824	802	820	805	821	835	826	777	797	795	818	808	796	816	822	816	794	804	808	810	790	833	829	816	823	798	836	805	794	819	810	813	811	803	796	795	819	809	822	821	804	810	813	798	824	818	808	811	813	823	797	807	813	821	811	3147.25421
831	807	858	810	822	803	799	802	802	806	822	821	801	786	812	828	823	812	846	821	824	817	806	805	807	818	813	810	800	846	796	779	814	837	845	811	836	822	806	803	811	809	812	819	810	802	820	811	811	807	819	818	778	832	829	828	791	817	813	821	820	846	803	818	821	827	827	830	825	816	794	805	814	813	817	817	813	807	833	804	824	775	802	821	824	815	807	827	814	826	834	824	822	841	803	796	3148.431649
793	816	830	830	797	848	834	819	803	843	815	831	789	804	820	853	824	792	806	805	823	830	814	850	837	807	809	817	845	833	823	794	805	828	798	797	841	790	817	824	835	823	831	819	835	813	819	828	792	806	826	793	803	792	816	802	806	809	841	826	840	835	810	800	856	847	858	803	820	823	801	817	814	831	825	844	810	824	777	813	791	829	815	795	795	835	812	811	808	850	804	790	816	820	838	811	3149.599605
820	799	814	817	811	819	817	815	839	844	837	832	806	816	817	843	822	800	839	810	811	844	812	825	804	839	838	831	837	831	787	811	824	815	802	817	810	836	822	825	802	835	792	830	815	796	830	813	818	840	835	820	801	787	831	821	844	820	832	773	839	813	832	821	826	817	855	819	808	815	828	824	843	837	830	786	834	825	813	826	795	832	825	806	846	799	793	818	835	818	803	831	803	822	826	818	3150.776469
840	846	846	811	815	849	819	839	834	853	844	810	846	818	848	842	807	829	805	824	829	842	827	847	809	805	831	821	830	807	829	836	846	829	824	830	850	849	819	840	817	829	802	838	809	828	819	820	827	823	816	809	852	801	844	799	817	809	838	829	796	832	822	821	846	823	835	841	793	838	826	845	844	824	842	812	810	840	831	830	820	793	813	805	828	839	801	809	827	822	805	815	808	791	802	840	3151.953044
805	825	830	841	843	851	814	818	809	830	822	825	821	838	825	821	847	849	791	804	835	824	840	822	856	782	841	818	817	847	837	843	824	822	852	808	833	847	835	805	848	863	830	813	828	813	862	852	812	827	806	829	847	841	844	827	793	845	825	824	817	808	840	821	837	818	829	835	817	843	803	832	816	820	826	838	836	834	804	808	820	802	825	830	812	824	843	788	820	808	842	832	818	806	818	810	3153.120142
859	816	843	826	832	845	835	835	821	802	864	836	798	850	811	817	822	822	856	860	821	882	824	859	835	833	847	824	863	792	857	792	828	813	808	848	831	817	799	830	839	826	820	847	864	829	845	843	827	832	804	822	835	826	847	848	818	814	839	822	834	846	848	859	836	823	860	867	813	816	804	835	859	778	802	847	823	840	853	823	815	849	849	826	850	837	819	851	852	822	832	826	824	855	819	796	3154.296142
837	816	847	878	860	853	824	833	832	851	843	837	823	836	807	860	809	837	850	833	821	840	840	833	856	836	851	826	814	829	835	855	792	837	820	850	827	863	842	816	846	856	825	865	852	831	816	834	878	822	858	856	850	822	822	845	821	861	851	814	828	795	840	846	857	870	827	798	861	837	812	852	855	844	824	803	833	843	806	845	844	837	817	866	811	839	820	838	816	825	865	830	803	845	822	816	3155.46267
848	814	844	799	813	844	846	846	821	814	832	850	831	817	821	862	853	860	808	846	846	845	857	801	838	868	860	816	851	843	834	844	835	847	847	831	837	844	830	842	857	835	834	839	839	875	866	829	824	856	839	823	838	818	873	861	840	825	816	821	818	843	833	841	840	837	822	840	826	838	847	840	836	840	878	847	817	857	823	828	834	847	823	819	844	822	833	827	855	834	823	840	843	848	850	842	3156.628913
839	868	857	840	846	810	827	843	837	853	834	848	863	846	822	835	830	854	844	820	846	834	830	842	836	863	777	840	853	874	833	875	840	815	823	852	878	822	854	835	843	827	850	840	839	828	802	823	841	821	855	848	831	844	818	833	864	839	823	814	842	850	843	834	836	872	853	851	830	855	862	847	865	860	834	866	865	837	850	832	847	849	856	867	856	847	815	849	848	847	821	846	856	815	821	854	3157.804053
839	836	850	865	822	858	833	831	818	842	814	863	853	847	841	876	872	853	834	856	878	843	870	828	858	825	840	875	832	845	844	873	847	868	857	828	832	833	860	827	868	830	841	853	828	859	873	852	841	830	842	852	810	838	851	849	812	833	837	837	850	861	816	834	821	845	853	828	874	835	825	852	804	836	814	836	843	836	849	836	835	863	825	860	815	890	847	850	836	831	869	861	859	830	841	848	3158.969726
830	837	855	836	850	852	871	840	840	855	837	847	824	834	839	836	851	833	839	864	842	871	854	852	859	868	854	854	845	849	818	835	850	858	858	879	850	853	859	833	868	836	867	889	856	822	832	821	819	840	801	863	843	849	849	848	820	863	837	842	858	818	851	833	821	856	833	845	837	875	855	820	862	849	837	824	832	857	847	816	841	850	858	858	840	834	845	845	846	803	836	865	857	817	837	823	3160.135117
812	847	858	872	855	845	867	867	856	827	853	825	843	846	839	845	820	847	843	840	815	850	844	828	864	809	821	881	834	830	849	806	861	850	806	869	859	833	847	852	849	846	840	855	838	856	848	829	839	867	833	832	830	862	828	845	796	867	854	808	838	845	852	844	840	854	852	843	834	832	838	832	875	871	833	834	827	823	811	826	842	847	842	826	850	842	812	885	833	836	839	847	845	832	863	822	3161.300223
850	860	851	875	857	867	843	855	879	868	816	859	870	840	869	863	851	821	838	878	835	858	860	829	827	840	838	810	851	837	854	845	826	833	849	858	820	847	867	864	838	832	839	833	826	874	852	850	800	860	837	882	841	815	842	841	843	847	828	830	830	842	862	862	858	843	822	817	845	869	863	852	843	849	860	838	828	807	838	836	849	859	838	846	827	844	840	813	858	843	825	817	855	844	840	824	3162.465047
848	862	849	845	847	836	843	848	842	854	839	866	832	842	872	824	868	832	890	837	813	799	835	833	846	833	853	882	870	850	832	848	855	844	841	827	832	840	835	860	854	832	852	817	846	843	858	847	837	834	842	862	849	839	824	858	878	837	818	837	841	860	843	871	830	821	856	850	848	841	834	847	836	835	852	821	842	837	823	826	820	810	827	842	850	846	827	800	820	837	844	860	867	853	820	834	3163.629587
869	827	853	846	836	840	829	863	823	811	826	837	828	825	838	824	821	871	823	855	853	852	821	840	832	873	844	849	847	827	854	846	846	826	871	836	838	832	851	894	847	858	834	832	858	846	810	839	862	852	824	850	821	844	833	842	845	844	851	852	854	848	837	843	814	866	824	876	861	841	822	841	832	841	830	833	827	825	855	835	823	842	874	832	831	836	844	804	832	856	836	841	822	850	815	830	3164.793843
859	829	859	818	847	865	839	827	830	853	840	853	831	844	845	847	848	845	821	863	846	828	812	849	818	858	830	838	856	856	843	818	843	855	839	855	837	842	830	843	788	826	850	854	801	842	835	840	843	855	856	824	835	822	840	847	820	865	859	827	852	837	832	838	822	837	845	803	834	867	834	848	856	850	819	814	844	831	864	825	826	828	815	845	822	847	829	860	832	831	825	866	855	859	828	825	3165.957817
818	838	850	864	855	837	860	852	830	869	841	856	833	850	826	830	866	834	854	839	867	838	857	851	818	837	841	864	874	831	833	811	844	838	836	845	808	828	840	834	820	836	843	852	858	875	822	827	842	833	844	820	856	822	829	863	843	845	839	832	832	844	830	836	839	862	827	849	852	812	802	839	815	832	854	856	831	846	816	854	833	853	824	864	800	825	848	851	810	838	848	853	847	840	847	848	3167.121508
831	861	849	837	850	848	812	853	840	838	842	827	826	860	834	840	818	856	853	814	839	850	814	840	839	844	814	835	857	817	819	844	810	836	815	839	839	821	823	830	854	832	831	840	854	825	840	843	842	845	854	842	850	837	827	822	850	854	846	861	842	842	810	824	857	848	833	834	841	850	825	843	847	842	847	839	815	834	830	843	808	844	840	843	844	833	833	835	853	811	847	819	851	829	810	852	3168.284916
815	859	855	844	860	860	822	857	843	834	844	819	824	828	848	824	838	818	826	832	850	859	823	827	834	830	843	829	822	863	828	840	862	869	873	818	823	830	852	824	848	836	839	848	815	851	856	833	841	853	843	821	850	843	864	848	819	823	841	814	819	854	832	867	838	850	799	830	853	822	836	809	819	844	842	829	852	825	811	831	839	835	823	885	826	811	850	842	846	796	834	852	842	828	821	838	3169.438883
850	859	835	820	840	827	820	824	857	836	842	814	841	857	827	842	851	808	843	880	810	851	813	828	847	817	836	844	848	862	840	844	871	816	807	844	831	841	858	815	830	838	844	843	835	844	822	819	822	848	836	814	809	846	826	837	870	837	826	835	826	849	826	829	833	838	826	861	825	816	832	818	837	845	868	813	844	833	849	830	830	826	823	849	865	843	832	811	831	818	867	842	841	836	841	814	3170.601728
832	842	815	800	840	827	830	823	844	832	829	853	845	839	792	812	839	819	838	819	830	846	846	841	865	840	842	818	794	824	856	838	817	823	835	824	842	827	838	821	826	834	826	852	838	842	834	849	849	839	831	843	832	817	854	828	789	846	833	849	841	842	847	827	831	818	829	818	831	836	834	826	808	789	833	820	827	797	866	831	820	838	829	824	835	837	847	859	835	824	841	844	827	825	805	790	3171.755137
845	817	835	841	835	843	810	830	855	841	831	826	832	853	842	835	819	848	837	838	839	846	833	828	849	852	813	815	825	829	834	836	847	845	815	813	820	843	809	813	868	844	869	829	816	829	827	837	834	826	837	844	826	815	842	853	829	832	821	807	831	837	829	848	815	808	803	840	838	849	815	846	824	823	823	853	834	864	811	827	831	806	808	820	820	838	826	840	823	848	837	846	836	830	842	848	3172.917419
833	848	836	849	819	832	831	869	827	816	846	831	838	819	840	803	863	828	842	841	821	843	825	874	853	838	818	837	845	836	839	839	840	834	822	829	852	844	838	824	847	815	813	841	824	833	822	806	805	855	834	834	820	812	824	838	813	818	836	826	846	841	846	813	842	831	857	829	865	804	799	817	838	848	838	840	805	818	821	829	791	814	805	808	819	830	813	818	854	838	828	831	837	814	833	817	3174.07027
825	824	846	827	828	845	839	807	853	833	831	843	790	823	842	827	819	798	852	819	839	835	868	834	814	830	835	848	824	850	832	842	830	830	843	820	838	832	847	846	840	851	831	841	824	829	819	848	805	824	843	820	831	810	844	820	822	830	838	842	822	795	857	842	841	890	804	826	831	802	830	814	839	832	822	823	820	843	824	829	839	832	857	812	821	819	824	826	833	813	811	847	821	837	814	828	3175.231989
840	828	830	818	834	832	825	822	854	809	826	849	813	834	823	824	839	823	858	823	826	845	841	835	838	843	841	832	805	831	816	844	833	847	831	840	843	815	850	831	800	801	836	828	833	828	854	817	807	833	830	828	812	822	838	814	836	841	836	840	817	806	804	831	843	792	850	814	820	824	831	820	816	805	814	832	820	828	845	834	800	835	841	825	840	819	818	823	832	822	828	783	805	868	836	819	3176.384282
816	856	840	847	863	826	816	836	847	830	839	840	789	834	794	804	826	861	816	850	822	845	824	837	818	833	831	845	823	805	826	835	836	819	843	840	835	847	822	829	829	838	858	839	833	850	808	817	820	839	802	846	822	834	831	847	861	857	833	835	783	815	812	808	833	842	834	834	834	825	825	815	830	850	822	840	821	850	846	807	853	832	839	824	829	826	812	819	812	807	816	866	824	813	821	844	3177.536298
828	831	823	830	815	833	832	818	829	832	826	819	817	821	813	843	820	792	852	847	794	806	809	809	814	841	820	861	826	844	843	829	829	844	836	832	844	858	834	841	812	816	818	859	842	857	845	802	850	853	871	843	813	837	819	857	833	851	837	863	797	781	817	846	826	846	801	846	809	833	808	841	811	850	824	828	836	809	859	821	813	830	838	844	838	814	809	836	829	833	835	822	830	807	824	822	3178.688036
828	843	846	829	843	836	859	838	845	849	826	833	827	828	841	839	839	846	842	794	825	850	822	812	834	839	838	811	863	838	818	840	821	822	841	830	831	839	817	851	839	822	846	841	819	823	849	826	825	819	839	816	869	825	816	828	813	836	850	813	828	843	842	797	828	813	791	841	825	812	820	811	831	831	814	825	818	827	853	850	814	844	836	848	837	813	855	845	819	797	833	815	817	828	800	827	3179.839496
869	832	843	843	828	825	827	852	832	857	829	806	836	844	815	833	845	854	810	818	811	831	836	848	819	836	812	826	827	841	852	837	851	825	812	832	821	838	862	829	821	828	826	817	854	830	826	835	812	832	813	826	820	865	809	837	825	824	821	819	799	857	835	827	840	807	823	847	811	818	821	847	836	844	855	810	833	837	832	825	831	814	825	837	809	854	842	824	829	809	852	820	809	814	831	779	3180.99068
830	824	849	857	828	801	837	838	857	841	813	843	816	848	836	834	839	821	827	847	824	842	855	846	835	860	863	801	832	842	836	826	828	835	844	819	844	839	840	826	817	820	836	831	835	810	828	859	835	826	835	842	821	840	819	837	836	828	843	881	836	825	829	834	830	846	853	813	823	821	833	851	820	827	858	847	792	807	850	808	830	820	813	817	831	835	828	813	847	827	828	824	836	817	859	831	3182.141585
849	869	842	827	813	807	811	844	850	850	858	832	834	850	813	877	821	836	835	839	840	851	826	822	850	848	796	867	840	845	824	820	842	840	849	867	820	853	828	813	811	818	824	825	867	838	862	853	867	836	844	825	822	835	843	846	834	866	860	811	837	844	837	871	825	857	810	845	821	849	823	811	865	851	843	836	823	820	840	809	861	844	814	810	846	859	817	830	844	834	826	836	819	841	835	827	3183.292214
838	837	839	828	829	828	853	834	844	844	841	840	819	834	826	815	825	819	837	861	818	857	858	832	855	836	853	867	828	841	834	824	825	824	826	827	832	836	823	858	852	816	845	820	811	823	839	831	850	850	848	840	836	822	819	817	844	835	852	811	835	830	826	866	849	867	830	821	840	824	818	862	824	844	836	832	812	867	823	818	849	847	833	826	852	833	836	842	833	842	845	841	839	840	858	847	3184.442566
844	849	847	836	832	829	844	832	828	827	843	832	854	869	822	856	848	857	814	840	810	869	842	825	825	864	835	821	848	834	853	873	867	866	842	825	839	811	845	830	851	854	851	826	858	821	836	833	861	820	816	832	847	857	834	835	854	845	847	870	834	843	888	854	820	854	854	872	858	832	844	803	847	840	842	839	856	852	864	846	867	825	857	820	819	832	855	837	829	832	851	828	827	872	825	847	3185.592641
866	847	860	837	845	869	830	891	836	828	852	843	873	834	857	876	841	845	826	885	842	866	840	839	863	840	863	849	853	867	841	837	863	860	838	857	875	873	864	854	875	816	865	833	826	860	852	858	845	834	812	815	837	803	876	825	831	864	857	827	834	841	857	839	829	866	843	847	844	848	813	865	832	817	855	821	854	869	841	847	844	803	859	829	833	852	838	822	830	846	830	862	804	842	852	833	3186.733315
853	851	861	824	834	837	856	809	846	857	867	861	840	826	826	833	858	853	849	848	849	821	841	868	853	887	855	840	850	839	853	824	876	844	831	828	875	847	841	847	877	851	843	850	829	834	862	825	874	823	830	837	827	860	831	845	822	858	861	864	843	869	859	853	844	806	841	836	856	816	828	848	834	841	824	839	832	842	816	842	805	840	833	870	815	861	840	839	861	845	822	852	850	856	836	850	3187.882838
834	846	881	870	850	860	870	868	854	864	844	851	823	879	853	838	836	881	855	849	874	838	849	860	852	857	841	847	838	851	860	860	862	849	868	850	843	845	883	843	851	871	855	818	895	876	843	842	857	841	875	854	858	822	863	852	835	833	868	848	842	854	860	854	851	854	851	821	874	832	827	865	839	849	878	836	864	841	843	827	848	854	844	832	839	841	840	796	824	857	849	861	860	858	846	839	3189.032085
867	866	856	866	880	883	858	852	880	843	830	847	855	840	851	851	861	864	874	867	877	818	862	869	884	847	854	872	850	824	859	867	851	850	846	856	856	851	840	856	858	877	861	854	843	837	858	844	857	881	848	851	838	862	867	856	879	848	869	881	856	855	887	857	873	876	858	852	867	851	854	853	817	842	844	869	828	854	860	847	875	844	873	882	833	851	840	862	837	844	865	866	869	844	859	843	3190.171937
891	875	896	904	864	830	858	853	904	842	874	888	877	828	835	853	862	858	856	863	846	874	863	878	896	861	857	855	863	876	831	843	876	838	843	885	858	867	882	876	862	873	863	855	877	855	850	866	888	875	865	860	859	843	853	861	858	844	873	858	869	867	857	868	838	876	833	845	838	855	868	858	856	859	862	856	840	867	834	844	861	844	867	869	848	856	841	851	883	874	864	872	871	873	851	859	3191.320633
835	839	851	859	844	822	859	832	856	847	853	864	884	882	837	852	841	858	875	880	862	857	861	874	860	835	843	848	885	885	880	831	879	879	847	884	881	861	863	886	888	855	870	845	844	845	874	877	878	869	849	863	867	851	829	882	870	850	871	892	853	870	851	848	842	864	835	837	846	868	860	861	848	848	866	857	845	826	840	830	852	865	882	854	848	885	857	859	844	861	843	865	863	882	841	847	3192.45994
868	889	847	875	882	891	888	857	867	836	893	868	862	853	852	851	855	871	857	860	871	874	842	850	878	868	888	840	853	869	861	854	827	859	866	870	866	858	859	863	891	852	902	842	874	849	826	849	869	864	867	847	827	865	848	880	826	859	884	834	839	880	853	884	832	849	894	844	881	854	836	842	852	838	853	879	876	860	839	865	861	849	884	896	871	862	879	867	844	873	864	844	846	842	838	862	3193.598974
874	851	846	871	851	865	861	847	853	868	871	887	842	865	855	854	888	866	823	857	862	900	873	861	850	854	855	870	865	849	854	861	888	860	861	860	858	862	838	870	868	853	862	851	838	879	847	876	831	841	874	852	834	869	860	870	861	858	878	856	874	835	860	847	860	885	837	846	862	822	843	834	866	837	871	824	861	849	860	867	874	862	855	882	845	845	846	861	857	855	862	865	888	850	846	861	3194.746846
862	852	857	867	828	881	833	864	876	857	825	865	865	835	831	845	857	853	844	866	855	883	886	870	863	837	865	872	846	849	850	840	875	853	867	862	843	868	868	822	845	851	858	837	867	820	842	861	872	838	852	868	864	860	853	836	844	864	857	839	846	862	859	860	860	845	878	861	833	844	871	899	882	848	853	838	858	862	831	877	838	881	837	836	864	882	874	848	877	870	868	843	887	856	866	859	3195.885335
847	841	864	867	864	847	840	860	852	878	846	857	827	874	854	871	846	868	851	859	837	835	876	884	865	845	861	862	879	819	865	864	850	846	866	838	834	838	887	861	858	830	851	844	871	852	858	849	871	846	847	882	872	861	847	883	850	862	863	853	880	885	866	860	831	839	868	825	857	872	847	852	854	866	844	853	857	849	851	869	837	856	850	860	837	841	863	855	882	848	865	862	860	838	848	822	3197.023552
839	837	825	840	858	834	833	854	847	844	837	838	854	853	851	855	867	859	828	834	858	857	853	842	858	842	846	882	847	849	860	870	875	854	844	820	851	834	856	819	837	862	829	863	823	841	840	851	857	851	862	868	854	875	854	860	833	859	856	818	839	856	877	866	859	833	857	855	838	852	862	901	861	853	837	874	819	858	853	877	858	856	851	834	846	841	839	823	867	856	869	827	858	863	848	827	3198.161498
873	837	830	885	839	830	863	831	853	859	840	838	840	836	825	826	861	849	844	834	828	847	853	821	881	822	856	849	823	817	855	832	853	870	818	844	868	823	839	859	864	794	843	822	841	851	850	845	861	837	828	843	827	844	835	845	865	854	820	851	829	858	847	873	836	843	861	847	840	870	840	862	849	847	862	843	863	840	838	854	846	854	844	870	868	844	839	843	835	846	862	875	847	834	868	840	3199.299172
862	847	836	814	852	844	854	872	837	816	854	847	831	876	843	845	860	832	831	829	849	823	828	827	879	844	839	861	862	853	828	834	836	849	849	852	860	863	871	849	831	847	852	831	843	849	850	841	823	868	851	860	869	841	820	830	829	875	846	840	812	847	850	844	836	864	843	857	837	835	853	823	841	881	830	875	861	838	850	840	843	820	855	857	834	851	847	872	834	849	871	848	848	843	843	833	3200.436575
841	840	837	823	845	854	877	856	860	843	839	811	835	850	874	839	838	836	820	852	820	861	841	860	852	858	834	850	837	845	808	838	857	855	837	840	823	839	833	841	878	833	850	839	815	839	837	857	852	828	849	843	849	829	854	864	871	845	853	821	843	864	849	829	844	840	821	878	861	857	896	833	877	830	850	836	814	866	803	830	836	842	853	855	852	848	814	862	863	850	837	850	840	861	831	860	3201.573707
816	860	849	865	848	852	833	853	834	840	849	851	807	834	846	865	839	826	841	858	859	847	842	838	827	871	881	858	873	848	809	850	851	855	816	841	893	824	849	851	844	842	869	846	835	863	858	853	817	858	847	847	851	829	850	838	824	821	864	824	844	826	841	852	846	836	847	849	853	846	857	849	845	856	821	873	841	824	857	845	857	852	821	831	827	855	865	845	856	832	837	822	847	795	846	842	3202.710568
827	851	826	803	815	849	806	836	847	825	842	833	847	838	829	840	851	825	860	814	836	844	790	834	847	861	836	839	850	851	838	819	825	840	866	808	851	861	843	843	855	832	839	841	864	854	836	824	837	831	830	846	855	844	863	825	850	861	865	821	825	839	825	816	841	841	842	843	851	845	829	853	837	802	824	821	826	823	835	819	836	820	877	819	820	831	854	826	817	824	841	860	833	854	850	854	3203.838066
847	827	842	842	855	836	849	836	852	836	833	836	836	840	834	800	854	837	862	850	854	845	841	807	836	877	820	844	836	824	834	841	861	867	849	844	839	863	837	830	831	850	846	841	826	821	856	836	835	824	831	837	860	874	852	863	818	845	834	836	862	859	840	875	809	875	863	834	838	830	856	830	843	810	808	817	810	861	838	815	825	816	823	837	827	845	875	846	825	821	813	834	853	837	832	837	3204.974387
811	856	841	832	841	835	843	852	864	860	798	829	843	833	854	838	854	860	818	856	839	841	832	842	822	831	865	830	838	839	854	845	846	856	809	827	832	851	879	864	837	849	829	851	845	826	826	848	838	830	825	831	838	869	835	843	828	841	851	830	855	846	837	858	824	840	815	824	839	822	828	824	817	840	832	826	801	869	828	826	822	838	848	829	841	844	818	847	829	835	852	856	819	855	861	843	3206.110437
856	820	836	848	842	870	820	845	835	856	858	859	813	822	833	870	853	846	839	831	852	842	806	837	848	843	855	842	852	846	868	838	835	838	814	834	857	859	862	829	851	814	838	837	847	840	856	831	823	868	853	845	874	834	854	868	793	844	826	826	848	858	831	832	833	851	821	826	819	797	855	816	845	874	838	863	854	823	832	848	816	851	856	806	826	846	822	824	803	823	829	810	853	828	809	869	3207.237132
835	869	863	865	832	845	850	833	844	849	846	861	868	827	844	866	829	857	852	825	831	841	853	839	852	856	848	864	854	839	825	833	827	851	840	829	842	844	854	833	835	864	828	827	854	844	854	850	832	858	843	835	840	841	861	824	830	821	852	840	806	806	828	823	846	864	830	846	858	834	845	827	836	858	830	855	836	828	806	839	854	825	830	840	830	834	833	850	822	849	833	821	846	843	838	819	3208.372643
832	832	833	838	820	854	810	842	829	856	808	845	836	838	814	829	832	871	837	842	835	818	818	846	830	849	833	834	817	855	827	838	842	849	842	859	850	845	853	831	835	857	868	842	852	837	844	829	855	868	844	844	832	845	843	849	823	821	859	856	836	841	855	832	863	833	856	819	849	820	859	838	831	829	834	828	863	831	853	831	844	825	822	822	821	827	835	826	837	855	821	851	847	827	858	849	3209.498802
833	858	839	840	833	837	833	854	844	821	853	882	827	809	833	839	852	816	851	826	859	828	829	856	874	855	831	832	834	859	833	837	830	853	856	824	835	826	839	833	848	832	825	837	833	828	827	809	839	827	832	828	851	823	824	844	847	838	813	833	839	837	837	839	848	855	852	825	810	819	869	821	830	822	824	855	842	843	851	866	839	832	838	821	861	828	845	839	822	824	833	839	856	838	832	842	3210.624696
836	857	809	806	843	815	843	826	840	851	859	856	850	832	881	844	840	856	847	864	876	841	834	855	839	859	857	878	833	842	835	831	831	823	851	845	821	850	835	854	847	896	825	876	829	864	827	844	839	838	865	845	839	854	843	834	846	843	838	867	852	853	856	851	839	840	845	839	823	861	856	861	821	831	863	860	827	817	828	839	820	856	826	853	836	820	823	837	824	822	831	836	845	831	833	839	3211.7594
867	838	874	877	856	852	841	852	849	838	853	868	832	856	845	852	851	870	868	860	862	857	840	859	850	848	857	862	874	856	808	863	864	860	868	849	868	832	889	858	848	844	859	849	830	858	829	849	829	863	855	837	826	854	845	846	860	821	828	817	841	828	850	826	827	845	841	832	846	856	849	867	885	817	838	853	849	833	844	818	863	862	847	817	832	834	836	833	855	876	820	862	859	851	846	854	3212.88476
840	846	858	830	861	852	839	835	858	851	875	846	835	863	819	862	810	863	831	883	861	869	843	870	848	834	835	854	829	857	829	842	873	853	852	872	881	841	838	874	857	852	840	842	832	826	809	864	826	851	856	853	855	853	843	849	840	864	839	846	832	882	848	858	853	859	872	860	858	838	840	862	854	840	820	829	843	831	871	860	871	845	832	848	857	837	872	830	831	816	857	851	857	872	840	852	3214.009853
822	848	877	847	846	873	857	846	858	872	876	871	854	858	849	878	874	874	852	863	846	874	898	849	859	857	854	868	897	858	848	885	847	844	840	847	855	870	888	831	883	849	848	860	844	859	850	857	865	848	843	829	864	853	863	861	849	870	879	874	822	825	861	815	845	851	859	857	849	832	855	845	845	849	854	854	844	847	857	844	819	817	838	864	843	858	844	842	833	850	838	880	853	832	862	850	3215.134681
848	843	856	862	852	854	855	848	850	883	847	886	885	833	912	866	836	878	833	866	850	873	864	864	861	855	867	840	864	862	840	842	888	847	874	840	848	878	832	883	873	827	843	845	863	872	830	851	836	858	840	853	871	848	838	858	884	840	846	834	833	878	833	847	867	865	851	861	861	855	866	876	873	825	856	837	831	831	848	883	860	860	865	851	842	901	841	878	869	872	842	873	853	862	870	860	3216.259244
883	867	865	854	881	857	882	861	869	847	857	863	843	854	835	826	892	862	846	821	887	849	882	858	882	818	871	858	870	854	859	852	865	859	860	871	845	877	850	875	856	840	870	844	857	865	890	835	866	831	883	840	861	866	870	844	868	852	852	851	855	879	868	865	851	838	860	861	835	846	836	861	854	879	858	808	861	873	833	866	887	871	850	868	860	858	845	826	868	816	857	846	852	838	877	837	3217.383541
840	885	870	844	842	857	840	845	857	810	884	831	845	838	843	880	877	874	835	848	869	886	872	855	855	852	871	848	850	847	855	877	878	844	839	821	854	864	882	835	837	839	852	849	888	888	864	867	865	855	843	838	871	864	855	859	851	864	860	834	845	853	846	855	865	862	850	916	855	860	858	857	847	874	860	844	857	841	891	846	861	846	837	873	870	848	829	853	852	848	838	877	851	843	840	871	3218.507572
875	881	860	877	864	869	834	863	860	877	841	888	856	844	854	861	883	859	856	844	869	839	874	856	851	893	865	837	846	838	841	873	863	855	840	852	884	873	847	851	862	883	870	856	835	855	827	851	848	841	855	853	841	852	842	863	849	856	849	867	854	866	884	867	856	837	860	874	867	875	851	830	878	842	855	841	831	865	848	864	850	849	833	862	868	853	841	861	855	855	848	832	841	853	835	858	3219.631338
868	880	838	883	844	859	857	858	855	859	895	867	829	846	842	882	903	845	834	874	859	880	877	860	862	879	840	842	827	844	812	864	858	854	869	865	868	862	849	874	876	868	823	860	847	855	870	848	856	844	845	888	868	858	844	849	873	840	853	872	881	863	849	870	844	867	849	860	839	857	868	871	845	869	858	841	885	872	859	847	822	844	824	842	860	869	874	872	869	860	844	878	864	855	841	872	3220.754839
880	886	827	847	873	858	861	845	875	877	842	880	879	861	892	843	868	842	857	862	825	830	864	866	864	878	873	824	870	855	862	856	812	863	871	870	841	861	878	861	874	849	873	845	854	860	868	837	875	879	836	830	840	850	854	838	874	842	858	873	861	856	864	845	857	868	854	847	853	846	880	875	863	841	847	840	867	877	823	873	847	848	847	846	857	828	831	878	863	873	867	843	840	846	854	831	3221.869017
838	857	860	855	845	868	845	869	870	876	865	845	839	892	849	853	841	849	871	853	881	875	860	864	831	842	858	855	851	886	815	875	854	852	843	854	857	855	848	859	898	884	831	899	870	869	851	848	864	839	877	839	865	824	852	868	841	870	846	852	830	873	866	852	821	870	860	875	851	832	843	853	868	852	850	852	855	824	847	851	854	846	864	877	865	863	830	833	835	856	865	839	857	829	851	882	3222.991989
854	845	879	854	859	833	849	834	841	871	844	860	819	870	848	818	859	841	847	854	883	856	858	859	829	814	838	827	843	844	841	836	835	857	857	856	836	858	884	875	860	827	865	849	852	842	838	850	864	842	855	820	844	863	858	852	821	845	873	863	838	839	858	869	897	825	858	853	822	837	819	858	824	839	849	857	860	849	850	852	852	861	838	846	854	836	851	832	861	839	874	863	827	830	843	861	3224.114697
840	848	846	853	866	829	834	844	836	861	906	828	860	847	852	849	829	828	827	841	849	867	858	837	856	836	848	860	849	850	862	850	839	865	835	827	861	857	819	854	856	819	838	834	836	853	822	819	851	820	856	855	862	830	854	852	820	866	824	830	855	828	839	821	828	827	835	846	816	838	829	845	841	855	863	849	834	824	858	828	841	864	854	856	850	832	863	860	823	810	850	855	830	841	832	840	3225.228089
846	828	839	843	841	847	847	847	855	824	871	847	861	867	820	842	863	847	839	864	829	848	849	843	855	821	847	864	870	836	822	852	819	858	808	851	813	849	819	825	860	832	837	873	841	816	823	848	853	848	840	840	841	847	816	874	831	832	819	858	841	855	856	844	830	841	840	863	844	849	844	844	867	820	852	851	855	852	840	863	830	834	834	853	857	856	847	853	849	842	823	819	838	836	851	837	3226.34122
832	825	848	850	822	863	814	855	864	844	829	832	856	861	851	828	866	849	828	838	854	838	807	866	844	855	853	857	834	840	865	828	843	854	844	841	833	852	857	862	840	840	853	848	838	824	859	869	842	839	835	826	856	864	842	841	843	784	846	833	861	842	842	828	818	848	822	842	856	800	845	845	840	866	811	851	851	821	847	832	841	826	840	852	831	838	842	848	842	823	832	839	824	846	840	826	3227.463138
865	834	853	830	839	844	822	819	833	844	827	847	842	834	829	835	838	853	846	827	851	838	832	869	830	837	822	849	820	847	845	848	854	884	827	825	826	842	855	838	832	834	878	822	806	836	830	820	853	822	826	829	831	846	842	836	846	854	826	830	805	828	801	851	865	858	873	861	829	824	859	868	815	803	808	831	841	858	848	825	849	832	816	825	844	840	823	816	814	847	846	836	820	825	826	821	3228.575746
854	840	853	830	826	833	849	821	827	812	839	824	848	843	841	832	821	830	823	844	833	847	855	842	838	851	854	819	809	842	839	838	851	840	825	837	814	819	834	815	819	814	801	831	830	833	825	825	819	816	802	839	830	833	845	823	828	824	837	828	813	812	805	814	838	837	819	826	829	812	876	861	829	843	826	831	808	817	829	824	823	864	855	845	829	842	850	808	817	834	823	805	864	825	820	826	3229.688094
836	809	833	839	827	821	817	817	846	814	855	828	827	820	835	815	817	846	832	832	831	826	815	842	849	816	854	847	836	833	821	819	836	833	847	845	808	844	839	822	795	810	841	855	790	833	832	828	854	820	824	828	826	828	817	855	826	833	833	818	858	826	809	828	821	828	852	831	810	831	835	815	824	822	827	812	832	811	827	836	857	845	816	842	813	825	819	852	833	837	836	794	830	823	822	825	3230.809222
799	831	863	857	830	831	842	830	839	832	837	840	810	836	820	826	815	850	838	809	832	837	835	835	852	820	814	812	815	839	810	823	831	828	850	831	832	823	825	845	804	831	815	838	843	824	837	856	803	832	835	836	832	828	791	816	824	818	836	828	845	821	834	840	838	831	828	821	825	820	835	849	838	842	830	847	854	803	845	827	820	834	830	850	800	809	821	827	839	839	812	842	842	840	820	829	3231.921048
858	815	832	846	815	821	842	821	844	819	834	820	825	849	825	813	820	825	837	854	851	835	856	835	833	819	858	838	859	837	833	812	835	828	831	840	838	799	830	802	847	799	829	802	831	814	848	811	843	833	798	832	854	834	813	817	862	834	811	812	824	830	838	820	818	846	824	828	838	812	821	817	838	820	818	830	825	833	839	832	804	838	829	805	842	812	820	815	839	828	830	831	836	815	823	824	3233.032614
827	807	826	795	840	810	810	844	828	852	799	814	829	815	816	868	808	816	811	837	822	807	866	841	824	811	825	834	851	804	835	844	821	844	812	818	830	842	837	809	812	825	824	841	835	813	838	801	827	824	839	824	815	826	838	822	825	813	828	827	819	774	847	852	837	823	826	836	805	857	837	842	804	822	856	799	824	829	821	795	844	809	809	840	811	791	828	811	821	838	849	814	838	824	825	834	3234.14392
831	832	824	829	863	807	831	830	811	808	820	821	818	827	844	826	815	814	813	810	803	827	820	831	819	861	827	843	813	842	829	814	826	820	827	816	824	833	795	831	811	815	836	826	831	804	825	825	822	832	791	824	820	825	835	810	804	827	828	808	788	804	815	817	844	829	832	840	826	823	825	815	818	831	789	824	819	823	830	800	817	852	812	803	804	836	813	840	837	816	839	819	851	817	812	866	3235.254966
810	833	827	848	836	807	829	839	811	839	820	827	816	806	825	814	821	824	840	832	813	827	829	839	835	825	798	833	831	842	820	834	810	789	836	830	780	836	821	824	831	833	820	826	819	839	853	830	832	807	843	808	805	834	824	834	838	831	797	815	840	839	835	852	802	833	848	823	828	813	835	812	816	825	812	835	820	814	798	828	838	827	829	823	786	827	829	828	805	811	791	815	836	833	838	802	3236.365752
810	818	805	828	849	825	821	843	831	835	809	817	828	802	824	833	833	811	830	846	835	801	829	812	801	807	819	816	809	823	819	800	815	805	806	812	822	799	824	820	807	823	861	838	838	811	827	812	848	848	797	826	823	814	805	814	835	829	835	809	815	816	810	800	841	838	827	817	823	837	837	844	794	850	857	802	814	824	829	807	838	824	821	827	820	810	827	826	831	819	818	833	778	813	822	830	3237.467251
795	829	819	828	796	818	820	817	817	829	811	820	832	832	799	822	835	817	841	818	818	849	813	815	835	803	804	837	822	814	827	823	821	824	834	847	836	836	839	818	826	837	820	833	820	813	828	820	822	820	828	841	819	812	846	854	795	833	833	824	817	845	824	799	817	809	815	814	813	803	833	860	821	805	838	818	829	805	812	831	817	834	852	801	801	818	821	816	830	825	827	834	829	824	787	828	3238.57752
831	823	816	836	820	842	817	829	838	818	823	835	794	794	794	849	818	824	832	820	796	834	785	815	825	806	828	827	817	842	795	804	795	823	832	824	831	820	813	810	839	815	807	826	823	820	825	796	819	850	832	840	811	827	852	777	800	817	851	817	796	813	794	820	822	808	849	859	801	819	819	806	840	816	848	814	813	822	812	803	806	832	808	841	818	827	816	802	801	809	808	839	815	802	828	830	3239.68753
834	843	855	818	844	818	834	824	839	835	839	828	829	812	862	827	822	810	797	838	792	805	817	836	868	822	822	824	844	827	835	829	816	804	836	823	831	818	821	817	827	807	817	786	818	832	835	841	795	814	838	842	822	812	831	828	850	834	822	801	859	796	814	834	822	802	818	823	848	840	850	818	832	843	840	815	847	836	792	806	835	818	814	831	800	821	819	812	813	821	820	825	815	815	805	828	3240.788259
818	827	802	835	822	843	809	849	832	831	863	838	811	825	783	844	817	815	853	820	837	840	815	843	822	837	826	789	803	855	799	812	839	817	824	841	846	840	825	798	849	799	820	834	817	821	810	810	847	851	822	824	826	824	825	850	842	818	810	845	841	850	833	813	814	829	823	855	829	799	834	821	813	809	814	817	834	836	802	847	810	792	839	837	822	827	845	828	814	825	807	836	776	825	811	820	3241.897752
830	833	829	824	798	844	809	833	814	858	836	833	830	806	818	830	806	816	827	814	839	834	830	815	844	793	832	861	803	837	831	811	828	851	839	835	810	812	833	850	794	822	815	809	823	832	802	822	817	826	796	791	834	822	861	795	814	830	833	809	794	834	819	821	847	821	797	799	836	818	840	840	846	820	835	832	823	836	806	827	821	816	845	831	839	838	843	815	848	827	830	831	826	794	841	816	3242.997969
847	804	837	844	824	818	810	825	815	823	816	845	808	820	800	826	855	846	814	801	839	831	807	830	818	838	838	836	847	823	822	825	855	833	834	853	812	839	800	807	820	846	836	830	856	829	849	833	832	826	827	812	817	811	827	836	870	804	815	803	823	820	822	809	807	847	810	812	811	832	820	840	858	829	822	826	833	812	812	814	820	803	821	815	857	809	852	807	796	823	830	822	827	821	822	817	3244.106946
829	830	804	836	847	827	817	833	811	816	789	811	839	823	809	824	808	810	798	818	818	828	859	833	837	809	822	852	799	809	801	831	819	828	846	808	830	842	790	847	802	841	813	851	822	821	812	866	839	813	804	840	827	817	817	829	825	789	851	821	822	806	803	822	795	828	803	830	812	812	841	823	832	825	790	812	819	801	843	833	820	828	821	817	783	827	813	822	841	847	826	839	861	817	841	818	3245.206652
803	801	824	840	868	806	824	851	844	822	837	833	823	837	821	832	817	831	818	833	830	825	832	816	834	813	827	824	820	829	810	815	858	846	811	790	838	822	850	808	849	839	805	831	818	804	812	820	842	839	819	817	827	818	835	839	804	822	816	806	818	833	845	816	847	845	842	809	808	827	848	854	810	818	854	833	843	818	815	838	822	814	812	817	794	831	847	831	820	807	797	823	827	835	829	837	3246.306102
822	846	828	856	787	846	844	797	830	824	834	828	811	851	833	855	842	817	818	809	814	832	830	863	860	873	848	830	832	832	859	832	848	820	852	826	825	821	814	856	832	849	842	810	829	805	842	838	827	831	834	838	838	827	806	828	810	829	820	816	815	820	813	832	848	806	826	836	826	836	784	826	823	833	825	817	844	857	840	795	809	822	831	848	812	824	819	824	787	836	834	836	839	830	869	834	3247.414307
839	824	832	816	847	817	835	813	826	839	849	824	825	848	870	847	827	834	822	833	844	795	849	840	838	846	821	843	840	821	859	843	871	810	845	856	815	864	847	868	838	850	826	843	826	839	815	827	810	834	822	846	832	840	846	845	825	829	829	846	830	872	860	830	810	824	850	823	817	829	833	849	831	833	851	806	810	805	819	842	842	818	826	837	835	807	853	818	823	846	822	817	818	835	819	844	3248.513246
836	820	827	837	831	824	850	833	829	824	821	856	817	806	839	841	827	853	838	839	819	828	820	814	833	845	839	824	835	822	854	813	827	844	822	833	853	805	843	834	836	831	827	841	842	838	835	841	839	830	826	830	822	845	870	829	842	837	845	818	810	826	828	806	835	830	846	850	819	816	800	829	797	823	828	815	833	836	810	836	814	850	825	837	831	818	818	850	832	846	826	834	836	829	815	814	3249.611931
847	848	820	839	854	850	825	869	846	823	846	827	863	833	826	841	849	830	823	860	827	848	816	851	834	843	833	835	826	845	838	834	854	826	842	831	832	806	821	837	822	822	808	833	835	830	856	794	828	851	839	814	842	838	822	818	855	828	802	835	831	849	840	834	851	855	836	832	843	875	855	836	837	826	823	825	824	833	822	849	845	849	874	835	833	813	843	798	834	827	827	803	831	866	853	819	3250.710361
831	829	871	854	849	849	847	867	843	830	828	849	831	841	844	862	856	834	833	814	817	829	859	819	846	836	845	821	829	848	836	823	827	833	844	827	884	862	842	850	823	839	835	804	856	815	837	833	827	838	842	847	848	819	830	835	868	866	845	836	856	803	848	820	791	834	843	850	838	822	842	834	833	824	804	841	830	825	838	858	824	826	839	833	836	834	823	835	816	814	842	856	852	830	861	848	3251.808537
832	841	823	833	816	800	832	828	831	823	793	852	773	818	815	840	854	843	815	834	846	830	826	812	818	826	827	860	832	833	822	800	818	866	820	852	807	841	830	812	850	825	836	817	830	847	857	856	865	808	828	829	843	832	850	807	815	817	817	833	853	851	847	852	837	847	846	838	824	834	819	862	842	820	814	825	833	830	829	818	841	837	841	839	840	842	858	840	821	839	821	845	819	823	820	829	3252.906459
818	814	852	825	865	853	819	837	818	837	833	815	842	829	831	834	829	860	846	848	822	813	838	804	830	811	821	837	826	837	832	844	832	855	857	861	810	842	827	871	818	843	842	840	829	826	833	851	820	828	823	825	842	819	830	827	799	856	844	858	824	824	853	846	850	811	816	811	820	824	820	842	849	803	818	812	843	825	832	800	819	822	817	844	846	821	849	848	831	804	828	810	824	833	833	834	3253.995131
821	833	817	803	836	810	844	825	836	807	827	830	815	819	815	820	810	847	808	829	807	844	812	845	814	822	797	842	843	805	836	819	840	838	836	792	815	831	822	832	798	831	811	839	835	831	851	827	836	812	823	830	818	830	823	796	820	822	819	838	797	801	834	819	826	808	807	847	835	820	835	820	830	828	786	791	814	833	820	833	820	823	804	841	822	795	822	807	827	795	820	822	823	815	822	817	3255.092547
812	818	821	805	803	845	848	850	838	801	815	834	826	811	824	828	829	819	840	809	806	843	805	834	793	825	827	829	816	836	840	799	832	815	811	813	823	820	823	811	812	839	819	802	817	799	816	802	824	829	806	808	827	836	813	814	820	842	831	810	827	814	810	819	830	814	827	826	842	827	820	816	834	840	828	809	787	788	786	824	829	841	815	823	783	839	798	818	849	802	817	810	796	825	801	826	3256.189709
821	812	810	831	831	776	801	813	833	837	824	820	822	830	804	818	814	821	814	809	815	795	810	791	808	821	822	805	830	792	829	813	819	821	828	841	825	816	814	821	806	799	794	847	835	809	825	819	810	803	821	833	810	844	813	803	813	841	797	800	824	803	793	829	833	827	776	821	810	807	820	813	810	825	816	797	814	822	828	817	807	826	811	787	787	785	793	792	824	827	792	851	799	811	831	855	3257.277627
833	811	806	831	821	808	798	831	812	809	826	812	813	806	800	794	847	806	812	805	845	806	820	814	799	785	820	802	822	829	822	825	809	821	813	802	854	817	798	796	790	813	858	813	826	801	827	813	828	805	817	812	789	823	805	833	805	798	795	822	824	800	797	837	798	818	837	796	836	799	807	818	816	807	803	818	805	818	795	782	817	796	789	803	793	821	804	789	794	819	811	808	793	825	799	813	3258.374284
819	794	819	824	817	800	794	815	829	796	827	807	805	797	801	799	797	819	831	813	807	806	789	798	809	803	801	823	815	799	806	799	815	838	791	802	802	780	816	821	818	790	813	805	799	814	821	835	804	780	827	805	801	794	814	809	802	790	828	836	792	839	798	775	794	814	795	805	782	799	812	807	801	800	816	811	824	810	825	792	806	827	785	797	797	803	832	821	809	835	802	793	797	826	808	796	3259.470687
805	794	799	798	810	822	786	802	813	817	826	788	802	814	820	784	824	817	783	825	814	841	826	835	793	815	854	786	826	800	798	819	821	783	805	807	788	828	822	785	802	806	818	795	799	778	801	807	812	826	832	794	817	830	818	801	801	802	815	781	801	818	791	771	808	783	818	810	832	835	821	819	787	800	804	796	825	794	800	814	796	807	805	807	809	777	790	797	807	810	818	804	815	798	826	784	3260.557852
778	802	794	815	825	799	783	816	803	822	790	784	794	813	807	788	808	828	814	792	816	777	811	779	803	828	793	800	811	813	783	792	809	780	799	800	794	772	813	819	787	797	809	834	813	804	805	797	814	810	805	780	794	807	809	817	828	766	797	770	805	797	783	798	844	798	796	787	792	810	798	812	796	796	834	796	804	788	818	780	795	805	791	809	787	826	819	778	804	779	836	806	793	786	812	796	3261.644769
810	789	761	806	828	849	821	785	814	813	794	796	782	819	770	791	833	802	790	808	791	794	793	795	818	791	791	807	801	796	801	790	808	791	786	785	815	772	788	809	784	771	812	803	817	830	802	796	796	791	834	799	802	807	806	788	795	791	790	809	821	817	796	773	790	808	801	817	801	817	843	798	807	806	789	813	786	795	778	796	780	802	796	799	794	808	799	818	796	802	809	775	809	766	834	845	3262.740415
788	787	806	805	808	808	786	801	775	800	822	821	793	797	798	823	785	798	800	807	793	783	826	781	799	798	808	817	817	839	792	808	796	827	799	766	789	820	814	805	800	803	787	766	782	821	782	827	810	787	804	815	802	802	824	778	815	818	795	802	773	800	803	801	820	815	849	760	792	806	794	807	806	805	804	789	784	814	786	775	802	772	814	807	807	819	786	797	805	783	810	785	820	811	830	793	3263.826831
799	788	781	810	832	797	797	796	817	817	804	811	808	799	788	817	799	818	828	818	821	796	803	807	800	795	793	821	819	803	784	810	820	818	811	813	827	794	778	787	795	828	799	788	805	824	788	794	808	767	817	795	791	798	798	803	800	805	789	797	799	805	791	798	808	791	810	802	819	786	809	818	819	798	763	791	781	779	814	818	812	812	784	790	811	796	809	829	800	813	786	817	801	754	789	786	3264.912998
786	783	800	787	798	813	816	792	826	776	830	832	809	834	818	803	779	799	786	829	811	767	798	794	786	799	807	823	799	806	814	820	782	797	802	794	791	812	773	791	777	791	810	811	795	844	809	803	776	790	830	777	786	792	770	805	788	794	822	768	807	820	774	808	806	791	794	819	827	778	802	800	782	796	806	793	817	782	784	795	821	792	804	797	811	805	792	819	812	801	793	793	809	791	788	813	3265.998915
805	790	819	829	807	787	780	794	797	799	797	799	808	782	784	797	811	796	822	797	805	795	813	816	835	784	813	804	827	806	817	806	826	842	798	813	804	807	800	805	794	817	780	802	815	798	790	829	799	782	787	798	809	777	819	795	786	782	797	804	797	808	779	799	792	798	771	793	830	805	824	804	786	817	794	809	804	818	818	802	833	798	810	786	816	803	797	791	778	820	782	824	810	772	815	805	3267.084584
797	806	790	796	829	796	806	795	791	819	818	795	795	790	786	835	806	833	800	800	806	840	789	796	781	821	814	813	761	803	816	816	786	789	805	801	803	800	818	781	824	771	808	791	787	820	815	824	823	826	819	778	821	786	806	809	787	788	779	795	804	836	784	780	794	815	819	802	803	805	823	792	815	799	809	812	789	804	786	783	794	790	797	834	811	813	762	780	815	816	786	812	783	770	798	799	3268.170004
769	817	816	799	803	809	787	791	800	803	781	792	810	793	794	809	816	807	794	808	806	821	809	799	807	807	790	820	812	812	800	791	814	794	818	812	777	788	788	805	786	800	811	789	788	788	824	823	813	777	805	784	798	809	808	813	800	831	811	817	816	819	836	821	804	789	790	795	788	802	786	798	783	786	809	805	828	804	768	821	791	811	792	820	798	796	817	797	787	825	792	816	813	806	798	808	3269.255175
785	812	821	811	801	815	821	824	812	804	794	785	794	770	793	818	798	811	783	818	798	811	806	803	828	805	807	801	814	803	783	850	804	814	760	793	825	800	802	808	811	801	781	809	798	835	815	783	807	787	807	808	808	784	829	803	785	809	788	824	804	844	782	770	792	780	796	802	815	806	789	810	777	820	832	826	798	795	818	804	809	803	792	811	805	818	801	823	779	791	790	808	818	796	841	815	3270.340098
810	813	800	824	778	797	793	821	792	790	823	802	807	785	799	801	797	816	811	809	803	810	841	780	811	815	820	830	780	825	818	833	826	799	812	801	818	828	818	804	806	791	814	813	818	804	809	805	799	798	816	817	827	808	794	796	799	811	803	801	788	824	808	825	806	792	799	780	799	798	805	790	813	799	801	789	807	831	804	779	791	807	809	795	798	798	800	794	791	805	787	835	821	807	807	791	3271.424772
819	805	831	819	797	812	796	804	825	806	819	809	828	806	802	809	800	809	790	823	786	803	825	795	807	789	789	803	813	807	801	820	812	802	790	799	814	805	828	817	777	839	804	830	824	807	801	821	817	831	809	815	815	810	824	822	789	771	832	817	792	831	798	804	801	804	827	812	790	779	815	821	794	788	789	795	789	824	800	791	791	781	774	806	825	801	811	829	798	787	809	806	792	818	792	792	3272.500236
825	812	809	824	803	809	830	830	820	824	828	819	815	815	811	802	819	821	801	800	831	801	822	806	822	803	827	828	811	812	819	809	825	807	807	806	819	789	802	786	791	811	808	801	816	804	793	769	814	812	794	842	816	783	830	810	796	796	836	825	813	820	800	818	833	824	799	807	814	792	786	834	817	792	807	854	830	808	810	826	792	821	817	807	791	829	790	790	839	794	793	799	812	848	825	781	3273.584415
838	829	820	806	810	802	816	808	798	821	825	802	809	812	810	810	808	819	807	836	817	783	811	788	829	802	799	824	825	811	797	817	794	820	831	843	823	828	786	818	786	812	804	782	810	799	809	802	800	795	782	793	783	787	840	805	790	815	801	809	831	801	816	818	765	794	813	774	806	810	796	816	802	813	799	811	825	805	801	820	800	816	788	792	822	783	821	811	809	813	816	839	799	798	809	788	3274.659389
794	820	804	801	823	841	818	818	833	836	825	782	804	798	800	843	788	799	781	829	814	796	839	787	816	810	796	846	790	833	797	807	848	839	823	795	809	802	829	832	791	820	804	819	783	836	811	796	816	813	814	827	805	803	810	820	819	800	827	818	797	813	823	844	785	810	811	804	801	809	813	791	804	799	802	801	818	829	796	806	822	811	792	821	803	791	806	832	823	833	824	804	813	810	774	809	3275.743073
778	809	802	814	803	801	840	800	813	808	781	793	778	819	798	812	814	787	803	816	800	818	830	817	795	795	794	791	791	799	800	794	793	819	798	799	790	831	816	821	797	823	803	803	792	815	815	818	815	796	785	813	793	819	809	825	798	807	821	804	788	812	801	796	796	835	810	830	783	795	832	811	829	804	820	795	842	804	791	805	802	806	797	823	804	814	826	824	794	829	806	814	793	800	808	809	3276.817557
803	797	795	797	824	823	829	823	813	813	793	837	819	798	845	825	831	799	805	794	823	830	835	799	819	805	839	814	833	798	779	804	811	804	784	827	798	800	776	807	813	831	777	791	809	780	798	801	817	821	802	790	809	810	811	788	804	815	807	808	814	815	812	807	809	795	791	791	808	804	798	793	807	814	826	809	804	807	816	785	822	799	822	782	822	799	819	815	808	785	831	802	807	826	810	809	3277.900747
817	792	799	788	799	793	796	805	849	811	782	776	815	807	822	790	807	819	806	816	801	825	816	780	814	792	784	797	804	817	809	819	833	809	806	827	805	804	816	786	825	816	793	833	791	825	810	796	809	819	796	766	829	786	792	793	787	812	822	815	787	798	795	781	804	804	786	800	804	786	792	794	794	798	815	784	823	811	821	811	824	818	805	816	794	803	796	815	825	779	831	810	792	795	814	799	3278.974741
797	806	805	794	817	809	820	823	806	806	814	800	807	798	792	789	794	819	811	802	808	819	828	812	824	814	810	803	824	822	822	795	800	789	799	767	799	823	793	826	818	765	778	818	806	810	813	799	807	786	811	796	776	783	786	821	796	790	774	818	794	818	816	785	809	790	822	811	803	802	826	810	832	794	799	793	813	800	779	784	806	796	804	790	786	791	795	776	799	813	827	805	809	811	799	793	3280.048491
814	785	797	784	821	795	803	816	781	807	805	801	825	754	787	829	830	800	812	809	807	803	775	789	780	814	798	778	794	809	816	792	795	786	788	807	803	827	815	807	827	800	799	777	814	804	786	816	830	812	785	799	798	783	805	792	806	805	793	796	801	794	785	782	797	803	777	790	823	786	799	814	772	784	796	792	795	824	830	797	787	837	768	780	813	783	795	818	807	779	786	774	812	799	790	786	3281.121997
825	821	786	780	786	795	768	795	779	790	803	784	795	832	774	802	808	771	803	769	783	823	811	783	804	811	791	801	811	800	800	790	797	809	762	797	781	806	789	807	819	793	801	798	795	809	780	803	815	810	816	796	782	807	787	813	794	809	792	802	813	792	814	847	770	792	798	770	782	797	783	814	802	790	792	772	786	811	817	806	791	793	785	839	800	801	772	776	806	788	780	786	796	804	794	780	3282.204202
792	819	798	767	816	793	799	769	787	778	786	807	790	791	795	793	770	820	811	806	790	807	795	806	808	807	804	794	793	786	794	788	783	779	762	805	794	785	823	827	819	771	793	813	805	786	790	799	788	811	794	769	789	781	781	813	792	803	820	793	785	803	793	789	782	795	787	801	791	801	775	787	790	790	790	825	802	793	782	795	772	793	811	787	780	786	776	801	809	758	797	782	811	793	792	785	3283.277219
800	804	802	796	793	786	796	790	810	818	764	805	786	789	802	775	806	817	784	808	770	790	786	808	776	810	782	822	777	786	794	775	759	785	781	822	792	791	778	798	794	785	799	779	803	801	774	799	786	825	808	803	779	783	776	801	791	784	807	797	770	791	765	797	780	786	793	782	783	786	804	802	798	802	810	778	790	819	784	796	785	779	782	785	787	798	795	770	796	792	789	814	809	769	793	768	3284.349992
784	797	805	792	782	799	800	803	813	771	807	769	776	776	826	781	796	809	799	785	770	797	780	773	788	781	784	789	778	793	766	770	782	813	800	790	798	806	796	812	776	790	769	786	807	779	793	803	750	778	812	779	794	795	782	777	772	787	775	787	795	767	798	793	772	809	788	781	791	784	826	813	771	791	777	792	797	781	793	792	791	781	801	801	770	820	768	809	792	771	795	785	794	775	773	769	3285.413585
788	771	780	802	784	766	796	770	784	787	778	783	772	786	807	773	748	764	778	774	786	792	825	793	805	785	784	801	781	767	776	771	752	781	782	777	792	777	793	770	782	752	790	792	792	780	794	772	809	761	776	765	761	780	772	805	776	791	782	795	779	797	770	789	803	779	796	774	778	772	775	807	799	748	786	796	785	783	778	785	808	787	799	773	804	762	748	789	798	792	780	758	771	801	758	782	3286.485874
770	798	794	804	804	775	791	786	768	775	781	767	794	776	770	791	786	790	802	808	751	782	780	811	809	808	808	773	781	808	779	813	790	785	781	773	777	784	783	776	792	788	782	790	790	780	791	782	775	784	755	769	807	778	778	793	817	799	785	817	798	786	812	780	781	785	792	758	771	775	781	802	771	814	780	788	773	786	809	795	766	791	755	782	774	795	805	755	836	777	772	759	779	776	798	768	3287.55792
771	813	784	773	800	775	750	782	782	791	762	796	793	782	794	822	779	788	787	766	792	767	758	786	783	777	785	787	820	766	789	791	761	794	756	769	755	777	796	789	777	782	793	782	769	794	797	784	775	790	757	801	770	772	765	781	795	782	763	799	783	793	795	763	783	779	786	771	772	777	782	764	785	777	763	780	784	774	784	788	757	792	780	795	806	792	771	786	786	753	778	786	783	793	775	766	3288.629722
790	783	771	772	790	758	785	786	776	785	784	770	768	804	776	811	779	780	785	780	750	766	753	782	799	803	760	791	778	756	750	793	742	808	753	765	787	802	785	781	785	762	798	772	765	766	829	773	759	786	769	771	782	783	775	791	782	779	760	760	787	797	777	775	763	797	783	793	762	783	780	770	786	797	772	761	752	766	786	772	775	774	796	786	773	770	789	768	807	788	766	768	779	775	784	758	3289.692352
795	768	790	770	786	758	790	783	787	780	798	772	783	767	766	788	771	775	782	775	777	784	765	789	767	788	791	787	758	762	787	776	812	739	764	811	826	755	797	787	757	778	762	764	786	753	778	769	793	798	806	792	760	795	770	771	773	778	759	787	775	777	788	784	806	788	773	763	800	792	787	756	780	774	758	773	758	762	770	761	787	791	808	781	779	783	773	741	769	772	780	756	793	784	784	793	3290.763671
772	809	796	766	772	798	769	778	747	781	790	792	747	771	806	784	754	784	782	780	801	766	756	762	759	776	781	756	767	781	762	765	759	748	781	774	781	749	754	756	754	785	777	781	772	774	802	757	804	780	765	786	745	786	751	805	789	787	784	773	793	771	773	762	772	774	775	768	777	780	768	797	790	783	796	788	783	775	792	777	763	763	793	768	785	756	780	776	765	758	789	792	752	771	786	761	3291.825822
784	776	798	757	808	799	772	779	765	764	764	765	756	749	786	777	812	766	793	771	777	772	769	776	803	774	770	769	789	773	773	760	777	781	770	788	791	795	774	759	746	774	789	792	787	790	768	767	772	758	780	770	760	750	770	791	763	774	789	778	790	772	773	778	779	774	761	773	783	774	761	776	754	793	776	778	756	796	760	764	756	760	785	752	773	759	783	771	772	771	784	764	803	762	753	780	3292.896656
748	763	788	803	785	802	765	780	782	764	759	782	775	765	761	781	792	815	771	765	745	766	772	782	752	774	767	767	737	794	750	762	795	751	768	778	771	777	757	779	771	749	784	794	777	757	750	789	774	760	768	773	775	769	745	759	775	762	791	774	773	778	781	776	759	767	760	765	788	806	767	754	791	794	791	756	778	765	747	765	749	767	767	765	762	766	771	784	760	775	770	786	821	770	785	783	3293.958327
798	761	773	780	782	774	786	777	788	777	766	785	779	762	767	780	786	777	744	756	792	793	791	732	770	810	766	767	770	783	757	785	772	776	770	792	784	788	776	770	765	775	762	779	760	763	786	764	770	774	775	760	786	744	774	802	781	806	781	761	783	771	774	786	763	766	778	759	786	761	777	798	795	773	754	764	772	749	755	800	773	775	764	748	783	770	766	767	772	777	789	767	771	748	787	770	3295.028679
758	739	773	777	791	760	773	793	769	789	784	775	773	781	775	783	777	778	790	753	763	772	770	736	791	777	768	764	774	763	789	780	749	756	784	801	796	752	786	786	798	760	781	766	774	763	770	789	761	770	754	780	758	761	761	750	752	759	759	782	765	776	769	776	772	771	739	788	768	766	727	766	760	754	800	776	748	772	766	767	788	766	759	769	772	757	762	765	775	780	762	752	783	762	769	754	3296.089871
791	780	772	786	778	771	791	774	775	770	764	808	767	751	769	782	784	781	776	758	798	776	758	767	760	767	754	768	794	790	784	787	765	767	768	772	764	791	765	774	787	741	773	762	778	804	758	785	789	762	799	775	773	765	770	748	772	789	763	762	789	801	792	753	757	774	767	770	796	807	769	769	773	799	775	780	798	772	750	774	766	765	776	797	760	786	767	763	809	764	748	786	792	774	773	783	3297.150824
782	748	799	786	782	776	780	760	778	783	785	751	786	782	794	765	772	753	789	777	783	769	787	794	781	782	762	777	772	775	760	763	780	773	743	781	759	782	750	769	790	767	795	774	755	759	754	767	785	776	759	781	762	786	808	783	787	804	795	781	785	771	779	785	767	783	784	776	802	780	758	759	760	790	802	772	773	777	755	766	776	756	777	789	781	765	788	780	741	807	757	750	767	760	770	785	3298.21154
780	755	793	767	778	796	767	784	788	753	765	791	769	748	800	785	794	760	771	781	757	768	766	765	759	792	792	758	768	779	775	785	763	764	778	781	776	806	779	779	784	760	769	778	801	782	758	794	779	795	767	779	764	767	774	802	790	747	755	762	789	790	785	787	792	771	771	789	790	784	809	777	777	776	753	767	777	766	810	784	777	801	770	776	773	785	774	784	772	772	745	755	789	763	773	757	3299.272016
791	823	804	779	799	782	765	791	788	780	809	766	782	753	795	777	781	780	801	768	816	779	787	757	779	779	790	781	775	785	786	799	792	806	776	804	789	792	778	758	753	770	803	778	766	765	771	792	756	765	762	767	783	784	781	800	762	784	748	766	791	775	771	791	785	736	774	775	788	783	776	775	804	769	757	772	775	781	741	798	768	765	769	787	766	789	780	767	789	777	744	762	774	815	759	780	3300.332255
795	763	792	792	801	780	785	816	780	783	772	795	783	773	765	790	796	791	782	786	786	763	762	796	792	778	782	762	773	787	784	776	764	810	769	790	775	771	811	802	769	770	771	776	771	756	806	766	788	789	794	773	780	786	772	786	782	778	775	783	765	749	796	772	779	767	773	779	760	775	782	763	761	789	754	775	770	791	793	766	761	793	772	782	769	794	789	750	762	773	789	782	777	790	758	779	3301.392256
777	773	790	774	786	793	782	795	775	759	777	779	776	778	774	788	807	767	791	776	791	800	801	761	772	763	802	775	764	786	768	800	762	777	784	774	802	769	766	793	776	765	791	778	786	789	794	766	769	799	779	761	789	781	765	758	788	774	795	784	777	785	771	805	755	763	809	775	758	767	774	769	788	790	762	791	783	800	775	771	786	764	769	764	780	794	761	769	759	750	789	765	769	760	785	767	3302.452018
767	791	762	798	809	780	791	775	778	786	758	785	765	763	758	781	769	776	779	776	787	773	783	773	794	774	771	799	763	789	771	763	779	768	798	762	764	780	791	748	753	811	785	814	778	783	774	752	766	795	769	754	768	776	788	802	775	799	771	761	762	760	803	766	772	786	782	768	782	763	793	764	770	770	775	763	808	771	774	786	790	770	783	771	767	796	776	782	774	757	773	767	773	778	760	785	3303.511543
780	782	795	778	787	785	795	780	779	768	786	772	785	775	789	773	790	788	782	782	785	777	780	795	787	796	784	780	755	779	778	776	781	774	775	793	783	777	807	764	760	777	778	757	774	784	768	773	792	782	779	767	772	802	774	785	810	754	797	754	755	766	777	787	783	759	801	821	769	791	780	789	739	767	760	789	774	765	778	781	758	793	780	781	803	765	772	800	795	783	754	795	788	787	781	771	3304.561929
771	787	778	784	794	778	796	789	785	796	790	785	780	767	805	798	769	769	787	766	760	776	798	772	789	777	756	779	810	754	769	780	803	779	766	803	784	777	784	790	761	820	796	786	751	784	797	785	796	774	777	797	762	773	785	800	783	780	788	790	753	804	766	768	762	764	764	782	790	772	757	793	767	771	781	770	781	754	759	767	775	785	785	789	786	745	766	779	757	792	761	802	778	801	766	748	3305.62098
759	802	792	803	796	788	779	788	795	767	766	785	778	783	785	774	799	781	770	800	782	782	808	802	784	786	787	747	755	790	779	792	784	789	784	749	759	777	776	784	779	764	789	779	783	778	783	785	814	768	778	785	771	793	784	786	789	774	776	779	781	776	779	768	773	768	795	776	769	788	789	778	826	769	778	787	768	790	769	771	785	763	791	776	773	743	769	796	782	817	772	795	784	794	777	783	3306.679793
765	795	795	819	761	798	771	787	782	773	783	771	781	779	752	758	772	807	757	755	804	778	813	764	777	803	791	768	815	796	782	792	791	762	759	781	817	805	784	758	787	800	774	782	770	764	764	805	766	768	772	767	792	771	762	791	778	781	741	782	784	796	775	798	761	809	784	801	772	783	787	790	786	767	782	798	755	776	780	765	800	783	766	781	778	789	800	769	767	770	778	793	786	779	799	772	3307.729474
795	777	796	770	791	773	775	773	819	773	786	768	759	767	771	799	762	775	751	799	792	775	772	774	778	769	792	793	776	737	797	792	820	768	790	759	778	788	778	755	787	758	785	811	767	806	796	779	768	770	759	775	760	766	793	768	779	797	765	769	766	762	762	780	778	789	794	794	785	765	801	779	774	792	769	773	773	779	766	771	763	763	767	764	791	761	778	778	765	780	768	808	779	768	785	767	3308.787813
793	769	776	790	755	740	754	754	762	784	774	760	780	793	752	773	769	768	806	757	786	769	756	788	790	757	784	766	786	761	763	778	777	783	765	748	756	777	771	768	785	757	766	769	760	763	760	767	781	793	778	772	780	765	798	786	760	763	757	777	778	753	764	775	786	759	765	778	753	771	774	793	773	738	783	775	789	789	776	788	784	799	777	764	749	785	750	764	750	775	768	762	755	760	755	748	3309.837025
779	783	788	776	747	756	771	790	779	799	759	775	803	764	777	769	779	759	782	776	781	792	765	781	775	771	760	760	764	765	760	781	797	753	778	791	759	760	789	760	752	783	774	768	791	768	753	779	756	773	772	787	795	773	762	787	763	769	764	769	775	769	760	758	795	791	776	762	762	788	774	769	771	787	797	802	784	763	759	779	772	752	794	745	768	762	768	768	777	762	806	797	779	772	747	794	3310.886003
765	781	762	792	762	773	791	785	777	753	778	761	775	748	757	776	771	772	760	744	778	776	769	774	790	779	810	767	791	774	802	757	774	768	790	777	768	757	773	783	763	776	751	773	779	783	772	776	797	780	758	778	763	781	774	770	757	790	758	745	764	765	795	772	766	760	774	771	787	752	775	787	753	770	801	759	763	775	761	747	752	776	762	749	779	800	804	775	751	759	788	759	748	747	749	758	3311.934748
803	781	802	759	776	778	759	760	759	754	744	756	761	769	771	766	779	754	758	790	799	772	770	762	785	796	773	757	794	773	760	757	754	768	788	767	773	781	773	769	764	752	766	748	749	764	779	750	783	775	763	776	776	783	760	786	760	769	767	779	758	772	773	779	772	749	776	762	745	763	765	755	775	760	766	763	753	782	770	748	754	767	772	772	765	780	763	756	760	772	749	742	787	767	780	774	3312.992144
786	760	785	772	768	759	734	739	770	756	772	762	767	765	769	736	775	775	785	764	779	785	753	790	754	753	775	780	762	781	764	767	767	747	761	739	761	799	769	752	748	768	796	774	764	770	762	758	772	779	768	776	780	747	772	779	744	768	792	755	783	772	794	757	770	757	754	778	755	772	769	774	760	777	798	740	747	747	739	766	775	753	735	773	777	766	730	774	756	748	744	763	777	763	767	762	3314.040421
755	742	759	741	752	745	744	744	789	749	735	741	737	788	768	777	762	779	781	773	751	768	736	762	746	781	781	775	763	746	755	766	773	779	748	771	786	745	746	768	764	773	746	786	757	787	779	799	771	782	767	770	771	786	733	749	790	774	758	762	738	746	742	756	785	754	753	771	762	762	751	758	782	757	767	762	763	768	752	751	775	739	734	761	768	766	741	754	781	742	762	773	764	769	742	765	3315.088464
757	756	752	767	766	776	750	762	766	750	777	779	779	771	755	734	797	790	762	760	773	745	753	749	777	761	746	742	749	750	773	753	780	751	774	782	776	747	767	769	746	760	754	746	736	753	764	780	747	764	755	768	768	762	773	755	762	730	765	744	768	752	781	759	755	764	739	748	739	765	758	760	753	729	773	762	730	753	759	767	761	784	761	748	767	748	765	755	741	775	770	743	784	746	754	751	3316.136274
774	766	758	758	749	759	754	763	752	755	778	731	735	766	773	760	782	766	758	728	748	766	757	767	767	766	766	747	718	750	778	747	746	755	774	774	746	767	753	763	765	755	767	749	744	757	749	756	773	781	754	765	795	789	771	753	746	779	764	768	784	760	785	749	784	767	754	786	748	762	748	735	756	773	767	768	762	704	746	745	753	734	763	769	770	757	723	748	758	749	755	732	756	755	745	758	3317.183851
784	746	769	768	758	752	782	754	750	758	756	774	770	753	763	759	748	765	752	763	769	745	752	746	764	770	761	763	734	777	766	759	741	758	746	753	764	752	749	758	729	757	768	770	752	747	739	721	751	770	757	757	751	756	765	770	745	753	732	769	752	730	744	767	721	786	762	747	746	773	778	732	778	749	722	781	759	715	742	760	746	749	736	756	744	782	745	791	724	742	765	775	755	731	760	768	3318.222321
743	745	739	754	764	765	720	744	752	765	747	748	756	757	743	735	775	754	759	769	768	763	783	765	744	757	734	765	747	750	734	727	743	772	761	744	768	733	747	746	784	743	760	738	757	755	765	735	753	762	744	732	747	760	768	734	747	768	770	781	728	755	757	733	767	744	746	760	742	741	724	738	754	741	755	779	755	721	736	741	751	751	751	732	768	774	742	738	752	729	739	771	711	742	744	769	3319.269434
753	756	771	756	770	751	740	741	749	751	747	778	780	744	724	754	751	758	760	734	747	769	763	740	744	741	758	763	747	764	750	756	761	737	771	754	741	766	759	728	756	733	757	753	741	765	749	744	739	756	724	757	766	739	729	753	730	727	730	755	760	758	746	755	750	749	743	726	738	741	745	755	739	759	731	727	722	758	754	748	739	728	742	751	762	752	761	762	760	749	733	731	720	767	748	768	3320.316315
763	758	742	742	769	774	740	749	731	742	773	748	735	764	743	759	762	753	743	719	735	732	770	749	753	736	751	734	754	745	748	730	756	744	754	731	738	755	739	744	741	760	764	754	728	748	728	788	755	751	754	731	754	728	771	729	736	749	727	764	748	735	740	736	760	715	774	749	764	767	741	722	734	746	748	745	734	740	765	739	748	736	756	752	762	732	760	746	772	755	720	728	752	762	733	774	3321.362963
740	778	771	751	740	758	754	746	749	745	751	765	757	741	729	735	746	756	728	739	767	753	742	743	760	741	735	757	749	729	744	766	754	763	756	755	739	729	746	763	748	770	764	739	758	747	746	763	767	762	734	753	760	748	761	770	762	753	736	779	734	749	757	742	720	786	779	765	768	717	745	741	737	749	735	743	734	738	751	746	742	754	772	736	761	774	771	771	756	754	751	739	749	747	728	738	3322.400512
742	783	778	766	755	759	760	782	764	750	736	750	764	779	754	767	765	757	733	759	759	746	738	750	726	739	763	758	730	747	743	778	748	743	752	766	742	750	730	799	762	740	760	768	719	743	747	752	747	758	744	746	750	768	749	781	730	741	755	760	760	737	742	735	750	760	765	727	742	774	717	725	736	748	741	744	765	737	754	755	773	741	747	726	733	748	739	743	757	759	742	734	734	733	738	752	3323.446696
772	752	741	759	761	793	766	725	756	765	744	750	737	749	754	739	753	750	766	739	771	739	769	745	744	755	754	768	733	748	762	744	753	763	761	771	729	770	744	771	759	759	753	752	737	745	739	751	771	720	736	763	749	747	769	738	761	729	744	753	735	736	722	743	739	754	759	765	743	736	740	761	751	755	760	760	751	765	768	743	768	743	786	751	720	766	759	754	747	725	773	768	724	758	738	733	3324.483786
769	766	783	755	744	772	754	748	784	766	747	759	725	750	759	732	735	771	762	782	746	738	772	747	749	757	736	773	748	766	747	766	783	746	792	774	774	765	768	747	721	769	760	773	782	760	746	752	776	764	752	767	737	779	736	765	747	741	764	759	759	744	789	748	738	740	748	757	750	769	760	754	744	766	753	746	753	751	779	757	736	753	742	783	721	750	747	761	761	778	737	756	770	737	757	737	3325.520647
765	761	756	754	785	752	761	781	771	756	761	765	742	757	754	751	777	747	782	751	755	765	746	752	749	746	760	744	769	736	761	747	761	754	752	761	750	753	754	756	745	792	749	772	760	742	765	758	761	763	755	727	737	759	741	756	791	779	754	737	723	728	744	767	753	754	739	772	758	769	744	765	749	774	750	737	755	740	749	728	761	763	770	743	778	727	765	738	739	772	757	742	771	761	735	745	3326.566139
746	745	759	755	744	744	764	753	752	751	766	750	720	747	761	757	770	734	736	738	746	752	723	721	767	752	756	757	777	750	771	788	755	761	739	740	751	728	749	748	768	781	749	749	729	751	749	731	755	742	749	739	739	756	742	749	753	748	757	762	745	764	753	729	760	753	772	755	777	750	755	752	767	764	739	729	762	752	746	766	736	738	760	740	750	752	758	746	752	752	709	749	755	747	781	741	3327.602541
785	764	766	754	758	730	750	759	753	759	778	751	775	747	756	763	742	725	748	759	763	743	763	729	748	758	762	763	738	738	746	751	764	758	753	771	754	796	762	777	760	784	742	762	748	751	776	740	746	750	751	785	761	732	774	775	746	751	736	742	773	766	753	761	742	748	766	733	749	770	745	740	751	764	768	763	727	761	770	740	743	751	740	754	746	782	745	740	756	745	760	741	773	727	774	745	3328.638715
750	764	759	775	753	774	769	769	785	781	762	749	752	745	742	747	738	735	769	761	737	748	749	745	758	756	780	746	727	757	733	750	777	740	756	753	772	767	755	759	741	741	760	770	755	746	748	769	761	746	747	721	748	763	749	782	770	725	781	753	746	741	771	747	740	734	767	730	757	732	716	768	737	752	791	764	732	749	757	757	750	768	763	742	742	745	768	757	761	748	764	768	751	751	732	765	3329.674661
773	752	772	754	762	758	741	752	759	742	728	769	740	757	767	758	773	748	736	744	745	756	752	762	754	762	775	779	754	737	764	752	769	747	771	782	756	751	748	755	751	764	751	771	762	774	744	768	743	770	746	751	746	744	763	764	770	752	747	747	766	724	727	715	767	775	780	764	738	756	757	752	738	754	740	772	741	779	752	743	780	739	769	752	780	735	753	751	742	738	776	758	732	768	764	734	3330.710379
743	737	759	769	780	744	763	765	761	769	760	796	752	761	760	774	750	763	746	745	745	746	750	762	746	766	768	793	757	742	768	764	748	749	746	744	772	745	780	758	762	757	767	778	749	777	764	750	776	757	750	745	737	785	745	759	760	740	770	768	781	753	771	755	751	768	746	761	758	778	734	762	739	748	751	748	728	736	748	771	740	764	752	762	732	740	760	772	739	744	767	740	759	749	737	783	3331.745869
750	776	754	761	764	753	754	756	737	748	779	779	745	753	722	739	776	774	782	760	768	760	742	762	780	780	736	755	761	762	754	759	739	784	763	769	726	736	762	761	773	765	762	738	755	736	760	733	762	758	760	777	768	748	765	760	742	774	736	778	754	769	726	756	734	765	722	753	755	770	779	778	744	743	747	752	750	745	719	749	745	770	755	755	763	763	720	757	766	742	761	768	727	764	774	741	3332.781131
748	746	749	783	747	778	760	776	766	768	753	750	764	759	752	752	763	764	740	773	748	750	774	766	765	749	793	734	770	736	736	766	786	737	774	748	754	775	794	761	739	760	767	744	760	774	751	756	795	761	761	749	755	743	767	733	757	751	764	773	783	745	763	763	755	735	734	761	741	759	767	769	758	757	760	748	755	774	760	741	752	765	772	751	753	747	740	734	735	760	761	753	759	759	731	752	3333.816165
757	763	740	743	760	747	752	747	736	768	769	742	763	748	776	786	738	745	782	754	757	765	776	757	767	757	762	758	731	746	758	759	752	754	748	747	746	751	751	748	749	761	754	735	734	756	758	745	768	740	755	752	764	763	752	773	778	767	744	768	758	777	752	770	710	762	740	740	739	738	748	744	761	768	759	736	773	732	773	741	733	757	736	753	757	750	756	737	735	779	746	746	773	772	779	765	3334.850972
735	760	748	765	759	752	736	740	733	748	759	735	761	749	738	766	771	759	781	758	748	737	755	765	722	754	760	760	743	741	737	759	744	779	763	761	753	763	760	734	768	758	747	780	724	717	759	753	749	743	739	746	750	759	770	750	746	765	737	790	761	744	748	748	757	763	751	762	755	757	734	758	745	731	764	736	732	744	736	761	753	729	754	724	741	770	752	758	745	760	748	764	739	736	735	747	3335.876709
734	750	761	771	776	761	750	752	764	743	741	754	763	751	739	749	765	749	730	748	754	751	751	744	743	747	741	767	733	738	724	768	756	747	765	778	768	742	752	749	728	748	753	750	765	753	747	763	777	771	771	769	735	741	772	766	756	728	745	740	738	761	761	749	756	766	760	775	765	728	780	746	760	765	751	759	753	734	748	759	729	745	755	737	756	723	763	748	748	744	729	752	772	734	739	749	3336.911062
743	749	746	756	742	759	749	765	750	754	758	767	777	748	742	742	729	761	773	776	744	744	758	747	784	757	763	735	756	745	753	750	748	763	773	742	750	748	746	755	773	755	738	743	775	767	733	749	734	763	725	762	755	757	761	751	757	785	765	761	755	776	747	757	722	776	749	765	742	779	736	769	749	758	777	758	740	763	757	770	765	771	762	772	736	766	750	734	755	761	742	742	756	750	762	766	3337.93635
763	750	750	738	748	762	735	766	751	741	739	778	746	763	756	762	767	773	753	742	764	751	746	735	741	774	724	756	761	738	777	734	762	749	759	738	781	732	748	738	735	749	745	737	778	708	755	745	740	753	746	784	759	747	735	752	756	760	739	755	728	769	767	743	752	763	764	786	758	757	749	750	745	745	758	745	747	725	766	753	727	765	753	728	749	753	751	722	736	751	728	742	748	751	733	747	3338.97025
756	764	731	745	739	756	747	786	749	753	767	752	741	744	739	743	753	772	727	718	740	732	756	762	735	754	758	752	744	726	723	749	750	771	760	734	752	740	756	734	737	747	730	760	783	749	770	756	770	731	751	744	735	729	753	738	771	769	754	741	761	735	760	734	756	751	734	721	772	741	749	745	748	748	729	752	751	748	726	759	749	770	763	748	740	748	747	746	744	732	757	745	730	759	726	768	3339.995089
733	745	753	739	773	752	768	711	761	764	768	752	747	757	746	755	749	756	747	729	741	779	732	720	750	735	723	743	741	746	774	742	762	740	741	748	764	765	754	728	755	743	751	762	730	747	747	743	719	739	744	748	736	744	727	756	738	767	744	756	746	764	745	750	737	771	746	731	781	729	744	733	751	772	758	740	748	741	739	743	752	757	764	718	751	726	743	747	752	758	725	770	756	742	750	750	3341.028536
748	770	742	742	750	744	729	762	753	739	742	721	753	761	724	750	733	748	743	757	752	727	739	788	747	765	745	740	756	731	728	737	749	767	746	743	768	749	750	735	755	756	734	754	737	737	738	759	727	759	748	717	742	750	727	748	739	734	741	726	735	744	744	775	725	755	758	737	742	736	738	750	747	716	767	743	732	758	748	737	762	745	734	764	762	761	745	764	775	743	752	735	759	729	761	737	3342.052926
738	729	778	738	757	720	741	737	737	742	742	740	756	747	744	736	744	735	731	745	786	730	727	746	735	763	735	729	744	730	762	768	744	746	763	728	729	785	749	764	731	743	752	746	761	716	739	741	744	729	757	716	739	742	743	752	744	763	749	746	736	753	734	720	733	746	748	741	748	747	741	745	716	731	726	783	739	733	734	748	757	717	747	726	728	736	741	760	774	780	754	762	751	750	737	726	3343.077093
739	741	744	759	748	757	733	738	761	733	729	718	728	709	751	748	755	728	783	742	746	751	750	741	750	765	743	744	729	745	722	737	751	744	767	743	742	717	724	755	761	751	724	745	744	759	750	756	744	735	729	743	744	729	752	740	729	752	714	753	724	732	740	750	751	757	753	736	755	739	740	746	735	734	739	771	742	729	732	723	760	752	742	764	729	754	745	742	711	750	750	739	743	768	708	723	3344.101036
732	736	734	736	742	770	746	727	724	743	749	747	731	751	719	746	745	725	745	742	734	754	703	750	730	737	722	742	737	769	730	736	752	742	744	736	742	760	734	722	755	732	727	734	744	724	738	746	748	729	743	715	748	753	727	733	747	749	726	724	740	718	712	728	738	742	729	748	758	750	730	738	721	737	749	745	737	734	744	733	758	750	745	734	744	751	741	755	725	718	741	723	745	750	736	751	3345.124756
743	751	758	722	765	725	729	753	730	778	759	735	747	739	742	736	754	712	749	718	740	732	727	748	752	741	720	727	743	737	746	721	723	734	741	738	740	726	718	739	725	746	729	742	755	733	738	726	746	746	734	733	731	739	753	753	732	752	725	740	744	739	745	747	744	726	735	696	738	748	722	716	725	738	720	746	739	739	728	730	729	731	768	740	722	723	753	741	734	741	724	727	726	722	709	759	3346.148254
745	744	732	759	753	701	752	752	735	733	730	748	727	727	743	744	706	731	750	735	752	736	720	735	726	748	755	730	768	725	730	758	736	721	727	735	737	731	740	728	726	747	749	751	732	740	725	739	738	716	751	747	714	735	711	729	739	724	740	733	744	731	713	727	739	746	738	750	728	717	751	723	721	750	748	737	728	737	722	726	751	742	735	716	725	742	738	740	719	720	727	742	741	737	744	719	3347.171528
733	759	732	713	730	752	732	749	744	745	723	724	735	712	767	731	742	772	747	731	727	736	730	738	728	735	745	714	731	756	729	729	749	710	733	734	732	717	723	720	735	729	724	755	715	732	742	735	730	716	776	748	734	741	732	733	761	757	722	763	771	747	721	718	724	736	730	744	751	741	732	742	739	753	730	729	739	729	728	725	732	718	713	719	740	742	726	740	745	720	720	750	719	719	743	747	3348.194579
737	715	718	756	724	740	721	748	733	738	717	715	717	743	734	718	755	723	735	737	738	746	734	715	743	744	753	730	723	736	732	730	732	720	715	743	763	754	749	737	736	710	736	730	765	736	735	715	736	730	732	730	743	723	726	720	749	716	736	701	731	737	753	724	722	744	736	725	712	727	760	748	728	737	745	722	715	716	718	734	729	739	746	735	730	744	713	717	721	758	738	716	743	725	714	731	3349.217408
749	724	741	724	735	743	749	719	730	744	726	725	716	720	727	765	746	739	740	747	748	725	724	730	744	780	740	720	717	737	722	733	734	746	734	739	747	731	754	752	722	729	748	725	703	734	737	737	715	722	712	756	742	746	740	744	753	729	727	730	736	741	745	732	716	730	734	731	724	740	758	733	756	749	746	719	728	735	741	725	743	739	739	741	727	711	740	713	718	739	758	735	735	744	762	731	3350.240014
762	748	748	757	763	742	778	743	765	737	744	723	727	746	759	737	764	747	729	751	769	740	732	732	722	750	748	730	738	741	727	767	721	737	750	758	735	733	754	712	745	751	739	727	755	733	730	721	739	748	738	742	698	716	728	726	733	725	721	720	729	750	717	758	744	719	757	730	743	735	741	727	753	717	760	735	743	750	734	722	747	739	744	732	708	728	719	731	748	724	727	766	751	720	726	729	3351.253584
744	733	732	744	724	748	737	741	736	743	738	763	745	739	722	748	749	713	745	740	747	747	736	741	755	741	748	711	754	730	732	751	764	728	735	754	739	737	746	743	743	749	731	744	759	740	733	747	736	746	731	758	749	756	731	749	756	734	755	742	757	725	742	734	725	757	754	754	736	710	724	732	731	768	732	732	739	725	725	738	716	717	734	732	704	740	741	757	755	743	758	745	735	730	743	728	3352.275746
770	749	721	752	730	764	737	760	751	746	715	760	728	742	767	734	747	740	717	752	726	748	739	736	745	735	739	741	769	722	737	732	744	733	736	739	720	739	729	737	746	736	759	732	746	754	739	742	753	725	725	750	752	755	758	717	753	751	732	716	736	733	725	753	728	771	719	755	742	724	726	744	738	718	731	748	725	751	762	727	716	760	741	750	751	709	725	752	760	771	754	737	739	756	730	735	3353.288877
729	752	743	734	727	731	759	749	740	732	767	742	749	702	746	772	745	732	757	759	747	735	734	741	741	751	758	772	731	759	742	737	754	745	724	745	735	759	747	752	750	746	711	770	748	735	717	735	727	751	742	730	734	751	767	770	738	735	753	749	742	720	726	716	753	720	741	736	744	750	721	733	742	723	736	732	727	741	738	719	738	726	755	751	734	741	739	752	745	729	731	729	720	751	743	734	3354.310596
746	744	734	751	763	757	742	730	750	733	736	737	725	727	750	730	736	744	736	729	732	731	746	740	774	731	741	742	738	737	754	754	726	748	757	710	773	754	743	739	722	746	749	738	743	722	740	755	695	727	755	747	771	740	706	735	730	723	746	734	723	738	732	736	725	768	741	749	737	737	741	751	734	728	734	746	731	720	730	756	736	755	731	735	757	767	735	725	745	753	718	742	734	756	731	741	3355.323288
751	754	728	732	752	731	733	744	720	755	732	739	749	738	743	724	733	740	721	728	744	745	737	746	736	747	740	717	728	728	768	714	722	749	746	735	750	760	756	755	773	739	705	732	750	749	726	733	736	741	750	752	733	749	720	735	737	738	743	743	715	742	735	758	756	746	744	749	738	746	726	745	751	749	761	726	758	731	737	721	737	733	742	731	761	754	732	741	743	741	720	737	745	744	718	755	3356.344564
754	748	734	734	744	760	732	733	723	752	748	759	722	745	748	734	727	753	724	750	745	744	728	761	749	746	731	748	722	718	742	722	742	734	748	746	729	739	728	734	738	754	754	742	762	744	756	742	747	714	738	776	724	745	777	755	748	735	745	728	773	732	751	750	734	722	750	729	727	717	762	742	746	729	725	753	746	753	749	738	713	753	736	740	756	728	728	745	755	722	735	748	759	727	734	743	3357.356817
743	731	745	736	759	755	741	751	738	737	738	766	729	742	751	713	741	718	734	742	718	753	731	729	734	748	694	750	740	731	721	708	728	737	737	756	741	730	733	717	714	716	752	737	724	738	750	786	738	724	748	744	719	736	734	729	732	748	747	713	725	745	725	743	750	744	754	736	757	718	728	754	719	760	729	726	766	729	764	756	715	751	738	728	713	730	738	720	717	755	735	757	759	734	742	745	3358.368851
731	729	742	760	764	766	750	750	731	745	752	736	737	745	756	743	743	748	713	750	728	725	748	721	753	726	750	722	728	722	750	725	734	748	740	764	717	762	728	723	748	721	724	730	727	729	716	725	723	735	752	736	727	744	729	728	728	736	740	734	760	745	747	754	748	742	739	730	739	724	739	741	739	719	744	742	739	739	745	713	720	755	741	738	731	732	738	738	719	729	744	734	757	729	740	721	3359.380667
752	748	721	724	729	756	738	720	744	745	757	744	727	725	709	749	715	737	728	719	731	767	732	753	737	728	734	733	740	750	746	770	739	726	724	732	736	728	731	744	726	735	743	717	752	733	751	734	742	737	750	746	741	731	721	724	739	742	720	737	733	751	736	728	732	736	714	738	732	741	742	737	756	730	711	748	705	734	759	738	726	719	717	752	720	735	734	733	715	721	738	735	734	730	726	706	3360.392265
746	747	729	747	728	763	732	732	756	733	743	752	747	733	731	758	775	735	742	735	718	713	726	739	741	716	727	755	742	711	755	707	728	755	724	712	725	717	722	737	738	738	746	749	729	729	729	726	747	738	738	741	723	737	717	731	737	735	746	757	746	755	724	737	710	717	737	709	742	734	730	712	754	726	732	740	741	738	734	755	703	750	714	745	740	729	748	738	719	768	719	739	735	743	736	745	3361.403644
728	747	723	747	728	733	736	751	710	730	749	740	712	731	710	731	732	732	714	742	735	728	734	740	740	756	727	739	742	732	765	733	739	744	729	722	733	726	725	743	747	755	755	749	734	719	735	717	746	732	735	738	733	735	717	733	746	722	708	735	725	732	711	734	745	754	716	736	729	723	733	733	742	739	727	717	731	736	739	719	738	731	744	758	726	731	748	764	727	725	728	729	731	713	726	721	3362.414806
735	716	724	741	750	729	725	727	735	750	707	731	693	721	754	737	745	739	723	718	703	744	744	702	737	709	714	717	751	724	723	722	745	717	736	737	717	728	752	722	721	737	724	737	736	741	774	752	728	746	717	732	718	716	754	717	756	749	736	736	755	721	740	702	718	715	727	746	722	736	711	734	739	727	715	722	740	712	722	728	744	733	718	736	720	724	716	749	718	755	706	734	719	734	735	741	3363.425749
733	748	738	711	746	755	735	755	742	712	716	727	732	737	705	751	722	723	720	702	759	716	714	740	725	736	730	722	748	761	717	721	695	738	730	709	725	731	709	731	729	723	730	722	736	725	730	733	736	738	741	729	726	716	718	766	708	747	716	732	754	736	741	739	737	719	709	747	739	736	724	710	758	733	711	738	729	736	740	725	701	708	712	713	752	754	721	716	733	713	751	739	736	747	717	727	3364.436475
720	705	744	731	740	697	740	749	722	728	722	716	736	704	746	725	730	721	744	704	727	751	743	736	716	727	715	719	722	731	708	747	732	743	759	715	743	723	713	733	739	704	712	727	735	717	730	724	732	724	712	717	731	717	723	741	745	709	708	716	720	702	742	712	742	720	751	728	695	736	719	721	742	719	726	727	710	713	714	742	727	727	725	718	733	734	722	756	731	734	712	725	734	717	736	744	3365.438196
709	713	739	742	747	729	737	738	704	735	724	698	744	716	728	717	721	713	727	750	695	711	741	725	709	725	733	731	749	721	727	748	761	733	740	732	727	770	729	717	740	721	713	717	726	713	725	721	710	730	742	700	734	720	718	724	735	719	726	690	718	720	707	726	713	721	741	725	743	745	733	744	714	717	715	744	726	732	735	714	713	734	738	743	713	739	735	724	695	723	730	711	754	726	711	718	3366.448488
717	713	710	710	727	718	707	711	709	731	756	711	712	717	734	755	737	733	734	733	745	737	756	718	746	715	712	734	707	729	737	743	723	706	740	710	713	725	728	706	725	723	740	735	735	737	716	733	746	720	718	718	731	739	726	710	721	726	737	696	731	707	732	699	738	710	743	739	723	744	713	723	746	696	714	741	716	728	758	728	705	728	712	730	715	731	733	734	743	732	725	733	757	740	712	721	3367.458562
716	731	729	731	718	725	704	750	701	728	695	709	704	730	720	720	745	729	744	705	724	713	730	702	726	732	715	717	720	724	710	715	715	698	719	706	728	731	717	725	704	734	741	722	730	716	714	732	720	715	741	731	734	732	742	697	735	758	732	737	729	722	716	709	720	722	717	737	719	718	712	737	723	704	728	727	706	709	723	712	716	722	696	716	735	733	729	720	709	717	718	737	740	750	760	737	3368.459637
747	722	712	733	710	727	745	701	700	721	716	746	713	715	699	695	720	705	708	711	742	733	751	715	740	723	727	720	709	714	702	740	701	741	714	727	698	744	733	713	746	704	704	715	721	729	735	749	725	733	710	705	735	743	724	713	729	724	692	709	739	719	743	744	719	712	720	733	719	733	718	701	721	706	738	729	719	708	723	728	728	727	726	748	702	723	741	708	733	705	733	720	740	717	710	724	3369.469278
736	709	714	732	721	703	741	700	727	715	716	702	743	713	702	698	711	724	731	728	752	719	738	732	730	719	714	712	708	721	726	731	733	736	738	736	716	747	693	703	741	707	712	738	733	735	743	731	761	722	723	720	734	715	719	709	716	696	758	705	721	727	718	714	724	716	723	723	703	714	725	745	708	688	714	714	713	707	715	713	707	735	717	718	724	729	709	729	715	719	688	731	738	722	727	696	3370.469924
724	701	721	703	722	722	715	724	723	716	710	734	713	723	714	729	725	715	720	725	732	719	697	718	747	699	728	726	706	712	740	717	732	709	723	742	715	737	747	709	721	713	723	723	727	720	728	733	685	725	728	708	723	713	722	717	722	704	730	714	706	733	712	700	720	715	737	706	724	718	728	714	706	717	723	744	723	727	737	700	722	738	708	699	692	732	739	717	711	711	721	712	715	726	718	724	3371.470357
731	738	719	737	740	722	722	720	705	724	714	696	709	723	731	735	726	699	728	707	710	724	715	727	721	741	724	712	709	705	700	713	738	713	722	731	727	712	735	734	711	711	742	712	703	714	719	712	714	739	746	720	724	728	709	702	722	724	722	719	712	730	696	715	704	735	711	711	728	737	733	711	721	754	716	709	721	719	715	745	746	691	707	702	734	720	695	733	715	716	719	733	712	721	716	728	3372.470575
743	710	736	715	731	722	747	696	717	724	708	724	720	731	722	722	696	709	730	712	716	712	719	718	713	712	719	726	688	709	705	712	713	733	712	695	740	718	752	695	720	736	692	715	707	714	731	745	738	729	710	734	731	707	707	713	710	733	700	710	720	722	729	724	743	709	731	733	723	702	738	700	742	708	730	714	699	715	710	713	718	752	700	708	716	714	722	721	721	709	693	733	747	719	715	698	3373.479352
737	714	706	721	737	724	707	704	717	715	725	755	717	709	722	719	749	734	704	695	701	723	726	697	730	713	725	723	720	709	730	730	715	706	720	711	708	718	725	720	728	722	736	720	723	712	726	737	738	693	725	721	724	718	721	708	709	696	726	739	715	727	703	716	716	727	717	702	707	720	722	709	738	730	717	719	712	712	704	715	735	713	711	730	723	701	696	729	733	709	713	727	706	722	704	701	3374.479142
731	731	729	705	724	722	736	710	739	712	752	728	721	711	714	725	724	736	724	697	726	696	717	697	707	701	704	690	707	738	722	722	752	720	740	720	728	721	713	721	732	731	712	731	712	731	727	707	699	728	736	730	710	725	720	714	718	708	721	713	713	718	722	729	723	691	718	703	724	701	721	752	718	720	712	704	729	705	724	730	698	712	721	711	724	730	722	701	704	733	713	738	730	732	726	710	3375.478718
704	702	698	689	728	713	712	721	713	708	726	714	717	733	716	710	690	712	721	700	725	733	724	709	711	726	721	738	732	730	716	710	726	701	707	737	725	698	702	739	725	704	695	711	743	715	718	723	713	726	728	732	716	728	728	721	684	751	725	732	734	708	736	695	714	752	715	714	747	740	749	715	711	693	725	694	704	712	716	737	717	724	724	706	727	751	713	703	754	714	704	720	734	707	709	716	3376.478081
696	720	734	714	716	729	717	719	719	740	725	723	713	716	716	717	712	723	743	745	737	710	722	710	714	741	720	723	707	746	722	725	726	717	739	722	740	706	732	709	728	708	732	727	740	720	688	733	728	719	734	706	730	720	736	724	707	722	721	714	708	733	723	720	728	709	705	719	724	739	705	721	721	701	740	743	740	730	716	714	712	724	687	703	721	704	722	722	711	752	735	706	748	717	713	728	3377.477231
712	710	739	731	713	721	726	739	705	721	744	715	709	703	747	714	697	729	714	697	706	712	714	735	727	702	725	725	708	710	717	739	722	727	712	738	734	736	742	715	719	723	709	721	711	723	741	732	726	740	718	716	703	726	702	701	719	700	746	721	731	731	726	707	721	733	742	727	713	718	699	757	732	747	722	705	710	704	694	718	714	723	708	703	730	700	752	724	703	736	727	721	704	725	716	716	3378.467406
711	714	696	736	724	728	735	711	742	724	718	717	727	742	727	724	728	715	740	712	747	723	704	707	723	729	748	711	731	723	716	719	742	696	724	715	726	708	720	746	724	712	741	704	707	725	727	729	709	718	713	741	742	726	714	726	741	729	714	735	711	716	720	717	728	738	715	744	731	734	719	697	718	704	733	732	731	730	741	732	747	710	705	733	714	747	746	701	728	707	738	719	694	717	704	724	3379.466131
728	722	750	721	733	728	713	715	744	714	723	720	728	726	722	722	735	709	723	719	701	757	745	730	743	725	707	711	737	710	712	733	723	723	735	722	728	714	725	750	721	727	709	715	721	723	709	721	720	716	745	687	718	722	703	732	736	719	711	727	689	724	715	726	699	736	738	727	716	736	716	721	716	723	723	698	723	720	696	725	708	745	716	711	706	740	714	708	713	718	741	733	715	731	738	725	3380.464643
711	724	715	711	711	726	699	729	727	722	752	736	742	724	741	744	703	719	750	729	746	718	717	747	710	696	720	733	717	725	750	727	720	734	721	714	728	736	712	703	731	703	732	735	729	714	726	751	735	721	721	734	746	719	724	723	730	735	716	719	728	735	740	730	716	740	727	712	710	740	730	714	723	693	724	718	697	747	723	724	747	732	731	722	734	746	742	733	738	741	712	741	759	697	731	743	3381.454186
734	716	730	719	731	732	735	736	699	737	730	717	712	734	693	731	746	765	708	729	740	730	736	737	700	718	732	736	712	721	748	703	728	727	737	739	717	747	740	712	680	719	747	736	721	731	736	719	738	735	737	723	703	725	749	725	735	715	671	744	724	717	714	729	735	730	735	722	729	725	713	702	715	729	744	711	736	699	722	708	704	706	744	728	718	762	708	718	730	736	722	717	719	747	690	745	3382.452275
708	724	728	731	722	746	713	722	743	709	727	698	703	733	734	709	690	742	700	753	738	726	733	728	726	732	738	734	719	728	731	686	717	729	732	729	702	739	746	719	755	732	703	711	725	747	745	708	725	735	734	736	725	709	720	705	743	726	721	715	724	735	728	730	715	713	715	724	708	716	723	714	723	732	728	721	727	708	708	746	736	743	704	708	721	714	724	722	708	726	699	753	707	706	736	700	3383.441397
731	705	736	738	715	696	724	709	737	751	735	708	717	718	746	741	718	718	741	716	696	755	716	713	730	720	735	717	722	734	694	727	732	749	718	753	717	739	703	727	719	719	718	714	722	721	724	746	739	745	715	746	724	725	739	721	723	744	749	751	726	732	722	730	719	710	726	735	735	735	722	738	730	736	742	733	708	705	725	722	703	731	719	717	707	724	712	718	741	737	707	755	729	736	733	743	3384.439061
720	725	719	713	729	719	714	732	711	742	709	717	711	737	731	745	710	733	720	718	714	730	737	759	712	735	703	746	715	746	721	719	721	720	740	751	711	730	737	726	718	698	716	736	730	709	741	724	710	712	715	728	736	727	716	704	737	731	723	702	726	726	717	707	717	721	727	711	730	725	697	710	755	722	722	699	740	736	728	718	722	726	718	713	724	733	722	714	704	722	740	727	728	711	699	699	3385.427764
711	729	735	739	718	715	716	718	714	700	716	748	700	712	734	700	738	713	710	718	733	712	722	735	715	700	734	723	709	711	735	738	743	712	718	735	713	727	732	744	723	735	716	704	704	714	728	715	715	712	692	695	711	737	733	713	709	704	721	709	744	734	723	713	726	729	707	706	712	708	686	726	722	733	715	710	713	730	720	739	717	723	717	703	714	714	726	717	724	712	710	721	720	719	714	697	3386.416258
737	721	708	745	707	740	745	725	705	701	705	701	740	732	699	749	722	727	723	743	722	724	729	717	691	725	709	715	728	719	712	739	729	731	711	738	730	733	737	729	723	709	720	734	735	701	725	730	727	705	732	702	714	706	718	719	711	708	734	728	698	711	715	701	727	734	721	731	750	722	746	718	716	711	737	717	709	733	720	733	718	717	725	725	725	724	759	733	714	733	734	716	731	699	706	741	3387.413288
705	705	712	704	733	732	707	735	733	720	742	709	694	714	738	756	719	716	732	717	730	709	724	744	736	723	736	717	701	736	722	733	718	712	710	724	708	709	727	715	713	718	737	704	706	721	706	719	715	715	727	738	718	719	713	729	708	702	726	730	713	718	722	698	730	710	720	726	729	692	721	726	718	712	695	716	710	711	716	738	703	721	721	756	724	742	707	708	703	716	727	723	723	702	734	723	3388.401362
744	711	725	728	687	734	705	725	730	733	701	726	733	721	706	705	723	743	736	716	740	714	686	724	712	734	726	701	740	714	740	723	700	709	720	716	713	719	713	726	727	709	738	692	709	710	746	697	720	692	718	716	724	717	730	727	755	734	716	734	724	720	723	690	707	713	759	714	710	714	704	728	733	703	733	705	692	753	697	730	719	690	725	729	705	714	734	707	702	718	727	713	700	728	714	722	3389.389227
715	719	725	756	736	714	741	744	715	706	719	726	741	710	732	728	731	717	744	719	716	747	707	744	741	757	715	719	733	709	713	718	726	726	730	716	729	716	718	702	732	733	740	730	688	720	724	728	706	727	723	717	722	734	724	697	717	728	721	711	719	726	714	724	720	700	726	707	743	699	732	725	729	724	710	737	712	744	707	695	713	717	715	732	708	714	731	706	713	727	741	733	711	723	729	726	3390.376884
714	729	711	711	722	713	732	717	717	728	712	728	738	714	700	729	739	730	731	705	724	694	715	737	715	701	695	705	728	712	729	716	717	735	713	713	715	733	723	723	710	715	730	700	712	698	698	726	712	708	727	711	716	715	714	734	736	722	720	727	739	725	731	739	733	731	748	714	741	718	736	697	711	720	732	719	717	742	729	687	722	697	708	688	686	721	713	719	728	725	709	708	721	707	710	705	3391.364332
709	721	715	720	706	725	722	738	704	733	717	718	731	684	734	716	696	725	718	756	736	708	716	751	723	718	714	712	703	729	732	701	720	722	749	725	707	709	749	705	735	716	734	710	706	727	723	737	729	727	728	719	725	711	739	711	720	741	727	743	703	710	723	737	674	745	734	731	701	719	716	724	736	705	730	703	712	724	725	723	737	711	695	734	715	716	707	721	697	716	733	736	705	716	717	726	3392.342836
718	707	695	704	722	730	719	748	725	729	725	712	713	711	728	704	721	704	732	700	702	709	719	746	696	736	706	713	714	714	726	734	736	703	700	723	722	742	725	719	733	700	708	723	706	713	707	722	720	707	730	735	708	727	706	730	734	685	729	719	714	709	740	737	726	735	693	717	684	706	699	741	719	711	709	723	712	721	728	716	730	685	749	722	716	705	736	725	713	732	720	721	730	705	723	711	3393.329869
730	714	685	727	713	711	732	711	723	716	716	713	719	712	715	704	709	723	686	711	742	713	711	721	700	748	709	720	715	710	687	728	703	705	709	724	697	680	706	717	729	719	709	728	708	727	700	710	714	702	719	718	735	724	712	719	706	715	723	722	699	715	747	714	700	697	678	718	730	717	715	725	717	704	726	704	716	714	705	718	709	727	706	711	712	701	724	720	722	724	715	709	701	733	714	707	3394.316693
700	740	704	703	724	698	700	727	686	733	718	718	716	720	721	732	724	701	706	721	730	702	709	700	714	701	727	711	722	732	721	721	687	712	690	721	716	705	711	721	703	718	703	708	723	711	720	725	725	714	717	704	703	719	714	724	702	677	721	719	714	709	713	694	719	690	715	728	705	715	700	704	700	702	720	701	718	685	746	718	722	692	710	709	696	724	727	730	703	759	710	719	728	702	715	711	3395.294579
711	706	704	741	701	707	731	735	715	714	722	731	726	708	694	718	717	729	715	717	695	722	724	719	735	720	708	720	712	713	706	704	721	702	721	696	728	712	724	687	714	718	712	720	730	673	694	717	716	706	717	710	762	733	713	692	705	709	707	703	724	705	705	691	707	717	709	727	716	697	699	707	719	729	704	701	721	727	703	711	707	711	720	715	709	710	709	719	700	714	713	721	705	706	693	716	3396.280988
698	723	732	736	725	703	719	710	703	744	702	709	713	710	700	715	708	695	693	728	715	735	671	695	716	717	693	726	716	713	728	694	725	703	694	719	701	726	716	692	721	714	700	713	723	725	717	710	722	730	714	725	713	698	707	708	682	720	711	712	717	719	713	721	721	715	725	711	708	720	733	704	721	712	717	739	706	707	714	711	705	727	710	708	708	706	696	705	733	724	700	709	724	725	704	714	3397.26719
691	718	703	707	741	707	723	730	708	707	700	713	698	699	698	685	709	707	733	733	721	732	697	720	706	726	711	703	714	701	711	758	702	707	691	717	702	720	724	728	692	705	715	728	686	700	701	726	729	718	716	689	723	715	697	681	710	711	721	718	717	714	680	712	716	696	690	721	703	705	706	705	688	712	703	692	710	710	710	691	700	678	693	704	703	710	713	717	708	698	715	712	696	726	688	723	3398.244458
703	702	717	704	719	700	716	712	713	696	717	719	719	728	734	724	711	709	702	708	706	715	688	698	703	687	702	708	725	711	699	711	705	695	726	708	704	694	698	705	706	721	728	729	722	684	727	718	719	685	705	687	710	700	719	717	698	706	704	714	697	707	692	715	715	712	728	708	698	705	722	711	693	702	703	701	703	712	740	714	701	692	714	707	710	702	715	720	705	692	705	722	689	702	699	698	3399.221522
706	709	718	685	700	709	721	697	700	693	701	697	708	732	675	715	685	723	716	709	722	714	691	709	720	723	692	704	691	698	730	725	703	725	729	707	711	722	723	705	705	719	691	693	702	707	726	707	690	700	692	702	701	707	727	694	727	694	691	698	704	749	690	730	710	686	728	679	696	701	707	722	721	684	702	709	681	695	711	724	699	711	733	710	699	707	709	686	717	695	708	739	730	708	685	700	3400.207103
713	713	717	705	707	684	704	708	721	704	698	734	692	727	703	691	705	693	715	703	695	731	717	693	703	716	700	715	691	690	682	704	712	681	686	715	700	704	700	726	701	708	700	703	714	683	702	696	712	689	705	700	725	712	715	710	679	702	713	706	718	685	722	729	722	697	698	698	702	700	697	708	693	669	700	680	714	700	703	689	708	686	686	699	699	717	709	675	692	704	726	710	699	726	708	703	3401.183756
708	718	700	675	710	704	735	723	708	698	682	713	673	717	690	720	711	724	708	693	700	716	695	711	718	675	714	711	696	707	712	707	687	718	698	710	701	701	711	700	710	721	704	705	676	695	689	703	713	699	714	686	713	686	681	697	706	693	693	695	689	712	687	684	689	705	699	714	704	702	705	710	713	693	719	699	709	674	701	721	693	698	696	699	719	710	698	709	686	691	711	713	709	688	684	688	3402.160205
710	698	692	707	692	703	705	680	697	703	700	699	704	704	712	714	695	697	694	715	705	724	677	700	687	706	713	692	695	725	715	703	725	709	687	700	705	719	702	700	699	707	693	691	718	732	699	695	711	708	698	704	719	705	683	712	694	694	701	710	689	711	709	707	684	697	705	704	701	677	677	699	692	730	682	675	710	709	756	691	703	686	708	727	690	703	688	707	707	718	725	720	699	691	706	715	3403.13645
694	697	711	695	679	708	693	697	699	694	701	712	694	703	714	702	735	702	700	705	699	724	701	685	714	687	701	688	732	704	712	691	699	676	708	702	703	679	712	704	703	704	699	723	703	695	693	687	712	705	700	713	713	693	698	694	716	685	706	684	684	716	697	699	683	731	696	673	683	690	710	714	698	710	712	703	703	690	699	699	705	696	706	714	719	678	701	684	684	700	692	706	687	712	705	685	3404.112491
726	696	726	705	698	706	684	720	702	689	706	683	709	696	713	680	715	701	715	699	673	724	698	706	712	694	706	711	715	709	696	700	692	676	724	713	719	731	691	714	712	684	686	693	699	678	697	727	690	681	707	716	703	695	694	680	687	702	696	721	720	714	702	705	700	703	699	674	702	721	724	696	687	704	712	703	694	695	683	697	724	703	675	697	697	685	700	695	675	686	666	689	701	709	675	702	3405.088328
725	692	701	699	701	675	722	701	704	726	701	685	680	683	704	684	692	710	703	694	706	704	681	699	712	698	696	719	688	705	725	714	699	698	691	713	686	698	691	694	674	689	687	691	693	712	673	686	705	699	703	686	693	722	698	695	701	716	690	703	702	689	704	696	691	685	695	703	673	706	698	684	679	715	696	707	686	713	709	676	704	683	700	702	713	693	704	690	711	713	707	700	694	700	711	704	3406.06396
685	703	715	727	694	684	693	712	692	701	700	694	704	694	686	690	725	695	701	691	705	702	683	713	698	700	696	687	696	665	719	696	719	701	722	684	696	685	700	718	705	693	681	708	694	701	693	692	683	686	712	693	728	697	693	706	686	694	705	665	699	705	711	701	672	679	707	727	695	704	700	729	702	698	722	693	717	701	720	723	691	703	680	697	714	665	697	675	688	686	717	696	679	699	699	699	3407.039389
696	682	711	712	703	705	697	697	714	726	696	696	690	702	689	721	723	708	699	675	698	689	708	702	687	693	709	712	704	693	684	699	678	697	697	717	682	686	697	721	700	677	686	693	664	709	691	691	692	708	702	716	710	701	685	704	685	695	696	705	697	710	672	706	716	709	720	706	688	691	687	714	716	678	698	700	699	697	685	687	679	681	708	697	682	681	692	710	707	707	685	688	702	674	691	684	3408.005908
702	721	689	703	700	696	678	695	705	704	688	697	712	725	677	705	707	693	704	693	696	713	714	672	711	695	692	704	714	681	683	705	716	712	682	718	681	684	717	714	695	714	660	682	682	704	716	706	702	692	678	692	697	700	696	682	671	701	694	674	690	694	693	693	684	680	696	693	690	689	696	718	687	700	707	697	686	685	688	686	708	709	681	697	699	721	681	692	699	700	688	696	687	702	682	692	3408.980931
669	695	693	702	692	689	702	712	712	696	699	696	720	702	676	688	706	694	701	700	688	696	681	687	723	684	711	698	696	698	691	691	717	695	696	705	680	696	705	699	703	680	676	678	685	687	695	714	698	679	680	673	680	694	709	679	688	686	688	712	701	696	684	676	676	693	712	698	696	698	702	674	712	693	709	715	691	714	679	673	703	682	686	679	700	709	709	680	711	716	700	704	693	690	710	700	3409.947047
705	685	689	712	706	714	692	697	706	698	674	693	692	698	696	689	688	695	685	701	731	713	715	685	683	707	694	713	700	698	697	693	698	702	720	724	704	703	688	703	706	720	689	684	703	702	696	697	692	700	671	687	675	709	692	700	704	684	694	708	695	697	697	703	706	722	701	681	702	728	688	698	689	710	683	693	699	685	691	686	687	680	688	687	713	696	717	685	709	714	673	668	699	684	688	698	3410.921664
697	688	702	699	671	692	698	722	692	694	678	709	697	675	704	712	690	688	712	683	696	680	708	690	696	682	715	692	709	706	701	700	689	689	685	668	711	675	733	713	693	688	696	710	672	713	693	665	683	697	687	684	669	681	685	694	694	710	694	697	707	692	695	731	718	672	727	702	715	696	712	673	684	703	686	692	711	673	701	682	692	695	693	721	688	677	716	726	695	708	682	717	681	727	679	719	3411.887379
697	715	680	705	710	674	704	697	703	708	718	716	698	693	694	694	719	697	686	702	692	700	697	692	702	711	701	709	718	699	685	720	685	682	692	674	714	688	720	701	687	654	721	703	700	690	669	700	684	691	721	698	693	705	694	679	702	700	695	694	695	694	692	697	698	697	705	719	722	708	684	708	698	691	702	736	699	707	708	699	700	690	698	714	699	681	685	702	716	727	690	695	685	675	676	705	3412.861591
719	699	698	698	691	678	699	682	695	719	717	681	694	690	677	690	685	708	710	720	693	683	714	716	697	695	702	717	704	684	715	686	693	694	689	683	690	690	701	693	696	701	683	709	698	718	697	711	700	691	687	688	693	713	697	681	690	710	702	689	696	714	698	695	687	694	714	679	684	691	692	679	700	695	686	690	706	698	695	699	708	686	728	699	700	690	701	690	701	696	683	670	684	688	694	714	3413.826904
701	693	687	678	684	687	697	690	700	694	703	710	695	695	695	709	719	675	701	692	695	683	708	698	718	699	686	706	709	725	710	702	702	674	697	706	717	690	691	687	708	703	681	679	716	709	700	693	685	713	678	695	667	707	705	706	704	732	705	705	698	686	700	681	705	696	710	705	704	695	719	695	689	704	699	703	693	701	679	711	701	702	695	692	686	695	703	708	674	670	684	705	695	690	685	718	3414.792017
690	699	716	703	699	694	690	697	702	720	692	688	686	694	691	703	720	681	712	724	713	708	683	711	712	728	691	694	690	706	713	678	696	714	687	720	716	683	714	719	696	699	706	707	692	688	688	702	700	692	713	688	718	698	698	705	691	688	692	698	701	693	695	688	721	669	700	716	680	692	695	700	706	705	699	719	690	674	713	686	683	692	687	714	699	692	683	697	695	693	674	692	709	701	714	695	3415.75693
711	697	700	700	685	712	682	698	728	702	688	707	694	734	705	690	704	698	705	689	681	686	715	713	702	690	709	708	705	722	696	713	702	701	707	701	700	688	709	703	721	706	709	712	715	703	705	699	704	703	706	696	689	704	695	695	692	697	688	707	694	721	672	694	693	692	706	720	712	695	689	673	710	709	706	705	696	721	689	694	704	699	708	697	688	688	712	694	667	691	706	716	683	684	709	685	3416.730334
696	705	682	705	701	696	694	710	691	707	689	694	714	705	699	713	708	705	701	682	690	673	691	696	692	713	710	702	680	687	705	701	713	698	707	686	710	673	692	721	690	684	697	714	691	692	718	696	706	709	700	702	693	675	704	692	703	694	690	690	676	670	700	677	685	686	701	699	702	690	703	680	701	688	707	684	671	701	697	706	722	714	684	715	701	693	702	717	702	682	704	718	696	694	708	700	3417.694846
704	671	720	709	716	700	706	708	718	688	694	692	704	700	704	668	700	699	693	699	699	696	707	712	718	712	713	685	689	679	692	711	681	692	720	681	722	693	698	698	707	680	690	696	712	708	703	707	704	690	681	705	684	692	691	686	694	706	699	680	700	690	693	684	716	674	689	679	684	671	699	723	689	708	715	698	708	707	681	679	719	698	691	718	659	711	701	683	708	695	705	719	688	682	688	677	3418.650472
688	696	693	688	702	697	691	719	697	701	688	701	694	695	674	704	698	693	732	694	695	690	697	685	704	691	695	691	693	680	670	698	687	691	717	681	673	692	702	679	701	688	695	689	689	708	690	708	680	695	688	716	693	697	705	719	720	685	719	693	704	696	698	703	693	709	715	697	695	702	686	691	703	730	699	691	680	682	699	695	682	713	697	678	708	698	688	686	693	714	690	687	702	714	685	668	3419.614587
690	699	745	686	709	704	666	693	698	694	707	706	685	710	699	694	680	704	683	676	711	704	710	701	718	693	685	680	690	694	687	691	711	694	711	682	683	712	666	683	687	709	682	708	695	682	696	687	695	690	693	703	693	676	686	692	657	697	704	682	681	701	674	702	681	675	721	681	698	714	700	694	732	690	688	709	700	663	690	674	679	717	712	711	679	689	713	675	683	670	701	696	690	679	689	685	3420.578502
684	667	708	692	716	705	677	696	688	687	691	689	675	690	694	674	686	691	731	698	678	710	697	720	703	692	670	671	698	680	687	699	702	678	689	671	682	697	692	707	683	700	690	700	678	699	713	677	697	700	699	684	692	672	682	693	673	686	677	723	709	675	690	687	696	693	683	688	693	673	686	689	687	681	668	711	697	681	690	691	663	702	691	691	694	676	695	691	696	691	700	701	690	681	693	665	3421.542218
672	690	681	709	708	691	668	683	697	682	685	717	687	695	704	702	679	706	697	682	705	700	688	720	674	688	684	690	700	657	730	677	671	697	703	692	684	694	682	680	697	683	684	681	697	675	678	723	687	716	670	694	659	691	698	682	712	679	697	683	688	684	681	684	703	691	691	679	681	685	697	683	689	692	696	695	685	710	701	678	690	680	678	700	675	696	698	677	702	707	689	701	677	686	685	687	3422.505735
678	697	679	669	683	698	704	680	702	704	688	671	688	698	687	680	707	689	670	691	697	684	707	690	696	683	679	693	706	683	695	683	672	680	682	681	672	669	677	682	689	689	674	678	698	715	696	674	685	681	705	661	678	704	675	685	692	662	695	709	690	704	700	685	676	689	684	687	683	672	679	691	693	668	679	688	702	666	687	711	676	697	693	682	688	685	698	700	688	700	689	678	654	689	673	675	3423.460375
702	677	671	696	664	668	676	695	697	690	675	701	693	703	671	679	683	682	697	686	682	690	672	688	679	688	712	666	669	679	674	690	685	678	687	684	679	704	688	661	681	706	674	684	698	685	689	687	685	666	678	672	682	684	687	677	697	695	705	689	677	679	665	678	682	684	692	696	676	665	666	689	692	684	655	690	681	663	686	671	691	671	684	702	697	698	656	670	677	682	699	663	668	682	683	661	3424.423495
674	676	692	680	678	687	676	678	679	694	673	686	687	669	663	705	680	681	690	680	695	682	698	663	683	665	682	688	676	680	685	696	696	683	690	697	659	705	667	670	666	659	687	678	689	697	683	674	694	674	687	714	691	678	689	697	700	675	679	677	674	676	694	686	681	688	671	681	669	685	671	676	678	692	665	676	664	695	676	682	694	671	689	672	678	706	683	671	654	701	706	689	674	694	676	676	3425.377742
665	694	679	695	671	668	682	679	686	692	688	680	673	681	680	688	681	677	674	685	684	674	687	668	681	669	694	686	688	683	677	671	673	684	674	683	691	659	685	687	681	692	682	684	675	696	671	681	659	684	665	682	695	720	660	690	698	701	691	686	687	689	681	670	668	659	665	703	690	697	677	686	700	683	668	656	668	684	686	680	685	692	684	684	683	676	680	684	655	680	702	672	672	677	675	675	3426.331793
667	665	697	688	681	708	659	667	677	690	668	673	660	685	688	668	686	682	681	684	678	660	669	674	680	687	669	660	672	688	700	678	678	683	683	689	663	679	673	704	668	684	680	695	687	678	659	710	685	656	691	680	690	670	677	662	662	686	673	676	656	687	705	670	676	678	679	677	671	666	676	666	678	687	675	680	709	663	681	703	644	683	687	677	685	674	682	681	688	686	663	673	673	678	666	679	3427.29432
683	698	680	667	673	660	680	674	678	673	669	668	648	699	690	711	676	701	689	685	685	681	684	672	684	670	650	676	675	687	682	681	670	661	677	673	675	671	665	690	677	688	662	679	683	703	662	696	694	677	678	688	688	670	687	683	670	674	655	678	680	681	681	680	692	679	672	681	675	687	693	681	686	691	668	690	664	672	673	678	686	663	670	702	687	685	664	676	665	696	675	668	691	669	694	653	3428.247979
704	659	700	668	677	661	675	663	662	681	679	709	678	665	679	658	677	685	652	679	687	677	677	670	694	685	650	692	693	677	674	694	682	685	654	686	661	673	695	674	680	672	674	670	691	671	692	673	686	660	672	665	691	692	672	677	695	664	671	664	681	671	696	663	652	683	687	673	669	677	695	681	676	687	669	673	671	681	692	685	706	684	677	674	683	678	683	678	680	672	661	701	667	682	677	669	3429.201442
686	675	683	671	682	662	659	667	686	667	691	660	662	654	653	696	688	677	688	658	685	662	666	688	668	677	686	663	669	681	675	688	678	674	682	665	672	680	683	682	670	680	682	673	674	680	690	675	657	698	674	684	656	681	683	683	685	670	700	679	686	681	665	682	663	682	666	669	671	677	677	673	680	684	674	667	681	681	657	698	665	677	709	684	671	661	663	670	696	678	667	672	667	683	674	675	3430.15471
691	663	680	675	667	686	701	643	681	690	646	680	685	656	669	678	671	659	678	693	678	673	667	667	690	672	667	678	680	682	663	665	690	668	675	699	667	672	673	667	676	663	690	680	680	684	649	691	663	679	652	675	689	671	664	676	674	682	673	660	674	669	675	672	698	669	667	660	707	652	666	697	678	677	683	662	674	681	656	668	680	678	660	694	672	687	688	681	681	665	661	670	701	661	673	676	3431.107783
666	685	661	685	688	686	665	667	668	667	663	656	696	687	672	679	668	681	658	666	666	682	678	646	678	665	682	697	667	679	652	687	671	658	684	677	686	678	678	674	686	674	662	679	688	672	673	687	681	673	689	662	662	677	677	669	660	684	649	666	677	680	679	670	674	676	690	675	664	672	678	682	672	672	674	646	636	675	670	690	683	667	686	678	663	695	656	663	662	663	671	687	687	663	687	699	3432.060661
679	673	672	694	663	668	684	675	663	709	680	689	647	693	688	647	682	675	654	660	667	687	663	677	693	686	678	674	649	679	667	684	684	670	672	672	682	688	679	682	678	687	686	678	679	664	679	679	659	671	670	681	681	662	663	680	675	668	681	664	694	680	666	673	696	639	672	657	682	671	666	682	679	678	672	682	671	701	669	683	663	668	671	682	668	661	700	688	696	666	671	661	669	675	656	672	3433.013344
672	679	664	685	682	670	685	673	669	694	669	679	664	673	666	682	654	686	676	685	665	681	688	666	672	688	667	666	696	659	687	655	693	662	667	675	682	678	678	661	682	657	681	698	647	664	682	672	674	709	663	678	673	667	670	690	672	681	672	672	676	695	689	665	675	680	667	686	655	683	666	665	677	672	687	676	692	685	642	665	692	694	680	675	689	671	672	687	662	663	664	682	678	703	673	692	3433.965832
683	688	689	695	677	690	687	670	666	662	698	685	670	675	680	680	676	665	688	678	691	661	696	687	673	664	659	676	670	660	678	663	681	666	704	689	656	682	687	690	680	691	664	676	664	665	678	668	667	679	684	681	667	685	673	673	685	672	669	678	660	672	683	682	681	703	683	672	670	680	699	676	688	679	670	661	665	667	676	678	660	678	671	667	682	694	671	677	695	679	681	671	671	660	677	685	3434.918125
694	660	671	654	690	685	670	662	684	668	671	674	666	696	651	698	684	667	691	695	684	674	674	691	699	670	653	679	683	686	670	666	669	681	688	696	669	646	677	667	676	648	675	682	668	691	663	691	688	680	687	671	681	663	674	684	670	672	673	655	689	674	678	661	680	676	661	659	661	674	668	689	646	675	670	673	666	678	673	666	684	671	665	672	689	689	675	675	689	674	672	695	672	685	682	663	3435.861568
671	691	696	666	690	693	673	665	650	678	681	662	672	657	672	676	663	659	689	689	699	664	695	678	674	674	665	676	667	673	678	664	688	661	669	670	682	667	657	686	682	676	696	671	670	664	691	679	700	688	671	677	687	661	676	696	672	656	678	648	674	670	677	664	679	679	670	679	679	680	688	658	678	665	699	662	686	669	671	688	699	666	695	671	676	681	673	672	684	646	680	702	662	688	680	669	3436.813473
674	653	676	689	692	691	676	672	668	686	674	660	689	646	679	663	696	666	667	689	656	680	691	695	665	669	696	669	678	676	684	661	675	693	691	683	689	677	669	659	684	669	681	686	672	674	659	673	654	687	666	679	674	671	671	663	668	663	690	671	679	677	676	698	675	672	653	671	687	674	699	687	690	677	671	683	699	699	672	688	669	666	699	705	698	663	670	669	681	686	671	675	681	683	693	683	3437.756532
696	666	668	677	681	664	666	672	692	668	671	671	672	652	665	673	678	702	675	673	685	671	686	678	676	665	650	667	679	666	691	674	671	681	666	672	681	663	669	754	685	689	672	689	694	690	679	686	690	685	685	676	685	641	662	652	694	671	670	664	670	669	662	677	666	681	684	684	670	682	687	683	685	699	687	672	667	652	671	659	653	678	665	678	667	675	674	677	690	686	650	673	688	695	692	693	3438.708049
663	670	684	677	694	678	689	680	675	695	676	683	685	677	683	677	676	683	668	682	671	663	674	682	681	678	667	670	661	690	677	693	666	655	691	692	674	674	681	3146	673	684	658	674	684	678	671	674	667	678	681	655	684	683	683	689	698	686	670	677	673	666	672	664	673	654	652	689	661	685	701	664	684	677	670	693	666	685	672	654	675	657	676	683	659	681	648	665	663	666	652	687	664	665	674	680	3439.650724
670	680	675	657	667	675	658	698	679	684	671	685	669	662	663	664	689	670	682	685	663	683	681	660	663	690	662	655	663	672	660	681	678	701	667	673	659	659	664	2543	677	663	683	675	653	665	671	669	670	679	660	672	678	682	685	672	674	677	677	676	662	658	669	668	677	691	655	668	675	685	679	647	688	638	679	679	684	674	676	674	664	677	661	680	694	677	658	695	673	683	659	684	669	681	680	678	3440.593208
673	662	675	678	656	658	674	670	684	641	683	686	683	676	659	668	686	685	681	665	673	678	682	695	681	682	694	663	666	684	683	666	694	651	680	672	687	705	656	2172	673	670	693	673	656	667	672	698	678	688	687	658	673	660	686	694	683	676	685	671	690	673	678	683	659	670	679	667	667	698	687	694	644	664	682	682	701	683	674	670	668	670	687	677	680	678	701	653	678	674	673	680	659	655	653	668	3441.544145
676	657	675	673	667	675	679	667	660	673	657	666	674	684	688	683	688	672	677	671	671	674	678	695	673	699	642	660	657	658	683	681	685	669	689	678	665	651	692	838	683	671	685	677	689	673	677	672	677	667	656	668	693	705	671	686	673	686	683	652	662	683	688	672	661	676	686	685	688	679	666	691	682	692	666	663	652	665	666	653	674	681	686	693	687	659	687	680	689	671	660	690	689	677	680	667	3442.486245
670	681	678	665	669	676	669	666	675	678	684	651	685	671	675	690	668	655	674	670	677	676	677	655	670	686	673	658	672	688	675	683	652	671	690	696	675	667	663	666	683	675	665	680	670	671	670	662	673	674	670	678	672	667	671	680	679	678	672	683	659	675	672	669	693	667	676	672	694	663	669	666	679	665	638	655	674	687	686	670	654	675	680	668	668	694	682	665	670	670	655	660	650	670	665	676	3443.428154
678	657	670	687	675	684	670	676	654	690	663	693	690	658	656	702	687	666	673	698	663	673	647	678	654	663	685	674	690	684	669	686	674	672	671	663	678	684	673	670	677	653	679	689	653	690	686	682	679	670	695	674	670	651	688	667	668	670	653	691	686	682	689	687	658	682	670	675	685	671	674	671	669	682	678	672	647	669	677	662	657	668	644	681	687	643	687	671	671	674	656	679	680	677	693	664	3444.369872
678	667	654	669	673	692	637	685	659	678	673	678	672	661	680	656	660	679	663	669	670	660	670	658	660	659	676	661	689	683	677	677	660	673	670	672	672	663	673	672	682	691	692	680	671	660	683	682	678	658	676	675	672	684	671	672	671	686	660	664	676	681	668	656	672	686	657	674	675	664	695	672	663	675	658	666	669	674	658	659	674	684	673	662	676	676	682	664	658	681	671	700	663	657	666	661	3445.3114
672	677	658	662	676	663	664	659	676	673	677	674	677	667	675	680	661	678	665	661	680	664	677	660	678	655	672	665	657	659	648	672	654	686	660	654	668	679	670	665	656	678	671	678	666	670	644	683	660	673	703	661	666	653	659	658	678	665	689	670	682	669	685	680	669	666	654	667	671	679	659	676	668	655	697	657	671	676	683	663	685	657	668	688	685	683	660	694	661	664	670	667	652	699	666	664	3446.252737
661	679	681	670	667	675	671	666	652	668	669	657	673	654	641	697	663	656	677	674	660	654	686	670	684	695	663	675	662	645	681	662	656	669	659	681	663	691	676	664	660	663	663	688	652	664	648	694	666	644	689	663	647	670	687	653	658	667	647	656	666	661	679	681	673	676	682	654	655	668	667	638	656	647	643	671	640	661	670	675	665	676	668	671	661	675	651	631	681	675	672	654	673	675	694	661	3447.193883
645	662	675	649	671	658	670	651	668	658	679	661	656	653	657	663	679	676	681	656	651	642	646	687	695	667	662	673	670	665	646	675	671	681	681	683	657	671	662	660	679	666	648	672	672	659	689	676	675	670	647	672	655	666	653	679	668	691	678	684	671	655	658	676	678	666	678	668	675	678	667	687	660	675	686	672	676	659	685	669	643	658	669	665	679	654	672	655	670	668	674	682	674	675	670	656	3448.126206
668	674	674	646	650	669	669	649	661	667	694	657	690	679	674	678	645	668	649	672	669	679	652	667	675	657	666	661	650	688	655	659	645	679	671	674	670	677	655	650	655	647	662	689	662	671	699	662	667	658	650	679	686	688	680	645	672	662	666	660	647	664	667	678	648	663	663	673	662	668	660	670	669	671	660	689	654	638	668	658	662	654	667	664	638	666	678	669	662	650	659	680	669	682	655	658	3449.066973
648	670	651	645	669	649	660	655	646	686	627	665	650	643	676	629	685	648	666	651	677	661	667	642	640	669	668	667	668	673	652	659	677	655	657	683	683	684	657	674	677	654	670	660	672	653	681	667	650	656	665	654	637	636	660	648	657	677	662	672	636	672	659	665	682	654	657	659	644	660	677	668	652	669	670	672	635	638	666	681	661	657	668	640	652	663	673	645	656	656	664	679	660	700	679	663	3450.007549
650	665	657	658	664	670	662	652	681	663	638	648	670	632	660	680	666	637	655	632	665	681	661	666	674	634	647	658	661	655	657	662	680	662	673	666	653	660	642	660	664	651	670	666	632	669	658	647	667	654	668	649	658	666	651	654	647	647	669	683	682	652	651	644	649	658	671	685	653	683	659	674	652	651	652	671	667	654	654	641	687	667	690	669	639	652	660	659	661	646	665	658	666	646	651	627	3450.939309
676	663	639	658	649	660	646	671	658	662	654	666	666	635	656	658	677	671	668	657	659	665	665	658	648	654	678	657	656	668	666	656	649	655	667	660	652	675	667	673	670	649	646	667	648	674	642	659	678	661	670	661	646	650	651	661	641	658	643	665	687	661	683	662	660	636	686	648	632	657	669	647	658	672	665	667	649	647	679	677	652	653	658	670	634	642	669	650	673	670	647	660	636	667	659	647	3451.870881
665	651	660	657	660	668	673	663	643	652	674	678	654	679	650	664	669	654	647	651	686	641	639	671	661	671	651	667	649	670	658	651	676	647	682	666	651	648	666	652	646	643	652	649	662	675	650	657	664	674	679	663	666	644	667	655	659	658	680	664	648	653	671	650	654	660	654	661	639	675	686	656	678	643	649	651	669	656	679	657	669	642	662	670	645	683	657	662	640	671	658	672	658	676	650	653	3452.81089
668	648	681	652	663	672	675	676	649	667	652	655	661	642	645	631	651	657	660	680	646	645	658	643	664	668	647	658	647	654	661	662	667	661	676	637	647	674	645	646	664	670	659	653	659	640	652	656	638	680	665	651	652	663	641	652	667	659	661	636	656	688	655	654	659	641	657	671	645	664	668	642	668	664	664	642	644	658	659	634	642	675	641	648	668	654	664	647	661	635	641	649	645	654	654	647	3453.742086
649	643	665	665	669	644	660	643	668	657	648	673	678	640	674	638	645	662	635	668	667	659	657	646	642	661	642	651	652	642	647	644	652	674	659	665	641	659	631	653	678	658	640	672	647	648	654	657	665	641	669	638	645	654	631	648	648	631	642	656	688	648	639	649	642	661	668	663	672	654	668	657	664	662	638	652	648	662	645	662	649	655	612	650	654	645	655	654	639	642	680	637	637	648	619	652	3454.673097
659	651	668	643	645	667	662	660	647	651	687	665	654	670	641	660	645	656	646	666	635	648	644	651	660	625	637	643	655	649	646	665	654	636	660	649	664	651	654	652	643	656	657	661	669	664	643	658	641	655	658	641	677	666	652	650	642	637	646	664	651	664	645	650	641	647	652	645	658	660	664	656	651	622	635	644	646	654	642	655	665	658	663	647	638	646	669	670	657	641	652	646	652	646	638	630	3455.612538
651	681	641	659	636	670	638	631	650	657	659	670	640	643	656	654	642	644	641	650	635	645	635	658	651	649	650	642	650	655	674	647	644	658	674	634	637	649	651	659	653	655	642	647	656	652	639	648	641	666	630	657	652	644	638	676	644	652	645	652	610	642	638	643	657	656	649	631	666	652	624	660	677	656	648	648	654	626	645	645	644	646	662	653	637	650	654	646	657	636	668	664	630	666	657	686	3456.543173
653	636	668	647	686	632	656	656	666	655	654	669	644	653	642	635	652	651	659	652	659	647	637	645	640	697	649	655	644	649	652	658	653	640	654	657	685	644	656	635	672	638	665	661	651	654	671	681	647	638	663	655	643	654	664	646	638	644	658	665	640	646	659	664	656	638	634	663	644	640	660	659	642	625	644	641	626	652	646	651	638	643	656	660	631	641	659	655	637	655	654	661	657	641	672	659	3457.473622
642	656	634	624	659	658	653	647	684	659	645	642	658	648	658	633	659	641	654	666	641	631	644	659	671	629	635	649	651	639	635	648	649	643	637	669	638	640	644	630	650	633	653	656	631	656	649	673	665	654	644	640	653	654	663	665	659	629	642	654	644	663	637	641	662	640	627	659	656	643	648	655	643	661	667	681	655	657	647	663	644	662	641	652	632	653	644	667	661	635	656	654	634	637	653	623	3458.403884
649	644	631	635	633	657	643	643	651	674	640	641	640	650	650	647	663	626	645	627	655	647	650	654	654	647	648	644	645	626	664	652	649	646	653	644	653	655	664	652	658	652	652	639	653	642	642	656	631	641	667	658	644	659	626	654	626	637	624	640	652	661	647	665	637	659	664	648	655	622	648	662	655	644	638	654	663	644	661	644	632	642	640	647	652	638	648	647	647	658	664	642	655	641	653	657	3459.325349
631	643	622	652	653	654	633	673	645	644	646	653	609	668	660	657	655	635	636	634	666	644	640	650	656	626	655	659	641	642	635	640	674	650	655	642	627	648	663	662	643	659	638	638	633	646	676	666	651	646	631	642	646	632	644	641	647	645	659	649	629	644	660	642	638	649	635	638	655	643	639	646	642	655	659	645	650	643	650	643	636	661	633	666	643	646	653	666	631	651	631	658	645	638	650	649	3460.25524
644	655	651	646	662	666	642	641	669	652	640	668	630	670	653	636	666	666	646	669	653	655	642	656	643	650	648	659	653	658	639	656	656	638	629	638	630	646	636	659	640	654	645	642	639	642	639	647	627	650	635	661	653	655	638	621	649	625	642	667	645	623	645	668	636	632	679	654	629	644	667	656	650	655	662	648	633	664	653	651	656	666	617	664	633	645	649	650	651	642	659	655	638	650	654	657	3461.184944
667	664	636	639	654	670	655	621	633	649	633	656	642	654	642	656	663	656	631	654	664	650	657	663	643	636	638	631	647	645	628	650	647	634	651	648	660	652	643	628	657	636	633	651	648	637	658	669	649	634	655	657	637	656	657	643	645	646	635	651	650	665	651	650	639	649	677	656	658	667	640	654	666	639	659	623	633	649	625	643	648	644	658	657	641	657	641	637	650	674	662	637	622	643	650	651	3462.114462
637	632	621	636	639	639	656	647	660	644	660	643	671	643	656	653	650	643	654	641	654	658	634	667	642	636	631	635	634	642	647	651	644	628	639	661	636	626	651	644	650	631	640	649	647	656	633	644	638	638	640	644	626	668	653	649	618	657	641	647	639	642	635	656	662	645	656	629	633	626	647	636	647	657	638	644	649	674	646	645	634	636	632	651	625	653	647	630	643	635	646	622	643	648	654	642	3463.03519
647	651	635	647	653	650	645	626	655	655	651	654	640	644	660	630	660	631	640	645	642	643	646	642	649	650	644	635	641	637	632	659	630	654	630	653	641	645	643	631	651	649	657	667	640	650	642	645	647	645	662	648	646	642	652	670	664	664	633	651	632	629	661	630	638	650	650	663	664	635	676	633	654	625	636	656	645	637	648	659	640	639	642	629	635	638	632	640	664	672	632	655	636	637	649	649	3463.964338
635	649	654	638	636	646	649	639	651	640	654	650	653	655	652	647	645	630	642	638	622	642	633	657	652	633	633	654	635	658	656	647	644	636	662	633	650	652	646	635	640	642	669	642	646	620	649	641	637	640	650	663	636	631	650	645	634	647	654	645	658	652	633	647	659	619	660	642	627	654	649	627	623	640	644	637	639	636	659	641	658	643	624	641	637	655	659	647	651	651	658	634	633	635	641	632	3464.884699
631	654	655	645	638	650	639	669	632	653	646	627	640	644	640	632	640	655	671	617	635	642	651	625	652	657	647	626	636	628	645	653	653	657	672	667	651	634	637	652	656	637	653	644	623	652	644	672	641	661	641	649	659	663	656	630	620	646	653	640	681	636	653	653	667	639	676	640	648	652	643	618	646	643	656	650	660	654	653	644	655	643	635	643	634	644	659	645	650	637	637	655	652	650	648	656	3465.804877
644	648	629	653	654	644	634	623	643	663	646	637	630	632	637	643	650	621	678	629	664	634	630	655	664	638	644	656	651	636	656	647	633	663	635	653	625	635	650	651	641	641	653	646	635	664	656	645	654	647	646	641	644	636	626	645	651	655	650	644	649	640	643	649	660	632	654	662	655	643	648	622	655	649	651	628	654	640	640	651	648	651	621	640	632	642	676	653	660	639	649	647	650	644	642	641	3466.73347
654	635	643	628	648	654	631	647	651	626	649	674	652	632	654	638	662	654	649	630	648	659	635	633	650	638	637	652	653	634	635	662	651	623	645	648	617	651	657	655	639	646	625	662	627	643	625	654	648	657	658	642	655	650	639	660	628	636	653	630	649	654	627	866	636	648	656	639	659	647	641	636	626	660	652	682	648	644	655	646	650	623	630	638	645	649	647	647	636	649	640	651	662	625	663	632	3467.653281
640	636	630	645	644	674	643	655	641	646	647	643	618	638	650	648	648	638	654	625	636	654	640	653	642	636	639	629	646	627	621	651	620	655	645	645	637	641	666	638	626	640	626	642	630	648	625	651	637	663	618	633	616	646	645	660	647	648	643	636	639	626	677	2932	642	620	645	632	636	642	651	650	613	649	629	641	644	642	624	650	627	642	647	647	644	630	640	618	643	663	643	643	653	635	658	638	3468.57291
629	631	621	646	652	637	647	651	647	650	647	650	649	636	646	662	642	647	653	657	647	633	639	652	648	647	657	662	637	649	657	656	632	620	668	639	640	644	665	645	636	655	635	646	643	642	641	629	663	629	641	660	652	630	622	658	646	644	646	620	642	656	645	657	650	633	642	639	677	649	643	640	639	652	650	650	654	650	647	646	647	633	635	646	654	646	631	632	648	660	644	634	651	641	659	657	3469.492357
653	646	657	648	638	643	651	648	642	641	649	639	644	646	648	649	642	643	629	664	674	653	650	662	636	660	640	659	656	641	653	633	655	624	666	661	644	648	625	639	651	643	645	652	623	644	663	657	634	622	648	649	648	658	640	652	656	640	661	637	654	635	652	642	645	665	646	646	645	641	653	672	634	672	650	630	645	648	645	660	649	667	659	652	644	645	633	633	660	623	647	651	648	632	643	650	3470.411621
646	637	642	668	637	640	654	641	638	655	628	644	656	650	632	626	662	658	660	649	645	643	632	640	635	654	630	617	629	632	647	659	634	653	638	659	624	636	639	635	637	619	642	646	629	664	670	647	667	650	628	644	644	644	632	638	659	635	654	650	642	626	635	636	646	643	628	610	640	633	619	648	645	647	652	635	665	654	637	635	668	614	636	643	634	634	626	627	652	654	640	641	642	652	656	623	3471.330703
636	644	644	656	627	635	624	621	635	648	631	661	652	647	649	656	631	649	642	631	617	633	638	640	618	651	646	643	662	638	636	627	655	671	646	630	637	640	641	635	639	642	643	669	649	642	633	636	651	664	637	641	644	647	627	645	653	643	653	640	650	649	643	634	653	641	626	646	642	670	654	628	642	647	641	610	629	640	651	633	617	637	640	637	658	626	644	651	646	638	647	644	646	642	637	638	3472.249602
619	642	659	640	639	635	633	627	639	645	629	626	631	641	676	652	655	621	662	649	637	638	635	654	655	655	644	663	639	663	631	625	651	621	645	640	625	644	635	653	654	647	618	629	636	642	653	637	619	625	644	631	640	631	649	649	629	636	644	639	634	650	651	634	649	642	642	629	628	656	639	635	650	615	635	630	637	651	653	619	633	635	661	660	629	625	646	636	652	638	629	653	640	629	628	633	3473.16832
640	629	646	643	637	646	637	634	641	642	623	647	639	650	642	630	627	645	626	632	624	622	641	645	626	625	648	615	656	629	635	658	630	645	635	650	636	634	635	651	640	612	645	654	622	621	637	647	637	648	638	631	632	628	636	637	648	637	634	633	646	667	627	636	641	634	652	626	618	645	644	641	643	659	640	622	606	627	641	627	637	630	636	644	633	623	612	621	613	641	628	648	642	631	651	652	3474.078271
629	639	631	635	624	653	617	637	645	639	641	640	651	625	632	626	626	618	647	633	658	647	642	648	636	627	631	646	648	624	632	645	637	629	653	652	628	641	648	631	631	637	649	615	639	667	630	637	646	634	626	630	636	619	633	618	650	651	619	640	641	638	643	647	646	629	643	628	628	619	628	609	638	628	632	631	649	649	632	659	631	647	630	654	653	637	652	617	630	627	633	633	632	629	630	643	3474.996626
634	629	622	649	623	633	643	628	642	650	646	627	651	621	629	643	646	629	631	638	627	641	624	624	628	626	631	629	650	648	646	628	645	613	667	623	646	668	631	638	650	614	642	651	639	644	613	640	623	659	648	641	629	649	647	631	644	629	644	635	625	627	640	652	636	620	623	636	634	648	648	650	634	629	632	631	635	641	622	639	633	627	650	660	645	639	615	657	628	627	641	624	644	643	632	661	3475.914799
634	643	654	629	655	631	639	616	618	637	610	628	636	623	642	629	647	640	642	641	648	643	635	631	628	624	645	624	637	646	638	631	642	620	633	633	648	658	635	640	633	650	624	642	645	658	631	648	650	638	634	630	638	648	635	636	638	652	654	645	649	640	641	632	627	626	632	660	642	644	642	633	655	617	626	630	617	629	639	618	624	645	656	633	606	643	648	620	631	647	660	620	651	645	633	624	3476.824211
657	630	623	610	618	647	623	643	650	619	633	651	640	637	629	624	650	630	628	657	649	632	633	638	649	637	640	635	626	634	628	610	620	633	653	657	628	655	629	609	641	629	653	635	640	634	628	628	642	658	642	640	634	612	636	633	637	631	640	647	620	632	639	648	632	627	642	653	627	618	618	632	644	636	615	630	640	647	626	650	630	643	644	638	626	636	643	655	638	624	605	625	649	620	624	645	3477.733445
638	647	634	644	633	638	641	638	618	645	633	620	625	628	621	626	619	642	625	616	628	631	633	629	615	623	631	628	646	629	633	631	619	623	607	626	643	631	630	633	589	637	632	636	652	618	639	630	619	636	617	631	612	635	644	653	633	634	625	635	641	627	628	618	647	625	626	638	656	628	629	627	625	629	639	634	639	622	646	633	630	638	620	624	634	629	636	608	633	629	620	619	620	632	619	618	3478.651075
633	609	626	622	638	627	627	636	628	642	626	653	634	629	620	627	654	629	628	617	624	623	649	644	631	645	616	632	636	631	631	616	640	612	619	626	622	610	624	624	637	627	641	643	629	606	634	643	626	624	629	638	636	633	604	625	612	620	609	622	614	611	627	618	624	619	611	637	635	628	629	635	618	639	632	629	611	635	629	622	643	630	630	622	631	619	642	643	640	633	623	640	625	635	621	634	3479.55995
625	619	631	627	639	621	624	641	623	641	624	636	606	627	634	637	625	622	633	615	629	628	627	622	624	627	621	629	633	645	617	626	633	618	631	632	619	619	620	623	638	622	633	629	626	616	607	642	643	627	617	628	625	627	614	608	618	643	617	623	624	638	624	631	631	625	628	636	653	615	644	629	621	632	626	604	622	614	618	604	645	613	625	651	639	645	617	633	623	614	633	639	609	608	605	621	3480.468647
638	617	628	626	613	622	609	628	644	622	617	624	630	622	613	628	656	641	618	607	630	627	624	614	631	612	620	620	620	610	639	618	621	627	628	642	622	614	623	576	637	632	624	635	641	612	611	616	620	634	621	628	637	618	611	640	617	606	623	643	643	634	631	646	622	627	633	622	610	635	626	619	624	621	630	623	633	614	620	625	604	630	617	636	622	629	641	631	585	647	622	635	622	641	608	632	3481.377165
645	612	632	625	618	640	637	636	618	638	642	622	627	607	637	634	636	625	626	630	626	634	641	628	617	631	624	623	636	625	631	599	640	616	611	605	629	620	627	612	634	623	625	636	607	630	637	647	614	612	633	611	611	644	620	611	643	612	613	637	628	640	603	622	627	614	635	628	624	617	617	636	643	616	629	639	615	630	620	634	614	645	606	621	624	627	619	623	631	629	636	627	626	641	637	636	3482.285505
624	613	635	648	629	626	624	616	620	611	607	640	591	606	624	640	620	612	654	639	626	616	611	630	620	634	641	615	639	622	630	611	632	632	620	623	607	603	635	616	617	619	617	638	613	619	609	626	602	638	626	630	630	625	638	632	603	634	626	630	634	633	631	617	614	621	624	625	620	627	598	632	632	612	618	627	609	606	630	621	630	624	629	629	620	640	611	635	636	603	614	623	606	635	634	629	3483.193667
625	615	629	620	618	602	617	613	617	625	634	626	625	627	615	613	607	625	625	613	622	627	640	628	626	606	616	640	626	613	624	624	634	603	626	644	641	623	622	616	612	629	624	619	622	603	621	637	608	636	612	618	615	617	644	625	612	627	628	610	611	594	610	610	622	639	628	612	624	620	630	624	593	617	633	613	623	608	625	602	616	607	614	617	619	616	603	615	633	615	635	621	613	620	607	619	3484.101651
623	617	630	604	621	631	611	620	618	616	615	626	627	621	612	645	618	607	606	624	624	622	603	628	600	615	618	603	614	630	628	623	635	632	612	620	609	618	616	625	627	619	612	649	604	621	640	623	609	601	612	604	642	621	636	626	607	613	601	613	626	615	635	617	619	625	618	604	616	637	619	632	620	617	622	620	613	639	600	626	627	630	614	618	609	602	614	619	641	648	630	624	617	597	611	635	3485.009456
613	619	616	617	627	628	621	614	606	612	609	630	614	622	622	608	623	613	619	620	600	593	617	617	619	619	596	646	609	614	613	613	619	623	624	618	617	608	622	623	597	610	640	615	614	643	617	639	639	627	608	611	610	629	614	593	635	626	616	617	607	627	625	613	620	621	640	623	614	618	607	636	619	624	632	622	617	625	617	641	622	607	616	633	627	617	602	615	612	619	613	629	599	622	643	632	3485.917084
617	616	608	631	601	626	624	616	624	629	626	619	619	614	620	626	628	649	619	634	618	618	623	612	611	610	609	624	630	630	613	618	616	614	614	613	619	630	621	613	620	601	626	605	621	620	615	625	605	615	618	623	609	623	627	631	629	614	602	622	602	608	604	626	613	619	640	599	607	629	626	618	612	642	608	613	624	622	620	642	620	609	623	615	602	602	608	627	633	615	597	630	617	608	608	616	3486.815973
620	622	617	616	644	636	602	622	627	612	621	641	619	640	647	591	618	618	622	622	623	611	619	639	627	613	618	620	631	630	615	618	625	628	609	619	624	629	608	612	610	638	621	630	621	640	619	634	639	617	601	608	597	638	593	627	635	609	623	615	628	599	612	612	635	632	627	625	628	618	603	609	630	620	629	604	598	631	608	612	620	611	625	621	609	612	630	609	625	609	615	595	630	605	613	608	3487.723246
620	609	610	635	643	637	604	618	612	633	621	601	624	623	581	619	612	626	611	616	610	621	630	629	624	620	623	634	619	608	606	615	625	626	625	639	622	619	617	601	613	607	627	609	625	613	612	623	607	622	608	612	612	612	621	611	607	621	618	601	629	621	641	623	603	598	618	606	604	635	613	610	607	633	612	619	618	602	641	602	601	622	617	609	621	642	629	611	617	630	624	620	607	618	597	618	3488.630342
604	607	609	637	622	615	614	631	606	616	603	631	653	619	645	620	621	621	605	623	615	619	620	613	616	611	632	625	623	597	622	610	621	604	633	626	602	609	626	602	606	625	639	615	608	609	600	610	626	611	627	615	620	634	641	611	623	611	629	620	627	632	638	596	623	617	630	615	615	617	636	620	608	624	618	639	619	628	610	617	621	617	609	627	613	615	632	623	618	610	624	626	596	597	638	622	3489.528704
619	620	602	613	629	616	611	621	606	615	621	604	597	628	627	616	629	606	624	610	594	614	624	627	621	626	615	621	605	616	616	603	629	620	607	638	606	612	622	609	624	630	617	624	621	615	612	614	601	624	626	616	612	610	612	624	617	628	616	623	622	612	626	611	617	610	624	619	623	621	598	618	611	605	602	618	603	610	600	605	619	624	614	621	623	619	589	624	623	611	622	626	614	611	592	594	3490.426892
618	624	636	645	628	609	627	625	603	622	627	612	623	638	628	625	588	628	608	621	623	614	618	639	610	633	618	626	599	628	623	612	619	627	620	597	594	600	624	612	612	628	609	610	624	592	629	609	621	614	624	626	622	606	636	634	616	598	617	621	613	617	609	610	622	630	628	609	605	632	615	616	613	613	599	623	628	624	634	630	616	605	617	621	611	611	623	618	648	620	597	625	616	608	604	602	3491.333457
620	630	615	630	620	627	605	617	589	613	630	612	628	605	605	623	623	614	630	605	614	628	612	622	626	628	628	625	617	627	617	606	620	606	628	639	609	613	626	621	630	614	637	620	595	604	620	615	597	610	611	620	589	617	659	618	607	607	622	608	621	623	627	620	594	613	607	606	626	628	627	615	600	612	616	612	627	621	627	623	602	587	613	607	631	629	601	621	615	624	611	623	630	628	607	621	3492.231294
608	612	624	623	613	632	606	635	615	619	635	604	593	636	612	629	622	606	621	618	615	610	614	617	596	625	625	621	607	619	619	635	615	635	599	627	617	611	641	604	630	597	617	605	621	616	612	618	614	605	617	620	609	617	614	606	602	613	578	624	597	595	625	584	635	628	624	615	587	613	624	625	616	605	617	608	628	625	624	607	623	617	614	598	620	615	616	599	621	602	632	615	632	596	616	603	3493.128957
617	625	615	611	598	636	620	624	611	618	642	616	583	600	606	612	627	605	621	594	617	605	594	620	608	616	602	608	617	616	628	627	631	600	612	632	639	612	619	606	619	635	624	624	599	619	629	625	595	624	610	631	598	608	592	608	631	625	618	623	614	615	630	625	607	595	607	606	628	611	627	631	616	605	608	633	621	611	622	606	606	599	625	624	615	595	615	620	616	622	603	615	634	621	599	623	3494.026446
618	607	615	621	612	617	616	615	627	617	600	622	622	618	631	623	609	609	606	632	618	605	630	602	616	608	610	622	631	597	621	609	614	618	617	622	615	628	619	601	614	620	602	617	610	628	619	624	618	594	636	617	615	633	614	609	637	624	625	620	611	631	621	599	616	608	616	625	624	627	614	614	616	628	628	630	612	604	622	596	613	619	610	631	602	636	627	601	609	620	597	628	598	615	620	620	3494.923761
618	615	606	606	621	616	621	615	619	612	614	606	595	613	620	627	627	619	613	607	588	630	614	621	620	623	617	621	622	591	618	631	601	609	605	616	614	614	603	629	628	613	599	618	615	623	617	611	617	617	615	616	634	611	633	617	615	620	625	607	611	627	605	615	613	619	607	606	616	621	601	594	627	622	604	619	616	616	626	605	612	620	609	619	601	609	614	631	610	635	618	607	601	607	616	615	3495.820901
628	609	607	625	612	648	591	622	607	622	625	632	604	606	619	629	635	640	613	627	612	634	618	645	613	614	642	626	611	626	618	611	620	614	607	620	615	639	609	633	630	615	617	637	639	608	633	633	594	612	626	620	620	630	601	621	619	624	621	630	617	641	657	632	622	613	609	618	617	612	617	614	626	609	610	616	621	608	611	609	631	606	629	637	619	617	635	611	630	607	596	604	617	634	638	628	3496.717867
613	626	595	620	598	635	605	622	628	608	619	614	621	609	589	627	622	610	616	613	606	627	617	623	620	621	634	605	601	612	598	617	605	588	617	611	627	606	610	611	612	615	616	588	617	602	606	622	627	603	602	610	606	613	604	605	615	627	617	601	600	624	599	599	614	606	616	601	612	613	625	617	591	610	622	592	618	605	621	620	622	607	603	604	600	623	620	608	600	612	620	609	602	609	617	614	3497.61466
613	631	586	602	602	615	614	635	608	616	615	605	617	639	612	606	612	610	616	612	623	611	613	627	584	593	601	617	624	617	634	610	603	637	622	626	628	621	618	600	620	622	635	617	595	610	613	615	611	616	609	614	615	611	608	616	599	620	609	616	604	616	610	603	629	612	627	601	625	630	622	624	619	613	610	613	614	606	625	629	607	605	600	612	619	609	605	613	616	615	592	611	612	609	580	593	3498.502739
596	606	622	610	629	604	604	616	614	644	611	605	616	618	620	626	607	600	613	629	603	628	621	607	627	612	616	619	617	607	613	594	607	589	602	610	612	618	607	637	616	608	615	619	599	615	617	613	621	610	621	601	614	608	611	609	608	610	592	603	621	604	606	608	626	613	565	595	630	610	597	594	611	619	616	621	598	611	604	618	623	602	623	610	610	610	622	612	619	624	634	616	615	614	600	615	3499.399185
618	627	602	611	591	624	605	610	610	617	596	616	616	586	633	628	623	604	601	616	621	612	606	611	603	602	605	590	607	607	604	586	627	622	612	596	597	624	611	619	617	594	634	621	628	598	589	595	621	619	617	609	618	610	604	590	612	631	606	593	592	624	598	592	615	611	629	622	613	580	629	621	614	622	616	613	628	604	604	614	596	618	606	616	605	596	620	596	612	588	615	633	603	609	605	609	3500.295457
616	596	605	592	614	611	599	607	607	600	612	613	617	583	601	593	616	615	612	614	603	618	591	600	613	589	609	607	611	619	607	609	598	607	616	609	613	624	610	632	605	606	613	612	602	624	614	619	602	619	608	604	592	628	600	603	625	621	600	607	607	604	616	609	616	595	604	600	611	607	616	624	633	594	611	598	625	606	606	613	601	626	608	594	615	616	612	606	617	602	615	605	612	589	608	608	3501.183022
590	608	616	615	621	612	617	605	597	619	620	601	609	606	607	602	591	624	605	591	613	617	641	608	591	625	604	617	605	596	603	614	601	644	621	608	619	617	617	608	608	627	602	607	602	633	608	614	585	610	617	589	605	616	605	591	608	598	619	622	612	616	613	623	590	613	617	601	617	604	608	600	613	614	617	611	617	604	605	614	619	605	604	614	604	618	629	606	606	616	628	629	598	620	597	604	3502.078948
624	614	609	605	617	616	616	592	607	595	606	606	621	609	606	600	614	601	616	601	593	617	612	619	626	594	618	630	617	596	623	613	608	607	601	593	600	633	619	629	616	600	588	624	610	608	603	608	609	598	613	601	611	615	594	585	615	606	603	616	599	613	617	606	594	615	608	619	605	599	607	613	606	624	599	613	617	609	598	604	618	619	621	600	600	613	599	597	587	615	607	598	628	599	615	625	3502.96617
605	608	606	589	618	601	609	610	592	624	620	628	604	589	1015	624	603	608	598	601	614	598	619	597	606	615	605	608	611	586	617	618	602	602	611	623	600	611	605	613	592	623	612	626	598	608	615	598	588	609	614	583	625	603	608	613	619	604	613	616	607	612	623	620	589	616	598	616	599	612	624	614	585	595	604	586	611	600	609	590	600	592	615	595	605	595	600	603	611	608	614	602	610	602	604	601	3503.853222
581	617	608	610	612	608	598	604	616	614	610	610	593	605	2534	587	598	631	594	611	612	607	603	607	597	607	599	599	598	606	614	616	589	597	609	603	604	602	592	600	631	624	625	606	608	616	611	599	623	614	594	590	611	605	606	605	610	591	611	601	612	620	590	614	605	621	627	627	624	616	610	592	603	615	604	625	624	603	594	599	588	600	600	622	632	606	616	586	627	623	593	582	615	632	624	620	3504.740103
606	578	597	607	594	605	609	589	613	614	613	607	611	600	606	595	607	616	603	603	605	607	612	585	601	602	609	609	600	622	586	614	623	615	628	598	595	608	597	607	602	604	602	602	601	585	593	598	621	606	611	594	618	603	587	615	604	611	600	606	614	595	609	589	611	599	592	619	617	623	609	601	599	609	604	606	608	591	603	597	602	595	597	587	614	596	596	588	603	606	599	595	601	601	610	595	3505.626814
597	602	592	598	609	603	600	600	596	597	612	627	600	599	610	603	598	592	614	588	596	636	594	600	626	607	595	601	602	594	593	602	605	601	602	579	609	585	590	586	595	603	615	612	606	598	583	605	597	575	595	612	587	597	583	605	586	603	593	605	608	603	613	613	600	602	593	577	614	589	607	621	606	604	602	595	592	597	599	594	599	616	602	579	614	607	583	614	587	601	607	619	598	603	617	591	3506.513354
602	610	588	590	592	592	590	600	597	612	613	624	585	587	585	608	598	596	588	591	600	629	607	593	604	587	608	613	604	597	611	600	592	603	596	612	592	605	612	604	620	605	610	600	623	590	615	584	593	584	591	584	606	605	619	603	587	606	609	621	610	599	600	600	591	580	582	610	600	617	609	602	592	598	597	596	600	603	612	590	605	605	600	597	609	600	621	596	593	603	598	615	609	588	621	604	3507.399725
611	590	594	603	603	602	605	606	605	620	594	574	597	600	594	619	613	594	589	607	614	591	591	607	629	605	600	592	589	603	585	611	616	604	603	582	623	611	580	603	615	600	585	608	609	617	587	595	591	612	593	616	606	619	591	583	609	601	607	608	602	604	599	599	608	607	598	614	590	610	606	600	617	591	617	593	606	585	589	601	589	596	607	605	600	590	581	597	599	605	606	607	594	615	611	586	3508.285925
610	583	596	601	602	598	592	588	613	596	578	598	599	609	575	614	592	564	611	608	607	585	582	593	585	601	585	602	601	596	601	577	591	590	602	578	574	603	584	589	614	594	603	599	603	579	591	594	597	607	591	584	604	579	592	604	608	612	607	599	599	591	610	596	594	590	585	610	607	594	589	603	579	601	604	577	588	598	584	602	594	576	609	594	599	591	593	599	595	595	571	597	582	590	601	603	3509.171955
601	578	605	599	598	578	621	591	601	610	620	600	596	608	615	595	599	632	618	599	598	611	608	591	607	591	621	605	603	600	600	610	612	612	612	617	591	591	608	615	583	600	608	595	611	602	629	616	603	598	592	596	601	613	592	592	595	593	616	613	598	617	590	599	603	593	612	607	595	616	607	616	616	602	596	609	593	607	591	591	601	602	597	600	604	605	605	602	603	594	623	618	599	595	599	605	3510.057815
606	605	592	611	611	596	575	618	584	589	608	592	607	605	606	603	589	614	596	596	607	580	603	594	611	597	606	610	610	596	595	618	596	580	608	598	605	596	600	595	605	601	612	617	597	570	599	579	589	600	610	594	611	599	590	600	606	599	592	607	587	599	603	578	601	610	616	593	601	603	595	611	577	611	621	604	623	620	620	590	572	600	599	631	589	599	591	575	572	606	609	599	620	599	588	589	3510.943505
617	601	598	597	626	592	600	604	606	601	589	596	600	590	584	601	588	582	602	607	594	597	604	605	601	601	593	588	595	593	603	597	608	585	588	588	606	592	603	605	600	585	620	608	590	584	585	582	576	593	594	603	594	616	595	609	604	586	585	601	603	600	598	597	588	614	595	589	591	578	580	587	582	602	609	580	603	593	590	600	594	600	588	589	587	595	586	608	589	588	592	599	611	595	602	611	3511.820511
606	587	588	586	600	585	592	594	580	602	606	611	581	590	597	598	614	590	599	609	586	609	589	618	592	587	579	578	588	587	590	594	599	588	585	592	574	620	599	595	600	602	598	609	580	609	612	611	591	602	574	611	593	583	592	583	607	602	595	594	601	607	601	606	604	595	609	595	594	613	593	615	573	584	599	585	610	600	595	594	600	607	597	590	585	597	578	587	600	586	598	577	607	615	579	597	3512.705863
596	598	592	585	589	582	595	592	604	601	602	603	612	594	610	606	596	598	597	591	586	589	588	614	598	588	587	588	601	595	589	607	590	590	589	588	564	608	592	580	590	603	595	585	575	594	589	608	609	572	606	613	596	596	590	581	599	594	588	600	602	599	602	597	595	585	581	600	593	606	586	591	591	605	593	598	583	609	613	583	583	604	584	611	585	590	596	604	585	585	593	598	586	617	575	602	3513.582534
607	581	569	593	604	588	594	594	604	592	592	590	575	578	601	601	593	594	598	598	585	594	604	585	600	595	596	585	590	585	597	600	574	596	582	585	577	589	573	597	605	582	594	587	587	589	599	592	588	614	601	596	618	597	590	610	571	616	598	597	597	571	604	591	582	609	594	601	590	586	600	587	599	585	588	603	618	586	591	585	612	601	585	608	590	589	608	601	601	584	594	599	607	591	612	588	3514.459039
589	610	601	604	604	591	603	591	593	606	592	610	610	605	596	608	608	613	605	584	588	594	586	597	585	594	601	597	592	593	600	594	602	593	611	607	596	601	598	600	612	598	590	585	582	605	619	603	587	598	586	587	587	615	575	593	593	599	599	593	589	609	594	598	588	595	581	575	605	583	582	600	584	592	600	611	601	583	578	575	601	586	593	595	589	584	595	594	600	592	598	591	597	597	611	598	3515.343884
602	599	593	599	605	595	590	595	598	577	595	583	593	602	586	599	597	590	593	591	618	598	594	598	609	593	589	583	581	591	604	601	582	592	611	607	584	573	604	600	593	590	619	610	594	593	598	590	594	580	595	584	586	597	583	606	598	593	575	602	595	605	603	583	609	604	592	593	601	590	614	584	602	594	619	597	601	598	591	615	575	590	592	600	585	576	587	609	586	579	592	597	593	606	574	610	3516.220054
608	599	586	593	579	569	599	592	600	585	599	599	585	600	595	593	592	577	601	587	609	593	582	608	588	612	610	595	591	589	603	596	594	607	597	597	579	604	606	578	604	591	582	587	593	602	594	583	598	598	605	597	599	606	583	601	595	597	582	593	588	604	611	601	580	614	587	592	607	588	591	582	618	585	595	587	606	585	594	608	588	590	596	581	587	594	600	598	573	589	598	592	581	572	594	612	3517.096058
591	588	601	592	614	590	588	608	594	614	583	589	595	594	595	592	571	613	590	605	592	606	601	607	592	594	597	615	585	607	582	583	588	592	585	605	589	617	587	570	612	596	594	593	585	573	589	584	605	586	596	612	585	599	590	583	586	607	594	600	595	602	578	572	593	567	592	592	595	591	585	601	598	594	577	586	601	594	585	592	592	603	594	596	597	581	593	592	597	584	586	594	600	581	579	598	3517.971895
616	595	599	563	573	603	592	605	586	578	588	608	583	600	591	618	598	605	601	583	590	593	604	579	593	601	595	602	611	602	575	585	589	597	596	606	599	592	600	583	596	597	591	585	585	585	614	601	595	590	593	621	588	600	591	605	595	594	582	596	587	579	581	594	587	581	592	586	604	592	599	589	606	581	602	597	592	559	587	582	591	597	593	598	604	597	591	585	596	590	589	585	591	579	580	592	3518.847566
608	585	613	594	593	575	598	588	586	602	583	608	590	591	595	596	602	584	596	604	570	600	584	598	593	594	610	597	576	600	596	602	606	596	584	586	598	589	595	585	597	578	585	572	606	605	599	602	607	593	589	594	599	592	597	582	594	588	606	583	590	594	594	615	607	598	597	584	589	590	587	600	583	605	612	585	588	602	601	596	603	578	588	595	586	603	624	606	576	590	587	595	591	599	584	587	3519.72307
581	613	596	607	590	608	590	590	589	582	589	603	610	599	603	591	590	586	596	582	602	594	579	594	593	587	589	603	593	589	586	597	603	584	594	602	588	586	571	582	573	595	598	599	560	588	585	593	589	595	586	602	593	567	576	590	573	589	603	593	611	598	584	594	610	592	607	589	590	584	595	598	592	584	579	602	593	593	621	589	587	594	589	585	588	581	598	579	596	589	600	602	606	589	606	587	3520.598408
589	594	601	587	583	600	583	574	594	586	595	588	595	601	579	590	604	594	599	586	588	586	588	607	591	605	609	590	596	598	595	576	577	597	579	599	589	615	600	587	572	598	583	594	600	598	586	568	599	588	599	605	598	594	594	604	587	587	574	580	583	602	588	610	604	605	606	574	577	606	595	565	598	593	589	587	585	589	599	578	596	602	588	575	568	597	585	592	600	578	580	587	586	598	572	591	3521.47358
590	598	586	591	594	582	584	588	598	589	597	596	578	599	601	590	596	586	596	589	598	578	593	589	586	605	590	602	587	618	569	577	582	585	593	595	607	585	590	581	591	572	585	602	593	589	587	592	598	579	605	595	596	569	601	580	592	590	586	590	585	605	606	591	603	588	585	596	586	594	597	592	596	587	590	600	593	605	595	592	581	613	597	597	594	599	596	608	604	582	596	582	581	594	575	578	3522.340092
609	595	580	579	599	605	593	597	604	601	598	600	590	584	585	600	585	603	581	583	596	592	597	585	595	598	583	605	591	586	605	611	584	592	590	599	573	604	590	600	593	595	600	586	591	604	586	589	609	604	589	605	598	582	595	600	580	605	595	600	603	582	583	592	582	601	596	586	620	600	598	589	602	589	593	590	576	573	600	598	592	596	610	606	605	575	583	595	591	599	600	592	582	591	577	598	3523.214933
576	589	607	607	593	578	593	588	599	587	587	603	595	592	575	592	593	582	574	605	583	588	605	583	601	591	591	601	600	605	585	568	570	596	591	584	594	585	596	607	589	589	576	589	590	607	596	615	582	582	596	596	575	590	580	614	601	590	576	596	579	602	591	575	609	594	580	590	582	600	588	593	584	588	600	593	591	586	585	573	590	574	599	582	593	584	588	588	586	610	594	580	591	595	587	581	3524.089608
597	575	583	590	606	590	588	589	583	601	586	583	584	591	601	598	599	577	581	594	570	595	598	581	586	581	571	587	602	570	585	594	578	584	583	588	607	586	585	589	594	601	575	588	596	614	589	590	586	587	592	599	586	613	596	606	587	594	592	596	598	574	591	577	593	586	607	599	600	593	594	597	593	574	586	572	600	592	583	586	577	564	587	571	585	591	599	572	591	577	599	591	598	580	598	596	3524.955628
593	582	575	608	596	601	591	568	579	599	578	590	566	594	584	613	594	581	582	587	592	588	589	586	601	595	612	581	593	605	588	589	597	596	611	583	578	597	575	594	584	572	598	588	588	582	566	587	599	581	605	596	590	583	595	606	586	593	598	595	591	577	592	581	594	592	586	579	591	590	602	583	586	595	607	595	585	595	606	588	585	574	580	589	585	588	585	591	590	592	585	595	573	585	589	588	3525.821485
592	579	584	572	584	599	587	583	576	598	594	571	595	564	592	597	584	578	577	579	604	577	609	582	584	585	596	583	582	582	574	579	556	582	603	598	588	584	598	590	597	612	590	604	575	601	572	582	584	577	602	594	600	595	576	580	582	577	583	595	584	582	586	581	577	591	585	589	584	596	584	593	595	600	592	582	573	576	589	583	575	581	577	585	568	605	596	600	594	599	588	601	597	575	585	588	3526.695666
585	580	568	585	606	587	589	588	571	570	597	592	600	598	592	581	575	594	587	581	592	598	582	567	582	592	587	569	590	596	608	580	570	581	594	578	599	609	583	571	581	595	585	585	595	582	576	599	600	577	579	586	593	592	598	586	607	585	580	581	571	599	583	602	581	588	591	589	595	582	596	596	597	570	587	588	581	583	593	582	576	575	585	578	584	592	578	572	588	578	592	589	579	568	583	572	3527.561196
603	590	603	576	592	588	578	584	613	576	582	591	585	578	561	585	589	594	594	586	605	601	586	590	592	592	583	580	593	582	570	583	593	591	595	600	578	586	585	572	559	584	581	581	579	606	583	596	597	575	577	583	595	588	581	576	584	587	591	589	584	594	589	586	587	599	581	581	578	597	595	582	584	597	581	593	591	603	594	591	577	609	591	612	581	611	590	567	610	602	585	585	567	610	586	586	3528.426563
572	599	580	581	578	585	577	577	594	599	584	568	574	618	585	583	578	592	588	573	588	601	580	569	582	588	585	588	590	595	580	597	596	591	585	584	569	593	583	591	593	581	578	587	598	581	588	578	587	585	579	593	583	581	582	570	587	579	581	587	590	581	579	579	586	581	569	577	597	587	583	572	580	586	592	589	598	584	585	567	583	603	592	596	602	588	592	572	583	570	580	604	592	588	583	583	3529.291768
592	590	579	585	580	593	575	586	575	583	571	587	588	593	587	596	590	610	586	571	588	568	594	572	602	571	580	589	574	598	589	587	575	586	583	587	588	591	582	585	589	584	580	590	578	593	578	566	576	589	583	584	583	578	573	583	583	591	580	591	587	594	588	569	561	600	578	568	583	576	568	587	594	598	595	592	580	595	575	570	589	607	575	610	568	578	577	569	579	575	579	572	574	586	573	578	3530.15681
571	568	586	559	565	579	590	571	581	587	585	576	589	608	594	593	574	573	582	578	590	580	575	578	576	597	568	575	586	596	582	562	585	563	594	569	579	584	594	578	581	570	578	585	580	584	571	582	584	579	594	582	570	581	592	577	572	585	581	591	575	582	590	578	585	579	601	587	573	575	601	579	580	601	574	594	576	585	583	586	587	580	575	587	580	577	578	587	587	580	587	574	581	582	582	593	3531.02169
588	573	587	575	583	598	584	590	587	614	593	593	580	595	588	581	595	564	578	585	571	578	595	570	600	580	600	576	605	566	580	598	577	574	574	584	572	567	591	579	581	585	572	589	587	584	571	594	587	583	592	581	569	591	583	566	588	579	578	577	584	575	591	576	585	589	562	570	611	571	586	579	588	578	577	589	575	583	578	581	574	569	594	586	571	580	602	588	585	583	591	584	586	584	586	588	3531.886407
579	599	580	584	590	552	587	569	588	562	590	575	577	585	575	584	581	579	583	585	581	570	571	584	571	574	580	595	580	585	581	585	580	600	584	581	564	588	589	576	591	574	591	583	580	573	589	580	572	573	573	583	578	584	579	596	589	571	589	582	573	585	577	585	574	581	564	582	585	575	584	582	573	591	572	571	579	581	577	592	581	598	574	575	589	598	578	582	575	569	578	576	578	604	589	586	3532.750962
587	564	590	576	569	583	585	588	569	587	580	585	572	590	576	585	582	588	590	557	594	555	589	594	595	591	572	567	574	598	576	596	581	584	570	577	572	587	576	589	577	599	578	587	588	572	582	585	585	572	571	578	579	579	573	597	585	584	584	582	580	590	575	581	591	584	595	575	577	578	566	580	578	572	573	579	583	577	598	580	563	581	571	583	556	595	578	576	562	580	564	575	597	564	569	580	3533.606881
568	585	578	585	584	581	582	579	579	586	584	588	572	573	563	601	581	572	578	579	589	578	583	578	575	574	580	560	575	568	579	568	598	577	575	575	569	582	578	582	583	577	559	591	578	583	568	562	564	579	584	578	569	591	583	570	570	592	579	573	577	556	568	563	567	587	566	585	585	569	583	567	568	564	569	588	567	576	578	579	598	572	568	592	551	575	574	560	576	562	576	599	567	582	586	581	3534.471113
588	580	566	578	578	574	582	578	573	586	568	582	589	564	594	570	569	566	578	568	574	565	588	576	582	588	601	581	581	582	577	600	576	564	564	591	571	576	584	573	576	591	573	570	586	572	598	580	573	595	585	579	585	578	589	575	574	574	579	579	589	580	580	571	585	581	573	576	597	581	585	580	585	570	574	579	594	571	578	577	563	598	579	582	579	576	568	589	586	580	567	587	578	577	587	593	3535.335182
575	572	576	575	576	568	579	578	569	576	587	586	589	581	590	580	564	578	564	581	587	570	590	576	588	567	599	560	574	580	577	586	582	579	567	567	579	570	583	568	582	590	569	569	584	565	588	586	587	582	592	569	564	578	605	588	573	579	573	598	589	581	584	583	568	565	575	578	582	579	586	564	573	583	580	572	581	595	576	577	570	571	572	580	590	580	578	586	576	591	573	583	588	577	578	600	3536.190621
571	572	573	575	564	573	587	579	580	583	578	573	575	577	587	580	586	575	576	578	579	589	569	588	579	575	565	588	578	564	576	586	579	573	590	573	584	582	575	576	578	568	565	588	576	566	584	587	569	575	577	585	572	572	569	589	561	564	586	579	585	596	567	576	579	579	565	577	576	599	575	575	571	583	586	580	559	572	564	584	568	582	584	561	568	569	567	586	566	585	574	572	586	577	586	582	3537.054367
571	574	589	569	577	576	575	583	578	566	566	584	565	583	587	599	565	586	572	583	586	583	583	578	576	577	585	595	574	578	581	580	582	595	589	585	565	563	569	569	573	575	576	572	576	572	595	576	592	567	590	575	575	571	583	572	572	588	586	593	579	562	581	569	585	580	581	579	576	596	564	591	565	578	586	585	583	577	573	587	571	584	572	580	575	586	560	576	581	572	572	582	574	569	587	566	3537.909486
575	558	597	584	580	582	569	586	563	565	578	594	592	557	581	570	577	588	570	590	601	589	571	568	571	598	569	580	559	576	560	577	585	579	567	583	574	560	591	568	575	565	579	571	574	560	574	582	591	580	566	563	583	588	594	565	593	570	574	567	578	561	574	591	585	567	591	582	577	585	576	570	574	567	590	571	583	584	579	591	585	584	564	581	563	577	583	570	565	570	591	570	569	582	588	578	3538.764446
569	567	586	571	575	568	575	590	576	575	584	575	564	580	565	580	571	575	580	585	564	563	584	564	576	581	563	581	573	593	565	587	569	558	576	580	570	578	570	577	583	569	569	567	588	584	580	583	571	583	575	571	569	590	569	561	564	565	578	574	577	576	583	574	566	572	564	574	588	565	577	581	557	583	574	576	579	565	568	577	567	572	576	585	573	565	577	584	582	576	569	578	576	570	571	599	3539.619247
575	585	561	574	572	573	570	566	552	589	585	578	594	570	584	579	567	585	566	572	581	591	566	582	572	568	575	565	570	585	565	602	566	560	596	557	592	571	573	567	587	583	555	587	581	588	566	573	566	583	572	584	571	578	572	575	569	573	578	586	585	572	577	571	565	586	593	581	592	582	583	580	573	587	561	584	561	580	575	586	573	573	582	584	582	567	576	584	578	585	595	572	586	582	572	582	3540.47389
572	559	590	580	576	590	572	581	570	583	578	588	568	580	580	579	598	557	586	563	582	562	571	584	563	586	570	554	565	575	573	583	577	557	576	581	561	580	575	576	559	570	561	553	567	569	580	580	562	573	577	562	578	574	562	578	566	574	573	594	573	584	590	570	561	562	586	564	586	580	589	571	577	585	587	571	578	578	557	565	577	564	580	562	568	565	566	588	582	609	577	576	575	575	587	581	3541.328373
567	593	573	569	588	581	562	570	544	573	579	575	570	585	557	581	579	573	573	589	563	578	599	568	557	574	591	577	573	588	572	567	565	584	582	589	568	565	577	576	561	576	553	573	553	570	569	561	564	579	576	565	581	569	566	553	573	571	566	567	574	573	580	582	577	570	582	570	565	571	583	560	568	557	579	586	565	568	571	574	562	568	568	582	565	566	559	570	583	579	579	578	579	561	579	568	3542.182698
571	565	562	587	576	581	582	570	573	590	579	590	590	572	561	570	580	583	566	559	569	574	582	578	574	569	593	579	570	556	596	578	573	578	576	585	574	557	569	563	572	584	560	578	575	562	589	558	573	574	569	566	587	566	580	572	581	566	583	572	596	560	563	564	574	573	576	588	574	590	590	573	559	570	577	588	560	577	583	572	577	585	591	584	563	564	576	574	578	578	558	577	581	569	586	563	3543.036864
576	576	582	575	568	580	582	571	577	573	574	571	577	563	581	574	569	590	568	555	556	566	569	563	562	577	562	571	572	581	572	594	559	576	566	580	577	576	573	570	577	565	559	565	562	577	577	558	573	572	568	558	571	563	574	570	571	557	588	580	580	550	588	572	575	575	583	561	576	563	572	583	569	581	558	590	569	567	569	568	568	574	563	570	575	565	565	575	570	584	575	571	551	583	585	574	3543.890872
586	565	570	556	596	579	561	570	582	571	568	572	576	566	577	583	569	579	575	569	564	591	549	561	572	574	559	578	577	580	576	568	579	565	574	572	574	575	585	569	582	571	574	559	560	574	565	581	574	557	559	576	577	570	573	586	579	568	579	577	571	578	571	570	589	560	588	555	563	580	575	577	568	573	577	578	572	575	593	569	572	567	576	582	577	543	582	557	576	588	572	575	572	579	563	560	3544.74472
574	574	552	585	570	572	592	563	563	573	572	584	581	577	572	579	566	578	572	557	580	591	562	562	569	566	575	561	567	577	566	573	576	565	566	591	556	561	558	566	564	557	556	574	567	566	580	577	583	575	562	577	564	579	585	579	575	585	565	574	563	566	570	580	588	582	572	584	582	591	571	567	573	558	562	590	571	575	574	562	580	556	568	571	556	576	567	563	579	577	576	574	571	573	567	575	3545.589959
570	562	574	574	569	578	579	565	581	582	571	580	560	574	593	584	573	568	568	571	567	578	558	588	581	571	584	569	568	581	575	571	559	565	569	576	579	588	577	595	570	563	570	569	563	583	577	571	560	563	584	572	578	552	564	570	580	571	573	568	560	582	563	576	580	572	578	562	568	578	578	572	596	564	574	576	568	569	573	589	562	576	569	583	565	575	572	565	566	577	577	587	584	557	567	581	3546.443492
561	580	563	570	563	578	569	584	553	561	583	556	576	565	569	569	567	549	569	581	590	570	574	575	568	577	570	568	578	575	596	561	589	579	568	561	578	562	568	568	577	579	577	570	564	553	560	580	574	552	568	558	568	567	564	585	569	570	559	572	571	562	558	555	563	589	574	594	574	576	566	586	568	575	578	580	573	586	561	570	567	568	556	583	569	571	582	575	561	565	576	568	561	574	556	575	3547.288419
582	566	592	574	564	591	572	576	587	570	578	571	569	587	571	582	568	570	579	584	574	576	583	590	571	583	574	583	570	584	562	566	570	565	579	575	575	592	575	571	568	562	563	564	574	566	567	596	577	578	591	577	572	582	563	565	575	578	567	574	576	580	581	555	568	566	576	559	569	591	573	561	571	586	560	576	571	568	584	579	555	575	575	580	574	565	571	567	580	572	564	576	584	578	578	560	3548.141637
567	576	586	571	584	572	574	571	587	578	563	585	583	575	560	586	561	571	567	565	570	581	562	588	558	568	574	574	579	574	601	572	559	574	571	564	568	570	577	577	582	563	572	559	567	566	559	567	572	580	578	563	564	579	559	563	575	560	572	554	576	562	565	573	576	553	576	579	563	574	575	573	583	573	579	568	561	561	578	571	555	589	561	586	569	580	556	566	571	583	566	587	566	570	589	547	3548.986251
571	568	578	573	570	546	576	556	571	578	583	577	582	563	576	572	569	574	568	572	582	571	553	566	575	570	588	589	565	564	575	571	582	561	570	549	568	570	571	587	568	584	555	572	580	564	576	572	554	570	566	571	570	577	568	556	591	561	578	564	580	571	562	590	568	567	580	563	575	574	564	589	574	574	562	548	566	572	571	556	567	583	578	571	561	571	562	574	574	571	569	574	566	571	577	561	3549.83071
579	578	571	560	567	583	563	579	568	565	580	570	569	582	573	563	579	568	566	557	566	573	575	582	554	567	575	558	555	566	558	571	585	575	582	577	568	576	566	563	563	577	557	544	565	577	582	580	572	587	574	555	574	564	581	563	566	571	571	581	581	573	568	558	581	569	569	558	574	569	560	562	574	562	565	566	561	552	573	557	577	567	577	572	558	565	568	559	577	577	570	564	574	567	570	562	3550.683456
571	572	572	565	585	569	554	561	577	570	587	577	574	555	565	566	566	586	560	583	586	575	569	570	581	566	565	563	568	556	566	570	558	577	567	535	572	560	574	568	573	565	590	564	549	562	579	581	581	562	571	566	582	562	583	574	569	570	561	556	572	587	560	564	560	565	582	565	578	567	576	559	571	567	575	570	578	571	571	561	562	552	563	557	583	568	563	579	554	569	566	570	572	579	576	587	3551.527603
560	569	546	568	571	571	578	573	570	582	570	569	558	571	566	572	561	559	561	582	573	562	558	570	565	569	561	576	583	565	566	583	558	554	574	582	569	575	561	565	574	569	569	563	575	563	584	575	567	561	569	567	569	570	553	555	569	579	563	554	553	578	561	542	590	569	558	583	547	586	573	574	557	562	562	574	560	574	571	580	558	554	582	577	567	569	566	581	565	572	573	578	564	574	570	579	3552.371595
556	562	575	564	579	568	567	558	576	568	570	563	574	574	564	578	556	554	576	571	585	561	578	567	573	560	575	576	587	566	578	559	553	580	563	559	568	572	568	562	558	568	569	570	565	570	568	573	560	562	562	565	561	557	567	579	573	569	553	571	564	567	567	556	578	565	571	566	574	581	590	575	559	573	587	553	572	581	557	574	570	564	552	563	566	559	587	579	577	564	586	584	558	571	556	571	3553.215432
578	554	547	549	568	552	558	566	581	558	564	569	579	573	574	564	571	562	581	566	565	572	577	566	560	569	567	573	589	571	560	579	563	562	571	563	563	547	559	563	567	567	569	550	580	568	565	560	575	570	558	562	562	558	573	580	564	569	563	568	565	586	565	568	564	561	571	569	575	560	568	562	582	561	562	573	555	571	562	543	568	551	563	568	568	559	552	562	561	583	562	571	566	571	554	574	3554.050678
565	564	576	562	572	568	569	577	575	576	569	581	564	566	575	571	572	559	559	568	561	563	561	559	577	566	578	565	567	564	566	566	554	570	559	570	563	567	575	565	578	559	571	570	575	547	573	563	556	571	568	576	563	574	561	556	580	577	567	569	585	560	553	570	559	574	579	575	555	566	581	562	561	569	562	570	568	554	567	577	557	567	576	562	569	573	558	586	565	568	572	570	555	568	571	562	3554.894206
549	566	558	571	566	573	560	545	582	571	560	587	564	552	575	568	568	555	559	570	569	556	557	560	562	556	569	573	552	567	561	556	561	557	579	564	572	565	564	560	579	569	569	564	572	557	562	564	554	572	581	555	561	568	578	569	580	555	578	553	570	579	569	557	570	563	562	584	585	561	565	576	558	583	564	558	569	574	570	557	576	558	570	579	577	555	560	571	568	572	597	558	555	572	574	580	3555.73758
588	540	575	574	571	575	566	557	569	550	577	553	569	576	569	570	556	557	559	567	584	570	569	565	576	555	571	588	559	568	578	564	576	555	575	570	571	550	564	573	561	563	569	546	566	559	566	573	562	569	571	570	559	570	580	556	580	563	561	580	578	562	572	552	559	582	558	567	565	580	564	567	580	558	573	588	560	552	571	567	567	565	563	566	567	554	571	569	554	553	588	563	568	560	559	550	3556.580799
569	569	557	570	553	564	574	569	552	576	568	562	575	559	568	577	573	569	582	560	565	555	557	563	575	564	561	571	541	565	566	565	560	564	577	560	572	571	559	562	559	566	564	585	565	561	564	567	582	578	580	571	551	568	566	580	567	550	553	569	559	577	573	577	554	564	569	553	575	578	575	557	554	571	569	565	570	578	569	581	558	567	565	571	558	579	557	565	579	565	554	573	567	557	577	568	3557.415433
577	567	557	566	561	571	574	565	561	568	572	553	564	554	567	583	566	556	575	552	561	547	564	556	559	569	558	571	578	577	565	574	557	580	578	571	564	557	566	562	572	568	563	566	565	562	563	558	573	579	569	573	555	559	568	554	575	566	564	571	568	567	557	568	555	562	562	570	561	573	581	571	559	561	572	554	546	556	567	562	566	573	579	563	551	566	556	555	556	565	552	559	569	589	560	555	3558.258344
565	557	568	552	571	560	574	557	556	556	559	567	543	552	551	542	562	562	569	563	561	562	557	549	561	559	548	573	559	559	563	571	567	559	583	563	578	564	558	560	554	566	556	554	562	567	555	581	564	559	566	557	555	562	561	552	564	573	557	555	559	571	572	562	569	550	564	560	560	552	561	558	566	550	573	571	550	573	563	576	560	551	553	564	553	568	563	564	571	555	564	556	557	554	570	560	3559.092673
577	558	564	561	588	565	580	561	552	569	566	563	554	550	576	556	563	568	562	568	562	569	536	551	567	578	565	583	554	553	547	547	554	557	566	567	550	569	574	548	559	573	574	551	566	564	556	563	558	551	558	571	563	563	551	570	577	562	563	570	560	570	566	573	558	547	570	546	565	561	563	572	553	566	571	555	556	563	563	564	558	581	552	583	588	564	560	550	550	569	579	551	561	564	567	557	3559.92685
565	563	566	553	574	554	558	554	574	574	563	544	566	567	563	574	555	569	555	556	551	554	556	565	564	565	552	551	558	555	560	561	564	569	559	557	556	566	549	554	566	568	567	580	553	554	564	569	568	562	554	566	544	571	577	563	568	565	540	568	579	557	579	557	558	557	568	554	561	570	570	564	565	564	567	568	543	561	578	568	569	564	561	558	553	568	570	563	561	569	577	573	562	575	566	560	3560.7693
561	581	557	557	567	554	544	556	547	554	557	575	564	563	546	563	576	557	562	563	569	547	569	570	568	561	557	563	559	559	560	560	559	552	558	562	565	556	560	572	556	561	556	571	558	567	561	563	564	571	559	564	561	566	565	554	563	585	562	550	557	567	550	552	564	563	550	550	563	577	554	562	567	567	558	570	555	563	553	564	569	563	565	558	574	570	565	562	572	560	554	556	559	557	574	559	3561.603173
575	559	551	547	564	566	564	558	566	573	562	556	563	567	573	556	553	572	553	559	557	577	569	560	568	562	568	556	562	572	555	585	550	551	559	558	554	564	557	567	562	551	561	566	562	558	546	565	575	576	563	572	591	562	565	571	554	559	565	576	568	551	555	576	562	556	571	549	551	554	575	564	560	565	568	572	562	558	543	560	549	545	557	555	546	576	550	565	550	558	558	562	564	547	549	558	3562.436894
551	564	556	563	582	552	555	570	569	569	541	566	583	566	561	538	572	552	564	553	562	573	559	564	560	557	570	557	549	545	552	549	555	562	570	561	542	560	589	566	582	555	561	555	559	559	554	570	544	552	567	550	569	561	567	565	560	561	560	560	558	565	559	570	561	556	549	566	557	561	543	572	564	565	569	564	568	558	551	557	547	547	556	558	560	546	551	548	566	565	557	551	567	549	571	548	3563.270464
559	578	578	552	570	562	565	561	552	574	562	554	563	565	550	550	531	553	560	553	561	550	562	561	546	555	567	578	570	561	558	559	567	551	565	564	555	553	577	553	556	563	566	549	554	557	549	566	552	555	557	562	564	562	569	552	565	569	561	567	580	565	567	568	568	556	567	558	559	556	559	558	565	557	552	571	593	554	547	556	563	556	555	567	557	546	553	560	572	576	567	569	566	547	569	557	3564.103882
548	542	549	567	557	569	563	569	566	563	569	569	553	570	554	567	555	545	570	568	556	549	558	555	559	564	550	568	548	569	546	555	564	578	567	565	566	566	579	553	551	575	567	569	563	545	562	547	569	558	565	558	566	552	559	565	558	567	563	559	543	577	566	573	544	570	550	546	561	560	570	555	557	558	546	556	555	574	571	563	562	556	549	553	576	561	558	562	573	575	558	545	575	557	563	564	3564.937149
561	569	558	563	554	557	552	536	561	566	573	576	565	563	566	560	572	556	558	545	551	553	548	571	562	558	558	540	557	559	578	562	572	553	564	560	550	571	554	565	558	566	555	549	555	551	548	561	561	560	546	559	553	562	563	552	546	548	564	558	556	539	569	550	548	569	574	543	550	574	548	555	560	573	559	563	553	564	554	562	547	535	553	570	562	546	553	570	554	579	560	555	562	571	563	557	3565.76185
561	558	564	556	558	563	556	546	568	574	558	573	567	551	565	554	559	559	582	544	560	557	568	559	555	565	549	553	561	545	542	570	567	559	543	571	552	567	567	544	555	557	562	562	567	556	551	550	569	559	548	575	560	558	573	558	560	552	559	562	541	543	563	561	562	547	569	565	559	551	567	566	558	553	546	552	569	544	560	558	565	558	573	559	554	552	554	551	553	564	561	567	560	572	569	568	3566.594816
552	552	553	550	561	562	552	544	561	564	564	568	565	558	555	573	562	546	562	557	547	559	551	560	552	562	578	561	557	561	550	567	560	560	570	582	553	554	562	581	558	557	562	568	556	556	555	550	548	555	555	558	545	550	578	552	557	553	567	551	557	559	557	562	555	565	556	548	560	543	557	561	569	542	565	564	547	549	544	548	534	547	569	555	562	561	547	552	570	564	559	569	551	576	566	559	3567.427631
552	573	569	560	567	566	560	561	556	561	563	549	571	548	546	556	568	557	552	566	554	549	571	571	562	551	557	556	550	565	543	558	558	556	553	558	568	565	554	566	558	546	552	558	562	567	572	561	553	573	566	563	568	548	561	552	562	572	555	568	565	561	574	542	553	548	554	552	562	556	567	553	561	546	558	555	555	565	554	555	569	568	559	565	561	550	570	567	554	558	564	561	562	547	561	555	3568.251884
559	568	553	560	551	569	550	570	566	566	550	549	547	546	569	586	560	566	565	563	564	561	544	556	563	565	559	580	570	569	582	555	569	562	569	569	556	549	555	556	559	560	561	557	551	551	553	558	551	574	562	542	535	557	556	552	579	574	559	554	561	562	552	560	563	555	560	546	549	555	551	553	550	552	550	564	566	551	582	553	554	561	579	551	553	557	550	564	557	549	550	552	543	548	547	546	3569.084398
554	555	568	554	550	561	550	551	564	581	557	563	560	553	562	548	559	569	564	546	556	568	550	551	547	574	551	571	551	542	540	564	552	555	560	539	556	556	547	566	564	563	561	560	568	555	562	557	572	566	547	567	547	557	561	564	570	557	576	547	563	557	558	552	556	554	549	543	560	558	566	572	558	552	544	557	551	551	552	552	565	562	564	560	554	565	553	545	565	576	564	560	557	564	577	553	3569.908354
557	560	554	565	558	564	544	557	548	569	554	550	544	562	543	558	559	576	573	544	553	555	548	560	563	556	544	550	560	555	552	555	559	556	578	540	555	554	572	565	561	535	569	571	567	556	559	555	559	546	554	557	562	559	553	552	548	549	548	566	557	550	571	555	564	569	557	553	559	544	552	550	561	551	568	561	564	559	561	560	551	564	558	560	554	553	568	566	556	560	559	559	559	558	556	554	3570.740567
572	565	568	556	566	561	561	560	553	577	548	552	564	547	565	552	551	561	546	564	555	568	577	572	548	537	575	548	554	556	553	558	533	569	552	565	549	559	564	552	556	567	553	565	550	576	563	553	557	550	545	557	559	550	556	561	545	558	552	560	561	549	561	558	552	553	550	553	558	546	543	558	563	570	549	544	557	558	560	555	540	547	551	546	552	542	567	550	560	554	535	577	551	572	572	550	3571.564225
562	561	551	546	574	556	558	552	560	567	559	545	555	554	562	557	545	556	547	556	557	555	554	559	556	545	565	561	560	554	537	561	563	546	560	564	558	554	553	569	557	564	543	531	555	553	564	558	548	553	541	551	572	554	559	569	554	549	550	563	556	574	567	551	555	535	555	549	557	557	560	558	551	544	559	568	552	558	558	543	572	560	562	550	563	543	561	561	545	556	535	551	549	553	555	563	3572.387735
559	558	558	564	553	574	562	563	553	562	559	557	563	565	568	556	566	564	565	547	569	543	559	548	569	565	548	544	563	550	574	549	570	555	574	563	551	579	560	556	555	566	558	577	578	567	560	556	555	580	552	552	565	553	544	549	559	562	565	561	547	559	569	573	569	552	550	558	548	555	557	550	571	561	560	555	564	557	557	560	541	563	567	572	558	561	559	555	552	563	553	564	562	558	566	530	3573.211097
558	549	559	549	553	548	543	565	564	531	557	566	572	550	551	561	574	550	548	575	543	562	551	563	557	545	545	541	541	548	560	558	563	560	543	559	544	545	555	557	551	550	554	558	553	569	552	562	566	552	555	553	554	551	566	564	557	558	559	549	554	554	559	559	563	575	563	555	547	554	551	569	561	551	570	575	552	542	542	554	569	556	569	569	550	560	561	560	560	544	551	558	546	551	546	556	3574.034311
554	544	561	559	550	549	561	563	563	545	566	559	562	564	555	566	564	562	562	548	547	556	560	544	573	548	553	548	555	556	555	551	557	551	557	551	544	546	548	558	569	569	562	556	543	563	567	555	563	558	566	552	561	538	540	556	562	565	558	549	564	558	544	563	561	550	563	567	545	557	557	563	561	565	557	553	545	544	553	548	565	565	564	555	552	561	562	554	562	555	536	567	543	552	532	568	3574.857378
559	556	564	557	560	552	554	553	549	555	547	563	552	558	557	557	547	544	559	553	565	555	559	573	565	548	566	566	554	559	551	556	561	550	551	564	553	564	554	548	544	561	569	551	558	566	556	558	565	548	551	538	562	572	571	572	545	548	566	558	536	537	553	568	552	555	553	562	557	559	555	564	546	554	564	557	564	563	562	574	550	565	561	547	553	553	556	563	549	558	539	523	551	574	557	556	3575.680296
554	551	563	551	560	557	550	543	551	561	560	553	556	547	546	566	555	555	537	552	545	563	553	565	551	556	569	567	557	554	566	561	549	551	590	540	556	564	557	568	551	555	560	568	553	566	552	542	553	560	557	552	558	548	542	544	566	554	542	562	562	552	545	549	562	549	543	535	544	542	548	561	560	563	550	558	546	550	551	551	565	550	553	563	555	552	560	572	549	569	547	563	553	544	558	560	3576.494672
563	558	557	564	545	561	564	555	561	572	561	552	546	541	552	560	550	566	551	551	541	550	562	546	553	543	552	553	541	558	556	561	567	556	555	550	557	558	540	551	554	549	546	571	549	566	539	559	546	564	549	542	561	559	553	555	531	567	551	570	551	551	565	542	550	557	563	548	560	565	565	547	552	566	573	563	556	555	550	551	560	558	560	536	546	565	551	545	556	558	555	559	575	549	546	556	3577.317297
546	554	554	563	551	567	555	548	560	541	557	545	550	536	567	563	559	546	562	561	559	560	558	555	541	557	556	553	550	528	562	550	551	550	548	563	550	553	543	563	545	565	561	546	562	552	537	551	564	548	552	550	564	556	551	557	561	565	558	561	560	565	541	549	544	555	553	559	543	555	560	549	535	550	551	569	547	561	541	557	556	571	551	561	539	565	568	548	546	545	536	562	559	559	542	552	3578.139774
556	544	575	557	553	547	554	545	559	549	569	544	542	547	548	571	557	540	542	543	557	545	560	564	557	559	557	549	549	555	542	556	554	539	548	559	551	553	557	551	565	552	566	548	573	549	557	558	563	561	554	560	541	558	564	552	541	544	559	549	564	561	554	560	552	553	562	534	542	541	575	549	542	538	545	560	544	542	557	558	549	549	549	549	548	555	541	559	552	550	570	555	548	539	556	540	3578.953712
578	549	544	550	549	567	553	568	551	547	551	571	556	561	546	555	579	545	545	561	560	563	551	550	555	545	555	550	555	555	555	577	542	541	544	573	546	555	544	563	551	550	541	554	555	549	563	557	564	551	561	565	576	543	550	545	553	545	542	565	552	547	548	549	543	540	564	558	555	559	570	559	558	548	545	561	550	560	529	553	549	560	539	560	554	552	546	553	554	557	557	546	555	560	574	549	3579.775896
565	552	553	543	558	553	556	549	573	558	557	543	557	559	556	543	564	577	548	560	546	545	542	555	553	556	562	547	564	563	545	547	551	560	559	563	545	549	561	559	560	548	561	553	555	541	545	562	546	558	558	556	553	563	564	543	557	543	536	558	551	561	551	555	553	558	554	551	549	558	551	558	556	560	555	560	554	563	548	544	535	570	545	543	549	555	542	560	546	540	554	548	553	561	542	553	3580.589544
550	541	547	564	548	567	553	554	559	551	546	556	556	556	560	555	555	540	553	577	562	557	545	566	553	555	543	554	550	553	565	564	540	539	549	542	555	544	552	565	560	546	549	554	538	545	569	556	565	559	545	544	547	550	558	545	548	570	559	536	562	570	547	543	548	562	551	557	565	559	560	553	567	549	558	551	552	556	562	549	563	552	549	555	574	543	545	562	562	543	563	567	552	554	547	558	3581.403047
558	537	556	557	536	531	531	559	565	559	558	554	550	557	560	553	546	546	546	525	551	551	551	563	555	547	548	550	550	547	561	548	556	544	556	546	562	553	555	547	563	541	545	557	554	546	540	551	549	529	543	548	577	561	562	546	545	538	574	546	552	540	555	556	544	550	553	537	563	554	544	543	553	553	551	559	557	554	560	554	550	554	557	566	539	554	545	560	549	545	547	553	555	552	548	546	3582.224791
556	555	554	560	562	581	549	538	543	545	555	565	552	554	562	539	550	562	548	546	543	551	553	554	556	561	569	540	540	563	553	553	547	543	553	543	555	547	554	556	538	555	548	546	559	546	549	550	554	570	546	549	552	540	555	552	556	543	540	541	561	562	559	557	553	556	557	563	558	546	550	558	568	549	560	542	541	542	548	548	558	535	538	544	557	540	550	554	553	542	554	555	548	552	551	558	3583.038004
543	534	553	545	538	543	541	555	558	548	557	556	568	549	557	555	546	538	565	558	548	557	551	554	538	555	545	548	552	547	542	558	530	555	546	559	554	546	552	540	556	541	542	555	549	538	559	544	533	557	554	541	541	545	545	540	551	548	574	561	562	549	558	559	565	550	560	549	541	549	557	544	545	552	547	556	543	550	544	571	533	553	551	549	553	547	551	548	556	550	554	558	541	560	561	552	3583.851073
547	569	543	561	562	549	566	556	551	543	559	553	566	554	562	561	552	570	561	562	548	544	551	556	547	544	551	547	547	556	554	546	567	559	553	551	565	552	547	564	546	554	540	550	543	548	563	570	548	565	551	541	565	558	558	553	549	540	539	563	549	548	535	549	555	559	550	560	543	551	543	566	541	560	554	547	556	538	533	544	554	542	554	546	547	552	560	552	548	528	553	544	552	542	558	558	3584.663997
558	539	555	552	551	550	552	562	555	546	547	542	545	550	540	549	554	549	549	555	570	539	542	549	562	537	559	538	548	550	541	550	531	555	549	571	543	553	558	551	559	547	537	537	545	548	537	540	553	544	542	549	546	545	540	535	551	534	552	540	547	552	543	544	547	566	546	558	537	550	553	557	534	551	543	548	556	553	552	537	542	556	573	541	557	539	540	548	560	1509	549	541	547	540	549	551	3585.476777
548	560	552	540	545	558	544	555	536	545	555	558	545	562	563	553	562	549	562	556	548	567	548	562	551	550	545	545	555	548	559	549	556	529	538	541	551	558	553	548	557	555	549	571	564	555	554	564	556	551	555	544	543	541	555	561	549	557	573	566	559	555	551	560	563	547	562	549	556	554	544	539	560	544	544	549	544	548	538	557	558	545	570	535	553	552	547	541	535	1436	550	545	554	551	557	554	3586.289412
559	537	556	550	545	557	551	556	540	534	545	558	554	545	546	546	548	553	559	559	546	545	533	551	549	559	554	541	569	550	556	559	547	549	559	555	541	566	560	546	554	555	541	538	563	549	560	557	559	556	555	560	555	543	559	542	548	543	551	553	540	528	552	549	559	547	556	552	553	538	543	562	553	557	565	564	568	552	546	546	548	546	555	553	533	538	547	547	560	537	546	540	552	558	550	545	3587.093528
544	557	549	559	547	544	532	555	554	543	551	567	559	549	564	541	548	553	551	547	555	564	544	547	568	551	551	535	547	545	554	561	544	552	549	550	552	566	543	558	550	563	543	560	547	553	542	548	561	544	550	556	557	548	563	541	547	549	568	567	551	552	551	547	536	548	558	542	566	541	556	551	537	552	543	552	541	549	545	543	535	546	556	544	537	546	546	548	564	536	541	540	540	550	558	551	3587.905877
550	552	540	553	547	549	552	555	556	536	552	546	551	551	549	550	541	537	540	556	534	539	547	555	552	548	561	560	536	550	537	550	546	544	550	547	546	540	558	556	549	542	547	547	551	546	548	546	531	540	553	540	570	555	547	536	532	571	556	544	543	547	540	545	545	538	552	537	550	551	548	536	555	545	552	554	536	545	551	542	530	552	565	550	550	546	551	557	551	552	559	544	543	559	549	549	3588.718081
549	552	556	553	542	546	542	541	540	552	536	565	550	554	550	556	556	559	543	543	548	554	542	537	533	562	556	550	543	553	549	552	537	559	540	554	551	546	554	543	555	553	542	563	540	551	558	544	539	562	544	539	546	552	540	541	552	547	549	534	541	551	550	551	549	547	552	545	543	561	534	542	545	532	546	553	552	551	543	538	560	538	547	539	544	543	546	538	537	560	549	548	554	550	544	532	3589.52177
544	552	527	552	558	545	538	565	548	555	544	556	536	541	545	555	551	545	550	554	551	545	556	563	558	573	535	550	537	537	558	555	538	560	545	531	549	564	550	551	542	540	546	536	537	549	542	568	539	546	540	536	557	542	553	546	539	567	530	549	548	545	546	545	551	549	535	548	540	546	547	549	559	544	535	544	545	552	548	536	543	537	552	546	548	554	549	552	555	524	543	556	547	546	538	550	3590.325318
546	556	546	543	550	549	529	553	552	562	540	548	549	555	538	559	557	543	532	557	550	554	544	552	545	541	549	553	562	542	553	546	540	551	544	550	536	540	557	544	534	552	532	537	546	544	560	560	548	541	547	556	542	554	530	549	544	542	558	552	550	565	548	549	549	554	535	547	560	547	551	556	549	544	541	551	547	550	538	553	541	539	556	559	541	545	555	559	567	543	542	538	538	557	552	557	3591.137093
547	534	557	539	554	540	556	546	568	556	553	551	555	539	556	555	564	552	540	534	532	552	540	544	543	546	546	530	548	545	540	550	557	542	552	544	553	545	561	538	535	551	537	546	557	547	556	525	554	545	540	544	540	553	552	560	564	557	529	543	553	551	560	551	554	548	556	532	548	538	551	559	560	541	545	552	552	552	543	557	540	530	544	558	541	559	543	556	551	555	546	550	539	547	546	557	3591.940358
533	558	558	573	549	547	548	557	570	547	531	549	555	545	546	545	544	550	539	548	561	554	552	547	551	526	563	535	539	540	535	540	538	557	553	556	543	550	549	550	543	537	551	536	541	553	545	543	547	546	549	542	541	553	535	560	544	552	551	545	559	537	557	543	553	556	547	556	539	539	549	551	549	543	558	549	560	545	555	529	550	558	551	557	553	550	544	542	556	544	555	547	540	553	552	542	3592.743481
569	540	562	540	567	559	560	563	556	542	565	549	547	548	535	547	546	543	555	557	546	549	546	539	560	560	551	558	561	552	562	558	557	545	564	527	567	542	545	557	547	544	541	543	555	535	559	548	542	536	555	548	565	547	561	549	553	555	560	555	555	547	554	551	540	539	546	543	545	543	560	555	557	560	534	552	553	557	546	539	548	543	553	537	552	559	553	554	556	560	536	555	545	538	556	555	3593.546463
554	550	540	550	545	550	553	552	543	548	535	548	534	551	547	559	563	544	555	572	544	551	547	551	557	552	550	552	564	546	555	557	553	552	550	552	540	549	540	546	553	547	555	553	542	536	546	546	541	561	549	547	548	550	549	561	542	544	561	535	546	553	545	557	551	548	547	553	546	551	545	529	536	554	540	548	553	555	585	546	556	553	556	561	568	548	549	549	557	555	540	550	543	553	545	550	3594.349304
542	547	547	544	546	544	550	538	549	549	546	549	556	545	537	546	549	542	548	549	548	556	544	548	551	546	524	557	554	534	539	538	544	559	536	554	544	556	549	547	558	540	555	544	539	556	558	542	548	543	551	544	549	544	564	544	537	543	540	546	547	541	557	552	544	549	549	542	550	537	551	558	551	558	548	540	553	542	552	546	549	539	528	546	540	548	565	562	539	534	566	531	533	553	537	541	3595.152005
546	539	540	544	534	541	549	553	559	550	549	553	541	547	549	545	543	551	543	560	553	551	550	559	547	557	563	548	547	543	546	530	562	550	545	549	542	538	550	535	552	549	533	543	540	543	560	543	554	565	550	559	540	550	543	545	540	556	547	538	542	553	558	541	543	548	562	537	543	542	550	546	557	544	548	553	544	549	555	552	543	561	555	530	557	554	539	540	555	539	533	550	541	561	550	541	3595.954564
545	539	557	546	536	563	552	563	549	548	536	550	538	543	554	549	544	529	540	550	552	553	559	541	547	534	522	555	550	547	549	546	561	545	545	552	548	550	550	555	536	543	545	543	540	549	557	543	555	556	542	529	555	552	544	556	529	561	528	553	559	538	538	543	546	547	552	551	519	553	539	551	548	546	545	548	558	546	539	537	558	550	538	550	551	557	552	539	546	553	541	555	557	551	544	543	3596.756983
542	552	546	548	555	542	550	543	534	558	549	553	537	555	559	545	539	539	541	551	553	564	532	549	544	558	555	544	536	564	544	553	547	552	541	551	555	546	556	549	539	551	542	542	548	536	552	553	563	539	534	551	553	541	554	534	544	552	549	542	544	539	549	549	539	538	540	552	536	547	542	536	541	553	555	554	554	552	543	540	542	552	554	538	550	545	546	539	548	556	545	548	568	544	552	546	3597.55926
539	544	556	563	544	537	553	529	547	543	553	535	535	557	540	548	558	546	540	554	551	554	547	539	538	540	549	546	563	533	557	554	542	527	547	551	539	538	553	548	546	549	549	539	534	545	557	553	534	554	538	554	557	560	536	541	548	532	544	544	562	546	527	544	544	539	554	547	554	539	551	552	555	555	545	548	558	554	549	540	564	550	538	558	547	553	539	543	554	545	539	549	532	541	538	552	3598.353043
545	531	540	545	545	533	548	546	561	557	548	543	539	544	535	548	545	559	557	548	551	555	537	554	540	555	548	547	532	539	543	541	531	551	543	540	539	552	546	538	539	540	544	543	537	557	544	559	544	554	541	553	549	548	545	540	538	538	546	545	558	543	555	549	548	531	547	541	541	549	547	543	542	540	541	548	555	538	542	562	545	537	546	553	538	557	550	556	544	547	552	541	553	541	547	554	3599.15504
543	548	541	536	531	541	550	527	539	556	552	549	533	549	559	540	559	545	546	546	535	547	549	550	543	546	543	547	546	548	545	559	540	554	558	550	547	551	553	555	537	539	536	541	553	527	555	532	548	555	559	544	543	545	545	523	547	561	543	539	531	546	545	555	543	549	540	557	543	536	544	533	552	550	546	542	537	557	554	549	535	553	544	549	556	537	544	561	537	536	543	543	543	558	519	535	3599.948545
552	543	524	544	540	551	541	552	545	550	539	541	537	551	554	534	538	533	531	536	552	550	544	536	561	539	535	530	559	548	547	546	546	547	539	550	553	536	545	537	553	550	550	554	536	556	542	548	535	548	546	554	555	549	545	534	540	558	549	534	533	549	541	543	545	545	544	548	546	552	538	519	541	541	535	549	537	542	540	543	552	537	542	546	552	535	544	539	539	540	550	539	547	538	557	535	3600.750263
544	541	542	543	557	534	549	519	547	542	531	547	554	553	553	540	550	539	550	549	542	543	553	535	554	557	547	552	544	538	536	542	545	546	552	541	542	533	543	538	543	550	537	542	542	529	532	551	545	537	546	549	545	546	536	536	540	529	540	538	561	536	523	542	547	535	540	545	532	558	528	547	534	543	554	556	540	537	539	537	554	537	540	543	542	558	554	530	534	536	553	553	544	533	543	542	3601.543491
542	546	539	551	554	542	559	540	545	545	546	567	536	541	546	552	554	542	541	557	550	549	537	556	549	552	559	544	548	536	544	545	561	541	545	548	546	540	538	543	545	529	529	545	550	544	548	566	545	544	540	544	543	541	555	538	541	530	555	533	551	551	540	551	535	542	552	532	542	539	534	544	541	562	539	548	540	547	542	553	548	542	540	538	547	550	544	550	544	543	549	562	524	537	545	541	3602.336581
543	556	544	539	542	548	545	547	546	546	529	548	544	548	542	549	548	548	552	541	541	535	543	545	534	556	547	545	543	539	541	536	549	532	552	549	555	553	536	536	537	547	537	553	543	526	540	548	568	542	538	526	542	546	539	538	561	552	532	542	551	547	540	536	542	536	539	549	534	528	547	537	547	537	549	563	537	539	543	545	539	547	535	541	535	542	536	546	550	536	550	541	551	544	548	537	3603.129534
546	560	548	545	551	544	541	542	550	543	541	544	533	545	545	562	545	556	530	542	545	545	535	547	542	538	537	542	548	531	553	550	539	531	541	548	551	543	555	557	552	544	542	536	545	545	553	536	544	556	561	559	550	540	557	545	549	539	553	549	561	548	543	553	551	545	541	552	548	539	543	549	533	555	551	537	549	540	543	536	550	563	542	536	545	548	548	533	531	540	538	565	542	547	557	539	3603.922349
551	547	535	529	528	543	533	547	555	542	553	549	549	541	546	549	554	552	543	555	546	553	536	550	547	553	535	542	549	542	546	552	549	553	568	533	546	539	532	532	546	535	550	548	552	540	554	538	547	543	531	529	555	531	545	536	537	544	543	550	526	539	552	539	541	558	533	545	546	555	537	555	544	538	547	561	552	552	536	539	541	550	541	525	533	535	553	541	540	543	549	546	540	551	545	545	3604.715026
544	546	540	529	550	540	552	548	554	537	553	551	542	543	541	548	546	551	549	546	538	544	550	528	558	530	545	546	553	539	541	546	537	563	532	546	540	549	545	552	533	559	534	541	544	534	544	535	551	539	539	546	538	532	552	540	561	545	549	547	549	531	543	541	547	531	548	526	546	549	538	543	536	531	548	539	552	536	551	542	544	527	537	545	535	537	545	534	535	535	547	548	538	545	540	545	3605.507566
535	556	547	547	546	549	525	554	537	540	534	538	535	540	543	541	533	535	537	543	547	540	545	549	533	556	541	540	539	548	544	531	531	538	551	529	548	552	535	540	549	547	546	539	530	528	554	545	567	549	545	533	553	536	528	539	550	546	537	548	551	541	547	532	535	545	542	535	538	546	540	541	531	543	540	539	543	542	540	549	549	558	555	533	544	548	547	535	544	534	554	537	544	551	544	531	3606.299968
527	537	545	546	545	537	525	550	531	539	538	549	538	553	535	548	543	535	548	549	540	536	537	544	540	543	551	541	541	533	530	527	534	539	543	540	531	532	536	537	540	531	549	554	559	552	561	539	534	538	555	543	551	536	548	535	533	537	530	551	552	543	541	546	536	539	548	538	536	539	539	549	539	541	538	545	538	525	549	534	538	549	546	534	531	536	550	551	540	534	535	524	541	538	541	557	3607.092233
534	555	541	550	548	544	543	545	563	561	538	542	543	547	535	529	533	533	538	541	561	529	548	536	543	540	542	524	542	549	543	554	531	545	560	541	525	546	539	542	538	557	527	533	550	534	542	554	551	543	557	534	541	548	549	530	540	546	549	547	544	542	549	540	527	530	533	551	534	539	527	535	526	552	541	537	542	536	537	545	536	537	539	551	542	535	539	547	531	552	539	539	547	536	530	545	3607.88436
537	532	537	520	544	525	525	547	543	530	536	543	541	537	546	532	544	540	541	544	547	545	532	530	541	537	533	511	544	528	519	532	529	529	533	554	524	543	538	541	536	532	538	536	535	537	541	537	534	536	550	556	540	529	541	545	544	536	537	532	545	555	540	540	540	558	553	539	545	533	542	544	539	542	549	529	541	544	551	545	536	539	543	548	551	542	536	539	538	542	537	548	542	531	535	546	3608.668014
537	523	530	548	539	536	538	542	544	547	536	536	530	555	537	533	534	534	545	531	542	550	539	541	526	537	542	536	545	536	544	545	529	543	540	537	543	542	556	544	544	540	538	534	538	528	543	537	542	555	541	539	528	545	543	530	537	539	519	545	560	539	531	562	549	563	543	542	540	548	542	535	552	537	552	540	538	537	537	532	539	543	547	533	535	549	531	539	549	534	536	539	560	535	539	554	3609.459868
537	534	538	544	533	554	537	543	538	543	525	546	534	542	541	546	548	532	559	540	549	543	548	539	532	542	531	540	538	534	540	541	530	536	529	533	538	551	559	530	551	540	546	539	544	543	538	544	540	529	546	542	534	530	537	533	549	540	531	541	537	551	549	539	537	529	532	528	542	541	536	538	536	556	526	542	543	536	543	536	545	540	519	530	545	525	547	530	539	533	541	547	532	537	538	539	3610.243252
536	559	532	539	532	542	543	542	535	544	544	535	541	547	543	537	546	525	535	532	533	539	548	548	536	547	549	543	538	529	538	531	538	547	534	530	533	538	551	531	530	548	541	547	546	545	526	538	533	540	537	541	554	546	540	541	545	548	549	543	547	541	539	537	548	541	518	534	545	540	543	546	536	541	540	550	540	552	532	546	527	540	552	539	548	536	534	545	537	535	579	534	543	536	548	541	3611.026501
530	550	540	544	518	540	540	549	529	533	529	540	553	540	531	551	539	534	540	536	535	549	544	547	539	547	543	536	556	541	541	538	542	534	548	542	558	531	543	554	546	521	540	538	550	539	527	531	540	540	550	541	535	530	553	538	539	525	537	525	541	529	544	545	557	543	537	543	533	540	534	532	532	552	548	534	541	528	534	544	542	535	540	543	538	539	532	549	532	530	540	533	532	540	525	537	3611.817946
543	552	525	543	560	537	527	546	538	532	553	542	559	537	541	535	537	548	539	532	537	539	537	535	537	542	539	535	525	542	535	539	526	543	534	548	531	525	537	531	539	544	543	522	543	539	537	539	533	537	542	545	538	540	542	539	540	530	541	528	537	538	533	540	536	538	535	540	532	532	546	531	545	533	539	534	535	541	538	528	528	534	523	529	547	542	535	531	544	551	539	549	532	533	537	523	3612.600925
542	535	545	538	554	544	559	536	532	543	551	542	537	553	557	539	537	541	541	535	528	547	534	553	548	539	553	543	552	542	528	542	532	536	537	534	529	543	549	547	548	535	552	535	540	551	536	549	540	531	535	533	536	551	546	558	538	523	543	531	552	537	531	539	536	543	545	545	530	539	533	548	547	548	532	535	532	540	546	529	537	557	535	552	539	534	536	537	537	545	532	528	552	544	533	539	3613.38377
532	543	533	539	537	540	537	533	534	531	544	534	536	524	546	535	539	532	538	520	550	531	537	535	545	541	542	547	533	535	548	546	538	538	546	546	540	542	539	518	542	545	544	531	537	547	538	544	541	548	532	533	538	549	545	545	531	545	541	554	541	532	536	549	540	549	541	541	529	534	537	539	540	545	538	537	531	547	547	536	532	541	532	536	538	549	534	544	547	530	545	544	544	540	544	548	3614.16648
524	538	536	531	533	531	536	532	544	540	546	544	531	538	540	524	550	552	528	540	549	546	536	537	540	532	534	544	539	532	536	532	541	525	539	551	537	531	544	533	541	535	540	529	527	538	548	529	538	521	555	530	545	522	527	530	543	540	543	545	536	537	530	523	531	548	536	537	526	547	542	541	533	531	535	538	534	536	540	534	539	534	542	544	535	538	544	528	549	555	546	537	532	536	539	547	3614.949056
541	542	540	546	539	535	530	542	543	530	536	539	533	542	547	546	545	557	533	528	543	539	540	546	527	526	526	521	541	547	546	539	529	543	529	539	523	549	544	543	534	546	532	541	535	541	538	540	551	549	532	537	544	533	540	528	533	538	536	520	535	528	542	526	547	545	540	542	547	544	540	545	528	542	548	536	537	535	552	537	540	526	545	546	544	528	544	538	529	535	532	549	530	533	543	550	3615.731498
539	536	531	530	541	534	523	540	545	544	531	540	528	542	539	542	537	538	538	544	535	525	548	530	537	536	535	540	544	540	537	535	542	539	536	540	527	545	536	527	544	541	529	544	543	543	545	540	544	530	544	538	534	535	541	545	551	551	547	553	538	534	545	530	548	537	539	538	534	537	545	545	537	542	549	538	533	531	533	548	543	544	540	547	534	539	533	531	551	548	533	548	550	538	541	539	3616.505484
529	537	535	541	539	541	550	536	535	544	542	524	537	536	543	552	548	541	543	554	544	545	533	546	550	541	541	539	555	530	547	548	536	535	526	542	533	542	539	545	532	547	541	534	519	533	523	557	531	535	535	536	534	539	534	528	540	533	548	541	534	538	533	546	549	546	530	533	540	551	521	535	535	527	546	541	543	539	541	534	533	528	530	553	553	544	533	536	534	529	551	550	543	543	538	533	3617.287659
526	530	543	538	534	545	544	535	548	532	528	543	545	546	531	545	551	535	536	538	546	541	553	534	535	545	535	523	524	534	536	513	539	546	547	539	530	542	532	535	549	548	546	531	542	528	530	545	536	526	534	535	541	536	529	528	539	530	539	538	531	539	532	540	530	529	529	547	522	536	547	535	531	548	544	541	533	538	544	530	543	549	543	546	530	552	547	537	535	535	528	539	542	551	540	526	3618.0697
533	539	541	540	540	539	539	537	540	542	534	542	547	535	536	541	527	541	541	540	539	545	533	528	524	541	536	541	528	538	542	540	537	547	544	539	547	533	527	533	542	518	532	527	536	549	524	525	538	550	532	531	543	530	538	515	542	540	539	532	534	533	533	538	552	542	539	544	544	548	541	543	537	545	541	542	543	545	535	524	550	531	521	535	543	541	532	551	524	535	539	524	552	537	541	543	3618.843289
538	521	533	528	534	544	531	541	542	528	549	551	544	532	534	534	546	545	534	531	552	545	533	530	542	543	535	538	550	544	539	530	532	527	549	543	535	538	539	556	542	534	544	534	535	525	546	527	521	537	533	535	545	529	524	542	532	533	536	543	534	555	534	547	546	535	528	514	534	534	541	532	525	537	547	528	531	530	537	542	547	547	527	538	529	535	552	520	548	536	532	537	535	536	537	529	3619.625063
541	530	549	536	541	534	549	539	544	541	535	537	539	534	532	535	552	529	542	544	539	533	534	524	542	554	544	540	535	540	526	539	531	543	549	533	542	550	528	542	545	546	534	531	547	533	542	544	538	546	542	537	537	536	539	536	545	541	535	529	551	543	526	528	536	540	548	538	548	532	536	545	546	545	535	557	554	551	547	528	544	523	533	536	538	539	535	535	530	531	538	544	540	542	529	541	3620.398388
542	552	552	546	554	535	536	538	537	527	531	547	547	533	542	535	543	526	537	524	536	541	538	543	538	527	536	544	541	538	544	536	544	542	538	552	520	530	520	525	546	551	545	521	543	530	537	538	545	553	541	539	532	545	542	531	525	541	526	537	533	536	536	531	527	532	549	546	531	551	539	525	537	538	537	531	539	545	543	536	541	540	532	551	518	515	524	554	531	542	528	538	532	552	536	548	3621.171583
543	540	546	544	557	550	535	546	526	540	544	523	538	533	537	521	535	526	538	527	541	534	533	535	526	547	539	535	528	538	539	533	541	530	540	524	545	542	539	539	530	555	545	537	517	537	532	543	534	542	547	531	545	524	539	529	536	537	530	545	539	539	544	533	527	539	535	536	535	539	526	534	540	530	545	550	540	524	527	536	537	533	534	535	545	540	540	530	532	546	534	520	533	529	541	528	3621.952958
535	531	540	546	535	526	543	539	529	528	531	537	537	547	540	530	540	546	532	537	548	524	529	530	532	540	533	523	539	525	554	526	546	534	538	532	533	545	548	532	543	546	527	538	532	525	529	537	529	544	529	539	535	543	526	533	528	546	538	545	533	546	537	541	539	540	524	545	528	542	544	548	525	555	551	534	540	524	528	546	523	544	536	545	550	532	533	525	541	536	531	538	543	534	538	539	3622.725888
549	542	541	534	530	531	530	532	553	531	524	551	532	524	524	544	533	546	528	537	542	544	545	539	530	538	555	544	533	538	539	528	536	542	547	537	545	526	533	531	545	542	533	537	538	541	537	538	541	527	538	538	536	528	519	535	529	520	541	535	543	532	538	526	533	534	531	533	534	528	533	527	534	542	538	537	533	538	540	553	537	532	522	538	533	552	542	546	515	523	539	550	531	537	537	531	3623.498688
528	539	535	537	533	537	546	521	543	547	540	539	541	534	535	528	536	534	542	532	541	538	535	532	531	537	522	540	559	524	533	540	537	525	526	535	539	532	528	537	534	543	529	541	545	532	542	530	544	540	543	540	531	537	537	535	539	542	514	537	537	547	541	526	524	547	543	544	542	532	533	531	547	516	533	534	536	537	535	541	537	542	542	535	532	532	532	546	539	538	547	537	525	548	507	544	3624.271357
530	543	531	531	543	532	537	543	534	527	529	534	534	531	541	536	523	531	543	534	528	533	531	542	522	535	543	533	530	536	534	536	540	525	534	547	531	533	532	532	545	525	541	528	548	540	549	539	530	543	523	543	517	534	546	546	535	554	530	526	533	530	530	542	529	530	524	533	529	531	541	533	543	544	535	529	541	564	532	531	523	540	528	539	537	551	524	533	545	536	538	545	540	525	535	525	3625.043894
536	541	544	525	543	520	547	533	541	528	534	533	530	535	531	527	533	546	546	539	534	530	532	527	545	539	539	545	540	538	543	532	535	548	539	542	545	535	538	534	533	544	532	533	528	522	533	537	548	537	546	549	524	534	536	528	537	526	528	540	542	538	529	534	527	526	533	539	530	549	534	549	536	530	528	527	530	542	532	534	546	538	529	524	537	525	536	527	533	539	526	538	540	530	533	531	3625.807996
543	533	540	531	534	538	532	534	530	533	538	531	544	532	531	545	541	523	544	504	533	543	539	533	549	550	539	545	539	539	527	528	545	536	538	531	539	543	518	544	529	534	546	523	524	534	542	531	520	547	526	523	542	526	533	543	539	536	542	531	532	536	529	526	542	540	538	535	527	549	536	541	529	534	534	544	538	540	551	532	538	530	540	540	533	533	543	532	523	545	527	539	539	521	530	530	3626.580273
536	537	537	544	535	527	530	534	544	553	543	533	524	529	542	545	542	537	540	534	533	532	531	540	537	549	529	534	536	529	551	540	526	533	530	524	552	530	536	536	528	539	535	530	542	539	521	532	525	534	530	535	550	519	534	545	530	551	542	527	532	540	540	527	542	544	537	537	538	546	534	534	539	531	534	522	547	542	537	549	534	546	531	533	540	528	530	552	533	534	530	538	540	533	536	551	3627.35242
537	525	519	533	545	541	530	543	532	535	533	552	526	533	536	519	545	542	525	530	523	535	539	541	532	534	528	528	530	525	520	529	528	522	529	529	529	539	545	527	538	540	543	535	541	539	516	528	540	541	532	534	532	534	531	544	537	536	539	546	547	544	537	538	530	540	523	548	534	530	530	539	541	545	528	534	529	539	541	544	540	531	529	527	541	531	527	532	532	534	526	536	525	536	532	525	3628.116135
520	540	550	533	538	550	549	539	537	546	547	540	534	530	532	539	533	531	530	530	546	538	539	538	537	534	539	534	536	525	529	538	535	525	535	523	513	532	537	541	536	555	554	537	541	526	550	529	542	538	540	537	527	523	543	541	536	518	523	543	532	538	534	544	528	530	543	537	534	540	527	540	535	535	529	546	538	538	542	518	545	536	538	535	536	527	545	533	531	529	545	535	536	534	540	547	3628.888021
540	530	538	540	539	532	535	543	531	524	535	528	522	534	537	536	549	550	540	535	538	531	534	528	538	519	543	529	544	528	523	538	542	544	544	534	542	535	535	538	533	535	533	543	530	531	541	547	528	523	541	533	526	546	534	531	536	528	539	536	540	528	536	547	537	538	536	538	531	517	534	540	535	543	533	529	549	535	534	529	518	535	531	546	529	537	540	532	535	528	531	530	536	535	532	533	3629.651478
544	535	539	533	537	526	525	546	530	530	538	546	538	540	538	530	543	534	524	540	536	533	527	529	532	531	535	528	536	536	544	541	541	526	534	551	543	542	528	531	540	543	535	535	539	532	563	543	535	536	546	539	528	519	522	531	546	528	532	543	545	530	528	551	542	529	546	536	523	540	534	538	526	517	528	537	539	536	528	530	532	541	541	533	531	542	541	531	530	548	545	544	524	528	545	535	3630.414808
535	526	528	534	545	532	538	534	524	532	540	519	532	537	520	545	537	533	532	537	544	540	531	532	533	522	528	531	530	529	529	533	539	524	537	530	530	538	533	534	535	535	535	522	535	537	537	531	519	538	524	539	543	532	518	535	538	541	529	530	528	544	521	536	543	521	546	530	541	538	528	524	524	532	531	529	543	534	539	531	528	528	543	544	526	525	532	540	554	530	551	530	528	536	530	533	3631.186305
542	540	526	524	544	535	531	536	531	543	531	538	532	541	528	532	532	539	542	532	535	544	545	539	522	532	534	526	524	534	521	542	529	530	532	523	525	542	538	526	540	532	513	538	530	500	539	519	526	537	532	538	523	540	533	535	522	513	540	542	539	541	534	527	531	529	535	523	527	532	546	530	531	530	536	531	518	528	540	536	525	516	537	527	518	521	538	530	535	527	530	526	531	533	536	535	3631.949377
527	529	524	522	523	531	525	536	533	531	546	528	535	537	531	540	529	546	549	531	525	535	529	529	525	525	535	535	534	536	531	535	529	536	533	534	530	551	532	528	536	532	533	533	531	535	534	533	526	529	548	534	534	536	527	532	535	531	541	540	538	534	536	545	554	536	533	532	537	531	540	545	533	524	526	544	531	528	516	520	529	532	541	529	536	531	531	530	534	524	532	528	522	524	546	533	3632.712322
532	532	548	539	527	554	532	543	531	547	537	516	528	518	527	535	544	530	543	536	522	537	545	532	519	527	532	550	519	530	527	534	530	530	539	531	522	529	524	550	526	537	529	525	541	549	538	539	534	547	536	538	537	538	528	547	529	533	522	541	528	526	535	535	537	541	534	526	528	534	533	549	539	539	533	532	544	533	522	522	534	537	520	535	532	535	536	533	527	544	528	532	534	528	537	531	3633.475138
532	535	534	531	529	524	533	544	525	527	525	526	524	532	538	522	540	532	536	538	527	529	522	529	522	535	537	538	525	537	527	543	542	535	528	547	536	522	538	534	527	533	539	539	526	528	523	532	532	526	535	535	539	528	535	535	532	534	529	504	539	530	528	555	526	526	523	539	523	536	532	525	531	538	540	542	523	532	531	537	548	536	530	528	535	539	536	523	537	537	538	538	547	530	554	525	3634.237827
525	528	532	529	521	526	528	524	526	534	531	525	534	515	530	539	542	523	533	550	531	525	531	530	539	539	525	520	533	533	524	528	543	525	524	527	534	526	520	532	542	534	531	538	520	536	548	531	517	525	533	539	546	525	534	534	529	526	526	533	526	524	531	532	527	543	528	533	517	534	533	533	539	537	533	536	542	535	534	527	526	539	533	536	534	530	523	518	529	532	540	530	527	522	512	524	3635.000388
537	528	534	531	538	540	535	536	538	538	528	517	535	522	528	541	522	533	564	536	521	541	528	536	547	533	523	535	539	527	533	536	526	537	524	537	524	519	543	538	540	531	551	525	521	545	533	530	535	546	517	534	522	515	533	533	542	529	541	524	532	536	538	537	531	534	541	522	527	535	539	530	542	535	536	529	538	541	528	525	541	523	527	538	527	530	528	540	533	537	535	520	540	535	542	536	3635.754535
532	531	532	523	534	526	527	540	555	545	511	526	537	528	541	548	518	534	532	536	532	533	524	525	524	529	508	531	525	539	533	535	533	547	545	534	538	532	540	535	533	524	534	532	550	526	539	533	544	536	529	530	545	522	542	517	532	532	551	533	529	535	525	523	530	529	558	537	530	532	524	536	535	531	522	523	529	529	530	523	540	529	535	524	510	539	532	534	516	533	540	524	531	537	535	534	3636.516842
532	535	548	554	535	536	540	523	527	534	534	514	544	550	531	531	535	526	535	541	538	528	521	541	530	535	550	541	541	537	522	530	522	530	538	524	544	533	538	532	535	524	530	538	526	527	528	514	526	533	533	536	540	526	527	529	538	534	536	529	533	523	537	537	534	540	537	532	522	543	525	532	540	531	531	529	528	528	524	528	539	523	522	535	541	533	540	537	522	534	536	536	534	537	535	531	3637.279022
536	538	529	528	536	531	530	534	535	536	542	546	536	528	529	544	536	529	530	531	527	530	538	536	532	539	544	541	526	542	541	531	550	545	533	526	537	550	533	515	536	533	539	535	529	545	522	519	530	524	539	523	529	541	528	552	537	536	537	522	540	530	525	529	526	539	536	539	528	536	525	526	533	537	536	552	517	525	537	521	527	536	535	531	522	526	517	535	534	531	525	543	545	539	529	542	3638.032791
536	528	530	528	539	531	522	543	533	534	531	536	520	554	524	530	537	548	526	543	545	537	532	544	541	528	541	526	530	531	540	557	533	544	522	524	518	535	528	528	526	534	517	542	531	535	529	532	526	529	528	526	534	544	528	540	529	536	524	534	528	532	529	530	542	544	538	538	532	520	533	529	519	530	531	528	548	529	532	532	519	520	538	542	535	539	532	535	535	525	540	541	526	534	534	560	3638.786436
528	520	540	534	526	524	533	523	523	549	529	537	531	520	529	539	536	536	539	529	514	522	533	525	511	523	532	542	526	532	528	526	527	537	534	534	531	532	536	531	534	529	533	530	526	527	535	529	537	531	528	529	527	521	532	537	538	525	530	544	536	542	530	530	546	518	531	539	532	521	542	527	534	524	530	536	501	535	525	530	542	515	537	526	532	544	539	536	525	534	516	525	526	530	529	979	3639.548235
533	530	528	530	541	531	532	529	531	529	541	532	533	527	523	529	531	525	536	546	545	531	544	537	530	537	533	522	519	531	529	540	530	531	523	524	517	544	534	535	526	523	534	535	527	524	527	547	538	519	525	528	530	532	539	535	530	534	522	537	527	506	535	522	530	519	537	523	528	511	528	533	541	524	528	522	523	530	524	511	531	540	516	544	534	533	541	525	532	534	526	527	532	531	527	1334	3640.301629
533	531	546	538	532	533	533	539	549	531	524	532	530	529	535	528	533	524	530	531	531	542	529	525	535	522	528	522	531	528	534	523	528	526	525	529	568	522	528	535	525	537	534	536	533	527	532	539	527	535	531	516	535	537	526	534	526	537	536	540	536	532	543	536	532	527	533	532	536	533	531	544	537	543	530	523	525	523	530	540	533	540	524	524	525	528	533	528	524	534	526	551	531	520	524	1101	3641.054898
533	523	532	534	511	520	536	522	533	540	534	543	536	531	518	539	533	522	522	535	521	523	531	526	536	520	536	528	529	534	534	544	532	537	514	522	523	534	528	535	525	530	534	541	531	540	532	529	519	535	520	529	536	518	531	536	538	528	521	522	553	530	515	533	523	533	533	523	531	546	525	518	530	527	533	529	522	527	550	530	537	536	524	529	526	526	528	529	521	518	536	527	512	521	524	1163	3641.808042
532	538	548	528	522	532	528	537	538	517	518	532	528	531	527	541	530	527	552	536	539	543	525	524	550	536	530	515	529	525	529	528	546	544	521	533	523	527	515	537	533	538	536	520	545	532	532	526	523	517	543	536	538	533	539	535	521	539	539	526	526	534	522	543	535	527	534	533	527	521	525	516	534	522	522	542	523	540	533	535	541	524	536	535	547	528	528	529	537	528	540	530	529	536	543	602	3642.561061
518	536	539	528	533	533	523	524	526	535	537	534	532	536	536	527	528	522	520	523	526	532	528	545	524	530	522	526	536	531	540	544	529	522	536	524	544	528	526	543	532	528	535	532	533	519	532	539	519	525	521	527	525	512	534	517	526	534	529	533	517	538	521	537	539	543	521	538	524	532	521	531	542	526	530	523	539	534	538	526	535	547	537	521	516	520	527	537	526	533	526	531	532	523	537	533	3643.313956
543	531	531	538	527	528	517	534	533	533	523	550	525	536	528	559	538	542	531	530	522	534	535	517	543	526	529	527	525	514	535	533	543	531	536	533	526	529	540	541	525	523	518	532	525	529	522	526	545	525	533	536	547	523	524	530	537	525	527	536	543	536	516	532	533	543	519	531	524	542	529	549	526	527	542	532	516	529	529	530	528	535	534	525	526	528	524	527	538	533	525	524	528	531	533	526	3644.066726
540	527	541	538	537	530	524	542	530	541	529	532	530	526	533	531	532	536	537	529	532	523	524	542	529	530	528	535	539	534	532	531	536	527	525	532	533	534	535	532	526	519	541	522	533	522	534	534	540	534	523	525	534	530	539	523	517	534	520	532	539	524	534	534	521	529	534	538	523	526	535	530	529	520	517	522	545	540	534	535	517	524	528	529	537	521	535	519	512	530	533	526	533	546	529	533	3644.819371
535	537	530	527	539	540	530	520	534	520	537	523	538	528	529	531	528	530	527	527	534	534	532	536	533	539	536	523	544	532	532	531	534	527	529	518	537	538	508	505	536	520	539	545	531	531	523	526	523	536	519	541	523	537	534	539	524	532	529	529	510	537	524	538	530	529	529	528	522	545	550	531	533	529	533	518	537	525	540	526	538	523	522	531	539	534	534	537	522	521	541	538	533	532	529	532	3645.563624
542	525	528	523	543	547	520	523	542	531	536	524	525	541	543	532	535	532	537	534	538	520	539	532	532	536	530	534	528	535	540	524	529	542	538	523	538	540	528	540	537	539	536	535	539	547	530	526	532	530	551	523	535	524	542	522	545	529	539	523	544	543	523	521	538	532	523	525	530	548	535	526	532	526	537	543	526	543	538	538	542	536	528	549	542	530	533	519	531	529	525	536	533	538	525	525	3646.316021
539	516	534	530	526	524	529	521	530	541	531	537	539	532	526	527	535	533	533	540	529	536	529	539	537	522	528	539	525	531	526	530	531	525	538	518	525	529	527	523	526	532	535	532	530	533	521	520	548	528	534	528	534	534	524	532	516	517	530	546	540	527	537	520	522	538	520	540	539	525	532	530	534	521	517	531	534	516	529	531	537	538	534	540	537	523	540	538	537	536	528	529	532	523	530	536	3647.060029
547	521	535	523	525	526	533	528	523	527	523	530	538	523	534	522	540	539	536	531	518	541	518	524	534	530	528	513	533	538	520	540	526	527	523	535	518	528	528	541	531	534	536	519	525	533	534	529	532	531	550	528	543	529	528	531	518	528	548	542	516	529	517	540	527	530	526	527	540	527	535	541	531	531	525	534	532	527	525	535	522	528	532	532	525	530	529	530	529	537	531	522	522	529	533	527	3647.812179
541	537	526	533	528	538	540	523	531	519	530	523	531	527	531	531	538	526	554	532	522	522	523	525	533	526	535	534	532	540	522	526	553	520	557	529	532	548	530	533	524	533	537	519	520	517	542	529	543	532	532	545	513	539	532	531	537	536	530	527	525	531	531	534	531	530	522	537	508	529	536	533	534	532	517	512	531	514	531	534	521	525	539	531	544	534	522	530	536	526	519	536	533	524	517	531	3648.555941
537	522	532	539	539	530	516	535	523	529	530	524	531	533	539	524	539	529	526	536	536	525	528	546	533	527	538	508	531	530	527	534	536	538	533	538	538	525	537	518	531	544	530	528	527	516	538	530	534	538	529	541	534	533	527	527	547	513	525	530	535	542	534	531	528	521	529	528	536	538	535	539	518	521	539	527	529	534	527	525	542	515	526	521	518	532	515	536	539	529	530	536	536	517	524	534	3649.299582
527	529	542	528	518	537	539	527	528	518	531	528	517	535	517	529	526	535	532	524	532	536	528	533	520	520	537	526	533	523	530	525	533	522	535	522	514	524	535	525	523	522	521	519	527	522	517	528	535	519	534	534	520	529	532	528	525	525	523	531	530	522	525	538	520	533	524	523	541	540	520	514	534	532	525	530	522	542	527	540	544	554	535	532	531	529	534	513	534	513	521	524	523	540	516	539	3650.043101
524	525	519	509	526	527	532	537	531	537	531	525	518	533	525	524	524	529	522	517	526	518	518	521	528	541	533	518	527	520	522	516	524	519	536	533	532	532	530	525	536	528	537	531	527	532	524	539	520	531	522	523	520	515	529	528	520	534	530	527	522	532	529	533	532	534	508	529	529	517	538	520	527	522	531	536	541	528	534	518	532	527	520	517	539	529	540	542	520	527	528	531	534	543	521	527	3650.794758
528	538	522	535	528	538	521	524	529	517	526	525	535	539	520	527	530	517	521	522	528	531	529	548	526	525	530	538	529	533	525	521	531	529	529	542	528	524	532	521	543	516	525	522	542	529	521	528	528	522	538	521	530	512	519	507	524	537	525	523	526	529	530	529	532	534	534	529	526	524	531	531	529	535	531	532	518	536	522	513	529	513	531	512	518	518	524	533	525	523	533	536	539	540	530	526	3651.529775
527	529	527	526	526	528	523	528	531	522	514	534	523	529	532	531	530	518	532	521	520	518	518	525	519	531	537	529	524	529	533	528	531	534	520	547	526	519	534	547	532	530	528	531	526	520	529	502	534	531	525	525	524	544	536	539	538	517	543	527	527	527	545	526	547	527	512	519	512	517	539	528	543	526	523	524	537	539	524	527	521	532	529	523	541	528	537	548	526	510	534	536	532	519	543	534	3652.272929
523	533	540	534	519	521	521	528	524	529	527	528	546	531	536	532	527	522	514	532	524	536	533	527	540	530	544	527	530	536	526	527	525	530	532	518	539	535	525	519	523	543	545	523	537	525	527	520	527	536	530	515	537	534	528	528	525	516	521	520	533	534	527	535	519	533	513	527	525	517	525	530	516	537	514	524	522	518	527	527	515	540	517	542	519	521	512	521	528	520	523	535	540	519	527	520	3653.015962
525	524	521	550	538	532	515	533	523	527	534	525	533	547	531	528	535	520	527	537	520	524	519	521	525	524	529	531	520	522	510	523	538	525	526	528	525	528	523	537	521	521	528	518	529	515	525	530	532	524	523	522	514	529	530	528	531	533	525	531	533	523	534	517	526	530	532	534	524	529	521	515	534	531	528	537	550	527	525	526	530	524	524	512	533	520	517	538	514	530	537	527	524	525	536	518	3653.758873
528	529	531	532	536	518	541	527	528	526	537	538	528	532	500	530	532	529	520	528	525	522	518	538	517	524	534	527	523	521	511	536	528	534	529	528	526	532	519	531	540	530	518	528	522	534	522	529	532	540	538	534	534	529	520	527	522	533	539	530	527	521	528	534	538	538	523	522	515	534	528	541	526	519	519	513	533	534	544	522	528	513	525	525	518	530	530	537	532	523	523	529	537	526	524	540	3654.501663
540	520	528	526	531	544	527	527	516	531	517	528	526	514	519	529	506	533	524	524	515	533	516	532	530	514	531	530	512	531	525	531	516	534	535	533	525	521	535	531	533	527	532	519	535	536	524	527	519	513	536	529	531	536	539	533	512	517	517	538	526	515	515	524	535	521	533	531	537	521	537	527	525	530	535	536	531	525	545	534	517	528	548	520	533	529	529	523	535	525	539	529	525	529	532	524	3655.23608
529	531	526	529	531	522	522	534	529	511	539	524	527	521	518	519	518	530	527	535	541	534	521	526	514	533	526	520	533	517	512	527	527	525	526	531	516	525	535	528	530	531	512	516	512	518	526	533	518	519	521	519	516	528	524	525	549	526	520	513	529	519	529	521	524	518	530	522	531	526	520	521	526	530	542	539	532	534	521	524	522	523	530	526	512	525	521	532	509	524	531	516	538	536	526	521	3655.978628
537	534	545	509	523	542	526	532	516	536	528	518	522	533	533	519	527	531	527	530	531	532	527	533	526	529	523	529	519	528	535	528	530	530	533	525	531	540	527	526	523	532	531	523	516	536	533	534	519	520	527	526	525	541	534	520	524	528	538	521	540	530	527	518	530	530	525	521	517	530	521	517	520	529	539	517	523	520	528	522	535	519	542	529	534	520	523	523	527	527	520	519	527	521	513	532	3656.712806
528	532	525	530	529	526	530	523	536	536	525	524	527	533	539	533	515	534	528	541	530	532	535	522	526	531	517	519	536	530	528	533	530	526	532	530	535	516	529	534	525	518	530	531	538	532	529	519	538	521	534	534	533	531	525	522	524	546	530	523	520	528	528	531	530	521	526	528	525	520	535	529	518	522	526	525	548	529	550	533	530	526	520	517	520	520	523	530	525	527	534	519	523	531	525	530	3657.446866
527	519	534	538	527	527	525	524	530	542	519	516	513	532	526	537	536	528	525	533	535	534	528	528	517	528	528	527	529	523	518	525	530	535	528	522	522	520	531	509	526	535	526	519	526	529	535	534	511	532	536	517	528	522	530	527	526	529	537	523	521	522	518	523	530	508	525	520	528	518	525	521	526	530	525	542	521	526	523	532	521	521	531	532	518	525	532	515	528	532	529	530	528	520	518	532	3658.189053
522	528	524	522	528	537	520	523	540	538	532	529	529	526	522	530	518	539	528	528	527	530	521	526	518	526	520	530	538	516	519	522	517	533	521	540	526	531	525	524	531	525	522	552	530	525	537	530	543	530	533	520	530	513	536	528	535	528	531	523	532	527	535	527	518	521	520	550	535	522	530	533	527	518	525	515	526	521	526	528	529	524	529	512	519	529	538	526	516	524	525	530	522	537	519	535	3658.922874
514	520	542	534	522	519	515	515	529	529	516	530	527	526	521	521	536	534	525	527	532	525	527	517	526	541	524	533	526	528	530	530	527	541	525	525	539	520	531	536	531	507	522	540	524	543	524	514	523	535	515	523	535	520	532	534	538	520	539	525	523	523	526	524	536	514	527	522	552	531	537	528	534	525	524	537	531	524	524	522	536	521	523	528	521	526	526	518	530	532	519	517	535	516	528	517	3659.656576
526	517	532	527	515	526	517	529	528	525	514	529	528	522	516	533	520	516	533	531	519	532	538	538	521	527	523	519	516	530	533	524	516	511	536	522	507	529	519	527	530	519	532	527	530	524	524	526	524	531	537	535	526	516	530	530	524	522	523	527	521	524	516	541	520	528	512	531	522	530	535	518	525	526	527	522	527	526	535	520	530	531	524	520	520	534	523	514	533	522	519	525	529	526	525	532	3660.39016
525	536	530	519	525	534	542	534	537	525	530	515	529	518	519	519	512	529	532	520	547	536	527	535	517	531	531	531	525	524	532	529	528	527	517	520	528	527	524	541	521	528	525	534	529	536	522	530	525	520	521	535	525	521	531	537	518	526	534	534	524	527	522	527	520	532	528	520	526	523	527	528	523	517	534	525	522	518	508	532	525	543	533	528	527	526	534	527	527	519	530	544	526	521	529	530	3661.123626
527	522	526	519	524	523	516	534	508	531	526	526	535	516	526	526	521	526	528	529	521	519	536	518	521	533	513	521	532	519	513	517	522	515	532	519	514	532	529	522	536	529	539	517	514	538	527	524	532	522	525	516	521	522	527	532	524	528	530	520	527	522	532	532	530	528	520	526	529	510	520	522	507	529	521	533	519	525	539	524	525	524	527	523	530	530	518	536	551	521	528	529	521	510	520	533	3661.848733
526	534	529	514	540	536	534	534	523	525	525	537	534	518	528	536	535	537	519	516	528	521	519	529	511	515	527	509	534	518	524	530	520	542	525	520	521	515	526	514	529	526	526	532	532	532	542	544	528	531	538	530	523	523	529	531	533	521	534	514	534	528	532	524	514	526	533	521	519	516	540	522	527	518	539	526	521	530	518	523	517	529	531	523	516	522	518	516	522	521	534	528	519	541	512	519	3662.581963
522	531	509	521	513	521	532	528	517	522	518	527	522	531	526	532	522	545	530	521	523	520	530	512	520	514	516	516	517	515	530	521	520	529	514	533	522	541	532	524	509	520	517	542	537	513	525	523	531	526	515	515	525	526	521	513	521	526	523	531	523	531	522	518	518	516	531	526	526	516	518	518	520	517	513	513	529	519	535	522	530	517	525	531	523	521	520	529	527	514	520	528	520	524	527	525	3663.315074
524	524	529	523	514	525	529	536	527	530	527	519	528	526	538	522	529	544	528	517	535	533	519	532	530	539	517	527	524	531	526	514	534	527	523	515	520	529	538	519	520	520	516	526	519	512	525	530	529	526	523	508	527	519	509	525	517	523	513	531	532	531	523	523	531	531	528	525	526	523	532	520	511	524	524	533	529	524	521	521	517	529	526	522	539	544	514	524	531	524	532	531	535	529	529	531	3664.039832
527	522	510	529	527	523	510	528	527	524	534	510	534	532	522	521	525	536	527	519	522	535	524	527	522	511	523	524	526	515	522	533	525	522	512	520	528	520	523	528	525	530	516	525	548	534	519	534	534	517	518	510	535	530	513	525	531	521	522	532	524	526	523	504	527	523	522	522	519	523	528	523	519	521	522	520	515	517	524	531	540	524	527	524	524	530	533	535	527	527	521	530	528	530	522	523	3664.772708
534	516	536	526	528	524	531	521	520	514	522	525	524	516	514	529	530	539	514	519	525	521	522	528	526	519	533	531	525	512	527	536	520	517	531	528	510	527	532	522	518	521	527	527	531	526	518	519	527	534	523	521	532	508	516	525	534	528	510	524	526	527	514	526	532	525	529	522	532	524	528	539	522	511	520	538	511	522	527	522	522	508	525	521	517	518	519	528	522	529	524	507	520	526	527	535	3665.497232
523	515	527	520	518	526	527	521	531	522	525	524	530	532	530	526	520	519	518	529	534	540	529	539	524	523	524	524	528	524	519	516	528	531	531	531	516	528	520	525	540	544	527	533	529	533	530	535	517	531	510	531	530	516	529	513	527	515	526	516	522	543	532	512	532	520	521	522	535	526	533	526	522	523	527	525	517	519	507	517	521	522	527	531	524	523	529	524	536	520	512	531	526	537	522	532	3666.229873
542	520	519	525	521	518	533	539	533	527	515	535	524	520	507	508	513	530	520	538	538	507	526	525	520	518	533	522	533	521	512	525	529	522	525	527	518	527	520	536	523	534	531	533	518	524	521	523	531	527	513	536	524	509	526	529	522	526	519	532	532	522	518	526	526	535	544	524	538	519	522	528	523	509	532	536	511	514	530	530	528	522	531	522	544	518	522	514	523	527	526	512	508	519	533	514	3666.954165
531	531	518	531	538	513	522	532	525	526	526	535	510	518	522	530	528	523	523	519	529	526	532	527	517	520	520	525	522	526	524	519	518	522	526	515	539	533	529	525	528	514	524	526	510	523	537	535	540	518	512	511	530	525	526	521	522	512	524	531	530	535	521	536	514	523	527	528	525	527	515	527	517	521	514	530	523	529	521	513	536	520	519	527	513	523	520	533	512	523	525	527	542	512	530	521	3667.678342
524	527	536	540	513	544	530	511	525	537	534	519	527	536	512	542	526	525	536	534	531	519	522	513	532	518	528	535	536	514	521	527	528	527	516	529	545	536	530	526	534	529	543	525	538	540	529	530	527	537	528	530	523	530	524	534	536	536	524	525	533	541	517	528	528	529	521	532	530	539	523	526	520	524	523	534	525	532	530	529	534	554	516	529	529	523	534	517	524	541	524	532	532	523	535	542	3668.402402
524	520	517	516	528	526	542	511	513	510	525	520	515	529	528	522	511	536	527	523	523	523	538	540	539	516	532	516	525	526	516	526	529	527	526	524	529	527	518	523	525	535	514	520	517	537	528	525	531	539	522	523	525	505	522	528	525	531	534	535	530	517	525	523	518	526	523	522	520	521	529	536	524	532	518	518	528	525	517	529	509	518	513	539	519	532	516	532	515	528	532	537	515	531	531	525	3669.126348
523	531	536	536	513	522	529	522	534	527	505	529	518	528	541	521	525	525	521	524	531	518	525	516	510	520	523	522	516	536	506	519	530	511	519	528	528	527	529	528	528	528	515	530	525	511	526	518	532	535	522	524	533	528	519	524	525	513	532	529	532	528	518	517	531	522	516	534	528	528	537	536	528	527	528	536	513	522	520	526	528	531	515	524	520	524	525	515	534	515	524	529	531	519	533	520	3669.850178
530	520	520	524	528	527	527	519	526	529	519	541	531	527	518	523	535	527	536	526	526	531	531	530	523	531	535	529	519	525	521	545	528	525	528	525	525	520	525	528	524	531	512	529	529	524	533	520	528	536	521	525	520	514	516	537	529	518	534	518	521	520	520	522	521	523	526	510	531	539	527	532	516	522	516	514	527	523	525	530	527	525	524	530	516	522	515	531	537	524	533	532	526	535	526	513	3670.573892
527	534	532	521	533	517	527	545	515	508	521	522	533	525	511	512	535	523	524	511	520	526	525	525	514	517	530	528	521	531	515	525	519	526	540	525	531	518	534	521	527	533	508	529	532	508	529	536	517	527	510	527	515	536	517	523	520	543	520	524	523	530	528	526	516	526	520	519	523	522	521	519	522	525	524	522	522	537	523	531	512	524	531	528	518	527	514	519	516	517	523	527	530	527	521	521	3671.289269
534	519	516	525	516	537	527	535	525	532	518	516	502	523	508	520	532	512	528	525	513	518	528	523	520	535	528	523	517	522	544	531	512	509	527	527	529	530	528	529	523	528	535	528	519	527	520	520	522	521	531	528	525	534	532	519	520	523	523	527	535	526	518	523	523	510	527	528	519	533	527	525	508	521	532	525	534	519	518	518	517	531	530	526	530	520	519	517	522	522	525	533	531	517	514	518	3672.012753
527	535	523	529	525	532	519	522	526	524	530	525	528	526	533	528	519	524	522	521	525	522	529	529	527	532	525	527	535	543	528	526	526	521	509	510	521	516	533	519	522	523	529	523	516	522	537	526	519	527	517	524	522	529	549	505	524	525	512	549	509	515	515	542	539	523	522	512	530	511	514	523	511	523	523	531	507	536	521	514	518	526	520	529	526	519	532	528	525	504	521	515	522	523	521	522	3672.727903
528	525	519	523	518	524	527	524	526	518	520	529	533	527	501	539	534	521	526	527	528	526	521	526	524	514	517	524	537	531	529	525	513	526	525	507	520	515	522	517	534	530	523	522	525	526	517	515	525	529	520	529	520	524	519	524	515	525	526	515	532	525	522	520	520	517	514	543	522	520	526	535	528	525	521	513	508	527	532	515	524	519	523	494	517	529	527	528	517	518	508	512	521	516	511	515	3673.451158
526	520	550	528	527	512	511	526	522	522	530	521	526	526	530	536	523	515	518	519	522	523	518	517	530	530	528	523	514	526	518	526	528	511	516	534	528	525	528	514	528	531	512	519	522	520	524	522	527	531	519	525	525	522	532	521	545	527	520	509	526	522	521	522	507	515	519	536	519	525	518	519	534	497	522	523	518	525	531	507	527	534	517	515	526	516	515	527	530	515	517	519	523	528	529	517	3674.166081
530	516	522	528	523	519	524	534	520	518	515	516	518	513	520	525	529	522	547	518	514	513	528	525	509	521	527	512	524	518	525	529	539	514	527	527	522	525	525	518	519	534	519	522	522	516	523	528	514	519	519	518	517	528	533	523	521	519	519	530	524	513	510	541	520	531	526	524	524	525	530	522	528	515	520	513	526	507	517	521	515	515	530	528	528	530	516	512	528	538	525	523	528	517	519	532	3674.880891
516	531	518	520	534	523	525	518	522	533	516	532	526	515	517	532	536	519	515	514	514	505	522	532	520	524	515	516	514	535	530	526	522	515	521	520	523	506	510	515	524	509	522	522	519	523	525	529	519	520	529	520	508	509	526	524	521	516	523	522	526	522	526	521	519	521	535	510	531	526	519	521	530	530	530	519	524	520	525	527	527	520	517	514	537	531	526	523	518	533	521	531	538	527	518	522	3675.603802
522	522	532	532	533	531	517	521	518	519	516	525	529	523	531	524	527	529	528	518	519	526	526	519	520	530	509	524	520	526	521	524	512	521	521	527	527	538	523	527	523	519	531	519	520	538	520	518	526	518	534	508	518	528	532	517	525	540	532	516	521	526	528	530	518	521	515	538	519	523	525	531	509	527	522	532	515	523	527	526	524	519	509	527	524	508	515	523	525	522	517	513	529	534	521	528	3676.318386
513	519	511	518	521	526	523	511	540	528	515	520	526	521	519	532	542	512	524	524	522	523	536	512	538	520	519	520	521	529	512	519	523	516	525	529	523	509	515	519	518	515	512	519	515	525	520	519	500	524	524	544	518	525	518	511	523	520	526	534	529	525	527	522	527	519	530	507	510	516	509	521	531	525	522	524	527	531	512	511	528	528	521	522	516	509	520	510	517	517	520	516	522	512	505	516	3677.032857
514	522	541	519	524	514	520	527	536	517	526	520	511	519	509	527	521	520	526	502	511	532	520	517	516	520	517	531	525	523	520	523	522	512	529	534	521	530	521	521	511	523	521	520	543	535	514	528	525	527	521	518	530	517	528	518	527	513	528	521	515	528	521	524	539	521	537	507	514	531	524	517	521	520	514	524	527	522	524	510	520	510	522	518	520	514	514	521	525	527	519	512	531	518	521	519	3677.747215
526	530	513	517	533	516	515	522	530	531	520	518	517	523	533	507	524	542	517	522	527	524	519	525	512	519	537	519	523	524	525	534	517	529	518	518	518	521	514	521	523	521	511	519	532	524	513	519	520	520	519	520	523	524	532	530	515	505	520	530	518	519	520	529	526	525	535	529	528	533	521	515	519	534	514	517	510	528	514	530	531	510	510	515	528	525	518	522	508	509	526	518	518	515	515	523	3678.46146
523	525	532	523	509	516	518	517	531	527	517	529	529	522	518	541	517	515	532	515	522	514	530	525	526	522	531	527	523	522	518	524	521	523	521	523	524	524	507	529	510	523	523	515	517	522	518	510	518	511	512	515	519	530	535	524	513	524	515	521	522	521	516	523	525	522	522	521	529	513	517	526	510	520	530	517	526	507	533	520	507	528	522	533	504	529	517	518	1748	518	518	522	522	517	519	526	3679.167385
510	532	520	536	512	525	524	526	522	522	516	526	518	512	525	517	514	520	510	520	524	521	522	521	520	523	515	511	538	514	525	518	521	528	524	532	526	519	513	521	534	520	521	524	522	515	521	521	521	530	529	522	530	516	513	531	522	517	522	523	527	517	522	509	534	523	516	521	523	518	524	522	517	515	528	533	518	518	518	519	525	513	512	519	522	520	511	523	924	527	529	519	535	520	525	515	3679.881407
534	536	525	525	520	510	524	529	534	522	520	524	521	516	514	525	524	530	524	525	509	519	538	521	512	520	524	515	514	527	506	520	518	525	518	511	517	526	507	521	529	528	524	528	522	525	507	513	527	525	525	522	522	518	525	518	528	522	512	534	520	525	525	517	523	519	531	518	533	527	520	532	529	513	525	522	523	513	520	522	524	518	517	524	530	517	520	516	520	523	505	516	508	524	509	527	3680.595316
520	518	535	528	506	513	525	504	519	516	514	523	518	521	518	523	519	509	525	509	522	533	522	538	527	530	525	523	527	519	511	525	521	534	522	521	516	515	519	519	509	517	519	534	512	527	516	524	531	523	508	533	519	518	532	525	526	518	523	513	526	524	516	526	512	528	520	516	519	526	520	530	520	519	513	516	523	526	515	518	522	521	519	494	515	518	530	509	516	529	516	524	510	534	522	519	3681.300908
530	529	523	523	523	517	517	520	521	522	524	522	529	507	523	510	523	527	517	522	523	520	510	525	512	522	521	508	527	501	520	517	516	517	525	530	523	526	520	511	517	508	516	518	519	524	519	522	513	519	525	519	534	518	527	527	530	535	516	523	506	513	528	523	541	527	508	511	520	512	514	520	519	540	514	515	513	520	521	518	511	520	520	513	514	527	538	530	520	511	523	517	528	516	516	511	3682.014594
523	517	518	515	527	518	519	527	515	519	532	519	516	530	517	512	512	521	522	525	528	508	520	514	537	522	518	528	521	516	517	520	526	518	527	520	520	531	515	517	515	528	520	523	512	521	519	519	526	521	525	514	521	522	513	520	517	522	520	515	531	511	505	519	520	499	522	522	513	515	522	519	526	516	531	527	517	520	519	530	519	525	517	519	525	521	522	519	524	517	530	511	515	516	517	515	3682.719965
523	520	526	517	517	519	514	520	523	522	524	521	528	520	523	526	517	521	523	510	525	520	517	512	511	515	511	517	509	526	530	521	521	526	520	510	527	511	516	510	519	515	524	519	516	525	510	511	529	520	525	515	519	524	516	511	516	510	518	532	529	522	534	513	519	523	518	516	511	503	511	515	515	520	524	506	517	520	522	522	518	529	520	540	520	517	520	526	525	534	513	527	521	514	498	520	3683.425227
525	517	522	528	530	528	525	535	506	526	517	514	514	521	515	536	512	526	518	529	525	523	516	530	530	526	529	516	525	515	518	510	519	516	524	517	522	522	516	528	515	522	530	516	524	507	529	518	515	538	530	522	513	512	523	517	514	522	507	519	518	536	521	530	523	522	534	520	520	526	520	521	530	527	514	525	518	522	513	512	517	520	514	518	511	515	534	517	522	519	522	515	513	511	526	523	3684.130379
524	535	520	520	524	524	515	517	520	515	535	516	515	508	512	514	537	516	515	526	514	526	526	517	528	537	523	523	527	523	525	519	525	520	534	515	511	530	532	515	512	522	536	524	519	525	524	531	516	517	522	523	516	525	513	525	521	512	524	515	518	526	523	528	513	523	521	526	535	508	522	512	527	516	507	517	517	518	519	509	532	526	527	513	529	515	518	520	521	516	514	517	517	516	517	531	3684.83542
