TRUST_MDX_2024_03_03_PLT_14_WELL_A01_SAMP_1249_ALQ_A_PNT_1_RND_	TRUST_MDX_2024_03_03_PLT_14_WELL_A01_SAMP_1249_ALQ_A_PNT_1_RN_1	TRUST_MDX_2024_03_03_PLT_14_WELL_A01_SAMP_1249_ALQ_A_PNT_1_RN_2	TRUST_MDX_2024_03_03_PLT_14_WELL_A02_SAMP_1250_ALQ_A_PNT_1_RND_	TRUST_MDX_2024_03_03_PLT_14_WELL_A02_SAMP_1250_ALQ_A_PNT_1_RN_1	TRUST_MDX_2024_03_03_PLT_14_WELL_A02_SAMP_1250_ALQ_A_PNT_1_RN_2	TRUST_MDX_2024_03_03_PLT_14_WELL_A03_SAMP_1251_ALQ_A_PNT_1_RND_	TRUST_MDX_2024_03_03_PLT_14_WELL_A03_SAMP_1251_ALQ_A_PNT_1_RN_1	TRUST_MDX_2024_03_03_PLT_14_WELL_A03_SAMP_1251_ALQ_A_PNT_1_RN_2	TRUST_MDX_2024_03_03_PLT_14_WELL_A04_SAMP_1252_ALQ_A_PNT_1_RND_	TRUST_MDX_2024_03_03_PLT_14_WELL_A04_SAMP_1252_ALQ_A_PNT_1_RN_1	TRUST_MDX_2024_03_03_PLT_14_WELL_A04_SAMP_1252_ALQ_A_PNT_1_RN_2	TRUST_MDX_2024_03_03_PLT_14_WELL_A05_SAMP_1253_ALQ_A_PNT_1_RND_	TRUST_MDX_2024_03_03_PLT_14_WELL_A05_SAMP_1253_ALQ_A_PNT_1_RN_1	TRUST_MDX_2024_03_03_PLT_14_WELL_A05_SAMP_1253_ALQ_A_PNT_1_RN_2	TRUST_MDX_2024_03_03_PLT_14_WELL_A06_SAMP_1254_ALQ_A_PNT_1_RND_	TRUST_MDX_2024_03_03_PLT_14_WELL_A06_SAMP_1254_ALQ_A_PNT_1_RN_1	TRUST_MDX_2024_03_03_PLT_14_WELL_A06_SAMP_1254_ALQ_A_PNT_1_RN_2	TRUST_MDX_2024_03_03_PLT_14_WELL_A07_SAMP_1255_ALQ_A_PNT_1_RND_	TRUST_MDX_2024_03_03_PLT_14_WELL_A07_SAMP_1255_ALQ_A_PNT_1_RN_1	TRUST_MDX_2024_03_03_PLT_14_WELL_A07_SAMP_1255_ALQ_A_PNT_1_RN_2	TRUST_MDX_2024_03_03_PLT_14_WELL_A08_SAMP_1256_ALQ_A_PNT_1_RND_	TRUST_MDX_2024_03_03_PLT_14_WELL_A08_SAMP_1256_ALQ_A_PNT_1_RN_1	TRUST_MDX_2024_03_03_PLT_14_WELL_A08_SAMP_1256_ALQ_A_PNT_1_RN_2	TRUST_MDX_2024_03_03_PLT_14_WELL_A09_SAMP_1257_ALQ_A_PNT_1_RND_	TRUST_MDX_2024_03_03_PLT_14_WELL_A09_SAMP_1257_ALQ_A_PNT_1_RN_1	TRUST_MDX_2024_03_03_PLT_14_WELL_A09_SAMP_1257_ALQ_A_PNT_1_RN_2	TRUST_MDX_2024_03_03_PLT_14_WELL_A10_SAMP_1258_ALQ_A_PNT_1_RND_	TRUST_MDX_2024_03_03_PLT_14_WELL_A10_SAMP_1258_ALQ_A_PNT_1_RN_1	TRUST_MDX_2024_03_03_PLT_14_WELL_A10_SAMP_1258_ALQ_A_PNT_1_RN_2	TRUST_MDX_2024_03_03_PLT_14_WELL_A11_SAMP_1259_ALQ_A_PNT_1_RND_	TRUST_MDX_2024_03_03_PLT_14_WELL_A11_SAMP_1259_ALQ_A_PNT_1_RN_1	TRUST_MDX_2024_03_03_PLT_14_WELL_A11_SAMP_1259_ALQ_A_PNT_1_RN_2	TRUST_MDX_2024_03_03_PLT_14_WELL_A12_SAMP_1260_ALQ_A_PNT_1_RND_	TRUST_MDX_2024_03_03_PLT_14_WELL_A12_SAMP_1260_ALQ_A_PNT_1_RN_1	TRUST_MDX_2024_03_03_PLT_14_WELL_A12_SAMP_1260_ALQ_A_PNT_1_RN_2	TRUST_MDX_2024_03_03_PLT_14_WELL_B01_SAMP_1261_ALQ_A_PNT_1_RND_	TRUST_MDX_2024_03_03_PLT_14_WELL_B01_SAMP_1261_ALQ_A_PNT_1_RN_1	TRUST_MDX_2024_03_03_PLT_14_WELL_B01_SAMP_1261_ALQ_A_PNT_1_RN_2	TRUST_MDX_2024_03_03_PLT_14_WELL_B02_SAMP_1262_ALQ_A_PNT_1_RND_	TRUST_MDX_2024_03_03_PLT_14_WELL_B02_SAMP_1262_ALQ_A_PNT_1_RN_1	TRUST_MDX_2024_03_03_PLT_14_WELL_B02_SAMP_1262_ALQ_A_PNT_1_RN_2	TRUST_MDX_2024_03_03_PLT_14_WELL_B03_SAMP_1263_ALQ_A_PNT_1_RND_	TRUST_MDX_2024_03_03_PLT_14_WELL_B03_SAMP_1263_ALQ_A_PNT_1_RN_1	TRUST_MDX_2024_03_03_PLT_14_WELL_B03_SAMP_1263_ALQ_A_PNT_1_RN_2	TRUST_MDX_2024_03_03_PLT_14_WELL_B04_SAMP_1264_ALQ_A_PNT_1_RND_	TRUST_MDX_2024_03_03_PLT_14_WELL_B04_SAMP_1264_ALQ_A_PNT_1_RN_1	TRUST_MDX_2024_03_03_PLT_14_WELL_B04_SAMP_1264_ALQ_A_PNT_1_RN_2	TRUST_MDX_2024_03_03_PLT_14_WELL_B05_SAMP_1265_ALQ_A_PNT_1_RND_	TRUST_MDX_2024_03_03_PLT_14_WELL_B05_SAMP_1265_ALQ_A_PNT_1_RN_1	TRUST_MDX_2024_03_03_PLT_14_WELL_B05_SAMP_1265_ALQ_A_PNT_1_RN_2	TRUST_MDX_2024_03_03_PLT_14_WELL_B06_SAMP_1266_ALQ_A_PNT_1_RND_	TRUST_MDX_2024_03_03_PLT_14_WELL_B06_SAMP_1266_ALQ_A_PNT_1_RN_1	TRUST_MDX_2024_03_03_PLT_14_WELL_B06_SAMP_1266_ALQ_A_PNT_1_RN_2	TRUST_MDX_2024_03_03_PLT_14_WELL_B07_SAMP_1267_ALQ_A_PNT_1_RND_	TRUST_MDX_2024_03_03_PLT_14_WELL_B07_SAMP_1267_ALQ_A_PNT_1_RN_1	TRUST_MDX_2024_03_03_PLT_14_WELL_B07_SAMP_1267_ALQ_A_PNT_1_RN_2	TRUST_MDX_2024_03_03_PLT_14_WELL_B08_SAMP_1268_ALQ_A_PNT_1_RND_	TRUST_MDX_2024_03_03_PLT_14_WELL_B08_SAMP_1268_ALQ_A_PNT_1_RN_1	TRUST_MDX_2024_03_03_PLT_14_WELL_B08_SAMP_1268_ALQ_A_PNT_1_RN_2	TRUST_MDX_2024_03_03_PLT_14_WELL_B09_SAMP_1269_ALQ_A_PNT_1_RND_	TRUST_MDX_2024_03_03_PLT_14_WELL_B09_SAMP_1269_ALQ_A_PNT_1_RN_1	TRUST_MDX_2024_03_03_PLT_14_WELL_B09_SAMP_1269_ALQ_A_PNT_1_RN_2	TRUST_MDX_2024_03_03_PLT_14_WELL_B10_SAMP_1270_ALQ_A_PNT_1_RND_	TRUST_MDX_2024_03_03_PLT_14_WELL_B10_SAMP_1270_ALQ_A_PNT_1_RN_1	TRUST_MDX_2024_03_03_PLT_14_WELL_B10_SAMP_1270_ALQ_A_PNT_1_RN_2	TRUST_MDX_2024_03_03_PLT_14_WELL_B11_SAMP_1271_ALQ_A_PNT_1_RND_	TRUST_MDX_2024_03_03_PLT_14_WELL_B11_SAMP_1271_ALQ_A_PNT_1_RN_1	TRUST_MDX_2024_03_03_PLT_14_WELL_B11_SAMP_1271_ALQ_A_PNT_1_RN_2	TRUST_MDX_2024_03_03_PLT_14_WELL_B12_SAMP_1272_ALQ_A_PNT_1_RND_	TRUST_MDX_2024_03_03_PLT_14_WELL_B12_SAMP_1272_ALQ_A_PNT_1_RN_1	TRUST_MDX_2024_03_03_PLT_14_WELL_B12_SAMP_1272_ALQ_A_PNT_1_RN_2	TRUST_MDX_2024_03_03_PLT_14_WELL_C01_SAMP_1273_ALQ_A_PNT_1_RND_	TRUST_MDX_2024_03_03_PLT_14_WELL_C01_SAMP_1273_ALQ_A_PNT_1_RN_1	TRUST_MDX_2024_03_03_PLT_14_WELL_C01_SAMP_1273_ALQ_A_PNT_1_RN_2	TRUST_MDX_2024_03_03_PLT_14_WELL_C02_SAMP_1274_ALQ_A_PNT_1_RND_	TRUST_MDX_2024_03_03_PLT_14_WELL_C02_SAMP_1274_ALQ_A_PNT_1_RN_1	TRUST_MDX_2024_03_03_PLT_14_WELL_C02_SAMP_1274_ALQ_A_PNT_1_RN_2	TRUST_MDX_2024_03_03_PLT_14_WELL_C03_SAMP_1275_ALQ_A_PNT_1_RND_	TRUST_MDX_2024_03_03_PLT_14_WELL_C03_SAMP_1275_ALQ_A_PNT_1_RN_1	TRUST_MDX_2024_03_03_PLT_14_WELL_C03_SAMP_1275_ALQ_A_PNT_1_RN_2	TRUST_MDX_2024_03_03_PLT_14_WELL_C04_SAMP_1276_ALQ_A_PNT_1_RND_	TRUST_MDX_2024_03_03_PLT_14_WELL_C04_SAMP_1276_ALQ_A_PNT_1_RN_1	TRUST_MDX_2024_03_03_PLT_14_WELL_C04_SAMP_1276_ALQ_A_PNT_1_RN_2	TRUST_MDX_2024_03_03_PLT_14_WELL_C05_SAMP_1277_ALQ_A_PNT_1_RND_	TRUST_MDX_2024_03_03_PLT_14_WELL_C05_SAMP_1277_ALQ_A_PNT_1_RN_1	TRUST_MDX_2024_03_03_PLT_14_WELL_C05_SAMP_1277_ALQ_A_PNT_1_RN_2	TRUST_MDX_2024_03_03_PLT_14_WELL_C06_SAMP_1278_ALQ_A_PNT_1_RND_	TRUST_MDX_2024_03_03_PLT_14_WELL_C06_SAMP_1278_ALQ_A_PNT_1_RN_1	TRUST_MDX_2024_03_03_PLT_14_WELL_C06_SAMP_1278_ALQ_A_PNT_1_RN_2	TRUST_MDX_2024_03_03_PLT_14_WELL_C07_SAMP_1279_ALQ_A_PNT_1_RND_	TRUST_MDX_2024_03_03_PLT_14_WELL_C07_SAMP_1279_ALQ_A_PNT_1_RN_1	TRUST_MDX_2024_03_03_PLT_14_WELL_C07_SAMP_1279_ALQ_A_PNT_1_RN_2	TRUST_MDX_2024_03_03_PLT_14_WELL_C08_SAMP_1280_ALQ_A_PNT_1_RND_	TRUST_MDX_2024_03_03_PLT_14_WELL_C08_SAMP_1280_ALQ_A_PNT_1_RN_1	TRUST_MDX_2024_03_03_PLT_14_WELL_C08_SAMP_1280_ALQ_A_PNT_1_RN_2	RamanShift_cm_1_
536	537	534	527	527	523	532	535	520	527	534	522	530	523	540	530	525	537	519	537	518	542	532	529	520	532	514	526	530	527	520	514	525	533	523	530	532	534	530	518	529	537	536	528	536	516	527	527	522	544	533	523	535	537	530	526	532	531	528	539	532	524	537	534	520	524	512	522	526	524	533	525	520	527	526	541	527	521	521	530	530	516	531	522	522	534	530	538	536	536	530	523	528	533	528	525	142.1739879
530	527	527	538	539	517	524	528	526	526	529	520	521	539	521	532	543	534	528	529	535	536	535	531	549	528	524	529	542	530	533	527	546	526	531	531	531	533	518	521	524	527	549	531	521	542	527	512	518	531	518	530	531	529	522	521	529	534	533	525	530	529	530	522	547	530	519	518	520	541	516	538	536	518	537	526	531	525	521	537	536	531	522	526	531	527	528	531	518	531	532	521	528	529	532	534	145.838345
547	531	531	507	539	534	525	528	531	532	535	525	530	518	533	536	527	526	521	524	520	539	531	533	533	526	523	528	523	531	529	521	534	521	522	514	527	526	529	517	530	541	535	523	527	521	544	530	532	532	536	512	525	513	533	527	518	532	540	552	529	519	525	523	523	526	524	528	517	531	527	518	548	526	519	527	540	524	534	527	526	520	534	527	521	524	526	526	529	518	529	531	524	525	526	526	149.4847215
527	531	517	540	534	518	530	520	544	537	527	532	528	534	521	526	526	525	520	516	522	521	525	537	519	521	535	532	531	531	528	527	541	531	527	538	530	528	513	514	527	526	526	538	530	521	533	515	510	530	523	520	533	521	523	535	537	528	527	532	521	531	544	533	534	524	527	529	527	529	530	522	527	534	533	524	519	525	528	526	529	535	514	531	526	525	531	530	522	523	542	534	525	530	536	534	153.1448271
526	536	523	526	533	527	521	528	526	518	525	530	519	521	530	510	523	531	545	526	539	528	535	541	526	523	529	533	512	538	527	548	529	516	528	523	532	538	522	527	522	528	521	541	535	526	524	522	518	524	525	539	544	523	542	525	526	529	537	526	525	527	528	531	533	535	537	527	521	523	529	529	526	530	530	537	530	524	520	521	528	530	529	531	525	524	524	540	532	535	545	520	517	536	528	530	156.7869742
528	524	525	536	525	520	533	534	533	530	533	536	531	535	537	547	531	529	535	532	528	532	531	515	528	531	536	542	546	528	522	521	537	530	533	526	527	543	511	527	528	527	524	536	528	523	531	532	534	546	531	537	521	533	529	520	523	520	530	531	515	531	528	528	524	539	517	525	526	524	523	529	526	531	546	543	516	524	531	528	533	535	541	522	528	541	517	526	525	523	534	517	529	540	525	533	160.4428357
531	533	530	526	522	518	533	535	525	532	528	531	521	523	529	525	529	532	528	520	520	540	520	537	522	515	524	513	527	525	540	525	520	533	536	526	525	528	523	522	532	528	526	524	530	520	526	529	525	519	517	516	516	524	532	520	518	524	527	529	538	525	535	520	533	521	507	518	520	550	532	541	527	522	539	530	525	527	538	522	522	531	525	524	542	518	525	538	530	526	517	529	523	525	528	531	164.0807608
524	524	531	531	518	517	538	537	534	530	533	542	521	531	528	541	521	529	526	532	539	517	517	535	539	533	515	522	535	523	528	521	525	535	510	527	533	528	537	529	522	519	522	525	534	525	532	528	508	523	526	533	524	528	527	516	521	526	526	522	542	529	531	540	532	536	527	533	533	528	523	516	525	523	525	532	530	526	528	500	517	528	544	548	534	526	523	541	517	520	535	502	514	517	526	521	167.7165821
510	527	541	521	534	525	531	529	529	529	524	538	533	522	521	515	530	527	524	517	537	522	527	529	530	528	532	525	533	535	536	531	535	515	525	527	523	521	526	515	528	531	525	531	536	517	524	522	517	526	537	518	530	524	517	527	523	529	525	517	521	514	534	529	542	537	525	525	537	516	529	530	516	524	528	543	524	527	528	528	536	517	532	532	534	524	524	532	528	492	521	526	537	535	543	522	171.3503016
528	530	523	521	527	530	521	523	530	539	512	534	532	532	536	537	523	532	533	532	520	538	519	524	524	523	540	523	520	538	530	529	524	523	527	542	531	540	544	532	527	533	520	525	521	537	518	518	517	535	526	516	531	533	524	524	531	532	540	526	526	513	522	524	537	522	523	535	526	530	521	538	529	537	537	541	528	534	537	533	525	532	524	531	530	525	525	522	539	523	546	527	524	532	528	548	174.981921
523	527	530	527	529	523	536	513	511	529	519	520	535	537	534	520	533	536	534	528	525	528	539	532	528	519	525	518	534	529	528	515	526	521	520	523	532	525	535	529	538	537	536	527	531	509	532	528	538	551	533	521	522	531	529	537	540	531	538	526	513	535	530	533	525	526	531	523	535	541	525	521	534	524	517	522	521	513	531	532	532	533	521	528	515	534	536	531	529	520	530	517	534	530	525	529	178.6114422
542	532	526	530	532	530	524	533	525	534	527	527	525	527	534	522	527	527	523	525	537	526	541	535	547	533	529	522	527	526	533	521	512	523	541	518	532	535	527	522	527	538	528	519	534	541	531	531	530	520	518	538	529	517	522	515	523	535	522	533	534	522	530	519	537	530	531	533	527	540	517	536	524	528	529	524	521	521	536	533	513	529	536	529	524	525	532	531	527	529	528	523	529	541	537	543	182.2388669
522	541	523	528	535	526	544	531	518	541	523	514	530	532	521	534	514	525	530	530	518	522	525	521	526	528	526	529	524	511	517	540	540	522	513	528	535	530	520	532	521	534	524	539	520	539	535	513	535	531	536	529	531	527	528	540	527	515	528	529	531	529	522	530	520	529	529	524	528	522	524	525	523	518	523	509	520	514	513	513	530	533	524	528	530	530	528	532	521	530	540	532	522	524	536	510	185.8484393
534	536	515	517	536	535	515	520	529	518	527	523	539	539	533	530	525	529	525	533	533	540	513	547	528	525	529	529	519	522	524	526	529	517	521	529	546	529	522	534	537	533	534	526	537	521	540	518	526	523	526	518	524	519	523	519	519	526	529	533	528	530	528	528	532	528	535	539	533	527	524	526	520	529	528	530	541	529	539	524	526	527	527	529	509	532	536	529	513	520	524	524	526	530	527	534	189.4716857
538	526	528	523	531	533	517	538	537	524	524	525	527	529	534	534	521	532	541	539	533	531	542	521	536	530	530	537	517	539	514	521	529	526	528	532	546	527	529	527	527	534	531	520	523	535	537	524	532	529	536	511	519	526	525	525	531	530	520	522	516	528	530	522	518	526	532	520	535	526	530	522	522	526	523	519	529	537	521	540	526	517	522	527	539	521	524	541	516	537	545	511	522	524	525	532	193.0771015
529	521	526	528	502	524	535	539	523	527	537	522	531	517	532	528	524	530	535	521	527	532	520	527	523	524	528	521	526	535	517	537	533	522	525	528	528	521	531	531	516	526	533	523	528	527	540	521	531	528	525	513	528	510	531	528	541	547	533	524	524	522	539	528	526	531	517	526	510	514	528	531	522	527	517	538	538	531	536	528	518	526	530	524	523	532	533	525	522	530	530	525	525	532	528	534	196.6804463
535	523	535	534	520	535	528	537	532	527	537	521	526	529	520	524	535	528	536	524	530	522	521	521	536	544	530	533	535	524	522	522	535	526	523	525	519	528	522	531	522	525	544	523	517	540	527	525	522	531	529	516	546	538	521	547	522	529	522	530	534	528	522	522	537	516	519	520	527	528	527	541	540	520	529	527	510	534	537	531	538	530	538	535	527	529	523	526	526	518	516	537	517	525	532	520	200.2974433
531	535	541	525	533	535	528	530	529	545	538	531	532	520	537	530	544	521	523	526	522	531	527	538	526	521	521	525	520	530	527	534	535	531	526	533	532	525	533	537	509	524	534	534	530	514	534	526	523	532	521	531	536	523	523	528	531	528	530	529	522	525	525	541	532	524	537	530	544	527	522	522	526	525	522	536	526	522	525	537	527	541	529	517	531	528	525	529	533	526	536	531	526	520	529	526	203.8966422
518	518	524	526	518	534	522	527	511	529	517	516	517	532	532	524	518	540	535	519	545	530	527	527	546	524	526	525	523	533	532	533	517	524	531	529	543	523	526	532	528	535	553	526	534	528	526	534	529	534	539	532	546	529	527	527	538	513	517	536	536	518	520	530	525	523	527	517	527	538	525	535	537	528	533	538	534	519	528	526	524	529	521	534	527	535	528	542	529	526	529	534	515	533	526	523	207.4937755
526	531	529	521	536	529	533	541	531	549	526	549	529	531	530	527	528	522	517	531	518	525	516	529	528	523	523	529	525	536	536	529	524	526	526	525	528	543	522	536	526	534	531	534	533	526	522	523	523	540	521	525	534	530	527	526	523	537	540	537	534	534	533	527	513	525	524	526	521	497	531	528	533	531	533	534	534	527	522	520	527	539	540	533	517	528	547	529	521	522	531	527	525	510	530	524	211.0731503
525	523	536	520	525	526	521	535	534	517	519	530	538	537	536	518	527	525	521	526	522	532	521	529	531	524	521	547	529	526	526	528	529	531	525	536	514	527	527	540	529	517	525	531	541	513	522	539	526	521	531	528	526	513	529	519	522	527	524	531	528	525	532	533	523	526	519	520	530	541	508	529	536	534	524	516	521	537	536	527	547	528	542	525	524	529	529	525	514	531	531	524	510	522	514	525	214.6661664
537	526	529	527	522	524	510	537	535	525	521	534	535	532	520	515	549	542	521	524	530	541	540	521	528	536	522	535	526	535	517	519	520	529	528	533	517	534	533	515	522	528	532	530	528	526	524	527	524	539	524	527	534	531	543	525	530	516	512	522	513	530	527	539	522	543	526	540	538	525	532	535	528	527	527	537	522	535	535	525	531	521	524	528	521	534	522	525	523	540	529	525	513	526	531	531	218.2571221
524	533	532	538	532	522	538	523	526	527	527	537	518	534	529	529	524	526	537	535	519	532	530	531	526	524	527	550	523	521	514	530	535	528	524	536	528	531	543	515	535	521	520	556	537	526	530	535	520	535	526	512	519	532	520	523	535	520	525	530	532	528	525	517	533	527	519	519	529	521	529	533	524	532	529	525	521	530	519	535	528	545	533	531	526	524	531	532	531	524	521	538	533	518	524	530	221.8460193
523	517	527	538	538	536	536	531	527	531	528	525	521	519	531	538	524	528	525	530	542	522	536	522	523	537	526	514	515	534	519	528	536	537	540	517	522	520	527	532	543	537	528	538	531	532	537	526	529	533	530	525	539	533	516	526	525	533	532	526	532	526	536	539	531	521	517	532	542	517	513	528	533	530	525	522	528	525	530	533	529	529	531	534	521	521	531	535	547	518	529	536	548	531	534	542	225.417201
513	536	536	526	523	532	531	524	528	534	520	524	523	536	528	524	527	533	528	521	535	535	521	522	522	525	522	525	515	521	531	530	529	523	525	537	522	509	527	522	537	529	526	523	520	537	519	522	523	537	522	530	536	540	521	537	521	530	534	520	521	528	523	527	531	519	517	533	529	527	523	521	543	526	519	530	522	544	515	520	504	535	531	524	511	534	535	528	519	524	531	506	543	534	522	525	228.9863455
523	529	520	565	533	532	520	532	522	539	522	529	530	542	531	512	535	532	528	526	531	528	513	513	526	526	526	534	530	538	524	522	531	523	531	521	522	531	532	533	525	526	525	535	529	533	537	524	532	525	536	516	528	517	536	542	550	527	524	528	521	531	533	527	538	522	523	530	536	525	522	535	513	530	511	516	530	536	530	520	531	524	535	528	516	539	540	529	528	531	531	523	517	531	536	518	232.5690953
524	530	532	536	530	537	529	540	526	532	524	530	528	528	528	517	524	537	521	530	538	520	528	523	527	537	525	535	537	529	514	518	518	524	531	530	531	536	531	524	519	532	527	533	530	534	528	534	523	527	523	526	532	536	518	520	523	517	528	530	528	526	524	526	531	530	523	533	529	521	519	534	540	528	526	539	530	522	524	525	534	526	540	519	533	530	524	526	525	520	530	537	533	525	521	529	236.1341617
534	519	519	532	535	517	531	545	533	513	530	526	517	523	530	540	529	499	525	517	519	528	537	530	531	526	523	529	529	539	514	527	526	528	513	534	519	522	558	526	530	516	524	534	543	528	545	521	526	541	531	520	527	527	525	518	532	520	520	526	542	526	521	523	536	522	538	531	531	515	530	528	538	520	524	528	523	525	530	534	518	519	524	537	520	525	531	526	524	536	522	525	532	536	528	523	239.6971962
539	537	524	531	535	537	532	525	529	522	526	526	528	534	537	519	526	526	529	535	533	523	532	531	539	536	556	547	528	533	530	534	521	532	522	524	528	541	525	528	535	529	510	530	538	523	512	517	523	535	524	522	527	532	519	537	519	528	540	532	553	524	517	540	519	522	522	528	527	528	522	531	522	519	543	528	524	522	529	532	535	531	541	522	529	542	529	537	516	532	530	536	521	525	528	532	243.2582005
527	522	539	529	539	531	541	522	530	526	537	530	526	529	523	529	532	529	540	521	522	537	533	523	528	538	525	542	535	536	524	535	534	542	527	529	532	536	533	519	524	528	537	531	529	532	524	540	530	542	530	518	531	525	536	507	524	540	525	525	532	526	521	531	523	525	526	538	534	518	529	522	532	520	543	498	528	524	518	523	532	525	533	525	525	528	532	527	534	536	532	533	536	522	527	535	246.8171763
523	513	538	528	530	522	536	544	520	519	518	531	527	527	529	528	528	535	548	520	520	539	520	530	514	515	529	544	535	539	530	536	529	515	525	538	517	526	544	520	532	533	526	534	545	523	526	525	535	522	532	529	539	512	540	531	523	542	523	534	526	531	536	531	535	525	524	522	527	515	526	518	519	528	530	524	530	538	536	533	541	525	518	531	520	534	533	525	534	528	528	525	516	526	531	537	250.3585292
529	522	541	537	521	517	528	528	536	534	531	550	519	537	528	529	531	535	532	519	528	531	521	533	535	531	525	519	519	538	530	540	515	539	537	534	531	539	533	532	527	535	522	525	529	526	512	528	526	530	506	523	517	526	538	540	522	528	519	539	534	523	525	531	531	533	539	527	526	516	514	531	529	525	518	546	527	537	534	533	529	527	528	536	522	525	531	525	529	536	525	533	528	531	527	537	253.9134621
518	526	530	527	546	538	535	533	523	533	536	542	525	532	536	535	541	517	546	532	541	522	522	530	527	538	515	528	531	530	530	531	524	516	520	525	525	534	539	524	537	528	512	528	530	529	534	531	530	527	539	532	519	538	523	537	543	537	534	533	530	534	520	513	533	518	530	526	535	535	534	534	532	518	545	525	537	533	526	530	510	537	530	547	527	533	535	533	516	549	543	515	519	522	518	517	257.4663717
539	530	535	526	527	528	529	518	536	538	531	525	531	534	527	538	531	546	517	535	527	542	535	533	527	534	536	531	539	533	537	527	533	536	530	523	533	517	530	535	536	541	537	529	528	520	527	520	528	533	540	529	539	535	525	525	533	529	538	536	525	529	531	539	532	526	538	533	536	532	515	530	528	533	531	524	516	542	527	535	528	508	533	525	522	525	532	519	520	524	531	538	521	536	515	539	261.0016902
535	532	532	528	529	540	534	541	533	539	535	526	526	529	539	532	528	536	551	524	528	538	537	538	542	533	542	548	536	548	530	523	539	546	538	550	525	539	542	532	533	545	534	529	545	532	527	539	553	528	533	526	527	523	523	520	527	542	538	515	535	537	534	529	525	553	547	537	532	526	544	523	525	531	530	538	523	541	550	535	534	523	519	533	525	541	527	524	536	533	537	531	545	523	518	539	264.5350064
535	523	542	525	526	532	534	543	523	541	530	548	525	515	523	538	519	529	533	534	536	529	528	534	523	528	542	530	540	536	534	532	524	522	531	530	527	528	540	540	539	539	524	554	537	523	520	532	525	540	550	533	547	551	553	531	545	529	529	541	534	529	527	532	535	532	525	536	531	524	519	534	535	535	530	537	540	530	538	533	526	533	530	526	526	517	528	531	533	540	537	536	532	532	531	517	268.0818742
548	540	534	553	535	535	532	530	525	540	546	546	539	549	540	543	545	535	537	540	531	537	535	538	519	538	540	536	540	551	531	542	519	532	550	546	538	541	533	542	539	529	531	551	536	554	523	534	540	521	532	534	531	538	536	551	524	529	525	535	531	535	535	531	537	537	533	530	532	534	543	529	543	548	536	529	520	528	529	533	535	532	519	541	534	534	530	538	536	539	535	541	532	542	578	541	271.6111824
533	537	543	549	541	537	552	552	536	531	547	545	558	522	553	545	524	524	547	540	550	529	544	540	537	541	544	538	555	531	527	529	528	545	532	536	542	549	536	537	535	526	535	538	539	530	536	545	531	528	544	529	542	542	532	522	541	532	543	552	535	556	534	536	538	549	526	545	540	539	532	560	528	525	534	546	541	533	535	545	527	535	544	540	535	522	542	537	522	549	528	542	525	542	548	539	275.1384935
545	550	540	547	547	533	559	555	537	550	553	545	524	540	550	546	546	550	538	557	535	539	536	553	541	533	557	550	543	546	550	545	552	530	548	542	549	534	560	562	536	554	562	528	540	534	553	545	547	544	542	552	540	546	527	540	544	550	552	544	547	541	557	543	522	539	536	539	545	552	541	536	554	528	541	545	538	542	549	547	561	523	539	545	543	548	546	533	538	533	543	534	540	546	550	544	278.6638093
554	548	556	534	552	532	557	550	552	552	547	555	551	538	550	549	537	548	556	551	541	549	547	548	542	549	553	545	529	544	558	549	552	538	538	537	550	536	543	551	531	539	549	547	542	554	546	549	538	540	552	552	548	548	541	543	556	535	555	557	541	552	550	562	542	552	544	565	534	534	542	549	559	543	537	528	528	553	539	546	539	545	556	540	538	562	552	555	550	545	550	549	551	551	549	542	282.1871313
558	563	552	535	549	539	540	539	543	570	569	549	544	573	562	553	560	552	554	540	544	552	549	548	560	551	545	553	555	560	557	548	557	559	545	542	564	558	544	552	552	562	557	541	553	550	559	544	541	557	556	561	552	568	556	572	540	563	549	567	544	548	553	569	553	553	550	547	538	560	535	542	546	553	550	546	548	549	553	554	558	551	550	546	546	550	550	570	557	549	566	544	553	551	544	564	285.6929533
581	562	553	542	550	533	568	559	553	562	569	573	572	575	553	563	552	561	550	574	566	555	568	582	552	570	564	570	561	558	558	551	552	549	574	550	551	555	550	547	555	558	575	556	562	554	550	563	549	558	556	569	549	573	568	554	560	562	548	578	561	562	563	570	562	561	560	551	570	562	544	560	549	556	550	572	559	559	551	578	563	559	569	549	569	569	567	543	554	550	569	580	560	566	566	565	289.2123018
576	576	553	559	582	589	576	566	573	579	561	581	577	563	583	569	579	593	565	569	579	573	576	568	586	575	576	578	585	559	579	558	574	559	565	571	568	576	558	569	586	573	569	564	559	571	563	556	573	554	579	573	580	582	569	568	578	572	585	577	559	584	579	578	576	581	551	557	570	575	558	573	587	579	578	566	574	567	570	561	567	580	570	570	561	571	588	579	577	579	545	564	571	563	575	580	292.7141711
600	594	603	587	593	595	604	587	598	594	610	582	562	596	581	586	607	590	601	597	593	588	610	606	592	590	592	586	597	588	598	598	595	594	583	573	592	591	600	613	598	601	588	570	604	582	590	606	592	592	577	603	586	595	592	584	601	588	602	580	593	606	618	601	595	590	593	592	602	608	589	591	597	596	601	591	576	576	591	615	581	580	579	588	578	592	583	582	588	578	578	584	577	590	588	599	296.2295529
604	620	644	615	613	613	609	626	613	628	611	617	632	615	606	604	629	623	614	629	602	625	631	615	596	608	626	643	634	589	616	625	617	619	634	609	624	619	612	621	630	590	607	619	603	614	619	622	611	613	619	613	627	616	628	609	617	628	618	631	650	629	630	634	606	617	621	626	605	614	642	628	610	622	603	616	629	634	611	618	604	626	614	635	627	641	629	620	620	614	635	600	620	605	593	627	299.7274762
639	646	671	656	682	678	661	659	659	648	647	665	686	673	635	689	679	658	661	642	672	657	656	673	669	657	669	642	664	656	665	675	644	661	663	663	635	648	639	644	659	657	669	674	666	665	647	650	659	650	667	658	657	670	664	654	661	665	647	666	641	656	674	649	654	680	642	658	628	648	647	646	652	670	667	621	655	650	667	641	665	679	638	641	640	628	653	648	668	656	648	643	629	661	673	664	303.2234333
743	725	719	713	725	714	706	727	719	746	705	740	738	735	720	716	735	710	703	716	726	720	744	725	737	705	734	710	713	709	707	718	714	744	698	731	720	737	707	737	725	706	734	712	709	715	704	733	723	723	743	720	738	703	729	746	722	736	708	727	735	746	721	717	716	732	698	723	737	722	712	691	735	718	724	731	716	708	712	743	702	727	721	699	725	708	724	732	730	707	694	715	708	714	756	722	306.717426
819	802	790	833	818	801	806	797	816	842	800	807	814	821	809	834	825	804	812	797	810	816	814	825	807	821	844	830	826	821	796	818	811	808	864	811	804	802	811	830	800	799	822	806	838	830	839	816	791	811	814	823	797	829	808	791	805	803	815	796	821	825	811	819	775	825	822	831	836	792	811	809	828	808	833	805	795	796	824	795	807	788	794	783	826	787	811	803	823	808	816	805	821	803	811	817	310.2249029
977	968	960	959	960	973	958	938	937	1001	976	961	961	923	945	927	958	978	952	978	959	947	952	960	976	936	970	966	968	939	950	960	966	963	941	969	944	968	959	947	949	977	945	963	932	935	953	974	963	926	975	939	948	944	969	969	976	920	954	975	950	977	938	934	955	971	972	969	963	956	969	936	958	944	978	936	941	963	968	938	935	968	946	966	967	974	950	956	943	979	951	939	932	987	971	936	313.6995245
1172	1187	1166	1165	1182	1158	1156	1174	1134	1185	1164	1179	1141	1197	1179	1168	1179	1147	1174	1172	1172	1179	1158	1163	1209	1178	1206	1129	1173	1216	1208	1198	1217	1187	1163	1200	1148	1132	1174	1189	1154	1168	1159	1172	1204	1163	1177	1164	1168	1180	1159	1156	1149	1178	1201	1166	1144	1106	1148	1192	1180	1174	1173	1182	1178	1208	1174	1184	1185	1160	1166	1190	1140	1117	1170	1141	1143	1134	1166	1188	1176	1148	1165	1183	1147	1190	1185	1173	1165	1180	1173	1166	1188	1180	1147	1182	317.1876336
1495	1474	1524	1455	1518	1476	1574	1460	1522	1508	1508	1459	1525	1443	1505	1472	1477	1448	1466	1532	1475	1499	1453	1482	1477	1510	1527	1471	1489	1460	1482	1494	1501	1508	1471	1418	1477	1479	1503	1521	1504	1428	1482	1459	1432	1483	1507	1450	1483	1538	1516	1514	1485	1540	1487	1470	1485	1552	1515	1490	1500	1464	1485	1451	1526	1512	1523	1493	1528	1484	1498	1506	1477	1510	1548	1470	1473	1461	1449	1456	1440	1481	1486	1521	1486	1542	1479	1484	1473	1537	1487	1435	1503	1485	1479	1530	320.6737848
1957	1927	1937	1959	1937	1988	1940	1929	1925	1909	1955	1938	1923	1954	1977	1974	1902	1981	1986	1930	1939	1920	1870	2025	1968	1924	1943	1952	1971	1909	1945	1954	1982	1942	1969	1956	1919	1904	1923	1964	1948	1947	1920	1951	1934	1924	1910	1894	1915	1916	1968	1940	1930	1926	1941	1930	1954	1960	1944	1933	1927	1969	1913	1941	1949	1928	1959	1947	1956	1937	1917	1913	1915	1946	1885	1941	1939	1946	1937	1980	1884	1971	1992	1982	1943	1981	1936	1897	1949	1977	1944	1924	1944	1938	1951	1933	324.1579798
2500	2509	2545	2507	2515	2504	2498	2478	2432	2482	2465	2477	2477	2526	2497	2475	2533	2521	2571	2451	2486	2505	2445	2582	2497	2536	2470	2531	2484	2508	2491	2523	2482	2561	2584	2519	2530	2466	2559	2525	2510	2463	2502	2568	2486	2539	2471	2493	2442	2505	2477	2549	2426	2502	2451	2477	2430	2527	2507	2504	2497	2470	2484	2522	2478	2566	2580	2478	2547	2536	2528	2478	2539	2469	2528	2476	2468	2452	2477	2460	2458	2436	2524	2475	2556	2554	2523	2533	2492	2532	2506	2455	2486	2512	2473	2494	327.6248164
3182	3089	3158	3191	3202	3159	3198	3187	3109	3161	3191	3132	3123	3167	3257	3212	3188	3127	3246	3182	3045	3161	3103	3096	3183	3150	3143	3116	3174	3169	3151	3182	3104	3145	3139	3160	3198	3200	3141	3135	3077	3099	3080	3162	3170	3122	3175	3126	3145	3192	3179	3138	3124	3189	3137	3124	3219	3185	3131	3183	3219	3123	3075	3141	3126	3184	3205	3107	3086	3153	3114	3162	3252	3148	3054	3108	3076	3205	3147	3108	3168	3069	3134	3184	3238	3202	3252	3159	3157	3159	3167	3090	3201	3114	3150	3275	331.1051125
3673	3709	3742	3759	3711	3753	3691	3735	3646	3735	3763	3695	3737	3699	3744	3805	3713	3708	3755	3800	3786	3625	3734	3797	3675	3833	3808	3768	3700	3808	3780	3744	3827	3740	3770	3768	3712	3722	3713	3675	3772	3702	3717	3704	3606	3652	3799	3727	3768	3743	3754	3762	3733	3779	3702	3742	3710	3782	3716	3770	3756	3693	3707	3731	3740	3781	3712	3734	3703	3739	3748	3803	3686	3715	3731	3720	3742	3755	3713	3670	3717	3762	3770	3779	3772	3797	3742	3646	3851	3783	3706	3750	3766	3759	3770	3654	334.5680707
4138	4300	4256	4393	4192	4274	4317	4284	4193	4371	4274	4247	4206	4292	4280	4321	4306	4320	4272	4253	4333	4241	4277	4209	4341	4218	4363	4288	4373	4290	4341	4246	4318	4169	4229	4275	4294	4174	4225	4200	4291	4265	4286	4203	4254	4258	4187	4249	4245	4278	4251	4251	4296	4201	4307	4159	4261	4308	4313	4206	4318	4139	4241	4283	4192	4363	4250	4318	4271	4242	4262	4219	4258	4246	4250	4262	4268	4314	4231	4222	4279	4237	4293	4250	4267	4280	4150	4234	4262	4215	4213	4178	4211	4180	4207	4196	338.0290964
4585	4554	4627	4541	4488	4525	4567	4518	4622	4618	4517	4577	4566	4532	4573	4603	4492	4537	4644	4570	4491	4569	4600	4597	4630	4674	4542	4555	4544	4580	4541	4600	4473	4554	4524	4555	4540	4511	4506	4496	4450	4488	4538	4520	4512	4465	4461	4595	4528	4624	4631	4500	4610	4604	4532	4551	4538	4589	4563	4551	4513	4542	4498	4549	4566	4599	4500	4536	4512	4586	4583	4586	4590	4459	4533	4612	4517	4537	4607	4589	4489	4467	4572	4607	4575	4539	4630	4649	4477	4543	4610	4619	4548	4532	4536	4529	341.4881913
4612	4797	4687	4600	4871	4739	4789	4761	4747	4752	4729	4794	4746	4796	4749	4808	4637	4819	4687	4631	4708	4752	4793	4774	4747	4702	4751	4697	4683	4692	4873	4848	4843	4814	4742	4788	4793	4733	4635	4674	4700	4710	4771	4649	4696	4740	4679	4694	4790	4702	4730	4942	4743	4733	4684	4753	4743	4807	4768	4720	4665	4712	4769	4775	4842	4733	4759	4769	4771	4819	4746	4770	4761	4710	4784	4813	4726	4760	4790	4789	4806	4677	4763	4721	4702	4775	4860	4779	4753	4709	4727	4706	4706	4729	4727	4736	344.9453569
4900	4766	4866	4873	4873	4863	4828	4845	4714	4802	4867	4801	4901	4864	4793	4887	4857	4759	4898	4816	4787	4856	4785	4909	4801	4821	4898	4876	4856	4806	4964	4815	4904	4967	4815	4907	4839	4814	4829	4835	4831	4816	4819	4797	4848	4835	4817	4847	4853	4798	4817	4883	4855	4864	4753	4837	4828	4907	4916	4833	4787	4872	4808	4812	4825	4893	4845	4816	4872	4717	4894	4772	4836	4775	4717	4845	4911	4878	4887	4815	4739	4849	4905	4795	4850	4861	4915	4836	4762	4910	4791	4825	4822	4880	4910	4786	348.400595
4911	4904	4970	5014	5002	4948	4882	4953	4940	4915	4860	4961	4980	5007	4887	4923	5070	4923	4932	4933	4946	4857	4872	4861	5043	4996	4984	4955	4921	4970	5043	4958	4976	4933	4955	4916	4885	4958	5041	4871	4861	4930	4920	4908	4914	4958	4882	4832	4919	4929	4940	4939	4939	4947	4915	4891	4832	4956	4951	4855	4932	5019	4880	5038	4985	4953	4939	4942	4990	4843	4969	4913	4944	4952	4899	4940	4903	4851	4932	5029	4887	4845	4929	4847	5040	5092	5019	4982	4903	4970	4954	4961	4868	5024	4944	5027	351.853907
4989	5058	5153	4986	5039	4973	5068	5028	5079	5007	5107	5050	5044	5022	5052	5025	5098	4963	5045	4921	5038	5116	5032	5015	5007	4997	5032	5016	5066	5082	5160	5017	5184	5049	5019	5145	4976	4978	5022	4999	4940	5011	5071	4987	4983	4995	5043	5036	5064	5105	5050	5073	4976	5125	5074	5012	5003	5038	4995	5069	5055	4964	5006	4959	5005	5125	5029	5028	4976	5094	4941	5113	4981	4993	4985	5052	4952	5047	5016	5040	5034	5119	4964	5130	5122	4946	5083	5047	4999	5183	5054	5043	5034	5086	5018	5076	355.3052947
5070	5142	5191	5137	5171	5152	5071	5125	5129	5228	5038	5226	5186	5162	5178	5135	5128	5111	5069	5160	5100	5094	5029	5133	5293	5011	5221	5148	5100	5224	5125	5181	5297	5198	5106	5182	5224	5079	5170	5161	5049	5138	5170	5141	5086	5185	5065	5233	5199	5021	5061	5123	5081	5197	5193	5166	5116	5127	5174	5128	5161	5134	5188	5177	5158	5100	5201	5182	5148	5155	5186	5211	5196	5126	5112	5112	5079	5116	5071	5114	5067	5104	5097	5063	5109	5059	5129	5107	5085	5130	5194	5189	5201	5145	5172	5201	358.7394328
5235	5259	5303	5238	5284	5221	5358	5292	5265	5278	5314	5256	5243	5262	5232	5335	5229	5269	5174	5201	5291	5235	5278	5269	5238	5235	5282	5247	5246	5234	5353	5325	5283	5372	5420	5315	5240	5277	5215	5321	5203	5286	5167	5274	5258	5272	5224	5320	5303	5234	5303	5192	5282	5246	5161	5180	5350	5102	5302	5319	5266	5144	5221	5272	5252	5316	5336	5306	5219	5188	5268	5276	5333	5158	5355	5209	5239	5261	5178	5246	5270	5329	5281	5290	5345	5280	5298	5259	5162	5184	5210	5293	5272	5287	5181	5311	362.186985
5270	5302	5236	5298	5322	5301	5331	5241	5258	5486	5409	5342	5425	5317	5307	5406	5396	5363	5345	5320	5307	5284	5382	5341	5410	5357	5352	5359	5318	5309	5435	5349	5469	5387	5302	5351	5262	5345	5368	5365	5267	5318	5346	5323	5324	5205	5375	5373	5322	5399	5252	5401	5325	5377	5335	5259	5378	5353	5414	5431	5371	5338	5320	5358	5346	5390	5306	5312	5477	5192	5356	5458	5300	5387	5392	5322	5292	5437	5358	5359	5408	5339	5296	5313	5301	5428	5358	5260	5309	5315	5231	5221	5356	5338	5382	5307	365.617308
5378	5338	5278	5357	5241	5374	5329	5314	5284	5378	5365	5247	5397	5250	5332	5432	5337	5381	5364	5287	5342	5401	5338	5397	5405	5344	5325	5310	5365	5430	5396	5378	5335	5331	5385	5426	5393	5269	5376	5206	5292	5350	5306	5248	5297	5211	5320	5346	5390	5362	5419	5294	5343	5300	5307	5276	5299	5192	5263	5280	5331	5370	5375	5368	5293	5368	5330	5394	5313	5331	5314	5331	5471	5399	5324	5308	5365	5390	5358	5403	5270	5322	5420	5319	5494	5417	5411	5334	5329	5463	5331	5304	5386	5344	5252	5323	369.04573
5239	5279	5288	5236	5424	5333	5244	5346	5234	5204	5314	5328	5161	5269	5312	5272	5293	5321	5367	5226	5224	5245	5294	5280	5344	5237	5301	5281	5282	5380	5457	5446	5314	5254	5373	5434	5248	5365	5362	5270	5264	5306	5319	5237	5277	5255	5241	5274	5300	5184	5328	5281	5280	5285	5309	5245	5184	5346	5339	5296	5301	5396	5383	5363	5304	5357	5320	5259	5325	5161	5354	5350	5296	5354	5225	5312	5285	5268	5297	5337	5338	5382	5232	5266	5337	5373	5338	5351	5299	5358	5271	5264	5281	5438	5354	5281	372.4875453
5233	5200	5309	5182	5153	5142	5131	5277	5160	5157	5289	5182	5207	5183	5147	5334	5206	5186	5256	5228	5215	5286	5131	5264	5227	5168	5250	5196	5296	5308	5215	5221	5313	5326	5285	5233	5193	5321	5193	5158	5122	5220	5168	5229	5150	5278	5207	5194	5227	5184	5152	5221	5136	5279	5221	5064	5210	5261	5291	5283	5179	5185	5249	5415	5283	5247	5271	5229	5181	5292	5377	5238	5250	5200	5261	5126	5329	5303	5173	5230	5183	5215	5134	5159	5241	5346	5270	5242	5238	5137	5291	5208	5250	5303	5167	5246	375.9121616
5239	5218	5276	5228	5218	5050	5087	5143	5107	5188	5280	5142	5221	5177	5237	5182	5179	5182	5182	5327	5214	5154	5163	5218	5212	5242	5252	5214	5271	5206	5320	5198	5132	5181	5168	5235	5184	5226	5120	5222	5180	5079	5195	5182	5179	5221	5236	5173	5196	5160	5219	5157	5264	5145	5161	5149	5176	5273	5253	5195	5185	5268	5100	5190	5237	5235	5247	5236	5255	5212	5222	5174	5201	5147	5209	5265	5229	5106	5178	5176	5298	5140	5155	5210	5236	5325	5209	5260	5163	5217	5166	5258	5176	5176	5148	5192	379.3348817
5212	5173	5211	5169	5243	5197	5137	5105	5205	5204	5157	5152	5129	5142	5195	5165	5165	5149	5120	5097	5116	5081	5110	5205	5194	5122	5140	5164	5140	5102	5201	5130	5264	5238	5150	5200	5239	5130	5203	5027	5200	5202	5129	5169	5069	5178	5225	5177	5156	5102	5105	5136	5129	5064	5166	5050	5181	5186	5084	5156	5239	5113	5117	5100	5186	5209	5229	5205	5209	5190	5132	5169	5122	5220	5112	5104	5209	5213	5087	5129	5155	5234	5186	5086	5109	5168	5172	5177	5165	5140	5154	5111	5152	5129	5131	5264	382.7557071
5270	5219	5239	5173	5035	5122	5165	5239	5220	5286	5226	5191	5124	5121	5134	5145	5148	5106	5135	5215	5189	5149	5163	5066	5128	5133	5164	5102	5234	5188	5203	5262	5352	5021	5259	5192	5166	5215	5072	5195	5110	5198	5160	5194	5152	5112	5131	5218	5217	5146	5140	5090	5144	5087	5127	5119	5099	5241	5105	5187	5253	5101	5121	5335	5141	5159	5255	5175	5276	5311	5253	5136	5192	5200	5118	5154	5161	5164	5123	5161	5237	5196	5110	5200	5208	5191	5260	5146	5217	5098	5126	5187	5172	5152	5177	5101	386.1746395
5191	5222	5104	5224	5197	5197	5166	5166	5125	5170	5281	5157	5217	5163	5090	5245	5116	5183	5105	5146	5240	5116	5070	5157	5250	5295	5167	5319	5245	5202	5201	5288	5270	5336	5167	5279	5171	5175	5227	5378	5159	5162	5196	5054	5075	5131	5138	5180	5185	5156	5196	5335	5154	5267	5097	5144	5037	5190	5241	5223	5101	5265	5092	5264	5243	5257	5201	5176	5200	5215	5258	5193	5086	5082	5233	5094	5085	5248	5087	5170	5073	5236	5173	5139	5175	5132	5168	5198	5261	5054	5240	5164	5141	5213	5161	5170	389.5764299
5172	5189	5115	5191	5180	5201	5210	5170	5221	5094	5098	5165	5207	5091	5181	5216	5159	5201	5157	5139	5150	5089	5103	5176	5075	5256	5125	5165	5134	5142	5125	5193	5278	5196	5154	5173	5105	5146	5091	5131	5152	5159	5286	5193	5107	5182	5122	5203	5163	5120	5179	5118	5168	5064	5090	5105	5148	5046	5178	5181	5097	5245	5192	5130	5265	5150	5125	5172	5112	5136	5170	5130	5151	5150	5097	5192	5133	5153	5093	5111	5031	5189	5202	5191	5186	5142	5122	5144	5161	5130	5247	5154	5061	5084	5013	5160	392.9915892
5161	5151	5213	5144	5273	5197	5207	5141	5204	5111	5151	5147	5165	5202	5081	5159	5145	5087	5119	5130	5170	5187	5214	5152	5094	5190	5236	5187	5123	5246	5172	5149	5292	5194	5130	5270	5193	5111	5149	5115	5190	5060	5087	5134	5115	5202	5041	5185	5123	5161	5282	5101	5076	5203	5220	5150	5228	5228	5112	5128	5093	5082	5134	5153	5171	5199	5119	5063	5091	5283	5174	5215	5116	5161	5190	5040	5098	5149	5172	5016	5148	5126	5191	5111	5214	5321	5198	5182	5217	5140	5123	5090	5087	5058	5111	5207	396.3896265
5107	5172	5247	5181	5200	5098	5161	5040	5097	5063	5108	5108	5155	5184	5203	5068	5058	5141	5183	5204	5201	5130	5188	5059	5198	5199	5215	5165	5028	5130	5209	5153	5266	5136	5146	5222	5140	5080	5177	5165	5085	5099	5124	5084	5101	5169	5135	5098	5177	5181	5179	5136	5212	5188	5135	5078	5156	5102	5190	5149	5255	5134	5171	5211	5176	5114	5083	5108	5229	5196	5200	5126	5202	5182	5079	5173	5082	5140	5128	5092	5056	5130	5207	5187	5201	5076	5185	5182	5209	5108	5232	5077	5125	5126	5134	5253	399.801019
5257	5259	5251	5264	5204	5319	5113	5225	5190	5204	5214	5246	5223	5162	5085	5244	5274	5289	5232	5315	5212	5178	5184	5202	5191	5159	5184	5292	5115	5229	5367	5216	5205	5318	5262	5260	5220	5246	5178	5127	5221	5211	5176	5270	5220	5267	5141	5265	5116	5162	5262	5118	5193	5268	5247	5289	5250	5184	5125	5254	5232	5212	5260	5381	5278	5241	5241	5251	5283	5191	5196	5248	5186	5370	5107	5159	5174	5109	5101	5186	5245	5247	5314	5298	5265	5226	5241	5203	5325	5266	5248	5276	5237	5287	5226	5346	403.1953095
5406	5407	5460	5396	5448	5458	5499	5422	5427	5457	5417	5488	5406	5401	5548	5431	5413	5357	5321	5428	5336	5404	5463	5392	5301	5470	5380	5358	5419	5411	5563	5541	5480	5446	5399	5399	5369	5364	5395	5379	5440	5513	5376	5376	5362	5445	5352	5316	5340	5338	5406	5432	5409	5362	5434	5443	5268	5452	5290	5492	5401	5488	5320	5355	5517	5283	5415	5351	5472	5462	5401	5453	5491	5459	5381	5432	5309	5401	5427	5393	5391	5354	5405	5375	5423	5365	5486	5345	5396	5460	5311	5514	5388	5393	5479	5459	406.587733
5771	5774	5671	5758	5663	5711	5709	5743	5701	5858	5762	5655	5749	5706	5660	5752	5742	5734	5768	5762	5810	5687	5691	5741	5809	5725	5756	5698	5675	5688	5677	5783	5853	5858	5710	5686	5735	5767	5766	5705	5718	5600	5854	5752	5685	5769	5678	5643	5858	5783	5765	5636	5823	5753	5701	5764	5791	5732	5800	5795	5748	5727	5659	5792	5866	5846	5730	5801	5745	5764	5768	5755	5725	5745	5795	5697	5761	5708	5791	5778	5692	5811	5668	5739	5755	5712	5803	5748	5758	5868	5731	5705	5608	5732	5805	5727	409.9782911
6123	6148	6127	6077	6110	6111	6074	6211	6162	6221	6042	6146	6164	6077	6147	6056	6193	6103	6151	6201	5977	6111	6232	6097	6160	6141	6189	6113	6045	6058	6172	6153	6291	6150	6114	6118	6136	6051	5963	5995	6067	6127	6153	6081	6083	6130	6119	6142	6150	6120	6171	6017	6033	6155	6083	6071	5978	6135	6148	6129	6193	6087	6072	6154	6104	6093	6100	6165	6107	6158	6100	6224	6163	6144	6143	6147	6147	6120	6075	6010	6194	6071	6160	6188	6132	6117	6075	6256	6099	6132	6051	6163	6121	6104	6070	6096	413.3821772
6414	6419	6485	6340	6260	6321	6400	6471	6365	6444	6454	6373	6467	6290	6404	6574	6385	6408	6376	6308	6290	6403	6434	6315	6328	6325	6383	6413	6355	6378	6395	6383	6435	6314	6327	6400	6285	6358	6406	6389	6416	6336	6297	6369	6399	6415	6374	6375	6488	6375	6430	6322	6418	6370	6299	6270	6269	6338	6326	6327	6469	6466	6363	6492	6397	6386	6384	6351	6506	6470	6328	6279	6398	6370	6427	6372	6310	6326	6329	6473	6353	6458	6417	6331	6415	6395	6349	6368	6306	6380	6321	6362	6434	6473	6342	6432	416.7538174
6535	6513	6628	6498	6529	6541	6567	6392	6414	6461	6545	6522	6492	6590	6554	6509	6512	6377	6490	6478	6547	6503	6438	6567	6542	6557	6370	6635	6452	6549	6695	6702	6627	6394	6535	6529	6503	6378	6492	6427	6404	6490	6552	6475	6477	6476	6462	6342	6569	6602	6470	6522	6361	6555	6471	6477	6444	6519	6562	6516	6534	6416	6567	6439	6606	6498	6486	6568	6480	6499	6513	6500	6559	6565	6473	6488	6519	6570	6416	6523	6421	6522	6464	6488	6417	6518	6534	6550	6431	6539	6401	6434	6464	6526	6513	6468	420.1387886
6363	6388	6297	6254	6302	6365	6272	6397	6373	6390	6303	6299	6335	6399	6254	6385	6375	6262	6306	6365	6280	6270	6317	6294	6329	6387	6365	6275	6308	6373	6294	6327	6429	6388	6260	6336	6275	6284	6407	6318	6368	6369	6343	6329	6238	6224	6296	6271	6412	6282	6384	6347	6402	6293	6296	6297	6348	6348	6259	6402	6376	6355	6380	6396	6388	6388	6370	6437	6382	6484	6277	6259	6299	6255	6334	6262	6374	6369	6272	6228	6294	6266	6307	6342	6157	6339	6324	6284	6319	6327	6413	6364	6357	6283	6365	6286	423.5219006
6062	5937	6079	5983	5984	5897	6123	6082	5923	6042	6123	5977	6014	6078	6013	6041	6051	6073	5993	6057	6119	5988	5919	5999	6102	5952	5957	5952	5924	5919	6157	6114	5992	6006	6049	5919	5984	6023	6075	6044	6126	6039	5911	6044	6011	5954	5892	5959	6056	6091	6014	5966	6077	6036	6199	6090	6084	6083	6025	6097	6074	5992	6091	5974	6035	6137	6004	5897	6013	6080	6005	5971	6135	5944	5963	6006	6017	5966	5928	6039	5955	6021	5912	5954	5891	6023	5987	6041	6087	5982	5938	5951	6055	6003	5969	5970	426.9031548
5554	5707	5612	5571	5488	5609	5614	5645	5657	5652	5686	5560	5669	5639	5541	5549	5716	5699	5623	5633	5748	5599	5614	5641	5708	5702	5682	5682	5582	5706	5649	5733	5618	5543	5560	5578	5564	5607	5585	5551	5519	5588	5605	5583	5597	5579	5633	5623	5603	5555	5580	5587	5560	5674	5621	5534	5614	5615	5579	5775	5588	5635	5632	5597	5647	5671	5644	5586	5597	5610	5568	5535	5558	5581	5609	5617	5627	5722	5563	5549	5584	5550	5603	5547	5535	5655	5580	5634	5585	5615	5628	5574	5462	5572	5560	5606	430.2674028
5277	5211	5333	5308	5217	5288	5330	5350	5287	5467	5294	5140	5266	5208	5263	5273	5297	5243	5304	5309	5334	5374	5227	5255	5402	5246	5356	5178	5383	5277	5270	5301	5334	5337	5328	5235	5270	5186	5103	5171	5167	5236	5259	5145	5217	5405	5319	5281	5228	5221	5236	5214	5261	5231	5269	5220	5309	5381	5253	5306	5204	5184	5282	5280	5292	5338	5313	5266	5281	5296	5343	5243	5294	5238	5206	5281	5341	5344	5360	5267	5297	5234	5260	5338	5270	5270	5217	5289	5308	5325	5322	5212	5201	5300	5317	5309	433.6449545
5060	5082	5076	5026	5095	5055	5058	5162	5016	5102	5047	5019	5033	4981	5117	5196	5118	5008	5068	5137	5026	5036	4991	5118	5109	5119	5045	5140	5063	5003	5169	5077	5123	5153	4967	5090	5101	5068	5083	5001	4958	5049	4945	5096	4983	4957	4976	5046	5069	5051	5035	5084	5072	4939	5008	5000	5086	5100	5177	5188	5202	4949	5042	5108	5126	5015	5049	5106	5174	5146	5027	5083	5024	5074	5006	5076	5038	4984	5074	4992	5147	5069	5057	5059	5094	5187	5078	5055	5077	5045	5039	5115	5108	5127	4984	5083	437.0055196
5011	4987	4879	4848	5007	4926	5006	4919	5018	4878	4858	4830	4856	5001	5019	5036	4904	4992	4976	5020	4915	4829	4841	4894	4983	4953	4993	4924	4939	5008	4988	5045	4976	4896	4960	4963	5041	4909	4917	4982	4918	4954	4879	4907	4833	4913	4888	4895	4886	4944	4950	4903	4818	4956	4901	4928	4890	4968	4905	4945	5006	4851	4918	4969	4994	4979	4997	5027	4996	4964	5054	5028	4900	4845	4888	5012	4871	4945	4964	4949	4913	4947	4921	4984	5031	5006	4921	4997	4994	4947	4946	4984	5006	4941	4972	4929	440.3642496
4972	4962	4945	4999	4995	5007	4972	4962	4984	5019	5053	4894	4928	4929	4859	5043	4905	4940	4902	4967	4898	5021	4948	4936	4994	4989	5052	4936	4963	5015	5029	4980	4929	4828	5016	5077	4898	4994	4865	4925	4971	4958	5011	4985	4915	4971	4967	4949	4957	4930	4953	4954	4992	4971	4913	4903	4921	4988	4932	5029	4905	4873	5026	5072	4954	5084	4979	4942	4950	4958	4910	4957	4891	4853	4929	4979	4925	5004	4890	4928	4858	4987	5028	4918	5039	5019	5005	4999	4951	4942	4964	5012	4961	4953	4953	4947	443.7211461
5174	5047	5093	5077	5059	5095	5063	5002	5033	4997	5117	5047	5004	5021	5067	5239	5150	5184	4952	5076	5003	4995	5048	5084	5109	5047	5115	5013	5116	5043	5116	5197	5035	5111	5103	5182	5095	5035	5131	5006	5057	4980	5108	5104	4989	5005	4986	4956	5055	5046	4959	5012	4979	5053	5109	5071	5041	5094	5012	5117	5029	5035	4956	5063	5088	5127	5064	4938	5041	4966	5018	5071	5166	4932	5029	5088	5034	4989	5060	5087	5008	5082	5054	5168	5119	5011	5015	4959	5144	5048	5089	4978	5143	5097	5017	5084	447.0762105
5203	5215	5170	5067	5158	5113	5195	5158	5163	5226	5216	5107	5061	5102	5158	5230	5127	5166	5148	5167	5169	5286	5050	5051	5123	5202	5292	5163	5050	5174	5157	5150	5097	5202	5144	5238	5122	5160	5059	5042	5158	5100	5129	5144	5092	5204	5088	5175	5138	5278	5201	5172	5102	5158	5177	5126	5121	5214	5201	5197	5111	5228	5110	5261	5159	5254	5010	5309	5045	5158	5153	5195	5291	5129	5132	5184	5137	5067	5046	5120	5134	5103	5200	5268	5185	5136	5261	5206	5258	5053	5100	5140	5037	5194	5055	5134	450.4294444
5234	5260	5308	5233	5216	5288	5256	5300	5222	5295	5320	5160	5205	5186	5249	5220	5233	5239	5206	5228	5239	5211	5245	5291	5223	5188	5167	5144	5194	5206	5303	5179	5238	5170	5142	5181	5211	5225	5163	5166	5148	5178	5122	5194	5337	5139	5211	5129	5214	5108	5166	5317	5186	5208	5320	5186	5283	5254	5242	5185	5215	5179	5144	5288	5172	5239	5258	5164	5190	5280	5311	5339	5273	5153	5179	5173	5211	5282	5199	5182	5240	5259	5169	5244	5229	5251	5271	5222	5265	5298	5258	5291	5139	5217	5117	5264	453.7808493
5290	5321	5248	5213	5310	5327	5184	5303	5218	5332	5216	5348	5255	5302	5206	5289	5338	5275	5227	5188	5256	5236	5165	5141	5227	5313	5329	5295	5276	5295	5283	5335	5320	5276	5274	5231	5231	5284	5270	5292	5119	5220	5328	5220	5235	5236	5215	5335	5188	5298	5178	5223	5308	6980	5275	5210	5312	5262	5214	5220	5191	5324	5203	5278	5238	5341	5172	5321	5335	5235	5305	5219	5188	5240	5342	5388	5185	5193	5224	5241	5171	5307	5309	5256	5234	5349	5279	5327	5281	5223	5139	5207	5365	5191	5213	5320	457.1304266
5254	5197	5196	5191	5289	5190	5309	5255	5144	5274	5204	5199	5261	5106	5198	5144	5265	5284	5199	5231	5274	5287	5124	5261	5201	5232	5172	5097	5177	5241	5282	5252	5253	5326	5248	5251	5104	5109	5214	5274	5231	5142	5193	5208	5190	5129	5122	5209	5225	5124	5245	5198	5075	5313	5260	5102	5217	5274	5222	5209	5141	5189	5222	5247	5115	5270	5172	5278	5098	5155	5278	5269	5197	5221	5094	5171	5168	5272	5169	5070	5150	5220	5134	5159	5248	5199	5246	5194	5301	5259	5215	5185	5181	5210	5156	5199	460.4781778
5059	5117	5046	5178	5129	5163	5013	5072	5178	5220	5213	5162	5122	5167	5149	5043	5041	5123	5027	5119	5057	5022	5006	5092	5080	5097	5121	5051	5101	5052	5128	5179	5147	5093	5168	5132	5026	4992	4961	5048	5109	5023	5148	4994	5009	5188	5072	5047	5091	5113	5089	5046	5071	5130	5059	5050	5219	5110	5013	5072	5019	5142	5079	5042	5086	5133	5138	5036	5243	5076	5164	5093	5097	5087	5052	5077	5029	5107	4993	5070	5096	5055	5100	5118	5166	5026	5213	5121	5113	5026	5179	5012	5043	5096	5049	5084	463.8090368
4934	4860	4916	4869	4858	4858	4927	4973	4945	5022	4903	4905	4913	4950	4863	4965	4903	4893	4932	4879	4933	4988	4884	4919	4924	4985	4924	4915	4836	4829	4921	5009	4958	4902	4948	4996	4823	4877	4923	4943	4853	4920	4936	4902	4953	4977	4829	4861	4932	4876	4974	4921	4854	4948	4861	4847	4838	4918	4902	4932	4845	4914	4856	4977	4878	4827	4866	4985	4945	4862	4912	4997	4907	4941	4959	4918	4932	4939	4880	4891	4792	4893	4915	5001	4926	5011	4896	4934	4934	4931	4979	4925	4856	4950	4908	4988	467.1531487
4790	4781	4651	4779	4686	4765	4748	4791	4699	4720	4720	4753	4753	4773	4755	4663	4814	4679	4752	4803	4628	4702	4686	4771	4746	4759	4778	4671	4774	4726	4754	4791	4781	4670	4746	4795	4751	4632	4682	4677	4673	4700	4816	4661	4737	4767	4856	4672	4781	4766	4838	4709	4714	4683	4761	4678	4692	4722	4654	4623	4780	4774	4838	4776	4721	4727	4690	4671	4675	4643	4770	4718	4671	4774	4704	4740	4718	4672	4776	4785	4808	4796	4736	4783	4779	4679	4844	4761	4736	4673	4760	4863	4603	4687	4694	4683	470.4803876
4527	4512	4378	4485	4572	4474	4506	4452	4490	4563	4486	4462	4436	4495	4517	4528	4576	4612	4554	4462	4555	4508	4521	4506	4475	4526	4492	4501	4415	4533	4477	4544	4556	4506	4445	4446	4486	4467	4505	4574	4423	4523	4461	4523	4448	4450	4476	4473	4487	4523	4515	4495	4467	4483	4401	4470	4532	4441	4463	4480	4551	4500	4489	4490	4501	4590	4485	4482	4558	4525	4479	4500	4473	4544	4451	4495	4446	4424	4470	4425	4418	4566	4509	4498	4511	4543	4571	4549	4571	4621	4561	4534	4390	4427	4499	4479	473.8058228
4304	4300	4381	4274	4307	4257	4316	4201	4381	4430	4378	4380	4362	4355	4271	4326	4359	4276	4288	4312	4286	4265	4229	4386	4350	4366	4441	4331	4320	4317	4368	4281	4316	4435	4268	4395	4356	4340	4278	4324	4231	4404	4338	4274	4280	4364	4442	4297	4377	4372	4360	4357	4374	4375	4341	4378	4379	4251	4415	4329	4295	4323	4327	4319	4279	4312	4352	4294	4382	4369	4217	4316	4277	4380	4400	4301	4264	4390	4301	4278	4352	4374	4342	4342	4300	4304	4319	4428	4413	4345	4354	4314	4373	4312	4274	4350	477.1294557
4321	4361	4256	4237	4338	4185	4302	4238	4250	4241	4378	4359	4267	4208	4266	4382	4275	4364	4303	4276	4220	4262	4199	4218	4236	4286	4277	4234	4308	4290	4313	4220	4298	4259	4306	4270	4186	4129	4254	4195	4229	4282	4206	4245	4240	4256	4216	4213	4310	4276	4223	4319	4249	4383	4170	4266	4285	4198	4217	4208	4332	4223	4301	4323	4202	4309	4341	4315	4317	4258	4179	4295	4276	4278	4238	4312	4263	4310	4245	4269	4308	4234	4225	4202	4282	4240	4366	4253	4269	4245	4261	4181	4170	4269	4242	4186	480.4512878
4271	4176	4284	4223	4232	4208	4178	4207	4226	4212	4200	4184	4140	4229	4311	4261	4229	4241	4114	4229	4207	4194	4290	4263	4280	4246	4242	4212	4269	4278	4330	4259	4231	4208	4254	4322	4231	4326	4166	4251	4097	4243	4247	4139	4182	4232	4243	4213	4216	4185	4329	4210	4264	4188	4317	4205	4200	4303	4259	4105	4194	4168	4200	4171	4322	4246	4186	4150	4227	4098	4348	4106	4083	4264	4185	4180	4159	4313	4205	4183	4163	4209	4275	4253	4265	4233	4124	4210	4191	4124	4199	4230	4253	4217	4212	4216	483.7713206
4248	4294	4242	4297	4220	4248	4289	4162	4280	4293	4273	4254	4278	4308	4242	4219	4307	4244	4384	4338	4164	4250	4261	4255	4221	4295	4319	4257	4262	4306	4244	4233	4206	4280	4273	4274	4172	4269	4179	4291	4202	4238	4258	4294	4248	4260	4270	4207	4160	4348	4226	4250	4264	4286	4270	4181	4232	4289	4308	4286	4209	4331	4245	4368	4256	4222	4236	4264	4349	4171	4202	4249	4244	4238	4254	4274	4308	4276	4283	4248	4258	4173	4239	4183	4351	4315	4340	4265	4236	4308	4250	4237	4166	4241	4305	4162	487.0895555
4337	4348	4301	4238	4337	4379	4277	4271	4308	4421	4309	4317	4244	4332	4210	4378	4403	4293	4300	4335	4206	4228	4302	4307	4223	4322	4361	4310	4301	4288	4351	4432	4393	4301	4382	4241	4324	4283	4239	4243	4250	4329	4221	4354	4354	4397	4277	4266	4309	4282	4320	4333	4197	4332	4271	4303	4228	4276	4353	4236	4281	4177	4223	4404	4281	4288	4328	4323	4287	4312	4383	4281	4402	4280	4281	4404	4271	4255	4217	4285	4291	4355	4383	4305	4298	4351	4392	4211	4394	4294	4337	4400	4311	4229	4305	4327	490.4059939
4319	4381	4375	4353	4394	4404	4342	4414	4441	4443	4447	4306	4352	4413	4378	4409	4526	4388	4379	4354	4356	4399	4446	4289	4401	4468	4261	4324	4342	4390	4438	4491	4500	4468	4367	4399	4327	4451	4399	4479	4328	4276	4403	4232	4313	4366	4250	4272	4392	4301	4402	4368	4404	4390	4390	4332	4429	4343	4292	4452	4370	4433	4279	4368	4378	4359	4366	4379	4321	4431	4397	4366	4399	4335	4277	4407	4400	4328	4368	4372	4379	4459	4326	4390	4381	4407	4402	4405	4334	4472	4366	4391	4329	4363	4385	4451	493.7206374
4523	4379	4420	4560	4557	4453	4375	4431	4398	4531	4473	4563	4388	4450	4440	4461	4500	4435	4447	4485	4598	4384	4482	4434	4507	4493	4535	4560	4486	4460	4516	4479	4565	4526	4403	4502	4450	4425	4546	4460	4370	4418	4432	4540	4493	4403	4430	4421	4459	4542	4389	4407	4478	4499	4384	4517	4429	4424	4511	4375	4404	4472	4462	4543	4482	4478	4440	4438	4514	4585	4528	4462	4431	4425	4422	4384	4414	4424	4475	4484	4344	4459	4498	4513	4461	4487	4486	4527	4533	4463	4531	4419	4412	4399	4469	4419	497.0185011
4586	4559	4578	4519	4579	4622	4510	4603	4380	4634	4619	4631	4621	4597	4531	4572	4576	4488	4474	4607	4560	4583	4607	4478	4494	4650	4588	4610	4638	4566	4559	4565	4558	4601	4612	4584	4521	4588	4399	4579	4532	4567	4609	4522	4585	4500	4534	4474	4602	4564	4699	4560	4610	4585	4481	4470	4563	4618	4533	4508	4524	4497	4518	4545	4613	4621	4577	4445	4549	4590	4529	4589	4499	4530	4568	4589	4497	4588	4571	4568	4457	4521	4489	4497	4555	4539	4474	4465	4526	4620	4585	4599	4568	4660	4604	4456	500.3295671
4634	4677	4561	4654	4668	4759	4666	4618	4590	4628	4675	4685	4672	4586	4541	4639	4621	4607	4624	4645	4682	4681	4705	4779	4712	4612	4692	4690	4654	4704	4729	4747	4722	4658	4605	4713	4564	4649	4578	4581	4669	4561	4565	4631	4610	4657	4581	4684	4676	4727	4751	4716	4627	4598	4660	4667	4552	4676	4615	4679	4671	4642	4574	4726	4722	4753	4643	4669	4695	4678	4725	4720	4644	4713	4601	4636	4638	4695	4624	4624	4695	4576	4707	4663	4647	4717	4668	4637	4593	4523	4609	4668	4643	4566	4612	4616	503.6238724
4864	4895	4876	4769	4792	4803	4811	4789	4746	4847	4881	4800	4866	4803	4885	4821	4804	4807	4854	4858	4839	4773	4816	4813	4796	4846	4833	4894	4861	4901	4884	4908	4809	4917	4871	4839	4770	4650	4748	4796	4757	4837	4743	4843	4713	4692	4841	4661	4827	4817	4824	4825	4761	4927	4803	4770	4900	4849	4774	4832	4791	4808	4749	4781	4810	4817	4857	4773	4824	4772	4899	4808	4777	4740	4842	4785	4805	4863	4774	4776	4748	4823	4728	4857	4768	4759	4853	4830	4761	4857	4838	4810	4840	4790	4944	4849	506.9164047
5085	5029	5085	5034	4899	4988	5016	5051	5059	5084	5033	4986	5054	5075	5094	5040	5031	5158	5085	5010	4953	5084	5039	5004	5042	5118	5088	4957	5019	5056	4925	5125	5047	5005	5060	5061	5055	5032	5056	5095	5025	4999	5139	5024	4979	5092	5061	4965	5102	5076	5013	5108	5013	5033	4940	4994	4939	5085	5086	5025	5086	5032	5073	5052	5045	5128	5114	5020	5071	5079	5064	5055	5084	5157	5184	4975	5064	5050	5048	4981	5027	5146	5073	4952	5105	5107	5083	5119	5034	5112	5050	5106	5052	5113	5046	5082	510.2221194
5554	5531	5471	5428	5507	5400	5426	5572	5469	5550	5416	5481	5508	5486	5431	5371	5476	5347	5557	5391	5382	5509	5525	5506	5590	5448	5449	5488	5499	5528	5529	5512	5445	5477	5542	5501	5352	5475	5433	5399	5503	5380	5471	5387	5404	5428	5340	5358	5474	5430	5285	5436	5456	5469	5541	5489	5430	5330	5425	5452	5432	5444	5442	5353	5424	5477	5436	5525	5455	5509	5370	5403	5474	5482	5335	5527	5488	5458	5558	5474	5451	5551	5507	5425	5396	5499	5498	5522	5486	5446	5449	5395	5525	5466	5520	5561	513.5111019
6011	5944	5927	6000	5997	5930	5956	5998	5968	5981	5871	5993	6071	5969	5938	6016	6103	5969	5975	6104	5988	5964	6049	6006	6029	6000	6011	5917	5891	5986	6048	6069	5982	6016	6107	6019	5996	5899	5849	5892	5947	6086	5942	5987	5987	5844	5906	5916	6055	5996	5969	6013	5964	6022	5936	5982	5885	6022	5909	5845	5978	5976	5985	6069	5969	5862	5959	5926	5854	5981	5944	5857	6070	5973	6002	5908	5972	6050	5904	5943	5901	5973	5977	5890	5957	6040	5953	5973	5899	6035	5945	5950	5892	5952	5943	6019	516.7983157
6495	6497	6456	6506	6561	6430	6551	6400	6453	6408	6498	6570	6373	6324	6510	6553	6507	6520	6574	6444	6432	6408	6472	6330	6497	6587	6539	6509	6494	6615	6531	6456	6594	6525	6655	6464	6450	6492	6392	6436	6372	6514	6474	6432	6494	6479	6388	6609	6516	6479	6482	6367	6424	6518	6462	6386	6403	6472	6511	6385	6434	6460	6471	6417	6497	6588	6436	6452	6338	6326	6436	6534	6471	6520	6498	6520	6492	6436	6420	6412	6378	6467	6551	6367	6387	6418	6479	6322	6444	6460	6413	6466	6523	6344	6393	6479	520.0837622
6545	6533	6526	6510	6542	6439	6457	6432	6488	6440	6537	6502	6512	6468	6469	6497	6582	6508	6506	6530	6511	6398	6480	6480	6539	6497	6516	6412	6385	6415	6570	6509	6549	6457	6471	6496	6429	6259	6473	6531	6377	6436	6444	6499	6480	6454	6470	6526	6419	6378	6560	6482	6439	6426	6575	6413	6393	6388	6584	6470	6471	6430	6417	6508	6480	6485	6418	6378	6457	6448	6441	6542	6412	6481	6479	6524	6645	6458	6389	6374	6433	6508	6341	6520	6506	6456	6478	6374	6439	6487	6466	6504	6439	6402	6559	6545	523.3525211
6262	6165	6108	6135	6067	6202	6215	6095	6117	6210	6197	6134	6158	6094	6161	6085	6174	6235	6134	6205	6090	6203	6236	6141	6183	6271	6174	6088	6242	6239	6183	6169	6180	6205	6291	6127	6213	6139	6059	6177	6094	6097	6098	6020	6020	6142	6286	6146	6104	6101	6086	6076	6187	6174	6149	6186	6106	5985	6088	6115	6091	6153	6079	6118	6176	6209	6162	6192	6125	6097	6145	6258	6151	6164	6230	6063	6152	6180	6150	6105	6167	6132	6110	6213	6189	6305	6080	6065	6086	6077	6177	6052	6140	6103	6233	6089	526.6344453
5774	5714	5697	5607	5757	5801	5670	5634	5646	5728	5671	5708	5686	5673	5740	5714	5593	5724	5637	5696	5719	5674	5724	5746	5613	5630	5690	5728	5781	5744	5735	5688	5751	5708	5658	5704	5648	5646	5645	5693	5635	5707	5618	5665	5568	5662	5695	5655	5742	5670	5642	5705	5642	5758	5654	5632	5749	5666	5713	5622	5763	5658	5721	5723	5825	5789	5709	5817	5616	5681	5759	5714	5577	5751	5671	5752	5583	5730	5642	5668	5711	5756	5646	5610	5663	5707	5651	5588	5655	5701	5633	5610	5657	5634	5707	5763	529.9146065
5492	5439	5410	5505	5393	5426	5494	5397	5423	5394	5352	5375	5385	5398	5450	5460	5396	5414	5377	5384	5457	5389	5459	5321	5416	5372	5392	5433	5449	5333	5435	5544	5310	5514	5471	5407	5482	5388	5375	5452	5407	5480	5461	5474	5452	5366	5305	5379	5340	5352	5430	5425	5400	5386	5453	5457	5390	5360	5407	5404	5451	5265	5443	5511	5398	5402	5453	5373	5455	5368	5402	5480	5341	5491	5308	5533	5438	5344	5371	5401	5354	5586	5523	5330	5447	5361	5483	5437	5391	5448	5443	5366	5472	5449	5400	5460	533.1781082
5379	5258	5122	5218	5181	5304	5192	5340	5142	5200	5189	5263	5291	5263	5348	5310	5389	5207	5148	5282	5333	5186	5249	5219	5267	5308	5207	5263	5242	5209	5348	5199	5451	5253	5361	5236	5159	5273	5122	5250	5227	5201	5222	5278	5228	5237	5165	5276	5281	5250	5154	5157	5214	5056	5257	5113	5216	5235	5189	5245	5276	5244	5175	5361	5398	5299	5244	5347	5298	5279	5237	5272	5249	5298	5261	5160	5287	5167	5046	5235	5314	5252	5233	5204	5238	5292	5153	5239	5292	5240	5364	5136	5086	5254	5211	5252	536.4547556
5165	5145	5156	5218	5171	5130	5143	5117	5156	5159	5173	5047	5062	5125	5014	5145	5147	5079	5066	5089	5129	5111	5126	5147	5085	5055	5139	5099	5042	5025	5069	5144	5271	5189	5103	5086	5058	5097	4987	5066	5107	5223	5172	5139	5059	5053	5064	5037	5058	5101	5165	5097	5118	5046	4974	5102	5070	5013	5181	5048	5117	5115	5058	5143	5121	5097	5129	5121	5141	5065	5071	5092	5095	5031	5081	5022	5178	5059	5092	5099	5032	5013	5147	5097	5210	5168	5117	5102	5122	5053	5089	5052	5144	5143	5167	5203	539.7147624
5022	4977	5102	5009	5003	5034	4981	4999	5073	5079	5012	5092	5041	5030	5012	5068	5052	4992	4995	4921	5038	4956	5003	5031	5003	4968	5101	4943	5104	5018	4953	5052	5035	5023	5110	5071	4959	5020	4923	4959	5054	4912	4993	4896	4956	4974	4910	5004	5044	5054	4912	4987	4898	4988	4992	5007	5044	4927	5047	4982	5011	5013	4995	4960	4981	5004	5019	5089	4999	5016	5002	5078	4972	5022	4986	4924	5020	5005	5054	4988	5015	5025	4926	5103	5085	5135	5036	4970	5036	4988	4957	4972	4933	4926	5080	5073	542.9730277
4980	4947	4830	4887	4898	4944	5025	4933	4878	4852	4927	5021	5019	4835	4922	4965	4900	4995	4860	4969	4907	4829	4953	4794	4997	4913	4963	4955	5005	4925	5028	4869	4971	4956	4893	4901	4932	4965	4849	4977	4908	4991	5051	4883	4899	4948	4954	4856	4946	4828	4922	4922	4823	4841	4890	4982	4904	4959	5063	4847	4952	4911	4937	4982	4959	4995	4955	4941	4886	4972	4952	4925	4870	4912	4947	4874	4980	4873	4916	4872	4905	5010	4989	4969	4966	4886	4998	4961	4966	4937	4906	4959	4953	4919	4943	4908	546.229553
4795	4812	4875	4843	4884	4842	4901	4842	4878	4891	4788	4849	4829	4817	4878	4829	4816	4933	4882	4808	4782	4818	4821	4830	4828	4892	4813	4839	4943	4777	4884	4872	4833	4815	4876	4817	4884	4783	4805	4745	4796	4821	4854	4842	4778	4837	4793	4770	4837	4806	4888	4815	4820	4778	4832	4712	4904	4810	4924	4919	4747	4870	4841	4941	4867	4865	4848	4874	4819	4824	4762	4874	4944	4882	4889	4823	4819	4811	4826	4862	4790	4817	4795	4766	4874	4856	4739	4752	4810	4783	4847	4802	4803	4837	4818	4799	549.4843396
4709	4794	4730	4851	4676	4662	4731	4679	4632	4779	4796	4681	4835	4726	4655	4790	4748	4819	4689	4718	4708	4778	4714	4702	4708	4777	4752	4748	4717	4707	4802	4737	4807	4753	4670	4657	4717	4704	4778	4653	4788	4785	4768	4752	4712	4734	4690	4790	4713	4770	4683	4793	4755	4792	4607	4732	4739	4815	4731	4799	4662	4765	4757	4784	4725	4761	4754	4776	4687	4728	4734	4646	4739	4737	4689	4748	4627	4730	4677	4756	4669	4719	4771	4823	4783	4723	4698	4812	4800	4742	4753	4703	4715	4649	4671	4777	552.737389
4639	4629	4586	4565	4595	4531	4488	4610	4568	4625	4535	4628	4508	4609	4590	4706	4388	4570	4543	4598	4707	4527	4563	4514	4684	4501	4560	4598	4580	4517	4694	4739	4567	4580	4609	4566	4544	4605	4530	4483	4590	4552	4486	4557	4463	4569	4571	4555	4591	4646	4504	4522	4616	4564	4587	4540	4606	4546	4534	4576	4555	4544	4629	4554	4554	4630	4583	4522	4647	4484	4467	4584	4551	4518	4593	4580	4594	4563	4528	4631	4618	4613	4473	4564	4560	4593	4582	4529	4570	4665	4471	4550	4595	4488	4582	4497	555.9887025
4438	4420	4530	4464	4417	4424	4365	4319	4450	4482	4487	4489	4358	4360	4474	4438	4445	4517	4394	4400	4338	4343	4487	4389	4435	4435	4487	4529	4427	4353	4482	4524	4446	4428	4397	4373	4421	4383	4412	4474	4426	4362	4439	4424	4466	4335	4453	4437	4353	4444	4446	4380	4400	4383	4363	4447	4404	4474	4334	4448	4452	4452	4443	4430	4498	4458	4513	4565	4484	4424	4461	4416	4366	4435	4519	4408	4402	4352	4375	4462	4441	4406	4337	4464	4527	4468	4478	4405	4422	4462	4426	4347	4469	4431	4492	4421	559.2382816
4351	4315	4223	4292	4331	4322	4441	4282	4291	4276	4448	4323	4353	4301	4287	4237	4212	4403	4292	4298	4259	4369	4389	4268	4392	4349	4250	4252	4342	4363	4394	4317	4383	4286	4286	4322	4314	4318	4286	4247	4370	4333	4280	4265	4330	4319	4274	4202	4295	4350	4279	4265	4304	4285	4360	4333	4427	4420	4212	4258	4263	4334	4314	4333	4317	4280	4326	4284	4292	4393	4351	4345	4270	4254	4337	4364	4390	4373	4286	4257	4362	4334	4365	4337	4341	4319	4346	4378	4354	4361	4356	4341	4275	4241	4274	4195	562.4861276
4308	4302	4246	4313	4322	4281	4233	4214	4257	4243	4318	4351	4234	4220	4113	4294	4212	4331	4229	4214	4306	4248	4219	4292	4236	4280	4250	4205	4319	4266	4294	4267	4180	4326	4263	4364	4230	4134	4258	4196	4231	4193	4268	4209	4256	4188	4203	4219	4301	4299	4256	4299	4159	4190	4239	4240	4256	4355	4292	4367	4277	4275	4241	4251	4308	4297	4259	4274	4233	4246	4281	4253	4248	4227	4341	4251	4213	4215	4256	4264	4285	4220	4213	4275	4269	4290	4257	4251	4255	4280	4330	4347	4237	4246	4257	4184	565.7174233
4188	4212	4245	4226	4297	4204	4185	4167	4234	4217	4159	4239	4185	4228	4229	4265	4294	4216	4081	4251	4136	4237	4197	4207	4228	4217	4206	4171	4319	4183	4179	4241	4170	4208	4142	4210	4264	4163	4238	4139	4120	4173	4210	4224	4145	4161	4217	4303	4147	4188	4192	4177	4133	4233	4152	4225	4177	4188	4192	4242	4140	4252	4174	4293	4194	4216	4192	4226	4205	4173	4186	4197	4264	4200	4157	4085	4191	4194	4254	4121	4126	4193	4124	4321	4124	4217	4220	4233	4243	4227	4209	4180	4223	4208	4173	4206	568.9618152
4196	4228	4186	4193	4208	4292	4208	4257	4156	4319	4215	4341	4325	4160	4161	4196	4150	4122	4234	4185	4170	4208	4218	4168	4238	4251	4202	4210	4239	4210	4192	4279	4230	4306	4151	4195	4201	4279	4102	4187	4175	4220	4169	4226	4210	4194	4228	4182	4171	4222	4257	4221	4254	4212	4107	4229	4247	4335	4192	4201	4156	4156	4320	4201	4194	4266	4206	4205	4190	4142	4168	4189	4135	4148	4172	4111	4181	4123	4271	4184	4124	4189	4203	4164	4220	4215	4214	4126	4226	4232	4244	4180	4112	4128	4165	4223	572.1896754
4179	4225	4240	4211	4162	4265	4250	4257	4208	4307	4241	4308	4202	4218	4284	4202	4325	4276	4283	4202	4245	4275	4341	4215	4278	4248	4340	4192	4354	4247	4317	4319	4304	4191	4320	4205	4266	4221	4244	4326	4247	4272	4259	4225	4159	4262	4232	4176	4190	4238	4174	4160	4204	4232	4241	4102	4195	4212	4262	4276	4310	4236	4251	4332	4281	4350	4307	4357	4236	4263	4234	4199	4299	4269	4281	4326	4296	4245	4240	4141	4257	4267	4276	4186	4285	4242	4201	4308	4265	4254	4214	4210	4273	4265	4228	4284	575.4158238
4421	4503	4400	4399	4390	4402	4348	4431	4420	4438	4468	4426	4386	4363	4390	4350	4411	4478	4340	4415	4331	4395	4314	4404	4354	4454	4397	4368	4418	4445	4395	4459	4410	4461	4344	4394	4341	4288	4412	4393	4248	4370	4366	4378	4317	4439	4318	4357	4398	4319	4464	4394	4484	4297	4325	4383	4457	4422	4441	4319	4357	4435	4423	4457	4289	4429	4434	4307	4447	4435	4349	4398	4420	4469	4350	4365	4390	4329	4341	4360	4333	4379	4457	4352	4460	4385	4450	4378	4320	4421	4324	4436	4330	4357	4456	4360	578.6402617
4559	4614	4544	4474	4507	4636	4525	4605	4613	4600	4587	4638	4602	4493	4533	4517	4603	4621	4568	4553	4489	4553	4490	4666	4574	4599	4508	4497	4612	4599	4635	4563	4556	4533	4541	4567	4555	4555	4456	4629	4539	4494	4561	4432	4549	4464	4515	4525	4560	4565	4643	4525	4505	4509	4531	4457	4515	4477	4657	4541	4557	4496	4491	4598	4526	4536	4491	4567	4454	4447	4494	4615	4472	4552	4504	4652	4559	4546	4575	4514	4549	4503	4622	4547	4663	4587	4514	4365	4484	4573	4629	4468	4511	4621	4417	4477	581.8629905
4752	4928	4694	4719	4715	4843	4727	4814	4762	4686	4711	4783	4660	4671	4738	4637	4728	4812	4662	4730	4612	4764	4656	4671	4701	4797	4745	4695	4681	4791	4702	4871	4642	4621	4763	4730	4719	4677	4724	4752	4787	4763	4695	4693	4669	4698	4702	4735	4625	4769	4722	4727	4732	4726	4710	4702	4782	4703	4730	4719	4645	4675	4739	4673	4756	4701	4730	4685	4788	4851	4652	4753	4784	4770	4745	4710	4727	4712	4633	4800	4700	4741	4598	4775	4725	4776	4766	4792	4689	4634	4683	4717	4652	4694	4625	4792	585.0840116
4946	4905	4845	4878	5001	4839	4870	4879	4850	4905	4982	4870	4845	4890	4897	4864	4880	4806	4928	4866	4929	4855	4889	4888	5005	4943	4975	4879	4883	4925	4956	4859	4863	4974	4931	4902	4868	4821	4889	4817	4913	4810	4921	4820	4863	4810	5019	4890	4930	4841	4900	4821	5026	4891	4851	4892	4996	4894	4936	4916	4974	4979	4854	4862	4928	4890	4932	4954	4888	4887	4944	4861	4910	4837	4927	4858	4802	4906	4860	4791	4817	4879	4908	4817	4946	4847	4926	4939	4900	4904	4897	4863	4904	4856	4924	4947	588.3033263
5079	5069	5046	4993	5151	5091	5109	5038	5077	5067	4960	5089	5123	5045	5138	5104	5022	5037	5108	5131	5106	5035	5149	4981	5100	5072	5087	5036	5100	5108	5110	4979	5156	5111	5123	5007	5083	5197	4999	5192	4938	5027	5082	5116	5071	5087	5108	4996	5065	5134	5058	5034	5050	5040	5013	5016	5018	4965	5084	5042	5033	5012	5022	5088	5145	4973	5098	5105	5112	5022	5089	5031	5027	5054	5005	5071	4994	5042	5075	5116	5039	5099	5111	5089	5071	5191	5006	4895	5160	5078	5098	5141	5146	5037	5104	5101	591.5209359
5263	5301	5139	5233	5227	5128	5170	5100	5228	5309	5101	5203	5194	5153	5232	5162	5234	5150	5077	5150	5138	5139	5130	5203	5149	5181	5115	5125	5101	5115	5146	5264	5175	5217	5196	5200	5077	5086	5103	5198	5072	5195	5141	5100	5137	5143	5038	5185	5140	5175	5199	5159	5186	5148	5218	5208	5107	5214	5077	5192	5073	5246	5143	5194	5046	5192	5061	5175	5253	5015	5210	5257	5104	5041	5079	5114	5206	5195	5101	5234	5147	5195	5062	5214	5111	5209	5109	5213	5181	5139	5101	5212	5118	5141	5136	5200	594.7368419
5190	5225	5226	5270	5213	5320	5292	5186	5169	5314	5256	5232	5183	5367	5202	5268	5274	5276	5355	5253	5083	5111	5154	5269	5159	5267	5306	5331	5196	5275	5177	5330	5283	5321	5222	5315	5230	5076	5163	5163	5266	5212	5109	5259	5212	5229	5254	5179	5269	5175	5223	5269	5255	5369	5173	5187	5382	5175	5173	5221	5114	5207	5189	5259	5209	5270	5189	5198	5233	5257	5177	5278	5308	5190	5146	5108	5280	5250	5166	5089	5302	5252	5214	5279	5241	5261	5175	5237	5159	5298	5283	5203	5222	5212	5242	5275	597.9363055
5211	5201	5227	5250	5240	5261	5234	5274	5155	5286	5156	5193	5235	5168	5201	5222	5221	5213	5200	5116	5217	5222	5224	5185	5255	5235	5219	5211	5178	5263	5327	5213	5236	5229	5113	5185	5281	5108	5175	5184	5088	5177	5162	5159	5125	5177	5141	5194	5287	5260	5227	5241	5196	5124	5250	5209	5214	5233	5092	5221	5117	5247	5189	5263	5165	5186	5086	5285	5242	5244	5144	5194	5138	5166	5212	5191	5151	5112	5238	5260	5310	5261	5178	5220	5305	5155	5176	5163	5229	5142	5162	5191	5279	5194	5220	5102	601.148816
5192	5255	5206	5177	5196	5107	5209	5281	5222	5240	5218	5196	5325	5173	5231	5234	5180	5143	5181	5256	5101	5261	5263	5250	5172	5282	5211	5260	5148	5269	5301	5319	5282	5182	5210	5095	5109	5152	5090	5164	5266	5287	5242	5151	5217	5247	5169	5183	5266	5256	5207	5268	5339	5252	5162	5189	5194	5151	5156	5182	5207	5325	5222	5111	5136	5281	5289	5326	5189	5069	5193	5242	5143	5220	5187	5149	5204	5244	5181	5196	5323	5319	5166	5216	5250	5228	5224	5167	5196	5197	5260	5209	5228	5311	5262	5125	604.3449022
5417	5253	5431	5431	5402	5357	5278	5232	5310	5455	5433	5334	5342	5331	5301	5309	5355	5387	5382	5325	5347	5251	5476	5341	5326	5378	5436	5383	5402	5374	5372	5385	5459	5379	5470	5434	5381	5201	5358	5343	5367	5345	5275	5315	5214	5376	5223	5317	5342	5406	5382	5468	5361	5394	5307	5301	5435	5340	5424	5247	5438	5392	5397	5208	5344	5355	5317	5488	5312	5291	5355	5483	5362	5316	5227	5310	5277	5401	5327	5338	5314	5414	5371	5334	5441	5473	5346	5338	5372	5339	5223	5372	5344	5335	5390	5404	607.5540226
5605	5624	5683	5583	5585	5644	5574	5548	5530	5617	5655	5570	5610	5522	5576	5678	5653	5593	5431	5519	5537	5583	5578	5577	5645	5682	5568	5719	5604	5614	5594	5604	5679	5599	5693	5462	5624	5518	5558	5511	5506	5635	5526	5522	5658	5567	5578	5552	5571	5576	5632	5591	5686	5595	5542	5591	5506	5565	5566	5535	5495	5577	5538	5546	5666	5665	5633	5523	5552	5622	5547	5557	5581	5644	5426	5533	5509	5605	5536	5578	5557	5651	5523	5643	5653	5647	5684	5592	5548	5636	5627	5499	5525	5567	5575	5548	610.746737
6069	5949	5886	6036	5966	5975	5847	5850	5970	6031	5923	5885	5905	5978	5932	5992	5924	5984	6089	5927	6016	5879	5872	5897	5956	5990	5948	5964	5898	5966	6033	6050	5947	5977	5987	5942	5945	5833	5890	5887	5915	6009	5871	5814	6044	5885	5903	5970	6060	5925	5850	5966	5919	5888	5940	5947	5999	5994	5989	5956	5842	5939	5985	5828	5951	6001	5916	5887	5881	5972	6054	5987	5858	5886	5866	6002	5946	5881	5921	5824	5895	6029	5932	5928	5903	5978	5944	5995	5968	6029	5839	5900	6074	5898	5912	5964	613.9377713
6358	6426	6542	6303	6332	6242	6305	6407	6344	6389	6385	6408	6395	6443	6294	6417	6295	6412	6340	6367	6432	6333	6292	6408	6339	6393	6362	6325	6375	6229	6402	6417	6327	6263	6380	6276	6350	6296	6324	6352	6345	6284	6275	6290	6251	6307	6303	6348	6354	6377	6258	6381	6325	6178	6307	6388	6325	6411	6373	6365	6346	6416	6278	6326	6334	6419	6380	6438	6270	6322	6261	6337	6291	6427	6429	6420	6311	6342	6238	6326	6378	6395	6308	6368	6391	6269	6448	6384	6457	6307	6333	6288	6232	6357	6387	6394	617.1271269
6813	6943	6825	6789	6911	6824	6835	6827	6756	6804	6712	6756	6645	6833	6717	6816	6680	6709	6659	6758	6800	6749	6735	6783	6812	6830	6787	6788	6770	6688	6760	6823	6880	6697	6738	6883	6686	6777	6852	6801	6766	6755	6692	6742	6765	6756	6806	6695	6816	6735	6787	6700	6686	6808	6628	6746	6712	6747	6801	6764	6771	6858	6756	6793	6740	6745	6768	6707	6868	6791	6629	6803	6776	6851	6721	6784	6759	6636	6741	6722	6693	6709	6756	6747	6803	6763	6775	6682	6782	6688	6821	6764	6630	6803	6744	6742	620.3148051
7149	7206	7255	7338	7114	7174	7149	7185	7315	7264	7217	7186	7095	7246	7286	7237	7018	7034	7097	7115	7086	7070	7169	7115	7244	7264	7200	7179	7215	7145	7183	7230	7197	7183	7178	7217	7246	7167	6991	7168	7141	7201	7144	6991	7141	7015	7211	7138	7172	7262	7114	7278	7155	7135	7020	7037	7128	7006	7138	7188	7239	7229	7104	7173	7015	7104	7084	7138	7057	7197	7150	7109	7120	7029	7198	7085	7239	7145	7142	7141	7107	7189	7149	7134	7161	7176	7136	7189	7020	7026	7068	7002	7151	7136	7145	7053	623.5008071
7645	7536	7470	7499	7598	7555	7493	7476	7489	7423	7567	7497	7423	7534	7490	7420	7372	7399	7508	7417	7480	7439	7452	7438	7484	7623	7571	7581	7497	7425	7560	7524	7556	7431	7652	7572	7393	7259	7415	7444	7413	7533	7450	7533	7458	7423	7463	7463	7439	7554	7528	7334	7352	7527	7573	7451	7449	7410	7476	7494	7408	7366	7535	7542	7462	7517	7542	7383	7401	7502	7572	7417	7536	7451	7480	7538	7477	7521	7396	7449	7389	7326	7510	7346	7519	7423	7473	7435	7489	7541	7485	7437	7404	7518	7430	7397	626.6851344
7584	7708	7611	7649	7456	7708	7608	7628	7624	7693	7573	7624	7612	7659	7879	7575	7625	7551	7585	7430	7636	7589	7568	7474	7569	7717	7601	7617	7672	7555	7613	7521	7708	7554	7524	7581	7478	7621	7521	7565	7640	7531	7503	7611	7582	7579	7447	7535	7731	7514	7510	7598	7542	7462	7506	7363	7697	7460	7604	7607	7612	7531	7560	7618	7576	7546	7533	7504	7618	7495	7538	7612	7499	7499	7534	7487	7504	7466	7451	7439	7427	7633	7473	7607	7598	7437	7493	7534	7497	7552	7556	7539	7454	7605	7593	7541	629.8531254
7174	7117	7186	7103	7176	7138	7066	7016	7084	7116	7147	6974	7028	7148	7295	7187	7101	7103	7184	7153	7130	7136	7140	7094	7166	7107	7097	7082	7005	7088	7193	7079	7123	7089	7039	7080	7181	7087	6988	7015	7026	7027	6943	7116	7038	7130	7055	7089	7079	7041	7130	6974	7143	7088	7082	7088	7150	7085	7115	7018	7087	7057	6994	6941	7141	7071	6983	7115	7108	7057	7061	7135	7098	6972	7031	7073	7084	6979	7038	7000	7009	7015	7085	7067	7000	7164	7056	7105	7044	6882	7092	7133	6967	6985	7068	7034	633.0341147
6251	6283	6189	6236	6221	6264	6251	6186	6210	6168	6359	6300	6156	6207	6328	6323	6289	6325	6244	6214	6288	6240	6186	6100	6148	6231	6249	6257	6221	6265	6284	6220	6225	6278	6322	6141	6231	6217	6176	6285	6199	6200	6124	6215	6215	6141	6123	6246	6173	6111	6296	6226	6168	6273	6075	6307	6223	6270	6247	6185	6187	6292	6154	6233	6251	6196	6152	6234	6293	6318	6194	6114	6225	6210	6118	6166	6209	6131	6172	6275	6265	6233	6244	6134	6328	6289	6299	6173	6234	6224	6099	6145	6313	6199	6229	6033	636.1987859
5428	5455	5409	5421	5470	5394	5385	5464	5348	5480	5394	5476	5483	5405	5436	5334	5420	5313	5465	5322	5308	5521	5354	5418	5468	5445	5431	5351	5469	5371	5431	5470	5479	5482	5395	5443	5406	5252	5338	5454	5455	5412	5494	5432	5404	5462	5392	5398	5425	5412	5468	5399	5354	5397	5342	5495	5376	5474	5364	5414	5409	5283	5482	5388	5482	5502	5395	5391	5396	5401	5418	5415	5296	5317	5416	5395	5301	5385	5423	5331	5441	5398	5274	5496	5468	5392	5503	5343	5413	5419	5418	5268	5383	5486	5367	5503	639.3764426
4861	4846	4839	4865	4764	4873	4845	4829	4707	4876	4747	4880	4846	4806	4858	4851	4858	4788	4763	4718	4716	4794	4758	4787	4798	4798	4769	4752	4819	4817	4710	4767	4825	4861	4847	4780	4761	4723	4770	4746	4811	4712	4718	4743	4786	4718	4719	4742	4845	4782	4749	4850	4680	4875	4797	4783	4750	4803	4873	4733	4672	4931	4794	4799	4730	4797	4875	4773	4902	4832	4817	4841	4815	4808	4783	4735	4875	4713	4818	4829	4786	4809	4813	4805	4817	4811	4765	4788	4798	4884	4746	4691	4754	4684	4792	4767	642.537799
4372	4303	4286	4413	4309	4417	4430	4433	4219	4330	4339	4416	4329	4320	4365	4404	4417	4404	4450	4357	4413	4416	4335	4369	4316	4400	4378	4355	4360	4347	4381	4432	4299	4435	4354	4379	4355	4301	4326	4341	4313	4302	4357	4296	4271	4316	4325	4350	4316	4368	4369	4260	4394	4432	4221	4341	4351	4328	4385	4453	4340	4270	4260	4332	4334	4418	4318	4278	4302	4328	4344	4297	4340	4337	4303	4335	4412	4352	4311	4286	4352	4356	4413	4431	4424	4397	4387	4343	4322	4344	4491	4403	4280	4432	4281	4308	645.6975039
4057	4108	4056	4068	4113	4067	4124	4059	4078	4159	4017	4093	4067	3971	4122	4119	4108	4029	4025	4097	4068	4123	3999	4015	4037	4026	4042	4100	4128	4044	4079	4072	4155	4017	4075	4018	4023	4026	4068	4083	4048	4113	4043	4063	3944	4079	3962	4030	4038	4125	4132	4064	4093	4012	4091	3954	4010	4044	4018	4109	3990	4010	3997	4104	4052	4128	4082	4083	4088	4070	4033	4014	4116	4077	4065	4107	4023	4057	4161	3993	4036	4014	4035	3935	4098	4069	4060	4064	4116	4087	3981	4109	4067	4088	4064	4020	648.8555585
3773	3788	3865	3807	3822	3902	3812	3889	3874	3951	3830	3872	3833	3836	3837	3847	3854	3815	3776	3800	3859	3826	3763	3784	3833	3822	3748	3839	3808	3835	3908	3911	3770	3861	3846	3792	3802	3838	3742	3821	3848	3811	3852	3774	3745	3825	3803	3881	3811	3788	3820	3769	3877	3910	3807	3807	3876	3839	3857	3797	3868	3775	3818	3812	3782	3792	3923	3898	3795	3768	3854	3783	3771	3828	3721	3771	3775	3796	3771	3731	3785	3796	3811	3886	3862	3793	3805	3808	3797	3796	3735	3884	3884	3805	3821	3892	652.0119641
3646	3682	3691	3651	3537	3658	3727	3641	3679	3546	3652	3698	3654	3633	3639	3714	3687	3706	3654	3681	3586	3637	3689	3726	3711	3690	3633	3662	3621	3625	3668	3654	3675	3629	3691	3706	3617	3587	3636	3725	3610	3610	3572	3647	3590	3683	3680	3660	3607	3622	3602	3623	3597	3645	3653	3649	3609	3622	3584	3693	3626	3702	3657	3671	3643	3650	3649	3570	3746	3624	3610	3617	3618	3534	3563	3650	3679	3541	3627	3639	3672	3644	3583	3644	3722	3667	3552	3567	3632	3617	3594	3688	3662	3571	3599	3698	655.166722
3495	3596	3629	3526	3501	3542	3530	3552	3570	3427	3563	3538	3514	3620	3556	3560	3536	3523	3555	3578	3443	3503	3546	3542	3518	3521	3483	3510	3499	3566	3484	3591	3600	3477	3528	3449	3545	3489	3490	3521	3528	3425	3526	3498	3554	3570	3490	3501	3618	3534	3579	3539	3556	3481	3489	3450	3472	3483	3628	3587	3525	3561	3610	3556	3538	3538	3502	3512	3593	3468	3596	3499	3542	3487	3528	3471	3641	3506	3544	3519	3496	3573	3543	3518	3546	3547	3550	3539	3541	3564	3567	3476	3484	3520	3509	3507	658.3198335
3423	3448	3438	3345	3453	3500	3444	3368	3524	3464	3474	3388	3387	3440	3406	3420	3424	3527	3483	3514	3337	3338	3503	3430	3368	3421	3368	3469	3410	3402	3478	3406	3399	3443	3430	3450	3433	3352	3306	3367	3371	3424	3404	3364	3291	3437	3386	3405	3438	3407	3474	3371	3401	3429	3358	3461	3414	3374	3387	3428	3417	3442	3387	3467	3425	3452	3442	3441	3393	3378	3386	3397	3419	3370	3375	3391	3341	3368	3454	3410	3427	3365	3471	3415	3485	3327	3427	3381	3395	3483	3494	3362	3374	3385	3441	3515	661.4712999
3334	3317	3367	3318	3436	3405	3353	3314	3359	3382	3384	3367	3254	3305	3402	3352	3360	3364	3349	3310	3336	3313	3331	3392	3295	3390	3378	3330	3382	3346	3410	3385	3371	3376	3357	3318	3308	3363	3336	3318	3339	3301	3307	3353	3362	3335	3406	3316	3366	3348	3315	3339	3287	3376	3385	3363	3404	3312	3382	3305	3288	3294	3308	3301	3419	3354	3316	3400	3413	3394	3348	3315	3287	3335	3304	3363	3316	3390	3363	3271	3299	3381	3360	3402	3292	3319	3294	3325	3454	3370	3349	3345	3359	3361	3294	3418	664.6065438
3178	3263	3240	3350	3261	3238	3321	3293	3234	3331	3303	3272	3277	3304	3335	3289	3263	3237	3262	3275	3255	3266	3290	3240	3329	3301	3217	3320	3318	3228	3316	3295	3307	3269	3234	3298	3216	3144	3196	3311	3346	3213	3190	3197	3199	3210	3216	3294	3284	3301	3323	3272	3303	3269	3252	3315	3247	3220	3209	3268	3254	3232	3299	3318	3431	3279	3214	3346	3174	3220	3265	3289	3188	3255	3219	3208	3244	3295	3254	3221	3270	3296	3261	3309	3284	3241	3347	3300	3331	3252	3285	3206	3270	3255	3232	3305	667.7547314
3225	3199	3188	3129	3241	3137	3193	3284	3158	3254	3207	3205	3183	3176	3240	3234	3177	3251	3228	3265	3236	3102	3146	3179	3175	3208	3218	3212	3174	3149	3215	3261	3264	3153	3180	3216	3153	3124	3145	3181	3148	3206	3167	3267	3190	3211	3146	3125	3193	3157	3198	3256	3199	3189	3117	3125	3087	3130	3190	3221	3242	3146	3119	3160	3168	3182	3207	3178	3177	3180	3145	3192	3149	3170	3181	3158	3148	3177	3141	3190	3178	3243	3193	3085	3190	3131	3163	3247	3150	3270	3180	3251	3152	3252	3173	3199	670.8867142
3199	3200	3145	3218	3268	3170	3142	3132	3184	3175	3214	3162	3186	3176	3191	3164	3168	3216	3244	3096	3225	3198	3171	3157	3170	3180	3205	3113	3185	3254	3210	3204	3230	3148	3142	3091	3120	3101	3142	3132	3133	3165	3183	3107	3084	3158	3146	3175	3121	3138	3264	3126	3163	3132	3155	3048	3175	3116	3117	3137	3178	3154	3121	3100	3133	3223	3174	3176	3183	3221	3103	3199	3177	3120	3128	3143	3115	3213	3075	3146	3147	3200	3185	3159	3285	3149	3201	3151	3117	3149	3190	3150	3206	3180	3155	3187	674.0316282
3159	3098	3176	3143	3140	3129	3140	3132	3132	3147	3098	3035	3102	3092	3115	3069	3104	3198	3086	2999	3136	3102	3110	3138	3107	3137	3140	3194	3179	3137	3229	3197	3150	3153	3168	3114	3076	3110	3096	3154	3142	3080	3153	3163	3131	3133	3106	3125	3105	3140	3057	3170	3062	3153	3111	3152	3081	3139	3125	3142	3100	3136	3067	3163	3197	3109	3203	3128	3145	3118	3171	3113	3155	3134	3125	3082	3063	3087	3175	3043	3071	3066	3181	3104	3153	3102	3084	3205	3097	3180	3128	3132	3072	3051	3070	3129	677.1603551
3043	3154	3121	3100	3084	3119	3120	3087	3106	3174	3080	3096	3152	3109	3134	3045	3090	3136	3044	3081	3094	3138	3092	3125	3057	3050	3130	3070	3084	3134	3141	3166	3102	3072	3054	3106	3116	3058	3101	3104	3061	3016	3103	3038	3066	3064	3107	3129	3070	3061	3119	3141	3034	3113	3146	3051	3092	3222	3116	3062	3188	3137	3124	3114	3152	3084	3150	3155	3087	3143	3108	3090	3153	3104	3055	3178	3132	3123	3160	3148	3089	3079	3120	3064	3145	3111	3078	3105	3075	3084	3085	3105	3046	3064	3130	3091	680.2874596
3062	3011	3054	3103	3043	3156	3043	3079	3075	3139	3137	3174	3065	3135	3064	3060	3140	3105	3158	3077	3061	3052	3096	3064	3165	3085	3087	3082	3128	3072	3117	3048	3119	3132	3105	3177	3107	2996	3063	3038	3039	3132	3039	3085	3048	3025	3101	3081	3062	3107	3079	3072	3110	3170	3026	3195	3079	3046	3111	3136	3135	3089	3080	3163	3172	3130	3117	3109	3129	3088	3059	3143	3041	3148	3055	3091	3097	3012	3016	3062	3100	3043	3144	3160	3036	3138	3075	3120	3070	3127	3084	3147	3053	3083	3151	3075	683.4129431
3119	3122	3181	3113	3131	3110	3121	3147	3116	3192	3085	3151	3085	3129	3176	3157	3113	3130	3017	3022	3103	3147	3060	3192	3133	3129	3201	3111	3112	3134	3096	3112	3121	3139	3131	3094	3095	3091	3053	3067	3133	3082	3120	2999	3026	3077	3127	3082	3065	3067	3000	3098	3099	3103	3152	3066	3049	3145	3143	3129	3029	3121	3071	3106	3114	3117	3171	3086	3066	3000	3058	3109	3168	3068	3171	3066	3094	3061	3125	3045	3078	3158	3113	3100	3098	3080	3062	3100	3184	3101	3098	3007	3124	3083	3081	3111	686.5368069
3174	3111	3132	3191	3172	3169	3175	3111	3081	3254	3089	3097	3148	3102	3027	3138	3128	3229	3117	3102	3079	3107	3150	3078	3202	3184	3142	3184	3113	3198	3175	3161	3181	3099	3169	3123	3083	3033	3091	3173	3134	3162	3151	3132	3154	3155	3079	3107	3177	3145	3162	3129	3162	3136	3186	3171	3091	3100	3160	3144	3183	3142	3108	3168	3175	3209	3218	3178	3136	3084	3091	3143	3182	3188	3125	3147	3115	3092	3033	3118	3105	3135	3131	3130	3218	3138	3198	3144	3115	3149	3109	3164	3134	3134	3108	3202	689.6590521
3308	3206	3265	3285	3260	3279	3254	3161	3209	3273	3284	3276	3230	3206	3219	3273	3267	3283	3206	3269	3211	3214	3145	3260	3175	3190	3225	3106	3197	3188	3268	3203	3193	3291	3244	3194	3211	3282	3239	3159	3239	3207	3197	3224	3179	3176	3234	3096	3260	3197	3227	3168	3188	3219	3211	3166	3170	3197	3239	3243	3135	3269	3158	3179	3207	3248	3188	3234	3178	3144	3122	3126	3154	3192	3226	3185	3154	3206	3243	3200	3146	3182	3272	3227	3180	3255	3163	3292	3201	3185	3165	3159	3169	3179	3271	3160	692.77968
3360	3355	3309	3379	3319	3412	3344	3357	3314	3334	3325	3331	3319	3324	3431	3368	3381	3314	3378	3311	3334	3307	3395	3328	3316	3361	3332	3378	3308	3361	3367	3390	3327	3331	3326	3334	3252	3299	3199	3262	3292	3321	3225	3251	3289	3299	3317	3414	3282	3339	3311	3324	3319	3270	3334	3370	3374	3317	3386	3340	3316	3348	3309	3412	3432	3301	3361	3315	3358	3329	3309	3315	3381	3305	3286	3325	3406	3248	3318	3366	3311	3372	3345	3353	3303	3290	3319	3397	3265	3320	3309	3307	3321	3295	3339	3319	695.898692
3520	3481	3484	3477	3441	3565	3512	3527	3497	3543	3545	3470	3558	3540	3563	3492	3527	3456	3484	3593	3512	3498	3510	3478	3461	3451	3526	3466	3512	3570	3493	3529	3511	3494	3549	3482	3503	3464	3377	3502	3468	3545	3506	3447	3456	3422	3431	3465	3494	3534	3414	3510	3467	3482	3447	3432	3495	3502	3457	3550	3467	3534	3465	3410	3464	3496	3507	3480	3476	3539	3464	3492	3497	3410	3476	3561	3498	3465	3415	3484	3470	3483	3498	3382	3444	3558	3529	3541	3463	3532	3566	3639	3514	3518	3495	3542	699.0015934
3671	3634	3674	3733	3690	3747	3625	3626	3610	3586	3733	3705	3744	3664	3695	3595	3709	3698	3660	3732	3714	3641	3652	3667	3745	3678	3599	3648	3676	3741	3744	3696	3664	3631	3741	3650	3689	3610	3612	3694	3572	3569	3716	3640	3613	3608	3691	3676	3720	3686	3664	3710	3594	3590	3640	3607	3637	3696	3639	3627	3727	3715	3626	3720	3640	3712	3724	3659	3808	3585	3644	3658	3661	3664	3665	3643	3653	3622	3596	3664	3652	3693	3603	3682	3626	3711	3609	3711	3720	3744	3715	3689	3625	3764	3590	3736	702.1173846
3761	3748	3739	3874	3772	3774	3741	3773	3756	3776	3793	3775	3848	3848	3756	3678	3724	3697	3711	3764	3729	3751	3803	3812	3848	3812	3801	3731	3735	3783	3798	3749	3833	3807	3732	3784	3732	3807	3750	3812	3782	3742	3718	3724	3742	3767	3717	3729	3741	3780	3851	3746	3682	3728	3676	3815	3726	3835	3714	3822	3759	3677	3759	3868	3786	3768	3774	3749	3737	3822	3806	3831	3766	3684	3678	3799	3796	3781	3731	3764	3734	3775	3746	3722	3686	3783	3875	3836	3756	3768	3814	3736	3692	3721	3746	3794	705.2170827
3773	3680	3769	3735	3781	3843	3682	3775	3762	3698	3746	3754	3713	3717	3778	3762	3761	3747	3767	3716	3624	3720	3750	3751	3770	3786	3770	3719	3724	3685	3887	3762	3798	3752	3789	3816	3731	3689	3695	3796	3698	3664	3691	3752	3806	3724	3726	3690	3683	3706	3785	3761	3691	3591	3788	3720	3764	3904	3755	3715	3769	3729	3699	3779	3822	3743	3801	3717	3810	3751	3666	3729	3767	3715	3708	3791	3724	3696	3683	3714	3737	3700	3817	3701	3790	3773	3700	3798	3803	3724	3723	3713	3710	3794	3729	3751	708.3151847
3699	3608	3660	3597	3667	3581	3627	3694	3600	3608	3587	3666	3613	3600	3640	3646	3637	3626	3576	3627	3616	3578	3571	3600	3644	3660	3663	3578	3602	3511	3712	3732	3621	3639	3646	3602	3572	3599	3512	3607	3619	3618	3649	3565	3562	3569	3546	3631	3591	3543	3619	3662	3490	3594	3632	3621	3652	3607	3666	3573	3611	3477	3629	3605	3594	3601	3591	3712	3628	3595	3641	3611	3553	3633	3623	3511	3555	3633	3567	3612	3626	3629	3550	3632	3586	3640	3599	3579	3609	3619	3592	3594	3539	3560	3609	3507	711.4261579
3357	3410	3382	3498	3372	3450	3384	3399	3362	3407	3451	3447	3418	3418	3447	3498	3428	3468	3462	3389	3342	3467	3388	3479	3451	3468	3421	3412	3352	3341	3404	3516	3490	3481	3433	3469	3333	3371	3292	3413	3333	3379	3456	3422	3404	3380	3397	3381	3403	3403	3449	3407	3460	3385	3447	3310	3424	3385	3384	3427	3401	3435	3449	3514	3465	3477	3394	3389	3434	3366	3331	3419	3389	3411	3414	3430	3290	3371	3351	3383	3422	3347	3387	3370	3421	3426	3379	3359	3357	3392	3427	3348	3377	3489	3406	3396	714.5210641
3286	3283	3286	3302	3263	3252	3361	3307	3195	3309	3291	3273	3275	3228	3245	3337	3211	3281	3206	3206	3207	3250	3202	3244	3299	3333	3238	3233	3238	3283	3338	3260	3245	3329	3307	3235	3278	3177	3203	3185	3255	3264	3183	3238	3265	3237	3229	3232	3347	3252	3213	3268	3270	3284	3273	3225	3232	3313	3289	3212	3280	3238	3199	3312	3339	3203	3233	3285	3250	3288	3224	3299	3240	3239	3242	3221	3253	3187	3221	3264	3244	3183	3259	3187	3301	3196	3222	3289	3272	3206	3260	3218	3260	3247	3217	3248	717.6143779
3123	3087	3133	3183	3063	3112	3102	3041	3035	3086	3084	3068	2980	3068	3102	3091	3088	3120	3082	3095	3087	3050	3075	3104	3105	3170	3185	3066	3054	3090	3178	3149	3123	3132	3153	3038	3055	3036	3130	3058	3077	3177	3024	3010	3101	3140	3058	3085	3076	3060	3110	3200	3163	3120	3075	3049	3045	3125	3076	3170	3044	3096	3114	3093	3098	3148	3158	3138	3126	3116	3118	3089	3118	3049	3077	3079	3043	3093	3088	3096	3093	3094	3129	3060	3135	3126	3059	3121	3076	3103	3134	2982	3002	3089	3095	3108	720.7061006
3080	3069	3003	2997	3012	3060	3056	3081	3007	3058	3047	3018	3079	2963	2895	2944	3000	3028	3007	3067	2974	2983	2986	2969	3064	2954	2991	3011	3029	2998	3020	3043	2986	3003	2972	2937	2990	2962	2985	3018	3046	2962	3003	3022	3035	3028	2958	2999	2940	2995	3003	2991	3067	3040	2986	2967	3022	3002	3000	3094	3039	3009	3034	3029	2991	2969	3001	3081	3016	2987	3024	2944	3036	3030	3009	3042	2995	3002	3071	2969	2972	3031	2995	3052	3055	3054	2990	3066	3028	3081	2922	2975	2993	2991	2983	3019	723.7962334
2901	3025	2906	3027	3047	2973	2900	2992	2985	3011	2974	2902	2947	2919	2915	3036	2877	2979	2967	2927	3025	2945	2961	2931	3014	2962	2908	3035	3058	2970	2955	2896	2967	2918	2929	2946	2862	2873	2886	2926	2970	3008	2972	2979	2901	2849	2952	2960	2999	3029	2959	2969	2950	2936	2905	2948	2904	3013	2953	2985	2986	2993	2963	2964	2970	2924	2905	2976	2946	2923	2980	2972	2940	2948	2901	2984	2949	2981	2901	2934	2905	2876	2919	2983	2990	3018	2954	3002	2921	2916	2996	3008	2882	2953	2966	2945	726.8847775
2981	2927	2922	2943	2928	2983	2922	2964	3009	2928	3012	2884	2978	3028	2911	2935	2949	2970	2915	2953	2919	2915	2989	2924	2936	2993	2883	3021	3017	2874	2979	3046	2960	2953	2998	2879	2906	2919	2931	2944	2955	2881	2894	2952	2935	2922	2953	2799	2863	2952	2941	2918	2954	2909	3004	2971	2908	2912	2954	2899	2957	2868	2904	2973	2953	2977	2949	2972	2883	2977	2887	2938	3022	2948	2978	2932	2906	2946	2916	2908	2908	2936	2971	2970	2964	2927	2944	2949	2939	2941	2973	2913	2971	2918	2961	2953	729.9573129
2966	3017	2945	3063	3007	2898	2951	2931	2862	2983	2993	2955	2956	3015	2909	2990	2986	2992	2963	2945	2945	2970	2983	3007	2912	2910	2982	3003	2991	2939	2931	2991	2986	2988	2972	3016	2909	2929	2963	3027	2949	2949	3058	2923	2917	2978	2962	2929	2958	2960	2872	2953	2924	2934	2906	2965	3006	2924	2935	2979	3097	2956	2997	3017	3022	2952	3007	2994	3029	2957	2905	2958	2947	2958	2926	2919	2893	2978	2931	2943	2934	2994	2947	2900	2976	2928	2949	2920	3010	2984	3007	2925	2947	2922	2958	3012	733.0426908
2972	3062	3023	2981	2980	3019	3000	2941	2984	3017	3075	2993	2941	2956	2941	3008	2984	2997	3003	2956	3022	3063	2946	2935	2953	2997	2957	2972	3073	3005	3055	3046	3013	2999	2996	2982	3001	2900	2969	2966	2986	2949	2978	2947	2923	2927	3089	3018	3010	3011	2986	2967	2997	2943	2922	2942	2925	3046	3035	3056	2928	3024	2894	2939	3021	2957	3009	3012	2993	3019	3039	2935	3015	2970	3005	3025	2932	2985	2996	3036	3018	2950	2988	2987	3029	3035	2989	2951	2979	3056	3065	3068	2935	2970	2948	2985	736.112077
3142	3047	2950	3053	3082	3065	3046	3089	3047	3057	3046	3051	3064	3090	3076	2954	3017	3085	3126	2953	3062	2994	2993	3087	3042	3030	3110	3051	3027	3036	3068	3066	3053	3045	3075	3007	3043	3030	3017	2961	3032	3006	3026	2960	3001	3080	2980	3037	3082	2990	3065	3093	3092	3014	3085	3001	3009	3127	3086	3054	2972	3051	3039	3059	3119	3000	2994	3073	2973	3067	2990	3072	3099	3098	2979	3042	3040	3005	3053	3037	3044	3040	3063	3018	3095	3111	3035	3015	3016	2975	2971	2983	3033	3043	3015	3024	739.1942935
3039	3011	3013	3001	3098	3020	3023	3064	2950	3033	3064	3028	2996	3007	3038	3039	3050	3027	3085	3000	3046	2988	3078	3054	3047	3063	3079	3032	3070	3097	3173	3110	3039	3070	3079	2964	3022	2958	3008	2994	3031	2974	2934	3124	2989	3050	2953	3015	3054	3010	3034	3032	3087	3028	3009	3047	3034	3029	3028	3019	3070	3105	3021	3077	3028	3170	3040	3050	2957	3011	3011	2919	2998	3034	3077	2988	3008	3022	3049	3015	3053	3025	3029	3024	3040	3077	3030	3006	3025	3067	3050	3023	3050	2929	3068	2982	742.2605356
2975	3027	3052	3075	3031	3021	2994	3024	3016	3037	3043	2980	2954	2962	2967	3025	3089	3009	2960	3003	3066	3047	2965	2974	3019	3075	3110	3007	3072	3018	3067	3053	3073	3022	3016	3025	2967	3009	2919	3016	3113	2977	3078	2999	3022	2977	2992	2985	2968	3069	3008	3015	2979	3041	2983	3070	2986	3029	3043	3090	3063	2984	3024	3008	3040	2951	3007	3001	3052	2970	2928	2976	3008	3026	2980	2996	3007	2919	2969	2996	2955	3063	3047	3001	3030	3057	3047	2966	3006	3041	3083	3004	2968	2996	3000	3001	745.3252111
2951	2997	2967	2950	3064	2911	2930	2972	2979	2977	2894	2952	2996	3057	2934	2964	2955	2952	2972	2990	2983	2982	3033	2969	2931	2966	2868	2984	2983	3015	2972	3001	2974	2969	2986	2970	2933	2862	2989	2891	2950	2950	2935	3033	2938	2964	2958	2962	2913	2990	3021	2972	2978	2992	3013	2867	3001	2897	3003	2912	2962	2933	2961	2908	2907	3009	2998	2946	3041	2905	2937	2983	2960	2942	2956	2977	2987	2996	2966	2969	2972	2957	2957	2960	2945	2919	3007	2963	2992	2936	2944	2944	3001	2994	2968	2991	748.3883211
2941	2978	2945	2926	2914	2972	2918	2959	2900	2916	2916	2963	2936	2911	2931	2959	2904	2927	2892	2928	2968	2936	2939	2942	3047	2913	3008	2875	2937	2944	3064	3003	2880	2917	2935	2915	2880	2803	2884	2924	3008	2873	2975	2881	2914	2931	2935	2858	2941	2872	2875	2898	2856	2920	2890	2844	2942	2887	2867	2926	2963	2842	2901	2916	2943	2915	2931	2949	2923	2941	2889	2901	2874	2821	2883	2886	2921	2921	2831	2897	2865	2913	2902	2877	2930	2932	2886	2926	2948	2962	2949	2914	2861	2893	2862	2856	751.4498669
2785	2943	2912	2870	2897	2836	2908	2840	2821	2887	2922	2869	2862	2858	2868	2874	2845	2966	2925	2834	2856	2893	2916	2856	2879	2943	2904	2875	2912	2898	2894	2872	2880	2840	2892	2853	2883	2814	2836	2915	2850	2867	2765	2913	2854	2847	2847	2853	2806	2905	2797	2951	2835	2902	2854	2879	2855	2912	2913	2885	2824	2814	2852	2884	2909	2875	2896	2891	2828	2911	2828	2861	2873	2841	2861	2830	2829	2834	2852	2906	2800	2990	2916	2888	2909	2910	2863	2909	2856	2917	2850	2872	2892	2896	2844	2821	754.5098497
2837	2764	2807	2749	2836	2857	2740	2773	2796	2906	2812	2856	2734	2871	2830	2828	2825	2825	2834	2872	2809	2765	2829	2767	2859	2866	2767	2776	2798	2879	2869	2778	2840	2731	2913	2822	2778	2758	2828	2770	2829	2745	2830	2794	2802	2814	2792	2830	2817	2775	2831	2874	2738	2804	2812	2805	2797	2831	2818	2768	2799	2819	2792	2829	2815	2824	2825	2841	2795	2849	2848	2742	2790	2799	2804	2833	2752	2727	2823	2799	2783	2847	2888	2764	2899	2865	2783	2856	2769	2796	2811	2793	2768	2847	2748	2822	757.5682707
2680	2723	2751	2790	2718	2750	2787	2807	2762	2767	2756	2825	2756	2747	2787	2810	2669	2733	2780	2853	2777	2802	2748	2833	2740	2813	2657	2758	2863	2787	2742	2726	2836	2823	2718	2719	2709	2704	2668	2760	2740	2743	2748	2706	2803	2806	2708	2742	2729	2742	2738	2827	2752	2767	2786	2701	2711	2705	2731	2715	2739	2689	2649	2770	2794	2761	2718	2778	2761	2737	2744	2715	2731	2702	2809	2696	2709	2706	2737	2717	2712	2732	2787	2714	2828	2772	2765	2788	2763	2779	2755	2713	2700	2703	2728	2779	760.6251311
2677	2660	2813	2720	2700	2691	2700	2708	2638	2743	2737	2762	2683	2641	2762	2708	2679	2768	2657	2711	2706	2687	2630	2698	2706	2743	2683	2805	2680	2764	2794	2726	2772	2743	2738	2729	2625	2648	2632	2709	2777	2710	2687	2632	2689	2732	2627	2749	2736	2662	2739	2668	2647	2732	2713	2764	2740	2765	2668	2676	2752	2610	2645	2731	2770	2673	2767	2686	2684	2767	2654	2747	2717	2680	2665	2658	2689	2715	2702	2689	2730	2743	2763	2747	2751	2751	2726	2714	2742	2667	2755	2690	2629	2744	2699	2682	763.680432
2697	2717	2720	2684	2638	2604	2693	2782	2681	2705	2763	2744	2618	2746	2731	2710	2737	2727	2632	2729	2622	2692	2743	2723	2775	2686	2726	2736	2740	2757	2789	2705	2775	2750	2749	2704	2738	2694	2702	2658	2731	2650	2657	2693	2645	2672	2727	2703	2762	2722	2675	2747	2694	2646	2622	2683	2628	2720	2690	2713	2639	2704	2647	2749	2719	2713	2747	2675	2717	2706	2722	2681	2687	2607	2723	2670	2735	2719	2666	2623	2703	2736	2666	2664	2725	2723	2733	2802	2713	2701	2634	2624	2675	2664	2705	2738	766.7198415
2730	2699	2692	2777	2773	2711	2718	2681	2655	2720	2705	2655	2714	2753	2720	2753	2687	2688	2704	2700	2693	2662	2722	2689	2645	2723	2739	2689	2691	2692	2728	2785	2760	2656	2645	2615	2645	2701	2662	2636	2653	2711	2672	2686	2656	2743	2636	2736	2693	2650	2658	2704	2659	2707	2644	2703	2639	2683	2693	2727	2716	2692	2642	2724	2636	2630	2708	2685	2726	2663	2686	2700	2722	2763	2691	2676	2720	2665	2726	2689	2678	2744	2662	2729	2761	2702	2771	2751	2656	2586	2695	2701	2732	2677	2717	2745	769.7720344
2755	2676	2746	2781	2686	2705	2731	2786	2699	2757	2696	2754	2760	2779	2705	2761	2750	2745	2718	2743	2732	2779	2723	2698	2728	2622	2760	2793	2701	2751	2714	2777	2745	2699	2659	2714	2707	2660	2635	2730	2680	2668	2687	2748	2743	2775	2706	2721	2705	2755	2709	2734	2733	2753	2722	2735	2694	2687	2653	2799	2732	2709	2754	2714	2783	2776	2820	2705	2751	2684	2650	2650	2725	2640	2719	2734	2696	2748	2736	2683	2742	2719	2777	2731	2722	2795	2679	2724	2679	2737	2708	2769	2742	2699	2724	2762	772.8083529
2876	2830	2814	2812	2787	2771	2807	2709	2767	2781	2826	2705	2788	2779	2746	2791	2771	2743	2739	2783	2793	2732	2722	2836	2799	2816	2776	2816	2814	2741	2822	2827	2754	2774	2820	2809	2724	2667	2753	2789	2800	2802	2735	2719	2745	2760	2741	2730	2750	2774	2832	2747	2862	2698	2817	2782	2743	2814	2755	2706	2763	2785	2783	2764	2774	2809	2819	2814	2717	2700	2735	2722	2744	2802	2684	2789	2803	2763	2765	2792	2743	2835	2721	2845	2745	2782	2783	2774	2816	2809	2815	2799	2781	2788	2787	2826	775.8431313
2911	2857	2827	2841	2873	2733	2844	2890	2824	2845	2900	2814	2824	2839	2759	2798	2870	2850	2821	2800	2919	2846	2844	2815	2862	2910	2853	2858	2872	2813	2854	2827	2829	2815	2789	2798	2779	2818	2813	2792	2827	2848	2810	2884	2768	2813	2875	2790	2851	2736	2871	2840	2833	2806	2773	2841	2825	2905	2895	2809	2802	2897	2837	2864	2867	2836	2830	2880	2867	2791	2731	2858	2811	2821	2924	2814	2859	2783	2730	2805	2836	2817	2926	2751	2882	2905	2768	2858	2853	2893	2820	2797	2883	2845	2814	2869	778.8906747
2943	2831	2821	2831	2878	2736	2869	2813	2881	2859	2783	2859	2802	2784	2905	2865	2819	2877	2874	2862	2811	2788	2843	2811	2820	2904	2945	2923	2790	2826	2846	2888	2857	2841	2843	2844	2854	2828	2860	2896	2740	2797	2802	2874	2808	2873	2819	2820	2818	2803	2849	2836	2864	2768	2829	2862	2890	2827	2897	2899	2817	2829	2829	2847	2833	2864	2809	2869	2833	2908	2792	2859	2846	2834	2801	2883	2796	2791	2847	2792	2824	2877	2818	2842	2879	2936	2881	2817	2800	2861	2884	2784	2777	2818	2811	2877	781.9223691
2804	2807	2850	2845	2872	2870	2774	2839	2795	2837	2777	2813	2826	2779	2826	2826	2901	2871	2796	2814	2802	2754	2792	2900	2862	2897	2846	2763	2794	2915	2858	2904	2857	2822	2833	2820	2788	2724	2774	2808	2748	2808	2770	2798	2825	2816	2818	2812	2821	2810	2821	2743	2798	2826	2786	2775	2804	2778	2781	2833	2848	2790	2834	2847	2761	2820	2871	2770	2908	2768	2778	2823	2859	2824	2837	2790	2815	2811	2793	2811	2780	2803	2841	2833	2804	2828	2821	2782	2898	2839	2870	2817	2804	2836	2721	2804	784.9525269
2792	2751	2678	2805	2728	2754	2807	2780	2746	2835	2809	2761	2716	2768	2805	2761	2754	2799	2833	2794	2704	2742	2789	2820	2809	2850	2786	2721	2806	2769	2871	2824	2825	2777	2815	2802	2720	2751	2701	2787	2819	2755	2759	2685	2775	2823	2777	2730	2771	2836	2801	2796	2729	2774	2794	2816	2797	2714	2734	2771	2783	2764	2704	2746	2739	2758	2851	2764	2784	2788	2735	2726	2739	2731	2751	2760	2789	2749	2677	2788	2744	2763	2710	2769	2778	2734	2794	2783	2872	2824	2769	2740	2780	2760	2789	2808	787.9811493
2750	2710	2772	2791	2759	2729	2798	2759	2718	2750	2733	2826	2736	2754	2798	2759	2721	2718	2679	2714	2750	2719	2787	2784	2764	2769	2689	2734	2778	2747	2700	2789	2792	2793	2767	2802	2743	2725	2759	2762	2742	2737	2750	2721	2789	2733	2759	2732	2689	2633	2774	2670	2597	2642	2729	2764	2720	2757	2722	2707	2677	2741	2690	2811	2683	2732	2821	2773	2776	2776	2669	2673	2740	2678	2688	2752	2790	2708	2709	2726	2687	2759	2767	2758	2752	2775	2721	2741	2750	2739	2808	2726	2746	2667	2687	2743	791.0082373
2675	2664	2684	2767	2758	2755	2722	2724	2718	2766	2798	2675	2695	2702	2716	2673	2664	2732	2698	2799	2722	2723	2719	2720	2818	2730	2783	2699	2728	2790	2771	2743	2703	2760	2731	2775	2777	2726	2656	2780	2728	2677	2695	2666	2688	2708	2688	2735	2764	2706	2786	2778	2692	2738	2757	2671	2746	2716	2792	2715	2709	2790	2606	2796	2718	2652	2677	2668	2719	2733	2784	2733	2756	2704	2689	2703	2724	2670	2698	2698	2658	2785	2808	2624	2738	2706	2768	2700	2754	2745	2787	2754	2754	2681	2704	2705	794.0195244
2748	2761	2713	2714	2814	2813	2839	2715	2684	2820	2764	2810	2703	2723	2830	2748	2685	2823	2822	2714	2752	2753	2722	2824	2851	2736	2737	2774	2816	2749	2818	2801	2709	2745	2792	2769	2724	2750	2638	2674	2716	2630	2727	2725	2804	2723	2727	2755	2811	2737	2757	2673	2836	2732	2700	2730	2759	2783	2716	2745	2717	2790	2778	2811	2745	2730	2721	2759	2792	2741	2671	2673	2780	2711	2782	2729	2693	2724	2789	2670	2746	2691	2812	2782	2817	2779	2774	2676	2796	2738	2748	2790	2774	2757	2630	2787	797.0435547
2794	2786	2623	2829	2742	2766	2791	2785	2791	2835	2802	2818	2750	2786	2787	2719	2741	2767	2804	2730	2813	2776	2812	2760	2793	2819	2747	2774	2813	2763	2794	2747	2842	2758	2791	2832	2686	2764	2785	2795	2726	2740	2798	2831	2718	2774	2808	2723	2842	2775	2820	2821	2814	2790	2783	2754	2704	2832	2764	2767	2731	2739	2721	2722	2835	2818	2852	2919	2811	2709	2787	2750	2742	2802	2634	2749	2800	2733	2738	2789	2818	2776	2730	2807	2879	2785	2844	2841	2747	2788	2798	2796	2818	2804	2756	2790	800.0660542
2847	2829	2865	2872	2787	2837	2886	2906	2897	2811	2845	2911	2839	2827	2893	2851	2875	2888	2804	2859	2846	2811	2875	2895	2772	2841	2855	2823	2927	2833	2845	2934	2900	2989	2990	2854	2747	2818	2779	2806	2865	2823	2839	2812	2801	2783	2862	2766	2853	2845	2831	2820	2819	2843	2855	2866	2915	2841	2875	2897	2809	2855	2809	2906	2901	2867	2866	2802	2875	2858	2792	2743	2850	2908	2785	2860	2889	2804	2839	2893	2836	2786	2861	2827	2839	2851	2927	2868	2877	2884	2912	2813	2853	2839	2840	2805	803.0727778
2958	3035	2909	3036	2935	3000	2987	2994	2963	3013	3024	2990	2931	3003	2908	3024	3062	2969	2992	2964	2987	3009	3065	2984	2968	2971	3049	2952	2958	3004	3001	3040	3001	2984	3021	2936	2947	3008	2919	2968	2968	2974	2941	2944	3011	3000	3023	3002	3009	3009	2936	2935	2851	2990	3011	2950	2976	2981	3034	2961	3012	2976	2942	2941	3011	3030	2967	3009	2961	3023	2984	2879	2967	3029	3049	3042	2881	2879	2947	2920	2952	2916	3038	3014	2966	3026	2997	2991	3039	2949	3010	2976	2974	2939	3022	2917	806.0922264
3211	3243	3224	3327	3146	3108	3153	3241	3169	3250	3308	3233	3184	3215	3291	3210	3312	3209	3195	3163	3218	3216	3191	3225	3259	3185	3254	3344	3184	3201	3294	3287	3296	3216	3203	3204	3150	3193	3132	3239	3189	3178	3208	3158	3257	3250	3209	3229	3245	3134	3216	3158	3164	3204	3203	3168	3243	3257	3135	3176	3216	3190	3262	3239	3248	3211	3191	3181	3197	3217	3202	3218	3247	3222	3168	3203	3219	3235	3221	3108	3193	3168	3238	3277	3229	3195	3203	3248	3237	3255	3239	3186	3129	3184	3207	3195	809.0959159
3650	3610	3617	3563	3610	3514	3624	3578	3655	3520	3620	3583	3634	3570	3544	3593	3648	3596	3625	3609	3552	3633	3511	3587	3616	3606	3626	3601	3616	3581	3620	3677	3759	3629	3563	3541	3548	3574	3631	3599	3603	3521	3557	3609	3568	3578	3597	3613	3551	3612	3602	3591	3607	3591	3564	3531	3565	3500	3517	3529	3610	3605	3635	3627	3625	3613	3564	3572	3590	3618	3541	3628	3555	3550	3632	3534	3521	3610	3559	3535	3565	3584	3571	3487	3573	3611	3656	3573	3635	3596	3620	3523	3658	3598	3538	3551	812.0980935
4072	4191	4096	4200	4109	4185	4114	4058	4139	4139	4113	4054	4081	4146	4092	4098	4146	4101	4232	4020	4061	4138	4079	4132	4036	4139	4053	4138	4165	4118	4108	4098	4112	4106	4176	4146	4105	4062	4045	4047	4042	4136	4100	4107	4157	4129	4071	4082	4109	4171	4117	4176	4077	4152	4065	4089	4060	4046	4136	4057	4122	4108	4119	4073	4089	4142	4079	4100	4099	4018	4105	4120	4067	4080	4065	3972	4161	4034	4145	4149	4096	4107	4081	4126	4097	4178	4143	4099	4036	4057	4045	4061	4168	4104	4072	4119	815.0987605
4581	4646	4658	4570	4599	4617	4616	4610	4603	4559	4612	4652	4572	4590	4540	4670	4624	4544	4548	4539	4491	4599	4616	4491	4558	4573	4577	4716	4710	4573	4570	4543	4527	4493	4621	4539	4511	4479	4489	4529	4624	4526	4580	4562	4544	4590	4510	4449	4546	4573	4580	4515	4529	4610	4438	4611	4601	4599	4507	4580	4581	4570	4600	4511	4636	4692	4581	4547	4600	4497	4545	4499	4472	4552	4530	4597	4559	4618	4491	4630	4492	4487	4610	4578	4520	4489	4534	4600	4519	4521	4515	4655	4608	4551	4690	4552	818.097918
4948	4863	4997	4873	4753	4849	4828	4889	4827	4892	4882	4860	4882	4933	4861	4861	4887	4946	4949	4792	4728	4792	4730	4807	4819	4789	4851	4949	4816	4892	4830	4834	4940	4785	4844	4920	4747	4727	4896	4894	4741	4882	4873	4753	4853	4891	4761	4956	4814	4816	4898	4853	4826	4847	4834	4838	4770	4819	4898	4857	4822	4833	4726	4855	4886	4820	4788	4835	4861	4909	4792	4880	4871	4926	4836	4733	4914	4757	4781	4859	4865	4847	4861	4813	4814	4781	4852	4774	4838	4811	4812	4751	4756	4734	4770	4906	821.0955671
4983	4848	4890	4974	4983	4906	4942	4897	4919	4992	4918	4876	4866	4804	4848	4885	4996	4939	4884	4766	4843	4877	4842	4824	4896	4799	4835	4858	4834	4844	4777	4922	4837	4880	4948	4865	4771	4874	4801	4794	4789	4837	4791	4794	4853	4879	4955	4850	4880	4894	4916	4859	4893	4802	4765	4822	4910	4855	4876	4833	4750	4979	4796	4908	4901	4827	4731	4844	4867	4864	4913	4796	4886	4842	4924	4868	4771	4772	4804	4839	4897	4885	4872	4800	4903	4850	4852	4878	4864	4881	4809	4774	4889	4926	4872	4849	824.0917091
4875	4751	4850	4752	4878	4817	4800	4764	4924	4836	4714	4768	4807	4919	4765	4832	4854	4736	4785	4830	4775	4797	4689	4833	4786	4851	4802	4820	4750	4770	4874	4773	4863	4799	4816	4752	4720	4795	4771	4884	4650	4809	4761	4746	4673	4803	4813	4821	4729	4820	4789	4768	4753	4784	4736	4839	4803	4799	4730	4632	4795	4701	4763	4718	4852	4812	4857	4755	4766	4776	4798	4835	4783	4745	4694	4789	4832	4751	4808	4813	4707	4759	4859	4768	4708	4869	4762	4801	4805	4704	4840	4869	4817	4767	4854	4820	827.0863449
4872	4819	4760	4840	4814	4751	4628	4732	4709	4888	4729	4660	4885	4785	4759	4714	4654	4766	4733	4782	4728	4750	4695	4686	4866	4833	4751	4699	4707	4772	4683	4743	4757	4792	4718	4765	4753	4699	4719	4733	4682	4774	4725	4740	4723	4790	4695	4651	4732	4824	4677	4742	4769	4709	4666	4651	4736	4783	4690	4767	4783	4738	4710	4759	4727	4797	4717	4761	4711	4758	4617	4809	4721	4717	4706	4769	4721	4666	4662	4688	4747	4782	4814	4678	4693	4742	4732	4776	4708	4663	4735	4734	4748	4789	4693	4794	830.0794757
4729	4672	4721	4718	4661	4669	4732	4687	4623	4669	4665	4642	4625	4603	4652	4583	4763	4602	4583	4671	4639	4627	4589	4635	4689	4771	4714	4648	4623	4603	4681	4737	4810	4494	4576	4617	4542	4646	4659	4604	4660	4651	4699	4625	4540	4670	4699	4607	4680	4674	4625	4655	4730	4689	4635	4673	4640	4595	4566	4585	4680	4710	4560	4676	4631	4635	4511	4646	4689	4678	4620	4605	4625	4570	4593	4595	4601	4629	4613	4529	4617	4672	4603	4618	4641	4642	4553	4667	4644	4569	4681	4613	4626	4602	4577	4677	833.056928
4439	4439	4337	4424	4420	4436	4447	4388	4447	4472	4378	4439	4395	4362	4393	4388	4445	4330	4429	4331	4310	4419	4393	4414	4450	4364	4455	4393	4377	4382	4465	4543	4455	4362	4469	4442	4336	4410	4368	4514	4331	4399	4482	4405	4352	4437	4413	4396	4362	4486	4393	4372	4327	4332	4430	4373	4339	4385	4363	4402	4357	4436	4351	4320	4412	4368	4388	4442	4432	4333	4385	4416	4423	4443	4335	4293	4402	4400	4487	4420	4439	4311	4498	4334	4252	4437	4457	4415	4421	4413	4403	4414	4387	4363	4317	4337	836.0470595
4234	4116	4126	4180	4138	4142	4022	4123	4057	4123	4131	4190	4165	4073	4052	4154	4077	4149	4215	4173	4173	4237	4153	4204	4174	4082	4170	4086	4127	4151	4149	4103	4153	4189	3994	4151	3998	4085	4057	4147	4165	4107	4062	4066	4186	4107	4155	4216	4174	4158	4154	4178	4153	4143	4112	4136	4110	4055	4105	4074	4000	4152	4043	4116	4140	4113	4131	4169	4147	4100	4090	4184	4181	4205	4140	4186	4085	4122	4114	4142	4152	4159	4161	4208	4165	4103	4149	4124	4105	4102	4189	4073	4135	4182	4147	4205	839.0215288
4005	3939	3838	4036	3968	4017	3907	3885	3936	3967	3949	3957	4069	3876	3911	3990	3972	3974	3855	3976	3921	3940	3928	3897	3892	3952	3935	3894	3978	3899	4040	3990	3909	3958	3939	3951	3880	3911	3904	3912	3996	3873	3977	3822	3871	3868	3960	3901	3958	3949	3880	3950	4013	3942	3958	3884	3945	3979	3871	3962	3903	3877	3930	3946	3889	3931	3920	3869	4018	3928	4093	3872	3916	4008	3943	3963	3991	3828	3920	3869	3931	3928	3889	3891	3979	3957	3929	3937	3957	3951	3935	4022	3853	3963	3959	3917	842.0086654
3783	3703	3676	3734	3776	3711	3760	3693	3779	3800	3800	3734	3785	3795	3726	3812	3770	3700	3826	3777	3726	3662	3774	3681	3770	3791	3751	3785	3746	3713	3821	3740	3756	3755	3774	3685	3713	3745	3666	3712	3794	3776	3706	3725	3725	3731	3723	3687	3786	3766	3765	3778	3727	3766	3742	3674	3689	3682	3768	3747	3680	3782	3689	3797	3738	3770	3733	3817	3733	3755	3831	3717	3694	3721	3799	3741	3717	3683	3708	3754	3671	3740	3768	3707	3726	3807	3773	3861	3803	3680	3773	3749	3771	3797	3826	3809	844.9801563
3611	3603	3511	3591	3590	3614	3567	3650	3555	3590	3595	3639	3564	3740	3596	3594	3670	3621	3619	3611	3548	3518	3587	3534	3621	3690	3571	3528	3590	3557	3585	3626	3629	3616	3687	3500	3534	3573	3615	3690	3523	3585	3545	3571	3595	3627	3541	3618	3649	3634	3574	3648	3514	3550	3609	3599	3608	3607	3560	3617	3598	3608	3612	3604	3633	3508	3693	3577	3593	3613	3579	3681	3631	3556	3603	3561	3647	3582	3579	3621	3549	3608	3593	3591	3644	3657	3584	3494	3638	3596	3651	3656	3605	3618	3604	3591	847.9501631
3529	3542	3538	3428	3539	3526	3321	3479	3418	3537	3469	3525	3411	3467	3517	3477	3431	3503	3444	3483	3543	3521	3512	3452	3458	3515	3503	3499	3422	3437	3459	3508	3514	3517	3453	3545	3435	3402	3474	3494	3454	3429	3453	3453	3587	3437	3449	3484	3447	3473	3478	3507	3503	3477	3483	3493	3423	3515	3441	3470	3441	3489	3437	3407	3510	3546	3564	3477	3483	3376	3487	3522	3480	3500	3514	3563	3461	3452	3452	3476	3479	3481	3468	3436	3497	3477	3470	3508	3453	3502	3512	3527	3417	3526	3452	3410	850.9186871
3463	3434	3467	3438	3483	3449	3365	3466	3488	3461	3444	3393	3424	3441	3461	3497	3440	3417	3453	3439	3398	3544	3523	3390	3470	3497	3503	3434	3461	3395	3436	3437	3472	3479	3474	3488	3394	3421	3401	3513	3368	3461	3359	3458	3421	3420	3421	3490	3469	3394	3479	3433	3402	3389	3376	3393	3386	3483	3493	3475	3411	3402	3429	3449	3483	3417	3525	3429	3513	3399	3437	3352	3458	3434	3465	3367	3431	3428	3478	3467	3446	3380	3423	3490	3491	3507	3500	3397	3369	3457	3520	3476	3443	3439	3446	3455	853.8857293
3505	3488	3566	3535	3555	3584	3563	3509	3525	3537	3530	3560	3525	3557	3480	3568	3550	3493	3547	3508	3565	3567	3556	3533	3528	3546	3608	3517	3631	3597	3591	3565	3662	3494	3535	3536	3612	3511	3462	3502	3506	3490	3530	3551	3526	3483	3564	3510	3606	3546	3493	3539	3544	3555	3525	3538	3559	3598	3570	3564	3531	3572	3508	3585	3562	3492	3522	3519	3455	3550	3542	3513	3615	3479	3506	3516	3510	3421	3466	3537	3547	3502	3476	3551	3642	3502	3566	3532	3582	3572	3597	3490	3564	3530	3553	3541	856.8512908
3755	3759	3723	3806	3818	3771	3823	3856	3779	3836	3817	3772	3771	3655	3768	3754	3826	3762	3829	3782	3690	3714	3768	3770	3805	3765	3727	3636	3747	3759	3832	3725	3815	3813	3699	3762	3661	3749	3712	3716	3682	3768	3701	3747	3765	3772	3729	3716	3722	3721	3842	3746	3751	3750	3681	3722	3743	3808	3780	3740	3793	3731	3718	3808	3875	3751	3763	3661	3828	3690	3692	3759	3705	3793	3813	3668	3756	3799	3722	3711	3786	3768	3763	3844	3758	3767	3755	3770	3801	3724	3792	3704	3721	3733	3734	3712	859.8153727
4135	4184	4071	4092	4134	4162	4157	4122	4084	4041	4078	4067	4074	4208	4191	4177	4064	4032	4091	4030	4040	4106	4022	4051	4083	4179	4090	4108	4028	4112	4168	4137	4167	4113	4069	4073	4113	4102	4039	4031	4094	4050	4047	4088	4099	4121	4084	4067	4077	4114	4110	4075	4103	4057	4059	4066	4066	4122	4100	4122	4081	4121	4078	4139	4113	4146	4130	4102	4103	4042	4058	4044	4083	4144	4092	4037	4014	4079	4080	4025	4028	4046	4067	4117	4172	4096	4201	4072	4092	4149	4137	4056	4048	4065	4057	4083	862.763872
4355	4331	4356	4419	4355	4437	4386	4355	4421	4419	4384	4413	4353	4481	4329	4462	4505	4339	4371	4331	4376	4356	4418	4439	4358	4430	4397	4274	4331	4394	4469	4484	4344	4446	4357	4444	4437	4317	4396	4421	4443	4406	4326	4430	4318	4435	4363	4414	4321	4432	4333	4369	4310	4305	4334	4379	4341	4336	4390	4380	4383	4325	4401	4319	4441	4330	4338	4424	4382	4399	4387	4317	4322	4401	4353	4422	4347	4447	4364	4294	4398	4334	4375	4457	4408	4417	4346	4221	4354	4356	4322	4384	4320	4400	4416	4409	865.7250051
4556	4544	4538	4615	4599	4490	4558	4535	4470	4467	4564	4578	4505	4553	4447	4493	4474	4603	4547	4541	4552	4509	4531	4510	4459	4579	4538	4474	4599	4536	4483	4572	4516	4540	4519	4504	4511	4482	4465	4481	4550	4420	4541	4372	4429	4534	4509	4534	4467	4481	4632	4546	4444	4539	4446	4469	4460	4537	4632	4487	4445	4488	4474	4595	4493	4578	4523	4534	4443	4503	4495	4521	4520	4589	4512	4414	4559	4533	4494	4499	4498	4519	4606	4456	4509	4481	4517	4505	4595	4699	4502	4520	4457	4578	4517	4534	868.6705718
4409	4399	4393	4442	4425	4414	4420	4406	4414	4383	4443	4457	4354	4340	4425	4449	4526	4484	4453	4471	4408	4381	4461	4397	4413	4381	4463	4432	4434	4501	4493	4450	4453	4489	4475	4334	4409	4342	4441	4434	4364	4480	4491	4481	4438	4440	4392	4423	4501	4380	4435	4425	4424	4390	4490	4228	4347	4463	4354	4436	4387	4371	4389	4422	4449	4436	4395	4406	4371	4346	4409	4397	4384	4429	4354	4393	4330	4428	4369	4471	4365	4506	4486	4402	4615	4444	4456	4467	4492	4481	4404	4370	4318	4436	4406	4294	871.6287605
4173	4178	4104	4133	4124	4184	4145	4143	4041	4117	4171	4107	4171	4161	4093	4104	4207	4144	4113	4119	4203	4128	4083	4108	4078	4177	4110	4184	4094	4197	4145	4143	4174	4154	4056	4054	4034	3980	4105	4007	4043	4173	4103	4122	4102	4228	4171	4161	4043	4103	4087	4053	4155	4173	4097	4115	4113	4053	4202	4110	4160	4086	4096	4061	4096	4145	4073	4066	4124	4025	3995	4111	4073	4012	3982	4091	4070	4022	4126	4163	4105	4097	4138	4131	4160	4148	4098	4101	4134	4112	4075	4125	4132	4140	4084	4086	874.571399
3666	3616	3671	3686	3719	3690	3649	3601	3651	3669	3655	3677	3710	3657	3711	3698	3691	3632	3610	3671	3610	3645	3636	3692	3625	3728	3653	3678	3620	3648	3710	3674	3665	3675	3726	3705	3561	3645	3541	3700	3592	3680	3595	3720	3707	3674	3641	3618	3690	3702	3661	3681	3644	3653	3698	3634	3657	3654	3673	3698	3605	3648	3708	3772	3648	3680	3743	3651	3677	3663	3710	3797	3631	3682	3651	3637	3673	3624	3662	3651	3577	3676	3627	3742	3677	3713	3687	3644	3718	3666	3692	3732	3656	3638	3616	3668	877.5125786
3184	3299	3256	3267	3236	3233	3208	3249	3218	3293	3281	3361	3216	3291	3190	3235	3245	3326	3273	3183	3296	3297	3179	3216	3296	3298	3217	3226	3293	3273	3247	3316	3291	3313	3224	3249	3159	3251	3206	3209	3235	3232	3203	3285	3328	3247	3274	3251	3266	3245	3294	3295	3270	3215	3261	3193	3187	3298	3238	3248	3248	3217	3194	3307	3325	3205	3290	3197	3273	3237	3209	3203	3287	3306	3241	3135	3200	3266	3198	3228	3252	3278	3190	3204	3233	3186	3342	3267	3271	3197	3291	3272	3242	3290	3207	3243	880.4663624
2950	2912	2958	2883	2898	2819	2936	2911	2980	2940	3029	2984	2951	2948	2984	2884	2986	2861	2962	2906	2830	2944	2836	2879	2927	2897	2886	2904	2925	2963	2958	2924	2950	2872	2918	2962	2843	2849	2847	2927	2919	2956	2865	2881	2924	2897	2900	2871	2917	2844	2973	2890	2816	2836	2894	2912	2890	2932	2863	2929	2904	2941	2958	2979	2880	2891	2873	2920	2946	2886	2833	2880	2880	2955	2935	2951	2877	2895	2898	2910	2860	2858	2992	2864	2885	3005	2868	2923	2876	2962	2882	2937	2923	2912	2888	2850	883.4046203
2705	2711	2719	2743	2732	2691	2713	2715	2682	2723	2700	2718	2755	2724	2729	2751	2680	2677	2678	2715	2725	2718	2723	2703	2675	2742	2760	2714	2674	2691	2761	2694	2745	2729	2691	2715	2706	2576	2700	2670	2670	2637	2760	2679	2709	2693	2697	2639	2751	2716	2724	2701	2668	2709	2718	2647	2633	2744	2643	2647	2709	2805	2729	2630	2742	2694	2697	2690	2689	2622	2682	2615	2721	2676	2623	2699	2666	2674	2729	2775	2647	2659	2732	2715	2640	2708	2711	2721	2677	2724	2789	2717	2632	2700	2613	2657	886.3414225
2558	2603	2607	2624	2607	2548	2537	2605	2589	2614	2672	2595	2647	2596	2606	2631	2612	2638	2531	2609	2616	2620	2597	2597	2614	2563	2575	2599	2572	2565	2611	2631	2611	2540	2692	2573	2567	2599	2601	2622	2571	2605	2508	2576	2557	2532	2576	2601	2619	2612	2561	2619	2562	2559	2581	2590	2590	2614	2547	2557	2653	2624	2567	2617	2642	2539	2542	2651	2567	2587	2575	2597	2601	2592	2593	2618	2599	2540	2599	2547	2658	2598	2621	2582	2647	2566	2651	2574	2654	2602	2655	2578	2607	2526	2573	2627	889.2767701
2548	2517	2527	2564	2570	2549	2466	2457	2561	2548	2605	2530	2503	2509	2533	2591	2586	2524	2452	2525	2547	2512	2505	2548	2537	2557	2469	2618	2527	2506	2557	2471	2600	2549	2602	2564	2420	2483	2415	2557	2461	2494	2460	2543	2480	2553	2483	2515	2554	2527	2545	2539	2498	2522	2502	2528	2471	2549	2596	2490	2579	2547	2543	2632	2552	2499	2558	2484	2543	2524	2467	2514	2586	2543	2484	2522	2486	2548	2469	2484	2499	2498	2527	2459	2562	2504	2533	2513	2521	2568	2543	2494	2516	2555	2464	2521	892.1966298
2529	2495	2422	2556	2497	2505	2503	2536	2477	2551	2534	2481	2504	2391	2475	2469	2555	2504	2486	2514	2486	2560	2464	2471	2474	2603	2481	2521	2520	2496	2516	2463	2538	2509	2513	2489	2462	2393	2389	2402	2508	2484	2432	2483	2518	2455	2559	2433	2446	2466	2553	2479	2413	2466	2387	2470	2488	2552	2477	2475	2519	2503	2500	2536	2501	2433	2510	2491	2382	2459	2445	2528	2437	2517	2447	2524	2507	2506	2437	2558	2484	2441	2547	2534	2498	2569	2477	2475	2456	2449	2472	2486	2554	2455	2468	2487	895.1290782
2452	2480	2447	2479	2507	2501	2543	2469	2457	2487	2491	2595	2493	2447	2426	2515	2496	2464	2424	2495	2464	2469	2450	2473	2503	2482	2534	2463	2493	2468	2512	2495	2530	2524	2483	2535	2426	2543	2453	2536	2416	2446	2505	2545	2470	2500	2511	2535	2537	2467	2532	2461	2546	2485	2471	2520	2470	2475	2448	2448	2552	2449	2475	2562	2542	2500	2470	2488	2472	2500	2456	2409	2493	2466	2541	2506	2418	2481	2432	2414	2475	2520	2477	2455	2490	2521	2471	2505	2556	2537	2500	2487	2437	2446	2498	2462	898.0600753
2534	2460	2489	2496	2520	2602	2505	2551	2505	2507	2641	2535	2414	2490	2569	2510	2541	2577	2529	2484	2546	2504	2518	2483	2487	2520	2541	2544	2537	2569	2528	2525	2486	2511	2532	2547	2430	2430	2448	2470	2476	2509	2490	2493	2451	2504	2491	2440	2452	2511	2433	2425	2516	2472	2506	2412	2430	2529	2522	2453	2503	2520	2472	2576	2493	2567	2548	2550	2464	2456	2462	2508	2473	2582	2512	2443	2500	2482	2535	2448	2424	2543	2540	2555	2484	2530	2461	2486	2474	2498	2471	2466	2481	2535	2527	2559	900.9756085
2514	2601	2473	2541	2511	2490	2518	2521	2493	2607	2560	2539	2516	2454	2520	2557	2532	2497	2495	2556	2547	2480	2520	2525	2466	2530	2470	2562	2492	2578	2538	2522	2460	2524	2486	2559	2426	2467	2486	2508	2445	2538	2491	2510	2487	2454	2494	2449	2430	2453	2575	2484	2523	2467	2466	2528	2470	2547	2518	2509	2483	2522	2500	2488	2583	2535	2563	2528	2565	2477	2502	2509	2557	2499	2475	2431	2428	2474	2467	2547	2447	2491	2427	2540	2494	2470	2475	2519	2560	2568	2506	2498	2479	2513	2483	2494	903.903713
2483	2493	2517	2574	2586	2468	2523	2504	2529	2581	2554	2523	2426	2522	2558	2518	2498	2514	2451	2488	2527	2496	2504	2556	2500	2562	2478	2517	2509	2559	2573	2583	2477	2496	2494	2510	2407	2436	2422	2535	2538	2454	2484	2485	2535	2453	2527	2481	2483	2478	2393	2500	2541	2474	2518	2498	2474	2527	2444	2516	2486	2470	2547	2556	2520	2546	2517	2449	2517	2508	2459	2442	2617	2494	2529	2529	2589	2494	2487	2481	2542	2538	2541	2511	2477	2479	2506	2514	2519	2550	2524	2541	2484	2524	2536	2565	906.8163695
2541	2499	2499	2534	2600	2477	2509	2557	2519	2588	2528	2544	2560	2506	2524	2506	2535	2604	2561	2575	2535	2543	2483	2550	2494	2444	2519	2550	2545	2554	2531	2545	2574	2560	2563	2512	2529	2423	2532	2565	2469	2460	2535	2578	2529	2580	2526	2548	2549	2587	2597	2474	2530	2539	2499	2506	2548	2518	2542	2516	2488	2514	2529	2499	2559	2623	2484	2530	2535	2438	2508	2524	2520	2599	2548	2588	2522	2480	2556	2520	2522	2500	2449	2522	2558	2557	2554	2525	2547	2535	2549	2587	2569	2461	2511	2511	909.7275928
2615	2592	2537	2641	2663	2634	2625	2683	2559	2595	2592	2611	2690	2549	2606	2601	2635	2578	2603	2594	2580	2513	2606	2601	2643	2664	2598	2609	2636	2524	2597	2607	2617	2613	2620	2569	2580	2535	2563	2600	2578	2574	2651	2624	2631	2623	2598	2586	2650	2583	2608	2573	2651	2625	2623	2665	2581	2560	2615	2632	2578	2576	2634	2596	2576	2553	2629	2641	2654	2607	2561	2527	2584	2660	2614	2520	2599	2651	2652	2561	2516	2635	2583	2604	2627	2602	2698	2560	2614	2607	2670	2545	2566	2572	2559	2634	912.6513697
2799	2728	2794	2775	2759	2729	2687	2796	2816	2674	2715	2722	2674	2743	2705	2746	2764	2795	2798	2758	2713	2786	2699	2786	2800	2753	2736	2727	2803	2722	2775	2683	2847	2730	2716	2730	2691	2711	2707	2750	2787	2726	2732	2743	2778	2733	2652	2711	2821	2761	2787	2693	2759	2699	2784	2701	2725	2786	2710	2761	2698	2730	2731	2734	2740	2773	2667	2740	2700	2639	2779	2703	2685	2722	2644	2717	2750	2685	2752	2678	2634	2740	2700	2764	2739	2712	2779	2779	2685	2721	2709	2761	2710	2822	2739	2671	915.5597227
2841	2802	2899	2860	2942	2897	2909	2894	2843	2865	2818	2836	2776	2894	2860	2908	2875	2840	2765	2887	2829	2845	2862	2817	2824	2888	2862	2847	2834	2825	2856	2905	2812	2817	2885	2852	2870	2821	2798	2824	2815	2792	2913	2842	2835	2835	2864	2809	2848	2886	2826	2862	2818	2862	2825	2794	2880	2802	2855	2743	2788	2874	2775	2913	2841	2877	2857	2892	2848	2780	2764	2850	2881	2798	2805	2789	2850	2846	2864	2869	2825	2832	2863	2830	2898	2844	2908	2818	2871	2875	2830	2874	2852	2798	2875	2879	918.4666456
2881	2865	2844	2906	2890	2832	2905	2842	2828	2838	2936	2764	2869	2845	2916	2913	2894	2931	2875	2823	2856	2841	2813	2876	2903	2805	2891	2849	2912	2943	2925	2865	2874	2936	2906	2866	2809	2766	2793	2812	2751	2861	2814	2763	2786	2794	2853	2793	2858	2894	2966	2884	2806	2853	2865	2819	2844	2867	2864	2850	2859	2895	2800	2888	2827	2902	2799	2825	2839	2831	2833	2763	2910	2865	2837	2866	2859	2773	2850	2791	2876	2872	2901	2836	2899	2870	2814	2836	2890	2887	2875	2818	2824	2856	2833	2834	921.3721394
2715	2638	2704	2743	2732	2746	2742	2642	2632	2754	2701	2680	2738	2644	2664	2660	2731	2729	2741	2728	2708	2643	2701	2685	2683	2716	2697	2694	2739	2622	2829	2759	2757	2798	2756	2681	2673	2658	2671	2707	2778	2714	2717	2705	2746	2667	2723	2774	2704	2726	2717	2722	2655	2613	2649	2757	2696	2678	2663	2723	2726	2639	2749	2745	2708	2800	2664	2725	2706	2706	2672	2657	2702	2665	2639	2714	2703	2637	2712	2651	2633	2753	2688	2723	2697	2675	2715	2675	2764	2727	2700	2677	2633	2712	2733	2649	924.2762051
2526	2527	2508	2467	2525	2563	2522	2593	2532	2541	2516	2550	2487	2489	2477	2511	2534	2518	2564	2567	2563	2541	2513	2546	2502	2506	2528	2455	2501	2534	2513	2536	2524	2562	2552	2555	2512	2532	2523	2465	2479	2556	2504	2533	2462	2530	2456	2461	2619	2498	2508	2544	2561	2506	2532	2507	2493	2634	2493	2510	2531	2477	2508	2510	2506	2565	2527	2558	2503	2542	2471	2458	2546	2513	2463	2534	2466	2575	2478	2508	2469	2531	2544	2521	2491	2536	2536	2505	2489	2545	2507	2484	2558	2561	2475	2497	927.1648924
2373	2375	2349	2396	2405	2406	2426	2403	2377	2382	2376	2408	2348	2356	2341	2408	2371	2375	2383	2417	2368	2417	2347	2382	2378	2363	2366	2392	2312	2433	2372	2365	2385	2416	2381	2428	2373	2387	2335	2367	2319	2331	2377	2419	2388	2362	2346	2340	2401	2371	2340	2331	2310	2340	2312	2411	2378	2408	2409	2355	2300	2344	2376	2420	2365	2369	2302	2352	2328	2366	2332	2344	2340	2387	2352	2352	2303	2387	2350	2347	2374	2446	2365	2347	2431	2353	2343	2496	2407	2398	2427	2363	2385	2399	2352	2368	930.0661121
2253	2218	2231	2255	2224	2284	2285	2222	2237	2308	2252	2274	2268	2246	2293	2251	2310	2306	2251	2241	2210	2169	2294	2207	2285	2305	2290	2212	2209	2269	2295	2223	2285	2251	2246	2243	2174	2247	2161	2248	2299	2284	2248	2262	2203	2264	2289	2310	2275	2268	2276	2222	2229	2223	2285	2209	2269	2240	2217	2263	2189	2217	2197	2269	2280	2273	2277	2299	2347	2282	2189	2203	2211	2252	2194	2219	2253	2220	2242	2207	2301	2215	2285	2264	2227	2218	2240	2233	2231	2240	2190	2291	2222	2281	2311	2199	932.965907
2146	2206	2159	2157	2172	2184	2232	2175	2169	2202	2104	2232	2202	2175	2199	2113	2140	2141	2151	2112	2196	2190	2185	2211	2217	2202	2159	2162	2186	2211	2205	2196	2187	2145	2207	2147	2118	2136	2115	2135	2186	2161	2171	2181	2178	2158	2128	2121	2119	2196	2173	2126	2199	2161	2167	2153	2140	2147	2166	2136	2156	2100	2144	2250	2216	2212	2221	2188	2190	2132	2173	2107	2187	2191	2226	2094	2170	2250	2165	2102	2184	2147	2186	2215	2162	2165	2173	2222	2203	2129	2151	2174	2152	2098	2186	2154	935.8503471
2126	2140	2092	2152	2160	2080	2192	2091	2162	2121	2141	2177	2142	2141	2055	2077	2125	2099	2059	2092	2139	2026	2058	2153	2159	2110	2149	2105	2114	2107	2100	2117	2218	2151	2145	2207	2054	2011	2065	2110	2044	2091	2089	2092	2119	2076	2088	2088	2105	2105	2121	2085	2157	2129	2076	2122	2044	2126	2051	2146	2109	2059	2031	2115	2091	2137	2122	2139	2092	2081	2090	2078	2112	2090	2095	2085	2073	2055	2059	2032	2106	2091	2125	2099	2116	2077	2071	2127	2101	2127	2087	2096	2141	2056	2149	2126	938.7473022
2006	2047	2051	2066	2122	2004	2094	2037	2052	1994	2032	2039	2053	2047	1997	2081	2009	2095	2030	2089	2064	2017	2049	2059	2088	2083	2075	2067	2061	2060	2023	2039	2046	2051	2038	2073	2019	1933	1978	2058	2050	2003	2087	2074	2032	1989	2039	1969	2046	2014	2033	2079	2066	2076	2052	2009	2024	2034	2006	2029	2017	2023	2058	2115	2042	2079	1995	2063	2088	2023	2003	2030	2029	2023	2008	2025	2000	2018	2056	2005	2031	1989	2070	2057	1998	2126	1997	2078	1954	2070	2048	2025	2087	1989	1993	2036	941.6289182
1998	2060	1998	1977	2024	1956	1989	2032	2058	2008	2043	2038	2039	2014	2002	2011	2000	1961	1990	1955	2001	1959	1957	2031	1973	1980	1977	1990	2012	2010	2051	2050	1979	2006	2004	2023	1936	1886	1994	1929	2006	2010	1961	2016	1985	2044	2015	2019	1972	1963	2066	2046	2047	1949	2027	2009	2012	1989	2025	2001	2046	1935	2047	1987	1954	1983	1987	1992	2014	1984	1958	1922	1997	1975	2016	1965	2016	2000	1999	2014	2025	2018	1967	1974	2032	2124	1956	1993	2066	1988	1986	2002	1955	2025	2021	1928	944.5091272
1963	1950	1875	1926	1982	1995	2016	1933	1948	2042	2003	2004	1969	1911	1967	1922	1975	1934	1929	1940	1958	1955	1962	1963	1963	2017	1955	1958	1948	1932	2004	1923	1934	1929	1975	1911	1941	1951	1918	1918	1950	1976	1948	1919	1950	1986	1937	1894	1953	1974	1936	1895	1959	1962	1987	1931	1946	1964	1973	1909	2019	1982	1877	1988	1986	1926	1998	1935	1928	1928	1892	1916	1938	1917	1966	1932	1937	1877	1932	1964	1955	1971	1982	1898	1947	2008	1964	1979	2004	1982	1929	1903	1921	1990	1920	1918	947.3879301
1879	1879	1900	1937	1913	1916	1922	1908	1980	1949	1926	1973	1896	1914	1946	1882	1941	1898	1972	1969	1937	1951	1902	1913	1939	1939	1952	1924	1950	1867	1892	1967	1973	1916	1946	1948	1887	1907	1860	1935	1939	1886	1925	1918	1921	1925	1930	1880	1934	1880	1839	1930	1917	1898	1889	1909	1933	1935	1906	1938	1935	1933	1929	2003	1931	1916	1916	1904	1926	1927	1880	1863	1926	1949	1879	1927	1902	1972	1938	1903	1895	1886	1957	1941	1991	1929	1978	1959	1908	1902	1980	1908	1878	1921	1848	1882	950.2653281
1913	1852	1883	1965	1864	1947	1875	1905	1935	1927	1927	1901	1889	1931	1934	1893	1925	1878	1916	1923	1850	1921	1953	1882	1878	1926	1912	1927	1950	1924	1958	1933	1920	1873	1913	1885	1882	1893	1869	1900	1952	1888	1901	1931	1889	1885	1990	1926	1842	1927	1901	1894	1898	1964	1888	1889	1878	1891	1917	1929	1911	1862	1923	1866	1929	1922	1921	1898	1912	1909	1903	1881	1884	1943	1891	1893	1917	1896	1870	1875	1877	1899	1917	1897	1915	1868	1920	1891	1890	1865	1943	1845	1889	1937	1897	1855	953.1413221
1930	1899	1866	1956	1883	1923	1865	1899	1864	1959	1926	1891	1891	1931	1893	1943	1925	1959	1875	1938	1948	1889	1957	1905	1890	1965	1892	1875	1859	1934	1939	1952	1906	1911	1907	1953	1896	1852	1898	1916	1907	1909	1952	1937	1931	1897	1861	1856	1933	1888	1921	1879	1931	1911	1902	1883	1937	1901	1951	1881	1991	1886	1841	1907	1853	1933	1982	1889	1907	1875	1912	1880	1978	1912	1867	1886	1897	1903	1980	1914	1860	1841	1914	1904	1930	1945	1929	1914	1877	1919	1936	1888	1910	1929	1895	1880	956.0159131
2036	1982	1975	2064	1948	2011	1988	1969	2036	2032	1980	2003	1960	1952	1960	1988	1973	1999	1977	1957	1961	1972	1962	2004	1998	2003	1927	1976	2021	1929	2022	1981	1989	1950	2026	2017	1952	1969	1923	1904	1974	1989	1995	1969	1978	2019	2003	1922	1992	1982	1997	2008	2034	1987	2023	1971	1938	2042	1978	1932	1888	2004	2008	1971	2019	1986	2022	1949	1958	1945	1947	1850	1908	1965	1939	1926	1993	1956	1889	1921	1993	1900	1970	1936	1947	1971	1950	1966	1996	1982	1940	2000	1981	1965	2026	2000	958.8891022
2094	2089	2038	2054	2132	2032	2083	2101	2110	2115	2147	2127	2101	2063	2078	2077	2120	2089	2132	2071	2072	2108	2092	2175	2118	2071	2070	2083	2079	2043	2127	2081	2120	2065	2056	2123	2028	2005	1999	2113	2069	2089	2075	2039	2106	2089	2041	2078	2174	2117	2086	2118	2106	2074	2089	2087	2059	2118	2098	2086	2101	2066	2085	2080	2086	2108	2115	2061	2083	2083	2047	2004	2059	2061	2121	2087	2061	2091	2040	2053	2103	2081	2080	2105	2055	2146	2173	2115	2127	2056	2066	2072	2069	2096	2077	2153	961.7608905
2229	2220	2188	2267	2229	2249	2268	2186	2207	2157	2244	2211	2208	2184	2264	2244	2265	2182	2232	2217	2278	2211	2217	2222	2248	2250	2317	2269	2221	2221	2195	2243	2298	2324	2173	2196	2168	2162	2154	2208	2219	2146	2212	2249	2163	2196	2210	2248	2253	2207	2254	2171	2195	2197	2220	2221	2244	2263	2267	2251	2219	2255	2224	2241	2282	2241	2194	2194	2278	2226	2265	2176	2224	2262	2223	2252	2228	2204	2228	2214	2209	2235	2198	2260	2202	2243	2170	2238	2259	2283	2289	2212	2220	2288	2200	2227	964.6174156
2290	2283	2312	2377	2319	2271	2371	2357	2311	2357	2327	2319	2291	2382	2286	2313	2292	2245	2302	2273	2296	2320	2265	2276	2317	2364	2302	2238	2291	2257	2329	2325	2364	2298	2281	2313	2263	2252	2265	2213	2333	2287	2289	2309	2339	2272	2262	2255	2203	2337	2301	2313	2273	2288	2315	2251	2295	2274	2277	2266	2267	2262	2207	2288	2322	2362	2317	2255	2270	2265	2332	2330	2310	2257	2322	2261	2299	2288	2261	2239	2266	2308	2312	2261	2357	2289	2296	2333	2325	2276	2274	2293	2272	2261	2326	2258	967.4864119
2249	2304	2235	2327	2291	2297	2282	2322	2222	2264	2323	2331	2315	2317	2318	2248	2310	2305	2243	2212	2279	2300	2261	2269	2243	2275	2259	2300	2271	2301	2277	2347	2293	2327	2361	2313	2231	2177	2208	2270	2214	2287	2279	2234	2312	2266	2196	2273	2307	2243	2264	2266	2246	2216	2291	2219	2203	2289	2282	2223	2250	2303	2292	2296	2270	2253	2235	2298	2254	2213	2225	2243	2215	2303	2245	2320	2316	2259	2255	2292	2281	2295	2208	2270	2243	2247	2266	2247	2290	2237	2275	2325	2288	2240	2271	2293	970.3401606
2326	2253	2305	2336	2366	2300	2297	2319	2325	2316	2274	2316	2228	2301	2256	2326	2339	2302	2292	2282	2307	2265	2304	2286	2300	2274	2256	2349	2252	2366	2389	2314	2302	2314	2245	2307	2218	2313	2296	2271	2283	2276	2332	2324	2289	2261	2242	2315	2299	2269	2282	2290	2276	2304	2304	2336	2327	2303	2290	2298	2287	2278	2248	2322	2364	2326	2266	2343	2336	2317	2233	2255	2264	2272	2213	2271	2257	2260	2322	2288	2224	2300	2283	2328	2347	2280	2333	2336	2261	2294	2396	2321	2326	2311	2282	2286	973.2063691
2466	2496	2431	2505	2513	2442	2446	2434	2503	2424	2459	2496	2420	2437	2444	2488	2481	2467	2457	2470	2399	2461	2413	2468	2396	2430	2457	2442	2479	2479	2513	2476	2448	2414	2467	2431	2454	2371	2437	2442	2434	2475	2431	2491	2418	2361	2371	2467	2498	2430	2514	2471	2443	2461	2448	2421	2367	2382	2485	2481	2415	2425	2415	2473	2431	2478	2452	2426	2399	2405	2422	2410	2468	2432	2500	2386	2436	2371	2461	2434	2444	2491	2408	2448	2425	2422	2406	2444	2466	2474	2405	2447	2468	2400	2478	2406	976.0573454
2611	2616	2583	2712	2679	2618	2595	2660	2575	2643	2635	2602	2619	2634	2593	2600	2648	2628	2638	2679	2613	2638	2609	2591	2645	2623	2595	2647	2706	2613	2707	2626	2581	2580	2606	2580	2613	2553	2608	2600	2610	2623	2641	2633	2603	2625	2608	2539	2622	2618	2649	2641	2613	2564	2612	2606	2612	2651	2656	2592	2665	2618	2497	2644	2658	2662	2662	2642	2611	2488	2598	2570	2557	2701	2560	2543	2568	2633	2608	2572	2676	2617	2605	2626	2624	2663	2645	2602	2585	2667	2587	2724	2633	2592	2549	2555	978.9069404
2635	2644	2701	2655	2623	2601	2652	2684	2605	2696	2667	2650	2587	2627	2654	2651	2601	2628	2634	2673	2641	2569	2558	2617	2675	2649	2655	2693	2643	2627	2610	2661	2698	2670	2621	2644	2583	2560	2601	2612	2578	2674	2575	2669	2567	2719	2606	2649	2616	2687	2575	2583	2564	2622	2536	2565	2576	2654	2624	2522	2597	2611	2650	2589	2626	2650	2671	2618	2504	2627	2600	2559	2548	2634	2614	2606	2628	2613	2589	2653	2567	2586	2646	2572	2621	2640	2586	2600	2698	2668	2714	2627	2588	2603	2621	2591	981.7551551
2527	2495	2592	2479	2565	2611	2573	2565	2508	2590	2632	2552	2445	2497	2578	2547	2521	2460	2508	2443	2582	2481	2497	2519	2490	2501	2505	2558	2589	2554	2565	2499	2476	2537	2515	2503	2570	2488	2513	2514	2557	2478	2517	2509	2479	2492	2482	2449	2492	2570	2488	2485	2487	2425	2499	2522	2500	2515	2480	2488	2550	2525	2498	2546	2564	2592	2474	2602	2534	2461	2505	2480	2458	2465	2496	2451	2478	2538	2447	2536	2477	2526	2545	2551	2498	2549	2535	2539	2551	2507	2496	2535	2463	2524	2502	2504	984.6019904
2353	2349	2343	2375	2335	2372	2396	2349	2329	2415	2423	2395	2339	2334	2396	2363	2338	2344	2318	2378	2372	2396	2391	2351	2332	2316	2404	2344	2411	2376	2363	2340	2384	2422	2357	2345	2303	2352	2285	2299	2374	2263	2313	2302	2325	2319	2369	2403	2396	2356	2397	2349	2351	2360	2301	2395	2353	2355	2401	2308	2376	2300	2314	2363	2416	2386	2345	2382	2379	2322	2361	2286	2379	2294	2357	2291	2360	2349	2332	2342	2320	2322	2392	2331	2339	2376	2426	2418	2403	2395	2353	2294	2469	2342	2336	2368	987.4474475
2278	2272	2270	2300	2319	2284	2302	2276	2298	2337	2346	2293	2257	2264	2237	2260	2274	2330	2269	2259	2276	2289	2264	2337	2333	2288	2307	2270	2362	2338	2310	2267	2264	2320	2244	2372	2192	2281	2210	2307	2320	2299	2248	2266	2215	2296	2263	2255	2299	2307	2278	2312	2251	2289	2252	2322	2292	2306	2218	2305	2311	2295	2318	2310	2276	2248	2250	2348	2296	2230	2276	2188	2310	2329	2242	2255	2223	2233	2321	2252	2276	2324	2300	2285	2372	2348	2297	2316	2322	2291	2310	2311	2239	2269	2260	2294	990.2915272
2201	2316	2276	2283	2279	2308	2227	2314	2270	2225	2311	2316	2272	2276	2270	2281	2281	2141	2280	2291	2251	2226	2214	2313	2344	2294	2232	2253	2240	2224	2194	2332	2303	2283	2240	2286	2173	2229	2175	2185	2227	2189	2268	2244	2272	2256	2218	2277	2222	2288	2291	2274	2246	2261	2229	2244	2212	2279	2259	2191	2337	2274	2260	2264	2239	2221	2262	2281	2263	2161	2189	2202	2225	2257	2210	2270	2264	2278	2226	2243	2258	2291	2236	2258	2282	2212	2214	2324	2334	2301	2230	2283	2197	2151	2220	2226	993.1342306
2419	2380	2384	2377	2427	2423	2380	2450	2472	2407	2373	2472	2467	2367	2402	2397	2478	2433	2420	2459	2455	2313	2425	2408	2441	2451	2394	2419	2402	2372	2416	2389	2427	2405	2436	2406	2401	2342	2313	2379	2371	2394	2385	2414	2351	2327	2401	2386	2456	2419	2380	2316	2391	2364	2438	2411	2357	2433	2441	2398	2409	2422	2403	2428	2329	2489	2414	2487	2391	2385	2358	2336	2400	2442	2314	2314	2337	2396	2396	2342	2313	2356	2412	2463	2356	2498	2379	2346	2376	2379	2344	2367	2428	2347	2394	2457	995.9617691
2944	2859	2946	3052	3060	2987	2989	2953	2929	2956	3002	2951	2934	2988	2963	2887	2909	2934	3005	3093	2900	2915	2936	2990	2913	2938	3023	3041	3023	3024	3057	3008	2936	2915	3028	2894	2909	2903	2891	2905	2896	2847	2811	2837	2983	2850	2863	2860	2846	2861	2905	2878	2890	2877	2882	2943	2902	2957	2964	2971	3016	2977	2900	2986	3021	2947	2925	2949	2934	2822	2869	2844	2902	2906	2943	2817	2827	2852	2895	2887	2884	2919	2927	2980	2925	2818	2886	2861	2941	2945	2943	2954	2911	2891	2909	2928	998.8017296
3184	3156	3224	3302	3261	3193	3290	3223	3296	3249	3341	3277	3275	3215	3235	3264	3241	3263	3305	3222	3253	3198	3192	3229	3259	3314	3304	3302	3316	3253	3295	3263	3261	3276	3192	3261	3267	3121	3053	3206	3102	3205	3197	3163	3121	3162	3214	3194	3189	3211	3127	3173	3220	3205	3178	3152	3214	3226	3259	3168	3178	3249	3210	3198	3266	3251	3269	3297	3191	3175	3138	3145	3260	3222	3196	3122	3109	3101	3047	3089	3131	3248	3122	3235	3183	3185	3143	3221	3184	3154	3182	3159	3215	3156	3133	3151	1001.62654
2662	2714	2669	2691	2701	2684	2684	2625	2721	2694	2716	2670	2665	2733	2625	2702	2753	2688	2752	2636	2705	2703	2650	2744	2712	2690	2723	2677	2812	2663	2708	2758	2689	2690	2677	2707	2613	2617	2596	2672	2559	2689	2687	2634	2685	2644	2685	2601	2640	2593	2663	2617	2669	2674	2655	2612	2668	2646	2634	2630	2630	2727	2626	2704	2663	2676	2668	2679	2644	2659	2640	2594	2663	2570	2668	2641	2583	2574	2690	2601	2626	2660	2640	2655	2663	2629	2618	2623	2658	2624	2649	2615	2655	2655	2622	2632	1004.463762
2279	2320	2339	2296	2265	2335	2295	2296	2310	2343	2367	2360	2269	2339	2309	2330	2266	2324	2282	2327	2362	2285	2324	2301	2326	2314	2254	2297	2322	2225	2285	2243	2307	2288	2312	2289	2270	2199	2286	2257	2305	2315	2212	2272	2261	2279	2332	2229	2239	2285	2247	2286	2275	2286	2267	2312	2286	2306	2298	2326	2321	2292	2284	2240	2244	2363	2313	2303	2303	2289	2266	2252	2289	2290	2340	2237	2269	2272	2275	2234	2236	2266	2341	2238	2312	2302	2346	2288	2308	2307	2277	2291	2245	2318	2232	2270	1007.285849
2244	2217	2154	2245	2180	2276	2293	2238	2244	2226	2275	2224	2290	2199	2240	2262	2258	2242	2285	2291	2254	2318	2214	2231	2304	2253	2291	2257	2204	2242	2234	2333	2245	2287	2308	2266	2172	2229	2219	2259	2226	2257	2216	2264	2155	2272	2298	2285	2250	2277	2241	2284	2238	2198	2201	2226	2205	2276	2265	2271	2225	2243	2247	2225	2236	2247	2271	2284	2184	2215	2190	2197	2213	2223	2234	2295	2223	2218	2243	2241	2208	2182	2239	2271	2270	2256	2272	2252	2234	2197	2208	2211	2190	2200	2276	2229	1010.106579
2325	2370	2256	2271	2235	2341	2300	2330	2311	2365	2402	2330	2306	2381	2291	2374	2309	2344	2298	2305	2395	2290	2322	2262	2319	2318	2337	2355	2281	2280	2323	2356	2271	2272	2314	2313	2281	2283	2224	2313	2254	2211	2250	2238	2282	2289	2277	2276	2335	2289	2276	2254	2220	2318	2335	2303	2250	2276	2252	2326	2266	2353	2260	2315	2324	2282	2343	2299	2327	2332	2310	2253	2263	2289	2337	2298	2367	2209	2255	2290	2259	2335	2288	2339	2279	2297	2334	2325	2305	2252	2267	2257	2287	2317	2315	2365	1012.939703
2288	2324	2337	2343	2400	2408	2353	2317	2364	2404	2385	2393	2277	2348	2366	2309	2331	2366	2366	2347	2310	2385	2379	2408	2348	2382	2362	2356	2410	2393	2435	2434	2409	2385	2397	2424	2312	2299	2313	2388	2336	2329	2279	2344	2290	2349	2388	2281	2362	2378	2369	2392	2338	2384	2356	2323	2386	2382	2398	2353	2350	2356	2349	2397	2353	2401	2430	2355	2298	2277	2327	2399	2392	2356	2364	2340	2382	2284	2369	2353	2280	2360	2400	2362	2388	2300	2371	2334	2316	2341	2340	2400	2335	2366	2272	2412	1015.757715
2405	2318	2398	2446	2398	2382	2464	2392	2364	2455	2478	2384	2361	2333	2319	2394	2406	2500	2474	2365	2394	2344	2357	2394	2418	2391	2374	2372	2467	2444	2386	2368	2463	2361	2346	2431	2383	2345	2369	2388	2349	2463	2348	2390	2384	2329	2410	2348	2372	2378	2403	2349	2385	2408	2361	2307	2414	2366	2461	2331	2375	2351	2371	2398	2415	2456	2435	2434	2461	2367	2371	2299	2368	2449	2422	2422	2402	2317	2407	2391	2402	2423	2381	2373	2410	2375	2384	2415	2383	2418	2410	2359	2424	2371	2337	2402	1018.574373
2409	2428	2389	2505	2411	2433	2436	2414	2428	2464	2499	2412	2375	2348	2425	2448	2426	2422	2432	2465	2422	2366	2401	2446	2381	2428	2449	2477	2441	2398	2421	2414	2500	2451	2456	2407	2418	2286	2373	2424	2444	2381	2415	2407	2398	2494	2351	2446	2406	2458	2420	2398	2461	2383	2402	2406	2357	2424	2412	2389	2425	2396	2372	2441	2471	2398	2369	2420	2462	2383	2346	2370	2432	2407	2445	2356	2407	2354	2419	2412	2349	2429	2431	2441	2327	2436	2390	2408	2434	2343	2375	2398	2430	2366	2395	2372	1021.389678
2467	2446	2428	2503	2481	2493	2500	2507	2469	2583	2506	2522	2471	2547	2490	2545	2460	2506	2460	2521	2477	2469	2489	2502	2555	2535	2468	2532	2474	2499	2503	2546	2526	2494	2490	2537	2459	2438	2422	2485	2534	2412	2559	2512	2466	2433	2474	2458	2441	2484	2579	2528	2465	2495	2537	2531	2502	2588	2444	2512	2479	2459	2483	2584	2437	2550	2506	2490	2553	2458	2528	2424	2511	2512	2520	2499	2523	2431	2472	2453	2476	2493	2507	2499	2516	2474	2511	2422	2501	2549	2510	2443	2456	2487	2495	2427	1024.189907
2704	2673	2674	2721	2704	2719	2736	2674	2647	2636	2749	2720	2641	2612	2692	2702	2712	2698	2711	2662	2673	2665	2679	2651	2653	2701	2698	2602	2690	2617	2643	2685	2611	2757	2684	2671	2571	2605	2651	2671	2632	2640	2638	2668	2651	2583	2601	2641	2752	2659	2698	2617	2678	2696	2581	2598	2598	2609	2697	2657	2673	2689	2751	2658	2677	2662	2693	2648	2722	2637	2667	2627	2703	2645	2692	2624	2649	2726	2599	2650	2619	2703	2672	2662	2692	2710	2612	2679	2613	2689	2624	2672	2636	2617	2640	2696	1027.002515
2961	2799	2884	2882	2902	2876	2915	2890	2803	2893	2899	2914	2912	2966	2824	2896	2854	2895	2840	2851	2811	2918	2887	2891	2978	2817	2957	2827	2863	2877	2855	2888	2884	2902	2896	2922	2801	2762	2825	2923	2862	2860	2868	2892	2827	2866	2827	2767	2859	2845	2795	2850	2862	2850	2860	2842	2869	2824	2885	2909	2888	2840	2792	2889	2872	2893	2881	2896	2898	2766	2803	2767	2839	2923	2854	2851	2862	2857	2812	2787	2849	2839	2857	2816	2866	2828	2895	2893	2875	2896	2806	2910	2784	2787	2798	2840	1029.813773
3031	2970	2930	3060	3016	3038	3025	3016	3032	3030	3110	2978	3021	2956	2959	3049	3010	3003	3008	3010	3056	3031	3023	3005	3001	3032	2986	3040	2988	3034	3015	2939	3002	2964	3052	3055	2952	2905	2951	2892	2906	2913	2877	2930	2998	2894	2959	2931	2988	3005	3011	3017	2987	2950	2929	2960	2914	3092	3024	2959	2988	2915	3030	3054	2999	3040	2972	2958	3001	2995	2984	2964	2926	2980	3068	2953	2952	3032	2991	2983	2962	2971	2930	2914	3047	3004	2984	2986	3007	2997	2974	3033	2993	2905	2934	2939	1032.609978
2969	2969	3050	3064	3145	2980	3103	3040	2988	3057	3041	3047	2986	3020	3031	3070	2971	3088	3058	2912	3016	2976	3027	2949	3013	3040	3048	3077	3084	3056	3081	3092	3037	3022	2932	3078	3035	3018	2973	3019	3032	3036	3023	3031	2942	2971	2982	2959	3063	3010	3013	3077	3047	3004	3057	3053	3003	2995	2938	3030	2965	3081	3037	3098	3052	3050	3038	2970	3071	2973	2984	2928	2966	2989	3017	3048	2998	2993	2974	2959	3004	3046	3036	2995	3035	2931	3051	3170	3061	3037	3002	3007	3034	3000	3013	2964	1035.418545
3083	3030	3040	3124	3047	3074	3086	3051	3050	3000	3106	3110	3044	3040	3043	2990	3101	2970	3125	3069	3045	2998	3037	3033	3178	3109	3060	3111	3054	3129	3065	3104	3082	3102	2993	3091	2986	3014	3007	3041	2972	3029	3078	3111	3098	2977	3026	3042	3086	3067	3057	2993	3136	3034	3016	3026	3117	3080	3103	3030	3045	3018	3076	3160	3058	3120	3099	3089	3055	2965	3034	3009	3096	3050	3082	3061	3035	3016	3025	3004	3038	3115	3067	3104	3120	3080	2981	3050	3037	3087	3102	3051	3089	3016	3012	3056	1038.212074
3211	3182	3169	3149	3137	3075	3139	3169	3129	3256	3257	3138	3096	3200	3111	3146	3161	3174	3166	3106	3001	3165	3202	3110	3120	3128	3105	3170	3089	3173	3137	3079	3186	3094	3147	3192	3041	3034	3030	3104	3153	3153	3071	3066	3079	3092	3118	3114	3094	3134	3170	3117	3171	3142	3193	3208	3118	3166	3209	3130	3051	3141	3121	3147	3172	3160	3120	3126	3113	3128	3049	3118	3162	3161	3104	3170	3163	3079	3085	3108	3119	3166	3175	3087	3198	3151	3135	3140	3176	3126	3149	3191	3085	3066	3148	3104	1041.00427
3288	3360	3283	3309	3349	3357	3326	3334	3295	3331	3308	3261	3257	3250	3301	3373	3335	3303	3264	3240	3270	3277	3380	3264	3341	3289	3272	3270	3329	3307	3287	3259	3312	3280	3402	3303	3213	3286	3230	3253	3320	3296	3260	3298	3261	3363	3280	3293	3332	3332	3367	3311	3276	3237	3268	3272	3294	3272	3256	3204	3248	3318	3289	3298	3354	3303	3303	3306	3282	3252	3200	3326	3322	3297	3299	3204	3229	3370	3326	3281	3226	3253	3333	3232	3360	3306	3272	3307	3276	3251	3231	3342	3312	3237	3314	3344	1043.808811
3522	3489	3475	3532	3479	3496	3506	3589	3444	3552	3505	3501	3543	3521	3494	3541	3438	3529	3481	3484	3467	3520	3513	3477	3410	3514	3515	3512	3458	3514	3483	3513	3501	3537	3456	3454	3458	3406	3430	3456	3556	3536	3494	3554	3433	3566	3436	3557	3470	3526	3487	3469	3470	3489	3442	3503	3511	3543	3581	3473	3442	3483	3414	3482	3506	3515	3526	3576	3513	3435	3503	3485	3486	3523	3442	3600	3472	3498	3510	3486	3539	3539	3570	3494	3509	3495	3565	3547	3530	3564	3468	3463	3521	3416	3546	3572	1046.598336
3737	3767	3717	3813	3738	3730	3702	3784	3773	3739	3830	3803	3712	3732	3751	3716	3704	3760	3771	3644	3724	3720	3752	3690	3787	3757	3753	3724	3664	3658	3769	3805	3763	3745	3778	3814	3764	3715	3717	3662	3759	3778	3714	3739	3752	3801	3730	3732	3828	3774	3696	3716	3748	3757	3745	3665	3816	3733	3737	3691	3819	3823	3766	3786	3746	3808	3817	3720	3743	3712	3706	3666	3702	3841	3772	3723	3761	3681	3746	3764	3724	3644	3700	3825	3816	3730	3796	3723	3751	3780	3792	3732	3774	3661	3683	3746	1049.386531
4057	4097	4060	4067	4028	4009	4043	4044	4115	3995	4103	4047	4010	4031	4075	4037	4038	4037	4055	4049	4021	3950	4042	4047	3991	4021	4028	4107	4121	4053	4091	4088	4107	4015	4040	4046	4002	4033	3868	4079	3990	4071	4047	4087	3965	3972	3940	3949	4064	3940	4054	3933	4001	3960	4059	4007	4083	3980	3976	3990	4012	3958	3972	4038	4046	4104	3999	4038	3982	4060	4113	4042	4049	3984	4010	4037	4008	4006	3944	3977	4096	4085	4018	4106	4023	4095	4055	4076	3986	4028	3868	4133	4121	4124	4045	4086	1052.173397
4445	4319	4364	4302	4519	4364	4397	4345	4327	4404	4387	4401	4274	4357	4279	4342	4357	4316	4394	4273	4308	4245	4283	4249	4254	4420	4418	4242	4343	4310	4255	4351	4329	4336	4321	4360	4269	4284	4318	4354	4341	4281	4309	4271	4245	4296	4248	4252	4256	4403	4345	4309	4322	4419	4353	4296	4142	4213	4311	4369	4387	4338	4296	4297	4365	4360	4356	4404	4269	4340	4287	4316	4325	4454	4291	4298	4320	4325	4304	4342	4320	4342	4266	4368	4292	4461	4402	4339	4380	4377	4374	4380	4306	4366	4365	4358	1054.958934
4663	4563	4632	4626	4664	4658	4530	4622	4608	4629	4695	4612	4661	4633	4538	4521	4603	4578	4549	4527	4559	4597	4570	4572	4586	4611	4544	4627	4555	4605	4675	4576	4697	4556	4643	4529	4585	4550	4548	4593	4536	4537	4565	4562	4705	4570	4586	4616	4656	4476	4532	4510	4524	4509	4470	4524	4530	4589	4585	4645	4481	4569	4499	4596	4575	4599	4643	4546	4635	4560	4621	4524	4587	4546	4557	4515	4665	4521	4577	4520	4469	4668	4627	4449	4611	4632	4645	4537	4594	4605	4541	4607	4559	4606	4630	4574	1057.729499
4871	4868	4774	4938	4857	4897	4893	4844	4757	4829	4745	4833	4762	4759	4801	4809	4827	4794	4835	4785	4734	4828	4844	4786	4837	4834	4798	4887	4775	4768	4855	4869	4838	4787	4815	4826	4750	4724	4816	4734	4769	4771	4877	4883	4799	4810	4809	4836	4895	4732	4811	4826	4709	4830	4774	4811	4748	4803	4739	4776	4845	4787	4764	4868	4757	4803	4875	4699	4791	4892	4762	4822	4795	4844	4959	4871	4821	4735	4706	4856	4850	4710	4804	4810	4785	4824	4957	4832	4752	4723	4689	4766	4698	4709	4825	4701	1060.512388
4958	4884	4875	4889	4906	4963	4900	4993	4863	4913	4940	4889	4749	4889	4858	4850	4965	4874	4795	4831	4871	4890	4827	4889	4998	4891	5000	4869	4901	5022	4940	5013	5062	4855	4884	4805	4894	4895	4904	4835	4934	4956	4817	4845	4936	4866	4847	4928	4951	4897	4977	4896	4980	4820	4883	4817	4895	4835	4804	4873	4812	4965	5011	4919	4926	5010	4981	4894	4878	4742	5016	4904	4955	4935	4861	4970	4937	4989	4895	4738	4806	4893	4904	4866	4923	4901	4934	4962	4848	4933	4820	4773	4907	4844	4801	4918	1063.293952
4898	4998	4991	4957	5071	5045	4958	4885	4956	5032	4911	4977	4956	4881	5016	4966	4921	4927	4974	5039	4885	4908	4975	4999	4983	4911	4915	4968	4913	4827	4957	4997	5065	5058	4871	5030	4929	4897	4869	4891	4830	4878	4948	4956	4892	4928	4928	4792	5016	4970	4996	4851	4946	4881	4922	4943	4913	4923	4945	4861	4956	4813	4952	4936	4886	4918	4913	4915	4861	4816	4906	4960	5003	4989	4844	4860	4895	5052	4959	4807	4872	4909	4864	4985	4971	4917	4964	4973	4920	4833	4951	4898	4841	4906	4914	4912	1066.060566
4838	4986	4816	4901	4854	4810	4843	4816	4724	4836	4884	4820	4830	4825	4849	4780	4839	4867	4729	4824	4772	4891	4864	4812	4743	4809	4759	4833	4813	4851	4954	4789	4819	4814	4805	4829	4779	4783	4734	4782	4726	4826	4716	4689	4747	4804	4666	4730	4789	4787	4786	4863	4801	4791	4778	4727	4809	4767	4774	4889	4739	4702	4845	4835	4870	4775	4829	4849	4774	4817	4871	4680	4795	4842	4760	4787	4756	4719	4863	4781	4841	4841	4851	4840	4880	4849	4923	4820	4842	4903	4843	4791	4843	4880	4794	4862	1068.839487
4685	4649	4729	4735	4610	4719	4705	4701	4701	4707	4676	4649	4606	4578	4624	4690	4703	4702	4634	4650	4663	4627	4639	4652	4686	4684	4689	4611	4588	4633	4709	4666	4757	4668	4711	4619	4580	4612	4627	4519	4530	4683	4554	4676	4616	4718	4747	4685	4550	4680	4652	4587	4638	4554	4648	4701	4524	4634	4615	4654	4644	4590	4602	4635	4736	4577	4674	4777	4635	4578	4512	4614	4588	4564	4689	4543	4698	4607	4653	4662	4632	4698	4575	4628	4641	4651	4650	4569	4673	4617	4648	4724	4611	4591	4713	4534	1071.603474
4618	4572	4546	4596	4552	4575	4610	4588	4494	4584	4588	4564	4514	4488	4583	4537	4566	4528	4616	4568	4507	4532	4515	4511	4643	4616	4499	4533	4498	4508	4513	4529	4610	4642	4544	4650	4484	4452	4458	4530	4488	4523	4513	4403	4463	4584	4573	4458	4511	4557	4448	4461	4551	4517	4542	4524	4485	4655	4455	4504	4459	4522	4438	4520	4551	4549	4480	4487	4585	4446	4467	4522	4534	4538	4456	4571	4499	4594	4548	4517	4406	4626	4569	4490	4547	4587	4458	4614	4509	4572	4539	4534	4546	4507	4590	4513	1074.366152
4564	4564	4567	4623	4482	4493	4591	4578	4503	4617	4592	4544	4564	4557	4492	4506	4555	4574	4514	4492	4588	4514	4539	4504	4600	4494	4600	4530	4580	4459	4511	4590	4539	4454	4532	4476	4476	4579	4541	4519	4549	4565	4555	4567	4545	4504	4586	4489	4505	4606	4557	4517	4425	4420	4517	4541	4446	4489	4549	4517	4638	4426	4445	4629	4573	4548	4418	4520	4540	4537	4512	4465	4502	4488	4491	4615	4462	4524	4506	4468	4431	4419	4443	4498	4532	4451	4587	4553	4524	4570	4490	4564	4367	4539	4501	4585	1077.141121
4666	4708	4734	4709	4689	4648	4695	4696	4632	4650	4804	4755	4693	4676	4548	4659	4612	4717	4643	4631	4764	4610	4532	4595	4669	4722	4658	4646	4603	4673	4694	4719	4683	4674	4688	4726	4641	4586	4672	4592	4628	4691	4619	4551	4562	4638	4619	4582	4593	4579	4723	4692	4649	4646	4589	4604	4631	4635	4550	4656	4683	4546	4684	4696	4723	4687	4646	4646	4687	4654	4630	4623	4635	4684	4683	4664	4551	4734	4698	4575	4613	4690	4621	4618	4651	4667	4628	4587	4651	4722	4631	4661	4637	4656	4572	4658	1079.901177
4793	4712	4684	4714	4547	4629	4631	4797	4723	4641	4753	4667	4753	4652	4635	4633	4650	4678	4742	4721	4763	4702	4602	4746	4767	4754	4738	4596	4745	4748	4654	4708	4719	4658	4859	4628	4734	4654	4584	4666	4656	4780	4682	4697	4703	4652	4664	4725	4694	4590	4752	4722	4691	4677	4711	4656	4584	4702	4697	4658	4705	4594	4605	4669	4744	4674	4739	4675	4613	4576	4708	4653	4731	4672	4732	4667	4666	4619	4568	4628	4706	4624	4680	4788	4742	4716	4699	4694	4684	4748	4681	4749	4632	4716	4651	4717	1082.659926
4592	4605	4651	4629	4565	4589	4568	4661	4607	4666	4603	4652	4556	4435	4514	4565	4583	4583	4548	4659	4530	4544	4477	4632	4580	4554	4511	4583	4548	4540	4678	4560	4574	4580	4615	4574	4508	4436	4565	4406	4620	4561	4439	4598	4628	4463	4534	4542	4558	4528	4569	4593	4543	4443	4547	4535	4500	4493	4601	4457	4578	4476	4531	4559	4603	4613	4485	4541	4520	4549	4524	4535	4583	4647	4488	4449	4458	4591	4617	4496	4547	4517	4534	4552	4559	4471	4488	4612	4551	4607	4590	4507	4510	4509	4550	4578	1085.417371
4329	4294	4337	4253	4270	4144	4354	4248	4220	4310	4300	4346	4305	4184	4217	4300	4234	4228	4223	4180	4271	4229	4256	4235	4297	4324	4203	4233	4203	4358	4319	4326	4346	4205	4285	4299	4219	4249	4208	4275	4225	4249	4233	4224	4114	4277	4167	4210	4317	4312	4386	4262	4255	4151	4215	4132	4214	4157	4363	4153	4301	4188	4238	4271	4260	4209	4225	4272	4300	4231	4260	4161	4255	4220	4196	4241	4281	4257	4154	4209	4204	4200	4237	4193	4250	4256	4342	4238	4380	4244	4178	4251	4279	4262	4206	4219	1088.159937
3864	3860	3881	4037	3873	3887	3922	3994	3905	3982	3958	3952	3951	3847	3867	3824	3849	3881	3915	3907	3878	3995	3940	3845	3905	3875	4000	3869	3944	3852	3833	3886	3824	3898	3856	3877	3833	3808	3838	3867	3789	3869	3817	3987	3891	3844	3892	3831	3965	3878	3952	3880	3917	3774	3843	3840	3842	3763	3871	3906	3955	3907	3865	3863	3935	3919	3900	3898	3871	3866	3766	3876	3888	3891	3881	3905	3900	3905	3881	3811	3873	3838	3862	3855	3914	3894	3861	3984	3860	3882	3882	3834	3864	3884	3896	3868	1090.914781
3626	3513	3570	3556	3596	3689	3685	3614	3575	3618	3662	3674	3561	3586	3554	3571	3564	3588	3552	3559	3550	3586	3567	3541	3605	3584	3603	3619	3494	3603	3617	3534	3590	3573	3582	3614	3472	3554	3532	3521	3508	3589	3559	3547	3478	3584	3477	3538	3545	3502	3579	3614	3502	3577	3550	3487	3574	3641	3612	3523	3614	3602	3552	3575	3644	3607	3659	3533	3661	3630	3527	3557	3567	3590	3572	3532	3554	3575	3473	3512	3539	3569	3603	3563	3604	3563	3559	3576	3659	3560	3686	3593	3546	3601	3591	3542	1093.668321
3473	3466	3435	3416	3366	3421	3424	3468	3437	3444	3447	3430	3395	3452	3443	3341	3424	3380	3391	3439	3436	3410	3394	3307	3394	3430	3367	3281	3440	3415	3451	3389	3416	3338	3381	3428	3409	3354	3370	3421	3359	3338	3393	3431	3445	3355	3365	3385	3441	3439	3481	3410	3343	3325	3356	3386	3446	3437	3349	3369	3410	3417	3360	3406	3330	3358	3452	3352	3406	3363	3339	3328	3396	3346	3374	3351	3370	3340	3350	3318	3297	3389	3429	3403	3359	3313	3380	3420	3404	3352	3341	3316	3303	3408	3426	3320	1096.420561
3276	3262	3415	3339	3330	3376	3352	3344	3292	3417	3366	3353	3292	3327	3270	3338	3423	3382	3320	3292	3309	3337	3364	3345	3353	3378	3299	3310	3352	3379	3323	3381	3345	3361	3354	3330	3346	3270	3330	3288	3324	3276	3363	3288	3307	3337	3374	3272	3288	3291	3355	3386	3282	3301	3348	3357	3263	3357	3296	3216	3374	3397	3336	3328	3334	3345	3331	3396	3366	3379	3343	3326	3351	3367	3317	3311	3322	3345	3330	3274	3350	3333	3317	3285	3409	3389	3383	3327	3283	3322	3353	3357	3355	3405	3370	3318	1099.157951
3332	3350	3311	3473	3284	3390	3393	3395	3300	3347	3335	3407	3385	3336	3397	3305	3305	3305	3314	3346	3294	3347	3337	3286	3451	3373	3263	3282	3392	3283	3422	3399	3476	3373	3354	3369	3321	3351	3265	3265	3302	3321	3318	3327	3293	3324	3261	3326	3266	3332	3360	3253	3332	3277	3311	3361	3369	3316	3298	3329	3405	3306	3301	3413	3387	3349	3296	3271	3370	3347	3276	3346	3303	3298	3306	3348	3334	3319	3270	3266	3335	3431	3415	3337	3416	3326	3355	3362	3274	3330	3333	3371	3325	3315	3349	3359	1101.894054
3341	3275	3301	3413	3267	3286	3366	3385	3373	3366	3381	3389	3342	3321	3370	3366	3310	3392	3318	3367	3369	3333	3338	3341	3392	3389	3490	3310	3417	3336	3360	3415	3376	3280	3297	3377	3333	3219	3292	3330	3330	3362	3342	3354	3373	3368	3299	3314	3322	3363	3385	3346	3334	3253	3369	3419	3326	3389	3402	3328	3340	3281	3338	3325	3298	3290	3356	3341	3353	3260	3316	3320	3325	3299	3264	3379	3247	3268	3248	3292	3332	3283	3343	3271	3260	3333	3352	3296	3373	3363	3405	3395	3332	3295	3364	3261	1104.642407
3342	3373	3299	3379	3314	3317	3401	3265	3276	3365	3399	3365	3393	3231	3367	3342	3373	3320	3246	3277	3278	3237	3287	3305	3305	3344	3375	3372	3402	3245	3377	3319	3368	3306	3342	3409	3257	3225	3246	3385	3312	3305	3266	3209	3341	3339	3351	3283	3382	3276	3272	3289	3278	3330	3215	3253	3286	3256	3328	3320	3275	3347	3297	3364	3356	3317	3304	3269	3284	3309	3216	3306	3351	3335	3364	3264	3268	3305	3199	3361	3289	3344	3264	3282	3316	3366	3369	3323	3333	3317	3310	3303	3306	3334	3301	3283	1107.375933
3215	3290	3184	3324	3361	3254	3235	3277	3215	3291	3324	3246	3159	3257	3257	3270	3190	3306	3203	3202	3166	3285	3264	3213	3300	3242	3297	3234	3274	3267	3235	3295	3332	3277	3210	3208	3162	3192	3213	3218	3189	3223	3305	3272	3283	3262	3248	3233	3175	3223	3247	3188	3317	3208	3265	3229	3195	3177	3269	3200	3146	3360	3280	3147	3210	3212	3206	3234	3334	3193	3182	3159	3252	3243	3232	3229	3189	3260	3225	3240	3215	3194	3280	3259	3293	3227	3298	3237	3276	3204	3158	3298	3264	3276	3195	3156	1110.108175
3183	3159	3208	3181	3109	3189	3146	3115	3136	3196	3208	3137	3204	3090	3089	3120	3162	3114	3064	3146	3139	3108	3070	3137	3100	3171	3140	3057	3164	3133	3174	3161	3166	3118	3122	3193	3058	3014	3100	3082	3153	3108	3095	3173	3214	3061	3107	3103	3143	3219	3073	3148	3106	3126	3137	3114	3116	3052	3138	3260	3135	3066	3122	3137	3137	3165	3030	3118	3199	3186	3083	3050	3201	3181	3112	3146	3116	3112	3049	3142	3124	3182	3104	3115	3143	3066	3121	3167	3158	3222	3029	3177	3122	3156	3218	3065	1112.839133
3057	3058	3091	3142	3079	3059	3094	3112	3073	3106	3117	3094	3044	3048	3028	3055	3113	3020	3026	3056	2944	3027	3032	3013	3081	3110	3072	3064	3076	3035	3085	3108	3047	3163	3112	3061	3033	3019	2984	3045	2995	3031	2974	3023	3068	3105	3053	3034	3041	3007	3068	2989	3029	3056	3015	2975	3042	3027	3027	3073	3083	3016	2977	3025	3055	3073	2986	3042	3086	3025	3018	3014	3040	3056	3019	3066	3027	3025	3067	3040	3028	3077	3051	3049	3120	3040	2985	3067	3020	3117	3015	2982	3008	3090	3072	3074	1115.568809
3025	2996	3083	3144	3051	3051	3025	3068	3067	3130	3046	2943	3064	3036	3022	3118	3049	2994	2974	3006	3057	3034	2970	3009	3031	2987	3049	3070	3000	3015	3041	3002	3088	2992	3085	2971	2972	2998	2923	3031	3012	2913	2899	2920	2948	3000	3015	2972	2970	3121	3047	2980	3008	2987	3055	2960	2979	2989	3048	3042	3051	2956	3012	3021	3025	3065	3038	2958	3022	2994	2944	3035	3018	3025	3000	3027	2933	3037	2989	3000	2965	2976	3056	2967	3073	2989	3013	3049	3080	3028	2962	2988	3072	3038	2865	3056	1118.297204
3033	3056	3041	3148	3005	3024	3118	3098	3041	3018	3176	3041	3002	3004	3013	3041	3047	3038	3069	3061	3009	2984	3071	2991	3046	3059	3024	2980	3056	3152	3074	3020	3046	3030	3083	3106	2974	2978	3042	3011	3031	3015	2992	2991	3002	3059	3009	3113	3002	3001	2985	2955	3069	3038	2959	2972	3052	3042	3023	3028	3031	3050	3106	3088	3071	3048	3059	3002	3079	3042	3040	2950	3077	2969	3076	2989	3003	3038	3018	3048	2991	2988	3014	3047	3032	3011	3079	3025	3019	3042	3047	2989	2924	3040	3041	2993	1121.024318
2998	3115	3151	3095	3141	3054	3067	3145	3042	3046	3129	3032	3052	3036	3098	2964	3032	3142	3088	2987	3047	3058	3087	3086	3084	3077	3041	3067	3026	3060	3022	3047	2968	3034	3150	3170	3031	3056	2969	3019	3030	3096	3106	2973	3098	3077	3009	3034	3044	3043	3023	3022	2974	3040	3040	3052	3061	3058	3103	3057	3089	3098	3087	3099	3084	3066	3096	2978	3113	3019	3042	3027	3095	3006	3145	3030	3116	3038	3033	3052	3046	3019	3124	3004	3146	3113	3067	3114	3138	3036	3077	3042	3063	3097	3027	3087	1123.750152
3093	3144	3075	3197	3103	3190	3134	3159	3073	3164	3165	3181	3098	3056	3009	3048	3115	3051	3043	2989	3085	3034	3122	3101	3112	3197	3169	3055	3124	3135	3180	3155	3112	3109	3163	3104	3065	3024	3054	3052	3058	3106	3036	3077	3175	3053	3149	3014	3106	3146	3117	3058	3041	3094	3087	3115	3062	3082	3056	3067	3101	3016	3082	3166	3127	3047	3059	3085	3057	3143	3108	3027	3151	3091	3137	3048	3123	3025	3110	3138	3011	3112	3125	3123	3190	3059	3025	3047	3071	3140	3140	3162	3112	3175	3160	3104	1126.474707
3156	3164	3184	3256	3160	3139	3054	3196	3224	3210	3305	3113	3108	3072	3141	3205	3169	3133	3111	3098	3134	3062	3107	3068	3138	3108	3223	3190	3211	3089	3188	3074	3116	3145	3092	3138	3086	3105	3090	3124	3100	3078	3150	3159	3155	3131	3114	3121	3116	3108	3139	3128	3134	3023	3104	3151	3106	3192	3162	3188	3066	3105	3148	3134	3209	3167	3158	3102	3136	3153	3110	3143	3116	3166	3108	3098	3130	3131	3107	3071	3024	3204	3105	3188	3109	3093	3211	3209	3175	3107	3136	3097	3111	3147	3136	3136	1129.184506
3203	3258	3226	3232	3183	3189	3189	3153	3194	3254	3262	3198	3142	3159	3270	3179	3215	3216	3183	3136	3278	3194	3128	3215	3176	3266	3206	3147	3206	3195	3238	3188	3229	3220	3148	3194	3123	3185	3154	3131	3191	3147	3191	3140	3121	3175	3265	3225	3201	3167	3189	3225	3148	3138	3185	3107	3093	3145	3111	3223	3126	3136	3136	3177	3229	3173	3192	3198	3205	3091	3140	3132	3154	3219	3212	3217	3277	3136	3162	3263	3164	3145	3260	3238	3175	3204	3199	3107	3120	3231	3133	3172	3148	3220	3167	3182	1131.906513
3289	3249	3189	3250	3241	3279	3345	3281	3246	3226	3388	3220	3186	3178	3207	3203	3245	3152	3254	3162	3217	3241	3160	3272	3280	3311	3250	3197	3239	3173	3226	3168	3270	3172	3328	3239	3213	3127	3158	3212	3235	3219	3310	3195	3204	3250	3194	3175	3231	3178	3180	3264	3160	3196	3197	3217	3210	3236	3233	3241	3183	3238	3268	3256	3232	3195	3275	3258	3199	3184	3196	3188	3195	3219	3152	3188	3229	3119	3191	3205	3225	3202	3214	3271	3212	3261	3245	3164	3224	3229	3261	3269	3197	3243	3223	3233	1134.613778
3301	3294	3250	3229	3256	3295	3237	3332	3287	3362	3265	3271	3236	3271	3198	3164	3265	3230	3193	3300	3249	3240	3270	3177	3219	3233	3186	3162	3246	3311	3242	3245	3218	3326	3237	3330	3236	3177	3178	3222	3253	3278	3297	3243	3255	3212	3176	3226	3199	3261	3207	3166	3234	3196	3221	3213	3138	3169	3292	3150	3291	3225	3231	3284	3279	3181	3248	3220	3302	3185	3200	3254	3213	3155	3251	3212	3205	3323	3207	3291	3221	3262	3329	3304	3299	3270	3229	3251	3356	3293	3202	3237	3140	3253	3265	3245	1137.33324
3267	3313	3196	3342	3247	3262	3220	3350	3209	3252	3274	3211	3238	3175	3211	3254	3215	3305	3208	3197	3173	3248	3175	3154	3252	3308	3205	3265	3183	3278	3213	3263	3213	3212	3259	3311	3214	3143	3223	3218	3297	3186	3208	3200	3196	3210	3219	3256	3197	3217	3256	3219	3249	3188	3198	3160	3228	3218	3190	3237	3233	3239	3236	3233	3150	3107	3199	3209	3238	3175	3213	3127	3296	3180	3257	3201	3135	3283	3173	3194	3146	3220	3200	3184	3155	3226	3219	3226	3224	3237	3279	3203	3231	3222	3220	3195	1140.037974
3133	3210	3163	3256	3122	3167	3244	3267	3227	3315	3284	3182	3145	3192	3110	3222	3081	3167	3244	3165	3191	3094	3132	3178	3158	3179	3152	3171	3160	3190	3139	3177	3131	3175	3196	3153	3124	3163	3098	3230	3149	3223	3161	3122	3191	3125	3131	3180	3238	3180	3176	3224	3167	3137	3082	3123	3172	3123	3251	3162	3099	3173	3158	3230	3128	3150	3167	3135	3177	3190	3143	3137	3183	3130	3250	3183	3227	3116	3115	3155	3154	3191	3099	3191	3178	3246	3157	3141	3277	3110	3205	3170	3189	3205	3202	3197	1142.741448
3174	3121	3135	3175	3084	3132	3121	3141	3131	3149	3171	3112	3147	3092	3157	3175	3149	3115	3136	3132	3111	3157	3123	3039	3052	3110	3128	3119	3103	3082	3150	3163	3199	3201	3113	3171	3075	3053	3053	3007	3083	3149	3118	3132	3030	3035	3091	3076	3112	3061	3035	3112	3060	3090	3170	3141	3125	3109	3091	3087	3118	3127	3132	3116	3099	3137	3114	3082	3106	3098	3053	3036	3073	3095	3161	3127	3081	3122	3141	3105	3117	3048	3081	3168	3162	3072	3094	3147	3146	3131	3095	3108	3064	3119	3115	3139	1145.443661
3046	2994	3076	2952	2978	3009	3099	3071	3087	3034	3063	3109	2993	3047	3039	3142	3074	3066	3068	2974	3035	2998	2992	3034	3068	3075	2923	3051	2930	3051	3032	3068	3012	2941	3039	3088	2902	3027	2986	2988	2986	2972	2988	3058	3027	2943	2978	2959	2974	2983	3012	3022	2994	2967	3015	3059	2927	3062	3087	3038	2957	3037	2927	3073	3035	3037	2924	3011	3032	2931	2938	2958	2992	2983	3024	2945	3056	2997	3024	2909	2981	2985	3015	2994	2972	2964	2967	2976	3094	3010	2986	2970	3006	3032	3075	3022	1148.144615
2949	2948	2961	3024	2954	2913	2939	2951	2976	2988	2996	2898	2932	2891	2980	2932	2856	2998	2968	2970	2951	2973	2854	2988	3000	2986	2970	2893	2969	2950	2959	2923	3033	2908	2884	2901	2938	2819	2831	2967	2976	2900	2910	2925	2927	2852	2894	2859	2961	2884	2925	2881	2932	2974	2874	2935	2898	2886	2923	2919	2838	2876	2873	2939	2929	2998	2941	2938	2967	2956	2890	2829	2904	2932	2963	2940	2959	2884	2951	2889	2911	2974	2905	2867	3000	2955	2888	2967	2911	2987	3012	2908	2932	2866	2897	2917	1150.844312
2870	2810	2793	2944	2864	2861	2841	2828	2849	2846	3004	2773	2818	2752	2826	2899	2793	2797	2806	2803	2855	2866	2825	2766	2801	2880	2860	2844	2843	2821	2865	2949	2870	2869	2801	2782	2725	2761	2807	2800	2810	2803	2742	2825	2794	2890	2758	2791	2811	2820	2855	2772	2858	2821	2798	2884	2812	2765	2780	2878	2791	2769	2845	2814	2833	2889	2815	2801	2838	2833	2818	2791	2808	2840	2810	2793	2769	2851	2882	2792	2805	2816	2880	2784	2774	2851	2816	2848	2826	2838	2820	2852	2857	2786	2798	2801	1153.54275
2795	2809	2748	2786	2788	2703	2738	2766	2704	2770	2835	2763	2730	2731	2728	2728	2748	2772	2715	2732	2766	2727	2723	2728	2759	2711	2791	2754	2729	2669	2789	2716	2776	2774	2693	2799	2606	2680	2693	2695	2717	2731	2785	2757	2690	2756	2765	2697	2714	2728	2722	2687	2685	2753	2747	2701	2712	2811	2736	2735	2722	2705	2759	2700	2728	2672	2736	2732	2727	2669	2631	2735	2791	2785	2691	2678	2730	2736	2708	2761	2713	2754	2647	2722	2701	2793	2754	2743	2765	2620	2743	2675	2737	2716	2754	2701	1156.239933
2594	2769	2650	2732	2648	2666	2682	2668	2699	2709	2742	2653	2611	2636	2623	2633	2643	2660	2688	2634	2630	2659	2602	2649	2672	2643	2643	2630	2639	2628	2617	2611	2681	2578	2713	2675	2506	2584	2628	2647	2617	2584	2668	2576	2610	2585	2614	2600	2652	2650	2593	2530	2608	2647	2587	2605	2663	2631	2604	2602	2601	2626	2665	2666	2695	2651	2621	2664	2665	2601	2587	2527	2626	2609	2645	2606	2709	2700	2634	2667	2598	2606	2646	2593	2674	2624	2660	2641	2679	2647	2633	2623	2578	2637	2585	2626	1158.92245
2529	2508	2518	2591	2677	2521	2615	2553	2518	2632	2650	2570	2496	2550	2491	2515	2580	2572	2576	2582	2529	2513	2592	2619	2539	2534	2607	2638	2614	2549	2574	2603	2515	2568	2503	2645	2464	2490	2520	2549	2504	2553	2540	2564	2540	2549	2561	2517	2580	2555	2511	2480	2552	2569	2563	2448	2460	2549	2594	2537	2504	2553	2551	2570	2551	2615	2488	2537	2613	2563	2466	2581	2594	2552	2548	2578	2533	2550	2527	2563	2554	2610	2576	2513	2532	2587	2529	2547	2510	2557	2563	2593	2479	2535	2584	2612	1161.617128
2496	2504	2512	2621	2499	2554	2480	2554	2483	2498	2527	2595	2487	2492	2527	2471	2498	2554	2485	2536	2429	2511	2545	2436	2519	2518	2496	2502	2523	2475	2505	2601	2503	2514	2464	2554	2505	2415	2421	2481	2490	2466	2397	2467	2486	2440	2505	2422	2521	2495	2473	2455	2415	2452	2462	2431	2484	2396	2504	2531	2462	2492	2536	2514	2477	2503	2473	2501	2513	2450	2495	2422	2443	2435	2430	2447	2493	2487	2480	2449	2491	2548	2497	2514	2522	2515	2505	2509	2581	2512	2531	2502	2485	2539	2411	2493	1164.297156
2427	2429	2467	2471	2457	2477	2450	2511	2480	2428	2528	2512	2438	2417	2444	2480	2458	2403	2418	2372	2508	2446	2378	2425	2450	2434	2438	2459	2506	2415	2490	2478	2492	2446	2459	2509	2374	2386	2440	2433	2467	2391	2458	2451	2386	2413	2427	2380	2420	2524	2447	2387	2435	2355	2452	2396	2435	2455	2427	2448	2485	2453	2353	2432	2442	2433	2430	2399	2445	2445	2399	2367	2483	2459	2396	2407	2373	2386	2418	2416	2359	2407	2427	2485	2504	2437	2474	2426	2408	2399	2438	2413	2440	2469	2378	2417	1166.989334
2342	2353	2401	2437	2444	2402	2478	2502	2339	2417	2491	2377	2389	2444	2328	2432	2348	2427	2364	2453	2411	2353	2413	2327	2432	2373	2365	2372	2354	2400	2411	2363	2433	2418	2376	2436	2336	2329	2347	2462	2375	2386	2406	2330	2385	2376	2356	2397	2423	2361	2450	2370	2397	2389	2434	2439	2430	2349	2348	2392	2474	2372	2386	2387	2474	2401	2368	2373	2380	2340	2300	2364	2366	2355	2379	2407	2421	2395	2385	2338	2414	2366	2340	2402	2359	2450	2464	2401	2313	2403	2467	2417	2361	2342	2390	2344	1169.666875
2362	2355	2371	2444	2425	2445	2449	2469	2431	2452	2497	2380	2388	2403	2429	2375	2484	2449	2406	2387	2376	2400	2399	2393	2398	2398	2377	2303	2364	2418	2431	2390	2390	2389	2480	2431	2276	2300	2356	2380	2342	2355	2395	2358	2380	2361	2329	2319	2360	2275	2392	2310	2392	2324	2371	2347	2343	2324	2379	2420	2364	2341	2374	2353	2414	2371	2330	2408	2373	2391	2365	2354	2308	2370	2307	2318	2392	2387	2347	2368	2398	2412	2400	2379	2378	2367	2370	2375	2473	2469	2329	2376	2316	2361	2390	2456	1172.343177
2393	2457	2411	2454	2429	2409	2419	2471	2454	2440	2508	2464	2459	2352	2349	2472	2480	2466	2418	2461	2367	2446	2388	2395	2435	2446	2397	2464	2429	2380	2439	2492	2431	2427	2398	2422	2352	2369	2346	2442	2377	2383	2331	2364	2476	2369	2398	2418	2443	2461	2400	2384	2368	2409	2411	2434	2454	2399	2374	2349	2403	2389	2414	2405	2399	2539	2411	2349	2447	2381	2373	2406	2383	2432	2457	2443	2446	2361	2372	2442	2387	2428	2430	2444	2441	2434	2409	2394	2444	2484	2367	2364	2397	2427	2454	2404	1175.031614
2539	2492	2541	2578	2464	2477	2471	2583	2493	2530	2624	2513	2483	2453	2420	2415	2472	2550	2470	2480	2459	2449	2468	2526	2473	2490	2479	2453	2465	2572	2486	2458	2526	2511	2497	2476	2384	2327	2394	2468	2510	2472	2500	2512	2333	2457	2466	2425	2473	2487	2367	2393	2421	2492	2407	2363	2437	2460	2437	2448	2501	2442	2452	2480	2482	2468	2479	2448	2394	2443	2404	2405	2463	2512	2492	2472	2422	2434	2422	2418	2400	2491	2421	2439	2562	2416	2467	2438	2523	2491	2491	2448	2446	2450	2404	2455	1177.705435
2480	2545	2540	2582	2462	2585	2551	2580	2547	2597	2659	2499	2482	2525	2490	2528	2454	2556	2512	2536	2599	2489	2515	2523	2591	2537	2571	2550	2500	2477	2531	2508	2592	2562	2593	2564	2430	2452	2519	2519	2509	2439	2535	2447	2479	2568	2454	2491	2550	2488	2593	2434	2496	2487	2492	2546	2494	2487	2585	2532	2440	2552	2514	2483	2512	2492	2493	2475	2501	2414	2501	2418	2557	2503	2459	2499	2478	2459	2467	2467	2473	2534	2515	2499	2557	2537	2520	2485	2519	2508	2532	2460	2524	2472	2520	2595	1180.37802
2501	2503	2471	2594	2553	2532	2589	2583	2476	2544	2592	2542	2486	2445	2558	2451	2500	2437	2526	2512	2505	2523	2526	2488	2525	2526	2525	2508	2461	2519	2514	2528	2474	2494	2528	2553	2453	2430	2443	2507	2457	2521	2584	2489	2478	2552	2471	2460	2537	2541	2540	2519	2520	2551	2496	2504	2489	2550	2504	2493	2496	2578	2472	2560	2577	2516	2471	2477	2478	2461	2494	2501	2516	2477	2459	2442	2506	2476	2502	2506	2463	2479	2511	2541	2574	2487	2529	2490	2509	2502	2441	2523	2522	2521	2489	2553	1183.049369
2430	2501	2474	2478	2455	2446	2571	2484	2498	2524	2528	2489	2467	2489	2452	2512	2464	2503	2487	2448	2467	2521	2454	2504	2463	2559	2491	2449	2445	2428	2469	2488	2477	2520	2414	2547	2372	2370	2407	2481	2441	2510	2434	2424	2431	2465	2456	2491	2468	2462	2493	2438	2359	2437	2454	2420	2460	2432	2442	2425	2466	2536	2452	2493	2491	2407	2418	2496	2434	2440	2425	2354	2446	2457	2458	2470	2423	2443	2488	2458	2460	2416	2447	2487	2447	2420	2463	2506	2500	2454	2461	2442	2455	2505	2398	2524	1185.719485
2415	2409	2406	2506	2435	2447	2460	2454	2469	2552	2548	2442	2477	2363	2411	2487	2474	2463	2438	2456	2471	2368	2366	2419	2509	2397	2387	2404	2460	2452	2472	2438	2459	2450	2422	2432	2395	2400	2392	2331	2468	2446	2464	2385	2373	2407	2409	2417	2410	2373	2410	2418	2444	2357	2387	2367	2387	2402	2398	2390	2427	2405	2385	2444	2503	2450	2410	2431	2382	2446	2370	2393	2406	2396	2410	2355	2376	2369	2393	2346	2418	2425	2387	2396	2423	2431	2338	2472	2429	2391	2428	2398	2370	2406	2345	2407	1188.375025
2384	2357	2407	2422	2378	2364	2482	2428	2332	2405	2517	2360	2429	2315	2349	2417	2384	2362	2393	2369	2445	2367	2322	2386	2361	2406	2401	2350	2361	2312	2376	2315	2363	2399	2370	2427	2247	2304	2286	2336	2382	2375	2308	2398	2389	2340	2416	2442	2363	2389	2406	2352	2302	2356	2335	2410	2371	2404	2323	2375	2332	2301	2353	2330	2305	2386	2395	2361	2387	2318	2357	2255	2363	2326	2303	2309	2376	2298	2313	2400	2395	2344	2300	2396	2346	2375	2392	2340	2350	2422	2390	2392	2383	2344	2414	2311	1191.042679
2269	2347	2283	2361	2315	2281	2339	2417	2299	2386	2413	2323	2301	2228	2267	2305	2267	2305	2323	2325	2359	2330	2336	2295	2325	2387	2315	2242	2292	2259	2304	2358	2271	2365	2352	2307	2266	2190	2207	2235	2303	2275	2307	2319	2242	2284	2322	2246	2290	2351	2363	2321	2271	2298	2314	2297	2302	2307	2247	2239	2260	2313	2286	2316	2335	2257	2291	2260	2252	2257	2313	2240	2247	2277	2278	2235	2247	2228	2256	2245	2255	2283	2221	2337	2330	2221	2334	2317	2327	2268	2287	2265	2281	2283	2230	2292	1193.709102
2189	2218	2311	2318	2240	2266	2295	2225	2263	2299	2383	2262	2234	2242	2167	2235	2267	2322	2175	2244	2175	2207	2275	2216	2283	2245	2289	2251	2252	2275	2210	2201	2289	2209	2201	2243	2214	2199	2212	2216	2206	2239	2189	2291	2207	2229	2221	2242	2233	2258	2298	2272	2238	2224	2212	2210	2240	2204	2198	2240	2296	2236	2171	2224	2243	2253	2227	2238	2228	2197	2169	2257	2211	2237	2201	2254	2232	2193	2270	2299	2214	2253	2203	2224	2239	2247	2255	2267	2245	2217	2209	2254	2233	2186	2149	2236	1196.360971
2161	2171	2140	2236	2226	2193	2244	2224	2223	2199	2277	2194	2201	2125	2187	2196	2155	2178	2224	2201	2215	2218	2116	2210	2172	2178	2189	2230	2236	2217	2167	2171	2212	2198	2190	2230	2128	2119	2084	2175	2167	2169	2199	2209	2182	2159	2211	2144	2170	2247	2112	2189	2129	2159	2181	2212	2186	2198	2124	2274	2224	2188	2146	2240	2243	2162	2220	2158	2196	2104	2119	2147	2203	2177	2189	2158	2186	2136	2129	2254	2175	2217	2203	2161	2161	2170	2227	2149	2250	2172	2162	2165	2226	2152	2153	2164	1199.024939
2136	2124	2160	2219	2161	2100	2215	2260	2119	2209	2293	2170	2109	2128	2127	2134	2141	2187	2127	2209	2122	2145	2108	2103	2222	2174	2156	2139	2125	2086	2171	2162	2095	2133	2182	2141	2060	2060	2062	2125	2088	2150	2208	2151	2162	2135	2111	2135	2129	2181	2079	2135	2127	2121	2138	2127	2121	2156	2119	2104	2192	2067	2147	2113	2122	2155	2123	2150	2171	2121	2118	2031	2141	2125	2078	2077	2129	2142	2104	2157	2092	2170	2152	2092	2158	2098	2133	2169	2074	2136	2061	2096	2102	2155	2110	2133	1201.674367
2127	2156	2095	2213	2092	2130	2145	2248	2149	2077	2194	2132	2120	2151	2125	2145	2111	2118	2092	2112	2103	2120	2177	2167	2030	2108	2087	2144	2180	2125	2119	2152	2143	2117	2109	2117	2037	2010	2137	2047	2092	2087	2093	2069	2087	2156	2074	2052	2157	2148	2093	2132	2084	2123	2085	2096	2159	2033	2149	2109	2057	2104	2092	2080	2105	2058	2099	2104	2152	2059	2087	2087	2125	2169	2095	2041	2096	2172	2118	2094	2045	2096	2194	2143	2072	2105	2169	2121	2079	2139	2074	2131	2114	2144	2059	2097	1204.322578
2099	2061	2127	2095	2080	2070	2140	2129	2051	2194	2268	2143	2007	2037	2089	2139	2170	2104	2140	2091	2112	2137	2087	2065	2176	2149	2157	2094	2178	2120	2061	2113	2149	2139	2110	2054	2008	2086	2011	2106	2140	2043	2115	2020	2033	2106	2020	2078	2065	2105	2152	2061	2096	2111	2076	2039	2061	2095	2089	2118	2123	2055	2110	2122	2106	2037	2024	2104	2103	1990	2091	2083	2055	2113	2068	2021	2063	2057	2055	2049	2075	2074	2063	2071	2052	2027	2099	2078	2124	2085	2098	2111	2062	2103	2118	2126	1206.969574
2051	2052	2050	2152	2075	2068	2103	2134	2052	2176	2299	2143	2097	2118	2093	2077	2106	2019	2039	2117	2063	2072	2038	2058	2081	2064	2032	2120	2120	2059	2102	2079	2111	2136	2057	2087	2060	1972	2010	2023	2064	2023	2115	2038	2052	2088	2006	2099	2014	2098	2060	2055	2026	2106	2103	2073	2065	2079	2047	2082	2047	2031	2122	2119	2122	2086	2083	2083	2102	2002	2000	1991	2108	2038	2068	2045	2099	2033	2083	2107	2121	2033	2142	2082	2092	2080	2077	2153	2063	2107	2095	2137	2075	2049	2032	2054	1209.628648
2083	2075	2066	2132	2084	2109	2066	2119	2086	2149	2211	2067	2129	2119	2075	2086	2101	2045	2114	2074	2022	2038	2084	2082	2075	2121	2061	2103	2075	2076	2103	2108	2088	2151	2090	2082	2020	2059	1973	2111	2011	2070	2111	2058	2077	2037	2068	2079	2131	2027	2100	2097	2114	2071	2038	2042	2100	2095	2083	2107	2112	2096	2052	2069	2167	2029	2125	2075	2070	1985	2056	2043	2072	2052	2061	2116	2062	2061	2006	2092	2059	2077	2056	2044	2107	2108	2058	2082	2063	2072	2049	2050	2036	2126	2071	2088	1212.273209
2096	2053	2045	2192	2122	2102	2094	2174	2065	2118	2249	2120	2014	2101	2120	2143	2176	2088	2039	2077	2091	2004	2064	2046	2070	2117	2112	2101	2107	2082	2114	2178	2070	2181	2079	2095	2027	2043	2029	2059	2075	2056	2083	2041	2071	2049	2072	2080	2097	2112	2039	2067	1994	2032	2097	2067	2130	2058	2140	2039	2078	2131	2072	2095	2066	2123	2076	2001	1957	2039	2038	2009	2065	2093	2074	2080	2117	2093	2096	2035	2101	2085	2112	2048	2206	2139	2126	2057	2061	2093	2079	2074	2096	2076	2087	2065	1214.916558
2108	2023	2101	2220	2136	2107	2242	2163	2080	2151	2195	2109	2095	2068	2092	2099	2156	2097	2091	2096	2116	2117	2067	2118	2086	2123	2126	2064	2131	2095	2123	2141	2104	2089	2079	2143	1958	2069	2010	2074	2081	2082	2069	2046	2100	2069	2054	2051	2097	2076	2130	2067	2124	2110	2091	2018	2043	2131	2066	2083	2066	2038	2130	2097	2091	2094	2088	2110	2068	2020	2107	2055	2101	2039	2126	2154	2081	2083	2080	2026	2066	2087	2097	2049	2116	2086	2095	2129	2137	2145	2102	2086	2041	2123	2037	2105	1217.54542
2125	2099	2143	2200	2125	2185	2183	2162	2105	2219	2230	2098	2050	2112	2158	2136	2088	2137	2100	2118	2150	2075	2148	2144	2182	2118	2143	2097	2096	2072	2153	2098	2138	2132	2083	2127	2077	2037	2021	2114	2086	2084	2100	2117	2075	2125	2100	2101	2150	2096	2135	2150	2096	2127	2116	2077	2155	2080	2113	2105	2130	2075	2125	2164	2145	2115	2049	2095	2067	2059	2134	2090	2103	2103	2111	2037	2088	2131	2084	2080	2006	2048	2115	2057	2060	2117	2090	2174	2113	2113	2163	2092	2138	2135	2135	2149	1220.186351
2076	2130	2119	2187	2119	2126	2177	2179	2098	2221	2287	2155	2093	2099	2045	2086	2116	2146	2179	2138	2146	2106	2154	2109	2133	2112	2174	2087	2135	2164	2107	2227	2078	2159	2148	2153	2069	2070	2078	2111	2138	2052	2074	2118	2135	2034	2101	2117	2135	2109	2191	2153	2060	2134	2196	2098	2065	2137	2166	2121	2104	2098	2140	2116	2144	2148	2085	2108	2100	2071	2026	2107	2074	2088	2055	2107	2061	2038	2129	2112	2140	2074	2148	2080	2128	2105	2140	2215	2125	2119	2089	2121	2058	2182	2096	2105	1222.826072
2136	2183	2165	2255	2112	2135	2240	2253	2181	2256	2281	2212	2108	2083	2144	2120	2162	2196	2193	2186	2157	2137	2159	2123	2152	2180	2153	2203	2153	2139	2115	2214	2167	2160	2138	2193	2079	2142	2119	2127	2150	2131	2151	2140	2145	2123	2141	2137	2109	2188	2178	2129	2143	2182	2150	2123	2164	2155	2162	2104	2110	2115	2166	2118	2206	2142	2182	2128	2126	2071	2041	2134	2112	2124	2123	2179	2112	2092	2179	2133	2122	2110	2187	2180	2113	2092	2145	2148	2174	2124	2139	2133	2118	2211	2182	2123	1225.464583
2195	2188	2120	2247	2194	2152	2269	2266	2133	2240	2327	2167	2184	2219	2130	2219	2247	2189	2148	2252	2187	2197	2189	2205	2301	2210	2274	2247	2171	2180	2188	2224	2154	2201	2193	2237	2152	2136	2139	2192	2206	2155	2195	2206	2170	2256	2178	2182	2187	2183	2192	2172	2198	2203	2156	2123	2161	2211	2149	2202	2194	2221	2120	2189	2182	2202	2205	2213	2177	2162	2118	2143	2188	2167	2169	2152	2132	2180	2147	2176	2151	2134	2069	2201	2202	2229	2240	2194	2195	2130	2220	2221	2156	2182	2180	2199	1228.088636
2266	2274	2259	2290	2252	2211	2346	2314	2226	2302	2313	2236	2255	2289	2269	2339	2241	2260	2248	2224	2258	2230	2224	2283	2236	2270	2295	2289	2324	2273	2259	2253	2269	2264	2219	2254	2135	2178	2156	2255	2234	2238	2196	2223	2242	2224	2232	2164	2288	2279	2274	2261	2270	2247	2258	2223	2207	2270	2233	2267	2201	2287	2189	2218	2275	2270	2248	2212	2274	2223	2206	2196	2217	2280	2255	2210	2224	2244	2226	2247	2185	2250	2273	2273	2242	2245	2260	2229	2281	2211	2232	2205	2201	2228	2172	2265	1230.724736
2329	2250	2341	2365	2339	2349	2383	2401	2301	2409	2414	2328	2352	2327	2275	2284	2326	2295	2325	2391	2306	2302	2336	2337	2343	2329	2312	2297	2332	2276	2335	2311	2338	2340	2311	2309	2287	2303	2313	2252	2292	2294	2306	2297	2349	2303	2294	2284	2293	2360	2304	2318	2297	2335	2293	2338	2317	2266	2334	2342	2301	2252	2243	2328	2339	2366	2300	2248	2302	2229	2223	2201	2324	2309	2317	2309	2333	2254	2331	2277	2300	2331	2243	2265	2325	2290	2270	2403	2272	2336	2333	2380	2296	2307	2315	2357	1233.346392
2394	2359	2407	2477	2366	2457	2482	2439	2418	2437	2549	2384	2323	2393	2343	2403	2358	2411	2415	2371	2401	2345	2404	2385	2396	2442	2427	2393	2340	2413	2433	2390	2369	2401	2389	2384	2291	2364	2346	2369	2361	2316	2404	2379	2299	2363	2346	2360	2427	2452	2387	2373	2434	2314	2307	2415	2329	2317	2334	2318	2401	2368	2341	2390	2475	2400	2387	2364	2338	2370	2301	2391	2414	2363	2364	2408	2385	2327	2384	2362	2356	2378	2442	2331	2409	2373	2394	2339	2403	2412	2411	2336	2393	2379	2348	2370	1235.966854
2455	2469	2478	2494	2443	2447	2485	2502	2415	2520	2557	2500	2418	2439	2425	2432	2458	2395	2405	2468	2469	2487	2427	2471	2470	2446	2500	2426	2458	2368	2455	2448	2492	2417	2484	2474	2391	2382	2348	2477	2458	2361	2401	2447	2450	2359	2376	2414	2460	2398	2455	2437	2397	2381	2503	2507	2418	2467	2544	2368	2426	2419	2415	2447	2520	2423	2489	2447	2439	2376	2416	2368	2442	2392	2402	2399	2410	2346	2424	2440	2381	2418	2460	2375	2439	2465	2421	2476	2389	2444	2418	2411	2356	2420	2427	2447	1238.599348
2539	2433	2407	2552	2530	2491	2588	2583	2486	2551	2663	2550	2467	2470	2586	2453	2504	2504	2520	2466	2481	2463	2498	2486	2517	2548	2536	2498	2503	2508	2473	2565	2452	2458	2505	2564	2449	2434	2405	2494	2470	2428	2481	2489	2451	2474	2414	2478	2496	2507	2543	2574	2511	2379	2440	2518	2522	2513	2560	2481	2413	2524	2421	2524	2433	2550	2533	2516	2483	2405	2425	2392	2411	2441	2485	2456	2431	2504	2459	2526	2434	2459	2450	2403	2493	2546	2532	2554	2454	2505	2565	2480	2491	2461	2483	2476	1241.217417
2563	2531	2524	2567	2590	2587	2655	2567	2549	2620	2723	2578	2527	2605	2517	2502	2538	2578	2471	2604	2547	2603	2591	2558	2550	2621	2528	2529	2523	2527	2535	2544	2604	2539	2567	2488	2497	2487	2454	2554	2568	2521	2547	2567	2576	2507	2486	2465	2550	2576	2550	2543	2584	2575	2586	2512	2529	2552	2553	2581	2542	2485	2521	2585	2580	2644	2568	2518	2581	2468	2545	2499	2580	2551	2528	2464	2597	2568	2538	2478	2527	2543	2524	2492	2550	2542	2562	2538	2554	2541	2600	2564	2515	2533	2607	2625	1243.834295
2680	2650	2616	2788	2748	2608	2655	2750	2684	2714	2765	2652	2627	2585	2587	2710	2644	2601	2623	2617	2586	4184	2589	2580	2651	2667	2582	2585	2617	2636	2610	2612	2647	2711	2654	2633	2489	2587	2573	2623	2629	2573	2564	2578	2574	2613	2611	2592	2582	2597	2630	2577	2704	2590	2625	2661	2583	2591	2602	2662	2636	2583	2636	2707	2648	2596	2646	2664	2606	2619	2549	2543	2604	2688	2628	2588	2643	2554	2614	2610	2572	2579	2704	2603	2636	2667	2649	2587	2611	2619	2580	2605	2602	2641	2557	2602	1246.449982
2678	2701	2743	2781	2728	2673	2814	2785	2740	2734	2863	2737	2718	2697	2652	2759	2769	2752	2738	2735	2702	5400	2642	2667	2700	2715	2834	2722	2692	2656	2778	2741	2717	2774	2730	2759	2708	2616	2681	2740	2779	2678	2702	2719	2710	2738	2654	2730	2728	2705	2707	2678	2685	2668	2683	2652	2696	2788	2698	2723	2677	2681	2720	2739	2776	2733	2790	2732	2737	2653	2621	2603	2729	2602	2675	2682	2760	2657	2666	2728	2711	2718	2746	2705	2648	2764	2707	2706	2722	2825	2693	2738	2724	2751	2713	2705	1249.064479
2819	2783	2773	2858	2811	2834	2962	2928	2792	2845	3008	2843	2782	2774	2784	2843	2814	2842	2839	2872	2874	2847	2753	2802	2803	2860	2902	2818	2759	2806	2783	2832	2782	2776	2837	2867	2785	2786	2753	2819	2779	2839	2778	2842	2805	2818	2781	2744	2838	2873	2854	2742	4180	2826	2794	2795	2772	2856	2799	2801	2751	2843	2784	2783	2852	2814	2846	2883	2864	2773	2728	2770	2834	2754	2796	2777	2832	2816	2848	2798	2863	2821	2799	2820	2814	2844	2819	2752	2838	2759	2819	2787	2779	2842	2787	2784	1251.664591
2926	2940	2940	3066	2956	2961	3071	3050	3093	3037	3141	3001	2956	2902	3037	2937	2926	2913	2952	2913	2939	2882	2932	2920	2921	2965	2993	2955	2943	2921	2947	2948	2994	3047	2912	3014	2895	2929	2875	3017	2906	2888	2926	2964	2921	2959	2983	2899	2948	2944	2953	2940	2910	2943	2919	2900	2964	3015	2933	2930	2944	2945	2963	2984	2958	2902	2948	2972	2952	2981	2869	2840	2923	2965	2966	2864	2971	2870	2966	2944	2939	2881	2880	2937	2945	3013	2995	2960	2984	3024	2943	2920	2911	2884	2984	2934	1254.276716
3183	3078	3156	3315	3209	3185	3210	3203	3209	3189	3322	3139	3067	3077	3172	3133	3126	3213	3076	3153	3143	3057	3139	3127	3114	3184	3047	3127	3105	3136	3171	3243	3180	3157	3147	3098	3174	3082	3086	3141	3168	3091	3090	3087	3120	3106	3136	3144	3168	3047	3152	3128	3153	3092	3072	3119	3167	3117	3114	3165	3189	3123	3158	3128	3147	3175	3129	3109	3147	3111	3065	3116	3188	3116	3158	3161	3119	3211	3174	3130	3160	3109	3094	3213	3106	3156	3165	3193	3151	3133	3082	3040	3065	3171	3129	3103	1256.887653
3419	3337	3447	3498	3442	3436	3481	3410	3404	3485	3560	3328	3387	3370	3354	3340	3384	3390	3388	3387	3378	3416	3332	3413	3423	3356	3418	3337	3343	3299	3383	3342	3295	3390	3366	3340	3304	3293	3235	3395	3354	3323	3409	3445	3372	3352	3252	3238	3390	3380	3277	3391	3374	3297	3467	3384	3327	3304	3454	3467	3343	3344	3393	3324	3292	3327	3474	3334	3383	3328	3301	3343	3360	3350	3242	3378	3274	3382	3287	3456	3375	3305	3403	3390	3331	3330	3446	3326	3392	3289	3395	3395	3369	3399	3371	3423	1259.484226
3679	3595	3593	3696	3608	3559	3669	3639	3697	3602	3658	3587	3595	3604	3538	3689	3657	3599	3601	3529	3661	3517	3599	3545	3595	3567	3559	3621	3596	3618	3588	3543	3564	3604	3600	3615	3437	3464	3499	3547	3528	3595	3559	3591	3566	3570	3539	3523	3579	3586	3634	3526	3598	3478	3522	3553	3478	3542	3565	3558	3551	3477	3575	3555	3590	3552	3610	3588	3515	3524	3559	3532	3501	3517	3543	3604	3480	3504	3617	3548	3572	3596	3558	3633	3521	3560	3580	3584	3511	3503	3589	3603	3591	3578	3599	3697	1262.092796
3674	3699	3782	3726	3635	3629	3796	3828	3654	3763	3896	3717	3710	3604	3760	3653	3687	3625	3601	3675	3660	3699	3601	3710	3585	3694	3607	3657	3699	3730	3663	3708	3648	3721	3716	3654	3615	3633	3600	3733	3565	3671	3625	3700	3706	3737	3677	3682	3614	3679	3681	3645	3558	3654	3634	3708	3581	3613	3641	3631	3720	3649	3623	3677	3633	3657	3641	3744	3662	3599	3722	3651	3671	3640	3769	3600	3570	3636	3574	3562	3572	3691	3658	3689	3645	3700	3653	3753	3636	3714	3648	3650	3698	3701	3670	3669	1264.687015
3629	3548	3551	3708	3574	3624	3696	3694	3653	3689	3786	3621	3519	3663	3610	3722	3653	3664	3597	3645	3682	3666	3560	3608	3644	3515	3564	3679	3708	3604	3654	3605	3622	3620	3612	3665	3587	3504	3518	3658	3633	3528	3595	3568	3655	3641	3560	3647	3560	3557	3610	3565	3615	3577	3630	3548	3645	3572	3653	3566	3669	3595	3542	3611	3605	3587	3638	3620	3620	3600	3542	3591	3609	3563	3711	3620	3533	3586	3598	3637	3637	3570	3617	3560	3638	3623	3644	3697	3622	3650	3561	3546	3621	3563	3613	3665	1267.293222
3464	3507	3521	3512	3507	3473	3512	3530	3431	3533	3602	3496	3451	3497	3483	3442	3377	3470	3433	3416	3438	3369	3401	3477	3484	3468	3491	3405	3427	3396	3457	3525	3435	3461	3533	3398	3453	3385	3381	3342	3448	3463	3458	3381	3335	3375	3427	3340	3452	3441	3352	3436	3470	3391	3326	3407	3328	3477	3430	3467	3408	3378	3393	3364	3431	3397	3394	3456	3455	3444	3461	3378	3436	3362	3430	3399	3398	3357	3375	3440	3416	3482	3476	3461	3477	3531	3457	3495	3456	3462	3389	3503	3425	3427	3447	3442	1269.885091
3271	3235	3186	3322	3210	3257	3274	3246	3225	3289	3411	3234	3230	3251	3158	3260	3152	3150	3124	3248	3180	3170	3148	3175	3258	3253	3214	3250	3214	3206	3168	3190	3227	3285	3218	3248	3139	3200	3125	3198	3117	3239	3151	3166	3163	3152	3198	3134	3201	3241	3176	3236	3175	3145	3223	3272	3167	3244	3220	3238	3244	3186	3148	3202	3215	3167	3209	3252	3154	3098	3126	3140	3134	3174	3156	3163	3218	3211	3204	3202	3202	3151	3209	3133	3214	3119	3158	3289	3256	3251	3164	3185	3176	3160	3194	3259	1272.475789
2981	2953	3056	3069	3005	2992	3023	3014	2948	3008	3040	2982	2944	2957	2983	2956	2994	2994	3022	2938	2910	2894	2961	2973	2987	3017	3026	2938	2949	3012	2998	2957	3013	2955	2905	2984	2904	2887	2863	3041	2965	2965	2912	2903	2947	2910	2945	2955	2968	2949	2989	2919	2997	2957	2969	2924	2987	3003	3016	2947	2926	2911	2985	2995	2878	2918	2935	2955	3000	2942	2971	2925	2944	2953	2936	2977	2943	2881	2954	2885	2930	2852	3010	2902	2943	2984	2957	3018	2992	3000	2945	2934	2910	2991	2925	2889	1275.065317
2709	2820	2733	2938	2849	2752	2843	2818	2794	2799	3009	2745	2745	2795	2741	2763	2840	2709	2809	2832	2751	2813	2770	2742	2730	2733	2815	2750	2772	2727	2851	2749	2714	2744	2730	2726	2700	2700	2597	2808	2769	2746	2724	2768	2813	2790	2787	2700	2790	2786	2789	2662	2697	2695	2727	2695	2725	2703	2772	2751	2748	2760	2753	2858	2879	2796	2746	2780	2727	2759	2704	2611	2790	2688	2780	2767	2763	2706	2692	2689	2752	2832	2783	2755	2856	2790	2818	2779	2770	2836	2712	2775	2778	2786	2688	2809	1277.653676
2577	2658	2664	2777	2594	2610	2673	2625	2678	2656	2755	2622	2641	2611	2589	2594	2651	2584	2618	2600	2591	2643	2599	2705	2622	2744	2613	2578	2592	2592	2595	2639	2657	2651	2646	2654	2576	2519	2550	2619	2676	2592	2606	2634	2624	2693	2629	2586	2606	2637	2574	2536	2637	2648	2643	2585	2557	2592	2625	2634	2719	2541	2646	2646	2656	2615	2557	2625	2612	2568	2630	2645	2552	2598	2626	2616	2588	2619	2576	2596	2606	2581	2577	2599	2649	2636	2598	2585	2724	2637	2588	2623	2546	2573	2643	2654	1280.240866
2467	2538	2461	2633	2480	2517	2597	2582	2582	2622	2660	2460	2427	2559	2460	2509	2503	2516	2515	2537	2455	2502	2499	2529	2537	2551	2575	2510	2549	2476	2558	2575	2500	2518	2542	2570	2405	2430	2467	2460	2483	2463	2508	2463	2496	2465	2527	2446	2551	2472	2483	2504	2468	2517	2465	2477	2467	2448	2483	2449	2425	2540	2530	2469	2492	2499	2423	2498	2497	2517	2558	2505	2533	2497	2489	2459	2504	2518	2516	2509	2470	2513	2458	2525	2528	2543	2546	2470	2524	2457	2440	2593	2519	2458	2548	2528	1282.826889
2393	2436	2400	2498	2453	2460	2513	2495	2417	2489	2597	2500	2466	2405	2414	2370	2471	2409	2461	2508	2406	2408	2360	2399	2445	2511	2504	2399	2366	2446	2398	2416	2409	2445	2423	2436	2363	2326	2274	2388	2438	2379	2348	2397	2384	2382	2394	2335	2458	2460	2373	2524	2444	2404	2462	2450	2400	2456	2441	2418	2359	2435	2386	2461	2436	2446	2380	2440	2424	2393	2372	2348	2365	2432	2399	2349	2386	2454	2367	2461	2411	2435	2400	2425	2372	2405	2435	2500	2416	2419	2426	2393	2364	2405	2382	2464	1285.411744
2343	2353	2371	2488	2354	2380	2422	2544	2383	2403	2537	2345	2368	2382	2335	2299	2338	2390	2341	2315	2345	2322	2375	2379	2418	2425	2342	2382	2445	2374	2415	2401	2332	2386	2358	2380	2325	2250	2282	2330	2357	2255	2350	2364	2366	2373	2334	2321	2313	2393	2358	2315	2366	2367	2294	2341	2332	2376	2367	2388	2347	2357	2324	2427	2391	2355	2349	2271	2387	2363	2304	2293	2345	2372	2293	2308	2319	2425	2307	2333	2362	2371	2415	2338	2388	2336	2376	2415	2357	2369	2358	2332	2431	2384	2356	2428	1287.982321
2236	2306	2326	2405	2374	2337	2378	2493	2299	2425	2428	2397	2338	2332	2304	2254	2321	2334	2330	2290	2285	2349	2343	2279	2352	2274	2290	2333	2301	2270	2270	2357	2377	2294	2319	2338	2342	2196	2268	2298	2308	2271	2267	2307	2280	2274	2321	2190	2329	2344	2379	2352	2288	2315	2334	2301	2311	2325	2240	2346	2346	2321	2287	2320	2321	2275	2309	2348	2289	2282	2274	2305	2313	2311	2256	2253	2281	2236	2327	2340	2309	2270	2278	2325	2318	2325	2317	2307	2339	2345	2228	2290	2297	2372	2277	2296	1290.564851
2306	2319	2303	2422	2308	2258	2311	2304	2327	2379	2438	2258	2243	2270	2336	2356	2215	2267	2286	2265	2243	2314	2227	2349	2320	2299	2270	2260	2286	2299	2258	2302	2293	2285	2267	2323	2190	2196	2145	2244	2269	2293	2311	2245	2229	2275	2222	2206	2310	2279	2298	2262	2258	2298	2252	2285	2307	2265	2302	2276	2210	2311	2279	2272	2302	2271	2273	2218	2234	2257	2168	2172	2231	2205	2274	2252	2205	2277	2266	2313	2259	2285	2289	2323	2280	2278	2296	2285	2276	2297	2318	2275	2254	2209	2283	2287	1293.133115
2276	2318	2233	2428	2263	2235	2368	2341	2214	2297	2411	2306	2257	2277	2245	2272	2289	2272	2257	2259	2214	2257	2261	2238	2343	2295	2269	2267	2292	2292	2257	2294	2331	2243	2303	2274	2178	2165	2194	2284	2235	2227	2208	2250	2287	2259	2219	2220	2247	2300	2244	2322	2254	2211	2237	2322	2236	2243	2234	2227	2176	2278	2274	2312	2329	2306	2236	2281	2266	2255	2253	2230	2310	2247	2295	2288	2259	2214	2273	2251	2272	2321	2252	2272	2297	2246	2243	2289	2305	2331	2235	2282	2271	2273	2253	2318	1295.713322
2243	2259	2304	2368	2248	2291	2387	2317	2231	2306	2399	2272	2263	2249	2182	2240	2200	2240	2216	2287	2267	2284	2206	2273	2287	2286	2273	2277	2272	2273	2263	2269	2273	2260	2288	2273	2162	2186	2225	2263	2191	2244	2254	2246	2251	2200	2195	2182	2321	2333	2252	2234	2230	2235	2204	2269	2312	2232	2290	2270	2247	2249	2213	2293	2310	2303	2196	2195	2296	2173	2172	2176	2313	2274	2237	2254	2240	2258	2279	2228	2259	2250	2266	2249	2281	2265	2258	2275	2229	2285	2230	2262	2259	2203	2317	2245	1298.279278
2261	2257	2342	2345	2282	2216	2299	2324	2264	2357	2454	2285	2213	2252	2275	2248	2255	2311	2249	2262	2313	2309	2297	2251	2298	2334	2259	2305	2298	2257	2235	2311	2224	2267	2297	2300	2224	2163	2160	2202	2253	2222	2217	2200	2190	2204	2236	2230	2277	2270	2275	2236	2256	2260	2232	2271	2233	2221	2292	2225	2296	2295	2240	2253	2273	2301	2228	2246	2191	2248	2217	2174	2240	2251	2208	2309	2350	2269	2283	2183	2201	2290	2277	2289	2284	2287	2276	2311	2295	2267	2248	2237	2186	2243	2223	2265	1300.857166
2311	2306	2238	2391	2231	2211	2395	2387	2352	2406	2399	2294	2336	2254	2288	2300	2305	2258	2226	2236	2256	2259	2264	2259	2265	2301	2239	2200	2278	2341	2319	2274	2276	2296	2307	2318	2252	2180	2199	2363	2222	2255	2303	2311	2257	2276	2265	2264	2320	2313	2257	2309	2253	2281	2286	2267	2173	2258	2255	2273	2232	2273	2218	2374	2328	2329	2286	2249	2293	2204	2164	2207	2213	2282	2230	2255	2291	2186	2318	2280	2208	2267	2253	2272	2253	2321	2218	2308	2382	2293	2331	2274	2279	2297	2236	2345	1303.420815
2267	2257	2347	2440	2352	2327	2262	2415	2252	2405	2454	2348	2282	2244	2276	2276	2286	2261	2285	2277	2250	2249	2310	2260	2332	2324	2239	2290	2230	2252	2283	2248	2333	2341	2314	2278	2178	2235	2251	2289	2270	2281	2255	2275	2247	2221	2256	2264	2315	2299	2224	2240	2371	2317	2237	2303	2181	2269	2285	2305	2294	2337	2321	2286	2292	2247	2201	2266	2263	2211	2213	2257	2254	2278	2279	2254	2308	2210	2318	2270	2227	2256	2350	2293	2293	2283	2288	2276	2280	2319	2231	2229	2210	2212	2262	2332	1305.983315
2301	2292	2290	2426	2379	2300	2368	2349	2253	2362	2492	2387	2304	2313	2342	2318	2318	2263	2272	2316	2282	2268	2230	2303	2320	2345	2286	2310	2288	2342	2303	2337	2284	2315	2301	2356	2171	2226	2132	2230	2318	2231	2247	2297	2269	2325	2200	2250	2330	2254	2265	2263	2221	2289	2302	2299	2273	2266	2296	2254	2241	2287	2242	2253	2287	2263	2265	2257	2294	2192	2176	2209	2258	2223	2304	2268	2240	2235	2274	2324	2320	2259	2273	2266	2263	2367	2282	2326	2360	2262	2307	2258	2280	2262	2252	2342	1308.544668
2297	2312	2287	2396	2293	2322	2401	2392	2308	2380	2423	2290	2281	2308	2332	2260	2334	2298	2269	2274	2306	2307	2274	2271	2319	2287	2255	2237	2299	2281	2297	2361	2310	2312	2310	2268	2237	2192	2122	2290	2255	2281	2241	2307	2307	2266	2272	2318	2364	2340	2337	2273	2288	2247	2214	2270	2279	2295	2298	2263	2272	2292	2267	2304	2259	2259	2349	2267	2288	2219	2214	2272	2240	2353	2313	2242	2289	2235	2248	2250	2237	2271	2291	2306	2337	2272	2301	2313	2337	2305	2276	2247	2320	2297	2248	2286	1311.104873
2297	2307	2314	2487	2345	2300	2443	2396	2356	2455	2527	2322	2387	2311	2347	2351	2361	2321	2342	2340	2318	2269	2314	2299	2323	2317	2296	2312	2362	2376	2316	2316	2345	2324	2326	2353	2242	2202	2193	2274	2251	2216	2331	2330	2273	2261	2253	2266	2412	2319	2324	2356	2305	2332	2335	2278	2354	2367	2302	2326	2310	2235	2342	2347	2321	2303	2288	2364	2278	2255	2276	2308	2303	2380	2287	2266	2313	2320	2256	2242	2313	2345	2331	2223	2345	2377	2321	2253	2347	2350	2320	2352	2290	2331	2314	2325	1313.663931
2395	2467	2318	2473	2371	2366	2447	2480	2409	2418	2544	2477	2378	2357	2339	2360	2295	2396	2329	2364	2357	2318	2381	2347	2408	2405	2406	2350	2390	2352	2436	2332	2332	2417	2412	2411	2263	2285	2256	2308	2403	2401	2376	2382	2367	2355	2385	2406	2341	2359	2356	2395	2318	2346	2423	2373	2327	2390	2367	2343	2391	2394	2412	2394	2314	2360	2350	2321	2331	2342	2346	2264	2361	2378	2438	2400	2328	2405	2386	2338	2347	2336	2312	2415	2349	2413	2367	2340	2384	2371	2387	2373	2384	2392	2370	2313	1316.221843
2408	2401	2408	2534	2424	2464	2589	2502	2439	2446	2596	2386	2438	2415	2465	2403	2432	2434	2426	2452	2487	2468	2468	2459	2498	2474	2477	2435	2410	2452	2469	2498	2453	2434	2441	2414	2330	2328	2381	2419	2461	2415	2428	2410	2410	2452	2352	2374	2436	2475	2476	2404	2402	2366	2358	2438	2427	2428	2353	2361	2476	2427	2401	2516	2420	2405	2391	2421	2412	2382	2426	2342	2423	2378	2438	2341	2354	2421	2426	2425	2482	2366	2399	2408	2446	2454	2415	2422	2452	2446	2368	2390	2419	2394	2412	2381	1318.765569
2448	2500	2486	2579	2426	2507	2540	2524	2444	2608	2697	2510	2497	2485	2477	2481	2482	2469	2476	2443	2505	2474	2395	2481	2502	2496	2494	2475	2420	2412	2557	2500	2461	2493	2437	2507	2358	2404	2400	2502	2526	2524	2489	2403	2439	2474	2514	2448	2468	2530	2509	2435	2450	2443	2441	2464	2447	2489	2424	2487	2442	2489	2488	2477	2447	2565	2456	2487	2495	2374	2432	2348	2447	2503	2471	2447	2443	2534	2438	2426	2437	2487	2499	2463	2573	2469	2487	2507	2524	2496	2468	2477	2475	2517	2451	2484	1321.321197
2570	2462	2529	2664	2553	2561	2622	2664	2539	2529	2652	2527	2532	2461	2574	2523	2534	2517	2552	2536	2512	2585	2535	2485	2566	2551	2609	2545	2618	2536	2577	2561	2554	2540	2524	2520	2418	2413	2468	2510	2524	2460	2490	2437	2474	2471	2499	2503	2495	2528	2530	2490	2573	2487	2502	2532	2511	2511	2509	2561	2594	2529	2558	2497	2621	2538	2488	2544	2495	2443	2424	2486	2547	2507	2488	2508	2562	2467	2542	2501	2514	2557	2475	2482	2501	2567	2555	2551	2558	2513	2458	2500	2510	2523	2458	2507	1323.875682
2555	2542	2520	2672	2501	2492	2593	2628	2612	2589	2768	2608	2509	2580	2548	2591	2521	2573	2582	2557	2530	2571	2507	2560	2540	2547	2548	2512	2470	2573	2572	2531	2535	2519	2562	2548	2485	2476	2450	2547	2555	2579	2521	2465	2522	2515	2516	2472	2541	2537	2607	2562	2527	2501	2543	2580	2544	2534	2546	2562	2570	2498	2501	2624	2556	2530	2572	2532	2542	2455	2456	2494	2606	2546	2511	2491	2549	2536	2480	2488	2489	2531	2526	2560	2541	2538	2548	2545	2611	2604	2512	2562	2488	2514	2512	2539	1326.416001
2531	2544	2597	2579	2535	2559	2681	2664	2493	2623	2756	2590	2512	2513	2559	2555	2546	2562	2520	2553	2488	2521	2610	2581	2545	2572	2552	2529	2536	2559	2578	2599	2611	2630	2558	2534	2515	2481	2589	2579	2542	2493	2535	2640	2519	2575	2520	2522	2602	2552	2532	2521	2517	2513	2607	2508	2486	2574	2533	2531	2458	2540	2516	2535	2627	2602	2543	2528	2548	2540	2519	2481	2551	2489	2553	2516	2534	2639	2548	2505	2493	2514	2530	2571	2565	2599	2528	2553	2555	2498	2546	2571	2554	2500	2508	2527	1328.955188
2510	2565	2520	2710	2625	2584	2610	2641	2518	2612	2720	2570	2563	2530	2512	2536	2564	2550	2548	2584	2573	2531	2561	2549	2551	2586	2547	2609	2540	2632	2566	2530	2627	2605	2663	2603	2486	2454	2498	2551	2526	2532	2571	2549	2532	2518	2588	2516	2554	2534	2520	2550	2556	2571	2544	2568	2544	2518	2516	2556	2534	2485	2582	2550	2558	2625	2558	2576	2499	2553	2645	2507	2546	2592	2506	2588	2501	2584	2554	2539	2535	2504	2598	2527	2498	2571	2544	2591	2574	2618	2571	2560	2591	2559	2535	2555	1331.506259
2575	2621	2504	2730	2568	2614	2698	2642	2642	2661	2780	2541	2568	2548	2631	2572	2545	2583	2595	2568	2480	2561	2553	2557	2583	2579	2568	2540	2540	2558	2611	2571	2581	2569	2532	2545	2443	2477	2480	2522	2553	2540	2556	2553	2590	2541	2491	2572	2565	2596	2581	2530	2577	2581	2572	2581	2503	2590	2553	2507	2593	2562	2556	2589	2573	2542	2577	2589	2612	2544	2499	2485	2584	2523	2519	2525	2585	2545	2554	2523	2533	2562	2554	2495	2597	2539	2586	2589	2656	2499	2562	2553	2581	2611	2573	2547	1334.043182
2593	2608	2554	2708	2615	2512	2717	2699	2623	2647	2859	2625	2548	2523	2603	2620	2617	2539	2625	2637	2565	2552	2533	2549	2536	2608	2563	2584	2615	2556	2575	2603	2547	2601	2584	2648	2503	2459	2479	2617	2490	2578	2639	2546	2609	2578	2594	2574	2643	2669	2598	2586	2581	2595	2494	2594	2575	2579	2546	2565	2538	2634	2584	2548	2588	2596	2578	2565	2509	2527	2460	2537	2585	2532	2524	2599	2571	2543	2568	2619	2573	2532	2599	2596	2612	2585	2617	2609	2593	2569	2594	2519	2630	2581	2578	2601	1336.578977
2579	2599	2638	2818	2591	2576	2712	2715	2682	2707	2792	2589	2589	2578	2588	2605	2660	2565	2537	2615	2590	2650	2531	2556	2625	2561	2592	2567	2550	2568	2551	2616	2627	2599	2630	2644	2508	2512	2462	2464	2562	2512	2629	2546	2564	2539	2548	2528	2595	2594	2551	2578	2597	2590	2543	2524	2548	2540	2543	2617	2587	2503	2588	2631	2511	2574	2569	2557	2559	2505	2498	2579	2553	2596	2504	2607	2550	2608	2611	2528	2605	2589	2621	2603	2638	2599	2572	2645	2620	2624	2591	2596	2567	2541	2543	2602	1339.113645
2596	2605	2614	2750	2605	2625	2745	2693	2636	2679	2771	2631	2580	2569	2655	2568	2607	2585	2629	2569	2565	2592	2573	2572	2640	2684	2643	2596	2567	2610	2663	2635	2636	2663	2626	2644	2548	2503	2600	2595	2607	2573	2578	2654	2631	2535	2529	2569	2590	2661	2616	2527	2622	2637	2582	2581	2599	2668	2515	2616	2567	2650	2604	2629	2592	2569	2564	2664	2594	2561	2576	2596	2620	2569	2669	2547	2558	2570	2676	2565	2516	2596	2559	2643	2601	2619	2576	2592	2665	2600	2563	2606	2597	2638	2626	2629	1341.647186
2718	2697	2626	2750	2697	2619	2684	2702	2615	2753	2872	2632	2677	2568	2680	2652	2616	2619	2673	2556	2663	2590	2546	2646	2692	2617	2654	2671	2703	2542	2688	2660	2671	2718	2572	2627	2598	2521	2614	2610	2577	2630	2557	2547	2681	2662	2569	2623	2682	2663	2655	2629	2571	2665	2625	2623	2655	2648	2679	2669	2611	2587	2630	2712	2594	2560	2590	2630	2600	2587	2533	2575	2620	2576	2656	2582	2584	2610	2676	2584	2574	2634	2547	2616	2702	2678	2681	2606	2656	2620	2604	2595	2644	2614	2577	2677	1344.179602
2669	2644	2666	2808	2594	2583	2707	2806	2672	2732	2871	2590	2661	2577	2619	2540	2625	2660	2606	2674	2575	2631	2621	2692	2658	2648	2629	2579	2623	2674	2710	2621	2665	2703	2669	2622	2610	2608	2581	2609	2588	2604	2628	2638	2589	2629	2571	2556	2627	2591	2617	2660	2629	2623	2646	2585	2585	2677	2636	2546	2616	2652	2684	2611	2625	2645	2655	2563	2600	2584	2636	2592	2647	2658	2577	2623	2564	2613	2608	2607	2627	2589	2646	2622	2642	2640	2688	2634	2604	2635	2666	2596	2614	2669	2643	2655	1346.710892
2622	2681	2659	2707	2639	2586	2759	2742	2623	2758	2794	2686	2636	2633	2561	2690	2594	2588	2640	2634	2595	2653	2694	2583	2625	2681	2655	2612	2640	2638	2654	2660	2599	2596	2647	2665	2572	2539	2592	2628	2650	2609	2664	2645	2654	2642	2584	2605	2670	2639	2665	2583	2559	2564	2586	2568	2608	2635	2628	2585	2606	2674	2576	2704	2626	2651	2607	2604	2608	2587	2527	2537	2560	2643	2566	2592	2646	2566	2594	2587	2587	2584	2636	2641	2703	2634	2659	2706	2645	2739	2629	2645	2533	2599	2589	2604	1349.241058
2583	2595	2592	2780	2605	2656	2679	2698	2682	2703	2827	2608	2567	2534	2604	2657	2672	2628	2610	2551	2582	2642	2656	2670	2617	2633	2641	2569	2604	2572	2632	2644	2607	2655	2620	2619	2537	2530	2498	2606	2615	2611	2600	2652	2635	2528	2637	2560	2605	2618	2675	2562	2607	2548	2585	2629	2662	2572	2650	2588	2610	2530	2597	2679	2673	2593	2631	2623	2611	2548	2505	2593	2590	2545	2599	2568	2631	2631	2575	2576	2573	2579	2632	2609	2649	2633	2622	2656	2684	2567	2571	2604	2546	2678	2637	2659	1351.7701
2657	2632	2552	2763	2693	2576	2694	2690	2586	2690	2807	2734	2587	2643	2611	2600	2649	2642	2639	2582	2586	2620	2646	2577	2618	2592	2635	2711	2578	2571	2621	2572	2653	2662	2585	2658	2520	2487	2488	2570	2544	2644	2584	2559	2601	2556	2640	2533	2637	2655	2693	2560	2550	2574	2579	2571	2601	2600	2629	2556	2579	2597	2581	2561	2578	2644	2602	2522	2548	2552	2545	2499	2561	2524	2618	2511	2577	2578	2567	2634	2664	2682	2636	2604	2605	2627	2565	2693	2555	2632	2590	2613	2544	2583	2550	2608	1354.285058
2602	2550	2663	2762	2585	2597	2716	2750	2631	2688	2820	2723	2698	2619	2611	2604	2647	2607	2567	2608	2590	2579	2559	2614	2549	2671	2632	2609	2609	2567	2592	2659	2611	2608	2664	2667	2518	2535	2530	2559	2566	2529	2606	2558	2566	2594	2605	2574	2600	2634	2603	2581	2576	2570	2619	2588	2575	2724	2657	2588	2632	2611	2634	2615	2647	2589	2580	2662	2560	2523	2520	2623	2619	2637	2591	2569	2629	2573	2590	2588	2574	2693	2645	2591	2654	2695	2614	2570	2640	2645	2602	2569	2580	2580	2609	2677	1356.811861
2676	2641	2590	2789	2711	2634	2706	2732	2571	2730	2837	2741	2660	2640	2590	2656	2713	2650	2688	2594	2597	2631	2628	2592	2608	2617	2602	2687	2659	2633	2625	2654	2607	2649	2690	2639	2485	2586	2596	2626	2561	2630	2605	2583	2629	2681	2562	2622	2615	2665	2646	2643	2589	2590	2625	2538	2662	2580	2561	2630	2619	2647	2544	2585	2582	2633	2582	2532	2580	2595	2539	2540	2676	2556	2634	2634	2559	2625	2619	2585	2601	2617	2583	2569	2682	2649	2640	2602	2607	2693	2636	2641	2611	2644	2649	2671	1359.324593
2606	2633	2579	2774	2684	2730	2762	2728	2649	2757	2824	2707	2619	2594	2625	2690	2643	2596	2675	2643	2575	2604	2654	2656	2637	2661	2636	2629	2589	2637	2676	2632	2584	2621	2619	2714	2576	2588	2486	2595	2633	2665	2690	2671	2613	2621	2578	2648	2679	2634	2659	2638	2624	2603	2596	2519	2623	2585	2580	2590	2529	2639	2632	2654	2573	2645	2649	2618	2638	2591	2493	2514	2601	2586	2606	2585	2630	2589	2562	2562	2639	2601	2616	2606	2600	2611	2643	2623	2599	2643	2650	2593	2594	2622	2634	2558	1361.849159
2729	2689	2637	2820	2684	2630	2738	2711	2688	2733	2813	2711	2618	2638	2592	2652	2674	2670	2579	2705	2690	2715	2628	2703	2696	2707	2631	2598	2677	2634	2614	2665	2695	2601	2648	2675	2577	2559	2611	2621	2645	2625	2670	2652	2614	2566	2624	2660	2621	2606	2661	2671	2643	2520	2628	2629	2617	2573	2633	2670	2612	2663	2630	2667	2690	2673	2671	2658	2643	2579	2613	2604	2653	2588	2687	2650	2679	2637	2585	2614	2672	2686	2725	2658	2611	2642	2693	2700	2655	2641	2617	2655	2646	2654	2694	2657	1364.359668
2698	2741	2701	2845	2701	2665	2808	2790	2641	2728	2867	2697	2677	2660	2623	2707	2664	2681	2661	2660	2609	2658	2672	2642	2665	2670	2638	2695	2656	2702	2674	2705	2727	2717	2670	2692	2604	2562	2594	2626	2616	2642	2674	2629	2699	2605	2627	2653	2662	2703	2697	2647	2622	2705	2666	2744	2643	2664	2663	2609	2648	2623	2650	2670	2724	2666	2629	2678	2671	2617	2599	2541	2644	2718	2643	2624	2673	2723	2627	2662	2636	2595	2625	2696	2652	2657	2662	2651	2662	2708	2684	2618	2601	2681	2697	2691	1366.869069
2600	2576	2704	2831	2714	2652	2754	2792	2743	2746	2832	2685	2624	2653	2658	2739	2692	2608	2624	2666	2619	2657	2631	2604	2679	2676	2671	2635	2642	2750	2667	2706	2656	2722	2678	2660	2628	2594	2560	2661	2690	2667	2641	2656	2654	2654	2595	2596	2647	2679	2695	2596	2689	2619	2683	2666	2612	2704	2646	2676	2669	2628	2673	2641	2655	2678	2661	2658	2663	2603	2657	2602	2580	2622	2700	2645	2664	2629	2647	2580	2663	2626	2691	2729	2696	2775	2718	2747	2584	2648	2678	2607	2611	2691	2595	2710	1369.377363
2677	2631	2663	2734	2587	2637	2735	2775	2692	2745	2885	2636	2634	2703	2658	2719	2621	2647	2692	2631	2652	2662	2624	2638	2687	2731	2711	2673	2655	2571	2728	2679	2686	2648	2607	2662	2523	2619	2552	2664	2564	2564	2693	2650	2656	2654	2628	2658	2595	2704	2677	2643	2628	2622	2581	2673	2704	2634	2632	2688	2640	2682	2710	2695	2666	2686	2684	2643	2650	2566	2538	2565	2613	2616	2659	2621	2638	2665	2621	2606	2677	2674	2717	2663	2713	2701	2635	2685	2671	2658	2647	2689	2656	2632	2632	2654	1371.884551
2620	2709	2610	2765	2690	2600	2722	2777	2646	2670	2867	2644	2606	2601	2541	2588	2655	2639	2578	2576	2608	2633	2598	2597	2702	2648	2619	2625	2645	2599	2669	2622	2641	2691	2617	2656	2573	2496	2526	2600	2547	2576	2621	2563	2653	2576	2590	2601	2671	2541	2622	2605	2610	2577	2581	2577	2617	2620	2637	2555	2671	2590	2558	2637	2644	2601	2584	2567	2615	2568	2559	2582	2545	2579	2529	2651	2608	2600	2524	2628	2607	2571	2608	2557	2615	2559	2678	2631	2684	2566	2586	2591	2619	2676	2607	2593	1374.390633
2623	2555	2608	2746	2618	2471	2699	2614	2598	2706	2795	2566	2584	2500	2596	2494	2597	2592	2584	2613	2518	2543	2535	2622	2582	2523	2668	2577	2516	2640	2482	2553	2540	2578	2503	2628	2450	2424	2385	2571	2546	2535	2525	2485	2613	2568	2522	2543	2582	2441	2601	2517	2554	2527	2500	2511	2540	2580	2545	2549	2554	2571	2533	2585	2548	2639	2550	2562	2549	2455	2474	2467	2610	2594	2608	2534	2568	2556	2603	2516	2481	2481	2524	2539	2585	2617	2502	2597	2574	2586	2517	2562	2493	2586	2582	2538	1376.895611
2438	2547	2525	2645	2470	2540	2543	2647	2472	2519	2699	2556	2500	2506	2521	2507	2446	2430	2486	2511	2496	2493	2482	2455	2516	2500	2575	2521	2513	2482	2516	2407	2504	2516	2537	2519	2463	2380	2434	2495	2528	2466	2478	2458	2485	2477	2473	2491	2492	2588	2447	2450	2539	2453	2486	2465	2472	2377	2460	2489	2468	2466	2486	2501	2555	2471	2509	2471	2458	2483	2445	2397	2472	2513	2464	2522	2509	2440	2486	2436	2483	2471	2476	2504	2450	2479	2493	2552	2517	2480	2460	2476	2483	2484	2440	2503	1379.399484
2450	2536	2462	2527	2439	2430	2515	2501	2524	2482	2686	2491	2479	2452	2448	2531	2442	2414	2471	2424	2431	2505	2448	2478	2508	2485	2513	2432	2396	2478	2444	2481	2420	2456	2482	2506	2380	2381	2302	2401	2431	2436	2487	2395	2472	2390	2401	2427	2488	2428	2421	2434	2423	2402	2406	2418	2434	2421	2479	2445	2451	2455	2465	2465	2489	2511	2431	2407	2439	2344	2401	2410	2397	2421	2461	2445	2474	2435	2404	2444	2443	2441	2454	2445	2466	2487	2442	2459	2433	2437	2436	2389	2440	2456	2409	2428	1381.902254
2362	2395	2363	2551	2402	2437	2470	2517	2417	2432	2668	2451	2432	2365	2347	2372	2421	2387	2377	2410	2365	2309	2382	2353	2470	2380	2416	2422	2407	2289	2380	2432	2491	2391	2409	2386	2411	2367	2365	2388	2380	2349	2358	2381	2351	2423	2359	2331	2386	2401	2359	2412	2393	2412	2336	2338	2430	2380	2447	2366	2305	2411	2372	2429	2336	2424	2348	2385	2322	2328	2375	2370	2386	2374	2438	2412	2417	2396	2392	2391	2309	2415	2351	2399	2372	2428	2442	2423	2395	2388	2440	2360	2392	2438	2431	2437	1384.403921
2411	2380	2321	2488	2344	2355	2453	2495	2446	2392	2549	2345	2365	2386	2342	2377	2363	2402	2342	2305	2337	2348	2370	2333	2372	2405	2364	2379	2372	2374	2402	2370	2360	2383	2336	2341	2300	2280	2335	2358	2375	2297	2408	2352	2256	2336	2312	2320	2389	2356	2353	2297	2305	2355	2347	2362	2331	2328	2349	2367	2313	2378	2300	2360	2468	2309	2355	2324	2314	2329	2348	2240	2332	2326	2358	2383	2282	2364	2365	2312	2344	2353	2435	2343	2310	2382	2372	2413	2376	2386	2351	2381	2413	2428	2350	2376	1386.8916
2330	2371	2344	2490	2312	2307	2469	2454	2358	2437	2515	2390	2305	2309	2278	2366	2325	2273	2284	2455	2382	2281	2274	2344	2333	2349	2371	2369	2279	2358	2359	2351	2359	2301	2322	2315	2246	2259	2231	2335	2324	2302	2384	2271	2330	2255	2322	2298	2343	2286	2301	2272	2328	2324	2321	2308	2349	2392	2296	2310	2297	2298	2307	2314	2381	2311	2338	2283	2301	2257	2279	2260	2331	2344	2299	2312	2275	2378	2304	2317	2326	2310	2278	2296	2304	2355	2340	2304	2314	2279	2325	2302	2312	2362	2311	2306	1389.39107
2242	2263	2261	2430	2319	2256	2386	2350	2394	2424	2450	2354	2312	2280	2286	2303	2269	2313	2269	2234	2258	2331	2320	2319	2331	2339	2242	2269	2210	2283	2290	2311	2253	2317	2267	2299	2180	2241	2263	2327	2293	2285	2280	2240	2335	2325	2307	2206	2269	2280	2300	2289	2261	2258	2177	2250	2228	2240	2333	2293	2252	2259	2300	2346	2297	2294	2301	2267	2257	2203	2235	2219	2295	2244	2246	2300	2323	2229	2291	2265	2289	2326	2354	2248	2303	2331	2361	2298	2303	2285	2361	2295	2203	2274	2290	2347	1391.876565
2278	2210	2300	2475	2330	2265	2314	2330	2286	2417	2485	2313	2295	2245	2216	2281	2304	2269	2251	2326	2249	2308	2256	2284	2349	2341	2260	2275	2301	2246	2283	2263	2293	2313	2278	2244	2166	2216	2130	2251	2208	2259	2238	2278	2273	2216	2192	2226	2304	2286	2290	2236	2192	2267	2226	2281	2210	2228	2223	2262	2215	2250	2238	2249	2252	2245	2253	2288	2237	2217	2184	2238	2288	2256	2280	2229	2293	2255	2297	2274	2161	2373	2214	2228	2334	2297	2208	2315	2291	2277	2210	2248	2302	2249	2243	2287	1394.37384
2248	2232	2267	2356	2225	2235	2359	2378	2268	2318	2442	2240	2247	2255	2278	2246	2279	2227	2188	2303	2231	2255	2259	2217	2298	2267	2273	2288	2240	2250	2230	2231	2277	2223	2263	2276	2192	2183	2169	2215	2228	2267	2235	2194	2227	2176	2253	2241	2324	2286	2259	2225	2226	2238	2288	2232	2286	2245	2200	2251	2209	2322	2254	2251	2218	2335	2224	2188	2264	2147	2197	2196	2222	2283	2222	2231	2288	2300	2228	2241	2313	2194	2315	2334	2286	2268	2277	2259	2286	2302	2242	2252	2248	2230	2221	2305	1396.857153
2203	2264	2218	2322	2253	2249	2358	2354	2311	2363	2467	2243	2200	2231	2234	2269	2268	2245	2260	2239	2296	2200	2231	2210	2299	2342	2347	2236	2270	2236	2326	2314	2320	2317	2256	2279	2184	2193	2160	2249	2220	2237	2242	2192	2235	2218	2175	2196	2197	2315	2280	2203	2228	2220	2226	2216	2244	2272	2233	2263	2264	2232	2249	2207	2269	2243	2221	2217	2241	2210	2198	2164	2218	2187	2285	2234	2173	2180	2232	2271	2175	2281	2256	2243	2194	2264	2238	2303	2259	2237	2204	2241	2254	2285	2237	2245	1399.339379
2236	2278	2243	2380	2265	2295	2358	2380	2289	2341	2406	2262	2213	2247	2255	2267	2271	2242	2286	2266	2252	2248	2260	2249	2214	2284	2287	2189	2202	2246	2250	2210	2298	2289	2257	2229	2179	2194	2188	2251	2292	2217	2268	2222	2265	2274	2195	2225	2256	2236	2249	2173	2237	2237	2210	2175	2157	2278	2288	2279	2244	2280	2167	2261	2243	2262	2183	2201	2301	2228	2134	2174	2179	2244	2242	2252	2221	2232	2170	2173	2185	2215	2276	2267	2247	2245	2270	2277	2275	2252	2236	2290	2251	2239	2237	2209	1401.820518
2215	2262	2194	2435	2203	2274	2363	2384	2245	2300	2465	2229	2248	2237	2268	2234	2279	2278	2256	2206	2221	2257	2244	2247	2302	2261	2237	2294	2263	2306	2202	2197	2278	2215	2216	2223	2192	2136	2187	2218	2208	2168	2240	2156	2168	2211	2200	2195	2265	2285	2212	2278	2239	2145	2202	2265	2187	2191	2218	2207	2256	2244	2197	2321	2213	2302	2150	2247	2185	2175	2163	2222	2230	2203	2216	2203	2204	2187	2266	2184	2166	2183	2208	2228	2253	2241	2315	2300	2282	2252	2267	2229	2213	2245	2250	2241	1404.300572
2245	2220	2189	2304	2252	2241	2367	2329	2224	2342	2464	2329	2248	2289	2260	2277	2321	2219	2214	2241	2266	2284	2260	2256	2326	2234	2245	2217	2275	2316	2321	2232	2304	2252	2259	2251	2136	2128	2108	2227	2280	2257	2219	2281	2199	2217	2167	2217	2229	2277	2192	2274	2196	2216	2214	2209	2265	2197	2243	2249	2206	2217	2234	2238	2194	2254	2259	2250	2189	2198	2193	2176	2176	2194	2191	2235	2229	2244	2212	2269	2233	2239	2287	2229	2294	2262	2188	2297	2327	2262	2318	2265	2210	2229	2184	2286	1406.779541
2211	2230	2253	2340	2314	2269	2426	2378	2291	2303	2467	2334	2272	2224	2186	2273	2239	2307	2206	2223	2194	2244	2240	2276	2229	2339	2232	2222	2246	2252	2234	2231	2239	2305	2250	2255	2191	2143	2163	2185	2270	2162	2298	2248	2234	2241	2195	2222	2244	2251	2236	2248	2300	2242	2259	2152	2179	2247	2207	2161	2209	2206	2179	2323	2277	2188	2286	2258	2297	2183	2156	2196	2167	2210	2233	2219	2279	2260	2247	2188	2207	2209	2177	2189	2257	2269	2176	2282	2302	2231	2252	2234	2245	2245	2234	2243	1409.257426
2240	2241	2228	2444	2263	2235	2358	2338	2289	2326	2426	2263	2247	2190	2248	2222	2259	2189	2208	2245	2234	2215	2294	2291	2254	2219	2196	2258	2253	2287	2211	2270	2337	2334	2273	2251	2123	2149	2109	2296	2238	2202	2239	2181	2213	2237	2251	2160	2231	2253	2250	2252	2199	2247	2253	2246	2182	2283	2196	2251	2254	2248	2215	2234	2311	2261	2219	2231	2259	2181	2225	2167	2242	2249	2248	2180	2216	2202	2220	2214	2249	2215	2266	2259	2243	2256	2245	2279	2228	2220	2219	2210	2251	2246	2201	2320	1411.734227
2241	2236	2151	2360	2233	2277	2363	2316	2251	2306	2438	2268	2217	2227	2233	2247	2245	2221	2185	2210	2153	2169	2189	2202	2205	2305	2202	2258	2241	2235	2247	2234	2216	2224	2221	2335	2119	2135	2126	2209	2251	2188	2247	2244	2235	2209	2190	2200	2185	2302	2323	2204	2223	2194	2197	2174	2200	2206	2251	2281	2221	2138	2224	2240	2211	2237	2197	2212	2206	2195	2144	2153	2214	2216	2237	2169	2232	2154	2243	2198	2271	2161	2213	2239	2215	2227	2237	2222	2296	2222	2201	2191	2182	2194	2241	2229	1414.209946
2234	2201	2163	2305	2208	2221	2293	2289	2183	2289	2413	2244	2251	2218	2191	2231	2232	2179	2258	2249	2191	2212	2152	2172	2218	2171	2246	2234	2209	2161	2193	2207	2233	2218	2262	2228	2094	2050	2082	2245	2207	2114	2230	2225	2177	2131	2190	2138	2157	2162	2208	2148	2233	2218	2265	2209	2204	2206	2181	2251	2179	2153	2208	2238	2226	2158	2185	2276	2130	2126	2197	2119	2138	2181	2082	2141	2228	2163	2137	2219	2224	2222	2138	2200	2227	2182	2239	2273	2187	2226	2213	2241	2227	2215	2222	2194	1416.671764
2142	2156	2089	2308	2148	2210	2231	2271	2194	2239	2410	2216	2121	2190	2198	2264	2192	2110	2205	2188	2158	2142	2196	2222	2216	2192	2147	2188	2205	2258	2236	2201	2193	2167	2162	2221	2069	2041	2087	2174	2169	2140	2147	2139	2198	2051	2152	2149	2158	2185	2173	2172	2167	2150	2216	2145	2172	2174	2146	2165	2188	2173	2176	2205	2179	2148	2177	2148	2189	2084	2103	2142	2156	2183	2181	2077	2109	2172	2159	2148	2155	2186	2203	2147	2193	2189	2243	2201	2181	2206	2193	2208	2199	2184	2205	2200	1419.145325
2110	2136	2128	2242	2186	2169	2331	2225	2127	2233	2375	2137	2087	2148	2130	2186	2133	2184	2154	2197	2129	2114	2094	2155	2181	2151	2076	2149	2147	2078	2093	2186	2118	2169	2160	2168	2048	2015	2085	2191	2106	2156	2125	2109	2093	2123	2119	2101	2150	2122	2143	2155	2163	2104	2068	2047	2157	2152	2165	2139	2181	2118	2148	2201	2139	2089	2110	2117	2121	2037	2070	2126	2127	2108	2116	2176	2130	2067	2077	2133	2170	2119	2181	2118	2150	2211	2078	2195	2149	2110	2143	2119	2154	2103	2126	2101	1421.604998
2109	2055	2123	2260	2096	2126	2218	2190	2151	2158	2359	2158	2142	2102	2103	2134	2127	2134	2163	2076	2106	2047	2057	2095	2136	2107	2097	2107	2147	2087	2131	2066	2136	2099	2180	2110	2048	2046	2004	2053	2134	2051	2084	2114	2073	2058	2126	2067	2100	2118	2069	2092	2039	2060	2125	2044	2043	2148	2128	2142	2116	2100	2120	2103	2108	2085	2073	2093	2100	2000	2016	2025	2107	2163	2089	2132	2051	2105	2134	2120	2063	2068	2138	2073	2108	2132	2164	2141	2066	2099	2070	2095	2132	2158	2113	2075	1424.076404
2115	2088	2057	2200	2095	2079	2231	2176	2066	2159	2325	2084	2113	2142	2073	2111	2056	2075	2119	2143	2075	2090	2091	2148	2171	2060	2021	2080	2070	2093	2106	2032	2102	2103	2096	2136	2002	1980	1994	2087	2049	2117	2083	2057	2076	2034	2009	2013	2111	2067	2031	2100	2036	2077	2064	2055	2054	2107	2086	2064	2059	2132	1992	2096	2099	1996	2012	2066	2054	2024	2025	2076	2047	2087	2063	2048	2046	2020	2081	2086	2104	2125	2094	2077	2162	2068	2080	2125	2151	2154	2065	2100	2098	2079	2084	2047	1426.533935
2089	2041	2073	2226	2053	2064	2187	2113	2136	2143	2273	2055	2030	2061	2056	2068	2056	2092	2118	2058	2074	2108	2026	2056	2059	2046	2051	2133	2038	2042	2078	2079	2064	2074	2058	2047	1976	1961	2009	2054	2038	2024	2082	2047	2031	2040	2058	2050	2079	2082	2062	2000	2049	2052	2031	2011	2051	2085	2030	2042	2072	2065	1986	2066	2057	2046	1982	2153	2025	2024	1967	1948	2067	2034	2027	2017	2078	2069	1978	2020	2094	2089	2070	2047	2100	2044	2095	2081	2061	2032	2128	2060	2010	2074	2060	2028	1428.990398
2083	2084	2046	2146	2129	2033	2197	2140	2085	2125	2265	2048	2069	2063	2019	1995	2031	2025	2019	2064	2074	2001	2032	2065	2113	2137	2025	2086	2091	2060	2076	2021	2038	2065	2046	2102	1934	1957	1987	2009	2069	2030	1999	2003	2056	2007	2118	1950	2069	2102	2095	1976	2028	2025	2059	2009	2052	2064	2039	2063	2026	2040	2027	2083	2043	2085	2040	2014	2041	2027	1931	1965	2054	2027	2043	2070	2014	2072	2047	2015	2083	2031	2065	2047	2041	2047	2102	2043	2067	2078	1996	2038	2063	2061	2017	2032	1431.45858
2007	1993	1941	2163	2024	2003	2153	2122	2030	2142	2211	2006	2025	2042	2012	2103	1984	2017	2072	2046	2032	2077	2019	2015	2000	2068	2023	2030	2071	2122	2077	2059	2014	2092	2062	2097	1992	1967	1926	1991	2043	2003	1986	2040	2035	2021	2010	2078	2003	2020	2052	2008	1992	2002	2035	2035	1978	2055	2002	2010	2060	2031	2036	2098	2019	2035	2018	1976	2012	1926	1976	1957	2016	1936	2011	2068	2081	1997	2011	2046	2016	2002	2002	1996	2025	2078	2010	2085	2052	2072	2048	2000	2038	2074	2073	2070	1433.912905
2056	2007	2057	2145	2009	1994	2154	2127	2035	2124	2214	2032	2027	2025	2041	2055	2006	2053	2011	2035	2051	2038	2000	2042	2129	2019	1979	2035	1990	2025	2019	2060	2053	2041	2056	2076	1938	1931	1919	1973	2025	2012	1985	2004	1994	2073	2021	1980	2039	1986	2025	2015	2073	2075	2042	2021	1988	2044	2017	1985	2047	1945	1941	2021	2048	2037	2077	2086	1971	2004	1965	2021	2026	2009	2024	1971	2017	2041	2012	2020	2068	2033	2047	2040	2060	2073	2101	2031	2063	2045	2027	2064	2014	2083	2006	2025	1436.366165
2081	2027	2085	2159	2054	2036	2103	2161	2084	2156	2250	2120	2058	2145	1981	2096	2076	2075	2114	2079	2046	2060	2053	2016	2099	2141	2040	2040	2018	2065	2058	2055	2006	2051	2072	2164	1957	1933	2033	2053	2039	2048	2050	2071	2050	1986	2048	2073	2142	2080	2120	2050	1998	2047	2014	2033	2060	2130	2036	2029	2078	2038	2053	2017	2015	2082	2007	2060	2077	2035	2026	1991	2064	2059	2018	2081	2075	2018	2055	2027	2048	2074	2079	2068	2054	2122	2089	2153	2064	2065	1975	2080	2021	2042	2097	2104	1438.81836
2114	2150	2162	2245	2118	2092	2238	2195	2068	2153	2229	2162	2134	2078	2095	2093	2110	2111	2113	2124	2147	2131	2096	2119	2149	2163	2108	2170	2123	2071	2189	2133	2012	2126	2107	2159	2067	2045	2031	2112	2084	2082	2120	2127	2030	2066	2048	2109	2150	2137	2101	2120	2062	2134	2095	2089	2109	2099	2134	2059	2093	2072	2090	2177	2117	2161	2081	2097	2084	2042	2078	2070	2135	2112	2098	2127	2059	2066	2038	2074	2075	2120	2100	2108	2104	2096	2145	2131	2158	2140	2111	2102	2126	2075	2124	2063	1441.269492
2126	2204	2190	2297	2154	2147	2302	2333	2121	2324	2450	2210	2172	2219	2176	2207	2171	2178	2208	2216	2193	2204	2177	2221	2245	2202	2198	2186	2173	2172	2279	2198	2255	2213	2216	2224	2098	2065	2156	2150	2141	2177	2252	2183	2219	2131	2164	2081	2140	2194	2173	2197	2135	2201	2147	2149	2204	2186	2154	2182	2162	2192	2210	2145	2194	2198	2171	2231	2195	2155	2182	2118	2157	2118	2173	2214	2158	2137	2181	2191	2159	2156	2201	2243	2180	2207	2153	2250	2160	2197	2188	2135	2126	2185	2217	2141	1443.706802
2360	2393	2357	2472	2320	2369	2448	2378	2366	2419	2557	2397	2336	2329	2327	2322	2372	2311	2307	2327	2322	2302	2308	2317	2337	2332	2379	2311	2352	2313	2368	2296	2331	2316	2327	2405	2230	2297	2251	2328	2280	2321	2360	2355	2324	2279	2281	2278	2326	2299	2295	2340	2319	2298	2336	2299	2265	2324	2378	2353	2436	2256	2269	2359	2320	2313	2320	2361	2347	2317	2294	2272	2342	2292	2328	2329	2350	2352	2282	2260	2322	2336	2295	2285	2334	2307	2290	2414	2397	2334	2372	2290	2313	2346	2404	2323	1446.155813
2565	2608	2588	2674	2560	2584	2672	2680	2602	2739	2747	2665	2587	2560	2527	2615	2569	2574	2630	2578	2551	2574	2565	2594	2636	2627	2565	2614	2612	2564	2597	2585	2568	2594	2578	2606	2562	2483	2554	2564	2552	2613	2574	2577	2517	2478	2530	2567	2606	2625	2587	2514	2543	2493	2572	2563	2552	2576	2602	2580	2594	2630	2495	2548	2612	2544	2603	2572	2517	2512	2592	2459	2591	2572	2583	2559	2551	2526	2584	2570	2602	2600	2573	2578	2541	2621	2640	2574	2562	2623	2562	2625	2594	2551	2630	2587	1448.603763
2961	2897	2990	2961	2926	2913	3015	3051	2930	2998	3104	2973	2924	2905	2895	2935	2835	2888	2933	2901	2900	2907	2901	2892	2972	2960	2896	2953	2914	2902	2894	2920	2906	2863	2950	2860	2800	2878	2746	2915	2879	2887	2888	2958	3054	2897	2866	2849	2908	2955	2903	2930	2882	2843	2895	2896	2917	2973	2894	2868	2876	2862	2892	2891	2820	2967	2805	2900	2893	2864	2776	2900	2908	2809	2934	2899	2897	2916	2973	2914	2893	2924	2878	2851	2867	2902	2995	2904	2898	2945	2861	2847	2857	2882	2968	2909	1451.03791
3364	3366	3339	3471	3374	3318	3387	3487	3367	3388	3551	3309	3335	3331	3316	3307	3347	3298	3313	3325	3284	3329	3340	3306	3368	3361	3325	3376	3356	3335	3299	3299	3392	3375	3256	3343	3216	3208	3236	3277	3274	3216	3336	3369	3326	3337	3254	3296	3340	3316	3333	3268	3302	3261	3330	3315	3286	3307	3255	3268	3299	3202	3326	3322	3318	3222	3214	3311	3306	3229	3304	3355	3263	3317	3253	3233	3292	3303	3201	3285	3279	3281	3321	3241	3338	3380	3363	3349	3345	3199	3324	3363	3274	3347	3266	3332	1453.483744
3572	3652	3543	3791	3599	3656	3714	3683	3716	3686	3825	3678	3591	3604	3529	3647	3643	3690	3534	3587	3613	3549	3649	3615	3621	3644	3625	3630	3606	3644	3669	3684	3662	3550	3603	3689	3540	3589	3581	3586	3609	3681	3572	3593	3640	3562	3551	3541	3640	3641	3574	3556	3555	3663	3561	3625	3480	3679	3634	3561	3637	3540	3589	3581	3558	3643	3648	3564	3590	3562	3559	3560	3585	3544	3447	3627	3629	3523	3519	3571	3669	3623	3517	3566	3724	3663	3615	3643	3558	3569	3642	3556	3569	3602	3577	3643	1455.915787
3657	3692	3695	3750	3654	3706	3775	3694	3697	3765	3843	3753	3653	3704	3625	3636	3649	3636	3722	3670	3664	3633	3603	3718	3648	3679	3631	3669	3660	3635	3691	3584	3689	3677	3634	3725	3616	3632	3645	3661	3659	3697	3577	3656	3638	3577	3641	3655	3578	3632	3704	3632	3629	3579	3620	3672	3624	3620	3720	3620	3613	3640	3566	3719	3734	3599	3689	3609	3686	3654	3625	3643	3741	3752	3646	3641	3658	3660	3645	3528	3632	3669	3686	3720	3589	3650	3626	3674	3655	3585	3649	3622	3628	3655	3639	3733	1458.359508
3411	3517	3472	3571	3518	3385	3560	3618	3449	3511	3639	3477	3420	3423	3422	3513	3486	3490	3337	3513	3422	3450	3404	3479	3489	3468	3363	3394	3429	3444	3467	3478	3495	3449	3473	3476	3379	3381	3407	3356	3361	3394	3474	3458	3405	3412	3497	3457	3491	3479	3403	3479	3366	3460	3456	3446	3495	3447	3451	3488	3426	3485	3469	3471	3444	3476	3443	3366	3423	3379	3452	3391	3435	3500	3406	3468	3405	3398	3423	3431	3519	3503	3484	3355	3519	3544	3469	3518	3487	3465	3425	3461	3383	3426	3463	3468	1460.789451
3137	3188	3108	3223	3117	3190	3154	3270	3130	3185	3338	3104	3167	3077	3138	3197	3121	3104	3203	3077	3080	3125	3109	3069	3155	3203	3187	3182	3145	3129	3138	3069	3092	3133	3163	3119	3031	3127	3070	3121	3184	3146	3132	3059	3131	3064	3112	3086	3113	3123	3214	3181	3069	3104	3164	3073	3099	3187	3081	3030	3049	3160	3116	3044	3170	3125	3062	3173	3084	3039	3040	3121	3114	3037	3072	3131	3144	3162	3086	3148	3072	3068	3118	3098	3073	3165	3179	3069	3063	3209	3131	3168	3196	3162	3134	3189	1463.218347
2779	2761	2775	2866	2772	2811	2894	2925	2842	2839	2968	2727	2778	2787	2726	2838	2833	2780	2806	2833	2804	2738	2874	2788	2792	2828	2789	2794	2768	2853	2816	2760	2873	2798	2774	2858	2764	2767	2654	2750	2820	2772	2802	2795	2779	2718	2804	2756	2711	2796	2714	2744	2749	2720	2774	2687	2758	2821	2753	2784	2790	2786	2731	2797	2806	2816	2743	2828	2845	2786	2674	2783	2716	2802	2743	2815	2752	2789	2844	2691	2795	2841	2777	2804	2824	2756	2784	2779	2838	2827	2753	2777	2763	2744	2795	2827	1465.646197
2476	2459	2413	2616	2509	2454	2594	2591	2526	2525	2726	2428	2450	2501	2536	2480	2498	2501	2472	2543	2525	2419	2412	2547	2547	2520	2501	2477	2463	2492	2594	2495	2501	2544	2522	2548	2376	2503	2432	2503	2504	2451	2474	2470	2431	2464	2523	2500	2530	2562	2544	2501	2517	2458	2513	2526	2450	2484	2483	2532	2508	2483	2526	2497	2476	2540	2477	2489	2450	2471	2498	2439	2512	2459	2510	2504	2476	2486	2490	2446	2520	2464	2529	2524	2521	2509	2555	2489	2433	2504	2430	2554	2425	2476	2489	2534	1468.073002
2238	2216	2253	2383	2253	2223	2307	2354	2296	2329	2380	2265	2189	2212	2199	2206	2177	2219	2254	2207	2271	2169	2258	2217	2171	2254	2221	2287	2185	2241	2251	2193	2218	2262	2253	2239	2182	2116	2150	2210	2265	2204	2283	2194	2212	2204	2192	2173	2185	2240	2250	2237	2246	2177	2231	2240	2251	2270	2203	2254	2178	2273	2254	2296	2166	2171	2226	2209	2248	2191	2189	2188	2241	2252	2228	2227	2238	2252	2191	2125	2235	2210	2177	2195	2324	2193	2193	2181	2288	2269	2259	2242	2194	2185	2229	2254	1470.498762
2093	2010	2047	2199	2055	2002	2161	2141	2073	2117	2225	2086	2012	2034	1997	1989	1993	2036	2058	2010	2018	2020	2106	2040	2023	2061	2098	2056	2009	2067	2063	1998	2102	2032	2029	2072	1950	1976	1956	1956	2022	2034	2084	2033	1983	1984	1993	2019	1988	2013	2078	2017	2033	1989	2051	2020	2072	1995	2034	2015	2034	2003	2065	2019	2065	1995	2059	2045	2093	2020	1950	1994	2025	2026	1980	1980	1986	1993	1963	1991	2035	2100	2004	2005	2029	2066	2048	2008	2009	1990	2082	2042	2057	2029	2054	2046	1472.923478
1778	1860	1852	2003	1844	1844	1910	1934	1892	1916	2025	1865	1797	1833	1886	1858	1852	1808	1890	1802	1881	1843	1853	1837	1891	1836	1825	1861	1916	1826	1880	1844	1804	1838	1851	1860	1797	1762	1748	1882	1755	1820	1829	1928	1817	1823	1863	1847	1844	1873	1866	1870	1793	1788	1837	1805	1871	1864	1819	1820	1828	1903	1783	1901	1837	1875	1840	1871	1812	1821	1833	1779	1808	1783	1849	1818	1872	1893	1794	1836	1861	1883	1922	1817	1882	1880	1863	1896	1864	1832	1860	1837	1883	1867	1860	1902	1475.347151
1706	1738	1723	1839	1725	1773	1825	1793	1714	1742	1910	1733	1721	1777	1718	1776	1752	1749	1717	1699	1733	1713	1695	1750	1731	1752	1718	1717	1763	1718	1717	1726	1725	1730	1699	1762	1644	1667	1702	1741	1687	1677	1709	1806	1681	1716	1675	1750	1806	1741	1698	1732	1707	1733	1699	1757	1700	1692	1706	1740	1653	1693	1749	1763	1768	1692	1773	1696	1777	1692	1693	1633	1725	1641	1725	1729	1661	1743	1711	1702	1791	1769	1712	1678	1697	1714	1757	1742	1769	1764	1707	1743	1749	1766	1723	1742	1477.769782
1606	1617	1647	1761	1623	1626	1722	1731	1714	1697	1818	1680	1638	1707	1643	1664	1606	1660	1701	1650	1615	1635	1607	1611	1622	1693	1636	1643	1651	1619	1658	1615	1679	1665	1618	1682	1564	1582	1532	1616	1647	1664	1689	1626	1635	1650	1567	1647	1654	1671	1636	1687	1618	1614	1656	1598	1654	1635	1581	1624	1635	1610	1654	1701	1670	1616	1584	1613	1604	1604	1568	1593	1664	1642	1633	1615	1622	1635	1708	1592	1621	1630	1659	1670	1628	1654	1658	1668	1672	1672	1654	1634	1641	1698	1626	1670	1480.178694
1601	1576	1580	1716	1576	1528	1699	1701	1613	1598	1760	1592	1567	1518	1560	1570	1590	1562	1539	1563	1570	1570	1610	1561	1566	1610	1547	1591	1589	1579	1553	1567	1569	1570	1564	1561	1474	1487	1497	1568	1537	1547	1513	1559	1552	1562	1499	1535	1571	1557	1545	1551	1572	1583	1546	1490	1531	1535	1620	1565	1548	1529	1587	1526	1511	1593	1568	1565	1548	1471	1517	1503	1543	1520	1571	1557	1479	1524	1584	1588	1587	1603	1557	1509	1566	1536	1549	1556	1568	1569	1513	1546	1590	1550	1537	1589	1482.599247
1489	1531	1505	1645	1546	1503	1556	1617	1489	1588	1704	1568	1545	1532	1490	1495	1534	1488	1548	1520	1549	1500	1573	1524	1531	1557	1540	1518	1565	1507	1483	1516	1531	1502	1497	1528	1463	1454	1459	1509	1447	1540	1506	1512	1492	1517	1483	1489	1562	1542	1545	1565	1530	1513	1502	1536	1507	1506	1498	1513	1511	1499	1495	1572	1538	1569	1514	1479	1487	1508	1462	1445	1522	1516	1493	1457	1506	1530	1463	1543	1514	1551	1497	1539	1559	1500	1501	1531	1550	1490	1558	1502	1488	1537	1486	1550	1485.018759
1479	1499	1467	1555	1477	1503	1601	1621	1504	1535	1625	1461	1465	1462	1445	1436	1525	1486	1501	1508	1474	1501	1453	1453	1469	1530	1454	1509	1502	1471	1464	1499	1434	1517	1514	1507	1389	1394	1456	1447	1485	1485	1479	1432	1479	1447	1465	1381	1535	1453	1476	1472	1462	1419	1462	1452	1461	1454	1470	1460	1509	1451	1448	1475	1486	1480	1480	1458	1463	1445	1423	1448	1458	1481	1455	1492	1456	1382	1489	1463	1468	1462	1463	1484	1520	1441	1488	1508	1471	1520	1479	1465	1492	1477	1514	1489	1487.424572
1398	1458	1415	1514	1438	1406	1550	1545	1481	1513	1633	1460	1476	1406	1447	1422	1491	1433	1402	1448	1459	1408	1401	1436	1447	1502	1487	1434	1465	1425	1452	1461	1413	1439	1450	1506	1344	1377	1403	1431	1415	1389	1422	1437	1426	1431	1429	1379	1482	1469	1454	1416	1431	1438	1441	1427	1382	1448	1453	1420	1446	1426	1403	1419	1508	1448	1424	1442	1471	1408	1392	1384	1487	1421	1423	1385	1422	1464	1418	1397	1476	1371	1456	1466	1465	1442	1435	1434	1481	1456	1409	1470	1420	1421	1442	1477	1489.829356
1448	1383	1451	1521	1447	1452	1459	1527	1440	1467	1587	1449	1376	1463	1431	1477	1443	1407	1428	1463	1435	1423	1406	1429	1452	1465	1428	1455	1481	1429	1440	1438	1389	1433	1441	1454	1382	1359	1359	1418	1422	1392	1414	1387	1397	1403	1364	1353	1443	1475	1474	1396	1419	1425	1426	1393	1396	1452	1400	1406	1430	1430	1402	1418	1448	1431	1423	1414	1375	1390	1409	1366	1400	1376	1354	1421	1413	1389	1404	1411	1430	1427	1381	1417	1364	1380	1392	1459	1471	1378	1442	1407	1445	1395	1380	1441	1492.245761
1426	1370	1379	1494	1417	1394	1478	1477	1444	1381	1596	1419	1371	1376	1381	1430	1407	1418	1399	1391	1362	1414	1409	1381	1426	1412	1378	1394	1356	1406	1438	1423	1421	1394	1416	1429	1317	1351	1314	1347	1405	1388	1399	1391	1394	1385	1367	1343	1430	1378	1438	1345	1388	1411	1367	1374	1364	1402	1362	1334	1386	1419	1364	1384	1478	1417	1406	1386	1423	1353	1317	1307	1364	1393	1399	1381	1349	1412	1379	1412	1346	1436	1397	1429	1393	1425	1413	1413	1409	1430	1389	1406	1361	1421	1351	1447	1494.648485
1411	1340	1394	1495	1422	1397	1458	1508	1359	1496	1565	1397	1349	1400	1374	1428	1374	1364	1424	1379	1430	1423	1377	1350	1430	1450	1404	1370	1376	1361	1365	1415	1422	1384	1404	1456	1371	1296	1259	1423	1402	1359	1449	1358	1416	1362	1311	1365	1392	1393	1411	1364	1338	1375	1346	1366	1377	1426	1409	1393	1382	1397	1379	1427	1390	1382	1412	1379	1378	1374	1341	1340	1401	1370	1391	1342	1389	1367	1343	1375	1378	1351	1349	1412	1384	1387	1391	1388	1424	1424	1418	1375	1368	1371	1387	1441	1497.050183
1385	1379	1372	1476	1378	1318	1496	1492	1436	1443	1548	1349	1353	1371	1400	1415	1356	1356	1364	1363	1388	1393	1361	1362	1390	1366	1389	1341	1399	1361	1372	1378	1372	1361	1375	1447	1294	1343	1324	1341	1344	1353	1392	1344	1317	1381	1360	1346	1402	1372	1385	1377	1373	1359	1353	1380	1330	1367	1384	1368	1347	1369	1341	1396	1354	1382	1394	1396	1392	1367	1319	1300	1364	1361	1354	1362	1316	1369	1360	1348	1344	1369	1416	1354	1385	1383	1363	1401	1375	1423	1353	1369	1392	1385	1380	1378	1499.450855
1386	1369	1356	1394	1373	1381	1414	1453	1384	1474	1573	1333	1383	1351	1344	1352	1357	1362	1388	1385	1353	1339	1352	1329	1419	1368	1328	1365	1388	1373	1368	1368	1372	1422	1372	1349	1295	1283	1329	1349	1353	1329	1361	1361	1350	1355	1314	1334	1356	1336	1371	1360	1352	1304	1329	1352	1357	1367	1371	1353	1325	1326	1338	1371	1397	1351	1351	1344	1357	1315	1314	1316	1345	1295	1304	1365	1315	1339	1370	1309	1366	1358	1366	1363	1353	1376	1393	1364	1386	1376	1332	1346	1354	1353	1413	1316	1501.850502
1380	1371	1376	1480	1354	1339	1435	1440	1367	1433	1570	1381	1370	1359	1334	1410	1355	1362	1354	1363	1362	1341	1340	1319	1391	1372	1345	1357	1380	1367	1369	1378	1347	1372	1355	1400	1305	1328	1295	1339	1349	1384	1322	1350	1379	1317	1346	1347	1403	1359	1370	1355	1353	1344	1304	1307	1366	1334	1352	1351	1374	1358	1364	1336	1380	1377	1395	1335	1402	1308	1306	1357	1356	1359	1345	1378	1315	1340	1313	1384	1325	1388	1334	1305	1381	1331	1384	1369	1360	1404	1366	1340	1333	1335	1356	1373	1504.249124
1377	1320	1360	1454	1394	1358	1426	1430	1396	1461	1546	1368	1338	1355	1325	1382	1406	1311	1395	1376	1317	1352	1404	1383	1380	1415	1335	1310	1373	1366	1387	1373	1374	1358	1349	1384	1299	1253	1264	1319	1322	1356	1346	1324	1356	1333	1348	1314	1406	1402	1375	1332	1356	1367	1333	1341	1344	1368	1352	1369	1330	1346	1398	1348	1387	1352	1370	1364	1364	1342	1307	1311	1331	1339	1350	1375	1352	1336	1351	1314	1383	1382	1359	1384	1331	1369	1347	1368	1412	1347	1338	1353	1385	1374	1344	1359	1506.646723
1338	1363	1353	1481	1342	1364	1449	1430	1341	1378	1544	1369	1362	1379	1310	1347	1379	1365	1365	1347	1386	1323	1333	1346	1360	1375	1371	1361	1386	1295	1371	1340	1326	1358	1324	1367	1260	1290	1264	1338	1349	1325	1331	1351	1322	1335	1322	1355	1386	1357	1372	1334	1298	1288	1371	1336	1317	1363	1369	1362	1318	1322	1326	1367	1367	1362	1344	1376	1397	1299	1339	1259	1346	1330	1322	1308	1333	1363	1373	1328	1367	1360	1323	1337	1372	1335	1387	1388	1361	1356	1345	1332	1377	1370	1315	1358	1509.043298
1345	1347	1312	1440	1389	1366	1405	1407	1322	1454	1540	1359	1348	1346	1337	1371	1372	1358	1368	1330	1368	1321	1321	1358	1322	1376	1383	1342	1385	1343	1320	1329	1372	1358	1344	1341	1297	1287	1262	1319	1310	1326	1397	1338	1345	1292	1300	1284	1322	1330	1337	1374	1322	1355	1331	1336	1299	1362	1346	1339	1337	1383	1330	1375	1378	1346	1293	1357	1346	1304	1273	1251	1306	1349	1296	1347	1322	1308	1314	1311	1318	1310	1345	1329	1331	1336	1383	1353	1401	1317	1350	1330	1367	1332	1350	1320	1511.426246
1309	1362	1373	1435	1388	1335	1422	1442	1349	1427	1591	1379	1331	1358	1359	1369	1331	1353	1351	1353	1325	1385	1313	1370	1356	1345	1391	1344	1376	1371	1362	1333	1339	1388	1336	1397	1283	1253	1277	1329	1252	1294	1334	1352	1359	1319	1311	1323	1295	1327	1369	1339	1335	1339	1346	1313	1340	1277	1325	1365	1352	1351	1346	1363	1340	1356	1330	1353	1327	1284	1294	1285	1363	1303	1304	1309	1276	1295	1350	1348	1330	1342	1326	1339	1323	1383	1374	1339	1365	1377	1376	1350	1350	1331	1363	1271	1513.820782
1328	1342	1312	1477	1311	1379	1458	1443	1409	1438	1510	1339	1335	1339	1370	1340	1344	1339	1383	1362	1364	1347	1330	1386	1391	1366	1311	1340	1343	1353	1327	1378	1362	1385	1355	1343	1276	1250	1276	1315	1362	1321	1365	1319	1412	1334	1331	1339	1351	1354	1320	1358	1373	1327	1374	1339	1360	1364	1326	1369	1330	1328	1330	1375	1351	1338	1328	1349	1388	1225	1317	1257	1344	1334	1317	1356	1366	1322	1381	1361	1314	1357	1384	1357	1348	1339	1366	1354	1342	1346	1344	1335	1350	1349	1277	1420	1516.201703
1330	1359	1325	1440	1355	1309	1430	1414	1377	1419	1559	1340	1319	1323	1325	1345	1374	1321	1333	1358	1321	1319	1318	1328	1343	1315	1339	1365	1362	1383	1329	1383	1326	1396	1371	1368	1297	1250	1253	1353	1360	1323	1328	1355	1296	1273	1341	1281	1327	1316	1327	1290	1352	1366	1308	1292	1349	1337	1294	1357	1309	1327	1339	1356	1362	1380	1361	1333	1362	1288	1335	1264	1283	1316	1377	1318	1296	1353	1322	1351	1297	1372	1320	1308	1329	1362	1323	1332	1362	1334	1354	1375	1339	1310	1347	1338	1518.594203
1356	1320	1331	1402	1339	1339	1399	1471	1379	1437	1503	1384	1268	1293	1322	1297	1328	1297	1344	1322	1355	1324	1340	1333	1328	1355	1334	1334	1350	1349	1344	1322	1363	1356	1341	1346	1254	1274	1258	1325	1317	1357	1326	1327	1301	1317	1342	1292	1371	1320	1390	1306	1343	1346	1318	1276	1296	1332	1330	1374	1363	1316	1391	1367	1319	1338	1299	1362	1337	1282	1260	1279	1346	1307	1300	1350	1304	1307	1320	1301	1350	1339	1279	1359	1321	1317	1361	1331	1377	1313	1322	1341	1307	1312	1320	1379	1520.973099
1304	1347	1292	1458	1361	1346	1454	1471	1351	1355	1536	1312	1331	1326	1296	1377	1317	1350	1329	1359	1350	1381	1324	1351	1365	1363	1335	1327	1374	1346	1377	1382	1311	1323	1322	1352	1218	1234	1233	1348	1312	1312	1335	1342	1306	1305	1334	1305	1307	1328	1366	1313	1340	1311	1343	1343	1330	1296	1291	1275	1316	1306	1326	1324	1381	1326	1337	1328	1307	1271	1275	1255	1367	1317	1321	1304	1309	1285	1356	1348	1377	1350	1381	1344	1305	1319	1350	1370	1302	1294	1345	1334	1327	1306	1307	1310	1523.350987
1328	1327	1363	1453	1313	1350	1418	1431	1333	1405	1488	1333	1342	1302	1293	1354	1335	1308	1348	1358	1293	1369	1338	1315	1392	1398	1336	1339	1329	1331	1289	1360	1328	1327	1350	1355	1269	1252	1263	1306	1299	1345	1321	1366	1332	1298	1356	1280	1346	1380	1332	1340	1334	1322	1312	1328	1319	1349	1378	1281	1365	1361	1295	1363	1322	1347	1335	1343	1347	1305	1260	1274	1323	1305	1320	1308	1346	1304	1279	1356	1327	1331	1315	1317	1330	1351	1374	1373	1370	1374	1314	1295	1322	1323	1344	1382	1525.74044
1327	1311	1313	1424	1323	1301	1419	1411	1331	1392	1493	1344	1323	1339	1320	1328	1364	1330	1353	1348	1355	1276	1287	1351	1347	1376	1384	1343	1360	1357	1315	1308	1341	1342	1332	1344	1230	1251	1248	1297	1260	1322	1319	1346	1346	1290	1303	1286	1297	1312	1338	1292	1278	1290	1306	1352	1348	1328	1344	1321	1292	1343	1307	1359	1348	1337	1299	1298	1346	1243	1225	1286	1293	1289	1317	1274	1303	1332	1281	1288	1307	1305	1271	1337	1319	1381	1384	1318	1348	1359	1376	1296	1384	1330	1300	1360	1528.116308
1291	1284	1317	1416	1348	1375	1451	1412	1344	1397	1480	1339	1315	1306	1306	1335	1321	1346	1330	1311	1308	1309	1308	1349	1354	1365	1269	1316	1316	1315	1318	1333	1321	1357	1314	1363	1247	1227	1256	1282	1337	1312	1322	1293	1316	1315	1324	1317	1272	1328	1363	1325	1312	1329	1310	1276	1299	1320	1337	1325	1330	1357	1333	1305	1346	1341	1353	1342	1287	1231	1318	1246	1295	1281	1319	1302	1332	1310	1357	1308	1296	1318	1321	1315	1382	1352	1351	1329	1329	1328	1286	1329	1340	1247	1318	1325	1530.491168
1335	1323	1306	1438	1373	1330	1419	1454	1355	1409	1451	1346	1282	1333	1376	1352	1338	1343	1311	1302	1349	1331	1285	1310	1339	1342	1355	1332	1314	1333	1302	1345	1314	1354	1339	1331	1284	1237	1244	1319	1281	1295	1308	1302	1278	1294	1304	1268	1298	1311	1334	1318	1317	1305	1307	1336	1329	1373	1310	1279	1326	1319	1310	1321	1327	1352	1279	1315	1328	1294	1266	1270	1267	1322	1316	1280	1275	1302	1345	1327	1279	1319	1318	1313	1322	1315	1320	1333	1344	1347	1278	1321	1352	1319	1320	1297	1532.865023
1327	1310	1295	1467	1298	1303	1423	1448	1341	1393	1529	1349	1313	1278	1306	1325	1347	1320	1337	1342	1336	1332	1342	1353	1337	1346	1338	1329	1293	1306	1318	1333	1301	1309	1345	1309	1249	1279	1218	1320	1326	1313	1305	1338	1309	1313	1304	1274	1340	1373	1296	1353	1335	1312	1322	1280	1311	1321	1317	1335	1312	1308	1295	1326	1349	1336	1340	1291	1298	1258	1222	1259	1254	1337	1284	1294	1277	1315	1300	1304	1351	1347	1359	1284	1335	1328	1348	1347	1355	1324	1328	1296	1329	1347	1336	1411	1535.237872
1329	1358	1312	1484	1344	1301	1393	1440	1294	1379	1561	1328	1338	1261	1295	1340	1378	1341	1313	1366	1341	1342	1316	1302	1348	1334	1338	1328	1335	1322	1406	1324	1337	1357	1341	1393	1269	1238	1219	1317	1347	1281	1335	1359	1310	1345	1327	1324	1335	1356	1330	1322	1275	1290	1287	1324	1323	1364	1361	1333	1328	1336	1303	1311	1304	1317	1277	1341	1328	1306	1313	1256	1291	1329	1326	1260	1298	1321	1278	1319	1308	1313	1289	1303	1323	1328	1356	1355	1362	1318	1309	1334	1311	1324	1351	1325	1537.609717
1331	1340	1335	1410	1352	1320	1361	1373	1331	1408	1463	1378	1329	1323	1309	1363	1347	1307	1361	1354	1306	1328	1312	1356	1351	1305	1332	1326	1319	1345	1337	1308	1326	1372	1342	1344	1266	1271	1241	1310	1306	1358	1282	1319	1335	1297	1289	1302	1329	1318	1332	1318	1342	1339	1286	1344	1276	1310	1339	1360	1311	1323	1361	1377	1316	1302	1357	1331	1328	1303	1284	1291	1288	1325	1321	1312	1305	1323	1330	1319	1358	1263	1329	1327	1335	1383	1281	1372	1315	1341	1340	1308	1333	1339	1308	1413	1539.968016
1362	1352	1298	1447	1355	1346	1400	1430	1360	1370	1503	1381	1307	1311	1328	1353	1326	1306	1314	1329	1320	1331	1330	1321	1334	1333	1370	1342	1331	1349	1316	1413	1320	1351	1327	1327	1271	1290	1259	1292	1310	1350	1342	1329	1371	1321	1296	1310	1348	1368	1370	1320	1308	1327	1318	1326	1319	1334	1343	1323	1314	1345	1324	1323	1355	1367	1340	1330	1323	1307	1290	1271	1319	1365	1346	1279	1325	1330	1325	1330	1317	1379	1285	1308	1328	1321	1346	1368	1342	1362	1306	1356	1318	1372	1352	1362	1542.337859
1319	1361	1321	1450	1365	1386	1426	1379	1335	1428	1519	1341	1335	1346	1328	1334	1360	1317	1356	1338	1306	1326	1324	1351	1389	1371	1365	1366	1314	1332	1333	1349	1375	1338	1329	1315	1261	1247	1239	1352	1330	1330	1328	1328	1329	1304	1318	1324	1381	1358	1301	1313	1350	1306	1339	1334	1324	1327	1350	1318	1321	1320	1288	1353	1361	1373	1344	1355	1329	1288	1274	1280	1323	1283	1300	1334	1312	1309	1264	1321	1343	1354	1310	1290	1343	1363	1373	1366	1320	1366	1330	1302	1330	1340	1341	1319	1544.706699
1297	1334	1327	1468	1320	1327	1420	1446	1375	1408	1473	1354	1347	1349	1345	1300	1331	1389	1376	1344	1333	1343	1344	1358	1328	1338	1351	1346	1344	1310	1366	1325	1338	1332	1362	1338	1313	1296	1283	1357	1346	1326	1298	1337	1344	1375	1308	1341	1375	1306	1329	1345	1321	1338	1365	1323	1333	1297	1340	1353	1371	1330	1348	1321	1383	1380	1303	1332	1328	1314	1285	1281	1325	1329	1337	1284	1378	1330	1336	1356	1380	1298	1328	1333	1343	1334	1340	1369	1338	1356	1339	1331	1289	1370	1339	1295	1547.062011
1385	1357	1334	1406	1365	1327	1397	1450	1344	1449	1488	1349	1309	1344	1351	1349	1293	1320	1358	1371	1309	1310	1316	1314	1339	1314	1314	1357	1349	1331	1315	1320	1344	1328	1365	1327	1255	1278	1280	1349	1329	1379	1317	1326	1313	1314	1323	1318	1333	1395	1346	1314	1329	1356	1317	1316	1318	1301	1381	1386	1366	1351	1294	1328	1394	1341	1396	1371	1334	1295	1264	1288	1353	1303	1306	1309	1317	1267	1308	1354	1340	1309	1316	1320	1311	1373	1368	1371	1349	1355	1340	1319	1367	1371	1332	1366	1549.428852
1295	1336	1308	1414	1362	1317	1411	1453	1361	1385	1525	1407	1342	1312	1367	1307	1334	1355	1353	1368	1344	1321	1394	1315	1344	1375	1324	1349	1343	1299	1332	1374	1392	1364	1365	1367	1273	1304	1225	1308	1374	1379	1371	1321	1318	1326	1331	1337	1360	1370	1337	1316	1352	1351	1286	1341	1304	1302	1286	1324	1332	1301	1316	1324	1338	1346	1306	1296	1363	1317	1267	1297	1336	1300	1305	1317	1325	1331	1331	1316	1325	1368	1362	1333	1328	1374	1375	1361	1382	1311	1319	1358	1331	1382	1337	1347	1551.782178
1359	1318	1357	1452	1351	1325	1474	1413	1352	1415	1482	1391	1318	1340	1335	1329	1384	1354	1347	1326	1357	1388	1342	1343	1375	1386	1328	1294	1402	1377	1355	1380	1400	1355	1323	1363	1284	1322	1283	1372	1341	1301	1361	1341	1303	1303	1283	1350	1328	1348	1324	1348	1356	1351	1344	1360	1294	1313	1409	1378	1382	1355	1309	1371	1332	1347	1361	1337	1339	1305	1291	1311	1354	1349	1378	1303	1338	1351	1361	1312	1342	1391	1344	1339	1357	1361	1365	1351	1356	1377	1336	1364	1349	1369	1362	1370	1554.134514
1310	1343	1318	1404	1377	1383	1418	1492	1355	1387	1508	1411	1336	1312	1315	1359	1356	1340	1344	1361	1340	1348	1326	1339	1350	1384	1339	1324	1396	1367	1346	1331	1385	1366	1338	1370	1261	1293	1266	1320	1342	1364	1354	1340	1326	1341	1312	1322	1387	1337	1338	1358	1319	1338	1312	1342	1368	1319	1341	1345	1355	1346	1366	1321	1400	1364	1304	1330	1387	1306	1325	1332	1328	1310	1324	1304	1352	1319	1307	1307	1307	1301	1288	1338	1338	1332	1371	1344	1334	1368	1374	1339	1356	1381	1344	1328	1556.498365
1412	1336	1332	1472	1396	1350	1438	1384	1355	1405	1528	1403	1354	1384	1372	1389	1328	1342	1370	1311	1310	1366	1414	1364	1375	1397	1372	1379	1382	1316	1368	1357	1350	1367	1351	1368	1270	1253	1278	1410	1305	1356	1346	1367	1332	1330	1310	1338	1335	1366	1363	1340	1335	1347	1348	1325	1299	1372	1365	1377	1355	1347	1349	1385	1407	1366	1349	1341	1388	1311	1283	1268	1347	1352	1374	1308	1323	1293	1341	1368	1336	1382	1387	1351	1351	1322	1332	1390	1386	1405	1339	1389	1372	1336	1363	1408	1558.848718
1354	1377	1384	1474	1399	1377	1479	1487	1357	1418	1530	1355	1344	1295	1395	1360	1395	1354	1414	1409	1402	1346	1340	1353	1387	1367	1359	1326	1394	1378	1381	1330	1349	1371	1361	1416	1316	1325	1339	1351	1328	1348	1401	1381	1350	1340	1311	1353	1360	1332	1379	1364	1403	1348	1350	1422	1348	1387	1402	1336	1321	1340	1344	1363	1390	1385	1336	1309	1357	1312	1317	1333	1353	1376	1328	1307	1358	1344	1373	1365	1358	1374	1359	1313	1394	1377	1359	1382	1363	1397	1342	1354	1361	1354	1376	1378	1561.198083
1353	1364	1368	1468	1388	1348	1426	1405	1320	1412	1540	1404	1349	1357	1355	1416	1361	1383	1403	1371	1364	1368	1374	1415	1368	1369	1362	1385	1346	1383	1382	1390	1433	1345	1345	1379	1303	1322	1245	1351	1359	1325	1350	1386	1353	1393	1330	1354	1340	1406	1351	1410	1357	1376	1319	1365	1354	1364	1326	1364	1408	1342	1347	1386	1374	1352	1403	1393	1344	1326	1323	1322	1341	1379	1359	1342	1317	1323	1376	1350	1310	1365	1401	1369	1354	1353	1379	1373	1392	1369	1347	1338	1376	1366	1378	1415	1563.546462
1337	1411	1338	1491	1368	1388	1479	1472	1414	1412	1578	1408	1353	1409	1366	1346	1361	1368	1380	1412	1398	1395	1337	1408	1399	1401	1388	1421	1393	1385	1405	1418	1412	1371	1433	1367	1273	1307	1315	1357	1352	1411	1343	1385	1331	1351	1365	1342	1394	1383	1382	1397	1333	1368	1361	1368	1379	1376	1345	1368	1384	1364	1387	1372	1380	1363	1400	1389	1367	1363	1375	1289	1401	1413	1345	1321	1312	1363	1384	1388	1403	1360	1397	1335	1388	1372	1390	1402	1383	1422	1372	1382	1413	1373	1377	1366	1565.893853
1379	1378	1422	1521	1407	1411	1473	1466	1408	1443	1534	1378	1363	1414	1363	1373	1405	1411	1434	1378	1399	1388	1389	1367	1420	1407	1410	1385	1431	1368	1401	1346	1349	1375	1368	1437	1331	1294	1301	1390	1384	1367	1315	1426	1392	1362	1375	1342	1367	1441	1388	1382	1391	1355	1424	1356	1364	1439	1345	1391	1401	1404	1359	1388	1384	1418	1377	1393	1337	1301	1318	1344	1388	1389	1401	1347	1374	1419	1345	1383	1377	1380	1380	1348	1438	1453	1377	1397	1434	1373	1347	1408	1399	1405	1410	1399	1568.240259
1418	1407	1378	1472	1325	1431	1468	1442	1417	1419	1617	1378	1416	1373	1376	1429	1426	1388	1407	1376	1420	1414	1387	1358	1418	1408	1425	1408	1418	1404	1385	1394	1351	1373	1429	1436	1261	1329	1310	1385	1359	1327	1384	1420	1394	1439	1349	1386	1393	1396	1421	1388	1343	1365	1398	1356	1411	1406	1382	1424	1344	1421	1393	1409	1381	1451	1364	1427	1384	1319	1340	1339	1358	1405	1356	1395	1388	1340	1431	1365	1389	1406	1359	1380	1452	1424	1441	1384	1384	1402	1375	1379	1387	1393	1417	1368	1570.585679
1394	1395	1361	1468	1479	1451	1501	1499	1400	1485	1646	1430	1406	1403	1375	1386	1440	1416	1393	1439	1419	1408	1405	1412	1343	1428	1411	1433	1396	1402	1420	1387	1432	1436	1420	1458	1346	1309	1327	1401	1403	1422	1401	1415	1400	1360	1402	1378	1489	1450	1437	1433	1406	1402	1360	1408	1398	1388	1430	1420	1387	1455	1402	1424	1410	1444	1423	1371	1416	1329	1328	1346	1337	1400	1407	1400	1403	1401	1406	1400	1385	1400	1401	1401	1450	1410	1413	1390	1423	1418	1419	1385	1371	1443	1381	1419	1572.917647
1386	1428	1397	1572	1398	1421	1478	1482	1416	1450	1571	1454	1446	1416	1370	1408	1431	1458	1404	1425	1411	1382	1381	1436	1432	1439	1436	1421	1405	1419	1422	1448	1420	1463	1418	1441	1320	1343	1351	1399	1414	1401	1426	1399	1423	1395	1408	1428	1394	1436	1412	1415	1416	1382	1417	1415	1424	1385	1406	1439	1437	1409	1405	1412	1450	1426	1421	1416	1446	1345	1353	1339	1430	1369	1390	1400	1395	1400	1409	1386	1394	1445	1419	1413	1418	1387	1422	1442	1443	1447	1397	1396	1387	1434	1407	1440	1575.261104
1492	1386	1427	1523	1401	1467	1507	1539	1444	1496	1607	1480	1383	1431	1409	1433	1426	1468	1439	1434	1448	1444	1416	1465	1475	1449	1455	1473	1453	1457	1431	1439	1416	1435	1418	1454	1357	1363	1355	1418	1454	1421	1432	1382	1437	1418	1391	1418	1442	1445	1418	1395	1407	1425	1374	1415	1403	1402	1459	1457	1464	1424	1405	1459	1400	1430	1406	1465	1446	1356	1395	1346	1426	1451	1425	1416	1391	1392	1429	1400	1408	1402	1407	1411	1427	1459	1385	1470	1466	1419	1439	1483	1446	1507	1455	1433	1577.59112
1496	1484	1395	1575	1492	1470	1515	1596	1444	1533	1610	1418	1475	1400	1495	1483	1480	1523	1478	1468	1405	1449	1464	1464	1467	1456	1437	1491	1474	1488	1519	1489	1464	1386	1446	1464	1420	1393	1379	1447	1469	1442	1440	1466	1470	1419	1430	1442	1475	1457	1461	1436	1454	1500	1456	1451	1423	1536	1444	1468	1445	1508	1446	1468	1450	1418	1483	1473	1443	1374	1392	1418	1425	1418	1384	1391	1417	1398	1464	1437	1434	1479	1479	1456	1525	1492	1484	1511	1483	1529	1427	1466	1435	1447	1436	1476	1579.932615
1470	1491	1484	1543	1519	1488	1618	1596	1503	1554	1646	1546	1504	1490	1471	1530	1484	1481	1506	1521	1490	1515	1491	1459	1497	1522	1483	1490	1493	1523	1500	1472	1500	1469	1504	1513	1444	1429	1440	1504	1426	1481	1507	1450	1518	1471	1424	1447	1478	1504	1446	1454	1491	1446	1448	1476	1516	1518	1447	1502	1460	1504	1513	1478	1508	1475	1472	1481	1457	1413	1415	1453	1475	1436	1431	1421	1485	1468	1481	1461	1490	1456	1451	1484	1488	1490	1504	1542	1522	1499	1531	1494	1445	1480	1511	1512	1582.260682
1499	1469	1499	1529	1494	1527	1574	1556	1529	1525	1636	1506	1441	1446	1461	1511	1457	1470	1476	1515	1497	1520	1534	1455	1561	1521	1526	1543	1457	1459	1527	1462	1455	1473	1469	1498	1388	1449	1392	1486	1431	1465	1482	1484	1487	1479	1429	1465	1551	1478	1489	1455	1454	1472	1482	1510	1449	1463	1445	1452	1425	1460	1464	1487	1519	1512	1466	1474	1470	1385	1417	1399	1472	1501	1446	1455	1426	1421	1477	1476	1472	1517	1517	1451	1510	1480	1421	1468	1471	1469	1500	1486	1459	1493	1485	1455	1584.600219
1429	1430	1447	1572	1469	1434	1554	1513	1498	1505	1608	1510	1452	1429	1445	1472	1439	1507	1443	1470	1461	1453	1421	1492	1499	1490	1516	1435	1482	1485	1465	1498	1513	1484	1478	1452	1363	1369	1379	1404	1431	1427	1490	1449	1463	1446	1442	1429	1488	1458	1476	1422	1442	1447	1454	1489	1435	1492	1447	1403	1413	1497	1440	1466	1471	1463	1539	1436	1474	1453	1380	1379	1454	1491	1445	1442	1437	1422	1436	1434	1427	1438	1457	1475	1483	1464	1518	1453	1487	1456	1470	1481	1381	1494	1469	1442	1586.926339
1467	1503	1455	1531	1462	1430	1494	1548	1494	1572	1637	1507	1473	1499	1479	1493	1454	1456	1482	1439	1426	1464	1433	1460	1490	1445	1467	1477	1474	1465	1436	1479	1437	1479	1473	1416	1394	1352	1389	1373	1503	1398	1437	1472	1488	1391	1458	1428	1394	1465	1441	1442	1419	1432	1418	1472	1406	1516	1437	1463	1447	1450	1487	1447	1421	1499	1509	1468	1442	1384	1409	1367	1484	1446	1434	1418	1444	1430	1458	1431	1432	1453	1412	1408	1487	1430	1489	1438	1539	1481	1469	1456	1501	1438	1438	1457	1589.251488
1412	1460	1496	1540	1521	1474	1552	1531	1518	1517	1661	1455	1501	1431	1446	1474	1457	1544	1448	1452	1476	1466	1514	1452	1483	1470	1518	1520	1492	1493	1486	1461	1509	1492	1471	1539	1423	1342	1461	1409	1458	1398	1478	1474	1488	1427	1460	1445	1453	1453	1519	1455	1502	1511	1454	1499	1496	1507	1497	1445	1472	1483	1491	1485	1523	1460	1456	1513	1499	1415	1396	1424	1463	1448	1492	1471	1433	1432	1506	1476	1440	1453	1476	1463	1491	1479	1451	1480	1455	1486	1474	1490	1454	1453	1515	1553	1591.575668
1524	1558	1496	1619	1529	1463	1594	1577	1509	1565	1691	1515	1497	1525	1534	1511	1570	1540	1519	1507	1512	1491	1490	1573	1481	1526	1519	1556	1529	1489	1548	1578	1469	1498	1526	1545	1436	1426	1389	1493	1479	1525	1559	1461	1488	1497	1537	1500	1479	1499	1557	1530	1486	1450	1500	1521	1452	1492	1491	1477	1513	1489	1526	1488	1565	1543	1535	1495	1470	1463	1433	1448	1510	1534	1462	1513	1452	1481	1488	1510	1436	1494	1539	1513	1484	1542	1517	1481	1551	1509	1490	1527	1505	1504	1485	1479	1593.89888
1549	1550	1535	1622	1576	1558	1650	1555	1573	1613	1692	1557	1528	1542	1592	1535	1553	1503	1521	1598	1531	1574	1538	1579	1528	1544	1504	1527	1604	1586	1555	1548	1555	1529	1535	1565	1477	1495	1507	1518	1539	1504	1529	1558	1558	1564	1524	1514	1567	1533	1579	1540	1579	1520	1562	1528	1529	1495	1521	1607	1592	1567	1542	1569	1570	1553	1565	1583	1471	1479	1537	1488	1532	1558	1505	1516	1583	1536	1524	1524	1536	1535	1540	1555	1576	1577	1575	1454	1575	1558	1567	1533	1552	1579	1523	1534	1596.221123
1580	1580	1619	1704	1652	1603	1702	1649	1656	1662	1749	1595	1637	1617	1570	1593	1607	1618	1624	1618	1583	1628	1669	1565	1656	1661	1603	1618	1579	1616	1552	1649	1620	1649	1616	1622	1534	1524	1468	1558	1604	1591	1606	1605	1567	1624	1544	1545	1630	1634	1614	1569	1606	1586	1644	1615	1557	1633	1580	1629	1583	1651	1600	1619	1601	1585	1579	1565	1586	1596	1564	1548	1581	1609	1648	1530	1579	1551	1538	1632	1551	1614	1571	1640	1632	1611	1587	1586	1646	1539	1623	1605	1596	1582	1617	1636	1598.542399
1674	1658	1702	1752	1664	1676	1782	1740	1672	1741	1830	1694	1674	1667	1624	1659	1670	1659	1710	1654	1700	1690	1676	1676	1695	1684	1684	1701	1671	1692	1647	1664	1679	1723	1666	1673	1565	1650	1581	1638	1629	1598	1677	1660	1605	1630	1639	1614	1652	1656	1674	1652	1673	1672	1612	1665	1639	1621	1683	1710	1613	1625	1702	1724	1699	1707	1668	1637	1702	1621	1610	1622	1677	1663	1671	1635	1629	1633	1683	1651	1636	1674	1616	1635	1654	1730	1677	1589	1687	1668	1605	1648	1603	1709	1622	1649	1600.862708
1639	1650	1641	1734	1645	1685	1716	1755	1692	1718	1833	1663	1654	1636	1689	1666	1685	1688	1671	1685	1649	1696	1603	1702	1699	1713	1662	1729	1685	1669	1743	1640	1651	1735	1680	1708	1573	1609	1613	1592	1680	1664	1674	1639	1687	1634	1603	1622	1657	1628	1656	1651	1656	1679	1694	1621	1606	1682	1666	1709	1669	1642	1669	1695	1686	1705	1649	1686	1634	1616	1562	1604	1735	1680	1622	1681	1654	1652	1684	1655	1613	1652	1674	1670	1703	1681	1640	1721	1677	1676	1668	1657	1682	1632	1677	1630	1603.18205
1647	1582	1574	1707	1628	1643	1733	1731	1660	1731	1777	1682	1638	1663	1577	1629	1669	1692	1665	1676	1683	1600	1671	1655	1612	1659	1632	1646	1616	1631	1604	1627	1664	1655	1646	1694	1576	1591	1562	1609	1610	1618	1642	1637	1569	1654	1588	1583	1622	1653	1644	1610	1602	1593	1603	1621	1625	1698	1644	1661	1576	1675	1625	1677	1617	1693	1622	1556	1647	1588	1592	1544	1588	1588	1601	1597	1595	1626	1611	1649	1606	1596	1611	1605	1629	1580	1637	1645	1646	1643	1616	1623	1608	1621	1631	1695	1605.500427
1593	1579	1573	1681	1613	1613	1623	1688	1567	1622	1797	1560	1593	1570	1635	1573	1639	1624	1565	1563	1577	1551	1563	1623	1646	1604	1570	1550	1559	1605	1577	1568	1591	1566	1606	1600	1548	1516	1522	1606	1599	1547	1545	1602	1551	1570	1596	1566	1595	1571	1572	1590	1568	1554	1553	1562	1521	1574	1585	1611	1604	1584	1564	1633	1548	1547	1575	1625	1558	1521	1495	1576	1538	1559	1601	1552	1556	1539	1553	1565	1609	1575	1609	1578	1603	1619	1555	1627	1596	1575	1549	1618	1606	1569	1597	1575	1607.805448
1476	1568	1558	1615	1601	1583	1656	1614	1599	1604	1693	1613	1571	1598	1548	1581	1609	1584	1579	1622	1569	1546	1557	1572	1585	1624	1506	1587	1616	1604	1597	1634	1577	1608	1541	1598	1513	1502	1463	1531	1568	1538	1566	1590	1542	1550	1538	1549	1538	1578	1608	1519	1543	1574	1554	1550	1563	1584	1551	1584	1595	1560	1552	1571	1572	1563	1539	1576	1522	1502	1511	1587	1559	1569	1543	1557	1516	1547	1596	1581	1534	1568	1579	1575	1556	1555	1589	1550	1589	1622	1532	1585	1602	1507	1585	1622	1610.1219
1541	1556	1553	1643	1611	1552	1649	1649	1589	1621	1698	1558	1526	1577	1552	1551	1584	1564	1577	1580	1593	1561	1586	1563	1626	1595	1608	1567	1611	1571	1568	1547	1507	1605	1585	1557	1468	1509	1474	1585	1542	1587	1542	1568	1555	1518	1539	1489	1575	1604	1578	1574	1550	1517	1529	1558	1559	1572	1509	1584	1519	1543	1516	1584	1588	1567	1562	1558	1563	1507	1518	1536	1624	1545	1529	1550	1560	1577	1472	1583	1545	1602	1576	1548	1540	1560	1508	1599	1602	1579	1559	1577	1592	1554	1557	1571	1612.425009
1609	1590	1536	1637	1530	1600	1602	1695	1627	1630	1713	1550	1580	1528	1607	1559	1558	1516	1636	1557	1595	1556	1585	1586	1602	1562	1619	1612	1538	1504	1610	1594	1587	1549	1592	1593	1498	1490	1529	1523	1513	1564	1587	1580	1566	1524	1505	1557	1592	1583	1570	1566	1547	1519	1550	1557	1603	1604	1574	1568	1540	1569	1556	1600	1594	1560	1546	1553	1605	1453	1528	1498	1586	1542	1544	1616	1562	1563	1554	1504	1566	1551	1579	1559	1562	1620	1601	1587	1597	1592	1596	1563	1589	1584	1568	1555	1614.739539
1580	1558	1567	1675	1540	1585	1630	1631	1550	1631	1653	1639	1645	1575	1538	1605	1556	1597	1610	1549	1638	1602	1589	1564	1553	1604	1584	1620	1607	1632	1566	1635	1569	1561	1625	1640	1531	1500	1449	1561	1547	1577	1599	1625	1542	1533	1542	1543	1585	1599	1558	1578	1544	1575	1565	1580	1542	1555	1539	1563	1560	1581	1573	1574	1548	1593	1613	1623	1527	1530	1507	1554	1562	1524	1550	1610	1583	1525	1565	1530	1553	1581	1618	1600	1590	1598	1605	1631	1546	1565	1564	1544	1610	1592	1544	1592	1617.040737
1594	1608	1571	1645	1610	1567	1675	1718	1580	1645	1779	1594	1569	1589	1599	1596	1592	1600	1610	1601	1637	1588	1590	1602	1640	1615	1602	1600	1646	1559	1636	1641	1623	1544	1622	1618	1511	1502	1491	1583	1549	1612	1602	1574	1575	1605	1548	1574	1617	1616	1575	1547	1630	1621	1584	1565	1582	1593	1612	1572	1635	1604	1600	1658	1644	1580	1593	1667	1571	1559	1540	1526	1528	1583	1580	1562	1591	1576	1612	1544	1597	1577	1594	1603	1623	1588	1635	1650	1596	1619	1579	1618	1634	1556	1582	1577	1619.340983
1570	1586	1609	1659	1631	1646	1689	1644	1630	1634	1693	1595	1637	1535	1634	1683	1623	1638	1617	1561	1645	1649	1580	1617	1566	1636	1642	1615	1651	1612	1660	1600	1650	1605	1604	1661	1510	1548	1523	1574	1615	1585	1635	1619	1618	1616	1567	1574	1630	1629	1656	1577	1616	1556	1597	1640	1558	1595	1601	1638	1615	1597	1592	1578	1578	1569	1606	1652	1647	1515	1585	1554	1616	1613	1598	1575	1640	1586	1602	1552	1670	1587	1605	1577	1654	1569	1599	1588	1586	1648	1595	1606	1577	1603	1635	1574	1621.640277
1608	1598	1610	1730	1594	1656	1677	1671	1640	1672	1761	1639	1590	1575	1612	1670	1631	1601	1622	1648	1626	1647	1580	1646	1681	1624	1623	1639	1654	1587	1651	1614	1657	1661	1627	1597	1526	1508	1519	1588	1597	1651	1648	1596	1625	1581	1586	1594	1647	1604	1621	1565	1615	1549	1564	1581	1627	1626	1639	1600	1575	1580	1601	1684	1606	1568	1613	1631	1634	1609	1546	1530	1609	1636	1563	1579	1655	1648	1634	1610	1569	1608	1629	1632	1639	1651	1637	1637	1581	1629	1600	1614	1617	1622	1618	1633	1623.938621
1614	1597	1569	1703	1599	1622	1691	1695	1641	1635	1787	1611	1592	1607	1565	1623	1692	1634	1662	1624	1572	1581	1675	1542	1646	1677	1618	1648	1599	1603	1601	1609	1640	1649	1633	1626	1591	1540	1528	1622	1556	1626	1672	1613	1670	1643	1596	1587	1696	1570	1607	1653	1596	1600	1618	1616	1574	1597	1644	1603	1640	1640	1612	1659	1615	1656	1611	1629	1639	1557	1598	1572	1636	1622	1579	1583	1648	1631	1592	1593	1649	1654	1624	1586	1625	1615	1657	1614	1635	1623	1617	1623	1619	1624	1608	1593	1626.236015
1653	1631	1587	1752	1579	1629	1722	1731	1612	1697	1730	1636	1622	1608	1646	1645	1640	1647	1648	1605	1636	1621	1558	1635	1629	1646	1610	1642	1604	1656	1632	1662	1664	1692	1661	1674	1546	1525	1568	1589	1614	1598	1628	1604	1611	1646	1622	1577	1641	1642	1665	1639	1621	1646	1615	1626	1627	1603	1649	1625	1675	1626	1654	1638	1632	1609	1601	1646	1673	1541	1541	1539	1591	1636	1664	1623	1585	1622	1628	1590	1605	1594	1628	1673	1642	1677	1662	1683	1631	1597	1659	1588	1659	1604	1588	1617	1628.532459
1678	1587	1672	1684	1617	1635	1630	1698	1596	1674	1772	1655	1610	1629	1688	1626	1662	1632	1607	1610	1615	1637	1668	1601	1650	1643	1638	1621	1592	1644	1639	1607	1641	1658	1586	1692	1546	1580	1520	1633	1680	1594	1587	1613	1605	1590	1609	1582	1596	1607	1635	1663	1621	1587	1633	1581	1622	1554	1674	1649	1612	1637	1626	1648	1634	1619	1643	1623	1621	1593	1536	1587	1602	1588	1653	1656	1625	1600	1681	1610	1595	1679	1632	1617	1657	1584	1634	1609	1659	1642	1617	1598	1615	1641	1610	1581	1630.827955
1606	1612	1662	1662	1631	1600	1684	1690	1641	1695	1728	1650	1624	1628	1560	1625	1645	1597	1650	1613	1636	1599	1603	1591	1683	1635	1597	1638	1664	1669	1621	1643	1637	1639	1625	1625	1540	1556	1599	1625	1598	1618	1617	1620	1624	1588	1650	1639	1613	1628	1662	1598	1620	1608	1586	1617	1610	1589	1646	1638	1648	1605	1593	1644	1647	1644	1672	1616	1657	1564	1596	1557	1601	1668	1595	1606	1607	1585	1639	1618	1566	1604	1668	1633	1711	1654	1615	1684	1690	1616	1658	1670	1618	1646	1627	1681	1633.122502
1564	1618	1605	1710	1571	1610	1654	1694	1661	1702	1732	1620	1604	1639	1590	1626	1644	1623	1677	1654	1640	1641	1634	1618	1648	1676	1643	1699	1612	1547	1582	1644	1620	1662	1652	1654	1560	1545	1554	1615	1584	1624	1655	1621	1653	1606	1642	1615	1680	1627	1608	1623	1663	1581	1562	1620	1665	1636	1623	1638	1636	1600	1584	1656	1623	1661	1614	1627	1587	1578	1585	1576	1575	1674	1629	1636	1619	1658	1644	1626	1604	1616	1567	1636	1642	1615	1675	1669	1663	1582	1565	1607	1644	1609	1606	1601	1635.416101
1656	1651	1609	1644	1618	1636	1637	1668	1592	1664	1777	1670	1609	1641	1635	1625	1616	1620	1623	1614	1679	1597	1597	1612	1625	1630	1620	1628	1657	1609	1619	1634	1620	1659	1616	1629	1586	1569	1533	1572	1609	1567	1542	1625	1663	1596	1591	1573	1616	1644	1640	1605	1585	1636	1605	1566	1589	1653	1623	1655	1607	1635	1584	1639	1607	1593	1668	1630	1684	1552	1573	1593	1620	1624	1589	1566	1572	1587	1604	1618	1601	1640	1625	1645	1660	1661	1628	1635	1675	1612	1592	1580	1588	1611	1639	1656	1637.69643
1620	1597	1611	1630	1609	1643	1640	1646	1637	1583	1780	1646	1550	1564	1566	1590	1577	1671	1617	1595	1613	1524	1596	1599	1600	1581	1634	1616	1582	1619	1646	1630	1612	1574	1610	1685	1573	1568	1540	1597	1623	1569	1622	1569	1617	1575	1540	1631	1643	1619	1619	1587	1598	1609	1606	1570	1568	1619	1613	1599	1621	1597	1592	1632	1569	1594	1616	1625	1633	1569	1583	1517	1615	1567	1584	1566	1565	1557	1630	1540	1570	1569	1642	1574	1618	1604	1608	1647	1628	1608	1641	1554	1623	1611	1570	1627	1639.98814
1571	1599	1629	1672	1651	1588	1685	1697	1645	1623	1711	1660	1582	1591	1579	1621	1660	1631	1640	1634	1561	1616	1641	1593	1585	1634	1613	1585	1613	1613	1604	1603	1611	1592	1639	1610	1533	1550	1486	1556	1568	1567	1614	1630	1593	1588	1594	1566	1591	1592	1643	1625	1601	1581	1558	1585	1587	1578	1633	1662	1657	1591	1589	1605	1598	1605	1585	1647	1605	1596	1547	1587	1623	1627	1613	1558	1585	1604	1539	1605	1600	1554	1646	1605	1640	1645	1622	1627	1590	1578	1610	1640	1602	1576	1594	1609	1642.266591
1626	1562	1613	1642	1581	1609	1624	1620	1571	1652	1710	1689	1643	1605	1606	1603	1576	1594	1637	1603	1614	1580	1636	1607	1662	1606	1661	1570	1587	1631	1590	1580	1599	1623	1595	1573	1533	1523	1508	1605	1585	1591	1605	1568	1584	1623	1616	1542	1644	1639	1625	1582	1574	1630	1551	1556	1605	1571	1572	1601	1577	1564	1554	1621	1592	1589	1586	1549	1588	1510	1541	1538	1599	1584	1560	1584	1653	1582	1584	1573	1616	1652	1599	1619	1607	1575	1619	1629	1603	1652	1588	1596	1608	1587	1581	1621	1644.556416
1550	1627	1587	1662	1598	1622	1679	1667	1656	1637	1673	1599	1610	1595	1602	1628	1636	1626	1634	1608	1636	1618	1540	1622	1569	1623	1624	1631	1585	1562	1581	1600	1616	1587	1582	1605	1474	1503	1542	1570	1580	1590	1574	1610	1601	1600	1569	1571	1604	1645	1597	1645	1591	1595	1605	1575	1540	1597	1616	1555	1620	1613	1569	1587	1576	1584	1540	1617	1612	1535	1548	1562	1551	1588	1607	1606	1623	1583	1646	1543	1542	1583	1574	1607	1603	1634	1580	1625	1589	1621	1576	1569	1550	1554	1566	1594	1646.832992
1574	1591	1544	1643	1626	1559	1629	1662	1608	1685	1708	1607	1579	1590	1539	1603	1603	1602	1596	1577	1548	1620	1579	1554	1544	1612	1589	1553	1573	1608	1592	1610	1598	1609	1654	1605	1506	1532	1477	1582	1588	1550	1565	1596	1518	1559	1572	1561	1576	1606	1589	1577	1623	1582	1583	1584	1588	1585	1563	1576	1599	1554	1607	1630	1619	1592	1578	1576	1614	1523	1536	1566	1541	1574	1571	1602	1559	1562	1628	1591	1555	1628	1611	1607	1594	1571	1578	1590	1644	1580	1590	1558	1615	1594	1594	1613	1649.108634
1577	1576	1570	1643	1572	1590	1689	1636	1641	1626	1687	1560	1543	1582	1598	1556	1587	1571	1567	1589	1558	1540	1572	1609	1620	1590	1569	1570	1611	1605	1562	1613	1639	1599	1548	1618	1507	1543	1512	1607	1575	1542	1612	1625	1623	1555	1582	1570	1612	1555	1615	1582	1535	1592	1603	1528	1597	1590	1573	1547	1600	1518	1613	1604	1621	1602	1609	1572	1556	1576	1534	1557	1582	1580	1573	1528	1548	1558	1610	1531	1595	1590	1596	1575	1562	1548	1613	1650	1592	1564	1557	1612	1534	1581	1556	1534	1651.395636
1576	1595	1595	1654	1597	1580	1647	1620	1620	1559	1677	1630	1577	1593	1578	1587	1582	1586	1569	1593	1576	1561	1595	1607	1580	1566	1587	1565	1595	1594	1556	1592	1569	1619	1579	1599	1505	1476	1509	1588	1525	1520	1577	1559	1637	1562	1549	1572	1559	1574	1551	1544	1570	1545	1598	1570	1550	1576	1591	1592	1616	1557	1597	1594	1563	1671	1639	1550	1555	1580	1527	1497	1592	1561	1590	1592	1570	1512	1576	1583	1573	1587	1575	1590	1624	1628	1509	1575	1671	1597	1563	1588	1590	1530	1597	1569	1653.669406
1566	1545	1582	1645	1629	1564	1655	1624	1596	1607	1638	1637	1572	1548	1566	1543	1575	1570	1621	1568	1573	1555	1578	1585	1590	1563	1598	1543	1594	1568	1580	1595	1601	1616	1515	1549	1533	1434	1488	1540	1568	1585	1571	1558	1557	1573	1546	1524	1560	1543	1581	1549	1533	1564	1556	1556	1585	1600	1547	1516	1550	1570	1589	1553	1601	1538	1567	1566	1587	1541	1538	1537	1559	1515	1598	1529	1547	1539	1537	1572	1541	1608	1548	1592	1583	1533	1567	1588	1582	1634	1529	1627	1594	1566	1495	1545	1655.942244
1552	1552	1528	1662	1579	1566	1627	1612	1619	1601	1666	1574	1533	1506	1502	1558	1594	1529	1547	1582	1549	1555	1570	1506	1565	1498	1541	1584	1514	1595	1529	1543	1612	1527	1537	1510	1488	1441	1526	1562	1562	1502	1507	1581	1562	1544	1532	1512	1543	1596	1572	1589	1585	1584	1533	1549	1493	1549	1507	1552	1523	1543	1595	1552	1537	1582	1566	1571	1566	1521	1527	1485	1527	1533	1584	1564	1545	1573	1552	1547	1556	1536	1519	1559	1521	1585	1580	1563	1541	1558	1535	1526	1572	1610	1533	1581	1658.21415
1545	1548	1554	1591	1545	1552	1600	1568	1576	1612	1644	1555	1532	1532	1484	1527	1523	1621	1592	1526	1548	1536	1568	1560	1572	1529	1559	1531	1550	1541	1592	1535	1474	1608	1534	1539	1525	1495	1494	1565	1533	1519	1537	1505	1492	1521	1511	1508	1545	1545	1521	1571	1580	1527	1509	1560	1532	1553	1618	1520	1491	1547	1539	1553	1523	1540	1522	1608	1549	1512	1513	1415	1500	1494	1516	1480	1510	1521	1543	1537	1527	1511	1498	1507	1565	1587	1550	1580	1591	1498	1591	1566	1522	1533	1495	1541	1660.485125
1484	1502	1457	1565	1554	1521	1623	1582	1538	1573	1593	1499	1477	1517	1482	1525	1515	1530	1563	1542	1501	1485	1507	1528	1570	1509	1515	1571	1506	1504	1542	1520	1514	1513	1536	1519	1391	1448	1474	1456	1527	1467	1539	1507	1520	1443	1487	1505	1509	1507	1550	1514	1521	1511	1464	1539	1511	1545	1500	1541	1485	1549	1489	1509	1562	1528	1512	1471	1522	1404	1460	1488	1556	1521	1464	1477	1508	1493	1538	1518	1541	1510	1545	1508	1516	1519	1533	1530	1523	1537	1511	1506	1519	1518	1546	1529	1662.75517
1495	1478	1497	1544	1464	1485	1550	1557	1556	1527	1605	1507	1488	1488	1501	1494	1464	1543	1520	1537	1508	1453	1470	1547	1513	1544	1521	1505	1505	1521	1529	1524	1528	1519	1530	1456	1409	1413	1468	1539	1495	1434	1526	1519	1513	1462	1469	1438	1504	1489	1519	1465	1488	1452	1531	1477	1478	1469	1489	1501	1524	1460	1481	1533	1496	1535	1485	1524	1502	1461	1460	1462	1504	1458	1467	1456	1486	1508	1476	1496	1470	1479	1521	1476	1520	1445	1478	1524	1535	1517	1508	1516	1475	1576	1483	1512	1665.012021
1468	1465	1464	1567	1495	1471	1525	1540	1516	1523	1553	1473	1428	1494	1499	1517	1485	1486	1517	1511	1506	1492	1418	1493	1528	1493	1483	1476	1484	1494	1507	1442	1497	1487	1456	1544	1390	1424	1371	1445	1429	1446	1491	1503	1471	1439	1448	1459	1518	1482	1513	1466	1443	1462	1468	1458	1462	1480	1485	1525	1481	1490	1470	1493	1502	1539	1502	1479	1455	1412	1407	1469	1470	1433	1515	1506	1491	1543	1447	1459	1470	1471	1489	1484	1527	1498	1508	1444	1509	1491	1503	1468	1539	1482	1451	1482	1667.28021
1465	1472	1386	1558	1478	1453	1557	1492	1495	1506	1590	1491	1445	1461	1432	1432	1460	1441	1475	1491	1407	1464	1418	1494	1409	1499	1467	1501	1450	1450	1459	1415	1512	1489	1498	1530	1397	1372	1410	1489	1478	1488	1486	1443	1415	1440	1439	1454	1466	1441	1489	1466	1485	1451	1452	1447	1439	1452	1425	1476	1462	1457	1428	1511	1460	1410	1475	1468	1482	1442	1404	1411	1432	1441	1412	1431	1458	1456	1483	1436	1469	1454	1414	1435	1433	1481	1500	1463	1451	1453	1443	1431	1438	1455	1495	1472	1669.547471
1447	1465	1446	1482	1459	1437	1509	1450	1446	1488	1535	1456	1448	1393	1406	1471	1427	1463	1426	1452	1427	1460	1407	1463	1397	1435	1432	1489	1460	1454	1398	1400	1451	1439	1462	1447	1412	1362	1316	1421	1436	1410	1428	1412	1390	1410	1433	1444	1465	1448	1479	1428	1456	1490	1392	1442	1466	1477	1449	1431	1490	1408	1423	1435	1458	1448	1474	1429	1436	1423	1393	1373	1398	1434	1426	1412	1432	1405	1435	1433	1449	1459	1411	1479	1427	1450	1441	1473	1438	1421	1435	1409	1470	1423	1517	1460	1671.801556
1422	1400	1415	1456	1405	1430	1492	1507	1458	1500	1508	1486	1415	1421	1426	1419	1415	1449	1410	1423	1420	1378	1409	1398	1427	1432	1442	1419	1426	1458	1467	1472	1421	1434	1416	1403	1319	1365	1361	1455	1426	1399	1444	1411	1413	1402	1410	1397	1420	1438	1414	1466	1421	1382	1411	1439	1441	1431	1452	1430	1467	1435	1441	1421	1383	1459	1440	1436	1451	1342	1377	1346	1438	1398	1424	1375	1417	1431	1399	1440	1433	1405	1436	1440	1432	1424	1460	1486	1444	1420	1394	1419	1434	1450	1432	1429	1674.066965
1369	1384	1401	1457	1416	1389	1459	1436	1449	1461	1457	1378	1415	1430	1432	1406	1415	1407	1407	1430	1394	1428	1438	1405	1451	1451	1426	1467	1422	1428	1423	1419	1386	1379	1388	1429	1399	1340	1350	1385	1368	1394	1477	1430	1388	1412	1375	1379	1380	1432	1403	1431	1416	1388	1431	1412	1379	1428	1450	1407	1418	1411	1418	1422	1414	1447	1421	1425	1377	1335	1379	1357	1389	1409	1400	1422	1378	1407	1419	1382	1369	1403	1406	1384	1441	1412	1455	1415	1414	1450	1429	1448	1400	1402	1412	1479	1676.319209
1403	1414	1398	1471	1362	1394	1412	1409	1414	1459	1510	1418	1369	1414	1371	1423	1404	1340	1413	1399	1395	1376	1410	1383	1467	1427	1426	1402	1391	1403	1376	1414	1373	1384	1402	1417	1333	1321	1324	1358	1388	1401	1377	1395	1416	1369	1447	1353	1404	1387	1442	1406	1400	1379	1344	1395	1396	1390	1420	1373	1388	1375	1351	1373	1393	1392	1382	1375	1366	1326	1336	1339	1369	1365	1436	1427	1410	1433	1390	1390	1374	1396	1430	1382	1399	1375	1410	1399	1411	1407	1394	1403	1389	1388	1390	1369	1678.58277
1387	1377	1399	1491	1379	1400	1436	1419	1399	1436	1486	1414	1366	1360	1389	1406	1389	1395	1428	1354	1386	1397	1401	1395	1413	1429	1380	1369	1398	1419	1388	1442	1409	1405	1399	1386	1316	1342	1323	1425	1357	1407	1369	1378	1392	1333	1356	1380	1398	1419	1428	1364	1355	1372	1387	1359	1340	1386	1410	1378	1356	1401	1412	1377	1365	1382	1408	1369	1421	1345	1374	1359	1381	1353	1351	1373	1394	1409	1390	1373	1318	1362	1357	1379	1423	1424	1387	1387	1374	1424	1392	1406	1409	1364	1378	1434	1680.833176
1365	1388	1363	1457	1395	1404	1435	1417	1385	1424	1466	1419	1412	1389	1352	1350	1390	1414	1427	1377	1452	1372	1358	1363	1405	1412	1418	1419	1375	1382	1359	1375	1373	1404	1392	1404	1301	1293	1297	1406	1348	1323	1385	1377	1389	1386	1378	1312	1356	1416	1385	1372	1369	1389	1381	1340	1369	1395	1349	1401	1415	1379	1381	1372	1400	1434	1367	1380	1407	1319	1332	1287	1374	1402	1402	1361	1324	1309	1387	1398	1375	1374	1364	1373	1417	1407	1407	1401	1394	1382	1416	1391	1391	1427	1382	1395	1683.082667
1405	1367	1365	1410	1372	1363	1419	1423	1393	1406	1455	1427	1313	1349	1372	1330	1397	1351	1334	1345	1304	1342	1379	1311	1356	1349	1372	1328	1361	1405	1384	1408	1401	1361	1361	1382	1326	1359	1320	1382	1350	1325	1368	1366	1336	1331	1341	1328	1356	1370	1361	1349	1374	1381	1348	1345	1363	1341	1374	1383	1348	1310	1353	1420	1390	1336	1369	1362	1374	1338	1335	1300	1385	1415	1355	1360	1358	1367	1350	1386	1333	1376	1397	1365	1340	1403	1325	1431	1427	1349	1332	1383	1377	1387	1375	1425	1685.331243
1323	1348	1349	1402	1405	1328	1398	1423	1331	1407	1419	1346	1341	1342	1332	1370	1359	1379	1377	1341	1355	1338	1421	1369	1337	1381	1382	1347	1354	1361	1383	1387	1340	1375	1322	1363	1338	1241	1281	1326	1322	1351	1378	1391	1317	1364	1328	1324	1390	1325	1343	1331	1330	1374	1316	1320	1304	1399	1377	1355	1348	1355	1336	1340	1317	1376	1336	1333	1309	1286	1291	1280	1333	1312	1356	1360	1365	1332	1297	1330	1340	1355	1295	1352	1380	1344	1358	1353	1385	1369	1313	1347	1335	1326	1365	1382	1687.578904
1369	1325	1303	1385	1380	1380	1428	1378	1329	1421	1436	1342	1330	1326	1308	1407	1364	1349	1382	1350	1317	1389	1303	1351	1370	1322	1348	1368	1328	1353	1318	1326	1310	1347	1323	1363	1314	1315	1245	1333	1308	1305	1335	1301	1304	1329	1274	1314	1271	1356	1372	1292	1295	1324	1355	1345	1321	1335	1369	1351	1332	1322	1306	1302	1371	1335	1356	1333	1292	1285	1258	1261	1293	1285	1305	1325	1313	1291	1316	1310	1333	1357	1317	1281	1352	1344	1349	1362	1358	1365	1393	1276	1332	1360	1341	1321	1689.825652
1315	1294	1317	1401	1372	1335	1390	1339	1313	1355	1401	1353	1329	1303	1342	1334	1303	1340	1301	1320	1318	1324	1319	1266	1360	1359	1304	1311	1358	1352	1371	1316	1358	1323	1373	1362	1240	1293	1281	1258	1306	1289	1332	1332	1307	1294	1311	1249	1286	1321	1334	1271	1294	1305	1312	1302	1311	1354	1331	1368	1294	1307	1317	1334	1379	1271	1354	1327	1309	1235	1250	1248	1281	1266	1322	1260	1359	1309	1286	1323	1358	1323	1307	1317	1334	1340	1310	1336	1353	1339	1301	1322	1309	1346	1307	1304	1692.071486
1289	1327	1310	1427	1328	1286	1384	1399	1322	1344	1406	1300	1316	1255	1297	1304	1308	1309	1309	1329	1320	1317	1325	1297	1338	1308	1339	1305	1331	1309	1316	1311	1333	1280	1312	1356	1259	1219	1249	1262	1284	1315	1299	1318	1307	1272	1304	1303	1301	1346	1294	1306	1285	1281	1281	1297	1256	1285	1304	1290	1313	1313	1321	1306	1317	1369	1343	1324	1293	1295	1259	1233	1322	1298	1257	1302	1280	1294	1211	1299	1328	1343	1260	1271	1344	1287	1297	1317	1272	1335	1295	1296	1303	1309	1307	1251	1694.316407
1268	1258	1289	1341	1234	1255	1343	1322	1311	1346	1362	1312	1269	1287	1256	1308	1342	1269	1328	1300	1293	1284	1275	1221	1307	1315	1288	1299	1302	1256	1287	1300	1303	1291	1288	1316	1213	1241	1188	1248	1304	1267	1321	1298	1298	1273	1236	1292	1299	1245	1283	1250	1286	1305	1265	1246	1254	1293	1273	1283	1281	1286	1266	1273	1300	1246	1298	1279	1270	1209	1243	1245	1244	1268	1266	1236	1280	1243	1280	1279	1250	1325	1272	1335	1302	1282	1302	1271	1319	1300	1276	1278	1343	1270	1283	1322	1696.560416
1279	1239	1252	1305	1288	1236	1306	1334	1287	1287	1393	1250	1266	1270	1265	1300	1279	1272	1289	1227	1245	1295	1289	1292	1274	1267	1271	1286	1270	1317	1276	1278	1295	1292	1265	1292	1199	1186	1188	1195	1279	1275	1295	1258	1266	1282	1193	1231	1271	1229	1265	1255	1249	1255	1256	1238	1249	1275	1258	1298	1286	1220	1181	1274	1241	1263	1233	1290	1246	1181	1207	1191	1252	1243	1250	1253	1235	1213	1294	1274	1308	1259	1241	1267	1226	1256	1263	1254	1290	1282	1324	1230	1291	1251	1245	1250	1698.791326
1270	1222	1243	1346	1278	1259	1293	1292	1260	1268	1358	1271	1282	1209	1240	1278	1263	1276	1258	1327	1273	1238	1290	1250	1260	1240	1239	1260	1248	1269	1284	1232	1225	1236	1273	1248	1193	1185	1148	1275	1256	1212	1243	1271	1273	1219	1229	1230	1278	1227	1249	1208	1212	1194	1222	1206	1296	1260	1242	1279	1250	1256	1220	1289	1254	1275	1253	1248	1239	1218	1225	1202	1226	1194	1238	1205	1197	1214	1239	1251	1259	1216	1234	1260	1228	1248	1252	1272	1264	1275	1263	1265	1253	1223	1267	1256	1701.033517
1241	1299	1238	1352	1268	1234	1282	1286	1259	1256	1334	1215	1205	1223	1226	1218	1231	1237	1246	1260	1275	1248	1189	1212	1206	1257	1255	1284	1285	1255	1230	1268	1247	1281	1233	1231	1154	1157	1144	1232	1246	1248	1230	1221	1195	1211	1210	1174	1222	1302	1277	1221	1232	1167	1217	1195	1231	1225	1218	1223	1226	1224	1223	1246	1256	1275	1255	1261	1258	1195	1233	1178	1213	1230	1255	1206	1212	1226	1235	1188	1237	1281	1259	1249	1247	1220	1284	1251	1245	1193	1196	1226	1214	1202	1188	1221	1703.262619
1218	1235	1270	1241	1217	1236	1261	1271	1240	1237	1286	1240	1199	1207	1236	1225	1205	1204	1213	1234	1263	1209	1228	1218	1248	1249	1223	1226	1225	1239	1183	1192	1254	1268	1210	1252	1122	1175	1104	1215	1205	1217	1229	1217	1175	1159	1177	1243	1238	1238	1239	1201	1214	1197	1182	1214	1218	1219	1240	1235	1210	1240	1209	1234	1229	1266	1222	1228	1235	1186	1162	1189	1208	1202	1216	1190	1217	1211	1183	1223	1244	1269	1228	1164	1255	1249	1192	1231	1237	1240	1223	1241	1236	1230	1203	1239	1705.502995
1176	1191	1273	1245	1193	1235	1226	1271	1236	1277	1314	1213	1196	1175	1248	1213	1265	1227	1238	1221	1191	1217	1219	1223	1251	1272	1179	1195	1186	1214	1216	1191	1182	1225	1245	1225	1123	1121	1153	1172	1196	1209	1222	1179	1210	1171	1218	1225	1188	1228	1231	1190	1188	1168	1204	1222	1197	1246	1204	1231	1212	1197	1210	1197	1204	1226	1188	1223	1223	1168	1145	1173	1203	1188	1230	1216	1195	1223	1174	1187	1182	1224	1226	1206	1232	1227	1179	1201	1245	1207	1218	1232	1165	1202	1218	1207	1707.730292
1210	1219	1219	1233	1178	1196	1264	1269	1174	1242	1321	1244	1195	1200	1205	1217	1213	1204	1200	1250	1244	1178	1200	1196	1198	1193	1176	1224	1166	1220	1243	1168	1232	1223	1182	1215	1138	1086	1161	1211	1192	1152	1238	1231	1167	1173	1194	1181	1225	1202	1217	1194	1241	1187	1209	1197	1213	1242	1220	1228	1169	1189	1185	1209	1218	1193	1168	1198	1220	1167	1148	1162	1202	1182	1210	1172	1187	1182	1191	1194	1219	1169	1195	1197	1205	1167	1215	1217	1200	1232	1227	1233	1183	1180	1204	1208	1709.968854
1188	1151	1199	1257	1225	1225	1232	1239	1225	1263	1275	1231	1143	1181	1149	1245	1168	1180	1207	1204	1168	1232	1226	1181	1216	1234	1200	1196	1231	1191	1219	1202	1199	1205	1190	1181	1101	1135	1113	1157	1187	1167	1176	1206	1195	1159	1164	1173	1212	1218	1247	1204	1148	1187	1221	1197	1207	1211	1164	1197	1208	1164	1210	1175	1220	1173	1217	1233	1205	1145	1120	1103	1165	1186	1171	1187	1158	1203	1159	1216	1215	1187	1170	1171	1192	1171	1211	1257	1212	1190	1200	1189	1200	1210	1168	1181	1712.194349
1192	1170	1180	1245	1225	1180	1263	1259	1214	1237	1288	1211	1155	1163	1156	1195	1226	1221	1183	1256	1173	1181	1159	1218	1189	1206	1235	1199	1220	1165	1226	1215	1209	1233	1209	1220	1115	1128	1123	1159	1171	1211	1207	1207	1165	1154	1185	1178	1215	1227	1218	1184	1183	1191	1170	1205	1207	1225	1186	1217	1169	1183	1238	1237	1207	1186	1189	1218	1230	1146	1130	1148	1217	1183	1174	1196	1136	1182	1176	1166	1197	1207	1216	1198	1172	1180	1199	1238	1198	1241	1216	1173	1208	1170	1203	1222	1714.418946
1203	1128	1169	1198	1153	1227	1240	1211	1188	1184	1250	1197	1182	1219	1210	1208	1175	1161	1187	1226	1173	1198	1126	1194	1180	1219	1218	1163	1182	1221	1153	1200	1189	1205	1180	1224	1089	1123	1133	1165	1156	1154	1196	1179	1203	1112	1153	1155	1222	1218	1177	1182	1170	1167	1196	1243	1158	1198	1163	1201	1152	1180	1158	1186	1194	1193	1181	1194	1206	1100	1085	1175	1197	1182	1172	1166	1163	1150	1165	1144	1180	1159	1190	1187	1173	1191	1188	1215	1190	1194	1174	1200	1159	1193	1216	1197	1716.642646
1189	1168	1175	1226	1186	1193	1206	1242	1176	1231	1288	1177	1154	1143	1172	1214	1170	1141	1202	1234	1201	1151	1164	1175	1203	1173	1159	1140	1192	1169	1179	1178	1186	1197	1213	1227	1107	1106	1131	1128	1157	1174	1151	1148	1173	1145	1157	1163	1179	1203	1215	1169	1179	1156	1154	1136	1178	1195	1178	1155	1170	1177	1170	1201	1184	1203	1129	1135	1184	1100	1119	1087	1160	1130	1171	1155	1147	1195	1117	1167	1195	1208	1118	1180	1198	1156	1175	1174	1189	1167	1181	1201	1112	1201	1181	1195	1718.865449
1149	1188	1134	1216	1177	1181	1217	1198	1160	1189	1235	1194	1153	1146	1180	1195	1162	1177	1186	1182	1186	1163	1147	1176	1137	1185	1237	1189	1153	1152	1191	1194	1154	1199	1159	1160	1116	1091	1069	1167	1179	1143	1216	1163	1130	1193	1145	1141	1189	1145	1210	1155	1191	1129	1124	1159	1143	1194	1170	1166	1209	1141	1210	1141	1169	1148	1193	1152	1152	1129	1108	1095	1116	1159	1151	1159	1168	1158	1187	1174	1200	1141	1136	1159	1204	1144	1149	1187	1181	1155	1157	1164	1152	1175	1168	1185	1721.087355
1171	1179	1158	1179	1168	1169	1218	1188	1164	1201	1272	1191	1136	1161	1146	1157	1215	1195	1153	1164	1157	1190	1122	1179	1159	1193	1143	1185	1183	1154	1167	1166	1141	1165	1149	1175	1050	1062	1069	1145	1160	1151	1147	1142	1149	1168	1132	1129	1124	1183	1160	1182	1155	1154	1153	1120	1149	1201	1161	1163	1157	1156	1194	1188	1223	1149	1155	1137	1158	1122	1101	1105	1134	1124	1146	1147	1144	1134	1120	1100	1133	1144	1156	1108	1192	1180	1170	1177	1192	1173	1135	1163	1160	1127	1148	1167	1723.308366
1171	1139	1121	1196	1183	1121	1214	1216	1164	1167	1241	1155	1144	1165	1120	1136	1180	1143	1184	1157	1193	1171	1146	1173	1151	1154	1155	1162	1227	1147	1136	1148	1144	1168	1167	1149	1082	1097	1061	1098	1119	1125	1135	1120	1162	1113	1140	1166	1156	1126	1149	1128	1133	1115	1124	1123	1132	1141	1146	1167	1154	1139	1102	1136	1185	1107	1158	1167	1143	1118	1084	1121	1118	1117	1119	1123	1138	1138	1118	1150	1149	1126	1155	1124	1158	1139	1169	1178	1177	1179	1177	1141	1135	1147	1147	1126	1725.528481
1128	1161	1188	1194	1151	1121	1171	1182	1162	1201	1211	1117	1129	1103	1165	1173	1131	1104	1137	1163	1135	1178	1101	1130	1120	1156	1180	1163	1123	1142	1155	1146	1140	1160	1165	1150	1088	1049	1069	1130	1144	1123	1157	1162	1153	1117	1136	1110	1173	1155	1155	1125	1122	1141	1107	1120	1144	1113	1156	1126	1121	1090	1181	1179	1135	1137	1151	1125	1166	1072	1117	1071	1120	1114	1178	1142	1122	1136	1118	1117	1183	1168	1152	1122	1139	1153	1175	1169	1162	1169	1114	1138	1098	1088	1133	1131	1727.747702
1073	1122	1133	1118	1122	1120	1170	1172	1127	1144	1240	1131	1154	1153	1099	1099	1171	1104	1162	1149	1113	1123	1130	1162	1138	1169	1162	1125	1093	1170	1119	1168	1158	1153	1136	1148	1098	1089	1077	1106	1104	1098	1121	1108	1109	1103	1113	1111	1121	1153	1135	1117	1132	1181	1121	1157	1124	1144	1104	1124	1142	1099	1130	1148	1083	1158	1169	1163	1144	1057	1104	1060	1106	1112	1137	1101	1092	1113	1130	1109	1115	1101	1135	1151	1142	1127	1150	1115	1150	1134	1139	1129	1148	1115	1094	1111	1729.953909
1114	1148	1104	1184	1131	1093	1172	1168	1152	1162	1189	1113	1091	1118	1119	1133	1119	1134	1098	1154	1104	1120	1131	1114	1101	1128	1108	1132	1115	1142	1095	1142	1083	1155	1114	1170	1056	1026	1032	1098	1125	1096	1114	1121	1115	1146	1116	1051	1113	1145	1118	1100	1123	1096	1167	1138	1088	1097	1093	1121	1120	1136	1139	1130	1134	1113	1128	1134	1137	1076	1026	1082	1123	1138	1100	1094	1130	1107	1116	1106	1132	1098	1143	1091	1164	1137	1121	1142	1093	1138	1138	1119	1167	1126	1097	1132	1732.171346
1095	1098	1099	1122	1108	1135	1152	1130	1123	1150	1171	1101	1093	1099	1093	1089	1100	1085	1098	1090	1131	1107	1116	1094	1110	1119	1131	1119	1112	1101	1133	1131	1108	1105	1132	1121	1006	1071	1060	1109	1092	1111	1104	1111	1091	1067	1091	1067	1121	1107	1130	1095	1105	1140	1123	1080	1068	1104	1140	1091	1139	1096	1110	1104	1131	1146	1120	1144	1097	1082	1025	1049	1147	1122	1104	1098	1086	1131	1108	1092	1055	1117	1087	1078	1115	1105	1123	1122	1141	1125	1129	1092	1083	1117	1102	1109	1734.375781
1129	1121	1097	1150	1149	1084	1181	1140	1108	1176	1200	1108	1039	1134	1112	1094	1087	1107	1139	1128	1110	1128	1106	1135	1094	1141	1084	1085	1081	1115	1105	1101	1076	1072	1120	1115	1050	1050	1040	1068	1086	1070	1107	1090	1052	1088	1059	1065	1094	1106	1126	1082	1130	1104	1085	1117	1133	1095	1098	1112	1105	1133	1131	1124	1122	1117	1105	1109	1085	1061	1063	1089	1088	1115	1098	1089	1097	1097	1097	1083	1130	1125	1091	1060	1078	1079	1133	1134	1105	1119	1105	1130	1124	1087	1079	1119	1736.591438
1091	1093	1045	1122	1113	1127	1131	1120	1124	1103	1182	1105	1053	1075	1112	1119	1091	1082	1083	1118	1090	1115	1092	1115	1095	1177	1125	1104	1136	1105	1105	1158	1115	1104	1108	1129	1024	999	1011	1109	1105	1089	1094	1069	1069	1057	1102	1066	1098	1096	1110	1067	1083	1067	1093	1064	1083	1099	1089	1133	1078	1111	1098	1150	1114	1091	1079	1121	1104	1047	1053	1039	1076	1062	1083	1117	1072	1095	1102	1093	1092	1072	1071	1082	1172	1113	1164	1104	1133	1099	1106	1135	1090	1083	1105	1106	1738.794103
1110	1073	1080	1149	1111	1124	1121	1171	1134	1107	1170	1115	1065	1076	1096	1081	1112	1122	1081	1111	1105	1137	1098	1130	1136	1070	1100	1111	1107	1080	1115	1116	1085	1149	1110	1122	1051	1016	1042	1104	1084	1121	1109	1117	1059	1050	1090	1088	1127	1127	1148	1110	1050	1101	1113	1077	1080	1080	1088	1112	1055	1091	1045	1104	1114	1071	1159	1078	1119	1023	1008	1016	1118	1087	1102	1102	1059	1068	1078	1086	1110	1081	1112	1087	1088	1128	1131	1111	1145	1093	1083	1111	1099	1114	1092	1124	1741.007981
1090	1045	1080	1152	1086	1086	1100	1133	1105	1097	1179	1112	1052	1069	1063	1112	1077	1111	1114	1092	1091	1054	1100	1097	1108	1125	1086	1039	1099	1082	1108	1143	1084	1080	1095	1114	983	1038	1030	1132	1092	1135	1048	1097	1062	1064	1078	1055	1096	1105	1082	1081	1074	1114	1092	1074	1104	1105	1093	1110	1094	1108	1071	1097	1086	1069	1097	1064	1080	1066	1051	1035	1096	1102	1059	1026	1059	1079	1092	1109	1096	1098	1078	1088	1121	1092	1117	1121	1159	1113	1135	1078	1076	1112	1116	1083	1743.208878
1086	1038	1066	1127	1123	1114	1137	1116	1111	1099	1227	1112	1101	1049	1065	1123	1082	1102	1117	1091	1065	1106	1074	1115	1092	1094	1095	1084	1092	1083	1075	1068	1064	1099	1140	1074	1015	1031	998	1062	1082	1053	1109	1070	1099	1055	1061	1069	1094	1072	1111	1083	1054	1067	1060	1086	1032	1061	1086	1078	1112	1037	1058	1120	1091	1061	1086	1098	1117	1067	1045	1041	1097	1074	1068	1128	1069	1096	1073	1040	1071	1098	1067	1064	1060	1131	1102	1120	1097	1103	1057	1055	1054	1070	1096	1102	1745.408894
1051	1075	1057	1150	1139	1080	1145	1125	1060	1123	1146	1095	1073	1067	1096	1078	1093	1069	1087	1040	1120	1068	1055	1041	1096	1071	1104	1101	1093	1111	1080	1093	1080	1071	1094	1090	1002	987	995	1044	1102	1086	1041	1086	1067	1040	1030	1039	1093	1073	1104	1083	1063	1036	1076	1053	1060	1060	1119	1057	1065	1102	1088	1075	1080	1090	1093	1065	1061	1022	1035	1023	1058	1088	1037	1069	1061	1064	1056	1044	1094	1066	1094	1061	1074	1071	1106	1100	1128	1081	1128	1065	1053	1066	1088	1099	1747.60803
1029	1056	1066	1146	1074	1052	1114	1077	1096	1118	1146	1089	1082	1051	1067	1051	1070	1123	1094	1102	1068	1113	1090	1100	1085	1073	1046	1078	1061	1075	1089	1066	1100	1102	1059	1099	1004	1040	1022	1055	1053	1050	1101	1066	1082	1056	1036	991	1097	1082	1142	1075	1061	1050	1109	1079	990	1069	1083	1098	1096	1045	1054	1049	1037	1082	1082	1084	1040	1026	1019	1036	1085	1052	1022	1064	1077	1050	1055	1030	1071	1045	1106	1072	1112	1103	1054	1077	1096	1076	1079	1063	1115	1088	1092	1114	1749.806287
1030	1040	1086	1108	1101	1132	1102	1090	1098	1064	1110	1098	1076	1071	1053	1071	1083	1085	1036	1106	1088	1054	1087	1097	1080	1096	1075	1054	1068	1051	1050	1107	1087	1079	1048	1086	981	1011	995	1028	1060	1057	1069	1064	1113	1057	1012	1056	1089	1111	1085	1081	1057	1030	1108	1081	1066	1048	1088	1079	1039	1061	1091	1100	1085	1088	1065	1092	1084	1049	1016	985	1043	1046	1046	1071	1026	1081	1066	1068	1038	1068	1059	1068	1049	1118	1067	1104	1092	1074	1094	1054	1078	1070	1053	1074	1752.003664
1040	1040	1055	1106	1099	1076	1143	1069	1090	1130	1170	1053	1066	1077	1054	1059	1085	1085	1063	1092	1107	1036	1095	1032	1056	1091	1048	1058	1044	1035	1087	1027	1055	1067	1060	1084	989	998	1017	1063	1013	1036	1084	1043	1058	1053	1025	1072	1061	1041	1067	1056	1070	1065	1044	1074	1048	1054	1069	1072	1085	1041	1026	1075	1022	1059	1053	1074	1058	1018	1033	1022	1067	1013	1044	1037	1078	1047	1023	991	1040	1069	1023	1036	1052	1045	1099	1056	1079	1091	1074	1051	1028	1092	1041	1063	1754.200162
1039	1038	1044	1057	1061	1048	1066	1104	1051	1073	1111	1057	1052	1010	1073	1080	1039	1055	1066	1025	1028	1013	1018	1027	1042	1050	1056	1079	1053	1049	1067	1056	1034	1078	1048	1107	945	1005	978	1042	1017	1032	1032	1042	1060	1049	1006	1069	1054	1080	1014	1054	1049	1033	1052	1011	1058	1098	997	1091	1019	1055	1052	1054	1030	1027	1027	1063	1063	1016	974	1003	1059	1052	1031	1013	1054	1026	1027	1038	1036	1061	1079	1063	1039	1072	1057	1080	1073	1056	990	1044	1032	1076	1068	1060	1756.395783
1049	1009	1054	1084	1063	1047	1114	1089	1023	1083	1141	1026	1062	1042	1067	1074	1035	1053	1058	1031	1058	1092	1068	1051	1043	1032	1065	1044	1060	1021	1049	1033	1027	1045	1039	1099	979	963	969	1041	998	1039	1022	1060	1030	1013	1030	1047	1093	1077	1086	1008	1059	1024	1033	1045	1070	1085	1041	1076	1025	1034	1058	1063	1093	1038	1034	1061	1056	1035	1022	1018	1035	1046	1004	1049	1019	1028	1018	1034	1035	1043	1015	1028	1060	1068	1061	1043	1091	1073	1046	1078	1033	1047	1015	1080	1758.590526
1022	1066	1060	1071	1083	1038	1082	1043	1073	1053	1151	1065	1066	1039	994	1035	1022	1066	1056	1048	1068	1031	1032	1086	1050	1062	1029	1096	1015	1047	1037	1050	1071	1078	1032	1043	985	989	986	1043	1040	1037	1037	1026	1047	1028	1036	1019	1050	1030	1045	1047	1056	1032	1020	1046	1041	1046	1053	1004	1032	1072	989	1029	1066	1015	1080	1043	1051	1003	988	1013	1011	1045	1033	1064	1056	1007	1054	1074	1019	1033	1066	1030	1003	1065	1052	1075	1083	1033	1059	1030	1818	1054	1033	1114	1760.77234
1036	1016	1052	1079	1011	1057	1065	1062	1076	1058	1134	982	1020	996	1036	1052	1053	1061	991	1039	1044	1025	1010	1062	1055	1029	1045	1023	1008	1057	1056	1001	1028	1066	1046	1038	959	996	961	1023	1044	1043	1030	1042	1016	1015	1010	1023	1019	1042	1045	1025	1052	1023	1027	1046	1024	1025	1038	1034	1015	1050	1006	1071	1034	1102	1035	1049	1007	978	1001	975	997	1012	1006	1065	1019	1018	1036	1043	994	1052	1042	1001	1035	1027	1070	1040	1054	1033	1044	1023	1776	1028	1032	1014	1762.965334
1058	1021	1028	1084	1035	1034	1077	1061	1034	1090	1092	1049	1016	1058	1042	1055	1034	1059	1045	1050	1036	1036	1036	1032	1036	1074	1041	1087	1017	1056	1053	1048	1063	1029	1060	1061	977	938	992	1013	1025	1044	1014	1064	1039	1028	1010	1038	1056	1045	1030	1028	1005	1007	1009	1012	1003	1006	1074	1025	1016	1009	1034	1033	1068	1052	1044	1025	1008	1048	988	972	983	1027	992	1032	1054	1022	1018	1035	1037	1028	1018	1063	1067	1057	1071	1047	1000	1041	1066	1051	1029	1054	1081	1017	1765.14541
1015	1038	1004	1093	1044	1038	1106	1075	1029	1083	1128	1045	1032	995	1048	1048	1030	1032	1053	1017	1051	1012	1033	999	1042	1045	1059	1018	1020	1051	1027	1037	1052	1029	1011	1039	968	950	952	1037	989	1048	1048	1005	1027	1029	1031	996	1037	1042	1046	1039	1020	1022	1026	1032	1050	1063	1034	1074	1056	1012	1057	1065	1038	1016	1034	1074	1054	987	978	953	1008	1002	993	1042	1049	1024	1044	1023	1006	1035	998	1031	1050	1075	1032	1079	1056	1041	1044	1056	1026	1048	1050	1066	1767.336658
1046	1001	1066	1014	1050	1025	1071	1032	1037	1060	1133	1027	991	1054	1015	1034	1027	1078	1081	1042	1051	1043	1010	1039	1071	1044	1013	991	1068	1051	1037	1005	1047	1048	1025	1067	939	964	955	1030	1014	989	1017	1010	1063	988	1012	1028	1065	1064	1033	996	990	976	993	1000	1004	1028	1034	1033	1034	1018	1017	1010	1065	1023	1041	1010	1068	981	1016	968	1008	1000	1021	1005	1022	1009	1020	1030	1010	1023	1036	1036	1025	1013	1073	1027	1099	1064	1071	1009	1051	1009	1029	1035	1769.514998
1003	1006	1001	1089	1036	1003	1037	1041	1043	1070	1109	1083	1007	993	1035	1053	1059	1039	1043	1070	1018	995	999	1030	1030	1043	1012	1049	1031	1062	1062	1026	1060	1023	1031	1051	947	937	922	1039	1011	1030	1011	1037	1043	986	1023	996	1029	1013	1049	1014	1021	1034	1018	1001	1030	1037	1030	1007	1017	1056	1035	1070	1042	1026	1034	1020	1049	994	972	961	1006	995	1022	1000	1015	1018	1063	994	1004	1008	1005	1042	1040	1036	1054	1033	1067	1029	1062	1033	1051	1035	1036	1009	1771.704501
1009	984	999	1058	999	1052	1062	1021	1030	1015	1066	1030	1010	1002	1024	1030	1021	1020	1015	1043	1046	1015	1028	993	1001	1074	989	1028	1035	1045	1019	1013	1016	1030	1052	1034	948	977	969	1018	1017	983	1028	995	1022	988	1001	1009	1059	1016	1026	995	999	1002	999	971	1009	999	1070	1032	1041	1033	1036	1010	1024	1053	1016	1031	1024	952	966	1000	999	1025	1022	1025	1034	1025	961	1012	998	1043	1025	1019	1065	1030	1035	1083	1011	1067	1009	1014	1006	1031	1032	1007	1773.881108
996	991	1033	1040	1016	1027	1067	1051	1025	1047	1062	1069	963	1006	1034	1009	1012	1053	1023	1029	1007	1028	1011	994	1064	1033	1005	1012	1030	995	1048	1056	1025	1017	1020	1019	999	944	972	1004	1018	1017	997	1026	1024	971	973	983	1034	1032	1013	989	1020	1036	1003	1002	1015	994	1003	1044	1025	1028	1051	1009	992	1023	1035	1024	1012	995	962	968	1023	979	1005	1003	1037	984	993	1017	1007	987	1010	1044	1037	1040	1017	1037	1017	1010	1037	1008	981	998	1014	1040	1776.05685
1037	973	1001	1034	1020	1007	1042	1074	1044	1042	1076	1033	1016	1010	1028	1038	1038	1034	1070	1022	1060	1014	1001	1045	995	1024	1024	1037	1033	992	1030	1035	1007	1024	1029	1022	944	924	921	1023	994	1013	1005	995	994	1019	977	951	1061	1017	1031	1006	991	1021	1028	1006	1022	1012	998	1005	1012	1000	1006	1005	1005	1045	1007	1027	1029	977	968	958	1032	1025	1025	1036	946	1028	1018	989	996	1017	995	1035	1035	1015	1031	1029	1055	1030	987	1033	999	1021	1027	1039	1778.231729
1010	955	982	1076	1049	1002	1037	1065	1040	1037	1048	1047	992	1002	965	1017	1040	1022	1013	999	1017	1021	1023	988	1027	1023	1025	1024	1001	1046	1022	1002	1053	1027	1068	1019	954	956	952	1004	980	1006	1014	1035	989	988	1001	1017	1009	1054	996	1035	959	998	1029	998	1021	975	1013	1023	996	993	1032	1001	1005	1033	1021	1042	994	997	974	991	980	1004	1023	1015	1038	1018	992	991	1006	987	1038	974	1020	1046	973	987	1040	1024	1014	1027	1026	1023	1037	1028	1780.405745
976	1005	974	1039	1012	1032	1018	1024	1010	1045	1061	1036	965	1020	1003	1015	1019	1002	1004	1012	981	1013	1027	1019	1021	1013	1004	1014	1042	1003	1044	1032	1046	993	999	1010	910	923	928	984	979	1006	1017	992	1015	996	968	968	1046	1006	1016	999	984	958	986	993	987	985	997	1034	988	986	1037	1006	1018	1055	996	986	1021	951	943	947	1039	1011	1011	969	984	974	1003	1008	1004	988	1012	1009	1020	1032	1042	1004	1010	1032	1000	957	974	1014	988	1020	1782.5789
994	946	1000	1040	1009	995	1005	990	976	1031	1102	1016	976	1013	974	1020	1012	978	1009	1007	1006	1002	1005	996	1034	1008	1019	986	1000	1015	1023	991	1004	1054	1032	1013	929	944	959	1000	994	964	1011	1013	989	1010	1001	983	998	1005	1016	976	988	980	997	1003	982	1006	1002	1022	990	998	992	1042	998	1003	1029	1002	1024	926	949	975	985	996	1007	1005	1000	961	988	1012	987	996	1011	963	1035	1009	988	1029	1005	1026	1010	954	1009	996	970	1011	1784.751192
1000	986	1012	1040	979	978	1061	1040	1007	1004	1039	995	981	999	976	1013	1012	1025	1005	1028	970	985	994	986	993	1031	956	996	996	1002	1037	1020	998	1011	1012	1018	918	949	938	995	969	970	969	983	995	1005	971	973	1017	1007	1018	988	971	1017	989	1001	987	1017	959	1014	992	991	978	971	1002	1018	981	1029	1010	959	950	951	956	1021	977	1019	1006	983	985	987	976	1016	1012	981	995	1013	1029	981	1021	1026	1015	967	1003	1003	998	999	1786.922623
987	993	998	1012	994	983	1009	992	1002	1048	1012	982	1001	989	972	998	1011	980	1023	990	987	989	982	995	981	991	951	979	997	995	1001	985	991	986	1000	1025	911	932	892	997	1003	970	1013	1011	952	970	1001	944	995	1054	976	960	988	968	998	981	1021	1010	1007	1028	976	988	948	1008	1027	997	992	1030	990	940	945	939	943	1025	955	985	959	994	975	963	980	990	999	968	1016	979	1045	1027	979	1015	997	980	1004	977	988	977	1789.093193
1004	973	992	1051	966	948	1027	998	996	1002	1050	997	987	1026	994	989	961	993	1001	995	1009	989	979	981	959	1016	998	1009	979	973	997	1004	963	976	1002	1015	888	919	926	980	1036	948	992	983	1008	979	941	986	978	1011	980	962	1002	1042	953	1003	973	972	1028	996	986	994	996	998	983	1015	994	985	992	921	925	937	992	994	1031	957	989	955	981	959	965	976	1017	982	986	1020	999	1010	993	984	973	1002	1019	998	1008	973	1791.250919
983	1008	977	1044	1023	997	1032	1020	973	1001	1044	1006	953	974	954	948	995	987	1013	1010	979	956	991	996	1031	1029	991	987	982	1013	994	989	1006	975	982	1014	932	920	908	1015	973	984	983	977	966	970	965	964	995	973	935	1002	990	1003	969	947	956	1008	1003	1000	987	973	983	1010	1004	987	1010	979	1021	936	906	917	966	988	976	984	990	1001	969	961	1005	989	977	1001	1017	1024	1019	1003	987	1020	988	998	974	977	991	985	1793.419774
1003	983	963	1026	946	993	1048	1002	1001	1027	1053	995	951	967	950	959	1007	993	979	980	993	1007	984	1012	983	1028	1007	988	976	970	984	984	975	1021	974	1014	921	910	923	982	1007	988	1017	979	974	970	925	957	990	1000	1015	998	986	999	1021	946	955	996	988	968	983	1016	962	1029	996	995	971	988	975	940	942	936	978	957	965	979	938	967	982	996	997	1025	984	1004	967	1011	992	1000	967	987	997	987	979	973	992	997	1795.575795
989	977	1000	1036	953	1018	999	1030	1011	1015	1049	984	990	985	949	964	1012	1014	987	1002	975	982	1026	975	967	1015	990	1009	985	1006	958	1004	1000	980	995	978	919	911	956	965	966	976	1021	958	976	973	987	969	1020	1045	986	999	978	983	971	963	970	984	1044	973	993	989	992	980	982	971	1021	996	997	945	936	925	974	988	971	996	977	969	985	974	977	957	959	955	943	1008	1010	987	1015	1019	1004	1001	982	991	973	1005	1797.742937
993	988	957	966	963	989	1044	1001	989	982	1064	992	963	971	967	1000	994	957	971	983	978	953	1005	1009	989	973	980	948	989	988	1041	1001	992	1002	1009	965	906	916	913	980	978	973	963	989	978	989	973	961	958	982	1001	967	1020	1016	950	981	950	1006	968	997	1010	996	981	1010	997	997	988	984	976	939	961	938	984	1007	970	960	966	938	994	998	961	988	932	1014	3187	1009	985	1040	978	1020	1021	988	981	992	989	992	1799.897255
954	978	973	990	1002	981	1004	987	952	1016	1041	976	980	1000	993	997	1012	984	992	978	1008	996	1026	996	986	1025	995	985	943	972	974	972	973	996	965	1009	905	946	920	981	971	973	1001	995	983	960	944	966	1011	969	1020	946	999	967	989	985	986	946	984	936	976	943	963	1016	995	996	965	993	990	945	952	949	952	953	1006	965	972	978	1005	963	995	980	984	989	3411	1018	986	1000	1006	1015	957	1009	996	1015	982	1012	1802.062686
1014	988	993	1001	947	985	1004	1009	1007	1024	1026	1006	946	970	984	1037	977	1009	969	994	997	1020	983	996	984	994	983	997	979	956	1012	1013	971	1013	993	987	913	900	947	963	990	959	967	1016	1008	922	947	944	985	982	995	996	988	975	979	976	983	975	948	974	998	979	999	1012	998	970	952	982	992	969	942	945	963	981	1004	994	957	960	964	961	972	958	994	1003	3784	991	1010	998	992	1008	1010	958	963	991	995	992	1804.215303
961	962	964	994	1011	991	1001	1011	1003	1021	1043	1010	980	986	963	986	992	1003	972	981	991	979	958	995	1015	994	996	999	1010	986	1013	967	1015	999	991	986	938	924	950	1012	948	1003	1017	991	995	976	950	991	971	992	1014	990	982	998	962	969	1007	980	973	1027	992	987	984	1015	966	1012	980	959	999	899	957	938	987	985	956	958	965	992	988	1003	964	1000	1019	962	1055	998	940	1026	1018	1008	985	987	957	986	1001	980	1806.367073
979	996	984	1014	1010	987	1018	1012	975	1025	1035	987	954	979	954	1021	971	975	1007	963	980	947	981	956	963	1015	977	981	1001	982	1048	967	965	972	981	981	927	904	918	980	978	986	990	942	977	954	957	932	991	1003	982	1004	993	956	981	962	940	983	985	990	986	963	964	1005	976	1002	977	999	956	937	942	918	1000	968	968	972	939	988	996	1012	982	989	998	967	994	978	1009	1003	980	1033	1017	1001	963	985	971	986	1808.517997
939	950	971	1045	1028	973	1000	985	1004	1017	1052	1008	975	969	992	971	998	1009	1012	991	960	994	1003	962	974	963	984	980	973	995	928	974	994	1016	991	955	930	902	890	994	958	976	957	971	949	963	982	949	1002	1013	1018	946	981	964	986	948	974	1039	987	946	982	984	986	988	1012	965	968	952	970	957	908	929	1003	975	949	987	963	940	981	1012	954	992	988	970	931	981	1000	996	1012	976	956	986	988	970	973	966	1810.668074
957	978	944	1044	959	985	1019	1053	969	989	1049	993	969	963	931	944	1012	970	954	995	986	994	969	984	992	967	983	983	978	998	974	997	963	1005	962	996	905	870	887	979	961	941	972	960	994	946	991	952	999	976	989	943	957	961	969	950	928	954	947	952	979	973	957	972	990	997	975	995	959	935	934	932	950	981	957	993	956	937	981	983	961	993	998	948	947	1012	997	986	1006	983	974	961	995	999	982	1001	1812.817305
989	970	975	996	990	949	1037	993	998	998	1044	966	951	942	977	982	988	979	991	950	985	978	975	948	938	1003	937	981	954	957	958	939	969	940	979	1023	897	875	893	954	956	931	947	994	998	935	935	959	1008	983	988	973	977	941	928	997	948	955	926	1015	975	966	986	993	962	981	968	978	996	920	901	937	986	989	948	973	932	973	990	961	950	986	993	979	979	957	946	975	967	1000	978	992	951	994	979	998	1814.965692
963	1020	975	975	970	982	977	1021	994	959	1024	946	970	956	942	996	976	971	952	980	952	1018	967	955	998	947	946	966	975	978	972	985	924	945	997	962	899	905	893	977	956	956	945	963	957	936	960	968	967	948	999	974	964	961	998	974	972	967	997	951	954	979	959	991	981	969	954	982	963	970	906	925	938	968	969	956	958	985	969	925	905	968	994	964	964	989	963	967	978	1000	944	960	968	943	969	957	1817.113233
994	945	952	1002	949	968	970	977	975	993	1013	982	921	957	917	987	963	949	981	967	965	980	955	947	962	954	948	979	952	966	987	1000	966	979	1026	965	899	878	882	977	942	926	958	958	970	959	912	925	934	980	977	962	1000	974	939	950	967	963	978	1000	958	949	928	981	969	973	962	963	1015	907	921	900	965	951	962	962	944	945	970	973	951	980	939	978	983	964	936	1002	991	998	968	984	960	953	967	962	1819.25993
933	946	948	1007	965	963	982	974	953	991	1015	981	968	946	926	977	954	959	998	963	965	953	952	950	979	966	982	995	962	958	988	986	963	941	969	938	895	896	899	956	977	997	957	932	985	948	914	898	941	949	997	977	940	927	967	937	923	960	947	943	956	949	952	961	993	955	950	928	988	899	914	927	938	937	978	978	930	949	959	936	946	947	945	952	965	962	946	963	987	949	1001	968	958	976	943	960	1821.393865
970	975	952	1023	978	971	950	952	997	966	996	972	946	962	914	991	955	956	928	967	975	957	961	960	1009	1001	986	995	980	938	987	989	968	968	989	971	893	886	879	974	979	964	966	931	945	979	925	975	987	965	975	996	900	937	982	937	975	951	949	969	924	957	986	961	975	975	950	953	995	907	911	893	980	930	986	954	963	929	917	956	919	960	949	1003	976	996	965	955	956	996	961	943	964	972	968	938	1823.53888
943	966	932	983	967	948	996	978	968	1009	1023	950	969	957	974	950	961	940	934	956	960	967	973	1000	1004	997	972	980	997	961	989	966	950	981	964	971	894	908	896	953	963	976	970	964	942	962	933	918	966	984	972	927	973	924	943	956	974	978	951	952	975	947	932	957	955	976	953	972	961	924	879	904	994	944	964	975	954	935	946	935	957	946	945	967	967	963	961	1003	1012	976	959	970	923	959	945	966	1825.683053
924	957	929	1002	971	972	1020	976	982	971	1033	990	970	972	950	988	977	1006	988	925	959	939	985	942	951	971	944	966	1003	948	977	963	965	978	950	1000	914	892	902	939	955	933	958	974	973	951	920	947	1016	972	987	962	927	947	963	963	939	982	975	973	949	947	951	990	989	999	982	965	963	919	907	923	914	954	940	949	952	925	965	965	973	928	968	928	985	955	992	977	990	989	972	954	981	968	958	963	1827.814478
968	965	938	986	947	951	935	983	967	980	1003	1019	946	944	952	996	970	954	976	991	980	958	965	986	984	947	975	958	975	959	962	989	986	946	950	1005	895	874	888	961	969	966	983	932	985	977	960	964	966	946	988	940	972	955	941	950	940	963	981	932	960	946	1005	983	966	961	987	1007	928	896	925	909	955	939	947	963	962	938	982	982	938	998	938	975	980	969	1004	976	981	976	952	970	955	990	947	967	1829.956971
975	954	957	1013	946	953	980	979	959	986	1024	960	956	952	962	974	993	997	996	962	1016	947	1027	989	978	982	970	974	961	948	994	953	999	1010	975	996	900	897	906	980	961	944	982	950	967	951	925	931	985	1003	954	979	965	966	973	957	969	993	947	982	968	950	974	949	957	999	984	940	987	923	919	891	922	966	946	961	920	956	931	946	947	953	995	980	966	975	947	976	987	981	972	974	972	930	954	986	1832.086727
962	967	943	1028	974	957	971	980	959	988	1019	939	966	940	983	963	986	1000	990	979	966	980	985	987	927	973	949	957	941	974	986	976	967	957	980	931	897	888	874	935	967	944	979	972	1001	914	948	963	954	975	979	934	958	967	978	964	957	982	959	989	944	999	951	962	949	967	966	966	936	908	905	905	980	927	946	955	942	906	945	970	966	959	932	974	959	974	985	944	998	969	995	960	935	952	946	984	1834.215652
970	929	973	988	989	976	979	950	1009	984	981	955	948	964	948	956	959	994	945	969	951	954	983	939	1000	987	985	952	933	970	955	952	952	1013	979	959	899	879	912	965	966	961	968	967	964	930	917	956	955	955	1002	960	940	956	955	950	947	956	991	980	953	953	961	968	938	989	980	965	971	933	914	918	965	947	936	921	949	933	977	957	934	937	967	939	979	981	940	966	973	963	995	955	984	985	952	946	1836.343745
981	939	931	986	956	944	1003	1003	969	967	1007	958	943	947	946	969	984	978	946	970	991	951	971	956	945	987	1003	965	971	957	931	983	1003	942	953	989	883	903	892	967	922	948	966	957	933	975	965	950	961	1002	992	994	967	1004	981	960	963	971	949	961	959	920	955	978	960	972	1003	964	1014	894	912	939	949	962	980	978	923	931	928	954	967	974	947	936	989	995	978	972	998	970	975	985	947	948	939	963	1838.482891
975	924	961	987	954	981	950	964	980	1001	1000	959	962	991	944	938	922	967	993	937	950	942	975	956	970	974	975	986	970	937	971	967	977	939	955	963	939	866	863	929	954	964	947	975	931	948	951	925	963	991	961	957	917	930	987	948	952	961	975	949	965	968	925	989	971	986	954	959	1006	903	938	917	965	960	934	961	933	958	969	947	949	969	979	950	955	965	989	947	972	974	973	954	943	974	955	978	1840.609319
976	995	937	983	947	969	971	977	974	997	1000	957	931	930	971	956	986	976	963	955	984	946	957	956	949	995	972	963	969	964	970	969	963	949	989	1010	885	911	917	949	978	959	935	941	932	948	970	957	928	997	1001	946	951	1006	932	927	946	968	959	969	924	969	946	947	965	967	977	967	963	891	925	936	950	966	929	977	954	967	944	977	998	975	988	953	1013	969	982	1004	959	953	983	977	968	996	973	964	1842.734919
942	977	971	980	959	955	995	982	946	1007	1012	971	940	965	964	944	955	927	991	946	933	930	942	974	951	977	937	972	961	996	959	986	955	963	966	951	887	890	877	964	926	932	928	948	950	962	970	928	927	991	969	957	944	926	953	979	959	972	955	960	927	961	912	950	956	970	960	957	1001	915	919	922	964	964	937	941	969	966	919	954	946	965	996	930	976	959	974	977	956	955	949	997	947	963	956	951	1844.859689
941	932	950	966	975	927	972	962	968	1035	1010	969	951	955	950	956	976	970	958	963	972	955	951	950	950	958	937	952	946	970	980	964	933	949	985	958	903	865	894	960	925	964	965	946	919	909	939	944	979	991	994	943	934	924	923	894	934	942	963	990	966	938	946	960	947	950	935	966	956	894	903	943	986	944	944	931	967	967	941	967	913	958	918	991	941	929	942	967	995	986	953	959	996	944	957	952	1846.971767
953	921	948	998	922	946	974	992	1000	1007	982	958	930	891	944	938	965	992	962	962	958	967	952	960	975	957	951	956	958	969	972	956	1004	957	942	976	870	864	887	893	932	922	962	947	978	915	932	916	969	971	943	950	938	966	896	953	905	944	933	960	945	969	937	935	956	931	934	972	948	922	923	874	975	950	965	961	955	940	944	931	945	963	941	946	976	959	950	986	921	958	977	921	916	930	965	969	1849.094886
970	948	934	976	975	949	966	940	949	952	1012	946	942	930	969	968	978	977	920	932	930	937	931	943	987	941	971	945	959	924	940	981	941	957	936	961	874	847	891	953	931	908	944	956	920	944	932	956	945	946	944	940	953	918	907	919	958	959	918	1016	962	921	920	983	973	961	970	939	959	933	890	896	953	927	949	942	920	931	939	926	939	951	948	967	943	968	932	952	983	950	937	940	936	962	912	968	1851.217176
973	942	937	995	932	935	968	947	956	997	982	937	931	920	934	950	964	971	965	950	935	957	951	954	923	961	943	981	970	953	959	978	962	942	941	934	874	894	862	966	935	929	979	937	954	958	925	917	973	959	921	937	951	944	945	957	956	974	984	969	897	942	963	945	968	965	938	965	962	928	893	892	960	944	924	930	891	958	929	984	915	926	940	933	929	973	944	952	967	973	968	958	945	951	986	924	1853.33864
951	911	952	982	970	923	957	986	941	964	992	989	937	969	897	938	923	932	957	937	943	930	937	965	939	961	963	962	980	957	955	951	925	950	972	925	913	886	888	915	963	967	943	950	915	916	912	926	976	950	967	955	888	932	947	953	944	928	949	937	959	963	984	947	962	978	947	974	927	898	905	870	925	928	958	937	925	924	939	942	935	944	947	915	946	956	961	974	987	994	967	952	955	943	958	956	1855.447432
907	933	940	972	955	960	984	977	943	966	1020	966	947	927	914	928	958	970	946	945	953	990	958	965	946	1027	934	966	941	988	942	952	937	959	965	960	917	880	885	919	956	951	958	947	929	956	939	959	960	972	1001	974	940	942	969	915	943	950	942	939	947	934	952	936	952	965	953	969	970	918	910	872	898	964	929	954	936	909	934	925	971	927	969	940	959	946	913	961	975	980	942	931	973	959	945	969	1857.567248
964	941	973	998	914	955	1000	993	937	994	1020	939	944	967	925	977	964	960	942	974	964	924	943	914	940	947	944	976	969	966	952	940	948	923	959	976	879	881	881	983	946	944	959	932	948	923	910	953	953	948	949	922	937	922	905	943	919	960	939	967	933	917	938	982	971	959	975	970	979	901	888	915	940	922	949	941	938	949	968	963	947	963	942	947	972	966	969	948	995	969	947	935	966	942	930	927	1859.674403
929	945	947	935	946	976	1016	978	970	993	966	970	934	910	899	964	949	957	933	943	940	968	949	959	990	945	978	962	934	947	959	940	939	981	938	941	891	860	888	961	960	949	955	956	968	939	919	953	996	981	954	985	948	945	925	900	941	989	950	998	926	903	933	959	968	988	964	987	971	912	917	904	936	927	907	944	960	948	948	938	979	919	977	933	992	955	951	959	970	970	948	952	936	931	982	974	1861.792572
975	948	948	985	976	980	948	960	976	986	977	939	928	919	922	947	950	963	939	947	987	927	960	949	957	969	992	933	945	979	958	948	963	917	963	931	884	834	899	909	962	924	939	959	970	938	931	927	954	977	939	933	959	902	956	921	936	965	944	918	962	933	955	956	943	987	911	932	945	911	901	912	942	931	947	932	908	952	948	941	899	951	960	943	954	975	939	980	941	989	972	949	974	957	929	955	1863.898091
927	946	944	1016	932	934	989	971	945	916	987	958	934	936	945	990	937	976	949	965	957	950	947	953	939	963	952	958	940	935	944	944	1003	950	968	952	870	915	899	910	940	947	951	964	920	931	926	950	955	964	981	926	959	949	965	949	950	939	972	978	908	992	918	955	985	972	982	976	952	910	889	919	945	945	936	919	956	950	932	938	942	921	925	929	968	933	994	953	969	987	966	953	960	982	934	978	1866.002794
955	946	941	961	969	975	990	992	943	1002	967	965	914	947	918	974	966	943	930	1002	942	938	937	946	945	966	978	925	980	962	954	953	936	956	964	959	861	873	927	916	922	964	945	919	978	909	949	914	950	934	961	965	938	925	921	963	921	978	995	948	927	951	962	1002	994	945	970	974	947	892	924	907	969	917	936	957	932	968	942	950	959	936	923	912	968	951	972	931	991	1008	964	967	960	924	940	953	1868.106683
938	940	935	953	960	959	982	980	922	958	999	935	952	948	956	962	945	957	932	956	918	946	955	965	938	928	949	988	959	967	917	951	928	962	934	980	865	864	879	904	941	931	927	940	944	915	955	925	949	958	959	930	979	929	949	928	979	941	959	950	937	940	928	975	963	967	951	974	972	911	916	902	951	909	943	965	977	921	934	936	981	945	925	918	971	966	945	939	943	975	961	945	934	955	948	958	1870.209758
973	909	918	961	941	950	972	955	971	965	981	953	947	920	906	925	938	964	974	933	954	969	965	954	1012	958	943	965	914	986	945	975	956	952	984	981	865	872	864	929	957	898	955	936	920	951	942	953	953	972	958	934	915	938	937	964	884	944	927	915	944	982	909	949	934	970	932	911	939	880	923	894	935	954	927	931	922	921	946	948	920	968	959	953	975	996	951	926	961	964	926	951	947	937	929	920	1872.312019
938	932	893	961	958	914	977	942	954	981	1023	959	921	937	931	958	947	977	962	961	953	956	919	988	955	949	913	941	965	962	949	913	944	936	938	953	838	857	878	964	932	956	945	939	944	965	915	893	925	959	954	981	928	913	937	910	916	950	943	941	970	943	948	944	934	926	943	947	937	871	904	892	930	938	908	940	907	932	910	907	941	947	958	933	964	958	957	984	963	938	953	948	947	939	924	959	1874.413467
937	947	943	942	939	925	982	987	948	960	954	924	929	957	961	954	953	930	979	921	954	957	920	948	936	972	943	954	919	962	904	937	966	937	952	932	884	884	868	936	971	920	944	934	971	913	930	941	957	945	928	887	925	932	911	941	971	957	948	939	939	923	953	946	955	964	937	945	968	923	874	893	948	925	933	945	926	935	946	946	929	938	964	938	972	939	945	970	970	934	966	950	929	938	972	946	1876.514103
927	904	910	942	963	942	944	952	960	937	975	905	949	942	920	954	943	962	971	927	951	931	978	955	936	934	942	923	925	941	961	943	936	927	955	952	866	855	898	920	951	928	913	904	911	930	936	909	932	956	1005	934	935	931	946	935	929	943	914	967	927	945	946	939	964	968	958	930	951	885	877	886	932	930	931	951	925	919	933	948	931	919	957	926	915	968	937	994	961	940	964	943	943	914	958	935	1878.613926
924	925	916	951	930	951	947	954	940	981	971	950	917	917	942	951	911	953	955	921	936	957	931	918	933	929	929	967	984	943	943	952	923	933	958	963	839	886	888	970	895	893	915	899	939	911	929	909	950	940	975	954	935	916	929	898	915	925	936	930	914	954	912	921	946	956	940	959	912	905	877	874	932	943	927	915	917	938	932	931	935	943	934	948	954	954	969	960	934	933	937	939	909	941	930	949	1880.712938
938	890	938	942	933	946	982	942	936	922	997	949	928	944	923	915	970	962	932	942	947	893	921	932	953	942	931	952	959	968	933	944	953	943	962	924	863	866	914	936	933	960	944	940	940	914	912	911	949	965	944	904	922	914	911	897	919	915	958	984	933	911	865	938	977	960	957	953	953	881	882	866	929	949	934	918	917	960	922	914	945	936	897	951	935	940	946	938	925	991	966	962	925	930	956	943	1882.799353
897	937	906	999	959	972	931	937	933	945	942	925	950	929	937	965	916	922	960	964	941	929	939	974	953	980	926	949	926	927	910	920	961	960	942	911	883	882	875	903	919	951	943	926	938	932	906	910	957	949	953	920	883	927	941	909	948	945	941	975	903	931	926	940	959	972	924	918	935	911	901	897	947	915	934	941	943	916	934	948	953	945	929	937	1003	948	946	951	946	928	949	921	973	960	958	954	1884.896748
926	941	948	940	964	937	977	961	937	958	968	966	942	927	923	932	942	964	951	960	955	980	937	926	945	950	921	951	934	936	933	926	939	935	918	933	904	868	855	921	918	919	943	940	907	910	898	924	925	940	934	909	924	944	937	946	897	949	949	956	919	938	942	955	950	927	927	946	932	934	912	910	937	935	917	932	916	926	911	952	944	959	941	936	937	934	958	982	947	948	960	959	965	967	913	904	1886.993332
953	958	957	972	955	963	973	950	948	955	974	927	953	946	945	940	945	937	953	950	976	966	941	907	963	969	948	917	955	961	941	953	914	958	950	945	867	880	908	944	974	945	932	931	930	900	920	935	938	977	953	928	910	916	919	932	944	920	920	933	926	938	939	955	979	980	914	922	948	881	884	910	919	900	926	924	947	927	976	940	927	936	953	925	958	944	939	918	961	976	937	994	941	940	929	940	1889.077334
945	915	922	963	942	947	969	981	945	962	1004	942	947	941	934	946	949	961	946	947	948	944	938	918	947	950	920	933	949	927	952	915	948	963	937	974	879	873	845	928	956	938	952	956	946	935	924	917	955	940	947	905	919	919	975	958	904	978	974	966	939	959	912	945	958	957	952	973	971	926	908	888	913	931	926	923	943	932	911	940	912	935	940	956	942	946	971	975	977	955	958	939	938	939	921	962	1891.172304
964	936	949	952	959	935	967	939	952	973	976	988	958	890	969	924	952	952	936	990	975	949	929	964	978	964	960	960	933	961	984	981	948	975	937	924	881	871	889	972	891	920	975	995	931	924	940	950	955	989	974	928	923	968	934	981	925	943	965	945	959	935	943	963	951	923	949	923	939	899	883	897	944	957	931	917	956	955	922	918	920	920	969	934	928	954	923	977	942	931	953	956	959	936	939	973	1893.254701
962	938	927	956	950	964	984	953	968	954	1004	950	943	947	941	948	941	941	960	934	938	938	980	983	935	990	950	936	937	932	944	942	970	942	927	948	861	870	891	920	932	923	975	951	938	954	927	928	954	914	950	918	943	982	930	943	946	955	920	960	951	925	956	970	942	927	954	932	925	913	870	919	922	946	932	906	943	929	936	945	949	981	971	911	949	959	950	923	973	977	979	972	975	915	913	944	1895.3363
946	986	906	957	942	918	963	947	1003	969	961	932	922	903	911	954	923	984	973	970	973	955	932	948	987	966	940	942	965	918	945	950	932	986	952	924	872	884	864	936	939	938	933	948	967	917	933	926	960	952	951	948	940	917	927	919	918	942	931	906	935	952	937	936	947	943	974	909	939	879	900	901	958	946	948	928	923	916	909	974	924	934	930	920	946	945	960	975	944	939	956	954	939	927	923	964	1897.4171
945	943	922	948	944	944	952	942	917	943	992	938	923	910	935	925	952	983	953	952	939	960	919	969	934	924	928	971	930	929	941	960	941	951	952	974	914	874	863	940	906	951	929	969	959	931	940	915	953	952	977	951	946	929	967	927	915	932	956	971	946	938	939	982	956	940	985	934	956	867	922	878	935	941	916	937	963	940	964	950	906	900	947	917	938	932	949	952	939	967	940	952	947	931	914	939	1899.497101
936	928	941	945	926	960	950	954	932	948	963	934	931	956	927	925	948	962	934	971	986	947	919	934	941	941	964	917	937	928	917	940	937	952	948	939	867	876	861	939	949	911	951	938	919	931	895	948	937	936	958	932	932	933	918	949	932	976	936	948	940	923	935	946	920	935	941	940	953	920	869	896	928	915	940	938	894	923	906	920	941	942	925	919	973	945	955	945	979	982	961	921	948	934	901	926	1901.588049
926	930	902	968	939	932	965	932	913	982	971	967	938	945	896	977	959	931	933	948	959	933	972	915	949	938	929	953	938	974	909	950	950	977	948	944	903	861	875	952	911	908	926	935	948	916	899	893	938	945	959	919	938	954	898	900	935	958	947	947	913	935	908	957	942	939	934	947	941	919	891	873	928	907	923	948	917	931	930	910	944	967	922	914	925	926	936	943	978	957	949	943	902	933	921	938	1903.66645
891	938	893	924	952	921	950	958	941	946	963	920	914	912	908	921	953	945	924	953	943	941	940	915	941	979	933	905	912	921	954	945	965	930	925	914	875	883	856	936	918	914	956	940	905	915	896	930	956	943	920	929	900	945	926	913	935	921	962	921	921	923	920	939	962	956	918	927	943	871	914	860	931	912	944	931	905	919	922	920	912	920	916	914	934	912	955	953	936	925	934	913	925	902	913	944	1905.732318
923	919	931	946	918	941	956	959	939	932	955	931	925	899	947	934	936	941	959	906	941	918	886	954	964	925	961	934	953	942	910	940	934	964	918	926	884	864	839	949	916	914	919	935	945	902	869	899	926	943	942	915	897	887	919	926	914	957	918	930	897	934	871	953	966	937	937	960	924	853	870	877	928	939	942	901	926	908	933	923	902	915	914	881	917	957	953	945	952	948	952	925	968	933	968	941	1907.809131
937	921	915	933	916	944	937	949	920	973	993	957	949	937	935	927	941	926	947	946	952	914	933	922	918	938	927	921	931	933	895	960	919	930	954	975	851	865	865	914	918	898	920	955	914	909	905	920	927	924	942	932	886	909	955	905	934	923	921	925	913	921	927	924	947	948	927	948	931	869	884	880	911	883	908	928	921	906	908	901	949	930	963	940	910	939	924	925	922	954	918	948	940	906	949	942	1909.885147
905	944	917	918	917	954	974	942	918	945	964	925	933	925	900	911	918	954	959	948	957	935	926	935	960	925	922	922	925	954	937	912	923	899	944	915	830	863	872	922	922	919	912	958	937	928	894	946	952	960	941	942	919	936	919	924	915	951	895	908	950	928	943	945	908	956	940	924	921	861	872	872	934	933	925	906	907	909	951	960	883	943	956	912	959	915	918	983	974	965	925	916	921	957	928	933	1911.960367
936	922	924	936	922	932	930	943	933	955	943	944	944	910	954	931	928	970	910	945	928	905	928	928	975	918	918	939	930	941	950	913	919	944	959	932	868	888	858	938	957	903	912	908	912	938	893	894	928	918	938	914	965	952	914	919	927	912	961	923	924	915	933	980	923	938	914	913	924	866	903	874	922	916	921	941	911	899	930	929	927	935	905	930	917	927	944	960	931	941	920	967	942	934	925	930	1914.023074
939	928	931	939	918	914	955	949	962	966	984	961	943	941	892	924	947	945	960	973	941	903	931	935	951	940	938	925	918	941	943	968	960	907	968	953	848	856	859	916	918	924	907	931	967	923	910	910	916	921	963	921	953	941	913	927	901	942	948	943	938	946	931	962	961	926	906	930	949	860	896	910	927	982	918	910	903	924	904	924	960	949	930	950	916	938	972	954	963	945	907	933	964	953	920	948	1916.096709
930	895	931	930	960	917	968	956	926	957	963	950	924	921	946	925	966	949	955	981	914	926	913	922	968	935	980	928	912	916	950	972	952	955	940	911	855	849	877	920	929	905	955	933	916	958	905	944	950	924	967	893	916	936	896	929	926	968	931	950	943	915	968	918	948	978	924	965	930	890	887	882	910	933	885	922	891	902	920	938	900	939	952	929	943	953	939	953	911	946	927	964	925	906	955	899	1918.169549
945	921	928	973	946	942	968	951	961	978	967	965	906	969	933	955	956	956	950	957	901	949	986	940	974	958	948	944	955	960	936	942	915	958	951	945	883	873	875	930	941	895	907	973	955	906	939	931	926	937	950	923	928	940	917	946	928	956	951	921	928	949	920	945	957	951	991	925	955	889	938	890	919	934	932	899	923	949	927	945	961	939	931	930	915	939	955	986	1001	949	945	933	930	954	929	966	1920.229892
925	911	933	957	933	927	953	944	927	990	958	973	916	929	917	937	915	926	959	918	940	923	930	951	995	924	918	967	959	930	935	945	930	914	947	983	867	866	869	925	939	926	939	923	920	902	933	923	969	934	935	897	916	943	931	940	937	930	956	932	943	915	906	938	934	901	953	937	942	869	878	897	899	944	907	917	938	914	920	893	903	928	927	905	930	917	911	942	963	955	949	930	955	930	950	933	1922.28945
915	946	938	941	909	934	943	923	943	936	969	927	877	908	930	933	929	916	938	917	918	932	954	935	944	942	947	903	917	967	968	965	962	945	972	940	859	875	899	949	911	928	951	917	909	925	897	912	935	946	965	905	921	960	902	925	902	917	952	933	931	933	912	980	969	915	905	931	909	894	890	887	930	940	930	917	903	935	931	956	939	951	908	932	973	948	949	947	930	935	952	954	933	932	936	924	1924.359919
936	929	940	962	900	945	962	942	915	912	1005	931	951	921	929	929	946	956	944	943	939	944	942	930	936	931	922	947	968	933	930	960	947	949	933	936	854	848	874	946	940	933	945	916	958	888	904	936	942	926	950	926	926	917	908	916	942	914	927	938	949	910	956	942	947	951	943	951	927	881	872	918	925	908	948	943	954	903	935	894	931	929	946	946	961	947	934	980	933	974	952	947	940	937	938	951	1926.417905
926	933	962	944	943	923	948	942	949	940	952	944	905	941	931	954	946	938	974	959	934	957	939	916	953	925	945	959	944	959	920	942	917	941	939	952	869	864	881	914	934	929	896	960	959	925	927	913	954	951	929	921	941	957	906	964	922	942	958	922	925	948	938	981	933	931	935	926	924	879	903	896	910	955	925	925	899	939	928	955	916	931	960	929	958	969	932	967	936	997	977	934	950	983	948	928	1928.475108
913	931	918	919	935	934	920	962	934	963	940	928	944	921	939	935	935	934	925	939	920	928	932	927	927	968	901	954	952	901	926	935	928	934	970	950	848	842	872	925	937	934	964	933	939	916	908	927	939	945	929	905	918	932	959	903	914	944	931	903	901	897	951	952	924	921	924	939	938	888	893	856	882	890	900	907	898	918	958	917	938	937	922	936	946	948	965	935	932	959	938	932	936	945	927	945	1930.531528
925	948	933	936	958	934	895	952	902	942	1006	909	890	901	907	935	943	930	927	937	920	940	938	959	927	911	933	944	921	946	921	939	946	944	922	936	878	870	886	905	918	898	959	929	960	886	898	895	921	937	943	912	919	916	883	932	959	945	921	915	953	954	905	944	954	925	933	953	887	885	888	901	918	867	928	923	904	888	941	915	922	949	944	921	937	944	939	949	952	960	942	928	921	934	932	920	1932.587165
924	896	880	944	894	959	966	908	937	923	945	924	904	956	944	916	934	954	953	946	941	943	920	945	932	955	895	911	909	947	934	945	976	944	938	977	848	836	858	912	932	904	907	934	923	911	939	900	921	974	954	919	886	935	899	919	893	906	900	910	933	902	968	954	947	962	933	960	925	877	866	889	929	899	928	931	889	898	889	904	892	926	922	915	915	930	928	914	943	923	927	930	939	963	952	932	1934.642022
944	902	937	968	920	909	942	938	914	940	935	917	925	931	899	937	923	935	928	906	942	950	906	930	935	898	902	934	903	929	926	923	929	969	914	901	852	843	863	901	940	875	911	920	895	874	890	875	924	915	938	913	915	930	936	885	910	903	949	907	908	900	919	893	928	929	917	899	909	882	881	880	916	912	894	902	912	923	964	904	911	906	921	918	927	921	964	911	925	955	932	908	944	902	959	922	1936.696096
901	902	913	929	929	932	929	910	907	919	955	938	901	904	875	929	931	952	959	914	934	908	939	933	937	967	904	937	947	941	932	918	902	934	945	934	881	850	861	907	908	894	924	932	926	903	882	887	923	910	908	885	925	906	929	917	903	919	934	922	930	945	928	925	922	914	896	909	913	881	885	885	915	886	917	897	899	906	902	902	901	941	908	910	951	917	920	913	923	931	898	917	888	913	923	925	1938.74939
943	926	921	933	913	915	930	935	922	948	946	903	899	912	906	906	939	941	904	914	934	885	899	929	908	879	911	902	947	922	926	938	903	892	939	898	877	861	827	873	918	922	917	950	918	882	906	920	932	911	906	924	935	917	905	917	904	929	923	924	911	921	904	941	916	890	910	912	912	863	855	864	895	914	900	985	902	904	922	910	910	926	913	933	911	986	927	911	956	917	934	903	899	948	925	902	1940.801904
898	888	909	893	908	909	937	935	892	928	970	911	905	910	917	904	911	907	952	896	926	904	924	906	943	967	968	938	895	904	927	888	921	914	902	913	866	840	825	918	915	911	942	919	875	933	894	889	955	929	933	913	901	924	902	874	919	893	916	925	887	922	934	947	945	923	907	943	934	832	898	882	916	919	912	928	922	929	948	889	890	885	917	909	918	903	925	925	940	902	927	888	913	917	920	901	1942.841982
916	926	921	942	965	910	976	967	909	914	955	907	916	892	889	910	904	939	931	944	914	936	890	924	910	898	947	912	914	910	923	909	948	913	909	941	881	903	850	952	895	915	917	883	926	892	917	914	922	906	917	940	949	933	910	879	908	937	908	951	918	932	915	880	902	925	909	896	928	861	861	844	897	910	885	890	912	925	899	932	916	905	920	921	913	945	925	935	925	919	938	959	907	894	931	923	1944.89294
930	920	902	911	901	894	945	918	916	934	928	924	921	910	899	897	946	920	928	918	916	924	951	944	922	913	942	905	927	926	937	932	908	918	946	944	850	856	860	913	921	900	900	936	904	917	893	910	939	945	927	910	922	914	911	874	901	896	923	944	956	872	918	877	923	944	917	922	940	881	887	885	930	954	905	894	912	912	895	917	921	894	930	912	956	929	931	944	896	949	988	906	948	925	889	917	1946.943119
921	914	946	954	950	910	959	967	897	941	953	889	916	896	935	905	922	932	928	974	917	907	909	942	913	934	903	948	962	945	952	911	956	944	931	913	867	849	851	902	913	933	896	915	902	872	933	878	937	916	945	906	901	919	887	899	919	940	909	918	906	934	926	903	923	915	946	926	935	857	844	874	909	934	938	876	896	904	899	922	915	922	937	901	912	938	953	929	933	944	929	910	931	898	911	922	1948.980878
914	925	931	961	948	930	963	921	934	936	941	931	924	932	910	930	952	924	973	941	931	926	889	914	907	933	923	956	910	905	923	934	945	937	931	929	848	866	862	938	942	937	936	951	940	890	879	903	899	946	914	888	893	912	929	920	891	898	925	920	921	895	935	920	934	927	947	910	903	876	869	872	966	906	899	932	885	928	920	921	916	920	902	920	929	920	923	940	956	977	950	932	900	936	911	937	1951.029504
893	909	908	945	924	952	938	955	939	1000	932	916	920	957	910	935	943	926	940	927	912	935	937	950	921	932	909	936	930	945	927	936	926	922	931	968	862	841	880	929	929	952	926	929	911	916	899	925	969	948	952	918	918	898	908	921	909	912	968	951	915	899	921	945	923	914	945	876	951	875	885	916	927	921	910	919	925	910	924	931	958	938	967	931	919	934	916	933	946	938	953	895	946	916	931	922	1953.06572
917	956	901	943	926	947	970	904	946	940	940	933	905	907	922	941	931	936	923	914	936	929	914	897	948	933	930	940	940	928	928	963	924	932	935	946	869	874	896	933	919	915	910	916	913	917	903	900	934	934	926	953	919	922	921	907	918	940	919	955	928	891	909	913	936	907	940	927	902	886	863	873	901	939	907	914	885	902	927	924	914	917	936	928	921	930	963	946	939	941	929	909	917	946	910	925	1955.101167
917	942	935	922	955	899	955	960	918	924	939	924	926	949	906	918	964	949	927	947	942	938	929	950	921	945	933	908	930	922	952	934	948	964	954	918	835	873	861	904	895	905	919	916	953	905	930	931	939	934	950	912	886	917	916	913	923	941	913	946	911	903	926	930	925	935	942	962	947	911	901	883	910	919	929	935	873	893	901	891	932	947	977	900	930	926	933	935	943	919	953	954	913	926	906	926	1957.135846
921	907	908	951	918	926	946	930	938	921	935	940	891	934	926	932	965	912	933	928	936	925	931	887	951	938	942	913	931	919	949	949	910	948	888	938	885	868	856	899	925	885	952	918	938	924	911	928	953	931	944	945	910	950	904	930	939	946	928	927	921	861	932	929	929	907	905	930	947	871	863	891	928	922	924	913	885	897	913	943	898	923	907	928	933	926	899	953	952	931	914	938	932	910	920	899	1959.181378
944	921	929	960	918	930	913	950	959	932	936	950	925	932	907	919	961	948	945	915	941	921	927	934	936	925	942	929	905	917	948	941	929	939	918	952	847	832	828	938	898	902	928	934	916	909	904	903	917	960	965	905	929	929	915	884	927	931	930	916	954	901	925	973	955	928	930	907	921	899	889	861	926	934	942	913	925	913	925	951	915	926	895	902	912	960	936	931	981	953	918	924	906	925	928	944	1961.214517
899	915	924	950	945	924	968	947	936	915	956	919	920	918	929	925	913	950	902	945	917	941	912	922	955	937	889	925	943	909	897	933	934	937	955	911	850	859	856	907	911	936	964	904	900	884	911	945	907	937	962	923	922	913	887	924	934	928	910	946	911	896	936	929	930	945	929	954	906	859	875	879	951	928	895	892	913	896	923	928	917	924	917	925	929	929	939	921	926	930	916	925	928	928	901	921	1963.24689
919	905	946	907	908	896	918	918	947	902	977	925	924	936	901	901	920	930	917	928	901	950	902	942	920	924	907	944	947	936	886	961	931	926	929	936	854	869	849	894	896	905	912	950	914	879	905	925	950	916	930	909	936	950	933	909	887	925	923	911	910	909	926	938	922	950	922	909	946	846	894	909	907	926	928	928	906	910	890	907	916	913	933	917	943	939	919	940	929	926	937	897	919	914	924	901	1965.278497
902	912	933	952	925	897	891	929	898	915	954	933	909	921	912	905	914	914	951	941	922	937	896	924	953	921	898	939	901	915	918	929	901	947	904	938	858	857	865	906	952	906	899	895	921	928	886	890	932	922	930	918	921	918	899	927	918	938	923	890	917	911	884	954	906	947	964	910	904	895	876	865	901	914	934	909	929	898	907	902	921	931	916	925	935	951	879	936	958	895	907	939	921	904	926	896	1967.297735
918	902	909	920	898	903	917	923	940	911	938	957	915	893	918	912	939	945	932	900	936	915	927	905	884	915	907	935	926	948	902	942	941	910	920	910	883	857	853	920	891	917	933	914	913	902	873	899	916	925	932	882	892	908	891	909	908	930	908	925	913	934	906	926	910	910	910	901	942	867	854	895	880	930	961	881	887	905	933	893	902	906	927	923	921	901	911	923	932	933	902	926	906	924	933	923	1969.327815
895	931	894	908	931	923	926	956	901	945	950	885	901	869	887	916	911	933	902	905	904	897	889	923	914	903	916	915	925	911	915	917	914	919	937	915	823	877	835	896	908	907	924	909	953	902	924	877	958	917	888	936	898	897	913	935	889	930	888	930	939	896	916	919	945	887	920	921	911	855	864	848	897	912	899	896	907	897	898	913	916	914	906	909	927	909	918	930	924	943	907	916	912	887	902	909	1971.357129
881	902	894	914	917	896	958	945	916	917	956	953	896	911	906	922	893	897	924	905	935	947	930	918	932	916	924	901	926	923	905	918	917	912	897	894	848	882	848	873	882	921	914	904	905	887	878	916	914	966	941	907	900	892	885	913	935	914	907	925	887	886	891	903	924	950	932	894	899	894	844	889	903	914	903	933	886	896	876	911	913	892	937	910	927	903	924	923	945	930	913	912	897	917	911	921	1973.385679
920	904	889	911	961	915	904	919	915	929	959	908	924	927	918	944	929	916	930	941	895	944	919	935	870	918	906	933	954	917	915	882	897	913	892	939	845	852	850	890	877	880	949	912	911	896	892	884	958	944	895	941	875	896	909	912	881	920	914	921	944	914	921	892	951	908	898	909	896	916	853	868	888	938	928	876	876	931	907	900	900	922	936	918	951	953	960	948	919	938	921	907	932	912	910	913	1975.40188
909	900	907	928	899	933	968	925	923	918	940	915	883	892	909	913	909	909	929	909	927	889	957	933	918	902	916	910	918	914	934	930	901	929	949	934	850	832	893	931	934	933	908	909	940	889	908	886	923	911	940	923	936	917	884	879	927	905	919	951	916	873	910	941	959	922	912	918	891	875	883	881	894	865	902	902	905	861	921	898	897	911	916	948	952	907	915	950	923	931	926	928	908	955	941	893	1977.428906
908	915	884	929	893	908	924	922	906	927	934	954	885	901	884	926	922	901	935	913	920	930	914	915	917	910	898	950	920	924	926	939	941	906	942	996	894	849	862	902	885	909	916	969	937	923	874	896	933	930	927	910	892	927	883	899	891	927	911	899	894	886	907	907	921	945	914	917	914	907	890	888	921	912	929	934	924	894	946	916	953	906	917	930	933	918	961	933	936	943	934	962	941	919	920	920	1979.443592
920	930	923	948	919	968	897	908	932	922	949	947	872	957	886	908	939	928	918	919	894	905	943	913	937	947	924	955	910	961	933	959	918	930	922	895	856	871	866	879	944	935	928	921	921	903	896	872	955	938	919	925	899	923	927	920	925	950	942	933	922	932	946	931	943	930	940	943	911	876	848	897	916	937	921	905	909	898	894	913	918	907	910	895	911	916	934	921	905	913	939	935	904	907	917	921	1981.469097
925	897	926	945	927	937	946	931	928	935	956	905	903	892	889	916	924	923	944	901	930	947	933	918	958	921	965	915	905	958	938	925	929	925	942	931	841	866	886	928	923	920	942	939	952	923	888	906	946	934	904	928	953	938	897	937	895	939	883	922	902	938	918	916	933	955	916	927	921	865	896	882	914	926	914	909	924	883	940	950	928	930	951	919	930	953	939	934	931	943	963	941	924	885	893	920	1983.482271
916	888	919	958	916	931	921	921	919	936	948	923	893	915	921	913	932	933	956	931	917	942	911	947	924	929	914	940	907	914	938	963	932	935	917	918	850	859	885	936	922	910	922	908	911	917	888	869	915	930	977	911	917	927	892	887	921	915	903	942	928	941	912	932	969	937	933	921	923	912	849	863	894	976	897	914	918	901	928	911	907	930	970	911	920	933	947	917	939	949	893	893	935	912	901	963	1985.494692
952	922	917	926	904	914	931	919	906	921	933	926	956	918	887	917	939	925	937	913	929	941	913	892	946	948	934	924	946	910	931	907	931	921	906	942	845	853	865	923	932	904	943	913	916	920	902	895	955	924	963	940	889	924	933	946	895	922	932	953	908	924	921	916	925	915	907	904	949	866	905	870	916	910	928	922	918	920	921	954	917	910	926	912	940	946	927	946	961	940	955	909	946	901	914	944	1987.517919
907	954	901	934	934	964	994	937	944	956	910	905	909	892	916	957	950	903	916	915	916	910	938	915	899	960	907	941	915	936	943	949	927	923	942	921	845	878	874	918	901	884	935	906	901	904	909	908	953	939	930	916	909	924	900	916	923	915	937	932	923	947	890	940	927	939	917	943	898	879	878	917	912	910	949	887	940	933	927	901	900	908	909	915	953	972	949	942	939	907	958	917	932	904	904	924	1989.52883
938	925	897	921	945	911	929	903	918	948	926	947	919	889	918	924	937	931	945	952	917	954	891	922	904	917	935	964	926	934	909	926	922	963	940	930	880	854	868	897	883	899	935	907	932	913	904	928	908	990	949	914	931	900	914	914	926	933	933	942	930	937	902	930	941	936	958	934	947	864	845	889	912	887	914	883	904	885	929	910	916	933	923	916	927	949	932	915	943	962	906	931	928	911	899	941	1991.538988
919	937	907	913	946	916	940	946	918	913	911	917	919	921	933	949	931	916	942	926	930	917	936	912	957	916	901	968	933	899	907	917	904	900	935	917	882	878	865	922	916	924	924	926	904	869	898	881	939	930	930	938	887	947	936	932	887	910	935	910	944	937	906	956	927	934	925	955	923	855	848	870	938	892	930	860	924	914	912	919	948	928	911	934	934	928	926	939	961	928	921	928	955	931	934	909	1993.548396
900	920	899	945	930	928	949	945	922	946	950	923	909	897	911	920	898	937	886	900	944	895	905	918	937	923	928	970	908	929	932	917	891	915	896	904	866	859	855	925	934	899	944	941	928	913	905	916	930	939	913	941	909	912	935	919	900	896	946	938	925	929	914	903	929	922	946	922	919	876	855	844	922	910	885	915	915	918	925	906	911	940	920	895	924	921	915	936	934	953	925	916	934	910	912	931	1995.557052
922	892	889	916	917	932	899	939	902	887	955	938	907	908	916	913	934	951	926	913	921	907	913	896	929	910	925	917	922	917	930	899	908	906	897	910	846	877	867	916	881	899	901	941	926	891	911	908	921	916	912	901	921	887	889	909	927	888	911	922	885	874	907	934	894	960	909	887	898	856	849	874	920	920	893	898	916	877	920	899	901	911	901	873	927	945	946	928	931	937	922	943	921	891	911	917	1997.564957
917	875	950	911	916	906	920	906	880	911	955	913	897	885	908	908	892	942	916	952	914	904	924	910	906	935	914	925	920	957	928	919	893	932	934	895	865	859	852	936	875	885	923	921	916	906	877	893	921	936	893	901	887	910	910	920	908	910	917	918	904	871	905	899	932	944	936	926	899	838	875	861	909	895	919	927	940	920	908	922	904	913	897	918	934	956	924	949	928	891	896	921	913	918	900	937	1999.560578
891	895	886	923	919	929	923	916	899	901	939	938	915	907	924	901	933	921	962	912	911	927	901	922	898	939	921	903	915	923	886	921	924	918	918	880	848	842	841	890	892	892	891	893	918	904	876	885	921	912	928	907	926	886	916	914	875	915	914	907	879	929	912	919	929	913	902	949	886	869	872	883	925	899	904	886	917	870	917	900	912	913	901	886	924	889	938	917	911	940	934	898	927	916	929	862	2001.566987
897	918	943	887	917	871	924	916	884	905	919	935	928	887	919	924	908	939	898	900	881	895	908	928	920	933	903	945	930	920	918	931	893	897	950	921	858	846	834	925	896	921	881	927	879	878	837	879	899	893	905	902	901	877	899	891	929	927	889	940	899	917	905	921	923	917	900	882	907	882	877	878	903	916	923	889	906	887	917	882	916	917	917	906	901	932	901	930	925	929	898	938	925	928	894	918	2003.572647
918	900	909	915	922	934	920	954	904	930	950	911	944	914	889	916	915	921	949	904	925	931	932	891	932	957	888	939	945	922	925	903	912	888	896	928	879	840	855	897	871	896	934	920	927	871	891	879	891	921	972	907	910	940	902	864	915	916	933	950	907	882	864	931	936	918	893	912	901	858	869	883	902	896	923	889	903	927	907	922	903	884	910	893	897	874	889	927	914	926	907	912	892	895	924	904	2005.566037
916	904	919	945	890	881	933	912	918	923	957	903	886	902	908	936	933	935	904	940	914	918	945	927	905	898	939	879	916	935	939	918	905	930	925	909	840	872	877	907	949	925	931	942	893	893	915	889	914	924	906	906	881	900	911	919	901	922	929	936	953	931	908	899	925	937	921	929	934	890	881	834	906	911	924	887	910	907	938	908	923	950	885	902	922	893	904	909	959	909	906	902	914	936	902	911	2007.570203
914	888	946	929	928	955	940	916	898	955	944	908	903	910	888	904	947	916	925	932	920	908	890	959	944	936	937	911	913	886	944	933	925	931	925	938	854	867	850	920	907	932	932	922	861	923	923	890	964	936	914	934	907	912	908	933	919	957	904	905	952	912	903	934	907	932	922	931	914	881	865	888	908	891	944	929	913	940	945	906	875	944	924	945	925	941	929	929	945	929	941	945	933	908	927	921	2009.562109
932	925	895	965	925	934	922	939	928	926	930	932	973	948	916	907	924	923	921	904	904	912	930	947	927	920	932	925	925	928	904	916	914	911	944	937	861	866	863	926	905	893	932	899	923	912	910	899	928	937	944	942	927	930	899	902	927	930	907	949	919	939	917	923	919	949	918	930	938	905	854	885	932	913	939	933	922	935	885	909	930	901	909	896	925	933	924	923	919	914	925	910	923	922	944	944	2011.564782
914	933	928	930	920	904	901	932	950	950	961	912	939	949	893	919	905	948	954	928	931	931	926	910	931	921	926	903	929	932	959	964	930	943	922	932	873	877	880	926	942	909	916	962	923	892	914	899	930	933	923	916	900	921	948	918	949	917	914	896	937	932	982	942	910	938	909	933	926	879	885	891	933	892	907	916	905	923	906	921	949	926	911	938	979	945	951	924	920	920	906	926	932	959	952	936	2013.555206
907	950	888	940	944	974	930	926	943	909	928	918	937	893	947	922	909	947	933	929	913	946	956	926	919	934	969	943	976	877	927	913	914	983	905	951	845	871	874	894	903	951	922	946	921	906	916	907	918	915	944	946	907	919	906	923	928	920	934	925	925	927	912	920	886	947	941	915	888	873	880	878	917	914	921	894	921	924	922	926	922	930	914	919	935	938	969	955	956	934	931	955	906	971	926	955	2015.544891
908	925	943	943	901	898	933	906	925	971	941	918	937	899	927	939	954	951	912	934	912	926	946	928	912	926	908	934	950	904	931	924	947	926	910	890	885	892	868	986	904	920	903	946	942	925	899	913	937	941	945	902	938	950	913	943	909	948	923	918	952	943	905	931	930	953	938	926	930	863	882	904	923	927	925	901	937	896	913	918	930	914	937	933	908	940	918	924	932	954	938	923	922	931	919	948	2017.545332
949	926	905	917	947	920	916	941	953	913	952	922	928	914	904	911	943	924	925	939	905	930	919	915	940	913	912	927	943	943	928	921	925	931	914	954	885	872	884	924	905	915	926	903	936	944	917	904	941	938	918	918	936	959	900	911	905	918	913	887	891	919	911	934	934	924	935	905	923	864	876	855	938	941	942	920	941	930	881	911	919	924	942	921	903	915	943	962	950	919	906	918	934	914	914	914	2019.533537
929	893	911	940	934	944	929	925	931	950	939	930	873	904	925	928	953	907	950	946	922	937	941	939	924	927	938	871	898	901	896	921	934	933	909	946	848	870	880	892	907	929	905	921	898	928	891	882	922	958	924	893	899	892	923	920	917	917	924	933	931	922	907	911	907	903	931	905	941	879	871	900	949	913	898	900	890	894	930	910	896	923	928	941	904	932	954	956	950	952	962	915	906	920	915	947	2021.521004
946	921	911	951	921	913	906	929	902	940	921	901	898	898	931	923	917	922	922	946	927	922	898	924	914	919	924	916	942	928	915	924	932	944	936	907	865	866	864	934	888	936	920	908	927	877	910	878	939	944	925	913	905	943	913	908	893	936	934	914	903	907	906	930	956	932	917	925	902	866	891	866	938	970	927	909	896	898	895	907	913	946	906	903	960	934	918	902	941	921	925	884	940	912	896	891	2023.507735
900	882	916	941	920	910	941	915	922	908	940	917	925	913	919	933	920	887	912	937	925	920	920	946	910	914	928	936	902	923	941	926	934	895	930	915	857	872	867	894	877	917	881	905	883	919	893	882	932	956	931	903	923	902	947	927	907	926	918	925	911	914	885	924	915	932	924	911	906	859	842	852	873	910	905	874	878	885	903	878	867	888	912	909	896	922	956	923	897	938	915	891	889	913	913	922	2025.493729
916	907	925	908	918	904	926	894	921	899	942	938	897	920	889	866	956	923	934	947	936	889	885	901	913	908	897	903	929	923	909	923	925	931	880	918	853	860	887	879	907	900	924	902	911	932	879	899	922	888	949	886	885	923	918	934	947	897	924	899	936	890	894	895	880	903	924	897	953	881	864	868	903	909	912	916	955	914	902	884	916	913	918	901	930	912	935	905	906	918	933	940	930	912	931	929	2027.478987
926	877	922	917	897	932	909	946	913	938	946	923	928	930	913	941	929	928	885	891	924	901	913	904	915	927	909	925	918	923	924	930	933	942	912	956	861	836	872	895	924	956	941	917	916	888	887	894	943	938	911	922	926	916	886	898	871	914	920	917	911	896	935	916	904	903	913	941	932	878	881	856	920	887	914	893	932	903	918	914	915	939	913	898	896	895	919	928	953	925	917	940	922	909	921	927	2029.452041
902	890	901	912	945	910	937	920	916	942	928	926	941	931	896	931	924	919	911	921	916	889	915	877	915	929	925	894	903	887	912	874	910	934	878	913	860	849	854	919	924	879	904	898	897	896	913	887	926	918	905	900	919	877	906	921	893	890	938	941	909	927	907	921	925	915	881	955	890	869	884	873	924	904	884	919	916	906	894	933	894	930	935	900	925	923	916	928	933	963	925	912	929	887	937	935	2031.435833
916	898	905	899	937	935	926	925	911	924	921	921	927	895	887	935	930	902	922	923	912	924	910	921	911	938	912	911	926	916	925	919	938	927	922	923	850	852	863	899	910	929	935	908	898	886	888	883	921	925	940	912	922	877	885	916	886	907	920	903	897	917	955	923	901	914	919	936	939	861	865	874	877	928	900	887	888	902	934	870	888	888	920	935	913	935	896	929	912	936	898	925	900	887	915	915	2033.418889
909	932	903	946	888	939	916	908	966	892	898	923	905	900	897	914	922	924	946	882	896	922	908	918	930	926	911	868	943	944	898	925	904	899	939	915	851	832	849	881	893	894	898	901	889	910	921	904	896	923	956	887	883	924	907	906	912	945	935	922	869	913	911	926	916	944	908	895	922	870	882	889	920	908	902	918	903	884	904	911	885	893	926	927	941	938	934	923	903	943	931	890	896	924	927	902	2035.389755
889	930	926	938	914	941	936	907	948	919	938	951	893	925	909	925	931	935	941	917	945	912	899	944	892	917	923	924	934	921	919	930	922	931	907	925	851	838	838	914	898	917	920	941	928	901	873	920	934	908	906	896	880	927	918	920	915	936	913	936	938	908	952	938	875	923	937	938	915	875	893	902	936	924	902	916	930	895	907	924	909	936	881	919	926	908	916	978	924	946	886	934	922	925	898	905	2037.371348
923	915	911	965	917	913	938	928	933	954	925	917	935	918	938	914	941	930	949	938	903	924	923	948	922	944	935	901	905	890	931	942	906	908	907	954	864	819	880	914	924	932	918	917	889	947	893	897	914	927	943	916	934	919	876	894	943	903	921	929	928	916	950	918	962	949	915	933	944	871	866	884	929	899	922	883	914	919	948	916	904	897	922	920	934	943	926	907	940	940	931	910	918	918	920	939	2039.340759
938	887	928	942	894	942	913	937	934	940	942	914	924	876	935	943	913	949	922	916	913	931	964	945	959	929	944	918	944	938	920	945	889	912	919	903	881	869	851	911	909	902	947	914	935	915	891	911	905	917	955	899	908	884	921	918	931	925	891	930	915	937	906	946	904	958	920	925	904	899	899	909	910	895	919	916	916	896	916	946	931	928	923	940	932	962	933	955	947	973	933	928	912	948	900	938	2041.320889
937	939	888	961	929	945	920	950	919	973	970	925	917	900	912	943	954	924	940	947	897	934	934	931	937	939	929	927	915	926	916	935	949	961	920	910	878	857	914	916	954	900	929	916	926	940	920	909	932	910	910	923	918	935	925	947	898	955	911	936	941	951	931	960	935	923	903	946	909	884	871	873	931	946	931	899	913	894	916	912	900	911	953	932	934	972	926	953	939	972	946	940	932	932	922	950	2043.288847
942	926	940	929	935	915	911	918	923	954	946	927	911	921	904	946	933	927	910	900	949	915	940	962	944	909	906	965	941	956	940	917	909	931	937	934	862	849	877	940	968	932	952	947	907	925	887	888	962	929	955	903	893	949	908	889	913	954	919	918	917	914	919	916	946	930	944	956	948	878	890	887	929	900	954	893	924	914	921	915	946	901	912	927	931	926	947	940	916	965	921	961	939	934	918	911	2045.256081
908	937	918	939	953	947	966	951	923	939	933	933	901	918	947	940	930	914	937	952	966	928	891	944	958	947	926	923	944	937	941	953	937	920	929	921	839	866	876	897	927	886	942	900	945	888	894	901	947	935	931	936	923	919	942	924	896	937	921	940	942	928	919	948	955	964	907	966	908	921	894	934	941	906	926	895	911	912	947	938	929	937	922	914	937	958	930	953	932	940	966	916	916	939	921	910	2047.234022
903	927	946	930	930	947	929	947	926	932	926	925	937	948	942	939	953	958	937	936	911	941	939	918	939	890	907	925	934	952	912	970	931	939	969	914	875	838	870	932	928	941	901	896	947	919	910	913	941	945	927	936	914	957	941	920	918	928	942	908	923	904	896	947	935	942	934	922	958	888	882	884	897	934	939	898	938	918	924	936	941	923	928	900	955	923	963	950	912	957	944	909	932	921	920	925	2049.199805
935	929	907	936	947	934	946	904	941	951	915	915	917	898	941	935	931	901	938	903	920	926	937	909	940	941	945	905	935	949	934	907	905	975	934	901	909	866	842	934	903	920	904	914	915	887	920	926	947	982	929	906	933	932	921	900	925	918	898	964	906	940	937	951	935	915	928	929	931	876	906	880	946	918	938	933	929	885	927	914	951	952	915	904	941	947	939	949	925	949	911	937	933	893	934	953	2051.164865
936	961	936	919	910	942	895	926	933	935	931	918	932	933	914	944	926	948	925	932	958	925	919	896	915	927	939	919	952	932	944	920	938	937	957	937	862	880	862	898	896	917	908	928	940	923	883	916	933	938	955	909	904	921	914	933	892	938	939	938	897	899	957	915	939	915	956	901	927	884	882	871	877	895	939	919	886	947	921	910	917	918	900	927	942	954	938	931	956	922	959	915	936	931	914	934	2053.129203
888	901	897	944	877	931	939	954	919	932	943	936	893	943	904	935	910	923	925	904	912	942	939	904	905	912	946	918	929	925	910	934	923	890	929	917	854	866	858	902	909	946	918	930	911	918	888	896	933	914	930	933	911	913	898	932	906	941	922	925	924	919	905	944	930	926	949	918	937	898	862	860	901	888	935	901	908	899	913	934	936	937	914	922	906	933	931	938	890	931	923	926	892	916	917	933	2055.092819
916	908	890	923	908	923	931	943	933	917	938	953	902	895	913	927	920	964	924	931	918	880	934	914	938	937	915	931	944	951	912	945	942	933	921	929	847	882	868	947	934	945	943	941	915	878	897	904	947	902	909	904	905	906	859	925	877	935	906	914	931	907	913	951	929	926	923	939	904	847	874	878	897	912	899	909	887	910	939	923	942	909	958	909	937	892	928	912	970	924	894	935	934	945	915	920	2057.055714
907	905	924	928	937	942	938	939	959	946	948	922	898	910	937	927	930	912	935	908	938	938	895	899	907	911	929	929	922	939	925	920	949	901	898	895	860	867	846	911	946	876	897	872	899	913	892	862	928	892	975	915	887	909	912	894	920	902	917	915	903	942	907	912	909	937	922	930	928	900	894	898	895	924	904	903	924	906	908	904	909	926	922	918	927	938	917	925	938	928	928	907	902	887	907	913	2059.006481
909	935	911	927	934	951	945	920	913	903	953	927	914	900	921	901	909	943	938	916	923	901	926	897	919	910	915	921	916	900	948	909	923	923	894	901	868	896	836	889	899	893	905	926	902	890	857	909	912	916	937	883	899	901	927	908	910	919	927	915	886	885	885	933	919	922	902	936	937	844	877	887	910	898	950	891	903	900	926	899	913	901	885	895	930	900	909	927	895	946	882	929	925	926	920	901	2060.967938
900	891	928	936	913	902	938	925	913	978	929	902	901	893	917	919	920	915	923	926	902	905	930	929	925	935	899	934	907	926	935	923	918	919	908	919	842	876	853	897	901	915	894	900	920	882	897	881	952	891	910	894	938	903	894	938	903	929	902	913	926	908	906	929	897	897	890	902	906	866	878	867	905	869	920	874	913	907	905	926	906	925	905	907	904	925	912	931	905	945	891	897	903	933	908	927	2062.928675
907	897	935	925	910	894	910	919	931	911	952	939	910	921	905	918	904	890	936	951	921	936	910	920	930	926	935	930	919	921	908	920	937	909	921	939	890	852	836	893	914	890	906	945	905	905	925	890	928	919	950	922	893	883	948	922	934	949	921	962	884	902	905	967	911	917	914	898	918	865	872	871	922	874	915	894	894	916	876	898	909	885	922	939	905	905	922	922	930	931	917	901	931	901	897	945	2064.877298
915	904	928	931	903	887	900	915	929	946	927	933	902	896	903	931	913	865	885	909	898	891	911	922	921	923	909	896	931	892	910	912	904	888	924	927	847	845	871	924	912	917	918	901	868	897	902	919	935	925	915	889	931	937	872	904	895	914	913	922	885	919	915	917	940	904	883	945	934	855	873	850	917	859	925	881	886	910	891	931	887	901	903	903	927	949	901	924	899	917	893	895	914	890	894	890	2066.836599
922	938	902	900	926	936	920	922	899	924	958	947	914	907	935	945	954	881	923	944	959	923	909	913	919	926	937	931	911	912	921	912	903	910	907	920	873	893	844	931	885	895	917	905	929	890	913	903	891	945	916	894	872	926	927	905	910	942	915	902	933	915	907	934	912	916	926	909	889	878	870	889	908	914	894	911	924	896	900	931	916	890	915	902	961	907	935	925	967	899	936	902	915	917	919	916	2068.783796
931	903	889	965	929	931	922	900	903	899	939	930	910	917	917	929	880	944	908	955	894	905	899	909	926	919	924	919	937	938	894	904	887	917	896	933	841	851	861	905	901	926	944	881	897	880	885	916	929	927	916	925	917	896	903	951	885	931	896	918	957	927	934	886	903	925	918	916	923	873	886	873	885	913	897	930	901	904	896	919	940	891	879	922	945	916	935	917	924	942	921	893	915	918	934	909	2070.741663
926	924	943	960	923	905	914	914	906	951	958	907	910	927	880	945	919	897	961	948	910	973	913	912	910	979	921	923	936	924	956	903	922	942	912	925	871	836	864	887	918	921	935	905	903	943	918	886	920	924	910	918	906	905	907	897	907	906	918	906	899	909	929	935	905	914	918	914	929	869	863	859	901	892	909	939	910	911	908	898	887	926	909	945	919	921	944	950	930	921	891	921	921	915	917	927	2072.687435
937	941	902	920	918	903	958	926	909	938	952	908	889	946	936	919	918	891	955	946	956	915	928	919	937	931	916	906	948	908	940	959	920	925	932	919	857	869	836	892	905	920	916	948	902	925	901	874	951	909	930	893	926	929	912	917	908	935	906	939	912	935	910	911	921	919	956	931	915	878	849	879	938	878	902	910	922	916	908	932	929	879	921	897	941	892	941	932	931	908	901	922	907	912	895	887	2074.632498
930	914	908	937	920	895	952	934	928	932	941	938	897	898	902	904	915	962	921	914	916	900	901	911	938	928	932	946	956	940	937	926	914	909	914	907	848	874	860	927	941	915	960	908	939	895	896	898	905	957	940	907	917	927	927	932	901	952	916	946	928	881	889	905	896	951	918	937	905	875	863	883	917	934	890	902	896	896	942	923	895	933	908	910	938	912	913	940	951	930	917	942	906	954	922	915	2076.58822
884	893	902	927	943	933	940	925	903	912	951	917	929	873	918	945	929	908	926	923	922	916	930	937	921	918	929	923	924	932	893	939	953	905	927	940	853	846	896	908	925	928	909	919	918	898	917	888	929	910	928	948	901	923	885	922	896	928	918	922	931	916	894	934	934	921	935	928	923	873	861	866	920	908	889	917	924	938	890	926	927	909	907	899	968	925	918	955	937	910	907	906	912	922	929	888	2078.53186
919	907	894	926	930	928	902	944	917	960	943	943	912	910	903	936	936	934	948	911	924	909	915	913	904	929	962	912	933	934	957	920	909	943	949	907	829	865	859	869	911	938	936	918	925	887	926	896	961	956	932	897	927	918	902	906	890	937	924	934	897	909	909	909	919	933	918	930	923	881	852	875	931	901	911	900	908	924	926	949	901	940	929	914	935	912	924	975	966	939	948	937	936	899	898	896	2080.474792
922	903	897	953	945	912	928	898	924	917	933	922	925	929	901	888	946	908	930	918	945	904	914	909	926	920	934	948	937	914	913	927	893	943	904	944	880	864	879	933	913	893	863	895	884	904	896	928	903	920	935	902	899	904	898	905	921	925	915	888	916	945	904	919	906	921	901	925	919	870	850	875	883	893	918	898	889	923	912	924	927	909	931	907	909	904	895	931	991	945	903	922	934	915	924	912	2082.417016
895	935	909	920	929	917	919	921	919	934	945	911	904	908	895	892	918	899	902	940	923	914	889	903	930	928	917	902	940	941	924	919	914	893	891	911	837	861	844	891	884	917	908	903	925	902	908	888	917	948	924	911	902	903	906	893	918	940	886	914	926	927	939	922	944	907	917	894	882	896	856	862	895	913	895	908	910	935	920	920	902	921	926	897	913	905	904	926	922	915	931	961	927	937	916	956	2084.358532
892	861	911	924	929	911	934	907	902	924	938	900	879	909	892	904	922	921	897	936	889	907	911	903	918	901	926	929	917	943	932	891	946	905	902	885	860	852	857	921	872	904	923	907	891	889	918	884	953	932	903	922	881	899	940	910	889	928	927	923	893	929	884	898	921	870	914	901	893	923	875	880	894	933	927	879	849	885	925	901	902	920	902	874	901	910	923	915	921	929	928	933	927	896	906	872	2086.29934
922	914	879	912	916	922	909	930	892	892	933	918	868	903	920	897	898	925	924	942	901	907	914	877	917	918	922	893	934	917	910	921	903	922	910	905	854	827	838	877	886	921	921	897	916	916	889	889	934	918	932	889	894	909	903	915	871	878	935	914	921	914	924	915	901	931	918	876	924	899	870	856	944	894	887	896	932	885	933	901	918	907	908	901	947	869	923	916	917	931	900	915	911	911	927	879	2088.228098
862	910	894	920	924	924	929	932	923	909	913	912	874	882	889	904	909	913	895	915	886	917	879	912	890	940	886	911	893	875	913	910	916	901	895	889	829	842	865	882	879	877	903	895	909	919	855	889	905	890	915	893	876	895	928	885	893	906	935	896	899	875	892	898	953	905	928	897	870	896	894	882	876	882	866	871	917	918	890	906	904	881	910	896	931	899	896	898	932	916	948	901	927	900	896	874	2090.167498
912	907	879	917	902	891	919	887	873	956	922	951	898	891	909	923	919	905	905	901	940	895	897	926	914	927	939	926	887	930	896	892	886	920	916	934	856	853	858	925	916	883	920	906	901	879	903	905	886	920	923	888	889	899	894	901	883	887	927	932	903	906	924	929	934	923	888	913	925	866	855	831	887	884	892	894	899	885	913	911	904	902	896	887	893	924	906	939	905	858	909	922	891	918	912	918	2092.106191
898	902	882	938	916	900	920	917	869	928	916	894	882	906	874	933	933	912	888	897	895	915	907	895	894	881	919	909	903	885	884	900	919	920	901	913	835	879	855	886	901	881	914	909	900	879	848	911	926	926	903	923	929	920	904	921	892	932	862	924	896	905	914	902	903	881	903	938	927	859	862	862	891	878	903	872	860	899	904	884	911	912	899	901	904	933	878	905	932	894	893	892	908	903	883	905	2094.044178
877	899	900	961	914	939	905	946	911	899	910	894	867	890	898	926	902	903	937	915	947	900	897	879	902	932	919	912	926	918	908	898	895	925	933	897	852	816	855	913	898	895	917	921	905	864	901	907	916	904	881	872	902	887	917	887	899	902	908	911	888	876	897	899	892	920	918	892	910	845	883	868	887	871	907	891	885	877	873	888	921	893	902	883	917	914	913	873	920	906	877	909	900	892	917	905	2095.970133
908	897	916	889	883	919	910	941	894	919	895	890	884	910	924	906	901	907	901	918	867	924	895	899	918	920	898	915	879	908	891	906	904	934	889	922	843	859	857	929	907	919	909	905	895	917	907	884	908	940	914	883	894	906	895	877	923	914	927	923	889	909	908	946	886	904	916	911	902	858	898	843	915	885	897	880	893	919	907	893	897	903	910	864	910	947	905	916	928	883	894	922	882	909	898	912	2097.906714
885	861	914	953	905	909	921	881	913	929	918	912	872	900	907	886	893	905	906	928	897	936	903	929	917	923	909	941	925	932	905	891	900	931	914	871	831	861	874	913	902	891	926	865	901	888	901	878	915	908	925	897	873	894	925	889	872	902	907	926	905	903	831	907	901	908	931	884	903	857	837	868	915	869	889	880	905	880	886	893	888	882	876	907	910	909	900	914	895	912	886	926	912	918	895	897	2099.831272
897	918	915	895	906	919	923	906	927	866	897	927	921	897	874	887	899	903	899	914	887	890	941	863	921	890	892	898	921	888	898	930	907	906	892	907	833	856	844	899	881	928	875	904	887	886	901	896	897	907	930	884	879	908	887	878	921	925	919	896	877	923	894	914	891	913	895	869	893	869	852	838	900	895	927	912	903	906	917	916	882	914	903	871	891	932	933	952	903	945	894	942	878	926	875	893	2101.755133
897	899	920	892	904	918	906	910	913	916	863	903	860	924	889	914	934	901	902	908	919	876	908	904	912	884	918	940	892	893	914	943	866	939	885	907	881	845	853	921	912	890	960	922	913	909	910	934	942	902	914	901	890	918	896	876	876	903	885	909	904	913	868	922	929	908	875	872	920	857	857	875	919	884	885	881	855	868	904	900	930	919	915	892	916	927	904	894	892	893	903	939	905	920	929	906	2103.68961
907	868	862	910	933	906	902	922	865	939	911	908	899	884	914	878	899	906	885	908	901	939	914	897	883	939	896	907	911	906	924	901	919	885	903	912	859	844	833	887	900	891	895	905	922	866	924	920	921	906	931	889	876	896	884	906	905	899	899	921	921	875	926	923	916	898	923	901	898	877	892	870	935	934	871	896	885	919	895	894	910	920	955	891	923	919	909	928	920	904	918	890	914	926	930	915	2105.612077
892	914	905	903	908	914	928	889	889	949	915	921	879	942	888	897	927	888	921	926	914	895	906	933	875	916	947	923	891	922	911	895	948	907	913	908	890	860	853	872	891	901	890	918	920	923	882	893	932	907	930	905	903	867	886	894	875	888	932	916	925	913	927	922	897	918	888	916	927	874	886	843	901	936	857	907	909	913	903	927	905	908	937	912	923	905	893	915	926	946	915	919	908	881	872	909	2107.533848
923	905	912	909	922	894	889	920	903	936	903	915	868	888	884	908	896	915	915	923	919	905	895	926	927	894	942	896	908	896	907	905	911	962	908	913	848	846	867	883	891	880	915	886	894	868	892	915	923	925	901	912	886	889	869	905	909	881	908	934	903	898	910	911	908	925	928	903	895	869	874	878	861	902	916	895	895	913	900	943	883	909	890	899	922	913	956	905	930	953	918	906	918	918	917	900	2109.454925
896	915	916	897	920	910	893	897	917	917	907	907	900	900	903	931	938	891	905	926	905	903	898	876	957	892	906	908	923	912	929	935	889	878	916	885	866	864	829	898	883	921	898	910	925	878	888	895	928	898	892	918	905	876	876	917	906	904	938	891	883	887	929	926	900	917	910	914	920	887	886	845	883	888	913	905	888	897	895	908	905	930	901	881	884	923	938	908	905	917	931	923	895	921	901	953	2111.375308
889	890	901	910	914	906	936	933	873	924	941	916	921	887	896	917	917	910	910	914	919	896	868	926	887	908	915	908	911	892	907	909	926	922	919	903	853	846	843	925	918	906	884	895	907	896	879	903	911	922	957	889	880	898	887	884	910	904	903	874	913	871	877	927	936	943	902	908	906	877	851	888	886	906	923	887	893	893	897	944	902	917	928	923	912	917	910	943	940	942	909	922	893	916	896	952	2113.294997
905	911	898	893	930	914	913	916	907	910	901	936	875	871	893	914	940	926	899	943	914	909	935	919	931	932	923	905	918	919	894	926	892	922	901	928	860	848	851	903	909	899	914	883	926	904	893	906	929	883	926	901	913	916	886	870	872	922	899	942	872	885	891	940	880	915	877	875	896	893	843	864	880	901	899	872	913	926	900	894	907	898	920	877	881	892	889	934	940	920	899	930	904	924	887	888	2115.213993
910	926	889	889	907	919	898	894	895	939	909	865	869	883	920	945	903	907	887	919	928	929	902	900	941	929	919	897	921	912	924	910	895	907	930	892	875	840	841	875	892	906	916	904	894	895	897	879	937	910	906	868	864	884	882	920	914	905	894	904	923	905	932	914	911	898	915	903	907	860	866	847	913	885	893	898	943	905	895	955	905	885	913	929	923	939	904	925	910	920	900	879	913	892	868	912	2117.132296
892	888	897	888	918	906	878	918	887	925	928	867	901	856	896	920	925	906	910	903	908	887	916	908	924	912	921	907	908	888	952	895	862	879	909	892	863	859	840	901	910	891	916	911	918	896	915	890	922	931	934	909	904	879	903	922	899	868	891	901	878	887	903	913	923	918	893	917	916	855	842	866	898	892	890	881	896	886	892	905	912	857	882	925	916	927	928	912	918	892	922	901	912	899	927	919	2119.049906
899	859	919	913	889	919	914	871	908	896	922	926	904	898	900	943	891	865	912	911	889	916	908	903	927	870	921	945	907	886	893	923	917	907	914	920	835	850	833	889	915	905	900	911	908	897	889	862	922	929	912	911	893	902	908	869	874	879	929	900	909	886	884	913	925	882	895	893	912	847	858	845	885	890	914	887	903	902	932	939	909	895	883	914	877	919	910	874	916	931	891	914	921	906	891	886	2120.95555
900	913	904	922	879	923	885	880	909	938	919	892	884	884	895	929	864	889	907	913	885	923	919	874	892	887	897	916	917	871	898	900	858	912	943	908	848	851	842	897	862	878	890	918	895	856	891	898	899	913	887	880	887	906	892	891	875	907	888	879	892	869	910	913	893	878	890	908	925	851	877	861	907	878	912	918	879	871	920	879	907	923	855	870	901	899	870	894	897	898	894	947	917	881	888	918	2122.87178
895	877	913	929	883	904	894	912	908	878	929	882	905	877	888	913	905	873	895	904	893	904	898	868	882	898	874	879	904	888	899	900	888	859	894	887	859	855	866	870	897	895	903	896	920	867	893	898	889	922	884	911	887	931	880	885	910	875	905	913	896	909	888	898	900	906	890	910	866	835	825	853	876	879	878	878	875	872	897	904	894	896	887	916	884	865	913	927	892	929	920	926	888	879	882	872	2124.776052
902	876	865	913	853	912	876	874	908	875	917	911	897	877	887	907	874	843	859	886	887	871	889	865	914	879	885	907	918	888	864	884	913	884	890	857	837	837	848	859	886	868	916	906	902	894	863	872	897	866	897	864	895	852	858	895	884	882	907	867	874	914	876	886	927	877	904	894	871	871	810	842	900	926	884	890	870	910	875	862	893	885	905	891	886	869	902	939	893	895	871	905	873	865	908	918	2126.690904
854	904	890	894	890	919	909	906	889	898	889	884	883	874	873	904	894	868	886	879	920	915	897	898	909	898	897	875	879	875	911	883	871	882	905	910	863	811	849	889	875	875	910	893	846	886	857	892	870	895	864	868	876	894	863	886	872	883	868	897	889	871	886	906	903	867	868	893	881	845	851	857	892	880	878	864	877	875	878	893	887	886	885	903	898	913	882	884	921	912	848	873	871	891	879	881	2128.593806
886	856	861	927	881	869	910	891	889	868	911	878	863	880	892	890	912	885	894	909	874	898	908	920	881	906	876	878	888	923	879	919	870	861	874	905	826	828	829	890	875	861	886	905	878	861	858	891	894	900	860	877	885	882	885	897	867	925	883	881	865	888	872	900	885	885	870	868	857	876	831	843	887	874	864	866	860	870	877	861	872	888	883	895	938	887	872	877	879	868	892	895	885	881	897	862	2130.507281
900	887	918	878	892	879	893	927	877	905	929	897	904	889	866	865	862	877	909	890	900	884	873	887	872	903	930	914	918	910	911	887	870	887	911	878	827	807	798	861	833	911	904	915	893	863	850	836	873	902	900	855	901	865	888	908	916	887	886	881	876	904	856	894	873	902	903	899	901	859	878	862	854	873	878	856	864	882	875	847	896	872	874	863	872	890	880	868	878	893	931	903	876	894	901	925	2132.408815
859	852	881	906	889	868	881	913	890	883	905	910	872	874	886	882	910	923	898	885	860	903	901	900	893	920	891	888	867	900	896	895	879	902	895	896	814	815	823	869	875	895	854	877	916	870	844	875	879	902	885	873	858	901	882	885	875	905	876	909	911	864	876	882	901	856	929	861	898	860	842	860	890	909	888	873	869	857	879	864	898	903	865	885	874	888	886	882	899	865	886	880	909	856	885	877	2134.309668
871	883	887	914	895	878	911	891	872	877	889	902	898	876	881	871	883	941	898	874	920	885	902	893	865	895	885	901	895	909	888	905	865	903	881	870	826	821	814	915	897	905	917	881	888	889	872	906	917	910	883	905	908	866	881	877	885	871	886	847	881	885	891	903	918	915	898	884	924	866	851	828	907	877	921	862	863	909	882	897	895	863	862	889	914	886	930	878	870	898	861	902	908	910	886	883	2136.20984
914	892	895	889	913	889	895	931	892	909	907	899	850	862	914	907	917	881	896	865	911	877	896	880	899	915	908	892	906	920	910	903	896	894	867	876	808	827	843	865	864	879	882	877	858	887	878	870	883	925	914	855	862	858	884	852	871	915	913	864	861	886	887	884	907	907	911	896	885	839	871	841	889	878	899	891	891	857	889	908	900	894	923	879	903	899	856	880	907	872	889	895	874	886	878	872	2138.120569
883	869	893	919	903	906	900	870	916	903	929	927	894	884	896	894	881	877	906	870	859	879	898	909	904	876	894	887	878	886	905	856	893	876	885	900	841	835	853	878	859	881	883	851	899	850	919	886	907	904	902	865	893	890	890	884	846	895	878	888	876	912	873	866	888	908	896	871	886	827	816	861	878	892	896	865	904	904	887	917	874	918	901	896	921	900	898	880	901	892	876	893	896	890	881	866	2140.019375
910	909	870	862	887	874	889	914	876	913	887	875	859	897	889	899	895	875	903	887	883	882	877	897	898	883	889	891	887	922	934	891	869	881	864	904	834	843	838	890	884	893	877	874	889	871	846	885	915	919	941	918	882	875	871	887	899	881	887	884	883	903	864	906	875	928	914	897	896	851	818	844	890	837	885	909	881	873	910	914	895	883	869	888	900	887	892	908	928	908	898	898	914	878	879	930	2141.917501
890	857	895	897	897	892	901	908	909	892	915	884	862	888	889	863	889	919	891	913	890	903	887	879	882	890	900	870	888	886	905	913	921	887	916	917	876	848	869	847	906	881	871	897	876	876	879	900	956	865	900	883	867	908	872	885	848	939	874	877	901	875	903	886	845	895	902	875	878	856	849	845	865	884	866	873	870	878	903	892	857	901	902	884	893	860	899	898	898	908	910	886	921	928	896	866	2143.803722
891	872	895	912	890	854	915	906	853	901	892	897	926	894	856	891	887	933	905	947	939	863	906	877	884	870	891	906	894	904	898	909	897	894	898	872	838	818	817	886	845	858	874	897	891	891	848	863	912	903	907	878	876	904	855	873	910	879	879	883	858	894	912	901	897	877	910	870	904	860	850	847	860	860	894	880	864	873	868	894	883	902	913	900	908	916	863	906	892	886	895	890	896	880	920	882	2145.700494
885	878	885	909	859	878	917	898	945	906	922	892	888	889	877	903	889	853	883	911	918	876	881	908	917	862	882	893	875	897	915	899	893	873	890	890	841	828	832	917	880	901	886	891	909	862	900	899	870	906	883	880	888	904	879	885	881	910	897	899	912	913	862	940	861	891	877	870	930	873	847	849	866	878	864	867	882	872	891	913	918	905	862	924	893	904	910	915	887	909	889	867	884	880	891	868	2147.596586
904	903	860	893	912	855	878	867	870	870	897	904	915	890	907	886	920	880	914	884	860	892	909	902	885	911	898	892	905	893	882	911	897	879	882	878	851	845	851	875	874	876	901	861	896	884	881	830	893	876	863	869	870	862	883	863	884	913	912	887	889	872	900	898	912	885	895	912	886	816	836	833	870	888	898	864	881	842	892	835	853	902	890	888	904	891	862	903	902	876	894	886	877	871	900	906	2149.491999
905	852	898	890	898	899	898	876	879	883	899	906	866	868	867	918	879	879	896	890	855	887	846	895	899	870	868	899	881	895	889	900	891	900	875	904	793	828	818	868	877	881	870	890	889	860	858	854	893	870	900	843	891	860	863	835	877	893	864	903	889	860	903	903	877	886	904	870	924	848	848	822	862	879	908	864	863	895	895	864	859	875	888	888	862	878	912	903	910	892	893	882	886	891	871	883	2151.375525
892	876	856	918	858	876	866	866	888	895	877	869	873	889	891	890	878	900	887	868	910	894	869	875	891	873	853	908	878	885	884	877	896	887	890	864	818	801	817	876	857	860	883	872	876	867	868	869	849	874	874	881	842	895	848	876	866	881	849	869	861	905	879	861	879	859	877	887	882	877	832	845	891	891	853	873	912	894	895	881	898	901	906	849	871	875	887	901	900	884	880	856	885	873	868	874	2153.269586
886	862	859	876	896	849	896	871	880	872	885	866	873	862	880	894	916	886	904	891	887	865	859	878	892	874	905	884	882	857	870	883	884	886	904	874	819	844	840	880	866	877	912	864	879	865	870	848	912	884	887	862	876	866	866	863	867	898	882	897	904	863	866	866	875	891	873	879	890	847	870	837	912	840	852	871	856	871	867	861	872	865	861	851	847	881	879	899	897	905	870	1664	888	843	889	881	2155.16297
867	836	885	874	870	859	867	863	897	905	900	865	859	881	874	892	875	887	881	870	879	885	891	868	897	895	879	874	874	901	913	891	874	882	876	903	846	825	838	870	858	858	866	861	892	855	883	862	887	884	895	872	850	856	873	890	856	853	864	854	885	896	869	920	890	899	885	875	878	834	837	852	866	886	851	881	865	874	867	892	863	895	871	866	865	886	912	893	873	861	869	2675	841	849	883	845	2157.044479
863	880	864	884	855	867	853	841	900	897	860	879	899	875	884	866	896	892	875	875	882	882	867	861	862	877	837	875	875	879	870	875	839	879	832	862	832	790	833	867	859	849	872	876	876	852	844	845	868	874	864	875	859	867	840	853	876	854	847	871	871	888	869	866	885	886	867	864	892	833	815	816	864	847	878	871	851	844	894	889	843	874	862	873	869	875	859	863	893	862	875	909	879	888	886	863	2158.92532
830	838	894	904	856	867	863	857	865	873	914	881	881	900	865	889	875	864	863	881	853	899	878	872	894	884	865	869	887	867	838	852	878	891	876	865	817	846	820	854	889	846	866	874	867	852	843	883	879	877	895	875	856	868	870	866	874	861	846	890	864	882	879	884	881	880	871	839	856	820	842	833	881	860	869	845	840	867	874	889	870	880	891	853	879	897	851	852	886	868	871	889	848	889	881	835	2160.816681
876	850	870	885	867	865	883	848	866	883	876	878	863	864	845	871	877	853	863	865	886	870	871	864	867	869	852	865	872	875	867	859	867	881	895	858	826	801	811	831	862	861	864	852	858	871	864	860	855	902	862	842	878	849	847	881	865	841	890	853	892	866	885	831	856	848	888	838	868	824	819	838	858	852	878	872	869	863	870	865	921	879	868	863	904	858	870	908	875	875	881	854	856	873	871	851	2162.696181
859	859	876	886	863	888	881	867	889	885	894	874	861	843	860	882	870	868	840	875	900	839	856	887	883	879	851	874	848	836	871	870	892	855	872	871	831	818	806	849	865	845	855	882	840	867	879	855	877	869	867	847	856	858	835	878	852	843	865	894	873	879	892	852	856	880	887	880	839	840	824	833	857	863	829	864	851	869	845	907	881	869	881	845	888	910	859	860	904	876	900	865	885	853	888	909	2164.575013
900	883	871	873	838	886	863	870	842	863	887	875	853	898	866	884	894	888	881	874	873	887	858	878	867	875	891	877	862	904	848	854	857	880	906	891	822	815	813	883	846	843	866	865	879	864	872	874	884	896	875	865	846	887	849	855	864	897	873	851	888	875	835	870	902	876	871	863	860	830	839	838	878	874	893	868	863	875	901	847	844	853	894	858	889	870	879	875	881	856	883	853	881	873	828	846	2166.453177
852	870	882	868	863	920	894	860	863	891	869	852	877	881	879	875	859	866	890	856	869	872	854	863	869	858	888	881	891	873	879	911	875	879	858	870	825	829	832	876	854	844	857	877	842	850	873	865	886	880	893	888	875	875	834	860	861	867	868	884	890	844	879	893	871	868	896	882	880	808	843	819	844	862	867	894	840	876	875	866	870	850	902	859	867	858	882	898	866	847	884	837	867	881	877	879	2168.330675
915	854	870	906	874	871	892	878	862	871	867	877	845	856	907	872	875	881	878	855	853	874	877	913	892	869	873	869	917	871	886	859	870	837	890	854	804	813	830	873	855	856	850	879	865	863	856	845	867	878	878	874	879	860	864	856	887	869	857	849	863	851	858	838	851	892	859	856	888	823	843	820	866	880	863	859	848	845	882	886	852	863	874	869	870	899	860	887	868	876	871	891	849	854	865	852	2170.207505
865	880	837	870	872	860	895	873	891	879	853	844	876	853	871	835	884	895	902	890	894	862	874	904	900	882	855	864	858	868	884	872	901	889	857	894	823	835	812	838	850	860	893	842	884	850	873	822	896	881	869	860	839	848	872	879	874	868	873	883	862	867	864	916	858	865	847	877	859	820	814	835	865	864	893	863	866	839	846	865	864	843	869	893	884	871	869	882	877	912	859	871	863	858	885	888	2172.08367
859	843	892	877	875	862	823	887	892	856	898	872	826	862	901	903	877	865	892	856	842	861	889	867	931	880	858	881	877	874	897	860	849	846	885	871	809	807	833	844	869	873	870	852	861	832	859	887	868	891	853	892	855	864	871	875	866	871	868	886	870	909	920	887	901	861	870	860	868	839	833	801	885	881	872	863	860	891	847	857	852	878	874	856	896	895	887	863	881	868	885	881	863	858	860	873	2173.959168
866	856	873	870	880	857	871	869	880	855	901	850	869	870	871	875	871	886	882	890	884	877	901	862	875	880	854	879	864	871	854	881	836	874	870	883	830	833	831	865	858	842	840	847	854	861	855	837	875	869	876	860	858	847	870	854	868	858	882	857	868	867	871	868	857	888	856	868	875	822	842	821	868	855	820	879	855	839	859	868	890	881	855	894	906	873	880	880	877	876	895	883	892	882	883	864	2175.834001
892	847	880	876	851	873	885	863	877	858	875	845	857	880	877	881	887	872	855	878	878	885	856	888	894	903	876	896	875	874	862	861	862	872	866	912	832	835	824	857	879	868	852	892	857	861	850	884	924	885	870	846	866	858	839	832	857	894	848	885	866	854	862	879	877	869	890	875	891	807	832	813	868	860	842	842	876	850	862	850	858	886	844	846	888	877	852	870	862	880	886	867	877	858	865	867	2177.708168
855	827	858	862	867	890	864	894	863	905	884	887	861	878	880	860	866	852	894	873	849	869	873	881	889	869	895	862	891	882	872	879	863	899	876	886	808	827	781	856	879	862	871	875	888	877	869	865	874	859	889	895	911	859	860	904	852	876	873	888	840	864	857	908	869	867	867	860	893	827	866	822	867	883	872	864	857	847	861	850	850	864	871	869	870	889	828	863	859	911	859	878	889	867	834	892	2179.570521
863	856	851	837	871	875	866	875	855	874	885	851	867	853	847	890	904	864	864	878	872	881	873	855	870	889	885	897	867	859	859	881	884	888	882	875	805	815	818	885	865	841	850	886	859	845	874	871	889	887	904	841	860	829	845	862	875	861	883	850	881	842	840	823	864	875	844	873	875	815	810	861	871	821	813	877	859	868	867	847	852	833	880	842	858	831	860	916	843	880	861	888	863	855	880	874	2181.443363
877	856	865	894	838	860	890	880	822	855	893	856	876	839	841	837	870	868	870	850	876	874	868	872	872	862	884	853	878	875	881	843	854	862	866	843	826	801	793	839	874	846	877	896	866	838	859	862	875	826	871	856	860	855	886	854	864	842	856	873	836	887	881	853	908	851	874	853	854	848	834	804	857	832	830	856	836	857	819	854	886	890	876	844	857	914	853	838	869	887	875	864	855	838	870	858	2183.31554
847	841	876	838	872	871	860	889	877	865	871	864	847	865	862	877	859	851	869	894	874	817	858	846	876	873	846	869	858	865	855	879	881	862	830	869	808	792	790	856	853	852	866	857	846	850	859	856	843	877	844	836	874	864	856	869	831	844	881	837	852	868	892	869	867	877	900	867	844	840	817	825	861	863	850	866	854	855	867	876	848	862	864	879	870	864	878	832	873	834	846	862	855	850	871	854	2185.175916
852	877	828	883	872	867	865	849	864	878	850	853	841	838	855	875	866	891	871	859	883	870	863	858	880	861	840	881	854	869	872	837	852	862	857	850	782	777	783	872	844	864	839	824	835	830	840	832	880	862	849	842	858	861	843	822	847	832	856	866	846	833	870	858	882	872	849	850	856	854	857	794	858	883	835	859	849	860	820	804	841	855	855	862	860	845	846	858	858	865	884	868	851	851	828	856	2187.04677
832	834	845	861	836	870	836	855	857	869	856	845	880	846	850	847	825	865	876	855	864	861	864	868	858	871	869	849	884	847	843	850	856	832	845	858	835	815	777	845	832	833	858	852	852	852	833	817	873	840	845	839	790	875	837	819	861	837	848	844	841	855	842	826	826	830	868	832	853	795	816	783	855	844	842	814	855	831	841	861	853	872	859	868	864	839	847	834	855	875	841	863	802	848	834	853	2188.905831
833	818	881	830	853	828	857	858	852	860	840	867	858	837	846	870	856	845	872	861	803	841	855	823	877	846	854	844	887	844	859	862	882	860	846	830	792	820	793	821	817	835	801	826	799	837	862	840	860	831	820	831	842	819	844	832	843	858	827	818	851	806	832	819	884	849	831	841	855	824	796	824	840	846	830	804	822	847	856	821	817	852	817	850	839	849	847	860	865	841	839	871	855	860	851	856	2190.764237
866	844	861	857	865	848	804	873	821	826	845	841	810	851	830	846	841	855	839	852	865	837	870	874	870	855	831	842	841	850	858	856	840	837	820	845	779	776	794	833	837	854	854	842	834	839	856	866	840	864	846	825	837	841	830	845	845	836	822	874	836	830	844	863	880	847	835	879	851	806	799	820	820	829	823	845	843	836	843	844	850	843	821	828	852	872	842	872	825	827	860	826	861	852	834	839	2192.621988
850	844	821	830	858	817	856	856	839	865	840	819	848	821	842	875	852	860	826	850	841	820	862	879	855	859	847	865	894	825	865	851	848	856	847	841	793	784	821	852	820	845	841	843	833	803	814	836	857	855	855	827	827	829	850	846	821	843	868	873	878	848	825	848	837	866	831	821	838	823	829	779	839	852	862	851	820	833	835	836	835	849	825	856	851	848	863	828	843	848	850	855	832	845	843	846	2194.490203
857	837	848	873	824	857	866	842	845	853	854	822	829	814	865	848	848	839	858	884	851	830	854	855	836	843	853	855	843	834	868	824	830	819	849	826	785	787	794	829	845	848	815	843	888	842	833	841	872	855	835	844	824	824	817	843	807	860	845	849	848	852	800	847	858	880	845	856	822	811	808	832	840	835	863	814	842	837	849	853	825	847	840	867	876	857	836	854	880	866	846	828	844	858	820	872	2196.346643
831	843	815	836	838	871	867	846	848	863	859	841	838	811	811	818	840	821	829	857	826	848	854	840	853	857	839	861	845	850	848	858	829	858	861	842	794	776	804	835	807	838	831	825	846	817	833	816	825	853	873	840	816	841	833	832	811	856	872	807	836	825	831	856	841	864	844	846	834	798	815	818	837	829	842	841	861	808	827	833	844	856	818	845	859	853	834	883	821	856	859	864	840	863	866	819	2198.202428
818	831	834	848	853	832	864	815	839	829	872	838	837	832	839	838	833	867	853	858	807	835	868	854	856	846	858	852	866	864	835	836	882	876	823	831	784	798	783	850	819	840	819	812	837	817	826	845	835	831	882	833	832	846	854	833	837	841	839	830	802	824	827	851	851	827	831	810	888	808	799	805	821	849	839	837	819	860	841	818	840	838	845	823	845	840	856	856	842	829	835	866	817	894	852	854	2200.057561
849	844	834	883	842	845	861	874	842	872	846	847	840	835	870	883	855	857	832	849	848	857	850	858	834	831	858	869	849	846	841	841	849	835	847	852	799	796	808	831	882	827	860	867	854	843	840	807	834	856	843	832	858	864	856	798	837	832	865	847	847	841	830	864	865	854	879	860	818	819	796	806	848	823	840	824	843	829	865	841	841	844	843	827	867	820	844	883	839	839	865	828	847	847	828	836	2201.91204
853	862	874	859	848	818	863	849	861	842	876	847	843	853	853	846	850	862	862	863	854	879	848	862	871	860	848	867	842	835	865	857	865	857	858	823	768	805	813	838	834	856	854	864	864	854	819	841	897	864	883	847	879	827	826	846	832	860	841	851	866	836	856	872	863	871	884	860	844	817	807	839	869	838	843	866	813	813	847	847	860	832	839	850	865	859	866	876	839	872	864	832	848	872	879	868	2203.754768
860	884	813	872	814	843	880	838	864	839	869	855	826	854	854	879	837	848	845	851	844	857	842	862	870	858	844	852	858	844	862	892	849	828	850	846	789	815	781	854	848	843	856	848	853	836	858	833	856	855	860	858	841	852	845	866	871	898	869	852	848	837	843	850	841	837	826	820	845	791	803	816	843	823	843	847	866	852	889	856	846	843	846	833	828	853	842	853	857	846	849	870	843	823	836	841	2205.607947
842	839	871	846	850	862	869	857	853	832	866	853	839	855	809	867	861	873	858	856	857	838	850	838	882	793	843	850	833	855	878	852	881	837	828	857	831	798	795	845	850	838	839	835	832	845	837	807	865	852	860	876	832	814	836	857	816	870	859	859	858	830	833	843	863	852	871	868	862	833	837	818	862	876	834	835	851	829	892	810	835	825	884	827	844	854	848	890	838	856	850	864	872	851	855	834	2207.460474
815	831	855	851	833	854	830	867	855	851	854	896	860	807	857	857	834	863	857	842	858	815	840	849	873	845	846	868	843	858	863	824	831	828	847	870	797	804	810	849	843	817	831	881	838	818	826	816	837	855	832	837	847	825	850	868	835	820	835	880	841	834	838	870	841	851	837	871	849	797	812	803	840	828	845	855	840	824	856	833	840	841	826	829	850	871	832	884	873	841	829	861	856	823	851	838	2209.312349
826	818	814	847	833	849	824	852	849	870	841	824	805	835	818	826	851	860	870	840	842	857	820	867	828	821	838	856	838	847	826	857	842	825	862	839	779	757	813	839	808	824	868	817	862	805	829	833	825	827	808	830	818	826	830	814	811	841	844	823	825	834	823	841	852	839	829	833	812	801	804	808	811	840	843	855	814	800	842	822	855	801	825	843	868	841	846	832	831	849	827	813	822	860	874	822	2211.15249
833	830	828	815	817	843	841	848	836	834	850	803	830	820	816	820	852	869	816	846	829	846	844	855	829	841	838	847	882	821	833	849	864	831	854	837	791	792	765	828	845	819	842	852	861	831	845	819	836	838	834	836	823	819	827	832	808	837	870	807	810	851	794	838	862	839	824	851	849	822	824	800	838	821	831	815	823	836	830	823	820	855	841	828	862	817	844	813	866	835	828	802	830	819	829	808	2213.003067
811	840	829	849	833	825	817	817	824	827	838	819	817	821	805	838	856	805	845	857	832	849	852	804	839	855	818	884	809	830	827	810	820	850	823	826	786	776	761	804	830	838	833	816	833	819	809	806	853	829	826	845	838	814	827	793	798	855	827	842	836	846	805	865	833	839	824	823	824	796	779	796	792	832	833	831	822	799	834	805	839	820	830	835	823	802	834	835	834	827	821	820	859	856	842	850	2214.841918
839	808	806	839	829	849	844	820	824	803	829	816	825	800	863	847	823	826	815	820	836	811	840	846	840	803	837	836	808	838	811	857	851	812	820	796	775	778	758	804	819	802	828	830	795	829	786	805	849	828	838	840	807	818	818	817	798	845	842	817	806	797	821	841	818	786	836	814	818	810	798	814	831	829	821	825	828	844	835	816	813	811	827	821	812	836	818	822	838	839	826	811	822	814	850	818	2216.691199
843	818	808	834	856	817	838	818	848	831	843	857	811	810	810	839	828	852	827	802	845	847	815	827	841	830	811	831	826	832	821	824	814	835	824	830	784	763	787	827	823	822	814	822	814	805	812	794	830	846	823	795	827	817	805	831	810	827	800	815	849	843	834	815	822	817	822	809	826	785	770	791	796	818	785	851	812	812	819	802	841	791	813	797	869	833	850	855	833	827	810	832	832	855	809	800	2218.528762
808	791	831	814	832	813	802	805	835	805	883	834	833	802	834	876	801	805	847	802	856	817	836	826	840	828	819	853	815	830	820	814	810	813	810	850	788	804	788	827	816	815	838	851	816	801	828	809	831	822	812	832	819	822	824	805	837	837	806	822	827	843	823	842	860	833	812	835	798	747	770	794	821	817	808	809	867	817	840	828	836	823	800	849	857	823	856	843	822	858	864	827	827	780	858	841	2220.365683
829	844	812	854	823	801	841	848	836	829	840	825	815	795	844	854	836	806	806	812	855	841	784	814	806	854	838	836	825	843	814	805	837	817	827	840	762	790	760	831	824	814	831	815	804	785	818	811	870	828	819	831	833	823	821	830	809	834	850	832	826	822	844	818	808	828	832	818	834	771	780	783	813	815	840	809	807	817	797	832	816	824	842	810	813	815	834	830	820	852	826	832	830	806	822	858	2222.201963
818	855	792	822	872	807	812	796	804	856	820	842	809	830	836	843	852	835	847	829	857	824	818	814	813	844	853	834	822	800	845	813	833	807	836	816	817	768	779	814	811	826	815	820	832	824	816	780	840	849	874	843	785	817	807	828	803	818	835	819	842	810	793	801	840	848	815	837	811	789	797	763	822	842	828	825	814	850	845	834	838	821	838	817	840	844	828	828	851	845	832	816	857	830	809	827	2224.048658
793	809	823	828	827	827	807	816	867	803	882	830	807	809	838	803	872	804	828	818	820	840	820	809	840	843	821	830	840	836	831	824	829	810	828	836	772	770	743	814	820	827	826	817	837	836	810	809	833	848	840	833	819	847	828	821	809	831	817	839	810	826	807	818	815	858	809	861	835	787	803	796	811	842	840	801	817	813	843	817	824	800	852	836	840	818	839	809	843	846	831	817	845	821	838	848	2225.883652
830	825	845	840	819	827	830	799	834	804	827	852	830	824	807	881	844	833	845	820	821	827	831	826	819	836	808	846	823	844	811	822	842	815	818	833	772	796	781	822	792	817	825	816	838	826	826	795	836	854	819	807	817	814	846	817	799	839	826	848	812	832	817	798	824	846	866	841	818	807	790	782	842	813	818	807	787	827	852	825	844	850	815	826	825	820	820	848	853	834	843	819	837	815	806	803	2227.718006
837	816	820	818	831	820	820	843	837	847	847	816	829	808	837	858	857	830	847	841	806	839	837	832	811	834	830	842	837	832	852	817	832	840	821	826	768	759	748	832	823	820	830	809	818	793	852	816	833	830	825	819	850	804	777	834	822	829	823	823	844	836	841	822	842	840	842	818	812	772	767	820	840	858	794	813	825	807	840	843	815	809	818	822	850	840	846	846	840	823	830	843	811	822	839	816	2229.55172
843	838	826	833	824	834	817	810	833	834	832	845	810	850	811	835	820	841	823	813	861	832	828	803	836	850	822	854	829	840	799	813	821	817	810	824	790	778	766	851	842	810	847	834	843	825	809	800	824	833	826	772	805	829	808	819	823	825	843	846	824	819	812	820	858	811	810	824	836	782	793	780	841	808	816	825	823	838	829	843	816	806	848	832	818	861	851	832	812	825	837	835	812	855	815	824	2231.373754
807	812	838	809	850	833	833	850	844	805	828	826	846	822	847	860	834	826	823	877	794	806	842	831	805	827	832	826	804	817	827	819	805	812	844	842	783	754	763	820	852	805	813	829	823	810	815	811	816	832	853	829	823	806	814	787	829	824	848	835	866	841	825	858	820	831	834	800	835	778	787	811	813	816	828	827	836	806	825	810	795	807	817	837	842	826	793	836	824	842	814	814	824	855	815	837	2233.206192
828	801	835	834	812	787	829	837	840	804	829	814	789	829	790	803	853	826	813	814	819	811	836	836	797	835	845	818	839	844	863	829	823	820	833	823	773	750	760	820	815	794	803	849	835	835	820	821	826	832	822	823	855	814	836	826	817	827	807	819	819	830	793	825	833	835	814	805	841	780	785	798	805	807	811	797	815	804	811	774	849	805	832	845	802	829	830	855	831	833	805	838	832	808	833	818	2235.037992
794	858	814	832	812	811	822	837	831	840	858	826	829	798	810	846	828	823	848	834	806	826	816	784	812	822	806	830	805	813	835	785	812	820	842	839	781	769	764	820	814	830	840	805	816	795	794	795	833	824	836	802	804	830	820	809	829	815	825	818	824	816	813	806	811	801	805	839	871	810	798	782	810	844	812	807	827	811	821	851	815	847	845	821	837	828	826	840	832	820	838	822	821	807	826	807	2236.869153
823	819	801	823	816	804	823	834	819	847	867	841	818	812	794	822	798	812	840	838	824	847	818	799	843	825	826	832	836	841	809	791	794	823	828	816	773	771	755	813	803	818	783	817	811	803	781	804	806	838	855	788	814	844	802	826	805	822	825	811	823	832	849	832	813	820	809	812	822	775	796	798	836	795	837	822	790	811	841	819	804	810	823	787	850	804	826	853	836	817	820	840	834	807	814	826	2238.688651
800	836	810	838	806	814	827	814	814	827	833	829	832	850	786	806	830	831	813	807	841	834	836	828	812	841	820	838	838	857	820	818	829	832	808	844	773	764	788	825	815	816	832	827	816	809	802	809	798	833	837	812	814	804	793	804	783	814	846	867	789	828	777	819	839	825	846	819	822	769	777	786	825	841	832	834	816	800	820	825	807	847	810	842	847	857	840	811	836	856	813	791	808	837	813	826	2240.518539
797	800	782	810	814	790	833	838	807	809	809	828	824	812	827	820	820	812	857	828	811	794	811	811	835	823	811	815	796	811	840	811	843	819	821	845	760	762	746	801	825	796	777	793	834	812	809	793	811	830	822	784	787	794	820	771	806	835	803	815	800	833	799	821	809	838	818	826	802	795	799	775	794	814	754	782	812	798	802	783	811	792	814	800	810	800	812	813	821	840	821	811	824	822	811	825	2242.336772
820	822	812	808	787	840	802	801	805	802	806	807	804	816	816	801	800	825	823	820	781	816	786	803	797	820	840	792	830	810	800	799	798	826	844	781	743	773	750	803	788	797	824	811	805	777	807	798	821	846	794	827	809	803	803	801	827	801	813	804	789	801	825	798	809	799	802	786	799	747	799	767	799	789	782	776	795	789	802	812	812	783	804	803	805	796	794	832	826	836	807	800	790	781	791	812	2244.16539
768	802	791	808	805	804	800	799	839	816	823	785	782	797	790	784	814	791	808	803	823	787	795	818	796	829	805	809	815	804	832	788	796	810	804	819	748	779	781	825	797	774	797	812	808	810	814	787	823	829	795	798	814	796	775	807	816	813	814	789	786	798	792	812	813	815	783	824	808	762	784	780	792	786	774	789	808	793	798	797	813	800	812	795	818	832	828	833	867	824	785	831	807	769	787	815	2245.98236
778	757	814	796	815	794	800	807	859	816	803	803	807	809	797	797	794	783	782	811	816	809	827	800	778	822	809	812	787	816	776	788	812	788	802	835	764	758	758	794	804	794	774	813	805	792	776	787	808	797	805	814	807	802	809	816	811	797	815	804	810	809	802	792	816	812	802	807	816	774	717	757	795	808	785	775	803	786	793	826	827	789	771	817	806	823	807	821	805	825	804	790	772	808	781	799	2247.798701
814	788	798	800	804	782	791	817	803	814	828	818	789	817	780	790	804	820	798	818	828	807	799	770	798	794	779	782	810	819	815	820	808	796	821	799	757	754	751	766	792	774	812	800	803	811	817	815	777	807	805	806	804	803	810	812	764	823	812	800	803	814	798	806	764	805	771	793	800	762	769	770	803	793	795	784	804	781	790	810	797	816	776	798	847	819	809	839	803	802	827	813	840	775	768	797	2249.625416
824	797	774	815	831	800	799	817	816	798	797	793	790	808	789	813	792	804	793	779	800	794	812	799	825	815	798	830	780	786	787	785	810	833	796	801	764	734	739	809	799	812	794	783	798	823	786	782	835	832	803	793	799	779	774	794	793	806	805	793	826	780	808	781	798	787	768	829	821	787	768	759	797	813	793	792	805	786	785	793	769	809	806	806	810	795	795	799	814	823	772	803	802	816	779	799	2251.440496
817	804	804	784	808	792	807	811	807	829	831	821	800	769	812	825	822	792	810	800	809	796	795	804	786	801	792	811	793	782	797	796	806	806	786	830	775	730	765	788	789	769	798	821	821	792	771	796	794	797	846	822	788	831	804	803	796	824	784	792	788	790	791	806	791	817	808	808	799	786	780	744	795	815	789	816	788	791	801	807	827	816	812	761	770	800	811	825	829	790	803	769	804	776	791	790	2253.254949
810	809	799	791	797	797	823	784	789	789	827	798	831	793	801	793	799	813	823	813	812	786	800	780	813	776	820	797	798	798	781	832	816	812	792	816	750	757	762	785	810	763	809	810	791	811	787	793	814	810	853	811	794	797	803	788	778	820	822	783	800	783	830	809	820	809	809	796	814	745	739	792	800	796	813	784	794	795	808	807	806	771	767	775	801	845	814	809	807	779	829	796	805	809	839	811	2255.068773
786	809	810	833	796	818	799	801	821	802	799	821	777	771	785	787	809	789	819	805	799	803	802	820	803	800	791	788	787	814	801	809	811	805	798	816	749	748	748	822	789	786	804	813	813	795	784	768	836	812	844	790	794	801	807	802	776	806	812	794	773	786	785	797	797	796	814	794	814	762	779	773	776	813	822	784	761	812	788	792	804	809	796	808	817	777	784	822	820	816	841	809	808	823	789	810	2256.88197
829	798	776	807	798	843	807	864	814	844	806	821	793	808	805	799	805	816	786	813	823	814	843	805	807	822	815	821	823	804	794	794	807	800	836	808	758	753	739	773	815	801	787	811	794	803	800	809	841	795	789	795	787	777	809	782	765	801	800	808	801	797	794	785	836	789	803	848	797	774	761	766	825	801	809	777	808	778	815	795	796	793	807	808	813	812	814	820	788	838	841	809	821	824	804	800	2258.69454
772	807	798	806	800	820	820	806	784	825	811	827	784	789	786	798	798	795	791	807	799	821	794	803	806	787	805	817	807	808	788	800	786	794	811	801	760	765	790	846	828	794	822	824	810	772	802	791	818	833	814	789	803	805	803	803	791	802	803	819	812	816	811	832	805	777	778	802	783	804	799	771	806	815	813	793	795	781	801	815	800	794	810	803	815	805	826	801	816	805	816	827	806	815	801	816	2260.506483
827	794	787	818	800	774	806	790	811	820	829	797	784	818	804	831	814	825	787	804	806	796	796	812	817	797	807	815	810	828	822	811	788	824	828	780	748	756	749	810	800	791	804	794	786	797	779	781	809	818	826	817	789	781	787	808	804	839	838	817	796	792	805	785	799	807	813	825	796	788	760	754	775	788	797	802	785	780	788	788	805	795	804	807	809	798	810	815	830	788	816	780	824	801	810	801	2262.3178
776	785	779	808	798	809	830	799	821	812	872	818	796	817	813	793	847	820	848	793	836	795	801	813	832	811	801	833	788	837	824	812	826	801	806	805	749	753	741	793	793	784	787	787	835	792	805	805	804	811	828	796	785	790	772	783	776	786	793	805	807	794	791	806	781	793	792	791	807	769	745	764	805	796	809	782	780	816	780	786	805	812	782	799	795	819	824	801	791	805	802	782	824	799	811	831	2264.117519
803	808	813	821	770	805	804	814	797	829	782	804	804	828	804	812	809	802	806	799	845	824	782	816	818	804	805	770	774	801	798	797	767	811	809	788	758	752	751	794	807	782	792	807	818	788	773	787	791	835	810	771	805	819	799	814	820	826	800	800	786	798	791	837	800	804	775	780	785	765	767	792	799	799	798	791	788	806	795	785	810	815	765	816	794	832	788	810	801	837	811	811	793	833	805	814	2265.927588
807	764	765	804	815	804	808	815	777	790	800	773	784	806	791	772	837	801	785	808	803	833	803	780	824	793	829	824	786	785	786	787	814	813	824	789	752	746	778	800	788	776	789	816	791	767	805	793	793	792	787	790	791	798	811	811	802	807	786	797	817	784	794	805	807	812	800	791	810	747	756	766	791	778	796	790	772	827	786	817	803	803	787	802	778	790	810	803	840	810	795	800	765	801	805	789	2267.737031
795	799	797	816	778	784	818	782	777	822	802	800	800	776	797	797	782	802	798	808	806	808	794	785	796	813	781	812	803	829	805	812	802	788	819	790	777	748	755	781	785	787	787	768	803	794	777	773	772	790	814	781	784	804	776	796	787	806	811	782	782	800	797	796	787	779	796	798	791	769	764	757	793	791	805	791	784	799	781	788	813	794	815	812	794	794	828	800	816	806	808	815	808	794	791	807	2269.534888
777	807	789	792	766	796	816	805	810	781	811	792	784	806	752	814	810	813	779	798	790	799	801	813	773	788	812	801	798	809	804	779	792	801	773	801	751	754	750	810	771	813	760	807	796	753	774	806	830	800	791	774	796	771	797	811	802	805	800	781	773	773	813	791	818	805	809	791	809	731	755	760	793	782	796	783	791	806	780	807	774	819	799	787	761	794	804	816	799	815	801	801	773	832	784	796	2271.343085
796	798	801	814	778	785	785	792	791	806	786	796	794	819	796	790	777	794	801	786	778	777	803	769	803	792	779	789	790	799	793	805	794	800	763	788	744	757	736	769	784	790	804	789	794	778	794	752	803	807	804	807	783	751	801	795	784	809	799	789	783	795	789	791	800	780	811	801	818	764	771	763	766	795	808	797	796	763	791	797	767	826	780	768	809	791	824	786	783	814	804	792	822	783	798	764	2273.139705
784	811	790	809	774	806	796	788	782	801	775	803	756	782	799	788	792	809	775	780	782	798	808	789	796	810	806	785	803	789	809	822	792	802	776	796	754	750	744	806	782	787	812	787	800	767	793	760	804	809	801	780	777	812	785	789	779	794	800	815	816	787	793	816	767	803	787	800	761	738	755	749	771	762	793	809	759	789	785	799	789	785	785	819	760	794	822	810	788	798	801	789	773	768	757	795	2274.935708
775	774	785	795	787	783	797	793	800	804	822	789	786	807	778	790	800	770	803	766	788	794	757	792	766	790	775	763	800	818	792	800	809	810	797	807	764	756	751	782	780	773	800	741	754	745	761	800	788	816	787	773	767	786	787	761	779	801	797	815	775	787	784	791	786	782	797	774	785	774	754	735	785	817	768	775	764	758	789	792	789	795	777	769	772	810	779	799	812	795	784	790	764	812	787	798	2276.74204
773	806	784	787	805	794	792	798	783	818	816	795	786	794	770	800	786	773	812	781	805	770	793	776	761	761	783	797	785	778	809	789	789	783	784	801	743	730	755	766	783	794	795	784	791	773	783	783	765	799	793	802	782	796	797	767	769	790	793	792	768	805	793	792	771	789	786	753	785	767	742	750	793	781	766	778	769	737	785	789	764	754	791	762	805	777	785	794	797	785	782	786	782	774	777	757	2278.536807
755	797	789	792	802	792	774	779	768	785	785	796	761	760	792	792	789	782	819	768	804	770	766	784	785	795	801	789	782	802	803	809	758	759	795	776	743	728	760	780	744	767	795	799	765	745	764	768	787	757	782	757	756	763	790	773	757	785	791	782	751	768	756	778	791	800	776	770	781	737	756	767	795	779	782	778	782	769	784	797	786	779	785	814	775	776	788	812	803	780	806	775	774	807	773	766	2280.330958
793	781	764	776	773	792	780	813	764	777	776	784	781	791	771	775	802	779	774	784	762	784	749	781	777	759	780	765	792	790	782	774	786	769	770	794	754	747	755	788	748	748	810	766	803	777	759	739	764	786	763	763	774	775	765	758	765	775	793	786	786	768	782	768	776	765	783	781	774	748	774	787	766	785	750	740	773	762	760	780	760	797	768	756	768	798	740	766	799	769	754	761	778	767	779	775	2282.124493
785	756	755	785	783	772	784	811	771	816	779	784	782	767	763	782	800	786	807	760	771	787	793	785	790	778	776	819	756	783	773	787	757	793	760	767	727	727	731	779	775	769	771	781	771	760	758	763	773	770	767	775	773	768	767	772	764	784	770	745	746	776	761	781	776	787	777	792	776	724	752	774	749	761	775	786	748	780	779	792	781	775	788	746	784	776	769	798	811	780	807	743	778	794	739	775	2283.917414
780	770	784	749	785	808	782	773	786	782	790	812	756	750	783	767	778	782	819	784	771	775	774	791	768	770	803	790	767	802	771	784	783	753	765	771	741	736	742	770	779	777	770	769	775	781	765	776	806	802	782	756	764	764	769	757	769	766	782	777	791	792	780	767	792	762	767	760	800	752	739	754	752	770	755	775	773	808	762	774	776	780	772	768	787	776	780	783	783	791	787	775	769	781	789	812	2285.70972
776	771	769	781	745	812	796	773	770	771	799	789	782	768	791	780	766	790	774	776	766	809	762	760	787	796	791	741	792	769	797	773	782	794	798	814	715	748	740	779	763	765	772	781	779	763	757	764	796	764	770	764	759	758	753	771	776	791	804	755	741	778	770	772	810	771	814	805	779	744	761	765	787	768	784	799	773	772	784	777	777	767	765	762	791	806	761	768	756	794	768	777	803	770	780	774	2287.501412
785	762	754	778	751	752	791	784	793	807	805	776	754	769	768	777	821	757	774	793	809	787	787	754	762	799	774	773	782	779	782	779	763	772	785	791	741	730	752	790	792	792	797	761	770	774	756	769	769	779	784	767	773	783	756	779	763	792	814	786	802	769	767	771	788	780	797	797	786	757	736	764	737	789	768	767	782	774	790	792	775	774	762	775	787	752	792	802	781	774	775	753	790	773	759	795	2289.292489
772	792	765	780	760	781	791	794	773	807	768	787	747	784	774	766	759	812	773	782	780	779	777	823	791	795	773	791	810	802	774	782	767	799	769	810	735	751	746	764	764	776	785	774	770	741	781	760	798	781	765	786	775	773	779	806	782	783	791	770	765	784	787	801	776	782	768	789	787	753	763	771	805	782	794	788	751	814	788	760	773	805	792	796	784	786	800	794	800	780	776	790	792	776	776	744	2291.082953
781	770	780	766	807	789	776	779	782	790	806	782	768	784	792	782	772	800	772	773	794	766	787	763	784	764	763	791	797	792	791	808	811	777	771	779	741	727	763	773	784	777	793	773	769	744	804	779	790	803	801	804	762	787	754	769	767	780	787	781	778	774	779	777	793	803	798	768	774	766	748	753	786	747	762	750	761	761	775	775	758	760	797	772	788	789	791	802	785	779	791	772	806	778	775	804	2292.861891
788	780	751	781	789	769	779	787	801	760	777	773	780	772	766	785	764	834	788	776	791	803	808	787	778	793	811	773	776	789	804	797	785	795	782	796	749	753	721	778	786	775	763	764	796	758	756	784	770	777	759	774	810	777	764	754	769	784	772	793	807	767	812	799	779	778	799	772	766	746	747	748	766	779	796	803	746	774	776	803	816	773	756	784	775	774	779	821	781	803	776	778	789	768	781	775	2294.651132
767	777	769	823	787	776	782	778	807	788	791	767	766	769	768	764	810	760	771	782	771	822	789	757	796	782	792	759	790	805	759	801	781	790	799	782	736	734	734	793	781	762	769	799	774	798	776	772	776	769	756	790	760	808	775	783	753	797	767	811	775	790	794	781	786	790	766	745	759	738	753	746	751	758	779	784	790	754	771	782	794	795	797	808	782	771	786	766	792	790	788	776	802	778	774	784	2296.43976
781	796	787	772	765	765	782	783	758	788	769	773	776	754	772	764	798	753	777	806	786	759	745	792	801	780	793	767	771	783	767	804	793	777	768	765	700	717	709	738	780	785	773	799	789	783	762	749	806	747	798	762	786	740	775	770	792	806	773	783	749	769	800	779	778	796	769	780	778	733	733	750	740	772	779	771	768	771	786	766	759	763	756	766	786	784	810	775	770	760	796	768	765	774	777	791	2298.216875
746	745	769	796	768	784	771	774	795	758	777	790	768	770	757	791	765	772	777	758	783	769	787	795	770	763	784	767	762	782	789	782	777	811	780	786	740	736	741	750	765	760	761	786	742	756	744	755	769	778	775	762	774	766	788	752	749	790	796	762	779	765	747	771	779	769	764	769	781	754	758	731	781	771	767	788	773	775	772	750	777	775	777	777	791	779	768	781	801	769	782	772	755	763	776	785	2300.004282
783	748	781	786	775	780	763	787	775	782	784	779	765	787	763	771	772	782	764	773	791	767	781	796	782	775	775	752	763	759	776	769	779	760	788	751	713	734	717	792	772	760	764	778	755	763	766	728	791	778	769	748	784	766	752	777	752	781	794	763	763	774	770	785	775	767	777	788	756	734	722	723	762	776	806	752	788	761	783	750	757	761	764	757	785	784	783	796	782	771	767	748	784	795	763	782	2301.780184
758	779	743	762	759	732	776	785	755	771	791	760	787	761	783	784	765	791	783	781	775	780	770	786	796	805	780	771	801	774	783	773	801	776	778	749	729	709	719	757	764	778	773	772	797	754	743	742	745	778	761	783	777	741	769	768	761	767	759	785	756	761	771	781	785	764	782	803	744	746	755	744	761	789	749	748	759	733	774	774	764	758	768	753	796	775	796	771	790	779	769	770	744	794	771	769	2303.555482
765	785	786	768	801	776	766	743	772	777	772	766	759	763	774	769	769	785	779	790	784	760	783	789	781	749	765	753	766	768	771	755	786	783	775	767	710	724	731	764	760	776	775	786	778	772	765	738	759	785	758	768	747	763	740	749	742	760	771	773	724	762	767	780	814	796	758	746	757	727	737	718	767	769	782	745	765	793	762	763	761	785	748	751	774	796	768	763	769	753	731	757	781	756	785	778	2305.341061
770	767	764	750	766	757	767	784	771	762	763	774	738	762	758	777	775	752	763	754	803	767	772	749	764	730	766	735	764	786	784	749	759	752	765	796	725	729	759	755	768	765	748	776	777	739	744	761	801	767	788	764	737	792	740	737	742	750	780	782	756	764	770	775	748	781	763	770	775	741	727	739	769	729	747	783	737	774	766	749	791	779	767	759	769	764	764	748	796	774	772	758	752	764	779	776	2307.115148
788	752	735	757	758	755	782	778	756	768	752	776	761	748	781	802	790	798	768	774	756	779	785	760	769	753	788	739	761	790	771	766	770	787	746	748	719	727	732	751	752	760	762	765	760	746	765	783	762	762	756	768	754	750	762	753	796	771	760	757	768	746	743	765	748	774	731	794	746	744	774	737	763	742	772	762	732	762	766	771	748	749	749	749	758	788	750	776	787	760	774	759	770	769	781	763	2308.888631
742	754	756	779	764	768	776	776	763	779	793	765	749	762	737	765	753	767	767	746	770	771	762	776	761	791	760	776	752	736	765	749	778	772	752	774	701	732	719	754	741	761	767	760	751	747	769	746	745	773	791	757	745	776	768	754	744	765	756	761	743	756	781	767	741	792	754	760	764	725	721	724	774	749	769	766	779	747	772	783	779	774	748	772	794	790	775	801	784	752	774	752	751	747	764	759	2310.661512
748	762	743	745	754	784	778	749	742	763	801	747	764	749	752	783	759	758	758	755	749	766	765	761	755	761	775	772	771	772	768	752	760	766	744	760	720	725	708	769	773	763	756	752	762	762	751	743	725	757	747	736	771	782	758	743	728	753	791	758	758	754	741	776	772	786	756	736	752	727	740	722	750	730	749	746	734	746	754	742	714	756	763	752	775	741	783	766	752	767	760	756	758	763	760	767	2312.43379
752	760	751	756	760	762	754	759	790	777	777	755	756	756	768	767	766	763	767	746	771	774	773	783	787	774	736	781	778	733	771	761	749	788	751	741	720	715	725	757	754	748	740	774	748	756	764	755	744	749	759	756	758	738	741	765	740	757	750	759	719	764	746	757	741	745	787	769	770	755	734	739	749	752	746	737	763	743	741	744	774	761	738	761	773	744	770	768	780	732	778	757	768	750	736	747	2314.205465
762	766	764	764	782	752	758	749	764	770	766	773	753	739	734	765	782	781	763	804	773	764	772	747	740	763	773	754	739	772	783	776	773	778	784	732	703	695	706	764	749	763	765	758	763	701	743	731	739	776	756	742	759	760	757	753	775	760	764	747	764	729	763	746	750	754	737	751	753	732	726	729	762	738	781	743	757	735	765	772	745	735	760	738	777	762	782	747	764	775	758	769	737	765	734	761	2315.976539
761	750	783	774	744	758	757	734	766	739	759	760	739	738	760	782	789	747	759	753	799	765	777	762	773	787	759	758	770	749	718	763	748	768	738	761	740	702	750	741	781	748	769	760	758	753	778	758	751	765	750	761	773	767	767	740	751	764	770	770	776	754	776	788	762	772	778	749	737	709	728	759	740	751	742	749	750	733	744	762	749	763	761	779	788	758	742	726	770	773	764	780	765	755	769	780	2317.747011
721	748	767	766	768	745	754	774	775	774	745	792	710	748	739	749	730	757	728	746	762	767	766	758	754	749	775	787	750	761	757	750	782	766	763	741	723	717	715	760	767	724	738	729	761	748	722	735	753	764	765	743	744	746	716	743	758	770	743	771	766	749	730	742	757	740	761	762	765	734	718	699	761	730	785	746	766	749	737	733	760	750	730	754	760	764	748	804	746	726	760	742	756	778	764	775	2319.516882
762	733	745	769	765	743	749	777	742	771	772	771	746	756	725	747	764	755	769	724	760	792	771	759	736	738	761	774	755	776	764	731	745	753	772	727	736	714	716	741	743	746	746	741	776	748	757	715	757	733	780	744	755	723	757	787	725	758	764	755	765	756	757	766	754	743	748	769	765	740	757	750	723	740	752	747	759	760	761	759	746	769	726	743	757	749	781	783	726	755	738	754	745	754	748	765	2321.275298
752	767	751	766	752	780	759	752	749	773	765	753	772	756	758	748	762	750	755	746	803	766	750	763	753	747	753	742	794	770	744	748	764	756	768	779	712	712	704	772	760	752	755	769	753	751	723	743	758	771	751	736	735	777	744	733	755	759	738	755	745	764	744	770	763	757	750	756	750	762	716	744	742	739	754	736	749	741	743	764	752	748	732	728	752	763	756	743	759	758	768	754	763	779	742	763	2323.043971
749	802	768	765	766	761	762	758	765	765	758	771	758	769	768	765	783	748	758	776	776	749	755	729	751	787	771	747	760	748	759	769	765	774	750	750	713	736	707	753	745	752	764	745	756	753	748	757	757	757	767	744	747	751	761	729	748	771	788	767	752	766	735	765	753	780	742	758	769	753	716	737	760	751	782	753	754	746	769	745	752	775	790	754	738	758	743	782	739	752	777	756	775	763	733	756	2324.812043
748	759	742	760	763	735	754	741	758	753	766	781	752	761	766	749	758	786	776	779	759	772	732	764	763	765	765	754	754	802	761	732	745	748	762	774	707	713	725	736	760	756	746	780	767	771	735	749	782	752	765	762	781	733	761	765	750	753	782	777	740	741	765	783	741	773	771	787	778	725	740	723	749	749	767	746	743	753	743	761	774	758	757	781	781	773	768	756	763	758	777	747	777	776	746	787	2326.568673
775	767	761	737	743	757	742	785	766	774	771	771	764	752	736	762	784	756	781	767	754	776	771	761	756	767	776	768	782	784	772	768	771	776	765	748	721	724	727	762	749	732	762	776	794	750	726	752	778	784	774	750	756	736	751	748	734	767	750	775	736	741	778	778	753	726	759	769	814	752	737	729	748	761	766	750	725	785	752	760	758	747	749	752	766	797	759	782	795	762	774	771	768	763	766	748	2328.335549
748	760	768	757	743	767	765	752	758	769	779	748	755	752	771	744	751	753	764	733	782	754	761	788	773	754	789	758	742	757	763	777	754	769	748	771	722	726	716	772	751	763	739	757	738	746	747	733	762	755	769	755	745	764	758	748	746	742	764	761	756	769	759	793	733	760	745	749	772	712	728	735	748	779	759	771	754	749	757	746	769	770	782	778	775	747	745	777	780	793	779	764	785	757	775	749	2330.090991
745	748	744	767	737	737	751	766	757	782	765	779	746	779	748	787	767	756	769	785	765	771	776	746	755	775	749	767	773	773	769	764	772	761	754	738	723	727	731	783	756	781	767	787	776	766	748	726	784	790	766	744	758	746	748	750	757	793	756	784	757	759	748	767	773	768	778	768	757	733	773	729	753	751	770	768	744	753	774	771	773	759	764	755	754	770	752	754	763	799	759	763	747	755	760	727	2331.845841
759	763	752	769	758	757	753	776	756	741	754	778	743	785	740	736	765	764	778	776	757	777	779	755	768	754	726	753	779	794	749	758	783	763	747	723	711	717	733	733	763	758	751	761	748	750	760	759	763	743	794	769	749	795	769	751	750	784	766	758	774	739	784	764	772	759	748	768	759	721	695	725	718	786	755	755	768	740	720	752	767	748	760	742	745	763	740	755	773	745	754	755	774	754	771	759	2333.610926
767	765	755	763	742	743	756	756	769	778	770	739	742	745	773	772	777	759	757	767	762	745	758	754	767	751	742	770	753	752	764	756	745	776	758	751	716	709	744	751	764	762	772	745	752	755	750	782	778	767	779	717	739	753	792	756	750	775	752	751	770	766	760	774	768	775	757	740	773	731	734	746	756	741	761	754	762	752	770	739	765	749	742	745	764	764	769	798	775	777	755	782	749	730	755	778	2335.364589
761	745	762	744	775	754	757	739	766	746	765	761	750	757	750	770	742	759	755	748	725	764	749	734	758	778	763	748	759	776	738	766	753	760	760	752	724	723	732	763	759	770	780	777	771	743	737	755	778	767	773	754	756	729	758	749	754	771	755	759	766	759	767	759	775	746	779	750	776	716	716	738	763	743	761	732	750	731	765	768	751	742	745	744	729	766	758	748	777	732	754	775	762	745	768	731	2337.117662
743	750	751	760	737	731	776	769	757	755	739	752	743	757	752	763	746	761	752	741	731	786	755	764	763	751	768	787	752	785	744	771	753	754	768	754	717	691	711	746	765	738	761	773	756	758	760	726	759	785	751	731	765	739	742	750	739	761	760	759	756	743	754	741	765	761	768	751	781	714	723	731	749	747	728	754	738	743	753	750	752	761	744	759	742	734	766	769	761	753	747	756	738	751	753	772	2338.870143
753	765	747	757	752	740	770	757	752	742	769	762	757	752	747	747	754	753	760	736	758	772	759	777	739	759	751	742	766	760	740	766	754	742	775	752	705	718	726	747	743	781	772	730	753	740	757	750	746	742	760	764	740	734	743	743	766	742	750	745	749	744	749	756	749	747	726	753	762	733	713	733	751	773	754	735	768	734	759	752	762	746	740	748	759	748	776	769	765	755	734	757	750	752	720	776	2340.622034
733	728	744	739	751	739	742	750	742	756	771	727	730	734	751	755	785	723	756	752	754	778	747	746	784	757	745	745	755	722	733	764	764	750	753	766	706	721	724	736	753	742	720	772	761	748	742	752	758	767	760	758	749	748	751	729	746	761	741	729	744	737	768	748	750	731	749	748	743	720	754	710	741	740	741	740	738	726	739	756	741	752	736	745	748	736	744	754	760	776	758	771	768	728	752	745	2342.373336
771	731	758	757	733	745	735	758	729	756	736	761	750	743	742	769	741	745	749	731	763	744	768	766	753	728	754	737	772	742	749	771	734	750	748	756	712	716	699	723	740	741	729	748	737	723	729	744	765	741	760	723	746	738	733	725	720	735	758	729	754	758	728	747	701	751	742	749	771	715	713	720	741	744	743	731	763	741	748	742	741	759	743	744	756	744	753	773	746	751	749	734	734	771	734	744	2344.124047
758	721	730	738	732	760	745	717	754	715	743	733	779	736	730	748	749	737	737	761	750	776	751	751	749	751	756	734	729	735	730	728	739	761	735	771	710	733	721	743	739	707	748	751	761	739	721	696	764	753	749	735	733	736	752	761	750	750	748	722	742	749	754	744	751	775	740	722	773	704	714	721	736	740	723	715	730	728	737	721	745	757	737	727	722	746	768	737	728	764	731	748	725	713	745	735	2345.874169
731	734	733	730	734	734	730	744	743	732	786	736	732	748	756	742	768	746	732	728	734	726	707	752	718	750	759	761	744	736	745	750	743	752	754	734	712	708	698	744	724	737	749	748	713	751	734	713	765	749	731	739	720	735	725	745	735	751	740	760	734	744	748	758	753	778	747	752	718	718	696	715	755	747	736	737	700	726	731	715	722	745	743	733	743	756	729	776	767	760	750	751	767	737	752	741	2347.623701
737	736	752	720	752	721	756	760	754	762	767	745	728	726	729	747	716	736	760	736	756	739	749	731	743	741	757	737	736	749	730	721	742	731	747	730	691	692	690	749	716	723	734	723	731	733	725	719	719	746	754	737	746	758	748	716	730	744	757	725	745	752	747	756	734	731	715	739	753	712	690	701	730	727	739	737	713	726	724	764	763	744	731	716	713	738	764	727	711	764	738	725	753	752	765	735	2349.361851
748	734	699	744	717	742	748	742	723	746	719	734	749	718	740	746	733	727	754	742	732	754	735	728	751	732	730	720	760	750	763	746	746	712	743	755	696	711	705	742	728	723	724	772	734	715	734	759	722	745	734	737	749	741	707	753	730	724	731	760	747	741	742	722	767	751	751	727	754	706	734	708	726	726	729	751	731	718	744	708	722	748	720	740	704	751	742	718	748	723	751	740	740	724	734	748	2351.110209
744	732	729	737	743	730	755	746	728	780	769	732	707	710	733	765	751	725	743	760	720	754	746	729	750	736	744	727	759	722	732	744	743	744	747	757	712	696	701	741	723	725	741	745	720	747	744	723	753	735	755	724	739	707	725	718	721	780	741	733	741	723	744	738	745	738	744	747	768	717	694	720	735	737	732	725	727	743	714	720	707	754	742	759	759	754	761	757	738	748	733	742	747	744	743	726	2352.847193
743	746	709	740	772	747	742	727	746	743	753	734	722	757	746	738	741	755	737	742	756	760	738	752	751	761	733	746	757	752	753	733	756	755	753	732	698	677	711	720	748	759	778	736	742	735	725	716	781	743	751	726	717	725	750	743	741	753	749	747	730	740	744	747	746	730	764	736	737	734	721	707	736	740	756	741	744	721	744	732	752	748	749	763	757	735	759	760	751	769	773	724	745	731	750	760	2354.594379
733	719	754	743	737	743	750	749	743	752	734	719	745	733	729	769	746	739	740	749	761	755	748	738	728	726	724	761	730	734	749	750	740	731	747	755	709	705	705	746	738	744	734	752	737	723	742	747	735	770	733	755	740	738	752	742	761	732	752	739	761	750	743	749	770	731	722	728	743	702	697	721	721	737	734	765	751	733	710	753	721	731	745	750	740	748	756	773	737	738	772	747	735	727	721	766	2356.330197
758	719	734	748	755	707	730	770	763	749	752	732	714	758	728	752	754	718	748	768	721	769	727	766	749	730	736	743	765	755	751	767	750	736	735	752	706	679	720	722	737	738	746	754	755	718	716	741	748	750	760	727	733	733	747	757	738	729	731	745	761	761	757	732	753	719	727	765	739	727	719	712	736	767	709	742	744	724	715	713	733	712	737	730	734	739	733	738	763	727	741	740	730	740	739	768	2358.076211
750	738	757	728	730	754	718	748	726	738	768	761	738	741	748	736	768	745	753	745	766	776	764	753	753	754	722	728	733	748	752	740	739	744	746	740	694	688	685	750	741	731	736	750	772	719	733	726	753	747	737	730	748	751	723	754	719	758	733	731	755	721	738	775	750	748	756	720	756	698	707	710	725	743	748	737	704	734	727	765	744	730	757	740	765	717	748	785	776	739	762	748	723	739	744	741	2359.810866
728	737	737	730	721	765	744	767	757	781	735	732	746	743	744	722	737	741	738	765	738	723	751	743	745	728	761	767	751	743	753	730	737	757	746	742	718	692	709	734	728	748	757	768	759	737	702	749	751	738	759	751	728	767	717	740	738	730	740	740	774	742	734	723	732	738	758	736	748	701	709	728	741	707	766	760	733	742	765	734	752	738	760	753	760	741	755	764	754	759	762	745	759	743	748	739	2361.544941
747	752	752	755	731	729	740	759	748	766	743	742	735	718	741	764	765	731	744	763	753	738	753	743	741	776	756	736	730	759	739	727	724	773	753	750	710	719	709	752	740	749	730	730	731	724	705	724	728	770	742	738	721	744	747	744	741	741	734	751	754	755	739	759	726	750	743	753	748	706	733	716	703	715	772	764	749	728	753	752	728	734	743	771	722	757	746	753	736	750	750	750	768	753	739	730	2363.289202
747	756	744	720	745	738	758	769	746	752	726	738	717	740	755	737	740	753	757	749	735	739	732	749	718	755	752	775	759	784	749	730	750	768	731	736	706	709	693	727	772	711	760	752	730	717	737	760	732	760	761	734	727	720	723	732	711	740	740	751	735	735	739	753	743	742	740	739	737	721	705	741	723	737	759	743	731	716	765	740	725	719	728	743	758	747	752	739	773	753	748	752	734	752	760	748	2365.022115
746	754	772	742	757	745	759	741	743	765	737	770	734	737	723	734	755	735	746	785	734	744	744	732	761	756	736	769	738	748	726	724	738	741	736	747	713	708	694	719	741	747	760	746	736	730	758	737	759	734	768	744	719	744	719	738	729	772	723	742	744	723	746	754	744	742	741	755	756	714	720	723	731	724	734	735	725	724	744	737	717	727	744	749	754	752	738	758	738	755	752	749	754	764	750	765	2366.75445
735	740	749	739	757	774	753	765	718	743	747	720	722	730	743	734	746	749	750	743	735	767	744	755	739	729	721	738	733	732	777	734	751	758	722	736	714	716	701	728	730	730	762	722	755	736	732	744	751	725	725	734	711	754	744	736	723	761	726	742	726	742	729	738	772	711	739	747	737	704	707	713	746	749	732	731	736	733	738	749	728	737	743	737	737	729	725	725	743	733	759	697	731	750	726	732	2368.486206
742	746	702	736	733	737	729	747	756	734	733	743	712	743	749	745	735	765	754	740	746	729	755	767	738	734	722	714	766	773	758	741	737	726	759	737	689	708	693	743	740	712	702	738	714	718	721	715	745	745	717	757	733	737	723	724	741	750	747	744	726	730	754	744	739	2480	738	723	756	721	691	695	746	748	744	731	745	743	724	746	725	744	724	753	751	726	758	745	731	758	765	745	784	746	756	748	2370.217383
740	733	735	752	763	734	751	735	721	758	724	781	735	721	705	738	740	724	739	724	756	737	717	773	722	729	738	741	745	735	756	732	761	732	729	755	709	692	709	731	712	732	724	778	709	729	727	709	739	746	750	731	711	724	739	732	725	749	736	730	771	724	726	755	721	7903	744	776	762	694	708	727	727	735	733	751	738	722	743	728	718	730	728	730	759	746	765	732	736	733	741	731	729	726	721	749	2371.947983
753	751	731	729	740	748	728	733	725	743	740	733	746	742	744	759	720	749	752	754	750	729	696	735	734	743	729	757	703	743	721	739	714	718	734	753	696	695	695	744	750	738	736	741	742	702	716	712	734	733	754	728	726	708	725	718	731	735	764	716	731	738	770	736	741	3712	722	723	740	713	709	697	724	732	707	759	751	720	713	756	743	728	731	759	732	743	760	743	725	763	727	759	729	743	717	724	2373.678005
703	731	727	737	726	732	721	729	719	725	769	739	700	677	723	730	729	739	736	747	714	775	726	722	738	711	745	739	719	757	734	737	743	732	732	750	699	697	693	741	743	718	734	761	764	712	737	738	716	722	714	712	711	737	749	724	762	730	732	752	714	722	700	737	746	951	752	722	755	700	705	696	722	716	738	722	738	753	734	726	730	707	732	719	731	745	742	745	725	738	740	742	733	735	755	733	2375.39671
752	733	741	722	717	729	750	726	740	748	728	716	723	716	740	732	737	716	762	726	703	725	716	727	729	733	733	734	759	730	735	734	756	740	706	738	696	691	688	749	730	739	740	720	723	696	721	737	750	747	723	753	733	741	687	722	722	720	717	716	733	732	714	751	754	722	728	744	747	693	677	718	738	725	716	731	703	749	734	724	726	730	724	729	724	728	724	735	737	743	725	739	747	738	738	734	2377.125581
730	723	741	718	760	709	741	718	727	723	711	738	733	735	721	726	726	737	731	730	719	744	742	733	746	729	749	725	723	738	734	714	737	732	712	737	695	694	689	712	731	717	698	725	736	693	705	712	706	740	735	729	722	731	708	699	715	707	714	749	725	711	739	735	715	721	732	738	706	711	716	699	708	721	704	713	729	718	725	717	730	732	712	738	725	734	728	749	743	748	739	729	712	725	721	725	2378.853876
691	700	733	740	721	704	737	749	745	730	729	743	712	712	727	729	718	734	722	732	729	725	714	748	710	734	746	745	730	738	739	733	722	724	721	715	691	677	664	732	703	727	743	720	713	718	715	721	737	750	751	718	723	712	713	714	715	742	714	715	718	738	708	715	725	726	718	731	700	703	717	680	714	713	711	694	683	720	718	709	718	730	723	733	757	735	726	727	725	750	736	725	730	723	725	729	2380.570865
713	732	727	717	708	725	723	715	728	736	731	744	701	721	707	730	717	726	727	746	699	745	714	738	730	730	735	741	745	736	713	719	716	741	728	737	686	700	673	711	711	723	694	714	742	701	692	703	717	749	736	709	705	714	716	697	713	709	744	732	733	720	724	739	713	733	694	718	748	686	685	724	696	711	702	716	706	686	710	740	713	735	713	720	733	726	721	739	723	721	737	736	737	738	741	704	2382.298011
742	694	709	700	701	744	690	741	698	722	743	730	725	720	714	712	739	727	718	741	724	738	704	724	753	724	715	710	736	743	726	702	713	732	723	719	701	700	691	705	727	708	704	737	718	714	708	693	725	724	747	722	708	722	707	731	711	732	694	710	726	714	735	725	718	713	732	718	717	686	701	684	717	694	723	714	722	716	739	716	728	741	736	725	734	723	744	751	742	720	733	727	725	707	746	717	2384.013858
710	733	706	734	732	692	709	728	705	757	745	701	695	729	722	717	735	725	713	718	749	744	724	722	742	711	722	729	727	725	714	702	707	729	716	729	687	691	690	749	703	730	720	704	716	707	699	716	726	733	735	745	702	744	721	715	718	736	729	728	713	717	733	695	742	756	696	753	712	690	688	696	731	736	716	702	723	738	724	726	732	716	709	725	730	738	721	739	747	708	735	737	717	716	686	717	2385.739856
704	745	724	721	702	715	729	731	719	704	743	706	732	700	717	709	731	717	723	738	737	721	730	731	723	733	694	730	723	705	745	761	738	721	724	694	709	676	697	716	726	704	736	733	730	698	705	710	716	731	710	716	718	717	690	721	710	742	729	733	750	716	724	712	741	738	733	720	718	720	700	694	711	739	718	728	725	742	735	741	747	696	726	733	731	730	727	736	724	725	721	720	734	702	725	717	2387.454563
756	725	719	713	738	712	707	738	727	718	726	712	712	717	741	728	736	741	722	719	713	726	710	733	728	721	734	705	720	728	710	720	720	717	725	745	691	703	692	748	724	722	704	707	727	708	711	714	748	722	736	733	727	694	696	730	705	733	705	731	752	738	740	739	718	720	717	747	701	691	669	719	720	715	706	709	687	705	721	720	710	732	722	689	738	731	755	712	762	733	754	732	702	732	726	732	2389.168703
725	729	725	744	723	722	721	699	724	742	743	714	740	711	726	724	717	700	743	736	733	736	737	702	719	730	724	736	749	715	722	735	734	704	728	734	682	689	677	710	708	737	739	737	735	704	710	706	723	737	728	693	714	713	718	693	719	760	717	757	714	702	712	731	715	739	727	723	718	703	691	709	705	704	722	695	734	727	742	733	737	718	732	725	734	735	718	719	765	732	731	722	743	717	738	703	2390.882275
730	710	708	713	750	725	740	736	695	753	761	727	716	731	732	736	717	737	736	736	724	736	734	740	740	741	747	743	735	760	724	737	720	746	753	718	701	701	673	733	701	718	738	733	742	714	732	734	707	738	741	747	723	738	720	728	755	694	715	732	728	755	730	751	752	740	729	740	737	712	727	682	725	722	708	714	708	731	718	717	734	724	740	735	748	743	726	771	716	741	736	728	742	722	723	730	2392.605984
731	713	717	749	717	717	724	718	743	731	728	745	748	684	700	750	723	729	740	743	730	727	723	716	734	741	738	731	746	714	737	745	725	723	721	704	691	703	687	747	728	727	742	719	710	705	725	718	735	743	728	729	729	736	724	729	725	752	725	740	710	712	751	708	725	729	725	712	710	698	690	702	729	712	720	718	728	716	699	724	711	740	735	715	710	726	721	744	703	762	716	713	753	698	721	718	2394.318418
718	737	727	722	722	755	735	759	730	718	746	750	741	707	730	709	710	737	722	728	743	737	736	730	742	731	734	754	757	737	736	740	732	741	730	732	701	694	699	718	729	721	746	720	737	710	697	720	737	757	733	698	722	732	717	731	754	739	729	702	738	734	723	742	746	731	729	733	731	691	707	709	707	734	735	738	730	724	747	740	752	694	730	730	730	717	741	736	749	746	749	716	741	745	714	724	2396.030285
714	714	726	724	702	708	725	725	737	742	731	720	708	726	717	715	726	719	734	736	712	735	735	713	722	742	741	730	747	738	737	722	729	729	726	736	704	699	682	749	729	734	725	739	748	728	727	725	729	728	755	712	721	718	732	719	717	729	722	737	746	725	721	726	726	747	738	751	751	721	689	699	726	687	731	718	721	730	743	713	726	732	745	697	742	728	726	721	753	729	736	727	741	739	739	734	2397.741585
731	710	738	711	730	713	746	725	722	729	758	746	707	724	709	751	725	727	738	731	744	704	747	727	719	719	737	708	736	728	733	713	737	727	699	720	702	696	699	704	743	701	736	727	710	733	702	715	729	755	758	722	741	720	715	733	729	720	734	743	745	729	730	726	727	726	717	732	728	717	684	671	720	724	752	725	723	712	735	715	721	719	701	730	712	727	728	744	735	726	749	744	750	727	718	701	2399.45232
696	706	737	725	695	726	724	729	731	739	723	739	723	747	720	754	707	741	746	718	727	727	746	717	732	722	723	749	751	741	733	722	724	718	731	714	708	693	693	697	736	712	731	706	749	719	707	740	715	755	725	707	720	732	742	692	724	712	719	711	730	714	721	724	722	733	759	716	718	710	689	687	721	738	730	728	717	723	729	713	735	723	718	707	733	746	729	749	749	748	725	726	721	708	722	751	2401.151802
707	703	718	720	722	735	732	753	720	722	703	718	703	699	720	721	716	742	712	722	725	726	709	709	727	729	721	721	717	726	721	736	738	727	734	737	684	690	673	725	736	724	724	720	729	708	724	710	743	729	716	693	719	722	699	700	733	707	726	714	724	714	716	730	758	705	720	717	723	695	688	673	693	697	699	726	705	708	741	716	716	712	720	745	733	726	716	713	742	727	735	734	730	727	721	721	2402.861408
716	720	701	732	729	744	707	736	704	719	726	707	738	712	729	715	745	734	716	710	750	744	705	715	732	725	709	710	716	726	713	728	704	729	702	714	682	709	691	717	713	703	721	720	746	697	702	716	698	709	721	705	720	735	695	706	708	707	717	730	705	722	708	725	697	721	722	712	714	681	683	704	700	741	705	714	719	717	736	719	735	697	726	705	737	707	715	722	720	735	733	733	698	733	706	721	2404.570449
728	741	724	714	702	702	717	734	714	722	742	717	742	701	766	709	723	703	731	698	728	732	712	702	709	724	727	696	689	717	698	750	747	721	684	712	686	691	695	715	718	700	700	730	713	722	730	696	737	727	720	740	733	709	701	707	675	713	740	701	719	712	716	735	711	708	715	691	721	690	700	666	711	723	708	722	712	696	716	707	720	709	710	682	709	757	732	725	720	715	751	720	702	717	716	701	2406.278925
722	698	691	739	716	698	721	701	721	735	716	710	717	710	719	720	730	715	710	720	694	684	712	735	719	718	710	711	713	755	709	735	710	702	693	722	677	676	671	720	688	689	712	717	703	698	702	694	722	741	710	706	705	691	695	721	715	709	694	715	703	715	712	711	696	726	723	702	738	688	689	667	730	725	694	715	719	695	709	737	733	700	700	717	717	712	737	727	735	726	736	717	713	724	722	728	2407.976164
714	712	724	696	720	708	726	724	719	711	708	720	694	692	720	733	709	718	688	705	717	713	701	710	717	713	718	724	696	737	715	714	736	717	681	723	680	675	677	703	727	723	737	726	737	711	712	695	714	721	701	691	703	697	722	698	681	697	705	720	716	699	710	736	713	702	713	712	716	685	704	667	713	709	725	699	722	688	688	719	697	710	717	697	717	742	736	715	721	733	730	701	715	695	712	739	2409.683514
710	699	718	717	721	730	711	718	728	753	703	711	702	717	698	725	697	727	714	719	725	713	729	709	692	700	697	698	725	709	701	715	717	694	724	708	671	695	676	710	697	715	718	714	723	698	699	703	714	720	726	696	723	717	707	714	699	726	708	732	720	703	706	714	709	710	708	712	698	663	655	682	704	699	708	705	706	715	723	718	709	688	707	719	733	709	728	725	718	730	718	739	716	715	711	722	2411.379634
738	727	709	727	705	701	711	713	730	738	720	733	700	724	721	704	710	688	733	723	734	729	704	727	719	724	696	727	716	716	699	707	692	738	700	704	665	687	698	702	714	721	708	729	722	726	710	697	712	700	703	700	694	709	734	694	720	727	700	722	732	718	739	729	726	723	728	716	723	681	684	681	719	700	724	703	687	712	736	729	723	704	727	710	708	743	714	718	697	741	713	726	719	723	719	738	2413.08586
728	717	711	669	729	724	709	707	697	715	730	729	713	705	710	719	739	709	700	742	748	712	738	731	731	711	706	728	713	726	729	717	733	733	718	704	682	662	700	733	709	693	709	712	735	695	699	722	702	724	711	697	721	702	686	709	716	695	716	721	674	742	703	719	712	708	749	699	728	683	686	687	705	705	706	711	708	721	707	693	724	719	701	721	734	699	716	733	731	732	715	715	721	723	692	714	2414.780863
713	701	715	726	708	712	730	719	721	717	723	719	718	724	707	728	703	695	743	731	706	722	720	738	722	710	732	731	722	722	720	711	726	729	718	723	700	684	674	716	706	726	714	712	699	700	706	717	721	718	731	706	708	718	715	721	703	722	701	711	689	693	699	719	695	689	708	718	701	675	691	702	705	740	698	708	704	708	715	761	725	721	713	719	716	721	712	704	729	723	726	709	736	720	708	723	2416.47531
712	693	722	722	706	733	737	724	728	701	729	716	706	718	708	692	713	735	712	710	733	715	707	708	709	710	704	723	716	683	707	709	752	734	726	720	691	656	678	733	725	714	697	701	734	732	696	702	702	725	729	681	710	703	710	711	721	711	727	707	707	689	707	714	721	685	699	720	685	697	664	701	718	714	719	720	732	685	725	678	705	706	707	726	727	707	728	702	736	744	742	692	709	698	732	738	2418.169201
730	704	714	721	698	698	712	735	705	714	724	700	706	721	702	723	706	723	740	703	716	727	703	736	721	751	720	709	726	734	729	724	717	734	716	718	676	688	658	721	727	717	748	708	716	688	705	683	728	729	741	725	722	707	692	700	725	715	711	723	732	709	686	734	720	705	726	697	696	701	699	668	707	700	729	716	713	701	724	714	728	717	727	730	715	746	738	729	707	743	725	731	740	735	719	723	2419.873184
707	724	709	718	745	734	726	732	746	703	731	718	724	693	712	692	713	708	722	709	717	742	707	731	727	744	736	735	713	730	718	707	682	721	710	713	684	710	684	703	718	715	722	742	714	722	686	696	714	711	738	721	706	714	708	729	697	727	697	718	709	725	728	719	725	714	745	721	729	685	690	713	728	744	711	704	722	727	709	721	697	698	713	711	701	720	728	707	739	724	746	718	702	721	718	705	2421.565959
721	716	738	734	730	719	740	725	715	707	726	717	710	714	716	726	719	734	723	726	733	728	723	712	733	717	732	703	722	725	725	711	704	725	721	716	678	690	690	719	710	716	720	718	693	708	731	674	732	728	726	717	699	729	713	724	693	701	734	700	714	711	698	700	727	706	702	724	731	695	667	695	712	728	727	710	749	724	713	708	731	718	732	700	737	728	737	722	726	741	734	707	715	736	713	714	2423.25818
724	704	734	741	708	715	731	742	719	726	744	729	722	714	727	724	732	711	739	715	718	704	726	722	718	713	716	726	705	721	718	723	735	712	711	734	690	683	673	729	727	729	714	707	754	703	723	714	707	709	722	696	729	719	719	706	707	721	710	742	737	737	720	746	734	730	750	708	731	702	720	692	732	718	733	736	703	725	719	713	731	722	703	732	715	724	707	724	726	717	708	713	743	735	707	720	2424.949845
732	711	711	735	716	704	719	729	710	721	717	717	714	726	743	716	724	707	746	717	698	716	732	717	725	742	759	728	725	743	732	730	719	693	732	720	681	694	678	699	739	735	719	718	725	704	709	688	716	759	708	719	705	710	711	707	705	721	712	724	727	691	706	725	720	712	724	720	708	690	687	698	715	719	698	694	706	699	715	700	716	730	727	718	700	719	729	728	710	737	738	725	699	743	723	708	2426.640956
712	725	715	717	716	709	738	727	722	725	719	700	700	697	730	708	740	694	728	715	711	729	715	721	741	726	724	717	722	717	718	711	719	721	700	726	680	691	684	734	727	711	725	732	700	705	724	685	710	732	725	706	714	704	713	699	711	733	708	730	708	709	743	708	720	737	732	703	727	699	696	674	737	689	706	708	720	694	712	716	710	689	691	704	734	735	725	712	703	731	717	698	722	726	711	733	2428.320882
707	711	703	719	723	727	722	718	729	718	734	700	723	706	733	730	738	696	717	712	728	729	723	729	717	736	723	705	732	699	746	707	725	716	723	722	691	687	685	700	728	719	720	701	707	733	706	707	732	691	725	706	697	726	718	683	712	736	710	718	713	711	725	733	716	715	720	720	694	697	694	705	717	719	726	700	720	727	725	729	705	730	706	727	698	731	745	736	722	732	715	718	716	708	714	706	2430.010887
714	679	711	702	733	700	712	694	707	724	727	704	720	701	713	720	726	683	724	711	721	728	707	701	712	720	709	716	746	698	724	687	708	692	745	715	683	682	690	701	728	717	697	701	731	697	683	698	718	717	716	711	715	723	701	716	722	724	728	728	726	711	714	714	716	735	731	741	714	683	695	693	730	691	729	717	738	701	711	701	704	702	705	722	721	721	715	715	716	713	701	709	709	728	712	723	2431.700339
715	702	693	707	719	690	713	702	684	705	720	692	722	698	704	701	704	720	707	722	731	717	732	709	713	719	705	719	676	699	721	729	719	734	716	689	677	679	679	707	701	715	707	727	725	705	690	722	737	728	723	722	693	692	703	719	716	688	728	717	703	706	694	726	740	715	687	701	701	683	667	703	710	733	703	694	708	689	696	715	705	722	716	712	731	732	755	728	731	686	718	697	718	702	704	727	2433.389237
692	712	689	698	694	736	713	729	698	729	688	708	698	710	699	711	713	718	721	707	709	696	705	718	716	725	708	714	712	702	701	706	695	700	727	699	668	673	687	707	723	686	709	711	710	688	699	718	706	733	698	701	698	677	666	708	703	735	723	705	692	679	717	691	718	705	725	710	717	678	687	683	697	719	694	687	715	707	719	735	709	710	714	712	735	705	725	715	707	714	708	724	704	723	712	710	2435.066965
706	715	697	726	690	710	707	702	706	695	717	705	709	683	697	707	690	719	710	710	698	682	727	720	698	718	692	713	723	707	726	692	719	711	701	720	676	684	652	708	702	710	712	710	718	693	702	700	709	694	700	698	725	711	696	723	710	709	702	713	695	690	735	709	704	709	722	712	719	680	697	686	698	692	689	688	692	703	685	692	684	705	704	695	717	685	698	746	718	705	697	706	708	707	723	690	2436.75476
694	720	698	686	695	705	712	725	738	683	695	726	707	703	696	715	715	703	725	717	690	729	708	685	696	693	700	704	714	725	702	701	707	712	699	705	672	670	651	693	712	717	721	692	687	697	709	673	708	722	728	689	708	710	696	707	681	714	726	701	712	707	688	700	700	698	713	724	695	627	677	687	704	695	697	703	688	696	719	715	718	692	688	701	722	696	713	705	690	716	698	730	703	708	703	695	2438.431392
707	710	726	683	707	707	704	708	695	710	713	709	688	706	698	694	715	720	715	709	735	724	707	698	718	712	701	703	707	704	708	704	712	695	720	714	686	673	669	695	674	684	699	696	714	690	696	713	716	709	733	708	686	723	704	697	708	694	684	709	717	687	703	722	711	701	698	724	720	684	694	687	707	678	704	684	725	667	701	717	694	705	690	714	701	722	728	696	706	735	718	693	717	686	704	720	2440.118085
707	702	708	702	697	682	723	698	703	716	722	734	709	717	718	715	706	698	680	710	710	714	708	719	709	697	695	703	697	705	738	703	681	687	724	711	687	670	685	723	689	713	711	694	717	713	693	699	724	710	687	723	699	702	710	687	704	697	734	720	702	697	724	702	693	698	712	723	718	681	685	666	708	691	707	669	714	677	680	696	680	707	706	699	732	698	705	711	701	690	703	722	723	680	702	697	2441.793623
691	708	693	711	717	716	726	727	725	729	691	726	708	692	716	710	695	721	732	715	708	741	712	709	749	728	707	697	709	703	697	700	725	694	715	693	667	673	671	693	701	693	725	717	695	690	689	690	703	718	731	694	695	705	691	700	719	728	728	689	725	717	710	704	737	718	718	695	717	667	685	678	716	709	709	693	706	712	717	691	690	698	693	707	706	702	706	725	721	701	697	700	713	716	717	702	2443.468615
711	718	715	696	718	691	715	713	705	732	710	723	716	694	710	705	720	725	704	698	688	729	722	708	698	696	737	714	715	720	713	686	707	721	711	719	689	671	693	719	706	712	717	710	707	699	712	704	729	722	695	698	704	703	712	704	704	701	717	720	711	707	694	700	711	715	697	709	691	663	698	695	718	706	717	685	714	688	722	729	750	731	704	694	712	725	705	720	695	717	730	718	724	703	694	714	2445.143063
721	725	721	708	712	689	712	705	699	719	698	718	704	669	699	720	723	714	721	695	704	703	723	711	699	712	699	719	710	734	695	709	748	722	701	679	684	684	691	699	700	698	694	694	696	690	687	693	716	713	713	696	686	703	690	733	700	732	729	699	714	695	708	713	741	730	702	712	717	702	700	703	700	674	703	720	680	708	692	704	687	723	714	726	719	707	716	718	699	701	723	728	714	697	720	712	2446.827559
713	722	731	692	706	728	725	731	720	734	724	722	682	716	720	721	716	713	714	703	708	703	723	711	725	701	715	729	728	709	719	734	703	711	723	697	663	679	693	713	723	697	731	725	730	701	712	697	706	710	718	720	699	696	694	694	711	714	698	740	711	705	708	743	738	689	745	699	710	677	686	673	710	711	682	696	689	700	723	707	731	707	721	691	730	707	712	721	732	717	696	693	700	723	692	707	2448.500915
722	728	723	712	715	746	717	738	705	702	695	702	692	705	696	713	711	712	708	723	707	724	726	711	716	702	691	704	688	732	712	692	708	688	739	700	655	673	667	715	702	711	697	713	723	706	705	699	690	718	718	707	730	704	709	701	729	721	705	703	704	715	698	727	717	715	714	722	708	684	706	671	702	707	693	694	704	709	692	668	696	734	718	711	684	703	698	687	723	718	709	702	710	721	697	696	2450.173726
714	712	720	719	703	728	734	723	720	724	734	696	731	675	706	709	695	700	723	697	676	729	704	711	719	705	702	725	714	726	719	724	715	704	703	707	673	696	700	696	711	712	711	698	716	708	697	702	765	735	717	690	686	713	714	709	690	720	726	706	695	685	713	731	692	736	719	703	711	686	668	681	693	725	697	689	713	727	725	739	709	680	698	704	725	701	727	728	712	708	720	708	709	690	725	699	2451.845994
712	703	706	676	731	713	720	739	702	732	691	718	696	717	695	720	709	707	725	730	703	716	709	697	695	701	701	718	721	712	733	712	712	724	715	717	688	669	690	678	696	724	708	702	708	686	692	694	710	735	720	692	668	718	709	703	689	730	694	740	703	719	713	706	749	713	727	727	698	658	692	696	722	701	710	700	708	698	720	689	737	740	689	698	710	737	716	733	725	702	709	710	713	699	724	720	2453.517718
709	683	708	748	719	704	717	737	702	713	727	705	725	687	696	727	728	716	715	715	710	715	727	712	706	718	697	721	738	730	708	727	719	734	694	708	669	710	661	707	698	720	716	706	697	704	703	683	716	721	731	683	700	721	687	706	718	714	701	745	697	717	704	714	691	725	710	709	710	688	697	703	713	724	715	710	691	715	688	704	721	705	729	695	737	721	700	724	710	725	710	709	720	726	722	707	2455.178323
718	714	696	705	708	702	701	718	711	725	725	713	708	704	702	711	715	691	699	735	718	721	711	713	713	711	718	707	727	713	706	704	720	730	726	734	690	687	674	703	716	703	712	699	670	715	685	714	731	713	707	704	706	719	683	715	722	705	710	714	710	720	697	708	730	706	707	705	716	690	674	694	691	696	745	717	697	719	729	724	722	701	717	722	705	733	726	707	721	726	688	688	686	701	703	717	2456.848965
711	710	715	720	730	729	965	710	703	712	712	725	708	705	701	688	733	710	706	688	701	716	704	707	710	716	712	714	688	724	722	705	699	717	706	712	673	703	696	717	703	720	730	734	705	706	717	711	713	696	723	684	694	725	707	694	735	712	704	698	699	706	706	718	721	711	722	708	713	694	676	678	695	714	708	691	684	702	710	696	713	699	708	705	729	718	692	729	712	711	684	714	711	718	703	719	2458.519063
712	701	690	710	700	714	2049	695	704	713	712	707	700	716	675	712	701	723	717	700	710	715	732	710	730	728	694	715	713	693	726	702	707	713	708	716	663	671	693	713	699	719	734	696	730	716	706	726	700	711	727	704	707	725	713	694	702	710	702	715	684	694	699	716	714	736	697	697	681	678	694	683	681	700	697	687	690	720	709	719	674	693	713	704	724	710	704	728	734	713	728	705	708	698	736	703	2460.18862
670	700	708	729	710	708	1225	719	709	733	715	710	700	702	739	701	725	716	704	718	725	709	722	718	691	725	716	724	704	693	699	721	718	710	717	713	650	682	659	715	711	717	714	713	716	701	701	696	697	744	735	709	721	707	723	721	695	715	693	722	721	729	692	717	717	703	726	702	718	674	691	681	740	696	712	707	700	687	704	720	725	725	715	728	702	738	724	707	716	726	710	715	745	717	697	731	2461.847072
721	710	686	721	697	705	707	722	692	705	723	739	705	718	744	721	703	687	682	727	718	716	705	722	720	726	710	708	723	718	706	702	707	704	701	687	688	662	657	685	696	709	715	712	706	694	694	712	686	693	703	712	723	717	725	685	737	681	738	716	711	692	704	705	716	685	725	715	704	709	684	666	710	707	696	696	694	713	711	712	692	703	726	686	719	702	717	729	692	695	744	718	709	731	702	733	2463.515547
720	707	677	715	703	701	696	743	696	702	701	709	737	719	695	726	697	724	680	705	680	701	721	692	711	697	714	732	715	715	704	706	723	684	703	727	663	674	659	698	695	708	694	708	718	712	706	705	715	719	707	697	694	700	709	696	706	709	717	714	701	689	710	693	714	690	691	728	704	691	665	676	696	706	700	724	697	680	707	689	723	718	718	712	703	724	695	723	713	731	712	706	725	722	709	697	2465.172926
699	702	712	702	688	721	711	701	708	732	717	696	721	680	708	685	721	714	698	697	712	689	731	704	708	709	703	698	701	709	719	689	707	711	696	699	669	668	669	711	687	674	709	703	708	689	691	679	723	706	717	676	667	698	695	686	707	716	718	716	714	712	700	720	698	693	714	691	703	680	683	687	706	694	703	722	685	703	693	698	690	697	720	717	711	718	707	695	703	706	703	708	728	706	702	699	2466.840322
697	696	697	702	700	701	708	698	706	699	692	701	691	698	692	713	688	713	713	704	712	690	705	688	689	709	689	698	682	712	698	690	690	703	711	716	666	660	647	686	706	708	679	709	700	694	702	693	685	706	718	699	713	681	703	693	708	689	703	691	665	696	697	691	715	714	718	713	677	666	679	676	684	700	707	708	691	717	693	705	730	710	706	699	723	673	687	723	699	714	702	714	758	689	686	689	2468.496629
675	702	696	705	691	717	699	700	705	708	701	703	700	706	689	698	693	698	700	693	688	707	715	685	704	717	708	709	698	691	692	697	714	715	713	714	634	668	685	692	698	700	701	704	676	682	686	696	701	711	697	696	687	717	691	693	686	684	695	715	673	661	689	697	697	712	715	664	675	659	677	668	668	701	700	674	673	686	689	695	691	716	695	696	697	700	701	709	707	679	676	702	702	686	689	707	2470.152401
700	679	676	683	700	713	699	680	694	688	701	703	705	693	686	692	703	710	691	698	675	686	707	716	704	708	700	719	686	684	698	687	682	664	715	711	670	662	657	673	712	680	674	703	711	687	697	688	679	710	719	685	673	682	681	690	692	691	682	703	682	686	720	682	682	732	675	716	706	669	661	671	708	683	670	690	727	684	695	695	664	656	703	696	715	698	709	704	688	718	688	698	696	698	700	703	2471.818182
682	699	682	696	730	706	698	685	693	693	695	692	688	690	688	692	703	705	694	694	712	691	706	697	701	694	688	690	701	701	726	701	683	702	707	691	660	655	652	706	673	686	686	691	717	668	709	697	694	683	709	682	692	700	669	701	681	687	692	700	708	690	674	681	674	702	696	688	705	662	691	674	703	682	695	681	691	694	714	704	697	682	707	682	686	704	710	684	702	715	679	682	707	718	698	695	2473.472883
694	712	694	712	711	682	712	688	721	707	701	677	691	709	691	700	695	689	706	715	678	689	696	675	696	698	703	683	731	696	714	691	699	700	728	710	692	639	654	684	697	690	708	671	712	700	719	706	713	698	715	694	727	672	680	698	682	689	702	723	704	676	689	696	710	694	721	686	707	681	670	671	691	710	700	691	694	700	689	712	710	697	709	704	703	685	685	720	714	707	707	700	707	677	692	710	2475.127052
714	694	693	701	698	713	707	718	700	688	689	720	691	704	718	692	702	669	715	692	716	709	699	687	722	700	700	694	703	700	700	699	715	724	692	694	657	662	678	706	708	708	710	690	695	687	688	702	679	723	709	709	689	678	695	700	689	717	706	708	691	697	700	700	697	682	690	713	697	694	673	675	685	715	710	675	700	700	698	701	716	710	720	714	706	710	706	714	704	708	709	703	714	705	704	701	2476.780688
698	692	693	698	726	697	692	710	693	691	722	687	713	672	681	696	702	730	705	713	670	692	721	711	697	702	706	716	690	679	718	681	692	692	705	702	657	691	670	713	712	722	698	707	673	711	713	695	693	708	686	704	699	679	689	713	713	688	688	704	702	707	701	718	728	687	714	709	701	706	693	687	697	714	695	711	700	691	698	707	726	694	710	674	731	726	710	706	717	693	705	700	683	711	700	689	2478.43379
697	694	726	697	693	693	700	710	685	695	681	701	712	697	677	718	701	706	698	709	717	714	706	689	710	715	691	717	693	695	698	718	694	696	704	700	686	686	663	688	710	698	717	710	713	714	688	693	711	701	697	710	685	705	705	689	690	709	703	716	697	697	694	687	711	677	701	717	683	684	668	667	715	697	697	702	710	695	676	706	700	698	723	684	695	704	684	706	692	695	720	721	710	714	717	721	2480.086361
688	708	689	711	729	714	708	700	687	698	730	695	699	698	682	706	712	710	718	701	723	723	708	706	702	703	710	695	703	731	673	710	685	710	702	714	664	675	668	710	691	723	703	688	718	688	715	692	712	747	716	702	702	671	707	700	705	713	710	725	681	698	708	692	701	710	698	722	728	687	681	684	691	676	697	711	691	694	684	695	709	701	725	694	716	683	704	713	692	715	676	706	713	711	703	689	2481.738399
722	723	708	715	703	720	724	733	701	707	722	722	699	702	699	737	706	733	697	705	723	698	696	704	733	690	713	709	690	713	718	701	694	719	748	714	675	670	688	677	707	696	709	703	710	681	700	704	708	731	712	706	716	675	730	707	706	680	712	686	718	696	690	718	714	697	701	706	694	691	667	677	715	705	706	714	677	702	721	712	712	699	683	720	725	700	711	706	721	704	695	694	704	711	716	712	2483.389905
705	696	730	707	701	724	701	710	719	718	694	730	694	689	719	711	717	717	718	716	698	717	716	726	704	710	687	722	675	733	690	696	709	691	728	720	680	661	655	704	709	705	704	705	701	694	722	694	745	717	718	724	687	701	698	676	710	690	692	725	710	695	711	718	734	715	725	687	715	702	696	687	722	705	693	689	705	713	691	718	715	700	701	694	737	732	715	719	703	700	705	714	710	710	707	676	2485.030365
692	690	714	699	717	723	704	721	687	702	680	738	704	695	702	722	722	684	715	702	711	701	710	733	724	724	683	728	704	681	721	699	714	700	697	684	660	666	672	716	711	729	715	699	705	693	699	687	716	711	711	702	702	684	684	693	706	716	702	727	702	711	694	723	691	703	695	713	703	690	681	690	724	709	716	694	652	682	723	687	671	680	696	681	709	702	703	719	705	717	699	699	704	701	687	692	2486.680811
707	701	726	689	693	706	729	733	729	701	702	688	707	713	702	696	681	709	733	682	707	723	701	731	713	701	718	709	690	706	700	711	694	697	704	722	665	684	677	685	691	682	688	716	713	692	698	700	712	707	693	718	697	691	694	687	693	691	701	712	680	694	735	724	710	710	711	691	699	688	691	682	680	692	694	684	710	710	692	694	699	698	694	697	706	724	725	737	723	714	687	702	691	707	710	712	2488.330727
722	715	681	718	699	691	703	693	698	694	696	709	689	691	711	699	733	699	706	687	691	683	695	712	696	702	720	703	727	705	694	707	696	713	711	695	669	667	675	691	691	694	709	720	718	693	696	695	692	699	701	712	700	674	708	683	716	702	702	710	716	695	689	708	692	722	681	721	700	697	679	683	704	713	699	692	693	714	704	689	713	710	694	698	707	704	681	715	714	704	709	715	705	696	701	690	2489.969607
690	718	696	704	712	709	729	711	708	692	697	695	717	682	699	695	719	714	718	713	695	685	704	709	718	699	720	705	684	700	705	701	722	704	723	701	672	679	696	708	691	682	684	706	682	678	688	702	699	708	704	690	689	709	713	696	685	695	683	722	701	695	688	720	698	699	713	679	703	674	687	673	695	693	682	687	705	713	680	701	699	715	691	698	688	691	706	699	705	695	702	705	706	677	683	699	2491.618463
704	670	698	699	699	695	721	705	698	723	703	688	682	690	688	712	682	703	706	694	693	697	690	684	696	707	672	691	724	699	700	691	693	694	703	708	678	652	669	686	674	686	693	710	711	681	693	695	717	707	696	707	701	687	668	686	697	693	700	695	702	693	703	691	702	717	704	711	683	656	685	667	688	697	712	683	706	683	708	719	694	700	692	718	716	698	707	705	703	685	700	691	715	700	669	682	2493.256292
692	689	699	714	699	679	695	727	694	724	698	700	677	711	714	706	704	716	698	706	708	690	677	696	697	694	688	691	702	694	712	694	682	713	689	725	662	643	661	693	722	683	683	666	700	685	701	699	705	666	707	700	697	702	703	700	687	697	707	709	673	712	672	725	706	706	702	702	695	700	678	648	682	695	668	696	682	691	699	678	689	683	683	685	681	693	711	733	709	709	668	691	707	688	690	705	2494.904092
693	671	693	673	704	687	685	711	718	686	688	681	692	682	695	699	698	691	689	719	693	708	683	675	709	675	705	698	693	682	713	692	700	693	719	698	668	662	665	700	693	699	681	710	692	706	680	675	686	689	711	666	705	687	703	706	696	704	713	657	674	685	709	726	709	699	675	696	690	672	674	675	657	701	688	698	669	690	698	692	683	704	708	678	682	692	710	689	706	707	691	726	686	704	685	698	2496.540871
680	695	689	699	690	693	706	713	705	721	713	697	696	698	696	690	686	741	692	680	688	706	700	699	701	698	694	701	713	697	692	686	710	680	696	733	671	679	670	710	681	694	699	671	701	656	695	679	730	695	699	709	702	703	702	687	695	689	679	686	716	699	721	690	683	702	698	670	705	672	690	692	701	699	685	703	689	675	682	711	702	698	703	661	681	685	678	709	691	698	686	697	683	684	691	718	2498.177127
696	675	697	697	682	712	705	681	689	697	681	707	681	685	722	677	680	699	666	709	684	700	699	691	693	732	684	713	700	710	715	682	681	688	697	689	669	675	661	676	704	690	700	726	675	691	709	660	720	710	713	702	675	690	673	703	679	687	708	718	707	683	700	706	685	699	687	715	690	672	673	654	689	671	686	696	683	670	687	679	675	697	724	686	724	686	706	703	692	702	698	700	681	703	676	721	2499.81286
704	705	680	725	665	726	720	701	700	706	704	679	673	694	701	700	708	688	690	710	688	704	690	675	713	693	698	719	683	676	741	689	703	710	706	688	684	670	667	700	688	700	697	682	696	710	681	692	696	698	693	696	687	692	682	690	700	691	699	703	691	700	711	705	716	695	710	706	716	678	697	658	686	701	684	709	673	672	682	701	675	722	682	695	718	718	701	718	696	703	713	717	718	688	684	715	2501.448071
713	682	713	688	704	704	695	706	675	690	712	691	686	703	681	700	705	697	728	690	697	707	728	719	697	709	703	706	686	730	691	699	718	705	693	721	657	672	660	722	694	689	677	695	694	695	705	710	683	715	725	690	691	694	682	695	714	701	721	694	682	706	689	690	719	693	701	698	707	674	684	685	670	691	678	686	691	697	701	704	705	676	693	701	707	683	698	712	719	698	712	701	713	707	674	693	2503.093237
697	701	697	720	684	691	690	703	720	692	703	717	680	704	694	687	691	687	722	693	706	728	717	719	731	693	689	707	713	679	691	693	708	709	702	699	661	661	676	694	707	700	721	703	697	685	692	703	698	712	716	677	706	725	688	679	689	701	702	707	672	700	712	692	702	714	702	692	719	701	696	682	708	711	703	689	684	687	692	684	700	714	697	694	723	726	704	689	701	690	695	715	680	703	686	695	2504.7274
705	690	705	709	717	704	702	684	693	720	709	686	701	703	699	684	692	685	701	694	693	736	721	695	711	716	720	690	688	708	714	680	719	688	699	701	679	689	658	718	703	701	705	701	690	675	673	698	717	694	708	701	684	687	695	696	683	687	733	704	702	693	699	715	696	674	708	691	715	681	669	697	680	714	694	683	682	690	708	715	687	684	709	701	711	691	698	722	715	712	684	681	696	711	684	694	2506.361042
709	688	701	708	677	709	683	713	717	713	699	666	706	683	699	696	713	701	696	681	695	703	722	717	718	692	708	732	702	682	723	713	703	711	713	702	678	661	672	708	713	694	694	695	680	681	690	681	697	722	721	733	673	700	669	703	685	717	728	700	691	700	693	706	698	700	737	696	685	694	684	666	698	691	708	701	700	694	685	709	702	710	685	673	707	712	697	712	721	705	696	679	675	681	700	716	2507.983695
715	687	704	700	710	724	699	710	702	710	711	703	706	701	694	725	674	692	714	699	697	724	681	723	704	708	698	698	709	715	704	711	683	708	720	725	677	649	663	711	702	700	707	736	710	703	686	701	706	700	705	710	712	684	695	702	703	704	707	710	696	694	695	700	706	715	688	706	699	674	678	685	693	722	689	688	703	685	692	684	704	690	714	711	681	690	701	703	700	696	683	698	694	706	701	715	2509.616297
687	713	693	714	737	704	706	727	706	724	722	714	691	689	704	697	713	688	695	710	710	705	697	705	718	708	711	702	692	702	724	707	723	703	698	710	688	646	667	685	691	687	710	696	712	704	693	708	708	713	719	730	677	693	673	703	699	703	714	715	677	701	677	711	722	694	720	704	708	687	654	690	710	671	696	704	703	704	700	703	697	731	707	709	696	710	717	696	706	699	696	693	705	714	702	697	2511.248379
687	697	701	704	706	676	713	687	702	708	722	711	683	682	717	686	688	714	704	712	705	704	703	694	703	699	709	692	689	710	701	699	693	702	709	691	659	678	686	693	706	725	692	678	698	720	691	688	689	703	690	707	711	687	686	692	723	727	699	705	706	669	698	713	705	682	726	727	679	702	700	660	682	680	723	709	719	685	694	700	717	706	679	701	715	706	699	712	676	706	704	703	717	696	725	716	2512.879939
675	689	688	708	707	702	731	695	706	704	721	701	726	701	712	695	722	721	684	706	690	686	702	723	709	711	714	691	716	697	687	716	725	700	711	716	656	690	676	723	700	683	686	697	723	672	703	690	704	711	692	719	696	690	692	700	699	693	687	673	699	695	700	708	711	709	687	708	709	694	685	696	687	721	704	675	708	697	709	704	710	723	711	682	711	717	709	694	722	730	702	726	689	708	692	665	2514.500526
724	696	701	689	719	710	715	703	725	687	706	700	716	695	730	681	718	686	688	688	691	721	694	695	702	691	673	708	713	714	711	729	711	706	725	705	652	680	663	677	691	694	699	686	698	692	709	684	704	691	719	703	708	699	675	698	690	693	713	711	725	699	696	709	690	714	715	695	705	688	691	696	710	708	721	689	698	688	707	704	704	700	691	712	701	694	712	703	726	729	724	705	714	699	687	691	2516.131049
704	710	703	708	694	686	700	701	683	696	722	711	696	685	708	694	702	693	699	693	716	667	692	705	707	694	713	719	700	713	726	667	718	729	701	684	684	663	665	712	701	701	690	698	716	683	699	709	729	718	704	709	701	679	686	707	701	700	717	726	711	710	684	720	694	719	697	714	698	679	689	693	674	699	700	695	692	709	683	705	706	685	686	712	709	701	702	712	708	722	714	694	683	694	705	674	2517.750605
691	703	709	681	704	698	694	693	703	689	685	713	710	689	695	696	699	707	706	693	697	701	693	710	700	709	704	709	716	719	692	711	700	715	688	693	677	677	652	674	681	703	709	685	705	711	699	674	716	699	707	688	685	697	689	687	705	705	709	711	678	690	664	696	701	708	686	705	692	680	665	662	685	695	690	692	691	696	698	713	675	705	678	683	701	701	706	674	717	690	702	708	682	714	701	698	2519.380092
694	675	688	698	692	689	705	680	695	696	707	698	700	689	704	704	699	711	676	693	712	700	702	700	697	705	676	696	709	730	696	700	702	704	700	700	676	680	682	688	719	707	691	694	696	695	708	707	700	715	705	697	683	676	702	682	692	704	682	712	672	712	707	687	705	687	699	722	699	660	686	694	715	689	686	677	710	706	679	716	717	715	717	697	706	686	683	696	703	693	716	694	683	706	719	710	2520.998619
687	714	721	728	709	716	704	688	703	692	697	709	706	710	676	696	703	713	705	693	690	707	704	700	704	690	691	698	696	698	707	696	714	718	729	686	661	663	656	702	681	716	699	713	714	712	682	699	690	716	707	691	689	711	699	698	681	700	689	710	706	691	706	686	696	690	709	725	695	681	687	696	708	714	700	718	702	687	687	695	707	710	692	702	685	683	724	710	695	698	721	698	698	701	715	702	2522.627071
702	682	698	685	700	711	691	694	696	693	699	719	703	680	720	712	685	706	684	692	696	711	705	685	711	679	714	689	700	701	696	691	683	690	716	696	653	674	667	665	669	732	694	697	722	678	678	702	706	697	699	681	697	701	699	710	669	683	703	707	703	703	708	683	687	680	702	717	699	683	670	685	721	684	705	688	674	693	690	691	696	692	681	689	694	699	676	722	708	724	692	705	698	681	698	694	2524.244569
680	693	706	704	683	690	699	691	679	696	712	708	689	687	704	697	712	693	684	692	707	706	686	705	724	680	682	692	702	686	706	695	704	690	717	689	668	647	648	715	723	694	691	687	706	704	715	675	700	697	703	674	701	705	693	706	674	698	705	697	707	680	704	714	694	697	682	705	710	655	673	671	689	663	695	692	692	697	688	678	703	705	693	706	701	711	687	689	703	680	708	706	696	688	715	659	2525.861556
712	699	696	694	698	696	695	675	683	686	694	689	669	692	691	696	685	664	710	705	668	675	680	700	729	699	699	668	682	726	688	716	707	697	686	723	666	668	660	714	679	709	688	676	695	692	708	695	683	695	709	689	706	676	677	661	711	681	698	696	660	708	682	703	701	724	685	712	685	670	665	649	695	699	692	694	696	693	686	676	699	686	674	676	670	729	710	708	696	708	687	681	681	690	694	707	2527.478031
677	689	653	672	682	673	707	687	691	698	701	693	706	698	688	692	687	695	680	683	702	705	688	704	694	722	703	700	679	689	685	700	702	695	699	678	662	647	675	671	692	686	677	690	690	677	700	699	694	703	683	686	685	686	661	696	679	666	695	685	680	693	686	695	684	680	683	691	684	675	661	662	688	680	707	691	692	693	674	677	708	692	683	683	699	718	694	685	691	711	691	688	689	724	690	685	2529.093994
691	678	684	669	692	704	669	717	684	690	692	710	669	678	692	677	683	703	697	700	686	706	668	681	688	679	689	705	701	691	676	706	683	697	670	704	667	664	660	690	706	689	672	693	708	688	677	689	691	689	678	689	687	683	690	694	675	678	699	680	680	684	709	675	701	697	669	695	705	674	666	661	706	715	676	683	686	677	691	679	666	688	673	699	694	665	690	697	708	698	703	670	693	674	692	686	2530.709446
703	672	676	685	702	689	681	710	681	692	708	698	700	704	696	688	673	707	715	715	688	689	695	705	691	685	676	680	673	690	688	703	677	689	697	710	649	659	652	699	678	682	706	687	670	700	674	679	688	699	689	683	668	667	680	672	654	721	712	683	697	666	673	664	702	686	671	681	685	656	686	671	707	706	682	666	690	705	673	688	667	675	701	650	717	690	696	683	689	708	677	686	672	700	700	709	2532.324387
671	689	662	707	692	677	687	674	666	713	684	681	685	684	687	692	691	681	670	699	669	689	673	692	685	665	679	693	683	705	653	663	696	661	706	719	670	643	654	690	679	679	698	681	684	680	672	659	674	690	695	701	686	672	692	696	677	681	686	706	680	685	682	693	665	688	678	680	688	660	668	673	701	682	694	692	660	666	666	690	674	711	656	707	685	695	683	682	686	709	704	689	692	679	698	686	2533.938816
695	683	686	701	683	697	661	673	700	708	678	674	666	690	672	697	687	662	694	684	710	682	713	682	694	673	706	688	699	700	703	713	691	694	683	680	675	647	659	678	688	677	694	690	695	673	675	674	696	704	682	703	667	694	690	661	680	690	697	685	686	688	656	699	694	683	694	691	696	645	648	667	686	686	681	672	679	693	687	693	678	682	677	683	689	688	698	663	707	679	669	693	681	678	692	689	2535.552735
671	685	663	705	699	684	691	680	669	677	713	689	679	683	690	672	682	693	685	684	681	688	680	685	709	686	675	694	669	699	676	707	684	680	676	717	642	658	664	685	704	682	682	673	712	679	678	694	693	702	684	675	705	668	696	688	659	700	700	679	679	680	678	683	690	664	691	710	678	676	658	654	690	660	678	689	698	693	683	675	666	690	672	693	723	670	699	697	689	681	691	693	701	682	678	685	2537.166144
684	696	673	726	669	683	672	697	678	713	685	687	657	678	687	701	662	698	698	697	694	699	707	715	690	687	692	688	696	680	699	682	715	677	704	678	670	678	675	692	702	681	702	681	694	690	679	670	670	717	698	706	685	692	696	677	675	666	701	701	667	687	675	692	682	696	687	699	682	658	670	681	702	681	687	684	685	671	669	677	685	679	680	686	678	682	692	692	688	680	684	684	680	683	688	694	2538.779043
700	692	695	695	704	692	718	700	709	679	680	690	668	705	679	695	687	690	718	693	651	677	693	689	668	695	674	709	681	695	707	675	681	723	707	691	650	665	649	691	672	716	707	688	702	696	686	695	688	708	687	708	687	693	694	690	696	687	694	701	683	711	707	681	688	686	686	709	687	701	660	660	685	692	711	683	694	659	681	679	694	675	683	684	689	709	685	721	695	689	711	682	677	674	700	689	2540.38103
695	689	696	691	687	693	695	706	697	683	684	699	674	695	702	697	699	710	709	706	695	680	706	692	737	659	685	680	698	701	698	691	693	711	661	710	673	661	648	677	709	700	701	682	717	661	687	683	678	709	708	672	709	664	690	687	671	667	700	710	674	682	687	711	688	719	686	692	688	686	671	691	680	663	677	689	711	686	661	694	689	673	683	677	731	682	719	712	699	690	712	685	698	691	691	695	2541.992913
717	689	700	702	706	688	711	691	678	699	676	709	692	687	680	685	695	694	698	678	697	681	684	684	721	698	697	697	700	697	708	687	721	688	699	680	662	677	668	687	714	679	691	690	701	688	698	691	708	721	705	720	693	697	674	691	685	662	704	690	671	696	684	691	685	731	677	674	709	678	678	675	713	688	700	696	690	693	679	688	686	695	688	689	709	694	684	698	712	673	699	694	673	683	697	709	2543.604285
697	679	697	683	696	699	700	701	715	684	702	693	703	701	722	709	675	667	704	715	685	697	703	706	691	692	692	699	716	730	694	724	687	709	707	694	667	668	660	669	707	693	691	695	720	697	676	683	698	678	686	682	683	668	696	693	697	701	716	696	694	697	689	691	695	715	686	668	710	695	649	667	700	718	674	689	691	660	673	693	683	686	695	680	690	717	711	698	696	673	679	691	699	703	672	671	2545.204758
687	669	691	704	709	690	678	703	685	710	714	690	701	683	689	700	694	711	706	690	684	718	701	686	687	669	715	676	704	712	683	686	680	684	708	686	665	675	677	675	733	694	707	684	712	696	677	667	714	699	720	669	691	676	698	685	682	710	698	672	686	693	682	703	704	683	689	680	680	675	673	668	703	699	692	709	685	685	695	669	699	666	690	692	689	699	694	724	703	709	699	696	692	678	696	679	2546.804728
695	711	683	689	697	690	700	715	698	696	701	715	707	685	697	696	687	724	699	683	684	690	719	691	675	686	667	693	703	687	707	706	700	687	676	703	654	651	654	685	694	688	680	701	689	675	671	688	695	684	690	699	677	683	679	696	703	715	686	683	667	693	696	691	695	707	682	693	687	689	671	682	659	683	689	703	704	693	687	686	709	698	684	684	677	682	697	703	696	702	692	707	691	697	664	679	2548.414581
718	691	660	699	708	687	696	705	694	692	680	716	685	684	698	696	714	703	719	692	682	714	703	703	687	689	696	704	675	679	690	703	697	708	705	686	673	639	674	702	689	675	697	697	702	686	671	688	711	711	709	690	686	708	683	700	684	677	684	696	682	708	699	703	682	681	706	694	687	679	660	661	681	685	687	688	702	694	687	697	698	686	682	711	699	689	688	697	712	694	687	695	728	707	696	678	2550.013543
691	695	669	686	689	687	697	709	678	714	678	701	672	707	683	691	706	708	689	678	689	700	678	695	711	689	677	685	700	690	701	694	701	687	706	677	668	656	675	676	703	690	685	698	674	698	671	668	703	688	685	698	687	688	693	699	710	714	688	684	698	688	677	699	690	706	675	689	692	673	666	653	701	687	691	705	702	679	667	709	677	710	691	679	690	711	686	689	696	690	702	677	669	679	690	670	2551.612004
682	691	692	681	687	687	682	691	678	697	693	687	671	688	673	700	691	688	722	682	692	699	678	702	689	705	682	693	687	671	698	712	698	681	705	669	655	685	660	680	702	678	686	700	699	677	673	671	667	715	697	682	685	673	684	703	692	700	698	676	693	676	659	701	698	718	684	661	683	683	671	669	699	709	698	662	679	665	681	2252	698	693	679	696	697	717	697	696	673	694	698	688	701	674	695	695	2553.220339
694	669	667	677	681	680	689	698	695	694	688	680	673	687	694	702	676	687	680	697	699	691	703	705	677	689	675	688	689	698	680	686	708	672	688	702	663	643	654	684	676	699	686	691	681	687	678	670	709	693	684	694	691	696	677	686	692	723	674	676	707	702	703	698	695	691	702	702	692	680	651	696	691	679	659	669	654	689	713	1061	700	675	668	689	686	687	679	702	710	682	697	688	693	694	671	671	2554.817794
684	677	653	673	667	693	699	693	688	696	692	702	670	686	673	679	687	697	690	682	688	711	683	696	691	677	668	668	715	695	686	690	661	701	700	662	678	649	644	703	681	670	678	682	681	680	685	674	714	681	697	676	681	697	695	672	689	681	663	689	674	707	670	688	688	697	688	670	693	677	683	677	656	662	693	682	702	662	695	676	685	695	674	676	694	688	691	697	678	684	690	684	690	674	698	678	2556.414748
659	664	671	686	653	672	663	702	676	687	689	678	666	662	698	672	676	673	680	678	697	700	679	679	689	697	689	679	695	706	679	678	686	693	688	701	659	651	640	678	680	675	693	703	687	670	673	655	673	705	677	696	688	680	669	679	717	693	691	684	680	673	694	666	672	689	678	695	669	645	639	680	689	678	674	686	668	683	688	661	674	647	687	684	712	667	683	672	688	669	700	695	673	695	681	703	2558.011201
688	675	682	696	672	665	673	689	677	677	670	684	646	685	681	657	680	695	693	667	676	671	670	680	667	680	658	682	677	676	658	682	672	683	677	676	641	654	647	681	683	686	691	683	672	676	656	654	678	680	701	675	709	659	672	667	696	674	676	696	687	657	641	665	675	698	688	694	684	676	664	661	666	677	690	664	684	669	681	681	692	667	671	712	690	674	669	700	704	694	701	700	685	662	658	671	2559.607154
683	678	684	671	665	710	679	687	682	688	678	676	680	679	665	667	675	684	665	685	680	677	666	704	688	684	671	665	682	694	668	673	707	678	676	662	663	640	650	683	693	643	704	683	666	655	684	663	680	674	723	687	709	701	664	669	671	681	674	706	693	666	676	654	687	688	673	675	681	667	668	674	678	653	679	661	666	650	663	688	662	711	681	697	675	669	685	695	681	684	686	672	681	680	706	664	2561.202607
661	658	687	691	681	659	685	705	687	699	682	660	676	665	674	703	689	670	694	703	678	679	704	666	688	698	694	695	683	688	686	684	677	694	677	671	634	651	648	690	681	689	673	666	689	663	676	694	657	680	675	666	675	660	684	666	700	715	690	666	683	668	689	652	688	682	688	708	680	655	674	654	681	677	682	706	689	668	672	675	666	692	660	677	697	687	684	704	660	675	667	695	685	685	673	680	2562.787204
700	685	659	703	668	672	666	671	677	666	681	683	682	661	689	660	690	677	660	674	670	685	692	670	685	677	667	655	659	686	684	701	692	689	689	671	653	651	659	672	647	667	692	697	666	656	694	668	705	703	719	678	693	659	677	665	667	683	673	681	681	682	681	667	691	687	674	691	689	642	644	665	685	678	676	665	698	656	681	673	687	670	690	665	691	681	674	692	697	717	724	680	685	690	692	674	2564.38166
682	683	687	680	682	693	688	688	699	685	699	676	687	671	691	685	667	696	681	681	706	673	674	685	714	684	679	676	704	667	696	681	670	698	686	698	637	670	640	677	667	672	686	703	698	683	703	672	700	662	700	672	658	676	677	676	681	666	689	705	697	685	690	690	687	675	690	662	688	671	664	639	680	696	680	674	681	692	689	677	673	688	671	688	700	678	670	703	675	707	693	670	680	674	682	685	2565.975616
682	684	675	705	673	670	683	701	681	681	704	701	706	704	693	700	694	691	649	688	688	721	693	694	690	681	685	687	665	719	710	690	695	694	695	705	671	663	637	689	712	683	659	694	692	679	686	700	684	671	687	693	686	660	699	706	685	683	695	680	675	682	668	681	690	669	692	692	694	667	674	666	686	685	691	692	706	673	666	660	680	680	703	692	685	676	672	691	694	680	695	682	680	667	682	693	2567.558728
700	699	687	685	663	703	676	686	690	690	701	677	682	676	690	697	679	676	678	688	690	682	676	672	687	699	682	687	682	695	672	670	695	680	681	683	667	663	662	671	684	690	669	687	699	677	674	686	696	685	681	677	675	689	684	702	681	670	695	669	696	700	689	703	695	699	693	714	694	678	659	664	682	695	677	638	673	672	692	678	672	677	706	688	703	700	700	691	703	689	683	687	700	689	689	688	2569.151689
675	692	667	698	713	661	696	700	671	706	691	687	686	674	700	681	682	697	682	680	668	689	706	696	683	708	679	663	698	688	706	691	712	693	674	678	659	679	663	707	675	695	683	687	682	670	684	668	691	685	703	681	683	682	701	678	699	700	698	703	693	682	686	678	706	678	684	690	712	686	659	678	690	685	690	673	694	673	689	704	693	681	709	692	703	665	696	668	662	700	706	665	664	702	696	668	2570.733812
692	695	705	715	696	687	688	673	700	715	694	689	696	695	675	698	670	677	684	681	656	715	685	676	695	683	689	694	705	700	674	701	698	678	689	714	654	660	656	707	697	675	669	690	705	680	694	659	686	680	686	672	689	712	704	693	673	670	686	678	671	718	684	699	700	696	689	679	686	680	669	670	664	680	675	701	669	678	676	674	681	692	669	698	699	680	708	693	696	678	686	698	699	681	673	690	2572.325779
700	681	681	672	696	689	706	682	686	676	679	682	697	698	678	690	692	678	677	706	693	668	692	688	687	692	698	703	675	708	706	691	698	683	685	670	642	680	689	694	679	688	699	677	677	676	684	688	727	706	673	673	681	709	682	696	687	700	726	696	690	691	704	707	712	696	674	683	701	664	664	690	689	662	684	686	701	668	656	667	675	690	676	695	706	678	684	709	710	696	695	679	691	688	709	666	2573.906915
679	685	686	700	692	688	674	711	709	714	717	681	687	683	697	671	699	705	711	677	684	678	706	688	664	690	694	700	689	695	679	691	668	700	681	670	665	645	649	678	695	660	696	688	693	701	664	670	699	687	706	690	684	670	678	696	686	687	701	689	694	707	690	709	673	692	689	701	684	639	654	681	674	693	703	689	684	706	687	673	704	705	719	678	700	676	688	682	687	701	694	708	701	684	680	694	2575.497888
694	671	679	683	697	694	697	696	679	703	680	718	687	665	673	701	685	689	693	702	688	685	644	697	692	701	705	703	682	687	699	695	689	704	690	684	659	652	677	684	667	696	691	655	696	711	689	668	671	708	698	682	699	684	692	682	684	682	699	673	683	685	681	689	689	668	696	681	690	668	686	657	680	695	679	679	681	671	673	685	654	675	697	666	685	674	677	695	717	708	713	685	682	705	681	680	2577.078038
686	690	679	694	706	695	699	694	674	693	672	673	699	670	664	696	692	685	678	676	689	683	708	690	695	697	707	702	694	700	679	694	687	712	692	702	662	646	658	684	684	684	700	690	668	710	701	664	690	700	701	687	674	682	693	702	690	678	699	680	673	680	676	690	689	681	709	673	669	667	675	652	690	685	653	691	656	676	708	676	691	684	658	677	698	702	684	706	685	673	703	697	668	703	711	664	2578.657696
679	697	699	688	682	703	676	685	685	680	701	707	672	692	669	677	689	684	703	707	671	702	682	660	710	695	678	683	677	688	695	698	655	679	681	698	658	660	658	706	692	664	675	683	695	673	675	678	686	684	721	693	702	677	691	675	678	682	667	704	680	702	694	672	686	681	676	695	682	692	681	644	689	677	672	654	666	683	686	680	696	685	695	671	686	670	687	677	694	692	692	710	693	699	689	691	2580.236863
647	681	665	686	688	686	687	701	668	676	675	685	671	684	678	675	681	682	703	681	698	689	682	697	675	690	691	718	692	705	687	688	691	695	691	705	657	645	655	670	674	687	695	686	712	664	681	663	696	691	683	677	667	689	659	679	685	668	683	664	699	687	688	674	683	686	696	705	676	653	651	674	684	673	672	693	694	692	668	667	679	689	674	706	684	681	674	722	665	692	676	684	691	675	681	688	2581.815539
670	689	681	669	682	685	662	668	688	682	678	665	653	677	670	685	691	691	669	701	671	671	662	665	681	683	686	684	687	676	691	710	693	688	676	671	653	659	664	695	677	678	678	676	679	689	679	685	679	683	681	659	658	676	665	648	674	672	677	686	690	678	678	705	678	667	681	696	663	651	675	648	662	677	697	670	678	665	661	713	669	659	668	663	691	665	697	676	675	693	679	679	681	683	696	705	2583.393725
681	671	696	686	679	665	690	686	681	666	675	681	683	675	661	678	688	679	677	681	673	673	668	683	685	690	677	670	694	689	682	678	690	671	704	683	667	664	650	677	674	675	669	675	708	666	675	677	676	688	708	689	663	662	680	676	670	680	698	663	701	646	662	676	690	687	686	692	665	661	675	648	692	679	701	667	667	680	696	707	659	682	673	677	686	669	683	677	684	681	698	674	678	669	674	722	2584.97142
666	676	690	656	694	688	685	667	700	673	680	685	683	676	652	681	676	708	693	672	679	686	684	691	680	682	701	712	679	693	677	669	711	673	701	669	669	653	645	695	661	672	680	686	663	671	654	661	678	696	707	664	673	687	694	702	692	696	688	670	682	671	696	676	685	680	663	669	707	643	655	679	673	695	675	681	666	677	673	668	664	691	656	666	687	680	688	710	700	693	679	684	668	694	702	696	2586.548625
657	665	660	656	671	684	692	707	670	682	690	680	668	688	713	676	679	686	684	673	704	665	688	669	690	699	682	667	704	700	681	664	664	702	682	671	653	640	652	673	673	677	687	692	674	694	673	654	681	670	684	677	666	704	673	659	665	690	669	711	687	681	686	673	700	692	681	663	667	634	656	643	664	677	655	688	678	682	711	656	676	691	673	682	704	683	693	672	665	687	673	658	677	699	707	677	2588.125341
685	678	686	686	676	694	672	672	688	659	691	679	684	679	674	679	681	698	689	671	684	655	676	679	693	668	673	686	688	693	692	678	680	686	669	669	644	645	661	676	676	664	688	671	680	672	698	677	685	669	693	680	657	677	661	676	682	673	663	678	690	679	676	696	677	693	676	682	672	657	664	659	689	678	702	685	665	657	682	694	671	677	705	672	688	677	702	665	670	673	665	645	689	685	701	695	2589.701566
694	701	694	677	665	669	682	667	643	677	666	678	688	689	689	660	678	675	672	667	687	669	683	658	682	660	674	681	689	691	686	662	682	677	663	667	638	639	643	658	684	670	666	655	695	665	668	662	673	686	679	650	665	657	683	696	692	678	684	688	675	693	677	705	673	673	691	663	672	677	669	653	675	664	671	671	663	675	672	677	663	692	696	679	721	659	672	675	701	663	688	672	666	682	695	665	2591.277302
672	664	668	654	685	680	676	668	671	675	684	670	675	677	674	661	677	669	658	672	670	679	670	682	680	679	673	664	653	676	677	689	657	671	684	677	671	665	635	648	667	650	679	674	687	655	677	680	705	707	692	693	675	657	690	674	704	677	678	684	666	670	680	683	701	678	688	668	647	650	656	650	654	681	681	660	682	673	664	676	677	673	701	685	675	666	663	681	697	688	679	687	677	680	677	665	2592.842255
692	693	662	684	660	669	689	666	681	668	671	683	691	646	684	690	687	670	674	676	666	682	688	672	686	693	669	695	661	684	657	689	706	677	654	676	642	652	656	684	704	668	672	687	652	685	634	675	674	674	677	659	668	685	698	679	678	673	658	678	680	659	668	666	666	683	657	685	674	672	652	648	669	669	674	681	678	696	703	673	666	664	669	663	683	682	665	686	695	686	690	660	691	672	674	675	2594.417016
667	668	677	668	655	671	683	693	668	678	668	700	669	667	681	681	675	693	683	654	687	666	675	696	672	686	675	689	674	686	682	667	693	669	667	663	658	654	644	678	673	662	678	688	678	650	662	669	661	666	686	677	697	672	670	680	661	682	664	668	658	670	685	662	677	698	665	654	700	645	678	669	670	680	656	672	686	679	680	660	680	665	681	699	667	672	653	667	675	675	692	672	694	686	679	667	2595.981001
699	675	687	674	671	675	674	671	683	690	694	691	693	660	672	703	681	686	678	697	690	676	667	674	667	649	686	687	689	671	664	661	690	673	690	665	644	662	683	674	675	672	690	678	678	663	675	661	680	675	660	669	679	693	662	671	684	689	682	696	684	684	683	679	698	672	684	691	692	670	637	654	671	672	673	665	664	671	677	698	660	680	660	655	681	675	686	672	689	704	658	690	688	688	673	690	2597.554788
660	688	674	669	674	684	685	692	699	687	683	689	683	683	669	688	685	694	682	657	689	662	683	694	691	685	675	677	682	670	676	656	685	661	675	672	658	656	651	681	676	667	656	677	680	678	668	694	672	666	691	686	672	694	685	675	677	685	674	679	673	677	672	686	693	692	691	681	682	639	667	656	687	684	662	703	697	685	692	671	694	663	689	711	686	689	680	709	671	680	690	669	682	681	675	682	2599.117806
680	686	685	655	689	665	699	685	682	692	684	700	687	682	692	699	675	675	684	667	680	670	676	678	665	684	680	693	686	693	700	682	689	686	684	667	657	655	647	685	700	663	688	684	695	673	684	676	703	692	686	669	677	663	694	684	685	642	689	675	678	698	703	693	696	682	708	709	679	675	656	659	701	660	676	673	679	690	691	681	663	701	667	681	714	663	691	691	707	680	687	710	697	683	689	702	2600.690619
685	675	681	717	680	686	703	671	670	675	675	679	675	677	675	694	690	688	686	706	668	662	677	685	691	691	690	672	684	682	679	701	691	684	680	688	636	664	654	665	671	694	699	681	692	656	696	668	693	687	690	667	661	675	690	688	688	693	679	672	681	677	656	691	685	688	687	684	682	658	662	669	678	690	675	683	650	687	705	706	688	665	698	705	690	691	684	696	676	688	696	702	678	686	670	675	2602.25267
690	690	686	680	672	690	707	708	688	693	674	690	697	682	680	683	685	690	700	694	680	700	666	694	684	695	706	703	685	674	678	680	700	681	666	696	651	635	636	664	697	683	674	687	704	664	670	694	697	676	690	672	672	691	689	702	673	693	704	699	692	666	719	697	712	688	689	666	686	657	645	668	666	664	657	693	679	719	686	672	671	664	662	652	711	695	698	714	677	701	697	710	694	678	671	703	2603.81424
672	694	693	680	703	690	678	684	705	687	718	669	675	687	685	689	694	692	692	703	683	698	687	699	687	671	697	694	678	699	692	701	690	697	687	673	642	665	644	680	688	677	692	679	690	676	671	673	708	688	694	698	712	701	692	659	679	698	699	692	689	696	681	681	705	704	691	687	686	670	670	667	686	675	672	687	670	669	680	691	679	690	689	691	681	680	702	692	695	692	693	692	680	685	679	689	2605.375329
676	702	692	691	704	679	664	681	658	707	684	690	676	679	680	699	675	706	692	685	673	687	680	705	708	690	694	671	713	709	702	693	686	706	663	708	668	660	686	680	700	698	697	677	714	682	696	674	691	680	681	701	676	679	682	690	692	691	683	697	683	686	669	684	698	681	688	699	667	651	681	666	688	694	656	664	681	676	680	671	671	675	676	677	699	691	690	702	679	702	679	688	679	686	694	692	2606.935936
692	696	694	701	715	681	697	679	669	688	679	682	673	675	703	684	702	681	685	703	696	682	678	700	681	677	664	682	690	686	691	695	685	704	677	697	667	662	661	693	687	683	665	709	661	685	695	689	682	686	701	685	674	682	695	691	683	720	697	669	700	686	685	655	681	691	682	691	688	663	682	684	697	685	684	680	672	670	694	690	696	676	648	681	706	698	679	683	698	666	715	691	681	694	694	703	2608.506326
690	674	687	676	677	685	685	675	673	688	699	706	702	661	681	691	707	678	700	664	672	686	665	692	701	682	708	703	689	677	729	684	708	668	655	693	675	644	672	681	684	697	687	697	687	682	695	691	667	729	695	668	681	695	686	670	698	659	694	701	688	688	660	695	690	666	681	690	691	663	644	651	676	678	685	688	665	703	674	686	680	679	676	684	698	685	679	681	679	693	684	680	685	697	701	683	2610.06597
683	657	700	664	663	677	679	691	685	671	702	684	696	663	657	700	689	677	712	684	691	687	685	673	711	689	684	707	707	693	686	686	669	668	704	686	665	668	670	699	699	694	696	683	675	675	681	689	683	668	693	698	673	680	697	687	687	679	663	696	695	661	687	688	714	691	698	672	701	673	687	650	692	675	690	699	671	691	688	688	682	679	686	685	693	682	690	692	678	691	678	665	659	705	699	677	2611.614877
681	653	689	683	691	663	704	679	709	688	687	689	679	656	667	698	675	674	705	679	708	684	691	698	701	682	692	660	686	684	688	691	699	686	693	673	666	661	655	683	697	676	693	683	678	675	676	687	695	670	695	685	683	683	676	664	684	689	705	691	684	656	679	659	685	680	679	701	690	680	673	654	701	694	672	689	682	679	665	683	677	694	676	658	700	698	696	682	672	687	679	670	673	662	685	677	2613.173564
675	702	671	670	671	706	693	683	673	708	686	682	672	692	674	678	688	704	671	709	698	697	679	682	687	717	678	693	669	695	682	666	680	700	701	685	671	637	651	718	706	671	688	706	674	681	678	672	699	683	690	672	673	701	679	666	667	688	671	705	647	673	681	695	711	702	700	671	684	661	652	675	668	694	680	687	683	668	684	651	654	687	680	711	688	682	686	679	682	701	688	678	682	679	685	701	2614.731771
675	676	662	662	664	682	705	695	672	685	672	677	673	694	682	679	679	687	682	684	688	677	685	681	677	687	663	677	684	676	691	692	672	670	679	670	659	644	638	688	657	683	681	668	654	688	683	668	703	673	678	664	668	665	681	678	664	694	703	701	703	696	689	669	675	693	699	674	705	682	665	686	666	682	668	686	700	702	685	681	675	671	658	682	707	690	673	685	699	698	677	684	669	686	690	687	2616.289498
701	678	683	681	680	673	681	677	691	657	698	705	687	688	675	690	677	693	672	691	676	696	664	677	663	657	680	676	677	667	676	690	687	682	677	690	647	657	639	671	702	678	714	680	668	669	690	652	677	693	693	658	650	696	664	692	679	683	672	672	694	653	678	671	674	672	693	666	678	648	664	660	670	673	651	672	676	696	684	672	682	679	671	683	691	694	681	690	680	687	685	679	674	664	700	656	2617.846746
682	670	678	693	675	680	666	685	693	691	675	664	650	666	689	660	697	676	689	681	675	688	664	678	686	677	677	706	696	685	660	658	652	671	677	690	645	657	657	660	677	687	674	682	676	677	646	677	667	693	686	655	677	679	672	675	662	672	674	697	679	687	708	696	679	687	693	682	673	667	676	650	684	670	676	669	658	684	701	682	678	673	682	671	680	677	698	713	685	686	691	685	687	677	679	695	2619.393275
673	682	662	683	683	662	676	671	697	693	681	703	674	656	682	687	677	680	694	661	662	698	683	695	664	675	688	673	675	697	671	693	675	665	696	671	652	668	641	667	679	664	662	709	680	646	710	677	687	690	701	677	654	648	704	699	681	681	665	673	676	702	689	693	687	695	665	684	682	645	670	681	690	663	674	674	668	677	659	685	672	685	671	663	674	669	692	665	689	677	648	663	674	678	669	661	2620.949569
662	679	673	646	704	663	677	687	669	664	698	660	674	672	688	704	691	686	667	665	672	679	692	670	704	688	671	654	670	672	679	653	680	677	678	679	640	654	652	685	670	674	672	679	657	656	661	695	675	692	678	656	670	670	675	660	663	684	676	673	676	695	641	684	646	686	684	693	659	669	662	659	681	681	690	668	675	682	648	686	663	653	686	690	694	692	675	669	671	689	672	689	652	691	663	673	2622.495149
657	673	676	680	684	668	689	682	699	663	677	661	668	677	694	678	686	672	693	661	684	677	661	683	679	685	675	701	661	677	710	688	674	668	661	665	636	651	681	694	670	669	670	684	664	682	658	683	679	688	671	667	647	668	660	671	651	678	699	674	679	667	694	679	649	678	649	677	665	644	687	673	659	696	688	675	668	670	666	662	662	671	679	685	689	673	691	685	677	684	669	679	698	692	672	690	2624.050489
684	683	662	706	663	687	676	670	678	664	682	699	670	673	679	704	681	686	688	685	650	680	671	667	676	687	675	673	701	671	661	673	703	663	679	698	645	648	663	672	682	654	685	690	667	669	655	673	692	698	682	667	687	675	664	663	684	677	660	668	666	661	686	672	657	663	678	669	676	671	661	677	681	654	662	666	686	674	679	662	695	675	684	660	657	662	693	688	656	678	685	697	668	702	651	693	2625.595123
668	698	675	685	658	692	685	668	659	673	679	693	656	687	685	657	700	682	669	694	656	688	677	695	682	684	680	674	674	669	684	659	676	661	679	672	643	662	669	691	670	668	635	676	692	664	664	683	690	695	685	665	658	656	681	710	681	669	674	675	679	682	689	709	690	662	677	688	679	654	672	664	697	652	672	690	659	656	681	681	693	668	676	688	678	673	661	675	683	689	640	686	683	673	689	661	2627.139284
671	672	671	677	679	678	678	684	693	675	682	697	661	675	669	677	679	673	686	700	670	700	654	673	683	683	688	672	687	663	699	665	657	679	669	678	647	645	642	653	663	671	661	692	663	646	675	649	672	692	667	690	694	665	663	689	677	667	667	674	679	683	686	685	667	650	659	690	684	680	651	660	668	678	656	678	663	662	685	667	693	680	690	698	678	694	689	678	692	689	680	674	675	671	674	689	2628.693196
681	643	697	655	676	692	680	690	678	681	684	673	665	677	662	669	686	670	678	647	684	694	702	671	689	684	668	664	672	680	691	695	673	675	668	680	642	645	655	676	688	659	672	693	678	680	673	671	683	680	654	687	656	668	689	673	680	680	690	652	668	681	669	674	684	703	712	671	673	682	667	662	669	677	657	675	680	676	670	676	660	681	677	667	692	699	689	667	678	685	688	691	683	694	680	674	2630.236413
697	705	689	672	679	672	684	677	689	675	673	669	665	685	661	677	691	686	683	652	683	635	688	659	696	682	680	690	700	683	660	683	693	671	673	704	677	645	641	673	661	690	690	684	694	665	667	676	686	701	696	674	676	674	670	702	660	689	693	666	690	660	703	677	680	679	688	708	701	661	663	674	695	666	681	668	673	682	703	694	674	693	669	676	685	692	672	662	695	686	677	677	682	689	666	693	2631.779158
672	681	669	692	689	673	670	696	688	689	695	691	663	687	695	668	689	684	690	660	684	681	703	684	689	679	680	690	661	666	687	688	690	681	677	681	666	642	663	692	680	677	703	680	686	656	676	690	699	694	655	682	666	675	684	698	688	686	660	682	676	686	663	666	681	670	668	676	703	652	663	666	665	692	678	704	676	667	682	690	685	697	692	674	689	684	694	696	689	669	687	681	680	686	655	664	2633.321432
684	687	720	697	708	673	692	703	688	698	705	660	674	666	708	700	705	701	679	690	685	657	672	685	665	674	680	703	668	670	674	692	692	677	675	696	657	645	648	675	688	668	682	677	679	672	672	657	687	676	706	659	675	701	706	684	682	693	708	676	681	667	669	710	695	698	679	649	675	673	668	666	690	672	694	680	669	677	673	667	702	678	680	670	695	681	700	677	682	705	687	673	662	691	674	682	2634.863235
698	695	674	682	691	709	685	680	692	695	675	663	682	662	694	640	662	705	679	684	695	685	680	687	685	695	688	692	671	708	684	677	656	687	695	664	653	652	648	682	685	681	658	706	677	679	657	678	683	687	681	689	677	689	678	671	680	696	668	668	685	691	680	704	689	698	680	701	690	668	650	684	672	666	682	697	682	681	668	690	647	705	685	675	697	666	685	698	673	684	678	689	676	666	689	698	2636.404569
687	692	679	708	688	695	682	696	670	688	687	692	690	674	675	686	679	671	666	686	692	692	682	684	698	696	665	689	718	707	689	682	699	715	691	686	657	664	636	686	701	685	692	696	711	686	672	699	671	681	723	680	681	697	697	685	674	685	707	670	670	680	706	703	683	676	688	695	668	667	662	665	697	703	663	678	696	660	712	684	659	679	681	670	681	684	687	677	690	669	697	678	687	676	680	696	2637.945432
695	689	683	674	688	688	675	695	685	685	679	696	686	695	694	687	679	688	677	690	679	694	669	697	673	675	703	669	653	675	699	677	683	662	684	689	671	650	662	661	705	679	670	657	688	668	681	689	683	692	701	679	679	685	675	697	680	705	684	687	693	685	665	688	697	686	698	687	693	671	673	654	672	659	683	656	657	676	660	689	680	679	683	667	663	679	717	673	711	677	679	691	678	679	682	695	2639.485825
679	682	686	690	698	681	667	677	670	694	691	711	688	685	701	694	671	702	688	680	713	685	707	668	700	667	706	686	674	680	688	673	684	684	669	685	663	666	661	689	684	673	710	680	682	687	672	685	699	689	694	704	686	713	678	679	688	697	665	688	676	667	686	700	688	687	687	679	702	664	677	672	673	695	683	666	678	686	679	675	678	685	668	680	704	704	676	685	693	695	686	709	692	698	669	708	2641.025748
681	677	682	681	685	674	684	654	690	676	690	688	677	692	679	718	693	697	704	675	679	708	704	701	686	703	700	677	684	682	705	671	669	685	685	673	656	659	675	672	686	691	686	677	702	687	662	688	670	687	691	667	696	659	691	664	703	675	713	703	681	688	688	670	688	689	663	675	673	653	667	662	676	662	688	693	681	691	672	678	683	692	691	679	671	704	692	676	691	667	691	680	665	685	688	679	2642.555008
680	710	693	664	664	671	689	668	693	690	691	684	697	675	683	669	683	686	668	684	681	689	675	683	684	682	677	687	695	693	653	674	692	696	688	696	676	666	646	695	684	664	692	691	686	657	676	676	694	700	679	672	681	679	660	679	663	669	681	689	670	680	695	690	666	686	682	683	686	666	650	672	695	690	685	662	689	680	680	676	686	665	674	667	681	686	686	677	694	681	682	678	657	713	697	682	2644.093996
666	682	670	684	673	688	665	693	688	675	685	660	676	667	667	687	684	679	680	680	678	683	705	686	680	679	664	685	695	692	675	668	687	675	666	684	655	652	666	679	674	665	666	677	678	679	666	661	681	676	683	659	682	665	694	659	663	679	693	685	655	670	678	688	678	701	676	702	682	659	680	647	664	649	676	664	666	660	676	674	681	666	670	667	704	675	658	688	711	686	672	678	691	672	686	669	2645.632514
667	689	686	669	655	689	707	696	673	665	693	681	668	681	675	669	678	688	689	668	695	677	675	684	681	694	677	671	675	677	666	680	677	699	676	680	669	650	632	670	676	673	689	670	667	661	693	671	693	680	659	662	652	655	670	677	684	679	664	680	674	693	677	690	687	687	690	684	671	669	654	652	684	664	700	666	699	653	676	673	668	671	668	687	693	704	694	676	673	693	688	695	683	711	678	669	2647.160379
681	657	674	674	681	675	692	700	670	703	672	690	683	666	670	688	684	668	681	679	675	657	649	672	704	687	666	692	674	685	660	683	685	667	685	693	670	650	644	677	674	678	671	671	684	658	674	670	690	679	663	676	670	661	665	683	643	681	690	668	663	693	679	674	656	668	668	677	685	662	661	677	685	660	676	660	668	670	667	687	674	674	692	668	685	679	675	681	693	690	673	671	658	656	666	700	2648.697963
678	655	669	672	680	682	666	667	700	675	661	689	680	696	663	664	675	678	677	687	682	683	675	698	672	665	671	672	673	669	699	682	682	670	670	657	655	653	666	652	649	663	668	674	673	674	660	667	673	675	683	675	639	673	684	672	676	666	679	692	654	667	668	687	671	668	662	660	667	652	651	647	668	693	680	671	690	669	688	681	657	678	682	660	687	671	687	691	652	660	662	688	665	665	665	681	2650.224901
709	680	673	671	678	690	665	665	676	677	678	663	691	676	673	668	662	697	679	674	681	685	687	678	681	677	673	675	661	697	659	676	672	670	687	659	648	639	643	679	683	685	660	663	671	658	639	668	682	663	669	664	674	686	708	661	659	704	673	697	679	678	666	650	675	683	686	681	673	659	659	643	661	659	692	657	675	650	685	663	677	678	683	674	669	671	685	676	685	700	672	674	657	683	679	675	2651.751376
678	665	665	663	687	682	661	660	656	678	685	662	687	671	681	682	672	661	675	683	671	690	667	662	680	669	682	669	658	664	673	680	685	673	687	684	686	642	654	688	677	678	671	679	654	673	672	666	676	678	668	674	676	670	648	664	666	673	666	659	684	676	685	683	665	703	676	645	695	674	646	675	673	679	688	676	663	651	660	677	699	685	699	661	679	676	695	689	702	693	693	687	692	691	661	671	2653.287562
683	675	703	687	665	660	662	668	684	672	686	678	672	661	679	686	665	679	679	682	657	667	656	669	680	684	673	682	674	675	678	675	683	691	676	662	637	649	650	659	667	676	664	655	662	670	690	677	680	686	669	680	676	673	673	657	649	672	676	670	674	669	661	687	702	684	679	697	680	646	662	664	655	672	671	642	675	690	656	664	668	653	667	643	657	659	683	693	650	666	689	654	652	677	673	676	2654.813111
668	672	681	661	675	654	658	676	671	672	684	672	666	659	656	681	650	684	680	681	675	678	674	698	687	682	674	662	685	677	676	669	657	676	674	656	658	644	648	665	676	680	687	677	682	651	649	632	659	673	689	676	694	673	658	663	675	679	667	670	670	654	679	674	651	691	675	652	676	663	651	649	662	677	648	670	662	663	680	679	667	679	674	659	672	687	681	660	672	703	681	671	674	695	677	679	2656.338198
676	674	653	681	673	683	680	679	669	683	672	672	666	662	680	670	671	677	677	672	677	674	669	662	666	676	678	683	665	683	669	690	681	672	671	667	659	655	670	662	659	680	681	674	686	664	667	668	684	678	664	656	654	652	655	686	669	666	675	652	662	676	674	677	684	687	681	673	674	657	667	641	677	660	687	665	667	657	666	678	680	687	657	664	656	699	689	679	689	703	667	673	686	668	671	656	2657.862824
659	684	667	694	679	700	680	677	668	695	678	692	667	668	669	668	664	672	662	684	692	691	670	674	679	683	686	696	675	672	673	683	668	670	681	687	634	667	652	684	678	675	693	673	681	674	670	664	672	682	678	671	686	674	694	669	679	673	657	683	670	664	674	693	683	689	672	650	674	658	669	655	648	655	700	695	658	670	673	674	674	694	670	675	662	677	684	686	691	692	670	678	669	664	680	697	2659.386989
703	681	692	699	660	664	697	682	680	680	671	669	664	688	682	673	692	688	702	696	678	696	679	665	677	690	658	676	667	685	678	679	680	697	709	696	658	660	647	666	698	650	655	695	682	687	680	675	686	665	711	680	660	676	663	651	656	666	678	696	670	672	664	649	674	685	680	683	679	670	654	700	674	655	691	698	669	653	690	694	683	690	687	684	687	688	672	678	681	695	683	683	679	675	696	666	2660.910693
685	686	674	663	681	666	692	689	711	708	688	697	669	681	674	673	669	683	666	685	686	659	698	659	681	678	700	672	699	673	678	695	682	681	681	683	664	665	669	671	680	686	671	676	661	658	666	684	679	689	673	697	676	684	673	665	679	677	678	668	683	702	679	670	671	683	697	680	666	652	653	664	704	674	679	660	671	676	688	663	675	695	652	674	706	665	680	674	697	692	676	697	686	675	681	668	2662.433937
683	677	682	711	687	715	686	668	670	705	685	702	697	693	674	679	668	674	682	704	661	696	703	683	697	682	667	673	674	670	665	693	681	688	705	686	678	650	634	702	686	682	696	687	677	676	692	660	680	703	702	695	710	687	665	679	684	697	682	697	707	682	688	691	663	675	677	679	686	680	684	668	662	681	673	684	667	698	688	680	684	671	680	673	680	693	678	686	693	689	687	693	687	671	674	676	2663.956721
678	683	667	703	669	662	663	681	719	670	683	684	700	691	701	687	683	681	667	696	685	689	681	689	689	685	682	686	686	711	678	662	693	687	688	674	651	671	644	661	683	678	693	700	674	676	680	694	684	682	681	682	673	686	692	673	694	699	692	696	683	683	687	694	685	678	678	697	665	698	672	662	698	695	658	677	670	688	717	667	682	689	677	676	691	698	667	676	682	685	664	692	666	689	689	687	2665.479044
694	674	675	691	663	682	684	704	678	671	713	671	695	705	675	699	674	715	707	677	688	715	691	667	699	684	685	698	697	688	709	699	674	697	674	702	674	676	660	667	681	694	685	691	686	673	673	686	673	697	701	672	686	683	672	655	673	695	696	691	675	680	690	674	679	674	687	669	697	656	664	658	661	686	692	675	693	674	682	658	687	684	689	680	709	697	692	691	694	699	692	684	691	693	682	690	2667.000907
693	685	687	692	674	677	675	678	644	688	695	669	677	673	689	710	693	702	693	675	670	671	688	676	716	696	704	685	686	691	666	669	687	703	680	692	671	676	667	673	681	700	670	686	691	680	701	680	684	685	701	689	690	650	701	684	670	706	671	671	682	689	681	689	696	680	712	706	677	665	652	645	675	699	677	668	661	667	702	694	661	691	666	690	680	691	680	683	710	703	679	684	695	679	695	680	2668.512169
678	698	675	676	672	691	682	693	689	690	693	679	675	682	722	686	678	685	681	668	698	669	700	690	662	666	700	696	667	705	691	694	690	672	672	687	655	693	670	672	685	692	690	692	688	702	705	685	677	684	682	679	674	679	688	677	690	687	688	682	682	674	686	695	698	682	678	670	706	680	672	671	686	671	682	698	677	645	685	680	683	664	708	669	695	686	690	698	697	707	664	689	695	662	682	684	2670.033116
688	689	707	688	690	680	682	700	690	680	676	695	662	682	671	703	687	673	692	682	675	666	670	681	694	679	697	693	694	673	684	668	681	705	666	667	668	659	662	674	685	686	673	694	694	671	703	674	698	689	696	659	683	684	661	655	673	685	671	688	671	684	687	672	685	691	701	690	664	645	660	664	694	675	686	692	690	670	670	678	675	666	701	663	687	672	679	682	692	670	694	703	695	694	691	691	2671.553603
665	670	679	666	679	694	667	679	681	679	711	689	661	695	689	703	682	673	687	692	674	675	685	680	689	691	675	685	669	683	700	690	691	679	673	679	671	658	672	689	669	687	684	682	663	685	685	688	679	684	694	674	675	699	685	672	684	668	668	682	678	679	664	691	711	692	672	677	671	673	655	673	706	666	673	677	683	678	702	692	696	680	670	666	690	692	707	677	705	700	686	689	674	679	669	684	2673.0635
672	687	684	665	704	685	693	693	696	672	681	675	677	699	654	674	689	697	716	676	662	683	665	669	683	661	673	683	686	707	693	681	699	665	687	682	672	652	638	676	714	671	680	676	675	694	678	659	676	722	695	676	662	679	692	703	674	703	702	693	661	696	683	689	681	696	688	698	685	666	653	672	669	686	684	673	693	675	697	675	708	687	681	686	668	688	711	690	664	671	686	680	695	699	653	700	2674.572943
690	686	662	681	707	679	652	663	677	675	670	670	669	690	662	702	675	665	668	682	686	684	704	673	700	689	683	696	679	687	686	685	663	695	692	707	655	660	651	677	682	678	679	676	709	679	673	672	683	680	689	672	696	681	682	661	685	672	684	689	689	664	695	661	685	671	687	695	685	694	656	674	694	664	658	672	682	666	663	694	681	683	680	693	694	689	705	674	661	693	684	680	676	686	683	667	2676.09206
693	681	688	647	697	706	695	671	673	664	674	671	701	662	681	673	684	679	659	679	686	673	701	699	680	687	681	690	689	689	671	678	684	672	673	688	656	653	666	687	702	684	687	687	676	691	668	674	671	716	683	687	679	678	693	685	689	681	699	690	690	692	655	663	686	673	695	669	707	660	685	661	682	675	690	660	688	667	676	668	652	653	675	676	658	691	686	681	698	710	675	649	676	697	669	659	2677.600595
682	674	675	676	686	694	656	677	675	683	658	683	686	681	668	680	684	662	689	673	677	698	676	675	656	693	683	668	686	671	669	675	685	673	676	684	652	639	651	680	686	669	670	693	675	672	679	670	698	697	683	690	649	655	665	688	685	676	674	669	690	677	660	695	693	681	682	663	699	655	662	667	674	679	685	687	663	684	693	697	701	696	699	695	660	678	670	683	683	681	688	679	698	674	666	669	2679.108679
671	667	670	683	668	672	660	649	675	705	696	672	687	683	679	687	666	677	652	682	672	681	665	681	700	652	665	666	669	704	661	691	680	671	675	695	637	649	668	680	681	688	675	665	691	672	665	674	706	671	679	652	663	667	672	673	669	658	667	662	684	638	679	670	667	678	684	680	665	666	652	667	698	678	676	681	657	674	677	683	686	691	684	678	677	679	684	694	685	667	682	661	683	663	686	653	2680.626427
651	672	690	689	673	696	668	697	664	669	663	682	668	674	657	637	693	664	665	692	679	667	681	695	671	712	679	655	676	667	683	685	676	678	665	677	672	665	640	697	685	690	671	678	681	662	701	657	710	687	655	685	669	670	676	668	666	672	664	678	661	672	685	687	667	691	684	692	670	665	647	646	665	670	673	674	676	663	674	696	687	687	675	680	670	674	661	694	679	683	684	685	678	668	688	685	2682.133603
679	672	678	661	668	692	664	671	670	692	663	668	669	680	671	664	661	673	680	672	664	711	691	699	654	671	678	661	702	687	671	681	671	675	668	686	651	650	651	679	682	673	668	685	679	665	640	677	661	677	688	666	665	663	686	640	672	685	699	685	700	643	684	662	668	681	672	674	654	662	640	668	669	670	672	681	682	682	697	677	662	664	684	660	672	686	684	699	661	698	682	680	674	678	668	671	2683.640328
691	652	642	674	658	684	671	670	683	671	680	673	687	691	658	683	679	692	680	682	671	671	685	688	677	689	680	667	667	667	666	679	687	673	685	683	668	680	653	671	668	700	660	697	701	638	679	653	676	674	697	662	662	683	701	674	648	680	672	675	691	667	680	680	692	660	673	675	676	647	658	653	663	652	669	676	684	664	674	691	673	682	680	684	670	696	719	694	686	681	666	688	710	659	674	675	2685.146601
651	659	693	647	688	684	700	660	674	682	665	683	679	668	661	681	665	687	689	666	685	662	669	675	659	661	661	669	686	679	672	697	662	662	657	661	668	634	656	667	683	656	690	664	655	660	667	655	675	688	679	670	685	676	684	660	667	675	680	678	659	657	653	673	654	671	678	664	647	662	656	683	665	683	667	660	670	647	665	663	648	650	657	673	688	668	690	664	664	664	684	685	686	665	661	692	2686.652423
668	682	670	681	668	710	680	681	690	664	675	687	687	655	669	666	675	654	674	662	676	669	677	677	670	669	666	673	682	679	663	689	658	647	676	692	636	677	655	681	686	677	651	668	700	676	650	664	662	693	672	665	677	662	673	678	675	676	677	670	652	678	659	673	681	677	654	680	662	664	659	659	670	669	695	691	670	638	657	635	660	665	696	675	683	676	682	694	692	669	686	696	664	682	656	676	2688.157794
669	678	669	689	673	689	677	688	643	672	667	672	622	670	666	685	672	680	682	661	672	674	682	682	665	696	657	669	690	689	686	669	705	670	667	667	675	652	659	661	679	658	670	711	688	646	683	675	652	673	690	674	685	677	658	694	666	668	657	675	691	672	681	668	673	653	690	670	664	666	665	640	669	670	684	676	668	663	652	685	658	696	663	665	661	676	690	675	669	683	668	667	679	662	679	679	2689.662714
688	658	688	688	670	665	690	667	663	694	681	643	691	663	650	693	667	674	677	673	681	646	684	662	641	688	666	682	670	682	669	687	671	689	676	658	660	657	649	668	666	697	673	672	665	673	668	649	677	687	677	677	663	656	672	661	653	672	661	682	656	663	668	696	657	679	667	662	680	658	652	648	685	667	661	668	671	655	661	672	659	679	677	657	679	663	682	691	656	714	686	676	679	675	656	654	2691.157088
696	663	683	675	664	658	666	662	681	694	653	683	675	674	665	681	709	685	703	679	689	677	657	681	690	669	656	674	659	679	677	677	679	690	695	694	679	644	654	685	682	680	680	682	667	652	659	665	684	684	681	675	685	681	661	705	677	683	657	687	687	687	676	690	663	673	671	663	679	667	653	674	676	671	695	680	662	689	675	657	683	701	689	699	685	633	705	668	674	692	669	685	697	691	690	672	2692.661111
684	666	693	658	676	674	684	680	691	676	711	681	687	661	700	694	672	674	674	670	678	670	663	660	674	697	674	676	698	669	684	677	702	701	657	675	662	660	676	670	679	668	704	687	679	669	654	661	666	675	693	668	680	679	671	673	664	685	685	669	697	674	662	674	664	686	690	703	676	668	657	671	714	664	688	677	657	667	680	689	674	665	682	673	695	688	669	683	682	674	682	701	696	676	683	678	2694.164683
685	669	678	691	686	669	679	655	674	689	677	683	688	693	659	642	692	682	662	696	676	668	684	698	696	658	666	681	695	674	691	675	687	682	678	683	675	654	631	674	664	666	691	641	688	674	674	675	705	689	692	682	699	676	666	667	660	684	680	655	688	691	680	666	666	714	677	670	663	653	666	653	668	687	645	669	686	680	683	675	683	667	703	665	686	678	674	700	702	682	703	691	681	683	677	692	2695.657718
715	666	671	685	653	687	673	689	669	695	697	687	701	659	665	684	651	658	657	679	693	678	691	696	704	687	686	685	701	693	678	682	691	687	705	698	684	663	666	689	680	682	674	680	695	663	667	657	681	675	684	670	685	672	653	674	681	698	667	704	691	675	684	667	664	678	686	700	695	685	674	681	683	683	691	672	683	678	702	662	672	678	671	677	682	687	697	682	682	706	698	681	680	675	669	676	2697.160393
673	669	674	682	682	675	686	669	711	688	690	683	668	699	689	693	701	688	691	705	687	712	693	692	714	701	674	706	702	680	697	691	661	700	670	688	652	667	657	677	681	678	695	690	689	708	681	698	684	695	673	677	666	676	705	708	689	677	683	679	686	673	682	660	710	680	702	690	699	658	658	672	679	663	695	661	685	686	689	700	718	678	654	698	690	677	672	683	687	724	699	666	656	681	722	679	2698.652539
685	699	696	683	694	695	678	686	690	702	696	687	684	666	689	729	686	674	693	691	688	686	684	724	673	671	676	699	692	673	680	702	668	709	680	683	680	652	677	685	678	681	669	686	699	684	671	682	671	689	667	674	685	688	686	678	675	693	676	673	688	654	680	673	684	681	697	681	700	677	659	683	703	680	695	708	670	661	671	685	682	697	677	692	704	693	687	687	688	682	689	693	702	664	684	694	2700.154318
695	687	684	700	682	668	659	705	683	718	699	680	686	697	684	679	689	703	693	681	698	693	701	678	714	681	673	682	704	695	677	686	698	691	693	685	674	683	678	721	681	677	676	717	691	680	673	684	708	686	692	691	657	660	660	670	695	696	709	686	691	688	675	691	713	691	699	691	704	662	696	689	680	692	700	670	682	679	668	703	698	681	686	713	691	684	699	695	685	685	678	697	694	670	684	708	2701.645573
689	662	700	685	685	696	691	688	685	695	708	693	676	679	705	699	709	679	701	709	683	682	670	689	701	688	674	677	672	679	694	678	662	678	682	701	663	671	675	695	684	673	678	681	693	675	710	690	688	692	672	692	688	720	668	690	703	684	680	719	694	696	665	700	688	690	672	701	675	690	678	675	700	672	702	704	659	683	688	688	689	695	679	693	703	695	703	689	705	689	709	685	675	661	692	691	2703.146458
683	708	679	684	682	683	695	681	698	699	692	689	694	674	681	684	699	675	692	694	673	698	692	669	696	692	689	674	659	695	702	699	706	691	676	687	654	682	679	663	701	711	678	691	670	708	682	688	704	710	692	679	702	678	702	688	667	681	686	687	676	679	685	683	701	664	679	695	667	686	677	652	659	672	684	693	664	671	689	682	711	662	700	706	691	705	684	694	706	696	692	671	690	692	676	690	2704.636824
684	692	689	690	673	669	690	703	680	685	674	685	680	667	694	698	691	697	704	679	691	710	701	688	681	691	693	723	699	705	697	692	675	658	698	704	672	660	663	679	701	683	691	710	707	676	658	709	682	684	678	677	690	680	693	662	672	683	704	709	695	697	669	704	698	697	694	698	697	677	655	666	700	704	674	717	688	685	703	692	685	681	691	675	678	665	690	701	694	698	697	675	690	690	683	667	2706.126749
688	688	689	702	708	669	702	707	676	706	701	689	708	686	704	691	679	698	697	691	687	680	677	681	690	683	689	673	697	692	723	693	674	688	678	699	642	661	663	689	664	683	658	669	693	693	684	681	724	701	701	708	669	684	695	681	691	673	702	688	680	684	685	676	657	696	684	675	690	671	658	668	667	709	671	683	711	678	673	696	681	686	681	682	703	690	706	690	683	699	675	685	684	674	687	691	2707.61623
676	696	686	702	667	706	695	675	695	689	688	705	685	696	685	677	682	705	710	693	674	701	690	702	677	674	699	706	664	702	693	698	685	706	675	698	667	665	680	692	667	692	696	682	697	676	679	681	683	692	694	657	688	702	675	677	689	681	677	701	695	692	674	694	703	683	703	698	691	663	681	673	681	679	687	691	685	661	671	682	687	689	685	686	695	688	696	694	695	667	680	680	686	701	683	706	2709.10527
685	697	679	694	674	680	656	696	728	671	695	694	694	715	691	681	670	665	670	667	691	700	712	667	713	694	691	692	673	685	708	688	687	706	687	698	654	661	661	685	695	684	707	705	675	697	679	691	702	683	679	684	690	653	694	683	676	708	688	679	680	684	670	709	678	683	689	666	702	686	679	674	692	666	686	672	668	687	675	686	664	677	675	671	712	698	699	682	717	691	678	712	718	662	677	673	2710.593868
698	686	671	687	681	677	688	684	687	676	671	691	663	672	686	706	675	707	696	695	700	663	684	693	689	682	681	665	688	689	690	674	684	681	686	705	647	688	655	659	688	692	672	699	674	676	652	678	686	694	701	688	668	693	689	673	695	694	663	688	688	676	700	686	693	703	690	669	682	680	673	676	690	669	677	675	680	687	680	703	701	704	687	709	700	690	671	714	685	690	669	688	698	686	706	683	2712.082023
679	686	662	691	669	682	689	695	668	671	691	673	687	680	703	697	693	693	697	678	673	668	705	712	720	687	678	674	698	662	676	704	688	680	663	673	675	687	657	712	686	692	704	703	715	676	686	684	664	707	699	678	676	691	693	693	697	694	680	673	707	690	695	680	702	694	685	707	684	662	676	659	667	712	670	695	655	660	700	676	681	672	677	676	675	673	679	688	683	677	682	667	698	694	688	713	2713.569738
668	689	681	680	681	676	696	692	659	678	710	696	690	671	680	673	672	686	691	671	697	680	698	688	672	663	689	690	680	681	702	667	689	698	695	687	658	662	664	686	685	672	704	687	675	684	687	681	678	689	701	682	680	669	649	673	699	666	691	674	700	678	663	676	675	661	715	692	678	683	681	648	678	677	666	683	673	691	691	680	673	702	700	703	701	662	695	676	692	688	681	686	680	705	681	700	2715.05701
662	686	680	686	694	699	690	696	685	677	670	708	698	695	693	676	651	683	676	703	692	686	676	692	693	691	691	696	688	688	697	697	677	679	690	684	678	669	651	672	679	688	694	684	685	699	664	695	674	677	683	699	686	676	704	707	680	684	656	671	671	700	690	688	682	640	673	691	705	641	650	671	680	678	670	691	681	652	686	689	689	688	679	700	689	679	685	710	684	688	684	683	683	661	697	685	2716.543842
712	687	675	702	671	714	668	698	697	693	689	685	668	677	709	712	680	679	694	688	702	661	706	675	695	691	696	686	687	696	703	671	675	675	718	693	654	655	651	691	678	690	693	684	671	665	679	677	694	720	701	681	675	667	674	670	659	690	689	689	674	694	672	675	679	697	691	708	685	684	667	655	695	689	688	703	702	668	678	682	699	686	664	669	661	672	705	672	689	688	702	664	696	706	691	695	2718.020191
701	668	679	686	688	700	699	693	687	699	695	711	674	693	694	715	706	695	686	688	695	675	702	706	674	691	676	711	694	704	707	703	707	681	687	697	665	674	678	699	704	690	693	685	676	696	686	681	675	693	705	673	682	683	705	696	697	699	687	707	679	684	704	666	688	709	681	670	692	660	692	685	689	696	690	676	711	689	676	664	678	684	690	677	702	689	693	701	693	686	694	676	675	679	709	665	2719.506143
699	686	656	703	681	700	695	703	691	672	690	697	678	687	698	692	700	685	687	704	689	703	679	695	679	682	684	711	691	690	693	697	705	690	669	702	665	688	686	677	708	673	690	696	693	670	695	677	697	686	701	672	696	679	697	684	692	706	706	704	699	685	682	666	665	693	694	692	703	659	659	663	693	672	666	696	687	676	684	690	691	680	680	672	672	697	698	695	694	704	709	707	681	702	694	693	2720.98162
671	690	712	692	712	712	682	712	711	693	707	701	681	689	706	699	691	693	724	711	672	679	672	689	694	678	690	704	681	699	704	707	694	691	688	690	686	656	684	689	702	695	704	689	697	700	700	724	674	693	693	687	699	679	677	695	710	685	679	692	708	682	700	691	690	694	698	709	684	691	676	687	698	691	703	699	700	668	700	686	706	689	706	690	702	696	690	697	702	721	675	670	711	703	690	698	2722.466694
712	694	663	715	695	704	699	679	692	686	653	710	685	697	682	684	713	695	675	697	703	705	694	708	699	718	693	728	699	704	721	702	683	714	693	706	694	2380	680	702	697	688	709	700	724	681	692	730	703	692	704	683	674	703	694	687	704	723	700	702	689	686	697	705	677	669	686	699	685	675	694	682	689	713	708	677	698	676	680	683	704	706	705	683	708	712	697	701	708	722	714	698	692	678	721	697	2723.941299
708	710	705	694	704	701	702	725	673	674	702	709	701	697	694	711	699	715	693	688	679	706	706	696	711	710	691	727	676	689	696	717	695	706	696	708	676	2100	701	721	683	714	691	697	699	677	706	699	697	697	724	687	703	742	692	699	701	700	724	727	715	706	711	686	712	688	711	704	699	685	682	669	709	679	697	713	669	683	699	699	701	700	697	723	713	719	688	719	702	710	709	703	708	675	675	699	2725.425496
713	702	720	704	716	730	698	660	685	692	697	716	697	689	698	689	706	706	699	692	711	705	696	744	711	693	711	716	704	723	687	669	708	681	702	714	687	686	685	697	694	678	695	700	711	718	686	690	704	722	708	693	689	665	678	713	709	714	696	714	702	704	699	699	711	703	727	717	702	675	674	692	701	690	696	702	690	702	702	694	704	704	688	703	689	728	710	712	694	696	709	701	717	709	713	734	2726.89923
692	667	686	688	701	704	710	714	711	717	716	724	727	709	711	717	705	725	701	703	713	702	695	738	722	710	699	702	709	712	736	697	726	712	706	716	705	683	678	688	722	711	724	713	703	700	712	711	694	716	730	699	705	702	723	696	730	702	679	695	732	703	721	729	688	728	707	711	708	668	699	688	701	703	706	710	702	719	688	694	747	700	708	714	712	697	704	725	686	689	710	709	702	722	705	724	2728.37253
703	730	725	715	736	722	716	741	693	707	738	694	709	710	706	720	719	715	705	701	719	708	700	708	714	708	698	737	723	698	717	722	721	713	700	706	683	697	715	713	717	695	718	708	728	694	691	695	710	689	706	725	711	730	700	727	717	690	718	704	729	713	691	691	698	708	696	708	693	680	686	687	714	716	694	704	700	693	706	729	719	717	727	710	689	689	701	702	725	704	679	710	721	702	728	686	2729.855414
721	719	701	701	720	707	737	708	683	710	732	720	700	709	702	707	700	704	717	687	713	707	724	711	726	703	713	719	732	707	700	688	707	727	702	706	689	691	711	730	738	715	716	694	732	678	704	705	716	724	702	732	687	714	707	709	704	694	716	702	709	720	730	719	701	706	714	722	707	678	686	717	712	722	711	687	705	697	728	710	723	719	724	707	727	719	704	715	714	721	697	721	686	708	705	721	2731.327844
720	713	729	707	720	723	742	715	696	726	719	717	681	728	713	703	725	717	692	703	704	700	722	729	712	705	701	703	714	718	712	709	705	719	722	704	669	699	695	712	712	704	726	710	708	717	723	704	699	729	716	687	714	727	715	720	716	697	706	716	714	721	720	716	747	735	723	723	708	688	714	722	693	696	712	706	714	696	715	708	711	697	697	696	718	725	736	729	709	733	727	689	693	714	733	707	2732.799841
717	718	699	721	719	724	698	715	720	711	717	697	677	700	720	704	717	714	735	705	715	704	696	725	709	702	710	710	735	724	705	717	717	722	701	734	689	695	692	697	738	725	713	709	709	705	702	688	708	714	707	708	716	726	688	702	704	695	731	703	709	698	692	742	727	732	720	734	717	733	714	699	699	710	679	706	709	704	695	710	691	725	719	717	725	732	714	719	731	708	725	718	742	708	720	735	2734.271405
707	714	734	700	708	695	697	683	719	721	715	710	689	737	702	717	714	726	707	703	719	716	700	694	737	708	707	684	713	694	730	710	730	702	711	703	675	691	713	719	704	703	728	722	733	690	705	690	731	716	732	698	714	696	701	695	692	724	709	724	711	703	724	731	739	672	692	716	697	698	686	706	718	710	708	704	691	713	692	711	705	715	719	704	711	725	710	712	692	709	723	703	710	716	727	711	2735.742536
685	711	703	705	731	690	701	709	687	713	724	674	719	691	730	684	722	711	721	734	719	718	695	716	730	710	726	713	699	713	699	686	697	711	702	721	687	677	696	698	736	726	720	669	728	725	672	714	713	724	719	686	713	718	717	720	705	704	684	702	712	714	692	701	727	728	702	699	719	709	716	671	714	709	687	715	686	697	698	701	700	701	699	732	701	717	714	730	714	733	701	706	711	729	717	734	2737.213234
719	701	722	690	686	708	713	699	686	709	715	714	704	686	725	699	679	727	723	710	697	691	708	728	732	696	705	721	719	695	693	702	701	692	712	685	684	669	703	716	667	699	718	706	723	699	676	708	711	732	687	725	672	670	712	683	691	725	692	696	713	698	696	721	713	692	701	729	704	701	693	675	712	727	714	686	690	714	695	683	715	726	706	728	706	714	706	727	708	718	724	712	703	713	701	715	2738.6835
695	707	699	711	717	713	694	698	698	735	707	717	707	727	714	715	700	721	741	705	703	701	720	714	714	681	705	695	730	714	697	723	714	711	695	673	703	672	678	696	694	690	724	703	709	709	697	695	714	712	701	683	716	688	705	710	702	708	696	704	707	686	706	676	716	704	711	677	694	676	676	705	688	683	698	698	712	691	706	716	695	694	683	686	699	709	723	703	717	692	718	682	694	710	723	668	2740.143337
725	693	695	685	712	712	695	682	702	712	710	694	705	713	709	699	699	702	721	719	713	696	710	681	721	736	704	693	687	715	690	719	697	699	710	708	675	678	701	675	711	685	719	700	726	695	713	678	711	706	692	709	703	675	699	713	681	689	692	687	708	685	696	694	702	713	682	700	700	693	682	700	692	678	679	708	708	692	700	700	704	719	682	721	718	721	691	708	711	700	714	698	696	691	717	718	2741.612742
691	693	679	696	710	695	708	693	680	680	712	724	703	721	693	696	690	681	684	690	678	687	726	685	685	689	700	694	699	696	694	701	703	717	703	686	693	681	683	700	697	682	718	703	693	691	687	696	705	724	700	713	682	667	698	675	701	710	699	706	684	693	691	698	685	689	685	710	709	675	670	669	695	678	695	695	700	686	688	706	701	700	693	680	683	721	705	724	690	711	686	704	695	701	717	678	2743.081715
666	694	693	701	702	680	708	698	692	714	702	683	681	696	666	707	713	689	684	709	654	707	707	712	690	710	696	674	720	686	711	680	710	711	708	687	694	678	682	665	706	674	682	708	680	674	675	687	701	686	703	685	676	686	705	685	667	713	691	702	714	715	681	722	709	716	697	672	701	688	665	672	695	686	682	688	702	683	692	710	690	674	687	680	696	680	683	720	700	696	695	708	694	693	694	670	2744.550256
687	689	677	684	684	682	687	694	687	658	716	697	686	669	677	702	690	690	681	705	696	695	704	692	700	693	709	688	692	689	688	691	676	709	686	683	655	679	682	700	694	709	712	672	695	691	702	682	685	681	686	655	692	696	689	706	681	682	694	691	703	689	675	668	701	707	695	697	709	670	670	668	675	687	706	677	678	683	661	676	690	700	692	681	666	691	711	676	696	697	689	698	671	701	695	690	2746.00838
690	676	668	686	679	677	684	696	698	698	662	651	696	679	720	723	693	672	689	708	684	700	675	683	705	669	687	699	700	693	695	680	677	683	682	710	667	677	663	676	688	678	707	672	694	690	683	702	687	687	696	682	671	671	678	707	695	694	667	696	703	688	670	677	703	696	685	699	667	672	668	687	702	666	691	688	695	697	670	689	687	673	679	677	708	665	695	697	710	671	688	677	696	697	702	675	2747.476062
693	683	682	690	703	691	701	691	696	693	681	704	684	682	674	686	701	668	692	688	693	681	682	693	700	689	696	715	688	705	698	699	708	690	682	719	663	686	687	698	691	688	709	664	691	681	681	661	692	712	698	705	693	694	666	689	650	682	698	693	691	693	671	698	696	694	688	703	687	694	688	668	670	690	688	684	690	678	681	668	700	676	686	670	687	684	709	683	699	686	712	698	690	706	697	698	2748.933333
692	697	671	701	688	689	693	697	671	680	702	693	709	709	695	685	710	695	693	684	708	682	686	681	706	683	693	685	688	698	681	690	689	712	698	697	693	659	664	670	697	676	697	697	717	674	672	685	680	694	695	665	691	697	690	679	713	686	680	695	669	692	683	679	690	696	706	684	692	667	690	653	693	674	693	705	696	676	691	692	687	683	686	690	716	698	692	714	695	704	689	702	679	677	695	702	2750.390178
705	689	672	699	715	672	692	679	674	693	681	700	689	710	676	715	682	678	663	695	690	708	702	692	677	680	683	708	692	695	694	676	674	671	689	693	683	663	667	714	693	682	716	704	707	692	699	703	691	699	689	673	682	686	690	681	695	668	702	686	699	674	683	702	682	683	717	708	678	678	694	672	690	681	680	671	675	690	680	686	683	697	699	653	718	690	693	669	690	685	683	680	700	686	699	686	2751.856573
691	695	701	708	686	692	688	693	688	695	694	702	682	683	696	673	689	700	705	658	676	680	691	700	701	704	700	694	705	697	670	679	691	713	681	694	692	692	644	670	672	695	684	688	683	690	679	704	696	726	694	702	680	684	713	684	674	705	691	665	694	711	703	692	700	703	687	668	690	690	657	673	676	662	688	683	680	679	700	686	709	696	688	695	719	707	700	690	695	708	711	708	682	689	672	702	2753.312566
676	688	689	696	702	694	682	714	701	705	695	699	689	676	683	712	696	684	697	729	682	702	712	696	665	711	692	699	704	698	713	693	680	692	674	703	688	691	680	705	663	697	686	700	677	684	684	668	722	698	717	689	686	685	665	670	681	685	708	692	694	712	688	694	689	681	699	698	702	674	673	691	685	711	681	678	712	687	680	700	697	695	684	711	697	697	687	692	715	697	702	695	687	711	680	701	2754.768135
705	682	724	674	689	698	699	685	688	733	703	686	689	693	697	688	688	684	707	707	705	686	675	685	705	689	688	665	699	693	705	706	701	700	699	694	673	692	705	674	691	679	697	715	699	669	699	694	685	702	685	688	712	695	685	688	673	720	694	685	676	699	694	710	715	702	696	683	686	680	670	691	696	705	705	688	687	710	702	687	700	699	693	684	702	718	704	703	705	706	677	703	699	693	705	702	2756.22328
705	683	685	697	703	692	708	696	701	700	671	711	698	683	704	675	717	689	697	679	702	716	715	682	698	684	716	675	696	692	710	693	702	709	698	704	680	674	692	693	701	682	692	692	720	686	683	701	730	685	707	681	696	682	689	679	684	711	705	702	671	689	707	711	702	688	713	709	722	673	684	676	697	708	689	681	694	695	685	689	711	706	671	698	680	695	719	696	708	699	705	700	694	678	718	708	2757.678
690	696	692	702	684	723	711	708	698	711	703	699	683	674	700	690	719	702	728	685	694	712	717	709	699	706	698	681	699	690	689	710	703	700	707	690	679	683	683	708	673	695	697	712	688	683	683	686	685	706	702	705	700	706	699	718	673	717	689	691	722	702	697	693	690	703	699	701	687	690	683	688	696	679	673	693	666	701	669	696	697	674	719	711	708	723	699	709	693	709	709	704	692	693	688	718	2759.132297
707	698	675	687	694	719	715	697	671	706	710	703	685	693	717	694	710	693	702	708	731	695	719	704	693	712	698	726	697	712	707	690	689	685	695	709	664	684	682	708	662	687	686	715	703	701	683	694	701	680	710	713	682	690	686	683	693	681	701	703	683	669	704	695	704	700	678	678	715	688	683	697	717	697	687	712	684	709	693	712	704	716	688	672	706	708	705	694	697	717	679	681	680	707	694	700	2760.586169
707	699	712	704	700	708	687	701	692	702	675	688	716	708	715	721	693	701	675	695	711	682	695	684	695	696	693	695	701	718	693	717	692	695	709	708	677	679	696	714	684	699	673	691	678	694	702	715	713	726	708	703	676	704	705	706	701	698	671	712	681	680	683	700	705	702	677	725	689	673	666	684	697	692	708	700	704	710	696	671	694	689	690	707	707	688	714	714	707	719	695	695	723	686	701	704	2762.039619
688	695	702	678	712	701	690	698	694	712	705	696	694	705	695	700	679	690	705	693	690	681	710	719	709	691	720	691	708	704	694	695	723	675	686	697	688	676	691	697	694	687	666	705	704	690	663	699	701	707	690	694	696	680	687	711	665	689	712	715	694	711	694	682	679	702	701	700	678	694	678	710	698	709	671	685	691	695	688	693	689	699	726	699	678	688	705	687	710	710	678	698	695	688	710	681	2763.492645
706	677	702	693	686	679	704	702	707	688	697	689	702	688	681	693	733	699	688	683	691	712	686	707	688	685	698	683	686	707	719	669	704	692	698	719	679	674	666	682	685	694	684	688	704	693	696	696	692	696	688	678	681	679	685	686	696	692	704	694	695	693	677	690	726	696	690	701	690	665	688	679	697	688	701	693	682	695	704	690	697	709	696	686	696	701	707	706	698	682	693	693	680	715	688	702	2764.945247
673	703	691	711	682	683	677	688	690	692	713	701	706	703	693	697	686	709	692	693	696	675	706	686	685	666	686	691	717	706	707	706	702	679	694	689	667	684	673	698	694	695	673	697	692	690	687	690	712	691	710	688	691	697	700	700	691	672	678	685	660	711	687	692	684	690	693	702	681	674	695	681	699	712	701	713	698	687	680	694	682	696	678	696	681	708	674	668	690	688	691	686	696	715	682	709	2766.387482
678	693	706	691	692	681	724	695	667	721	694	690	712	682	682	679	707	709	682	688	684	722	704	680	663	687	687	718	686	684	697	698	691	703	699	691	672	683	695	691	701	678	672	676	677	671	686	697	697	673	689	674	684	684	659	702	698	685	674	703	678	675	706	696	699	700	687	677	706	660	662	688	694	667	681	694	695	680	700	690	698	695	685	704	696	675	684	672	698	722	710	686	666	679	693	722	2767.839242
688	696	680	697	693	665	695	694	695	703	695	708	685	693	691	686	679	674	704	695	698	710	679	688	693	674	698	678	704	700	692	694	707	691	683	705	656	672	665	732	662	677	679	672	696	676	684	665	693	702	685	689	687	660	666	686	683	680	692	710	705	715	693	667	695	705	707	668	684	681	685	673	686	703	674	680	684	687	688	690	690	712	683	700	684	685	702	688	681	702	693	689	676	675	692	695	2769.290579
693	701	698	665	679	667	677	697	700	680	683	685	696	687	720	729	704	695	684	697	670	673	692	698	705	696	683	689	687	701	685	673	692	679	699	697	695	658	666	687	687	680	663	654	692	687	686	689	671	690	704	666	703	688	694	686	706	696	700	680	709	693	712	704	686	722	661	699	689	669	690	676	691	683	673	684	681	675	703	691	678	690	699	678	709	684	695	684	679	687	683	682	671	711	687	664	2770.731557
694	660	705	706	680	685	681	689	688	697	695	681	689	666	672	688	672	658	690	677	676	677	671	686	694	694	702	697	683	700	651	676	713	676	669	680	659	658	676	673	700	678	687	687	684	695	677	675	698	694	695	674	658	690	650	676	695	677	670	699	681	667	677	696	694	692	679	699	695	682	669	670	679	680	663	689	684	659	664	666	691	684	678	691	670	659	705	687	701	690	695	686	693	661	690	705	2772.182053
662	679	674	684	686	690	667	681	669	692	688	690	685	705	685	676	692	701	684	696	684	678	682	671	673	699	684	693	676	664	676	674	686	678	649	682	686	694	668	674	674	683	679	682	686	669	652	674	689	685	688	675	672	679	681	677	688	695	701	701	693	678	690	672	674	685	671	692	684	679	670	667	677	670	693	680	680	675	689	685	665	693	672	684	687	696	664	704	698	689	698	659	672	672	669	702	2773.622195
684	696	665	699	674	673	684	703	687	690	681	689	675	676	690	676	683	656	679	675	712	701	680	666	674	709	671	688	679	664	685	698	686	699	679	683	657	678	681	687	676	669	656	681	680	658	685	681	705	691	699	665	668	673	687	696	683	660	690	702	668	679	676	650	668	700	681	695	698	660	712	667	705	666	668	682	706	667	682	684	682	667	689	683	681	685	697	693	681	694	673	677	689	669	690	674	2775.061922
697	669	688	676	710	703	669	686	667	677	679	677	687	700	688	684	701	687	694	659	689	693	680	675	696	689	703	681	674	680	685	691	695	690	670	672	659	654	666	670	682	663	683	697	697	678	668	667	677	682	703	692	679	689	694	679	657	692	668	670	685	686	672	695	673	678	684	699	688	666	673	675	694	673	699	663	700	687	694	674	677	679	688	675	671	680	687	674	698	688	662	663	690	682	662	699	2776.511157
680	658	698	689	674	659	671	679	693	691	682	667	681	677	681	701	685	665	680	666	675	679	671	665	689	686	699	692	683	688	666	683	672	682	684	675	677	646	657	660	689	679	669	692	678	695	683	667	676	678	687	666	698	684	663	680	662	676	650	679	664	704	655	695	681	685	680	690	676	675	684	649	673	683	702	674	679	674	673	700	690	681	676	676	681	670	667	705	697	702	701	680	708	696	675	663	2777.950049
690	686	703	684	694	681	678	695	692	707	690	681	676	667	699	659	675	700	681	703	705	672	690	683	688	687	701	687	683	692	681	688	686	674	684	679	678	648	668	702	671	698	691	686	670	681	687	667	681	691	688	683	700	659	690	710	671	683	693	674	697	665	662	684	669	652	693	705	675	684	669	677	695	680	675	677	691	683	709	687	697	684	670	692	674	700	696	692	697	672	699	692	677	690	672	680	2779.388526
629	681	673	695	697	678	701	676	684	689	687	684	684	662	656	686	671	693	690	702	686	695	665	685	731	675	674	681	675	700	681	695	692	702	644	688	657	654	664	681	664	691	679	694	688	684	668	650	688	669	667	703	678	676	681	691	686	700	680	689	694	672	684	685	693	714	683	691	672	680	683	676	692	687	679	665	672	662	682	658	670	666	693	697	701	687	695	682	676	685	688	679	697	701	692	697	2780.826587
687	694	676	705	697	693	694	678	685	682	694	695	660	708	692	696	696	690	683	681	683	661	676	674	693	681	658	709	678	691	685	686	682	674	694	671	668	666	663	677	691	694	697	670	678	681	674	697	688	703	684	683	682	683	672	668	672	679	693	689	683	681	668	677	673	676	693	683	668	684	668	673	683	703	668	689	666	675	692	671	659	675	671	675	695	672	673	684	675	698	697	677	668	692	691	655	2782.264232
709	683	694	690	679	693	688	682	704	690	674	697	696	694	672	684	690	684	698	687	673	682	686	699	680	689	714	680	671	682	677	689	708	680	692	690	680	694	660	666	696	682	682	681	675	663	682	691	689	677	700	671	660	695	679	677	687	688	690	681	703	676	691	699	676	670	692	707	685	672	681	672	698	686	664	674	680	687	687	684	683	691	694	698	689	662	705	697	682	704	679	689	688	657	684	688	2783.701463
684	678	686	688	695	675	703	690	713	703	703	667	709	684	698	685	704	678	660	684	671	704	688	702	684	690	714	706	691	688	681	667	691	690	704	685	660	678	682	689	687	695	700	695	680	674	678	668	691	677	679	713	689	690	703	685	684	702	696	695	684	671	714	706	678	703	675	696	707	684	669	666	674	688	679	681	681	682	695	697	687	679	671	690	684	700	699	696	683	694	676	710	683	692	705	694	2785.138279
714	705	701	705	681	676	685	682	689	673	701	692	674	693	687	688	696	699	712	699	681	713	695	686	705	686	704	679	686	691	686	702	701	687	687	694	645	657	688	671	695	686	683	695	675	678	689	688	700	690	723	677	693	674	674	697	696	689	691	685	693	698	698	694	696	692	671	681	694	669	682	677	692	692	680	678	686	667	704	663	699	685	694	682	705	686	689	676	712	710	694	701	676	688	679	708	2786.57468
697	717	706	687	686	666	706	699	693	698	694	690	717	682	668	700	714	690	671	690	701	668	692	705	699	705	703	685	700	678	677	678	707	707	711	700	654	684	689	686	691	691	666	710	699	701	693	678	711	691	693	671	686	710	701	692	691	683	685	717	690	705	703	692	703	678	717	677	699	678	687	677	701	692	685	682	688	678	681	702	732	719	701	696	700	702	698	692	686	723	686	697	696	699	696	689	2788.010667
703	691	675	693	695	692	712	697	691	684	699	674	700	668	704	679	690	696	678	696	688	685	697	689	719	713	704	684	688	691	692	691	689	688	710	686	684	692	691	699	695	703	686	665	695	683	698	670	718	665	693	691	684	691	719	685	667	685	704	689	669	690	695	707	700	690	691	685	690	685	677	683	682	686	699	693	668	696	700	706	701	689	678	701	701	690	687	687	691	674	680	684	694	691	690	687	2789.446239
685	703	698	697	702	698	695	690	684	691	689	695	682	670	683	678	696	694	704	718	701	699	664	712	728	675	696	677	677	671	691	720	699	693	699	711	665	711	685	708	703	682	674	698	683	683	660	715	701	727	718	686	696	705	697	691	687	698	687	708	682	685	686	712	697	673	712	739	712	681	686	679	686	666	685	691	700	693	699	699	703	691	696	684	689	686	702	707	703	705	687	690	693	710	701	683	2790.871501
696	673	691	707	692	696	671	674	707	693	709	681	695	726	693	672	695	703	702	689	696	706	695	690	684	699	693	696	708	698	699	690	681	679	662	677	688	647	669	718	686	698	697	678	702	657	688	691	684	704	673	688	699	696	706	700	694	684	713	707	695	676	717	714	710	720	723	703	696	670	687	687	694	716	688	679	679	694	692	698	711	674	694	698	701	701	686	694	698	695	683	682	689	683	704	688	2792.306248
706	686	687	711	690	737	671	691	699	685	686	667	674	681	691	711	705	692	684	676	692	700	680	687	704	678	701	692	683	690	669	690	697	681	704	665	677	690	669	696	714	673	703	698	685	696	675	681	695	715	682	698	703	669	677	690	699	705	688	684	692	688	695	692	694	683	685	700	714	680	674	669	704	682	688	690	692	690	686	685	700	691	675	686	699	684	673	699	691	675	693	691	686	701	680	690	2793.730691
704	709	698	687	685	669	691	718	684	703	688	695	682	707	698	668	689	679	691	704	666	693	681	710	680	681	711	682	708	696	681	684	676	692	688	698	677	675	667	685	671	723	678	698	704	695	686	686	699	700	675	698	691	678	687	674	686	696	675	710	672	671	704	690	684	692	701	688	684	685	656	686	688	689	708	669	674	706	712	671	710	671	684	684	723	672	710	696	690	718	717	688	693	700	694	675	2795.164613
677	681	675	708	691	690	687	692	665	662	672	691	696	667	691	692	703	673	698	683	701	686	683	659	698	673	685	694	679	694	688	725	680	691	676	679	646	678	674	691	697	706	687	709	712	687	661	690	689	686	715	697	674	688	668	694	715	689	689	712	686	684	691	693	707	696	696	679	708	674	696	667	686	682	681	714	695	712	666	682	705	679	684	675	684	710	673	705	701	685	694	698	695	700	691	697	2796.588238
669	706	682	698	695	693	662	691	714	689	690	687	687	686	672	681	664	692	673	684	714	692	697	686	693	697	670	683	691	666	706	683	689	679	711	696	672	686	662	675	682	664	694	680	719	668	681	680	691	693	673	701	660	712	691	686	682	697	684	686	684	695	681	707	702	687	716	708	698	693	691	662	714	699	722	690	677	661	673	682	681	686	680	689	716	686	687	694	687	685	696	706	673	684	715	689	2798.021336
677	698	692	706	704	687	684	701	672	685	703	694	675	683	655	676	693	685	683	691	686	702	692	687	692	688	695	685	679	680	707	680	691	685	707	676	644	669	647	688	665	675	690	694	700	697	685	702	697	686	681	694	701	668	707	701	691	673	673	677	692	697	682	684	663	704	701	704	697	649	673	657	692	672	667	678	666	697	674	677	687	685	693	688	673	705	695	688	693	715	690	693	711	689	665	699	2799.444143
694	670	673	704	705	683	691	708	697	730	684	696	686	676	673	695	692	672	699	685	676	709	683	687	706	683	711	691	674	690	719	700	716	706	680	665	664	663	683	696	663	684	697	688	671	687	664	673	704	696	675	675	700	680	665	672	673	712	705	675	683	674	703	691	701	686	703	686	690	703	688	670	677	661	685	687	647	698	679	686	693	689	675	658	701	672	695	697	676	695	697	690	667	662	661	687	2800.866542
687	702	683	695	679	710	679	673	683	677	669	684	670	675	694	712	673	660	668	682	660	686	696	683	685	682	670	669	662	702	682	693	670	700	684	685	679	665	668	699	697	684	712	698	681	685	678	679	677	679	687	695	682	665	685	668	703	672	668	679	673	690	703	710	678	669	662	699	673	681	680	672	695	681	697	688	675	694	677	673	690	684	696	677	677	698	703	717	680	697	679	688	688	690	691	686	2802.298407
656	695	690	677	681	687	695	703	668	671	697	683	673	685	679	670	677	699	697	671	683	644	690	680	705	700	676	682	684	696	656	689	676	694	690	706	664	677	660	653	670	677	669	682	689	679	668	698	698	722	681	666	693	689	686	678	685	683	661	673	677	692	679	674	677	675	688	701	681	688	676	685	673	696	657	669	673	656	699	680	685	687	683	696	697	689	703	681	673	702	688	711	684	696	671	693	2803.71999
678	682	691	669	674	691	699	712	664	704	691	702	676	711	681	681	712	694	696	679	670	698	689	689	681	680	687	684	710	686	689	677	687	676	683	692	674	658	673	675	676	681	697	687	691	677	667	689	672	676	681	676	677	686	688	668	682	681	671	674	689	668	684	669	679	689	678	666	677	672	675	666	692	687	672	709	683	687	697	670	684	692	680	672	696	675	672	687	681	695	669	686	675	686	710	679	2805.141166
691	669	690	698	690	705	697	683	697	678	692	675	665	681	689	675	691	673	687	675	697	661	682	676	699	674	710	667	683	680	705	665	702	707	695	676	689	666	669	708	713	686	678	684	683	699	667	672	694	690	699	679	673	680	677	673	686	686	695	697	676	692	682	681	672	703	698	698	675	677	677	673	694	685	690	667	700	689	677	676	701	700	678	667	687	676	669	681	696	683	675	673	668	670	670	687	2806.561935
686	689	680	700	691	675	692	691	680	697	699	691	687	673	698	688	687	683	662	678	685	696	662	669	689	671	696	696	698	682	689	690	701	688	689	678	689	656	672	688	679	677	682	695	688	688	684	674	675	680	688	676	680	687	685	681	665	723	682	713	678	710	685	703	696	688	696	686	673	697	658	677	677	684	688	688	703	701	700	668	711	675	682	697	674	689	684	701	670	677	672	673	709	696	677	690	2807.982298
685	683	722	683	710	671	691	683	679	689	681	696	702	664	685	672	677	698	685	677	703	689	702	678	692	702	694	689	682	711	686	704	691	688	692	687	697	682	678	700	679	692	699	674	704	673	685	679	672	683	687	668	688	686	694	693	689	695	684	688	703	669	676	681	689	660	690	698	718	666	661	695	675	689	668	693	699	690	685	665	703	673	690	681	686	706	698	708	700	703	683	710	691	690	696	704	2809.402254
687	700	683	680	713	690	690	715	687	685	688	711	669	692	712	689	718	702	681	692	699	688	692	715	704	684	705	699	693	693	697	685	695	700	706	710	674	663	683	674	693	690	700	685	690	688	698	677	699	708	696	701	695	696	704	717	682	693	703	695	695	696	697	684	699	690	701	695	698	703	686	685	694	668	681	704	696	687	674	701	684	697	683	694	707	694	693	686	690	700	681	696	696	723	684	696	2810.821805
708	721	701	702	693	686	696	686	717	693	696	688	710	718	701	701	721	677	698	714	713	684	695	712	690	705	671	705	700	723	709	702	696	721	684	689	693	676	684	684	705	684	684	694	698	706	722	704	694	709	702	684	694	708	690	674	710	706	666	702	695	698	679	671	699	672	688	703	698	704	681	678	720	699	692	697	725	698	689	685	695	714	697	694	699	699	711	694	714	710	689	701	679	666	701	701	2812.231096
710	727	695	704	683	708	688	686	687	724	713	698	711	699	694	690	716	711	687	715	675	694	699	713	701	701	686	711	688	702	695	690	722	716	688	715	685	690	682	686	701	715	705	697	705	698	719	680	720	678	705	684	678	696	684	689	697	675	688	711	699	697	693	719	693	715	707	700	712	687	697	671	680	714	684	721	689	703	697	694	696	696	705	696	717	712	692	707	710	707	699	690	710	709	682	710	2813.649838
711	698	675	693	728	705	699	716	678	707	689	684	694	685	702	699	676	720	706	709	676	692	735	713	695	714	710	723	700	708	700	708	704	711	724	698	706	699	671	696	712	683	715	694	710	698	708	697	686	708	719	705	701	680	695	675	693	706	718	709	700	716	701	708	700	705	704	695	692	682	686	689	714	705	699	721	699	679	714	720	684	718	703	696	693	708	720	699	727	731	716	704	700	707	720	696	2815.068175
715	689	703	706	711	688	716	711	687	709	704	716	698	704	697	731	693	701	704	693	735	688	691	696	690	724	694	687	689	707	712	712	711	695	696	702	701	688	682	704	691	716	717	701	700	713	704	692	723	710	728	694	701	700	722	704	706	704	720	720	713	682	707	695	727	684	705	686	707	674	706	684	705	682	692	702	716	705	704	704	706	705	703	681	713	716	684	703	716	722	699	722	698	712	708	698	2816.47626
706	706	686	715	714	696	695	696	713	709	687	697	709	696	706	703	710	701	709	724	706	706	717	697	721	710	716	699	744	703	708	715	696	699	714	698	687	710	691	707	700	689	703	693	702	695	690	710	696	735	726	736	680	692	724	724	703	692	695	721	681	684	725	718	708	708	708	699	719	700	702	686	701	705	699	717	724	706	715	710	689	718	693	675	703	718	727	709	713	705	703	704	721	697	719	723	2817.893789
726	730	717	697	711	697	710	697	709	717	713	706	708	707	703	711	706	719	713	733	714	726	687	722	712	721	690	741	718	719	701	703	695	736	713	709	693	701	681	690	715	729	729	710	695	724	692	697	719	716	693	736	720	704	702	724	688	682	719	729	693	722	716	711	715	709	726	726	689	693	678	694	708	697	710	700	701	728	708	697	704	708	696	682	721	689	695	722	685	694	713	685	705	707	729	701	2819.301073
712	735	707	706	722	714	729	689	705	696	720	722	708	697	721	704	719	715	707	718	724	722	697	705	716	724	727	713	716	713	713	716	716	701	732	707	688	660	700	702	716	697	725	725	723	693	709	719	714	714	715	706	715	694	704	717	714	719	726	689	727	721	699	691	712	697	720	725	698	688	664	690	719	721	706	711	694	733	708	681	724	688	701	699	693	730	712	727	715	716	725	712	718	716	702	701	2820.717795
699	725	725	708	716	708	706	696	690	716	717	707	711	697	699	708	709	720	713	689	706	738	703	700	696	709	721	742	706	718	715	721	720	708	701	716	670	689	693	714	693	702	701	723	697	711	709	715	717	706	719	718	700	689	722	716	707	696	709	709	722	720	693	726	694	698	714	724	695	701	714	719	686	699	712	704	693	695	719	709	710	730	702	706	718	713	687	713	697	709	701	677	710	723	692	714	2822.124278
709	718	703	703	726	734	685	706	691	721	690	720	709	716	718	705	710	715	721	695	719	711	719	690	709	684	723	731	716	708	700	696	726	727	736	692	683	692	669	683	723	731	704	709	703	707	724	717	716	718	733	716	684	722	682	698	704	722	727	728	701	689	715	716	724	706	722	713	696	715	690	698	695	742	700	711	722	695	720	719	698	709	721	708	709	725	729	711	710	686	716	711	718	728	699	703	2823.530363
702	713	724	708	702	716	705	704	704	711	724	718	708	718	693	715	704	724	713	729	728	719	719	701	712	741	716	721	705	700	720	728	717	709	717	724	695	696	704	702	689	709	702	708	734	705	728	719	718	725	698	704	689	713	711	710	707	730	737	701	694	693	717	729	744	726	721	715	728	712	691	700	710	734	705	714	696	704	689	727	704	706	722	736	739	708	711	711	714	708	718	709	740	710	708	746	2824.945877
716	699	736	714	724	694	723	703	713	712	708	737	722	707	722	687	708	713	719	708	714	724	722	730	734	709	709	721	708	726	714	732	695	729	690	718	712	728	701	724	701	726	722	697	717	718	755	686	703	716	692	707	686	740	708	688	698	700	725	710	731	708	685	709	700	706	737	700	699	701	706	699	715	716	727	703	730	707	703	731	733	689	708	721	711	686	702	735	734	714	728	730	698	709	728	705	2826.351161
721	721	696	725	729	705	720	722	719	745	710	732	707	696	713	729	729	722	704	727	719	716	714	708	717	734	696	714	708	707	716	724	729	718	712	733	714	710	701	729	706	719	725	715	722	725	727	721	763	702	730	690	698	714	718	734	707	723	722	728	729	706	704	705	719	709	709	741	718	715	699	715	718	705	691	684	715	733	739	705	707	716	698	705	740	714	724	715	694	721	708	720	699	718	711	719	2827.756047
728	715	714	702	731	705	727	713	721	711	707	713	722	723	726	732	737	719	707	711	697	710	708	722	726	720	714	726	721	695	722	713	741	720	705	717	714	701	702	706	736	698	715	727	720	700	699	688	729	725	719	688	720	707	719	716	701	709	732	709	744	715	696	722	709	717	718	725	722	715	695	703	701	718	712	718	725	716	721	721	703	725	717	723	714	727	707	729	723	724	727	711	732	732	721	701	2829.160535
727	721	698	737	732	739	716	704	702	726	711	712	699	695	716	702	721	729	730	715	717	713	709	716	736	734	736	735	717	717	714	714	736	708	719	716	693	710	702	728	711	707	689	710	703	718	716	719	732	718	702	723	695	718	719	712	719	719	742	722	721	729	683	746	734	681	723	703	726	695	680	705	718	702	713	710	719	707	741	737	732	713	712	716	698	714	689	725	706	749	712	716	735	735	725	730	2830.564625
724	716	728	745	716	739	718	722	750	742	729	713	724	728	708	728	776	729	730	712	701	712	733	717	713	738	721	706	708	731	734	740	747	716	736	710	722	720	716	706	718	722	725	711	702	694	717	688	694	723	748	748	726	690	711	717	722	730	721	722	715	716	720	718	720	704	713	728	748	694	715	711	719	724	720	726	720	728	706	729	738	699	747	746	709	739	704	730	730	713	721	725	729	732	705	713	2831.968317
715	717	704	723	732	723	736	696	710	724	721	715	695	728	737	722	706	740	726	705	737	716	736	737	759	700	720	714	727	740	704	735	731	738	725	732	708	705	708	703	705	722	719	696	715	724	726	713	705	735	689	729	713	717	722	730	694	736	712	690	724	716	708	689	735	715	718	700	704	696	691	730	729	726	706	750	705	714	736	720	720	713	722	693	730	714	732	735	769	719	721	717	712	729	711	726	2833.371611
732	704	714	733	724	739	740	712	713	713	716	707	716	722	711	723	721	723	718	738	707	728	716	733	728	708	734	708	709	713	740	722	714	719	723	705	734	723	696	714	730	731	703	726	717	722	716	711	747	723	743	731	713	700	722	703	714	727	711	702	697	721	714	714	724	741	708	713	728	711	723	720	730	717	707	708	729	736	721	707	716	716	740	718	706	723	733	720	716	723	724	734	726	735	710	712	2834.774508
708	738	716	704	718	725	731	704	703	715	712	728	729	728	702	718	713	719	694	719	707	742	716	740	695	728	736	718	722	741	725	731	719	736	728	717	705	713	709	745	741	719	748	715	711	706	714	728	712	713	733	710	719	714	717	718	705	716	688	722	724	725	755	728	735	734	735	736	732	696	715	713	703	731	717	707	731	725	711	725	732	712	719	735	718	729	724	749	733	723	708	720	721	725	715	698	2836.167201
730	738	731	729	726	716	713	713	733	702	739	714	738	759	726	727	766	730	713	735	737	757	723	723	735	723	719	729	750	732	756	734	731	733	739	723	717	732	743	735	719	719	740	735	738	719	711	730	756	744	710	723	712	722	717	711	738	728	714	736	736	735	720	721	720	730	715	719	708	721	718	737	731	720	740	685	731	701	754	707	726	727	743	730	761	719	723	697	710	717	730	732	737	717	747	714	2837.569307
732	718	732	729	719	703	747	756	730	730	730	715	715	732	738	735	717	717	722	738	742	720	730	737	764	732	728	758	747	726	738	722	749	739	723	734	724	733	713	735	726	736	730	731	722	726	737	729	741	737	721	736	725	736	717	725	741	728	705	700	729	704	742	726	734	722	742	755	743	725	723	705	719	719	721	728	744	730	730	736	719	729	702	718	738	759	732	739	737	715	713	752	728	757	732	736	2838.971015
736	706	734	746	740	732	756	727	748	719	731	734	728	715	742	741	740	707	730	733	741	724	717	740	743	721	744	731	739	750	756	737	732	725	739	749	725	749	726	717	718	707	721	712	733	734	741	717	723	742	737	749	720	745	764	723	744	723	741	745	733	730	734	728	756	730	741	743	730	710	733	743	728	736	734	714	727	723	747	731	760	734	727	731	759	768	734	724	721	747	743	731	739	751	739	745	2840.362528
743	770	733	745	750	767	737	744	777	757	753	712	741	732	775	738	756	739	728	755	763	752	735	746	748	758	753	759	769	749	750	718	762	753	715	747	725	735	745	747	739	713	742	765	716	721	776	777	745	772	760	729	766	735	745	737	732	731	735	752	781	758	734	730	768	760	753	747	750	729	740	746	741	752	751	722	771	725	749	735	738	760	778	743	753	749	755	740	740	729	753	754	722	758	777	738	2841.763446
747	750	790	749	749	749	747	767	750	731	720	763	750	747	765	751	735	765	777	758	755	747	756	740	731	763	777	745	745	770	748	755	751	764	762	739	740	735	737	750	755	733	746	735	770	753	731	758	746	756	750	745	750	733	768	744	751	777	737	737	746	767	737	762	750	760	767	745	776	742	741	744	746	760	777	727	739	747	754	747	749	749	726	751	744	737	757	783	740	753	757	726	740	766	767	759	2843.154174
741	744	740	780	753	764	751	783	766	782	783	733	755	783	782	745	781	765	758	746	750	789	755	769	773	743	742	767	732	761	784	751	763	768	760	794	763	727	748	769	767	731	797	765	750	779	762	748	740	780	799	736	756	754	748	786	751	751	761	759	767	776	746	777	771	773	742	750	736	722	753	773	752	761	762	775	773	754	752	774	745	741	777	751	758	762	788	755	748	766	745	752	751	763	763	733	2844.554302
799	778	794	771	782	787	768	766	765	758	765	754	759	762	753	755	760	772	787	763	755	763	763	762	775	771	744	771	762	734	787	770	794	762	768	755	747	753	743	749	768	759	769	800	770	775	754	763	756	776	781	769	764	788	763	753	779	748	753	770	755	755	754	784	754	773	738	762	749	742	710	748	778	763	773	752	773	786	743	770	780	751	760	762	727	752	762	747	776	787	758	780	768	774	759	771	2845.944246
787	759	789	775	749	775	756	776	777	767	763	754	776	761	771	760	765	761	772	770	764	785	757	790	775	771	794	767	796	780	760	759	765	784	761	792	734	750	769	738	784	763	773	795	788	787	777	805	786	771	775	785	744	751	782	787	762	769	788	809	768	773	755	784	812	790	771	781	750	772	748	775	802	763	770	750	753	750	746	737	776	772	797	783	740	797	764	747	792	788	755	744	781	803	777	796	2847.3338
784	774	768	787	781	773	763	771	777	760	776	793	785	766	769	801	785	781	804	788	774	767	789	795	799	788	787	759	785	752	785	775	792	759	777	770	769	787	738	792	749	759	794	783	771	775	757	771	788	787	773	777	812	762	785	771	770	778	784	773	773	772	758	783	765	788	781	819	773	767	777	764	766	758	771	765	792	752	760	789	772	777	786	771	779	787	787	772	814	785	781	767	770	794	762	796	2848.722963
776	787	792	773	808	766	776	789	806	795	798	778	768	793	812	811	764	761	794	809	794	783	758	789	770	807	793	771	783	814	799	773	783	810	798	751	738	759	770	786	775	792	766	782	763	785	791	760	778	798	802	787	788	781	782	785	787	773	800	788	791	778	760	788	781	808	776	797	783	774	774	760	782	791	788	774	785	789	750	791	779	802	786	797	781	772	793	789	809	788	789	799	767	803	770	757	2850.121516
778	798	802	775	812	810	789	786	798	793	788	781	821	787	787	785	790	779	776	795	783	784	786	806	797	767	763	781	778	791	799	809	826	787	807	793	778	789	784	791	811	823	799	807	776	784	784	806	811	760	785	792	794	783	797	783	809	788	775	790	790	772	801	809	794	812	772	783	785	774	764	791	790	778	775	788	774	782	803	812	799	770	815	776	786	759	771	818	763	777	771	772	796	785	783	821	2851.509896
776	770	803	815	772	771	807	778	793	790	816	786	766	796	759	781	796	784	794	779	808	775	798	748	799	787	811	785	785	791	780	777	793	819	799	784	772	769	766	820	781	768	792	774	798	793	777	797	787	795	809	780	796	795	811	764	777	784	808	802	841	795	789	795	803	795	795	796	778	800	779	802	792	779	784	784	759	780	778	807	786	794	777	763	791	782	807	789	799	808	802	785	799	798	790	778	2852.897887
781	802	802	812	784	800	818	809	787	803	796	790	817	835	784	802	798	797	791	812	789	807	786	796	801	783	795	799	781	791	784	807	797	787	804	816	792	782	789	794	782	819	834	793	800	808	785	793	793	793	796	771	807	790	786	813	804	807	841	787	800	777	806	822	819	794	776	786	782	778	790	781	807	795	783	795	798	783	767	790	806	797	786	776	837	773	783	770	795	786	785	803	768	797	805	809	2854.285488
810	809	802	788	784	805	801	827	813	791	829	789	810	797	817	789	799	794	785	785	817	805	791	797	785	793	797	813	815	818	800	838	824	817	806	798	808	779	776	780	803	810	784	797	804	785	819	799	823	811	801	822	772	774	804	799	790	814	781	778	821	805	812	828	806	801	805	806	801	782	751	799	802	821	804	804	801	799	775	807	819	796	817	805	811	789	824	775	790	796	791	811	809	791	782	807	2855.662933
805	784	797	826	807	827	802	816	797	812	820	806	816	791	826	797	798	800	818	808	799	804	816	794	790	811	821	816	821	816	840	802	806	820	815	810	794	785	787	811	817	821	791	828	820	803	788	792	815	834	838	812	802	817	810	774	819	813	800	797	801	797	803	827	787	819	810	795	812	790	805	780	818	813	797	811	812	824	818	825	798	793	801	786	794	807	789	801	809	810	788	830	810	802	785	786	2857.049758
806	804	824	795	790	801	781	805	806	803	803	804	803	829	804	807	812	822	826	796	782	816	790	791	805	793	790	804	816	802	807	800	815	796	794	806	779	789	800	802	801	809	793	827	825	799	792	783	797	812	823	809	812	784	795	788	799	788	818	799	782	804	837	803	816	818	796	828	789	790	790	805	774	825	816	814	829	799	815	802	801	833	817	821	824	822	803	834	794	830	802	792	816	801	785	750	2858.436194
791	816	808	805	807	835	805	808	799	847	807	808	800	801	790	805	802	800	822	805	825	823	810	802	830	807	792	814	805	790	846	812	801	811	794	826	761	775	790	821	803	814	818	794	806	809	840	808	794	805	843	793	819	790	799	815	823	826	808	803	794	808	832	795	854	823	807	805	811	815	812	802	825	795	808	791	813	827	830	799	799	808	797	819	803	782	817	798	811	814	825	808	838	801	823	808	2859.822241
816	810	809	815	802	818	833	853	850	806	815	799	837	787	804	838	815	804	801	809	801	846	795	814	805	801	802	791	804	838	810	823	799	821	807	823	809	796	773	791	841	794	800	794	809	797	809	787	800	796	812	813	814	808	808	807	785	842	823	819	832	814	801	815	780	803	810	813	811	820	803	786	778	801	794	817	806	814	817	794	817	794	825	830	827	816	833	814	815	811	818	792	785	845	810	824	2861.207899
814	830	812	786	811	831	805	834	826	830	822	815	823	825	818	800	797	814	813	802	840	812	810	787	802	816	814	793	822	790	850	809	790	795	839	795	796	769	836	818	827	788	810	806	817	875	792	811	808	828	795	798	815	832	827	806	806	802	837	829	805	812	835	812	825	798	835	803	841	832	784	813	820	838	826	824	827	799	774	806	810	848	819	804	815	810	823	809	837	807	806	810	794	792	827	811	2862.583415
815	824	813	819	815	822	824	847	808	816	832	825	824	811	811	815	823	821	803	808	800	839	801	795	801	824	833	853	811	805	824	816	828	809	792	835	800	816	815	828	858	807	837	794	809	800	815	803	829	834	833	793	778	807	802	858	834	811	801	829	800	828	811	824	844	808	833	825	825	802	801	820	806	810	802	804	798	819	826	819	822	810	826	808	838	795	798	804	819	829	832	842	807	815	834	829	2863.968299
792	836	820	830	840	856	835	834	847	831	803	815	815	850	828	853	841	842	847	835	827	821	813	843	832	828	823	839	840	843	813	839	824	840	842	837	818	813	813	852	845	858	815	828	845	843	835	803	842	839	831	802	843	811	839	854	819	842	829	827	806	852	797	832	834	832	827	826	818	826	823	846	789	828	826	848	853	831	833	782	803	825	832	808	865	869	852	828	851	820	849	810	845	832	822	831	2865.343046
851	858	825	819	839	828	840	832	843	852	876	854	826	828	800	825	835	852	860	830	850	846	837	849	838	840	825	809	858	823	830	833	830	833	832	853	821	808	810	824	844	874	841	836	846	832	842	836	835	876	854	836	854	859	843	813	787	837	807	839	834	801	852	832	870	850	845	870	857	829	858	823	832	804	823	852	829	828	837	838	860	834	840	813	838	846	859	841	852	841	841	845	830	860	844	859	2866.727156
831	873	810	882	844	851	848	885	848	852	869	872	849	868	867	872	843	871	853	873	851	854	843	853	859	848	866	871	866	827	838	850	888	845	835	833	855	850	832	855	855	864	853	825	825	858	838	861	850	850	873	853	814	849	866	875	877	838	865	843	856	846	862	837	848	848	859	851	854	862	853	869	851	888	874	848	850	875	833	853	815	866	864	879	870	861	834	875	850	832	870	874	873	836	849	857	2868.101135
872	863	900	893	890	859	869	844	870	886	880	874	871	864	874	857	859	900	891	886	869	839	889	875	863	868	859	869	872	864	847	862	860	880	882	887	852	861	857	873	836	865	838	837	841	885	870	853	878	873	866	856	857	864	858	865	893	878	889	860	814	867	879	882	886	861	839	865	864	858	880	883	878	862	842	882	842	905	859	883	857	898	877	833	860	902	887	854	880	900	858	867	858	857	856	892	2869.474731
911	904	870	882	897	914	894	880	859	922	910	877	860	899	877	908	900	883	904	884	866	888	887	852	874	879	916	893	918	899	897	907	899	913	896	919	835	862	860	879	847	880	885	884	878	869	887	852	860	881	887	857	882	914	879	857	875	881	911	874	872	871	870	915	897	880	896	883	900	851	878	874	901	894	906	901	875	899	876	889	886	917	867	877	876	901	864	878	885	897	885	874	897	883	892	888	2870.847946
923	923	899	897	903	902	879	894	908	916	921	909	899	907	889	915	917	894	905	887	913	908	905	907	933	904	924	904	904	867	932	905	933	904	909	899	890	846	875	898	914	908	910	884	907	910	908	916	886	919	926	878	883	907	931	879	926	900	903	910	881	901	937	927	907	906	905	927	881	883	900	901	897	881	891	894	896	882	919	896	931	924	915	918	899	907	924	910	875	913	891	905	922	897	896	895	2872.230513
876	931	943	923	921	903	932	895	903	936	935	929	929	922	914	914	927	897	907	864	909	926	906	923	936	936	930	911	909	917	931	971	937	927	933	916	913	921	891	915	931	896	898	922	913	921	881	911	906	930	908	901	900	906	933	941	903	919	904	889	964	922	892	927	923	915	933	927	938	888	911	909	922	931	903	910	909	914	927	949	902	927	931	886	904	903	917	938	950	918	913	918	935	933	923	920	2873.60296
950	982	956	947	963	957	955	929	942	970	950	915	919	934	943	901	961	935	935	967	922	924	913	943	905	935	957	947	965	938	933	934	943	953	959	943	929	935	928	927	937	954	961	931	954	916	901	928	950	974	956	911	952	938	938	945	955	943	928	922	911	921	951	959	911	945	936	942	923	918	888	971	921	956	937	946	937	948	940	962	909	925	970	964	932	963	932	937	974	962	960	956	936	958	917	941	2874.975026
969	961	939	957	957	984	961	954	965	1005	947	973	955	955	946	973	936	973	939	969	982	937	927	965	949	926	924	959	990	972	992	957	995	961	973	943	966	958	944	960	953	953	947	977	958	952	972	992	982	957	946	981	976	954	964	969	941	966	958	973	930	967	958	978	963	978	961	951	971	962	968	969	927	947	964	956	946	963	943	927	973	951	966	944	915	979	955	957	944	978	961	953	941	971	981	981	2876.34671
973	968	1018	993	994	994	984	973	952	977	986	967	969	987	979	977	972	993	1001	966	963	949	990	996	1017	974	1009	1005	990	1009	990	961	1019	973	992	977	965	997	983	979	980	983	1011	974	971	981	983	996	1008	951	1003	963	959	980	991	987	979	989	996	978	981	977	1020	987	962	984	962	991	993	964	989	965	970	955	977	969	995	1020	972	981	954	999	974	967	981	996	979	993	975	1032	963	1005	985	993	1025	966	2877.718013
1040	997	1028	1003	995	992	998	1023	992	986	997	974	946	1013	1005	997	1001	994	992	1020	1004	1006	980	1018	992	973	981	1015	995	979	1002	1028	994	979	961	984	997	956	993	977	993	978	980	957	1025	1016	987	993	988	1011	953	998	1021	977	965	1003	987	971	998	1007	981	1005	1010	990	990	971	994	998	970	953	1003	1000	1007	997	1017	989	997	1010	1003	1019	978	986	1015	973	974	971	957	989	1013	1003	1014	977	984	999	1015	968	2879.088935
1056	995	1053	1007	1046	1056	1035	1047	1033	1019	998	1030	1011	1035	1016	1034	1001	1005	1040	1014	994	1001	1028	1002	1007	990	1014	1002	1014	995	1008	988	1002	1024	1010	1006	1024	1004	998	1038	1003	1039	998	1031	977	1011	1012	1053	1014	1056	1031	1018	1013	1044	1015	1003	1020	1016	991	1033	1036	990	987	1040	1000	1058	993	999	1018	1046	971	1037	1039	1020	1045	1011	1014	1024	1020	1016	1024	1024	1002	1000	966	993	1049	1030	1018	990	1030	1031	1048	1003	1037	1012	2880.449756
1066	1035	1013	991	1058	1029	1065	1053	1065	1028	1037	1037	1045	1017	1029	1043	1061	1024	1038	1050	999	1051	1034	1036	1026	1040	1037	1037	1022	1033	1030	1037	1052	1027	1032	1075	988	1004	1018	1043	1002	1028	1031	1035	1022	1041	1027	1035	1037	1050	1038	1021	1055	1024	1028	987	1076	1045	1050	1039	1011	1017	1023	1036	1061	1008	1016	1045	1047	1020	1022	1049	1032	1049	1015	1021	1019	1011	1026	1040	1053	1028	1022	1066	1023	1028	1019	1035	1042	1010	1017	991	1033	1013	1056	1036	2881.819918
1095	1074	1058	1013	1037	1076	1057	1053	1042	1053	1062	1064	1035	1038	1044	1037	1042	1073	1029	1013	1095	1069	1087	1030	1029	1017	1024	1032	1049	1059	1055	1047	1065	1010	1077	1039	1019	1042	1067	1031	1034	1046	1054	1065	1024	1055	1025	1037	1048	1074	1047	1045	1053	1043	1069	1098	1036	1049	1038	1066	1055	1028	1041	1065	1044	1040	1052	1058	1022	1025	1054	1057	1071	1059	1004	1035	1050	1040	1006	1017	1043	1083	1028	1071	1082	1021	1075	1058	1044	1050	1028	1030	1077	1058	1034	1045	2883.1897
1058	1054	1036	1068	1068	1053	1033	1030	1063	1015	1091	1035	1062	1037	1074	1037	1097	1065	1067	1100	1043	1067	1056	1052	1052	1091	1035	1085	1058	1066	1064	1026	1087	1066	1031	1064	1064	1041	1052	1106	1051	1090	1066	1062	1080	1035	1054	1076	1072	1090	1066	1031	1096	1076	1029	1036	1083	1090	1038	1046	1069	1078	1073	1081	1043	1032	1044	1069	1032	1043	1086	1060	1074	1053	1044	1065	1060	1073	1058	1055	1041	1085	1071	1042	1075	1054	1043	1062	1046	1081	1075	1065	1075	1033	1059	1059	2884.5591
1065	1084	1071	1079	1073	1062	1079	1095	1084	1115	1085	1072	1073	1093	1060	1063	1101	1085	1048	1063	1060	1050	1089	1069	1086	1067	1082	1085	1057	1081	1084	1049	1117	1070	1068	1087	1056	1067	1066	1109	1092	1089	1063	1094	1043	1054	1065	1091	1077	1041	1053	1064	1093	1110	1078	1082	1081	1057	1089	1059	1067	1075	1073	1101	1089	1062	1063	1065	1060	1089	1042	1079	1078	1108	1044	1026	1068	1094	1076	1050	1044	1034	1075	1053	1099	1089	1087	1106	1069	1072	1057	1104	1077	1076	1075	1091	2885.918412
1104	1096	1076	1104	1044	1085	1061	1077	1091	1057	1020	1070	1060	1097	1081	1140	1102	1080	1076	1090	1105	1057	1121	1078	1086	1092	1065	1102	1086	1068	1090	1047	1062	1066	1107	1092	1060	1037	1058	1083	1119	1079	1075	1091	1099	1114	1104	1087	1080	1077	1066	1095	1057	1086	1079	1083	1076	1127	1056	1099	1066	1097	1065	1085	1148	1099	1076	1092	1066	1079	1086	1059	1098	1058	1104	1089	1061	1084	1061	1108	1089	1078	1087	1090	1053	1116	1099	1110	1100	1136	1081	1089	1103	1100	1066	1100	2887.287055
1092	1090	1087	1074	1092	1096	1089	1121	1076	1087	1075	1107	1088	1094	1107	1059	1071	1093	1046	1079	1073	1058	1090	1041	1086	1059	1076	1126	1092	1055	1091	1087	1116	1083	1100	1130	1074	1039	1045	1086	1070	1086	1054	1079	1091	1061	1094	1089	1129	1078	1077	1060	1092	1092	1077	1086	1053	1093	1074	1073	1103	1107	1094	1069	1078	1090	1150	1056	1102	1093	1083	1058	1094	1106	1064	1081	1063	1075	1090	1092	1086	1087	1089	1034	1106	1117	1067	1092	1066	1108	1063	1081	1098	1097	1109	1088	2888.645615
1103	1089	1135	1078	1098	1076	1108	1067	1077	1088	1078	1096	1127	1115	1108	1087	1115	1110	1094	1071	1047	1118	1122	1103	1121	1107	1119	1103	1131	1134	1120	1104	1082	1062	1081	1047	1065	1083	1074	1085	1083	1067	1092	1082	1102	1075	1048	1077	1092	1119	1088	1098	1078	1080	1084	1107	1056	1063	1051	1094	1064	1096	1105	1102	1095	1116	1089	1062	1100	1085	1084	1052	1080	1050	1089	1067	1074	1086	1093	1096	1110	1057	1089	1088	1084	1082	1121	1102	1111	1113	1076	1082	1077	1089	1067	1091	2890.0038
1088	1086	1080	1076	1078	1083	1085	1090	1087	1070	1091	1090	1084	1085	1111	1108	1085	1065	1092	1079	1077	1099	1095	1098	1081	1105	1102	1100	1098	1081	1095	1129	1097	1123	1119	1060	1065	1089	1086	1083	1100	1068	1078	1094	1083	1106	1095	1109	1093	1103	1057	1101	1082	1105	1111	1120	1068	1106	1071	1061	1094	1059	1066	1112	1093	1061	1115	1103	1099	1105	1091	1110	1107	1061	1044	1107	1098	1085	1122	1100	1092	1086	1073	1058	1110	1095	1051	1112	1099	1095	1078	1113	1102	1075	1057	1096	2891.371307
1141	1093	1084	1053	1099	1080	1128	1078	1103	1127	1100	1101	1031	1075	1086	1099	1111	1116	1034	1066	1075	1078	1079	1085	1070	1085	1121	1103	1106	1090	1101	1073	1125	1080	1076	1106	1072	1074	1102	1089	1091	1073	1118	1127	1104	1124	1056	1105	1092	1058	1085	1099	1099	1084	1067	1089	1087	1094	1076	1103	1069	1067	1042	1076	1074	1132	1103	1085	1120	1098	1090	1068	1087	1056	1056	1095	1109	1130	1090	1085	1082	1084	1080	1100	1073	1095	1080	1106	1118	1093	1110	1100	1123	1076	1099	1088	2892.728741
1081	1074	1074	1107	1104	1073	1091	1095	1111	1107	1038	1102	1094	1079	1128	1125	1094	1128	1120	1112	1073	1143	1069	1080	1082	1082	1137	1069	1072	1072	1085	1076	1125	1077	1087	1109	1089	1101	1089	1078	1086	1110	1098	1082	1101	1088	1082	1081	1110	1078	1096	1071	1098	1040	1049	1072	1044	1076	1089	1136	1095	1078	1115	1077	1085	1114	1101	1100	1075	1081	1097	1069	1060	1103	1078	1102	1110	1091	1096	1100	1075	1102	1092	1083	1075	1066	1050	1094	1072	1088	1086	1107	1105	1113	1091	1084	2894.0858
1112	1091	1091	1090	1090	1111	1095	1099	1096	1098	1128	1100	1084	1093	1091	1100	1109	1094	1072	1106	1115	1074	1157	1110	1077	1113	1117	1099	1090	1092	1130	1115	1108	1096	1127	1089	1094	1077	1083	1119	1111	1106	1052	1125	1094	1069	1088	1088	1049	1093	1131	1089	1129	1096	1109	1132	1093	1064	1081	1143	1081	1086	1093	1098	1105	1112	1126	1090	1108	1104	1103	1096	1119	1104	1094	1092	1127	1130	1102	1090	1112	1145	1088	1105	1123	1109	1094	1113	1101	1095	1130	1058	1108	1097	1120	1117	2895.442486
1160	1064	1113	1127	1103	1098	1060	1116	1117	1126	1102	1066	1121	1108	1088	1120	1110	1110	1116	1115	1126	1114	1116	1126	1104	1116	1132	1093	1145	1079	1094	1142	1105	1131	1105	1105	1160	1103	1086	1100	1106	1106	1110	1065	1126	1087	1114	1130	1129	1096	1114	1091	1122	1057	1100	1060	1106	1150	1088	1103	1135	1120	1104	1103	1129	1118	1088	1148	1117	1081	1079	1077	1099	1130	1100	1148	1134	1085	1159	1080	1105	1108	1138	1106	1096	1101	1100	1113	1083	1128	1108	1136	1097	1088	1136	1107	2896.808484
1138	1144	1128	1096	1130	1102	1110	1162	1115	1138	1134	1119	1129	1121	1118	1133	1076	1146	1121	1142	1148	1114	1161	1118	1095	1113	1165	1139	1117	1118	1155	1113	1114	1102	1113	1107	1138	1122	1087	1116	1128	1129	1132	1102	1111	1089	1091	1159	1122	1144	1087	1150	1107	1123	1140	1116	1143	1122	1113	1071	1121	1139	1096	1100	1130	1128	1124	1136	1118	1116	1112	1100	1136	1087	1134	1105	1111	1114	1124	1111	1115	1132	1147	1134	1146	1155	1120	1123	1094	1139	1121	1150	1107	1108	1141	1130	2898.164419
1165	1162	1164	1115	1163	1145	1152	1115	1131	1146	1156	1124	1163	1148	1156	1153	1124	1144	1105	1120	1144	1130	1162	1133	1129	1133	1113	1140	1117	1111	1127	1165	1175	1125	1160	1164	1136	1122	1092	1130	1115	1150	1094	1176	1154	1132	1124	1107	1140	1104	1141	1133	1187	1178	1134	1145	1159	1146	1149	1162	1134	1138	1120	1105	1136	1126	1156	1101	1160	1124	1135	1123	1178	1167	1135	1130	1127	1121	1127	1136	1146	1177	1166	1153	1153	1139	1150	1151	1116	1167	1165	1114	1180	1122	1135	1109	2899.51998
1139	1163	1205	1154	1174	1103	1184	1155	1134	1137	1162	1146	1153	1168	1159	1166	1143	1140	1146	1135	1138	1167	1110	1158	1164	1151	1180	1173	1183	1149	1211	1140	1165	1131	1142	1148	1137	1136	1141	1166	1112	1136	1157	1167	1175	1153	1154	1153	1149	1150	1126	1155	1155	1139	1155	1169	1170	1116	1134	1143	1139	1152	1141	1191	1148	1186	1145	1169	1128	1159	1161	1136	1127	1175	1172	1176	1187	1146	1140	1167	1142	1130	1154	1176	1175	1154	1126	1161	1180	1126	1169	1134	1158	1135	1142	1092	2900.86549
1180	1143	1133	1184	1111	1154	1183	1153	1200	1174	1171	1148	1144	1156	1126	1154	1151	1172	1187	1139	1186	1157	1183	1134	1195	1164	1138	1170	1206	1170	1199	1182	1145	1165	1157	1175	1116	1150	1186	1183	1181	1177	1176	1171	1163	1169	1159	1169	1166	1129	1133	1163	1135	1153	1171	1145	1182	1165	1107	1126	1179	1166	1169	1160	1159	1155	1144	1174	1182	1164	1151	1160	1104	1136	1155	1194	1199	1144	1125	1125	1163	1183	1157	1170	1153	1191	1148	1147	1170	1159	1167	1174	1113	1152	1192	1202	2902.220307
1144	1175	1209	1162	1155	1153	1211	1182	1140	1181	1165	1194	1166	1202	1154	1169	1174	1178	1172	1157	1173	1199	1164	1187	1174	1222	1142	1129	1215	1153	1162	1149	1175	1177	1135	1188	1184	1141	1158	1182	1186	1147	1160	1169	1134	1144	1120	1157	1177	1147	1164	1176	1171	1163	1162	1175	1193	1192	1151	1171	1193	1187	1139	1155	1196	1164	1196	1219	1191	1149	1146	1181	1142	1162	1133	1132	1184	1218	1173	1191	1140	1155	1159	1163	1144	1158	1152	1162	1154	1174	1208	1213	1168	1138	1176	1195	2903.574752
1178	1182	1212	1152	1201	1198	1161	1099	1158	1174	1167	1170	1143	1204	1155	1188	1172	1157	1198	1147	1140	1152	1153	1182	1117	1156	1159	1138	1175	1184	1157	1171	1193	1168	1177	1202	1159	1144	1186	1178	1167	1182	1187	1151	1221	1157	1213	1170	1228	1198	1127	1180	1149	1176	1205	1167	1174	1166	1164	1150	1155	1184	1191	1199	1200	1210	1198	1194	1185	1209	1173	1126	1158	1176	1160	1187	1187	1182	1106	3713	1189	1175	1167	1142	1168	1204	1134	1191	1213	1167	1176	1105	1145	1169	1164	1181	2904.928823
1195	1162	1208	1210	1185	1136	1195	1173	1240	1196	1193	1201	1166	1198	1182	1180	1177	1199	1153	1211	1151	1134	1209	1208	1195	1189	1184	1169	1105	1165	1164	1209	1170	1179	1192	1147	1160	1148	1166	1197	1167	1155	1173	1143	1179	1185	1181	1203	1165	1199	1269	1209	1211	1209	1163	1188	1115	1147	1223	1229	1209	1161	1164	1196	1178	1174	1160	1180	1195	1223	1187	1175	1139	1150	1171	1182	1201	1173	1192	1180	1151	1212	1208	1188	1186	1186	1182	1199	1158	1171	1161	1181	1204	1177	1190	1194	2906.272854
1183	1206	1180	1164	1162	1176	1191	1226	1169	1185	1177	1182	1218	1186	1197	1197	1149	1164	1173	1167	1171	1186	1198	1180	1175	1208	1186	1148	1174	1150	1177	1207	1190	1152	1227	1161	1163	1159	1178	1155	1204	1144	1207	1159	1156	1169	1229	1178	1213	1193	1190	1213	1160	1162	1209	1193	1180	1158	1174	1160	1170	1163	1193	1203	1184	1182	1165	1208	1171	1172	1165	1136	1216	1199	1186	1152	1205	1173	1171	1147	1178	1204	1180	1180	1169	1196	1218	1198	1192	1184	1180	1171	1196	1165	1165	1201	2907.626183
1213	1184	1193	1202	1221	1168	1207	1162	1191	1177	1176	1158	1173	1195	1211	1172	1204	1194	1204	1204	1208	1195	1176	1190	1191	1176	1188	1222	1181	1185	1158	1169	1207	1184	1151	1169	1193	1126	1179	1176	1203	1190	1193	1205	1184	1197	1141	1157	1177	1172	1195	1176	1148	1175	1176	1205	1197	1168	1206	1190	1183	1139	1195	1178	1170	1219	1185	1190	1153	1182	1137	1173	1185	1162	1182	1166	1186	1169	1169	1205	1174	1210	1146	1173	1182	1179	1143	1151	1208	1208	1201	1188	1213	1172	1176	1178	2908.979139
1191	1170	1182	1114	1171	1194	1167	1205	1173	1205	1193	1142	1205	1203	1179	1186	1179	1198	1146	1164	1168	1149	1181	1141	1179	1172	1168	1176	1184	1200	1192	1171	1208	1172	1180	1210	1163	1172	1179	1205	1218	1160	1162	1217	1185	1120	1155	1179	1221	1178	1210	1213	1164	1159	1159	1228	1177	1168	1171	1218	1211	1190	1193	1185	1171	1234	1139	1191	1168	1167	1176	1174	1206	1195	1184	1155	1157	1183	1188	1197	1159	1174	1172	1163	1190	1152	1195	1166	1216	1164	1133	1194	1174	1209	1171	1143	2910.322063
1216	1174	1185	1195	1120	1184	1193	1169	1168	1173	1168	1150	1208	1170	1200	1183	1165	1228	1189	1181	1197	1201	1158	1207	1163	1165	1181	1201	1170	1190	1162	1166	1156	1183	1162	1207	1141	1156	1172	1191	1153	1191	1196	1208	1175	1129	1160	1188	1155	1175	1184	1174	1162	1173	1193	1204	1192	1181	1184	1158	1194	1146	1168	1176	1179	1234	1164	1218	1202	1146	1163	1151	1222	1140	1194	1140	1169	1193	1168	1176	1193	1170	1168	1136	1191	1157	1205	1123	1142	1176	1182	1194	1197	1177	1164	1175	2911.674277
1182	1190	1136	1142	1175	1199	1167	1187	1168	1154	1165	1185	1223	1174	1172	1188	1150	1178	1157	1195	1127	1144	1199	1181	1188	1152	1181	1179	1146	1169	1176	1182	1138	1210	1181	1156	1149	1167	1158	1163	1180	1172	1173	1150	1172	1166	1176	1171	1175	1191	1177	1172	1148	1185	1183	1151	1154	1140	1183	1175	1171	1131	1160	1162	1180	1185	1186	1152	1167	1125	1157	1127	1180	1183	1181	1152	1190	1159	1165	1119	1163	1154	1146	1178	1194	1202	1189	1162	1183	1166	1198	1153	1137	1197	1144	1165	2913.016465
1165	1209	1182	1130	1157	1185	1116	1140	1153	1144	1148	1139	1162	1150	1128	1155	1150	1193	1176	1168	1172	1157	1154	1148	1099	1178	1120	1133	1118	1152	1205	1156	1153	1181	1187	1182	1153	1155	1197	1167	1153	1159	1174	1183	1197	1165	1151	1144	1161	1169	1131	1131	1172	1152	1171	1190	1141	1167	1156	1155	1161	1178	1183	1153	1163	1164	1197	1168	1168	1146	1176	1167	1164	1151	1188	1182	1154	1168	1155	1150	1151	1174	1148	1198	1177	1158	1147	1185	1151	1160	1186	1177	1146	1160	1181	1188	2914.358286
1181	1179	1192	1185	1158	1152	1175	1143	1157	1141	1159	1165	1151	1134	1101	1171	1154	1173	1213	1171	1135	1121	1134	1138	1158	1224	1136	1210	1150	1133	1186	1170	1182	1205	1144	1152	1201	1140	1121	1136	1158	1174	1140	1153	1141	1106	1136	1176	1182	1152	1167	1146	1129	1153	1131	1155	1134	1152	1133	1168	1140	1166	1164	1144	1132	1184	1162	1161	1200	1146	1167	1144	1161	1165	1172	1179	1149	1165	1157	1149	1170	1170	1184	1127	1198	1134	1188	1154	1137	1162	1165	1191	1188	1143	1209	1200	2915.69974
1186	1108	1140	1100	1166	1151	1179	1157	1157	1150	1123	1136	1163	1176	1138	1162	1145	1177	1165	1105	1132	1142	1148	1153	1156	1170	1155	1162	1155	1144	1174	1130	1169	1148	1140	1149	1156	1114	1168	1129	1157	1090	1187	1156	1106	1111	1112	1144	1114	1164	1162	1132	1148	1116	1107	1095	1097	1148	1143	1135	1150	1182	1118	1137	1149	1155	1202	1145	1204	1131	1135	1167	1200	1110	1160	1162	1156	1130	1140	1152	1124	1184	1171	1128	1167	1129	1141	1181	1181	1142	1147	1120	1158	1135	1163	1122	2917.050476
1161	1164	1138	1130	1173	1158	1151	1186	1130	1159	1145	1155	1151	1162	1186	1179	1148	1168	1129	1100	1150	1146	1160	1098	1165	1155	1122	1127	1166	1189	1130	1168	1131	1118	1164	1150	1120	1140	1136	1157	1122	1157	1139	1192	1123	1105	1181	1120	1165	1126	1132	1164	1148	1137	1154	1171	1123	1163	1131	1142	1131	1131	1143	1125	1116	1142	1127	1135	1126	1134	1150	1168	1139	1111	1153	1159	1113	1120	1168	1157	1128	1141	1163	1144	1157	1166	1132	1127	1113	1148	1135	1162	1150	1150	1177	1182	2918.391195
1149	1166	1169	1180	1118	1122	1185	1126	1142	1156	1123	1119	1150	1142	1128	1136	1114	1121	1181	1098	1137	1148	1126	1159	1162	1142	1150	1149	1118	1162	1150	1150	1165	1151	1183	1179	1154	1112	1113	1139	1113	1168	1121	1123	1109	1131	1141	1144	1159	1140	1155	1167	1129	1093	1158	1121	1156	1114	1097	1115	1138	1169	1124	1145	1107	1156	1124	1120	1115	1101	1145	1129	1174	1184	1139	1128	1168	1137	1191	1159	1113	1095	1153	1146	1145	1148	1144	1124	1135	1154	1166	1129	1167	1148	1125	1168	2919.731549
1137	1152	1131	1152	1105	1117	1182	1155	1105	1150	1098	1157	1126	1156	1095	1148	1161	1146	1157	1117	1149	1155	1134	1176	1124	1123	1105	1171	1106	1132	1167	1116	1183	1144	1149	1089	1136	1142	1126	1140	1152	1133	1118	1113	1126	1129	1149	1134	1136	1159	1144	1152	1127	1129	1129	1156	1140	1166	1140	1124	1130	1112	1139	1133	1137	1155	1153	1136	1117	1135	1122	1110	1145	1137	1097	1194	1111	1104	1157	1123	1117	1151	1126	1148	1120	1144	1166	1165	1158	1115	1145	1101	1122	1149	1130	1174	2921.071536
1178	1139	1169	1109	1138	1138	1158	1155	1158	1152	1158	1130	1154	1165	1144	1129	1146	1146	1124	1119	1154	1158	1164	1155	1123	1152	1120	1129	1123	1145	1189	1118	1118	1139	1138	1184	1145	1152	1157	1151	1138	1115	1131	1168	1139	1129	1143	1159	1165	1156	1132	1151	1127	1130	1189	1119	1200	1118	1147	1140	1153	1182	1115	1140	1183	1107	1164	1158	1158	1125	1146	1132	1154	1114	1161	1118	1136	1181	1156	1147	1171	1137	1196	1151	1174	1139	1163	1154	1110	1115	1144	1146	1132	1173	1154	1155	2922.411159
1167	1119	1137	1161	1167	1152	1166	1161	1151	1123	1165	1126	1173	1154	1134	1146	1169	1154	1189	1141	1145	1130	1164	1180	1170	1199	1191	1179	1136	1134	1147	1207	1152	1154	1191	1175	1161	1119	1151	1175	1139	1135	1169	1150	1132	1154	1146	1196	1158	1186	1166	1130	1166	1186	1144	1145	1143	1147	1197	1149	1164	1106	1154	1148	1139	1176	1177	1184	1179	1152	1167	1149	1121	1154	1159	1138	1180	1178	1147	1162	1190	1173	1144	1129	1177	1146	1155	1163	1166	1193	1165	1146	1154	1176	1128	1143	2923.750415
1232	1150	1211	1155	1207	1206	1173	1166	1202	1193	1168	1180	1158	1169	1158	1164	1185	1144	1155	1115	1112	1184	1137	1177	1140	1154	1167	1149	1178	1151	1170	1179	1192	1216	1185	1159	1157	1165	1133	1182	1156	1183	1169	1145	1167	1163	1160	1172	1164	1182	1190	1142	1252	1134	1137	1180	1206	1164	1168	1179	1163	1194	1146	1185	1175	1147	1168	1178	1151	1172	1206	1142	1174	1194	1196	1184	1182	1159	1176	1168	1188	1210	1205	1186	1190	1194	1173	1146	1159	1160	1156	1145	1144	1174	1139	1161	2925.079675
1201	1191	1166	1164	1201	1260	1190	1168	1198	1148	1188	1205	1178	1172	1210	1196	1174	1157	1170	1169	1221	1172	1216	1170	1153	1155	1196	1212	1177	1160	1204	1158	1199	1143	1190	1160	1163	1171	1172	1198	1184	1179	1206	1169	1176	1155	1179	1140	1218	1175	1226	1115	1177	1203	1157	1170	1158	1213	1184	1212	1187	1242	1181	1154	1181	1185	1175	1173	1152	1236	1156	1179	1186	1230	1180	1196	1188	1167	1188	1198	1153	1161	1216	1181	1167	1179	1167	1190	1190	1198	1207	1208	1195	1224	1162	1199	2926.418204
1233	1204	1251	1147	1187	1235	1200	1177	1186	1216	1216	1198	1173	1190	1224	1253	1191	1227	1189	1188	1198	1209	1191	1173	1192	1211	1155	1234	1221	1152	1207	1208	1222	1195	1192	1219	1226	1169	1184	1210	1212	1190	1201	1235	1215	1231	1199	1195	1226	1224	1203	1193	1201	1204	1192	1189	1200	1211	1183	1190	1234	1208	1171	1209	1197	1180	1185	1204	1201	1203	1215	1192	1211	1215	1164	1195	1200	1244	1214	1188	1202	1179	1184	1225	1202	1205	1199	1244	1181	1184	1241	1207	1207	1204	1185	1202	2927.756367
1262	1269	1242	1228	1178	1206	1227	1216	1181	1258	1214	1226	1242	1234	1164	1250	1224	1188	1262	1211	1213	1216	1194	1244	1211	1232	1230	1230	1217	1202	1233	1199	1247	1208	1204	1228	1205	1230	1181	1229	1225	1232	1246	1193	1170	1236	1238	1187	1230	1234	1242	1208	1249	1241	1198	1214	1187	1189	1188	1240	1236	1231	1248	1200	1227	1202	1204	1246	1186	1258	1194	1240	1222	1234	1212	1229	1234	1214	1215	1220	1257	1228	1238	1212	1246	1253	1195	1212	1220	1226	1258	1199	1249	1210	1241	1225	2929.094166
1218	1224	1275	1244	1232	1243	1216	1255	1269	1241	1226	1240	1300	1263	1259	1254	1273	1290	1200	1204	1230	1243	1229	1293	1242	1242	1214	1212	1238	1211	1220	1283	1259	1216	1229	1260	1237	1258	1222	1254	1245	1215	1239	1253	1226	1206	1176	1264	1217	1292	1248	1205	1281	1222	1230	1238	1244	1220	1230	1229	1218	1240	1223	1213	1212	1247	1279	1236	1241	1242	1224	1269	1210	1214	1212	1209	1229	1247	1238	1281	1234	1262	1214	1241	1255	1289	1259	1251	1196	1246	1275	1240	1278	1183	1231	1256	2930.421979
1281	1287	1239	1224	1287	1278	1257	1219	1274	1281	1209	1231	1286	1263	1253	1252	1264	1262	1246	1240	1241	1218	1271	1239	1262	1281	1249	1209	1255	1207	1259	1281	1222	1245	1243	1298	1271	1282	1234	1261	1282	1250	1271	1268	1291	1281	1249	1226	1295	1260	1294	1250	1253	1198	1231	1235	1271	1260	1246	1218	1277	1307	1229	1237	1252	1280	1263	1266	1250	1266	1229	1224	1266	1288	1239	1277	1285	1207	1275	1235	1264	1228	1262	1265	1258	1275	1232	1317	1248	1239	1303	1244	1238	1253	1239	1253	2931.759051
1277	1286	1269	1292	1300	1232	1264	1255	1281	1285	1245	1274	1250	1252	1309	1279	1282	1291	1227	1270	1261	1285	1257	1294	1295	1268	1320	1270	1253	1282	1260	1299	1279	1273	1225	1259	1248	1247	1254	1284	1297	1277	1289	1242	1288	1250	1315	1298	1288	1248	1310	1266	1264	1284	1303	1268	1251	1273	1276	1270	1295	1240	1274	1286	1256	1260	1254	1286	1290	1236	1292	1263	1293	1265	1248	1283	1251	1261	1254	1288	1272	1309	1278	1263	1281	1237	1270	1287	1239	1253	1265	1282	1262	1277	1304	1301	2933.086143
1250	1290	1290	1289	1279	1288	1282	1278	1297	1311	1291	1316	1266	1269	1313	1314	1310	1262	1250	1237	1277	1292	1240	1317	1311	1272	1283	1294	1275	1315	1303	1250	1287	1281	1287	1253	1273	1260	1264	1281	1232	1278	1260	1303	1320	1288	1258	1298	1265	1259	1252	1275	1233	1234	1286	1325	1296	1320	1276	1276	1274	1292	1258	1274	1295	1274	1289	1261	1311	1272	1303	1293	1303	1279	1293	1267	1288	1312	1301	1265	1284	1282	1262	1282	1265	1259	1289	1260	1246	1260	1264	1282	1290	1289	1309	1251	2934.412876
1317	1317	1314	1266	1296	1289	1262	1292	1276	1340	1272	1251	1264	1298	1293	1332	1349	1278	1292	1280	1326	1298	1298	1257	1298	1280	1289	1304	1228	1258	1306	1305	1323	1289	1285	1311	1303	1294	1267	1332	1269	1274	1260	1312	1257	1258	1304	1263	1316	1287	1241	1276	1299	1316	1269	1299	1305	1312	1284	1273	1279	1257	1296	1251	1253	1312	1268	1298	1273	1290	1262	1259	1266	1309	1286	1291	1289	1305	1279	1249	1290	1295	1285	1305	1347	1271	1303	1285	1297	1258	1270	1294	1284	1233	1282	1267	2935.74886
1278	1310	1297	1326	1310	1257	1298	1254	1256	1303	1285	1274	1281	1275	1275	1270	1286	1285	1326	1268	1282	1272	1281	1296	1282	1279	1280	1299	1302	1258	1275	1303	1321	1293	1287	1263	1309	1252	1268	1281	1273	1281	1281	1252	1294	1332	1240	1258	1273	1324	1289	1260	1308	1274	1294	1282	1284	1251	1260	1262	1301	1288	1278	1261	1284	1239	1265	1297	1305	1303	1270	1265	1303	1285	1301	1280	1264	1298	1289	1291	1315	1296	1292	1315	1287	1304	1284	1253	1330	1267	1304	1298	1280	1275	1275	1285	2937.074872
1298	1296	1282	1272	1286	1280	1291	1265	1279	1300	1285	1336	1275	1276	1278	1300	1275	1281	1305	1265	1276	1325	1286	1298	1303	1270	1306	1264	1316	1310	1279	1331	1273	1303	1306	1253	1269	1285	1282	1280	1267	1276	1275	1312	1251	1296	1290	1254	1264	1291	1326	1283	1241	1325	1250	1272	1261	1314	1285	1298	1285	1324	1228	1281	1293	1282	1283	1261	1325	1352	1234	1269	1330	1272	1275	1298	1303	1285	1223	1292	1272	1320	1269	1306	1290	1281	1298	1259	1278	1326	1255	1280	1302	1281	1267	1289	2938.400526
1305	1262	1300	1291	1279	1331	1321	1290	1315	1248	1262	1294	1278	1269	1283	1301	1285	1304	1314	1299	1265	1262	1315	1295	1320	1302	1265	1328	1264	1248	1306	1274	1297	1308	1329	1311	1254	1267	1280	1286	1301	1349	1274	1267	1288	1302	1277	1267	1304	1280	1301	1258	1268	1252	1286	1286	1294	1314	1309	1317	1347	1293	1273	1311	1305	1300	1291	1262	1306	1288	1302	1264	1289	1282	1322	1313	1304	1276	1288	1258	1304	1308	1320	1251	1317	1287	1302	1302	1288	1304	1322	1282	1290	1287	1287	1290	2939.725822
1319	1290	1306	1271	1265	1293	1284	1332	1276	1285	1319	1314	1307	1249	1299	1265	1266	1274	1308	1285	1289	1295	1281	1303	1301	1309	1297	1297	1230	1295	1236	1317	1272	1307	1306	1276	1230	1309	1259	1285	1295	1249	1245	1262	1296	1267	1280	1303	1299	1269	1323	1257	1234	1267	1316	1273	1254	1273	1308	1295	1284	1306	1302	1290	1312	1312	1278	1259	1301	1313	1299	1329	1255	1270	1284	1276	1334	1299	1297	1243	1255	1263	1298	1304	1288	1289	1315	1249	1266	1303	1279	1289	1251	1310	1265	1258	2941.050758
1271	1307	1284	1272	1288	1229	1318	1256	1236	1235	1304	1293	1260	1270	1260	1312	1270	1290	1305	1287	1267	1272	1306	1310	1303	1242	1256	1306	1310	1275	1273	1274	1291	1298	1291	1297	1309	1282	1260	1288	1289	1283	1305	1266	1286	1328	1272	1264	1300	1275	1289	1273	1246	1279	1237	1276	1275	1249	1279	1295	1251	1256	1247	1277	1254	1263	1283	1287	1309	1265	1267	1291	1264	1284	1281	1293	1309	1277	1308	1271	1307	1305	1253	1227	1284	1229	1274	1297	1301	1260	1252	1278	1293	1259	1281	1266	2942.375337
1275	1260	1292	1242	1278	1243	1266	1274	1262	1294	1265	1244	1280	1302	1235	1281	1300	1263	1251	1301	1302	1241	1274	1247	1271	1257	1284	1212	1262	1251	1279	1282	1277	1248	1257	1240	1235	1299	1261	1263	1220	1315	1282	1275	1276	1263	1287	1267	1255	1252	1294	1279	1300	1249	1271	1273	1269	1275	1187	1245	1251	1269	1294	1284	1272	1236	1263	1245	1247	1253	1255	1258	1263	1280	1279	1240	1229	1296	1296	1261	1290	1274	1211	1274	1307	1243	1257	1233	1266	1259	1255	1309	1293	1269	1268	1258	2943.699558
1262	1266	1245	1270	1240	1240	1233	1274	1254	1297	1281	1256	1280	1272	1311	1257	1268	1294	1226	1278	1228	1234	1265	1273	1240	1251	1267	1242	1243	1283	1252	1265	1276	1286	1248	1256	1248	1254	1239	1243	1266	1284	1252	1236	1225	1220	1237	1250	1244	1280	1233	1224	1224	1255	1250	1233	1205	1207	1255	1296	1267	1264	1187	1265	1299	1204	1255	1270	1278	1203	1286	1268	1271	1276	1250	1243	1207	1211	1235	1234	1263	1281	1211	1217	1260	1267	1257	1290	1217	1222	1271	1243	1227	1235	1236	1248	2945.02342
1234	1200	1239	1252	1301	1246	1196	1234	1259	1236	1247	1220	1251	1204	1257	1219	1232	1226	1236	1244	1237	1231	1272	1237	1230	1210	1257	1217	1210	1239	1219	1278	1234	1243	1204	1234	1216	1241	1202	1252	1232	1248	1235	1260	1251	1254	1259	1226	1251	1235	1216	1200	1228	1232	1206	1195	1180	1237	1250	1233	1277	1257	1210	1212	1273	1219	1213	1283	1244	1259	1235	1243	1213	1244	1223	1221	1260	1273	1218	1259	1245	1212	1205	1212	1251	1238	1177	1245	1245	1214	1276	1210	1232	1266	1202	1224	2946.346925
1244	1226	1223	1203	1213	1194	1176	1241	1206	1232	1245	1194	1212	1195	1199	1178	1212	1218	1190	1201	1208	1245	1212	1216	1250	1227	1200	1231	1207	1163	1227	1201	1240	1243	1237	1206	1192	1202	1215	1188	1272	1178	1177	1214	1191	1218	1211	1183	1218	1263	1212	1207	1197	1218	1254	1240	1186	1190	1228	1223	1197	1183	1217	1208	1226	1229	1225	1203	1170	1207	1214	1203	1196	1210	1199	1224	1209	1222	1220	1213	1228	1206	1255	1180	1187	1214	1204	1245	1197	1178	1225	1228	1157	1201	1192	1167	2947.670072
1225	1171	1190	1170	1159	1201	1167	1185	1173	1194	1191	1194	1188	1180	1187	1182	1193	1187	1253	1168	1163	1196	1187	1189	1208	1179	1227	1177	1184	1233	1225	1189	1202	1184	1172	1216	1186	1155	1157	1214	1135	1139	1166	1135	1169	1173	1186	1178	1190	1178	1208	1162	1182	1161	1179	1159	1133	1196	1196	1179	1186	1141	1185	1196	1202	1202	1224	1193	1148	1167	1156	1175	1200	1197	1165	1201	1177	1216	1162	1162	1193	1217	1182	1185	1133	1161	1174	1250	1193	1192	1175	1157	1155	1207	1173	1191	2948.992862
1205	1180	1206	1171	1176	1200	1163	1157	1159	1198	1173	1189	1144	1153	1161	1174	1188	1175	1166	1141	1180	1147	1160	1129	1208	1133	1184	1150	1177	1189	1194	1214	1176	1137	1199	1125	1159	1170	1182	1152	1172	1199	1125	1206	1215	1137	1211	1144	1188	1176	1144	1156	1152	1194	1122	1139	1191	1147	1146	1167	1147	1163	1157	1138	1145	1163	1163	1168	1168	1171	1155	1165	1174	1197	1146	1172	1135	1169	1154	1191	1202	1156	1164	1173	1140	1183	1196	1158	1176	1107	1156	1171	1171	1157	1167	1164	2950.305713
1153	1170	1156	1182	1143	1163	1181	1149	1117	1186	1174	1183	1192	1173	1129	1126	1178	1144	1137	1177	1157	1180	1143	1169	1114	1157	1158	1158	1185	1132	1176	1144	1170	1139	1190	1111	1143	1142	1133	1130	1147	1152	1133	1183	1159	1164	1161	1150	1181	1125	1130	1146	1150	1154	1142	1162	1149	1131	1149	1137	1167	1139	1135	1141	1166	1173	1153	1152	1167	1117	1172	1157	1174	1157	1148	1155	1107	1156	1129	1147	1151	1125	1148	1130	1137	1120	1159	1133	1136	1131	1128	1061	1174	1128	1138	1119	2951.62779
1140	1123	1138	1106	1128	1184	1173	1152	1110	1162	1138	1136	1119	1139	1105	1157	1156	1129	1146	1109	1121	1108	1111	1136	1130	1155	1164	1108	1119	1114	1134	1143	1139	1134	1145	1156	1131	1162	1100	1163	1098	1115	1140	1147	1122	1128	1103	1118	1123	1101	1113	1123	1127	1153	1111	1163	1105	1154	1119	1098	1137	1165	1130	1128	1136	1122	1156	1143	1121	1113	1111	1109	1144	1143	1114	1183	1144	1135	1144	1166	1122	1142	1129	1130	1126	1116	1163	1114	1101	1152	1148	1111	1105	1115	1124	1168	2952.939934
1138	1117	1119	1102	1089	1084	1086	1143	1106	1083	1147	1103	1110	1084	1118	1130	1124	1122	1114	1114	1107	1106	1114	1127	1081	1121	1112	1124	1111	1158	1138	1115	1165	1116	1134	1104	1091	1116	1113	1104	1104	1094	1107	1144	1132	1142	1126	1142	1129	1097	1088	1087	1104	1114	1139	1152	1125	1104	1117	1088	1149	1125	1115	1134	1085	1157	1091	1155	1139	1103	1115	1106	1117	1145	1161	1138	1159	1090	1132	1116	1104	1125	1128	1128	1137	1101	1124	1112	1139	1134	1101	1128	1100	1128	1124	1108	2954.261301
1110	1057	1093	1098	1094	1117	1105	1088	1095	1104	1125	1113	1100	1122	1088	1124	1104	1123	1149	1111	1133	1126	1122	1107	1111	1116	1114	1150	1091	1099	1122	1111	1100	1122	1084	1120	1065	1107	1101	1126	1102	1064	1115	1107	1068	1092	1107	1080	1145	1101	1113	1114	1120	1066	1098	1087	1110	1094	1127	1108	1097	1101	1101	1102	1113	1125	1069	1084	1130	1073	1084	1100	1100	1087	1106	1100	1121	1146	1134	1106	1119	1135	1132	1086	1132	1132	1116	1084	1119	1107	1095	1102	1091	1088	1120	1143	2955.572739
1111	1129	1134	1074	1118	1112	1093	1085	1097	1109	1124	1087	1086	1092	1089	1080	1122	1105	1070	1132	1109	1118	1098	1107	1099	1136	1121	1132	1153	1126	1109	1117	1084	1134	1083	1080	1119	1072	1079	1101	1099	1084	1109	1109	1098	1065	1093	1067	1071	1074	1089	1098	1084	1126	1095	1091	1081	1063	1106	1127	1142	1101	1104	1127	1061	1101	1111	1107	1106	1073	1071	1111	1133	1106	1091	1104	1079	1104	1083	1124	1124	1073	1097	1056	1065	1114	1116	1091	1040	1135	1124	1116	1131	1109	1118	1116	2956.893394
1104	1131	1091	1098	1075	1098	1098	1103	1090	1095	1047	1087	1057	1118	1093	1127	1068	1101	1075	1065	1060	1111	1110	1094	1077	1106	1055	1103	1045	1084	1113	1071	1070	1061	1087	1085	1082	1091	1079	1101	1108	1116	1090	1082	1123	1099	1065	1093	1063	1093	1078	1075	1068	1076	1088	1123	1114	1076	1088	1122	1073	1130	1084	1090	1096	1080	1068	1088	1113	1067	1091	1126	1050	1079	1089	1063	1078	1095	1055	1092	1089	1077	1091	1068	1113	1074	1072	1084	1091	1100	1094	1080	1156	1063	1084	1103	2958.204127
1077	1107	1052	1100	1108	1073	1101	1094	1083	1095	1097	1061	1061	1064	1075	1069	1116	1099	1061	1096	1086	1061	1098	1067	1135	1096	1087	1089	1109	1097	1073	1085	1070	1071	1077	1125	1077	1074	1035	1087	1052	1060	1043	1094	1071	1080	1044	1120	1053	1084	1082	1082	1089	1116	1068	1040	1046	1039	1072	1058	1067	1032	1075	1080	1143	1021	1088	1061	1078	1087	1050	1066	1098	1071	1096	1063	1056	1078	1086	1085	1084	1105	1094	1071	1119	1082	1099	1092	1041	1099	1087	1091	1065	1127	1100	1121	2959.514508
1079	1063	1044	1050	1073	1097	1027	1073	1032	1086	1045	1046	1047	1048	1068	1036	1032	1077	1035	1049	1130	1045	1049	1100	1031	1076	1057	1062	1083	1055	1021	1069	1054	1019	1059	1072	1075	1046	1075	1081	1031	1042	1099	1085	1081	1033	1078	1053	1071	1042	1075	1076	1114	1058	1041	1087	1072	1080	1052	1087	1069	1093	1069	1094	1058	1059	1056	1050	1071	1045	1065	1054	1068	1057	1043	1094	1103	1087	1056	1079	1094	1083	1045	1072	1068	1091	1035	1099	1049	1090	1036	1100	1094	1078	1066	1068	2960.824539
1035	1039	1068	983	1071	1060	1068	1057	1102	1058	1079	1048	1054	1059	1074	1058	1013	1062	1068	1074	1109	1058	1025	1081	1055	1035	1075	1090	1052	1044	1049	1050	1067	1078	1052	1041	1081	1064	1056	1060	1053	1070	1078	1001	1079	1045	1036	1060	1042	1041	1091	1027	1069	1079	1049	1021	1008	1024	1037	1030	1054	1067	1023	1043	1020	1071	1040	1062	1059	1045	1037	1059	1038	1054	1053	1034	1067	1063	1054	1062	1038	1065	1051	1048	1078	1076	1091	1057	1056	1090	1082	1045	1028	1023	1066	1063	2962.143777
1016	1021	1027	1039	1048	1041	1014	1046	1022	1041	1054	1060	1081	1025	1040	1066	1042	1029	1044	1027	1050	1038	1045	1052	1044	1086	1031	1044	1039	1059	1060	1047	1040	1027	1012	1046	1015	1034	1018	1052	1031	1032	1037	1058	1021	1033	1044	1027	1063	1016	1060	1053	1036	1068	1049	1046	1056	1013	1034	1033	1036	1016	1028	1037	1082	1045	1004	1018	1056	1056	1033	1022	1041	1019	1044	1017	1019	1026	1008	1035	1053	1036	1035	1012	1032	1049	1061	1051	1055	1070	1039	1056	1065	1055	1016	1050	2963.453103
1047	1034	1063	1051	1035	1034	1039	1025	1054	1069	1049	1034	1024	1012	1023	1006	1030	1000	1006	982	1042	1025	1009	1035	1037	1035	1041	1056	1067	977	1026	1039	1050	1009	1003	1025	1010	1010	1004	1008	1039	1039	1047	1012	1037	994	1041	1019	1005	1001	1045	1036	1050	1076	1023	1006	1027	984	1056	1014	1045	1055	1023	1011	1032	1048	1039	1011	1013	986	1004	1016	1060	1036	1062	1001	1060	1009	1016	1038	1028	1004	1033	1004	1049	1002	1029	1055	1002	1057	1023	1037	1066	1022	1033	1050	2964.762078
1020	1012	994	1007	1028	1017	986	1010	999	1012	1045	1033	997	1015	1018	1040	1027	1005	1010	1012	985	1025	1000	1032	1018	1028	1027	1020	997	1065	1039	1014	1028	1045	1005	1022	1032	1015	1012	1038	1030	1022	1003	1039	977	999	1028	993	1026	1031	1036	993	996	987	1000	1025	1020	988	1030	1013	1008	1022	1020	1019	989	987	1023	954	1035	1029	978	984	994	1050	1024	1012	982	1017	991	991	962	1020	1013	988	1012	998	1008	1027	957	1013	1013	1026	1048	1010	998	1033	2966.070703
1030	1012	998	994	1009	1027	1005	988	1014	1023	1015	1018	1022	1007	1024	1022	1027	1014	1027	994	1002	1008	1005	1021	984	995	1019	1008	1006	1017	1027	989	1017	1018	1026	1014	969	1019	1016	1013	989	1016	1003	1036	1020	981	981	989	1011	1022	999	1007	977	993	999	980	1042	1024	1020	1037	1000	1013	1015	1025	1040	1022	1032	1008	1023	1013	1006	963	1021	1004	1023	1045	1026	1000	945	1027	1011	980	1015	1001	1041	1007	1029	1003	1038	1062	980	1018	1001	1017	1051	1007	2967.36943
985	1018	1008	1010	1005	1005	972	991	998	1001	977	999	997	1017	971	983	1005	968	1019	1014	992	961	984	994	993	1024	984	1035	1017	1005	1011	987	997	998	978	998	1013	1005	951	965	999	1002	978	992	967	1034	977	978	1001	992	999	973	1021	984	982	969	986	997	1011	999	999	996	965	946	996	984	968	1000	971	979	1015	974	966	996	1012	1000	977	989	986	992	984	1012	998	989	1011	983	1011	1017	996	1023	1013	989	980	993	997	1011	2968.677357
973	1009	997	981	1006	927	1027	988	1002	963	995	1004	967	977	1007	989	963	991	1011	964	963	949	995	958	976	979	995	1015	992	967	989	964	1027	971	972	973	995	955	989	971	958	992	1007	993	965	1006	999	980	993	965	1016	969	964	1016	944	1018	972	977	996	968	983	984	995	1029	997	996	975	989	990	962	977	975	995	960	1008	962	997	963	1002	963	955	984	986	1000	973	1011	1020	967	983	1006	980	989	993	965	1003	1004	2969.984934
1050	957	967	957	972	989	973	976	974	993	981	1000	979	979	994	967	976	995	943	983	982	982	1016	987	957	994	1008	959	978	970	956	951	969	958	959	968	959	979	957	942	975	1006	998	997	983	976	965	980	979	988	989	985	980	997	996	930	995	962	1003	984	984	975	989	976	980	977	985	960	978	967	958	923	955	951	970	978	997	992	974	949	959	996	966	956	990	1007	985	993	986	970	981	968	965	975	921	1009	2971.29216
990	942	936	962	958	999	957	987	988	937	957	948	965	960	982	908	991	981	977	972	943	1010	936	955	953	961	968	994	973	955	933	954	991	989	977	916	961	932	949	973	943	979	920	974	969	978	950	1009	953	974	962	971	927	975	967	955	999	941	965	996	950	970	966	989	968	975	961	972	948	964	951	928	980	953	973	972	965	963	952	977	925	949	976	927	979	1002	990	975	951	948	960	980	948	947	957	962	2972.5895
937	1002	994	926	942	933	943	961	951	980	994	956	946	981	955	979	930	970	978	959	934	960	960	944	917	944	930	952	940	983	994	948	935	934	998	992	930	952	924	985	926	946	964	949	934	974	935	964	954	936	942	1031	936	952	964	976	961	979	977	976	942	964	938	992	973	957	957	963	964	912	922	921	931	961	953	964	943	938	936	908	933	948	944	958	962	966	944	995	952	933	926	940	946	983	938	938	2973.89603
948	931	1002	971	982	920	953	924	930	909	964	943	941	1001	911	980	923	954	944	910	970	938	951	967	991	936	952	934	937	950	920	940	948	955	950	943	963	966	924	947	946	980	951	949	968	936	928	916	916	950	954	939	929	920	912	946	943	937	955	924	927	954	925	925	936	937	950	972	936	956	960	931	924	974	973	955	944	966	949	919	949	933	944	960	926	937	963	923	946	920	944	904	947	949	940	960	2975.192677
945	981	926	909	930	921	889	950	930	932	940	910	922	936	903	944	942	974	918	944	940	919	937	981	922	944	943	942	923	921	929	957	964	917	969	927	962	934	895	936	942	941	926	933	974	931	951	950	987	941	948	921	946	909	929	948	937	961	943	954	943	925	958	940	931	939	971	924	952	919	929	935	947	946	907	939	909	910	930	902	920	911	942	936	931	930	941	960	941	937	949	943	923	957	951	924	2976.498511
908	930	896	923	901	946	917	920	939	925	916	922	943	975	944	899	901	940	927	903	934	928	919	892	951	942	905	932	915	939	937	910	944	919	950	914	917	905	927	931	928	928	919	947	945	892	882	941	937	922	933	906	901	941	935	926	934	912	940	945	945	891	909	920	955	961	952	953	943	938	912	924	912	940	960	901	936	943	944	928	933	916	904	913	938	934	922	936	904	946	905	932	894	907	915	926	2977.794467
967	923	910	918	910	940	932	947	892	947	905	934	903	951	894	904	916	885	915	947	903	921	886	954	954	912	952	911	896	926	934	920	900	915	907	940	908	930	897	933	925	907	930	885	950	920	920	917	904	900	903	927	931	895	948	925	906	897	924	906	951	898	932	948	873	928	907	925	926	918	882	910	909	910	912	920	912	905	921	913	927	920	895	952	886	930	935	902	911	935	920	907	889	910	913	905	2979.09008
894	910	918	920	941	927	924	925	948	936	935	908	942	901	898	904	918	911	917	950	905	912	924	879	945	939	927	920	904	917	905	930	918	893	901	916	901	898	902	921	912	934	939	912	927	900	899	926	917	922	913	909	885	920	920	933	905	911	905	882	904	892	924	904	902	885	919	920	922	917	897	905	920	915	884	927	940	908	909	909	914	936	921	911	929	904	904	927	918	932	887	933	939	912	924	911	2980.394871
930	929	905	944	930	926	932	913	921	935	933	900	913	907	914	932	918	956	930	906	929	873	888	915	909	903	881	935	885	930	899	924	918	916	918	912	894	869	928	929	912	935	887	916	939	892	918	932	941	906	940	931	938	898	880	939	884	894	935	926	905	913	920	919	922	941	907	939	916	903	929	911	922	941	920	908	899	908	897	924	880	897	886	891	915	910	895	935	898	943	906	910	911	930	916	907	2981.689794
906	919	916	876	886	913	900	933	891	921	901	932	925	922	912	887	948	935	916	885	922	905	922	910	906	874	896	906	910	905	907	898	912	874	899	906	915	916	939	915	907	900	905	892	897	901	886	907	899	919	896	909	890	916	885	886	930	906	912	924	901	916	918	867	902	922	922	915	905	922	894	927	938	938	941	901	903	910	914	887	898	903	917	911	936	953	900	917	911	927	891	895	917	911	923	924	2982.984372
897	911	903	928	927	897	910	889	917	923	903	906	863	923	871	927	910	900	916	905	910	918	895	885	891	922	923	880	901	868	898	875	896	915	917	914	900	920	895	900	906	898	915	903	924	898	887	890	903	911	892	880	888	899	892	912	908	887	886	930	899	929	886	924	916	918	910	908	912	896	913	900	921	901	919	908	910	926	900	930	885	937	887	933	958	914	897	923	922	933	907	884	928	897	922	877	2984.278608
872	891	911	921	904	903	915	878	909	913	916	893	924	912	919	874	917	926	910	912	912	913	918	909	916	900	908	889	913	902	909	925	917	903	880	915	877	900	894	917	911	872	898	933	958	906	898	886	901	895	939	913	909	912	923	877	938	921	926	913	919	906	900	916	899	927	912	904	904	893	893	907	925	895	890	886	918	892	884	916	877	894	905	912	910	917	936	913	918	909	931	938	888	908	919	899	2985.572499
912	919	937	916	908	893	916	923	921	887	900	929	938	926	885	935	927	938	890	930	920	926	953	905	917	915	889	916	914	888	895	913	900	900	916	904	903	915	871	915	930	879	892	897	909	919	907	887	907	924	899	881	914	900	919	919	866	934	915	917	916	926	880	934	895	924	918	911	886	896	914	883	915	893	871	905	933	899	922	892	893	937	869	918	907	936	885	905	906	916	927	890	914	911	898	910	2986.866048
938	877	892	949	889	901	909	890	906	931	894	923	896	917	893	905	937	891	880	905	912	883	882	897	887	909	887	892	905	913	907	927	912	935	893	930	892	918	881	889	903	855	911	904	914	909	872	882	882	883	904	894	921	897	899	916	927	894	894	911	907	894	912	924	905	894	896	919	886	912	935	921	910	889	900	890	880	912	942	911	883	896	915	904	899	944	913	890	899	921	889	895	893	913	893	884	2988.159254
882	879	897	895	874	914	912	870	922	898	907	900	914	874	898	858	906	926	925	891	894	871	902	902	898	920	900	902	903	928	895	905	894	856	911	890	895	891	879	886	879	896	883	896	890	894	869	899	919	906	882	887	906	902	894	862	889	856	882	917	918	897	917	895	891	884	899	894	875	858	896	879	903	893	930	890	906	873	907	883	890	878	901	860	902	896	880	893	880	906	920	893	912	890	883	885	2989.452116
888	890	866	881	899	914	869	879	880	898	904	881	896	951	922	889	889	861	875	890	900	882	916	875	850	918	904	898	890	876	879	902	887	907	893	892	870	909	874	873	894	876	881	894	884	861	883	898	874	861	901	874	919	894	902	868	892	862	859	876	879	910	908	915	911	883	897	899	898	864	877	891	880	916	891	916	858	868	891	888	874	906	861	893	896	908	882	897	870	879	886	902	869	903	913	891	2990.744636
854	909	876	904	873	885	869	872	880	846	860	869	867	853	903	920	890	894	874	886	893	878	881	898	889	892	864	890	894	888	881	857	882	862	881	897	876	862	861	880	890	884	897	881	856	878	874	887	875	868	879	842	875	857	868	890	887	871	885	871	873	888	873	869	870	880	867	889	885	871	883	854	903	901	888	876	874	890	884	903	898	889	895	884	864	849	880	866	857	877	877	889	873	872	890	851	2992.027313
864	862	868	864	849	855	875	875	867	877	869	870	852	872	893	863	860	879	869	867	861	844	884	881	873	872	858	866	853	864	841	880	898	887	856	882	844	828	844	872	868	876	892	865	880	839	861	861	884	856	892	840	894	884	858	896	858	854	877	873	893	842	830	873	864	857	869	874	870	872	864	863	839	874	849	870	884	866	858	876	853	904	849	889	864	897	860	861	847	880	858	833	861	884	855	876	2993.319151
887	854	856	867	860	851	850	856	894	876	882	860	877	862	828	857	831	857	816	833	855	866	858	859	864	838	829	849	837	852	866	870	863	843	867	873	855	859	838	871	829	850	854	898	867	833	836	866	843	870	863	880	872	861	854	859	837	873	834	891	852	869	829	848	832	838	870	854	861	860	872	857	888	872	861	852	866	873	852	849	870	883	840	849	877	875	868	883	851	837	839	859	869	830	847	878	2994.60115
875	888	857	832	846	840	865	836	850	843	857	850	835	847	862	865	865	840	852	825	852	863	837	837	848	834	838	863	836	876	839	864	845	863	849	871	844	842	867	842	864	845	838	833	873	816	856	847	850	834	861	853	858	838	850	841	856	838	826	819	864	834	870	867	832	863	841	865	855	885	852	833	821	862	835	813	846	828	833	849	822	839	873	841	834	864	852	830	844	841	868	880	823	836	851	858	2995.892306
849	832	844	838	826	833	817	798	796	835	837	836	838	851	854	849	802	832	824	812	843	857	830	825	838	811	824	841	850	836	834	828	842	835	825	837	831	802	814	805	817	847	811	835	833	838	807	822	837	850	822	855	821	852	828	849	808	799	834	843	839	849	845	826	829	827	837	860	834	825	831	834	822	847	838	821	838	839	838	816	812	811	827	815	816	819	836	846	825	799	832	799	807	854	829	830	2997.173628
815	807	846	834	819	833	814	829	834	810	818	833	827	836	812	822	851	828	826	806	813	835	813	810	817	827	810	832	813	800	811	822	832	820	839	811	819	813	799	828	814	818	823	815	842	798	831	832	848	849	806	819	817	823	826	819	829	802	799	811	796	830	824	836	832	829	794	806	825	810	830	817	804	819	814	832	837	830	816	812	832	817	810	820	818	816	837	821	820	851	802	824	851	798	802	799	2998.464102
796	817	816	823	810	795	810	794	826	830	803	821	833	805	835	846	838	808	820	813	810	795	792	819	844	817	830	788	819	826	832	830	801	806	819	816	817	802	803	811	793	803	841	825	852	828	807	818	829	839	821	805	786	812	813	841	777	816	784	808	825	797	801	814	834	826	815	781	821	806	813	793	806	824	809	785	805	809	823	830	794	808	804	788	819	816	821	834	808	789	794	818	809	822	795	807	2999.744749
816	803	835	789	806	765	819	781	804	773	809	795	798	808	801	807	800	781	806	803	787	835	796	819	770	788	797	803	796	806	806	812	805	806	774	787	811	782	805	814	832	808	795	830	789	824	785	791	815	807	806	781	786	784	805	798	788	806	800	797	804	823	806	818	807	825	798	797	844	778	828	795	804	808	817	797	806	793	792	782	799	809	826	821	801	807	803	819	806	803	816	783	797	792	802	811	3001.025058
807	797	808	783	761	786	782	789	798	773	788	802	787	802	815	768	791	823	800	791	800	793	779	770	800	812	784	794	806	806	765	802	795	794	787	783	784	817	759	796	828	788	764	768	783	787	792	779	776	786	771	784	797	786	803	746	779	813	802	816	786	796	786	775	772	801	779	808	817	780	812	801	812	788	770	767	797	779	806	784	809	808	801	807	815	806	781	799	802	820	787	781	783	767	798	794	3002.314512
802	797	794	783	786	781	791	784	767	776	758	788	800	776	759	821	794	771	760	757	783	774	777	773	784	774	764	801	831	753	768	766	786	765	751	760	777	752	790	777	766	791	780	782	791	754	781	761	798	759	785	755	798	798	771	774	804	778	765	783	761	776	776	788	763	733	774	774	767	792	765	762	762	758	807	759	789	749	762	788	766	774	757	777	765	773	776	790	764	791	808	777	774	780	768	774	3003.594146
760	764	765	787	771	785	775	774	759	784	754	764	772	780	794	766	772	792	763	791	770	781	766	784	785	757	757	768	775	785	778	778	802	775	765	749	748	785	769	786	764	752	765	784	741	746	757	787	760	754	774	771	771	757	790	765	757	778	762	753	776	769	735	763	769	735	775	765	779	774	769	751	760	776	758	754	766	771	774	773	773	776	751	790	792	741	775	751	743	779	778	783	766	770	757	793	3004.873444
780	786	752	758	789	741	772	774	751	766	778	756	752	757	753	773	755	759	751	758	751	741	760	767	786	769	763	751	754	750	764	746	737	759	780	773	760	731	770	740	771	763	784	768	784	738	748	757	753	779	762	763	743	775	770	772	759	754	755	744	731	763	774	754	776	758	758	744	784	760	740	772	748	781	760	772	756	747	749	757	756	755	713	747	771	772	770	747	756	748	777	748	755	756	767	745	3006.152406
766	757	759	751	717	762	767	757	746	779	771	752	751	770	746	764	751	743	744	763	763	750	720	749	754	751	751	756	754	759	766	752	771	754	774	759	760	729	740	767	761	749	777	738	776	760	762	742	767	776	739	730	748	722	738	754	747	755	764	767	762	750	735	758	772	760	768	765	731	753	725	726	759	744	751	769	757	740	748	737	741	755	747	753	774	744	743	743	781	749	751	760	779	749	740	778	3007.431032
748	748	716	765	737	772	747	737	747	747	735	769	726	760	745	757	742	745	758	752	753	742	760	748	753	762	744	746	739	746	744	759	733	755	764	754	757	715	760	742	755	776	753	732	728	778	753	726	758	775	766	734	766	773	714	743	752	739	760	759	727	744	716	765	741	773	735	723	772	754	765	752	782	757	758	773	772	735	730	732	727	766	736	754	756	769	734	713	738	739	769	738	740	764	755	775	3008.709322
752	790	763	736	723	738	740	750	758	765	774	769	712	739	764	721	748	735	743	736	727	763	762	756	758	731	718	749	749	740	750	720	762	730	772	760	736	782	727	727	759	736	732	734	726	757	762	767	745	745	745	720	755	767	745	729	739	728	764	744	734	746	738	725	756	733	730	751	752	724	725	710	741	745	748	737	754	749	728	718	748	733	733	740	746	754	760	743	725	739	758	738	709	733	736	769	3009.987276
721	751	749	766	751	763	745	738	735	738	728	745	767	739	721	769	719	727	738	720	764	750	757	753	735	737	729	744	747	740	746	723	741	750	744	726	725	739	725	749	735	747	759	750	742	747	741	759	741	760	746	749	726	703	745	732	756	741	736	722	730	752	738	755	739	730	764	734	747	738	733	772	745	739	715	751	746	737	745	725	735	742	745	730	748	713	724	728	751	744	714	747	757	752	754	746	3011.255432
773	727	723	740	742	744	751	720	717	735	749	737	764	743	745	770	753	768	754	738	762	735	749	743	737	751	730	745	720	754	741	750	737	749	760	752	732	744	724	734	742	758	726	718	746	725	756	742	754	771	742	764	741	720	731	745	736	722	754	750	719	753	727	722	752	744	718	732	741	728	725	746	746	734	734	733	743	727	711	753	727	755	727	731	752	718	760	723	759	729	748	747	733	733	735	723	3012.532717
752	736	733	740	760	729	752	744	728	731	744	743	732	747	747	773	753	739	701	753	743	745	761	740	738	740	744	730	749	778	739	756	736	737	736	755	731	734	731	742	743	752	702	733	740	719	740	758	740	733	737	740	741	729	749	731	720	736	735	760	730	738	749	727	720	742	732	749	728	707	717	730	715	739	734	772	724	737	731	753	744	748	740	719	749	724	763	737	730	763	714	738	751	747	757	726	3013.809668
721	720	744	714	734	729	732	775	759	750	782	724	725	767	751	726	719	728	714	739	766	755	730	718	750	747	730	740	726	765	708	755	735	741	738	728	717	709	726	742	720	744	762	722	713	722	734	735	738	745	731	725	735	712	718	733	730	738	759	760	723	734	728	734	725	760	710	730	740	727	735	727	735	749	729	693	743	757	727	741	721	752	720	731	725	724	717	741	736	732	739	747	754	729	737	732	3015.076827
741	734	753	742	727	758	763	750	742	770	747	753	745	731	754	747	764	761	723	747	725	728	736	764	746	757	728	765	752	752	760	753	733	747	747	744	751	748	738	736	719	746	715	748	732	721	729	729	718	731	715	731	728	727	719	737	721	777	718	743	728	730	742	735	745	744	744	722	738	729	755	751	722	725	732	738	738	712	723	753	727	743	724	719	750	746	742	731	764	717	717	725	740	731	748	765	3016.353109
726	715	719	743	738	735	755	740	731	746	752	744	746	745	744	720	738	757	735	728	736	745	743	749	717	734	751	710	759	742	735	735	771	747	764	732	724	730	726	727	747	710	732	734	735	738	726	704	718	729	733	712	738	769	727	765	720	768	743	729	742	737	748	737	747	738	721	770	749	712	728	749	734	737	721	715	752	727	740	741	731	746	726	719	742	748	716	749	738	757	750	747	724	739	721	732	3017.619606
760	769	765	747	752	719	720	750	709	766	763	752	745	748	731	730	755	746	745	752	737	731	729	766	723	750	752	757	726	754	726	714	736	736	746	717	732	728	730	742	746	740	728	718	747	730	725	735	755	722	779	722	726	753	738	754	743	732	729	718	729	739	695	774	743	742	734	733	723	761	734	728	722	754	739	732	705	744	732	720	722	740	739	703	772	768	758	725	732	746	731	764	717	738	742	715	3018.895221
748	747	719	767	736	731	725	748	749	727	726	733	731	749	727	738	734	755	733	738	750	727	732	748	768	738	700	736	736	755	740	726	749	728	735	721	733	728	719	753	747	753	732	744	728	744	759	741	757	726	750	746	725	743	714	736	730	730	730	747	764	728	742	748	765	751	737	745	732	739	729	743	734	759	731	730	733	730	753	743	728	738	719	740	732	741	744	728	748	724	751	758	755	738	727	751	3020.161056
724	727	756	757	736	721	739	740	738	724	742	750	719	762	737	722	730	731	726	736	760	739	732	744	716	751	750	741	731	732	766	728	773	760	736	748	727	720	732	739	735	749	715	732	717	746	718	760	738	729	745	726	731	724	727	730	728	728	744	724	738	719	721	717	725	723	738	755	781	751	750	729	753	732	728	733	743	722	740	746	750	751	740	749	733	734	727	705	739	740	738	741	743	722	750	742	3021.426561
747	742	742	743	740	751	701	752	748	726	742	729	731	749	741	739	728	726	742	731	753	745	740	747	740	735	716	733	745	752	754	734	731	740	738	711	707	718	733	722	745	735	722	727	754	734	737	757	736	738	736	734	724	721	721	719	735	736	721	715	731	725	757	734	732	719	732	737	713	731	696	736	755	720	734	736	737	745	724	731	732	720	748	717	720	755	736	731	728	744	734	735	725	729	737	725	3022.701177
737	714	736	725	743	725	740	734	710	753	755	731	749	739	742	737	717	739	742	766	728	747	747	747	727	757	753	731	734	712	728	749	744	716	714	731	716	746	712	725	728	742	770	725	746	729	743	723	738	733	722	719	714	725	730	715	749	720	742	725	741	735	732	746	738	736	743	731	748	754	738	725	711	743	769	735	726	709	725	720	735	725	744	727	724	718	711	723	711	744	727	732	713	720	747	730	3023.966021
710	721	723	695	734	728	735	714	735	747	711	731	725	738	734	695	729	724	734	748	755	758	696	731	718	729	729	727	740	742	752	721	738	746	730	742	728	711	705	732	729	742	755	728	751	718	718	735	713	733	709	740	717	751	720	700	744	711	748	710	710	736	741	721	725	722	718	738	716	722	717	721	725	747	723	763	723	744	737	729	713	760	726	748	719	722	738	760	705	738	745	752	714	761	751	749	3025.230536
776	737	725	733	718	749	712	752	726	733	744	711	734	737	729	744	734	751	728	740	701	727	714	746	740	730	735	716	736	715	751	742	715	735	743	733	727	745	723	722	707	741	715	752	714	732	720	729	739	721	717	756	738	709	722	731	708	731	741	706	702	725	723	741	732	736	709	781	717	711	704	713	731	713	714	692	750	717	736	745	716	732	720	760	735	722	751	733	726	738	723	726	725	736	745	751	3026.494721
739	709	734	743	712	721	755	711	749	720	734	720	723	720	736	742	712	720	760	722	752	735	755	739	722	733	719	759	722	709	737	739	735	741	729	742	717	712	712	729	732	726	693	713	723	709	729	716	724	728	746	732	723	760	737	695	740	737	726	737	740	759	735	730	734	722	758	746	729	727	734	723	716	738	699	733	729	721	719	710	722	719	742	722	735	727	723	736	729	700	729	712	719	710	735	721	3027.758577
744	734	737	719	692	731	723	696	711	736	739	728	712	741	724	736	697	725	727	735	721	719	734	709	730	721	718	756	740	702	721	711	734	734	716	717	701	713	713	715	725	702	722	728	737	733	739	705	714	737	738	718	716	726	715	712	723	734	728	721	728	725	730	700	735	745	747	719	717	722	741	733	719	709	722	703	722	738	739	710	733	729	728	721	733	739	741	720	742	720	727	703	715	716	744	744	3029.022105
729	736	722	733	711	743	744	740	739	728	711	737	718	704	712	758	716	727	715	726	745	747	720	709	714	741	731	731	738	723	707	736	730	722	721	720	712	703	690	700	717	715	738	729	731	720	718	732	705	715	739	733	726	740	731	733	721	735	749	713	701	706	723	716	737	712	736	709	709	718	721	722	713	707	736	728	748	714	721	740	722	711	711	710	709	735	727	724	732	717	752	752	729	742	719	732	3030.285303
718	719	713	715	743	705	736	713	699	753	729	736	749	728	713	747	718	736	722	732	730	729	741	733	748	746	738	703	725	740	731	711	744	733	715	727	729	730	716	729	726	725	735	735	712	734	692	696	712	704	718	727	702	735	753	717	723	699	705	741	735	717	720	724	715	732	723	739	720	728	725	740	702	690	727	720	703	713	740	729	722	749	722	738	729	712	729	735	707	717	703	730	730	753	731	744	3031.548173
710	725	710	721	733	719	719	715	737	697	708	706	710	711	718	742	724	716	728	706	717	740	707	738	731	721	721	725	721	734	713	743	723	733	727	732	706	714	717	716	748	724	735	719	749	714	727	730	720	726	722	726	715	728	731	737	718	715	708	716	710	722	732	718	719	746	702	733	731	736	715	707	714	743	757	695	719	742	690	741	747	701	722	704	717	724	719	715	724	734	735	728	702	722	711	705	3032.801294
737	741	722	753	716	728	726	729	718	710	717	716	695	705	721	730	750	733	705	716	720	706	703	715	718	712	738	716	708	737	734	706	727	730	720	722	712	701	713	720	727	719	743	726	701	706	745	724	726	716	709	713	704	704	731	721	728	726	741	741	732	724	690	721	703	715	718	721	698	713	707	718	706	731	747	721	753	725	743	699	734	714	717	713	694	709	711	735	710	719	709	712	720	734	720	700	3034.06351
717	710	733	723	725	751	721	704	720	716	723	733	720	752	716	704	722	731	737	731	712	729	707	716	731	760	720	730	721	708	728	723	716	716	727	738	718	703	729	713	719	723	715	706	746	723	727	742	714	717	711	697	701	715	714	718	734	744	736	734	715	721	720	701	721	716	710	713	732	722	739	734	728	739	708	718	713	694	701	712	728	713	711	717	733	740	694	710	724	737	719	733	725	708	719	710	3035.325397
724	715	680	718	719	716	713	730	713	742	714	731	731	732	716	711	725	722	743	697	725	738	741	711	708	728	718	736	710	719	719	725	706	718	720	724	722	710	721	722	709	736	729	729	732	750	727	738	723	736	701	728	719	708	698	717	712	720	706	712	710	717	736	703	726	724	718	710	729	713	708	704	708	723	720	706	722	720	721	710	722	737	722	722	725	716	701	716	719	716	722	706	734	707	719	714	3036.577543
700	729	715	735	732	726	725	739	735	714	729	726	715	712	731	732	732	704	705	706	698	727	726	721	724	721	740	705	717	723	733	719	709	713	718	685	710	714	700	707	712	737	713	731	710	739	704	709	739	713	729	714	725	712	721	702	712	705	688	708	720	735	744	716	748	703	712	712	718	712	707	686	728	693	708	736	695	711	715	725	710	727	751	725	723	705	719	726	735	715	728	727	709	703	722	730	3037.838777
740	677	720	756	706	722	736	724	732	728	713	731	731	718	698	745	722	755	692	739	713	735	730	728	733	719	704	716	709	717	726	695	740	735	722	718	693	723	715	726	704	731	712	714	723	714	709	728	709	721	726	696	687	719	685	698	731	695	704	715	718	696	730	728	717	735	699	740	713	742	708	734	687	730	721	729	723	737	712	708	726	723	721	705	726	720	724	719	717	718	737	702	726	727	731	724	3039.090274
701	729	719	729	717	695	739	736	724	732	730	726	717	724	725	725	723	702	731	744	727	721	709	744	715	696	705	731	722	737	713	723	712	740	708	723	718	696	712	706	710	720	743	719	736	713	721	718	714	709	741	717	717	716	720	726	689	696	714	723	703	719	692	698	725	715	724	716	703	711	721	700	685	695	734	733	708	706	699	717	733	719	721	721	729	692	710	733	715	745	701	702	726	725	726	727	3040.341449
722	745	724	737	708	704	705	752	746	703	728	711	734	715	693	715	717	705	731	742	716	698	727	733	750	722	712	741	706	733	729	715	753	726	744	717	711	720	706	700	699	703	705	725	718	733	706	710	721	731	699	714	728	734	703	714	711	721	714	714	726	718	733	742	706	716	693	736	707	714	720	712	707	705	713	732	710	708	716	720	726	742	736	708	741	724	726	729	714	717	683	724	715	724	699	713	3041.601704
719	721	759	723	735	714	704	724	707	723	717	743	735	735	727	722	716	744	730	719	728	716	742	714	711	724	718	737	721	701	709	721	736	728	720	720	715	719	731	732	735	727	725	729	732	700	728	713	711	732	728	742	706	721	722	702	722	717	728	734	724	724	705	710	700	704	724	687	717	720	724	716	713	750	705	722	729	722	760	715	739	702	713	732	722	737	722	735	718	714	725	718	726	711	723	716	3042.852231
735	753	751	738	736	733	728	722	731	739	722	715	754	734	741	716	736	710	722	746	734	736	746	728	742	754	740	722	709	736	730	717	754	725	745	715	740	726	692	707	717	727	744	737	733	730	712	720	736	720	731	718	724	730	764	718	719	737	730	722	744	735	725	734	715	714	718	741	723	732	729	721	713	732	716	722	739	720	754	743	726	711	728	735	708	741	729	744	704	723	724	739	699	726	725	751	3044.102435
736	755	708	720	703	722	729	730	748	760	740	716	729	718	693	709	727	725	738	727	737	732	757	736	732	741	737	785	739	734	763	723	739	728	748	728	718	680	732	750	730	726	732	734	707	740	715	745	721	716	760	726	731	745	754	722	724	735	735	734	726	715	725	712	737	747	733	751	748	728	740	722	744	750	748	731	738	742	719	740	730	721	722	744	740	715	727	731	723	759	735	726	733	733	717	729	3045.352317
759	756	749	726	733	742	738	729	743	744	755	734	768	725	747	764	774	741	729	731	741	715	720	739	729	735	741	712	732	756	770	759	724	729	739	730	737	721	725	762	745	740	754	726	752	724	728	725	750	730	752	722	740	720	752	746	740	708	729	764	712	743	739	755	754	744	743	735	714	738	727	740	725	747	740	729	731	752	718	725	751	729	728	760	721	732	743	745	723	740	715	757	760	726	757	746	3046.601877
743	725	748	760	719	744	757	754	749	749	752	731	759	757	748	730	766	722	740	743	755	736	751	743	745	750	733	751	732	753	739	750	748	733	737	724	718	749	728	754	747	747	749	754	714	722	770	748	744	734	746	755	734	728	729	743	737	752	754	728	731	751	725	740	773	727	754	739	744	744	719	752	719	741	730	737	737	732	741	736	752	722	722	739	745	759	748	738	733	733	768	747	758	724	740	750	3047.851114
747	769	743	740	762	749	748	740	735	764	739	762	753	771	750	754	752	766	756	726	743	770	776	759	765	718	743	750	768	783	760	764	760	767	746	758	717	730	728	760	770	758	759	750	767	739	729	736	752	740	781	748	755	765	751	754	738	751	731	741	738	736	765	736	787	749	750	755	764	760	724	735	743	740	748	762	734	765	756	772	751	743	769	742	757	738	742	731	766	756	766	765	742	754	750	742	3049.10003
737	744	760	774	756	775	755	756	755	756	723	738	744	763	728	775	734	740	756	741	732	770	765	729	766	757	756	760	758	741	744	762	733	749	766	756	759	737	746	765	747	756	734	745	719	741	762	745	736	765	779	755	769	764	747	765	749	751	760	754	745	740	752	755	766	744	759	732	755	758	719	757	733	737	739	757	737	763	724	751	768	749	730	742	763	758	775	748	749	760	752	784	764	778	758	750	3050.348624
795	739	756	760	759	765	782	748	731	762	754	759	756	762	761	770	774	741	761	760	759	754	760	763	734	780	760	788	751	765	758	743	753	798	752	765	725	746	764	749	747	762	761	759	735	764	750	783	732	767	757	796	754	730	751	752	756	765	762	770	762	766	758	736	755	743	720	760	746	747	770	769	758	751	759	747	757	726	760	733	749	747	758	731	762	776	781	767	768	753	789	749	749	756	760	743	3051.596896
767	753	811	791	750	781	761	773	751	767	782	787	754	745	740	739	762	743	717	769	747	766	761	760	750	740	779	754	778	749	762	757	755	755	733	753	733	747	752	722	742	753	755	753	739	751	763	757	749	757	762	742	746	758	738	759	759	739	755	757	723	777	769	742	755	781	759	736	733	767	727	742	740	748	730	755	760	765	778	758	729	757	745	723	762	746	772	733	771	746	734	739	759	716	704	758	3052.844846
764	780	750	739	757	780	762	750	766	745	745	767	751	794	734	774	754	742	750	757	788	759	764	742	749	773	748	724	770	757	751	749	790	755	779	723	751	747	759	739	733	736	757	756	744	727	766	743	746	757	773	730	762	791	750	779	757	752	755	746	749	758	756	771	736	753	748	729	762	727	742	752	749	736	734	749	754	729	752	732	759	749	736	747	751	758	733	743	779	740	742	750	735	758	791	748	3054.083095
756	753	748	728	780	746	747	763	754	764	757	760	753	743	738	759	743	743	751	750	772	739	766	750	742	751	745	772	751	739	741	776	773	734	731	767	733	734	763	767	780	759	753	785	768	743	744	737	745	759	746	737	759	731	741	750	744	748	748	737	736	757	769	743	772	755	743	758	752	739	752	746	734	745	729	760	753	760	727	750	746	743	735	746	767	746	743	736	733	736	750	744	751	752	749	758	3055.330405
741	753	748	764	759	769	760	732	758	752	761	770	761	741	742	747	747	778	743	771	751	734	775	758	753	758	772	753	772	754	795	775	741	752	749	757	718	727	761	750	761	746	723	730	766	729	719	759	736	725	746	773	740	740	733	739	751	751	743	739	713	756	749	749	746	752	744	750	742	730	745	726	762	742	740	747	738	734	755	736	754	746	766	764	756	727	741	730	731	723	761	740	743	752	749	738	3056.577394
740	744	740	747	754	748	744	756	747	747	741	762	744	765	768	749	766	759	756	761	753	751	759	760	732	752	742	746	783	754	776	757	743	759	744	743	744	737	755	754	744	730	737	750	761	740	769	738	746	755	757	752	734	749	731	730	732	776	762	757	735	765	763	764	761	749	755	768	757	741	744	761	736	764	770	762	756	742	761	732	741	752	760	759	748	765	721	734	768	761	758	765	772	752	743	753	3057.814689
756	758	757	741	732	740	710	728	738	755	777	748	739	739	756	752	758	727	755	744	765	736	758	759	754	742	754	750	727	753	738	748	750	766	744	747	741	740	750	736	736	745	751	739	758	745	756	729	728	753	758	755	774	756	750	751	746	757	774	749	746	734	760	758	751	772	760	741	748	732	750	735	755	743	744	756	721	747	753	749	767	744	747	729	773	746	757	725	751	740	746	769	744	752	733	753	3059.051668
759	729	727	753	716	754	733	759	745	782	733	743	742	747	740	750	747	749	754	748	733	722	732	742	748	729	747	740	722	748	744	764	757	752	736	750	740	733	732	749	733	752	740	735	752	731	750	754	739	729	745	743	756	730	735	721	760	748	745	770	763	747	739	752	723	753	728	754	742	765	746	742	743	747	740	736	753	750	734	738	742	743	732	749	735	751	756	779	723	766	730	761	747	763	756	737	3060.297699
748	756	740	739	734	735	747	738	738	748	730	766	753	764	746	755	732	756	737	737	725	743	746	756	724	740	742	765	772	732	739	730	745	740	761	750	780	755	738	730	733	754	722	764	743	727	745	764	763	758	745	762	783	719	757	730	727	751	743	743	714	740	744	718	715	753	727	735	744	728	765	765	728	745	756	751	736	712	720	751	759	745	737	742	744	755	739	748	760	721	745	739	741	721	724	730	3061.534043
727	765	743	750	736	739	733	725	710	733	746	741	746	725	741	737	738	744	753	726	769	767	732	735	737	750	738	745	776	742	745	736	736	739	728	756	737	745	722	758	758	729	766	753	721	759	751	760	732	752	716	727	743	749	735	741	716	732	735	722	729	762	766	734	751	757	747	752	748	717	744	728	763	776	762	742	729	740	753	729	736	733	737	741	770	746	726	733	740	734	729	754	734	751	737	750	3062.770072
733	745	727	729	758	751	728	741	762	735	752	746	762	754	760	760	741	730	740	756	736	752	730	751	758	757	748	730	757	746	757	742	727	751	750	730	739	754	731	757	741	727	745	734	755	764	751	745	744	753	725	740	733	744	732	733	737	743	748	749	736	730	750	781	747	762	744	757	746	768	739	735	735	737	752	756	737	734	737	727	720	750	731	734	735	745	755	756	720	774	740	740	754	745	734	725	3064.015146
761	759	769	735	768	739	751	767	770	736	751	732	778	764	749	731	735	744	746	744	719	741	744	741	748	748	758	768	749	757	742	753	732	750	769	758	753	738	732	735	759	745	724	746	762	740	755	724	719	740	762	744	746	738	724	793	754	750	730	727	735	756	749	762	754	744	742	748	746	739	689	727	732	752	738	739	738	769	753	735	776	756	751	768	746	743	741	746	751	749	741	739	752	731	760	744	3065.250541
744	759	733	770	766	735	755	754	759	761	748	749	767	747	755	745	754	764	755	734	731	726	756	723	760	725	764	748	735	762	735	725	760	742	755	741	747	743	721	747	743	756	741	738	768	736	737	756	754	722	725	732	760	744	718	758	762	769	730	734	739	747	748	756	735	767	744	747	749	766	756	749	750	730	731	778	757	742	745	746	731	751	719	748	728	759	738	749	757	764	749	762	754	710	786	731	3066.48562
745	761	751	746	761	771	760	750	758	771	743	749	733	751	762	728	771	758	770	761	765	768	740	733	769	736	743	745	770	757	743	761	763	750	760	771	724	724	738	772	751	741	747	745	782	754	719	757	723	765	764	726	750	753	740	742	729	753	745	748	748	750	733	731	731	762	738	719	749	758	746	723	738	754	755	762	739	762	725	721	744	739	742	752	743	733	737	744	756	744	734	745	730	743	754	760	3067.720385
770	749	750	766	765	749	730	756	758	774	779	719	767	733	755	784	734	764	742	748	760	762	762	748	771	756	740	730	740	759	765	753	756	776	741	764	768	750	775	728	763	737	782	759	758	733	759	745	735	746	759	742	749	742	745	725	762	754	754	770	742	731	747	746	757	749	742	725	784	739	755	749	753	759	749	767	750	719	749	734	750	733	773	761	768	731	758	779	729	755	747	731	744	748	737	765	3068.954834
755	741	766	749	765	773	738	755	753	790	767	763	759	747	762	729	768	762	744	754	736	772	769	777	727	744	767	732	770	739	755	759	767	756	765	763	768	749	750	745	765	743	756	754	746	746	758	768	735	749	756	739	740	781	764	764	779	756	747	757	737	760	755	736	770	746	786	743	773	764	746	768	751	716	746	756	757	755	750	719	734	758	749	753	770	776	753	757	728	740	734	745	762	746	770	753	3070.188968
738	767	750	779	756	749	758	756	738	754	735	788	740	750	773	777	777	755	762	769	765	767	756	740	752	758	745	751	782	735	753	750	747	750	750	746	754	753	732	781	750	754	759	760	750	784	721	764	772	735	745	732	730	737	761	759	728	760	772	749	786	748	783	744	754	763	759	760	767	747	755	732	745	751	772	772	760	752	773	743	763	749	744	776	763	741	759	760	755	763	750	741	782	758	760	740	3071.413441
773	743	759	771	756	731	767	778	770	782	762	774	756	736	750	779	768	750	762	756	772	787	755	783	761	744	755	768	750	747	774	764	771	756	741	760	776	756	775	776	774	751	747	770	765	748	749	752	763	756	776	743	760	767	765	752	788	756	754	746	759	781	729	765	760	753	775	766	755	759	765	760	760	735	761	766	753	777	766	758	734	783	751	764	752	753	762	786	780	738	762	773	763	749	738	750	3072.646948
736	756	761	767	751	784	737	783	770	760	770	749	768	751	761	757	771	793	751	770	799	779	736	765	774	789	764	804	792	747	769	772	790	767	777	775	745	734	742	754	792	784	776	762	752	753	803	770	773	776	747	751	775	749	762	757	759	792	783	770	774	756	750	749	768	763	741	768	745	761	759	761	743	779	758	758	763	743	743	762	749	782	770	764	757	768	764	770	751	743	783	744	786	771	764	757	3073.88014
771	753	762	755	781	757	797	802	767	764	737	737	758	731	758	792	773	756	771	749	764	764	769	765	758	756	745	777	775	759	784	754	761	769	765	748	779	775	747	777	760	747	794	753	783	756	763	768	754	764	788	746	747	772	800	776	775	770	762	770	768	740	787	774	768	738	744	774	778	744	773	758	750	765	728	752	757	766	789	741	736	780	767	757	775	772	785	760	745	754	770	780	773	775	788	779	3075.113017
773	765	793	754	763	763	778	778	773	790	760	763	726	742	771	771	778	782	728	768	750	759	781	765	785	777	788	748	751	761	773	762	779	775	770	770	749	745	773	791	744	758	757	777	781	743	779	753	796	750	793	782	745	756	748	774	752	742	740	736	770	783	761	741	761	734	756	791	779	737	776	763	759	769	769	759	767	745	787	775	759	780	738	756	788	773	750	779	759	775	781	745	774	767	738	754	3076.336244
788	763	788	734	785	764	779	756	752	755	766	780	782	749	791	775	799	751	755	746	764	777	750	766	769	757	752	738	786	769	756	764	771	785	766	775	746	752	753	757	772	780	758	762	801	765	752	788	774	754	757	779	767	768	769	772	764	777	765	725	783	785	756	764	762	795	792	772	759	790	766	757	773	758	764	745	759	747	766	781	737	724	783	766	793	767	748	764	766	769	738	754	748	788	741	766	3077.568494
783	762	798	771	746	762	759	760	770	788	792	773	760	792	771	748	773	781	757	785	777	736	760	799	796	790	780	777	782	759	787	790	772	772	760	761	759	762	784	780	766	737	804	742	785	785	776	740	799	796	761	788	778	756	770	765	765	780	778	765	789	800	762	762	786	776	752	738	785	738	775	754	767	774	746	767	750	755	783	775	765	774	758	778	771	764	800	788	780	778	737	753	791	759	760	790	3078.791099
770	765	790	773	766	792	761	799	778	784	766	788	771	771	768	794	767	757	777	785	765	753	765	767	770	782	755	774	767	765	774	759	750	754	782	757	741	758	770	758	763	755	791	754	770	774	765	790	766	777	771	793	765	757	769	755	783	778	765	776	783	751	765	780	783	776	755	771	786	781	799	735	759	769	775	768	752	761	766	770	781	776	755	783	765	764	782	787	754	784	727	785	777	774	760	780	3080.013395
759	790	782	785	774	782	760	794	762	773	770	776	799	762	755	763	771	768	755	814	751	780	780	778	779	797	752	780	749	769	772	773	774	789	762	775	779	739	767	778	769	808	766	779	790	783	769	754	785	788	761	792	788	784	766	758	803	786	767	784	786	781	769	789	784	765	784	751	768	771	786	778	750	788	771	770	721	777	752	779	771	781	764	783	743	783	790	790	769	773	748	743	788	742	797	763	3081.244708
753	800	784	796	773	778	801	761	782	795	781	774	791	779	803	764	760	793	771	745	787	801	777	782	784	773	747	780	773	780	763	762	769	787	765	757	745	757	810	772	775	788	780	769	780	775	776	793	764	757	797	749	768	745	782	756	788	787	752	779	770	756	771	784	769	750	760	761	761	805	772	777	781	795	780	747	749	805	763	788	763	774	796	757	766	761	752	777	754	786	784	791	751	755	788	788	3082.466382
767	786	783	781	748	764	762	782	773	788	781	764	768	777	770	786	781	776	788	782	787	766	758	800	777	783	781	770	782	792	780	761	783	781	783	778	767	753	765	753	788	788	773	782	775	768	765	769	773	779	774	762	781	781	773	784	768	787	791	763	778	801	764	808	750	780	764	776	773	774	776	768	776	788	783	775	739	761	778	754	792	785	773	780	772	788	782	794	777	773	750	775	748	790	775	783	3083.687748
783	788	760	763	785	789	740	783	810	781	805	799	775	744	773	774	781	771	802	776	760	784	786	787	765	774	784	753	751	778	775	780	753	770	779	766	750	787	760	808	788	766	810	755	766	765	783	756	795	783	795	759	743	777	787	784	783	752	774	766	785	754	784	760	776	773	809	797	793	777	770	763	789	783	764	764	780	763	788	766	777	745	760	753	780	756	772	779	754	741	762	762	788	780	776	755	3084.908805
777	798	760	810	731	751	771	759	768	755	762	792	781	775	769	778	763	799	761	788	774	771	769	774	776	766	770	782	777	776	781	759	763	735	751	778	787	733	743	786	770	759	758	769	752	789	764	740	773	793	771	785	781	766	769	767	762	762	760	761	802	766	763	761	775	753	747	762	773	776	780	727	786	776	766	759	766	769	785	758	755	773	764	795	751	785	764	750	760	759	763	780	774	764	760	776	3086.129553
789	739	765	762	771	779	782	766	753	764	777	791	747	775	796	791	780	811	759	762	770	777	783	775	781	810	765	745	790	767	807	784	767	775	767	767	769	759	776	748	772	733	765	785	791	758	770	753	771	771	768	758	751	764	767	772	743	767	762	766	768	802	776	757	789	770	794	793	763	752	790	782	777	780	746	765	765	749	742	773	787	760	773	741	784	770	764	751	793	749	771	759	777	777	774	779	3087.349992
767	784	755	734	778	784	789	790	758	766	757	749	790	786	788	781	769	765	779	767	763	750	749	770	767	786	752	781	768	775	761	773	774	769	784	782	736	761	752	732	769	783	756	786	765	760	781	768	767	752	758	755	760	763	779	779	783	779	745	756	755	765	765	760	770	764	762	750	797	779	779	766	757	744	748	758	749	770	750	758	781	736	781	783	776	776	760	772	738	753	762	753	743	766	776	744	3088.570123
788	771	760	774	766	742	751	772	775	772	770	761	779	777	761	771	767	756	781	800	764	777	753	762	794	773	765	772	780	757	784	743	771	768	790	759	751	735	753	730	786	780	785	808	768	779	802	741	771	792	782	761	761	771	765	783	758	778	781	768	755	766	730	746	763	780	778	767	760	753	770	759	769	784	769	765	772	766	758	765	774	756	778	767	750	768	765	768	754	743	732	780	756	786	749	766	3089.789945
755	795	768	767	751	772	767	767	771	768	773	776	807	786	773	782	770	777	735	786	771	792	793	769	737	770	782	786	790	745	782	752	802	762	755	770	755	777	765	769	752	781	775	760	755	748	764	773	765	771	753	771	770	769	781	763	765	759	761	780	772	774	756	755	784	761	767	763	788	760	751	760	744	759	761	763	766	740	775	779	751	770	763	779	787	761	753	784	760	771	757	740	762	775	767	754	3091.009459
784	787	761	755	766	783	772	755	759	783	776	761	773	734	746	766	748	759	762	790	743	766	764	768	761	761	763	758	763	758	774	749	771	752	758	761	770	758	776	785	780	746	746	776	758	773	754	757	772	755	789	755	762	748	755	770	776	789	761	765	737	759	786	758	760	745	755	769	751	765	748	782	776	758	772	746	794	773	754	771	762	759	778	763	749	759	764	768	749	768	775	741	752	769	763	752	3092.228664
772	774	809	771	779	776	742	760	794	776	766	786	745	775	779	744	787	782	777	762	759	789	792	752	760	765	737	769	783	745	776	799	766	774	771	773	760	745	766	783	767	778	769	789	771	765	768	754	771	762	770	759	759	763	759	761	766	777	760	770	746	760	764	737	772	786	766	769	767	773	767	753	758	759	780	755	762	773	762	745	775	767	750	782	774	754	781	744	787	768	767	767	767	784	774	791	3093.438258
763	768	760	760	775	774	771	768	728	771	756	770	789	741	760	775	756	744	783	763	762	754	781	760	750	770	754	782	787	768	775	771	754	755	769	767	766	757	766	782	758	773	746	760	744	750	756	759	759	761	767	757	762	773	774	802	774	766	757	741	778	766	745	768	770	778	789	759	758	766	753	759	786	753	792	775	761	761	786	767	757	770	741	740	754	770	751	748	779	755	763	779	759	767	740	776	3094.65685
781	785	780	775	797	752	792	756	783	796	770	773	752	773	753	778	763	742	756	762	757	770	776	800	783	768	785	770	761	773	764	756	803	771	776	766	760	765	756	777	752	781	782	765	796	819	743	760	777	815	794	775	772	756	763	798	795	767	770	788	782	767	785	816	788	811	755	773	788	754	741	780	769	773	759	768	765	762	766	762	756	761	745	761	762	755	789	764	781	772	759	775	772	755	781	738	3095.875134
768	758	780	768	776	784	757	775	780	761	788	756	767	781	783	764	769	789	770	770	770	784	747	780	765	812	762	792	753	783	806	780	786	819	741	776	777	757	777	778	795	763	761	778	764	769	773	776	794	783	759	804	769	768	773	773	771	758	779	780	799	772	792	794	795	769	777	778	782	783	795	789	765	774	772	776	786	801	781	772	787	785	776	785	779	790	774	792	796	767	790	774	782	795	750	773	3097.083814
775	790	780	769	773	814	784	754	785	771	775	800	789	783	757	789	769	781	767	767	781	790	754	754	765	783	782	777	763	821	766	754	809	769	812	783	799	758	763	760	800	807	771	785	801	763	745	787	792	733	798	792	772	782	786	791	775	773	770	767	794	789	788	771	760	768	772	776	769	777	790	768	765	766	767	769	785	777	748	772	761	760	790	804	801	785	801	770	773	766	795	772	774	773	807	758	3098.301485
763	803	790	784	780	790	793	834	777	785	803	821	795	777	812	776	762	805	782	755	790	757	805	771	790	805	811	749	786	794	798	771	796	797	770	800	778	766	759	794	767	763	817	801	777	791	805	766	784	787	794	768	794	771	769	788	780	782	773	753	778	801	773	795	780	791	760	759	769	758	795	772	800	780	782	783	764	790	811	806	789	759	757	775	793	764	800	813	756	760	794	787	788	793	761	771	3099.509557
798	786	793	787	801	784	757	784	813	785	799	767	779	794	788	799	789	792	801	799	770	788	764	765	785	792	794	830	778	786	776	808	798	799	770	776	805	787	773	769	799	799	782	764	795	757	772	766	772	779	806	784	769	753	812	799	783	800	789	775	761	788	787	828	805	770	805	813	805	780	782	783	783	788	775	782	780	793	778	768	805	795	799	795	781	748	782	798	803	799	778	772	798	790	783	799	3100.717326
791	804	774	790	776	804	803	816	790	789	789	781	806	814	761	817	796	779	796	801	835	790	815	763	808	789	764	784	802	773	829	802	784	805	799	780	803	791	779	773	785	797	811	807	813	790	795	773	795	795	796	815	801	798	775	803	777	771	793	772	805	789	790	809	805	783	813	777	806	774	785	796	806	775	786	791	791	784	791	821	801	787	815	772	801	762	801	767	767	768	781	797	800	786	801	789	3101.934079
814	818	811	789	808	806	799	816	775	814	792	815	788	804	807	777	807	812	786	826	761	799	783	786	830	820	810	808	814	824	769	817	803	795	793	774	788	798	797	769	799	804	808	782	809	798	782	795	804	797	796	777	789	774	793	796	795	792	816	810	785	797	794	789	780	806	788	803	804	785	801	804	774	802	768	777	792	792	794	801	792	793	796	788	804	802	789	778	790	808	792	818	789	784	796	788	3103.141241
810	813	835	797	821	797	801	826	809	788	810	778	795	838	784	781	794	802	772	792	797	801	780	825	773	817	774	802	802	798	798	808	796	826	783	789	790	811	774	789	780	827	829	828	795	822	798	804	826	819	802	787	816	794	807	798	804	804	792	784	797	790	815	779	820	796	796	829	782	792	785	799	793	779	780	785	792	820	818	814	798	805	810	795	789	777	793	784	766	792	806	786	826	804	813	798	3104.3481
828	786	820	806	817	785	821	782	815	809	822	808	798	783	802	802	810	778	807	820	821	819	805	792	804	821	805	773	813	787	811	815	789	808	798	793	835	798	793	807	811	797	809	802	802	826	824	808	831	838	829	815	833	805	792	804	803	781	822	803	794	797	770	797	810	804	822	826	803	800	809	808	813	807	795	791	786	807	829	805	806	773	792	826	800	811	794	804	798	787	795	810	805	814	792	784	3105.554657
799	795	797	813	820	846	808	808	839	787	804	797	793	834	816	812	803	800	791	795	843	796	791	804	773	797	802	822	787	823	771	830	792	792	806	797	770	802	783	801	814	794	788	814	804	796	792	812	816	785	795	793	782	798	776	802	803	798	796	815	788	797	816	826	810	800	809	804	786	802	795	808	791	836	828	801	781	814	789	797	817	821	809	772	800	815	829	807	800	796	787	788	800	783	810	810	3106.760912
807	820	781	788	814	789	781	773	814	827	801	815	822	799	816	801	802	785	811	808	809	801	813	803	805	802	810	828	791	813	827	824	802	811	805	794	793	816	783	764	811	799	806	806	812	811	802	814	827	820	799	771	780	793	780	807	794	825	825	798	804	809	822	799	828	823	788	779	823	795	805	794	808	783	789	804	827	787	839	807	814	791	837	807	803	806	833	786	801	787	809	804	799	770	790	787	3107.966864
822	793	812	841	783	815	834	809	805	793	821	816	829	810	807	809	795	809	828	806	804	802	813	811	815	807	828	794	817	820	784	813	823	821	790	788	799	797	804	809	803	779	806	784	812	800	814	787	807	790	837	808	813	815	807	818	825	796	792	792	838	802	810	814	808	808	801	815	830	801	820	800	808	806	819	818	792	835	803	814	821	832	793	806	828	815	815	784	792	783	824	785	799	805	787	795	3109.172515
804	804	799	808	834	828	805	804	834	814	798	794	831	807	819	813	807	814	814	815	781	821	778	811	817	785	817	811	782	785	804	829	813	797	797	798	793	764	828	791	795	808	800	816	808	797	790	811	790	809	794	812	798	809	807	806	813	820	805	807	812	813	805	805	786	818	818	810	844	781	799	832	812	784	796	804	816	802	764	793	821	807	811	805	823	792	808	799	817	818	795	813	785	813	788	813	3110.377864
825	787	813	793	838	784	817	788	823	834	820	851	845	824	796	787	764	797	814	791	844	804	795	829	796	816	796	803	793	799	816	780	816	824	793	815	779	786	787	811	781	809	790	823	805	803	815	805	822	800	800	805	816	815	822	799	801	807	797	806	800	816	805	830	787	818	804	825	805	831	801	827	805	816	808	805	799	815	841	811	791	809	810	825	809	793	812	807	797	803	829	790	806	792	782	799	3111.573643
809	818	823	805	820	810	790	818	774	797	833	796	783	806	798	811	797	793	804	787	803	822	819	806	831	797	806	802	813	814	801	791	820	805	800	802	781	802	788	803	826	793	791	819	793	780	809	779	805	806	794	789	802	796	810	804	828	798	806	780	807	797	788	815	814	789	809	794	786	811	802	785	829	824	793	823	808	788	814	810	812	775	833	799	806	804	800	804	803	800	861	789	790	800	803	789	3112.778391
787	818	799	820	833	829	813	784	792	833	817	835	802	814	810	836	801	814	804	853	783	796	798	810	782	835	805	817	796	810	798	793	803	807	836	807	757	800	792	797	817	781	793	791	807	793	789	812	797	799	800	795	803	802	797	806	809	807	793	808	803	805	803	812	813	794	779	802	802	803	803	790	793	813	807	806	809	797	801	820	787	789	807	831	830	797	815	835	781	797	787	812	795	788	818	813	3113.982837
811	823	779	821	796	825	825	811	836	800	790	796	800	797	800	807	806	796	795	801	808	802	796	806	843	814	802	818	801	809	814	789	811	804	817	793	757	812	798	821	824	800	807	787	779	817	806	784	809	810	812	803	804	815	817	811	799	809	788	782	823	809	805	821	793	805	805	795	810	784	768	815	802	804	819	796	832	805	803	815	809	824	794	795	808	814	828	815	804	787	799	806	815	775	786	822	3115.177721
792	835	809	807	798	806	816	785	800	805	796	790	818	818	828	808	806	788	766	818	815	791	826	811	815	790	803	803	808	815	824	811	813	798	799	812	818	770	777	803	824	804	811	779	803	810	773	810	796	817	804	788	808	786	783	811	790	800	781	805	780	813	796	803	783	820	820	783	787	777	766	798	829	802	810	838	770	795	756	796	802	790	778	829	813	804	781	794	815	794	807	818	807	822	798	795	3116.381567
830	807	798	791	799	811	807	811	819	813	803	778	803	822	794	795	787	803	783	795	815	792	825	783	811	815	799	797	798	803	801	830	790	788	780	812	808	798	804	811	803	800	797	780	798	835	814	807	801	825	799	814	816	797	818	799	794	814	806	803	787	808	802	816	812	798	818	823	822	782	797	805	809	819	775	814	783	835	798	793	808	789	789	785	792	817	809	812	816	787	824	795	775	817	797	778	3117.575855
807	786	807	820	794	811	782	813	834	810	830	815	832	815	831	805	806	811	792	809	805	792	812	808	828	797	807	789	825	807	792	785	792	802	825	787	789	808	794	816	818	776	806	792	811	795	803	791	786	794	793	789	801	807	805	799	796	793	777	795	787	783	808	817	809	805	806	801	798	794	786	798	818	780	811	811	802	808	833	785	810	808	808	813	820	805	788	824	784	810	824	821	797	791	808	826	3118.779102
803	793	793	796	819	768	812	801	792	787	816	820	813	796	792	795	822	800	819	803	793	786	786	810	786	788	812	764	813	800	825	807	812	817	800	810	789	785	820	790	799	814	798	823	817	806	784	810	812	814	797	814	787	792	784	795	818	801	803	778	808	768	805	780	797	795	801	799	805	798	811	802	796	796	801	778	784	792	793	832	776	822	804	770	807	801	819	801	819	782	794	819	815	753	792	806	3119.972795
823	796	792	769	802	796	801	796	825	803	815	816	832	786	812	797	829	776	793	815	797	804	805	794	813	822	815	784	805	794	814	781	784	788	773	795	801	792	803	828	807	814	807	801	763	804	804	791	808	809	806	800	820	789	798	820	788	768	783	798	809	796	804	820	803	800	804	790	824	797	793	786	813	783	800	804	782	804	797	795	811	800	813	808	801	822	789	782	791	817	809	789	827	777	784	813	3121.166192
819	825	783	765	819	806	809	791	809	803	816	807	794	813	774	787	812	815	804	787	784	802	800	830	809	826	810	779	783	799	799	797	811	813	818	790	816	806	802	800	794	799	805	777	812	819	813	807	802	811	765	796	798	787	797	804	828	791	806	782	811	815	800	809	797	803	790	781	799	801	805	772	797	787	782	809	798	807	798	815	769	796	780	817	769	805	787	780	783	833	781	805	783	803	800	802	3122.359292
774	797	809	806	829	796	785	781	801	805	813	792	794	811	834	807	786	804	804	784	796	809	809	796	803	793	793	796	813	795	784	814	795	804	798	798	784	813	810	787	803	801	780	814	785	781	792	805	770	790	819	789	800	813	780	797	799	801	791	767	801	833	807	799	826	803	793	813	802	798	792	809	795	800	772	806	776	819	796	804	775	817	795	791	804	806	793	789	766	802	781	806	777	812	795	820	3123.561343
808	806	798	796	793	804	798	801	805	798	804	795	795	808	798	799	807	811	824	804	799	812	795	793	764	806	803	804	830	812	777	788	807	785	799	779	771	781	786	787	790	810	806	807	815	823	795	787	808	788	795	793	800	783	812	803	788	811	786	807	804	763	804	825	809	831	816	809	787	813	794	786	808	803	798	785	791	823	802	773	770	788	803	826	803	783	794	776	798	811	801	783	800	791	793	799	3124.753849
799	794	804	845	824	781	795	830	806	803	784	780	830	774	811	786	800	779	798	781	797	810	826	815	794	820	822	827	812	828	799	820	813	779	782	795	798	809	812	812	802	788	791	818	815	787	823	825	784	804	804	811	826	784	814	819	793	805	808	794	812	779	804	836	804	798	825	793	806	796	807	820	802	785	794	794	798	773	813	795	797	808	784	773	785	800	791	795	802	807	809	790	786	816	813	812	3125.94606
822	801	829	810	801	784	835	817	815	822	803	815	807	824	795	792	796	838	779	821	804	813	801	803	779	811	812	815	783	810	804	836	820	828	804	807	800	801	804	845	798	804	838	785	790	811	829	806	794	788	798	805	809	831	828	804	806	803	838	817	810	806	786	793	792	801	790	812	811	819	810	822	807	808	810	788	818	813	790	807	801	810	789	802	820	816	818	812	814	816	825	798	806	805	796	795	3127.137975
818	816	826	810	811	837	833	820	813	820	835	828	837	822	821	836	829	841	799	799	811	807	817	824	843	815	820	820	819	827	835	815	779	800	815	832	812	808	804	813	811	780	805	817	804	828	822	787	806	809	831	810	814	788	792	798	805	820	835	818	795	794	826	812	789	790	787	840	801	792	795	816	803	811	794	805	773	807	837	801	822	805	783	807	802	810	799	799	780	807	826	826	833	794	833	807	3128.320359
841	809	811	766	831	811	808	819	834	806	820	822	814	841	789	826	846	831	838	803	817	831	799	822	838	834	831	794	814	819	806	836	809	804	789	838	821	788	815	805	810	835	820	789	795	846	800	817	838	786	825	826	829	824	829	817	799	862	831	808	825	817	812	824	835	805	791	786	829	828	828	803	851	829	810	799	825	800	821	801	785	813	814	829	810	811	812	816	819	813	830	826	832	806	859	795	3129.511685
830	814	826	854	829	837	800	800	801	835	840	818	838	825	830	824	819	818	864	809	821	842	838	847	846	824	806	821	822	827	859	796	830	825	809	815	797	818	808	832	834	825	843	820	830	825	810	820	825	812	859	811	808	803	812	829	828	807	830	819	818	815	814	811	849	835	831	846	797	814	794	804	831	816	797	816	794	846	830	826	848	830	823	809	803	837	823	815	806	813	840	804	856	831	827	819	3130.702717
803	814	806	854	821	861	840	805	831	829	806	833	846	832	836	823	839	836	807	822	855	840	853	831	843	799	865	837	850	831	848	816	824	815	837	792	824	840	821	835	822	821	825	821	791	807	815	844	798	838	828	834	800	834	853	833	804	828	827	808	809	850	848	809	834	836	819	844	779	830	816	821	832	833	849	840	816	825	814	831	812	799	834	835	788	815	842	832	849	816	836	836	806	827	807	845	3131.893453
819	845	819	822	837	791	827	834	817	811	861	847	834	850	826	849	846	849	818	836	813	843	837	831	817	795	812	846	819	829	818	822	822	837	822	809	837	835	810	822	824	837	824	803	830	834	835	834	843	825	859	842	815	810	840	836	862	821	833	836	842	851	830	853	825	852	870	843	829	816	789	818	818	825	852	833	807	812	823	818	805	775	826	846	852	817	836	826	829	825	844	841	823	821	850	811	3133.074667
823	836	841	856	826	843	841	845	817	821	812	839	835	849	829	840	839	853	811	821	811	849	837	813	843	831	856	841	840	840	841	824	805	835	846	827	824	814	817	817	803	816	804	840	832	825	834	827	825	832	851	839	830	840	825	839	825	842	845	830	812	855	841	807	810	864	812	813	864	829	840	831	839	804	785	808	820	816	818	834	814	845	841	851	853	845	826	836	864	825	828	845	806	844	826	837	3134.264815
821	842	853	840	841	800	829	850	853	813	821	851	804	825	878	831	817	817	825	815	837	836	830	842	822	847	814	839	844	838	825	855	831	854	836	825	840	813	842	827	811	811	817	851	823	807	837	856	831	823	813	831	831	847	816	834	806	829	833	829	857	834	842	827	859	882	797	848	849	829	821	830	829	850	825	832	826	849	816	864	827	834	833	834	837	826	835	826	827	837	842	830	815	829	836	819	3135.445446
844	840	826	847	810	838	845	836	823	843	842	840	828	834	841	840	835	845	852	853	829	820	857	836	846	832	832	848	835	820	860	849	851	807	838	811	829	819	834	844	836	825	843	855	821	854	811	820	811	812	832	831	813	817	831	823	813	839	836	830	839	847	864	825	827	838	858	854	847	807	838	826	828	821	848	831	821	843	845	851	828	818	864	851	839	811	831	829	816	827	843	854	844	817	852	835	3136.635007
838	826	846	831	840	836	806	830	830	804	836	826	803	824	830	840	843	838	816	856	817	831	823	853	849	822	816	825	834	853	819	816	855	822	835	847	806	831	812	837	833	827	827	812	837	814	819	827	828	817	823	819	825	839	837	827	837	839	800	852	798	816	823	840	820	862	826	820	841	838	860	812	847	836	832	829	811	836	819	816	832	827	841	814	818	855	838	825	833	837	828	834	835	822	836	849	3137.815055
819	822	810	866	853	829	837	835	821	807	835	873	818	834	833	822	837	857	811	834	815	828	810	841	840	834	830	822	810	834	817	826	814	840	815	821	819	820	837	849	822	845	824	856	863	841	836	816	846	866	817	820	810	811	821	837	822	826	844	832	820	817	842	845	815	834	846	849	869	819	813	835	830	810	782	852	799	859	826	837	809	843	843	833	821	823	853	844	816	854	858	803	811	817	801	821	3138.994813
830	823	837	795	835	823	831	805	841	838	823	825	843	812	825	800	831	814	841	829	833	819	817	814	831	839	818	837	831	834	824	833	825	820	814	822	820	820	848	828	817	858	799	851	824	815	846	821	844	813	846	812	825	816	863	831	815	791	824	836	830	807	790	840	846	833	836	848	827	782	838	802	797	828	815	842	821	848	839	808	838	819	830	853	836	825	822	802	819	828	844	810	790	842	842	812	3140.183495
787	814	839	815	834	824	829	829	832	798	837	850	816	821	828	827	825	863	811	823	803	797	857	832	852	819	808	818	815	803	827	849	800	810	815	810	795	820	794	838	822	811	788	808	819	844	836	831	810	841	848	838	841	809	839	819	837	819	824	809	811	825	836	794	846	820	804	832	852	808	795	828	806	806	821	797	864	838	845	823	849	804	814	841	834	801	817	821	834	842	820	838	832	815	829	841	3141.362671
841	833	863	833	827	832	858	828	822	828	830	831	818	836	828	819	806	802	834	842	834	811	818	798	820	816	812	814	786	843	830	844	831	819	830	857	803	823	803	815	835	825	844	855	796	834	816	813	788	830	806	826	807	827	821	815	844	819	813	827	812	816	836	820	810	800	825	841	837	821	806	830	835	836	800	824	808	840	809	829	821	824	840	804	838	830	790	828	833	822	854	814	795	822	844	807	3142.541558
805	828	812	828	786	814	827	827	819	834	820	815	845	821	812	842	806	815	829	806	819	823	821	801	830	813	837	820	838	832	837	817	830	806	818	813	833	824	794	843	830	800	838	847	796	807	828	822	836	810	827	811	786	820	847	780	824	815	814	804	815	841	816	840	817	815	819	814	821	820	803	835	787	816	804	821	843	812	848	813	821	830	832	820	803	797	828	840	817	849	809	800	816	804	804	838	3143.720155
826	826	811	795	829	821	809	782	828	825	824	847	800	806	828	825	807	817	825	853	819	820	829	806	855	815	791	829	802	764	796	790	813	840	818	822	827	813	820	796	795	808	829	807	824	782	815	808	783	840	822	831	809	792	797	804	823	846	826	841	811	837	806	806	800	834	831	836	814	808	822	803	799	803	776	806	801	848	809	823	811	831	816	817	810	806	807	834	813	824	845	801	824	796	816	832	3144.898462
818	830	816	797	816	814	798	839	802	804	835	812	839	793	822	827	827	816	820	790	818	811	813	814	829	844	823	816	797	811	838	846	832	811	834	788	802	808	806	796	822	821	824	831	826	810	786	821	825	830	828	797	840	790	847	790	806	862	814	829	797	814	835	836	850	799	809	807	816	811	799	833	804	821	805	830	812	819	810	819	808	818	825	816	807	828	802	836	820	802	785	826	820	786	804	810	3146.076481
819	795	814	805	790	788	790	808	850	823	803	819	839	839	808	800	797	829	835	816	794	784	801	842	811	823	818	812	783	829	802	851	796	788	810	818	803	807	816	819	819	789	829	800	836	831	827	833	852	760	808	828	842	798	790	800	806	811	813	817	820	834	816	849	794	810	821	827	812	824	799	816	842	850	809	806	790	792	811	815	805	789	821	826	815	797	811	815	798	802	795	833	826	813	799	780	3147.25421
824	796	818	814	807	804	802	858	816	838	782	813	799	820	804	836	832	829	814	832	809	803	831	824	820	824	837	820	829	786	819	828	809	835	812	826	787	826	817	820	832	807	813	824	811	804	802	780	847	818	846	818	824	816	858	818	833	837	821	802	817	820	826	838	820	826	834	792	815	800	812	797	793	797	806	812	816	791	831	823	828	831	828	802	817	833	810	808	827	805	807	807	809	814	828	801	3148.431649
816	826	809	806	828	810	837	814	836	806	809	801	838	814	822	824	829	818	813	807	809	814	853	848	830	820	815	813	824	794	837	819	787	840	808	810	829	785	810	810	819	820	817	830	834	817	807	812	845	827	813	771	827	815	832	772	797	810	824	780	777	823	833	824	820	819	792	791	804	812	809	819	838	828	844	801	814	842	815	794	822	808	842	817	815	816	824	791	822	810	840	819	830	836	835	809	3149.599605
802	828	795	831	806	835	816	791	828	803	833	791	810	814	831	779	848	819	790	826	827	827	817	824	813	838	811	806	817	830	855	838	823	809	862	826	800	806	827	792	826	811	821	831	819	798	825	825	832	821	801	812	829	827	812	808	805	837	801	839	825	789	813	792	811	819	810	803	813	806	810	825	802	822	802	819	834	853	826	830	799	809	820	848	816	809	806	831	830	790	802	829	813	818	786	813	3150.776469
836	833	866	840	820	843	837	830	824	828	842	848	832	814	842	832	829	835	816	808	806	823	844	867	814	843	824	820	816	842	842	808	821	796	800	826	846	846	795	845	844	826	825	806	822	837	825	839	816	864	838	824	821	832	824	823	803	837	802	801	845	801	836	833	843	829	832	820	843	827	824	833	788	838	787	822	810	808	810	815	809	813	811	830	839	847	796	845	795	825	836	860	832	809	807	822	3151.953044
841	796	837	793	831	833	833	836	842	829	839	864	852	847	821	837	817	837	833	820	824	820	860	838	830	844	838	838	816	857	829	840	837	861	860	828	827	812	803	826	836	846	823	815	824	824	823	807	826	816	816	810	813	818	811	815	847	854	836	822	841	839	861	873	813	809	853	807	814	805	814	811	811	810	852	812	803	810	839	808	839	835	810	825	818	817	827	814	811	818	839	847	809	786	797	835	3153.120142
828	833	829	815	807	843	803	816	819	813	830	824	822	820	823	819	815	846	830	816	839	813	839	845	833	803	825	851	823	845	829	814	830	855	827	842	838	822	823	830	827	849	856	844	817	841	836	816	828	835	823	829	834	826	845	837	841	843	828	837	851	822	816	844	823	854	826	848	850	823	794	817	822	827	831	831	802	829	849	822	814	814	824	837	837	810	830	829	821	850	846	820	844	833	802	846	3154.296142
836	847	877	832	846	809	843	828	823	843	857	820	854	828	832	819	828	828	857	861	869	837	823	838	858	837	849	858	845	838	871	826	826	819	834	845	831	852	841	861	853	808	884	817	850	829	831	813	838	820	838	846	803	854	831	834	800	863	826	865	854	866	833	840	857	834	847	825	844	834	862	828	869	855	841	793	840	862	823	852	829	839	846	850	818	822	829	850	824	842	824	836	809	827	817	848	3155.46267
833	855	842	834	850	838	833	830	829	866	856	819	856	839	867	839	812	843	847	854	828	869	827	869	875	845	869	853	824	875	853	855	818	836	835	829	864	829	829	849	850	850	852	832	852	864	839	828	835	827	826	816	862	849	857	846	824	835	861	824	819	833	852	826	857	833	825	873	834	832	829	867	865	838	840	855	839	831	827	837	839	842	854	818	825	834	831	830	834	842	858	822	840	840	791	834	3156.628913
846	847	840	837	840	827	834	838	821	831	830	858	844	852	840	841	858	833	795	869	834	861	817	829	862	864	825	840	833	831	855	850	829	815	838	852	837	833	832	828	843	811	826	825	815	858	858	861	842	834	849	829	833	808	851	796	865	852	844	814	833	803	834	851	835	850	827	857	828	859	839	833	828	812	828	849	815	831	848	845	835	835	831	856	826	828	818	835	829	822	845	849	844	865	842	851	3157.804053
843	859	844	824	839	857	859	822	846	841	840	850	854	863	845	845	830	844	841	817	834	841	834	824	817	849	860	864	834	868	838	859	856	843	860	882	825	807	840	825	843	856	823	850	837	834	810	842	870	853	873	834	824	873	855	850	876	871	827	856	806	855	824	857	854	873	847	827	837	835	848	819	838	867	822	852	844	834	832	821	862	824	813	827	846	851	847	819	854	840	850	804	873	860	846	836	3158.969726
872	866	845	867	824	844	866	824	828	870	852	815	847	845	837	868	871	882	836	824	833	825	845	858	826	850	857	849	840	825	835	867	867	871	860	844	827	842	834	826	813	844	843	851	859	871	882	827	854	859	847	824	823	820	851	845	843	859	862	834	868	832	845	834	877	858	841	859	869	845	810	824	852	855	834	813	837	849	862	814	830	835	872	839	862	822	829	861	841	837	864	816	842	841	848	836	3160.135117
841	867	835	834	842	858	856	837	873	838	859	825	826	833	848	846	812	848	831	856	866	842	845	844	862	841	850	849	844	836	855	843	828	852	851	815	836	838	828	839	818	845	849	850	865	828	867	860	820	843	821	825	845	841	854	884	851	829	850	849	847	858	819	850	867	851	837	821	855	825	838	844	824	859	843	860	872	820	812	825	850	833	876	850	845	829	838	844	878	816	825	842	819	898	819	854	3161.300223
863	875	843	838	859	868	834	856	814	850	864	870	842	858	852	844	855	871	836	844	831	869	839	872	810	847	874	851	861	840	836	857	875	845	835	870	849	844	848	866	857	831	836	836	850	841	865	848	846	850	812	817	828	833	839	840	826	888	830	856	821	862	842	846	838	853	862	841	840	845	845	860	847	842	850	865	815	837	838	851	834	835	813	824	847	879	843	844	810	835	853	864	858	801	843	829	3162.465047
873	819	862	854	844	857	836	842	833	853	846	868	820	851	860	858	857	865	862	846	857	858	832	835	856	862	835	884	827	848	846	879	837	846	851	858	832	814	837	806	853	874	845	840	840	846	832	835	840	826	848	829	837	856	818	830	819	848	884	857	870	848	855	845	864	853	843	849	867	854	846	868	871	853	826	860	845	848	828	851	858	857	836	803	858	834	852	836	841	878	854	847	813	825	838	842	3163.629587
864	832	815	855	823	833	864	861	836	835	850	841	837	855	821	862	834	850	843	861	851	857	819	848	843	825	845	860	826	841	831	818	865	849	861	816	830	851	834	832	873	864	837	855	883	844	831	849	822	856	847	827	891	871	841	844	825	832	845	857	846	822	835	850	815	857	819	853	851	838	821	847	825	826	838	876	805	836	855	836	857	860	876	867	825	847	858	820	842	837	828	858	802	813	848	824	3164.793843
888	836	834	829	857	862	850	859	857	842	856	859	842	850	871	831	831	811	851	826	836	868	834	830	830	847	823	865	850	850	835	837	814	840	856	822	837	818	837	849	829	835	833	831	856	857	838	844	850	842	842	874	855	814	823	862	863	866	824	852	846	838	853	861	836	807	811	861	831	832	826	844	856	834	840	844	821	833	841	838	835	839	844	857	827	832	849	823	880	824	839	850	851	826	840	863	3165.957817
876	858	876	840	838	842	847	854	842	857	835	852	849	836	864	845	832	826	832	839	842	834	838	821	833	836	829	851	849	828	869	836	855	816	833	854	809	836	863	816	853	812	859	857	848	820	834	856	858	881	843	849	830	859	825	872	869	806	838	824	825	818	878	847	855	860	840	814	825	811	835	865	813	830	847	838	843	840	841	852	873	820	861	826	838	852	836	872	814	850	833	815	845	802	832	858	3167.121508
848	810	833	858	844	814	832	857	862	831	845	827	840	851	823	831	838	839	857	839	879	793	831	838	843	800	854	836	830	820	846	865	855	849	864	862	828	813	834	815	831	819	840	833	828	862	826	840	836	833	818	835	871	851	853	811	828	829	827	832	821	867	823	835	838	851	826	833	843	841	825	830	838	828	827	795	837	839	838	821	805	812	825	819	837	825	822	824	821	833	821	822	820	822	837	830	3168.284916
842	834	843	847	840	861	831	831	802	842	823	795	849	801	835	845	845	859	827	853	852	835	829	820	857	839	831	833	825	827	857	871	839	829	824	843	859	857	848	852	828	843	836	831	829	844	829	835	820	852	833	860	817	855	840	822	830	2588	850	831	834	837	863	845	853	848	851	852	813	819	838	809	814	833	843	837	826	831	842	829	861	837	845	811	846	838	836	851	819	840	821	839	810	808	835	836	3169.438883
857	821	816	819	853	841	801	822	848	823	834	816	843	815	834	869	824	818	866	803	840	834	853	804	832	826	851	861	857	850	836	810	810	850	847	813	801	826	803	837	818	849	819	821	818	840	837	818	800	828	842	820	816	812	832	849	842	876	850	831	845	806	834	861	863	857	841	828	833	816	837	818	823	835	869	813	814	838	830	871	814	864	802	827	849	798	777	828	811	805	840	807	838	825	871	816	3170.601728
830	855	834	826	835	830	835	862	838	862	835	824	846	853	850	838	851	828	839	823	833	858	825	845	810	805	815	821	830	832	826	852	846	814	830	812	843	805	832	806	832	824	860	825	827	850	840	806	850	831	847	825	818	848	814	822	810	831	833	846	839	832	858	828	829	809	815	852	815	867	809	821	805	817	824	835	817	791	830	837	821	843	824	815	836	845	820	810	808	834	837	827	834	838	846	848	3171.755137
857	858	846	836	832	825	829	797	850	814	835	836	875	820	835	852	799	816	834	832	836	832	800	828	822	862	814	831	800	838	854	851	822	867	846	847	816	825	828	846	862	822	801	793	844	847	806	844	830	808	825	840	845	837	830	824	844	850	799	841	797	835	840	813	854	861	844	844	840	851	807	811	851	817	807	830	844	808	845	826	827	829	843	821	793	833	813	840	843	811	860	814	823	821	839	849	3172.917419
851	847	808	821	835	816	843	847	824	814	850	821	840	804	868	845	846	833	813	840	833	824	831	839	797	819	823	813	844	830	847	816	838	851	812	825	815	819	835	852	812	852	812	831	850	868	816	820	833	796	804	804	828	826	833	855	854	840	811	823	840	835	834	841	829	832	830	812	808	833	827	856	834	822	826	818	836	810	835	822	807	816	816	834	817	823	848	853	815	848	833	799	827	837	818	830	3174.07027
856	835	836	823	801	819	833	847	851	834	824	840	825	840	824	848	805	775	817	830	834	844	826	828	824	835	841	816	835	838	807	844	842	818	829	822	843	838	821	826	838	846	821	851	805	807	830	828	803	810	834	816	830	816	810	822	804	853	824	808	810	843	834	822	784	850	839	831	816	797	837	819	849	839	833	835	852	812	837	829	833	843	834	833	839	816	820	824	812	821	814	837	843	819	811	789	3175.231989
857	832	844	827	829	831	812	823	821	853	814	847	846	823	840	857	821	828	855	805	839	819	817	832	815	833	837	833	841	833	828	848	855	817	803	823	814	810	815	815	837	836	851	858	815	795	814	823	826	812	807	850	835	830	819	840	784	835	820	816	806	840	836	820	852	803	828	851	853	837	826	805	808	788	831	852	837	842	795	834	826	837	830	820	811	841	830	810	826	826	837	810	816	797	844	826	3176.384282
817	865	840	847	818	841	833	830	846	837	825	834	824	834	827	852	863	840	826	819	795	819	819	823	813	829	841	842	819	798	835	859	848	839	823	807	810	825	824	835	820	800	809	813	847	837	810	823	800	819	817	840	771	832	814	864	830	839	840	826	855	804	843	831	841	827	810	817	850	803	822	834	829	810	821	823	830	795	833	805	822	812	835	827	816	841	841	826	813	816	848	851	815	851	831	828	3177.536298
822	824	807	826	832	837	844	813	823	845	830	817	831	831	847	806	800	830	831	840	851	809	822	836	837	861	817	854	830	830	849	837	817	811	813	842	820	808	830	847	821	815	806	851	841	844	850	852	829	806	813	818	827	825	859	844	819	808	816	849	804	837	851	856	825	849	831	815	805	825	812	832	802	826	823	809	809	819	833	815	819	842	828	839	823	840	838	857	826	817	818	844	817	862	829	812	3178.688036
860	846	818	824	838	819	821	836	815	824	862	844	851	856	804	856	801	846	810	822	816	821	813	801	859	841	845	850	849	844	859	840	819	820	843	800	821	836	840	834	827	799	831	849	825	833	829	822	818	820	832	840	834	851	838	844	842	825	829	834	847	799	826	838	827	821	826	848	830	815	808	845	832	812	833	840	828	825	842	802	829	822	818	834	855	844	833	834	826	823	795	821	825	827	840	811	3179.839496
834	854	805	866	832	850	821	844	835	822	819	833	826	813	850	840	843	819	838	828	808	831	842	827	837	809	832	834	846	835	809	831	840	853	845	822	812	813	840	804	833	828	826	833	841	855	840	856	831	841	813	815	825	816	810	818	804	837	837	830	829	861	820	838	830	856	842	844	838	821	815	828	829	827	841	835	832	854	855	827	831	840	827	844	833	815	849	836	821	812	832	810	835	817	837	840	3180.99068
820	836	832	840	838	854	833	825	865	821	828	837	807	850	851	809	818	821	846	861	844	840	824	820	838	832	849	824	833	815	822	857	834	840	824	842	783	815	863	828	830	831	858	833	839	838	838	838	818	849	838	846	837	832	815	807	812	836	803	827	865	811	837	817	821	804	822	845	847	827	836	827	818	820	837	853	848	857	824	839	843	823	832	833	839	809	832	838	848	824	837	829	830	818	822	823	3182.141585
836	834	843	843	831	859	844	866	827	849	838	862	847	839	825	806	840	849	835	832	821	805	819	825	832	814	819	860	834	863	840	833	852	819	845	878	798	830	823	803	822	816	824	840	821	863	799	825	823	838	822	845	866	840	824	826	844	839	823	841	830	801	793	844	852	821	833	841	829	856	840	826	842	846	828	807	830	833	880	827	831	859	840	871	831	856	844	839	826	805	812	836	836	843	865	826	3183.292214
840	853	844	843	839	833	838	861	817	831	858	823	828	840	833	854	855	844	831	844	804	838	838	826	846	868	851	856	859	864	849	818	825	851	844	851	822	822	800	851	836	836	836	840	858	842	841	809	819	861	852	821	854	859	849	832	834	834	846	841	843	824	846	837	813	836	809	828	856	820	832	867	835	863	828	847	853	815	831	850	828	825	833	802	822	859	853	806	826	818	850	843	833	829	842	865	3184.442566
879	855	846	838	844	833	819	826	850	858	849	851	853	849	840	820	831	864	845	864	829	835	847	861	825	841	846	830	847	840	852	866	834	845	842	828	830	815	840	836	836	853	856	853	842	823	834	836	851	843	849	890	855	847	826	848	801	853	837	851	829	843	832	843	855	850	854	843	845	837	815	811	845	839	850	850	823	819	824	816	824	813	852	819	823	847	847	846	838	857	847	844	827	870	826	828	3185.592641
855	843	844	826	850	818	844	836	867	852	833	873	849	853	834	839	869	852	856	855	842	863	837	842	828	859	851	854	860	832	871	837	861	847	825	840	801	846	808	826	862	831	821	847	844	836	840	854	853	834	822	841	841	830	849	848	832	826	846	854	851	858	887	854	851	869	853	838	845	856	858	855	812	835	838	831	811	867	843	845	825	799	831	836	818	864	824	829	861	852	818	839	823	825	845	846	3186.733315
842	867	834	816	828	819	861	826	828	840	852	859	860	852	834	845	880	837	838	854	842	845	870	849	844	831	861	839	861	843	845	864	852	832	821	823	860	833	835	876	840	848	841	839	848	835	864	826	854	854	848	840	865	851	838	856	856	856	859	856	833	826	851	843	842	872	842	859	836	853	861	833	829	866	853	819	860	830	826	820	850	851	840	840	866	826	849	830	818	820	836	843	853	837	851	870	3187.882838
839	838	869	836	865	831	843	852	848	839	852	860	846	868	862	857	837	871	883	853	831	848	857	842	871	865	861	824	865	828	851	830	860	848	839	837	832	868	837	825	872	859	863	841	863	866	840	844	829	838	841	824	875	876	841	855	847	876	866	831	866	830	834	870	849	869	817	832	832	852	851	869	857	813	826	866	866	837	851	840	840	829	861	871	842	814	875	856	874	842	874	848	822	870	856	863	3189.032085
876	893	819	829	856	881	845	849	854	868	859	861	866	847	856	846	862	882	867	892	871	859	881	824	842	864	848	853	863	852	886	855	868	863	866	859	846	851	875	842	865	871	832	874	843	833	862	868	835	832	867	846	840	849	852	854	854	834	853	859	893	847	856	855	836	857	846	847	858	831	865	828	851	854	841	854	810	837	863	849	871	882	844	862	849	867	877	845	839	847	850	858	827	858	856	841	3190.171937
860	843	864	892	855	886	853	858	849	870	855	865	864	851	848	850	863	849	880	890	838	870	864	865	863	868	863	858	899	846	861	847	843	840	856	844	830	879	816	862	863	869	873	882	858	850	851	864	873	844	861	878	860	867	841	838	872	865	857	834	860	846	870	898	875	894	848	856	845	841	826	834	854	858	849	835	862	864	848	854	849	830	840	893	848	839	852	826	855	852	872	855	835	876	844	843	3191.320633
878	841	854	856	862	862	854	867	840	866	856	845	879	884	921	825	888	858	855	874	885	838	886	876	856	826	841	871	879	869	881	893	846	887	861	872	874	877	862	904	861	867	875	838	870	867	843	843	870	889	850	845	859	844	873	862	857	854	856	855	856	883	822	864	854	880	851	861	869	854	857	850	833	867	876	839	860	844	857	866	866	857	852	824	875	897	889	856	854	849	842	874	820	860	864	813	3192.45994
893	871	880	881	841	881	892	845	821	873	859	844	884	864	855	872	847	877	855	864	842	870	868	846	871	862	886	858	850	868	856	881	842	856	887	848	855	843	851	858	885	868	870	872	890	861	852	866	835	855	845	879	858	877	861	877	860	831	855	861	857	881	836	874	831	836	831	861	867	857	855	872	863	867	874	840	890	887	852	853	876	881	858	866	917	845	860	869	845	841	842	861	853	853	852	863	3193.598974
860	831	851	861	829	883	866	844	871	867	857	890	857	874	884	855	874	863	870	836	854	877	860	841	860	844	877	878	838	860	893	860	844	859	859	861	822	842	859	862	861	835	866	855	859	807	880	843	840	868	880	849	845	848	875	858	852	858	852	878	868	858	827	831	869	873	850	851	866	825	864	877	900	868	861	880	844	850	860	865	856	877	857	837	861	854	860	891	873	885	840	858	854	829	861	845	3194.746846
832	873	867	871	837	870	824	846	873	856	873	876	890	850	855	864	854	875	846	861	856	853	843	856	878	867	866	870	884	863	850	856	882	877	856	848	866	863	833	842	880	874	876	860	855	881	844	864	868	846	853	847	869	850	854	846	865	859	865	857	863	844	873	860	862	830	863	867	886	872	849	867	858	844	848	863	894	852	878	895	865	829	863	844	848	863	852	908	863	859	844	865	860	867	853	849	3195.885335
874	838	849	859	865	863	841	870	870	841	839	854	847	870	868	892	871	859	872	850	863	849	889	872	872	865	871	858	874	858	856	867	833	860	849	879	858	846	898	845	866	843	863	837	851	832	858	878	850	840	873	848	846	849	882	877	870	839	873	828	865	871	856	863	841	839	862	873	859	820	854	861	850	874	868	830	878	838	866	873	836	852	827	856	858	867	868	833	829	878	848	841	856	853	846	865	3197.023552
846	874	861	850	856	851	867	863	843	859	893	817	881	840	866	878	858	832	834	865	850	834	842	870	852	834	861	847	892	845	879	836	873	883	845	853	861	860	874	836	819	886	859	828	850	854	862	868	878	850	831	851	827	816	869	838	861	857	852	847	815	853	805	860	857	815	851	857	845	825	838	859	847	859	843	827	823	867	874	844	817	814	842	861	833	844	887	870	866	823	805	850	857	864	877	853	3198.161498
866	874	860	865	850	872	849	871	855	843	830	850	839	852	841	856	838	882	832	829	860	827	867	847	838	867	856	840	840	867	881	847	836	854	831	845	846	813	853	836	825	848	847	825	832	841	839	858	852	836	832	835	831	861	836	857	870	853	834	843	860	817	851	838	847	833	853	852	866	855	839	856	846	849	837	861	827	835	848	853	865	842	852	837	839	842	870	855	835	829	850	821	836	838	854	833	3199.299172
856	830	841	840	860	847	867	845	837	838	852	864	852	878	849	842	861	835	861	831	865	855	837	841	863	850	828	854	846	854	855	867	851	822	849	848	855	854	853	825	836	854	839	860	839	858	825	854	842	834	819	862	836	821	822	826	849	844	836	861	861	855	846	842	840	853	838	882	836	824	853	860	841	842	824	836	854	847	837	849	822	836	836	813	850	855	854	835	851	866	839	858	836	841	816	849	3200.436575
826	859	845	821	836	854	859	843	867	880	850	859	864	841	836	840	827	854	856	854	869	838	831	858	840	829	844	865	866	848	845	848	825	841	845	858	827	844	849	805	847	861	846	854	825	863	846	828	856	833	843	845	854	834	844	836	812	810	850	864	849	850	843	846	848	822	841	846	812	792	831	866	843	807	831	843	857	859	830	817	837	819	833	838	859	812	839	826	837	826	833	854	839	832	828	818	3201.573707
864	860	874	852	843	845	831	880	864	869	841	831	835	821	819	828	873	863	847	833	845	878	817	876	848	876	828	833	858	852	834	806	832	837	873	848	816	843	863	858	845	805	846	806	851	851	839	866	852	853	830	859	840	836	834	839	843	834	853	837	850	856	838	847	851	865	846	844	846	845	832	847	832	841	863	863	824	809	838	847	841	834	845	853	823	837	843	832	832	837	852	851	861	845	813	803	3202.710568
842	867	840	867	850	840	879	845	834	834	829	845	811	836	821	858	849	855	846	804	848	849	858	830	857	829	847	852	842	867	875	834	817	831	799	854	862	832	825	835	817	845	841	852	821	832	816	850	833	828	837	855	862	845	841	825	858	824	847	850	838	853	832	837	850	843	833	816	839	840	832	843	876	833	812	830	844	806	834	836	803	844	832	846	870	843	818	835	820	819	847	788	870	836	820	856	3203.838066
865	871	829	832	811	831	812	848	816	854	824	829	837	850	840	852	806	882	813	841	857	824	827	813	869	829	849	856	872	823	844	817	824	835	848	844	809	813	836	807	827	835	839	828	833	865	833	811	861	823	829	828	841	845	833	841	812	848	841	816	848	847	821	851	838	858	844	875	824	805	860	851	833	834	824	830	850	836	843	829	844	829	822	836	832	835	859	839	834	818	843	819	821	822	851	850	3204.974387
879	826	828	839	846	825	830	833	852	828	827	876	831	826	831	865	839	847	827	843	821	819	845	824	826	846	800	825	825	844	851	828	828	852	838	825	861	818	826	856	844	788	825	866	832	820	846	844	838	814	845	839	837	849	836	855	827	851	843	824	843	854	859	853	832	826	828	829	829	806	837	821	824	862	875	841	834	839	812	846	817	854	837	837	868	852	845	819	841	846	817	838	812	831	853	870	3206.110437
834	833	840	848	838	851	846	833	817	829	833	866	829	847	834	855	835	838	836	855	828	823	819	839	810	839	848	810	847	848	831	866	842	853	817	858	849	836	804	851	801	817	830	814	851	840	831	804	823	849	809	827	821	829	838	858	863	852	850	841	857	845	844	874	852	845	833	852	811	834	821	824	822	816	812	830	839	836	831	830	838	817	813	836	792	816	863	826	848	799	846	846	830	825	850	846	3207.237132
814	846	852	842	827	829	846	836	840	845	835	844	847	847	825	831	845	838	839	821	837	850	861	810	843	869	838	857	815	861	847	822	830	822	828	833	849	833	858	815	826	862	836	817	861	828	833	824	835	853	832	830	842	834	842	818	850	831	828	853	856	824	839	831	844	837	843	842	817	848	860	849	821	856	799	827	841	834	830	839	802	857	837	884	861	815	873	841	844	850	825	830	815	836	821	857	3208.372643
827	830	850	837	850	844	834	847	854	837	849	815	813	853	857	835	823	812	804	814	845	825	799	858	835	840	837	819	831	847	831	803	879	814	841	808	825	829	837	835	822	849	832	819	842	821	838	851	856	864	840	822	861	811	852	831	823	826	846	833	832	826	836	854	827	849	841	833	834	831	801	852	843	824	865	833	833	841	844	851	835	861	850	848	807	825	818	834	800	864	851	820	850	840	845	867	3209.498802
842	854	858	841	824	827	821	820	828	852	812	866	832	849	826	847	802	861	840	815	832	841	857	868	837	822	820	847	818	834	847	858	833	867	817	852	866	849	835	842	821	833	838	848	848	833	828	827	828	863	845	859	846	842	860	848	811	818	859	811	844	851	842	868	864	848	819	832	874	876	846	819	833	847	844	817	838	831	843	846	852	836	837	834	830	866	849	858	846	860	825	830	860	801	838	856	3210.624696
843	866	851	815	869	859	794	823	842	854	828	841	836	848	847	825	850	861	806	846	845	841	873	846	883	827	861	855	851	827	838	853	847	824	822	867	839	821	828	859	840	846	812	854	821	838	832	865	826	864	828	835	831	833	854	865	842	866	881	834	826	855	828	842	854	853	849	823	822	850	828	836	853	855	851	859	835	820	819	851	824	828	838	837	847	846	864	845	864	845	834	849	858	828	861	826	3211.7594
849	855	838	846	853	847	841	850	855	848	838	826	871	857	818	841	861	862	892	866	857	847	876	849	832	858	828	887	823	863	832	826	846	859	852	853	854	841	834	850	853	807	855	873	840	855	848	854	847	830	867	858	873	848	832	827	836	853	842	859	813	856	846	820	894	836	838	874	859	835	831	860	843	876	874	848	871	839	845	847	855	855	859	819	866	847	860	875	865	838	863	812	840	811	838	848	3212.88476
886	828	842	859	881	882	843	844	870	835	834	850	850	831	843	844	846	859	835	845	856	833	869	864	841	850	842	813	845	837	832	848	847	834	857	840	888	846	844	842	831	882	832	846	872	847	842	867	883	835	850	840	865	850	852	862	877	820	856	842	838	830	798	862	816	860	840	839	861	855	849	848	841	839	838	854	832	848	845	844	860	858	851	854	847	846	860	844	846	855	822	864	857	877	848	857	3214.009853
852	873	873	853	849	848	855	842	862	884	853	883	872	845	885	857	853	849	841	855	860	850	850	854	845	879	837	863	865	869	872	875	857	870	869	847	826	841	873	863	860	857	842	852	837	849	852	838	867	846	849	861	869	849	854	879	857	884	814	851	866	876	864	868	843	851	848	852	842	861	816	845	854	843	825	847	854	860	831	882	834	874	841	845	873	833	858	847	845	845	829	845	846	850	863	859	3215.134681
843	827	864	831	866	869	858	855	872	874	840	860	840	847	839	842	858	850	852	868	850	859	853	866	870	881	864	858	864	848	916	867	847	868	850	866	855	851	842	862	869	838	872	815	845	888	885	838	861	826	830	857	876	854	872	862	890	846	851	887	861	854	847	861	858	843	854	867	868	884	868	849	844	848	845	845	880	855	862	849	857	889	839	859	857	855	840	852	880	870	900	841	833	866	875	853	3216.259244
879	873	885	875	858	881	829	855	853	844	853	886	862	845	860	857	854	840	846	842	856	852	854	884	880	859	847	831	839	865	879	874	849	863	839	838	867	839	864	848	855	841	833	874	852	859	862	872	849	844	879	860	846	860	837	853	879	881	829	866	834	836	865	857	881	885	855	861	829	861	855	830	846	855	853	838	840	857	831	865	838	827	856	851	867	834	872	860	884	854	870	870	839	887	841	868	3217.383541
875	862	847	858	857	861	856	843	855	848	851	861	841	867	870	865	856	860	858	875	826	825	843	856	843	849	839	856	852	846	847	868	853	852	839	868	838	882	859	854	827	855	832	864	865	872	838	845	864	851	845	849	850	841	824	853	841	870	862	865	865	873	844	873	848	859	874	850	834	830	854	850	844	864	836	859	839	837	852	841	846	860	865	857	871	853	853	860	863	844	864	872	845	858	866	835	3218.507572
834	850	845	855	848	875	827	851	855	865	832	871	860	854	869	847	882	844	875	826	864	876	880	851	867	840	855	850	864	859	867	885	866	856	874	869	827	847	854	859	878	847	889	857	843	830	862	836	878	848	844	854	852	884	838	823	854	865	860	843	856	885	860	892	877	858	864	875	856	875	848	850	798	829	851	848	895	888	847	828	861	870	856	876	874	870	874	863	840	863	868	846	870	843	894	851	3219.631338
859	863	876	883	854	853	875	850	864	839	858	859	887	853	856	840	831	825	836	866	829	862	843	844	862	870	850	849	866	843	843	868	869	854	869	887	829	851	860	854	869	852	839	854	845	867	869	842	882	865	857	845	850	868	860	846	840	841	856	859	844	870	888	837	887	837	846	845	868	854	863	818	872	858	856	848	845	866	883	838	838	850	844	861	871	852	873	844	849	857	852	859	861	888	876	854	3220.754839
870	881	857	851	861	846	849	843	860	866	859	895	856	888	829	848	876	865	868	842	862	842	831	835	858	846	868	845	855	880	837	839	838	859	887	855	855	866	877	851	837	865	861	841	863	852	855	834	882	865	811	833	842	851	830	867	862	839	831	831	840	856	876	852	852	856	831	853	854	871	869	866	860	854	836	859	858	881	862	885	850	867	850	860	840	853	868	837	856	861	842	839	871	826	847	855	3221.869017
847	873	874	880	843	850	841	828	838	844	822	858	820	832	853	834	858	864	875	844	825	860	849	835	854	845	858	814	828	863	861	852	845	847	859	831	835	847	851	839	861	865	857	850	845	846	856	840	877	850	861	846	830	855	861	849	873	840	843	844	856	855	837	853	870	834	861	825	835	847	839	864	856	853	840	821	844	844	813	872	851	826	862	855	868	857	870	841	857	858	827	849	830	869	840	862	3222.991989
849	824	830	829	837	845	866	837	860	862	870	830	834	848	858	849	882	836	845	877	842	830	840	833	841	832	863	872	866	868	873	865	838	860	827	858	833	863	818	848	855	838	831	833	853	852	833	826	857	859	855	845	843	858	852	830	857	867	851	876	851	872	872	824	829	861	842	837	855	826	842	854	833	863	854	841	829	878	838	843	833	869	856	824	842	866	857	841	815	894	869	859	864	866	831	872	3224.114697
839	835	834	858	833	834	838	848	839	867	882	847	839	820	860	856	845	880	831	851	861	838	851	823	842	871	855	832	820	862	864	869	866	834	857	819	852	813	808	823	847	861	823	850	825	849	848	810	855	841	845	842	844	825	839	861	827	848	834	869	867	836	832	837	861	828	851	842	840	873	835	836	838	828	857	844	836	874	837	810	834	839	880	855	825	830	819	836	852	885	836	845	841	873	829	838	3225.228089
858	858	807	835	823	832	819	873	861	826	841	838	837	836	830	839	868	830	869	818	834	828	848	827	854	861	821	838	876	857	862	816	860	846	845	860	851	833	844	844	836	823	827	828	863	845	856	853	838	854	826	836	838	862	839	855	840	843	836	829	812	841	860	839	843	849	835	849	843	851	835	838	816	790	812	842	832	846	834	889	820	831	866	876	871	849	831	827	857	831	828	851	856	836	846	852	3226.34122
838	862	820	832	883	819	831	858	837	845	852	864	842	839	857	830	839	818	859	834	838	833	839	863	832	852	838	845	839	841	853	853	833	858	834	834	824	838	853	834	844	850	795	816	802	808	834	797	850	813	877	840	840	843	856	841	834	828	849	840	825	860	837	834	822	849	834	837	864	858	823	830	871	843	802	835	826	838	831	824	847	827	843	822	843	851	835	857	850	831	836	827	843	830	862	814	3227.463138
866	837	844	830	845	820	800	859	827	845	841	828	830	811	845	822	821	838	839	838	833	832	824	878	844	834	845	833	840	814	855	813	848	837	857	821	861	807	831	846	856	849	827	858	806	862	839	832	836	824	827	887	828	829	848	818	838	817	827	843	832	828	813	840	859	851	826	817	843	848	838	793	840	854	871	791	852	812	819	823	830	854	855	823	846	834	820	833	806	840	820	786	812	858	834	832	3228.575746
814	838	835	847	849	810	849	834	800	824	837	834	862	833	852	823	847	824	837	839	830	838	836	812	844	835	825	844	846	846	833	824	831	840	842	847	808	825	828	832	858	811	838	859	831	828	819	814	819	813	848	827	854	827	834	829	861	860	850	841	811	821	837	807	813	885	826	847	838	820	835	863	829	841	813	811	808	815	832	831	824	811	827	829	838	828	854	818	824	821	847	834	858	810	833	857	3229.688094
848	826	819	845	856	836	818	847	809	830	825	823	785	831	832	832	841	817	852	794	849	871	819	822	815	851	840	828	836	868	828	839	838	831	845	837	832	801	805	816	817	818	822	833	835	809	820	814	823	816	850	826	836	842	816	863	857	837	831	813	833	837	830	837	815	830	857	815	816	835	827	834	834	816	831	853	821	808	855	843	808	819	830	824	841	852	818	831	836	817	845	843	855	817	820	819	3230.809222
845	859	816	829	816	826	843	824	843	815	837	855	812	832	807	825	803	810	826	844	801	820	820	805	846	846	843	819	811	846	813	853	834	850	808	814	815	839	813	834	825	831	829	847	822	853	833	807	827	836	831	832	829	841	833	818	841	825	829	840	808	832	852	825	861	822	814	826	834	836	828	839	809	834	823	815	829	810	827	823	836	822	807	839	809	837	845	804	824	846	820	823	812	794	834	807	3231.921048
837	841	814	815	825	820	832	804	852	813	817	811	824	832	808	832	842	796	822	811	823	814	833	852	814	823	841	863	825	834	848	816	820	822	837	804	834	813	820	830	849	802	827	813	807	829	811	819	870	816	831	840	819	811	810	849	840	832	824	826	823	842	840	826	838	832	806	824	810	822	812	855	825	819	833	813	827	823	807	784	833	838	855	816	824	863	821	843	811	858	821	832	830	831	826	858	3233.032614
846	836	830	838	806	831	819	818	807	826	841	810	813	858	782	822	800	832	813	811	829	841	817	826	821	803	826	836	821	832	834	818	811	847	844	837	845	838	814	826	820	796	812	829	854	810	812	819	822	810	827	819	841	798	827	824	815	837	812	819	811	859	844	845	850	841	812	834	828	808	817	821	846	840	824	819	787	816	814	827	817	822	832	821	809	807	835	804	827	821	845	837	801	819	829	843	3234.14392
803	824	805	819	820	824	803	834	845	815	817	845	807	826	849	823	848	842	821	819	814	846	836	804	835	827	839	806	804	820	847	823	825	819	813	829	790	822	833	846	823	796	821	837	850	817	831	816	822	816	786	830	797	804	829	847	821	859	834	836	825	829	824	804	831	803	815	808	821	811	813	832	824	810	854	824	796	836	825	809	827	851	807	834	806	844	835	825	837	810	814	797	801	812	822	821	3235.254966
834	812	820	809	831	818	817	857	835	824	825	817	834	834	822	820	814	816	824	796	832	808	799	846	832	822	836	848	812	812	831	858	840	818	839	827	824	796	817	837	828	811	784	816	802	812	821	818	846	836	814	849	846	820	821	822	844	807	817	806	816	821	837	828	826	823	827	832	847	779	828	814	829	841	819	815	815	810	837	808	837	821	803	803	789	814	845	821	822	801	815	825	821	810	833	822	3236.365752
833	853	825	801	830	819	818	835	803	824	831	821	812	807	807	813	810	834	853	816	811	802	830	811	800	831	820	813	824	844	828	846	820	817	812	835	820	840	826	816	835	806	804	825	827	821	824	807	805	849	840	821	827	795	825	818	805	828	809	837	814	807	813	834	799	814	854	836	800	802	817	834	812	852	811	819	821	846	830	829	826	816	853	846	813	831	816	837	823	807	784	811	816	815	822	795	3237.467251
850	826	804	805	827	816	829	824	828	815	798	815	838	844	814	796	811	813	812	799	837	838	835	849	832	857	801	827	788	836	821	828	856	796	833	827	824	833	811	822	838	805	833	826	826	831	815	807	815	837	816	801	831	823	802	815	798	838	836	838	826	829	840	801	858	814	856	820	831	826	819	791	813	823	831	821	847	780	801	804	822	796	805	829	825	819	832	822	830	828	823	808	823	807	794	818	3238.57752
857	836	817	845	822	826	810	828	819	797	811	847	814	811	824	823	796	842	827	804	790	826	835	825	797	820	825	822	827	822	834	824	822	784	825	833	816	792	816	835	814	807	793	855	801	812	827	813	815	819	828	836	831	808	822	832	841	807	827	832	821	851	839	819	812	836	833	835	822	804	800	825	808	815	829	787	828	804	808	806	809	828	815	816	833	789	827	841	809	820	822	819	821	807	813	806	3239.68753
829	819	817	847	840	838	844	794	841	820	822	844	809	798	850	835	818	841	827	816	822	821	826	831	804	813	808	841	861	808	853	836	828	846	821	801	834	818	843	792	840	845	821	825	845	805	833	846	826	828	847	824	813	804	804	807	826	843	834	841	852	868	791	814	816	805	816	831	812	849	807	814	811	819	844	826	826	836	826	815	837	849	829	822	823	836	810	833	790	821	816	825	805	837	812	833	3240.788259
818	821	833	808	830	834	837	836	833	840	838	827	815	811	811	820	828	835	837	830	848	822	806	843	831	824	827	807	833	814	805	802	838	851	788	817	813	815	814	836	830	880	804	830	812	820	824	819	825	780	816	818	847	795	830	831	841	826	792	811	841	828	833	829	838	815	832	851	852	834	835	822	835	812	827	834	807	825	852	819	830	834	825	809	852	844	819	820	830	818	831	815	818	810	843	844	3241.897752
822	833	841	836	864	838	838	822	790	802	826	783	833	830	818	826	809	839	829	805	811	808	847	836	846	814	819	829	832	814	820	855	817	831	829	820	808	812	825	820	821	837	823	841	826	825	837	790	852	841	831	801	799	857	817	824	828	833	840	811	821	810	813	818	821	813	828	793	821	836	822	840	814	837	804	779	794	794	811	824	791	783	792	859	793	827	836	833	825	840	854	814	790	788	814	814	3242.997969
827	807	859	822	819	814	832	840	825	825	832	814	836	833	804	798	822	817	826	831	819	827	839	823	824	820	800	820	806	834	839	818	826	815	832	803	800	811	806	831	813	801	829	829	814	831	803	816	817	817	808	829	803	823	788	818	820	811	821	833	810	831	828	810	810	827	829	859	814	808	838	818	792	841	815	814	817	811	813	795	836	808	844	828	831	822	842	818	826	809	829	828	815	824	808	822	3244.106946
839	830	822	826	825	828	792	815	792	829	823	831	846	833	859	843	833	816	808	841	828	822	821	828	843	811	849	834	798	851	839	811	826	830	860	820	795	808	851	790	788	825	825	819	810	820	836	820	851	799	828	846	820	849	818	808	835	814	800	817	808	857	805	833	833	840	809	817	840	831	819	850	817	817	854	831	831	806	833	830	780	811	810	833	827	823	847	826	809	827	837	854	837	819	804	842	3245.206652
828	816	823	816	843	795	839	827	848	841	829	819	840	820	839	832	813	820	819	815	803	819	822	826	795	837	843	828	837	836	807	825	836	823	839	848	845	801	802	833	806	831	800	822	843	834	823	805	853	821	806	844	846	809	852	820	807	843	808	830	786	816	803	844	818	808	825	841	838	834	854	833	817	850	848	838	846	816	819	849	817	843	813	803	823	837	823	811	834	820	843	821	803	824	821	839	3246.306102
840	827	834	852	827	831	838	822	818	813	841	826	834	824	825	831	818	823	848	816	832	830	814	789	823	847	842	856	835	834	813	812	845	809	832	822	830	836	829	808	846	835	856	822	837	855	851	843	848	841	830	820	834	825	839	824	812	838	834	829	813	817	853	829	822	816	830	825	825	824	809	865	850	837	842	802	836	807	820	831	811	835	830	829	828	814	794	845	804	820	828	833	806	828	831	833	3247.414307
829	838	832	845	820	848	828	848	809	818	833	823	818	804	842	831	814	819	845	832	865	812	858	831	820	841	853	859	814	832	845	806	840	842	835	839	807	825	817	839	828	825	855	797	825	843	811	824	867	856	817	772	827	811	821	821	832	845	830	834	839	808	816	835	814	829	849	834	815	831	839	836	812	855	843	840	858	853	824	834	842	813	835	832	872	823	845	830	816	814	830	850	857	838	839	825	3248.513246
831	844	821	828	844	824	841	845	801	817	884	829	849	802	823	835	837	843	842	825	824	818	816	836	843	835	810	817	850	834	837	826	841	827	830	818	827	844	836	822	836	840	827	832	808	822	856	824	828	834	824	852	850	849	852	805	851	812	847	864	832	838	824	820	829	790	836	815	824	828	805	829	817	814	798	852	846	848	838	838	820	841	829	837	820	826	851	851	810	835	868	842	837	857	834	825	3249.611931
852	827	835	849	821	819	830	852	836	845	828	828	836	859	865	874	814	837	842	846	841	831	835	848	838	808	842	842	832	839	847	820	817	867	846	842	844	824	830	837	840	839	811	815	858	841	841	840	841	830	835	822	825	835	797	841	829	832	854	779	838	815	838	818	815	842	856	827	846	826	844	851	838	840	839	838	858	846	829	823	838	816	837	838	831	823	841	830	840	818	804	821	828	818	828	823	3250.710361
865	835	850	842	832	858	868	819	867	845	822	853	836	833	809	850	856	864	841	829	849	833	842	827	836	846	839	848	860	854	832	844	860	844	851	862	825	827	813	819	865	826	801	810	820	835	842	842	856	857	832	817	822	831	862	831	832	834	820	845	828	831	828	835	838	817	837	838	849	821	842	813	809	815	863	863	835	841	849	824	827	827	831	826	834	817	820	850	857	800	793	861	838	838	803	833	3251.808537
844	820	831	820	801	818	830	852	852	848	813	868	828	839	832	848	815	839	816	809	830	834	845	847	837	828	812	794	836	845	849	864	843	802	827	822	856	821	828	846	812	814	841	836	807	797	849	816	816	852	842	835	860	838	830	813	837	801	817	811	852	812	821	854	837	823	813	849	838	815	808	845	849	862	817	840	838	800	812	835	844	821	818	817	839	817	854	814	851	800	843	828	832	834	835	843	3252.906459
826	860	830	830	845	812	818	808	822	821	856	818	844	813	807	816	831	852	810	838	802	826	841	852	821	838	824	827	843	832	823	822	843	820	838	824	838	838	828	815	839	841	837	854	802	844	840	843	854	817	867	828	846	836	814	841	836	819	825	832	846	820	814	815	826	826	840	817	846	819	806	841	824	797	805	824	823	807	824	812	823	827	822	810	832	825	859	870	821	843	837	812	808	826	858	842	3253.995131
815	842	824	840	837	822	817	856	843	840	825	843	803	810	826	813	791	822	828	815	845	837	825	825	823	836	826	813	818	841	821	825	837	816	812	841	824	838	846	813	832	841	852	822	822	812	790	830	788	836	805	830	834	811	813	840	818	821	833	806	820	807	819	828	829	838	816	835	828	822	806	782	827	815	801	820	856	792	839	826	819	828	830	819	804	829	840	831	807	806	829	802	816	826	800	839	3255.092547
844	831	829	844	849	809	843	805	820	803	824	815	845	799	819	837	812	842	812	810	835	809	817	827	800	825	841	798	806	807	809	812	840	820	853	828	785	815	840	811	819	824	808	819	827	838	814	843	827	806	823	838	813	825	793	793	831	800	811	842	820	826	816	801	838	800	834	829	809	803	811	820	828	814	835	783	800	822	825	828	796	844	829	823	835	788	826	820	820	824	809	812	812	809	805	797	3256.189709
834	814	829	783	828	792	813	838	800	838	812	813	822	830	808	815	823	841	824	768	801	824	799	823	822	805	807	815	818	831	823	800	785	819	820	834	808	847	803	783	795	817	823	814	821	824	816	832	826	838	815	831	820	818	803	801	825	775	836	822	795	815	818	827	814	818	826	798	835	821	800	818	808	805	806	816	834	824	808	808	819	793	812	819	823	807	819	840	833	805	810	824	830	802	851	810	3257.277627
821	826	793	818	807	810	798	820	828	818	799	808	817	799	803	827	809	817	819	838	835	820	807	808	807	803	813	823	795	822	800	811	830	817	783	795	810	813	809	804	828	806	818	800	803	800	816	799	815	806	827	817	804	790	789	813	806	844	819	790	782	814	799	786	809	793	818	783	825	786	812	819	806	814	831	799	817	802	854	822	813	822	789	818	795	821	796	809	841	826	819	794	783	833	774	812	3258.374284
805	790	784	808	812	782	822	803	797	804	824	832	803	792	795	805	779	817	787	806	810	806	827	797	819	813	816	817	820	811	803	822	809	813	815	807	783	815	781	790	808	840	814	800	823	778	809	826	809	829	804	788	827	793	809	843	796	828	823	794	835	777	811	812	810	813	819	787	801	794	791	805	785	802	808	816	812	810	776	811	811	791	792	819	803	829	795	786	804	808	825	815	785	803	793	800	3259.470687
797	799	807	825	822	805	816	793	816	816	798	803	779	788	799	778	841	818	812	832	800	828	801	807	806	800	802	816	815	822	822	813	808	788	812	785	812	806	799	800	820	806	799	782	816	812	811	803	820	798	771	779	815	814	802	769	816	793	796	810	816	800	805	799	823	821	808	797	833	788	801	812	799	826	792	803	805	816	781	801	817	815	817	785	842	790	793	781	803	812	806	803	822	792	791	799	3260.557852
786	796	789	800	798	806	818	819	817	805	810	805	817	792	796	783	813	807	779	779	784	781	806	857	818	819	815	815	813	795	788	812	804	781	780	807	803	804	780	780	781	815	798	789	793	838	824	804	818	832	804	806	819	815	821	797	802	795	763	806	810	821	783	820	802	843	807	826	796	792	806	785	779	808	793	795	793	804	850	781	795	807	792	793	789	809	820	791	813	808	787	827	792	804	804	798	3261.644769
788	799	805	771	782	791	789	797	786	796	836	791	819	809	818	820	791	807	812	780	794	826	771	781	799	806	809	819	822	799	808	815	807	791	816	800	790	778	804	817	814	813	786	814	806	777	807	800	808	806	795	817	811	795	792	812	805	846	810	772	834	770	799	808	811	810	797	799	807	778	788	798	820	837	786	821	822	807	789	791	797	803	798	808	833	812	774	780	797	823	782	830	811	789	756	803	3262.740415
817	777	833	801	794	825	794	780	817	812	791	809	779	796	805	806	817	791	788	811	794	772	820	808	788	797	800	816	836	817	805	799	810	815	791	796	812	795	771	774	789	804	774	812	828	825	804	822	802	813	810	830	787	815	790	792	822	797	791	801	812	793	819	819	812	800	786	792	782	840	815	816	805	817	794	792	832	800	795	790	827	785	812	812	789	799	803	787	808	784	811	786	793	809	786	789	3263.826831
828	802	812	778	811	823	810	830	806	805	805	803	829	800	809	794	810	794	780	827	785	801	796	785	811	812	784	795	816	792	795	804	812	796	775	815	797	799	802	789	804	816	797	817	804	786	803	800	789	801	794	786	777	814	817	821	798	804	808	805	817	779	801	816	778	810	800	793	811	789	817	812	787	796	799	774	803	809	795	806	810	801	791	803	805	795	801	801	796	782	798	816	810	781	790	818	3264.912998
805	805	808	821	777	809	781	806	798	802	803	821	784	813	806	802	822	800	786	820	821	803	800	802	790	785	841	796	803	799	843	825	821	815	810	781	779	825	806	804	780	801	775	808	797	797	799	837	820	767	795	787	792	808	797	795	806	813	781	788	823	793	825	818	809	805	787	806	782	799	803	797	822	810	776	807	804	793	803	803	802	771	819	771	803	827	786	800	792	811	807	809	806	783	804	785	3265.998915
789	811	821	831	793	809	825	793	812	804	812	793	801	808	804	800	789	806	784	814	799	788	770	808	831	791	764	805	780	802	796	800	801	791	806	804	799	815	813	792	802	791	814	804	794	799	806	785	781	803	828	786	814	804	805	794	826	798	791	793	781	795	793	768	825	782	798	796	811	804	796	796	794	808	799	780	794	787	788	785	812	796	817	764	801	819	781	797	835	796	774	797	829	791	814	797	3267.084584
803	801	806	789	799	818	776	786	801	819	819	802	810	808	792	828	804	794	807	743	788	810	784	816	795	798	812	791	828	800	809	802	826	787	787	801	846	792	795	820	807	812	785	782	809	810	782	814	801	808	779	799	784	806	799	808	808	788	793	814	787	777	785	804	776	789	821	793	810	789	790	799	790	791	784	807	810	793	815	808	805	817	791	789	799	801	826	803	804	779	805	770	801	810	813	787	3268.170004
816	809	783	808	789	812	813	812	801	785	783	795	768	808	819	785	778	802	812	809	805	801	824	843	776	806	795	788	789	799	810	806	811	792	816	788	812	790	806	805	800	795	783	803	809	801	821	803	795	826	800	806	820	773	785	813	813	810	786	808	783	781	798	826	795	814	789	816	821	775	782	819	780	815	788	769	803	791	796	812	804	786	794	807	804	806	802	809	786	774	811	774	811	777	792	797	3269.255175
813	817	814	809	805	800	811	798	814	825	822	827	819	823	806	774	762	833	829	774	795	809	804	785	773	803	816	820	818	815	796	777	822	785	787	793	777	788	806	785	810	817	798	781	786	829	789	810	786	783	790	785	786	801	817	793	810	819	810	804	801	816	788	802	797	794	800	805	820	821	798	810	766	814	810	792	801	798	772	814	783	832	825	826	818	851	803	837	800	800	784	775	827	804	803	799	3270.340098
807	816	825	807	823	821	804	790	830	784	807	789	799	800	783	793	821	795	815	795	782	804	779	788	773	788	803	775	818	797	808	825	807	802	819	816	830	809	786	800	817	830	826	805	813	800	802	819	797	809	786	796	801	804	816	830	776	790	763	773	797	792	809	809	808	809	803	779	789	807	788	783	803	798	806	805	811	777	802	794	795	801	807	824	791	787	801	794	782	787	815	819	772	790	788	787	3271.424772
811	831	799	802	812	816	806	803	791	811	825	783	807	819	817	800	799	805	808	829	810	819	783	802	825	803	807	798	816	798	820	793	821	809	818	832	808	818	798	828	828	785	803	795	796	780	788	782	800	771	806	800	835	803	794	802	817	797	831	796	803	805	798	819	794	808	805	790	813	815	818	800	781	800	801	817	789	778	798	778	797	768	814	798	828	822	812	832	809	841	795	806	784	813	811	792	3272.500236
820	803	784	819	812	818	821	809	786	814	834	815	781	800	800	787	794	807	802	801	818	804	813	801	824	812	795	804	834	794	798	822	791	783	804	793	804	821	807	787	799	811	835	792	821	822	804	807	829	807	818	822	801	790	802	808	801	796	799	787	782	771	809	812	834	813	816	788	809	806	795	788	793	821	797	814	847	808	791	796	843	808	798	805	820	781	785	805	808	793	811	826	818	818	825	797	3273.584415
802	808	814	815	815	787	806	804	824	785	822	835	817	828	835	813	799	820	799	790	834	800	835	803	818	797	812	820	797	810	809	797	807	802	806	823	809	790	831	800	762	798	801	804	798	810	805	788	787	810	783	792	802	791	790	814	808	812	800	820	790	792	810	803	814	814	794	846	807	815	795	830	804	807	786	817	823	817	834	824	816	803	781	796	807	798	793	828	812	790	839	801	801	806	823	798	3274.659389
830	821	814	820	794	832	811	835	794	803	841	830	808	808	822	830	808	813	826	815	790	816	828	818	776	807	833	806	807	812	823	823	807	799	794	792	815	792	793	782	788	777	790	798	808	809	803	812	811	821	833	800	800	805	827	823	808	814	800	802	817	791	814	794	799	784	799	803	803	852	804	836	806	773	811	815	808	777	835	796	826	818	853	828	802	825	830	821	813	820	827	819	796	822	780	797	3275.743073
807	818	834	804	817	799	814	811	804	799	818	837	817	775	808	815	800	818	836	800	815	831	794	801	798	828	820	793	802	809	813	813	818	835	807	806	791	796	801	793	768	800	813	779	828	802	789	828	794	821	823	816	802	806	805	811	815	791	781	808	808	807	814	832	808	812	804	811	793	801	808	811	810	829	802	818	800	813	805	808	825	845	817	826	815	817	808	802	806	810	787	815	824	830	802	809	3276.817557
785	831	801	799	810	794	825	787	812	835	825	797	806	820	801	794	787	823	788	803	812	808	804	786	808	807	816	850	779	837	805	796	805	819	817	791	827	802	814	801	801	827	807	819	830	808	816	827	812	828	813	794	791	808	811	829	801	811	814	798	796	820	796	807	799	824	833	790	814	818	818	814	802	801	809	800	796	802	801	808	791	805	792	844	811	796	841	819	795	801	801	788	792	794	798	793	3277.900747
822	846	810	801	781	809	806	787	808	826	815	791	792	781	808	790	797	807	794	796	770	815	790	816	821	780	789	792	839	812	796	824	825	806	822	826	806	843	804	787	805	803	796	806	780	824	778	807	784	815	833	816	795	828	798	799	809	790	797	810	778	809	791	810	798	804	789	780	813	798	807	820	815	794	788	796	791	788	783	795	772	805	799	808	844	799	794	809	800	799	795	790	789	791	813	834	3278.974741
798	802	811	792	782	800	813	813	789	806	772	803	803	798	829	802	798	824	804	804	773	824	816	808	810	793	791	771	795	804	818	781	784	806	817	813	823	811	819	796	789	807	774	805	792	799	804	774	799	787	817	802	817	808	801	798	805	784	812	777	789	783	826	813	790	803	787	813	787	797	782	783	807	796	762	800	823	769	795	779	819	820	799	827	814	813	790	782	800	815	782	837	776	777	799	808	3280.048491
812	805	816	800	797	793	778	814	781	794	792	808	817	797	782	796	816	798	807	767	811	817	819	782	793	808	798	816	821	795	823	826	780	808	814	828	779	755	795	789	795	798	800	769	778	801	805	791	803	795	796	798	781	796	815	813	794	774	801	805	808	807	776	817	794	791	797	801	810	814	782	806	807	794	776	784	795	784	814	779	806	784	810	813	788	806	829	810	852	778	800	830	805	784	797	791	3281.121997
800	799	806	794	802	808	829	826	780	806	802	782	787	776	800	812	787	788	777	794	757	784	799	789	776	797	797	813	808	782	792	790	815	793	793	804	801	810	796	774	792	788	774	817	804	796	777	796	803	789	786	806	776	802	814	803	809	804	799	813	777	809	788	796	781	803	783	810	782	807	805	800	813	774	783	785	812	810	800	791	794	799	820	799	815	807	803	768	810	769	795	809	809	793	803	813	3282.204202
792	806	782	821	796	794	802	761	804	794	822	793	806	763	797	807	757	810	811	789	807	785	788	773	793	794	808	803	767	784	810	814	790	800	773	822	806	810	784	791	802	775	788	800	777	792	768	770	805	774	803	822	805	780	772	759	817	788	795	776	792	826	780	787	773	801	802	819	809	787	784	816	790	784	793	779	807	770	804	788	800	787	785	762	813	791	811	771	788	806	800	781	753	796	794	785	3283.277219
800	796	806	801	767	769	803	792	769	813	779	803	762	797	795	805	818	781	789	817	814	801	806	787	781	821	787	806	784	780	798	790	789	810	787	791	790	776	789	787	788	792	765	786	815	795	784	797	814	767	817	776	771	780	785	800	805	785	782	801	770	786	778	803	784	796	795	810	804	775	778	800	769	798	798	786	768	779	804	753	779	797	777	791	801	808	805	779	765	774	778	771	805	774	791	762	3284.349992
807	791	820	765	793	787	785	798	780	781	810	760	778	780	791	793	808	807	781	780	788	767	770	785	804	801	806	773	799	776	789	802	788	806	790	799	774	801	774	807	789	782	768	773	764	798	813	772	784	809	801	814	786	756	794	762	783	787	806	774	801	806	758	777	795	799	785	795	798	782	817	779	798	783	803	777	801	778	780	787	777	800	776	777	797	782	811	775	787	777	790	800	792	773	789	826	3285.413585
769	798	778	790	778	787	783	805	801	788	785	781	771	771	783	763	803	789	784	776	789	767	797	757	801	806	775	794	775	787	776	772	822	775	792	803	780	790	801	805	798	776	749	774	795	779	787	769	765	765	768	786	762	771	807	756	747	797	752	781	765	784	767	791	788	798	816	775	794	776	773	807	746	793	804	798	770	766	797	804	788	754	769	790	786	777	769	773	793	763	790	807	786	805	781	788	3286.485874
800	770	768	811	790	777	780	769	800	806	788	794	817	799	786	803	777	753	792	776	778	760	772	816	781	796	752	772	795	799	793	784	785	781	762	786	755	779	759	779	785	782	782	758	782	792	773	750	802	773	793	795	748	798	785	798	802	747	790	791	748	770	773	783	799	767	795	791	827	820	804	780	796	774	777	811	791	780	787	812	815	772	787	807	782	768	782	782	781	744	787	788	782	774	787	783	3287.55792
787	775	804	793	778	755	781	764	780	780	794	773	785	765	794	799	789	785	791	771	773	774	786	772	787	779	781	762	802	797	779	778	787	767	785	790	767	786	797	762	802	773	784	768	763	778	772	774	780	809	778	798	791	784	758	794	784	767	767	791	817	778	792	802	778	796	753	779	766	773	799	796	793	772	769	779	758	773	773	778	761	789	818	773	786	761	786	773	767	771	773	776	773	794	776	787	3288.629722
799	802	768	786	780	790	781	766	752	774	800	775	782	776	796	772	786	783	791	798	777	765	787	781	756	774	783	778	782	779	777	783	776	776	788	758	758	749	770	810	785	769	773	776	755	774	789	785	781	791	788	790	762	783	796	753	770	796	779	769	787	806	792	773	760	766	791	783	786	777	758	785	786	783	778	776	757	779	771	763	764	770	776	794	745	770	788	767	757	754	785	787	801	790	778	777	3289.692352
765	787	785	760	782	789	797	788	803	763	748	797	767	789	773	815	764	793	790	768	772	782	794	770	782	780	810	776	789	793	794	779	766	812	792	747	768	771	769	805	776	758	788	776	775	768	763	754	802	785	790	782	796	767	778	758	766	771	761	788	768	793	759	763	776	789	779	791	775	764	765	752	750	784	801	785	769	797	778	777	787	752	761	786	790	768	765	747	790	753	762	769	773	754	799	802	3290.763671
795	782	776	782	821	784	781	761	774	770	790	791	773	784	772	756	781	789	757	803	772	772	768	773	783	778	773	774	779	807	797	766	780	785	761	765	760	778	771	785	774	782	768	791	761	776	757	766	761	796	794	761	763	767	771	807	759	781	778	764	766	780	776	797	773	770	801	775	788	776	795	792	756	753	763	736	792	805	771	780	788	756	785	783	765	769	763	773	789	768	793	778	761	783	794	802	3291.825822
787	783	773	772	782	779	798	769	777	787	747	762	760	774	773	768	767	766	772	753	778	790	763	768	778	755	760	792	786	765	779	786	772	787	784	753	768	763	768	767	782	787	790	768	758	760	795	787	789	777	816	784	743	774	768	775	774	773	772	764	759	769	782	790	750	794	756	743	786	772	758	780	782	758	764	775	800	751	796	777	767	765	779	759	790	791	780	777	797	767	767	779	796	789	807	759	3292.896656
778	793	768	770	793	771	745	760	746	797	762	774	763	781	769	814	810	785	784	758	769	774	780	772	760	787	790	770	780	759	765	757	767	761	768	771	769	764	772	776	747	772	768	766	775	798	782	762	776	771	776	772	773	751	761	773	786	777	785	746	763	795	763	779	772	780	762	775	774	756	767	773	797	773	772	771	755	759	752	772	766	780	762	769	762	786	790	781	774	767	792	769	793	773	770	780	3293.958327
766	781	780	774	758	764	768	769	770	753	772	779	767	773	762	758	777	748	766	760	765	764	754	770	755	763	784	770	776	754	787	784	735	781	746	769	769	756	790	752	756	758	750	788	777	792	778	770	741	771	762	767	782	768	788	777	769	770	790	775	768	760	783	733	783	785	788	747	745	769	762	799	784	743	773	773	768	775	770	751	768	795	752	754	756	741	771	785	794	751	782	765	767	758	740	788	3295.028679
770	771	769	800	788	765	782	781	746	771	796	768	763	775	774	755	763	762	785	803	757	799	786	770	778	759	751	776	775	762	771	787	801	757	761	776	772	789	774	778	744	748	748	763	798	776	788	744	758	803	773	768	776	783	783	772	770	781	792	763	765	789	799	787	791	766	763	785	754	754	795	771	752	791	782	741	757	764	774	764	802	791	757	786	783	752	765	745	770	763	755	764	759	799	769	736	3296.089871
754	786	770	775	804	760	784	782	783	788	813	767	772	773	766	762	765	791	769	771	771	794	743	775	763	773	764	783	782	775	762	775	782	774	793	775	737	749	771	753	776	772	775	765	758	777	751	738	780	777	773	764	763	749	749	774	781	782	765	760	803	794	770	759	789	788	753	783	777	760	751	760	777	774	810	764	787	759	755	789	723	771	781	800	761	804	741	773	748	729	776	752	802	758	743	756	3297.150824
787	757	777	788	806	787	747	785	815	745	775	774	765	799	718	763	789	781	792	792	807	771	763	772	764	774	776	786	802	776	778	785	782	783	769	794	761	751	780	784	752	748	779	790	769	755	754	743	758	778	775	762	757	758	807	764	769	764	777	768	770	789	771	754	787	784	772	779	738	788	743	770	766	766	782	764	767	750	750	773	778	769	767	768	787	766	791	754	791	775	767	767	780	771	762	783	3298.21154
779	761	782	765	762	777	774	781	753	777	787	779	781	776	779	767	787	766	778	742	811	777	794	754	761	780	800	755	781	752	766	778	784	771	767	770	795	768	785	778	763	804	770	764	784	767	768	762	782	760	763	775	765	767	778	796	774	746	757	772	780	758	773	766	761	774	776	781	754	773	774	769	780	774	780	791	774	786	779	776	777	786	782	774	771	769	767	783	766	768	768	779	742	777	750	783	3299.272016
766	805	778	769	822	763	765	779	761	786	781	804	774	785	773	777	781	789	793	775	783	754	789	788	769	760	799	768	764	797	789	797	792	775	778	779	773	770	753	792	756	749	777	769	755	794	794	754	792	784	790	779	749	791	772	736	773	750	790	802	788	793	791	764	772	759	793	764	792	779	779	762	780	756	792	739	771	779	788	743	759	798	801	768	808	766	763	793	746	774	781	765	773	765	792	749	3300.332255
777	749	787	764	775	772	788	786	777	813	765	774	795	794	784	807	771	761	782	762	797	781	796	767	783	781	754	773	795	776	786	790	786	797	775	753	766	774	761	793	780	762	787	778	792	776	759	779	746	763	772	794	780	772	792	761	753	753	772	807	774	793	791	779	793	788	776	772	768	802	775	775	763	794	755	781	778	800	789	800	783	807	800	791	773	765	800	767	775	785	786	782	767	771	777	770	3301.392256
774	785	797	808	776	771	786	768	783	756	801	789	788	799	752	757	782	771	787	763	751	772	777	767	766	773	785	755	796	808	766	808	752	774	786	803	752	778	774	812	769	777	779	781	790	778	784	790	779	778	779	766	780	765	783	749	791	781	786	777	772	766	784	781	781	785	777	791	774	805	782	774	775	761	771	768	796	761	795	792	763	788	789	781	781	785	768	763	798	744	785	775	768	785	778	775	3302.452018
777	782	786	802	805	796	769	767	787	778	794	763	769	757	800	766	783	788	785	772	811	772	782	775	790	764	778	788	765	758	784	795	814	771	787	774	784	784	784	761	775	761	794	821	776	801	784	770	759	750	780	778	793	765	764	790	786	764	789	792	785	789	788	763	784	798	775	780	765	766	754	781	785	785	745	779	781	765	774	788	765	764	759	810	804	771	780	791	776	792	790	766	777	763	788	764	3303.511543
801	803	761	786	794	806	782	787	773	774	782	779	781	778	769	784	759	793	770	791	788	775	784	788	766	812	768	805	762	780	776	752	759	787	790	761	790	795	800	762	790	780	761	786	780	782	757	775	802	767	790	785	784	763	766	778	781	773	774	763	815	794	762	804	780	799	780	807	764	784	779	785	761	790	779	797	800	786	791	768	793	784	812	775	761	769	801	760	773	785	747	780	776	777	765	788	3304.561929
796	790	773	776	773	758	791	782	784	764	795	762	778	756	809	799	769	766	792	790	772	770	783	768	779	761	775	780	776	767	792	805	795	792	792	785	752	785	742	785	741	787	777	774	772	773	785	794	785	785	801	753	784	771	787	798	745	769	770	773	785	759	781	800	772	790	743	770	803	793	770	761	770	775	773	777	781	761	774	770	751	760	795	808	795	781	766	770	818	799	789	776	775	800	772	775	3305.62098
807	772	793	800	758	785	793	796	798	778	770	793	774	790	774	778	796	798	783	782	773	796	793	792	806	770	763	789	787	761	789	762	794	792	785	791	801	761	778	777	750	800	767	747	776	767	789	762	788	798	794	779	763	782	792	772	783	758	814	758	768	773	787	753	797	786	791	757	795	779	767	780	790	788	786	787	805	801	752	796	787	777	785	792	799	799	781	764	765	795	772	781	782	782	800	750	3306.679793
766	757	763	794	788	763	769	783	767	813	802	793	805	761	786	786	764	810	800	767	799	768	785	761	774	790	799	786	770	790	772	785	802	798	804	772	763	777	794	793	770	767	778	769	757	755	789	771	821	791	774	786	776	771	798	775	770	769	773	780	787	741	793	780	756	765	773	807	761	783	762	802	776	770	775	779	757	776	779	760	791	772	764	774	802	782	800	794	819	786	788	768	776	748	783	798	3307.729474
802	774	784	751	768	763	776	781	774	778	786	792	800	796	772	792	771	795	751	775	764	761	803	780	772	784	772	774	782	760	780	754	800	798	760	786	797	786	775	765	762	781	790	777	774	784	759	755	747	767	770	773	772	758	778	778	757	781	768	766	742	778	794	758	753	782	785	782	768	791	757	761	767	759	755	795	816	789	782	774	796	784	778	786	734	787	788	795	771	797	764	781	783	724	803	770	3308.787813
766	777	744	751	772	782	776	767	788	783	770	785	770	750	773	778	760	778	774	782	770	772	785	782	781	763	741	783	778	766	771	757	807	781	784	786	766	771	794	794	772	757	775	771	800	751	787	771	758	760	794	778	779	766	775	753	770	747	792	778	758	801	760	808	772	785	783	781	773	780	749	770	786	779	785	765	769	767	766	780	779	775	783	740	774	758	774	793	781	780	790	773	763	778	774	776	3309.837025
764	793	760	778	754	780	768	784	748	781	808	742	787	782	752	770	761	777	773	761	766	757	775	783	776	781	800	785	787	767	790	775	785	769	774	754	773	789	774	770	792	767	774	782	783	775	761	752	785	776	771	755	779	772	775	765	777	743	765	772	788	761	775	771	777	755	807	789	770	770	791	764	761	787	783	773	769	780	781	760	775	786	790	774	767	746	775	739	771	774	777	760	756	770	766	765	3310.886003
794	756	777	761	783	765	790	773	775	751	774	763	770	761	780	784	771	760	750	780	787	796	784	763	770	730	735	770	775	788	777	769	754	780	773	732	757	766	756	775	761	746	771	760	755	766	746	761	745	750	762	753	788	772	787	783	768	777	757	764	761	754	785	761	763	777	785	772	770	792	766	775	745	749	774	771	782	768	803	760	787	775	779	767	778	766	755	779	731	803	765	755	744	758	791	798	3311.934748
763	769	785	778	758	770	779	769	792	757	760	786	782	767	782	755	796	751	786	773	789	778	768	768	762	784	778	754	761	781	766	789	779	760	763	741	743	749	773	788	739	780	766	788	776	748	809	763	780	776	746	771	763	764	769	776	766	771	756	730	758	765	765	781	769	771	778	757	755	758	775	751	790	789	771	740	775	778	786	753	744	767	753	767	805	729	794	763	795	782	783	762	785	775	783	770	3312.992144
759	755	771	762	770	745	768	743	761	739	763	769	751	764	765	738	765	756	764	750	766	753	768	734	767	744	756	778	768	769	768	766	771	751	752	769	758	772	750	754	752	763	778	779	769	767	772	787	756	769	775	769	721	792	781	731	761	757	763	784	794	776	772	752	749	748	773	777	761	756	770	764	784	755	754	753	739	780	760	744	757	755	752	757	778	772	760	770	746	753	768	753	736	781	801	758	3314.040421
744	784	787	759	774	767	764	769	771	765	741	798	778	788	741	785	763	762	762	782	783	776	786	783	763	760	790	751	768	771	771	762	731	772	747	748	784	743	782	757	760	763	766	782	765	764	767	785	752	755	762	735	780	761	769	773	770	749	774	766	756	761	768	765	770	770	768	770	767	747	755	788	755	758	754	779	753	761	769	751	738	751	786	762	754	777	764	763	748	755	763	760	743	771	762	764	3315.088464
747	747	731	765	747	746	764	773	734	766	774	762	761	766	773	766	758	763	753	743	741	756	777	754	744	780	748	780	748	762	789	748	744	776	743	737	771	751	766	763	749	771	757	785	743	774	759	745	756	752	727	775	741	770	779	743	742	734	754	748	747	754	718	765	736	743	740	772	764	760	729	762	755	759	768	777	734	743	760	752	764	744	731	774	759	770	760	775	771	755	756	768	769	754	762	759	3316.136274
749	761	743	769	745	757	738	770	720	757	791	726	747	752	752	769	768	777	730	738	772	758	750	752	733	761	764	769	755	755	739	782	746	768	764	766	758	752	745	750	734	746	750	746	763	747	729	756	771	760	730	750	759	743	755	757	725	755	772	758	735	736	773	736	745	758	750	780	765	754	760	741	765	760	775	746	763	759	762	761	747	753	729	751	789	759	775	758	754	756	768	754	756	764	750	741	3317.183851
761	747	764	739	750	759	758	755	716	762	751	749	762	740	767	745	749	759	744	735	761	739	752	736	743	744	784	751	745	764	757	757	748	753	761	758	721	722	732	769	762	748	740	761	755	752	747	741	752	739	757	763	756	754	752	743	762	798	734	729	742	738	773	742	763	761	775	759	761	776	769	754	758	735	731	767	752	756	764	755	760	732	756	732	757	766	749	744	747	725	757	751	773	734	781	733	3318.222321
734	727	759	752	773	774	745	757	765	789	740	751	750	748	724	744	741	721	744	750	752	751	770	717	769	771	750	740	764	736	748	783	766	788	749	750	761	741	735	759	757	741	763	747	765	751	773	766	729	780	764	736	756	759	744	770	746	733	757	753	753	774	750	742	769	752	755	762	742	759	747	738	767	719	750	743	775	740	770	744	759	764	745	748	756	766	730	737	747	754	764	729	749	773	756	752	3319.269434
750	770	761	777	736	744	744	755	717	755	752	715	743	751	739	715	755	729	753	743	734	735	747	732	759	734	724	715	757	720	727	734	753	735	768	747	743	740	765	759	747	761	772	741	722	753	760	742	758	758	735	728	753	737	755	729	739	749	765	778	740	741	730	747	755	738	746	749	752	759	732	753	752	740	734	751	738	744	722	761	727	741	763	745	742	732	767	752	746	748	731	748	735	751	745	754	3320.316315
767	742	752	741	752	757	764	753	741	759	771	756	743	772	741	758	755	756	745	754	743	760	734	719	757	743	767	742	753	757	762	770	763	754	729	755	746	759	737	765	776	747	765	755	739	764	725	761	749	745	774	739	753	755	765	767	754	755	725	729	764	775	742	779	746	764	747	745	733	768	741	745	723	771	757	766	742	771	752	785	729	754	737	739	766	760	786	714	753	764	747	748	758	740	761	760	3321.362963
748	741	758	762	744	744	752	732	745	739	743	760	742	751	743	723	754	726	756	748	737	743	736	759	736	754	760	768	766	756	774	748	734	748	753	741	737	749	753	748	719	751	757	773	764	761	752	742	743	745	756	742	751	779	738	740	743	734	799	758	754	761	751	751	751	769	739	759	747	737	745	746	757	776	718	766	747	738	776	766	748	758	749	748	740	755	753	729	748	764	762	734	759	740	755	743	3322.400512
755	743	794	737	728	751	753	729	755	759	746	765	735	744	737	734	762	749	763	777	737	765	750	733	756	756	755	750	748	736	757	776	763	743	741	743	763	775	765	744	741	759	743	755	758	763	727	729	736	726	733	742	727	752	768	748	768	739	759	751	758	755	755	779	747	768	753	752	742	752	770	729	748	761	756	761	737	759	752	736	754	740	743	748	743	747	767	744	737	761	719	759	735	742	742	727	3323.446696
753	755	777	771	745	750	763	738	720	752	755	773	773	743	757	738	762	752	761	726	739	760	730	745	759	751	739	784	754	743	747	742	734	746	772	736	752	744	742	750	745	738	740	739	766	754	748	740	754	778	742	759	746	767	767	742	739	710	744	749	731	748	736	757	767	770	769	757	761	760	742	766	739	740	776	747	730	739	753	756	768	771	743	750	747	756	742	735	743	722	752	749	742	758	727	763	3324.483786
747	746	746	747	743	738	736	741	766	757	742	750	748	746	761	762	750	771	765	761	752	767	738	732	740	765	732	765	754	772	746	770	727	737	754	764	741	754	767	768	739	740	730	775	746	759	760	740	744	731	729	741	747	754	746	775	763	755	774	749	765	765	744	772	757	758	750	737	741	729	752	738	754	735	742	730	750	738	779	738	759	755	766	798	734	730	754	746	746	735	725	746	755	746	768	757	3325.520647
763	765	773	766	725	788	743	734	758	742	778	743	769	747	748	743	744	770	763	723	760	758	759	740	734	719	750	766	772	749	748	750	754	766	753	758	775	757	747	737	769	737	728	731	771	737	758	766	765	751	756	759	779	749	746	776	744	752	758	758	739	753	760	735	717	727	748	743	750	752	761	774	764	748	760	748	746	746	732	774	743	750	772	773	743	746	772	739	741	749	758	751	741	750	750	742	3326.566139
757	749	761	760	752	772	753	756	726	759	755	779	749	737	767	750	755	748	758	752	781	780	742	737	739	754	759	760	768	759	759	744	763	760	763	706	733	757	738	745	713	749	725	741	752	736	761	776	766	762	736	751	743	753	762	743	760	725	765	746	743	790	764	742	767	755	767	761	772	753	746	754	759	752	760	739	765	767	766	722	741	762	737	756	739	752	733	748	739	721	716	748	751	756	771	742	3327.602541
767	770	759	738	751	757	735	740	749	764	773	761	762	765	762	743	737	771	766	769	748	769	762	757	758	764	761	765	740	744	730	756	743	786	730	762	761	760	737	758	738	755	771	769	742	756	736	763	756	770	770	741	739	756	760	751	752	761	737	749	740	738	771	781	754	771	748	749	749	744	760	743	748	757	752	770	759	759	741	771	753	770	763	744	727	749	757	761	769	744	753	754	768	740	768	737	3328.638715
751	777	750	742	765	764	773	748	774	757	768	750	750	730	745	745	776	771	745	756	768	762	752	736	749	758	773	746	750	770	770	770	770	781	775	773	729	747	767	741	744	757	753	725	747	726	750	757	751	772	753	745	764	752	738	734	750	754	741	766	737	748	746	765	743	752	751	763	762	764	752	744	759	757	768	765	772	754	758	738	757	749	769	765	764	727	775	766	729	755	740	756	767	753	751	789	3329.674661
764	729	781	764	771	761	760	771	760	765	740	751	766	757	752	770	732	744	782	743	757	759	761	747	773	752	750	772	734	733	752	745	747	752	749	753	772	759	757	722	781	761	786	765	734	777	753	744	754	763	763	768	756	721	749	758	769	786	759	785	760	744	759	753	732	758	750	724	767	743	756	733	773	766	767	744	739	755	733	740	763	757	786	747	737	768	744	746	739	755	736	750	758	749	763	727	3330.710379
781	773	775	765	744	759	746	766	764	777	759	766	753	747	741	757	749	740	765	742	766	745	767	770	760	750	767	760	738	756	747	732	771	753	760	752	755	759	754	760	753	765	766	745	737	763	736	775	754	739	758	739	744	756	770	753	750	748	784	749	768	769	774	757	750	749	741	767	727	730	758	739	726	758	745	751	756	765	760	759	749	754	768	732	746	755	746	757	746	745	744	751	727	774	776	790	3331.745869
761	767	715	779	728	763	742	753	739	735	748	741	756	763	737	754	771	761	758	769	759	748	768	770	743	746	760	777	743	757	776	785	761	744	765	752	750	747	743	745	728	718	769	733	742	760	748	766	728	763	756	784	768	771	765	762	741	773	751	764	747	756	753	749	757	766	765	770	766	734	754	746	770	730	768	734	742	758	732	737	764	766	754	780	748	798	767	774	785	789	731	752	751	767	769	719	3332.781131
761	759	756	762	781	750	753	730	729	784	733	750	751	769	757	741	731	752	744	743	763	758	767	778	739	769	754	777	746	748	762	755	770	766	754	754	765	743	735	755	745	768	716	746	748	776	737	746	761	754	778	761	760	759	761	748	733	760	747	767	762	747	727	750	751	760	733	774	788	755	767	770	753	752	753	767	754	758	770	731	757	754	758	768	760	731	759	767	716	728	752	741	756	768	753	774	3333.816165
787	742	751	761	754	765	777	747	744	765	760	738	756	732	747	736	732	729	776	762	762	749	760	763	746	774	758	750	768	741	753	765	758	728	743	768	783	740	745	756	757	773	749	758	759	753	750	773	728	773	762	729	766	750	758	766	722	756	760	728	755	728	773	755	743	752	745	767	746	744	764	726	768	753	748	759	746	765	751	768	735	765	741	734	776	759	777	723	785	771	738	754	758	736	736	739	3334.850972
753	790	757	741	761	751	766	756	769	745	765	747	745	753	749	742	762	761	752	750	767	763	745	741	749	769	745	752	767	753	799	785	740	772	753	764	752	763	762	754	751	758	775	758	741	748	729	758	756	752	768	757	772	772	755	738	768	782	749	739	768	771	730	770	753	754	763	739	758	737	741	768	743	758	742	755	761	738	721	740	746	750	744	764	766	762	730	730	753	765	750	749	738	753	727	721	3335.876709
764	769	767	770	744	747	738	746	765	776	750	756	789	717	765	753	766	753	764	759	732	752	776	749	759	755	755	748	756	752	751	724	774	742	765	747	761	759	715	745	753	750	752	751	740	749	761	750	760	773	757	735	762	747	744	775	722	750	752	749	741	725	734	773	745	745	754	792	769	764	765	752	760	710	765	761	751	723	777	759	751	763	732	747	776	733	731	748	728	782	764	774	752	745	748	793	3336.911062
766	754	766	754	749	744	755	750	765	779	744	757	760	750	766	744	777	766	759	710	750	752	769	774	760	766	735	733	733	747	769	722	748	752	729	768	737	730	751	744	745	750	783	742	769	755	756	765	738	751	763	766	751	743	760	739	742	767	752	794	757	773	771	774	742	769	745	761	731	742	754	751	745	729	756	764	764	748	734	763	763	745	747	748	748	750	747	735	773	757	744	734	752	746	760	747	3337.93635
761	754	775	723	745	753	754	746	746	729	747	753	752	739	760	729	731	723	764	746	737	728	758	750	726	737	754	743	754	750	777	746	731	775	734	741	742	745	757	740	775	769	769	731	744	757	747	733	768	723	777	745	757	752	765	750	749	748	772	777	745	736	756	756	749	750	754	763	751	746	747	738	735	760	733	743	751	740	726	762	768	752	750	744	745	757	726	731	790	739	742	783	762	731	761	738	3338.97025
764	773	747	750	730	746	741	738	746	753	738	766	725	748	735	738	738	752	744	736	730	749	773	731	746	738	768	721	764	760	764	785	739	757	721	743	754	726	734	770	766	802	742	773	717	768	751	741	779	752	770	738	759	739	748	746	742	771	750	740	767	754	741	745	761	755	753	776	734	753	756	758	734	739	746	745	722	733	748	739	775	741	741	741	744	734	753	747	772	763	772	773	756	748	727	758	3339.995089
780	740	741	757	722	739	761	738	728	733	762	720	754	750	764	743	750	742	749	720	750	767	743	739	733	750	735	745	752	733	761	745	743	754	748	744	770	725	765	735	750	722	745	728	745	759	762	725	741	765	748	728	765	740	743	734	761	767	742	770	779	779	758	768	752	774	742	744	757	750	749	775	721	763	731	736	739	776	722	750	735	750	749	726	737	763	762	742	745	745	739	756	734	747	749	768	3341.028536
736	756	733	755	772	733	772	741	733	764	748	755	717	755	721	738	751	740	722	760	756	753	763	762	751	736	768	722	760	726	751	757	720	734	743	738	744	736	741	723	735	751	743	751	731	762	725	726	756	736	751	745	719	743	751	741	730	735	740	747	765	762	727	760	749	731	755	717	701	742	762	760	736	746	749	748	758	750	754	728	759	731	756	761	758	737	752	727	748	727	759	747	733	750	736	740	3342.052926
735	744	730	738	743	757	763	768	747	743	750	731	756	751	751	774	753	737	753	755	756	752	744	751	725	748	746	743	729	749	761	755	753	755	742	740	743	750	731	752	740	741	751	751	748	742	747	755	752	775	760	735	750	732	766	731	723	730	744	741	751	737	739	755	750	771	759	729	770	730	748	727	747	739	748	737	764	723	759	745	740	735	758	738	780	756	767	747	758	757	725	719	767	761	742	751	3343.077093
761	730	736	757	745	742	750	738	739	744	721	789	728	752	732	764	745	749	739	740	776	750	748	762	749	758	757	742	759	724	741	736	754	758	723	729	735	724	740	723	735	730	768	721	755	732	755	737	740	732	740	740	748	719	737	754	761	744	746	762	713	714	764	756	762	731	735	751	750	748	755	736	727	746	752	720	729	751	730	755	717	755	737	768	744	724	778	717	744	735	735	729	743	753	758	728	3344.101036
753	729	731	748	735	710	732	737	745	757	751	765	739	771	741	742	754	760	741	757	750	741	762	719	755	757	718	721	727	726	728	737	721	734	695	701	743	724	743	744	718	736	716	748	746	746	736	753	764	745	755	768	732	736	752	732	734	745	753	729	750	754	733	738	736	742	735	736	739	742	753	740	768	738	724	719	745	735	735	740	726	737	736	730	757	743	752	740	729	737	717	719	731	755	752	751	3345.124756
747	732	751	738	751	737	733	723	749	735	762	726	729	705	731	713	721	740	755	743	731	713	726	717	739	761	752	735	749	730	732	756	727	739	726	725	747	726	750	738	735	750	711	729	737	719	726	740	735	744	743	733	720	733	727	767	749	724	734	751	751	739	747	735	753	726	752	728	714	747	714	717	734	722	734	728	730	735	732	707	722	728	734	747	735	706	747	727	737	711	747	746	730	723	731	733	3346.148254
742	752	705	733	754	712	723	744	721	743	738	759	719	727	735	738	731	732	742	732	739	738	744	734	747	729	721	735	732	736	724	766	706	721	754	738	751	729	720	714	717	759	761	742	747	726	732	732	730	741	745	747	717	728	746	750	731	735	718	724	735	740	718	727	762	730	735	734	740	723	711	743	733	729	732	729	735	744	711	737	739	711	750	720	744	733	719	731	736	749	745	725	746	743	735	716	3347.171528
734	717	720	758	745	745	736	730	731	735	737	742	744	748	741	744	740	735	738	748	729	738	746	737	743	730	740	733	728	725	711	708	780	755	739	756	724	769	732	761	739	735	731	744	717	747	722	726	731	745	751	751	748	721	721	740	696	712	716	738	726	725	717	720	717	747	730	731	741	746	740	744	746	722	737	743	744	753	722	750	741	750	729	758	729	723	718	735	730	744	734	733	749	739	746	696	3348.194579
766	737	727	739	737	752	745	733	758	737	737	724	712	715	744	748	737	734	741	711	720	723	726	740	759	724	737	742	707	736	741	737	719	747	741	722	716	723	729	756	736	729	715	761	740	747	725	756	734	724	748	731	776	743	737	755	739	729	753	732	737	724	729	737	717	754	767	738	732	728	740	734	743	751	747	738	742	747	732	713	739	743	732	734	741	760	742	745	738	728	728	728	717	735	742	721	3349.217408
726	737	762	744	749	753	736	740	729	715	723	761	711	715	743	764	763	734	741	756	755	729	738	730	728	710	734	712	728	731	738	735	733	734	734	746	731	729	748	736	718	774	721	735	725	737	736	717	752	749	728	750	751	716	744	745	736	756	740	741	752	746	730	731	730	724	761	758	725	719	733	732	725	740	745	736	709	742	727	747	749	708	729	748	736	745	781	710	758	749	753	737	734	735	737	715	3350.240014
715	734	728	721	737	733	740	753	746	726	730	739	753	715	731	745	727	709	751	738	751	743	746	727	729	731	745	746	739	744	712	746	764	724	754	735	741	720	720	712	730	741	738	721	736	756	735	705	740	733	715	725	752	723	706	739	719	743	743	745	715	728	725	726	746	727	733	739	745	754	748	737	740	741	726	727	741	722	748	738	733	727	689	714	728	754	735	741	714	739	760	741	713	726	754	742	3351.253584
739	756	745	755	747	768	752	720	769	746	737	748	719	748	754	743	730	729	712	754	721	767	738	770	730	748	737	731	748	734	732	754	760	758	738	753	731	726	740	737	759	744	755	757	736	737	751	722	734	727	728	719	729	741	766	758	751	750	733	754	742	727	755	748	731	721	769	734	727	732	744	739	737	706	742	737	719	733	707	735	744	743	755	714	744	762	753	739	723	706	739	732	712	739	721	737	3352.275746
735	748	737	722	734	732	755	739	744	751	733	738	756	753	719	784	726	734	748	771	749	744	735	752	736	747	720	747	736	729	745	752	724	721	729	740	721	732	722	751	756	751	720	767	763	753	728	750	747	762	748	771	733	741	758	741	738	740	753	763	757	751	749	749	711	743	739	743	743	717	743	755	702	724	711	736	748	727	728	738	739	759	745	763	751	740	765	757	749	751	750	724	722	718	752	717	3353.288877
760	754	780	756	760	735	723	746	733	718	725	748	727	715	729	739	746	740	742	730	740	740	732	747	774	745	754	766	734	751	739	732	761	756	721	739	748	722	735	756	747	739	753	764	728	741	748	748	747	733	756	732	712	750	735	755	750	718	738	769	738	756	733	749	738	741	719	726	734	771	745	730	752	764	750	732	744	760	740	727	759	736	772	742	745	730	751	723	748	729	741	726	751	733	732	756	3354.310596
749	741	726	737	763	747	719	737	735	755	769	756	729	736	717	731	727	728	748	745	764	733	748	739	735	759	745	741	731	718	735	751	717	751	737	751	754	747	757	760	728	742	769	732	772	743	724	757	741	749	722	734	748	759	732	721	742	735	739	743	724	733	753	758	749	723	730	750	742	736	748	740	718	729	719	737	752	713	740	732	745	749	741	733	751	742	752	716	750	737	745	751	746	738	736	714	3355.323288
741	735	744	762	773	741	731	734	750	750	749	762	752	745	735	761	753	713	744	764	745	754	744	732	725	731	747	761	746	743	745	787	757	747	730	764	727	728	749	738	740	751	751	740	724	745	715	737	764	733	759	747	732	748	722	758	772	743	763	761	745	751	756	741	721	743	769	755	744	732	742	727	719	731	735	745	739	740	739	731	761	741	750	719	763	769	719	750	724	738	752	726	732	723	744	733	3356.344564
749	747	750	736	754	722	768	770	726	756	743	761	761	712	753	726	748	763	726	732	725	752	741	746	742	714	742	745	761	791	770	739	741	748	738	750	738	730	740	741	739	733	743	750	743	745	717	723	735	738	724	762	719	753	767	711	770	740	744	763	731	744	778	755	723	743	735	733	713	748	740	735	732	751	763	735	742	730	723	742	749	749	729	741	741	750	724	736	742	740	732	727	755	756	749	735	3357.356817
765	754	734	724	738	741	720	749	728	739	734	743	742	740	733	750	746	724	743	730	734	731	748	755	725	759	748	747	740	757	730	735	733	743	732	739	747	720	722	742	730	722	769	764	744	763	738	749	746	753	732	777	737	762	730	731	741	732	765	743	756	746	715	739	743	752	722	748	739	726	734	758	742	741	725	717	733	764	749	768	757	740	754	732	748	778	751	740	740	740	744	729	748	724	735	738	3358.368851
759	733	726	753	761	725	750	722	736	718	729	759	733	746	742	747	726	730	742	750	756	722	764	716	752	737	691	708	755	742	743	753	715	742	758	731	733	746	754	738	728	735	746	751	745	724	733	711	763	741	744	754	760	735	725	730	745	747	724	737	742	731	718	731	732	756	763	742	718	725	742	729	726	741	729	747	766	743	735	721	746	754	754	747	723	754	718	741	728	739	737	762	746	741	742	755	3359.380667
734	734	744	736	735	757	726	732	751	734	761	743	748	723	731	718	713	725	733	727	741	733	733	745	743	738	730	737	725	726	731	747	728	735	735	735	731	731	740	757	746	743	750	682	722	733	746	718	737	725	731	731	745	732	720	708	753	755	711	729	734	700	731	758	733	720	722	751	731	732	741	721	744	744	725	756	725	713	741	758	768	749	738	721	748	735	730	746	727	725	727	715	724	711	718	729	3360.392265
735	738	751	726	735	735	710	728	715	705	725	746	720	722	713	711	733	718	745	752	717	735	723	771	710	734	749	730	749	755	752	749	733	741	722	761	726	745	738	735	734	724	728	768	718	718	735	743	716	725	759	728	719	710	741	748	723	711	760	724	724	744	729	745	718	719	733	735	731	708	731	743	736	744	731	734	722	729	737	735	760	757	728	729	752	715	737	731	734	736	734	732	736	710	740	755	3361.403644
732	735	731	737	724	719	726	740	721	724	720	720	719	731	744	731	729	727	750	740	757	714	721	724	722	747	719	734	728	715	748	736	728	723	722	707	724	752	728	718	696	733	735	728	731	743	737	719	747	718	734	718	721	730	745	740	733	748	721	739	722	731	728	739	750	743	731	743	730	743	710	746	723	733	734	731	733	727	736	708	727	723	738	741	733	738	735	743	734	776	725	741	749	742	740	750	3362.414806
721	729	739	723	729	738	722	734	733	725	711	715	724	726	736	709	722	706	729	720	750	712	732	737	730	750	738	721	736	743	725	741	761	741	739	722	717	750	723	730	727	713	733	739	726	722	724	728	726	725	720	734	730	718	725	723	744	729	734	726	733	736	740	728	727	754	718	720	737	707	759	738	732	713	726	757	722	718	723	732	705	713	730	720	735	750	729	730	738	762	732	717	734	744	746	707	3363.425749
735	731	722	719	732	735	718	721	706	736	749	737	738	736	720	758	717	729	767	731	729	704	747	717	733	711	736	751	743	729	730	734	748	739	717	738	736	724	727	730	723	732	696	748	729	721	746	721	734	715	736	709	728	742	719	724	723	731	745	722	726	740	705	721	743	739	727	739	710	745	713	730	721	731	715	739	742	733	749	743	707	731	743	736	719	757	736	740	758	741	728	721	708	721	708	722	3364.436475
734	708	721	718	719	713	728	731	699	711	711	732	736	734	755	732	730	724	739	733	751	705	734	698	721	742	733	750	730	722	721	725	706	707	709	723	721	740	710	731	742	736	726	737	708	733	746	730	738	733	728	728	714	724	747	707	724	709	729	719	737	738	731	746	748	725	738	753	735	716	723	723	712	734	728	736	715	711	717	738	758	701	733	723	727	709	720	722	728	722	743	735	704	703	713	713	3365.438196
712	719	732	747	707	714	751	724	722	749	732	748	736	722	737	757	729	721	725	724	736	720	724	757	720	746	724	734	723	720	710	723	726	740	721	728	725	739	718	735	732	728	724	722	735	715	713	709	732	722	713	709	731	730	722	748	713	735	741	712	728	734	724	701	736	725	737	734	707	718	751	715	707	736	727	728	716	737	736	728	738	724	714	711	727	724	732	726	730	741	711	743	721	719	750	724	3366.448488
729	746	719	719	726	741	708	734	728	736	717	723	739	724	728	711	716	743	726	713	730	736	737	702	721	712	733	745	742	746	725	726	730	727	718	722	720	740	719	760	718	715	698	736	708	731	722	734	711	726	715	734	724	727	723	731	741	712	716	729	726	735	710	710	747	708	731	727	711	712	729	730	726	709	731	702	722	711	726	702	725	725	717	739	729	735	700	712	721	753	705	731	719	751	727	701	3367.458562
714	737	702	716	718	718	742	749	725	752	710	714	730	705	743	718	745	714	731	696	717	723	734	711	719	717	750	716	726	735	755	709	737	731	734	739	738	713	718	743	719	709	728	686	716	736	728	719	747	728	715	703	732	716	704	718	696	724	729	720	741	722	738	719	735	720	731	739	714	723	731	725	720	729	711	701	721	710	726	710	717	720	732	720	725	715	736	727	723	726	691	707	716	714	718	722	3368.459637
711	721	740	720	718	699	725	762	687	703	753	706	735	714	719	725	753	741	703	715	719	723	732	724	726	722	722	710	706	732	708	722	719	740	707	707	713	717	722	731	747	700	704	712	711	709	727	746	727	723	702	749	725	718	726	699	715	728	699	722	734	726	738	716	713	731	736	752	684	715	731	737	718	720	720	724	735	701	731	724	704	723	733	711	731	721	746	724	710	718	706	714	715	704	736	698	3369.469278
727	730	734	714	724	719	713	705	737	727	724	701	715	716	731	713	719	762	748	725	742	728	723	707	726	710	755	701	718	755	715	731	731	719	726	714	707	701	733	728	715	748	713	703	721	730	716	711	716	717	709	706	705	701	714	734	721	740	754	698	736	722	719	723	702	733	723	734	738	711	712	739	718	719	712	718	721	732	733	722	722	717	728	710	730	715	711	760	744	698	712	712	714	717	710	694	3370.469924
738	710	730	731	730	721	722	736	715	727	711	719	705	719	721	705	724	715	728	739	707	713	704	718	736	740	734	701	704	715	694	732	710	749	703	713	721	707	718	714	730	720	697	704	737	715	718	707	734	718	716	700	716	718	721	740	730	694	720	713	729	730	726	699	701	724	711	731	707	743	728	718	736	716	731	734	717	722	703	707	728	712	725	716	732	724	723	739	707	711	715	718	712	736	709	723	3371.470357
707	710	710	712	726	706	726	725	717	724	715	707	729	719	726	716	726	741	707	711	707	700	710	719	722	709	717	697	733	716	709	717	737	718	736	706	726	731	731	714	715	738	697	724	720	728	713	699	729	718	726	714	716	721	726	717	715	705	714	709	692	698	716	719	714	727	723	682	706	737	723	720	711	703	724	719	708	716	720	716	747	702	723	722	709	732	717	712	720	709	696	701	716	715	724	714	3372.470575
715	724	719	737	708	720	739	684	723	697	722	720	740	713	722	719	718	724	731	718	728	724	708	708	692	703	731	716	721	695	710	715	719	737	728	710	731	702	710	729	705	718	723	738	750	706	701	734	716	719	706	720	714	742	741	714	688	738	721	713	708	703	727	723	734	713	716	694	710	712	713	735	698	706	716	730	719	731	750	711	741	735	716	717	739	729	733	699	714	735	705	704	717	710	708	729	3373.479352
715	708	737	715	734	724	729	727	754	713	711	703	709	760	718	696	718	743	723	744	743	744	700	722	726	719	750	704	721	745	712	727	725	720	722	686	719	722	706	715	708	726	746	716	701	720	735	726	722	725	697	730	724	708	699	719	713	704	729	718	721	719	702	733	730	726	747	732	707	742	732	719	699	719	727	729	721	704	731	696	693	710	694	711	728	716	713	695	693	698	726	721	724	725	727	734	3374.479142
706	704	714	714	703	704	712	709	731	705	705	712	720	709	727	721	726	731	727	690	729	693	705	731	723	718	710	731	723	732	726	732	729	729	719	728	746	720	742	734	724	719	726	731	712	720	723	707	725	742	725	702	745	735	726	716	725	732	722	723	712	709	713	711	724	708	721	748	736	712	710	720	714	716	716	715	712	710	719	747	738	715	709	731	709	754	712	716	698	702	753	711	716	720	703	713	3375.478718
723	703	704	715	710	735	711	694	732	729	700	719	699	747	711	721	721	700	717	751	720	715	739	717	707	737	703	721	744	720	714	718	740	761	715	725	703	710	711	716	722	737	714	718	723	689	741	719	715	717	719	722	715	714	721	742	688	727	725	738	721	729	708	745	740	709	715	716	735	708	742	723	700	722	716	717	689	699	737	724	706	725	687	718	718	737	719	738	737	724	730	741	710	731	728	718	3376.478081
731	730	723	712	725	729	712	728	729	709	723	752	716	719	724	722	706	732	721	732	714	731	709	748	718	714	721	740	719	725	752	718	735	715	741	715	735	714	731	731	722	708	722	711	727	716	720	719	697	744	719	712	721	714	724	706	719	725	704	713	751	721	705	747	721	757	722	723	742	730	718	740	719	729	739	718	733	723	716	712	716	706	736	728	708	719	703	726	708	731	720	726	743	710	732	713	3377.477231
725	735	706	724	707	760	753	719	739	748	700	708	714	713	742	743	721	726	731	716	698	726	692	722	716	719	696	721	739	698	730	737	726	726	728	713	726	739	724	699	717	697	737	698	741	724	712	721	716	711	719	719	723	730	724	721	720	709	723	711	743	719	715	716	710	715	719	726	712	714	742	705	725	711	711	713	731	745	724	725	726	702	715	714	727	723	716	741	725	698	724	750	715	732	699	726	3378.467406
727	728	737	747	717	713	724	744	733	705	725	719	726	723	710	720	730	732	732	747	740	723	702	707	728	705	742	715	714	754	725	716	724	713	712	748	719	729	740	728	723	715	757	739	710	737	720	723	718	713	718	709	714	739	716	724	726	720	714	712	732	730	690	725	695	722	688	717	719	702	712	721	731	722	738	702	702	722	736	723	705	737	736	747	711	715	724	753	678	728	716	726	721	719	710	739	3379.466131
740	735	728	723	713	745	729	717	733	730	741	736	717	716	725	714	721	712	748	701	712	734	727	743	711	723	709	720	705	704	735	726	739	714	701	720	729	717	721	726	727	735	714	722	707	738	733	736	727	729	721	735	709	716	746	715	735	714	730	737	711	719	719	738	733	730	723	726	722	726	755	738	746	726	728	734	720	737	723	705	704	729	696	734	719	715	719	719	737	739	714	733	692	726	745	729	3380.464643
735	725	745	704	728	702	708	716	726	730	717	738	728	715	728	705	741	730	720	713	733	737	737	727	725	736	707	707	724	721	708	713	731	739	730	734	698	723	698	718	722	726	737	708	721	723	728	725	703	742	701	726	717	683	698	709	727	746	744	719	714	746	709	741	721	722	723	728	725	713	714	728	724	750	717	734	721	719	690	720	728	735	716	720	720	731	743	703	729	724	724	730	732	729	712	727	3381.454186
706	717	724	732	717	739	729	743	758	726	733	722	729	741	709	733	738	719	726	703	716	734	745	698	735	716	735	736	719	718	708	706	725	708	717	725	726	718	715	741	737	681	728	723	736	737	735	712	720	746	720	718	741	733	701	726	738	736	723	746	727	700	729	758	725	745	719	734	738	756	707	724	727	725	716	768	716	713	719	713	701	734	711	710	711	737	716	716	742	723	725	702	715	719	699	711	3382.452275
730	746	714	732	746	749	699	713	712	741	719	726	736	729	723	710	717	712	713	714	732	720	728	710	729	737	726	728	755	736	706	736	718	727	735	721	724	722	722	718	700	734	715	738	723	714	716	723	708	717	736	748	718	737	729	734	707	715	723	719	734	720	714	739	717	703	707	719	741	734	728	719	716	731	727	744	712	728	736	719	733	731	737	702	709	724	700	723	713	719	713	711	713	724	721	706	3383.441397
720	730	717	726	745	722	719	723	730	717	712	717	722	715	721	734	707	709	712	752	728	734	750	725	748	725	740	741	710	716	762	726	729	712	713	730	727	702	722	708	708	712	727	704	747	730	724	744	707	725	721	729	719	718	720	727	704	742	731	726	734	710	731	752	733	719	716	718	727	720	712	725	717	724	727	708	709	713	728	689	702	728	709	722	741	706	753	720	710	723	716	719	721	728	719	715	3384.439061
736	736	730	710	730	716	717	716	706	735	732	708	735	739	722	727	734	726	706	705	732	708	734	736	736	712	754	693	741	738	718	745	720	748	725	752	702	732	707	725	729	750	702	730	708	721	727	750	727	719	712	695	710	717	727	732	730	742	720	739	705	720	701	734	723	718	717	741	718	731	721	705	712	733	707	735	723	715	721	732	719	726	717	728	724	745	729	728	735	749	739	749	740	705	713	739	3385.427764
714	713	735	718	734	715	719	713	717	725	765	725	699	719	732	722	702	720	723	712	729	729	733	708	734	726	720	717	732	709	741	743	710	734	730	741	757	729	694	723	714	697	713	721	707	750	698	727	729	720	750	708	718	706	713	729	725	733	741	728	717	725	740	730	712	738	731	744	746	731	736	726	723	708	745	724	708	713	730	709	724	717	711	708	713	733	745	723	707	713	726	723	692	738	729	740	3386.416258
744	709	726	715	716	740	733	712	723	740	703	740	729	707	742	730	711	716	739	732	714	734	719	704	754	730	720	743	693	733	733	729	699	727	734	715	719	706	716	736	713	746	705	722	711	749	721	718	716	719	736	708	706	723	721	738	717	742	711	716	719	717	709	709	716	713	726	727	722	747	707	727	726	732	708	729	730	729	725	725	730	731	718	714	729	708	719	742	710	699	721	722	713	731	733	723	3387.413288
695	693	725	730	724	712	747	721	704	723	712	713	732	726	721	712	722	723	720	714	708	724	728	728	711	711	710	729	724	717	729	700	716	728	705	725	727	719	733	740	694	738	736	713	723	726	732	712	719	711	697	703	720	724	730	735	731	718	720	740	719	748	730	697	711	724	723	713	733	694	722	695	719	711	728	720	705	743	719	741	726	724	722	737	704	716	694	721	736	729	722	733	724	735	709	712	3388.401362
695	725	705	712	733	714	733	735	723	711	699	716	698	712	726	734	716	728	716	718	733	734	719	696	719	725	708	743	719	725	723	732	713	728	719	695	713	707	713	684	736	708	724	718	738	727	735	712	746	722	701	697	716	724	685	739	714	734	717	730	736	722	731	713	709	732	716	709	712	709	718	721	705	732	741	748	700	737	717	725	736	718	707	714	710	724	725	718	708	731	723	712	718	718	707	714	3389.389227
744	741	717	719	729	718	711	752	718	721	751	709	700	720	727	730	730	717	698	710	738	704	716	725	699	707	707	718	713	743	731	737	717	743	718	709	715	705	710	718	705	734	707	719	713	728	696	697	731	708	720	719	703	716	708	706	719	729	727	721	723	718	711	711	702	700	707	701	696	729	698	721	724	731	702	719	717	727	708	703	717	719	702	732	703	729	702	709	729	707	726	730	720	722	721	745	3390.376884
730	711	705	687	708	724	711	697	703	708	703	717	715	709	705	737	699	723	722	717	719	715	711	708	705	732	733	714	703	712	724	729	718	704	725	703	715	712	690	717	737	713	708	735	698	692	699	709	723	734	734	712	722	732	729	719	718	724	707	719	731	719	714	726	713	722	710	716	704	714	735	715	726	725	707	712	748	719	714	709	733	708	708	712	701	734	723	720	703	724	712	697	706	715	728	718	3391.364332
737	740	737	754	709	704	715	727	709	731	743	728	730	713	718	710	707	722	731	718	722	702	711	726	706	722	715	713	735	723	689	690	696	708	714	712	716	715	692	729	726	721	734	722	711	726	740	715	724	745	710	705	712	704	699	720	724	754	715	724	705	728	733	718	703	715	711	712	732	710	717	719	731	707	696	723	703	695	689	707	696	710	704	727	722	706	695	719	730	704	717	704	720	723	741	713	3392.342836
719	712	737	727	740	724	707	699	719	716	704	713	698	723	705	716	729	686	688	737	692	712	710	713	725	702	720	723	721	722	724	699	721	701	693	720	706	712	718	709	714	726	707	728	729	729	700	733	692	716	725	714	701	718	718	704	711	720	743	705	688	697	697	727	713	695	695	711	721	705	701	695	706	693	736	715	702	721	736	718	714	695	722	702	737	714	718	708	716	713	701	716	714	697	699	732	3393.329869
711	717	715	681	702	718	701	727	726	728	708	700	724	713	720	694	721	704	708	730	711	708	690	731	715	717	684	709	700	720	716	721	704	729	697	709	716	715	719	703	707	704	718	700	715	717	724	721	733	739	718	691	715	728	711	705	706	689	710	716	699	708	745	714	704	700	689	707	711	716	696	708	723	701	703	698	702	706	714	702	696	703	718	719	713	717	701	728	697	697	696	717	712	723	744	710	3394.316693
722	726	703	719	728	711	720	723	719	704	722	699	694	734	709	711	733	713	734	709	723	697	711	713	720	733	744	703	709	712	732	697	722	705	728	706	693	716	741	716	718	691	697	688	728	725	680	711	717	695	711	688	713	713	709	695	715	718	705	696	730	707	703	723	705	721	697	691	717	701	698	713	721	709	684	699	728	694	720	732	703	721	716	681	704	705	721	719	694	699	720	705	679	730	721	718	3395.294579
708	718	713	712	717	735	718	708	724	697	711	694	743	713	700	711	682	724	684	724	718	729	702	708	714	684	732	735	751	715	719	706	719	736	696	712	716	701	704	708	724	701	722	717	712	716	702	720	732	713	723	724	694	715	714	729	712	722	723	704	699	737	708	731	701	743	724	710	690	720	713	726	724	717	694	730	723	741	716	703	702	719	708	706	707	714	703	709	717	715	721	727	700	732	713	708	3396.280988
701	708	712	710	715	714	704	671	741	704	712	709	728	710	696	730	699	743	693	706	684	718	719	720	710	690	727	689	719	733	709	718	709	687	688	714	695	724	681	727	707	736	725	690	719	706	709	693	729	737	730	704	717	715	685	703	705	710	705	695	713	682	713	710	680	698	716	709	733	694	710	710	705	727	723	711	667	696	711	715	696	689	721	718	717	708	719	706	714	704	716	709	706	692	730	709	3397.26719
701	709	708	711	718	739	706	715	711	718	708	731	723	725	699	727	707	699	700	710	714	702	716	701	683	707	728	735	708	691	698	696	707	717	705	695	687	695	619	701	699	699	706	761	682	686	706	725	707	713	706	698	696	725	691	713	731	712	692	705	728	717	696	690	704	701	733	717	710	707	726	707	712	699	701	739	713	719	714	710	724	710	683	722	725	716	680	693	690	713	720	717	686	698	724	710	3398.244458
725	726	720	714	704	707	712	697	704	708	690	691	700	711	694	711	682	720	703	702	699	719	680	724	713	698	716	687	720	724	702	710	716	716	711	685	707	706	6338	711	717	686	714	709	725	727	707	702	706	726	706	718	714	725	732	711	704	698	719	695	696	681	698	728	722	699	716	687	711	705	709	698	720	703	693	704	707	703	691	708	704	709	716	712	730	709	721	708	701	697	716	682	700	703	711	718	3399.221522
705	734	694	697	710	690	693	702	702	713	729	709	693	688	704	690	704	709	713	717	708	685	698	675	714	703	723	683	696	697	711	712	696	703	729	717	721	691	7410	696	693	694	691	717	695	698	714	698	731	698	734	724	709	711	713	677	672	704	717	714	687	698	714	699	694	728	688	712	702	711	681	722	709	723	728	682	703	724	675	711	703	707	712	686	707	706	705	695	718	708	716	713	725	709	695	710	3400.207103
712	700	720	713	720	710	705	722	699	726	689	729	713	709	677	700	697	724	727	689	686	694	703	700	711	706	700	721	709	721	712	723	733	703	691	706	695	701	5736	702	726	711	702	710	702	691	701	666	718	705	702	706	705	752	689	699	694	713	697	692	702	713	714	721	695	710	711	697	683	680	687	699	710	686	717	688	715	698	699	719	692	701	712	718	710	676	684	697	703	694	700	690	712	695	711	702	3401.183756
703	708	725	702	690	679	725	679	705	708	692	689	707	732	702	681	708	719	731	714	702	675	710	700	712	718	695	689	723	745	703	699	688	707	704	695	691	678	2518	698	719	728	710	700	713	692	712	701	702	727	710	702	712	714	721	728	693	697	705	707	698	695	706	716	709	676	687	689	687	718	693	684	711	693	700	689	689	697	701	700	696	693	710	699	718	703	719	727	711	707	707	714	714	688	717	726	3402.160205
712	694	725	691	721	688	716	702	687	727	704	672	698	695	706	715	696	697	716	688	706	711	698	691	706	712	712	699	690	679	716	707	714	716	708	709	699	703	5804	713	703	705	695	726	694	689	695	694	699	692	710	698	718	692	712	717	688	695	695	707	717	707	718	677	681	697	698	700	699	708	687	707	717	697	702	697	696	710	704	709	709	709	699	676	692	710	715	698	713	691	681	674	687	696	697	696	3403.13645
709	697	687	706	714	721	699	705	722	714	698	696	693	696	705	707	695	703	691	712	706	706	708	686	694	700	694	709	710	709	704	713	699	691	681	686	707	677	9147	706	708	694	691	689	679	705	709	732	725	712	698	714	702	711	702	677	686	692	713	672	725	697	705	695	692	682	710	685	696	696	714	718	697	712	697	706	669	688	678	696	689	695	679	691	694	687	700	712	700	723	672	702	692	701	689	702	3404.112491
708	694	699	691	708	686	690	712	690	724	729	708	724	684	704	693	716	711	697	689	703	704	677	694	687	705	691	694	730	689	704	702	693	722	695	703	691	687	717	705	703	688	708	710	675	683	695	688	693	715	707	729	688	709	712	719	693	681	698	675	691	719	697	714	713	707	727	708	695	700	718	708	706	701	706	703	700	694	684	682	697	684	717	704	717	704	715	696	697	690	699	700	701	678	698	702	3405.088328
713	690	683	688	691	703	717	712	693	714	674	695	704	702	671	682	676	701	682	687	710	696	687	684	704	705	713	694	702	694	696	716	699	684	697	701	704	688	706	685	690	706	680	701	693	709	686	713	716	710	690	708	683	702	700	690	705	715	683	728	703	703	693	681	706	683	677	705	696	700	705	702	704	707	687	694	688	700	685	689	685	695	669	689	703	673	679	695	685	686	692	705	709	707	696	695	3406.06396
689	709	706	689	686	684	704	692	704	682	719	699	701	693	702	684	675	697	684	684	701	680	699	702	693	704	702	718	713	689	714	707	712	720	690	709	713	702	714	684	679	700	687	679	707	678	709	706	700	709	711	683	695	684	692	704	689	690	699	697	712	677	686	702	718	692	703	692	693	704	719	711	690	695	687	715	691	708	703	680	712	708	710	707	707	702	667	703	688	693	718	694	724	684	708	703	3407.039389
699	689	676	702	694	716	711	686	727	707	717	692	701	699	689	704	686	728	708	685	687	710	717	682	709	698	694	690	704	684	698	697	698	691	676	692	721	659	704	699	724	687	705	694	699	701	722	698	690	700	707	687	719	700	695	707	695	696	705	675	668	697	711	686	709	702	736	700	700	696	696	688	696	702	686	696	684	700	693	686	687	704	716	700	691	672	709	705	701	690	680	704	671	699	694	692	3408.005908
699	709	693	693	710	700	677	680	703	675	705	678	691	677	676	710	709	700	695	706	700	694	682	694	681	692	683	684	697	696	711	694	699	701	692	684	679	677	704	687	685	710	651	712	691	684	676	704	687	691	697	685	716	676	700	703	682	707	693	713	685	692	691	710	679	712	682	666	702	723	690	722	704	682	679	716	695	697	690	679	700	690	712	696	691	688	680	723	701	704	695	693	688	698	714	697	3408.980931
710	697	692	706	677	693	689	668	692	696	699	690	703	714	716	693	678	695	692	687	701	672	683	708	691	709	708	688	711	682	689	719	708	676	674	696	697	709	672	661	686	705	683	716	688	681	690	704	692	708	701	710	682	685	718	708	709	685	685	686	700	672	712	704	703	704	697	696	684	704	691	702	680	677	687	681	715	690	694	697	688	704	705	680	699	693	681	695	698	702	693	681	698	701	721	675	3409.947047
711	712	703	706	695	685	683	690	705	690	682	687	690	685	704	689	690	698	706	681	718	691	706	673	688	670	698	710	711	696	698	695	703	692	707	712	684	710	689	687	711	689	676	682	690	704	703	685	690	713	681	710	696	674	707	703	686	688	696	701	697	697	701	681	708	722	694	680	708	701	689	698	711	687	690	686	706	689	673	705	697	699	695	693	711	724	726	705	726	687	713	687	696	695	699	700	3410.921664
685	695	698	681	697	701	700	699	729	712	713	689	656	686	704	692	695	690	698	690	681	717	714	694	694	694	710	674	679	696	734	704	710	698	691	704	690	667	700	719	710	690	683	714	703	699	715	713	690	698	699	677	680	679	695	681	713	694	704	678	728	709	702	706	699	703	678	670	717	693	690	713	710	679	699	688	712	703	706	684	687	693	717	695	688	692	709	681	688	678	687	704	694	700	692	712	3411.887379
727	676	684	714	697	697	714	676	697	687	681	718	724	681	662	702	692	695	696	700	710	711	710	711	700	674	706	700	702	690	683	691	679	708	680	692	689	729	693	700	690	682	709	694	702	699	701	700	688	685	678	691	680	698	696	695	694	722	682	704	694	689	688	687	704	689	701	696	701	687	715	692	721	694	685	701	704	708	687	680	693	675	671	691	683	693	676	694	694	667	681	688	667	684	700	679	3412.861591
737	705	705	702	720	725	694	698	708	708	705	693	679	693	697	697	704	692	702	694	686	695	694	718	705	714	701	696	712	691	705	716	692	692	683	708	685	703	684	677	691	693	687	712	689	707	689	688	699	706	685	695	712	720	703	697	681	688	735	712	710	700	685	674	704	702	707	706	679	712	720	702	709	683	698	689	718	704	692	712	674	715	712	676	697	709	715	708	704	702	695	690	704	694	689	686	3413.826904
681	715	694	672	689	702	692	702	698	686	710	706	707	698	707	711	698	693	689	701	705	697	686	687	711	718	703	704	725	692	717	700	701	715	719	697	690	652	685	696	692	695	702	700	705	741	710	704	708	705	693	715	701	684	706	711	711	700	700	698	680	696	708	717	706	693	734	690	715	648	685	703	694	682	687	693	715	688	685	706	690	722	692	696	716	703	714	688	718	676	702	707	709	692	693	693	3414.792017
691	696	686	691	709	695	698	691	700	697	703	720	683	715	723	670	713	734	694	698	706	703	689	712	724	685	685	697	719	706	694	687	703	680	702	704	696	694	708	690	667	678	691	683	708	684	706	704	697	696	676	698	686	691	695	698	693	705	693	690	707	686	691	663	682	708	721	726	722	675	715	681	712	698	705	693	704	681	696	680	676	699	718	718	711	695	707	706	686	700	737	704	716	697	680	719	3415.75693
716	706	702	693	696	716	714	709	702	692	700	682	697	721	673	683	705	694	684	689	696	696	723	671	715	693	684	703	703	683	690	682	710	700	686	704	705	708	672	703	702	710	703	692	708	706	681	706	701	706	706	694	685	705	692	689	672	703	675	692	705	671	666	703	696	699	705	688	690	698	687	691	685	701	691	691	704	668	694	679	710	688	683	690	713	707	678	694	695	684	687	705	694	675	682	703	3416.730334
698	714	691	676	692	671	704	699	703	696	698	709	689	681	682	681	694	711	681	710	700	692	721	682	675	705	710	687	691	689	695	688	710	704	701	699	676	714	690	704	692	699	687	712	688	692	711	687	694	686	667	669	698	710	703	711	690	685	684	670	700	706	689	670	711	694	687	707	710	705	678	683	723	717	731	715	683	685	712	690	711	707	698	699	705	694	715	696	700	698	683	694	681	704	703	700	3417.694846
717	700	684	692	695	666	691	708	678	678	705	690	692	706	679	704	674	701	705	670	697	688	695	694	707	707	674	699	687	688	697	723	705	709	702	700	680	694	680	701	687	690	696	688	681	696	709	700	716	685	699	686	688	687	677	703	675	693	697	678	692	715	707	724	688	703	694	686	696	676	689	707	712	718	694	703	705	704	698	674	697	708	673	685	723	688	691	690	691	707	684	708	714	678	698	710	3418.650472
707	693	690	683	719	709	711	684	704	683	702	693	684	707	692	710	694	701	680	715	737	705	716	689	705	684	690	694	698	685	697	702	692	704	685	697	704	714	686	707	683	708	698	699	679	692	678	681	706	708	712	700	695	689	695	687	714	697	686	673	692	717	684	695	688	667	667	693	703	683	691	706	686	711	709	717	697	691	708	695	711	686	724	685	715	694	695	682	705	678	698	680	707	683	706	700	3419.614587
701	681	687	707	716	681	703	692	697	691	716	678	694	688	695	698	703	679	721	685	707	685	693	698	688	690	696	679	716	705	699	690	708	710	695	675	691	678	670	672	695	686	678	694	697	697	678	682	683	679	691	691	674	694	701	674	682	690	704	694	685	711	708	682	671	678	686	695	674	687	699	677	683	701	698	684	673	707	700	675	688	710	691	707	693	700	666	659	697	687	694	678	692	670	682	685	3420.578502
693	692	687	703	707	671	654	669	709	700	678	695	686	689	699	704	660	701	698	693	689	668	684	688	695	703	712	681	692	676	723	698	682	693	699	675	688	681	704	691	657	669	697	676	689	696	683	680	683	678	704	709	694	708	680	679	723	690	682	707	683	692	675	679	665	694	694	692	687	696	694	706	708	699	687	692	703	686	714	674	686	692	680	696	678	714	682	682	689	683	693	696	686	712	680	688	3421.542218
673	706	691	702	681	698	682	703	695	680	708	700	697	691	687	697	690	684	669	703	687	691	685	685	696	693	677	686	679	692	692	688	690	685	681	668	701	673	681	703	682	687	700	690	701	690	675	698	692	681	714	700	674	698	703	689	682	665	708	674	687	688	682	702	698	690	680	702	697	686	698	677	677	696	686	708	665	653	695	684	681	697	679	710	684	678	673	681	696	673	674	682	698	676	701	680	3422.505735
679	704	688	703	684	673	672	690	685	683	678	680	671	703	665	705	670	707	684	681	690	693	696	682	697	681	669	674	688	704	665	705	693	678	705	665	681	688	682	680	688	653	703	697	672	662	686	679	689	675	705	672	685	681	687	667	693	677	687	686	698	695	668	704	682	700	684	674	689	693	696	697	669	687	675	670	683	671	675	678	689	676	686	712	681	696	679	666	689	664	675	675	699	676	681	685	3423.460375
673	690	697	681	695	687	675	687	670	682	681	698	703	689	697	692	672	680	710	685	665	666	688	684	690	673	685	683	679	678	698	697	697	672	669	685	667	665	689	694	692	671	671	704	695	672	674	700	705	685	685	683	673	679	690	678	684	677	664	688	706	686	688	679	693	682	693	669	699	681	691	653	703	692	678	688	656	696	694	660	693	688	687	678	697	701	670	685	686	658	702	682	685	670	680	685	3424.423495
701	687	677	664	677	683	711	686	683	695	680	675	709	668	669	667	667	698	683	678	647	684	695	669	702	688	707	664	665	704	689	701	655	690	671	697	684	696	682	663	678	703	685	697	668	678	671	681	684	688	683	685	678	685	666	698	675	652	680	666	680	673	705	654	698	694	677	701	693	676	681	660	667	689	689	686	698	677	677	680	674	696	691	699	685	675	664	679	681	702	665	653	707	674	664	678	3425.377742
667	646	700	671	679	697	702	678	678	689	683	699	682	703	672	680	675	677	674	694	688	686	692	685	671	689	681	687	686	686	693	717	691	699	664	691	671	664	680	673	672	681	679	659	705	683	663	660	681	676	642	674	659	686	675	677	683	689	686	671	678	667	673	668	679	681	683	681	667	663	689	669	688	681	683	678	683	673	676	692	683	692	689	691	667	679	681	678	686	681	662	698	657	671	682	664	3426.331793
681	687	649	676	664	662	697	672	680	673	682	683	676	680	686	666	671	681	676	679	677	672	684	667	668	672	672	667	690	675	685	671	673	680	687	672	686	683	685	665	686	688	670	681	691	675	697	684	668	674	692	665	676	688	690	683	656	674	677	660	689	690	682	695	679	677	686	681	675	671	682	686	671	679	679	696	681	645	685	662	684	674	695	669	675	688	701	676	689	651	691	674	684	680	668	687	3427.29432
661	660	683	678	685	662	682	676	675	680	673	697	682	668	678	692	670	663	660	701	670	685	686	691	652	673	681	692	675	695	670	669	668	669	688	664	683	641	663	699	674	685	681	700	667	667	650	676	680	653	664	687	699	684	670	669	683	663	661	663	691	669	658	678	659	669	657	687	668	658	670	683	675	656	671	687	677	662	658	668	693	653	694	653	688	648	673	680	666	668	670	685	671	667	683	690	3428.247979
687	673	681	686	679	659	717	667	675	677	675	675	706	689	681	678	687	687	657	678	659	689	686	705	697	684	670	681	671	673	666	671	685	683	699	690	669	678	691	675	675	672	698	692	661	668	685	676	657	671	698	664	678	676	652	671	681	691	682	626	696	679	687	688	679	665	680	663	669	676	674	669	658	683	680	712	674	694	678	672	661	661	679	694	661	672	673	669	682	673	684	698	673	667	667	673	3429.201442
670	664	678	688	686	666	683	665	679	684	672	674	673	688	674	685	668	691	695	679	691	668	678	678	694	666	687	676	673	688	677	680	672	682	693	675	672	660	689	672	663	663	670	667	667	686	664	668	687	676	673	674	677	679	678	664	673	674	665	684	688	675	692	662	681	679	669	666	684	690	681	676	704	668	676	687	668	688	679	680	703	691	687	659	708	674	669	666	666	677	665	671	680	667	682	691	3430.15471
662	675	677	656	655	689	669	672	689	661	674	672	647	687	657	669	668	685	666	674	676	667	661	682	682	665	678	679	679	665	687	674	661	667	673	686	667	663	659	678	671	668	680	652	674	663	665	667	661	687	683	671	666	672	678	669	658	678	674	661	675	680	669	670	665	676	677	694	698	674	665	715	690	660	670	685	662	667	652	686	655	670	679	688	696	651	668	670	682	673	672	690	677	669	661	679	3431.107783
675	654	645	673	672	681	660	681	667	691	670	672	668	693	678	665	681	680	694	677	673	677	666	668	681	657	703	678	670	690	665	651	656	662	679	674	690	670	669	664	694	663	682	679	663	691	677	653	681	677	684	679	664	653	667	677	667	654	680	696	673	679	687	659	662	658	664	683	691	675	668	662	687	661	640	664	652	675	677	693	672	661	671	685	663	690	674	673	672	673	706	659	682	689	659	672	3432.060661
682	706	663	695	670	656	681	659	675	682	699	673	674	667	671	704	679	667	664	663	686	681	682	678	672	668	676	667	685	670	674	695	686	679	684	706	680	689	672	634	668	671	683	664	679	681	677	669	680	670	667	674	651	671	695	673	662	666	678	679	676	665	663	669	696	670	687	666	694	667	662	673	677	682	691	671	653	666	691	670	684	677	666	671	686	665	681	683	673	666	661	695	692	665	717	680	3433.013344
681	670	676	683	668	673	652	681	668	655	656	683	688	680	698	654	672	667	686	669	647	685	661	665	651	677	670	651	674	682	664	676	675	663	690	667	669	691	679	678	661	692	669	671	669	696	704	677	679	674	673	665	680	672	674	685	666	657	680	691	652	675	687	664	687	672	677	679	692	695	678	691	683	687	681	641	692	669	670	675	671	658	666	645	698	671	687	685	700	667	700	688	676	659	671	653	3433.965832
672	683	679	704	663	679	665	679	683	689	662	667	679	688	655	679	702	688	669	675	661	670	693	685	672	659	664	674	680	652	681	690	664	669	663	697	684	682	666	669	676	678	677	681	669	664	673	678	656	690	679	695	698	665	679	674	688	663	687	675	679	669	700	684	662	678	659	682	686	682	679	657	647	666	682	700	674	679	674	676	694	692	646	663	703	677	666	708	672	671	682	678	680	678	677	660	3434.918125
677	685	678	690	685	668	713	660	680	683	664	655	672	695	671	700	650	668	692	661	690	668	671	661	669	674	679	687	666	683	681	666	682	678	697	682	670	670	668	671	656	670	674	675	664	664	669	668	664	675	680	678	683	658	683	682	684	689	686	665	671	694	693	677	675	702	672	661	684	670	672	687	663	679	676	685	667	681	682	677	654	664	672	685	698	674	673	666	679	676	681	669	683	650	672	667	3435.861568
666	677	691	683	667	674	690	660	676	679	661	692	680	655	684	677	670	678	679	678	658	668	674	656	700	667	671	659	680	679	670	696	686	679	683	651	664	679	684	669	685	674	667	675	689	660	692	672	674	689	668	664	671	682	659	658	684	673	647	683	677	710	676	652	689	673	679	700	670	693	672	687	666	648	673	680	677	666	664	685	671	707	700	684	685	693	662	658	648	679	681	676	676	677	651	675	3436.813473
685	682	678	674	664	674	681	667	674	667	688	657	685	675	675	699	664	683	679	657	678	679	675	672	656	693	679	689	657	670	702	676	669	673	702	662	675	689	673	669	665	673	679	694	692	683	679	679	697	672	677	678	660	666	658	668	674	685	673	670	674	664	675	694	686	701	670	682	690	688	681	665	664	652	675	680	681	682	696	661	702	668	633	678	673	657	684	682	670	679	669	663	673	679	689	683	3437.756532
687	668	692	703	705	685	688	683	660	696	654	703	678	689	684	671	684	673	664	698	707	685	675	653	689	680	689	657	705	681	663	684	675	691	713	653	704	665	672	686	680	690	672	675	673	677	664	681	671	697	668	662	680	661	675	669	665	693	657	671	691	667	676	675	669	668	678	675	673	697	671	672	693	692	696	684	669	703	666	716	701	690	659	691	654	674	650	671	652	661	669	673	664	670	662	673	3438.708049
699	658	661	657	684	669	642	679	669	679	666	699	663	669	696	661	679	663	671	686	675	657	677	665	686	689	694	680	680	662	662	704	690	671	665	681	685	657	677	679	681	663	677	658	680	661	672	665	694	674	682	704	676	694	662	688	680	678	668	686	661	669	690	696	672	671	674	682	664	675	640	663	671	688	694	658	671	678	685	651	678	671	660	670	689	685	676	682	692	682	669	648	669	670	695	677	3439.650724
663	684	690	667	674	652	661	689	685	674	664	671	688	692	689	671	682	690	676	662	673	673	663	669	659	683	677	667	680	682	710	687	687	699	673	651	687	669	694	676	672	664	672	669	674	673	648	676	699	687	672	670	670	677	690	685	669	659	671	671	680	691	686	685	670	666	667	687	685	680	684	681	684	679	655	679	660	682	691	671	662	694	691	682	696	686	688	653	669	675	683	671	661	684	663	672	3440.593208
670	667	679	671	692	691	670	676	666	679	664	688	700	645	660	691	674	688	687	680	682	669	697	661	669	681	682	680	666	675	668	677	676	691	688	673	663	666	682	672	676	675	659	683	662	660	673	652	673	672	665	658	693	672	668	660	682	678	682	675	640	681	691	668	684	673	688	680	660	662	674	671	675	672	656	665	699	669	675	651	667	684	691	671	682	696	667	673	681	669	692	643	669	676	681	670	3441.544145
673	667	675	688	681	682	687	661	651	695	671	671	671	659	662	665	672	673	672	659	672	672	677	676	671	673	677	682	676	685	662	688	673	678	674	651	671	682	673	670	666	692	667	683	674	684	677	670	668	659	685	660	671	669	688	665	677	665	692	669	660	678	663	697	677	676	674	676	678	655	657	660	668	668	681	684	668	671	650	674	672	666	671	659	655	652	674	667	664	666	647	679	684	701	672	683	3442.486245
667	677	662	666	676	686	680	675	664	680	673	676	674	663	667	666	644	679	696	675	684	686	660	673	679	696	660	666	664	651	661	650	671	672	676	690	666	673	686	663	695	672	673	693	678	670	683	672	684	679	689	675	660	655	641	673	649	690	659	686	667	687	677	677	663	660	696	681	654	662	667	662	679	689	669	705	680	676	654	678	654	676	679	693	705	676	670	672	677	685	678	685	668	671	679	671	3443.428154
653	673	684	651	665	661	681	660	690	675	671	662	648	674	667	665	691	659	677	651	664	651	682	682	685	674	688	681	692	671	681	674	662	675	663	655	691	674	695	676	646	669	682	666	653	670	663	679	659	681	687	673	656	679	671	663	698	662	687	650	676	677	671	693	654	679	674	680	662	668	668	680	677	678	660	680	658	688	654	658	663	677	678	661	677	663	665	685	667	678	673	694	671	689	650	706	3444.369872
661	679	670	661	663	667	689	661	685	669	660	667	670	663	669	654	667	681	665	678	673	670	666	668	674	678	660	675	685	667	695	674	694	692	673	674	677	678	674	682	670	669	666	689	652	662	646	652	674	672	674	669	671	673	665	699	683	690	680	670	668	659	668	660	669	670	668	665	672	654	671	668	664	670	674	678	686	673	653	674	692	655	656	675	657	684	681	646	678	671	683	658	670	664	662	685	3445.3114
670	669	670	666	675	679	671	685	681	658	687	672	685	689	673	688	667	669	663	668	667	668	668	680	669	657	648	663	680	660	666	695	669	685	679	665	681	674	640	657	680	661	665	671	653	690	660	677	661	660	658	648	669	655	637	672	670	667	664	676	662	649	649	672	668	653	682	685	660	661	655	690	668	671	660	661	663	677	670	684	657	679	683	666	687	648	668	685	675	680	667	670	664	686	676	683	3446.252737
672	653	672	680	671	665	671	662	671	679	642	679	659	662	660	678	642	685	654	671	668	663	651	663	683	666	665	673	638	676	672	657	675	687	677	669	670	701	667	657	668	669	661	687	679	692	666	656	666	684	664	664	644	662	669	673	666	677	669	656	665	664	670	674	673	685	646	643	669	666	688	672	701	652	658	656	662	682	670	666	678	686	659	677	678	659	671	665	683	657	676	651	647	650	674	678	3447.193883
652	676	671	661	656	647	671	692	637	655	671	652	678	659	680	660	645	679	665	650	681	667	665	667	687	664	660	680	686	660	684	658	668	647	657	677	656	672	675	678	667	657	704	659	642	662	645	654	660	658	655	653	662	651	660	672	658	657	661	690	653	665	673	667	662	656	676	667	683	673	653	651	656	653	666	659	643	710	679	656	665	682	680	666	681	656	660	675	669	664	667	644	655	671	685	678	3448.126206
647	650	660	659	673	660	679	644	675	670	655	647	633	673	671	665	671	673	660	648	666	660	676	663	670	679	679	656	655	660	655	654	660	656	674	639	675	672	662	675	658	670	667	651	668	673	665	685	642	663	647	680	669	650	661	663	657	658	653	647	660	664	679	667	663	644	669	670	666	667	652	672	676	678	656	641	661	664	648	682	663	658	665	645	671	663	678	669	643	643	657	660	675	693	673	673	3449.066973
679	660	663	646	668	658	658	670	669	645	670	673	663	663	667	675	640	648	681	668	672	667	672	654	679	644	663	650	645	662	663	691	678	683	663	647	658	661	675	659	646	652	678	659	651	657	650	665	673	664	671	671	662	653	675	643	677	657	657	654	649	672	658	663	668	680	646	651	663	666	639	672	657	691	659	681	683	676	647	677	675	663	652	677	654	654	659	657	653	676	656	652	648	642	665	662	3450.007549
671	655	648	655	653	649	635	664	689	659	668	669	643	675	648	657	664	633	679	655	647	646	670	647	658	641	653	666	661	668	676	657	645	649	630	688	659	667	659	652	661	673	659	656	643	656	662	659	654	664	654	652	643	653	673	661	663	660	643	646	661	672	662	660	679	651	676	659	663	648	645	658	664	677	659	667	659	678	685	631	652	675	659	661	648	682	663	663	660	664	658	675	679	640	641	666	3450.939309
657	641	648	629	667	651	644	654	684	657	655	651	679	647	651	646	672	655	646	640	644	661	658	655	651	678	631	647	667	648	654	661	657	655	656	655	662	637	650	652	658	675	655	661	659	645	659	654	653	647	660	669	654	654	657	665	659	652	659	645	681	671	663	660	665	679	647	670	648	647	649	654	650	649	649	658	656	634	652	672	663	659	644	654	651	670	657	659	655	659	660	670	648	681	660	687	3451.870881
668	668	644	672	639	653	646	679	641	667	682	657	660	679	659	654	641	623	662	648	658	672	647	653	656	679	670	659	672	674	687	676	640	654	658	659	664	645	658	678	654	677	662	660	657	648	658	665	658	645	659	641	659	666	661	658	631	664	676	658	663	633	644	628	676	653	646	656	666	655	649	662	654	658	675	644	639	652	643	679	641	685	662	640	656	668	662	646	649	647	645	653	651	655	688	667	3452.81089
658	665	650	647	658	677	673	661	646	636	657	647	666	655	651	652	648	643	656	659	632	650	674	671	655	641	648	679	678	660	661	644	657	667	651	653	649	642	655	661	651	668	655	640	658	675	660	649	651	674	651	660	642	661	663	659	642	651	658	665	649	672	635	642	682	664	646	657	640	658	650	655	680	660	650	668	643	655	659	657	686	645	678	654	677	650	661	652	645	654	642	665	658	646	647	651	3453.742086
648	666	649	674	639	665	667	667	648	636	653	653	653	630	645	690	651	670	657	639	653	637	631	648	655	646	657	654	635	640	657	654	636	663	644	641	634	645	652	660	656	641	651	662	642	669	668	637	639	664	651	649	682	634	648	645	641	649	651	645	643	634	653	649	664	647	665	647	654	669	655	655	667	645	650	665	683	635	660	657	651	665	645	651	659	641	653	639	647	636	644	645	645	649	642	654	3454.673097
643	625	649	652	623	668	646	653	660	659	637	659	646	654	640	655	644	662	666	645	642	649	631	657	678	650	650	667	638	651	647	648	674	648	634	641	672	659	649	669	646	649	646	654	641	652	634	677	648	649	655	662	672	644	645	643	647	647	667	655	641	635	643	639	648	656	639	657	648	671	672	653	647	662	650	646	640	645	636	666	658	659	654	655	639	641	662	676	649	648	645	653	675	619	647	649	3455.612538
638	645	650	633	650	657	642	658	632	648	668	628	640	641	642	638	640	640	651	662	637	618	648	660	625	645	665	637	648	640	652	649	644	635	682	650	635	646	649	642	642	661	657	645	640	638	645	634	650	627	654	658	641	641	643	634	663	652	634	643	649	648	665	654	653	647	648	645	661	652	666	652	658	644	648	641	627	647	634	650	667	643	631	655	649	620	641	655	642	643	643	651	648	654	666	645	3456.543173
635	643	645	650	637	640	626	650	650	679	654	646	659	663	668	664	657	636	634	666	674	653	647	662	650	627	659	640	661	646	644	656	651	657	650	665	662	637	647	634	648	652	649	640	654	649	653	646	645	658	647	634	625	649	653	654	648	648	642	645	637	660	657	639	617	647	630	656	623	648	641	644	636	671	658	659	635	651	655	659	650	660	642	644	675	649	643	662	644	647	651	648	661	634	647	648	3457.473622
666	634	660	644	632	666	651	656	666	631	645	650	615	654	646	659	636	645	647	647	673	636	638	660	649	631	662	669	655	644	648	667	646	645	647	646	627	627	656	664	654	670	659	643	634	622	621	645	654	646	656	665	629	647	638	642	664	645	652	670	652	644	657	660	654	650	656	632	660	653	639	657	654	640	640	672	638	648	649	635	638	618	630	650	673	661	649	641	638	629	652	645	647	659	638	645	3458.403884
632	649	640	645	658	650	641	638	642	659	655	632	627	647	636	647	647	672	652	663	650	647	671	636	651	649	631	639	651	650	656	661	660	667	650	656	639	645	629	670	646	652	646	646	652	655	656	634	649	658	674	658	641	642	630	644	664	642	651	645	662	647	638	633	647	662	652	654	629	666	662	647	658	668	657	649	649	654	657	658	654	639	657	655	654	621	646	669	649	667	653	637	649	644	635	664	3459.325349
657	639	635	641	631	657	638	640	642	659	650	641	628	658	663	654	638	651	650	638	661	642	664	657	641	638	662	640	624	634	651	650	654	634	636	655	653	655	663	647	650	662	656	661	621	640	649	658	645	640	636	637	638	662	657	630	646	629	667	636	641	636	625	656	636	638	632	661	659	638	655	632	654	649	637	662	632	646	659	640	650	635	624	640	648	630	648	622	652	652	617	639	644	645	647	642	3460.25524
651	634	646	661	641	654	657	656	631	652	651	657	631	642	657	632	647	654	678	646	647	636	646	629	621	650	656	648	648	659	662	667	642	647	634	639	656	638	656	637	659	644	643	643	643	643	669	638	653	633	645	687	642	651	633	665	628	642	639	634	648	639	641	633	645	648	641	627	648	650	650	643	635	619	644	661	650	648	656	613	632	635	656	650	637	680	633	655	652	656	643	659	652	645	650	658	3461.184944
664	672	651	637	651	639	628	636	648	643	628	667	625	631	634	649	640	649	644	631	663	646	650	628	659	632	663	650	671	655	666	635	637	647	635	657	647	631	640	653	649	637	646	637	648	645	643	650	653	655	627	662	624	662	626	651	647	650	656	653	652	651	650	644	656	669	656	652	636	641	644	643	647	649	646	640	619	649	652	655	653	644	636	661	653	643	627	648	631	635	652	652	634	651	627	646	3462.114462
647	684	631	656	637	616	640	644	659	638	651	623	639	641	627	651	656	632	623	620	642	647	651	623	643	645	648	631	643	622	640	654	652	639	653	636	626	636	636	654	651	646	619	618	642	633	649	646	663	644	640	635	634	637	644	638	622	649	625	647	666	658	661	636	646	644	648	626	647	623	637	648	641	658	648	659	657	640	650	669	647	634	635	637	643	656	649	646	637	644	643	621	647	638	646	641	3463.03519
660	3423	649	642	649	645	645	625	631	628	616	659	628	647	648	625	649	656	658	647	637	623	661	635	629	637	651	649	652	656	632	659	644	649	648	637	640	642	647	656	638	634	667	641	633	662	643	647	655	644	651	630	651	636	639	618	643	636	626	638	638	649	640	657	639	632	653	654	622	638	628	650	652	639	679	639	645	629	656	636	636	658	634	627	645	631	663	645	647	627	607	658	626	648	651	624	3463.964338
654	3619	632	643	629	659	628	632	649	637	629	640	642	660	622	652	614	647	640	623	642	652	646	634	638	641	645	666	657	645	658	665	660	653	622	660	641	659	662	653	633	652	655	636	640	662	617	644	644	657	644	648	652	641	629	628	655	641	640	658	640	644	669	637	632	675	644	630	671	648	657	648	649	664	641	646	645	657	629	635	640	658	648	641	652	635	631	658	663	658	629	667	673	651	646	649	3464.884699
632	678	646	641	651	654	630	639	644	646	654	660	628	655	649	668	634	643	640	646	646	646	651	634	636	663	649	647	632	639	655	637	625	636	646	652	648	640	645	637	633	645	666	656	661	634	637	666	641	613	630	643	647	647	649	625	657	655	644	630	632	654	632	639	649	634	659	628	644	634	636	645	633	660	652	657	655	632	644	650	650	647	641	655	646	636	670	639	640	641	666	634	663	658	653	642	3465.804877
638	640	651	665	637	645	645	637	651	641	645	646	641	655	656	640	644	643	635	645	651	645	659	640	637	666	655	645	644	645	605	637	667	663	656	629	649	644	625	647	651	642	649	647	652	650	632	619	654	644	636	633	631	661	660	634	639	639	647	659	641	657	650	649	637	639	645	635	645	639	635	629	641	650	638	650	655	626	651	634	642	659	660	660	643	621	644	636	630	643	659	639	659	674	639	646	3466.73347
632	648	639	652	663	658	633	641	632	648	647	647	643	643	645	635	633	627	632	643	655	628	634	635	641	647	620	643	636	632	628	647	648	660	647	651	648	654	643	671	662	649	630	643	656	653	645	640	636	651	637	648	622	633	664	640	634	634	615	628	656	646	629	644	631	654	665	661	648	646	623	649	629	654	637	653	644	646	643	628	641	637	657	641	650	647	670	632	642	650	642	643	636	647	642	651	3467.653281
633	648	648	658	626	626	647	639	643	666	630	645	632	648	661	660	657	641	659	634	645	658	654	638	647	650	638	642	631	651	648	640	629	646	640	618	649	641	660	638	635	637	636	635	625	618	651	638	645	640	628	618	661	637	635	644	617	653	649	644	629	646	639	657	629	636	646	654	632	639	627	642	659	636	628	654	651	650	657	649	676	654	629	651	640	640	634	637	642	637	657	658	639	653	657	622	3468.57291
645	630	627	646	654	643	640	635	651	642	654	629	641	627	639	665	643	639	629	648	632	645	641	649	660	632	640	648	643	659	633	657	657	634	626	653	645	648	644	646	645	630	653	645	646	649	649	634	648	653	626	639	644	636	639	637	644	635	649	630	637	647	648	656	636	645	654	656	647	635	655	644	646	646	641	649	636	630	641	647	654	664	638	644	632	643	638	639	642	652	649	642	624	629	653	637	3469.492357
648	651	647	625	636	652	637	644	646	647	645	634	656	647	662	657	654	639	641	632	656	671	642	673	616	660	650	642	645	655	625	649	652	624	638	651	644	649	632	659	652	645	639	648	658	643	617	637	643	626	639	629	638	634	649	639	646	650	634	628	657	638	662	644	653	643	622	668	666	633	647	675	643	647	621	653	650	661	658	644	636	628	641	653	635	663	647	644	636	660	656	655	637	653	648	632	3470.411621
620	661	644	655	631	653	654	667	651	644	650	639	639	635	658	617	644	617	640	658	648	630	644	633	649	659	649	636	648	621	648	649	644	641	636	638	625	650	631	642	646	649	621	649	632	627	627	638	654	659	645	640	632	640	637	638	661	622	636	640	636	638	633	642	630	655	620	655	637	636	628	640	643	645	639	637	636	624	642	655	649	646	647	636	642	646	629	645	615	621	635	664	632	642	654	637	3471.330703
642	640	646	622	640	639	638	615	645	613	633	657	642	635	667	638	604	620	627	643	660	641	655	630	637	629	638	650	645	624	642	654	659	653	648	612	657	624	637	638	631	637	644	659	640	643	658	636	643	637	643	628	625	641	657	639	648	649	651	625	643	650	635	646	645	637	627	632	633	638	633	644	650	635	649	653	631	636	657	625	612	638	655	634	644	659	651	659	661	648	632	629	630	641	628	658	3472.249602
649	634	652	629	649	629	612	634	645	643	626	639	632	645	644	642	627	636	647	643	645	637	640	657	662	617	628	631	622	632	643	629	629	627	653	641	634	637	640	629	634	626	652	631	645	638	654	633	636	647	645	656	624	618	639	650	639	632	639	628	607	658	646	654	633	659	618	629	645	641	630	633	631	634	640	647	641	646	640	631	653	621	656	635	654	639	624	649	641	638	663	647	629	632	657	647	3473.16832
646	642	642	629	645	665	629	639	650	646	642	653	629	652	622	632	652	624	630	623	642	640	640	643	622	614	632	631	632	610	631	637	646	636	623	632	636	618	610	633	645	640	631	631	638	631	632	637	627	637	615	629	620	634	629	634	645	643	616	629	642	626	640	653	650	640	626	636	638	643	651	640	640	646	619	640	651	657	636	627	613	646	632	644	621	646	602	671	632	639	645	632	639	623	649	628	3474.078271
659	639	643	628	640	634	643	628	612	627	633	616	635	646	641	615	631	637	637	638	628	646	626	647	624	623	644	626	633	630	633	631	646	650	625	615	614	631	621	621	639	625	646	646	649	627	653	653	632	641	645	618	634	650	658	643	630	629	604	634	619	644	643	645	627	620	647	616	632	656	640	625	645	640	641	628	644	640	626	624	639	632	649	634	639	634	660	648	640	625	669	630	622	632	652	649	3474.996626
636	629	627	628	636	644	631	639	637	652	645	636	638	625	629	633	626	641	636	643	633	628	632	629	612	630	648	631	637	637	634	620	639	627	638	638	632	640	622	631	639	637	625	651	641	636	619	620	631	627	631	640	635	638	653	626	611	622	638	633	624	623	633	619	640	641	644	643	634	643	626	648	644	639	633	630	631	636	649	641	640	616	659	633	626	638	637	606	625	644	635	611	643	630	636	628	3475.914799
635	646	640	637	632	658	616	620	620	634	632	648	645	622	663	647	641	628	625	635	635	644	658	639	635	632	630	639	632	612	640	635	634	612	627	647	636	630	643	635	632	633	642	629	634	632	638	630	632	637	625	642	641	630	630	623	638	617	632	627	630	638	621	622	650	648	623	630	632	651	629	635	637	636	632	638	637	631	625	639	643	646	606	631	644	632	646	626	634	635	632	640	630	644	622	616	3476.824211
634	635	619	610	622	637	628	618	646	656	644	621	653	638	625	627	606	628	636	635	625	648	615	637	625	617	645	629	641	645	620	608	627	626	637	637	638	622	639	618	624	643	632	619	638	638	631	633	620	629	640	649	616	630	636	635	632	639	632	637	635	667	619	649	643	633	626	625	656	635	607	654	618	652	635	642	643	642	633	637	632	636	624	644	640	635	641	633	613	638	632	642	623	667	648	627	3477.733445
634	627	636	633	631	614	605	616	645	639	639	638	633	644	633	634	633	620	628	630	610	620	632	645	639	622	640	626	615	623	641	610	620	629	633	635	628	623	616	629	632	647	632	622	627	622	619	631	620	659	619	642	634	658	622	642	642	637	650	633	638	618	619	645	623	627	623	626	622	636	620	646	646	633	641	628	639	620	631	622	647	638	634	646	640	631	635	629	634	622	601	639	635	640	624	622	3478.651075
638	624	639	626	610	631	627	606	636	627	622	646	634	638	626	635	639	640	645	623	637	624	638	634	625	639	636	642	652	649	641	629	629	626	619	627	623	630	631	628	643	591	627	640	622	612	616	631	606	636	645	621	623	641	627	606	647	630	630	623	604	634	625	602	640	608	616	603	640	611	608	639	618	610	636	638	624	631	638	616	629	638	620	613	630	636	650	635	637	600	623	627	627	631	633	634	3479.55995
620	629	640	632	620	602	628	645	619	625	628	637	644	614	607	633	622	629	620	620	626	620	616	637	634	630	628	616	625	628	631	640	627	618	626	659	621	617	622	637	626	619	615	640	654	602	597	633	614	620	619	629	625	628	607	618	637	605	614	625	634	624	636	632	638	639	641	636	612	636	615	633	602	635	626	646	636	625	628	641	639	619	631	623	630	630	630	621	638	637	635	630	613	613	620	631	3480.468647
615	627	628	643	623	649	640	606	630	639	613	619	632	604	628	622	639	612	634	612	616	617	639	613	625	630	629	621	612	635	622	628	613	616	605	629	604	619	644	631	618	628	649	633	626	617	631	629	624	618	626	633	621	627	616	607	620	633	629	633	616	620	619	647	613	635	612	625	623	630	642	633	617	647	616	606	629	599	637	614	614	623	626	637	634	606	631	625	641	606	628	624	617	621	625	639	3481.377165
619	642	635	628	606	610	634	615	638	609	621	641	629	627	640	623	649	626	612	639	629	634	619	619	632	624	613	629	615	617	612	613	620	639	619	614	626	625	626	608	638	630	604	621	627	639	623	616	611	622	638	654	627	621	614	638	634	625	627	642	635	627	635	617	619	626	622	636	630	627	609	625	623	627	637	643	630	609	630	633	611	620	640	626	630	641	647	609	617	621	625	617	629	608	611	632	3482.285505
601	613	633	642	602	634	612	626	636	625	615	602	641	641	635	604	631	646	619	630	632	620	629	620	620	627	615	608	605	622	615	634	635	616	628	621	639	630	623	614	624	618	638	640	621	618	631	623	624	616	616	623	632	625	635	621	625	647	630	640	608	625	641	622	644	625	615	626	634	616	615	631	623	629	638	635	607	617	635	639	615	642	630	628	613	618	638	620	613	621	625	604	614	625	637	619	3483.193667
630	623	620	616	610	621	620	624	618	615	613	640	625	612	619	632	624	626	605	624	616	604	628	606	603	627	628	611	604	613	612	628	603	600	604	639	622	615	641	628	623	607	608	608	634	622	627	614	623	616	626	620	615	644	601	631	637	639	618	634	619	629	605	624	626	619	629	618	635	623	612	605	600	634	623	626	625	613	620	607	627	616	615	592	626	619	629	622	621	618	626	641	631	614	625	610	3484.101651
629	620	643	625	600	613	645	646	616	621	641	618	606	625	610	623	621	630	632	639	615	621	618	592	626	623	606	623	636	629	614	639	640	610	616	641	630	616	639	623	625	613	620	632	633	634	617	614	609	629	612	618	645	624	635	611	619	614	631	607	613	620	609	623	613	622	627	606	614	609	613	621	629	621	626	601	627	638	630	619	633	605	605	616	626	623	621	619	632	614	611	630	605	634	602	620	3485.009456
607	624	625	629	625	598	610	620	614	623	632	630	644	616	624	638	613	612	601	618	618	624	597	627	597	627	617	602	611	628	604	634	607	629	633	611	610	631	617	620	609	627	608	615	622	621	608	635	625	614	610	618	606	612	616	610	613	605	621	616	603	638	611	616	612	614	610	643	617	623	640	641	624	608	603	637	618	627	610	607	621	623	613	598	625	633	620	617	589	640	616	624	609	619	607	609	3485.917084
620	621	612	615	621	634	611	631	629	611	622	634	625	594	608	607	626	621	604	619	623	619	630	600	623	620	631	622	597	618	620	618	600	609	626	621	622	629	618	639	619	635	613	598	598	646	618	626	610	616	619	610	621	605	613	638	621	614	619	620	612	607	622	623	630	627	613	613	616	624	629	611	616	613	598	599	613	619	608	620	619	614	617	602	621	608	628	604	602	617	626	629	628	610	599	632	3486.815973
607	614	614	623	630	616	612	614	626	631	638	637	624	629	614	620	626	615	607	618	621	621	613	602	626	597	618	607	617	638	625	612	608	614	614	606	607	628	617	625	639	611	613	627	606	607	621	626	614	620	632	620	599	617	609	615	638	621	614	608	641	623	606	605	613	645	639	628	621	621	618	602	619	609	611	614	602	620	626	640	626	626	633	595	634	614	610	603	633	630	629	614	636	629	628	614	3487.723246
614	632	609	598	627	623	627	610	628	614	621	603	607	622	603	595	620	596	601	610	618	630	604	612	615	591	626	602	609	603	624	616	590	622	617	626	628	603	614	593	622	598	620	616	622	613	614	611	613	614	616	609	626	598	611	623	633	616	624	625	634	622	615	614	623	618	621	614	626	617	633	623	600	619	615	618	611	607	616	628	620	608	608	611	635	609	626	624	614	599	634	630	629	598	617	627	3488.630342
630	627	608	600	599	614	612	595	612	613	629	621	611	615	628	640	611	611	620	606	625	602	616	608	616	608	615	597	626	614	634	614	620	617	615	604	615	608	608	620	614	612	623	625	633	612	610	641	631	616	609	626	625	623	614	612	622	619	634	612	627	603	610	588	629	617	632	607	620	595	626	609	597	632	630	619	622	594	609	620	630	620	600	612	637	637	621	637	620	626	609	621	630	596	628	626	3489.528704
607	608	631	613	610	620	617	631	611	618	626	617	629	619	621	597	622	631	641	631	618	633	611	629	629	606	617	626	621	619	646	618	625	596	625	617	624	620	609	604	611	610	604	623	613	627	602	609	613	604	613	621	627	600	634	623	629	615	625	620	616	602	596	618	611	634	607	629	618	639	595	626	616	588	608	617	604	609	640	616	633	626	608	618	646	598	648	633	602	595	604	622	609	630	624	615	3490.426892
599	623	625	632	599	608	625	618	623	609	630	603	600	616	626	621	612	613	592	600	638	622	623	608	605	617	617	618	615	617	636	611	615	621	631	625	627	604	623	623	602	604	624	608	620	639	626	612	623	620	617	614	610	624	608	616	610	628	619	604	612	633	599	612	608	614	614	618	600	626	631	612	613	622	610	606	625	607	619	611	618	616	626	619	619	606	621	622	627	604	604	624	619	618	615	624	3491.333457
642	604	623	630	632	611	622	609	619	597	617	611	618	624	621	614	615	603	637	617	619	603	624	609	637	602	617	601	605	614	626	625	601	597	609	620	599	615	610	619	625	607	643	614	610	615	606	623	599	627	628	596	628	624	608	594	602	617	618	622	621	603	608	617	595	625	604	625	608	608	627	618	609	626	616	605	624	586	626	600	612	603	617	621	619	621	623	606	633	622	606	617	627	626	611	599	3492.231294
617	609	597	620	602	605	608	614	621	618	627	626	615	634	635	610	607	617	610	627	604	613	626	618	599	617	632	619	620	642	625	639	601	631	612	598	611	606	624	620	599	625	604	600	596	616	606	607	600	610	610	627	620	621	617	620	613	610	599	625	609	624	606	599	616	621	628	604	627	610	613	612	598	606	637	600	602	614	625	607	597	616	618	614	612	619	616	610	604	611	620	617	616	610	611	606	3493.128957
623	618	611	599	611	614	624	618	609	609	627	607	627	611	618	622	628	613	598	617	592	631	614	608	606	613	608	617	602	603	613	622	620	611	612	621	618	605	618	617	619	609	647	640	628	612	598	603	604	635	594	622	615	606	613	627	630	613	622	601	617	614	610	611	607	616	633	631	612	603	602	614	608	616	625	630	609	634	620	631	615	622	608	609	606	621	615	617	607	617	591	604	636	611	622	629	3494.026446
622	613	637	607	621	584	627	600	617	628	627	607	620	594	613	614	583	608	624	611	605	628	625	611	625	622	610	635	620	600	598	628	620	619	617	604	608	622	620	622	601	622	622	610	612	622	617	607	606	609	621	613	610	611	615	627	623	618	601	633	609	637	613	622	595	608	622	607	627	614	626	622	609	621	623	617	638	615	617	631	624	602	609	623	637	627	607	623	627	621	610	598	609	600	647	604	3494.923761
632	611	618	612	607	605	618	629	616	615	603	634	603	613	603	616	610	598	607	602	613	595	626	617	625	609	600	614	613	608	611	603	606	594	625	615	625	621	618	622	617	629	629	622	598	613	609	609	610	613	621	596	593	612	615	624	626	603	603	608	612	620	608	609	610	617	610	606	621	608	595	613	601	613	623	614	616	622	607	638	615	608	612	617	606	624	627	606	621	611	609	606	636	619	610	632	3495.820901
617	602	632	617	592	632	622	648	631	606	605	628	592	637	611	640	623	615	611	624	630	632	618	631	616	624	616	626	630	612	617	607	607	607	611	616	634	631	619	634	620	614	605	628	613	631	627	607	634	619	619	608	634	614	621	602	639	613	631	626	608	620	628	614	615	619	610	617	618	615	655	618	633	603	605	619	623	621	616	594	626	608	629	614	622	624	613	604	611	600	608	607	602	618	608	628	3496.717867
622	622	612	603	618	596	613	619	602	596	607	592	615	615	608	621	598	602	627	596	591	624	618	629	628	618	605	612	620	605	630	616	610	618	607	617	619	610	608	613	607	593	598	618	636	602	596	603	619	605	611	593	617	621	608	606	614	635	603	596	610	615	604	611	612	615	619	613	629	618	621	625	609	617	599	628	606	599	602	596	607	615	595	620	612	623	602	625	606	623	608	600	602	614	627	605	3497.61466
616	631	602	599	620	621	608	612	605	603	599	592	626	610	653	618	617	611	609	618	597	635	623	614	607	634	593	605	614	620	611	615	614	623	621	616	625	623	596	613	608	624	630	595	603	602	592	623	595	598	601	617	604	607	610	620	637	598	605	620	616	599	618	605	620	608	603	634	602	603	617	598	592	602	622	591	610	604	613	616	603	592	618	623	629	607	614	603	611	606	612	618	611	648	606	620	3498.502739
602	610	607	604	601	625	601	610	597	610	622	621	612	593	607	590	593	626	608	609	607	629	611	603	600	601	618	624	627	610	600	613	615	624	606	614	598	588	600	611	618	608	606	601	605	622	607	617	606	630	601	619	623	598	616	595	612	612	627	617	595	627	606	621	622	616	612	591	612	622	605	600	603	639	614	599	613	617	600	622	625	612	600	584	613	621	628	608	595	607	593	612	622	612	596	603	3499.399185
619	604	623	599	583	602	603	602	616	617	603	613	614	604	611	604	613	596	618	629	601	598	611	618	623	604	616	595	585	588	623	622	611	604	598	621	619	639	609	606	603	604	617	616	612	620	622	602	600	611	617	615	633	604	617	618	603	603	590	604	597	607	617	605	599	612	621	614	618	601	611	611	630	595	620	602	608	608	604	609	624	619	614	609	624	602	607	600	618	606	616	601	622	609	600	604	3500.295457
591	597	602	604	614	627	606	608	619	595	602	614	609	604	611	604	632	602	613	596	606	616	607	620	646	590	607	617	606	599	609	605	613	620	625	598	603	610	598	605	587	615	612	602	611	615	611	599	609	585	606	618	614	608	588	617	599	618	630	601	604	624	622	612	616	614	595	614	609	615	586	601	602	611	614	603	604	623	630	613	601	606	606	611	615	624	593	606	625	619	621	603	614	611	622	607	3501.183022
614	605	615	607	599	607	604	614	627	605	607	579	605	606	605	601	606	603	599	608	609	611	604	612	603	609	616	596	627	628	614	606	603	599	590	603	603	628	617	620	608	598	587	619	605	597	623	625	605	622	606	601	627	623	608	607	603	611	595	606	606	599	618	595	616	602	608	615	606	601	597	613	607	610	622	608	596	596	606	603	593	607	600	606	612	600	603	605	601	609	608	598	604	596	604	612	3502.078948
612	607	621	604	605	603	612	634	617	616	596	578	622	598	606	607	600	617	587	598	603	613	603	605	624	592	596	628	612	599	602	609	597	589	600	600	617	603	613	592	601	623	596	596	621	619	602	595	623	612	606	604	598	621	594	606	602	606	609	614	608	610	614	615	594	615	599	619	611	620	606	618	591	613	614	616	600	600	611	595	610	609	603	608	595	610	605	617	604	602	605	602	611	614	604	598	3502.96617
611	616	593	614	617	608	616	617	607	617	611	602	599	599	602	615	619	616	618	604	608	626	604	613	608	593	593	603	598	623	606	613	607	597	591	603	598	604	598	591	613	608	610	609	610	599	603	595	589	606	603	622	602	628	620	618	603	602	614	584	629	598	606	599	627	591	603	618	606	608	616	611	604	600	592	616	606	612	620	605	590	605	607	617	603	599	611	610	615	593	591	609	608	621	603	611	3503.853222
606	619	595	609	589	600	595	604	610	599	601	608	610	586	601	604	611	603	617	592	616	595	595	620	607	614	607	614	597	591	596	608	585	620	616	600	607	610	625	601	605	597	583	583	617	597	614	612	619	599	598	613	603	609	606	610	608	621	619	606	628	612	596	628	586	614	609	593	601	586	596	602	602	626	617	615	598	609	609	626	612	581	593	615	615	607	613	625	610	601	605	606	607	592	598	607	3504.740103
617	610	590	614	587	610	597	592	606	604	603	595	588	590	597	604	604	584	610	604	603	608	597	608	618	589	625	626	611	611	592	605	623	602	604	578	600	604	623	602	611	610	613	589	621	611	605	620	612	615	619	619	598	608	591	613	614	593	600	627	616	591	607	590	606	617	611	613	633	582	611	582	601	599	600	608	601	607	586	607	592	596	598	601	609	597	622	598	611	616	608	613	600	595	602	620	3505.626814
600	631	602	611	605	607	600	598	590	610	607	601	603	599	593	585	603	589	603	609	605	625	589	609	619	602	600	576	603	588	597	600	609	611	590	599	614	609	605	600	582	597	593	598	589	597	612	612	606	599	614	589	610	628	595	583	611	588	597	611	607	579	602	603	597	610	601	617	601	584	617	600	612	619	615	610	600	619	601	609	615	635	607	594	598	593	609	606	600	593	595	568	596	593	597	576	3506.513354
611	600	595	599	586	586	598	596	602	633	603	593	605	600	603	595	592	597	607	599	610	578	614	597	609	608	591	591	591	596	619	617	595	603	596	612	606	605	603	604	629	600	602	606	593	607	588	604	604	608	598	599	620	597	598	588	599	608	607	594	603	589	606	589	589	609	585	587	602	604	607	599	594	605	609	596	581	610	618	595	581	618	591	597	592	607	603	597	596	583	591	607	601	600	606	617	3507.399725
589	596	605	599	592	597	597	593	594	592	607	596	619	586	587	597	596	603	584	603	611	597	609	593	592	612	591	599	592	598	592	604	605	580	584	628	602	594	598	582	595	585	611	603	592	596	595	618	582	601	592	586	605	590	593	585	594	597	606	598	606	596	577	605	593	599	615	613	591	592	602	599	590	592	593	599	609	602	580	606	613	601	599	604	605	610	598	589	606	595	596	597	597	589	631	582	3508.285925
591	588	589	597	586	583	603	597	577	583	591	599	604	605	595	600	600	587	596	611	603	595	570	606	604	596	588	587	597	594	590	603	594	598	614	602	604	606	613	594	602	610	607	595	597	600	599	588	587	599	620	588	586	619	588	604	600	585	587	588	582	611	592	586	606	593	605	590	610	583	613	602	600	616	585	603	582	582	598	594	602	616	600	616	606	602	598	582	595	602	580	597	602	602	600	621	3509.171955
605	586	615	610	601	607	614	597	611	588	613	590	594	619	614	610	598	612	589	604	587	593	594	600	599	621	596	599	602	612	599	615	595	608	608	622	610	626	601	595	600	595	615	589	594	597	583	594	605	615	604	617	610	611	611	579	606	608	602	593	603	595	609	606	614	604	607	614	610	616	616	615	597	605	609	604	626	597	612	590	603	612	606	599	590	600	618	603	605	594	613	589	611	617	612	624	3510.057815
606	601	601	594	592	597	595	587	601	595	596	613	591	610	597	601	595	587	614	611	590	599	607	601	600	599	604	586	603	610	594	613	606	590	595	577	597	585	587	613	589	598	588	596	604	600	618	590	596	607	597	609	603	590	606	607	578	601	610	604	602	577	597	601	587	612	610	600	612	583	600	597	603	592	602	605	602	612	600	580	600	601	601	596	593	594	606	595	599	602	601	606	590	590	597	595	3510.943505
576	605	594	602	591	603	595	592	572	583	593	603	599	584	600	594	584	593	585	589	591	589	579	603	578	576	594	614	615	588	604	603	590	601	583	613	581	603	601	606	579	600	596	604	602	600	571	610	615	596	612	597	592	564	590	613	593	580	593	590	584	591	601	603	607	601	605	596	612	605	598	606	590	602	599	600	611	581	604	601	585	585	573	605	594	604	604	591	576	608	599	604	578	605	578	615	3511.820511
599	602	594	585	598	591	609	604	598	600	601	602	594	585	574	572	581	589	599	598	586	614	598	599	590	582	596	590	599	586	595	608	586	594	596	600	603	598	588	598	593	599	590	595	601	591	593	579	592	577	603	583	596	590	583	594	587	605	606	589	597	574	603	583	596	598	618	604	578	594	584	568	592	589	591	598	594	607	597	599	604	592	597	586	591	594	613	582	602	591	589	586	588	581	617	596	3512.705863
584	608	577	590	601	580	610	576	607	603	602	586	594	620	592	603	593	598	584	608	588	602	610	597	598	594	585	589	605	595	604	592	594	586	587	602	594	600	596	586	572	611	592	607	616	585	589	604	611	592	616	598	587	610	590	587	590	602	580	587	586	590	585	590	608	601	587	583	586	606	584	604	579	594	590	596	587	589	596	594	585	583	602	608	584	605	592	596	595	595	584	615	583	610	569	594	3513.582534
585	599	577	592	580	601	582	579	594	573	599	591	605	595	597	596	601	597	604	595	580	590	595	585	601	596	604	590	598	587	610	585	585	587	593	589	579	577	590	595	607	610	591	606	602	588	576	586	592	590	603	608	592	588	583	595	584	596	589	602	593	600	584	599	583	568	584	612	608	597	595	596	580	596	595	594	597	569	576	576	606	593	581	608	591	594	598	597	593	605	579	582	593	600	585	588	3514.459039
600	605	597	599	595	596	589	587	596	603	597	590	599	605	588	601	604	599	594	596	597	598	598	596	604	606	586	589	587	592	597	593	584	591	587	596	601	606	594	616	601	609	596	572	595	597	597	609	608	594	592	591	606	600	613	590	595	601	593	589	613	588	592	583	595	597	596	603	594	593	597	585	603	599	585	577	602	597	599	596	592	595	601	594	586	590	589	591	602	591	594	599	594	616	601	606	3515.343884
601	595	594	582	591	583	581	584	597	585	595	569	590	602	591	589	599	603	593	582	591	599	600	585	598	587	586	592	597	586	604	611	606	583	600	588	589	597	601	587	580	600	571	609	590	596	588	592	602	590	589	597	598	594	587	602	607	601	592	600	591	593	569	596	595	606	596	618	588	603	603	593	580	589	611	602	586	610	591	597	605	596	585	605	594	600	592	599	608	569	602	586	597	601	590	579	3516.220054
607	592	597	590	605	607	592	614	604	603	600	589	602	604	604	588	599	586	586	611	607	597	610	590	583	591	588	591	579	603	589	604	583	592	579	603	578	574	589	591	608	593	593	593	591	570	589	584	593	596	590	593	596	600	594	600	587	595	590	587	579	599	588	595	582	571	590	588	580	577	583	583	610	612	589	585	580	594	602	595	600	585	601	584	576	581	600	589	582	599	589	595	598	581	589	583	3517.096058
592	595	588	577	598	598	603	596	587	592	609	590	591	582	615	596	588	597	597	579	587	594	593	603	588	587	585	580	588	603	568	601	605	587	601	583	591	581	602	598	596	587	589	596	589	585	608	594	580	589	603	587	572	593	614	589	599	600	601	585	589	575	571	599	590	579	598	579	610	596	582	597	616	584	585	614	585	620	595	592	580	609	603	607	592	592	604	585	600	596	575	588	591	586	591	606	3517.971895
583	600	610	596	605	591	582	591	604	577	577	598	590	601	604	587	580	594	585	598	597	596	586	610	586	603	582	580	592	579	577	576	600	574	591	596	589	583	610	570	586	596	584	582	581	606	593	592	582	578	588	604	592	574	582	596	594	606	587	591	618	604	588	589	597	598	588	585	586	595	586	607	615	587	601	597	580	568	615	599	596	581	618	583	578	588	583	599	586	588	591	591	596	604	580	596	3518.847566
588	596	607	595	588	587	587	577	586	593	583	598	578	605	586	594	596	608	591	611	579	594	584	604	611	596	586	601	565	591	582	591	606	595	585	593	578	591	580	600	593	587	602	599	592	606	588	576	583	601	594	596	606	587	596	589	596	599	589	599	608	593	581	612	600	586	589	588	597	598	615	582	595	570	591	581	597	586	599	590	567	586	583	598	604	586	579	593	589	601	591	582	574	591	589	597	3519.72307
594	594	595	574	594	592	583	573	599	594	593	593	601	585	602	583	592	587	584	594	591	598	590	591	607	589	584	595	580	596	583	590	597	577	592	607	596	597	595	608	594	585	582	585	593	588	583	583	603	599	591	593	606	594	595	588	598	601	620	595	603	608	570	581	595	605	580	605	584	578	577	600	582	597	595	576	585	597	606	582	606	599	596	603	593	599	581	578	618	582	583	598	590	602	601	594	3520.598408
578	605	583	593	585	584	620	601	581	579	568	587	600	589	593	584	600	579	590	558	587	588	590	582	596	593	591	580	588	587	584	597	594	612	568	602	591	582	603	591	585	611	582	602	587	571	595	592	587	600	584	602	590	587	600	581	607	569	582	589	581	577	594	588	596	595	591	590	577	612	594	587	593	591	605	587	592	589	575	606	612	592	600	583	608	605	583	596	610	598	590	577	577	583	618	588	3521.47358
594	584	587	591	591	586	569	596	594	581	600	599	584	601	594	592	602	586	596	595	585	591	587	570	595	601	592	602	620	587	597	593	585	607	588	590	597	577	601	598	606	606	591	600	586	609	575	594	590	582	591	581	588	602	585	585	580	580	596	588	588	623	590	589	579	585	590	585	585	585	590	586	602	598	605	589	577	594	580	585	601	596	587	611	592	583	585	578	588	607	578	588	576	583	594	593	3522.340092
588	591	590	590	604	588	585	598	592	587	602	603	579	591	559	586	602	592	590	599	578	596	597	578	579	583	601	581	598	575	582	577	585	590	582	583	589	586	594	597	589	591	580	594	600	597	604	605	586	585	619	605	597	585	588	600	585	609	610	598	590	601	608	580	589	609	595	588	585	614	585	587	572	595	587	590	565	591	582	591	589	593	594	590	618	619	603	591	581	592	577	575	589	600	594	596	3523.214933
584	588	580	604	575	604	596	593	581	592	599	587	587	590	587	583	609	582	596	603	588	591	583	584	591	578	575	590	575	599	583	588	617	578	583	601	579	600	574	586	571	585	589	590	599	620	580	585	583	591	600	581	574	584	607	598	580	595	597	597	589	585	583	594	596	596	595	583	582	586	578	576	576	583	589	590	595	585	594	599	592	590	581	599	602	601	587	596	593	584	599	582	593	602	573	588	3524.089608
582	600	588	586	602	584	594	591	589	588	598	577	573	588	565	591	585	586	586	598	602	580	595	598	593	601	605	588	582	594	588	574	589	582	591	585	587	592	590	570	599	591	586	608	595	607	575	586	598	574	590	585	593	579	587	576	593	590	609	582	587	579	599	595	601	574	589	583	568	579	612	598	581	597	570	575	608	585	596	571	589	578	573	588	587	597	575	588	592	592	587	596	591	579	613	592	3524.955628
570	581	597	605	574	582	591	598	600	590	565	606	594	589	593	590	587	618	595	583	592	586	573	575	569	594	604	597	592	612	590	592	590	579	598	591	577	559	602	581	595	593	592	568	586	574	598	592	585	581	572	579	574	591	579	592	567	579	590	593	587	591	598	587	582	591	590	590	592	596	585	585	597	589	567	592	576	583	583	592	584	582	603	577	586	594	609	592	606	584	607	569	598	585	578	600	3525.821485
592	585	589	581	591	592	580	591	597	588	573	589	584	573	595	579	574	581	584	588	583	595	587	586	575	565	575	583	592	587	586	579	583	597	592	568	570	600	592	595	593	599	584	580	594	594	579	577	585	582	587	594	583	593	598	586	595	573	571	575	587	587	583	581	564	597	578	587	593	573	591	593	582	603	576	581	590	597	593	591	598	580	580	594	582	588	589	589	600	593	578	563	584	582	599	567	3526.695666
576	592	588	603	581	576	588	584	601	603	592	600	592	592	604	579	582	585	577	596	580	599	595	615	571	596	593	584	586	575	580	589	590	593	577	588	584	586	589	582	597	589	585	594	572	581	588	584	607	581	577	596	579	585	599	583	593	579	581	606	591	587	602	585	588	568	576	595	580	579	613	601	587	582	587	590	580	594	585	592	569	585	571	592	599	587	584	593	599	585	590	569	567	591	587	597	3527.561196
571	588	591	593	576	579	575	587	593	576	573	586	563	584	596	589	589	568	588	596	586	596	598	583	584	576	583	579	577	576	583	602	585	586	564	599	595	572	593	597	568	577	585	584	603	581	576	577	588	582	594	590	586	584	593	587	591	592	600	595	591	558	576	589	579	589	577	582	587	589	594	603	577	591	572	590	583	591	571	591	590	591	580	590	603	577	587	604	577	596	573	579	598	594	588	602	3528.426563
606	581	576	574	594	583	594	576	576	602	581	589	599	584	566	586	597	596	564	595	561	601	576	590	584	571	586	617	592	584	577	593	594	575	580	571	575	583	592	575	580	585	587	579	580	602	594	567	575	590	585	584	589	595	570	599	567	587	583	584	591	574	579	580	572	592	567	595	589	575	579	579	571	585	585	589	576	588	588	581	579	569	580	582	597	595	590	585	590	577	596	578	566	591	605	569	3529.291768
578	596	577	605	606	579	576	574	569	590	569	581	598	590	580	589	583	573	567	589	592	570	584	594	584	577	589	564	589	567	584	596	581	568	578	565	571	591	571	571	570	596	582	598	573	581	590	578	598	577	574	580	594	586	578	588	593	592	575	593	562	568	586	597	578	581	592	570	586	593	586	595	597	596	566	580	578	566	586	574	579	574	581	583	584	567	589	575	578	558	585	601	588	585	594	575	3530.15681
595	586	599	571	572	547	569	578	577	583	587	574	585	584	574	580	588	571	572	588	576	596	566	577	597	582	596	586	588	582	579	579	609	578	594	598	594	569	581	585	572	589	586	596	588	579	575	584	576	561	576	578	590	577	588	566	593	585	592	588	595	577	581	569	588	590	577	588	603	590	586	589	574	570	574	579	566	578	587	594	586	597	575	565	572	582	571	584	574	577	575	586	568	589	585	596	3531.02169
574	598	600	593	575	585	564	603	569	587	605	573	586	587	582	587	587	588	584	587	587	578	572	601	578	576	587	571	580	567	580	576	580	591	592	582	577	585	587	583	592	591	600	585	594	573	574	585	577	559	583	573	576	575	592	575	573	576	579	591	586	582	586	577	571	593	567	573	579	585	590	594	582	600	583	589	580	584	592	589	578	590	579	580	599	594	599	583	578	595	579	571	577	578	571	580	3531.886407
586	587	590	584	578	584	575	578	580	584	588	591	575	578	567	587	597	582	588	575	581	589	603	573	578	571	593	565	583	579	579	586	585	586	576	575	579	561	582	579	565	573	575	595	590	576	584	568	589	593	564	575	581	591	572	583	584	574	578	577	589	585	593	580	581	590	589	583	584	577	611	586	584	570	568	584	582	574	574	577	585	578	575	589	581	581	593	591	598	564	591	579	580	569	582	568	3532.750962
585	570	577	576	579	587	582	575	596	576	577	577	573	582	576	579	567	581	582	580	580	572	575	589	574	576	575	589	593	571	570	586	591	582	590	582	573	588	571	560	581	577	598	584	581	569	583	573	583	589	591	573	586	585	568	575	571	580	586	591	571	575	561	593	579	586	585	570	570	579	576	576	566	591	580	576	586	570	574	594	562	588	565	590	592	586	573	569	567	587	584	582	587	588	571	557	3533.606881
573	590	585	583	603	575	575	575	570	587	592	585	572	570	574	561	559	573	592	562	586	582	572	579	589	586	576	574	581	590	589	567	572	566	572	579	570	581	591	585	583	567	579	568	583	581	585	572	577	573	581	568	574	562	574	569	589	611	579	588	573	599	583	585	578	582	564	592	585	576	568	576	573	562	568	570	574	588	576	582	590	569	571	568	577	574	599	580	587	570	593	582	571	578	593	584	3534.471113
578	584	572	575	569	573	587	588	561	594	584	576	593	581	570	588	578	586	568	579	577	571	583	577	569	559	568	585	578	573	593	552	589	573	569	581	587	571	588	587	590	581	588	592	581	579	562	579	578	577	589	587	558	589	589	554	573	582	602	581	580	599	582	579	591	558	575	573	573	574	583	590	576	584	571	574	568	568	577	580	590	573	584	573	573	563	579	569	581	579	578	579	565	574	578	597	3535.335182
583	588	585	562	566	587	580	574	597	584	579	578	593	560	588	579	571	565	578	577	569	596	585	586	578	581	584	596	592	575	570	577	569	582	584	583	577	582	559	573	585	589	584	563	577	605	581	577	579	599	562	583	577	589	563	561	594	590	577	579	578	574	574	565	586	576	572	570	557	575	582	582	574	576	572	585	573	579	583	572	578	579	590	574	573	581	584	561	567	580	575	580	563	573	590	589	3536.190621
589	575	571	574	564	595	579	571	575	574	570	591	567	561	588	582	560	565	577	573	594	574	592	564	574	595	583	591	574	574	568	572	575	584	562	579	580	576	590	585	579	575	564	562	590	581	583	572	562	592	589	576	555	581	622	583	568	598	581	569	570	575	584	590	576	576	584	578	585	581	575	586	571	586	566	586	592	585	579	576	583	578	572	565	570	572	579	580	594	581	583	586	582	574	575	585	3537.054367
579	573	571	578	595	573	577	572	586	592	592	570	580	573	584	578	581	562	588	571	574	594	577	588	580	563	589	575	578	595	579	581	582	574	570	575	563	571	583	567	577	573	579	579	573	562	586	571	568	576	586	570	587	585	591	574	577	588	569	583	571	571	578	553	572	583	572	580	588	575	572	587	583	588	588	571	578	564	568	584	588	583	571	573	567	576	567	578	576	574	557	561	584	577	566	568	3537.909486
570	572	563	570	579	586	578	569	574	576	572	579	579	569	570	565	564	573	563	577	573	575	569	578	570	589	573	562	559	564	576	580	572	567	562	576	577	588	584	575	568	579	561	581	583	560	573	566	565	586	594	575	580	563	572	579	577	582	574	571	576	576	585	571	572	562	572	575	571	589	573	577	564	584	568	574	583	578	581	560	572	576	568	567	570	577	575	580	583	578	577	576	586	546	590	591	3538.764446
576	587	566	588	571	582	578	584	587	576	580	575	558	571	592	572	563	568	558	565	578	565	573	581	574	595	566	580	574	585	572	557	567	565	548	570	574	568	580	573	591	578	573	590	565	584	575	583	570	569	567	572	577	585	579	580	570	561	581	575	583	574	566	574	584	576	570	573	578	567	569	587	577	583	575	567	574	587	590	579	573	578	590	574	564	579	563	591	558	574	576	571	569	583	572	585	3539.619247
585	572	572	578	574	574	580	585	584	581	557	559	581	571	573	571	567	566	567	563	590	559	584	561	571	561	568	575	573	580	575	581	570	570	590	579	572	566	572	574	554	579	560	564	572	572	569	566	576	575	579	576	578	569	571	578	584	568	572	574	581	561	583	575	560	567	560	586	559	566	561	604	578	586	562	586	580	566	561	577	588	582	564	567	590	580	574	559	566	575	583	570	573	569	591	580	3540.47389
579	567	579	581	580	573	554	557	562	563	589	571	580	577	563	571	572	582	582	570	584	581	567	576	585	576	567	567	575	577	582	570	578	585	573	571	562	572	583	575	550	570	569	579	566	567	583	567	592	596	569	564	576	560	580	567	566	559	572	568	585	562	573	575	570	591	583	592	574	568	580	582	574	571	584	574	556	571	581	558	586	586	570	569	582	572	568	577	578	584	567	586	578	584	567	568	3541.328373
579	578	571	564	583	572	576	586	577	571	574	579	573	559	584	573	569	573	575	570	592	572	589	562	571	624	573	562	567	585	579	553	568	566	566	577	576	579	566	574	585	567	601	564	557	567	577	559	576	580	589	570	572	554	569	580	570	591	560	566	567	587	566	565	578	564	579	563	577	575	577	569	576	586	569	557	575	574	573	570	566	587	566	579	562	586	572	578	570	571	580	574	568	571	581	569	3542.182698
571	569	582	571	557	569	562	585	593	591	565	583	568	574	571	565	570	577	569	575	572	568	569	563	590	1983	573	595	574	571	590	566	569	589	574	571	555	547	579	568	586	577	558	580	562	570	561	579	583	573	573	560	585	557	566	569	586	565	581	568	582	574	587	567	585	563	583	574	593	585	557	583	565	594	582	583	568	576	573	576	575	583	570	587	588	584	567	570	573	597	559	572	574	562	570	566	3543.036864
573	544	573	577	576	571	570	566	587	568	572	567	591	563	562	575	584	577	578	570	560	558	585	572	568	1033	579	574	572	565	569	580	575	570	580	571	568	574	565	584	567	573	582	571	566	584	572	583	579	573	556	575	554	563	572	578	576	578	567	565	566	568	596	588	589	577	570	575	568	573	572	565	567	572	571	569	562	575	571	563	585	560	578	582	562	573	573	549	576	576	570	569	578	567	570	583	3543.890872
568	554	591	568	565	589	582	579	573	579	568	578	576	569	563	555	596	566	563	568	579	575	566	562	567	568	577	566	582	574	579	581	554	567	566	557	566	559	561	565	569	581	579	592	565	589	583	583	553	572	564	567	558	578	576	565	577	575	581	561	572	574	564	570	556	586	579	558	577	575	573	572	568	579	565	577	588	580	590	577	566	551	564	578	562	589	552	586	558	568	577	569	555	567	564	570	3544.74472
592	573	575	571	572	575	584	564	568	575	556	580	565	594	577	569	578	563	572	569	573	564	567	581	581	581	583	566	584	572	583	575	565	561	560	572	580	582	568	570	558	567	581	568	580	556	572	564	548	578	576	566	572	568	558	579	562	571	572	575	582	580	574	576	562	578	566	562	586	575	566	570	574	558	554	575	579	572	583	561	574	582	579	565	565	589	582	581	566	570	562	580	578	580	569	538	3545.589959
575	561	574	569	582	578	570	571	575	561	568	573	597	582	547	559	568	565	573	577	577	573	568	565	578	570	565	568	559	610	583	565	572	584	566	575	570	564	564	570	562	567	573	570	572	586	568	576	570	570	581	567	573	552	577	572	578	571	558	563	558	575	571	543	578	577	571	567	561	575	580	572	568	583	582	570	576	565	580	567	565	581	572	577	562	565	570	557	578	567	584	578	563	576	571	590	3546.443492
570	583	576	578	577	587	572	580	576	566	572	578	572	576	556	566	573	576	584	568	577	551	562	574	574	567	569	591	574	562	555	561	557	588	568	569	557	584	568	564	576	557	565	575	583	579	567	567	569	585	578	579	562	562	580	564	580	562	562	573	584	563	574	556	560	568	580	565	562	586	590	582	580	581	574	554	560	575	588	591	593	575	554	571	569	570	566	573	572	569	569	584	578	568	590	567	3547.288419
565	564	558	567	570	573	578	589	570	564	568	577	581	571	580	562	562	579	580	571	570	577	586	571	569	583	562	592	559	558	573	581	564	574	580	567	575	566	569	554	586	580	553	582	578	581	575	582	587	581	557	567	573	564	583	557	577	571	563	575	565	571	557	580	582	579	559	565	569	572	583	561	562	561	567	581	588	575	571	570	565	587	576	564	567	575	575	560	585	564	580	579	562	579	573	576	3548.141637
578	572	588	580	573	558	569	580	566	552	580	570	559	565	590	567	577	578	582	560	577	573	579	574	581	578	563	563	575	583	574	563	570	562	574	569	569	581	563	568	551	561	559	575	573	560	575	574	580	550	581	577	575	559	572	570	568	585	581	568	569	578	568	555	571	574	580	572	578	568	578	582	555	563	561	577	557	565	595	580	589	560	564	582	568	581	562	573	582	564	572	575	565	573	565	556	3548.986251
581	577	583	569	581	579	570	576	568	569	575	567	566	567	565	580	562	574	571	564	578	572	567	565	574	545	570	559	569	569	579	576	570	572	552	560	563	569	561	574	580	559	576	573	571	591	581	567	574	566	577	564	564	564	568	555	578	568	572	577	578	558	573	582	578	570	556	575	565	556	570	576	568	576	583	574	570	577	574	565	575	583	582	575	576	562	565	569	569	566	586	579	568	564	594	590	3549.83071
573	557	563	569	560	574	566	571	581	558	567	567	563	569	575	567	573	565	575	577	576	565	567	575	571	576	567	582	560	574	573	566	569	567	575	568	567	532	573	583	566	542	585	576	577	569	566	555	557	581	571	551	563	576	577	570	580	563	573	571	567	559	569	577	566	575	574	571	560	592	580	582	576	556	585	569	592	563	576	553	587	567	570	561	553	556	552	547	566	566	565	583	568	565	572	566	3550.683456
573	562	562	568	555	574	569	568	593	559	566	573	579	571	576	569	569	570	563	574	565	565	561	578	578	557	575	568	562	578	567	567	583	557	578	561	585	558	565	571	579	563	558	563	568	558	566	563	580	576	582	565	555	569	574	585	575	571	576	584	571	567	561	556	582	581	578	566	567	559	553	567	571	580	571	576	556	558	557	573	545	575	572	570	587	569	572	570	564	568	580	555	567	565	582	577	3551.527603
567	587	574	567	557	571	566	568	565	568	580	572	573	574	554	576	570	581	560	551	561	547	565	550	551	567	573	579	568	559	584	575	568	568	561	580	570	574	580	590	553	560	571	570	574	566	553	563	557	568	569	568	565	568	572	572	579	554	560	551	564	568	574	579	571	566	563	562	571	579	576	557	562	569	584	577	574	567	561	565	582	558	568	571	574	549	578	560	566	561	564	565	562	553	573	554	3552.371595
569	560	562	579	566	559	568	571	576	564	576	566	560	559	574	558	558	581	574	562	553	582	576	579	568	580	562	572	578	575	584	571	562	583	566	564	567	571	557	575	581	575	571	584	575	574	583	566	555	569	582	540	571	566	576	567	550	550	578	565	561	571	570	567	557	571	583	563	566	581	559	584	550	590	556	589	568	559	566	563	565	576	568	552	564	564	558	560	566	579	548	576	563	574	583	558	3553.215432
573	553	577	564	547	560	565	568	564	565	578	565	601	566	560	566	585	563	571	568	578	557	564	565	576	569	577	575	568	558	524	555	570	578	556	576	572	563	573	569	579	568	571	571	559	564	557	556	581	569	561	582	565	563	574	552	563	581	557	575	561	561	560	574	568	573	566	575	584	569	566	577	567	563	563	563	564	560	569	570	562	579	557	580	562	568	574	556	566	568	570	560	567	567	571	572	3554.050678
550	577	556	571	574	574	561	573	560	558	574	558	550	577	568	569	574	565	556	569	564	574	559	564	572	551	564	562	575	571	563	569	566	547	568	581	568	556	576	564	563	558	556	560	560	569	567	569	576	575	565	565	590	574	574	562	565	572	587	563	561	578	555	560	550	564	560	574	581	564	553	558	562	562	573	571	575	562	575	572	563	577	567	567	580	562	541	557	570	561	568	567	560	559	564	565	3554.894206
564	568	558	570	564	563	560	549	557	580	564	574	561	569	563	576	547	570	564	567	568	571	575	568	574	564	570	574	568	574	574	569	561	556	559	573	572	563	553	553	567	561	561	558	569	582	566	563	552	557	562	564	576	571	562	559	563	574	571	564	556	550	574	562	564	561	574	562	568	566	575	560	560	574	568	574	563	546	555	568	572	578	559	563	567	563	570	579	544	557	564	568	562	571	555	567	3555.73758
555	568	552	557	558	565	567	571	562	576	567	569	570	562	556	554	567	546	564	565	563	562	582	567	566	564	562	570	555	555	560	571	586	574	568	558	569	560	552	564	559	560	575	567	561	564	561	554	560	564	560	568	576	559	585	561	569	566	557	577	576	571	565	562	566	570	561	571	571	588	566	561	572	554	562	562	569	554	545	565	563	558	561	566	595	544	577	551	561	565	573	578	566	564	566	571	3556.580799
573	585	576	570	552	562	561	552	562	579	556	554	567	567	566	567	561	554	564	583	560	567	564	582	575	554	557	555	556	556	569	568	566	561	572	571	563	563	570	552	579	567	574	561	555	562	569	575	564	544	570	544	571	555	558	555	556	558	566	575	553	569	557	566	570	551	569	562	592	566	563	568	565	558	558	584	543	566	567	557	563	565	565	574	560	579	568	567	565	576	559	551	560	567	565	569	3557.415433
555	557	553	555	555	564	570	564	548	553	562	577	568	564	566	572	561	564	567	564	565	566	564	561	561	570	567	551	567	563	551	566	557	574	566	562	557	574	566	570	561	568	579	574	568	553	564	558	564	570	575	570	567	568	565	562	570	573	564	562	557	572	562	574	569	576	566	568	559	546	565	573	565	570	573	566	579	573	561	572	570	545	558	569	562	559	550	562	557	555	549	576	555	574	562	572	3558.258344
572	564	551	568	568	555	571	561	581	563	578	559	562	568	564	579	574	584	572	551	567	569	563	563	557	571	554	567	555	572	560	576	555	573	545	552	565	562	574	568	572	553	567	556	573	560	546	567	568	563	557	559	558	553	572	558	570	557	578	555	561	561	549	571	544	555	570	570	569	564	575	563	562	558	572	564	558	577	560	573	566	566	559	560	551	575	570	560	570	579	562	562	567	543	577	567	3559.092673
571	563	552	560	569	578	564	564	551	562	540	566	573	570	558	557	584	572	556	587	568	563	554	550	560	575	573	564	555	554	560	563	570	561	565	549	561	549	572	564	557	561	554	568	549	568	572	570	555	564	562	581	583	544	560	569	563	550	568	563	556	571	572	563	560	554	564	557	560	561	566	569	577	574	581	572	576	524	560	573	562	560	553	553	558	561	549	573	561	554	566	574	561	569	580	564	3559.92685
561	567	559	560	561	565	554	555	574	564	569	565	582	571	571	556	564	570	558	571	527	553	584	564	557	568	571	560	559	564	566	562	568	546	553	565	562	563	562	557	558	575	560	548	561	567	564	553	555	565	552	570	564	567	542	569	552	555	561	561	552	569	565	564	566	563	546	555	562	556	547	560	566	550	554	580	568	556	555	544	555	567	541	552	561	553	555	563	552	563	561	554	560	557	572	560	3560.7693
573	565	568	558	564	567	547	566	555	568	557	560	574	549	571	549	573	549	558	558	547	559	558	558	574	561	568	557	556	568	555	561	551	566	558	566	554	551	564	565	570	564	563	562	553	547	563	574	534	565	562	559	544	559	560	568	561	569	559	552	560	548	546	556	567	558	567	551	586	559	548	542	554	561	573	549	565	561	568	558	579	558	551	547	544	549	579	574	566	567	571	563	559	548	569	558	3561.603173
575	569	563	564	556	553	564	561	552	566	557	568	553	554	552	563	563	545	567	560	580	556	564	563	579	559	562	559	571	551	559	561	571	560	567	550	560	554	554	550	553	553	582	559	558	565	565	573	556	575	557	572	564	565	562	582	578	562	564	561	557	562	562	569	560	560	558	575	558	561	567	557	564	556	563	569	557	568	555	574	561	569	543	562	557	573	555	556	568	553	567	555	563	567	544	550	3562.436894
570	555	567	546	571	543	564	549	558	558	570	574	543	568	559	570	554	561	556	565	566	547	575	561	558	553	570	540	547	557	565	554	549	565	555	557	561	544	550	565	571	554	552	568	562	558	559	557	564	547	579	557	558	558	551	557	562	569	559	553	564	562	562	554	562	561	567	566	545	560	573	558	555	565	567	564	564	565	556	550	551	568	572	576	561	561	545	561	562	563	556	550	551	562	579	549	3563.270464
556	555	562	572	559	558	560	546	553	559	565	543	550	545	550	554	556	560	563	557	561	555	574	563	574	557	567	539	556	544	562	556	541	558	556	559	553	575	554	557	562	545	561	553	559	558	565	564	548	556	563	560	549	558	555	569	552	559	566	561	561	550	570	569	564	555	561	547	555	561	551	578	565	564	568	561	536	544	548	547	561	546	563	547	562	545	551	556	560	572	564	566	562	556	548	546	3564.103882
570	573	543	565	564	547	554	565	571	544	549	555	560	553	554	574	564	557	564	550	560	568	574	545	548	557	547	555	557	565	575	556	543	573	565	549	563	549	570	562	551	553	577	559	545	564	529	546	556	569	553	555	574	553	566	558	567	567	569	556	562	570	574	558	558	558	552	551	570	576	548	559	540	562	563	559	554	565	550	567	555	580	563	569	546	559	561	562	551	555	569	580	562	570	556	554	3564.937149
555	562	564	550	559	575	553	556	562	565	548	560	560	563	564	566	571	570	568	555	572	565	557	561	554	560	567	543	552	553	552	565	570	563	564	560	548	565	556	551	567	561	566	559	557	546	546	573	550	544	550	550	559	571	568	557	553	545	554	557	547	555	553	560	560	570	554	568	548	559	569	551	552	577	563	552	570	543	556	567	569	549	557	562	569	556	553	558	564	549	567	562	564	571	559	566	3565.76185
557	543	544	546	550	558	567	569	560	559	544	558	564	556	559	550	548	563	550	555	556	566	552	555	554	548	558	549	571	572	563	562	555	562	550	551	556	558	543	574	552	551	571	570	562	546	557	557	546	549	561	554	545	550	560	573	566	567	547	559	573	577	549	558	563	555	565	553	560	545	546	567	566	550	546	552	562	564	545	555	565	558	567	554	559	552	560	555	559	555	568	559	566	557	567	542	3566.594816
584	543	551	553	557	560	574	553	565	559	556	551	573	568	571	551	555	552	552	568	557	529	562	551	551	566	565	568	551	565	558	551	569	564	572	555	557	561	567	570	554	563	547	557	560	553	570	572	561	557	564	561	569	571	563	548	558	575	566	560	545	559	572	554	566	570	571	551	545	560	563	553	577	556	571	553	556	576	544	557	541	557	558	556	564	557	527	561	561	550	561	562	557	565	560	557	3567.427631
565	537	561	566	554	574	556	552	562	561	548	559	565	558	546	551	540	553	555	558	560	562	571	557	548	547	554	566	569	557	569	554	563	562	555	557	559	573	570	578	563	555	559	555	542	570	560	554	570	559	549	554	559	544	558	560	562	561	561	560	557	551	545	554	553	545	557	573	557	559	550	562	560	550	571	563	559	556	539	561	559	560	550	562	557	563	558	550	548	556	568	554	560	551	568	549	3568.251884
547	546	553	551	569	564	538	550	550	572	544	556	550	557	556	543	553	560	558	544	540	533	553	563	581	570	561	553	555	563	562	570	549	562	551	575	548	551	556	557	561	537	556	545	555	562	547	556	548	562	569	575	544	558	563	566	559	567	544	565	557	546	570	560	547	561	569	556	562	563	558	531	549	574	561	561	564	542	559	556	552	564	559	564	557	568	563	567	537	550	547	559	547	559	556	562	3569.084398
553	551	574	555	562	552	561	562	539	555	558	558	584	557	549	572	553	561	557	548	557	553	575	553	549	561	554	568	550	551	566	564	552	567	559	564	553	560	553	565	553	565	559	548	565	572	555	562	554	549	551	541	561	554	560	566	557	555	561	563	556	544	567	560	570	550	575	570	568	565	569	541	557	544	544	555	554	567	552	550	561	558	559	561	559	576	563	556	544	571	559	551	547	569	562	565	3569.908354
547	559	546	545	567	564	552	564	548	560	563	547	545	555	541	542	566	555	558	544	551	540	539	569	549	557	559	542	564	551	550	555	554	554	567	570	545	558	560	558	567	544	564	553	558	556	565	550	563	556	566	556	559	563	550	547	556	556	539	557	551	567	553	553	561	554	557	568	548	556	558	563	580	578	555	559	562	553	544	570	547	564	575	550	560	558	553	548	556	555	539	553	549	550	556	550	3570.740567
559	555	560	549	566	547	545	548	570	541	547	553	555	544	553	550	544	552	547	549	574	556	562	578	554	554	555	566	568	557	560	549	556	563	550	557	555	540	562	565	562	554	560	537	554	555	548	544	563	549	555	555	536	554	561	560	555	555	561	551	565	558	566	557	557	551	548	552	550	546	559	549	569	550	550	559	543	559	562	554	539	556	566	563	560	545	547	558	549	551	559	562	547	548	551	550	3571.564225
572	566	554	553	551	568	540	538	566	570	561	554	565	568	561	555	547	567	541	551	555	576	555	567	557	550	574	549	560	557	560	564	553	554	548	565	562	562	576	547	553	561	563	560	563	561	546	563	569	564	539	567	560	556	563	555	551	550	567	556	543	551	547	551	564	564	561	544	554	552	568	566	550	564	548	563	559	556	544	560	551	538	553	557	547	562	551	551	557	565	561	530	553	549	555	564	3572.387735
556	559	536	546	557	570	565	561	560	555	553	570	549	547	561	564	573	540	576	562	549	576	544	557	554	550	545	545	568	556	520	566	565	558	568	556	553	562	561	571	548	550	548	563	568	556	547	555	559	556	548	560	567	546	563	553	569	546	547	566	573	557	564	554	539	570	558	570	551	546	568	556	571	567	553	566	577	572	563	539	558	558	559	555	564	565	555	567	552	572	574	561	559	552	553	551	3573.211097
546	553	556	561	545	543	563	556	568	557	560	547	577	557	563	574	569	550	556	550	565	565	562	556	551	553	555	561	559	555	562	556	572	559	547	552	558	543	551	562	554	563	552	558	558	559	562	541	559	563	562	548	547	560	566	557	546	543	564	554	552	549	549	565	553	570	545	561	554	555	556	546	551	546	544	565	556	553	549	575	557	557	548	553	560	547	547	556	554	546	539	565	550	547	573	566	3574.034311
557	560	550	558	569	558	569	553	562	553	554	563	563	555	541	562	593	560	572	559	562	553	564	553	569	553	546	560	555	550	533	547	555	562	576	549	560	547	554	548	555	547	565	547	548	547	548	546	552	551	568	544	549	545	560	557	550	552	548	564	560	555	564	554	544	549	543	559	554	557	557	549	567	567	547	563	538	553	549	554	560	554	563	562	545	558	568	552	547	549	558	557	552	562	562	552	3574.857378
555	551	558	556	567	544	550	563	539	560	548	559	545	562	552	538	565	568	542	566	559	559	543	550	551	549	545	556	577	561	545	536	569	556	552	560	562	554	556	550	574	557	562	541	537	547	551	552	572	551	555	555	549	552	543	561	545	566	556	561	556	562	554	563	562	561	550	546	553	556	546	555	550	555	551	546	562	553	543	553	564	560	559	538	576	548	564	540	551	557	554	543	559	547	556	548	3575.680296
556	566	571	569	549	556	544	565	568	563	540	549	554	539	543	563	548	571	552	539	560	564	563	564	543	550	567	545	545	555	565	548	562	562	560	569	551	539	549	551	551	565	556	545	555	559	552	564	564	545	569	561	566	559	548	536	563	560	557	554	577	548	560	552	543	568	576	553	547	544	551	560	553	548	550	559	569	561	554	539	563	564	576	552	564	551	559	556	561	565	558	555	544	561	547	563	3576.494672
544	556	549	541	564	558	549	555	552	558	555	550	547	552	549	563	563	562	569	558	534	550	558	549	552	544	553	562	556	555	557	548	549	554	559	563	548	545	551	553	558	550	559	548	547	539	564	541	561	549	545	563	547	557	551	564	541	557	572	548	573	560	562	548	570	564	553	555	567	569	551	545	557	554	575	554	556	538	547	553	555	551	545	568	550	555	548	564	562	537	568	553	555	563	553	568	3577.317297
549	558	527	564	560	557	555	578	568	558	550	551	555	552	552	551	547	549	547	562	573	549	563	566	552	540	544	550	550	560	551	551	552	546	552	550	552	548	557	561	546	575	536	548	543	558	553	545	557	552	542	554	564	556	562	556	559	564	534	557	569	562	560	557	550	545	562	559	573	556	557	551	567	552	550	545	546	549	555	544	557	564	552	565	551	543	552	557	555	538	553	540	544	546	547	555	3578.139774
547	566	554	553	546	525	562	535	551	557	549	553	550	544	547	555	568	552	540	564	552	558	551	559	571	545	554	544	557	551	553	559	549	548	549	561	534	554	552	543	557	549	554	571	566	554	565	568	564	565	561	542	559	550	553	572	555	543	561	552	535	553	566	560	558	564	550	554	547	540	560	554	544	544	552	557	549	556	572	548	540	549	550	561	543	560	539	533	537	546	537	557	558	561	553	558	3578.953712
538	565	581	561	548	556	546	554	561	555	548	559	573	584	557	557	549	552	540	540	565	535	544	560	560	554	558	561	545	546	557	553	560	547	546	547	554	561	561	541	539	559	546	550	546	537	564	558	570	551	555	563	570	543	546	554	549	548	554	559	580	560	541	544	564	552	559	557	558	545	560	549	552	551	552	545	540	555	549	570	574	556	549	559	550	548	543	566	553	555	545	555	541	557	551	529	3579.775896
555	544	543	566	544	550	540	567	544	556	558	545	538	549	535	541	555	560	547	552	548	556	550	559	555	548	549	550	547	546	548	556	555	562	567	533	543	558	551	554	554	546	553	561	547	556	556	566	558	555	549	555	538	544	551	553	541	550	558	560	543	529	554	519	545	554	554	554	553	539	564	544	555	557	566	548	559	550	559	553	554	542	545	552	553	557	558	556	566	557	557	538	556	558	539	551	3580.589544
543	553	555	554	541	553	552	549	570	554	541	541	542	537	552	541	542	546	554	552	557	523	558	544	548	540	548	563	556	551	539	537	546	562	538	569	548	548	563	550	555	568	552	558	550	542	553	545	549	545	551	551	554	554	555	552	549	548	555	552	548	544	570	565	545	539	548	541	556	545	552	560	533	546	552	573	544	551	562	551	547	546	542	545	553	539	553	576	557	562	553	540	546	564	552	550	3581.403047
554	553	535	553	548	560	544	550	547	550	563	574	546	559	536	547	548	555	561	545	544	552	548	562	534	556	548	554	554	549	550	559	540	553	548	545	543	545	563	549	558	549	549	539	558	567	546	540	551	550	547	547	545	547	549	553	549	550	549	542	558	546	540	552	552	555	550	541	559	541	549	548	544	559	559	555	562	547	546	564	553	552	551	567	539	545	547	546	548	555	540	544	560	548	548	554	3582.224791
549	561	555	543	578	556	540	561	544	557	545	550	547	547	551	554	548	551	546	557	554	554	560	550	561	539	558	545	551	550	550	537	544	548	552	547	544	553	560	542	545	542	550	565	548	555	548	544	550	547	547	539	558	568	561	545	556	555	537	545	542	564	544	552	549	546	546	557	534	546	570	557	542	543	544	550	540	542	560	547	547	529	555	556	543	549	549	569	551	563	550	553	542	548	554	545	3583.038004
559	551	544	556	546	557	546	558	560	534	570	558	552	533	537	565	558	531	540	549	549	554	541	560	555	555	556	546	543	560	556	545	540	546	553	551	563	539	532	543	558	531	536	543	552	564	552	555	566	555	534	565	560	559	540	549	539	549	556	551	557	555	555	544	554	555	556	539	540	555	544	558	571	548	536	549	539	558	540	552	544	555	559	544	558	548	553	548	549	548	544	561	557	551	543	542	3583.851073
551	549	550	558	553	550	537	567	556	553	544	547	553	537	552	557	551	546	549	549	545	555	532	543	556	543	516	544	550	546	550	540	569	543	558	551	554	544	561	551	539	559	540	550	549	541	550	548	553	540	561	549	563	534	534	540	569	549	555	553	541	561	546	555	556	554	554	552	554	556	556	565	541	547	548	552	543	539	529	537	546	537	558	546	561	546	564	549	562	547	565	544	541	549	553	542	3584.663997
533	544	546	558	549	540	525	543	529	548	546	559	538	561	553	548	537	546	555	550	536	526	548	553	546	541	551	556	550	556	552	552	551	554	544	548	544	549	542	555	538	548	570	565	560	556	546	545	546	557	548	537	559	542	547	556	559	543	549	560	534	535	535	555	535	550	523	543	546	545	543	543	545	548	546	551	538	553	546	545	557	567	533	548	544	545	540	540	558	540	538	546	561	549	541	533	3585.476777
556	546	553	549	537	538	551	554	555	560	545	541	554	542	553	538	544	537	556	552	551	562	543	554	543	579	554	553	552	551	551	537	530	553	546	545	548	554	545	556	568	555	540	552	546	537	547	547	549	544	535	559	538	546	551	544	561	551	555	542	553	557	544	551	549	545	542	548	534	553	543	543	544	538	552	558	544	552	542	536	550	538	552	550	544	550	550	549	545	544	564	555	544	564	553	558	3586.289412
560	538	558	555	556	553	549	552	556	565	545	538	556	554	560	552	543	544	545	547	549	553	555	540	553	557	551	546	544	539	547	554	562	543	542	549	560	540	537	564	545	539	553	561	560	539	563	531	567	566	541	555	540	554	546	535	553	557	554	550	536	540	547	555	569	552	553	557	554	544	545	556	553	544	548	531	562	552	554	554	551	560	547	544	551	552	542	547	542	544	553	551	552	560	551	541	3587.093528
552	552	550	547	550	555	554	538	556	547	554	541	543	567	550	549	534	554	557	547	547	556	543	551	563	542	534	537	555	565	560	548	549	549	546	542	541	544	557	545	549	555	540	568	551	567	562	548	545	540	553	558	553	532	542	541	555	541	548	542	553	553	552	559	537	547	554	547	549	545	546	550	537	550	548	573	558	547	548	549	555	551	561	541	553	547	552	548	546	561	556	549	548	543	555	538	3587.905877
542	548	551	548	552	554	558	552	540	545	537	547	542	546	545	534	538	535	549	549	544	550	537	551	542	545	550	544	545	539	549	553	535	553	531	565	549	554	556	545	552	550	545	553	541	555	526	552	552	553	545	553	561	556	549	548	558	557	542	554	546	548	545	555	542	557	553	557	549	545	545	544	558	549	551	552	555	542	542	560	558	556	543	552	565	537	543	563	550	539	549	534	543	548	551	545	3588.718081
556	544	543	550	553	538	550	539	550	553	543	543	548	553	539	560	543	542	557	549	547	533	560	548	544	548	551	545	538	553	552	543	550	540	558	555	541	545	552	558	542	541	537	538	542	547	538	548	547	547	544	540	546	554	556	555	555	549	539	548	541	532	547	548	543	547	530	544	550	540	547	536	560	554	537	541	544	546	552	562	545	542	543	527	545	537	523	531	554	550	552	556	543	550	550	548	3589.52177
548	544	552	543	566	545	547	538	546	543	560	538	541	550	538	539	540	558	534	534	558	552	548	554	553	536	549	540	549	540	537	558	547	521	539	554	550	517	541	542	543	536	553	557	565	545	563	543	539	557	543	543	554	544	550	552	538	552	558	548	558	549	549	548	559	564	540	550	538	538	555	547	552	542	541	555	552	535	551	545	540	553	542	535	535	545	546	560	540	535	541	549	530	532	537	551	3590.325318
547	547	548	531	558	539	560	554	551	527	543	550	552	542	537	546	539	547	566	559	548	553	543	551	550	556	553	538	549	550	547	544	538	541	556	535	551	545	561	545	542	543	539	547	536	564	537	541	535	543	536	546	536	548	548	550	554	551	543	544	545	555	536	544	554	541	558	541	559	533	543	550	553	537	554	555	535	550	538	547	549	541	537	553	540	555	534	540	542	552	542	542	563	544	548	536	3591.137093
535	558	544	554	553	562	534	547	545	541	544	558	549	555	570	547	537	557	525	551	549	543	534	553	541	535	547	547	541	555	543	539	552	558	538	548	549	550	559	546	543	539	558	559	550	550	534	537	551	543	543	563	556	539	548	551	537	560	551	544	545	539	550	547	540	542	536	552	550	550	550	556	552	548	545	547	560	544	545	545	552	547	550	542	547	552	554	549	548	569	545	555	552	561	538	544	3591.940358
548	550	546	540	544	550	541	555	542	544	555	553	542	540	539	563	549	570	549	544	544	540	561	540	544	539	548	534	552	534	557	535	549	550	553	544	554	554	541	555	550	545	560	548	548	539	548	538	558	542	544	548	528	534	564	538	564	555	543	539	538	552	551	559	564	541	536	538	548	535	546	552	559	553	559	552	564	555	548	528	548	543	537	541	549	552	558	538	542	543	535	560	561	561	553	543	3592.743481
542	543	541	534	549	558	554	559	555	547	547	536	563	554	558	561	556	545	548	548	540	552	560	554	555	559	540	555	560	542	564	562	540	564	553	547	549	546	538	547	552	554	538	546	553	571	547	533	558	542	550	561	540	530	545	546	570	556	549	575	556	539	557	559	537	561	535	553	551	545	537	551	549	562	560	559	551	560	557	557	563	562	555	563	547	540	568	541	544	547	550	540	559	549	541	561	3593.546463
563	531	532	561	547	548	537	566	540	546	538	552	542	545	555	556	552	541	554	553	553	553	546	551	544	545	549	550	536	542	549	543	554	536	557	558	546	537	553	550	543	549	547	542	554	553	542	543	552	546	559	547	542	552	546	544	540	560	544	548	548	553	548	549	567	552	538	545	550	547	545	534	545	563	548	561	570	542	548	563	539	557	559	547	550	536	556	555	545	554	563	535	548	540	541	544	3594.349304
550	540	547	552	548	547	543	534	559	531	537	544	554	532	553	534	540	549	554	532	545	545	540	530	552	563	542	535	541	538	540	534	548	566	542	546	551	532	554	540	547	559	541	544	568	555	539	550	527	546	542	542	532	550	552	540	551	539	547	539	546	549	545	548	541	539	538	556	544	555	545	554	544	542	547	550	548	551	541	540	548	549	540	562	557	560	542	559	550	539	546	531	550	542	548	549	3595.152005
552	552	540	557	537	535	554	559	540	559	544	543	551	545	560	556	555	552	542	559	531	558	544	549	544	539	549	535	541	546	550	557	534	540	539	534	532	567	551	540	549	556	547	554	549	549	535	547	553	539	560	544	545	546	552	550	554	543	552	559	544	539	555	530	530	561	527	538	552	551	532	549	545	544	548	559	538	546	535	558	554	540	537	537	559	543	545	521	564	547	540	552	545	542	550	556	3595.954564
545	552	547	565	542	556	549	544	550	546	547	555	534	551	558	545	559	541	552	530	534	535	550	542	548	540	529	548	540	544	544	543	549	557	549	547	539	544	547	555	555	547	550	548	556	546	538	554	563	548	542	545	563	543	557	542	538	547	539	541	533	543	555	539	543	554	561	545	558	548	547	536	538	568	558	538	553	538	547	553	533	537	539	553	542	555	541	548	565	547	551	537	549	546	545	548	3596.756983
552	550	553	534	538	541	551	545	545	547	530	557	554	550	552	546	546	551	561	533	534	549	553	545	539	541	545	541	543	560	540	539	554	539	539	543	543	535	551	527	540	542	541	541	540	543	548	537	533	550	551	537	542	553	542	549	554	544	536	549	545	548	539	550	535	544	535	546	541	559	543	535	551	559	538	541	554	544	543	544	546	544	551	553	546	555	554	542	559	529	545	531	541	543	550	536	3597.55926
537	535	542	544	535	541	533	554	537	546	559	544	528	538	551	550	554	552	532	558	540	552	553	553	543	551	546	546	552	537	547	553	548	555	532	558	537	540	539	546	557	545	557	529	549	561	559	554	560	552	534	535	547	540	542	548	547	555	543	548	556	552	551	549	553	548	545	548	551	534	547	534	526	555	560	543	550	533	558	541	558	544	537	527	538	562	552	542	554	545	556	547	546	542	550	546	3598.353043
554	561	550	556	540	551	549	552	542	548	561	551	541	548	547	519	548	535	546	551	551	541	554	541	538	559	540	550	543	545	539	549	557	558	549	561	545	534	533	544	540	540	552	544	549	532	544	548	545	546	540	544	549	560	556	553	553	543	537	534	542	542	543	539	546	529	542	539	551	535	548	544	555	549	552	543	542	535	533	546	549	533	558	549	543	528	549	553	541	541	540	542	543	546	550	545	3599.15504
538	544	532	546	556	549	557	545	528	539	554	543	548	553	544	542	542	541	548	547	534	535	541	536	547	549	540	552	538	545	544	542	546	547	552	531	550	547	557	549	543	543	541	547	536	536	555	550	538	547	547	545	535	549	553	533	556	546	512	550	559	544	550	544	537	555	544	548	540	549	551	546	541	536	545	532	562	533	537	538	548	540	552	538	555	522	539	546	541	557	546	548	536	559	544	544	3599.948545
537	538	538	553	527	531	545	549	550	554	549	547	545	538	543	542	547	553	551	547	546	559	553	546	545	542	559	537	545	529	546	556	537	555	554	538	551	536	548	544	545	554	549	551	541	543	553	529	547	539	545	554	542	556	557	552	543	526	562	530	553	538	525	550	531	540	556	537	530	559	537	544	546	545	549	537	545	542	556	553	539	533	541	541	573	560	545	539	541	546	536	548	550	542	555	551	3600.750263
550	537	560	540	539	537	537	541	553	549	544	548	554	543	548	550	536	543	553	553	528	543	530	545	543	541	544	532	543	548	534	546	547	550	539	535	554	540	544	534	540	533	534	541	535	543	529	538	544	535	543	545	539	556	537	544	538	553	538	547	557	540	560	526	547	554	540	519	531	536	540	540	531	536	536	533	547	541	532	545	544	554	528	553	533	546	540	540	551	550	537	534	549	541	534	538	3601.543491
546	543	543	547	540	540	536	538	548	534	559	545	539	542	551	536	545	536	535	547	543	537	540	549	562	554	539	562	553	547	529	534	531	538	549	541	546	534	545	544	539	554	548	531	543	551	551	546	552	552	536	545	551	536	556	547	538	552	541	544	536	559	557	539	553	541	533	536	541	544	540	526	546	553	551	556	537	531	544	536	534	541	547	534	549	550	544	546	553	546	553	557	538	559	541	544	3602.336581
532	537	540	545	552	553	550	544	552	531	547	553	546	534	543	558	546	538	531	548	543	554	542	543	549	549	533	544	535	548	531	533	544	543	545	556	537	558	541	542	561	537	538	540	548	543	537	539	550	554	550	548	538	540	551	540	541	546	539	536	523	536	526	558	543	552	534	547	520	536	532	556	542	555	545	546	546	543	546	543	537	545	534	545	549	543	549	554	535	558	551	549	546	550	525	549	3603.129534
538	542	545	557	556	538	537	540	526	556	548	555	542	543	562	538	539	545	546	544	533	534	525	532	547	541	540	545	546	536	546	548	548	548	541	549	539	537	545	542	539	528	532	539	544	550	538	544	531	537	552	549	545	547	548	541	547	540	546	547	543	543	538	542	539	546	537	542	545	557	555	547	534	547	551	547	545	530	539	542	548	550	544	551	547	530	549	546	539	542	538	553	536	541	560	541	3603.922349
548	546	544	553	541	539	543	537	545	552	540	554	529	533	538	549	546	547	545	541	541	529	537	543	565	546	542	557	540	535	537	560	539	537	520	548	558	539	537	550	542	545	529	554	556	536	544	533	545	540	539	542	548	539	529	544	541	546	559	535	551	546	542	541	542	541	545	534	539	552	538	546	538	556	529	535	544	535	528	544	553	549	542	543	542	540	552	550	535	544	539	548	545	553	537	529	3604.715026
542	542	555	551	546	540	530	537	537	533	557	541	539	537	551	534	538	534	543	539	535	538	539	539	535	544	554	545	534	546	531	536	550	549	539	544	549	548	534	533	534	545	529	532	541	528	541	533	540	546	526	547	557	536	548	547	543	537	537	542	540	549	556	543	546	528	538	544	534	525	537	532	546	533	542	541	536	532	548	549	533	550	541	541	535	539	530	542	544	548	541	535	550	544	542	548	3605.507566
536	549	540	541	539	537	547	534	538	544	552	545	545	532	531	551	541	526	535	550	544	541	545	537	537	546	546	544	531	542	529	534	539	538	536	542	531	536	545	540	527	529	541	540	550	546	535	544	550	524	548	537	538	541	537	553	547	551	533	536	541	536	563	545	542	540	552	549	544	540	550	526	555	546	535	535	537	538	537	548	533	531	538	540	548	554	546	539	549	545	523	546	531	535	543	543	3606.299968
537	530	547	551	545	526	531	557	529	525	535	530	536	531	534	534	530	545	543	539	536	548	544	537	532	550	550	535	534	544	555	545	546	530	537	538	528	531	533	533	545	551	543	533	536	547	544	542	546	541	544	544	533	533	557	541	550	528	543	543	534	533	554	550	546	552	542	526	536	535	546	541	536	538	543	543	538	536	535	550	545	542	543	551	545	538	546	540	541	530	556	546	541	547	539	536	3607.092233
547	546	540	539	540	546	529	527	542	540	545	550	547	533	543	549	531	532	542	532	550	531	541	543	543	531	544	538	543	531	537	542	539	549	545	542	535	552	539	533	534	514	547	546	530	548	539	557	535	531	518	535	539	553	547	559	546	532	546	549	543	535	549	550	545	537	556	546	536	546	534	532	554	541	525	529	532	540	528	542	553	533	551	519	546	531	534	534	534	546	522	540	533	550	535	523	3607.88436
530	557	539	539	537	541	530	543	524	536	530	555	538	547	532	538	542	539	547	533	536	540	551	539	540	531	546	540	539	548	543	539	538	536	535	540	541	546	545	540	527	540	528	534	543	551	537	543	540	547	527	552	534	545	529	527	539	538	529	545	539	536	544	549	542	545	529	538	540	539	528	552	556	528	540	544	540	550	540	528	548	549	538	535	547	552	542	542	542	534	544	541	536	534	519	545	3608.668014
539	527	531	544	531	540	542	540	544	532	533	541	530	545	540	539	529	533	555	542	524	543	538	529	529	532	543	544	542	535	538	555	536	539	550	542	545	545	537	544	528	529	545	546	554	546	540	534	541	536	538	557	543	536	537	541	544	542	531	547	526	552	544	536	541	546	533	538	536	525	544	559	530	541	543	529	533	551	540	532	534	539	539	541	558	537	531	537	533	531	544	532	533	538	541	540	3609.459868
529	544	546	540	538	542	538	522	539	530	551	548	539	553	550	530	537	539	534	544	536	531	547	530	538	527	544	531	541	545	540	538	552	546	536	539	533	522	549	543	534	534	543	545	533	534	546	536	538	539	544	535	545	533	550	545	541	540	534	546	559	549	525	548	531	548	541	553	531	547	534	540	540	547	533	530	545	532	535	541	533	535	533	542	534	534	529	547	535	557	531	532	550	538	548	525	3610.243252
550	537	541	541	545	550	546	546	532	530	537	553	553	521	546	544	542	533	544	538	536	543	538	532	554	550	541	535	526	531	533	539	524	544	540	536	544	545	537	541	542	541	533	545	533	540	535	526	544	540	551	529	539	541	546	541	542	538	551	539	541	552	558	547	543	554	535	543	544	533	542	538	538	549	544	541	526	531	534	537	547	549	542	532	545	531	531	541	533	543	534	553	532	541	544	545	3611.026501
524	547	527	550	543	518	548	556	537	554	529	540	539	541	550	537	536	535	530	533	531	552	537	549	539	543	538	541	543	526	538	534	528	534	539	543	534	523	537	536	530	532	535	543	547	526	535	543	537	543	532	542	542	534	548	539	542	542	527	547	493	543	531	533	552	539	548	534	527	544	542	529	527	540	541	557	530	547	551	532	537	535	535	526	547	531	552	543	536	518	544	528	544	545	543	539	3611.817946
530	536	547	535	540	549	552	542	543	537	524	546	544	518	528	538	512	545	538	545	543	535	542	529	525	519	533	544	545	523	545	549	523	540	541	537	536	541	539	542	544	537	530	552	526	551	534	537	545	526	537	533	534	540	545	533	540	544	547	538	515	542	547	529	533	539	535	530	537	542	529	548	546	533	541	549	538	536	533	537	539	558	540	532	528	526	541	531	526	536	538	541	531	546	543	521	3612.600925
548	543	540	537	530	539	545	526	550	527	537	546	549	538	544	535	540	530	537	525	543	540	542	531	551	537	542	542	543	542	541	542	550	540	544	548	538	530	538	523	541	537	528	545	550	532	519	542	551	557	538	533	539	540	561	530	552	542	534	545	527	546	532	543	543	533	548	545	520	527	546	534	556	533	554	527	548	538	551	541	552	542	539	545	527	537	539	534	545	539	534	532	537	538	536	534	3613.38377
528	533	538	526	539	542	544	547	535	538	530	541	525	548	538	545	535	535	543	539	541	536	532	532	541	538	538	551	539	546	542	538	545	535	525	545	529	535	540	544	543	532	535	525	549	631	543	541	516	530	525	536	537	535	543	547	539	537	541	533	519	540	542	538	541	532	533	538	542	544	538	541	524	540	537	554	541	538	529	537	546	549	552	546	529	547	547	535	540	535	543	534	541	528	538	521	3614.16648
543	529	538	544	544	522	527	542	533	539	542	547	560	549	527	551	544	539	545	548	531	535	542	553	538	545	525	544	536	533	548	540	537	553	538	532	530	553	529	538	548	537	533	542	548	1654	535	532	540	529	536	535	545	551	547	537	549	551	529	539	524	543	540	552	535	530	530	540	536	525	541	527	532	543	550	534	557	533	532	526	546	534	533	535	553	547	540	536	539	537	542	536	547	534	532	549	3614.949056
539	535	543	530	510	518	562	548	529	545	535	547	539	535	533	537	531	540	536	534	548	531	545	524	526	539	538	529	542	536	541	533	551	538	535	539	536	542	546	533	525	535	525	539	528	2126	532	537	541	530	519	544	540	545	542	527	546	545	536	527	548	549	556	533	523	532	553	532	545	541	536	539	542	560	518	539	532	525	519	531	533	537	551	541	530	527	546	537	525	543	534	532	542	541	546	537	3615.731498
533	541	540	535	539	542	516	540	542	534	533	541	533	534	542	530	526	542	565	545	522	545	535	554	526	533	549	550	550	537	537	528	528	554	538	535	537	527	509	533	539	536	532	536	520	542	541	554	537	528	543	535	550	528	534	527	528	537	531	533	534	532	541	533	546	536	532	548	538	539	536	546	545	542	535	545	542	541	540	535	524	552	531	542	540	530	525	530	531	533	531	548	549	537	544	537	3616.505484
525	541	540	537	537	539	542	526	550	536	544	539	542	531	541	537	543	553	540	531	533	541	541	531	544	538	545	530	531	529	534	543	554	547	536	554	540	530	543	531	552	531	537	531	540	537	536	542	536	533	527	543	539	537	536	528	537	537	540	542	532	545	547	536	520	543	537	530	533	540	531	528	545	545	531	537	548	528	553	540	535	539	550	533	536	541	539	543	543	537	521	533	551	519	537	539	3617.287659
544	527	541	542	527	543	526	534	545	543	534	524	536	527	545	528	528	536	544	533	537	538	540	541	533	532	537	533	539	549	544	549	530	549	549	538	549	541	533	526	545	541	542	539	534	522	536	548	547	539	531	546	542	531	529	522	541	547	529	537	546	545	531	538	540	524	526	546	536	538	524	537	536	536	539	541	538	545	530	531	541	531	539	533	535	545	535	539	549	539	543	535	526	519	534	538	3618.0697
539	533	542	532	527	541	544	539	548	545	548	530	533	542	527	538	546	553	538	545	525	525	533	529	538	545	531	527	521	544	540	540	546	537	536	547	534	559	539	538	534	541	543	525	549	550	536	532	531	540	541	543	531	537	527	536	539	533	519	524	539	533	538	527	547	539	532	542	532	537	533	529	539	534	545	529	542	534	524	532	544	538	531	540	544	528	536	531	542	539	518	547	534	539	542	545	3618.843289
531	523	543	559	531	532	526	538	551	541	539	527	540	537	539	535	528	544	533	539	529	524	538	536	540	541	552	543	537	527	529	531	531	537	539	526	546	531	534	527	535	536	534	534	527	536	535	528	530	538	535	536	537	544	537	535	537	533	548	519	534	549	532	548	536	538	549	536	544	534	535	528	542	545	535	534	534	548	533	539	541	539	532	529	530	545	532	533	537	547	524	528	541	540	519	532	3619.625063
540	545	525	540	542	540	550	540	536	543	521	537	530	523	537	527	543	534	527	532	533	534	523	527	539	530	533	533	551	532	541	535	543	536	550	531	545	541	540	542	536	520	536	543	542	539	538	541	532	540	541	530	533	533	536	531	544	553	534	535	555	543	533	538	523	536	539	540	534	538	520	530	534	536	534	542	532	529	532	537	536	534	545	541	529	543	541	544	534	545	529	528	557	522	532	527	3620.398388
533	539	541	534	530	542	528	547	544	542	543	526	546	538	539	548	544	547	542	531	534	537	525	541	536	523	541	540	524	532	533	548	538	532	533	544	529	539	541	538	547	529	534	550	535	544	536	533	544	547	540	543	539	550	534	534	539	542	539	540	538	543	547	541	542	530	534	537	533	546	540	550	540	550	538	511	545	541	524	542	538	529	528	541	532	532	537	532	517	544	543	555	532	542	547	541	3621.171583
531	546	536	533	534	516	538	530	528	528	544	535	532	545	530	529	546	537	528	547	535	545	540	547	541	532	535	528	524	536	529	535	544	548	517	540	525	530	532	542	538	528	542	530	532	529	535	531	525	539	528	544	534	538	548	528	556	540	523	536	540	518	536	525	532	535	546	534	536	542	533	531	539	549	525	542	530	547	536	534	550	540	540	540	536	539	522	543	530	525	527	530	540	528	542	545	3621.952958
545	549	537	554	519	541	537	536	550	526	529	541	529	540	534	539	516	537	545	537	528	538	550	539	548	526	524	535	555	519	557	539	531	553	528	539	543	507	555	538	544	544	527	538	529	543	540	530	537	533	547	539	537	542	524	532	528	536	543	541	547	544	541	535	529	531	542	532	538	528	550	532	531	533	537	533	526	540	546	542	566	529	538	524	527	534	520	530	540	533	541	536	534	531	542	552	3622.725888
544	533	534	562	530	542	544	540	524	539	558	536	538	551	543	541	530	541	533	533	527	528	531	544	529	533	522	533	537	530	541	546	547	548	547	548	529	538	531	546	526	530	536	542	546	536	532	531	533	538	539	527	524	539	537	527	534	526	536	521	537	540	548	536	542	534	554	548	538	535	537	540	529	541	524	530	528	529	540	535	544	535	544	532	531	542	531	528	523	545	534	530	534	535	534	537	3623.498688
538	538	532	530	531	540	529	545	539	532	533	543	538	544	536	533	527	528	528	531	544	538	534	528	545	522	539	540	518	537	545	544	529	528	526	535	531	536	546	541	536	534	536	537	548	537	540	538	552	534	547	547	528	531	545	526	543	530	548	534	549	539	532	532	539	534	522	534	533	540	528	529	540	524	538	548	537	522	543	524	539	538	541	533	527	543	544	530	527	534	534	527	537	539	537	539	3624.271357
530	547	515	542	544	540	537	541	535	530	535	537	539	531	547	527	539	553	522	535	543	526	538	538	533	540	536	537	532	539	533	535	540	551	529	522	529	524	534	549	531	550	540	534	547	536	532	524	530	532	533	539	531	549	537	533	546	536	545	525	538	549	535	533	531	541	537	547	542	509	532	530	518	549	539	536	546	519	517	530	533	529	526	543	544	536	539	552	525	527	542	543	538	527	521	544	3625.043894
532	535	540	528	535	532	537	541	539	530	523	528	540	530	536	526	532	539	512	521	520	525	525	524	542	540	544	538	542	538	536	538	533	532	533	539	537	534	543	531	540	540	545	528	522	528	525	543	545	519	542	538	539	548	547	543	531	538	538	535	534	535	528	532	537	529	521	529	533	535	552	542	551	535	525	551	544	533	540	530	544	534	554	522	542	538	538	535	537	538	533	534	530	539	535	543	3625.807996
542	532	542	543	533	544	520	544	544	526	544	547	533	543	540	524	543	529	534	529	525	532	534	536	541	544	540	531	535	540	542	546	527	520	529	559	535	539	541	534	534	540	532	537	551	541	541	530	536	550	541	548	550	529	535	550	538	531	531	546	536	549	541	536	536	544	536	530	530	530	547	539	532	532	537	533	542	528	537	545	531	525	529	532	547	522	538	534	530	538	529	546	530	549	537	538	3626.580273
539	537	545	530	538	540	536	546	535	549	537	540	530	519	539	539	533	523	524	525	527	534	525	534	527	515	529	532	532	524	525	532	530	511	531	543	531	538	540	534	529	539	538	540	537	540	548	537	532	538	529	539	521	547	540	541	556	534	528	543	536	540	532	535	540	525	542	546	532	535	539	537	532	533	528	540	523	532	523	537	553	532	543	543	539	559	535	537	542	540	523	541	529	543	533	539	3627.35242
537	544	529	539	520	529	523	530	524	543	552	539	519	534	547	541	535	529	560	533	553	526	540	539	542	530	532	542	522	530	534	528	539	533	540	541	517	535	535	526	539	540	542	533	533	558	537	533	534	528	546	530	541	541	529	531	536	538	544	529	528	543	538	525	537	525	527	527	521	535	528	550	524	539	538	532	523	528	528	530	527	551	535	546	543	535	532	542	527	530	541	528	545	526	539	536	3628.116135
537	548	544	532	542	530	539	537	529	533	525	538	527	530	510	530	532	532	540	555	536	540	550	532	537	535	534	528	533	541	535	526	539	536	536	534	531	521	532	533	541	539	535	526	536	527	545	539	539	533	528	546	525	532	538	540	513	518	525	526	532	536	526	534	541	536	542	535	538	534	532	534	536	545	542	536	538	540	530	534	520	540	536	527	533	551	544	531	538	551	544	530	534	544	540	532	3628.888021
538	524	528	530	532	535	520	533	532	527	528	536	541	533	532	532	542	538	526	547	536	527	536	540	549	527	512	535	530	543	523	544	524	547	531	531	539	524	533	538	536	528	519	524	512	541	526	527	540	536	529	520	544	532	533	533	517	533	526	518	533	557	539	541	524	534	548	542	538	538	528	524	536	523	543	519	526	531	536	518	523	537	525	533	522	533	524	546	543	530	530	544	529	536	533	535	3629.651478
537	528	531	546	543	517	536	540	532	535	542	521	522	530	530	536	534	540	522	528	527	530	527	530	536	540	533	545	532	539	535	548	538	532	529	532	541	528	529	534	536	542	530	538	515	528	537	538	528	535	535	535	520	518	529	534	556	542	524	531	517	545	531	539	539	530	525	543	529	532	537	538	543	539	529	531	531	540	536	535	536	533	527	526	546	541	537	534	532	524	547	538	530	529	532	522	3630.414808
522	535	536	535	533	524	536	531	540	526	537	531	535	523	530	532	541	522	530	541	543	541	546	535	517	544	526	539	523	535	537	532	552	528	542	536	508	511	526	537	541	532	542	536	542	519	525	510	512	530	542	535	532	544	524	542	519	544	536	530	536	546	529	524	539	558	536	530	532	529	544	532	542	536	545	536	537	541	529	543	527	529	536	535	541	538	522	540	541	528	530	527	533	544	534	528	3631.186305
535	535	536	532	527	532	532	524	526	534	532	527	516	521	532	536	530	539	531	518	523	537	544	545	537	530	533	534	548	528	533	535	525	524	539	532	540	517	541	531	539	529	544	537	533	536	530	541	529	527	544	549	531	517	539	534	530	539	543	542	530	537	541	525	545	533	524	529	524	532	543	529	530	522	533	544	535	534	532	533	531	519	542	533	538	526	536	534	508	535	530	526	528	528	533	522	3631.949377
528	544	538	542	528	543	533	537	548	533	533	539	542	533	537	541	536	541	535	528	539	521	535	538	540	537	531	527	528	546	536	530	539	544	539	533	528	533	529	535	531	538	542	539	520	554	534	528	537	530	526	530	530	540	536	528	529	538	534	543	545	535	531	528	540	533	534	546	525	539	532	541	553	529	548	523	536	533	536	536	520	542	539	545	540	517	506	527	543	530	530	517	536	537	540	517	3632.712322
532	532	523	519	543	538	527	525	531	539	542	522	533	537	540	525	528	533	530	550	527	537	527	531	525	535	521	529	534	526	539	535	524	537	526	526	533	530	529	540	532	528	542	525	533	535	531	528	534	534	528	542	535	546	522	532	540	536	544	532	524	527	533	526	562	522	532	529	533	535	521	543	525	530	532	526	529	534	535	520	538	523	537	530	534	521	525	523	526	530	537	525	535	531	522	532	3633.475138
542	542	532	543	531	526	523	535	536	522	528	538	536	524	534	543	525	530	524	533	530	523	535	536	524	541	541	534	537	531	536	540	541	541	527	527	531	528	529	539	539	533	522	520	531	529	527	547	515	535	521	546	527	537	537	539	536	544	531	543	528	542	527	547	526	537	532	540	528	527	528	531	539	542	528	534	529	539	535	534	523	533	531	528	529	539	530	536	543	530	541	534	532	533	537	532	3634.237827
535	536	530	536	522	535	543	524	518	544	537	537	536	518	533	531	527	520	526	529	531	527	551	533	535	531	528	528	539	538	531	542	529	531	524	535	536	540	535	523	535	523	536	536	526	525	532	534	527	533	515	533	525	537	542	534	525	528	530	533	529	534	534	538	535	526	534	528	528	528	525	523	525	535	536	533	532	537	542	532	542	534	541	526	539	530	544	535	520	531	533	530	526	534	531	533	3635.000388
515	534	534	528	532	527	538	523	532	528	514	544	537	536	529	537	539	530	544	526	526	537	532	526	520	518	530	522	547	548	530	537	520	533	540	537	521	528	533	533	537	529	538	534	535	543	527	529	532	528	528	509	533	526	533	522	532	529	529	541	539	536	538	535	528	531	538	541	532	540	532	535	530	527	530	544	532	517	518	537	528	534	520	528	543	527	531	531	527	525	523	541	519	528	548	529	3635.754535
532	543	527	529	545	528	525	542	542	534	526	535	537	534	534	542	521	534	534	521	544	532	527	530	538	522	541	533	540	522	538	530	529	530	532	537	532	538	540	543	536	530	525	527	535	533	524	529	517	520	540	531	533	529	545	539	534	530	526	545	535	535	540	530	526	537	522	540	528	547	515	538	531	538	534	530	538	541	524	531	526	537	533	534	524	526	542	520	527	525	538	523	527	533	521	535	3636.516842
546	528	542	520	522	537	536	540	544	522	535	528	530	521	514	540	534	531	526	530	530	532	529	542	535	531	531	548	538	534	548	520	528	528	525	532	517	524	529	547	524	522	525	526	525	541	525	516	531	526	522	525	535	529	522	534	540	548	533	546	520	536	543	545	525	524	545	531	524	531	534	538	523	532	529	532	533	534	524	526	526	526	542	526	533	527	537	537	533	534	524	537	546	530	532	531	3637.279022
534	527	528	535	536	529	518	527	532	526	527	532	535	524	521	534	532	533	527	547	537	533	538	535	524	539	537	539	538	528	539	538	527	551	532	535	534	539	538	535	541	551	531	551	539	538	531	545	533	521	550	542	538	528	534	537	536	538	535	544	537	546	541	532	535	533	533	523	517	533	531	537	535	536	508	530	529	536	533	528	536	550	526	546	525	535	531	536	526	542	545	534	530	540	539	535	3638.032791
527	525	537	528	526	537	529	534	536	546	515	532	532	517	519	534	533	538	535	525	523	543	532	526	522	530	538	531	538	521	541	532	525	533	534	530	527	526	518	526	536	536	547	534	532	530	525	529	542	532	540	531	531	531	529	541	540	534	526	529	543	522	528	530	534	534	530	538	541	524	530	533	523	524	520	538	534	532	528	536	524	530	531	542	533	539	536	528	528	522	526	533	527	543	535	535	3638.786436
536	515	534	532	536	532	540	523	542	526	530	533	536	531	536	519	514	545	529	533	542	545	510	526	535	534	527	530	529	533	537	533	540	524	533	511	522	531	527	531	529	537	531	531	508	537	533	529	527	525	519	530	521	529	543	523	523	521	520	529	526	540	533	526	537	535	526	525	523	539	525	529	526	527	534	535	521	532	535	516	536	535	528	536	532	526	525	538	529	528	525	544	530	548	536	537	3639.548235
537	529	522	522	529	533	532	541	520	536	525	528	523	537	536	530	525	533	534	528	532	523	535	530	536	532	523	524	534	513	545	523	528	523	533	534	531	529	535	535	528	534	537	527	537	532	547	539	540	527	530	523	514	525	536	521	530	547	537	533	533	533	529	516	529	534	518	537	537	534	530	521	533	550	541	534	519	528	527	534	524	528	540	531	537	544	543	527	528	531	536	530	534	537	531	528	3640.301629
540	532	534	529	536	530	535	521	548	523	534	535	536	529	537	533	544	526	532	539	532	516	537	523	531	529	535	541	531	521	523	532	533	531	515	520	539	528	547	537	530	523	522	523	528	522	534	533	525	529	534	526	530	531	531	523	516	551	539	537	537	524	534	529	521	535	533	530	525	525	534	532	525	528	525	528	533	531	538	515	529	525	534	525	546	520	533	534	543	539	535	528	528	523	518	531	3641.054898
524	525	535	527	537	535	526	526	530	528	526	528	537	532	528	527	534	529	535	528	533	522	527	538	538	518	521	525	518	537	525	517	539	549	517	538	541	541	519	552	522	544	521	520	535	528	522	536	531	525	526	533	532	524	541	539	531	543	539	533	537	534	527	529	535	521	536	539	540	538	536	536	531	547	525	525	534	539	544	531	530	528	522	531	538	529	533	530	528	551	525	530	535	531	517	535	3641.808042
526	529	522	530	508	528	530	536	521	524	532	532	537	531	530	517	546	527	533	532	535	532	532	523	540	539	524	523	526	516	536	535	523	533	526	546	530	527	546	525	535	531	536	529	537	540	536	526	530	528	529	521	538	529	522	529	531	535	525	528	530	539	534	530	529	538	527	526	553	522	532	508	520	541	527	521	531	533	538	535	543	533	533	538	529	527	527	525	540	515	526	527	539	529	532	530	3642.561061
528	539	539	530	529	528	523	535	526	539	540	544	540	531	527	519	535	523	532	541	523	532	527	533	526	538	531	536	531	545	531	533	541	519	519	538	522	520	525	533	536	544	528	541	527	536	516	530	534	549	536	523	514	538	531	530	527	552	529	524	545	525	526	530	526	531	519	536	521	519	525	536	531	524	519	530	516	537	525	528	540	525	519	534	525	527	532	527	539	531	558	518	528	536	527	527	3643.313956
538	536	535	522	528	530	529	520	524	529	537	528	524	525	533	524	524	517	527	534	529	522	527	548	523	536	540	513	522	527	547	529	523	530	528	530	536	528	534	532	526	532	545	529	533	524	526	531	538	527	536	525	514	523	532	525	527	529	529	530	520	522	530	525	533	520	534	507	532	527	516	529	520	532	524	517	533	525	520	532	528	531	529	518	539	536	549	543	520	541	523	530	534	530	531	526	3644.066726
532	519	539	545	521	533	528	550	539	517	532	541	534	528	535	540	542	522	535	531	523	529	535	524	540	527	529	526	520	534	553	538	529	540	534	534	536	520	514	540	530	527	536	532	534	501	515	537	530	528	524	524	536	535	517	518	539	519	513	533	535	535	539	524	526	528	520	524	524	534	520	534	533	521	531	539	530	525	523	521	535	519	537	541	533	528	523	531	528	523	538	530	519	536	530	542	3644.819371
525	525	530	536	524	540	527	531	528	517	530	541	540	542	527	530	515	523	525	527	534	538	520	536	526	529	520	526	521	527	539	541	533	547	523	531	530	536	540	529	524	534	539	517	540	520	535	540	537	548	532	526	532	538	527	522	527	528	540	534	527	536	539	529	533	529	535	525	539	539	525	532	535	533	526	521	541	529	531	527	523	530	538	540	513	526	529	533	546	519	527	525	530	535	542	538	3645.563624
538	541	536	529	536	524	532	549	523	536	536	532	528	539	530	527	541	526	540	527	525	520	525	531	533	523	527	535	539	538	518	529	529	539	530	536	535	526	536	526	529	525	528	536	526	525	543	525	535	527	524	537	537	536	532	532	547	531	523	521	531	539	538	515	526	531	531	539	524	519	524	523	528	528	532	530	529	530	528	528	535	528	522	533	545	533	530	522	506	552	530	545	516	531	524	539	3646.316021
527	528	529	529	523	517	532	538	529	521	516	523	516	526	528	530	536	533	528	537	531	534	537	534	544	530	526	522	542	521	534	526	534	537	536	533	541	518	533	533	524	535	534	520	540	532	539	531	530	529	537	542	530	531	535	531	534	532	538	540	529	526	532	535	530	545	529	531	522	507	538	535	526	529	523	526	544	529	536	535	521	533	533	534	528	531	532	536	533	523	533	522	528	530	534	539	3647.060029
530	532	534	527	540	538	527	522	533	529	528	525	533	514	526	528	530	535	531	525	528	526	519	534	531	522	525	530	531	536	535	534	534	527	525	527	528	523	526	533	547	522	524	533	530	527	528	524	525	530	532	508	526	526	531	527	532	532	523	526	542	544	526	535	526	525	526	517	544	536	524	509	533	519	540	529	522	532	523	523	527	512	535	532	531	520	532	536	526	522	520	526	521	519	531	524	3647.812179
533	518	538	533	538	522	526	530	537	530	543	516	526	523	531	533	529	522	539	535	533	521	526	521	534	525	533	531	526	514	540	540	528	528	529	535	527	523	541	522	527	537	531	524	546	543	517	523	535	538	544	528	520	519	531	534	540	523	538	529	531	531	526	525	545	518	530	534	540	528	530	532	537	532	533	520	531	527	535	531	530	529	527	519	518	518	529	538	527	530	524	524	520	535	536	524	3648.555941
521	513	523	521	526	529	526	523	532	528	541	523	535	542	525	537	524	522	531	521	529	528	519	538	546	523	546	531	529	539	531	533	532	524	518	531	524	530	528	519	540	519	518	525	528	522	519	541	522	520	529	526	540	530	538	526	533	528	525	526	529	529	523	537	529	547	516	516	515	511	540	537	529	534	539	528	539	538	529	525	531	531	518	526	526	531	536	529	523	529	532	537	519	538	531	534	3649.299582
531	535	517	528	532	529	535	518	541	525	532	528	530	518	535	529	533	517	537	542	522	516	525	515	528	544	526	534	519	526	518	526	533	516	532	532	540	530	527	519	531	540	519	541	533	528	515	523	513	532	533	521	530	524	538	530	530	525	530	538	528	524	542	516	532	527	531	528	529	535	533	530	547	530	530	531	524	541	542	521	520	531	542	521	512	534	526	531	535	529	523	532	520	516	545	541	3650.043101
527	545	525	527	540	536	530	525	548	530	538	521	520	529	522	531	533	519	531	539	530	532	522	531	528	523	534	515	532	532	519	532	526	524	541	534	500	526	526	521	533	532	530	539	523	530	522	523	519	531	525	534	530	532	539	525	540	518	528	503	526	529	529	521	531	526	521	525	527	536	536	518	528	537	522	520	541	526	518	527	522	528	525	522	534	525	526	537	544	531	525	522	525	529	513	515	3650.794758
534	533	520	525	524	517	528	522	525	515	528	519	534	529	528	527	520	541	532	542	530	519	528	527	527	538	518	519	526	538	527	522	522	518	515	527	526	528	527	534	524	540	526	533	526	530	522	523	524	537	528	543	530	525	523	523	533	516	531	528	530	520	526	525	522	536	516	538	536	535	531	539	529	519	525	520	522	507	531	521	533	525	527	520	529	522	530	530	515	502	521	516	522	526	527	529	3651.529775
533	523	533	535	535	526	527	534	523	517	528	527	522	515	530	555	542	524	530	528	528	531	543	526	517	527	528	522	526	533	537	534	519	535	519	521	543	533	526	527	532	528	522	502	529	523	527	540	525	528	531	524	530	533	528	544	512	524	531	543	527	525	520	526	544	515	529	520	513	536	521	526	534	523	515	548	532	537	520	523	536	523	517	532	527	534	530	529	526	536	524	523	520	535	519	526	3652.272929
525	525	528	531	517	527	525	537	526	521	526	551	545	507	531	528	524	531	526	523	532	530	524	529	531	524	520	530	521	522	527	517	523	537	519	526	514	534	538	527	532	525	531	516	532	525	522	532	532	532	526	535	532	522	511	509	523	526	521	523	527	525	529	512	537	525	539	517	527	516	527	524	526	526	520	525	525	521	536	526	536	540	521	529	536	521	534	528	530	524	528	547	536	530	531	521	3653.015962
526	524	540	528	531	526	522	521	535	532	527	513	532	527	524	533	534	541	539	521	523	522	538	529	515	534	530	516	518	539	520	520	524	525	528	514	535	514	520	519	531	527	537	521	525	529	519	534	532	526	528	530	537	523	518	550	529	529	527	527	532	535	534	528	532	521	524	525	536	521	531	535	518	513	520	524	530	518	527	533	518	512	510	517	535	532	520	522	526	529	516	524	536	523	525	534	3653.758873
525	531	525	532	529	515	521	529	522	537	515	531	530	530	539	511	530	521	535	519	521	526	528	534	526	527	522	533	522	527	524	526	523	525	528	518	520	526	521	528	524	518	527	515	524	522	523	519	527	533	525	516	512	532	534	528	519	528	533	521	513	510	523	526	533	519	534	512	535	526	523	539	522	543	522	523	533	538	527	519	529	532	534	518	529	520	526	542	538	516	529	520	522	524	521	520	3654.501663
532	525	521	533	530	530	553	518	524	526	532	519	528	520	525	535	513	518	535	535	530	529	532	542	536	526	535	526	518	519	536	524	534	512	518	535	523	526	514	532	530	524	521	535	532	531	532	536	527	527	521	528	524	530	519	528	531	517	530	519	533	518	520	538	527	534	522	525	529	525	520	532	522	522	531	519	513	536	522	538	521	534	527	522	535	524	529	537	535	532	529	535	533	536	535	537	3655.23608
550	533	531	518	530	524	517	529	535	528	516	537	534	532	526	531	528	528	522	522	539	539	530	518	527	506	541	522	526	529	519	529	533	524	508	512	537	536	529	534	534	526	512	528	529	532	536	531	531	528	521	524	523	529	537	523	519	519	528	529	522	537	529	539	528	522	522	527	524	526	525	524	528	523	529	515	537	515	517	529	525	526	526	529	520	527	524	521	540	525	531	534	541	518	530	525	3655.978628
522	514	523	527	535	529	521	522	527	523	526	538	528	545	537	522	534	523	542	524	518	533	537	526	530	528	537	537	520	538	536	522	528	537	535	521	516	525	519	520	532	534	511	525	530	521	523	521	532	537	526	528	535	510	521	530	517	526	526	525	526	531	524	535	528	537	523	531	531	526	511	523	537	541	526	540	531	528	524	523	533	543	524	530	522	516	528	527	521	535	528	532	533	531	526	529	3656.712806
523	525	529	528	512	525	518	535	535	521	520	522	532	528	525	533	524	531	528	515	529	527	533	522	525	530	521	522	528	538	529	533	526	531	518	526	511	526	526	528	538	531	524	515	534	506	526	526	527	527	538	523	527	535	517	533	537	526	525	529	530	523	538	522	530	532	534	527	529	529	514	519	529	528	526	547	528	528	531	530	525	531	533	525	533	528	531	533	533	531	532	531	544	524	521	536	3657.446866
539	516	520	528	525	520	533	536	528	523	535	519	528	526	515	516	525	538	529	520	522	536	527	528	517	526	521	534	532	533	522	512	522	539	520	527	520	521	520	521	528	520	534	519	526	522	538	524	515	533	531	530	536	524	522	539	519	524	540	528	525	521	534	529	530	552	520	528	515	517	510	515	524	531	520	519	512	523	537	521	525	526	539	526	537	539	517	516	518	516	531	521	526	529	523	523	3658.189053
524	517	517	522	526	530	527	522	525	524	529	520	540	528	527	532	508	533	531	529	518	529	528	522	531	521	520	523	516	520	524	525	533	525	529	519	515	516	525	535	526	513	538	523	518	525	505	528	528	529	534	537	518	529	523	531	529	512	525	536	527	529	529	528	525	523	518	534	527	530	513	531	510	533	517	538	522	535	518	529	517	526	524	530	529	525	531	519	520	541	516	512	528	524	532	534	3658.922874
534	527	523	525	535	527	549	534	521	532	528	526	535	542	541	519	530	522	526	534	513	531	531	530	532	534	540	526	516	525	519	513	537	527	530	514	540	519	526	520	525	536	535	529	523	533	543	517	525	522	534	525	530	527	524	513	531	555	515	522	526	514	518	527	533	528	528	526	526	519	526	531	523	532	529	528	540	526	530	508	514	524	523	522	522	520	547	540	517	541	523	517	524	523	517	532	3659.656576
527	529	516	522	518	518	523	527	523	523	527	527	513	518	524	539	526	514	524	523	528	523	527	513	529	525	530	527	518	530	525	524	530	527	534	532	514	516	525	526	534	537	536	523	525	510	531	513	525	545	527	524	528	515	527	510	524	510	524	514	511	521	518	523	527	533	534	514	526	525	523	517	524	524	516	526	527	514	537	536	524	542	516	529	527	514	529	520	526	519	515	536	520	528	528	523	3660.39016
529	519	517	525	537	526	519	538	527	540	520	518	529	537	528	525	534	526	530	532	522	527	532	543	530	544	533	518	517	537	517	514	530	530	526	515	523	524	529	522	530	523	517	517	525	518	517	520	521	529	526	527	515	522	517	503	526	526	535	530	531	525	533	527	524	524	516	539	516	533	525	526	524	534	539	512	524	533	519	540	526	532	522	531	532	526	520	536	533	530	526	524	532	520	524	534	3661.123626
533	521	528	532	513	541	528	545	532	520	516	530	516	520	523	515	529	528	522	534	531	523	521	519	517	527	526	531	529	528	535	540	522	525	521	529	516	518	520	521	527	519	522	515	521	523	510	514	522	524	528	514	525	520	564	528	516	526	523	519	526	526	527	522	521	505	515	532	531	538	521	519	531	529	515	535	524	528	527	535	529	527	534	529	535	534	522	534	524	536	531	524	527	543	536	518	3661.848733
533	522	517	523	518	517	515	531	529	548	530	520	530	526	520	526	531	527	519	524	530	532	532	518	537	527	518	520	526	526	532	535	523	533	534	525	533	522	520	522	530	531	532	523	535	517	515	521	540	534	527	531	525	526	524	522	530	516	541	526	518	525	525	528	523	523	529	529	525	521	528	517	504	521	527	524	510	528	527	525	518	531	529	531	521	523	526	530	520	530	533	522	514	528	516	527	3662.581963
524	534	527	538	515	508	520	521	507	513	522	540	532	543	523	527	535	530	530	525	531	519	508	508	525	526	520	527	514	524	517	513	525	512	517	525	523	518	541	521	528	515	518	524	525	515	525	521	521	526	523	534	522	527	513	524	525	523	517	513	524	521	528	523	520	529	512	523	528	518	517	514	547	521	511	535	513	531	530	526	537	514	531	526	523	524	526	524	518	525	508	518	516	509	526	522	3663.315074
528	522	526	514	515	517	523	535	523	535	522	521	520	530	514	541	518	532	537	525	521	526	530	533	530	528	522	511	529	530	524	539	527	531	517	524	529	530	521	521	512	532	524	516	528	516	533	522	538	532	516	521	531	533	517	515	521	519	523	529	520	526	521	523	533	540	528	520	527	534	534	527	536	545	529	521	528	514	528	521	521	526	525	522	522	511	518	528	522	530	516	541	527	530	528	546	3664.039832
530	524	525	533	527	522	524	526	528	515	526	526	519	523	531	525	528	536	525	518	525	514	527	517	526	524	530	520	521	523	533	524	528	518	490	531	523	525	532	536	525	523	517	531	528	516	530	517	522	526	529	528	513	518	522	525	528	531	531	532	520	529	528	521	529	523	528	537	528	524	527	546	524	526	513	525	520	519	526	532	523	515	526	514	534	517	524	528	510	523	512	524	521	523	537	525	3664.772708
526	521	526	546	533	523	510	513	527	527	530	528	525	510	534	520	526	527	522	520	521	526	539	523	531	520	512	533	519	530	529	526	520	528	519	531	533	528	524	529	521	531	530	530	528	519	505	516	522	538	537	522	538	529	522	526	524	516	519	522	531	531	522	529	527	539	521	523	530	531	526	519	528	516	525	512	533	527	524	511	537	517	527	515	510	530	538	536	530	520	523	520	511	526	527	521	3665.497232
524	528	526	530	519	522	520	515	522	527	533	512	516	531	519	524	526	515	531	531	512	509	529	533	539	515	525	523	535	519	519	515	521	523	528	527	522	530	517	524	521	519	519	517	533	521	521	518	532	523	526	534	535	528	539	527	538	522	521	537	516	526	512	529	528	536	535	527	527	531	516	523	537	521	532	529	517	519	527	516	534	523	533	518	523	529	531	513	521	519	524	517	527	524	515	528	3666.229873
530	526	528	531	531	517	527	521	512	535	522	529	528	521	528	529	542	539	524	533	525	532	521	517	522	518	512	524	522	525	530	532	521	524	518	523	524	525	517	529	522	510	531	525	529	530	515	524	522	526	530	517	525	519	523	527	535	527	518	528	533	527	519	522	519	517	531	510	513	521	527	521	537	529	522	512	535	532	511	511	521	521	529	531	518	529	543	535	524	533	522	522	517	523	507	520	3666.954165
528	520	516	527	517	527	522	513	529	516	522	536	508	515	527	522	531	538	519	516	523	524	531	522	518	523	528	519	513	511	521	525	530	524	527	519	518	513	530	526	519	519	528	529	520	520	507	524	516	523	526	512	522	533	520	530	524	527	529	518	518	523	522	522	535	528	528	517	514	532	528	515	518	525	522	518	519	528	528	514	531	529	520	522	511	514	520	519	525	514	526	524	522	524	515	526	3667.678342
531	543	546	534	523	532	520	518	522	525	530	527	526	550	519	533	541	531	529	528	526	524	530	520	530	526	521	537	526	526	523	525	528	532	522	524	536	520	529	533	535	518	520	534	527	520	526	532	520	526	535	537	529	533	531	514	535	531	528	516	534	528	528	528	527	530	531	535	509	522	524	520	528	522	525	523	527	515	532	520	522	552	530	513	534	518	522	530	531	530	526	534	528	531	534	528	3668.402402
512	528	515	528	531	529	520	520	523	525	532	523	511	512	521	527	518	525	520	524	526	527	532	521	517	538	523	523	511	539	531	535	518	521	514	522	522	521	518	522	531	536	528	510	536	520	515	522	533	509	521	530	524	520	532	521	521	529	510	521	528	521	528	513	524	523	515	521	525	512	520	522	506	524	529	522	528	516	530	536	524	523	529	526	509	531	520	524	523	525	535	517	515	539	531	538	3669.126348
532	521	531	524	536	533	520	515	531	524	530	525	522	510	527	520	532	520	544	531	524	518	521	534	522	522	503	522	520	505	530	530	524	533	521	524	523	531	532	529	516	518	519	518	527	535	531	533	530	517	521	525	522	532	534	514	529	519	532	506	514	524	531	532	521	522	513	520	531	523	526	528	519	519	531	527	529	530	527	527	521	509	523	518	511	517	514	523	520	533	522	526	517	522	527	541	3669.850178
526	524	524	518	530	523	524	538	527	514	521	520	527	520	523	530	518	520	511	516	521	535	516	526	515	533	523	531	522	522	514	511	513	518	522	524	523	523	514	524	524	529	524	525	515	516	538	521	513	523	533	516	518	528	531	515	515	512	516	521	530	528	521	535	521	523	532	524	517	519	535	519	522	522	532	515	529	526	512	514	521	530	533	511	518	523	522	527	522	524	523	520	515	526	527	512	3670.573892
535	504	535	528	517	520	530	525	519	525	527	504	521	516	530	534	530	519	534	532	537	516	514	519	539	529	521	514	517	523	518	520	530	523	525	517	536	521	526	533	525	514	519	535	532	515	534	518	524	526	535	519	527	524	511	520	534	520	521	514	522	523	533	521	531	520	528	525	527	525	525	512	516	530	528	522	524	523	539	530	527	526	511	519	527	532	532	513	515	510	520	523	528	523	519	531	3671.289269
525	520	514	523	526	521	539	522	526	522	518	546	530	517	509	532	521	532	536	524	518	503	541	512	517	513	515	517	512	532	525	505	525	534	539	512	533	531	523	524	519	530	523	527	515	530	525	524	521	521	534	523	529	513	520	527	531	532	525	510	527	524	525	520	531	529	527	524	531	529	527	518	519	528	537	515	529	526	515	525	516	528	523	509	528	525	526	521	513	524	537	526	530	521	538	525	3672.012753
527	519	519	518	526	517	513	519	511	524	529	519	517	525	520	520	505	535	521	527	519	538	525	530	512	522	509	531	511	527	530	532	523	532	514	512	523	525	528	523	527	521	513	519	522	525	514	526	522	523	513	513	518	514	535	521	518	506	535	504	520	527	521	517	528	528	511	530	524	519	514	525	517	515	528	517	531	538	535	510	525	523	543	525	515	510	524	525	520	519	522	518	518	519	518	517	3672.727903
513	526	544	538	527	529	522	527	514	509	515	526	517	520	529	536	512	531	514	501	536	531	516	522	526	517	523	533	525	519	525	520	515	526	517	524	502	543	530	510	530	546	531	508	532	524	528	523	519	526	509	528	515	522	526	518	511	528	527	517	512	525	524	525	529	513	518	514	520	518	523	524	520	510	527	527	514	504	519	528	527	514	522	520	522	516	519	523	529	519	517	528	515	538	517	530	3673.451158
515	523	516	526	514	515	528	525	514	533	534	518	538	528	530	519	521	526	517	518	520	526	516	518	523	516	533	523	531	521	521	520	529	510	527	522	513	528	530	513	523	514	522	523	522	524	526	515	527	527	522	519	522	513	515	523	526	516	523	510	531	525	523	527	529	521	518	533	538	538	528	534	529	524	529	528	529	537	529	519	521	526	526	527	526	533	533	506	519	517	526	517	510	516	527	521	3674.166081
540	512	523	515	513	527	516	527	538	545	522	542	523	523	522	520	523	533	518	525	520	522	532	527	530	520	533	517	507	532	538	528	519	523	524	506	527	520	516	522	527	520	524	522	521	517	522	524	514	529	526	533	516	528	527	525	516	528	529	523	519	512	525	534	517	520	522	520	514	509	519	521	523	533	513	522	522	523	515	538	517	525	516	525	517	516	526	514	521	524	547	525	509	514	524	523	3674.880891
522	519	522	515	520	527	518	523	495	526	510	506	511	535	516	526	524	512	534	531	519	525	517	510	514	521	525	520	506	526	523	519	536	522	515	523	526	524	527	516	522	522	521	516	518	519	518	527	515	518	506	527	519	517	520	513	526	512	516	518	526	519	519	516	522	528	523	526	515	523	539	510	514	512	526	523	524	525	531	524	522	518	522	525	523	523	532	511	516	510	519	515	519	528	531	509	3675.603802
517	512	527	519	523	533	522	535	514	521	518	528	547	525	538	513	530	535	524	519	527	531	532	531	522	527	519	525	526	520	533	530	522	522	512	530	525	519	524	522	525	524	527	509	521	521	519	525	533	522	520	511	522	513	524	531	519	519	526	530	515	511	525	525	528	516	527	524	521	517	511	517	529	525	524	510	542	533	529	510	522	518	520	514	517	517	517	524	519	521	521	518	514	525	523	521	3676.318386
526	519	525	517	533	525	517	513	514	542	531	514	519	524	531	511	523	517	521	514	513	527	521	513	518	520	525	523	520	504	513	518	523	521	512	522	526	520	517	519	523	515	528	524	530	530	528	522	525	521	515	518	517	525	521	519	518	506	524	534	518	524	510	527	520	528	517	528	515	518	531	525	526	521	515	522	518	520	511	523	523	529	509	515	530	531	521	520	523	528	513	524	513	520	525	524	3677.032857
531	521	510	518	528	518	518	519	526	513	502	514	520	521	522	530	517	523	517	522	532	523	525	518	530	532	536	527	527	524	524	524	523	535	513	528	514	525	519	523	527	518	528	533	523	520	533	515	529	520	527	527	523	498	534	527	518	512	513	524	525	515	523	526	524	530	514	519	517	528	513	525	529	527	527	537	522	522	520	510	527	516	524	527	514	518	521	521	523	527	521	525	508	514	512	538	3677.747215
511	511	530	520	524	522	510	527	535	516	522	513	515	521	522	522	504	524	520	528	509	523	527	518	524	518	521	522	534	518	523	534	525	513	521	531	514	527	525	516	528	520	525	515	524	523	506	519	519	518	532	527	527	521	533	535	512	528	530	518	522	528	516	521	516	530	515	524	517	498	515	525	528	531	523	522	531	524	522	520	527	521	518	516	522	534	521	519	518	519	527	508	534	517	539	512	3678.46146
521	523	522	523	521	516	525	519	515	524	517	521	532	515	528	515	516	520	523	513	525	528	530	537	505	519	520	525	519	523	508	518	520	525	519	519	523	523	517	537	524	518	520	517	518	533	518	518	528	532	521	521	524	505	508	517	521	521	527	528	512	526	538	518	531	530	523	514	541	522	523	512	522	533	530	521	522	516	525	523	508	517	524	519	520	527	519	523	510	524	519	512	524	525	516	528	3679.167385
526	521	513	521	508	526	535	523	524	527	524	515	518	521	524	509	513	523	527	513	511	520	528	518	522	516	519	523	507	524	527	509	523	533	507	524	518	514	509	514	522	524	534	505	518	520	519	522	533	525	523	520	511	513	523	517	521	527	517	528	510	519	521	517	525	518	517	522	526	529	515	515	523	533	514	515	522	515	523	517	528	519	513	522	528	522	516	533	527	523	514	523	530	518	502	528	3679.881407
523	522	521	528	517	509	523	524	506	508	523	507	530	523	518	528	515	515	528	517	515	532	524	520	516	529	515	517	509	528	516	508	528	509	525	515	529	517	537	516	521	523	512	530	532	518	509	525	518	512	519	526	530	526	524	527	525	514	519	519	519	532	519	518	522	526	528	504	517	516	531	519	525	530	517	528	525	529	520	521	527	525	515	521	511	522	527	523	503	516	519	518	510	532	522	524	3680.595316
519	516	516	539	522	516	519	506	525	522	512	517	524	529	527	527	515	524	522	513	537	513	513	533	525	541	500	528	521	530	523	522	522	521	514	523	533	518	519	530	522	517	528	529	530	520	521	532	511	517	517	522	523	511	521	508	517	528	514	528	531	532	515	508	527	510	526	520	533	528	509	522	504	529	533	531	513	525	524	525	520	508	524	521	532	525	521	521	536	526	522	523	520	526	525	524	3681.300908
510	534	529	527	512	521	510	527	523	522	519	525	515	516	516	508	509	519	511	521	505	511	502	520	520	519	525	522	519	520	518	523	516	522	518	517	512	532	522	519	532	526	528	521	515	530	535	518	529	508	515	520	507	520	530	517	513	520	516	519	522	542	526	521	523	507	529	524	520	522	521	529	532	528	512	501	520	527	529	520	519	523	526	513	525	517	513	532	523	517	524	523	526	520	520	518	3682.014594
527	519	521	509	522	524	512	519	514	523	509	535	529	518	510	520	517	531	508	519	518	512	516	511	516	516	536	521	509	520	513	530	522	531	542	531	501	525	517	526	526	519	520	514	514	515	502	523	524	518	517	519	522	523	517	506	530	532	513	520	521	518	520	522	505	506	536	521	509	538	522	524	522	512	532	527	505	505	524	514	523	538	519	526	512	507	525	521	519	527	522	505	535	508	523	523	3682.719965
522	512	517	531	520	524	516	534	524	533	527	517	512	520	516	521	516	530	524	528	520	533	534	536	517	513	515	514	535	523	524	515	515	512	522	531	526	506	517	500	527	525	505	546	529	518	513	534	522	520	523	525	521	519	506	549	517	514	526	512	525	515	519	519	514	536	517	520	515	525	520	529	516	516	522	522	531	521	525	528	533	519	512	538	525	520	519	537	519	513	525	520	522	519	530	508	3683.425227
531	510	523	508	528	519	520	521	513	528	518	534	521	533	514	525	522	524	519	529	516	519	518	530	525	519	520	517	535	524	538	522	525	515	533	511	526	510	521	519	541	523	522	520	533	534	518	521	527	519	522	521	528	521	523	523	520	515	528	501	521	511	523	528	507	518	528	522	531	504	519	517	514	519	519	525	530	512	529	512	504	527	532	526	516	530	524	518	503	532	511	517	517	524	524	516	3684.130379
516	525	520	520	529	519	513	514	523	517	519	527	527	533	522	512	515	522	519	515	529	519	518	525	518	521	512	513	517	509	526	516	510	519	530	530	532	525	523	523	520	512	518	528	530	516	519	517	514	508	528	514	522	523	517	506	513	527	517	517	520	517	517	516	519	512	530	517	517	521	501	506	520	526	523	521	485	508	528	519	530	518	519	520	516	506	516	518	529	518	518	506	517	528	510	520	3684.83542
