TRUST_MDX_2024_03_03_PLT_17_WELL_A01_SAMP_1537_ALQ_A_PNT_1_RND_	TRUST_MDX_2024_03_03_PLT_17_WELL_A01_SAMP_1537_ALQ_A_PNT_1_RN_1	TRUST_MDX_2024_03_03_PLT_17_WELL_A01_SAMP_1537_ALQ_A_PNT_1_RN_2	TRUST_MDX_2024_03_03_PLT_17_WELL_A02_SAMP_1538_ALQ_A_PNT_1_RND_	TRUST_MDX_2024_03_03_PLT_17_WELL_A02_SAMP_1538_ALQ_A_PNT_1_RN_1	TRUST_MDX_2024_03_03_PLT_17_WELL_A02_SAMP_1538_ALQ_A_PNT_1_RN_2	TRUST_MDX_2024_03_03_PLT_17_WELL_A03_SAMP_1539_ALQ_A_PNT_1_RND_	TRUST_MDX_2024_03_03_PLT_17_WELL_A03_SAMP_1539_ALQ_A_PNT_1_RN_1	TRUST_MDX_2024_03_03_PLT_17_WELL_A03_SAMP_1539_ALQ_A_PNT_1_RN_2	TRUST_MDX_2024_03_03_PLT_17_WELL_A04_SAMP_1540_ALQ_A_PNT_1_RND_	TRUST_MDX_2024_03_03_PLT_17_WELL_A04_SAMP_1540_ALQ_A_PNT_1_RN_1	TRUST_MDX_2024_03_03_PLT_17_WELL_A04_SAMP_1540_ALQ_A_PNT_1_RN_2	TRUST_MDX_2024_03_03_PLT_17_WELL_A05_SAMP_1541_ALQ_A_PNT_1_RND_	TRUST_MDX_2024_03_03_PLT_17_WELL_A05_SAMP_1541_ALQ_A_PNT_1_RN_1	TRUST_MDX_2024_03_03_PLT_17_WELL_A05_SAMP_1541_ALQ_A_PNT_1_RN_2	TRUST_MDX_2024_03_03_PLT_17_WELL_A06_SAMP_1542_ALQ_A_PNT_1_RND_	TRUST_MDX_2024_03_03_PLT_17_WELL_A06_SAMP_1542_ALQ_A_PNT_1_RN_1	TRUST_MDX_2024_03_03_PLT_17_WELL_A06_SAMP_1542_ALQ_A_PNT_1_RN_2	TRUST_MDX_2024_03_03_PLT_17_WELL_A07_SAMP_1543_ALQ_A_PNT_1_RND_	TRUST_MDX_2024_03_03_PLT_17_WELL_A07_SAMP_1543_ALQ_A_PNT_1_RN_1	TRUST_MDX_2024_03_03_PLT_17_WELL_A07_SAMP_1543_ALQ_A_PNT_1_RN_2	TRUST_MDX_2024_03_03_PLT_17_WELL_A08_SAMP_1544_ALQ_A_PNT_1_RND_	TRUST_MDX_2024_03_03_PLT_17_WELL_A08_SAMP_1544_ALQ_A_PNT_1_RN_1	TRUST_MDX_2024_03_03_PLT_17_WELL_A08_SAMP_1544_ALQ_A_PNT_1_RN_2	TRUST_MDX_2024_03_03_PLT_17_WELL_A09_SAMP_1545_ALQ_A_PNT_1_RND_	TRUST_MDX_2024_03_03_PLT_17_WELL_A09_SAMP_1545_ALQ_A_PNT_1_RN_1	TRUST_MDX_2024_03_03_PLT_17_WELL_A09_SAMP_1545_ALQ_A_PNT_1_RN_2	TRUST_MDX_2024_03_03_PLT_17_WELL_A10_SAMP_1546_ALQ_A_PNT_1_RND_	TRUST_MDX_2024_03_03_PLT_17_WELL_A10_SAMP_1546_ALQ_A_PNT_1_RN_1	TRUST_MDX_2024_03_03_PLT_17_WELL_A10_SAMP_1546_ALQ_A_PNT_1_RN_2	TRUST_MDX_2024_03_03_PLT_17_WELL_A11_SAMP_1547_ALQ_A_PNT_1_RND_	TRUST_MDX_2024_03_03_PLT_17_WELL_A11_SAMP_1547_ALQ_A_PNT_1_RN_1	TRUST_MDX_2024_03_03_PLT_17_WELL_A11_SAMP_1547_ALQ_A_PNT_1_RN_2	TRUST_MDX_2024_03_03_PLT_17_WELL_A12_SAMP_1548_ALQ_A_PNT_1_RND_	TRUST_MDX_2024_03_03_PLT_17_WELL_A12_SAMP_1548_ALQ_A_PNT_1_RN_1	TRUST_MDX_2024_03_03_PLT_17_WELL_A12_SAMP_1548_ALQ_A_PNT_1_RN_2	TRUST_MDX_2024_03_03_PLT_17_WELL_B01_SAMP_1549_ALQ_A_PNT_1_RND_	TRUST_MDX_2024_03_03_PLT_17_WELL_B01_SAMP_1549_ALQ_A_PNT_1_RN_1	TRUST_MDX_2024_03_03_PLT_17_WELL_B01_SAMP_1549_ALQ_A_PNT_1_RN_2	TRUST_MDX_2024_03_03_PLT_17_WELL_B02_SAMP_1550_ALQ_A_PNT_1_RND_	TRUST_MDX_2024_03_03_PLT_17_WELL_B02_SAMP_1550_ALQ_A_PNT_1_RN_1	TRUST_MDX_2024_03_03_PLT_17_WELL_B02_SAMP_1550_ALQ_A_PNT_1_RN_2	TRUST_MDX_2024_03_03_PLT_17_WELL_B03_SAMP_1551_ALQ_A_PNT_1_RND_	TRUST_MDX_2024_03_03_PLT_17_WELL_B03_SAMP_1551_ALQ_A_PNT_1_RN_1	TRUST_MDX_2024_03_03_PLT_17_WELL_B03_SAMP_1551_ALQ_A_PNT_1_RN_2	TRUST_MDX_2024_03_03_PLT_17_WELL_B04_SAMP_1552_ALQ_A_PNT_1_RND_	TRUST_MDX_2024_03_03_PLT_17_WELL_B04_SAMP_1552_ALQ_A_PNT_1_RN_1	TRUST_MDX_2024_03_03_PLT_17_WELL_B04_SAMP_1552_ALQ_A_PNT_1_RN_2	TRUST_MDX_2024_03_03_PLT_17_WELL_B05_SAMP_1553_ALQ_A_PNT_1_RND_	TRUST_MDX_2024_03_03_PLT_17_WELL_B05_SAMP_1553_ALQ_A_PNT_1_RN_1	TRUST_MDX_2024_03_03_PLT_17_WELL_B05_SAMP_1553_ALQ_A_PNT_1_RN_2	TRUST_MDX_2024_03_03_PLT_17_WELL_B06_SAMP_1554_ALQ_A_PNT_1_RND_	TRUST_MDX_2024_03_03_PLT_17_WELL_B06_SAMP_1554_ALQ_A_PNT_1_RN_1	TRUST_MDX_2024_03_03_PLT_17_WELL_B06_SAMP_1554_ALQ_A_PNT_1_RN_2	TRUST_MDX_2024_03_03_PLT_17_WELL_B07_SAMP_1555_ALQ_A_PNT_1_RND_	TRUST_MDX_2024_03_03_PLT_17_WELL_B07_SAMP_1555_ALQ_A_PNT_1_RN_1	TRUST_MDX_2024_03_03_PLT_17_WELL_B07_SAMP_1555_ALQ_A_PNT_1_RN_2	TRUST_MDX_2024_03_03_PLT_17_WELL_B08_SAMP_1556_ALQ_A_PNT_1_RND_	TRUST_MDX_2024_03_03_PLT_17_WELL_B08_SAMP_1556_ALQ_A_PNT_1_RN_1	TRUST_MDX_2024_03_03_PLT_17_WELL_B08_SAMP_1556_ALQ_A_PNT_1_RN_2	TRUST_MDX_2024_03_03_PLT_17_WELL_B09_SAMP_1557_ALQ_A_PNT_1_RND_	TRUST_MDX_2024_03_03_PLT_17_WELL_B09_SAMP_1557_ALQ_A_PNT_1_RN_1	TRUST_MDX_2024_03_03_PLT_17_WELL_B09_SAMP_1557_ALQ_A_PNT_1_RN_2	TRUST_MDX_2024_03_03_PLT_17_WELL_B10_SAMP_1558_ALQ_A_PNT_1_RND_	TRUST_MDX_2024_03_03_PLT_17_WELL_B10_SAMP_1558_ALQ_A_PNT_1_RN_1	TRUST_MDX_2024_03_03_PLT_17_WELL_B10_SAMP_1558_ALQ_A_PNT_1_RN_2	TRUST_MDX_2024_03_03_PLT_17_WELL_B11_SAMP_1559_ALQ_A_PNT_1_RND_	TRUST_MDX_2024_03_03_PLT_17_WELL_B11_SAMP_1559_ALQ_A_PNT_1_RN_1	TRUST_MDX_2024_03_03_PLT_17_WELL_B11_SAMP_1559_ALQ_A_PNT_1_RN_2	TRUST_MDX_2024_03_03_PLT_17_WELL_B12_SAMP_1560_ALQ_A_PNT_1_RND_	TRUST_MDX_2024_03_03_PLT_17_WELL_B12_SAMP_1560_ALQ_A_PNT_1_RN_1	TRUST_MDX_2024_03_03_PLT_17_WELL_B12_SAMP_1560_ALQ_A_PNT_1_RN_2	TRUST_MDX_2024_03_03_PLT_17_WELL_C01_SAMP_1561_ALQ_A_PNT_1_RND_	TRUST_MDX_2024_03_03_PLT_17_WELL_C01_SAMP_1561_ALQ_A_PNT_1_RN_1	TRUST_MDX_2024_03_03_PLT_17_WELL_C01_SAMP_1561_ALQ_A_PNT_1_RN_2	TRUST_MDX_2024_03_03_PLT_17_WELL_C02_SAMP_1562_ALQ_A_PNT_1_RND_	TRUST_MDX_2024_03_03_PLT_17_WELL_C02_SAMP_1562_ALQ_A_PNT_1_RN_1	TRUST_MDX_2024_03_03_PLT_17_WELL_C02_SAMP_1562_ALQ_A_PNT_1_RN_2	TRUST_MDX_2024_03_03_PLT_17_WELL_C03_SAMP_1563_ALQ_A_PNT_1_RND_	TRUST_MDX_2024_03_03_PLT_17_WELL_C03_SAMP_1563_ALQ_A_PNT_1_RN_1	TRUST_MDX_2024_03_03_PLT_17_WELL_C03_SAMP_1563_ALQ_A_PNT_1_RN_2	TRUST_MDX_2024_03_03_PLT_17_WELL_C04_SAMP_1564_ALQ_A_PNT_1_RND_	TRUST_MDX_2024_03_03_PLT_17_WELL_C04_SAMP_1564_ALQ_A_PNT_1_RN_1	TRUST_MDX_2024_03_03_PLT_17_WELL_C04_SAMP_1564_ALQ_A_PNT_1_RN_2	TRUST_MDX_2024_03_03_PLT_17_WELL_C05_SAMP_1565_ALQ_A_PNT_1_RND_	TRUST_MDX_2024_03_03_PLT_17_WELL_C05_SAMP_1565_ALQ_A_PNT_1_RN_1	TRUST_MDX_2024_03_03_PLT_17_WELL_C05_SAMP_1565_ALQ_A_PNT_1_RN_2	TRUST_MDX_2024_03_03_PLT_17_WELL_C06_SAMP_1566_ALQ_A_PNT_1_RND_	TRUST_MDX_2024_03_03_PLT_17_WELL_C06_SAMP_1566_ALQ_A_PNT_1_RN_1	TRUST_MDX_2024_03_03_PLT_17_WELL_C06_SAMP_1566_ALQ_A_PNT_1_RN_2	TRUST_MDX_2024_03_03_PLT_17_WELL_C07_SAMP_1567_ALQ_A_PNT_1_RND_	TRUST_MDX_2024_03_03_PLT_17_WELL_C07_SAMP_1567_ALQ_A_PNT_1_RN_1	TRUST_MDX_2024_03_03_PLT_17_WELL_C07_SAMP_1567_ALQ_A_PNT_1_RN_2	TRUST_MDX_2024_03_03_PLT_17_WELL_C08_SAMP_1568_ALQ_A_PNT_1_RND_	TRUST_MDX_2024_03_03_PLT_17_WELL_C08_SAMP_1568_ALQ_A_PNT_1_RN_1	TRUST_MDX_2024_03_03_PLT_17_WELL_C08_SAMP_1568_ALQ_A_PNT_1_RN_2	RamanShift_cm_1_
535	512	531	529	533	531	537	530	526	521	531	539	540	536	523	527	526	536	522	534	522	526	528	518	526	524	525	523	530	514	516	512	536	525	536	537	526	528	528	521	519	530	525	524	535	526	528	543	517	521	535	528	522	530	531	521	537	524	529	534	536	535	525	521	528	532	524	526	529	537	538	530	524	521	531	531	531	534	526	533	532	520	521	533	523	532	527	540	524	531	544	521	519	548	541	538	142.1739879
524	530	529	522	522	541	526	529	533	520	526	532	527	529	528	530	526	526	523	521	524	521	526	543	536	527	526	527	537	526	528	532	529	527	527	534	530	524	514	523	526	530	535	511	525	543	521	521	527	524	516	512	527	539	530	524	528	538	529	528	533	525	512	537	531	524	521	550	546	538	532	517	527	534	534	528	529	513	525	549	514	533	531	521	537	537	523	532	524	530	542	532	529	534	523	527	145.838345
534	519	537	525	523	520	532	528	530	532	518	531	532	526	534	538	519	523	534	526	538	531	523	530	547	535	529	530	527	527	533	535	541	519	524	529	527	521	536	525	546	517	539	526	540	534	522	520	531	536	532	528	522	537	530	528	522	543	534	529	535	535	544	522	531	530	522	529	547	524	520	516	533	524	535	526	520	528	537	545	516	529	532	534	528	524	529	525	527	530	534	529	534	531	525	516	149.4847215
510	541	531	531	530	533	524	536	526	517	526	544	531	515	537	533	526	527	526	524	525	525	520	531	528	523	545	529	523	518	536	525	535	526	524	533	520	528	519	516	531	541	529	531	529	525	526	529	525	531	537	547	512	531	527	544	536	542	526	533	533	521	538	526	529	526	530	533	533	538	541	537	533	517	525	529	526	552	510	523	518	523	533	528	527	527	525	533	512	531	529	532	527	518	534	527	153.1448271
531	524	520	525	519	531	531	531	523	521	524	516	517	526	540	521	523	513	521	520	536	522	542	539	534	532	517	523	520	528	532	537	534	532	546	525	531	532	545	544	512	542	523	533	532	531	523	513	530	514	531	527	529	525	531	513	524	529	519	519	530	531	541	523	521	527	535	540	522	539	533	526	531	541	536	516	521	539	546	524	524	535	528	537	532	532	525	517	527	534	521	526	539	534	518	519	156.7869742
529	538	535	534	523	533	519	541	525	520	528	522	517	524	539	520	532	523	525	526	515	523	526	528	524	528	521	531	519	521	527	526	529	527	526	522	539	535	530	517	526	527	522	537	528	530	524	526	525	531	526	535	539	534	521	538	537	528	519	519	527	524	518	527	527	536	528	518	528	526	536	524	532	528	528	537	525	522	542	529	533	524	542	538	527	521	535	527	529	524	526	527	523	530	527	522	160.4428357
521	528	523	527	526	532	536	531	519	513	527	531	524	527	515	509	541	541	542	524	531	528	528	538	526	529	523	526	532	530	536	530	522	522	536	526	532	533	520	530	523	519	509	533	524	527	524	528	536	528	518	518	531	529	517	544	519	525	530	525	520	530	522	528	537	529	510	527	528	546	530	533	531	536	527	525	517	529	522	521	528	528	543	528	514	522	533	539	531	519	530	528	520	535	529	525	164.0807608
529	530	520	529	521	524	532	524	518	522	538	535	530	529	534	540	529	533	531	535	529	525	528	534	518	529	530	530	530	526	538	522	523	528	527	523	541	527	522	539	529	515	542	530	525	536	523	538	530	525	530	542	534	532	525	537	532	521	529	525	528	515	533	524	514	532	530	521	534	537	531	528	527	513	528	531	520	531	523	518	528	530	531	529	519	530	523	525	535	521	529	540	544	526	519	530	167.7165821
518	537	537	525	521	522	542	535	534	522	544	515	525	539	536	537	516	532	520	527	521	533	521	517	534	531	521	526	521	517	523	514	528	525	530	526	520	531	533	520	537	525	530	537	521	527	518	524	534	539	537	530	523	531	536	536	511	529	539	514	537	520	531	535	526	516	528	532	528	528	522	527	523	530	532	508	520	536	521	526	522	537	529	532	528	522	532	528	525	523	525	528	533	535	528	526	171.3503016
515	529	527	539	540	537	523	529	529	520	528	527	519	521	530	529	532	526	526	520	528	527	514	533	503	533	519	517	531	539	528	531	517	534	516	545	506	522	532	530	523	527	529	527	530	536	526	528	533	533	526	529	528	532	524	536	521	528	538	527	525	531	532	529	525	524	527	535	518	537	529	516	528	556	516	522	529	527	524	526	532	528	535	522	525	524	531	530	529	530	522	525	521	515	530	526	174.981921
515	531	513	532	535	521	510	530	532	516	537	547	537	535	533	525	536	543	518	527	529	528	536	524	518	522	524	535	520	528	530	533	524	536	523	528	2464	522	536	525	517	533	535	524	534	537	533	528	519	529	523	529	525	526	534	523	525	525	532	534	527	529	522	534	528	533	522	517	530	529	534	522	518	517	529	525	541	536	540	538	526	517	525	540	530	521	533	534	537	529	518	510	530	548	534	525	178.6114422
538	519	520	527	531	527	521	534	518	521	523	525	538	532	518	522	538	541	514	523	522	533	529	530	533	537	521	533	531	529	521	519	517	518	520	537	605	536	529	526	532	528	533	519	521	536	521	520	530	531	542	536	531	526	533	525	530	532	526	518	538	534	526	533	519	533	527	534	531	525	516	556	522	533	543	528	524	526	518	530	517	529	529	528	537	534	514	520	524	532	520	517	533	537	514	547	182.2388669
540	515	536	525	531	540	535	522	521	528	532	528	523	519	518	525	522	526	528	530	536	529	531	527	536	538	528	528	534	530	529	523	532	521	516	513	528	516	525	530	524	524	542	529	527	521	525	518	522	528	510	534	521	526	531	514	522	533	523	522	526	538	533	536	529	533	526	525	525	523	523	528	531	516	524	525	526	532	534	526	528	512	526	538	526	525	534	532	535	527	532	533	524	537	519	538	185.8484393
532	529	523	521	524	514	518	519	524	528	532	523	523	535	538	535	540	520	520	536	522	519	518	531	521	535	526	530	522	516	530	539	525	539	513	524	525	515	511	530	519	532	508	541	516	533	533	521	532	527	546	526	531	521	528	518	527	528	529	529	533	536	530	523	521	527	530	503	533	520	528	514	533	517	534	531	528	525	519	521	536	525	529	533	527	534	518	525	516	522	512	527	524	527	526	523	189.4716857
530	523	526	535	539	533	516	523	516	527	538	525	529	533	531	539	531	535	545	517	542	533	527	546	532	543	537	518	526	534	517	533	527	534	538	544	524	518	534	521	525	524	533	533	547	538	529	524	526	537	527	526	525	521	534	529	514	523	522	538	520	522	531	525	528	534	526	528	522	530	525	528	522	534	553	534	526	528	520	520	527	523	524	521	532	527	533	522	529	540	538	528	535	516	531	519	193.0771015
528	522	526	522	529	529	526	525	528	528	522	527	529	536	518	532	526	527	532	528	523	531	530	527	525	528	530	517	533	535	537	525	518	529	514	510	528	530	532	515	533	523	522	532	526	531	528	534	515	532	515	521	520	518	528	524	521	529	549	527	523	518	515	536	538	525	527	522	532	525	521	526	537	528	531	529	543	531	546	527	532	520	532	522	522	532	523	529	526	532	537	525	534	529	532	532	196.6804463
525	529	519	525	528	527	522	529	528	528	519	526	518	534	532	528	519	531	526	529	541	529	524	530	534	525	524	523	523	524	530	525	537	535	538	535	522	531	528	514	524	537	528	532	519	526	528	536	536	536	532	524	527	513	522	537	534	522	528	529	525	521	519	541	526	527	528	552	528	533	535	526	536	542	540	534	540	519	535	540	543	529	528	534	544	528	520	527	536	520	522	532	534	520	532	539	200.2974433
518	521	529	533	533	521	535	515	539	534	529	533	530	540	523	537	521	520	523	525	527	536	536	515	535	520	526	518	536	523	531	526	538	528	528	534	528	510	537	524	528	512	516	528	529	537	531	540	528	527	530	530	534	531	529	536	517	532	527	545	532	521	533	525	521	531	515	523	535	539	538	532	531	530	535	533	524	519	533	530	513	536	517	536	512	524	514	534	536	528	540	538	530	531	526	521	203.8966422
519	533	530	540	516	526	526	530	542	524	527	531	532	537	529	539	526	522	533	540	529	526	532	525	522	527	523	543	522	533	532	528	523	530	528	525	523	525	527	519	534	530	521	526	524	530	531	524	537	518	522	530	540	515	524	532	536	524	513	539	523	530	523	516	525	536	519	522	529	533	527	531	539	525	538	533	525	529	532	508	525	523	514	534	529	524	537	520	527	532	527	529	530	530	527	524	207.4937755
535	527	544	528	532	527	517	522	523	526	518	530	519	520	537	532	527	536	521	526	518	529	520	525	531	531	535	525	530	535	525	531	538	534	522	537	516	532	526	522	538	511	524	536	534	534	523	534	531	539	531	523	529	532	533	530	540	530	531	525	541	531	536	517	518	525	519	520	524	515	531	527	526	537	538	535	530	527	531	530	519	522	524	531	507	521	533	539	526	531	536	539	517	517	526	532	211.0731503
541	533	530	516	521	525	535	528	534	530	520	524	532	523	540	531	537	529	524	536	526	541	519	510	534	529	534	529	533	499	532	519	513	532	536	531	531	529	535	527	527	524	528	518	543	523	520	525	526	534	522	526	536	539	524	534	519	510	531	539	506	531	532	525	525	523	526	529	526	525	542	535	524	523	522	525	516	537	543	514	532	527	528	529	524	514	522	523	516	519	521	520	537	530	531	523	214.6661664
524	530	530	534	527	537	527	538	515	531	530	512	537	528	533	539	531	527	522	526	523	533	524	520	527	531	526	519	527	531	539	527	527	518	526	527	533	517	533	542	514	531	537	524	528	540	525	513	533	524	523	526	517	533	521	517	516	526	529	527	521	529	525	517	528	546	521	518	529	531	529	523	527	523	532	515	534	529	516	530	531	529	522	550	551	531	529	532	524	536	553	544	525	527	516	524	218.2571221
534	531	530	518	537	522	526	532	529	520	532	518	517	527	529	529	524	520	521	533	523	526	532	534	551	529	529	524	532	530	530	532	535	523	519	532	520	524	527	515	528	520	543	522	526	539	531	539	525	536	531	527	519	538	535	512	538	534	535	529	530	540	517	534	513	527	517	518	520	522	525	529	516	530	526	527	523	542	534	525	521	535	524	528	517	525	540	529	526	524	536	531	533	523	531	535	221.8460193
529	529	537	528	526	534	525	525	529	546	527	522	532	518	527	511	535	533	524	521	527	527	524	525	532	536	523	550	526	531	534	534	534	522	546	534	523	532	526	527	541	532	526	532	539	533	531	538	526	528	520	533	543	524	529	541	531	544	515	524	538	524	535	527	525	535	523	525	527	522	535	534	525	526	530	527	529	525	526	529	528	517	520	528	514	523	532	531	534	524	534	532	532	525	529	531	225.417201
524	529	528	542	526	538	518	517	533	523	503	529	525	515	537	541	523	521	509	529	535	525	536	522	542	525	538	530	526	535	518	523	526	533	536	529	538	525	545	532	510	517	530	521	533	535	537	521	528	533	535	536	530	524	526	524	537	535	534	526	531	536	535	511	531	532	521	538	531	529	529	551	535	534	534	541	539	537	536	514	520	531	519	538	526	531	527	517	523	530	532	524	523	524	548	535	228.9863455
530	528	536	527	519	529	525	525	515	529	524	528	529	529	519	539	529	528	533	529	529	536	533	544	535	525	525	524	531	524	519	531	522	524	534	532	534	523	521	519	534	521	530	517	528	543	525	531	528	547	533	528	537	514	526	536	518	529	516	530	521	525	529	532	527	516	515	535	521	522	520	515	522	531	535	521	523	531	523	525	539	510	526	517	531	525	517	520	527	536	527	529	520	529	525	526	232.5690953
524	530	526	529	521	518	529	539	520	523	525	520	532	524	535	536	539	541	531	536	532	528	538	533	539	522	526	536	527	522	534	527	529	519	539	538	533	537	525	543	516	526	517	527	537	532	523	514	532	535	537	527	535	514	527	538	530	529	516	526	527	536	533	523	531	522	525	524	537	528	527	529	535	529	526	538	539	521	527	532	532	523	531	525	523	523	529	525	537	526	531	528	544	528	520	528	236.1341617
527	520	523	529	530	525	540	540	524	537	526	516	526	536	521	537	527	528	531	535	528	519	528	535	534	520	526	533	529	527	539	540	545	525	532	529	533	526	527	532	539	535	523	528	526	534	525	540	531	525	531	522	528	530	527	535	518	537	525	525	536	525	524	532	529	533	535	542	523	528	527	518	520	516	520	526	526	527	537	529	525	529	528	533	531	526	527	538	529	519	532	519	525	537	526	535	239.6971962
515	536	540	524	529	532	536	526	529	526	533	521	521	527	516	537	527	533	521	530	522	523	520	523	527	541	530	527	535	548	538	527	545	533	532	543	516	529	524	533	527	522	536	520	523	534	540	549	522	514	520	527	532	522	539	524	529	515	540	552	529	537	526	518	531	526	519	531	518	535	532	532	526	514	531	540	521	535	526	530	529	523	530	528	508	525	535	527	529	524	529	534	526	522	518	515	243.2582005
524	536	517	539	523	525	539	527	536	529	530	521	530	519	523	535	534	525	522	534	538	533	532	520	533	526	528	531	533	529	535	529	513	541	532	530	518	531	524	544	532	529	546	542	527	527	529	522	529	540	540	529	520	528	523	514	519	537	523	520	535	532	545	533	529	532	525	529	531	536	539	527	544	528	531	544	538	521	548	524	541	518	528	530	524	531	525	533	531	532	535	531	525	538	529	540	246.8171763
522	534	543	526	526	537	530	538	530	521	527	525	515	518	529	520	536	533	525	517	536	518	534	533	510	514	541	529	522	533	520	525	537	525	525	514	537	515	530	526	515	522	520	531	537	535	530	524	541	524	530	533	515	525	527	533	537	525	531	529	537	541	535	528	523	521	537	532	518	534	522	524	524	526	531	529	546	522	530	530	524	528	538	531	526	531	537	532	536	525	533	532	526	517	528	533	250.3585292
530	530	523	512	525	516	527	538	520	529	534	527	525	535	528	517	525	527	523	531	536	530	528	538	535	531	525	534	539	525	520	535	534	524	524	523	533	525	529	532	527	531	537	529	526	531	525	537	535	534	522	543	533	529	528	522	529	529	510	532	531	526	537	541	537	531	520	519	522	537	525	521	536	526	533	520	527	522	525	519	513	520	543	531	529	519	530	525	527	532	540	537	519	527	514	544	253.9134621
519	524	518	528	530	529	529	528	529	536	540	534	533	538	525	528	533	530	521	549	535	522	533	526	528	532	531	529	523	512	529	534	527	525	527	528	529	551	526	533	524	528	541	537	530	539	521	528	524	534	533	539	532	530	531	521	525	518	540	531	521	532	523	517	525	530	527	522	540	520	543	512	531	526	521	524	536	519	531	528	535	543	532	527	531	530	535	532	528	539	538	515	532	542	517	542	257.4663717
534	538	539	522	532	539	519	532	520	528	536	527	542	531	541	538	523	537	528	538	530	528	531	528	526	530	531	527	538	538	545	537	541	530	531	529	524	519	526	523	541	527	523	533	531	526	541	522	529	526	531	523	541	526	517	536	526	525	535	518	530	537	525	528	535	529	527	541	518	538	523	536	533	535	531	531	513	529	536	530	533	538	532	531	531	522	535	534	531	500	528	531	529	527	521	530	261.0016902
532	544	535	525	526	527	540	528	532	526	526	535	534	529	513	538	531	523	534	521	540	529	528	524	536	524	534	536	530	529	536	539	531	535	542	539	540	529	547	530	537	539	522	539	528	538	532	515	527	525	535	532	510	538	523	545	561	542	527	525	537	542	533	529	534	541	533	532	533	518	538	529	526	520	521	521	530	535	533	526	532	534	531	526	533	530	539	535	532	528	527	532	529	520	528	534	264.5350064
533	540	527	540	523	535	534	528	525	529	533	528	536	534	526	532	533	546	540	535	522	549	542	535	530	533	525	541	529	534	538	531	546	528	532	532	538	538	532	538	522	533	528	528	537	540	538	542	545	531	540	540	546	537	538	541	532	529	537	531	539	528	534	539	519	524	527	530	536	540	533	530	544	521	522	541	524	530	539	531	527	535	533	540	535	540	541	525	528	538	541	525	538	527	524	527	268.0818742
534	523	530	522	530	518	533	543	530	525	529	531	533	539	540	522	540	528	538	529	529	553	532	524	520	533	529	538	540	545	538	534	549	542	543	536	535	535	527	535	522	539	542	539	535	526	527	529	539	529	528	536	536	528	545	537	530	534	530	523	540	541	538	544	530	543	529	543	531	547	549	532	532	520	530	521	518	529	550	557	539	530	539	552	530	529	524	530	534	548	539	532	550	536	534	521	271.6111824
532	528	542	538	531	541	531	539	533	541	546	522	540	528	519	541	543	543	538	541	528	531	532	538	540	530	527	530	536	528	534	544	538	539	534	541	534	529	546	529	525	526	523	531	544	546	533	538	535	543	533	527	548	528	518	540	537	549	529	538	535	547	537	538	539	519	527	540	537	520	527	548	534	542	531	528	543	537	527	541	540	527	541	543	541	536	555	545	534	541	535	548	530	526	532	538	275.1384935
542	529	529	537	539	547	538	539	548	545	544	550	545	547	552	536	542	538	547	549	542	537	546	537	540	539	533	558	534	544	546	530	538	555	546	544	539	541	544	549	533	554	547	540	543	530	549	546	550	547	528	555	547	545	548	530	531	540	543	537	542	553	537	537	542	538	547	541	551	543	527	539	532	542	549	546	537	533	547	530	527	534	545	547	530	554	556	556	545	545	540	548	538	535	537	537	278.6638093
545	556	549	560	545	542	538	545	537	543	545	542	550	543	545	546	548	542	552	541	560	549	552	541	548	546	537	537	539	538	550	554	545	558	531	538	526	547	517	534	553	546	547	544	547	540	547	542	544	550	557	532	552	556	547	554	533	536	550	542	543	536	544	540	571	546	554	541	550	541	547	540	546	541	535	542	541	531	545	552	530	536	542	553	543	520	539	540	546	541	549	547	544	543	549	545	282.1871313
535	550	556	550	559	561	535	549	535	551	540	560	552	545	538	552	576	546	549	561	547	566	553	548	563	537	557	546	554	549	553	558	547	545	544	543	546	536	547	552	550	556	540	565	560	558	535	528	546	543	555	551	553	539	557	522	546	567	541	552	571	560	549	543	535	555	554	551	555	544	517	545	554	549	537	557	561	536	548	552	534	536	540	555	549	557	546	547	551	563	554	534	540	548	540	545	285.6929533
555	530	563	556	570	552	552	554	550	549	576	550	568	558	561	544	556	554	540	551	553	558	558	560	557	544	552	557	556	555	537	555	568	559	560	564	565	573	554	548	551	548	562	587	560	569	549	566	571	564	548	566	560	554	568	543	553	566	565	553	557	561	554	545	556	553	575	565	552	562	571	551	552	553	588	567	558	551	581	540	548	566	557	568	547	576	552	557	556	534	551	557	552	559	557	549	289.2123018
569	552	565	560	561	563	567	581	566	576	563	560	578	574	566	583	561	569	563	573	567	562	563	579	567	564	572	569	566	561	555	569	567	560	585	563	564	571	557	576	569	562	563	566	557	564	568	563	554	568	562	563	568	570	573	573	552	578	576	555	563	559	567	565	566	555	579	585	580	563	567	551	576	560	580	546	573	561	570	582	561	582	559	568	568	568	579	562	550	576	560	571	560	574	592	557	292.7141711
587	583	581	585	586	587	587	589	589	596	597	582	582	574	581	583	585	574	578	567	578	585	589	579	584	598	609	574	583	577	582	587	595	590	573	583	580	580	582	592	603	582	587	579	602	577	578	589	595	574	577	568	584	562	563	581	593	589	584	576	584	580	574	580	585	583	585	592	582	599	587	567	570	598	583	597	581	604	586	583	585	610	591	572	581	587	574	584	573	582	596	607	579	583	577	572	296.2295529
599	605	588	593	612	596	619	597	607	607	587	613	616	606	619	591	602	601	617	622	596	602	596	599	589	630	605	599	605	605	622	615	605	618	605	606	612	593	608	586	626	618	622	620	610	601	630	602	586	600	613	600	612	623	629	611	585	588	607	615	611	603	605	600	612	594	617	629	618	612	605	609	607	617	596	625	601	596	597	607	622	612	600	618	605	602	609	592	618	614	597	613	598	607	612	618	299.7274762
642	634	640	630	635	640	647	636	657	635	648	641	656	656	642	645	643	627	652	653	663	657	642	639	632	654	651	640	633	646	652	648	658	634	646	634	633	627	653	658	615	619	663	627	635	643	618	627	635	641	627	636	657	646	633	650	641	649	639	641	649	660	638	647	649	651	665	658	646	661	639	629	644	671	633	636	628	652	648	647	641	645	630	643	628	632	646	651	630	636	656	637	638	667	635	653	303.2234333
707	692	695	687	676	689	710	696	688	712	705	674	682	682	700	690	694	684	689	706	714	701	719	691	709	681	712	685	703	711	697	692	694	673	702	704	684	701	713	696	704	692	688	699	704	690	678	702	687	703	687	715	699	707	693	672	692	678	685	692	694	686	682	694	694	691	733	712	732	700	691	680	703	705	670	695	688	699	694	729	693	690	681	713	698	698	703	677	672	695	704	702	674	680	690	694	306.717426
774	760	772	787	773	767	740	782	791	780	767	783	769	791	765	762	765	778	777	779	788	758	789	769	783	781	775	783	775	797	787	799	757	787	751	797	777	752	749	754	735	767	782	794	762	784	797	776	766	795	765	761	778	768	772	794	806	784	762	752	782	778	752	758	777	774	813	807	839	782	783	805	752	759	763	786	773	789	784	773	763	779	760	776	776	772	769	784	769	806	790	771	775	791	772	779	310.2249029
916	897	914	882	912	880	866	887	898	922	887	918	892	901	881	895	944	904	900	918	912	880	897	912	884	900	892	901	889	936	890	861	888	936	909	869	894	882	905	897	887	892	912	903	896	881	906	895	876	901	900	874	907	903	930	880	900	902	903	872	879	883	910	899	923	943	960	936	955	887	908	884	894	885	892	891	916	911	894	882	898	905	898	885	891	910	897	869	902	893	917	896	889	876	883	882	313.6995245
1080	1067	1075	1106	1085	1133	1094	1099	1074	1088	1114	1043	1065	1108	1090	1063	1066	1063	1073	1071	1062	1083	1103	1143	1104	1092	1081	1085	1111	1069	1091	1083	1049	1036	1063	1106	1051	1093	1060	1076	1064	1080	1107	1084	1096	1114	1117	1054	1068	1051	1102	1107	1096	1037	1135	1061	1092	1090	1086	1082	1090	1067	1066	1077	1066	1084	1179	1144	1173	1105	1083	1127	1077	1088	1066	1113	1085	1102	1088	1081	1087	1052	1087	1108	1123	1118	1126	1120	1128	1090	1074	1098	1102	1130	1092	1131	317.1876336
1282	1384	1359	1327	1346	1346	1340	1375	1374	1383	1362	1355	1354	1367	1389	1345	1353	1339	1382	1387	1402	1357	1376	1358	1377	1334	1361	1322	1385	1374	1369	1339	1368	1387	1367	1358	1379	1364	1386	1375	1385	1369	1386	1366	1377	1318	1369	1371	1385	1305	1384	1377	1383	1360	1324	1360	1364	1352	1369	1374	1382	1363	1326	1376	1340	1385	1506	1458	1514	1369	1376	1386	1394	1370	1320	1396	1374	1347	1369	1383	1339	1395	1398	1375	1439	1351	1366	1372	1363	1346	1374	1363	1380	1364	1395	1372	320.6737848
1756	1785	1749	1735	1764	1733	1734	1743	1765	1760	1749	1798	1776	1790	1754	1729	1724	1742	1748	1753	1718	1795	1718	1780	1703	1736	1687	1774	1758	1812	1785	1812	1787	1763	1752	1769	1751	1776	1771	1798	1769	1736	1789	1817	1777	1800	1751	1737	1746	1764	1828	1801	1733	1745	1746	1769	1800	1732	1779	1756	1800	1789	1765	1769	1738	1743	1955	1952	1960	1802	1807	1770	1779	1806	1816	1822	1784	1686	1729	1711	1809	1753	1792	1730	1722	1828	1816	1829	1792	1793	1741	1798	1784	1765	1817	1792	324.1579798
2273	2305	2260	2259	2223	2228	2203	2224	2268	2214	2270	2168	2249	2225	2238	2230	2228	2208	2270	2253	2266	2239	2223	2259	2208	2273	2280	2300	2251	2274	2332	2225	2240	2273	2227	2285	2276	2254	2217	2260	2252	2237	2260	2245	2258	2258	2265	2269	2286	2238	2263	2272	2219	2272	2259	2247	2263	2282	2356	2265	2317	2282	2226	2290	2284	2271	2393	2442	2498	2307	2275	2296	2243	2232	2236	2263	2252	2228	2235	2270	2343	2192	2224	2208	2341	2331	2262	2284	2360	2330	2283	2267	2182	2272	2292	2250	327.6248164
2759	2818	2888	2816	2835	2737	2835	2809	2786	2797	2854	2872	2834	2883	2798	2855	2860	2791	2797	2799	2794	2827	2855	2831	2865	2829	2836	2844	2862	2870	2811	2906	2840	2882	2871	2807	2818	2815	2815	2846	2786	2889	2810	2862	2828	2774	2835	2811	2822	2861	2795	2735	2822	2770	2928	2827	2894	2888	2834	2804	2805	2745	2823	2862	2903	2847	2998	3105	3108	2844	2920	2869	2809	2792	2805	2803	2851	2873	2847	2831	2851	2814	2838	2875	2872	2880	2842	2845	2904	2849	2868	2945	2866	2833	2820	2820	331.1051125
3246	3347	3326	3345	3364	3285	3394	3266	3291	3371	3418	3324	3369	3361	3384	3405	3310	3278	3334	3259	3373	3334	3413	3339	3364	3321	3329	3365	3361	3337	3360	3346	3309	3362	3367	3389	3404	3218	3331	3317	3406	3383	3370	3441	3345	3363	3365	3332	3376	3313	3347	3353	3324	3397	3439	3339	3332	3245	3330	3324	3410	3382	3402	3346	3328	3409	3471	3610	3558	3369	3323	3336	3364	3350	3370	3391	3310	3314	3324	3327	3362	3294	3335	3367	3375	3378	3335	3370	3336	3349	3386	3353	3353	3352	3387	3367	334.5680707
3734	3784	3703	3724	3737	3733	3695	3775	3744	3779	3679	3733	3758	3797	3737	3757	3708	3804	3779	3733	3742	3730	3723	3645	3799	3816	3769	3859	3758	3744	3751	3764	3737	3717	3726	3803	3794	3753	3679	3695	3742	3787	3691	3677	3785	3756	3691	3732	3719	3811	3682	3770	3735	3789	3762	3647	3801	3714	3706	3741	3742	3776	3777	3692	3786	3775	4018	4023	4050	3882	3670	3763	3764	3691	3754	3874	3813	3784	3709	3843	3758	3769	3693	3767	3802	3825	3764	3782	3729	3773	3783	3825	3747	3819	3693	3733	338.0290964
3909	4042	3987	3925	3834	3962	3947	3940	3932	4015	3930	3998	3986	3941	3884	4001	3994	4002	4016	4006	3927	3960	3945	3992	3952	3974	3929	3954	4074	4106	3943	4045	4003	3971	4067	3993	4019	3946	4007	3965	3979	3850	4065	3938	3990	3962	4005	4005	3921	3996	3974	3954	4026	4005	3960	3928	3931	3951	4011	4005	4019	3981	3920	3987	4045	3983	4266	4155	4248	4093	3974	4061	3975	3951	4057	3953	4048	4029	4030	3957	3946	3920	3998	4009	4067	4054	4039	4040	4006	4018	3966	3917	4092	3899	4061	3912	341.4881913
4095	4036	4043	4057	4006	3955	4058	4059	4099	4099	4007	4075	4098	4167	3944	4041	4096	4046	4095	4139	4069	3978	3999	4086	4093	4099	4032	4113	4086	4069	4125	4083	4088	4058	4038	4043	4057	3981	4015	4130	4037	3980	4073	4083	4061	4091	3929	4136	4145	4116	4162	4027	4121	4084	4000	4033	4123	4081	4133	4167	4105	4111	4031	3979	4107	4103	4403	4388	4374	4242	4083	4128	4096	4111	4009	4082	4060	4113	4066	4094	4188	4059	4077	4183	4184	4137	4117	4094	4134	4127	4065	4035	4168	4102	4097	4062	344.9453569
4102	4127	4063	4054	4045	4019	4017	4033	4048	4155	4144	4018	4129	4076	4105	4116	4122	4151	4083	4118	4014	4020	4118	4138	4054	4131	4055	4099	4215	4125	4025	4047	4002	4047	4071	4121	4047	4006	3979	4258	4123	4049	4093	4083	4065	4088	4072	4113	4127	4056	4186	4098	4115	4123	4034	4108	4113	4115	4159	4129	4141	4084	4058	4113	4039	4210	4405	4338	4397	4146	4196	4142	4113	4111	4056	4072	4073	4145	4110	4122	4016	4102	4172	3992	4172	4136	4135	4167	4087	4150	4159	4156	4005	4176	4032	4077	348.400595
4049	4016	4134	4055	4086	4170	4039	4043	4102	4140	4071	4018	4053	4087	4181	4074	4111	3991	4062	4078	4011	4048	4042	4081	4123	4156	4108	4117	4110	4125	4111	4075	4133	4075	4118	4119	4018	4087	4127	3961	4166	4061	4082	4077	4196	4020	4012	4094	4151	4104	4152	3991	4022	4170	4108	4154	3992	4109	4072	4076	4146	4026	4098	4121	4062	4127	4416	4417	4357	4152	4274	4184	4049	4073	4169	4185	4023	4109	4043	4109	4135	4090	4075	4015	4101	4116	4157	4158	4084	4168	4074	4186	4092	4111	4159	4206	351.853907
3934	4077	4047	4018	4099	4044	4017	4054	4007	4101	4068	4152	4126	4024	4160	4044	4119	4045	4091	4093	4026	4094	4110	4036	4088	4130	4150	4072	4139	4167	4117	4053	4113	4216	4138	4199	4079	4088	4079	4126	4026	4087	4184	4044	4060	4113	4040	4094	4216	4088	4072	4164	4105	4073	4030	4071	4161	4035	4042	4104	4224	4094	4143	4097	4110	4100	4316	4420	4450	4184	4196	4202	4107	4146	4019	4039	4107	4006	4078	4098	4112	4051	4230	4077	4223	4125	4138	4121	4190	4112	4086	4113	4047	4085	4105	4084	355.3052947
4129	4100	4125	4039	4074	4032	4069	3978	4129	4068	4145	4164	4166	4071	4078	4201	4158	4037	4081	4062	4120	4050	4106	4157	4067	4085	4150	4121	4137	4107	4061	4179	4111	4077	4131	4116	4090	4030	4125	4169	4079	4153	4042	4210	4174	4100	4059	4186	4160	4133	4189	4118	4155	4087	4039	4148	4088	4068	4050	4191	4109	4078	4132	4259	4131	4175	4338	4419	4371	4160	4268	4277	4156	4189	4101	4109	4137	4157	4233	4120	4164	4161	4135	4130	4121	4161	4131	4149	4244	4260	4167	4089	4193	4080	4157	4068	358.7394328
4023	4201	4070	4124	4098	4180	4113	4147	4129	4132	4191	4089	4148	4121	4131	4177	4135	4086	4091	4089	4086	4076	4135	4097	4070	4177	4098	4148	4132	4154	4082	4097	4091	4131	4167	4170	4153	4063	4116	4043	4109	4108	4168	4232	4084	4123	4035	3987	4178	4098	4066	4139	4132	4198	4175	4090	4228	4130	4173	4151	4143	4123	4140	4135	4183	4160	4383	4411	4434	4287	4261	4252	4168	4160	4112	4192	4150	4116	4075	4169	4107	4141	4118	4135	4218	4134	4193	4220	4118	4068	4100	4128	4138	4134	4130	4155	362.186985
4042	4079	4057	4083	4119	4044	4071	4129	4057	4170	4148	4139	4160	4094	4155	4097	4147	4166	4158	4141	4114	4132	4132	4077	4108	4161	4095	4128	4143	4179	4098	4110	4135	4161	4098	4186	4124	4062	4095	4052	4210	4047	4078	4142	4132	4168	4088	4121	4190	4153	4138	4056	4104	4034	4126	4104	4111	4096	4122	4155	4153	4099	4198	4193	4077	4094	4425	4363	4346	4119	4109	4211	4097	4170	4119	4084	4091	4097	4089	4087	4086	4110	4126	4174	4220	4134	4158	4121	4059	4221	4092	4101	4160	4131	4139	4074	365.617308
4166	4184	4189	4083	4088	3966	4038	4011	4047	4107	4156	4043	4075	3996	4115	4098	4075	4099	4133	4168	4031	4123	4083	4065	4095	4187	4021	4060	4185	4102	4130	4052	4083	4176	4038	4075	3995	4166	4108	4096	4195	4118	4123	4141	4060	4142	4034	4094	4093	4080	4097	4076	4106	4087	4039	4039	4036	4123	4051	4131	4173	4062	4103	4125	4134	4155	4389	4326	4431	4217	4143	4130	4128	4219	4149	4137	4109	4111	4043	4167	4116	4157	4178	4061	4188	4096	4004	4206	4114	4104	4134	4110	4040	4193	4157	4115	369.04573
4065	4095	3999	4155	4009	4142	4110	4036	4138	4110	4042	4074	4119	4081	4083	4032	4066	4058	4036	4076	4111	4108	4158	4096	4135	4075	4207	4088	4176	4056	4075	4040	4117	4148	4019	4130	4101	4066	4093	4091	4124	4042	4119	4052	4152	4110	4072	4117	4171	4037	4247	4086	4235	4094	4019	4073	4095	4096	4141	4181	4155	4171	4119	4130	4069	4212	4373	4335	4325	4111	4180	4138	4047	4062	4029	4125	4085	4136	4144	4105	4035	4068	4155	4094	4119	4191	4159	4055	4113	4151	4193	4064	4173	4131	4143	4097	372.4875453
4072	4058	4149	4058	4026	4042	4054	4018	4042	4046	3986	4071	4027	4029	4163	4068	4130	4052	4062	4097	4113	4055	4012	4057	4146	4151	4093	4041	4137	4067	4061	4100	4140	4189	4144	4152	4133	4069	4097	4098	4061	4175	4117	4084	4063	4116	4132	4204	4092	4123	3965	4058	4186	4097	4228	4105	4160	4075	4186	4069	4173	4071	4165	4143	4110	4214	4310	4305	4327	4198	4153	4116	4063	4088	4140	4061	4142	4057	4081	4020	4035	4211	4033	3987	4058	4151	4106	4212	4143	4161	4083	4068	4171	4068	4079	4168	375.9121616
4034	4093	4026	4101	4166	4137	4126	4078	4050	4093	4068	4082	3985	4163	4065	3991	4096	4088	4078	4192	4091	4100	4174	4210	4096	4195	4075	4150	4122	4097	4192	4107	4075	4209	4078	4168	4105	4067	4035	4131	4130	4069	4121	4188	4069	4190	4078	4105	4094	4173	4183	4014	4244	4219	4098	4047	4106	4160	4168	4157	4230	4192	4182	4174	4178	4115	4349	4398	4409	4203	4261	4229	4121	4194	4140	4169	4214	4135	4109	4088	4223	4157	4238	4135	4147	4117	4202	4049	4055	4241	4151	4140	4214	4131	4137	4089	379.3348817
4248	4179	4238	4158	4132	4115	4066	4156	4209	4128	4128	4149	4118	4246	4164	4132	4163	4150	4187	4094	4207	4317	4115	4232	4237	4093	4239	4129	4130	4292	4203	4186	4249	4183	4197	4243	3986	4196	4111	4183	4072	4150	4217	4244	4174	4164	4155	4137	4253	4144	4166	4196	4091	4151	4203	4216	4217	4189	4271	4225	4130	4133	4205	4208	4163	4166	4488	4414	4449	4214	4150	4315	4159	4232	4099	4153	4164	4166	4194	4164	4155	4159	4134	4209	4240	4137	4213	4212	4138	4146	4221	4168	4200	4151	4107	4170	382.7557071
4214	4135	4256	4306	4282	4234	4230	4274	4164	4231	4229	4240	4247	4293	4257	4297	4208	4185	4266	4269	4254	4306	4223	4233	4355	4152	4234	4322	4316	4291	4171	4266	4262	4265	4286	4295	4255	4143	4263	4213	4257	4227	4205	4269	4254	4268	4207	4191	4337	4204	4233	4256	4307	4278	4254	4318	4273	4336	4153	4257	4245	4285	4326	4203	4221	4256	4428	4523	4495	4312	4252	4276	4335	4265	4217	4266	4278	4280	4251	4278	4339	4243	4217	4249	4309	4186	4308	4317	4220	4300	4207	4197	4320	4201	4297	4355	386.1746395
4333	4387	4410	4342	4331	4323	4269	4331	4214	4331	4315	4316	4340	4319	4312	4437	4453	4300	4224	4249	4305	4261	4296	4337	4354	4382	4349	4336	4464	4370	4312	4289	4405	4371	4331	4388	4328	4359	4360	4290	4372	4295	4398	4325	4336	4405	4360	4296	4260	4277	4426	4352	4333	4322	4362	4262	4351	4362	4441	4330	4423	4321	4368	4349	4404	4272	4596	4605	4646	4385	4360	4433	4339	4343	4357	4341	4387	4329	4414	4343	4407	4352	4387	4272	4316	4410	4369	4363	4420	4431	4364	4281	4372	4314	4408	4429	389.5764299
4378	4340	4408	4333	4369	4346	4375	4350	4374	4306	4365	4486	4380	4432	4401	4431	4439	4416	4354	4420	4427	4391	4396	4422	4408	4410	4496	4476	4432	4419	4347	4394	4419	4396	4363	4431	4370	4382	4313	4389	4370	4319	4342	4367	4490	4406	4379	4414	4432	4448	4446	4383	4372	4462	4479	4409	4453	4440	4437	4422	4417	4288	4460	4413	4506	4450	4624	4592	4663	4488	4521	4467	4406	4448	4460	4443	4476	4379	4440	4411	4455	4433	4322	4341	4473	4453	4502	4438	4459	4381	4387	4455	4331	4448	4325	4431	392.9915892
4348	4514	4448	4411	4485	4396	4423	4384	4443	4471	4501	4479	4483	4402	4330	4409	4407	4431	4375	4334	4569	4417	4348	4458	4466	4405	4484	4478	4419	4521	4433	4471	4506	4484	4478	4454	4467	4529	4309	4464	4380	4437	4510	4439	4392	4379	4545	4475	4382	4527	4511	4398	4495	4421	4514	4405	4425	4535	4431	4414	4461	4477	4393	4478	4538	4451	4745	4735	4804	4537	4495	4453	4448	4461	4404	4448	4493	4518	4445	4429	4527	4406	4450	4435	4456	4507	4510	4520	4455	4611	4404	4407	4506	4521	4454	4596	396.3896265
4503	4438	4421	4500	4412	4441	4456	4479	4471	4505	4567	4392	4482	4385	4420	4432	4432	4487	4465	4476	4516	4499	4552	4428	4502	4417	4433	4528	4558	4502	4455	4475	4479	4472	4478	4541	4321	4476	4438	4525	4502	4580	4479	4479	4492	4465	4527	4482	4538	4551	4452	4539	4552	4501	4426	4518	4522	4471	4550	4558	4555	4536	4483	4475	4531	4463	4767	4788	4838	4522	4692	4552	4535	4591	4552	4561	4574	4454	4507	4489	4529	4538	4587	4501	4548	4516	4620	4567	4564	4514	4522	4546	4540	4583	4562	4517	399.801019
4550	4542	4592	4483	4529	4592	4527	4455	4572	4608	4564	4601	4538	4548	4636	4556	4530	4549	4574	4564	4544	4551	4513	4587	4595	4562	4586	4664	4600	4620	4546	4556	4603	4652	4653	4583	4647	4596	4543	4569	4579	4575	4567	4569	4560	4596	4590	4534	4538	4602	4615	4639	4542	4552	4563	4624	4537	4582	4610	4597	4541	4590	4580	4519	4530	4560	4761	4836	4825	4715	4688	4653	4483	4560	4591	4665	4573	4491	4658	4517	4628	4635	4573	4607	4591	4659	4630	4616	4657	4647	4684	4658	4623	4558	4615	4629	403.1953095
4821	4704	4730	4729	4682	4762	4780	4660	4703	4778	4755	4846	4713	4730	4725	4676	4766	4686	4678	4751	4710	4748	4800	4737	4714	4741	4753	4775	4751	4825	4733	4729	4723	4799	4686	4741	4771	4790	4741	4694	4694	4750	4613	4704	4747	4642	4775	4719	4721	4719	4722	4699	4759	4766	4778	4696	4682	4793	4844	4723	4697	4746	4809	4806	4790	4811	5018	5054	5016	4797	4846	4821	4790	4661	4700	4841	4730	4834	4717	4771	4778	4817	4796	4809	4788	4849	4707	4822	4710	4770	4720	4757	4808	4674	4696	4712	406.587733
4952	4990	5045	4892	5065	4907	5054	4925	4993	5019	5076	4968	4946	4949	4995	5084	4917	5034	4938	5102	5030	5101	5019	4955	5048	5048	4952	4991	5051	5005	5145	5011	4994	4991	4979	5036	4930	4947	4904	4912	5057	5117	5126	4952	5008	4957	4926	4859	4971	4959	5103	4971	5019	5045	4990	5029	5069	4955	5060	5022	5102	5013	5048	5013	5056	4988	5168	5216	5262	5097	5033	5064	4997	4912	5002	5007	4941	4943	5024	5136	4904	4958	5026	5071	5047	5020	5078	5112	5048	5043	5120	5034	5034	4966	5080	5027	409.9782911
5401	5343	5362	5416	5500	5366	5293	5463	5441	5390	5366	5414	5391	5240	5417	5343	5413	5468	5399	5410	5411	5354	5371	5413	5275	5325	5289	5439	5449	5412	5384	5339	5535	5372	5451	5471	5341	5332	5310	5418	5370	5418	5469	5390	5412	5483	5317	5319	5430	5364	5375	5413	5440	5403	5401	5399	5435	5410	5386	5439	5280	5373	5403	5300	5343	5375	5667	5601	5610	5358	5365	5399	5337	5401	5343	5323	5416	5450	5364	5367	5385	5451	5300	5325	5479	5410	5486	5364	5425	5362	5483	5443	5303	5463	5453	5300	413.3821772
5667	5645	5702	5781	5701	5672	5617	5579	5599	5674	5686	5663	5718	5622	5526	5638	5619	5694	5634	5555	5679	5701	5683	5617	5635	5677	5683	5738	5761	5648	5643	5540	5609	5762	5736	5736	5617	5686	5582	5664	5629	5646	5714	5612	5710	5671	5600	5675	5576	5695	5678	5657	5583	5753	5686	5658	5649	5710	5725	5730	5758	5542	5766	5759	5664	5724	5948	5904	5958	5710	5780	5746	5658	5613	5664	5611	5539	5703	5664	5687	5701	5710	5669	5720	5805	5733	5540	5774	5699	5700	5772	5602	5744	5747	5655	5711	416.7538174
5767	5797	5745	5878	5849	5750	5779	5667	5812	5827	5824	5901	5784	5917	5858	5821	5965	5841	5863	5885	5726	5787	5871	5865	5757	5788	5763	5893	5810	5886	5871	5805	5837	5787	5764	5808	5794	5788	5789	5800	5886	5682	5863	5889	5792	5795	5810	5771	5747	5837	5892	5952	5948	5862	5864	5984	5879	5845	5870	5852	5769	5804	5884	5826	5819	5860	5986	5974	6219	5832	5820	5950	5894	5837	5787	5862	5891	5867	5861	5931	5838	5822	5832	5895	5739	5823	5813	5809	5842	5809	5906	5984	5792	5831	5868	5704	420.1387886
5642	5722	5803	5644	5608	5569	5757	5719	5685	5713	5743	5747	5727	5583	5663	5721	5702	5653	5689	5714	5814	5743	5692	5743	5774	5675	5715	5730	5712	5686	5721	5695	5732	5753	5839	5733	5665	5646	5706	5766	5762	5767	5772	5714	5676	5658	5677	5722	5708	5733	5773	5657	5744	5658	5704	5597	5694	5816	5795	5701	5692	5665	5760	5714	5592	5723	5963	5989	5967	5836	5846	5727	5836	5563	5741	5663	5745	5651	5673	5838	5753	5697	5706	5689	5788	5769	5622	5714	5755	5712	5684	5777	5667	5806	5727	5685	423.5219006
5288	5595	5313	5315	5417	5377	5371	5368	5319	5431	5266	5442	5426	5349	5396	5486	5396	5304	5367	5320	5416	5378	5408	5376	5319	5445	5436	5586	5424	5488	5389	5392	5456	5446	5454	5452	5477	5382	5421	5366	5455	5454	5397	5424	5393	5409	5415	5424	5459	5422	5354	5219	5484	5388	5471	5438	5390	5366	5469	5424	5357	5543	5414	5478	5483	5371	5681	5742	5645	5631	5533	5470	5460	5479	5362	5546	5539	5435	5383	5418	5507	5433	5437	5240	5499	5445	5423	5411	5420	5524	5423	5427	5480	5386	5429	5281	426.9031548
4871	5087	5026	5072	5148	5046	5138	5043	5014	5108	5045	5028	5007	5019	5072	4988	4992	4963	5026	5125	5003	5027	5072	5030	5001	5005	5070	5010	5111	5060	5096	5015	4885	4990	5093	5129	4999	5049	4923	5032	4987	5028	5043	4966	5087	5030	5036	5100	5070	5077	5107	5050	5048	5090	5084	5052	5148	5110	5100	5079	5196	5071	5019	5069	5068	5054	5352	5348	5279	5067	4963	5054	5001	5102	4985	5106	4991	4987	5002	5035	5039	5046	5156	5072	5088	5122	5095	5076	5094	4977	5075	5035	5092	5020	4971	5063	430.2674028
4697	4781	4790	4807	4741	4645	4587	4760	4699	4674	4680	4643	4735	4731	4743	4718	4689	4696	4747	4657	4714	4733	4730	4661	4708	4708	4771	4686	4781	4750	4784	4751	4647	4648	4802	4846	4744	4725	4674	4646	4767	4784	4660	4754	4673	4731	4737	4728	4862	4733	4628	4720	4833	4722	4733	4653	4786	4788	4725	4709	4684	4838	4739	4697	4672	4736	4953	4963	5012	4740	4780	4837	4802	4792	4795	4753	4679	4735	4718	4764	4714	4788	4780	4838	4833	4719	4801	4838	4787	4753	4765	4784	4790	4715	4701	4809	433.6449545
4604	4500	4467	4457	4401	4472	4463	4443	4473	4475	4522	4546	4563	4463	4472	4452	4503	4540	4512	4476	4572	4553	4574	4482	4575	4460	4522	4471	4539	4567	4574	4565	4507	4606	4517	4615	4483	4515	4457	4532	4491	4587	4413	4509	4434	4562	4566	4499	4689	4460	4562	4538	4491	4561	4479	4501	4558	4430	4646	4443	4514	4467	4487	4579	4496	4489	4793	4756	4804	4675	4545	4530	4541	4561	4536	4553	4469	4514	4524	4499	4494	4461	4456	4503	4624	4580	4572	4616	4508	4533	4554	4533	4558	4577	4432	4562	437.0055196
4401	4368	4291	4291	4228	4234	4290	4312	4319	4275	4403	4348	4406	4343	4333	4271	4371	4326	4318	4328	4222	4314	4377	4275	4356	4377	4295	4370	4289	4296	4450	4358	4332	4386	4328	4375	4231	4362	4234	4341	4272	4329	4264	4314	4345	4354	4266	4327	4391	4318	4353	4344	4369	4348	4289	4444	4377	4349	4405	4395	4406	4404	4355	4299	4286	4320	4688	4541	4561	4337	4449	4355	4441	4289	4379	4351	4318	4444	4386	4325	4257	4433	4299	4251	4391	4421	4310	4395	4382	4421	4280	4347	4250	4385	4362	4382	440.3642496
4217	4222	4293	4240	4260	4234	4270	4205	4328	4294	4263	4294	4175	4206	4173	4297	4264	4286	4277	4257	4266	4272	4250	4251	4241	4215	4228	4243	4258	4305	4294	4221	4344	4322	4298	4335	4276	4217	4127	4291	4241	4301	4282	4170	4307	4303	4315	4265	4319	4239	4316	4248	4280	4186	4269	4311	4342	4325	4316	4254	4261	4285	4295	4255	4276	4259	4478	4575	4452	4326	4285	4356	4281	4270	4316	4292	4312	4298	4234	4287	4290	4327	4230	4235	4341	4362	4245	4316	4315	4283	4371	4272	4215	4274	4181	4202	443.7211461
4097	4288	4268	4172	4261	4187	4237	4246	4195	4210	4175	4157	4215	4244	4250	4308	4246	4226	4238	4246	4227	4288	4237	4273	4281	4244	4276	4167	4267	4200	4211	4199	4251	4253	4361	4333	4220	4120	4158	4129	4213	4242	4200	4200	4288	4222	4208	4175	4186	4256	4229	4230	4212	4249	4292	4336	4239	4229	4261	4254	4412	4253	4315	4291	4339	4268	4501	4409	4511	4272	4356	4291	4237	4210	4277	4252	4306	4299	4221	4292	4286	4269	4237	4226	4271	4376	4313	4257	4187	4332	4306	4307	4237	4236	4193	4311	447.0762105
4199	4287	4310	4229	4155	4163	4273	4153	4217	4236	4186	4284	4293	4275	4252	4214	4198	4325	4203	4276	4291	4309	4191	4248	4205	4222	4174	4308	4244	4176	4221	4307	4319	4279	4273	4228	4226	4288	4224	4269	4245	4134	4216	4283	4229	4244	4218	4227	4252	4309	4266	4183	4251	4253	4345	4183	4229	4265	4238	4328	4231	4324	4163	4336	4285	4251	4512	4549	4507	4297	4298	4277	4197	4241	4278	4220	4282	4321	4286	4325	4325	4256	4174	4307	4327	4287	4272	4229	4235	4279	4258	4270	4322	4149	4410	4329	450.4294444
4303	4341	4332	4296	4383	4202	4358	4293	4248	4320	4319	4289	4323	4285	4290	4300	4443	4396	4247	4353	4246	4284	4334	4284	4333	4373	4323	4365	4435	4447	4421	4314	4387	4342	4344	4324	4386	4267	4220	4312	4427	4378	4270	4311	4375	4393	4334	4241	4346	4352	4299	4294	4236	4304	4409	4391	4359	4247	4378	4364	4407	4371	4304	4306	4406	4483	4566	4551	4575	4344	4323	4352	4296	4351	4324	4266	4264	4347	4279	4267	4379	4358	4292	4279	4404	4364	4384	4424	4276	4390	4322	4327	4363	4308	4355	4346	453.7808493
4379	4497	4509	4391	4377	4405	4395	4310	4352	4461	4364	4471	4409	4421	4409	4471	4469	4372	4350	4424	4431	4426	4431	4430	4325	4427	4400	4439	4534	4447	4402	4428	4406	4460	4389	4500	4471	4474	4398	4446	4330	4357	4531	4471	4442	4382	4497	4345	4430	4471	4506	4489	4415	4446	4404	4380	4431	4415	4430	4433	4421	4557	4437	4436	4411	4441	4739	4715	4688	4461	4413	4465	4402	4409	4428	4475	4372	4421	4437	4422	4488	4366	4441	4385	4489	4545	4495	4423	4388	4495	4349	4424	4372	4380	4368	4493	457.1304266
4353	4389	4440	4376	4310	4366	4326	4338	4382	4454	4309	4254	4452	4429	4308	4343	4349	4371	4383	4341	4430	4386	4299	4438	4353	4367	4267	4394	4443	4400	4388	4412	4398	4503	4466	4526	4471	4412	4320	4437	4360	4357	4352	4396	4480	4333	4350	4422	4331	4514	4443	4435	4433	4404	4396	4449	4412	4391	4483	4358	4395	4482	4509	4407	4349	4444	4634	4721	4636	4401	4461	4562	4347	4317	4490	4358	4395	4456	4345	4394	4471	4321	4407	4376	4447	4444	4397	4500	4452	4469	4437	4409	4430	4382	4426	4350	460.4781778
4251	4233	4221	4227	4201	4181	4291	4115	4280	4281	4305	4260	4327	4299	4324	4289	4255	4291	4203	4331	4350	4256	4303	4248	4256	4322	4282	4327	4331	4267	4282	4407	4351	4369	4289	4321	4209	4282	4246	4283	4347	4248	4289	4286	4258	4252	4295	4371	4306	4338	4322	4283	4345	4217	4250	4385	4247	4272	4400	4191	4372	4341	4327	4307	4348	4270	4525	4551	4556	4304	4278	4363	4251	4267	4326	4348	4296	4326	4358	4247	4224	4209	4214	4247	4334	4329	4237	4272	4338	4331	4334	4202	4330	4335	4307	4311	463.8090368
4026	4073	4060	4093	4143	4019	4043	4089	4083	4067	4047	4065	4077	4097	4074	4039	4072	4093	4111	4092	4169	4124	3981	4158	4107	4024	4088	4036	4180	4102	4054	4167	4124	4119	4121	4224	4104	4024	4131	4090	4085	4086	4091	4136	4060	4141	4090	4118	4086	4116	4125	4119	4003	4043	4066	4106	4122	4174	4083	4270	4133	4121	4140	4175	4047	4134	4345	4284	4406	4112	4126	4152	4019	4141	4133	4121	4076	4106	4081	4121	4069	4069	4034	4127	4174	4131	4186	4137	4213	4177	4124	4132	4059	4130	4145	4033	467.1531487
3942	4025	3984	3945	3941	3890	4005	4027	3953	4057	3954	4009	3981	4010	3920	3902	4059	3956	4018	3870	4039	3907	3948	3871	3963	3970	3908	3957	3943	3907	3994	3941	4024	3973	3970	3954	3937	3957	3915	3966	3983	3983	3913	4013	3942	3910	3960	3950	4076	3986	3974	3923	4009	4042	3987	3950	3926	3990	3942	3919	3890	4028	3965	3936	3899	3952	4190	4219	4124	3981	4023	4005	3972	4038	3950	3940	4026	3992	3897	3967	3981	3953	3935	3926	4062	4052	4075	4014	3953	4074	3976	3959	3934	3966	3887	3978	470.4803876
3762	3812	3879	3802	3788	3759	3740	3833	3769	3856	3879	3868	3806	3818	3817	3852	3910	3773	3769	3860	3821	3771	3813	3787	3809	3762	3766	3862	3875	3855	3837	3871	3840	3923	3945	3911	3784	3851	3857	3856	3785	3780	3807	3850	3737	3869	3761	3837	3858	3864	3845	3790	3917	3864	3839	3806	3854	3768	3828	3924	3900	3873	3798	3804	3910	3880	4025	4093	4042	3854	3843	3902	3906	3860	3859	3866	3820	3866	3886	3827	3840	3742	3790	3809	3844	3921	3882	3844	3858	3902	3812	3805	3877	3856	3846	3833	473.8058228
3782	3827	3730	3749	3789	3720	3764	3654	3676	3758	3780	3736	3753	3806	3770	3849	3734	3759	3773	3737	3837	3715	3737	3742	3744	3800	3704	3714	3768	3860	3739	3792	3730	3875	3745	3793	3781	3714	3724	3783	3667	3852	3740	3791	3762	3751	3743	3732	3804	3796	3795	3733	3782	3791	3734	3767	3692	3808	3710	3717	3733	3794	3768	3790	3819	3756	4022	4011	4047	3852	3832	3788	3833	3781	3763	3758	3747	3719	3803	3801	3816	3793	3772	3680	3794	3834	3889	3862	3764	3750	3856	3751	3780	3661	3765	3760	477.1294557
3652	3714	3740	3609	3650	3746	3646	3710	3733	3702	3746	3660	3782	3777	3659	3716	3800	3671	3811	3731	3769	3727	3788	3798	3734	3686	3737	3796	3753	3786	3752	3678	3707	3714	3690	3777	3674	3662	3665	3736	3755	3772	3744	3752	3677	3686	3732	3682	3724	3767	3697	3732	3702	3740	3683	3764	3703	3815	3791	3719	3755	3762	3717	3726	3730	3721	3910	4021	3916	3724	3675	3790	3668	3665	3673	3744	3732	3761	3741	3766	3636	3738	3660	3650	3776	3862	3697	3717	3771	3721	3753	3726	3747	3721	3745	3738	480.4512878
3634	3692	3564	3673	3783	3692	3606	3645	3756	3750	3636	3653	3743	3663	3684	3719	3697	3626	3644	3594	3779	3686	3718	3591	3681	3706	3678	3640	3669	3622	3668	3643	3706	3734	3736	3770	3676	3671	3732	3666	3600	3655	3712	3616	3799	3641	3708	3643	3711	3710	3762	3641	3708	3645	3681	3663	3668	3736	3777	3761	3582	3696	3708	3749	3709	3602	4019	3936	3888	3710	3691	3636	3711	3717	3735	3781	3637	3662	3664	3768	3647	3640	3749	3625	3659	3704	3731	3708	3692	3709	3676	3677	3670	3833	3695	3640	483.7713206
3633	3731	3685	3649	3674	3713	3650	3595	3646	3733	3677	3674	3654	3681	3716	3703	3676	3675	3694	3688	3786	3690	3724	3587	3771	3715	3715	3718	3678	3641	3701	3602	3690	3821	3786	3643	3667	3672	3687	3636	3653	3794	3656	3704	3777	3673	3649	3649	3628	3734	3671	3663	3741	3717	3615	3713	3730	3714	3704	3545	3676	3820	3746	3742	3709	3783	3902	3899	3918	3752	3641	3734	3721	3700	3686	3699	3652	3678	3702	3709	3756	3751	3700	3639	3743	3704	3750	3692	3762	3773	3784	3719	3717	3813	3745	3654	487.0895555
3711	3665	3742	3783	3744	3656	3645	3594	3626	3773	3711	3733	3750	3633	3742	3655	3697	3764	3705	3681	3606	3691	3697	3702	3732	3667	3700	3771	3707	3602	3669	3741	3671	3772	3661	3710	3680	3636	3720	3661	3723	3752	3770	3760	3714	3608	3732	3707	3766	3683	3715	3638	3692	3695	3747	3715	3812	3726	3667	3665	3650	3700	3629	3740	3667	3762	3949	3973	3994	3778	3833	3766	3695	3801	3686	3781	3705	3664	3689	3632	3681	3754	3701	3818	3785	3717	3713	3752	3645	3744	3706	3760	3704	3715	3698	3734	490.4059939
3665	3716	3639	3724	3701	3646	3664	3701	3662	3742	3807	3769	3662	3740	3668	3682	3677	3697	3818	3607	3731	3695	3658	3711	3753	3674	3734	3832	3744	3746	3772	3741	3726	3766	3820	3737	3674	3667	3652	3723	3754	3767	3638	3679	3688	3708	3660	3715	3777	3737	3765	3658	3679	3650	3737	3773	3682	3735	3769	3792	3771	3747	3710	3789	3792	3682	3909	3878	4021	3863	3759	3700	3708	3776	3761	3679	3723	3751	3726	3808	3675	3673	3697	3719	3786	3802	3766	3726	3682	3777	3711	3720	3697	3682	3747	3755	493.7206374
3722	3757	3719	3754	3759	3722	3688	3792	3739	3771	3764	3813	3770	3662	3815	3837	3755	3850	3757	3754	3770	3782	3727	3671	3724	3773	3748	3760	3857	3801	3707	3750	3787	3807	3745	3799	3747	3702	3750	3743	3869	3743	3797	3722	3825	3815	3804	3776	3806	3770	3806	3791	3777	3816	3838	3812	3775	3746	3702	3745	3761	3798	3811	3787	3801	3738	4082	4017	4123	3726	3831	3690	3787	3743	3706	3784	3780	3677	3706	3760	3757	3772	3802	3693	3872	3912	3793	3795	3864	3776	3695	3863	3763	3812	3807	3674	497.0185011
3788	3811	3923	3836	3832	3782	3781	3817	3781	3949	3792	3912	3858	3900	3867	3854	3889	3794	3879	3824	3865	3875	3763	3864	3823	3926	3875	3852	3903	3795	3976	3907	3872	3852	3853	3881	3868	3765	3845	3774	3866	3918	3881	3877	3775	3744	3885	3823	3820	3882	4020	3904	3847	3895	3909	3906	3847	3880	3875	3847	3784	3885	3881	3910	3915	3919	4179	4022	4146	3952	3941	3960	3846	3819	3963	3851	3867	3809	3893	3851	3860	3874	3953	3820	3886	3969	3977	3858	3903	3821	3870	3852	3916	3911	3869	3886	500.3295671
4000	4043	3942	3923	3889	3934	3972	3870	3961	4008	3997	3972	3932	3892	4052	3935	4063	3987	3984	3889	4031	4024	3946	4000	3899	3976	4003	3985	3952	4006	3906	4046	4044	3965	4081	4043	3875	3869	3977	3921	3977	3978	4022	3925	4034	3975	3939	3999	3923	3953	3993	3990	3970	3937	3940	4013	3966	3991	3950	4039	3914	4031	4008	4038	3953	3940	4180	4146	4262	4065	4055	3967	3914	4045	4009	3942	3958	3854	4000	3889	4013	4025	3980	4020	4075	4013	4096	3949	3964	3994	3916	4014	3951	3975	3941	3973	503.6238724
4061	4119	4180	4091	4026	4121	4041	4189	4068	4096	4150	4044	4023	4177	4135	4109	4104	4140	4133	4160	4137	4118	4227	4107	4103	4138	4125	4190	4143	4194	4126	4118	4083	4048	4091	4191	4047	4024	4083	4128	4200	4129	4084	4213	4052	4123	4059	4096	4119	4163	4175	4172	4046	4090	4180	4142	4014	4024	4205	4149	4145	4111	4135	4200	4119	4085	4341	4383	4456	4149	4134	4210	4100	4174	4160	4098	4194	4101	4165	4054	4125	4157	4179	4077	4179	4313	4203	4166	4136	4205	4140	4215	4098	4126	4108	4137	506.9164047
4199	4330	4218	4360	4351	4184	4253	4291	4257	4252	4237	4307	4422	4245	4335	4271	4332	4176	4259	4319	4318	4257	4217	4300	4302	4250	4250	4305	4294	4283	4288	4362	4339	4317	4303	4280	4272	4209	4233	4356	4321	4279	4284	4342	4291	4338	4326	4339	4185	4330	4344	4338	4345	4284	4260	4309	4322	4367	4259	4326	4375	4359	4222	4222	4232	4276	4450	4529	4517	4251	4333	4427	4261	4219	4370	4391	4320	4396	4286	4244	4350	4255	4362	4335	4317	4352	4290	4290	4283	4405	4334	4300	4255	4350	4406	4353	510.2221194
4527	4595	4547	4489	4518	4513	4605	4444	4580	4546	4493	4458	4564	4634	4549	4527	4472	4601	4572	4486	4532	4573	4556	4558	4686	4573	4511	4651	4627	4590	4617	4592	4465	4573	4523	4485	4528	4588	4594	4618	4564	4506	4557	4560	4568	4523	4602	4655	4529	4525	4436	4695	4514	4616	4554	4555	4523	4451	4587	4493	4545	4530	4581	4636	4531	4532	4812	4702	4888	4624	4551	4584	4520	4560	4498	4505	4451	4582	4575	4575	4590	4561	4576	4572	4573	4601	4561	4507	4583	4601	4567	4624	4498	4502	4534	4489	513.5111019
4901	4838	4833	4920	4885	4777	4885	4780	4975	4925	4917	4903	4853	4905	4867	4793	4890	4863	4831	4849	4819	4872	4889	4838	4891	4816	4842	4837	4944	4862	4966	4884	4876	4932	4870	4831	4851	4950	4875	4876	4991	4776	4888	4869	4835	4763	4949	4994	4870	4972	4990	4811	4830	4862	4941	4948	4812	4901	4866	4920	4877	4881	4922	4884	4936	4923	5166	5200	5195	4923	4972	4867	4882	4924	4928	4902	4973	4937	4959	4883	4906	4829	4929	4824	4969	4935	4938	4876	4944	4907	5002	4937	4840	5005	4932	4885	516.7983157
5070	5247	5143	5027	5241	5201	5186	5151	5120	5211	5145	5170	5152	5248	5241	5116	5079	5287	5302	5163	5227	5134	5280	5167	5129	5166	5188	5230	5197	5242	5241	5192	5174	5218	5259	5216	5184	5269	5184	5186	5160	5097	5219	5252	5246	5193	5220	5194	5178	5156	5256	5156	5303	5247	5217	5184	5207	5154	5165	5198	5117	5307	5262	5235	5260	5307	5435	5449	5512	5268	5108	5201	5336	5274	5217	5203	5297	5141	5120	5150	5186	5109	5159	5184	5190	5212	5186	5161	5153	5280	5256	5294	5204	5246	5184	5197	520.0837622
5155	5170	5131	5104	5195	5195	5141	5199	5143	5104	5171	5116	5142	5143	5211	5183	5079	5198	5197	5085	5294	5229	5139	5082	5161	5157	5218	5198	5129	5169	5260	5083	5094	5354	5152	5180	5079	5129	5196	5182	5216	5172	5204	5259	5172	5162	5179	5076	5166	5317	5248	5191	5263	5175	5196	5146	5149	5172	5216	5314	5206	5119	5103	5198	5279	5171	5326	5415	5409	5275	5142	5207	5224	5262	5132	5142	5223	5203	5090	5133	5214	5082	5159	5134	5167	5153	5183	5244	5069	5248	5143	5102	5178	5185	5202	5200	523.3525211
4952	4903	4923	4829	4883	4824	4875	4873	4833	4969	4866	4898	4773	4958	4909	4904	4947	4888	4873	4916	4938	4928	4920	4965	4822	4882	4935	4919	5015	4916	4916	4937	4995	4955	4898	4957	4884	4873	4919	4904	4956	4848	4880	4904	5062	4974	4950	4884	4861	4940	4925	4839	4875	4985	4946	4905	4963	4895	4980	4881	4926	4968	4912	4954	4879	4917	5268	5182	5186	5007	4942	4987	4998	4856	4935	4957	4930	4868	4945	4992	4859	4950	4844	4910	4925	4926	5025	4999	5028	4982	5008	5003	4957	4990	4858	4886	526.6344453
4546	4609	4488	4628	4651	4667	4485	4543	4632	4587	4494	4619	4567	4621	4563	4538	4548	4576	4515	4470	4615	4547	4524	4499	4665	4664	4572	4596	4606	4679	4593	4538	4566	4710	4683	4518	4552	4568	4584	4580	4552	4516	4627	4526	4632	4580	4672	4514	4675	4621	4571	4606	4547	4650	4689	4635	4528	4566	4593	4578	4557	4667	4697	4584	4600	4575	4845	4745	4893	4641	4608	4664	4652	4539	4584	4647	4584	4573	4585	4530	4563	4671	4611	4615	4667	4679	4621	4581	4572	4512	4506	4595	4631	4654	4623	4669	529.9146065
4291	4413	4286	4310	4255	4331	4321	4320	4346	4314	4337	4299	4395	4408	4290	4260	4383	4357	4346	4342	4315	4300	4356	4419	4317	4287	4320	4428	4356	4388	4316	4325	4394	4409	4439	4373	4214	4373	4369	4385	4319	4398	4341	4339	4382	4308	4342	4414	4446	4359	4383	4356	4344	4387	4379	4354	4439	4384	4386	4427	4245	4414	4394	4439	4377	4280	4611	4572	4570	4399	4324	4382	4318	4267	4318	4345	4437	4271	4417	4272	4420	4390	4325	4401	4302	4412	4425	4372	4313	4386	4378	4391	4434	4437	4490	4378	533.1781082
4097	4093	4120	4160	4035	4010	4139	4093	4114	4128	4092	4191	4089	4087	4190	4055	4136	4207	4057	4071	4147	4073	4211	4180	4089	4141	4154	4224	4171	4134	4103	4106	4086	4229	4110	4180	4153	4187	4082	4194	4086	4161	4100	4144	4098	4147	4115	4141	4182	4225	4187	4125	4113	4130	4040	4144	4111	4184	4169	4161	4104	4149	4123	4238	4122	4188	4372	4324	4368	4110	4198	4231	4186	4114	4184	4203	4053	4196	4192	4065	4132	4128	4046	4059	4170	4191	4236	4147	4188	4116	4062	4148	4196	4109	4122	4036	536.4547556
3959	3876	3970	3941	4013	3970	3939	3911	3969	4043	3921	3971	4015	3919	3966	3924	3924	3877	3849	4005	3948	3960	3977	4006	3929	3909	3940	3956	3919	3965	3984	3869	3958	3986	4021	4026	3930	3906	3878	3915	3937	3888	3970	3929	3930	4029	3906	3946	3975	3992	3977	3949	3997	3979	3941	3921	3947	3927	3902	3931	3972	4004	3988	4031	3940	3906	4214	4139	4281	3944	3984	4025	4051	4058	3936	3946	3932	3968	3999	3958	4041	3977	3907	4053	3926	4062	3983	3958	3937	4007	3933	3961	3974	3910	4045	4017	539.7147624
3681	3778	3676	3794	3764	3789	3750	3732	3816	3839	3759	3827	3770	3785	3841	3796	3796	3727	3869	3856	3763	3761	3855	3773	3737	3784	3739	3757	3830	3881	3789	3834	3747	3858	3838	3734	3785	3765	3714	3725	3803	3887	3762	3786	3824	3772	3806	3816	3802	3808	3825	3795	3766	3757	3784	3807	3808	3862	3820	3853	3799	3837	3779	3772	3822	3780	4035	4049	3965	3899	3862	3901	3835	3871	3730	3784	3743	3847	3842	3803	3821	3815	3802	3657	3869	3916	3929	3829	3845	3835	3781	3762	3758	3835	3811	3792	542.9730277
3629	3705	3667	3589	3706	3683	3670	3715	3675	3704	3747	3669	3663	3688	3687	3689	3697	3650	3725	3728	3664	3735	3715	3763	3631	3804	3738	3697	3709	3775	3766	3792	3720	3736	3781	3709	3713	3656	3747	3698	3675	3598	3705	3665	3716	3723	3718	3746	3774	3760	3711	3627	3763	3636	3631	3722	3700	3735	3745	3735	3655	3764	3781	3693	3710	3665	3949	3935	3927	3754	3821	3760	3766	3813	3687	3727	3645	3792	3656	3644	3604	3695	3712	3699	3728	3738	3714	3686	3818	3722	3744	3725	3696	3665	3675	3671	546.229553
3593	3673	3599	3591	3626	3656	3644	3617	3578	3678	3637	3637	3625	3630	3561	3621	3665	3594	3679	3679	3631	3660	3699	3581	3721	3604	3611	3607	3745	3694	3663	3614	3604	3674	3677	3617	3620	3706	3557	3639	3691	3643	3642	3620	3648	3549	3681	3698	3611	3696	3652	3631	3644	3641	3609	3598	3615	3689	3623	3682	3622	3668	3680	3675	3667	3652	3827	3937	3799	3714	3634	3652	3685	3542	3531	3626	3631	3747	3640	3709	3626	3655	3654	3637	3664	3658	3735	3693	3692	3643	3677	3680	3710	3642	3588	3605	549.4843396
3635	3675	3684	3582	3665	3541	3574	3581	3611	3728	3686	3632	3578	3678	3633	3604	3629	3647	3620	3646	3611	3684	3691	3581	3680	3659	3651	3662	3615	3626	3637	3599	3692	3651	3617	3576	3586	3558	3629	3656	3647	3626	3664	3731	3628	3611	3646	3598	3660	3701	3754	3653	3605	3582	3657	3642	3653	3750	3618	3624	3622	3611	3591	3629	3657	3636	3934	3937	3848	3702	3691	3642	3639	3614	3652	3608	3629	3591	3632	3667	3606	3606	3585	3653	3681	3643	3670	3574	3607	3590	3721	3613	3709	3574	3687	3679	552.737389
3615	3663	3588	3481	3621	3656	3547	3569	3581	3685	3576	3669	3612	3704	3605	3583	3635	3569	3665	3630	3604	3599	3616	3597	3656	3670	3747	3645	3650	3637	3554	3640	3605	3610	3645	3589	3578	3606	3581	3640	3659	3621	3586	3643	3622	3670	3620	3623	3761	3646	3746	3602	3683	3653	3630	3667	3558	3645	3619	3648	3598	3639	3669	3654	3700	3592	3879	3808	3830	3661	3536	3669	3615	3633	3692	3607	3658	3607	3609	3675	3628	3602	3616	3613	3667	3721	3640	3596	3675	3732	3564	3733	3686	3581	3564	3697	555.9887025
3550	3625	3607	3641	3516	3614	3579	3596	3594	3630	3653	3648	3578	3609	3583	3522	3641	3619	3632	3567	3627	3643	3656	3671	3644	3573	3661	3699	3695	3681	3610	3641	3635	3744	3647	3722	3508	3664	3576	3619	3555	3586	3701	3557	3598	3552	3628	3614	3653	3549	3646	3679	3617	3588	3706	3670	3676	3631	3594	3635	3530	3594	3622	3690	3567	3639	3803	4029	3846	3653	3664	3725	3591	3632	3624	3582	3599	3612	3586	3696	3646	3635	6097	3606	3702	3740	3669	3653	3596	3611	3576	3627	3594	3650	3583	3701	559.2382816
3556	3636	3503	3632	3620	3648	3668	3598	3565	3621	3647	3641	3588	3650	3560	3673	3611	3561	3585	3640	3498	3580	3629	3648	3639	3630	3707	3660	3689	3578	3513	3634	3618	3543	3563	3603	3553	3585	3587	3637	3645	3705	3513	3688	3658	3572	3511	3564	3608	3642	3662	3593	3632	3587	3561	3677	3627	3615	3704	3627	3695	3680	3580	3638	3593	3563	3882	3868	3859	3657	3651	3723	3645	3673	3675	3527	3714	3578	3716	3596	3658	3699	3683	3615	3743	3651	3648	3654	3692	3697	3685	3695	3652	3569	3621	3612	562.4861276
3569	3512	3633	3639	3589	3592	3557	3544	3622	3653	3597	3618	3553	3618	3579	3619	3574	3661	3669	3597	3637	3639	3591	3573	3600	3541	3626	3626	3646	3585	3615	3557	3592	3573	3574	3649	3528	3566	3617	3714	3609	3599	3644	3633	3582	3601	3597	3622	3680	3672	3623	3596	3614	3659	3629	3589	3534	3650	3687	3570	3513	3560	3702	3586	3607	3652	3951	3862	3804	3622	3652	3681	3614	3572	3573	3579	3635	3629	3606	3669	3543	3591	3582	3573	3685	3599	3661	3633	3719	3672	3669	3633	3595	3655	3670	3595	565.7174233
3647	3618	3590	3499	3642	3598	3565	3593	3579	3648	3621	3611	3549	3567	3620	3535	3637	3548	3555	3597	3615	3560	3643	3606	3612	3636	3621	3637	3653	3648	3560	3631	3706	3569	3649	3676	3511	3528	3552	3598	3598	3586	3653	3583	3654	3565	3594	3525	3566	3589	3656	3550	3582	3654	3562	3568	3620	3616	3639	3634	3580	3634	3593	3652	3534	3576	3748	3756	3796	3650	3657	3603	3562	3577	3595	3586	3675	3594	3528	3542	3631	3659	3628	3595	3679	3594	3668	3614	3637	3596	3658	3686	3664	3553	3643	3530	568.9618152
3676	3603	3548	3596	3548	3569	3628	3593	3625	3677	3634	3657	3599	3587	3663	3636	3666	3582	3659	3595	3631	3620	3648	3567	3649	3570	3679	3673	3582	3739	3686	3624	3680	3666	3615	3634	3568	3583	3595	3648	3573	3536	3544	3554	3568	3657	3634	3615	3620	3602	3577	3690	3663	3626	3562	3574	3527	3647	3707	3629	3587	3731	3622	3654	3614	3607	3786	3845	3860	3622	3662	3675	3600	3614	3680	3588	3627	3626	3664	3580	3728	3577	3541	3549	3600	3626	3656	3573	3607	3653	3690	3593	3607	3624	3626	3551	572.1896754
3599	3748	3586	3628	3622	3662	3552	3722	3659	3638	3658	3714	3638	3650	3613	3684	3695	3631	3621	3633	3609	3721	3622	3695	3629	3677	3768	3682	3724	3641	3594	3623	3686	3710	3667	3704	3637	3720	3649	3665	3709	3642	3625	3669	3712	3623	3649	3660	3686	3717	3729	3686	3623	3671	3550	3669	3600	3624	3720	3697	3730	3653	3662	3567	3747	3599	3857	3806	3853	3776	3636	3699	3630	3598	3644	3651	3713	3632	3665	3745	3655	3668	3672	3650	3750	3747	3709	3624	3719	3664	3614	3710	3657	3674	3643	3740	575.4158238
3672	3823	3735	3813	3672	3758	3826	3681	3788	3751	3838	3753	3728	3662	3756	3732	3705	3765	3746	3793	3775	3836	3761	3778	3803	3768	3690	3728	3842	3820	3721	3686	3801	3687	3770	3734	3709	3775	3735	3809	3692	3749	3819	3763	3735	3726	3749	3625	3739	3768	3769	3773	3783	3702	3843	3685	3781	3759	3787	3798	3828	3787	3743	3811	3783	3758	3983	3956	4059	3744	3868	3774	3714	3806	3793	3820	3796	3744	3776	3805	3775	3822	3845	3818	3796	3770	3861	3816	3823	3821	3785	3688	3822	3751	3756	3803	578.6402617
3837	3863	3856	3908	3774	3813	3906	3933	3871	3872	3876	3840	3898	3854	3939	3943	3863	3804	3893	3837	3932	3843	3818	3826	3860	3817	3878	3936	3899	3990	3880	3898	3848	3889	3803	3891	3897	3843	3908	3910	3927	4008	3820	3908	3888	3940	3898	3820	3941	3894	3930	3889	3898	3932	3890	3832	3882	3939	3873	3869	3921	3846	3905	3848	4008	3980	4020	4136	4099	3927	3858	3929	3894	3911	3957	3912	3971	3949	3899	3942	3840	3790	3906	3888	3984	3928	3828	3910	3864	3859	3935	3840	3845	3850	3852	3891	581.8629905
3926	4013	4011	3926	4041	4037	3993	4011	4061	3998	4013	4037	4024	4024	4029	4051	4083	3981	3980	4029	4070	4058	3993	4012	4056	3980	3954	4090	4041	4034	3986	4009	3986	3969	4029	3994	3935	4015	3939	4007	4005	3976	4063	3957	4085	3944	3931	4017	4007	4048	3958	3999	4171	4010	3925	4009	4038	4053	4019	4001	4005	4026	4057	4078	4094	4045	4197	4159	4267	4046	4057	3997	4034	4063	3982	4023	4052	4056	4030	4011	4063	4031	3973	4026	4031	4083	4129	4021	4109	4112	4102	3959	3986	4038	4057	4006	585.0840116
4155	4154	4103	4122	4117	4057	4118	4170	4151	4143	4085	4209	4163	4121	4203	4157	4157	4111	4156	4090	4117	4024	4125	4172	4215	4146	4087	4147	4204	4190	4195	4102	4131	4180	4202	4115	4219	4132	4027	4220	4226	4191	4174	4136	4112	4158	4179	4057	4179	4165	4194	4144	4185	4172	4122	4208	4178	4200	4202	4099	4147	4098	4069	4200	4184	4098	4312	4354	4401	4262	4137	4216	4097	4269	4095	4199	4123	4239	4172	4084	4180	4115	4077	4078	4170	4260	4148	4294	4241	4129	4089	4161	4185	4178	4164	4104	588.3033263
4277	4338	4187	4222	4211	4209	4287	4307	4286	4296	4310	4219	4287	4259	4327	4248	4306	4375	4290	4323	4379	4202	4213	4335	4299	4363	4163	4284	4351	4309	4335	4222	4295	4364	4233	4257	4229	4303	4257	4289	4344	4266	4341	4375	4302	4239	4326	4347	4284	4261	4297	4311	4349	4318	4316	4329	4289	4220	4222	4294	4284	4320	4207	4302	4346	4327	4545	4507	4477	4344	4301	4393	4281	4280	4263	4307	4296	4240	4327	4324	4243	4268	4232	4268	4308	4383	4348	4340	4316	4329	4317	4242	4314	4338	4379	4273	591.5209359
4434	4434	4400	4356	4280	4385	4253	4350	4426	4440	4316	4404	4353	4497	4301	4367	4437	4447	4506	4425	4384	4385	4370	4427	4386	4502	4452	4451	4507	4538	4430	4528	4399	4375	4395	4520	4389	4462	4335	4389	4314	4409	4517	4453	4456	4473	4369	4387	4474	4357	4471	4495	4458	4426	4396	4346	4446	4525	4417	4390	4384	4369	4477	4475	4445	4382	4575	4625	4604	4450	4412	4471	4337	4316	4321	4404	4399	4308	4461	4425	4435	4461	4348	4393	4529	4510	4498	4537	4410	4488	4411	4431	4378	4422	4421	4488	594.7368419
4481	4479	4463	4414	4533	4362	4493	4457	4452	4405	4428	4462	4469	4444	4555	4508	4502	4456	4449	4434	4518	4555	4487	4515	4553	4523	4528	4528	4453	4526	4564	4486	4577	4538	4503	4474	4516	4443	4500	4510	4522	4512	4467	4453	4510	4529	4593	4547	4518	4414	4570	4463	4469	4473	4559	4492	4425	4544	4467	4499	4457	4627	4494	4534	4524	4603	4792	4740	4690	4518	4533	4560	4441	4538	4538	4528	4443	4497	4407	4507	4463	4561	4434	4536	4579	4562	4513	4481	4592	4455	4499	4590	4456	4508	4499	4490	597.9363055
4499	4485	4566	4409	4481	4510	4441	4473	4419	4398	4475	4485	4501	4484	4470	4484	4491	4504	4611	4484	4511	4454	4541	4446	4497	4519	4553	4528	4515	4471	4519	4526	4457	4444	4665	4543	4543	4549	4547	4604	4534	4493	4494	4576	4484	4531	4534	4532	4524	4573	4535	4564	4510	4543	4548	4509	4442	4528	4558	4534	4405	4504	4627	4565	4432	4530	4749	4722	4654	4615	4539	4489	4537	4504	4634	4528	4526	4624	4569	4547	4572	4531	4491	4545	4491	4643	4583	4578	4581	4452	4444	4597	4480	4527	4469	4554	601.148816
4540	4619	4593	4578	4560	4471	4576	4525	4547	4622	4469	4483	4464	4541	4497	4533	4587	4528	4485	4518	4578	4561	4556	4500	4524	4494	4560	4526	4540	4590	4508	4627	4498	4512	4509	4567	4434	4530	4560	4591	4571	4569	4552	4553	4558	4479	4626	4570	4640	4590	4505	4592	4581	4596	4508	4518	4599	4534	4629	4478	4598	4557	4517	4509	4450	4556	4752	4818	4735	4586	4676	4593	4552	4474	4535	4561	4688	4596	4480	4603	4549	4586	4520	4577	4668	4515	4583	4469	4588	4475	4560	4616	4661	4616	4676	4572	604.3449022
4650	4630	4673	4592	4617	4552	4726	4677	4694	4683	4653	4669	4727	4658	4610	4716	4625	4735	4735	4807	4637	4646	4646	4600	4756	4719	4692	4691	4734	4750	4688	4726	4793	4658	4787	4638	4711	4595	4684	4628	4671	4693	4568	4647	4671	4703	4582	4633	4754	4719	4724	4694	4663	4641	4858	4730	4729	4641	4692	4630	4658	4723	4682	4816	4771	4703	4906	4869	4906	4768	4802	4746	4659	4676	4635	4709	4712	4733	4705	4674	4701	4588	4651	4648	4640	4709	4848	4761	4686	4665	4682	4706	4717	4748	4654	4704	607.5540226
4960	4941	4912	4890	4915	4893	4945	4950	4896	4936	5008	4854	4998	4872	4940	4931	4887	4910	4997	4993	5085	4981	4902	4898	4940	4933	4847	4908	4971	5030	4946	5005	4877	4934	4973	5025	4894	4958	4877	4890	4926	4949	4950	4913	5058	4927	4923	4945	4954	4992	4982	4913	4928	4889	4934	4998	4912	5017	4996	4946	5048	4998	5036	4910	4900	4954	5196	5103	5222	4862	5029	4907	5043	4961	4868	4898	4946	4925	4825	4883	4970	4920	4896	4936	5021	5040	5048	4905	4860	4914	4864	4944	4979	4961	4923	4922	610.746737
5261	5214	5395	5304	5233	5250	5251	5240	5261	5309	5373	5265	5301	5310	5254	5268	5326	5348	5239	5274	5284	5313	5313	5263	5243	5262	5232	5288	5254	5289	5348	5268	5332	5342	5346	5335	5274	5340	5318	5293	5284	5337	5276	5389	5281	5359	5303	5258	5225	5441	5293	5215	5342	5309	5314	5271	5320	5381	5253	5286	5222	5352	5353	5322	5345	5305	5558	5502	5459	5373	5329	5362	5245	5261	5378	5208	5381	5403	5319	5219	5348	5238	5354	5175	5342	5407	5281	5393	5225	5381	5363	5370	5248	5320	5309	5278	613.9377713
5731	5729	5734	5764	5744	5691	5643	5652	5635	5726	5689	5789	5769	5760	5739	5706	5780	5771	5712	5556	5712	5706	5776	5754	5719	5647	5791	5752	5723	5731	5747	5621	5673	5778	5636	5837	5588	5753	5703	5669	5835	5722	5633	5775	5816	5709	5743	5627	5758	5652	5714	5725	5614	5725	5648	5696	5714	5705	5669	5712	5656	5676	5681	5780	5697	5726	5809	5967	5964	5717	5828	5627	5793	5775	5725	5751	5828	5639	5707	5798	5635	5760	5800	5817	5838	5778	5797	5676	5750	5777	5817	5705	5675	5777	5734	5879	617.1271269
6055	6083	6111	6234	6195	6129	6150	6015	6149	6172	6128	6084	6011	6162	6194	6113	6277	6110	6102	6121	6152	6080	6150	6116	6175	6116	6077	6141	6141	6127	6100	6093	6050	6186	6034	6089	6132	6167	6097	6105	6032	6205	6120	6253	6048	6121	6177	6210	6128	6120	6166	6127	6183	6110	6086	6130	6207	6086	6220	6149	6055	6250	6190	6127	6245	6047	6375	6359	6329	6124	6145	6226	6168	6196	6054	6192	6077	6094	6143	6124	6216	6153	6113	6098	6287	6283	6270	6301	6043	6176	6205	6072	6148	6147	6175	6104	620.3148051
6439	6599	6381	6458	6493	6518	6494	6325	6430	6374	6503	6410	6465	6476	6563	6485	6486	6450	6532	6351	6594	6488	6476	6584	6384	6537	6521	6471	6721	6550	6542	6468	6558	6452	6597	6468	6419	6397	6486	6497	6607	6506	6538	6491	6552	6461	6462	6472	6555	6455	6537	6413	6488	6496	6591	6556	6589	6477	6448	6442	6462	6586	6537	6636	6553	6587	6785	6601	6745	6380	6499	6661	6552	6590	6414	6520	6696	6537	6424	6525	6437	6581	6451	6528	6604	6544	6500	6502	6576	6631	6503	6528	6522	6449	6547	6510	623.5008071
6862	6801	6747	6739	6762	6737	6690	6781	6702	6870	6799	6710	6812	6739	6843	6760	6759	6806	6715	6854	6763	6759	6755	6771	6736	6851	6794	6817	6764	6788	6690	6814	6841	6888	6640	6769	6726	6839	6707	6907	6724	6786	6849	6892	6661	6739	6772	6814	6848	6810	6794	6840	6795	6927	6786	6794	6825	6762	6880	6976	6780	6793	6795	6847	6756	6730	6887	7021	7094	6921	6761	6745	6818	6853	6763	6823	6728	6759	6789	6813	6817	6767	6746	6678	6767	6782	6783	6841	6750	6750	6683	6749	6708	6762	6724	6794	626.6851344
6772	6918	6855	6795	6715	6853	6727	6790	6786	6803	6846	6818	6700	6810	6826	6865	6797	6885	6858	6858	6745	6817	6763	6781	6721	6738	6859	6864	6854	6832	6881	6808	6811	6821	6887	6895	6781	6724	6709	6874	6899	6802	6818	6917	6792	6912	6834	6942	6976	6747	6802	6873	6870	6887	6798	6870	6709	6897	6952	6868	6860	6825	6806	6832	6777	6854	7103	6909	7080	6861	6947	6987	6869	6827	6828	6829	6880	6758	6826	6684	6825	6773	6862	6941	6899	6750	6964	7006	6879	6776	6931	6852	6981	6895	6736	6753	629.8531254
6205	6359	6343	6187	6300	6199	6224	6298	6229	6197	6257	6189	6210	6358	6195	6318	6193	6254	6322	6311	6301	6251	6268	6303	6251	6305	6278	6111	6367	6255	6177	6231	6280	6215	6312	6272	6207	6238	6345	6404	6230	6225	6201	6261	6301	6306	6280	6214	6357	6435	6311	6197	6280	6169	6328	6215	6231	6319	6232	6340	6386	6308	6478	6308	6259	6195	6513	6566	6450	6313	6388	6295	6198	6221	6366	6359	6227	6243	6282	6167	6360	6164	6210	6132	6322	6324	6278	6268	6201	6275	6364	6254	6248	6384	6392	6259	633.0341147
5333	5288	5469	5492	5332	5343	5253	5331	5345	5440	5402	5337	5413	5454	5480	5340	5406	5403	5406	5360	5331	5417	5394	5300	5382	5502	5427	5324	5477	5257	5410	5412	5404	5333	5484	5384	5350	5404	5460	5376	5420	5353	5304	5484	5449	5421	5455	5420	5467	5453	5365	5381	5331	5294	5417	5380	5310	5487	5484	5355	5451	5401	5367	5335	5333	5314	5631	5629	5556	5472	5438	5412	5412	5303	5451	5344	5345	5335	5367	5421	5362	5472	5404	5504	5410	5348	5390	5408	5487	5457	5395	5477	5512	5375	5436	5428	636.1987859
4568	4661	4548	4581	4591	4558	4636	4642	4577	4633	4725	4580	4628	4699	4698	4696	4632	4602	4684	4682	4622	4598	4612	4674	4528	4538	4602	4669	4692	4711	4623	4619	4610	4528	4579	4748	4596	4581	4621	4669	4651	4630	4672	4641	4733	4616	4560	4660	4644	4663	4718	4668	4613	4608	4664	4663	4635	4712	4661	4605	4630	4705	4595	4673	4628	4667	4782	4842	4738	4732	4676	4715	4623	4606	4719	4684	4648	4605	4598	4640	4669	4572	4652	4651	4714	4680	4706	4738	4654	4760	4654	4660	4666	4657	4667	4679	639.3764426
4047	4044	4031	4018	4025	4044	4070	4016	4138	4013	4148	4191	4157	4063	4072	4108	4089	4005	4012	4019	4100	4048	4028	3990	4082	4036	4068	4148	4087	4140	4133	4009	4053	4003	4120	4128	4061	4071	4084	4153	4096	4047	4045	4072	4116	4133	4027	4071	4067	4148	4106	4001	4095	4006	4139	4142	4087	4066	4144	4169	4151	4096	4134	3978	4130	4102	4223	4273	4364	4189	4141	4161	4077	4125	4116	4186	3996	4088	4083	4041	4101	4029	4113	4047	4073	4216	4146	4141	4124	4150	4017	4035	4060	4094	4037	4062	642.537799
3649	3685	3695	3771	3734	3633	3667	3707	3660	3774	3668	3733	3793	3735	3743	3659	3744	3683	3716	3688	3685	3691	3728	3701	3723	3672	3650	3749	3812	3702	3691	3717	3610	3716	3679	3796	3714	3663	3599	3732	3692	3779	3740	3785	3792	3759	3675	3768	3780	3811	3746	3673	3744	3670	3734	3654	3677	3780	3818	3715	3762	3667	3707	3800	3732	3723	3862	3912	3871	3741	3764	3751	3742	3767	3748	3778	3749	3733	3752	3720	3725	3762	3705	3790	3791	3811	3696	3781	3725	3724	3756	3838	3752	3727	3648	3824	645.6975039
3424	3562	3483	3544	3527	3531	3483	3525	3449	3463	3471	3566	3389	3530	3533	3570	3517	3468	3436	3494	3514	3450	3509	3490	3558	3543	3411	3530	3471	3513	3525	3462	3410	3517	3488	3497	3510	3441	3465	3497	3481	3469	3520	3479	3606	3543	3518	3453	3641	3543	3607	3567	3479	3531	3494	3471	3529	3536	3460	3515	3555	3569	3463	3485	3448	3504	3767	3693	3689	3555	3516	3504	3505	3535	3468	3566	3518	3537	3534	3487	3534	3507	3396	3423	3521	3513	3573	3509	3496	3580	3507	3479	3558	3484	3570	3494	648.8555585
3248	3297	3315	3264	3312	3359	3342	3282	3264	3302	3382	3366	3294	3280	3316	3350	3338	3343	3376	3285	3327	3306	3319	3242	3285	3433	3259	3317	3322	3377	3362	3321	3292	3290	3344	3313	3306	3207	3407	3332	3321	3233	3355	3300	3363	3350	3221	3254	3336	3268	3371	3378	3338	3334	3276	3204	3357	3349	3418	3336	3249	3348	3362	3325	3347	3343	3420	3571	3584	3399	3345	3377	3291	3265	3296	3355	3307	3341	3301	3317	3294	3349	3320	3264	3407	3323	3325	3298	3333	3380	3338	3282	3361	3292	3351	3315	652.0119641
3206	3146	3184	3174	3171	3148	3175	3175	3152	3225	3154	3282	3206	3198	3245	3295	3162	3237	3237	3162	3186	3223	3214	3067	3210	3233	3217	3259	3217	3274	3232	3268	3205	3154	3196	3242	3163	3204	3220	3173	3226	3137	3150	3164	3201	3202	3183	3219	3286	3181	3221	3171	3223	3198	3256	3159	3173	3128	3255	3260	3164	3180	3229	3178	3207	3206	3373	3374	3341	3237	3223	3191	3209	3243	3236	3226	3176	3171	3239	3208	3156	3206	3140	3161	3219	3317	3200	3194	3214	3214	3248	3228	3254	3310	3171	3259	655.166722
3044	3109	3066	3087	3081	3060	3045	3171	2977	3159	3154	3141	3041	3077	3045	3144	3077	3088	3019	3106	3133	3128	3133	3089	3129	3110	3093	3143	3066	3093	3133	3082	3057	3146	3128	3118	3113	3097	3015	3024	3144	3040	3107	3183	3163	3054	3131	3127	3063	3129	3100	3106	3076	3179	3128	3091	3084	3098	3102	3164	3174	3118	3099	3074	3120	3117	3306	3274	3345	3128	3167	3087	3100	3106	3123	3084	3076	3067	3039	3161	3057	3142	3035	3124	3124	3106	3126	3136	3128	3177	3088	3214	3126	3019	3150	3028	658.3198335
2930	3043	3013	3051	3021	2968	3014	2974	3071	2978	2979	2927	3059	2977	3056	3035	3014	3031	3079	2933	3001	2915	3013	2978	2974	3047	3044	3033	3061	3037	3056	2969	3087	3040	3022	2992	3005	2966	3037	3021	2999	3051	2953	3017	2951	3063	3040	2976	3027	3061	3020	2987	2935	2953	2999	2990	3017	3050	2993	3045	2979	2996	2977	3004	3017	2991	3207	3244	3169	3077	2959	2998	3072	2982	3049	3018	2998	2955	2923	3055	2996	2972	3001	3017	2983	3085	3095	2984	3034	3070	3012	3069	3038	2971	3045	3020	661.4712999
2917	2943	2951	2947	2849	2935	2950	2891	2974	2965	3004	2986	2971	2942	2943	2938	2980	2974	2952	2924	2947	2950	2941	2977	2934	2977	2963	2957	2996	2993	2970	2976	3072	2983	2918	3028	2907	2941	2886	2959	2992	2981	2957	2960	2900	2933	3012	3023	3011	2972	2988	2984	3029	2948	2919	2980	2929	2999	3105	3039	2924	3034	3031	3032	2941	3043	3180	3127	3072	3017	3035	3029	2917	2965	2948	2933	3018	2991	2971	2992	2976	2921	2926	2931	3061	3023	2961	3048	2981	2998	2973	2948	2985	3002	3029	2899	664.6065438
2937	2945	2958	2956	2868	2828	2996	2917	2987	2877	2974	2889	2882	2942	2907	2945	2927	2909	2885	2917	2958	2961	2912	2889	2970	2916	2963	2926	2955	2941	2920	2898	2917	2991	2972	3014	2859	2893	2851	2921	2865	2957	2906	2879	2898	2882	2861	2970	3015	2912	3024	2985	2921	2948	2922	2987	2952	2925	2907	2930	2939	2975	2916	2942	2907	2909	3061	3123	3080	2911	2919	2936	2987	2923	2905	2898	2877	2898	2941	2954	2908	2889	2913	2889	2961	2949	3002	2945	2972	2893	2932	2927	2913	2886	2929	2936	667.7547314
2851	2902	2882	2902	2832	2807	2881	2812	2825	2878	2903	2838	2850	2856	2939	2881	2904	2844	2868	2859	2854	2854	2892	2948	2927	2825	2897	2832	2887	2941	2900	2957	2957	2887	2848	2871	2832	2877	2859	2813	2942	2835	2910	2834	2859	2861	2893	2929	2944	2929	2847	2837	2925	2922	2901	2836	2835	2891	2891	2879	2919	2978	2848	2883	2855	2904	3075	3100	3139	2928	2884	2964	2888	2830	2848	2911	2920	2864	2943	2907	2816	2876	2874	2784	2879	2942	2955	2904	2881	3011	2839	2881	2917	2951	2863	2850	670.8867142
2774	2863	2899	2913	2799	2823	2935	2900	2828	2910	2848	2874	2903	2956	2854	2886	2924	2849	2835	2950	2902	2826	2899	2832	2885	2895	2957	2905	2910	2895	2844	2857	2884	2961	2984	2882	2935	2852	2850	2948	2824	2899	2899	2878	2882	2857	2821	2926	2876	2868	2898	2850	2828	2828	2978	2916	2877	2827	2842	2877	2941	2867	2791	2873	2860	2829	3094	3069	3066	2916	2887	2908	2822	2883	2877	2857	2852	2957	2935	2901	2882	2905	2838	2824	2888	2882	2911	2878	2943	2833	2935	2871	2831	2888	2874	2873	674.0316282
2822	2856	2890	2811	2783	2846	2846	2843	2790	2841	2848	2825	2839	2754	2807	2839	2806	2826	2935	2857	2838	2907	2788	2796	2872	2926	2911	2853	2858	2856	2827	2786	2857	2839	2882	2781	2730	2799	2804	2780	2860	2776	2903	2894	2907	2744	2776	2839	2807	2856	2848	2873	2774	2857	2806	2849	2880	2849	2822	2872	2875	2885	2809	2937	2872	2912	3064	3014	3121	2886	2870	2894	2868	2828	2824	2792	2842	2816	2858	2914	2814	2805	2820	2835	2947	2865	2879	2946	2840	2915	2849	2910	2771	2841	2782	2846	677.1603551
2870	2869	2838	2790	2843	2873	2796	2837	2806	2760	2865	2841	2880	2870	2826	2801	2801	2767	2850	2822	2903	2816	2882	2881	2897	2847	2735	2895	2801	2757	2792	2811	2899	2872	2835	2839	2826	2802	2765	2784	2849	2770	2762	2791	2821	2850	2826	2809	2925	2799	2841	2762	2800	2818	2829	2856	2886	2863	2845	2837	2851	2749	2877	2828	2727	2802	3057	2924	3021	2829	2849	2807	2827	2842	2786	2768	2793	2885	2886	2854	2811	2836	2815	2820	2931	2832	2798	2827	2830	2797	2814	2853	2792	2862	2861	2838	680.2874596
2776	2848	2848	2813	2741	2814	2799	2765	2854	2892	2802	2806	2863	2856	2902	2872	2784	2805	2774	2783	2846	2806	2832	2852	2776	2817	2794	2829	2970	2909	2794	2783	2885	2846	2832	2850	2774	2816	2783	2877	2842	2766	2802	2841	2796	2815	2793	2839	2835	2859	2832	2805	2860	2826	2921	2835	2911	2865	2906	2819	2819	2828	2793	2901	2797	2844	3010	3033	3097	2830	2908	2846	2850	2799	2773	2840	2758	2792	2822	2885	2811	2829	2841	2890	2848	2833	2883	2902	2884	2858	2823	2835	2866	2854	2800	2817	683.4129431
2841	2849	2867	2913	2779	2865	2829	2824	2867	2941	2838	2886	2840	2798	2866	2883	2840	2863	2807	2909	2863	2861	2828	2919	2870	2870	2849	2865	2911	2840	2864	2833	2870	2814	2833	2897	2873	2829	2811	2915	2894	2926	2934	2883	2904	2897	2860	2865	2969	2857	2872	2885	2867	2810	2825	2904	2855	2805	2921	2918	2905	2797	2981	2790	2932	2925	3091	3048	3081	2889	2913	2876	2878	2887	2864	2861	2881	2925	2881	2841	2874	2833	2835	2820	2843	2911	2919	2895	2936	2886	2882	2884	2845	2872	2854	2883	686.5368069
2979	2884	2884	2875	2822	2919	2879	2863	2898	2915	2894	2930	2890	2838	2968	2903	2911	2914	2873	2906	2921	2877	2932	2864	2901	2846	2896	2991	2971	2927	2920	2968	2853	2939	2898	2984	2830	2856	2821	2968	2924	2917	2918	2929	2992	2948	2900	2956	2929	2949	2948	2952	2911	2900	2890	2930	2965	2988	3025	2842	2909	2922	2945	2971	2892	2911	3159	3121	3108	2919	2964	2916	2909	2833	3009	2896	2854	2902	3005	2914	2849	2982	2969	2933	2908	2888	2993	2957	2874	2961	2883	2870	2880	2905	2942	2966	689.6590521
2894	3014	2955	3004	3027	2971	2953	2903	2930	3049	2985	2965	2966	2969	2988	3007	2992	2988	3054	2931	2966	3009	2937	2932	3012	3002	2963	3014	3008	3067	3028	3009	2996	3009	3006	3003	2895	2969	2976	2969	3025	2997	2996	2967	3005	3028	2991	2969	2934	2958	2973	2953	2988	2952	2956	2973	2988	3016	3081	2938	3035	3028	3010	3070	2998	2995	3253	3133	3169	2977	2991	3005	2999	2893	2970	2950	3026	3020	3056	2982	2983	3035	2935	3001	3058	3051	3042	3129	2983	3096	2969	3062	2957	2952	3056	2987	692.77968
3111	3014	3058	3031	3079	3116	3085	3114	3098	3077	3071	3128	3165	3110	3088	3122	3117	3077	3047	3070	3167	3079	3144	3068	3117	3086	3132	3114	3025	3093	3072	3016	3134	3132	3147	3133	3100	3120	3096	3095	3046	3152	3084	3116	3127	3113	3077	3114	3129	3119	3170	3206	3123	3096	3150	3067	3096	3103	3143	3034	3085	3068	3129	3154	3080	3104	3312	3264	3290	3105	3124	3131	3093	3118	3111	3126	3151	3067	3060	3067	3152	3135	3039	3094	3135	3203	3142	3195	3106	3042	3079	3207	3112	3116	3141	3064	695.898692
3248	3325	3247	3226	3264	3215	3173	3324	3254	3204	3295	3266	3238	3247	3334	3282	3217	3293	3279	3241	3263	3316	3272	3226	3251	3240	3306	3270	3210	3266	3245	3258	3252	3314	3320	3284	3275	3227	3215	3239	3198	3243	3269	3208	3263	3282	3185	3274	3287	3209	3298	3246	3240	3292	3283	3224	3194	3251	3171	3365	3243	3341	3200	3263	3314	3275	3432	3475	3423	3175	3242	3189	3315	3332	3314	3279	3307	3352	3276	3163	3209	3277	3219	3223	3342	3263	3324	3326	3276	3304	3221	3285	3278	3292	3302	3314	699.0015934
3350	3367	3456	3423	3406	3330	3471	3497	3452	3443	3516	3448	3388	3362	3414	3390	3456	3436	3459	3409	3355	3388	3385	3473	3384	3455	3443	3490	3411	3451	3392	3450	3477	3419	3500	3494	3362	3345	3315	3419	3470	3456	3396	3541	3355	3469	3448	3433	3433	3415	3421	3415	3355	3341	3462	3482	3387	3557	3439	3405	3492	3431	3425	3446	3501	3440	3659	3574	3538	3386	3438	3471	3437	3411	3441	3408	3415	3428	3466	3347	3500	3479	3443	3468	3517	3497	3432	3453	3423	3441	3456	3444	3566	3414	3440	3386	702.1173846
3393	3465	3445	3530	3472	3514	3518	3511	3528	3542	3492	3465	3533	3505	3489	3476	3484	3484	3510	3450	3597	3465	3537	3424	3485	3497	3435	3515	3541	3526	3515	3531	3537	3518	3519	3492	3442	3518	3525	3477	3529	3473	3509	3520	3507	3540	3510	3623	3542	3603	3529	3526	3488	3504	3502	3520	3456	3523	3492	3483	3554	3528	3511	3472	3576	3565	3646	3761	3704	3519	3536	3524	3541	3448	3545	3515	3544	3591	3446	3581	3572	3412	3450	3493	3500	3484	3575	3592	3511	3517	3567	3473	3637	3456	3534	3498	705.2170827
3336	3441	3477	3500	3447	3454	3425	3458	3519	3463	3458	3460	3451	3449	3504	3477	3511	3501	3337	3459	3587	3468	3473	3469	3531	3486	3498	3464	3505	3518	3386	3390	3531	3521	3482	3450	3388	3475	3446	3415	3403	3452	3531	3535	3482	3453	3508	3433	3448	3366	3518	3468	3481	3446	3469	3457	3428	3492	3465	3438	3485	3445	3456	3456	3421	3380	3648	3688	3703	3554	3471	3484	3465	3453	3447	3530	3478	3461	3501	3472	3503	3456	3491	3454	3550	3554	3460	3465	3426	3532	3460	3411	3456	3396	3572	3562	708.3151847
3295	3300	3259	3334	3274	3249	3260	3278	3367	3343	3356	3336	3354	3266	3348	3315	3349	3363	3300	3297	3253	3318	3297	3383	3283	3270	3336	3283	3295	3350	3332	3332	3304	3379	3278	3360	3258	3297	3275	3321	3211	3306	3345	3323	3355	3301	3369	3431	3268	3308	3276	3369	3294	3363	3248	3372	3225	3327	3345	3299	3303	3402	3289	3332	3288	3291	3526	3481	3602	3322	3276	3436	3354	3342	3374	3357	3302	3300	3357	3265	3323	3338	3379	3260	3383	3356	3269	3430	3373	3332	3323	3275	3361	3326	3256	3342	711.4261579
3035	3129	3132	3180	3043	3088	3161	3082	3163	3154	3132	3115	3102	3118	3078	3138	3133	3120	3104	3109	3058	3122	3084	3122	3172	3065	3168	3159	3173	3189	3090	3169	3125	3095	3129	3152	3109	3122	3118	3113	3137	3068	3140	3096	3127	3094	3117	3083	3104	3094	3082	3074	3144	3212	3107	3152	3118	3134	3106	3212	3108	3144	3086	3133	3082	3140	3349	3306	3281	3102	3100	3154	3208	3062	3126	3088	3091	3140	3178	3108	3125	3123	3068	3151	3170	3213	3146	3096	3182	3091	3120	3132	3173	3109	3188	3150	714.5210641
2961	2962	2929	3044	2913	2891	2953	3006	2846	2832	2991	3101	2932	2871	2951	2967	2885	3008	2923	2965	2996	2922	2904	2956	2909	3021	2894	3020	2974	2903	2952	2965	2941	2962	2926	2957	2931	2939	2855	2916	2903	2915	2908	2930	2935	2940	2895	2898	2953	2926	2909	2945	2944	2932	2917	2984	2945	2963	3003	2908	2909	2911	3027	2980	2964	2968	3082	3142	3142	2898	2966	2987	2953	2887	2924	2953	2950	2918	2944	2919	2994	2890	2944	2907	2969	2884	2961	3007	3023	2943	2956	2875	2976	2938	2865	2942	717.6143779
2828	2832	2723	2818	2860	2812	2788	2855	2790	2795	2859	2784	2825	2808	2803	2869	2876	2828	2829	2728	2875	2809	2766	2777	2841	2813	2785	2847	2875	2828	2842	2820	2756	2843	2858	2812	2768	2735	2852	2858	2843	2820	2804	2854	2792	2803	2828	2781	2781	2818	2852	2858	2745	2857	2834	2851	2858	2852	2772	2836	2811	2790	2857	2805	2797	2750	3012	3035	3077	2799	2829	2874	2807	2799	2752	2780	2797	2776	2824	2766	2786	2747	2815	2840	2848	2896	2833	2809	2861	2860	2778	2844	2854	2868	2851	2821	720.7061006
2661	2775	2694	2659	2705	2752	2693	2735	2712	2753	2694	2750	2720	2686	2718	2775	2753	2696	2760	2684	2756	2691	2730	2715	2746	2671	2722	2770	2764	2767	2735	2820	2696	2772	2779	2733	2690	2674	2667	2773	2726	2736	2781	2720	2699	2697	2735	2693	2740	2811	2785	2702	2737	2718	2716	2788	2682	2759	2679	2712	2770	2734	2754	2712	2769	2773	2933	2897	2935	2714	2730	2782	2666	2811	2686	2781	2670	2701	2699	2741	2709	2731	2694	2714	2749	2754	2767	2769	2796	2688	2782	2685	2735	2713	2684	2731	723.7962334
2645	2661	2652	2699	2611	2654	2675	2689	2571	2732	2651	2744	2602	2655	2696	2666	2696	2683	2595	2619	2706	2709	2661	2616	2718	2697	2658	2658	2741	2719	2634	2693	2630	2724	2680	2683	2566	2628	2633	2732	2703	2614	2627	2668	2622	2666	2675	2721	2747	2707	2658	2710	2689	2698	2671	2686	2603	2631	2643	2734	2596	2626	2653	2694	2671	2663	2836	2796	2893	2702	2733	2693	2676	2670	2667	2628	2662	2717	2637	2701	2642	2642	2670	2698	2754	2733	2729	2670	2711	2700	2737	2726	2662	2722	2734	2671	726.8847775
2554	2638	2641	2590	2613	2697	2535	2576	2624	2604	2620	2709	2619	2610	2607	2610	2668	2603	2612	2654	2621	2603	2633	2615	2674	2598	2681	2621	2606	2672	2546	2552	2628	2570	2596	2644	2666	2613	2537	2609	2616	2596	2585	2601	2661	2604	2635	2589	2601	2661	2629	2603	2617	2578	2635	2623	2666	2638	2713	2644	2567	2568	2629	2704	2649	2601	2805	2769	2716	2662	2613	2671	2694	2614	2651	2638	2589	2612	2610	2543	2603	2564	2560	2631	2632	2623	2628	2617	2631	2663	2660	2602	2603	2671	2567	2582	729.9573129
2584	2620	2604	2584	2608	2570	2561	2561	2660	2614	2612	2575	2583	2561	2611	2631	2626	2637	2613	2646	2650	2602	2566	2583	2601	2593	2616	2628	2582	2592	2664	2580	2531	2614	2596	2579	2563	2526	2545	2574	2575	2528	2581	2572	2637	2712	2621	2629	2640	2573	2532	2649	2553	2575	2610	2589	2599	2585	2563	2596	2612	2603	2498	2606	2653	2634	2818	2756	2773	2571	2617	2508	2609	2644	2600	2600	2614	2621	2638	2653	2631	2631	2597	2629	2654	2655	2624	2620	2658	2683	2598	2623	2614	2583	2560	2588	733.0426908
2497	2588	2555	2557	2577	2534	2634	2568	2563	2601	2606	2573	2549	2601	2625	2530	2574	2534	2587	2495	2571	2543	2606	2635	2631	2495	2609	2630	2554	2626	2563	2532	2667	2476	2605	2617	2564	2507	2546	2614	2558	2588	2623	2625	2627	2564	2598	2474	2582	2623	2603	2570	2609	2566	2548	2560	2631	2571	2650	2556	2638	2592	2611	2593	2667	2624	2758	2796	2743	2574	2621	2589	2578	2578	2549	2622	2544	2576	2604	2514	2556	2625	2564	2596	2578	2579	2672	2627	2632	2669	2584	2559	2506	2590	2624	2586	736.112077
2588	2547	2519	2500	2561	2533	2580	2550	2583	2523	2561	2553	2545	2484	2609	2602	2597	2553	2553	2599	2601	2624	2585	2585	2586	2576	2566	2524	2591	2577	2536	2565	2539	2592	2621	2588	2510	2537	2471	2652	2548	2609	2611	2570	2593	2574	2600	2583	2572	2583	2623	2579	2593	2607	2541	2589	2547	2657	2594	2555	2605	2530	2604	2534	2514	2547	2755	2688	2725	2597	2561	2518	2536	2582	2550	2513	2570	2574	2557	2558	2564	2610	2522	2524	2566	2658	2631	2677	2593	2581	2586	2578	2534	2567	2542	2659	739.1942935
2523	2588	2573	2595	2503	2565	2532	2542	2512	2542	2618	2626	2544	2509	2598	2540	2558	2468	2618	2535	2533	2564	2635	2597	2517	2607	2550	2588	2519	2573	2545	2595	2512	2557	2545	2578	2509	2498	2505	2606	2608	2541	2586	2567	2577	2489	2475	2607	2560	2563	2652	2585	2548	2527	2494	2535	2585	2611	2559	2522	2598	2586	2494	2511	2541	2547	2755	2733	2745	2617	2609	2518	2493	2541	2556	2490	2556	2575	2578	2468	2540	2557	2541	2584	2550	2606	2634	2509	2538	2598	2510	2595	2568	2626	2517	2573	742.2605356
2525	2566	2578	2587	2597	2583	2573	2513	2483	2569	2577	2540	2532	2550	2613	2585	2524	2587	2582	2571	2532	2617	2609	2599	2577	2566	2482	2610	2516	2555	2548	2579	2645	2535	2631	2617	2531	2536	2560	2584	2526	2588	2622	2547	2512	2617	2582	2608	2597	2635	2543	2573	2576	2543	2606	2566	2552	2576	2620	2588	2505	2587	2620	2583	2633	2649	2715	2778	2774	2497	2577	2541	2523	2506	2605	2587	2573	2508	2601	2628	2528	2493	2564	2554	2577	2562	2650	2565	2599	2556	2556	2591	2565	2544	2592	2521	745.3252111
2599	2588	2620	2620	2610	2549	2534	2552	2601	2574	2534	2554	2603	2596	2544	2589	2547	2566	2601	2601	2595	2587	2572	2565	2535	2520	2581	2623	2596	2605	2557	2561	2532	2559	2544	2631	2528	2512	2478	2612	2594	2552	2600	2618	2635	2599	2534	2565	2609	2637	2580	2585	2617	2554	2573	2612	2572	2613	2591	2610	2572	2562	2585	2613	2554	2605	2722	2755	2777	2677	2621	2546	2519	2652	2581	2552	2516	2564	2573	2619	2628	2606	2592	2567	2572	2634	2589	2697	2572	2553	2611	2629	2559	2599	2654	2612	748.3883211
2632	2571	2623	2594	2580	2600	2609	2576	2592	2591	2629	2659	2597	2594	2583	2573	2596	2598	2586	2617	2625	2586	2559	2612	2683	2568	2617	2693	2635	2670	2601	2720	2638	2663	2711	2585	2563	2526	2583	2598	2635	2627	2597	2511	2670	2586	2618	2591	2592	2677	2600	2565	2668	2638	2604	2669	2624	2675	2571	2641	2647	2583	2610	2569	2644	2627	2871	2778	2798	2642	2655	2596	2617	2608	2578	2648	2646	2644	2690	2544	2552	2588	2635	2599	2675	2667	2608	2654	2697	2647	2702	2640	2553	2673	2577	2564	751.4498669
2512	2611	2644	2569	2573	2648	2584	2595	2612	2646	2629	2625	2550	2602	2589	2676	2687	2590	2585	2564	2615	2610	2590	2620	2636	2682	2571	2579	2601	2656	2620	2635	2622	2641	2666	2518	2565	2550	2585	2561	2616	2695	2619	2665	2657	2635	2537	2665	2665	2610	2621	2602	2593	2617	2688	2600	2634	2651	2621	2632	2645	2640	2650	2623	2609	2659	2780	2813	2760	2624	2597	2657	2609	2551	2581	2640	2591	2597	2591	2635	2562	2599	2609	2626	2669	2670	2572	2601	2652	2692	2674	2703	2593	2680	2651	2669	754.5098497
2578	2569	2531	2643	2635	2663	2524	2635	2599	2666	2621	2642	2610	2642	2593	2631	2574	2615	2603	2625	2661	2583	2559	2593	2511	2587	2547	2624	2677	2649	2572	2654	2634	2606	2552	2600	2554	2557	2541	2635	2609	2602	2636	2682	2590	2568	2678	2626	2674	2645	2649	2610	2609	2610	2577	2635	2602	2629	2632	2576	2615	2687	2556	2604	2610	2643	2781	2804	2837	2640	2573	2579	2674	2626	2595	2626	2591	2622	2676	2533	2612	2644	2594	2581	2617	2614	2600	2617	2645	2697	2585	2608	2617	2619	2568	2590	757.5682707
2543	2569	2597	2556	2600	2516	2564	2586	2528	2623	2644	2605	2579	2513	2661	2629	2568	2669	2525	2597	2683	2539	2578	2611	2530	2529	2561	2605	2597	2660	2556	2572	2636	2603	2515	2589	2456	2496	2546	2595	2601	2665	2613	2584	2637	2598	2579	2590	2654	2654	2572	2564	2558	2694	2630	2647	2583	2562	2591	2583	2615	2595	2710	2645	2563	2580	2802	2838	2776	2608	2596	2586	2541	2628	2592	2629	2592	2608	2613	2533	2555	2620	2543	2554	2664	2636	2565	2697	2598	2660	2597	2582	2575	2544	2527	2629	760.6251311
2559	2602	2563	2590	2599	2556	2576	2550	2564	2588	2648	2580	2578	2546	2588	2564	2581	2553	2521	2623	2557	2553	2591	2655	2585	2628	2546	2618	2607	2531	2581	2672	2561	2628	2568	2639	2547	2518	2499	2630	2575	2589	2569	2573	2599	2579	2494	2553	2539	2574	2628	2601	2570	2577	2649	2544	2593	2613	2626	2595	2609	2632	2598	2554	2596	2559	2798	2740	2753	2616	2597	2505	2646	2602	2468	2539	2552	2578	2570	2524	2604	2537	2545	2616	2656	2631	2602	2600	2633	2585	2517	2560	2593	2629	2589	2560	763.680432
2520	2544	2491	2620	2596	2576	2583	2562	2526	2584	2559	2583	2561	2516	2591	2641	2606	2618	2650	2621	2608	2583	2668	2606	2606	2660	2571	2603	2542	2580	2589	2554	2580	2586	2534	2638	2553	2532	2479	2565	2581	2580	2589	2633	2602	2608	2574	2593	2655	2659	2579	2553	2529	2578	2592	2596	2484	2589	2608	2567	2592	2562	2615	2597	2567	2560	2798	2715	2722	2552	2563	2609	2596	2586	2532	2575	2649	2549	2588	2652	2539	2594	2586	2550	2570	2539	2617	2569	2582	2599	2562	2557	2588	2551	2578	2541	766.7198415
2530	2593	2600	2504	2533	2544	2561	2561	2598	2659	2638	2560	2585	2657	2677	2541	2553	2565	2538	2637	2493	2640	2597	2579	2560	2579	2577	2549	2601	2642	2629	2533	2565	2646	2610	2616	2496	2493	2483	2589	2582	2568	2554	2609	2627	2574	2610	2543	2606	2610	2574	2533	2607	2558	2557	2573	2625	2609	2621	2602	2549	2562	2598	2580	2558	2609	2756	2825	2766	2619	2668	2574	2660	2554	2562	2579	2597	2593	2628	2584	2580	2585	2581	2585	2653	2641	2624	2582	2638	2576	2602	2688	2666	2602	2507	2554	769.7720344
2578	2660	2627	2651	2620	2643	2649	2572	2576	2602	2626	2634	2597	2635	2589	2689	2725	2610	2634	2625	2611	2633	2566	2557	2560	2655	2650	2630	2657	2629	2644	2656	2601	2678	2657	2548	2608	2548	2598	2606	2595	2632	2665	2589	2618	2672	2607	2628	2640	2595	2703	2648	2645	2558	2671	2618	2596	2634	2644	2588	2611	2587	2592	2627	2672	2631	2809	2787	2737	2675	2638	2600	2566	2648	2641	2623	2581	2585	2642	2654	2699	2681	2608	2610	2641	2655	2622	2601	2688	2581	2580	2677	2616	2595	2587	2573	772.8083529
2637	2675	2686	2667	2652	2698	2684	2658	2635	2632	2721	2759	2656	2741	2707	2619	2685	2688	2668	2662	2635	2651	2707	2673	2687	2703	2691	2705	2763	2740	2656	2628	2720	2689	2712	2703	2554	2671	2609	2669	2681	2645	2658	2691	2662	2678	2709	2684	2732	2694	2748	2697	2670	2720	2719	2694	2602	2698	2683	2721	2707	2742	2655	2640	2736	2726	2888	2863	2834	2676	2665	2640	2729	2648	2706	2725	2686	2743	2677	2667	2720	2617	2708	2715	2748	2705	2695	2671	2664	2752	2737	2693	2669	2727	2728	2667	775.8431313
2727	2732	2747	2770	2708	2713	2698	2726	2774	2751	2818	2766	2697	2717	2725	2657	2754	2757	2766	2746	2800	2645	2717	2666	2774	2739	2727	2737	2735	2724	2754	2708	2709	2745	2728	2739	2714	2714	2625	2730	2745	2666	2802	2703	2780	2741	2705	2722	2777	2738	2811	2755	2706	2661	2745	2764	2745	2712	2805	2738	2694	2713	2664	2755	2798	2714	2858	2893	2842	2691	2718	2825	2748	2737	2730	2699	2783	2773	2759	2781	2727	2668	2717	2740	2765	2785	2848	2789	2798	2798	2709	2767	2775	2741	2742	2714	778.8906747
2674	2832	2722	2694	2695	2728	2690	2654	2658	2804	2766	2736	2719	2720	2712	2755	2770	2736	2778	2699	2783	2753	2698	2726	2767	2697	2767	2778	2659	2815	2702	2740	2782	2769	2830	2705	2684	2632	2738	2746	2775	2733	2775	2761	2716	2759	2815	2695	2752	2743	2752	2787	2750	2786	2777	2762	2706	2757	2774	2730	2735	2692	2697	2764	2794	2726	2938	2930	2914	2716	2737	2806	2784	2670	2733	2688	2686	2712	2746	2751	2712	2749	2765	2649	2770	2799	2786	2717	2734	2726	2775	2775	2792	2760	2739	2703	781.9223691
2668	2656	2685	2729	2672	2753	2694	2669	2618	2723	2792	2751	2711	2686	2732	2729	2787	2743	2681	2741	2774	2732	2798	2678	2720	2701	2707	2747	2748	2749	2733	2703	2742	2705	2738	2686	2668	2692	2698	2787	2740	2671	2757	2771	2761	2716	2767	2775	2702	2738	2754	2792	2742	2815	2688	2768	2699	2684	2766	2746	2729	2786	2727	2729	2659	2753	2908	2926	2895	2719	2699	2766	2702	2793	2710	2680	2687	2698	2694	2733	2679	2629	2708	2677	2729	2792	2725	2760	2676	2756	2717	2704	2725	2634	2792	2729	784.9525269
2657	2636	2670	2716	2680	2692	2646	2671	2662	2728	2623	2742	2758	2679	2683	2704	2674	2694	2716	2684	2725	2666	2607	2689	2687	2682	2689	2691	2676	2722	2681	2661	2670	2659	2670	2680	2673	2690	2685	2725	2725	2665	2661	2667	2697	2697	2731	2669	2702	2710	2695	2673	2644	2685	2717	2672	2658	2648	2698	2736	2772	2701	2698	2696	2662	2692	2880	2860	2862	2650	2646	2779	2675	2661	2719	2647	2723	2693	2717	2702	2727	2651	2727	2691	2663	2723	2720	2682	2655	2631	2685	2667	2698	2692	2689	2661	787.9811493
2634	2616	2651	2653	2705	2715	2635	2624	2701	2640	2614	2730	2666	2689	2634	2618	2626	2628	2639	2630	2612	2587	2664	2643	2608	2566	2666	2668	2671	2655	2572	2750	2655	2629	2656	2585	2636	2603	2541	2596	2648	2630	2640	2658	2694	2599	2612	2581	2699	2640	2722	2674	2630	2672	2630	2698	2600	2658	2641	2668	2577	2586	2598	2692	2659	2637	2839	2836	2895	2663	2677	2651	2668	2654	2622	2687	2693	2594	2653	2653	2591	2708	2622	2664	2694	2728	2692	2719	2643	2718	2624	2649	2641	2668	2596	2662	791.0082373
2607	2685	2672	2655	2691	2604	2641	2631	2615	2627	2616	2653	2595	2647	2669	2679	2698	2603	2643	2625	2637	2658	2644	2690	2618	2658	2559	2686	2667	2528	2656	2630	2668	2646	2618	2653	2606	2469	2554	2660	2720	2626	2603	2663	2651	2701	2648	2603	2638	2679	2650	2621	2644	2628	2623	2622	2627	2612	2658	2608	2662	2638	2564	2643	2533	2643	2857	2780	2878	2641	2662	2585	2599	2669	2648	2595	2666	2646	2661	2693	2630	2582	2629	2558	2752	2697	2685	2615	2705	2601	2646	2669	2609	2605	2645	2658	794.0195244
2638	2616	2665	2691	2599	2733	2636	2701	2605	2673	2634	2682	2619	2652	2660	2626	2703	2572	2613	2571	2701	2635	2611	2628	2681	2608	2690	2711	2646	2587	2666	2695	2614	2672	2606	2688	2557	2593	2532	2667	2677	2701	2663	2668	2666	2586	2633	2632	2648	2627	2686	2713	2649	2702	2632	2662	2589	2530	2687	2674	2702	2644	2605	2743	2595	2666	2805	2812	2830	2665	2605	2630	2654	2675	2644	2685	2616	2673	2692	2638	2658	2614	2651	2697	2630	2598	2653	2673	2710	2622	2665	2655	2710	2634	2687	2627	797.0435547
2664	2670	2648	2695	2642	2660	2690	2684	2724	2691	2678	2629	2753	2634	2637	2702	2665	2676	2688	2659	2661	2683	2731	2640	2686	2693	2699	2698	2670	2623	2671	2662	2763	2695	2707	2729	2669	2558	2637	2682	2640	2670	2666	2688	2749	2649	2679	2641	2682	2618	2727	2639	2696	2603	2652	2622	2652	2648	2721	2729	2687	2635	2657	2598	2613	2668	2830	2855	2826	2632	2626	2709	2715	2703	2643	2637	2671	2622	2650	2639	2698	2657	2671	2655	2767	2613	2662	2736	2701	2675	2625	2724	2666	2700	2693	2640	800.0660542
2704	2746	2715	2740	2748	2734	2695	2735	2707	2743	2752	2718	2667	2728	2702	2709	2743	2701	2706	2809	2724	2762	2685	2688	2782	2684	2690	2787	2882	2782	2786	2763	2735	2703	2761	2734	2685	2745	2645	2728	2702	2739	2699	2741	2793	2732	2684	2626	2776	2766	2819	2677	2730	2690	2704	2788	2773	2712	2760	2754	2794	2772	2722	2764	2765	2726	2873	2859	2891	2720	2750	2718	2736	2730	2724	2661	2698	2662	2802	2750	2778	2739	2773	2793	2797	2745	2775	2751	2707	2751	2775	2773	2704	2709	2738	2755	803.0727778
2861	2798	2799	2847	2792	2792	2881	2792	2818	2895	2870	2800	2841	2812	2799	2833	2850	2944	2857	2874	2851	2868	2886	2842	2880	2790	2846	2832	2885	2896	2847	2858	2837	2817	2846	2866	2759	2845	2815	2863	2845	2870	2868	2842	2872	2795	2886	2830	2915	2822	2881	2895	2849	2798	2867	2826	2871	2937	2871	2906	2779	2791	2835	2795	2836	2882	2982	2996	3024	2869	2890	2831	2903	2828	2797	2888	2816	2908	2791	2816	2871	2852	2855	2849	2844	2899	2848	2838	2942	2870	2861	2880	2808	2874	2837	2823	806.0922264
3028	3052	3039	3008	3093	3018	3005	3035	3012	3009	3092	3034	3007	3042	3088	3102	3078	3022	3081	3049	3096	3098	3065	3107	2987	3034	2995	3070	3079	3115	2980	2988	3049	3079	3096	3055	3000	3045	3044	3024	3019	3014	3053	3107	3029	3023	3077	3080	3060	3071	3073	3090	3105	3080	3002	3058	3062	3093	3000	3124	3066	3093	3075	3072	3056	3109	3207	3258	3210	3002	3030	3050	3057	3049	3068	3055	3181	3056	3052	3039	3034	3094	2987	3002	3089	3115	3002	3072	3009	3076	3083	3103	3076	3072	3079	3067	809.0959159
3417	3438	3401	3431	3327	3354	3344	3394	3368	3463	3446	3353	3467	3403	3400	3425	3370	3384	3340	3441	3474	3422	3372	3345	3436	3397	3478	3393	3383	3505	3347	3379	3384	3353	3431	3413	3383	3406	3334	3289	3417	3411	3389	3417	3347	3427	3331	3355	3421	3398	3406	3396	3438	3439	3416	3404	3465	3426	3394	3382	3392	3293	3412	3393	3446	3378	3502	3562	3564	3358	3335	3439	3493	3446	3417	3364	3371	3350	3401	3387	3392	3416	3349	3425	3475	3359	3468	3394	3495	3393	3377	3371	3362	3439	3468	3386	812.0980935
3802	3824	3795	3823	3815	3855	3840	3793	3822	3800	3852	3854	3840	3958	3785	3885	3835	3805	3877	3817	3853	3878	3862	3915	3856	3817	3849	3875	3884	3862	3801	3800	3884	3838	3819	3796	3810	3746	3821	3891	3758	3835	3853	3890	3864	3851	3828	3828	3859	3887	3922	3834	3866	3796	3868	3845	3869	3850	3941	3843	3888	3798	3868	3828	3828	3823	4000	4059	4058	3795	3835	3799	3924	3882	3916	3839	3852	3759	3977	3908	3845	3839	3913	3810	3897	3845	3845	3893	3882	3896	3890	3902	3881	3883	3762	3846	815.0987605
4164	4185	4321	4179	4299	4154	4247	4233	4264	4273	4222	4277	4296	4184	4263	4368	4271	4247	4216	4226	4144	4273	4205	4274	4342	4304	4208	4320	4270	4279	4224	4249	4272	4293	4292	4340	4219	4161	4170	4205	4331	4238	4272	4229	4260	4255	4269	4200	4329	4260	4367	4278	4246	4193	4221	4237	4209	4310	4254	4288	4219	4217	4271	4359	4202	4283	4407	4440	4384	4222	4295	4244	4374	4208	4314	4222	4245	4165	4251	4214	4291	4243	4267	4191	4309	4347	4252	4210	4267	4209	4315	4302	4207	4231	4301	4236	818.097918
4336	4388	4403	4434	4333	4330	4319	4377	4325	4390	4337	4450	4449	4391	4445	4378	4371	4407	4372	4445	4338	4404	4312	4479	4470	4339	4446	4337	4420	4445	4364	4410	4391	4359	4391	4396	4290	4410	4333	4454	4352	4320	4442	4426	4402	4403	4483	4408	4425	4383	4434	4383	4366	4405	4423	4368	4335	4443	4333	4460	4435	4452	4339	4491	4364	4296	4520	4546	4474	4443	4430	4417	4273	4394	4374	4381	4441	4451	4439	4393	4434	4380	4338	4359	4391	4453	4371	4469	4370	4391	4400	4390	4300	4348	4329	4398	821.0955671
4165	4308	4156	4139	4152	4233	4230	4252	4282	4238	4202	4217	4259	4228	4171	4307	4151	4218	4233	4248	4216	4261	4232	4209	4178	4154	4176	4177	4178	4271	4213	4291	4216	4339	4280	4209	4185	4144	4224	4270	4225	4237	4286	4288	4163	4239	4192	4256	4092	4246	4356	4260	4217	4295	4222	4245	4154	4214	4237	4353	4241	4274	4317	4234	4238	4219	4442	4378	4448	4237	4228	4198	4231	4192	4180	4267	4192	4159	4242	4271	4191	4154	4301	4211	4280	4257	4183	4252	4160	4126	4283	4207	4164	4237	4181	4187	824.0917091
3803	3828	3830	3832	3930	3848	3807	3796	3842	3896	3848	3820	3926	3941	3875	3814	3884	3848	3894	3909	3826	3909	3882	3917	3818	3885	3937	3856	3855	3841	3806	3831	3860	3895	3914	3834	3792	3803	3760	3895	3995	3837	3851	3922	3833	3762	3860	3880	3881	3896	3875	3936	3890	3840	3893	4022	3862	3944	3943	3916	3910	3939	3935	3902	3868	3895	4032	4035	4051	3829	3895	3891	3885	3882	3875	3820	3921	3896	3902	3895	3891	4007	3831	3798	3889	3842	3896	3876	3820	3863	3871	3943	3871	3946	3844	3784	827.0863449
3512	3547	3529	3542	3551	3433	3525	3437	3541	3515	3544	3512	3493	3524	3505	3568	3509	3458	3512	3539	3549	3497	3475	3525	3572	3520	3535	3536	3454	3512	3413	3489	3502	3547	3480	3493	3491	3450	3444	3480	3512	3545	3444	3520	3647	3459	3550	3535	3579	3539	3474	3546	3423	3486	3507	3493	3494	3522	3527	3548	3496	3545	3555	3458	3518	3541	3659	3725	3667	3556	3548	3578	3533	3607	3532	3544	3551	3428	3564	3465	3489	3597	3467	3477	3521	3516	3564	3515	3555	3452	3522	3484	3490	3488	3457	3481	830.0794757
3191	3207	3250	3215	3195	3247	3300	3152	3232	3262	3253	3180	3288	3234	3273	3268	3299	3260	3209	3244	3245	3203	3269	3251	3149	3202	3168	3261	3301	3310	3215	3231	3222	3188	3283	3212	3133	3169	3139	3244	3235	3221	3227	3289	3297	3244	3327	3176	3241	3243	3225	3167	3277	3296	3269	3344	3251	3217	3259	3310	3192	3209	3201	3244	3244	3296	3415	3424	3411	3198	3306	3262	3272	3224	3209	3165	3191	3244	3229	3260	3181	3210	3252	3331	3287	3387	3332	3242	3261	3249	3297	3248	3284	3326	3267	3235	833.056928
3040	3063	3015	3006	3026	3084	2959	3059	2992	3087	2985	3074	3075	3017	3123	3066	3081	3055	2977	3070	3069	3104	3112	3109	2999	3107	3016	3111	3011	3058	3051	3046	3073	3014	3074	3118	2982	3000	2963	3064	3070	3059	3124	3049	3095	3014	3124	3013	3022	3118	3019	3087	3031	3056	3070	3073	3032	3016	3068	3041	3094	3059	3081	3048	3082	3151	3179	3277	3154	3086	3147	3040	3049	3009	3041	3073	3081	3056	3052	2994	3110	3010	3033	3085	3094	3068	3089	3139	3016	3106	3027	3071	3087	3072	3058	3001	836.0470595
2848	2872	2902	2900	2856	2838	2888	2889	2887	2940	2947	2938	2925	2944	2838	2831	2814	2846	2820	2866	2932	2869	2923	2836	2917	2979	2888	2929	2886	2929	2942	2984	2896	2907	2860	2983	2813	2892	2846	2849	2825	2821	2952	2846	2879	2895	2878	2969	2890	2895	2904	2995	2826	2920	2809	2885	2866	2966	2903	2919	2920	2864	2949	2881	2889	2920	3016	3042	3038	2899	2862	2907	2908	2922	2915	2910	2955	2908	2897	2845	2870	2904	2868	2972	2938	2888	2939	2901	2935	2837	2874	2867	2885	2956	2845	2940	839.0215288
2726	2830	2837	2750	2706	2780	2719	2684	2764	2721	2718	2787	2704	2747	2735	2780	2720	2676	2779	2793	2721	2825	2731	2713	2788	2720	2705	2736	2760	2779	2793	2710	2754	2757	2802	2745	2791	2759	2709	2779	2708	2811	2822	2800	2712	2737	2804	2747	2771	2744	2813	2765	2748	2772	2744	2750	2674	2792	2713	2779	2711	2730	2778	2677	2783	2726	2875	2850	2911	2747	2828	2825	2749	2772	2718	2838	2809	2750	2768	2815	2812	2761	2737	2785	2815	2778	2764	2721	2812	2815	2805	2758	2781	2722	2731	2760	842.0086654
2701	2647	2654	2632	2639	2697	2678	2585	2666	2613	2722	2615	2641	2634	2646	2610	2679	2668	2621	2719	2685	2640	2670	2615	2651	2705	2692	2663	2677	2644	2676	2636	2653	2673	2636	2629	2605	2602	2592	2684	2581	2706	2748	2665	2686	2564	2617	2670	2672	2589	2665	2669	2619	2676	2736	2680	2699	2635	2685	2643	2644	2631	2665	2648	2657	2674	2736	2822	2824	2646	2608	2701	2724	2630	2626	2715	2679	2642	2615	2687	2735	2634	2597	2669	2668	2672	2681	2620	2721	2679	2641	2695	2669	2681	2682	2590	844.9801563
2573	2498	2607	2564	2615	2545	2538	2600	2515	2608	2545	2607	2567	2556	2599	2560	2569	2593	2577	2569	2593	2570	2573	2552	2557	2562	2578	2634	2625	2598	2617	2523	2609	2638	2637	2629	2539	2574	2547	2525	2619	2508	2562	2651	2579	2568	2521	2532	2591	2558	2526	2570	2554	2595	2580	2572	2593	2544	2583	2557	2535	2536	2549	2579	2582	2529	2770	2706	2709	2540	2580	2592	2588	2586	2619	2511	2562	2538	2589	2623	2554	2588	2551	2581	2518	2595	2603	2585	2538	2578	2520	2589	2502	2580	2567	2534	847.9501631
2548	2537	2500	2552	2472	2527	2523	2581	2571	2548	2568	2567	2529	2500	2577	2604	2559	2541	2523	2540	2560	2522	2533	2561	2592	2626	2555	2560	2590	2541	2527	2514	2592	2576	2632	2609	2544	2490	2510	2521	2494	2557	2537	2468	2583	2512	2636	2579	2548	2523	2584	2638	2553	2563	2631	2528	2498	2537	2584	2591	2564	2541	2545	2487	2542	2469	2691	2698	2748	2613	2593	2602	2591	2536	2499	2557	2502	2634	2600	2533	2517	2577	2504	2607	2618	2522	2537	2569	2535	2553	2581	2596	2634	2484	2556	2530	850.9186871
2670	2615	2617	2613	2570	2584	2688	2587	2649	2706	2557	2708	2607	2595	2611	2718	2618	2594	2681	2671	2546	2605	2651	2568	2587	2673	2668	2686	2623	2651	2618	2680	2642	2631	2624	2628	2514	2609	2637	2658	2655	2622	2566	2706	2650	2625	2676	2581	2641	2651	2675	2654	2640	2660	2681	2650	2599	2594	2632	2657	2604	2700	2638	2674	2645	2613	2853	2772	2757	2635	2676	2665	2591	2696	2628	2609	2618	2646	2655	2693	2562	2676	2589	2634	2592	2655	2604	2634	2644	2651	2629	2737	2656	2633	2627	2619	853.8857293
2794	2802	2782	2776	2835	2863	2836	2748	2825	2804	2853	2819	2753	2846	2869	2872	2780	2773	2780	2751	2801	2773	2844	2826	2848	2726	2796	2825	2851	2784	2748	2855	2835	2823	2759	2787	2742	2716	2754	2759	2810	2786	2780	2779	2867	2768	2781	2865	2777	2837	2777	2890	2733	2741	2810	2850	2785	2790	2777	2846	2757	2800	2775	2816	2856	2849	3022	2956	2976	2846	2784	2795	2792	2750	2799	2779	2798	2859	2859	2771	2757	2759	2878	2814	2906	2833	2806	2782	2826	2798	2873	2848	2875	2788	2823	2805	856.8512908
3102	3147	3025	3073	3067	2986	3006	2988	3107	3115	3079	3046	3144	3053	3099	3082	3142	3076	3078	3033	3041	3139	3085	3042	3068	3023	3079	3057	3097	3018	3076	3088	3101	3067	3080	3018	3013	3016	3044	3068	3075	3115	3030	3109	3049	3087	3051	2991	3144	3061	3022	3030	3067	3119	3073	3062	3050	3096	3096	3068	3031	3071	3124	3116	3012	3051	3196	3251	3224	2958	3048	3149	3026	3081	3004	3128	3085	3090	3046	3031	3046	3033	3015	3127	3035	3139	3064	3068	3148	3118	3067	3080	3062	3154	3088	3097	859.8153727
3414	3446	3402	3496	3439	3406	3326	3358	3421	3416	3451	3440	3383	3422	3363	3348	3420	3421	3394	3337	3368	3437	3448	3454	3507	3402	3367	3422	3424	3453	3424	3442	3431	3363	3450	3394	3374	3375	3385	3404	3432	3449	3388	3401	3374	3473	3402	3458	3461	3461	3420	3449	3390	3400	3357	3343	3388	3475	3379	3442	3489	3459	3366	3403	3449	3363	3638	3579	3557	3467	3415	3342	3457	3408	3380	3439	3348	3389	3420	3390	3490	3387	3438	3390	3410	3457	3391	3440	3390	3420	3499	3445	3412	3439	3478	3417	862.763872
3653	3636	3703	3748	3721	3690	3725	3664	3678	3686	3756	3713	3715	3753	3670	3825	3693	3720	3729	3746	3681	3619	3700	3708	3750	3712	3701	3741	3720	3790	3704	3759	3681	3664	3701	3727	3709	3725	3684	3700	3688	3640	3726	3744	3694	3731	3639	3695	3785	3786	3740	3732	3732	3670	3696	3683	3710	3711	3794	3742	3777	3731	3741	3712	3729	3669	3882	3911	3932	3756	3711	3802	3714	3818	3656	3711	3637	3648	3705	3753	3749	3719	3681	3727	3766	3730	3769	3738	3738	3683	3670	3753	3714	3658	3740	3763	865.7250051
3809	3825	3802	3945	3893	3860	3939	3833	3912	3803	3764	3896	3845	3876	3901	3852	3858	3857	3917	3832	3870	3933	3866	3889	3926	3892	3905	4027	3784	3970	3864	3812	3885	3853	3850	3809	3844	3825	3863	3798	3960	3866	3887	3820	3852	3850	3832	3787	3852	3957	3793	3758	3836	3858	3974	3817	3879	3906	3888	3863	3863	3904	3861	3826	3940	3913	4039	3937	4008	3946	3890	3847	3835	3846	3911	3862	3913	3873	3939	3824	3888	3812	3806	3840	3961	3933	3989	3867	3878	3904	3949	3903	3835	3853	3845	3881	868.6705718
3744	3827	3717	3817	3826	3764	3766	3836	3826	3784	3754	3814	3869	3804	3907	3847	3794	3839	3858	3790	3756	3885	3815	3749	3743	3821	3789	3724	3839	3876	3741	3800	3761	3869	3859	3828	3783	3755	3771	3832	3831	3807	3795	3801	3865	3695	3740	3785	3849	3828	3921	3764	3789	3803	3755	3833	3724	3784	3765	3790	3778	3851	3831	3788	3733	3780	3932	4008	3967	3801	3832	3792	3821	3822	3832	3718	3860	3744	3840	3832	3805	3823	3803	3783	3896	3834	3754	3874	3772	3844	3729	3862	3759	3896	3780	3760	871.6287605
3566	3684	3548	3475	3501	3555	3511	3600	3519	3560	3581	3502	3529	3584	3597	3508	3517	3451	3572	3577	3540	3585	3477	3508	3538	3632	3528	3535	3512	3556	3535	3525	3545	3541	3544	3443	3597	3439	3477	3546	3605	3582	3541	3527	3472	3512	3526	3482	3567	3545	3545	3545	3511	3516	3571	3643	3557	3576	3593	3488	3561	3556	3622	3577	3623	3495	3659	3692	3703	3498	3558	3504	3568	3501	3516	3474	3543	3548	3606	3511	3594	3572	3628	3555	3582	3637	3562	3562	3530	3629	3676	3487	3586	3569	3534	3447	874.571399
3118	3213	3184	3189	3249	3150	3224	3238	3160	3228	3263	3206	3188	3164	3154	3225	3217	3220	3170	3202	3291	3138	3220	3199	3099	3235	3242	3210	3194	3285	3253	3241	3143	3206	3170	3182	3145	3158	3157	3178	3220	3159	3124	3222	3207	3244	3206	3250	3193	3194	3233	3194	3171	3225	3187	3226	3165	3155	3200	3206	3236	3215	3198	3166	3199	3222	3269	3354	3299	3219	3206	3187	3219	3103	3242	3234	3169	3202	3164	3162	3192	3194	3240	3158	3226	3232	3235	3266	3148	3242	3216	3306	3263	3160	3154	3215	877.5125786
2842	2871	2832	2854	2781	2801	2824	2872	2834	2818	2873	2848	2927	2889	2923	2907	2885	2873	2863	2891	2895	2830	2826	2788	2817	2867	2933	2846	2846	2865	2867	2873	2902	2842	2880	2937	2866	2801	2794	2866	2873	2883	2859	2838	2828	2897	2845	2929	2895	2866	2827	2871	2792	2868	2958	2847	2895	2878	2849	2874	2908	2895	2824	2817	2946	2869	2988	2995	2987	2929	2854	2868	2811	2805	2895	2886	2791	2887	2825	2867	2877	2853	2872	2787	2976	2838	2913	2885	2862	2878	2807	2890	2837	2862	2825	2903	880.4663624
2580	2567	2567	2548	2617	2566	2664	2600	2581	2550	2586	2560	2644	2691	2626	2620	2625	2638	2624	2607	2598	2604	2591	2589	2618	2554	2618	2557	2606	2634	2607	2590	2626	2610	2561	2639	2510	2553	2568	2589	2619	2596	2556	2581	2581	2546	2532	2616	2563	2619	2586	2637	2584	2578	2594	2611	2595	2599	2669	2528	2619	2580	2641	2541	2662	2583	2692	2787	2737	2558	2540	2531	2643	2580	2555	2553	2594	2600	2636	2586	2547	2571	2632	2564	2641	2648	2631	2629	2606	2528	2598	2557	2559	2561	2603	2600	883.4046203
2480	2427	2425	2432	2436	2416	2465	2441	2409	2394	2477	2461	2433	2428	2463	2524	2444	2468	2423	2492	2451	2507	2440	2450	2436	2485	2523	2397	2395	2503	2464	2468	2487	2467	2439	2488	2364	2383	2433	2388	2488	2440	2428	2432	2405	2425	2424	2409	2509	2439	2457	2465	2469	2433	2490	2483	2415	2491	2463	2357	2441	2433	2381	2453	2430	2443	2554	2625	2661	2473	2470	2494	2435	2429	2362	2399	2403	2488	2524	2410	2395	2507	2444	2486	2453	2438	2514	2440	2503	2444	2470	2373	2472	2443	2482	2471	886.3414225
2310	2332	2374	2368	2337	2336	2339	2358	2306	2342	2389	2333	2306	2340	2337	2298	2333	2328	2368	2355	2403	2334	2339	2335	2272	2374	2373	2379	2363	2447	2312	2346	2369	2332	2357	2305	2322	2277	2342	2319	2339	2356	2377	2373	2360	2362	2379	2414	2349	2351	2408	2332	2381	2367	2336	2372	2413	2289	2384	2329	2408	2377	2351	2399	2331	2381	2516	2465	2487	2340	2385	2413	2384	2341	2374	2355	2318	2351	2413	2391	2309	2362	2411	2372	2433	2380	2363	2389	2365	2386	2324	2383	2399	2372	2370	2336	889.2767701
2311	2272	2312	2346	2289	2245	2291	2325	2304	2307	2292	2283	2309	2333	2311	2326	2337	2307	2313	2318	2362	2326	2322	2346	2267	2303	2354	2348	2351	2362	2307	2297	2309	2319	2366	2325	2244	2327	2221	2354	2266	2344	2348	2222	2270	2235	2345	2266	2370	2315	2321	2347	2267	2368	2341	2386	2327	2346	2296	2332	2286	2349	2305	2359	2313	2340	2491	2498	2463	2391	2289	2292	2373	2294	2277	2286	2252	2327	2306	2386	2392	2304	2292	2357	2331	2339	2398	2341	2261	2350	2367	2330	2309	2301	2283	2295	892.1966298
2294	2303	2292	2290	2254	2292	2266	2207	2349	2311	2278	2302	2287	2274	2252	2207	2236	2307	2357	2284	2307	2238	2233	2345	2287	2278	2321	2260	2303	2191	2298	2335	2299	2338	2292	2298	2226	2197	2168	2313	2298	2348	2294	2270	2245	2259	2253	2253	2301	2259	2328	2334	2354	2328	2262	2257	2241	2266	2268	2311	2293	2268	2286	2352	2330	2304	2492	2477	2449	2291	2301	2272	2202	2254	2291	2241	2285	2285	2335	2254	2323	2287	2343	2258	2321	2326	2340	2288	2372	2288	2361	2326	2293	2309	2322	2273	895.1290782
2263	2258	2253	2290	2320	2228	2252	2205	2294	2351	2317	2268	2258	2328	2291	2332	2240	2306	2297	2271	2310	2231	2230	2233	2261	2228	2243	2288	2240	2317	2285	2227	2243	2253	2303	2290	2163	2254	2240	2288	2274	2294	2250	2274	2316	2273	2309	2330	2349	2297	2300	2268	2301	2318	2242	2235	2273	2308	2322	2266	2227	2303	2287	2241	2261	2234	2417	2454	2384	2283	2241	2249	2186	2284	2217	2258	2335	2244	2229	2284	2268	2244	2325	2295	2318	2295	2352	2273	2303	2277	2290	2258	2257	2227	2248	2304	898.0600753
2210	2223	2250	2276	2288	2263	2254	2244	2240	2268	2276	2250	2233	2292	2249	2251	2266	2239	2358	2316	2253	2255	2329	2238	2231	2241	2250	2249	2307	2340	2233	2293	2235	2275	2221	2197	2181	2189	2244	2245	2234	2290	2257	2282	2254	2245	2253	2252	2251	2290	2308	2295	2253	2318	2231	2236	2228	2349	2257	2216	2240	2314	2154	2251	2286	2318	2397	2446	2446	2231	2289	2290	2316	2317	2287	2280	2231	2285	2259	2277	2183	2274	2290	2298	2319	2340	2299	2283	2290	2253	2301	2294	2268	2311	2309	2265	900.9756085
2272	2257	2245	2215	2200	2231	2228	2210	2229	2253	2285	2251	2152	2253	2226	2230	2231	2194	2207	2263	2261	2194	2233	2229	2227	2217	2242	2294	2210	2191	2260	2217	2259	2205	2261	2221	2173	2106	2201	2234	2176	2215	2258	2252	2200	2192	2226	2215	2244	2214	2234	2235	2199	2207	2165	2234	2232	2197	2249	2250	2240	2179	2163	2239	2260	2236	2314	2368	2352	2286	2234	2244	2204	2175	2244	2246	2252	2236	2209	2286	2200	2233	2175	2240	2277	2252	2236	2196	2204	2312	2230	2272	2256	2237	2228	2276	903.903713
2220	2105	2131	2198	2147	2110	2186	2115	2150	2129	2211	2181	2155	2159	2201	2213	2158	2198	2187	2155	2174	2181	2173	2143	2204	2199	2250	2187	2232	2140	2203	2189	2157	2228	2240	2153	2154	2167	2187	2240	2240	2157	2120	2203	2246	2190	2163	2165	2213	2231	2237	2268	2152	2216	2185	2262	2190	2247	2235	2179	2189	2201	2162	2144	2183	2268	2346	2425	2343	2214	2163	2153	2256	2148	2168	2161	2150	2222	2202	2199	2173	2230	2218	2205	2241	2212	2162	2260	2192	2239	2207	2136	2228	2197	2180	2172	906.8163695
2151	2139	2143	2188	2080	2152	2165	2148	2164	2138	2213	2154	2141	2165	2160	2181	2224	2234	2131	2182	2254	2158	2227	2136	2137	2173	2173	2145	2206	2172	2193	2152	2182	2171	2224	2235	2163	2158	2164	2187	2152	2231	2192	2196	2160	2170	2121	2102	2217	2192	2164	2155	2169	2199	2237	2171	2167	2196	2166	2181	2189	2171	2112	2128	2205	2214	2338	2358	2299	2173	2197	2211	2146	2210	2217	2212	2195	2154	2138	2168	2205	2165	2134	2193	2255	2234	2185	2202	2179	2184	2198	2143	2256	2233	2158	2179	909.7275928
2208	2252	2230	2226	2246	2273	2227	2250	2221	2261	2188	2211	2242	2239	2219	2209	2251	2327	2205	2168	2218	2283	2249	2224	2213	2190	2261	2277	2249	2269	2207	2213	2206	2206	2272	2235	2201	2157	2203	2253	2256	2243	2198	2254	2254	2180	2158	2283	2275	2262	2274	2223	2241	2252	2230	2215	2207	2311	2255	2293	2227	2229	2167	2222	2264	2245	2421	2403	2422	2193	2259	2200	2216	2222	2188	2216	2184	2274	2240	2172	2235	2228	2209	2210	2232	2250	2219	2287	2196	2210	2287	2223	2125	2235	2186	2202	912.6513697
2269	2323	2316	2344	2279	2329	2355	2351	2263	2315	2304	2362	2321	2344	2298	2315	2342	2288	2321	2376	2388	2347	2334	2312	2359	2355	2350	2278	2271	2355	2319	2303	2343	2369	2352	2342	2252	2203	2323	2315	2323	2362	2261	2323	2426	2357	2248	2354	2284	2290	2340	2324	2273	2310	2343	2317	2367	2338	2358	2360	2316	2333	2356	2323	2317	2315	2486	2514	2467	2338	2340	2328	2339	2320	2351	2278	2366	2345	2352	2380	2318	2354	2366	2366	2305	2439	2313	2318	2348	2296	2347	2361	2371	2276	2289	2275	915.5597227
2359	2344	2367	2437	2347	2449	2334	2323	2416	2436	2422	2394	2345	2419	2370	2437	2388	2340	2447	2443	2485	2353	2337	2380	2369	2381	2331	2361	2439	2432	2371	2455	2468	2402	2460	2431	2362	2345	2316	2420	2455	2368	2405	2449	2451	2371	2348	2382	2420	2458	2460	2436	2406	2398	2405	2458	2375	2444	2378	2444	2345	2414	2379	2417	2405	2379	2520	2510	2510	2366	2406	2416	2413	2376	2339	2458	2442	2421	2389	2416	2460	2398	2467	2400	2474	2445	2435	2399	2497	2376	2434	2455	2402	2428	2426	2417	918.4666456
2380	2373	2380	2390	2377	2387	2378	2365	2369	2375	2374	2364	2385	2375	2363	2364	2403	2379	2276	2387	2415	2454	2369	2346	2418	2320	2307	2398	2433	2373	2374	2379	2433	2348	2410	2389	2357	2380	2291	2400	2384	2366	2332	2401	2379	2386	2396	2395	2436	2457	2399	2394	2414	2384	2464	2328	2382	2408	2341	2386	2408	2413	2372	2390	2409	2399	2594	2479	2485	2359	2375	2372	2326	2371	2426	2405	2393	2399	2400	2326	2427	2389	2348	2376	2457	2402	2439	2471	2380	2341	2480	2427	2352	2385	2311	2355	921.3721394
2215	2234	2251	2251	2235	2283	2241	2222	2206	2258	2275	2212	2196	2279	2223	2247	2205	2245	2288	2257	2209	2216	2230	2215	2262	2265	2320	2336	2317	2334	2224	2255	2281	2219	2267	2281	2201	2191	2207	2212	2252	2222	2323	2201	2257	2196	2250	2198	2259	2219	2276	2238	2216	2230	2265	2249	2200	2304	2296	2235	2268	2224	2205	2274	2257	2191	2380	2380	2442	2250	2219	2276	2205	2257	2247	2195	2251	2273	2312	2233	2279	2260	2237	2271	2211	2261	2254	2292	2171	2294	2260	2219	2209	2268	2288	2260	924.2762051
2078	2082	2064	2072	2114	2036	2079	2075	2029	2089	2072	2055	2052	2084	2067	2111	2082	2127	2063	2074	2080	2081	2085	2011	2053	2116	2088	2069	2059	2102	2086	2110	2098	2128	2023	2094	2013	2108	2004	2110	2095	2089	2003	2101	2120	2114	2108	2052	2085	2116	2096	2095	2109	2073	2052	2042	2050	2103	2090	2135	2027	2091	2058	2100	2097	2092	2211	2272	2271	2053	2081	2110	2058	2089	2120	2051	2155	2070	2086	2125	2037	2056	2117	2073	2066	2137	2111	2132	2132	2149	2111	2087	2105	2061	2075	2071	927.1648924
1853	1964	1953	1955	1939	1887	1862	1943	1956	1965	1950	2031	1951	1940	1896	2016	1926	1966	1931	1975	1954	1905	1955	1983	1953	1954	1991	1970	1960	1955	1921	1927	1975	1963	2021	1982	1893	1936	1902	1927	1886	2005	1959	1971	1948	1943	1944	1992	1946	2027	1942	1967	1995	2004	1927	1909	1922	1973	1940	1962	2005	1955	1930	1929	1961	1924	2147	2075	2077	1968	1962	1946	1948	1936	1946	1931	1967	1978	1980	1950	1997	1985	1966	1889	2024	1971	1932	1995	2008	1959	1991	1962	1973	1959	1933	1945	930.0661121
1874	1830	1876	1903	1851	1874	1838	1842	1887	1877	1865	1910	1903	1812	1883	1885	1884	1881	1864	1905	1866	1854	1823	1876	1841	1910	1889	1962	1904	1915	1885	1903	1862	1914	1908	1936	1810	1835	1857	1844	1854	1899	1903	1888	1903	1863	1842	1829	1828	1887	1890	1833	1867	1953	1868	1856	1869	1903	1889	1920	1875	1898	1933	1939	1891	1903	2027	1976	1957	1898	1868	1897	1875	1906	1895	1909	1874	1855	1879	1898	1826	1897	1849	1882	1904	1968	1938	1861	1862	1920	1868	1875	1878	1915	1896	1907	932.965907
1875	1831	1809	1849	1783	1823	1832	1823	1833	1814	1803	1851	1868	1801	1823	1853	1831	1888	1853	1834	1859	1833	1865	1817	1856	1792	1858	1804	1908	1846	1813	1849	1893	1840	1824	1825	1812	1787	1738	1842	1855	1828	1864	1853	1832	1815	1818	1851	1924	1851	1815	1819	1850	1843	1863	1805	1846	1840	1826	1865	1830	1831	1822	1824	1867	1837	1919	1973	1945	1843	1822	1857	1856	1844	1775	1825	1851	1844	1822	1838	1842	1915	1855	1857	1956	1860	1843	1859	1824	1844	1835	1857	1887	1800	1790	1878	935.8503471
1765	1785	1807	1788	1765	1800	1727	1795	1802	1875	1809	1783	1811	1812	1859	1788	1809	1834	1810	1830	1827	1856	1853	1792	1820	1827	1808	1805	1825	1798	1821	1779	1785	1838	1804	1788	1727	1705	1809	1844	1841	1786	1796	1766	1838	1816	1813	1792	1784	1854	1791	1844	1863	1835	1810	1802	1825	1823	1801	1854	1845	1768	1808	1859	1809	1846	1958	1979	1971	1790	1800	1796	1812	1781	1868	1790	1825	1783	1806	1827	1817	1765	1805	1787	1862	1837	1871	1816	1814	1877	1877	1825	1847	1798	1789	1802	938.7473022
1748	1737	1770	1828	1730	1782	1754	1779	1811	1774	1764	1802	1855	1762	1803	1749	1751	1766	1793	1837	1797	1738	1732	1795	1684	1756	1815	1783	1802	1789	1750	1754	1781	1752	1789	1770	1693	1719	1779	1745	1778	1761	1764	1816	1867	1788	1741	1736	1830	1779	1784	1762	1785	1800	1747	1792	1754	1802	1744	1773	1775	1803	1759	1768	1777	1809	1940	1857	1928	1793	1765	1772	1781	1840	1745	1762	1803	1836	1779	1753	1773	1789	1789	1718	1869	1826	1801	1827	1806	1796	1795	1782	1824	1795	1791	1833	941.6289182
1808	1727	1816	1725	1798	1742	1756	1760	1749	1754	1803	1734	1749	1787	1757	1719	1728	1683	1763	1826	1751	1754	1757	1774	1818	1734	1789	1746	1819	1845	1748	1771	1719	1831	1791	1845	1777	1696	1633	1773	1731	1745	1714	1790	1763	1780	1759	1701	1755	1800	1702	1784	1779	1783	1812	1760	1748	1750	1721	1744	1739	1762	1778	1832	1749	1795	1918	1917	1838	1764	1727	1753	1813	1763	1772	1790	1807	1767	1776	1772	1807	1807	1773	1807	1772	1791	1789	1790	1780	1787	1796	1799	1797	1813	1792	1755	944.5091272
1722	1752	1753	1755	1765	1717	1726	1741	1705	1719	1766	1776	1737	1741	1724	1741	1753	1753	1757	1764	1805	1720	1744	1782	1781	1746	1820	1806	1718	1780	1699	1732	1774	1780	1786	1739	1724	1678	1733	1709	1715	1697	1764	1715	1668	1746	1698	1727	1780	1775	1739	1765	1781	1719	1793	1771	1709	1783	1753	1754	1752	1797	1714	1732	1759	1766	1903	1851	1938	1774	1750	1750	1788	1770	1752	1734	1744	1750	1770	1764	1776	1721	1748	1757	1795	1753	1758	1776	1786	1774	1785	1751	1818	1805	1746	1738	947.3879301
1726	1723	1752	1760	1746	1711	1748	1765	1710	1748	1749	1697	1749	1724	1722	1756	1765	1717	1748	1763	1718	1729	1719	1778	1717	1767	1762	1704	1783	1785	1697	1747	1683	1754	1763	1742	1728	1708	1751	1706	1752	1721	1830	1687	1775	1746	1751	1722	1733	1776	1711	1736	1785	1751	1696	1746	1758	1770	1678	1785	1733	1765	1777	1791	1741	1766	1908	1903	1850	1710	1720	1733	1702	1737	1769	1772	1800	1737	1712	1758	1737	1762	1715	1743	1748	1807	1766	1782	1796	1765	1697	1686	1751	1721	1741	1720	950.2653281
1693	1780	1760	1730	1675	1767	1700	1717	1779	1727	1789	1742	1748	1679	1673	1692	1753	1750	1761	1729	1756	1664	1723	1770	1797	1766	1775	1737	1741	1825	1741	1750	1743	1723	1736	1778	1733	1623	1673	1771	1777	1786	1750	1732	1747	1656	1674	1711	1775	1826	1734	1765	1754	1736	1729	1754	1775	1748	1716	1757	1714	1758	1772	1803	1802	1716	1873	1914	1946	1750	1718	1757	1713	1726	1738	1727	1729	1786	1734	1724	1779	1770	1805	1760	1724	1772	1773	1821	1768	1746	1856	1790	1759	1732	1756	1820	953.1413221
1771	1726	1733	1796	1777	1777	1760	1758	1765	1770	1817	1828	1782	1755	1794	1732	1736	1757	1778	1741	1803	1812	1783	1799	1745	1759	1789	1822	1829	1757	1740	1772	1782	1823	1748	1735	1711	1732	1706	1765	1824	1798	1816	1742	1742	1766	1766	1763	1767	1771	1785	1792	1776	1826	1789	1792	1716	1760	1769	1811	1817	1800	1775	1716	1779	1803	1888	1870	1941	1739	1808	1799	1798	1752	1788	1726	1757	1859	1742	1779	1768	1788	1781	1808	1743	1810	1791	1767	1793	1814	1760	1721	1754	1752	1804	1797	956.0159131
1826	1881	1839	1834	1842	1846	1841	1872	1857	1816	1878	1913	1881	1815	1888	1853	1848	1823	1856	1911	1822	1784	1826	1853	1772	1878	1810	1838	1864	1832	1895	1871	1843	1793	1884	1830	1831	1748	1801	1851	1838	1856	1903	1789	1885	1814	1863	1847	1850	1856	1884	1848	1869	1794	1810	1845	1841	1863	1811	1821	1868	1905	1792	1927	1837	1841	1971	1953	1974	1880	1845	1861	1860	1770	1848	1859	1857	1835	1907	1866	1796	1868	1836	1838	1946	1893	1831	1837	1951	1813	1877	1878	1839	1866	1817	1817	958.8891022
1957	1937	1933	1946	1920	1966	1923	1895	1932	1937	1976	1952	1916	1985	1933	1943	1925	1911	1924	1948	1929	1931	1917	1941	1977	1933	1948	1980	1971	2031	1992	1945	1958	1937	1950	1948	1909	1882	1890	1931	1905	1973	1948	1934	1950	1933	1928	1961	1939	1943	1975	1942	1960	1968	1986	1982	1995	1961	1956	2022	2020	1985	1975	2029	1946	2050	2055	2085	2102	1931	1947	1901	1951	1919	1955	1948	1957	1915	1979	1928	1944	1906	1960	1930	1965	2016	1971	1952	1939	1949	2010	1988	1968	1965	1979	2017	961.7608905
2073	2071	2037	2097	2055	2095	2101	2155	2179	2175	2080	2082	2135	2112	2140	2099	2145	2102	2089	2123	2183	2168	2113	2134	2104	2110	2091	2138	2084	2077	2142	2111	2106	2164	2104	2112	2089	2015	1988	2104	2100	2096	2143	2080	2129	2046	2100	2093	2204	2047	2109	2113	2044	2079	2123	2077	2115	2116	2121	2094	2160	2119	2085	2148	2147	2137	2282	2211	2257	2071	2120	2101	2113	2070	2109	2089	2078	2075	2143	2083	2087	2075	2038	2102	2117	2115	2125	2130	2092	2148	2082	2091	2081	2057	2144	2158	964.6174156
2143	2193	2190	2225	2202	2181	2143	2231	2164	2187	2204	2164	2248	2132	2193	2210	2223	2188	2180	2142	2149	2126	2197	2238	2199	2192	2109	2199	2205	2176	2230	2210	2200	2210	2227	2156	2066	2127	2140	2212	2227	2165	2200	2189	2168	2114	2190	2166	2271	2179	2206	2140	2221	2121	2133	2203	2162	2182	2174	2197	2188	2187	2183	2203	2177	2171	2303	2319	2356	2179	2123	2196	2148	2219	2231	2209	2222	2175	2181	2137	2178	2237	2235	2244	2169	2238	2177	2191	2181	2232	2274	2202	2139	2179	2216	2146	967.4864119
2100	2124	2182	2151	2093	2167	2043	2163	2110	2198	2144	2179	2089	2178	2178	2092	2126	2197	2123	2163	2200	2174	2217	2160	2174	2103	2192	2223	2172	2202	2148	2153	2117	2168	2132	2239	2096	2156	2100	2187	2178	2156	2113	2174	2147	2149	2054	2175	2262	2230	2195	2105	2198	2207	2166	2165	2129	2155	2182	2165	2208	2172	2196	2140	2118	2149	2229	2271	2242	2129	2154	2090	2132	2140	2120	2091	2122	2185	2161	2166	2168	2157	2189	2148	2215	2237	2165	2147	2241	2126	2142	2194	2151	2204	2138	2146	970.3401606
2136	2137	2243	2182	2172	2180	2150	2136	2157	2196	2203	2140	2171	2208	2170	2167	2233	2194	2157	2291	2214	2205	2190	2174	2173	2203	2174	2142	2185	2170	2137	2126	2239	2183	2163	2126	2123	2138	2150	2209	2170	2118	2191	2165	2151	2174	2193	2156	2237	2181	2159	2200	2156	2169	2195	2179	2203	2182	2192	2193	2140	2127	2190	2145	2200	2162	2350	2271	2311	2144	2129	2164	2129	2114	2195	2167	2189	2139	2175	2193	2115	2163	2183	2161	2187	2237	2152	2129	2196	2221	2226	2168	2119	2223	2139	2168	973.2063691
2312	2344	2249	2356	2315	2273	2297	2287	2319	2389	2340	2268	2313	2274	2344	2249	2326	2334	2299	2369	2268	2347	2317	2332	2308	2269	2257	2280	2332	2329	2326	2316	2344	2319	2393	2317	2250	2232	2228	2305	2254	2290	2295	2337	2362	2292	2307	2310	2287	2335	2371	2278	2271	2253	2271	2291	2267	2338	2329	2307	2265	2343	2294	2315	2287	2406	2439	2496	2432	2298	2252	2313	2361	2216	2340	2332	2301	2335	2339	2302	2382	2379	2275	2311	2373	2309	2386	2359	2382	2385	2298	2362	2270	2331	2330	2275	976.0573454
2435	2472	2455	2443	2471	2461	2451	2493	2451	2508	2527	2463	2432	2431	2471	2456	2440	2521	2433	2438	2497	2431	2427	2441	2404	2400	2469	2452	2504	2446	2433	2470	2414	2441	2518	2483	2422	2459	2405	2454	2468	2457	2564	2527	2470	2415	2475	2434	2503	2455	2486	2491	2478	2511	2454	2469	2493	2542	2516	2388	2536	2467	2457	2441	2509	2446	2566	2614	2497	2459	2503	2431	2438	2470	2458	2521	2408	2483	2535	2409	2467	2483	2480	2495	2473	2503	2512	2508	2496	2477	2457	2508	2462	2501	2422	2453	978.9069404
2433	2468	2444	2450	2513	2454	2418	2427	2474	2533	2539	2449	2421	2521	2496	2425	2464	2444	2414	2491	2461	2467	2492	2400	2421	2398	2518	2499	2443	2484	2538	2476	2460	2444	2396	2459	2378	2417	2408	2511	2450	2554	2476	2522	2478	2484	2503	2542	2460	2501	2517	2474	2472	2465	2441	2460	2518	2466	2512	2468	2489	2428	2453	2449	2532	2481	2576	2595	2602	2506	2463	2451	2524	2460	2443	2470	2456	2432	2450	2478	2469	2490	2413	2448	2493	2463	2458	2459	2476	2583	2458	2476	2473	2453	2452	2466	981.7551551
2290	2318	2266	2296	2329	2293	2267	2289	2307	2270	2318	2319	2309	2362	2267	2361	2298	2278	2279	2291	2352	2279	2342	2385	2304	2366	2336	2351	2338	2346	2304	2308	2248	2347	2275	2347	2205	2237	2254	2337	2311	2287	2311	2350	2381	2317	2284	2375	2391	2319	2316	2268	2391	2281	2298	2391	2322	2364	2316	2354	2255	2378	2331	2359	2329	2279	2468	2472	2413	2309	2290	2331	2346	2290	2329	2304	2343	2364	2344	2294	2402	2311	2323	2328	2373	2329	2310	2309	2329	2307	2332	2356	2322	2356	2314	2247	984.6019904
2122	2179	2139	2158	2176	2170	2122	2139	2112	2122	2160	2160	2104	2166	2142	2114	2117	2109	2140	2178	2143	2160	2138	2112	2139	2115	2130	2138	2149	2121	2121	2139	2080	2117	2144	2153	2067	2054	2029	2121	2134	2125	2125	2119	2114	2172	2113	2102	2064	2192	2110	2149	2072	2096	2118	2098	2133	2070	2175	2173	2135	2124	2147	2159	2113	2149	2254	2243	2209	2114	2151	2121	2141	2136	2096	2127	2096	2119	2095	2091	2104	2104	2154	2148	2149	2176	2187	2147	2169	2108	2156	2081	2107	2155	2109	2161	987.4474475
2002	1984	2026	2012	1975	1982	2067	2022	2079	1993	2087	2041	2022	2012	2001	2052	1986	2019	1973	2073	1978	1975	2043	2012	2030	1956	2013	2052	1969	2076	2012	2001	1997	2029	2012	2041	1985	1929	1969	2015	2015	2024	2068	1988	2041	2016	2002	2020	2050	2023	2000	2021	2056	2008	2031	1995	2011	2019	2022	2014	2002	1996	2028	2002	2061	2055	2107	2114	2127	1991	1956	1994	1994	1985	2028	2046	1980	2002	2039	2041	2052	2051	2009	2016	2007	2050	2041	2039	2020	2012	2084	2048	2006	2037	2025	1990	990.2915272
1898	1967	1943	1956	1953	1926	1936	1953	1933	1986	1952	1952	1956	2005	2009	1985	1954	1951	1979	1957	1938	1979	1958	1920	1937	1968	1969	2008	1987	1997	2015	1989	2022	1946	1986	2046	1948	1941	1861	1951	1961	1961	1955	1998	1966	1963	1973	1974	2036	1950	1999	1956	1932	1970	1945	1963	1974	1993	1971	1923	1966	1917	1955	1950	1962	1924	2128	2109	2105	1946	1958	1959	1977	1975	1976	1976	1909	1984	2012	2006	1910	1976	1952	1964	1992	1983	1971	1979	2023	1923	1922	1982	1974	1906	1998	1961	993.1342306
2139	2168	2117	2127	2068	2065	2140	2124	2159	2126	2137	2142	2066	2100	2116	2098	2082	2042	2088	2094	2104	2120	2072	2127	2080	2141	2063	2076	2109	2123	2094	2149	2126	2080	2119	2058	1980	2031	2034	2116	2066	2112	2090	2082	2084	2123	2051	2103	2146	2142	2085	2127	2116	2101	2179	2071	2064	2158	2147	2112	2112	2080	2071	2130	2127	2097	2234	2218	2312	2083	2100	2078	2146	2136	2069	2082	2100	2086	2079	2081	2050	2138	2150	2072	2089	2163	2180	2139	2129	2070	2137	2142	2145	2068	2144	2119	995.9617691
2543	2631	2620	2624	2623	2638	2603	2653	2639	2708	2662	2666	2547	2609	2661	2604	2616	2631	2590	2631	2623	2682	2627	2579	2619	2591	2665	2557	2629	2601	2613	2582	2609	2576	2610	2609	2605	2500	2607	2585	2621	2638	2570	2487	2682	2610	2534	2533	2635	2699	2629	2623	2565	2610	2603	2628	2612	2584	2595	2633	2572	2565	2565	2553	2658	2582	2761	2807	2684	2587	2546	2491	2648	2656	2672	2619	2596	2672	2590	2612	2565	2568	2526	2599	2620	2654	2674	2623	2683	2562	2698	2662	2677	2590	2602	2537	998.8017296
2800	2875	2823	2896	2937	2839	2805	2892	2838	2851	2868	2918	2869	2840	2914	2912	2840	2869	2883	2870	2923	2864	2919	2932	2866	2858	2924	2901	2811	2950	2830	2855	2853	2853	2938	2831	2828	2832	2867	2823	2910	2824	2870	2852	2860	2864	2866	2831	2839	2822	2865	2871	2932	2874	2894	2913	2824	2888	2908	2841	2900	2900	2864	2903	2834	2901	2977	2988	2967	2771	2828	2830	2940	2899	2962	2830	2867	2917	2803	2870	2837	2846	2915	2838	2952	2860	2849	2873	2892	2887	2886	2802	2854	2871	2807	2827	1001.62654
2338	2285	2336	2260	2368	2326	2293	2283	2380	2363	2367	2356	2366	2359	2312	2315	2319	2382	2336	2325	2316	2355	2372	2339	2308	2326	2402	2304	2348	2288	2339	2383	2279	2359	2303	2344	2212	2282	2305	2319	2351	2358	2332	2310	2308	2324	2261	2346	2340	2348	2346	2355	2364	2287	2271	2291	2359	2362	2310	2349	2288	2287	2305	2312	2321	2340	2521	2455	2482	2222	2324	2259	2306	2353	2375	2242	2306	2335	2289	2299	2331	2315	2305	2346	2391	2301	2317	2303	2308	2360	2320	2313	2350	2366	2313	2350	1004.463762
1950	1994	1988	1954	1886	1967	1976	1959	1975	2011	1960	1916	1987	1947	1921	1969	1935	2009	1990	1972	2016	1940	1897	2010	1996	1984	1999	1977	1987	1968	2000	1995	1926	1977	1989	2006	1960	1948	1877	2007	1982	1998	1920	1957	1963	1983	1963	1922	2032	2022	1934	1974	1936	1985	1980	2011	1966	1995	1969	1964	1934	1933	1987	1941	1989	1911	2038	2115	2088	1933	1930	2020	1954	1968	2030	1987	1979	1994	1996	1977	2008	1962	1949	1989	2005	1986	1959	2022	2084	2020	1958	1996	1918	1963	1983	1935	1007.285849
1882	1913	1945	1885	1918	1840	1844	1927	1879	1856	1954	1870	1898	1866	1931	1887	1864	1926	1880	1928	1870	1902	1859	1875	1948	1942	1889	1915	1849	1996	1919	1877	1922	1890	1924	1870	1804	1860	1879	1859	1899	1850	1857	1890	1863	1871	1864	1843	1923	1907	1924	1936	1845	1949	1862	1944	1894	1886	1892	1930	1935	1902	1911	1934	1903	1907	2076	2036	2013	1910	1919	1969	1937	1886	1947	1905	1913	1870	1932	1885	1916	1916	1877	1890	1953	1896	1939	1882	1847	1917	1921	1893	1899	1905	1944	1873	1010.106579
1878	1908	1870	1933	1871	1906	1872	1901	1892	1959	1888	1881	1903	1922	1926	1882	1869	1900	1920	1861	1868	1923	1914	1924	1882	1929	1893	1969	1904	1915	1906	1919	1897	1871	1949	1923	1875	1873	1797	1916	1937	1856	1915	1880	1962	1921	1848	1866	1944	1905	1955	1886	1927	1901	1940	1869	1919	1904	1886	1968	1888	1919	1824	1900	1930	1898	2044	2035	2053	1913	1920	1870	1868	1929	1855	1921	1875	1917	1927	1972	1909	1929	1917	1884	1978	1958	1957	1885	1935	1908	1862	1846	1908	1878	1902	1938	1012.939703
1837	1919	1917	1896	1865	1850	1926	1929	1856	1942	1941	1897	1851	1922	1856	1859	1962	1894	1920	1920	1909	1961	1899	1916	1950	1834	1930	1914	1926	1956	1910	1949	1899	1891	1898	1929	1819	1909	1865	1908	1923	1935	1876	1877	1932	1948	1945	1889	1922	1972	1906	1921	1889	1914	1933	1919	1926	1868	1901	1947	1916	1929	1890	1910	1925	1913	2056	2012	2087	1907	1918	1905	1981	1918	1916	1947	1898	1953	1942	1889	1896	1904	1920	1985	1922	1982	1890	1923	1925	1933	1955	1904	1989	1933	1940	1952	1015.757715
1890	1876	1925	1924	1914	1854	1909	1896	1950	1924	1938	1916	1893	1931	1934	1895	1903	1923	1890	1898	1918	1910	1937	1873	1895	1880	1910	1929	1920	1890	1919	1910	1896	1945	1899	1927	1839	1857	1861	1922	1926	1949	1920	1916	1943	1913	1907	1883	1927	1930	1917	1912	1928	1915	1909	1948	1887	1950	1900	1907	1839	1957	1925	1927	1922	1963	2056	2034	2044	1890	1928	1918	1857	1961	1880	1908	1931	1962	1926	1918	1924	1931	1951	1910	1873	1912	2009	1963	1981	1909	1948	1944	1898	1905	1929	1986	1018.574373
1927	1963	1884	1935	1920	1931	1915	1977	1946	1945	1909	1909	1911	1918	1956	1947	1942	1954	1914	1893	1897	1970	1902	1891	1935	1951	1954	1970	1981	1927	1929	1972	1886	1966	1951	1883	1857	1912	1826	1960	1978	1932	1971	1917	1933	1930	1939	1960	1953	1914	1935	1931	1921	1944	1941	1984	1917	2014	1936	1937	1954	1936	1939	1904	1986	1968	2073	2064	2050	1942	1895	1948	1878	1890	1969	1976	1936	1938	1918	1927	1955	1949	1944	1936	1955	2011	1981	1943	1914	1967	1979	1926	1930	1888	1976	1920	1021.389678
1950	2077	2031	2026	1974	2001	2009	2015	1997	2026	2018	2039	2087	2029	2031	2046	1998	1981	1985	1954	1935	2007	2038	2001	1960	1950	1983	2001	2046	2009	2080	1989	1995	2025	2014	1987	1955	1934	1949	2030	2016	2057	2020	2004	1935	1985	1976	1979	1989	1990	2012	2050	1991	2007	2062	2000	2032	2048	1974	2023	1978	1939	2047	2049	1986	2015	2176	2139	2151	1958	2021	1996	2045	2063	1948	1953	2015	1986	1991	2010	2010	2022	1971	1991	2017	1995	2002	2065	2079	2011	2000	2008	2010	2003	2001	2021	1024.189907
2166	2147	2166	2154	2188	2140	2189	2100	2107	2196	2181	2149	2201	2130	2147	2139	2114	2137	2166	2176	2109	2172	2171	2135	2140	2168	2139	2208	2191	2160	2168	2158	2199	2139	2142	2133	2069	2105	2090	2176	2139	2113	2130	2205	2117	2172	2197	2183	2212	2200	2179	2092	2126	2200	2139	2176	2213	2171	2197	2186	2187	2121	2134	2185	2153	2161	2255	2275	2255	2071	2109	2146	2143	2186	2191	2155	2163	2166	2217	2106	2169	2130	2193	2166	2156	2179	2241	2166	2172	2157	2155	2192	2146	2188	2116	2146	1027.002515
2243	2305	2341	2356	2318	2285	2254	2237	2327	2328	2329	2361	2353	2263	2322	2319	2288	2286	2347	2313	2331	2283	2345	2404	2308	2294	2287	2302	2321	2337	2347	2302	2360	2269	2317	2372	2248	2331	2255	2295	2330	2315	2386	2291	2371	2307	2330	2334	2367	2303	2349	2313	2349	2299	2318	2369	2339	2409	2327	2305	2292	2289	2295	2366	2307	2234	2439	2480	2453	2291	2379	2313	2286	2311	2342	2326	2311	2277	2291	2332	2362	2307	2320	2215	2324	2373	2332	2312	2292	2329	2364	2297	2320	2333	2366	2313	1029.813773
2393	2430	2362	2391	2430	2429	2404	2351	2410	2404	2368	2416	2398	2392	2397	2399	2373	2350	2440	2408	2401	2388	2403	2376	2393	2478	2454	2440	2397	2448	2365	2361	2343	2388	2448	2366	2314	2381	2336	2396	2423	2416	2336	2358	2383	2384	2335	2354	2440	2433	2392	2383	2347	2373	2440	2424	2344	2401	2442	2351	2358	2352	2427	2378	2413	2427	2505	2506	2487	2357	2375	2395	2445	2418	2426	2424	2400	2411	2431	2423	2368	2417	2385	2381	2406	2392	2390	2440	2402	2406	2362	2439	2416	2374	2459	2330	1032.609978
2349	2267	2407	2376	2369	2409	2354	2346	2353	2347	2382	2349	2374	2367	2372	2434	2437	2403	2365	2364	2334	2400	2387	2340	2425	2416	2386	2342	2436	2418	2444	2389	2327	2381	2301	2376	2328	2298	2307	2391	2409	2366	2394	2370	2368	2359	2409	2393	2384	2367	2420	2471	2269	2348	2388	2355	2412	2364	2361	2378	2369	2355	2388	2466	2331	2359	2438	2541	2550	2325	2405	2405	2388	2420	2463	2393	2365	2403	2367	2481	2409	2335	2406	2339	2373	2392	2484	2430	2412	2446	2403	2455	2349	2434	2409	2365	1035.418545
2258	2353	2378	2355	2346	2353	2367	2348	2347	2335	2305	2376	2330	2315	2218	2349	2371	2365	2395	2395	2357	2353	2356	2313	2325	2374	2343	2347	2351	2361	2298	2330	2287	2340	2385	2359	2287	2355	2291	2329	2318	2338	2362	2320	2352	2366	2303	2321	2412	2342	2398	2387	2355	2323	2306	2312	2349	2317	2316	2360	2345	2305	2382	2414	2311	2378	2495	2482	2418	2324	2395	2394	2421	2404	2360	2362	2284	2383	2393	2399	2321	2445	2396	2369	2375	2399	2401	2374	2356	2340	2365	2401	2354	2381	2366	2397	1038.212074
2380	2332	2382	2327	2327	2325	2338	2335	2368	2336	2339	2361	2306	2349	2318	2345	2390	2346	2337	2338	2298	2316	2305	2285	2368	2312	2359	2338	2333	2320	2383	2295	2367	2404	2306	2333	2248	2302	2305	2354	2265	2336	2350	2366	2394	2310	2353	2328	2386	2401	2336	2325	2317	2375	2326	2305	2331	2388	2248	2398	2383	2318	2367	2373	2330	2410	2504	2434	2474	2339	2318	2339	2312	2427	2368	2348	2372	2325	2317	2391	2328	2406	2356	2390	2348	2333	2453	2341	2405	2399	2363	2391	2364	2287	2367	2401	1041.00427
2376	2454	2408	2393	2348	2368	2451	2389	2342	2342	2421	2435	2346	2357	2434	2401	2411	2375	2428	2403	2363	2381	2368	2328	2443	2442	2401	2441	2452	2396	2430	2471	2443	2445	2386	2370	2342	2312	2321	2410	2433	2349	2409	2402	2369	2449	2365	2383	2437	2420	2426	2405	2400	2441	2494	2380	2406	2433	2417	2437	2386	2421	2445	2370	2423	2376	2546	2530	2532	2444	2352	2413	2443	2366	2476	2436	2460	2403	2465	2367	2453	2514	2473	2371	2477	2430	2426	2414	2410	2383	2388	2408	2449	2450	2383	2464	1043.808811
2597	2523	2541	2499	2530	2487	2545	2493	2508	2538	2558	2505	2529	2558	2471	2530	2518	2470	2534	2564	2568	2527	2579	2568	2527	2509	2528	2591	2524	2612	2545	2536	2507	2500	2527	2584	2519	2407	2485	2523	2492	2482	2476	2513	2532	2542	2499	2546	2559	2470	2512	2473	2545	2523	2526	2477	2482	2533	2533	2466	2551	2523	2564	2555	2547	2576	2609	2716	2563	2555	2593	2489	2497	2498	2528	2528	2556	2506	2547	2578	2521	2504	2509	2515	2548	2539	2548	2592	2477	2571	2564	2597	2574	2576	2471	2535	1046.598336
2611	2704	2754	2586	2635	2606	2671	2708	2662	2741	2667	2663	2671	2618	2687	2632	2694	2704	2628	2626	2712	2657	2625	2677	2626	2648	2659	2609	2726	2732	2686	2643	2676	2645	2654	2735	2619	2637	2604	2678	2657	2681	2686	2760	2671	2735	2695	2656	2700	2731	2691	2678	2714	2636	2637	2671	2661	2648	2704	2698	2656	2694	2594	2663	2685	2661	2811	2824	2819	2672	2650	2696	2675	2652	2690	2704	2731	2671	2697	2715	2670	2737	2643	2641	2768	2763	2710	2718	2820	2771	2691	2667	2703	2650	2657	2671	1049.386531
2803	2916	2906	2813	2863	2938	2885	2830	2851	2975	2932	2847	2833	2887	2876	2965	2899	2882	2876	2877	2878	2907	2906	2914	2896	2936	2864	2913	2856	2935	2872	2921	2883	2929	2893	2862	2876	2853	2890	2938	2881	2890	2930	2900	2939	2819	2984	2856	2980	2941	2873	2910	2931	2925	2889	2941	2840	2895	2893	2899	2864	2883	2914	2908	2906	2868	2988	2997	3009	2925	2959	2839	2847	2874	2905	2920	2891	2953	2927	2872	2921	2950	2861	2916	2871	2918	2910	2930	2849	2961	2855	2869	2891	2912	2921	2945	1052.173397
3176	3128	3143	3179	3094	3066	3170	3134	3082	3153	3190	3149	3081	3217	3119	3075	3097	3085	3150	3105	3128	3183	3100	3162	3146	3132	3105	3122	3142	3202	3166	3153	3159	3130	3089	3086	3157	3111	3113	3132	3141	3125	3180	3183	3072	3164	3123	3168	3157	3083	3147	3145	3045	3175	3144	3167	3142	3126	3185	3144	3085	3129	3111	3141	3217	3202	3257	3253	3265	3155	3069	3150	3142	3088	3155	3195	3236	3103	3097	3150	3094	3215	3143	3194	3162	3237	3188	3181	3212	3144	3155	3156	3199	3169	3193	3157	1054.958934
3371	3405	3405	3313	3368	3394	3467	3274	3412	3393	3369	3463	3453	3353	3418	3398	3370	3338	3381	3390	3377	3334	3427	3480	3322	3482	3354	3435	3446	3386	3398	3311	3421	3424	3471	3455	3322	3328	3385	3377	3353	3403	3511	3349	3408	3452	3357	3323	3342	3402	3353	3391	3367	3340	3395	3425	3400	3398	3476	3478	3386	3323	3392	3403	3355	3416	3496	3532	3548	3392	3499	3482	3430	3479	3419	3415	3417	3353	3378	3395	3312	3412	3429	3315	3468	3496	3450	3406	3414	3345	3493	3477	3437	3358	3422	3301	1057.729499
3623	3544	3594	3488	3558	3522	3659	3566	3577	3634	3643	3634	3616	3538	3684	3577	3623	3589	3605	3615	3581	3532	3600	3602	3608	3599	3638	3591	3602	3644	3594	3577	3620	3664	3651	3564	3508	3486	3484	3683	3607	3614	3544	3561	3648	3582	3606	3623	3639	3683	3623	3504	3621	3592	3691	3622	3574	3519	3628	3468	3639	3628	3623	3496	3673	3596	3679	3787	3690	3530	3547	3594	3592	3601	3607	3551	3572	3644	3545	3641	3626	3635	3506	3543	3581	3590	3602	3608	3590	3596	3576	3527	3714	3672	3608	3606	1060.512388
3734	3681	3737	3668	3669	3711	3696	3571	3697	3711	3741	3755	3668	3595	3694	3761	3654	3706	3658	3659	3590	3733	3703	3747	3693	3758	3660	3684	3766	3743	3667	3731	3631	3705	3761	3620	3643	3649	3660	3733	3740	3716	3652	3729	3700	3673	3716	3634	3706	3670	3684	3702	3712	3727	3812	3705	3769	3601	3758	3621	3674	3703	3714	3677	3761	3812	3872	3788	3843	3738	3669	3764	3695	3676	3655	3663	3663	3666	3725	3692	3669	3702	3743	3734	3774	3784	3684	3666	3681	3727	3639	3758	3720	3665	3701	3639	1063.293952
3646	3659	3713	3694	3696	3645	3660	3617	3543	3662	3611	3740	3760	3622	3682	3756	3686	3649	3644	3612	3634	3664	3593	3685	3644	3680	3709	3730	3687	3708	3628	3693	3762	3756	3651	3650	3626	3792	3640	3653	3768	3651	3697	3709	3711	3657	3646	3732	3692	3679	3642	3753	3674	3800	3673	3787	3736	3779	3770	3593	3678	3614	3700	3744	3654	3663	3856	3853	3833	3680	3656	3677	3777	3731	3718	3693	3709	3658	3669	3690	3690	3648	3723	3672	3650	3658	3713	3748	3722	3787	3679	3766	3702	3682	3706	3658	1066.060566
3581	3584	3657	3505	3520	3506	3567	3652	3531	3558	3598	3606	3536	3582	3565	3600	3497	3638	3613	3515	3549	3638	3630	3565	3606	3508	3529	3642	3553	3469	3557	3570	3565	3601	3613	3548	3576	3500	3549	3527	3540	3683	3638	3524	3683	3616	3536	3502	3579	3581	3674	3659	3580	3604	3597	3590	3691	3580	3669	3527	3559	3570	3629	3497	3604	3549	3615	3770	3600	3611	3559	3562	3638	3559	3601	3627	3500	3590	3532	3559	3571	3626	3546	3564	3597	3572	3604	3595	3586	3626	3542	3603	3624	3486	3572	3582	1068.839487
3399	3347	3426	3433	3530	3370	3394	3453	3406	3395	3431	3408	3479	3457	3368	3401	3508	3454	3427	3374	3433	3379	3398	3399	3458	3416	3399	3505	3465	3500	3492	3535	3456	3469	3453	3428	3359	3354	3438	3403	3453	3453	3424	3389	3514	3428	3408	3408	3398	3489	3399	3532	3386	3525	3410	3474	3497	3354	3477	3436	3468	3395	3418	3465	3389	3393	3503	3488	3553	3448	3369	3429	3392	3417	3402	3470	3468	3339	3455	3454	3422	3452	3452	3359	3525	3484	3441	3494	3432	3447	3356	3435	3420	3425	3443	3430	1071.603474
3270	3295	3288	3369	3318	3359	3360	3272	3386	3405	3408	3369	3318	3397	3362	3332	3323	3421	3342	3348	3309	3395	3427	3392	3394	3424	3371	3333	3334	3408	3332	3363	3317	3415	3443	3379	3277	3287	3390	3338	3434	3326	3334	3361	3348	3371	3305	3366	3382	3420	3394	3367	3405	3399	3376	3407	3339	3328	3376	3444	3403	3447	3365	3372	3297	3392	3481	3474	3535	3330	3388	3309	3302	3357	3334	3314	3290	3404	3381	3403	3331	3416	3406	3327	3358	3373	3431	3368	3441	3391	3357	3420	3416	3366	3424	3405	1074.366152
3421	3481	3437	3358	3472	3421	3382	3389	3427	3474	3500	3426	3492	3363	3407	3505	3389	3432	3507	3515	3453	3478	3404	3461	3485	3367	3362	3498	3490	3455	3339	3449	3447	3449	3440	3487	3448	3346	3340	3470	3463	3407	3475	3429	3401	3448	3438	3424	3393	3476	3397	3415	3453	3446	3437	3426	3426	3378	3480	3548	3479	3490	3449	3395	3403	3436	3540	3523	3515	3336	3454	3403	3463	3392	3425	3380	3517	3372	3374	3447	3501	3455	3472	3409	3522	3470	3491	3388	3492	3487	3400	3372	3500	3375	3458	3434	1077.141121
3586	3628	3602	3612	3577	3551	3517	3577	3617	3532	3603	3631	3606	3605	3576	3672	3612	3550	3576	3600	3625	3526	3584	3578	3594	3639	3591	3631	3621	3589	3651	3602	3551	3554	3569	3602	3527	3531	3617	3580	3512	3571	3585	3666	3649	3611	3592	3584	3607	3544	3629	3517	3610	3560	3637	3626	3578	3659	3628	3667	3653	3591	3572	3611	3676	3682	3646	3611	3685	3532	3691	3563	3616	3617	3547	3620	3566	3595	3595	3727	3506	3670	3554	3634	3592	3620	3627	3615	3549	3561	3563	3585	3571	3636	3640	3595	1079.901177
3623	3711	3774	3686	3667	3722	3750	3682	3802	3655	3649	3687	3693	3625	3720	3734	3752	3708	3778	3730	3703	3681	3664	3720	3642	3735	3753	3710	3713	3711	3740	3655	3772	3686	3759	3816	3657	3590	3597	3769	3697	3672	3663	3708	3663	3668	3596	3720	3836	3716	3801	3742	3721	3776	3755	3753	3753	3695	3724	3719	3632	3799	3785	3651	3756	3740	3875	3796	3811	3695	3662	3699	3714	3709	3677	3750	3713	3717	3601	3643	3699	3686	3706	3586	3692	3805	3787	3890	3663	3758	3687	3783	3674	3736	3705	3573	1082.659926
3669	3669	3763	3670	3572	3723	3655	3625	3659	3716	3723	3647	3669	3723	3725	3651	3668	3734	3713	3673	3682	3653	3689	3736	3659	3682	3684	3633	3648	3747	3710	3749	3744	3636	3809	3611	3563	3568	3682	3698	3721	3713	3643	3635	3688	3582	3641	3705	3715	3737	3701	3681	3771	3610	3685	3656	3706	3663	3676	3739	3660	3727	3786	3634	3674	3719	3812	3789	3800	3702	3654	3692	3685	3640	3682	3714	3691	3638	3729	3723	3755	3702	3680	3699	3676	3712	3728	3801	3797	3706	3716	3720	3571	3762	3696	3702	1085.417371
3429	3566	3443	3550	3536	3316	3487	3561	3425	3525	3436	3523	3532	3544	3531	3561	3449	3459	3524	3548	3482	3463	3483	3473	3586	3524	3519	3569	3472	3506	3498	3581	3497	3483	3513	3526	3455	3479	3444	3500	3493	3498	3535	3585	3521	3451	3487	3519	3504	3581	3597	3563	3432	3513	3514	3544	3459	3527	3563	3492	3462	3447	3489	3540	3510	3546	3698	3636	3742	3540	3506	3520	3530	3508	3555	3489	3504	3611	3465	3525	3465	3599	3542	3570	3502	3565	3491	3575	3531	3564	3537	3480	3454	3488	3515	3405	1088.159937
3071	3212	3209	3221	3186	3147	3176	3202	3249	3200	3162	3201	3159	3182	3274	3162	3280	3259	3304	3231	3116	3165	3186	3213	3217	3142	3172	3206	3271	3205	3192	3228	3216	3182	3171	3284	3088	3099	3189	3189	3187	3202	3148	3223	3157	3196	3220	3165	3198	3151	3185	3268	3151	3214	3163	3188	3198	3201	3235	3200	3198	3194	3250	3235	3269	3228	3309	3289	3315	3179	3208	3183	3210	3164	3223	3231	3164	3124	3232	3199	3217	3239	3263	3199	3150	3288	3321	3219	3262	3271	3249	3190	3237	3172	3227	3173	1090.914781
2861	2933	2918	2955	2904	2940	2870	2898	2950	2902	2896	2900	3001	2957	2905	2969	2925	2977	2856	2953	2913	2928	2953	2883	2966	2901	2924	2974	2943	2924	2896	2900	2919	2884	2882	2965	2859	2898	2789	2950	2980	2884	2954	2909	2929	2958	2899	2867	2886	2946	2991	2841	2955	2967	2871	3013	2923	2969	2951	3004	2958	2911	2928	2911	2911	2939	3016	3067	3014	2862	2845	2913	2978	2922	2872	2883	2950	2977	2956	2983	2994	3069	2848	2947	2926	2935	2922	2981	2887	2919	2924	2961	2902	3034	2995	2918	1093.668321
2684	2689	2688	2616	2745	2710	2718	2625	2700	2717	2706	2708	2781	2672	2659	2759	2695	2725	2782	2766	2696	2734	2650	2694	2740	2640	2751	2748	2737	2706	2697	2727	2676	2833	2764	2715	2633	2692	2622	2699	2687	2729	2675	2669	2636	2685	2695	2673	2663	2725	2675	3607	2658	2770	2758	2686	2667	2684	2799	2714	2769	2740	2681	2746	2676	2638	2774	2833	2824	2673	2705	2701	2697	2722	2651	2695	2697	2754	2685	2691	2674	2715	2690	2730	2671	2738	2797	2762	2740	2798	2637	2683	2701	2715	2677	2680	1096.420561
2658	2621	2554	2520	2626	2558	2617	2643	2504	2579	2575	2580	2570	2550	2613	2574	2608	2579	2608	2617	2604	2541	2623	2609	2601	2631	2677	2586	2656	2562	2626	2623	2578	2522	2579	2602	2559	2458	2581	2602	2577	2617	2540	2586	2579	2620	2576	2577	2605	2581	2583	4707	2633	2552	2606	2586	2620	2600	2621	2676	2603	2548	2620	2656	2549	2598	2694	2694	2721	2590	2579	2611	2574	2590	2669	2625	2598	2628	2623	2570	2666	2625	2614	2582	2592	2523	2586	2612	2689	2587	2631	2531	2640	2550	2664	2560	1099.157951
2456	2485	2472	2585	2553	2495	2477	2608	2473	2538	2481	2512	2537	2532	2533	2578	2543	2492	2517	2585	2486	2511	2540	2492	2521	2520	2551	2583	2532	2518	2549	2523	2601	2536	2533	2553	2427	2473	2417	2571	2577	2595	2522	2545	2595	2506	2579	2505	2578	2547	2563	2490	2543	2532	2511	2505	2549	2582	2547	2552	2524	2504	2540	2588	2542	2508	2644	2681	2636	2556	2574	2499	2527	2488	2546	2497	2555	2522	2541	2520	2537	2620	2517	2552	2558	2629	2572	2559	2574	2563	2556	2568	2519	2567	2554	2490	1101.894054
2496	2496	2424	2519	2497	2465	2450	2502	2485	2477	2472	2429	2443	2464	2558	2493	2514	2518	2499	2551	2501	2514	2480	2549	2478	2477	2426	2589	2510	2552	2431	2562	2465	2518	2522	2463	2546	2442	2467	2461	2421	2459	2515	2501	2494	2479	2513	2484	2565	2515	2569	2513	2460	2489	2510	2461	2492	2480	2503	2534	2469	2506	2476	2503	2485	2543	2577	2621	2577	2461	2409	2567	2489	2481	2464	2470	2428	2456	2468	2554	2523	2545	2495	2456	2465	2529	2501	2538	2461	2559	2496	2534	2545	2452	2464	2578	1104.642407
2409	2449	2422	2452	2396	2434	2402	2378	2428	2449	2448	2449	2437	2381	2431	2453	2458	2447	2455	2464	2437	2384	2470	2459	2465	2467	2497	2416	2457	2520	2476	2421	2408	2455	2442	2466	2427	2356	2424	2430	2460	2440	2384	2434	2457	2435	2399	2377	2459	2421	2463	2464	2426	2418	2435	2507	2432	2511	2489	2441	2373	2448	2445	2477	2499	2505	2617	2568	2552	2456	2404	2457	2400	2434	2443	2396	2379	2376	2481	2505	2406	2507	2434	2441	2461	2532	2468	2444	2466	2401	2469	2413	2477	2414	2498	2437	1107.375933
2279	2393	2281	2358	2291	2348	2297	2371	2329	2317	2415	2413	2339	2364	2374	2310	2354	2394	2344	2315	2341	2360	2346	2343	2364	2367	2402	2418	2391	2364	2281	2365	2345	2317	2328	2384	2316	2253	2247	2418	2332	2366	2305	2302	2394	2375	2351	2294	2353	2380	2367	2376	2319	2378	2334	2341	2326	2334	2304	2354	2373	2373	2308	2379	2346	2344	2497	2475	2441	2306	2343	2326	2366	2372	2409	2316	2318	2373	2366	2345	2270	2332	2367	2339	2381	2413	2404	2322	2384	2386	2363	2320	2341	2326	2360	2335	1110.108175
2198	2242	2239	2204	2221	2225	2170	2258	2282	2216	2235	2287	2199	2255	2238	2207	2282	2283	2188	2275	2202	2239	2217	2238	2230	2278	2243	2246	2217	2266	2293	2287	2235	2235	2260	2231	2140	2180	2154	2223	2293	2222	2301	2301	2232	2212	2228	2249	2300	2257	2279	2211	2214	2228	2213	2288	2270	2311	2297	2257	2206	2226	2320	2236	2298	2235	2357	2354	2383	2170	2237	2198	2250	2244	2164	2207	2314	2251	2266	2240	2246	2305	2265	2235	2266	2283	2346	2261	2242	2287	2209	2275	2320	2251	2231	2295	1112.839133
2123	2131	2139	2124	2138	2163	2114	2151	2175	2161	2134	2166	2145	2161	2113	2189	2154	2142	2168	2159	2170	2148	2152	2104	2153	2136	2162	2194	2131	2207	2176	2178	2156	2183	2210	2111	2122	2110	2092	2095	2180	2072	2181	2223	2201	2106	2145	2156	2130	2154	2115	2192	2151	2126	2067	2172	2154	2144	2144	2168	2225	2152	2127	2217	2123	2122	2310	2288	2262	2112	2150	2196	2142	2103	2182	2200	2204	2148	2197	2211	2192	2132	2160	2222	2194	2201	2186	2208	2199	2181	2146	2103	2153	2176	2197	2200	1115.568809
2081	2149	2043	2112	2095	2102	2062	2053	2073	2145	2138	2149	2057	2142	2089	2075	2088	2135	2077	2145	2070	2118	2063	2085	2148	2101	2071	2098	2022	2070	2073	2133	2071	2055	2125	2078	2000	2078	2036	2187	2087	2080	2079	2118	2081	2061	2097	2098	2137	2117	2176	2060	2079	2093	2123	2112	2120	2077	2132	2134	2078	2119	2071	2076	2128	2054	2148	2129	2223	2051	2080	2069	2088	2126	2094	2117	2104	2133	2182	2161	2118	2171	2119	2072	2161	2106	2112	2138	2091	2131	2128	2147	2070	2119	2102	2130	1118.297204
2031	2036	2049	2022	2057	2025	2053	2043	2072	2093	2073	2078	2057	2066	2064	2031	2136	2091	2063	2128	2013	2086	2045	2064	2065	2065	2095	2108	2058	2157	2046	2067	2060	2078	2078	2066	2049	2014	2066	2026	2071	2099	2099	2026	2042	2145	2057	2065	2056	2149	2081	2019	2063	2017	2034	2073	2101	2059	2087	2036	2028	2053	2086	2070	2107	2084	2167	2149	2165	2090	2066	2091	2033	2045	2079	2091	2092	2065	2087	2059	2049	2150	2037	2093	2110	2093	2067	2130	2087	2130	2064	2048	2111	2044	2113	2060	1121.024318
2058	2019	2011	1985	1972	2013	2052	2001	2107	2085	2006	2049	2103	2049	2036	2032	2075	2069	2071	2029	2049	2048	2063	2070	2095	2042	2118	2137	2056	2069	2015	2042	2040	2105	2119	2099	1975	1938	2061	1983	2100	2043	2066	2067	2110	2034	2008	2079	2090	2056	2036	2062	2012	2013	2067	2038	2135	2107	2058	2069	2117	2087	2004	2069	2066	2125	2154	2183	2171	2049	2012	2084	2076	2064	2067	2083	2046	2079	2028	2042	2026	2071	2030	2051	2072	2096	2083	2068	2066	2081	2095	2054	2097	2084	2070	2071	1123.750152
2050	2028	2044	2040	2053	2078	2073	2051	2034	2067	2031	2140	2024	2105	2086	2050	2096	2076	2046	2060	2029	1998	2066	2041	2106	2015	2057	2097	2059	2089	2002	2043	2077	2085	2093	2041	1987	2048	2049	2018	2039	2083	2045	1986	2033	2081	2097	2097	2111	2067	2109	2047	2074	2010	2075	2097	2053	2108	2062	2026	2088	2062	2070	2116	2068	2053	2211	2258	2179	2070	2078	2144	2104	2063	2078	2085	2074	2095	2085	2035	2009	2074	2053	2017	2067	2103	2131	2077	2072	2086	2062	2089	2157	2058	2062	2018	1126.474707
2053	2067	2161	1999	2082	2069	2070	2095	2054	2075	2085	2097	2119	2083	2039	2067	2138	2081	2076	2082	2071	2072	2045	2030	2111	2120	2052	2096	2105	2113	2129	2073	2109	2085	2093	2097	1988	2034	1979	2084	2115	2065	2166	2064	2094	2049	2073	2049	2070	2090	2068	2070	2112	2056	2093	2058	2097	2037	2062	2127	2127	2122	2135	2070	2061	2001	2238	2186	2228	2111	2057	2070	2071	2014	2105	2062	2077	2013	2123	2060	2116	2100	2168	2079	2142	2068	2118	2136	2111	2109	2106	2053	2034	2141	2140	2059	1129.184506
2100	2091	2071	2115	2141	2149	2069	2088	2107	2081	2128	2037	2111	2127	2074	2113	2057	2099	2064	2141	2129	2037	2066	2123	2124	2076	2066	2093	2130	2123	2137	2142	2084	2089	2108	2154	2052	2079	2061	2104	2115	2065	2084	2140	2081	2076	2116	2139	2110	2154	2166	2062	2064	2082	2118	2125	2091	2150	2115	2097	2117	2143	2038	2081	2137	2143	2267	2213	2229	2049	2131	2121	2130	2115	2100	2126	2103	2118	2104	2051	2086	2133	2139	2073	2080	2102	2135	2108	2071	2123	2098	2111	2090	2135	2142	2185	1131.906513
2142	2200	2133	2159	2136	2109	2125	2100	2139	2158	2180	2105	2148	2106	2166	2137	2206	2161	2106	2138	2086	2120	2156	2109	2174	2124	2088	2156	2129	2168	2139	2122	2138	2202	2161	2175	2146	2109	2064	2153	2159	2135	2127	2148	2187	2180	2131	2205	2150	2224	2134	2118	2135	2122	2131	2169	2117	2214	2204	2199	2150	2136	2174	2152	2113	2186	2255	2228	2269	2127	2095	2132	2144	2201	2156	2162	2151	2157	2174	2188	2126	2185	2180	2191	2108	2130	2183	2150	2166	2221	2212	2127	2213	2122	2181	2136	1134.613778
2187	2162	2190	2203	2185	2200	2182	2184	2218	2184	2161	2193	2170	2158	2218	2190	2215	2165	2194	2126	2199	2203	2232	2219	2174	2202	2212	2203	2210	2237	2164	2206	2186	2215	2227	2147	2153	2111	2160	2143	2229	2190	2134	2227	2247	2121	2169	2141	2227	2212	2208	2189	2181	2166	2270	2195	2222	2227	2172	2212	2143	2239	2221	2246	2223	2250	2339	2291	2296	2182	2199	2162	2274	2186	2205	2199	2144	2201	2180	2133	2188	2192	2207	2225	2195	2205	2174	2243	2298	2243	2144	2241	2168	2257	2225	2127	1137.33324
2261	2260	2227	2177	2233	2207	2199	2186	2258	2253	2279	2256	2266	2234	2252	2259	2176	2274	2232	2256	2235	2222	2271	2193	2205	2281	2254	2297	2205	2260	2249	2244	2261	2234	2247	2253	2136	2146	2204	2278	2156	2307	2295	2188	2215	2201	2139	2255	2250	2280	2264	2163	2175	2246	2227	2292	2217	2231	2263	2213	2218	2306	2155	2248	2208	2253	2337	2313	2318	2185	2193	2262	2243	2263	2285	2176	2226	2256	2291	2188	2295	2278	2210	2225	2244	2199	2289	2213	2308	2301	2227	2261	2297	2241	2276	2245	1140.037974
2274	2317	2280	2330	2302	2267	2227	2332	2318	2299	2313	2290	2285	2278	2284	2266	2334	2321	2328	2300	2285	2262	2252	2280	2293	2228	2315	2334	2258	2274	2302	2293	2279	2371	2282	2301	2254	2171	2229	2272	2259	2257	2268	2242	2324	2271	2258	2360	2289	2248	2324	2286	2245	2281	2297	2313	2257	2293	2304	2314	2274	2335	2281	2317	2258	2334	2311	2350	2455	2273	2251	2289	2283	2217	2276	2279	2290	2306	2339	2286	2273	2319	2279	2221	2360	2318	2236	2329	2273	2306	2278	2346	2285	2279	2297	2293	1142.741448
2322	2329	2343	2300	2302	2379	2304	2295	2312	2274	2335	2296	2315	2250	2240	2290	2314	2318	2342	2287	2290	2327	2298	2303	2294	2331	2333	2378	2329	2287	2246	2320	2294	2340	2321	2302	2346	2288	2224	2297	2258	2339	2276	2280	2328	2290	2324	2294	2348	2395	2330	2323	2313	2283	2347	2295	2356	2344	2354	2320	2392	2375	2270	2334	2334	2348	2387	2471	2364	2334	2359	2266	2376	2310	2272	2352	2332	2341	2427	2369	2332	2403	2336	2359	2366	2417	2346	2323	2342	2326	2340	2346	2310	2342	2315	2355	1145.443661
2263	2352	2332	2331	2295	2313	2258	2367	2302	2336	2334	2333	2328	2319	2353	2315	2336	2330	2291	2275	2331	2335	2349	2391	2343	2359	2352	2315	2319	2333	2335	2290	2301	2325	2294	2373	2282	2327	2236	2370	2392	2291	2377	2299	2474	2293	2279	2350	2352	2376	2369	2254	2347	2367	2299	2318	2276	2367	2373	2354	2382	2370	2362	2357	2322	2360	2384	2384	2415	2328	2282	2293	2350	2329	2362	2338	2308	2288	2323	2338	2313	2416	2340	2285	2279	2455	2332	2369	2342	2399	2294	2333	2356	2378	2343	2324	1148.144615
2338	2383	2410	2292	2361	2293	2338	2400	2366	2311	2336	2371	2336	2320	2325	2332	2302	2308	2301	2356	2365	2428	2304	2312	2307	2366	2318	2354	2375	2356	2372	2294	2332	2286	2365	2325	2333	2243	2289	2344	2269	2346	2312	2317	2300	2348	2307	2366	2286	2310	2311	2293	2261	2380	2350	2356	2329	2351	2377	2332	2344	2341	2326	2358	2334	2360	2463	2405	2413	2303	2324	2262	2299	2337	2418	2279	2287	2379	2362	2316	2286	2401	2393	2342	2427	2379	2378	2383	2326	2306	2282	2380	2310	2323	2254	2320	1150.844312
2260	2279	2328	2283	2256	2258	2283	2302	2326	2319	2322	2299	2267	2303	2253	2284	2269	2315	2354	2337	2270	2298	2314	2291	2373	2309	2307	2360	2379	2304	2334	2308	2365	2329	2293	2285	2283	2291	2220	2330	2265	2287	2304	2351	2270	2342	2275	2259	2372	2368	2354	2264	2303	2249	2325	2267	2285	2342	2399	2338	2330	2337	2321	2348	2305	2294	2408	2390	2409	2330	2236	2317	2340	2372	2313	2363	2261	2247	2351	2254	2264	2331	2289	2298	2350	2328	2374	2353	2377	2323	2322	2277	2398	2331	2270	2309	1153.54275
2263	2215	2261	2272	2223	2220	2207	2259	2253	2277	2229	2236	2291	2269	2260	2218	2257	2308	2224	2229	2218	2216	2294	2243	2244	2228	2259	2271	2235	2252	2304	2254	2195	2287	2284	2247	2160	2206	2189	2279	2263	2233	2250	2281	2209	2242	2224	2248	2275	2308	2306	2234	2208	2233	2242	2263	2187	2233	2227	2318	2186	2259	2215	2207	2252	2204	2336	2354	2370	2225	2198	2263	2248	2337	2261	2254	2233	2296	2287	2175	2310	2259	2253	2287	2273	2303	2265	2274	2253	2263	2240	2275	2280	2362	2321	2239	1156.239933
2124	2093	2180	2178	2176	2184	2166	2158	2150	2186	2175	2205	2213	2168	2161	2201	2234	2184	2171	2173	2273	2161	2223	2179	2203	2134	2211	2155	2213	2154	2182	2195	2197	2206	2208	2177	2135	2138	2094	2195	2141	2226	2117	2160	2164	2184	2100	2142	2196	2181	2166	2119	2133	2167	2137	2175	2201	2203	2221	2194	2157	2164	2175	2123	2153	2118	2342	2287	2281	2150	2128	2135	2207	2209	2149	2158	2163	2186	2216	2214	2126	2255	2206	2210	2198	2188	2218	2226	2198	2231	2164	2194	2195	2175	2146	2223	1158.92245
1977	2087	2121	2090	2114	2118	2092	2110	2138	2159	2054	2110	2189	2112	2071	2119	2045	2131	2146	2119	2104	2135	2087	2153	2120	2093	2068	2038	2114	2149	2143	2072	2075	2083	2131	2163	2070	2058	2047	2132	2102	2054	2108	2134	2067	2071	2035	2103	2132	2117	2098	2164	2077	2143	2128	2134	2116	2110	2130	2169	2121	2094	2080	2190	2107	2140	2248	2218	2237	2145	2015	2065	2126	2127	2166	2137	2024	2117	2134	2161	2137	2142	2167	2210	2123	2122	2103	2146	2127	2141	2133	2154	2121	2088	2114	2124	1161.617128
2085	2042	2033	2070	2093	2120	2093	2079	2064	2095	2090	2080	2075	2121	2083	2111	2139	2080	2096	2088	2063	2075	2085	2081	2050	2071	2084	2086	2116	2020	2069	2074	2095	2105	2078	2047	2021	2009	1930	2067	2128	2064	2071	2122	2071	2059	2119	2075	2139	2072	2088	2030	2109	2147	2076	2109	2029	2090	2109	2081	2114	2037	2143	2130	2066	2103	2184	2171	2169	2011	2112	2100	2080	2053	2103	2101	2102	2066	2091	2157	2031	2137	2132	2114	2116	2065	2077	2074	2107	2114	2006	2108	2128	2115	2097	2045	1164.297156
2047	2049	2099	2066	2082	2047	2030	2038	2038	2080	2065	2081	2022	2133	2097	2046	2105	2074	2089	2005	2087	2018	2089	2081	2086	2087	2061	2105	2034	2088	2089	2104	2063	2034	2045	2078	2000	1988	1997	2104	2070	2052	2045	2080	2097	2054	2011	2084	2094	2029	2046	2112	2062	2012	2121	2051	2088	2068	2131	2038	2046	2086	2048	2060	2079	2081	2142	2100	2169	2012	2079	2081	2060	2001	2053	2081	2078	2027	2100	2097	2097	2136	2056	2081	2053	2079	2113	2086	2085	2038	2116	2001	2055	2056	2050	2033	1166.989334
2091	2073	2113	2031	2078	2072	2021	2004	2003	2065	2119	2066	2059	2050	2055	2064	2040	2071	2039	2049	2034	2084	2103	2045	2110	2076	2044	2015	2113	2049	2068	2037	2095	2084	2060	2018	1999	2039	2052	2052	2100	1998	2055	2040	2066	2051	2027	2006	2067	2087	2108	2066	2031	2066	2069	2101	2023	2078	2087	2115	2023	2018	2064	2039	2109	1956	2104	2175	2180	1965	1992	2081	2055	2078	2003	2134	2040	2058	2075	2075	2047	2109	1995	2073	2109	2135	2166	2054	2046	2102	2048	2043	2106	2018	2090	2118	1169.666875
2041	2061	2040	2035	2147	2081	2082	2034	2024	2079	2123	2055	2070	2084	2079	2086	2125	2110	2101	2061	2109	2125	2082	2125	2064	2035	2075	2057	2086	2071	2179	2083	2098	2105	2060	2154	1990	2029	2044	2088	2080	2151	2031	2075	2047	2030	2017	2041	2128	2119	2067	2105	2132	2048	2105	2084	2040	2069	2104	2059	2054	2090	2092	2039	2101	2052	2150	2210	2142	2074	2066	2041	2189	2112	2046	2117	2126	2073	2081	2171	2033	2169	2138	2048	2140	2101	2134	2109	2078	2087	2160	2073	2091	2059	2067	2061	1172.343177
2149	2165	2146	2142	2026	2125	2169	2102	2073	2154	2171	2131	2160	2125	2091	2177	2107	2137	2149	2138	2113	2119	2159	2117	2163	2146	2121	2119	2166	2174	2148	2160	2178	2159	2148	2172	2041	2069	2071	2095	2146	2174	2144	2122	2150	2091	2116	2138	2177	2181	2178	2109	2092	2117	2142	2139	2116	2187	2127	2157	2144	2135	2167	2130	2195	2119	2245	2217	2269	2086	2064	2100	2164	2132	2119	2168	2108	2074	2143	2140	2169	2189	2141	2125	2173	2210	2241	2159	2108	2217	2164	2166	2099	2174	2154	2126	1175.031614
2137	2215	2265	2164	2135	2199	2266	2195	2234	2206	2245	2210	2244	2199	2164	2275	2174	2192	2214	2248	2201	2175	2152	2261	2219	2178	2136	2222	2312	2223	2191	2247	2208	2236	2205	2181	2116	2107	2121	2229	2222	2195	2216	2257	2188	2165	2175	2214	2200	2223	2258	2244	2219	2150	2194	2267	2232	2225	2194	2246	2147	2177	2217	2165	2182	2211	2326	2311	2300	2112	2210	2237	2136	2152	2227	2284	2190	2187	2217	2193	2222	2251	2149	2146	2231	2204	2212	2182	2214	2266	2253	2255	2174	2207	2189	2180	1177.705435
2237	2114	2278	2264	2324	2245	2262	2158	2245	2299	2214	2287	2210	2240	2233	2260	2266	2293	2274	2277	2288	2391	2323	2253	2318	2282	2274	2247	2292	2288	2302	2266	2267	2299	2196	2262	2229	2213	2193	2242	2270	2243	2224	2229	2311	2313	2262	2241	2284	2244	2357	2243	2251	2258	2293	2232	2216	2230	2276	2258	2250	2268	2326	2249	2259	2284	2326	2329	2316	2257	2229	2210	2267	2274	2273	2266	2256	2229	2267	2214	2286	2332	2269	2204	2282	2271	2311	2288	2290	2235	2269	2309	2238	2277	2254	2220	1180.37802
2178	2253	2276	2227	2175	2263	2201	2206	2311	2193	2218	2280	2214	2184	2199	2220	2270	2287	2223	2264	2220	2294	2228	2240	2268	2212	2269	2245	2144	2246	2257	2236	2238	2247	2288	2286	2218	2224	2210	2306	2247	2310	2281	2216	2241	2254	2275	2243	2227	2288	2192	2216	2242	2250	2269	2293	2247	2281	2210	2224	2182	2187	2228	2290	2257	2203	2336	2319	2395	2223	2260	2197	2219	2300	2281	2259	2283	2303	2278	2217	2257	2276	2257	2163	2212	2304	2271	2276	2290	2308	2279	2263	2259	2319	2197	2255	1183.049369
2179	2179	2170	2286	2217	2232	2201	2237	2170	2252	2243	2199	2266	2146	2201	2233	2209	2203	2173	2224	2223	2242	2201	2229	2249	2170	2217	2215	2238	2230	2218	2212	2289	2165	2197	2221	2111	2158	2164	2164	2254	2195	2181	2170	2237	2232	2220	2185	2205	2264	2210	2193	2188	2168	2203	2148	2195	2262	2205	2227	2156	2234	2253	2236	2192	2213	2304	2256	2306	2197	2248	2143	2201	2199	2212	2272	2206	2181	2209	2225	2190	2232	2258	2195	2224	2244	2240	2291	2161	2212	2215	2208	2208	2223	2107	2196	1185.719485
2127	2124	2171	2166	2156	2100	2161	2137	2114	2119	2106	2129	2216	2213	2117	2163	2207	2208	2162	2156	2155	2177	2089	2123	2124	2140	2130	2117	2153	2143	2147	2145	2164	2183	2188	2186	2112	2070	2104	2134	2146	2155	2138	2096	2177	2115	2102	2138	2108	2172	2127	2097	2160	2137	2149	2162	2213	2159	2170	2127	2139	2135	2158	2154	2163	2141	2149	2266	2238	2118	2149	2142	2182	2134	2173	2131	2154	2190	2223	2180	2157	2294	2213	2181	2137	2206	2168	2139	2230	2226	2084	2165	2193	2199	2168	2132	1188.375025
2087	2057	2065	2076	2030	2091	2082	2060	2049	2111	2119	2106	2076	2105	2129	2084	2081	2057	2166	2136	2061	2132	2055	2093	2140	2142	2104	2072	2075	2100	2063	2128	2066	2079	2105	2088	2019	2053	2015	2101	2093	2097	2143	2111	2093	2141	2032	2085	2097	2109	2097	2067	2041	2084	2118	2101	2156	2105	2146	2122	2099	2025	2124	2101	2073	2169	2174	2239	2226	2165	2076	2034	2057	2046	2096	2073	2113	2091	2123	2167	2053	2127	2129	2064	2101	2147	2082	2108	2105	2063	2156	2120	2106	2170	2049	2124	1191.042679
2014	2020	2062	2064	2043	2037	2032	2033	1990	2026	2021	2038	2048	2039	2032	2091	2069	2061	2036	2129	2109	2004	2049	2015	2024	2081	1960	2084	2055	2033	2066	2036	2087	2047	2036	2024	1984	1997	1955	2016	2076	2060	1981	1986	2045	2023	2028	2018	2007	2076	2059	2056	1986	2075	2004	2046	1981	2079	2104	2060	2069	2019	2083	2088	2020	2120	2157	2166	2142	1990	2055	2034	2077	2036	2058	2082	2028	2037	2077	2027	2025	2126	2063	2021	2088	2091	2098	2060	2055	2096	2067	2099	2120	2035	2039	2035	1193.709102
2018	1956	1978	1991	1989	2010	2018	1991	2023	1997	2015	2012	2021	2008	2014	1948	2015	2026	1987	1952	2019	2004	1976	2017	1991	2012	2062	1993	2020	1985	1978	1949	2020	2033	2028	1999	1921	1942	1918	1953	1988	1951	1986	1979	1982	1965	1957	1994	2016	2016	2022	2015	1995	1985	2013	1995	2006	1981	2077	1970	2022	1915	1969	1978	2006	2009	2093	2088	2097	1971	2041	1965	1957	1993	1994	1987	2012	1986	2038	1989	2014	2070	2042	1982	2007	2047	2007	2064	1983	1988	2026	1978	2008	2021	2012	1962	1196.360971
1923	1981	1929	1920	1917	1929	1945	1910	1914	1970	2052	1978	2021	1970	1970	1954	1930	1958	1967	1975	1979	1939	1933	1949	1957	1915	1988	1985	1932	1967	1941	1968	1924	1952	1982	1941	1829	1903	1938	1966	1909	1910	1960	1972	1996	1876	1999	1918	1969	1985	2012	1946	1956	2005	1879	1953	1943	1963	1998	1933	1906	1968	1937	1960	1908	1961	2063	2072	2004	1923	1977	1928	1955	1894	1927	1898	1887	1965	2014	1976	1952	2031	1937	1934	1981	2034	1900	1984	1978	1932	1962	1909	1989	1910	1976	1976	1199.024939
1905	1904	1908	1900	1923	1909	1934	1902	1910	1951	1897	1930	1935	1908	1871	1906	1957	1893	1846	1901	1907	1918	1864	1932	1906	1874	1847	1968	1925	1927	1905	1940	1968	1950	1879	1926	1830	1886	1831	1953	1885	1886	1910	1941	1936	1884	1854	1880	1981	1924	1987	1905	1855	1915	1914	1862	1889	1919	1938	1940	1933	1877	1846	1920	1921	1912	2086	2026	2008	1829	1909	1866	1874	1899	1860	1863	1924	1931	1945	1947	1898	1911	1889	1909	1938	1930	1966	1885	1950	1895	1890	1926	1912	1946	1859	1912	1201.674367
1844	1864	1888	1874	1863	1873	1864	1836	1870	1854	1921	1909	1893	1934	1874	1876	1866	1929	1899	1833	1886	1880	1793	1863	1884	1885	1872	1908	1923	1897	1835	1870	1934	1890	1848	1858	1789	1813	1753	1836	1881	1861	1887	1835	1905	1893	1855	1893	1949	1870	1889	1875	1860	1815	1831	1870	1823	1879	1955	1885	1825	1833	1870	1913	1843	1831	1969	1977	1956	1821	1864	1876	1900	1888	1895	1854	1912	1914	1880	1846	1854	2001	1873	1893	1946	1921	1919	1890	1910	1920	1860	1833	1859	1847	1876	1831	1204.322578
1901	1876	1848	1843	1825	1804	1835	1782	1875	1861	1795	1876	1831	1837	1788	1887	1816	1841	1866	1779	1878	1850	1836	1817	1874	1848	1825	1872	1874	1877	1817	1833	1883	1843	1803	1866	1778	1821	1760	1853	1915	1866	1822	1900	1844	1809	1804	1800	1840	1854	1866	1813	1867	1790	1858	1847	1869	1827	1837	1888	1855	1828	1854	1820	1849	1863	1994	2003	1995	1811	1857	1812	1824	1826	1813	1832	1880	1814	1813	1911	1811	1871	1873	1852	1916	1837	1902	1835	1858	1846	1807	1857	1899	1842	1823	1851	1206.969574
1827	1844	1774	1849	1819	1856	1750	1784	1828	1844	1772	1814	1827	1836	1820	1846	1826	1842	1852	1804	1815	1817	1799	1857	1823	1783	1853	1851	1840	1816	1851	1790	1853	1844	1822	1771	1705	1748	1728	1844	1831	1784	1823	1813	1855	1831	1801	1837	1827	1749	1795	1816	1799	1846	1817	1748	1811	1827	1858	1835	1818	1879	1745	1848	1802	1829	1884	1905	1886	1790	1850	1810	1818	1848	1841	1838	1807	1779	1861	1807	1822	1960	1821	1818	1847	1752	1833	1800	1876	1846	1809	1857	1776	1859	1832	1804	1209.628648
1770	1779	1725	1772	1780	1809	1822	1825	1826	1818	1874	1822	1823	1826	1746	1746	1856	1782	1800	1847	1819	1795	1837	1804	1793	1817	1807	1818	1750	1787	1785	1857	1816	1822	1796	1825	1713	1741	1717	1880	1808	1814	1870	1780	1764	1786	1777	1773	1813	1864	1822	1794	1831	1810	1864	1784	1785	1795	1835	1823	1828	1732	1807	1742	1848	1779	1856	1926	1913	1844	1813	1783	1787	1764	1804	1795	1830	1821	1862	1851	1798	1909	1818	1850	1845	1821	1816	1846	1798	1827	1836	1736	1818	1809	1793	1816	1212.273209
1763	1814	1805	1818	1836	1782	1814	1797	1819	1793	1784	1859	1793	1818	1770	1838	1746	1804	1848	1849	1815	1806	1827	1849	1824	1814	1818	1839	1855	1809	1839	1812	1818	1830	1823	1870	1715	1724	1702	1798	1806	1798	1824	1831	1832	1788	1770	1757	1851	1836	1797	1832	1813	1745	1820	1774	1799	1829	1848	1871	1818	1802	1815	1844	1853	1811	1935	1973	1949	1764	1741	1776	1767	1805	1818	1776	1792	1862	1820	1777	1846	1924	1815	1858	1814	1857	1862	1885	1777	1798	1901	1805	1808	1787	1815	1806	1214.916558
1817	1812	1810	1843	1837	1797	1793	1751	1826	1765	1881	1836	1779	1748	1804	1889	1843	1865	1823	1806	1847	1841	1813	1869	1834	1881	1810	1842	1814	1882	1821	1854	1826	1852	1781	1834	1766	1816	1696	1826	1800	1795	1885	1796	1791	1804	1828	1842	1853	1864	1844	1869	1779	1793	1835	1790	1763	1845	1823	1818	1850	1840	1785	1802	1822	1858	1900	1921	1899	1866	1800	1776	1872	1848	1841	1835	1853	1819	1859	1809	1804	1923	1929	1804	1870	1901	1838	1838	1846	1888	1840	1841	1870	1853	1808	1795	1217.54542
1820	1834	1892	1821	1868	1838	1810	1864	1813	1869	1839	1774	1790	1814	1846	1841	1853	1859	1878	1865	1812	1843	1841	1834	1768	1875	1883	1866	1820	1782	1858	1841	1819	1875	1841	1813	1810	1758	1719	1907	1855	1819	1857	1897	1833	1851	1836	1808	1912	1847	1961	1839	1803	1796	1919	1863	1816	1838	1878	1835	1858	1782	1815	1829	1822	1852	1963	1913	1869	1842	1785	1831	1796	1827	1869	1837	1877	1857	1852	1768	1840	1943	1841	1832	1870	1826	1812	1944	1864	1847	1821	1840	1868	1803	1892	1894	1220.186351
1868	1903	1851	1868	1856	1900	1872	1842	1835	1879	1814	1832	1861	1882	1888	1844	1886	1848	1880	1868	1856	1880	1819	1853	1869	1830	1914	1922	1886	1912	1850	1858	1860	1795	1837	1860	1762	1806	1783	1894	1856	1863	1877	1871	1867	1791	1863	1842	1875	1877	1924	1821	1793	1860	1881	1855	1865	1850	1853	1887	1836	1838	1799	1873	1851	1908	1950	1942	1963	1866	1889	1833	1837	1856	1868	1849	1846	1832	1935	1898	1844	1953	1856	1900	1899	1834	1849	1896	1842	1826	1852	1882	1882	1855	1871	1863	1222.826072
1854	1821	1850	1929	1882	1867	1896	1926	1901	1847	1895	1902	1808	1889	1938	1922	1905	1925	1933	1902	1886	1892	1853	1868	1895	1881	1870	1890	1889	1861	1876	1881	1851	1896	1875	1896	1866	1777	1866	1913	1902	1853	1921	1848	1867	1932	1802	1825	1918	1858	1899	1872	1885	1879	1908	1856	1855	1876	1876	1906	1817	1950	1892	1856	1877	1953	2053	2032	2072	1850	1808	1885	1843	1872	1869	1927	1840	1862	1871	1877	1875	1936	1866	1829	1936	1912	1925	1917	1911	1924	1942	1848	1877	1923	1849	1916	1225.464583
1889	1938	1932	1913	1911	1921	1910	1895	1909	1947	1954	1940	1899	1872	1921	1933	1980	1976	1932	1901	1911	1887	1946	1925	1970	1897	1937	1914	1929	1967	1959	1975	1879	1925	1929	1977	1803	1888	1808	1942	1931	1942	1943	1905	1881	1875	1859	1836	1956	1932	1920	1958	1890	1874	1954	1916	1946	1971	1959	1914	2025	1962	1944	1926	1959	1940	2012	2009	1986	1924	1885	1904	1938	1934	1883	1921	1964	1958	1951	1873	1933	2010	1999	1964	1958	1973	1977	1876	1923	1930	1947	1931	1937	1939	1974	1934	1228.088636
1917	1959	1921	1955	1966	1923	1950	1897	1880	1962	1943	1959	1960	1910	1955	1975	1975	1964	1921	1964	1953	1985	1933	2012	2019	1955	1943	1923	1977	1918	1962	2009	1918	1953	1999	1991	1913	1939	1865	1975	1945	1952	1929	2015	1967	1950	1976	1963	1979	2046	1976	1936	1952	1943	1947	1987	1913	1962	2012	2033	1910	1925	1968	2000	1988	1968	2056	2031	2030	1964	1891	1925	1930	1964	2007	1930	1953	2003	1985	2005	1931	2101	2008	2000	2012	1978	1989	1975	1969	1991	1999	2039	2038	1999	1900	1958	1230.724736
1961	1971	2012	1991	1982	1978	2030	2023	2023	2035	2032	2042	2027	1971	2004	2031	1995	2036	2058	2013	1988	1999	2040	1998	1988	1980	1953	2036	2051	2026	2013	2054	2010	2077	2078	1972	1885	2035	1937	2008	2076	2104	2033	2055	2007	1958	2018	2020	2017	2026	2023	2040	1944	2052	2000	1993	1983	2021	2028	2034	2023	2011	2073	2035	2050	1997	2050	2128	2114	1956	1933	1978	2007	2023	1971	2084	2020	1978	2090	2047	2013	2145	1964	2039	2087	2013	2043	2072	2089	2088	2003	1995	2067	2040	1945	1974	1233.346392
1997	2092	2048	2087	2122	2067	1992	2070	2039	2013	2084	2037	2081	2068	2057	2057	2052	2095	2071	2126	2053	2040	2090	2065	2108	2067	2026	2075	2094	2117	2055	2117	2023	2083	2058	2073	2012	1994	2011	2010	2095	2133	2100	2088	2035	2104	2029	2116	2125	2173	2096	2080	2024	2094	2076	2083	2053	2048	2100	2079	2056	2095	2113	2036	2118	2100	2154	2135	2182	2028	2029	2070	2043	2089	2111	2106	2016	2054	2112	2060	2095	2216	2115	2041	2119	2032	2081	2099	2073	2104	2054	2070	2111	2121	2105	2053	1235.966854
2107	2128	2073	2069	2079	2129	2084	2113	2106	2095	2126	2063	2085	2139	2121	2165	2145	2117	2139	2135	2085	2113	2169	2117	2081	2113	2143	2147	2178	2088	2155	2109	2077	2139	2107	2131	2058	2024	2064	2132	2116	2087	2126	2087	2164	2126	2073	2061	2101	2094	2138	2055	2100	2025	2159	2082	2156	2149	2157	2125	2165	2134	2110	2179	2072	2150	2221	2196	2159	2096	2133	2059	2149	2155	2133	2123	2115	2154	2211	2156	2154	2234	2137	2129	2162	2150	2209	2173	2176	2150	2175	2225	2194	2146	2082	2131	1238.599348
2185	2169	2158	2176	2157	2162	2140	2155	2109	2144	2168	2119	2141	2198	2174	2096	2190	2234	2134	2160	2128	2199	2209	2163	2187	2174	2145	2167	2185	2154	2156	2174	2157	2095	2132	2171	2111	2097	2062	2119	2193	2108	2149	2109	2090	2132	2159	2165	2170	2118	2190	2147	2149	2168	2158	2179	2150	2159	2194	2126	2195	2158	2217	2189	2109	2175	2196	2263	2254	2130	2056	2179	2153	2140	2162	2208	2136	2136	2239	2177	2183	2252	2262	2144	2190	2221	2236	2216	2219	2182	2182	2214	2147	2172	2200	2124	1241.217417
2145	2225	2207	2229	2197	2163	2216	2240	2147	2176	2236	2227	2195	2130	2199	2220	2160	2171	2207	2234	2186	2193	2219	2240	2212	2157	2207	2299	2190	2240	2229	2214	2204	2179	2231	2238	2152	2139	2124	2182	2109	2192	2237	2238	2248	2188	2176	2174	2206	2211	2247	2226	2150	2209	2224	2168	2166	2231	2293	2284	2238	2181	2216	2243	2210	2182	2292	2283	2325	2206	2189	2114	2185	2223	2191	2203	2193	2225	2245	2213	2204	2337	2242	2209	2166	2208	2251	2178	2200	2254	2219	2265	2182	2226	2218	2160	1243.834295
2247	2244	2218	2258	2244	2226	2287	2191	2233	2239	2261	2270	2259	2273	2189	2286	2307	2224	2300	2284	2317	2241	2321	2215	2245	2224	2247	2242	2286	2251	2260	2301	2234	2293	2279	2305	2122	2185	2189	2288	2184	2220	2233	2283	2269	2315	2333	2201	2297	2300	2354	2236	2271	2219	2241	2256	2248	2308	2259	2292	2253	2227	2310	2240	2272	2277	2372	2364	2345	2239	2206	2229	2289	2221	2277	2304	2283	2245	2315	2277	2275	2390	2241	2290	2303	2300	2323	2323	2279	2265	2290	2245	2221	2203	2257	2194	1246.449982
2318	2377	2272	2402	2322	2334	2352	2323	2354	2385	2287	2361	2343	2364	2341	2305	2275	2330	2280	2266	2259	2336	2349	2356	2319	2276	2391	2352	2321	2328	2302	2400	2367	2398	2264	2354	2321	2301	2306	2322	2309	2355	2314	2357	2338	2309	2276	2257	2328	2401	2330	2329	2235	2309	2310	2331	2351	2314	2399	2362	2379	2349	2329	2364	2379	2323	2445	2425	2431	2315	2288	2317	2263	2384	2355	2353	2293	2313	2401	2360	2298	2363	2347	2313	2340	2394	2422	2338	2309	2314	2316	2396	2333	2291	2333	2344	1249.064479
2400	2449	2399	2425	2327	2430	2427	2385	2416	2472	2410	2403	2373	2365	2324	2440	2364	2354	2383	2404	2389	2444	2379	2415	2435	2431	2479	2383	2434	2440	2423	2459	2386	2431	2431	2467	2342	2327	2378	2429	2386	2431	2419	2457	2382	2370	2387	2368	2438	2420	2524	2427	2450	2401	2417	2373	2402	2440	2380	2431	2394	2387	2388	2410	2364	2412	2462	2548	2540	2347	2323	2385	2394	2456	2385	2419	2398	2439	2449	2421	2410	2500	2417	2396	2424	2472	2438	2410	2405	2458	2428	2365	2430	2437	2402	2453	1251.664591
2529	2531	2578	2548	2572	2538	2497	2599	2553	2542	2575	2565	2556	2514	2556	2471	2527	2529	2606	2567	2489	2530	2576	2535	2509	2518	2558	2485	2549	2554	2575	2534	2550	2552	2521	2569	2392	2482	2463	2547	2559	2460	2561	2556	2522	2518	2486	2567	2584	2614	2569	2535	2474	2543	2582	2610	2498	2567	2624	2567	2584	2606	2512	2564	2543	2489	2670	2680	2579	2581	2535	2513	2526	2542	2553	2628	2519	2569	2513	2532	2572	2656	2519	2524	2561	2562	2573	2551	2565	2535	2574	2527	2503	2545	2595	2561	1254.276716
2727	2653	2774	2750	2726	2697	2741	2723	2676	2749	2684	2731	2720	2678	2703	2727	2693	2736	2715	2749	2758	2641	2655	2679	2685	2770	2681	2733	2724	2740	2755	2773	2713	2718	2696	2742	2616	2684	2649	2737	2719	2695	2672	2657	2669	2664	2679	2636	2726	2704	2678	2803	2755	2718	2733	2725	2708	2753	2748	2777	2738	2767	2796	2766	2765	2673	2788	2800	2785	2705	2684	2681	2675	2718	2682	2709	2718	2663	2798	2732	2729	2831	2770	2697	2743	2724	2689	2805	2765	2756	2731	2744	2759	2714	2746	2630	1256.887653
2885	2881	2959	2875	2913	2832	2891	2982	2908	2932	2953	2988	2910	2898	2847	2916	2930	2897	2946	2846	2950	2868	2855	2900	2945	2975	2831	2986	2947	2928	2959	2840	2896	2828	2890	2872	2819	2872	2786	2883	2910	2963	2919	2851	3013	2902	2863	2925	2977	2962	2913	2922	2888	2872	2918	2893	2866	2950	2924	2948	2952	2848	2869	2968	2857	2914	3015	2920	3051	2838	2869	2832	2990	2842	2936	2926	2960	2908	2984	2941	2943	3013	2913	2876	2981	2957	2908	2928	2908	2858	2973	2928	2873	2966	2862	2897	1259.484226
3064	3123	3091	3188	3095	3117	3142	3136	3101	3118	3221	3115	3048	3121	3200	3076	3133	3089	3132	3140	3111	3139	3152	3141	3150	3105	3118	3121	3164	3175	3121	3027	3126	3106	3099	3139	2978	3104	3033	3098	3121	3136	3139	3081	3121	2982	3038	3030	3207	3196	3192	3126	3059	3152	3111	3118	3070	3153	3038	3137	3134	3153	3125	3100	3157	3096	3174	3297	3146	3048	3037	3075	3069	3083	3107	3170	3065	3124	3173	3119	3063	3134	3161	3033	3226	3063	3136	3054	3160	3080	3124	3132	3045	3077	3024	3024	1262.092796
3180	3239	3184	3213	3249	3179	3239	3125	3254	3280	3170	3161	3182	3183	3225	3306	3194	3191	3242	3204	3198	3214	3165	3220	3243	3174	3190	3266	3236	3185	3311	3195	3129	3179	3171	3141	3168	3210	3165	3246	3120	3232	3141	3182	3212	3101	3218	3248	3240	3191	3291	3172	3165	3186	3241	3143	3215	3243	3207	3255	3240	3209	3204	3165	3198	3245	3378	3263	3271	3107	3134	3146	3207	3255	3163	3245	3241	3158	3283	3177	3255	3291	3221	3192	3305	3270	3239	3193	3276	3180	3193	3153	3239	3142	3209	3216	1264.687015
3113	3183	3152	3183	3246	3233	3167	3141	3153	3131	3128	3156	3104	3104	3144	3160	3194	3130	3195	3165	3125	3135	3209	3091	3104	3101	3167	3115	3141	3121	3113	3114	3118	3194	3187	3253	3132	3098	3024	3176	3155	3185	3105	3158	3133	3109	3217	3101	3194	3190	3150	3150	3129	3172	3146	3104	3180	3144	3144	3118	3149	3146	3128	3176	3128	3164	3279	3220	3346	3156	3105	3073	3163	3136	3070	3193	3181	3169	3279	3196	3156	3288	3122	3139	3169	3236	3137	3131	3140	3132	3153	3143	3118	3185	3079	3139	1267.293222
3052	3066	3017	3019	3000	2963	3014	2909	3006	2982	2981	3065	2987	2983	2970	3023	3048	3064	3042	2985	3011	2912	3027	2958	3084	2967	3031	2988	3008	3036	3041	2990	3019	3003	3036	3018	2912	2952	2921	2960	2946	2946	3044	2943	3012	2938	3019	3009	2941	3064	2950	2994	2962	2964	3067	3009	2980	3013	3022	2985	3030	3026	2948	3007	2964	2974	3082	3076	3088	2957	2932	2994	2979	2955	2926	3011	2940	3067	2929	3057	2983	3111	3043	2907	2990	3040	2993	2972	2964	2962	2917	2951	2978	2923	3020	2959	1269.885091
2711	2772	2729	2779	2777	2830	2764	2849	2776	2784	2859	2785	2754	2668	2769	2737	2750	2834	2788	2770	2749	2764	2758	2739	2807	2763	2726	2808	2776	2771	2740	2763	2708	2761	2790	2741	2707	2724	2709	2775	2805	2710	2753	2785	2800	2748	2715	2787	2768	2713	2879	2772	2802	2764	2832	2765	2757	2696	2775	2774	2784	2786	2773	2744	2795	2760	2850	2858	2853	2743	2773	2749	2771	2798	2717	2736	2735	2751	2828	2772	2847	2898	2724	2754	2752	2865	2789	2782	2783	2720	2778	2821	2738	2767	2738	2844	1272.475789
2511	2549	2501	2504	2570	2545	2490	2518	2536	2560	2545	2538	2531	2550	2667	2573	2530	2512	2565	2484	2561	2500	2458	2528	2527	2518	2516	2479	2537	2585	2510	2563	2494	2557	2487	2478	2438	2491	2468	2537	2511	2490	2537	2527	2539	2544	2502	2515	2513	2579	2549	2472	2482	2522	2542	2506	2554	2523	2554	2566	2514	2552	2546	2576	2631	2547	2620	2699	2643	2499	2510	2502	2539	2578	2557	2625	2556	2546	2533	2594	2527	2704	2593	2501	2615	2562	2538	2568	2562	2524	2516	2616	2570	2519	2527	2559	1275.065317
2376	2363	2348	2375	2372	2348	2301	2377	2319	2324	2355	2344	2372	2337	2336	2375	2381	2405	2328	2307	2371	2403	2318	2360	2313	2350	2318	2306	2366	2393	2362	2358	2344	2356	2402	2332	2345	2345	2320	2394	2339	2402	2365	2406	2367	2399	2351	2348	2387	2398	2390	2419	2307	2324	2375	2404	2384	2401	2343	2391	2389	2371	2350	2359	2332	2386	2433	2455	2432	2321	2350	2390	2400	2357	2416	2384	2352	2345	2413	2390	2385	2501	2412	2344	2435	2440	2353	2413	2404	2407	2421	2349	2379	2394	2357	2388	1277.653676
2173	2292	2211	2255	2268	2244	2279	2198	2239	2230	2231	2286	2209	2208	2285	2178	2236	2289	2250	2218	2298	2234	2247	2195	2243	2192	2212	2243	2216	2248	2241	2243	2212	2236	2282	2269	2173	2172	2132	2199	2284	2176	2279	2159	2205	2203	2194	2173	2304	2300	2265	2216	2238	2277	2249	2222	2240	2244	2205	2243	2214	2218	2267	2301	2279	2233	2265	2333	2326	2258	2179	2222	2182	2266	2282	2186	2197	2277	2290	2226	2234	2329	2306	2200	2280	2283	2198	2283	2281	2247	2236	2296	2247	2267	2293	2282	1280.240866
2146	2126	2192	2198	2203	2126	2118	2177	2133	2150	2187	2162	2110	2148	2178	2097	2169	2111	2182	2255	2169	2173	2154	2131	2191	2183	2148	2183	2168	2182	2153	2139	2201	2211	2139	2110	2108	2075	2154	2149	2111	2104	2160	2092	2171	2188	2145	2133	2227	2215	2121	2091	2196	2180	2142	2128	2219	2134	2096	2263	2142	2203	2212	2175	2131	2123	2300	2223	2220	2160	2149	2205	2226	2118	2219	2173	2184	2148	2152	2132	2122	2295	2205	2171	2166	2237	2095	2187	2176	2176	2161	2149	2134	2139	2162	2183	1282.826889
2044	2079	2036	2081	2045	2036	2090	2022	2211	2093	2129	2157	2063	2094	2013	2110	2079	2058	2048	2101	2062	2112	2086	2093	2090	2107	2064	2117	2093	2134	2073	2070	2124	2089	2109	2056	2063	2023	2043	2027	2079	2033	2085	2066	2129	2038	2104	2044	2116	2111	2149	2074	2145	2105	2115	2104	2143	2133	2087	2100	2051	2178	2124	2040	2095	2054	2189	2169	2165	2048	2026	2045	1985	2095	2122	2114	2096	2100	2117	2127	2075	2190	2120	2096	2119	2158	2076	2130	2125	2049	2152	2141	2083	2156	2072	2131	1285.411744
1998	2002	2034	2053	2043	2049	2053	2021	2030	2039	2043	2068	2051	2077	2006	2085	2064	2030	2109	2058	2065	2011	2019	2057	2066	2078	2061	2050	2079	1966	2005	2069	2079	2095	2071	2013	1976	1972	1980	2037	2011	2077	2075	2016	2089	1999	2050	2072	2038	2094	2076	2023	2008	2029	2028	2092	2070	2092	2051	2066	2053	2059	2124	2006	2121	2030	2206	2123	2178	2001	1977	1969	2012	2093	2056	1999	2001	2020	2116	2041	2053	2215	2046	2048	2151	2096	2078	2154	2115	2086	2021	2112	2059	2035	2050	2084	1287.982321
1938	1975	2041	1978	1990	2041	2046	1961	2082	2040	2068	2018	2050	2021	2030	2012	2040	2024	2062	2001	2033	2001	1990	1967	2059	2028	2032	2040	2094	1972	1988	2022	2014	2005	2045	2020	1959	1968	1986	2020	2046	2005	1993	1971	2021	1997	1987	2020	2093	2025	2051	2065	2018	2003	2022	2010	1974	2041	1997	2076	2008	1975	2017	2006	2018	1998	2124	2087	2068	1977	1994	1983	2010	1962	2042	1975	2001	1988	2027	2056	2061	2169	2053	2035	2042	2050	2007	1988	2053	2032	2082	2034	2032	2020	2097	2011	1290.564851
2027	2007	1967	1986	1945	1959	2041	2016	2020	1989	2046	2038	1966	2005	1947	1999	1995	2009	1990	2062	2001	2032	1984	1977	1993	1995	2027	2017	2034	1980	2019	1963	2047	1993	2043	2007	1951	1961	1936	1992	1981	2009	2013	2036	2041	1939	1947	1987	2042	2066	1963	2023	2021	1979	2002	2006	2094	2017	2014	2027	1996	2006	2007	1965	2084	2003	2086	2049	2106	2012	1982	1965	2036	2071	2029	2000	1991	2011	2059	1999	2042	2168	2053	1964	1982	1998	2071	2026	2037	2014	2018	1996	2028	1986	1989	2018	1293.133115
1941	1995	2064	2056	1993	2030	1985	2000	1929	2010	2035	1996	2026	2002	2007	1942	1987	2001	2017	2027	1982	1996	2068	1990	1958	1952	2031	2069	2021	2017	2002	2021	2036	1978	2038	2050	1971	1928	1872	1940	2044	1998	2031	1984	2040	1957	2034	1976	2040	2076	2055	2015	1966	2030	2024	2014	2025	2029	2073	2076	2001	2068	2007	1988	2002	2006	2051	2073	2102	1966	1989	1998	1980	2016	1984	1997	2025	1996	2084	1973	1977	2084	2015	1989	2044	2031	2055	2071	2049	2059	2023	2001	2039	1956	1985	1968	1295.713322
2007	2009	1993	1999	1972	2009	2020	2046	2016	1973	2035	1999	1987	1972	1964	2003	1981	2025	2034	1969	2065	2014	2057	2004	2006	1988	1942	2005	2044	2000	2028	2027	2052	2006	2000	1948	1942	1890	1976	1952	1992	1986	1980	1938	1980	2002	2006	1937	2053	2064	2001	1988	1979	2020	2060	1942	1962	2037	1990	2028	1990	2049	1993	1952	2045	1986	2070	2033	2089	1958	1919	1982	1947	2057	2032	2060	1988	2008	2117	2077	2009	2094	2017	1995	2073	2012	2041	1978	2052	2079	2015	2038	1990	2049	1960	2003	1298.279278
1995	1998	1998	2041	2061	1995	2040	2013	2033	2032	2098	1999	1980	2001	2001	1964	2044	2010	2098	2028	1956	2032	2052	2032	1982	2013	2020	2059	1994	2008	2041	1997	2045	2026	1978	2012	1921	1892	1943	2041	1998	2015	1994	2048	1952	1970	2000	2041	2030	1971	2039	1970	2022	1959	1997	1979	1953	2014	2028	2017	1976	2016	1992	2003	1997	2061	2101	2095	2113	1943	1981	1977	1988	1983	1940	2006	2041	1954	2095	2043	1998	2098	1982	1996	1985	2018	2010	2052	1969	1993	1948	2067	2033	2015	1993	1977	1300.857166
2070	1959	2012	2020	2079	1968	1946	1990	1999	2023	1961	2026	1999	2006	2072	1996	1992	2013	2060	2022	2003	2027	1994	2064	2014	1974	1948	2003	1960	1944	1997	2027	2054	2042	1976	2015	1913	1902	1916	2064	1973	2021	1998	2023	1992	1982	1969	1962	2058	2017	2029	2018	1980	1977	1972	1972	2017	2072	2070	2075	1956	2002	2022	1955	2032	2037	2044	2078	2088	1933	1940	1947	1983	1974	1970	2018	2024	1995	2049	2047	2036	2092	1977	2013	2049	2071	2059	2038	2016	2019	2046	1979	1970	1982	1946	2001	1303.420815
1977	2007	1990	1994	1947	1965	2001	1931	2057	2008	2006	2047	1997	2016	2041	2011	2008	2048	2028	2038	1997	2007	2000	1968	1990	2003	2009	2031	2055	1990	1945	1984	2034	2056	2017	2037	1942	1934	1974	1962	1950	1982	2009	2003	2011	1969	2003	1965	2086	1970	2075	1996	1959	1996	2034	2020	2018	2092	2012	1995	2007	1994	2042	2033	1978	1985	2034	2089	2083	2002	1988	1946	1970	1947	1955	2045	1992	1990	2036	2034	2030	2074	1974	1925	2032	2005	2015	2031	2036	2024	2013	1994	2046	2031	1984	1996	1305.983315
1979	1985	2017	2014	1983	2031	1953	2029	1952	2010	2057	1959	1993	1999	1954	1955	1941	2010	2052	2027	1966	1975	2027	2001	1989	1945	1974	1960	1956	2043	2008	2047	2007	1988	1965	1935	1936	1904	1944	1992	2003	1942	2038	2032	2067	1982	1944	1964	1995	1988	2024	1952	1955	1964	1970	1994	1965	1920	1964	1988	1979	1964	2028	1986	1981	1959	2044	2081	2092	1913	1983	1982	2021	1945	1919	2088	1957	2004	1954	2061	2026	2093	2040	1970	2017	2010	2024	1981	1981	1987	2013	2066	1977	2003	1995	2011	1308.544668
1929	1940	1931	1904	1898	1937	1937	1958	1983	1963	1985	1930	1947	1961	1972	1978	1946	1972	1883	1934	1956	1947	1942	1943	2023	1917	1921	1945	2009	1964	1965	1924	1882	1966	1983	2020	1835	1873	1828	1933	1961	1904	1999	1996	1974	1950	1952	1955	2017	1994	2027	1973	1939	1942	2001	1987	1905	1962	1998	1940	1961	1996	1994	1919	1976	2005	2087	2007	1996	1923	1947	1929	1937	1945	2002	1898	1991	1972	2037	1975	1945	2092	2019	2031	1995	1997	1957	2003	2014	1927	2033	1980	1956	1980	1958	1953	1311.104873
1884	2013	1924	1850	1951	2006	1924	1927	1950	1957	1936	1922	1972	1885	1987	1966	1901	1951	1843	2018	1926	1963	1979	1972	1912	1973	1894	1988	1998	1929	1956	1931	1987	1935	2009	1933	1839	1893	1853	1938	1910	1956	1981	1933	1969	1887	1915	1932	1978	2008	1953	1895	1932	1986	1953	1942	1967	1975	2015	1952	1923	1964	2039	1999	1920	1929	1975	2012	1930	1910	1913	1880	1869	1949	1931	1898	1998	2008	2000	1940	1943	2116	2013	1992	1913	1870	1928	2012	2000	2003	1942	1951	1907	2002	1918	1978	1313.663931
1890	1907	2022	1966	1902	1951	1918	1940	1968	1927	1911	1942	1972	1971	1951	1914	1929	1951	1975	1987	1935	1923	1969	1975	1931	1953	1936	1947	1926	1931	1953	1931	1898	1923	1964	1909	1838	1905	1873	1927	1904	1965	1897	1938	1897	1970	1937	1901	1995	1975	1966	2000	1911	1903	1935	1875	1894	1917	1961	1929	1949	1979	1887	1961	1943	1887	2023	2057	2057	1874	1920	1914	1908	1927	1942	1975	1977	1949	1993	1978	2001	2105	1944	1979	1967	1982	1992	1946	1941	1955	1975	1960	1948	1952	1913	1970	1316.221843
1903	1912	1867	1952	1934	1937	1964	1918	1929	1925	1962	1916	1917	1938	1933	1968	1912	1971	1905	1953	1950	1942	1931	1986	1970	1955	1973	1939	1920	1914	1911	1927	1916	1894	1923	1972	1897	1854	1871	1910	1932	1946	1936	1950	1956	1908	1937	1928	1932	1943	1966	1918	1993	1869	1942	1944	1919	1923	1877	1895	1931	1915	1913	1927	1956	1908	2057	2048	2035	1908	1873	1858	1932	1870	1864	1977	1956	1950	1996	1971	1946	2083	2006	1983	2009	2014	1928	1960	1977	2027	1974	1977	1896	1948	1961	1912	1318.765569
1963	1929	1881	1959	1898	1924	1953	1929	1917	1926	1971	1942	1971	1958	1907	1933	1923	1941	1988	1888	1961	1971	1885	1909	1931	2004	1955	1981	1952	1951	1953	1923	1936	1932	1989	1859	1920	1831	1905	1868	1926	1909	1967	1983	1981	1956	1867	1886	1927	2021	1962	1923	1923	1929	1931	1927	1953	1957	2007	1969	1944	1910	1876	1923	1912	1917	2002	1963	1987	1901	1942	1929	1935	1924	1895	1943	1938	1908	2002	1985	1944	2078	1919	1888	1969	1968	1937	1920	1957	1961	1957	1957	1972	1922	1919	1909	1321.321197
1851	1901	1943	1938	1970	1882	1907	1979	1896	1931	1964	1958	1937	1946	1930	1927	1923	1966	1964	1894	1964	1915	1873	1950	1963	1930	1918	1925	1947	1966	1956	1976	1957	1923	2013	1955	1849	1867	1814	1947	1913	1938	1975	1899	1978	1928	1918	1893	1973	1966	1941	1875	1950	1961	1897	1972	1911	1935	1899	1986	1921	1898	1891	1935	1937	1967	2001	2029	1981	1957	1933	1903	1983	1917	1952	1926	1994	2040	1996	1880	1951	2105	1948	1979	1938	1989	1959	2014	1961	1981	1962	1907	1952	1913	1925	1979	1323.875682
1865	1984	1933	1877	1966	1913	1901	1933	1945	1919	1973	1928	2016	1921	1916	1925	1870	2001	1936	1891	1959	1905	1926	1963	1946	1916	1970	1978	1906	2000	1969	1921	1952	1916	1897	1980	1866	1860	1889	1964	1933	1935	1942	1969	1960	1927	1881	1869	1971	1971	2014	1932	1952	1908	1944	1952	1953	1938	1919	1917	1934	1908	1924	1944	1948	1963	1990	2039	2042	1878	1925	1904	1928	1907	1897	1949	1932	1921	2023	1964	1905	2106	1945	1974	1980	2005	1985	1996	1915	1937	1953	1933	1883	1915	1921	1979	1326.416001
1924	1925	1936	1985	1906	1933	1976	1909	1963	1950	1945	1987	1960	1925	1953	1938	1975	1970	1993	1897	1941	1993	1921	1940	1954	1968	1926	1942	1928	1968	2000	1950	1909	1925	1904	1920	1815	1901	1870	1921	1918	1926	1954	1911	1959	1954	1936	1911	2019	1924	2029	1897	1935	1964	1970	1903	1886	1993	1932	1950	1935	1958	1906	1936	1937	1909	1965	2038	1960	1879	1939	1907	1936	1944	1924	1960	1926	1969	2021	1975	1937	2065	1997	1986	1966	1948	1929	1956	2018	1968	1915	1955	2011	1959	1919	1929	1328.955188
1952	1948	1923	1933	1921	1974	1943	1922	1928	1980	1872	1976	1897	1974	1958	1935	1966	1953	1962	1920	1895	1970	1994	1950	1927	1945	1941	1976	1915	1885	1956	1898	1920	2019	1981	1948	1872	1861	1867	1985	1909	1904	1976	1992	1955	1909	1935	1976	1986	1958	1963	1942	1942	1914	1970	1942	1933	1925	1924	2035	1967	1914	1931	1967	1959	1942	2033	2043	2001	1916	1909	1883	1914	1956	1910	1906	2012	1968	2075	1927	1935	2041	1962	1956	1981	2044	1974	1954	1947	2000	1928	1933	1957	1952	1978	1957	1331.506259
1917	2004	1962	1945	1914	2028	1934	1968	1956	1977	1995	2011	1940	2014	1960	1976	2023	1976	2005	1941	1971	1945	1968	1970	2016	1974	1939	2049	1976	2010	1941	1960	1916	1947	1981	1943	1855	1842	1861	1972	1954	1979	1974	1976	1963	1941	1952	1975	2007	2014	1960	1974	2026	1913	1953	1965	1958	1966	1941	1989	1920	1984	1933	2044	1961	1958	2027	2070	2040	1905	1940	1866	1966	1980	1927	2009	1987	1991	2020	1930	1949	2113	1994	1976	2019	1985	1976	1979	2018	1988	1949	1988	1981	1947	2009	1980	1334.043182
1925	2019	1917	1958	1959	2022	1980	1978	1965	1968	1959	2033	1989	1974	1967	1992	1999	2007	2023	1977	1988	1949	1966	1972	1961	1975	1929	2018	1975	2018	2010	1956	1976	1983	2006	1934	1929	1988	1890	1996	1965	1926	1988	1958	1917	1949	1928	1984	1949	1944	1978	1942	1947	1943	1978	2041	1954	1995	2001	1945	2002	1897	2012	1963	2027	1951	2038	2074	2022	1895	1934	1962	1966	1979	1954	2008	2010	1957	2072	1982	1996	2142	2005	1995	1913	2037	2015	1952	2013	1990	1986	2119	1994	2014	1956	2013	1336.578977
1902	1985	1975	1979	2022	1930	1924	1995	2002	1976	1981	2012	1999	1929	1969	1979	1975	2022	1932	1987	1979	2027	1987	2033	1940	1953	1967	2036	2037	1958	1956	2027	1980	1989	1999	2016	1841	1891	1955	1935	1938	1945	1962	1964	2028	1974	1947	1985	2031	1966	2028	1989	1975	1968	1956	1965	2007	1980	2018	2001	2050	1991	2049	1956	2019	1976	2001	2042	2072	1969	1949	1887	1972	2041	1957	1957	2035	1975	2052	1998	1927	2125	1996	1982	2034	1999	2012	2013	2031	2060	2004	2064	1961	1979	1990	1982	1339.113645
1965	1973	1992	2027	2010	1996	1975	1982	1961	2021	1966	2062	1981	2047	1992	1983	2054	2009	2006	1937	1979	2002	2033	2026	2025	1995	2026	1956	2051	2003	2002	2039	1973	1988	2084	2087	1950	1963	1941	2014	2025	1962	2057	2008	1991	1995	2006	1980	2048	2095	2062	1975	2033	1952	2023	1909	2012	2015	1984	2035	2070	1965	1977	2060	1983	1999	2114	2129	2014	2005	1935	1963	1969	2000	2035	2000	2001	1968	2119	2008	1987	2136	2012	1938	2040	2026	2076	2006	2001	2121	1990	2036	2025	2046	2024	1982	1341.647186
2006	2041	2036	2030	2002	2027	1938	2017	2007	2057	1997	2060	1988	2002	2022	1957	2007	2061	2065	2068	2030	2031	2058	2094	2021	2011	2010	2020	2043	2046	2022	2041	2016	1990	2068	1995	1941	1965	1916	2048	2020	2041	2008	1973	2023	2061	2010	2010	2032	2041	2018	2021	2038	1997	2063	2038	1995	1996	1982	1955	1990	2016	2026	2059	1970	2081	2083	2088	2075	1968	2052	2005	1986	1962	2006	1999	2028	2042	2101	2077	1980	2120	2045	2011	2056	2054	2058	2022	2074	2058	1991	2074	2007	1969	1968	2017	1344.179602
1988	2014	2060	1980	2033	2023	1989	1932	2008	2034	2023	2084	2002	2036	2044	1965	2043	2020	2011	2032	2052	2063	1981	1995	2038	2076	2050	2073	1954	2018	2089	2045	2022	2033	1990	1991	1969	1971	1965	2043	1996	2046	2034	2054	2071	2025	2044	1976	2067	2139	2054	1997	2052	2003	1999	2059	2001	2064	2021	2111	2079	2079	2020	1997	2151	1965	2068	2100	2116	1988	1965	1972	2075	2054	2044	1970	2090	2006	2129	2048	2105	2214	2096	2016	2120	2111	2069	2081	2009	2001	2064	2029	2022	2056	2025	2013	1346.710892
1943	1993	2005	2035	2016	2035	2082	1983	2094	1962	2101	2025	2036	2021	2037	2060	2015	2094	2060	2060	2053	2062	2052	1988	2052	2031	2017	1991	2044	2006	2020	2022	2011	2018	2025	2067	1946	1924	1936	2094	1996	1999	2074	2051	2040	2046	2017	1984	2078	2024	2048	2018	2031	1963	2085	2027	2056	2081	2043	1985	2026	2018	2032	2082	1990	2034	2028	2065	2086	2024	1994	1988	2033	2039	2024	2068	2045	1997	2136	2019	2064	2125	2043	2035	2126	2069	2054	2048	2066	2086	2078	1985	2100	2051	2021	2071	1349.241058
1956	2028	2004	1993	1933	2026	2024	2006	2029	2025	2072	1975	2019	1979	1970	2005	2002	2069	2066	1976	2022	2004	2033	2066	2032	1991	2015	2035	1987	1992	2058	2041	2039	1967	2032	2043	1945	1961	1945	2012	1996	1980	2008	2088	2032	1987	1965	2038	2005	2070	2064	2002	1983	2029	1984	2087	1975	1995	1987	2056	2061	2017	1979	2060	2039	2007	2122	2056	2083	1959	2025	2004	2033	2048	2018	2029	2069	1953	2052	2033	2019	2163	2121	2025	2115	2085	1983	2003	2046	2034	2024	2075	2042	2019	2003	2039	1351.7701
2021	1983	2070	1960	2020	1989	2044	2013	1976	2074	2039	2086	2001	2029	1991	2024	2036	2048	2081	2009	2092	2037	2019	1985	2001	1996	1974	1998	2016	2088	1994	2026	2041	2046	2009	2062	1944	1940	1899	1993	2010	2013	2009	2046	2043	1988	1994	2015	2058	2046	2043	2029	2025	1984	1977	1991	1966	1985	2027	1946	2011	1937	2028	2005	2032	1973	2061	2083	2059	1976	1920	1952	1972	1998	2072	2067	1996	2001	2082	2027	2000	2139	1973	2024	2024	2056	2015	2033	2016	2048	2009	2040	2018	1999	2019	2025	1354.285058
2008	2001	1936	1970	2032	1980	2029	2053	2014	1962	2065	2037	1968	2017	1949	2011	1978	2097	2066	2014	1950	2006	1985	2030	2013	2014	2011	2006	2028	1992	2011	1983	2013	1947	2003	1990	1923	1878	1934	1961	1993	2012	2081	2107	2015	1966	1915	1972	2042	2045	2045	1961	1981	1975	1950	2000	2005	2010	2013	2048	2061	2001	2001	2019	1980	1968	2054	2083	2032	1957	1955	1992	2006	1988	2008	2012	2040	1972	2109	1990	2016	2164	2036	2008	2088	2025	2006	2044	2032	2069	2011	2033	2048	1990	2022	2026	1356.811861
2053	2021	1981	1989	1956	2004	2036	2029	2022	2063	2045	2065	1968	1992	2020	1938	2024	2054	1992	1967	2046	2030	2006	2005	1998	2026	1990	2040	1958	2051	1997	2025	2030	2024	2023	2008	1993	1938	1867	1998	1979	1978	1979	1977	2015	1958	1957	1927	2067	2056	1975	1962	1954	1979	1978	1984	1975	2003	2037	1983	1996	1994	1965	2033	2024	2000	2109	2040	2141	1957	1969	1952	1971	2032	1993	2074	1967	2034	2031	2030	2063	2130	2044	2012	2029	2033	2025	2060	2015	2022	2046	1973	2011	2010	1944	1970	1359.324593
1966	2007	1960	2018	2002	2029	1945	2047	2012	2071	2020	1984	2023	1989	2027	2013	2026	2026	2037	2004	1965	2009	2021	2028	1949	1991	1991	1978	1978	2007	2031	1988	2036	1974	1990	2039	1927	1932	1864	1988	1974	1994	1999	1967	1986	2054	1987	1990	2011	2041	2086	1978	1940	2009	1978	2001	2010	1997	1995	2014	1967	2017	2017	2044	1923	1973	2045	2099	2082	1987	1917	1932	2001	1909	1970	1950	2004	2005	2075	2041	1964	2138	2057	2044	2071	1975	2014	2099	2026	2117	2010	2030	2065	2025	1959	1963	1361.849159
1977	1991	2037	2024	2056	1986	1972	2023	2014	1992	2012	2012	1997	1978	1987	2014	2027	1999	2035	1988	1924	2037	2016	1966	2004	2033	2019	2070	2029	1996	2027	2057	2032	2003	2068	1961	1901	1947	1914	1990	2016	1977	2025	2026	2029	1977	1973	1984	2060	2106	2036	2042	1982	1980	2004	2012	2008	2004	1961	1986	2003	1971	2020	2009	1978	1990	2100	2070	2049	1993	1932	1940	2001	1989	1935	1995	2046	2021	2031	2044	1965	2134	2055	2009	2031	2040	2038	2046	2060	2028	1969	2095	2015	1969	2039	2018	1364.359668
1995	1952	2041	2086	1997	2015	2003	2002	2016	2087	2010	2025	2016	2040	2015	2107	2064	2048	1971	1985	2018	2009	2022	2019	2010	1912	2012	2021	1987	2020	2045	1954	2028	2052	2015	2022	1888	1949	2004	1993	2017	1981	2047	2035	2019	2008	2055	2014	2054	2016	2030	2010	2020	2004	2024	2017	2047	2018	1994	2028	1989	2027	1987	2018	2015	1956	2146	2080	2110	1954	1963	1964	2005	2037	1948	1991	2002	2022	2054	2041	2023	2137	2050	1965	2046	2014	2092	2088	2007	2045	1966	2004	1978	2020	2045	1996	1366.869069
1974	2044	1993	2022	2016	2020	1981	2002	2033	2037	1985	1994	2060	2003	2042	2030	1962	2011	2002	2020	2030	2008	2080	2051	2017	2051	2033	1958	2032	2009	1960	1983	2017	1973	2043	2002	1958	1939	1886	2051	2017	2015	2027	2023	2021	1998	2031	1931	1998	2031	2074	2024	2029	2035	2035	2042	1978	1991	2039	2032	2010	2009	2059	2041	2039	2049	2132	2042	2055	1930	2015	1975	2000	1963	2026	1991	2002	2022	2110	2016	1981	2145	2106	2005	2049	2079	2030	2081	2037	1992	2039	2069	2014	2025	1977	2013	1369.377363
1938	1987	1991	2040	2041	2020	2056	2040	1961	1995	2009	2047	2033	2004	1976	2045	2047	2031	2109	2025	2017	2013	1984	2010	1969	2038	1991	1980	1992	2042	2038	1990	2029	1990	2026	2039	1958	1955	1981	2043	2007	2029	1989	2022	2068	1980	1994	1984	2053	2022	2062	1993	1942	2034	2034	2000	1983	2020	2037	2039	2051	2040	1998	1981	2046	2033	2036	2087	2146	1932	1974	1917	2027	1949	2004	2001	2043	1989	2069	2034	1976	2122	2051	2058	2127	2035	2003	1985	2049	2025	2063	1978	2000	2024	2015	1993	1371.884551
1968	1960	2008	1921	2015	1936	1944	1953	1952	1987	2003	2016	1947	1966	1973	1977	1950	2009	1967	2038	1951	2036	1948	1971	1914	1911	1925	2053	1998	2012	2015	2063	1951	2000	2027	1980	1959	1932	1892	1985	1997	1975	2020	2040	1971	1994	1949	1928	2006	2036	2009	1929	2001	1892	1970	1975	2003	2013	2067	2012	1971	2006	1968	1948	1946	1990	2052	2024	2035	1888	1927	1920	1944	2008	1962	1976	1970	1954	2056	2032	1960	2097	1998	1985	2103	2015	2043	2010	2012	2013	2021	1948	1983	1966	1938	1959	1374.390633
1893	1924	1960	1951	1967	2001	1968	1937	1936	1957	1993	1991	1985	1965	1899	1953	1976	1987	1958	1939	1982	1993	1947	1985	1959	1979	1931	1947	1979	1873	1895	1938	1920	1918	2024	2015	1853	1882	1805	1962	1985	1965	1968	1971	1982	1959	1884	1943	1981	1982	1978	1982	1937	1974	1957	1929	1985	1925	1998	1969	2000	1918	1904	1997	1969	1944	1998	2062	2011	1927	1921	1912	1946	1991	1895	2026	1941	1986	2040	1933	1947	2080	2011	1984	1989	1980	2067	2052	1958	2059	1959	1924	1948	2008	1991	2012	1376.895611
1928	1912	1872	1939	1903	1906	1914	1916	1925	1927	1937	1895	1894	1935	1887	1911	1960	1931	1923	1908	1915	1912	1938	1921	1944	1973	1953	1915	1939	1920	1970	1976	1923	1960	1984	1880	1837	1906	1919	1906	1921	1896	1939	1965	1952	1911	1899	1943	1936	1987	1936	1889	1908	1923	1917	1924	1892	1864	1928	1933	1934	1929	1905	1958	1927	1929	1963	1980	1972	1833	1886	1909	1914	1966	1901	1893	1895	1864	1994	1909	1923	2070	1963	1901	1953	1928	1881	1952	1927	1940	1938	1944	1938	1969	1932	1866	1379.399484
1887	1847	1907	1908	1900	1897	1893	1910	1867	1964	1924	1952	1865	1936	1896	1846	1883	1919	1891	1922	1867	1888	1906	1879	1854	1903	1879	1903	1863	1901	1844	1872	1874	1912	1861	1935	1837	1823	1815	1863	1836	1863	1961	1902	1891	1925	1904	1892	1890	1911	1876	1902	1900	1850	1899	1871	1852	1888	1847	1918	1845	1920	1901	1888	1930	1887	1945	2014	1974	1921	1814	1920	1916	1857	1878	1879	1974	1879	1975	1905	1935	2070	1941	1877	1944	1951	1946	1916	1964	1905	1920	1911	1891	1911	1906	1865	1381.902254
1845	1861	1804	1885	1876	1821	1789	1862	1888	1822	1883	1914	1853	1858	1941	1834	1845	1894	1832	1867	1876	1848	1821	1844	1866	1792	1848	1907	1866	1906	1874	1866	1818	1895	1849	1844	1783	1730	1804	1877	1848	1856	1860	1899	1873	1901	1838	1888	1885	1849	1923	1836	1840	1888	1840	1921	1832	1893	1826	1912	1869	1880	1868	1890	1863	1903	1936	1978	1927	1867	1857	1789	1819	1866	1876	1922	1876	1901	1947	1876	1826	2001	1892	1842	1927	1872	1874	1863	1901	1883	1872	1844	1899	1869	1896	1848	1384.403921
1871	1834	1851	1862	1841	1900	1808	1885	1821	1821	1885	1818	1837	1862	3309	1872	1804	1825	1925	1852	1855	1828	1871	1849	1864	1885	1864	1839	1895	1893	1849	1872	1834	1868	1866	1852	1790	1791	1824	1847	1782	1825	1913	1791	1812	1841	1875	1809	1883	1877	1865	1843	1901	1847	1846	1856	1854	1866	1899	1848	1824	1828	1828	1870	1868	1865	1892	1913	1902	1809	1803	1775	1840	1868	1865	1860	1869	1817	1908	1866	1839	1961	1882	1832	1918	1868	1919	1830	1906	1895	1784	1856	1845	1817	1812	1854	1386.8916
1785	1832	1838	1823	1881	1821	1798	1777	1848	1867	1881	1828	1841	1824	3135	1870	1838	1895	1881	1825	1791	1820	1824	1860	1847	1823	1875	1873	1850	1829	1834	1832	1809	1835	1784	1842	1737	1803	1748	1838	1802	1822	1846	1849	1860	1779	1846	1809	1844	1903	1915	1848	1773	1875	1815	1848	1876	1794	1880	1886	1829	1800	1803	1889	1845	1883	1910	1892	1910	1822	1819	1827	1848	1850	1778	1864	1850	1798	1861	1830	1866	1994	1836	1784	1895	1900	1838	1797	1854	1865	1868	1844	1938	1849	1885	1812	1389.39107
1787	1805	1777	1865	1794	1814	1776	1859	1797	1820	1885	1811	1746	1848	1873	1849	1807	1862	1819	1788	1821	1881	1838	1829	1862	1834	1831	1814	1838	1858	1874	1790	1838	1853	1774	1794	1764	1727	1734	1826	1865	1855	1843	1791	1806	1809	1818	1770	1880	1836	1825	1834	1804	1856	1821	1811	1812	1834	1859	1879	1911	1807	1842	1817	1842	1836	1940	1917	1914	1771	1782	1804	1808	1814	1830	1837	1855	1776	1929	1799	1897	1965	1844	1837	1885	1837	1843	1888	1842	1818	1848	1889	1886	1815	1811	1858	1391.876565
1762	1825	1862	1821	1815	1838	1813	1856	1786	1847	1882	1874	1844	1847	1859	1842	1840	1792	1841	1848	1790	1812	1841	1798	1860	1839	1794	1842	1854	1871	1786	1801	1836	1819	1866	1849	1685	1762	1799	1861	1783	1771	1818	1808	1894	1827	1836	1849	1834	1858	1886	1813	1829	1842	1831	1812	1776	1792	1859	1814	1789	1819	1831	1815	1767	1840	1900	1853	1912	1828	1763	1814	1866	1825	1840	1801	1792	1876	1916	1908	1831	1948	1822	1820	1916	1795	1899	1815	1877	1855	1804	1833	1830	1781	1846	1780	1394.37384
1843	1838	1846	1814	1823	1831	1836	1838	1840	1788	1849	1840	1829	1832	1770	1813	1789	1873	1837	1910	1831	1821	1840	1834	1898	1840	1866	1938	1814	1845	1827	1806	1783	1886	1878	1834	1788	1749	1761	1846	1842	1837	1838	1861	1793	1825	1831	1821	1761	1865	1874	1796	1811	1885	1835	1772	1843	1829	1838	1871	1796	1811	1854	1832	1813	1898	1866	1904	1951	1869	1783	1774	1811	1840	1853	1858	1838	1845	1863	1853	1819	1992	1870	1822	1890	1848	1899	1823	1903	1878	1835	1826	1867	1822	1826	1823	1396.857153
1836	1829	1813	1836	1888	1779	1820	1823	1856	1846	1879	1815	1848	1794	1815	1858	1873	1888	1887	1797	1887	1890	1837	1815	1833	1880	1841	1846	1809	1861	1867	1820	1876	1825	1856	1860	1790	1769	1787	1818	1900	1810	1907	1844	1848	1827	1836	1808	1880	1830	1868	1852	1770	1828	1819	1804	1803	1868	1809	1817	1813	1903	1829	1819	1896	1847	1909	1938	1963	1895	1766	1819	1825	1859	1784	1800	1854	1876	1890	1849	1819	1954	1840	1805	1913	1882	1892	1839	1870	1910	1859	1830	1847	1876	1888	1813	1399.339379
1804	1845	1858	1896	1870	1884	1831	1829	1848	1879	1879	1834	1901	1806	1803	1825	1798	1907	1908	1837	1858	1852	1853	1874	1817	1835	1876	1866	1891	1879	1878	1825	1850	1805	1826	1833	1778	1782	1789	1859	1865	1848	1889	1849	1852	1817	1799	1878	1890	1880	1868	1858	1853	1855	1892	1861	1872	1913	1842	1806	1801	1873	1888	1842	1859	1884	1936	1908	1945	1847	1797	1849	1824	1847	1917	1836	1917	1849	1878	1875	1855	2002	1867	1829	1856	1881	1887	1890	1899	1858	1844	1895	1872	1815	1830	1846	1401.820518
1882	1832	1863	1910	1880	1865	1914	1859	1822	1897	1870	1866	1844	1925	1837	1867	1823	1893	1893	1858	1918	1833	1891	1903	1812	1809	1815	1830	1865	1792	1844	1860	1870	1885	1852	1875	1766	1774	1762	1871	1842	1906	1812	1857	1883	1812	1845	1886	1867	1893	1871	1843	1848	1889	1902	1888	1898	1887	1836	1808	1856	1849	1833	1859	1852	1795	1964	1956	1989	1845	1869	1835	1860	1913	1867	1885	1809	1842	1910	1835	1834	1990	1882	1925	1890	1898	1912	1915	1892	1893	1887	1908	1917	1951	1866	1860	1404.300572
1846	1896	1897	1876	1839	1887	1865	1890	1854	1897	1947	1947	1824	1897	1908	1904	1923	1906	1859	1888	1894	1884	1887	1868	1899	1902	1813	1965	1896	1884	1899	1883	1890	1902	1907	1884	1782	1775	1795	1844	1802	1920	1864	1870	1871	1818	1870	1918	1944	1910	1923	1882	1829	1894	1883	1910	1871	1893	1878	1910	1950	1878	1856	1917	1920	1909	1952	1930	1934	1811	1828	1829	1933	1850	1863	1871	1979	1839	1912	1917	1842	2001	1940	1893	1942	1915	1915	1941	1869	1917	1960	1923	1861	1898	1876	1822	1406.779541
1884	1897	1915	1823	1866	1867	1974	1837	1891	1920	1850	1918	1840	1857	1922	1855	1908	1843	1912	1893	1911	1877	1966	1867	1948	1874	1848	1872	1934	1836	1862	1834	1891	1876	1859	1864	1833	1804	1751	1936	1895	1924	1931	1895	1892	1854	1863	1825	1863	1880	1942	1892	1887	1903	1895	1863	1888	1876	1929	1911	1876	1929	1837	1860	1874	1921	1960	1981	1919	1838	1860	1767	1869	1876	1906	1875	1906	1901	1952	1910	1883	2094	1877	1903	1942	1945	1965	1890	1909	1963	1916	1921	1922	1845	1898	1871	1409.257426
1882	1895	1871	1905	1946	1884	1914	1918	1876	1809	1885	1921	1838	1915	1888	1916	1887	1920	1889	1929	1954	1892	1884	1898	1889	1871	1880	1916	1899	1917	1882	1920	1902	1938	1934	1939	1800	1763	1778	1960	1925	1921	1893	1882	1955	1905	1894	1904	1957	1939	1931	1909	1896	1932	1904	1879	1875	1909	1865	1904	1898	1841	1900	1900	1896	1910	1974	1994	1961	1856	1848	1809	1848	1852	1821	1865	1904	1904	1940	1920	1929	2009	1941	1841	1939	1983	1863	1943	1896	1980	1889	1926	1928	1965	1853	1843	1411.734227
1879	1908	1855	1881	1823	1973	1908	1881	1862	1959	1861	1887	1881	1881	1884	1879	1896	1978	1860	1948	1832	1900	1938	1858	1925	1883	1950	1930	1896	1962	1880	1826	1920	1896	1927	1914	1733	1789	1723	1857	1916	1934	1962	1906	1954	1843	1922	1870	1977	1911	1928	1893	1853	1904	1890	1901	1871	1867	1907	1932	1915	1881	1889	1913	1841	1899	1976	2010	1990	1798	1839	1842	1920	1919	1930	1908	1906	1936	1959	1887	1878	2062	1910	1904	1912	1874	1931	1918	1909	1929	1855	1929	1864	1882	1874	1951	1414.209946
1838	1841	1872	1929	1913	1897	1911	1892	1852	1890	1875	1882	1839	1863	1918	1842	1933	1933	1920	1914	1868	1899	1900	1898	1888	1904	1895	1918	1898	1942	1898	1841	1915	1939	1874	1902	1835	1804	1745	1873	1910	1854	1823	1885	1851	1899	1844	1847	1960	1948	1914	1880	1849	1892	1884	1937	1869	1919	1852	1899	1905	1854	1906	1874	1925	1899	1948	1934	1921	1803	1824	1858	1813	1877	1902	1917	1886	1863	1990	1938	1912	2049	1940	1875	1911	1970	1895	1964	1914	1935	1896	1920	1881	1839	1885	1870	1416.671764
1848	1917	1874	1903	1894	1841	1859	1883	1848	1849	1855	1839	1873	1804	1840	1859	1856	1888	1873	1858	1862	1882	1851	1828	1888	1823	1799	1909	1839	1830	1817	1863	1849	1817	1835	1834	1771	1738	1788	1852	1913	1836	1817	1869	1896	1824	1815	1848	1910	1925	1882	1844	1900	1888	1805	1906	1874	1853	1885	1930	1885	1894	1857	1847	1919	1919	1967	1932	1921	1763	1771	1823	1924	1873	1864	1925	1829	1860	1947	1876	1888	2054	1873	1907	1865	1908	1891	1879	1852	1842	1869	1909	1868	1809	1862	1797	1419.145325
1798	1816	1846	1880	1889	1804	1855	1826	1806	1898	1830	1814	1832	1828	1761	1878	1845	1890	1890	1849	1867	1863	1827	1864	1887	1889	1812	1835	1832	1845	1924	1808	1884	1793	1828	1794	1765	1758	1749	1874	1778	1815	1851	1838	1888	1812	1824	1831	1865	1878	1898	1826	1832	1883	1847	1810	1864	1867	1850	1893	1815	1860	1820	1831	1912	1822	1966	1917	1921	1808	1838	1829	1829	1857	1820	1844	1821	1862	1897	1874	1823	1993	1895	1832	1850	1907	1848	1876	1897	1879	1840	1877	1844	1873	1891	1821	1421.604998
1828	1785	1775	1745	1829	1859	1808	1815	1776	1848	1826	1810	1769	1795	1815	1822	1849	1851	1863	1786	1844	1854	1813	1899	1873	1877	1791	1833	1816	1822	1804	1864	1844	1795	1841	1827	1732	1744	1715	1896	1827	1810	1873	1782	1822	1792	1747	1752	1862	1843	1893	1827	1772	1815	1838	1813	1793	1793	1852	1819	1781	1835	1841	1862	1786	1825	1885	1866	1943	1785	1756	1743	1796	1825	1829	1813	1749	1841	1806	1861	1818	1931	1877	1814	1918	1855	1836	1821	1840	1867	1815	1827	1866	1778	1860	1833	1424.076404
1806	1775	1858	1786	1733	1801	1784	1772	1810	1811	1921	1824	1824	1845	1779	1799	1825	1848	1851	1792	1825	1767	1797	1781	1757	1816	1845	1803	1857	1790	1784	1824	1793	1841	1768	1867	1716	1726	1695	1725	1816	1803	1785	1831	1807	1751	1785	1741	1802	1834	1824	1837	1817	1804	1772	1829	1797	1839	1806	1818	1823	1773	1773	1750	1816	1787	1892	1863	1921	1729	1764	1761	1775	1796	1790	1791	1738	1807	1874	1797	1821	1989	1845	1820	1801	1856	1828	1810	1837	1870	1838	1810	1791	1830	1809	1838	1426.533935
1789	1804	1802	1726	1794	1776	1781	1823	1799	1796	1792	1781	1763	1815	1768	1778	1805	1807	1896	1809	1802	1802	1814	1814	1772	1803	1768	1800	1774	1803	1782	1756	1784	1803	1805	1780	1688	1672	1753	1782	1790	1767	1767	1802	1763	1797	1767	1715	1836	1795	1843	1776	1773	1758	1772	1818	1791	1837	1759	1814	1795	1757	1790	1756	1776	1795	1828	1890	1869	1727	1714	1701	1752	1817	1786	1787	1796	1776	1901	1811	1768	1927	1832	1775	1849	1814	1873	1837	1818	1844	1768	1837	1816	1786	1763	1748	1428.990398
1751	1778	1795	1755	1804	1798	1785	1758	1776	1800	1808	1828	1807	1804	1814	1771	1832	1827	1742	1756	1810	1769	1784	1792	1793	1756	1783	1761	1821	1824	1774	1775	1811	1837	1748	1797	1685	1705	1692	1803	1748	1765	1784	1814	1823	1753	1787	1804	1816	1810	1777	1760	1739	1764	1762	1774	1802	1817	1827	1802	1823	1756	1716	1797	1863	1771	1884	1870	1853	1690	1768	1778	1775	1778	1808	1807	1738	1789	1876	1778	1770	1913	1790	1828	1812	1789	1777	1825	1833	1792	1746	1751	1809	1762	1761	1801	1431.45858
1743	1793	1749	1766	1775	1807	1769	1750	1764	1771	1787	1789	1733	1783	1742	1773	1806	1788	1802	1761	1773	1747	1825	1772	1806	1783	1741	1773	1789	1780	1780	1754	1829	1733	1748	1901	1740	1693	1734	1783	1824	1740	1788	1781	1824	1766	1763	1730	1801	1753	1807	1804	1756	1714	1816	1816	1750	1778	1797	1748	1775	1728	1846	1782	1777	1844	1836	1847	1879	1773	1737	1770	1806	1742	1747	1759	1754	1804	1828	1815	1804	1884	1756	1732	1773	1812	1837	1787	1801	1837	1780	1766	1800	1818	1774	1780	1433.912905
1769	1758	1783	1742	1784	1782	1753	1751	1813	1762	1826	1820	1768	1790	1780	1794	1783	1811	1826	1784	1772	1737	1820	1794	1770	1763	1715	1762	1825	1774	1751	1773	1773	1764	1787	1780	1714	1661	1640	1801	1794	1819	1779	1766	1780	1741	1779	1743	1844	1807	1814	1756	1810	1737	1804	1757	1766	1843	1767	1797	1680	1770	1828	1760	1799	1783	1832	1855	1821	1739	1735	1706	1797	1775	1735	1789	1775	1808	1843	1786	1738	1908	1839	1785	1833	1735	1767	1820	1802	1835	1812	1817	1800	1822	1766	1748	1436.366165
1764	1739	1812	1798	1819	1789	1770	1833	1802	1815	1840	1788	1817	1809	1783	1786	1821	1813	1835	1763	1742	1810	1731	1769	1812	1784	1821	1752	1796	1743	1804	1812	1753	1788	1821	1774	1785	1751	1708	1784	1791	1789	1806	1815	1837	1815	1819	1739	1795	1829	1836	1793	1765	1778	1772	1750	1791	1830	1778	1774	1718	1718	1782	1805	1792	1777	1848	1851	1852	1702	1787	1699	1784	1807	1773	1831	1794	1797	1870	1776	1730	1918	1787	1761	1790	1815	1747	1784	1757	1782	1811	1787	1844	1798	1752	1833	1438.81836
1819	1805	1782	1825	1841	1815	1816	1792	1829	1873	1820	1801	1823	1815	1848	1836	1917	1820	1845	1809	1794	1862	1830	1802	1884	1812	1773	1817	1813	1857	1803	1847	1798	1881	1816	1826	1741	1741	1770	1793	1776	1816	1789	1833	1788	1819	1781	1803	1816	1834	1867	1786	1828	1843	1845	1829	1813	1790	1790	1855	1841	1839	1760	1804	1825	1825	1857	1889	1873	1775	1786	1813	1828	1781	1815	1816	1764	1775	1903	1834	1853	1988	1844	1801	1884	1859	1846	1811	1894	1834	1884	1796	1859	1816	1812	1774	1441.269492
1821	1855	1824	1819	1847	1834	1918	1907	1860	1857	1850	1935	1867	1883	1867	1828	1857	1895	1917	1835	1802	1859	1902	1887	1850	1876	1875	1865	1855	1826	1833	1865	1900	1873	1861	1866	1804	1782	1776	1896	1840	1869	1809	1877	1886	1826	1831	1835	1852	1849	1886	1853	1912	1839	1851	1875	1847	1863	1886	1882	1879	1833	1885	1850	1839	1881	1935	1928	1978	1833	1839	1779	1857	1827	1824	1837	1859	1834	1921	1888	1909	1941	1889	1819	1831	1907	1891	1887	1888	1837	1895	1888	1910	1856	1907	1830	1443.706802
2020	1959	1953	1977	1936	1945	1978	1983	1953	1907	1954	1988	1938	1898	1975	1942	1912	1972	1965	1930	2005	1884	1947	1907	1946	1949	1934	1960	1983	1963	1980	1943	1990	1885	2001	1939	1835	1912	1875	1964	1970	1958	1966	1942	1921	1957	1912	1884	2010	1962	1989	1953	1946	1911	1906	1939	1959	1970	1951	1966	1986	1973	1932	1994	1999	1998	2005	2004	1999	1935	1906	1875	1943	1926	1918	1965	1964	2018	2003	1982	1934	2033	1974	1942	2003	2034	1988	1969	1970	1997	1957	1976	1985	1930	1947	1997	1446.155813
2071	2134	2145	2111	2155	2058	2143	2214	2075	2128	2137	2170	2049	2166	2070	2159	2117	2148	2170	2119	2112	2082	2136	2081	2136	2077	2096	2162	2140	2094	2050	2108	2135	2165	2153	2127	2006	1997	2081	2097	2133	2163	2088	2121	2123	2095	2110	2032	2196	2133	2095	2130	2079	2100	2149	2104	2065	2100	2093	2113	2162	2082	2117	2077	2163	2129	2180	2132	2236	2068	2155	2014	2035	2116	2162	2112	2124	2099	2203	2135	2043	2257	2182	2127	2114	2201	2128	2156	2133	2063	2098	2168	2141	2119	2097	2122	1448.603763
2336	2313	2406	2368	2346	2341	2316	2364	2355	2356	2370	2315	2392	2343	2390	2344	2325	2338	2405	2373	2363	2370	2335	2366	2324	2327	2333	2386	2443	2381	2385	2420	2358	2366	2396	2351	2307	2316	2290	2336	2315	2319	2366	2373	2388	2349	2323	2349	2416	2448	2423	2398	2353	2380	2415	2341	2324	2369	2315	2351	2349	2307	2359	2386	2320	2344	2424	2524	2401	2257	2268	2312	2341	2317	2366	2424	2474	2372	2453	2371	2319	2470	2406	2347	2345	2369	2334	2404	2427	2385	2321	2377	2340	2298	2345	2309	1451.03791
2671	2708	2704	2621	2642	2674	2693	2751	2613	2684	2668	2676	2574	2724	2641	2644	2653	2629	2708	2703	2627	2595	2655	2710	2667	2607	2683	2679	2637	2688	2626	2708	2688	2669	2707	2728	2579	2621	2579	2592	2681	2651	2691	2646	2677	2614	2653	2618	2584	2702	2732	2672	2655	2702	2668	2652	2627	2718	2627	2627	2707	2720	2705	2708	2634	2682	2726	2664	2800	2693	2605	2627	2657	2708	2671	2636	2709	2644	2708	2617	2630	2818	2675	2676	2667	2661	2680	2661	2751	2681	2658	2704	2736	2697	2687	2753	1453.483744
2918	2945	2935	2947	2918	2859	2930	2910	2906	2917	3023	2924	2961	2900	2873	2943	2940	2891	2916	2918	2886	2929	2831	2890	2973	2951	2906	2944	2979	2930	2933	2945	2917	2944	3046	2834	2798	2842	2879	2884	2946	2915	2885	2957	2895	2949	2852	2863	2884	2944	2980	2970	2869	2860	2936	2990	2896	2960	3002	2940	2873	2932	2873	2930	2978	2940	2982	3056	2931	2891	2906	2856	2890	2900	2907	2928	2964	2906	2984	2872	2927	3056	2948	2857	2995	2848	2931	2941	2964	2961	2947	2910	2961	2892	2875	2938	1455.915787
3015	2984	3095	3047	3019	2946	2870	2912	2928	2972	2930	2907	2920	2926	2945	2998	2987	2967	2970	2931	2987	2976	2939	2951	3003	2976	3030	2988	2983	3046	2989	2962	2961	2922	2945	2960	2905	2874	2944	3051	2983	2935	2938	2991	3059	2925	2920	2886	2983	2941	2917	2902	2989	2996	3014	2957	3016	2903	2939	3008	3046	2966	2927	2991	2995	2968	3017	3072	3068	2911	2882	2920	3012	2922	2868	2898	2996	2974	3038	3024	3000	3161	2978	2950	3083	2966	3034	3010	2991	2966	2980	3009	2942	2963	2993	2973	1458.359508
2738	2709	2800	2744	2742	2710	2761	2768	2762	2758	2805	2737	2829	2774	2764	2796	2762	2836	2816	2823	2813	2781	2823	2804	2764	2757	2830	2842	2828	2784	2775	2810	2785	2788	2806	2727	2677	2672	2676	2730	2741	2811	2780	2774	2742	2773	2712	2744	2817	2829	2778	2750	2828	2778	2789	2721	2822	2896	2844	2739	2821	2736	2774	2774	2909	2856	2871	2802	2839	2817	2760	2735	2769	2761	2806	2782	2791	2816	2778	2739	2752	2909	2861	2810	2873	2816	2850	2793	2792	2801	2800	2795	2807	2743	2794	2731	1460.789451
2513	2520	2511	2496	2525	2459	2509	2495	2465	2546	2529	2465	2493	2450	2524	2539	2502	2526	2562	2527	2571	2480	2485	2510	2600	2457	2495	2493	2506	2549	2519	2459	2546	2484	2539	2502	2425	2454	2414	2476	2484	2539	2568	2490	2489	2507	2473	2464	2554	2532	2542	2536	2599	2496	2589	2529	2472	2489	2507	2508	2577	2492	2501	2533	2534	2550	2606	2544	2585	2467	2535	2455	2572	2499	2495	2564	2489	2600	2540	2510	2546	2745	2528	2567	2549	2582	2566	2578	2530	2485	2491	2565	2523	2588	2584	2574	1463.218347
2223	2309	2301	2210	2264	2252	2247	2229	2268	2305	2249	2281	2258	2232	2307	2250	2228	2290	2237	2254	2290	2240	2247	2290	2245	2269	2251	2279	2313	2209	2272	2284	2208	2318	2315	2212	2270	2141	2250	2308	2329	2263	2266	2301	2293	2336	2226	2204	2253	2269	2329	2268	2262	2276	2262	2351	2275	2310	2268	2260	2289	2246	2244	2267	2273	2259	2374	2328	2390	2244	2213	2237	2293	2274	2285	2246	2247	2301	2250	2273	2261	2417	2297	2264	2352	2293	2287	2301	2289	2243	2304	2286	2334	2291	2277	2314	1465.646197
2053	2071	2056	2045	2039	2081	2041	2038	1990	2047	2050	2000	2047	2059	2044	2057	2046	2086	2109	2088	2061	2068	2011	2069	2090	2078	2063	2075	2095	1975	2043	2038	2102	2104	2095	2115	2015	2004	2022	2084	2074	2001	2097	2028	2065	2044	1981	2028	2064	2088	2047	2042	2036	2069	2077	1982	2083	2058	2062	2096	2106	2045	2066	2044	2023	2050	2086	2155	2187	2020	2041	2068	1973	2069	2009	2058	2022	2057	2077	2107	2003	2196	2097	2046	2141	2070	2102	2098	2090	2083	2043	2106	2022	2086	2044	2036	1468.073002
1824	1835	1857	1831	1826	1862	1899	1820	1917	1916	1870	1866	1913	1843	1918	1882	1865	1891	1885	1855	1922	1895	1879	1886	1815	1861	1880	1909	1848	1866	1819	1844	1814	1912	1911	1906	1837	1835	1817	1833	1885	1824	1864	1944	1883	1856	1863	1799	1930	1942	1859	1865	1841	1862	1874	1915	1894	1873	1839	1885	1861	1929	1884	1901	1888	1859	1913	1918	1904	1826	1808	1862	1877	1930	1869	1920	1841	1896	1889	1875	1839	2025	1982	1814	1937	1886	1903	1861	1887	1909	1876	1846	1876	1887	1912	1857	1470.498762
1721	1720	1732	1734	1717	1738	1744	1763	1710	1662	1737	1752	1722	1801	1753	1736	1811	1791	1738	1747	1698	1766	1768	1767	1714	1758	1686	1698	1739	1705	1709	1703	1720	1771	1727	1764	1696	1652	1676	1778	1751	1776	1730	1767	1702	1704	1695	1728	1778	1740	1787	1716	1684	1748	1734	1737	1733	1738	1781	1770	1691	1731	1686	1762	1751	1747	1820	1771	1826	1664	1682	1732	1706	1715	1758	1719	1727	1716	1835	1803	1705	1915	1755	1783	1763	1756	1759	1796	1786	1795	1764	1732	1709	1722	1711	1718	1472.923478
1593	1602	1573	1647	1655	1685	1626	1635	1609	1589	1662	1604	1626	1558	1646	1631	1641	1623	1718	1591	1624	1619	1591	1575	1577	1586	1622	1622	1634	1606	1567	1613	1618	1604	1623	1684	1549	1536	1574	1572	1579	1575	1650	1614	1644	1603	1617	1599	1607	1652	1629	1644	1611	1637	1596	1605	1638	1632	1650	1589	1655	1609	1588	1608	1647	1603	1683	1729	1714	1579	1537	1624	1624	1630	1581	1613	1653	1602	1689	1683	1627	1714	1656	1679	1628	1599	1622	1616	1648	1629	1586	1616	1665	1653	1638	1618	1475.347151
1497	1514	1543	1483	1532	1535	1558	1487	1548	1531	1592	1532	1505	1538	1573	1523	1506	1582	1612	1510	1533	1588	1538	1528	1578	1524	1557	1529	1551	1538	1547	1557	1525	1532	1548	1514	1467	1467	1443	1540	1523	1544	1570	1531	1544	1558	1517	1555	1583	1592	1578	1519	1476	1549	1546	1573	1530	1500	1542	1542	1500	1529	1531	1558	1576	1558	1606	1608	1585	1490	1505	1490	1493	1527	1535	1547	1536	1549	1588	1543	1567	1654	1552	1538	1550	1557	1506	1538	1535	1557	1562	1536	1494	1561	1608	1520	1477.769782
1452	1512	1446	1508	1464	1476	1494	1472	1423	1457	1474	1491	1461	1463	1495	1475	1467	1514	1469	1496	1499	1525	1478	1478	1540	1567	1497	1492	1526	1458	1502	1445	1465	1461	1525	1487	1453	1417	1423	1516	1510	1493	1501	1505	1439	1486	1479	1458	1510	1529	1487	1515	1461	1461	1496	1501	1461	1489	1522	1509	1476	1476	1485	1508	1506	1477	1527	1534	1526	1436	1418	1425	1475	1453	1473	1500	1421	1500	1551	1546	1476	1637	1503	1490	1496	1525	1504	1507	1531	1507	1466	1504	1544	1449	1489	1469	1480.178694
1383	1483	1407	1437	1453	1489	1482	1398	1482	1405	1411	1439	1414	1406	1411	1371	1480	1417	1478	1430	1453	1450	1470	1442	1400	1420	1465	1449	1458	1427	1406	1523	1472	1425	1449	1480	1366	1339	1395	1468	1458	1463	1474	1436	1429	1389	1396	1387	1455	1468	1504	1408	1439	1431	1447	1441	1379	1414	1443	1483	1419	1436	1393	1442	1492	1367	1479	1505	1516	1428	1425	1433	1453	1430	1428	1409	1448	1428	1494	1482	1470	1592	1455	1413	1446	1478	1455	1474	1457	1467	1458	1419	1476	1464	1491	1423	1482.599247
1416	1402	1417	1404	1425	1414	1403	1397	1397	1423	1453	1351	1384	1379	1396	1470	1435	1435	1404	1385	1436	1366	1387	1435	1421	1404	1411	1409	1450	1432	1437	1440	1407	1405	1417	1423	1363	1346	1315	1373	1416	1402	1399	1404	1428	1407	1378	1408	1464	1447	1409	1432	1403	1405	1411	1424	1404	1401	1413	1451	1386	1448	1372	1337	1399	1428	1449	1466	1512	1346	1347	1383	1403	1409	1390	1439	1381	1403	1436	1391	1442	1523	1431	1416	1429	1451	1461	1458	1438	1430	1463	1419	1471	1399	1378	1431	1485.018759
1358	1343	1436	1358	1344	1404	1326	1403	1376	1394	1405	1384	1366	1391	1347	1378	1357	1395	1411	1424	1437	1403	1416	1411	1375	1377	1372	1411	1342	1395	1390	1380	1342	1397	1402	1403	1314	1348	1303	1416	1376	1373	1387	1355	1391	1322	1374	1333	1408	1404	1397	1380	1346	1391	1367	1367	1376	1398	1390	1352	1357	1345	1392	1408	1406	1378	1414	1446	1412	1361	1388	1329	1333	1369	1371	1416	1379	1381	1451	1441	1347	1550	1392	1399	1384	1413	1460	1370	1391	1438	1400	1402	1378	1391	1376	1395	1487.424572
1346	1408	1310	1344	1376	1380	1372	1399	1379	1410	1356	1415	1309	1330	1357	1347	1382	1368	1376	1350	1383	1339	1341	1379	1351	1380	1330	1408	1368	1328	1369	1350	1372	1311	1317	1330	1314	1276	1306	1363	1391	1365	1405	1377	1328	1327	1329	1294	1372	1399	1380	1327	1361	1327	1336	1329	1384	1330	1368	1367	1390	1291	1339	1313	1366	1371	1459	1419	1435	1312	1327	1342	1379	1350	1368	1369	1367	1331	1421	1356	1363	1476	1384	1394	1383	1365	1403	1365	1360	1342	1377	1390	1378	1344	1361	1344	1489.829356
1325	1374	1338	1345	1315	1333	1323	1362	1346	1339	1396	1333	1323	1335	1389	1359	1363	1369	1312	1347	1365	1364	1362	1379	1358	1359	1339	1355	1362	1321	1351	1340	1354	1332	1348	1361	1255	1259	1320	1335	1386	1341	1354	1337	1324	1300	1383	1322	1389	1363	1384	1355	1359	1412	1351	1358	1344	1390	1350	1363	1319	1346	1361	1355	1340	1320	1386	1389	1383	1341	1293	1341	1345	1349	1317	1342	1345	1378	1388	1383	1315	1465	1357	1385	1362	1385	1386	1339	1358	1350	1372	1360	1360	1348	1373	1338	1492.245761
1317	1315	1326	1336	1301	1319	1323	1367	1331	1332	1337	1331	1323	1308	1327	1320	1324	1334	1352	1312	1353	1333	1322	1363	1326	1365	1324	1387	1344	1361	1301	1335	1350	1323	1299	1379	1243	1275	1232	1333	1351	1333	1334	1310	1349	1343	1280	1317	1339	1371	1381	1329	1321	1298	1315	1336	1336	1355	1341	1326	1313	1325	1321	1326	1349	1360	1371	1356	1425	1302	1268	1323	1310	1293	1387	1319	1342	1336	1351	1304	1280	1410	1392	1305	1298	1348	1395	1378	1345	1306	1354	1348	1344	1308	1350	1357	1494.648485
1295	1319	1324	1313	1343	1290	1367	1323	1357	1322	1325	1328	1316	1308	1336	1372	1323	1408	1321	1353	1329	1344	1301	1312	1334	1329	1371	1350	1347	1362	1340	1304	1310	1322	1344	1328	1258	1281	1226	1337	1256	1347	1337	1309	1369	1319	1290	1320	1360	1320	1375	1316	1290	1352	1316	1303	1283	1308	1310	1399	1350	1292	1352	1324	1286	1375	1375	1362	1426	1292	1324	1268	1375	1360	1311	1303	1318	1286	1368	1339	1329	1468	1389	1372	1345	1383	1387	1411	1329	1322	1353	1363	1328	1355	1274	1309	1497.050183
1316	1327	1317	1294	1340	1283	1318	1338	1322	1311	1330	1290	1345	1290	1305	1303	1332	1333	1384	1334	1331	1295	1350	1343	1284	1324	1305	1327	1354	1344	1269	1362	1316	1313	1340	1389	1249	1288	1258	1325	1307	1342	1336	1313	1309	1337	1298	1307	1306	1304	1342	1292	1285	1324	1340	1313	1291	1374	1354	1335	1333	1318	1339	1344	1302	1307	1379	1423	1402	1316	1272	1297	1304	1281	1312	1335	1294	1292	1342	1377	1344	1461	1389	1319	1390	1366	1326	1310	1391	1361	1352	1308	1308	1305	1363	1288	1499.450855
1304	1297	1329	1314	1313	1258	1317	1333	1319	1330	1303	1355	1319	1332	1371	1361	1363	1363	1331	1312	1257	1282	1320	1293	1333	1339	1316	1310	1300	1307	1324	1320	1321	1326	1311	1301	1249	1283	1228	1286	1317	1277	1310	1311	1320	1333	1268	1254	1345	1342	1346	1282	1305	1314	1292	1323	1334	1311	1274	1326	1289	1286	1309	1330	1340	1337	1401	1387	1385	1281	1298	1321	1287	1318	1302	1292	1302	1324	1355	1313	1290	1439	1333	1317	1327	1343	1359	1318	1399	1353	1310	1334	1325	1321	1309	1304	1501.850502
1318	1305	1316	1312	1286	1325	1257	1348	1325	1365	1316	1319	1321	1321	1286	1338	1302	1324	1325	1310	1290	1311	1276	1309	1305	1299	1346	1360	1326	1384	1268	1336	1308	1306	1349	1282	1236	1266	1242	1308	1349	1339	1335	1310	1300	1328	1272	1297	1342	1328	1300	1298	1317	1285	1336	1337	1322	1338	1295	1347	1343	1330	1316	1339	1335	1325	1379	1363	1404	1305	1293	1254	1307	1328	1359	1333	1368	1306	1382	1334	1287	1414	1338	1316	1328	1334	1368	1328	1332	1361	1309	1351	1311	1309	1309	1324	1504.249124
1327	1295	1328	1315	1311	1290	1298	1339	1319	1288	1306	1286	1320	1272	1341	1328	1352	1340	1315	1389	1299	1334	1354	1357	1304	1289	1281	1326	1313	1340	1301	1316	1357	1255	1329	1275	1260	1227	1273	1316	1319	1296	1326	1291	1325	1243	1279	1267	1298	1359	1367	1304	1310	1323	1298	1304	1316	1288	1342	1334	1296	1340	1296	1310	1316	1344	1352	1352	1365	1338	1263	1268	1328	1282	1294	1305	1304	1329	1371	1300	1324	1419	1299	1295	1363	1337	1340	1328	1343	1301	1341	1332	1326	1366	1294	1325	1506.646723
1270	1266	1348	1332	1304	1310	1344	1277	1289	1311	1321	1332	1323	1300	1301	1281	1326	1346	1329	1269	1301	1301	1294	1293	1311	1322	1280	1282	1323	1322	1265	1317	1290	1305	1261	1317	1257	1235	1257	1300	1308	1346	1293	1249	1294	1280	1261	1283	1330	1319	1362	1255	1316	1310	1299	1312	1310	1317	1273	1314	1279	1274	1329	1335	1278	1334	1342	1390	1383	1296	1276	1248	1297	1303	1314	1312	1304	1289	1361	1335	1298	1409	1333	1279	1319	1330	1297	1339	1289	1314	1302	1301	1349	1332	1332	1284	1509.043298
1287	1317	1282	1336	1317	1292	1305	1295	1285	1334	1294	1343	1317	1301	1334	1301	1290	1330	1365	1265	1319	1312	1312	1327	1321	1311	1324	1299	1335	1300	1322	1269	1328	1286	1350	1334	1228	1233	1251	1289	1264	1289	1305	1328	1339	1278	1294	1264	1353	1320	1325	1334	1283	1280	1309	1269	1318	1273	1330	1328	1313	1293	1315	1298	1286	1308	1382	1367	1364	1249	1228	1264	1315	1304	1326	1293	1296	1323	1367	1354	1362	1418	1346	1329	1318	1359	1318	1290	1314	1343	1330	1282	1289	1303	1305	1287	1511.426246
1298	1315	1347	1345	1315	1271	1311	1284	1324	1341	1290	1318	1274	1299	1227	1277	1293	1341	1345	1335	1300	1338	1332	1327	1314	1312	1287	1317	1321	1323	1308	1322	1273	1285	1306	1304	1256	1208	1187	1275	1300	1327	1276	1318	1347	1326	1293	1265	1284	1318	1346	1305	1300	1312	1321	1337	1293	1385	1302	1300	1307	1316	1312	1326	1298	1287	1393	1322	1336	1279	1270	1283	1310	1306	1272	1312	1284	1298	1396	1390	1279	1418	1343	1311	1281	1337	1349	1315	1331	1370	1333	1338	1309	1333	1342	1285	1513.820782
1342	1288	1323	1296	1301	1297	1296	1318	1309	1281	1326	1311	1307	1303	1309	1307	1319	1330	1287	1308	1279	1307	1332	1302	1322	1366	1295	1335	1319	1297	1297	1286	1304	1312	1345	1325	1220	1228	1264	1319	1320	1283	1313	1312	1303	1323	1271	1296	1319	1330	1342	1304	1349	1320	1309	1275	1296	1330	1356	1338	1345	1286	1282	1313	1320	1294	1323	1351	1395	1291	1281	1265	1302	1299	1348	1302	1282	1320	1375	1331	1315	1436	1314	1313	1297	1356	1313	1376	1310	1298	1298	1274	1323	1306	1317	1288	1516.201703
1251	1272	1276	1298	1271	1291	1284	1305	1254	1291	1302	1283	1334	1306	1295	1320	1343	1346	1331	1352	1306	1322	1306	1324	1294	1265	1356	1284	1331	1303	1285	1318	1294	1313	1305	1307	1265	1242	1253	1286	1344	1278	1316	1308	1307	1263	1255	1270	1307	1362	1382	1308	1284	1289	1262	1310	1335	1338	1316	1322	1267	1278	1309	1294	1286	1296	1356	1386	1356	1283	1256	1279	1270	1322	1337	1338	1330	1251	1344	1290	1348	1394	1339	1269	1330	1327	1343	1307	1327	1354	1347	1320	1284	1305	1326	1330	1518.594203
1289	1306	1293	1309	1311	1269	1303	1316	1292	1338	1300	1306	1282	1309	1269	1332	1340	1322	1336	1311	1284	1301	1321	1307	1334	1322	1305	1292	1318	1325	1305	1295	1295	1311	1298	1306	1216	1257	1242	1321	1263	1295	1303	1282	1318	1290	1277	1294	1323	1382	1332	1331	1293	1269	1336	1304	1298	1297	1345	1345	1325	1273	1306	1295	1320	1320	1327	1363	1341	1244	1249	1288	1323	1293	1311	1334	1326	1306	1389	1287	1316	1411	1313	1327	1323	1286	1295	1321	1312	1324	1327	1338	1319	1294	1300	1310	1520.973099
1279	1318	1309	1297	1255	1302	1303	1288	1276	1310	1311	1285	1288	1307	1301	1282	1286	1310	1256	1298	1288	1316	1312	1291	1295	1271	1336	1338	1333	1325	1327	1310	1274	1269	1309	1336	1252	1228	1230	1292	1285	1263	1301	1252	1340	1297	1311	1234	1305	1344	1303	1310	1276	1294	1298	1287	1295	1296	1264	1297	1263	1302	1319	1325	1283	1289	1368	1356	1350	1255	1238	1261	1319	1284	1327	1282	1301	1284	1356	1314	1287	1392	1323	1309	1348	1369	1351	1271	1331	1309	1316	1325	1301	1306	1265	1320	1523.350987
1283	1325	1295	1283	1321	1300	1313	1301	1346	1287	1302	1305	1287	1267	1329	1314	1321	1297	1310	1326	1322	1313	1339	1269	1297	1281	1309	1323	1307	1325	1348	1300	1287	1315	1313	1302	1247	1255	1234	1275	1271	1258	1355	1283	1315	1276	1280	1305	1374	1296	1302	1291	1315	1304	1292	1312	1258	1356	1297	1264	1286	1250	1326	1299	1320	1273	1377	1293	1374	1261	1281	1277	1299	1311	1291	1318	1319	1286	1355	1310	1311	1417	1340	1311	1356	1346	1286	1323	1336	1321	1315	1307	1316	1265	1332	1335	1525.74044
1297	1301	1268	1318	1277	1246	1243	1290	1286	1316	1287	1304	1266	1311	1303	1319	1252	1298	1316	1274	1301	1259	1317	1259	1291	1266	1348	1303	1322	1289	1369	1297	1332	1273	1289	1299	1179	1216	1192	1265	1299	1316	1293	1290	1297	1313	1275	1260	1315	1316	1305	1280	1294	1310	1305	1356	1275	1313	1322	1265	1294	1333	1316	1346	1298	1290	1382	1383	1337	1281	1247	1248	1296	1309	1276	1293	1323	1334	1345	1302	1289	1408	1310	1293	1313	1314	1308	1310	1354	1333	1332	1289	1293	1375	1295	1280	1528.116308
1284	1278	1230	1284	1280	1311	1272	1304	1271	1278	1318	1313	1313	1281	1303	1310	1317	1316	1344	1304	1289	1283	1305	1288	1315	1296	1289	1298	1324	1300	1323	1329	1335	1322	1284	1266	1225	1274	1239	1309	1307	1262	1286	1286	1315	1261	1237	1309	1339	1304	1308	1316	1269	1305	1303	1322	1299	1321	1279	1290	1277	1312	1268	1332	1266	1324	1343	1336	1342	1264	1231	1254	1291	1312	1311	1263	1256	1312	1327	1277	1276	1448	1347	1334	1309	1305	1368	1313	1310	1293	1314	1351	1344	1317	1283	1288	1530.491168
1285	1273	1281	1287	1298	1257	1310	1313	1318	1308	1309	1338	1291	1284	1292	1284	1315	1324	1321	1326	1290	1269	1294	1292	1282	1294	1314	1311	1313	1302	1283	1254	1285	1286	1279	1286	1214	1219	1244	1291	1309	1293	1309	1333	1322	1253	1272	1251	1237	1312	1305	1264	1291	1271	1329	1309	1274	1310	1300	1296	1280	1288	1242	1251	1263	1324	1368	1332	1291	1256	1251	1252	1275	1284	1294	1310	1284	1271	1329	1285	1271	1417	1300	1287	1323	1319	1301	1313	1320	1293	1288	1301	1289	1269	1291	1279	1532.865023
1285	1280	1316	1278	1267	1313	1253	1287	1299	1252	1352	1300	1301	1287	1312	1280	1333	1311	1306	1300	1278	1345	1258	1267	1289	1292	1295	1307	1339	1291	1338	1292	1290	1297	1263	1321	1214	1251	1238	1255	1255	1294	1297	1316	1306	1248	1282	1261	1292	1304	1290	1252	1304	1268	1296	1285	1326	1296	1352	1324	1310	1292	1277	1285	1286	1308	1347	1324	1329	1283	1259	1227	1260	1255	1275	1330	1331	1290	1318	1316	1288	1394	1273	1315	1338	1304	1332	1331	1301	1291	1334	1289	1323	1278	1301	1297	1535.237872
1310	1309	1353	1298	1298	1287	1310	1259	1307	1300	1318	1334	1282	1285	1294	1289	1304	1298	1314	1278	1295	1300	1309	1278	1300	1286	1259	1291	1299	1270	1286	1281	1291	1282	1312	1328	1264	1223	1216	1287	1318	1265	1263	1302	1268	1283	1274	1272	1335	1385	1318	1294	1269	1294	1253	1311	1323	1308	1273	1297	1268	1268	1286	1270	1308	1291	1262	1397	1363	1287	1245	1250	1300	1254	1273	1317	1284	1282	1366	1327	1282	1444	1307	1295	1326	1324	1334	1360	1327	1340	1307	1339	1325	1284	1312	1325	1537.609717
1281	1305	1331	1324	1316	1291	1275	1332	1288	1303	1266	1301	1278	1287	1262	1321	1304	1313	1340	1342	1307	1307	1295	1296	1313	1324	1296	1293	1304	1277	1280	1318	1281	1238	1316	1365	1230	1222	1214	1317	1305	1330	1299	1272	1334	1297	1274	1272	1333	1334	1335	1311	1326	1278	1298	1292	1295	1271	1330	1314	1319	1301	1310	1314	1275	1266	1359	1387	1359	1258	1256	1269	1285	1304	1285	1339	1303	1309	1309	1277	1309	1433	1347	1293	1363	1336	1293	1317	1319	1299	1319	1357	1316	1323	1284	1269	1539.968016
1303	1300	1242	1321	1297	1318	1290	1284	1321	1347	1327	1316	1282	1285	1285	1310	1329	1305	1352	1329	1313	1313	1346	1250	1311	1299	1322	1333	1338	1324	1301	1308	1346	1331	1297	1353	1245	1221	1250	1307	1331	1274	1313	1352	1353	1272	1297	1280	1347	1325	1317	1278	1311	1289	1302	1340	1291	1312	1277	1332	1293	1296	1320	1330	1308	1323	1347	1331	1364	1262	1270	1228	1288	1301	1272	1309	1300	1324	1357	1342	1330	1455	1296	1272	1343	1372	1351	1316	1342	1304	1295	1317	1314	1326	1343	1283	1542.337859
1301	1314	1269	1318	1314	1292	1298	1304	1281	1335	1341	1360	1308	1310	1302	1304	1317	1356	1309	1317	1274	1301	1335	1322	1352	1315	1279	1340	1317	1304	1292	1316	1326	1339	1340	1269	1284	1256	1217	1339	1336	1246	1279	1324	1358	1281	1302	1262	1354	1331	1307	1332	1306	1304	1352	1356	1260	1316	1365	1311	1315	1291	1314	1334	1304	1345	1363	1386	1416	1298	1290	1249	1336	1310	1322	1364	1328	1326	1376	1350	1313	1438	1315	1307	1354	1322	1358	1359	1383	1349	1286	1320	1356	1313	1315	1288	1544.706699
1293	1323	1284	1339	1319	1342	1322	1304	1326	1335	1304	1315	1306	1284	1332	1295	1315	1317	1377	1333	1347	1356	1333	1346	1299	1305	1345	1349	1340	1320	1319	1299	1302	1361	1314	1351	1265	1264	1281	1324	1329	1279	1312	1298	1394	1285	1300	1293	1294	1325	1333	1305	1312	1354	1320	1322	1314	1314	1351	1304	1296	1290	1321	1305	1331	1308	1326	1340	1381	1274	1274	1269	1352	1335	1285	1315	1347	1332	1346	1301	1265	1469	1380	1310	1330	1363	1365	1394	1365	1343	1294	1349	1326	1303	1318	1309	1547.062011
1300	1304	1298	1324	1318	1333	1276	1299	1310	1338	1295	1326	1311	1286	1326	1330	1348	1368	1358	1297	1306	1294	1313	1324	1310	1289	1315	1352	1349	1349	1335	1319	1339	1354	1310	1323	1246	1277	1283	1347	1303	1323	1377	1292	1302	1305	1267	1279	1339	1339	1295	1290	1325	1334	1352	1291	1308	1344	1346	1327	1352	1283	1280	1395	1350	1296	1374	1372	1377	1292	1285	1298	1297	1321	1312	1325	1354	1371	1348	1339	1332	1437	1348	1337	1342	1307	1333	1360	1354	1338	1327	1314	1306	1349	1312	1340	1549.428852
1326	1313	1376	1310	1299	1313	1308	1364	1281	1308	1287	1299	1293	1327	1312	1360	1298	1272	1301	1307	1310	1351	1302	1298	1314	1340	1309	1325	1334	1355	1309	1346	1289	1290	1355	1342	1245	1247	1241	1269	1309	1331	1323	1315	1328	1300	1306	1269	1375	1352	1349	1301	1329	1317	1311	1308	1331	1347	1286	1324	1317	1308	1314	1323	1294	1299	1405	1389	1404	1284	1284	1301	1338	1268	1358	1373	1348	1352	1381	1346	1338	1411	1303	1294	1339	1326	1342	1371	1361	1349	1315	1362	1336	1325	1340	1323	1551.782178
1321	1329	1313	1360	1365	1327	1328	1367	1331	1344	1325	1313	1295	1362	1305	1300	1331	1284	1332	1375	1296	1333	1350	1298	1327	1321	1315	1341	1341	1319	1316	1320	1315	1323	1312	1366	1274	1288	1253	1315	1295	1315	1371	1327	1364	1293	1320	1344	1330	1313	1311	1306	1312	1321	1312	1279	1345	1361	1309	1335	1338	1321	1295	1347	1323	1333	1374	1325	1359	1293	1318	1311	1329	1329	1314	1338	1354	1333	1392	1313	1328	1413	1374	1328	1322	1328	1333	1339	1317	1338	1298	1351	1382	1297	1367	1328	1554.134514
1295	1316	1318	1332	1309	1347	1335	1324	1312	1311	1292	1350	1304	1369	1336	1361	1310	1331	1363	1296	1337	1315	1340	1337	1351	1330	1329	1299	1358	1343	1318	1342	1360	1301	1349	1319	1239	1257	1272	1352	1309	1355	1311	1354	1345	1309	1307	1329	1369	1331	1329	1318	1287	1351	1346	1350	1302	1323	1336	1317	1367	1338	1301	1331	1324	1310	1364	1403	1413	1247	1265	1310	1316	1300	1305	1333	1353	1326	1407	1352	1290	1459	1339	1302	1334	1372	1342	1335	1347	1372	1346	1346	1315	1295	1308	1318	1556.498365
1301	1318	1314	1401	1328	1347	1319	1366	1340	1345	1349	1297	1320	1347	1303	1324	1363	1345	1371	1380	1342	1393	1358	1364	1347	1358	1311	1333	1343	1380	1312	1300	1364	1324	1370	1365	1254	1289	1281	1303	1349	1367	1315	1371	1298	1316	1291	1332	1327	1391	1326	1322	1370	1315	1353	1328	1348	1323	1311	1352	1317	1332	1345	1344	1330	1298	1353	1396	1363	1265	1313	1272	1366	1349	1325	1352	1353	1300	1397	1342	1365	1451	1355	1307	1374	1419	1352	1369	1361	1369	1358	1387	1372	1362	1335	1363	1558.848718
1321	1361	1353	1356	1338	1308	1359	1311	1323	1331	1374	1351	1359	1309	1307	1351	1351	1338	1343	1360	1375	1318	1371	1354	1353	1367	1367	1332	1384	1360	1366	1295	1380	1308	1352	1366	1291	1320	1286	1344	1377	1326	1330	1360	1353	1351	1340	1288	1368	1391	1377	1332	1313	1311	1330	1327	1284	1361	1345	1351	1306	1376	1346	1341	1356	1352	1378	1381	1408	1324	1290	1272	1338	1337	1356	1363	1373	1274	1385	1375	1339	1448	1414	1337	1354	1381	1389	1361	1360	1402	1356	1402	1299	1379	1329	1345	1561.198083
1368	1344	1384	1333	1359	1314	1335	1341	1395	1356	1385	1344	1339	1376	1383	1316	1337	1406	1429	1354	1364	1345	1353	1363	1369	1404	1364	1380	1310	1379	1373	1355	1364	1390	1337	1388	1244	1294	1268	1327	1314	1376	1366	1399	1418	1315	1348	1322	1360	1375	1328	1332	1319	1342	1298	1331	1375	1380	1361	1357	1354	1342	1357	1400	1330	1350	1438	1402	1393	1365	1257	1298	1373	1341	1329	1386	1319	1348	1413	1383	1379	1475	1335	1307	1362	1401	1390	1359	1357	1328	1359	1343	1348	1345	1328	1326	1563.546462
1323	1319	1383	1351	1368	1361	1338	1330	1381	1349	1413	1341	1386	1320	1349	1340	1357	1354	1378	1399	1372	1385	1393	1348	1370	1346	1307	1372	1384	1359	1394	1348	1373	1394	1344	1322	1320	1291	1255	1351	1336	1347	1361	1413	1311	1302	1364	1315	1425	1384	1402	1346	1374	1370	1351	1389	1331	1370	1364	1401	1396	1351	1370	1346	1349	1345	1359	1383	1414	1342	1326	1341	1362	1358	1360	1395	1302	1327	1378	1345	1393	1488	1357	1389	1419	1396	1367	1373	1397	1399	1341	1328	1399	1337	1361	1337	1565.893853
1348	1346	1328	1381	1369	1357	1381	1364	1310	1351	1391	1375	1313	1432	1369	1399	1395	1370	1375	1392	1354	1362	1376	1333	1390	1377	1390	1397	1390	1427	1397	1367	1376	1327	1403	1346	1295	1295	1279	1346	1362	1403	1362	1362	1442	1334	1345	1366	1413	1466	1372	1381	1357	1399	1324	1349	1379	1366	1399	1352	1375	1379	1356	1383	1373	1395	1357	1431	1442	1324	1329	1296	1393	1389	1327	1340	1398	1384	1426	1394	1366	1460	1368	1372	1389	1374	1340	1389	1406	1394	1371	1367	1388	1415	1354	1291	1568.240259
1331	1382	1375	1350	1360	1349	1405	1366	1416	1367	1440	1412	1375	1373	1380	1354	1385	1391	1379	1418	1394	1411	1376	1404	1365	1355	1363	1374	1428	1379	1366	1387	1388	1378	1368	1387	1298	1331	1307	1403	1383	1376	1356	1403	1410	1288	1351	1347	1382	1402	1378	1381	1385	1377	1320	1404	1349	1396	1364	1388	1344	1362	1365	1350	1430	1410	1398	1440	1454	1361	1357	1299	1370	1380	1358	1414	1338	1361	1452	1389	1365	1482	1423	1322	1393	1360	1391	1386	1360	1391	1363	1406	1397	1412	1429	1362	1570.585679
1361	1373	1359	1401	1378	1364	1420	1419	1356	1389	1432	1415	1408	1408	1405	1370	1400	1428	1377	1441	1397	1396	1357	1390	1406	1389	1389	1430	1413	1371	1378	1421	1405	1408	1419	1411	1360	1355	1322	1352	1327	1379	1371	1426	1384	1388	1382	1381	1436	1401	1394	1392	1370	1361	1398	1365	1440	1353	1369	1423	1318	1382	1370	1368	1403	1428	1467	1376	1429	1333	1385	1346	1403	1411	1412	1402	1366	1383	1468	1410	1366	1466	1408	1374	1429	1422	1407	1440	1385	1370	1424	1421	1386	1417	1438	1408	1572.917647
1353	1407	1372	1358	1419	1431	1403	1424	1370	1387	1434	1396	1397	1370	1415	1368	1422	1405	1409	1368	1372	1440	1442	1442	1422	1434	1380	1409	1395	1424	1391	1392	1404	1440	1365	1394	1360	1341	1314	1442	1374	1402	1393	1391	1409	1426	1393	1387	1436	1422	1414	1393	1404	1390	1348	1381	1382	1409	1402	1443	1397	1404	1384	1387	1437	1411	1430	1435	1451	1354	1343	1321	1372	1404	1385	1387	1366	1406	1467	1416	1421	1474	1458	1387	1379	1414	1430	1401	1440	1435	1443	1403	1385	1342	1402	1428	1575.261104
1436	1356	1409	1403	1377	1395	1412	1431	1417	1444	1436	1416	1370	1403	1408	1416	1425	1431	1407	1381	1383	1429	1433	1428	1416	1403	1442	1412	1391	1447	1376	1444	1397	1434	1424	1433	1375	1370	1370	1409	1434	1382	1414	1376	1404	1445	1393	1392	1423	1453	1414	1422	1453	1424	1465	1386	1412	1386	1427	1409	1426	1427	1419	1353	1404	1459	1486	1489	1518	1327	1406	1382	1399	1374	1416	1438	1421	1367	1466	1416	1403	1503	1447	1425	1405	1444	1452	1452	1426	1447	1427	1403	1451	1357	1435	1415	1577.59112
1426	1374	1458	1454	1417	1423	1385	1435	1476	1448	1499	1416	1396	1421	1440	1431	1489	1499	1465	1505	1485	1463	1461	1400	1432	1480	1420	1431	1451	1393	1441	1489	1420	1456	1435	1434	1340	1409	1378	1400	1438	1447	1492	1437	1455	1417	1450	1460	1520	1527	1462	1465	1439	1429	1464	1379	1445	1420	1455	1428	1427	1431	1446	1446	1424	1426	1459	1474	1485	1436	1426	1437	1447	1451	1482	1433	1492	1440	1466	1489	1461	1533	1489	1434	1453	1458	1470	1488	1448	1435	1478	1418	1388	1438	1423	1407	1579.932615
1433	1472	1444	1413	1455	1510	1460	1460	1516	1530	1475	1449	1523	1472	1508	1488	1484	1432	1477	1493	1451	1467	1482	1450	1507	1430	1461	1459	1459	1460	1482	1487	1484	1509	1443	1476	1410	1438	1414	1471	1493	1471	1491	1466	1485	1438	1421	1424	1501	1504	1494	1465	1430	1424	1475	1494	1482	1526	1517	1488	1440	1529	1440	1464	1491	1518	1465	1548	1536	1439	1430	1399	1490	1491	1442	1470	1468	1499	1558	1469	1444	1549	1474	1468	1517	1483	1479	1476	1473	1489	1482	1493	1483	1513	1481	1523	1582.260682
1428	1445	1476	1483	1456	1439	1452	1478	1445	1466	1487	1449	1453	1478	1448	1467	1488	1502	1450	1463	1469	1481	1405	1493	1497	1476	1503	1491	1468	1457	1479	1473	1530	1475	1480	1454	1414	1389	1413	1472	1470	1476	1440	1462	1457	1481	1447	1463	1432	1465	1462	1486	1488	1454	1466	1455	1470	1475	1459	1472	1442	1418	1483	1467	1492	1462	1514	1509	1585	1435	1399	1422	1380	1460	1456	1472	1489	1454	1510	1460	1502	1529	1504	1491	1481	1429	1447	1476	1533	1473	1492	1469	1470	1396	1467	1450	1584.600219
1450	1445	1433	1438	1455	1457	1470	1440	1482	1467	1476	1454	1389	1427	1437	1513	1461	1469	1435	1455	1478	1468	1426	1438	1485	1456	1460	1469	1464	1510	1465	1421	1448	1459	1469	1441	1341	1388	1368	1438	1424	1391	1441	1483	1446	1431	1425	1380	1464	1420	1424	1432	1442	1437	1417	1466	1424	1468	1433	1464	1465	1491	1413	1434	1438	1449	1507	1493	1516	1418	1401	1394	1441	1438	1441	1449	1446	1472	1473	1447	1424	1556	1492	1429	1480	1518	1476	1469	1501	1445	1435	1442	1429	1417	1379	1413	1586.926339
1410	1486	1392	1435	1432	1450	1482	1470	1492	1483	1424	1479	1458	1472	1435	1429	1454	1472	1507	1448	1453	1490	1484	1405	1422	1442	1434	1490	1494	1483	1454	1495	1443	1474	1444	1468	1386	1374	1388	1450	1469	1450	1487	1450	1399	1438	1427	1434	1476	1501	1467	1439	1444	1421	1436	1437	1455	1425	1434	1410	1458	1460	1419	1458	1455	1440	1504	1502	1473	1390	1393	1392	1463	1454	1412	1470	1471	1415	1475	1426	1478	1527	1470	1479	1433	1433	1471	1438	1492	1469	1477	1454	1441	1489	1484	1456	1589.251488
1488	1472	1461	1486	1499	1452	1424	1459	1520	1471	1483	1459	1484	1439	1474	1521	1507	1458	1497	1464	1468	1476	1432	1460	1459	1467	1478	1434	1489	1462	1470	1439	1450	1434	1492	1477	1395	1393	1433	1479	1458	1483	1484	1469	1502	1460	1460	1391	1480	1496	1494	1450	1460	1451	1473	1446	1464	1462	1501	1453	1465	1443	1476	1460	1406	1501	1524	1546	1533	1420	1417	1378	1468	1449	1507	1480	1463	1430	1499	1492	1411	1552	1479	1457	1510	1471	1452	1466	1446	1463	1497	1483	1499	1479	1505	1484	1591.575668
1464	1516	1493	1482	1486	1488	1483	1527	1526	1472	1506	1501	1510	1506	1480	1545	1497	1517	1466	1503	1537	1535	1444	1487	1561	1547	1470	1539	1541	1486	1477	1515	1437	1501	1470	1533	1409	1419	1377	1524	1510	1470	1487	1549	1487	1495	1509	1502	1513	1543	1487	1519	1495	1442	1509	1497	1467	1522	1461	1502	1530	1507	1518	1478	1473	1525	1564	1510	1550	1518	1463	1458	1457	1485	1497	1530	1496	1440	1548	1521	1519	1625	1525	1498	1474	1510	1481	1536	1530	1486	1508	1469	1441	1516	1503	1536	1593.89888
1500	1575	1551	1544	1532	1523	1508	1539	1560	1526	1514	1565	1589	1568	1547	1588	1527	1545	1579	1538	1506	1562	1528	1482	1557	1532	1520	1530	1540	1542	1543	1548	1495	1530	1540	1586	1467	1494	1479	1592	1561	1540	1514	1545	1562	1487	1525	1462	1509	1551	1559	1539	1548	1545	1541	1516	1510	1537	1530	1525	1487	1512	1498	1534	1563	1542	1588	1564	1609	1486	1478	1461	1505	1499	1532	1520	1571	1515	1524	1548	1512	1613	1507	1490	1517	1560	1532	1560	1530	1543	1530	1519	1558	1524	1521	1522	1596.221123
1575	1579	1594	1575	1606	1571	1566	1551	1601	1592	1542	1585	1533	1602	1611	1559	1561	1643	1574	1584	1553	1588	1658	1647	1586	1525	1562	1631	1535	1592	1604	1621	1619	1566	1581	1625	1491	1511	1519	1581	1606	1604	1588	1626	1598	1591	1566	1589	1609	1608	1627	1610	1530	1588	1576	1613	1614	1595	1551	1549	1617	1610	1625	1549	1604	1599	1617	1595	1637	1530	1525	1540	1578	1595	1577	1562	1633	1624	1627	1576	1616	1686	1552	1584	1610	1615	1680	1598	1643	1595	1588	1536	1558	1573	1570	1565	1598.542399
1648	1651	1596	1592	1671	1637	1620	1656	1588	1671	1612	1644	1620	1665	1656	1648	1676	1626	1713	1675	1646	1639	1602	1622	1660	1657	1639	1651	1627	1622	1654	1623	1632	1660	1615	1597	1544	1505	1594	1630	1610	1617	1628	1628	1623	1619	1673	1607	1645	1646	1636	1561	1638	1636	1600	1624	1620	1627	1660	1616	1635	1690	1666	1628	1649	1665	1691	1662	1714	1604	1615	1626	1662	1625	1624	1635	1647	1624	1674	1610	1620	1698	1609	1644	1658	1686	1688	1632	1654	1675	1661	1681	1640	1665	1632	1570	1600.862708
1609	1606	1668	1635	1641	1637	1651	1652	1614	1632	1673	1703	1616	1623	1664	1654	1710	1701	1662	1647	1666	1697	1678	1619	1704	1665	1630	1641	1623	1637	1669	1693	1667	1653	1660	1673	1623	1538	1585	1616	1669	1596	1647	1648	1658	1631	1680	1592	1678	1671	1724	1642	1643	1617	1660	1694	1665	1690	1700	1668	1616	1589	1644	1624	1695	1680	1693	1686	1690	1623	1593	1661	1646	1722	1648	1659	1668	1651	1645	1627	1654	1746	1666	1651	1636	1700	1622	1713	1628	1644	1675	1687	1689	1628	1641	1665	1603.18205
1574	1650	1631	1679	1645	1616	1598	1630	1618	1602	1663	1697	1589	1649	1625	1667	1629	1682	1634	1613	1595	1613	1615	1665	1631	1594	1579	1648	1654	1600	1638	1609	1594	1625	1564	1604	1574	1580	1551	1634	1637	1648	1651	1597	1653	1601	1580	1602	1609	1659	1606	1594	1606	1583	1638	1628	1619	1589	1582	1608	1571	1600	1567	1593	1562	1574	1696	1694	1692	1603	1559	1573	1595	1621	1620	1652	1627	1592	1608	1652	1624	1674	1676	1621	1639	1703	1659	1656	1686	1659	1597	1627	1635	1653	1700	1615	1605.500427
1612	1573	1518	1581	1590	1552	1547	1507	1533	1609	1548	1590	1573	1563	1536	1628	1599	1595	1607	1599	1610	1621	1580	1568	1562	1590	1559	1590	1599	1564	1585	1557	1569	1594	1605	1587	1511	1528	1525	1583	1563	1570	1562	1590	1542	1579	1531	1554	1632	1592	1576	1604	1552	1579	1585	1516	1584	1588	1568	1564	1577	1570	1602	1566	1597	1588	1596	1614	1671	1552	1544	1502	1592	1597	1603	1582	1561	1598	1618	1618	1621	1703	1592	1560	1565	1589	1580	1625	1593	1589	1546	1623	1560	1595	1582	1589	1607.805448
1519	1577	1535	1546	1540	1568	1539	1573	1532	1549	1606	1576	1566	1575	1538	1546	1572	1564	1585	1559	1570	1558	1566	1623	1564	1552	1514	1591	1562	1543	1620	1559	1549	1584	1623	1606	1482	1507	1506	1576	1544	1586	1542	1576	1615	1549	1543	1560	1573	1586	1571	1520	1560	1524	1576	1561	1559	1587	1524	1593	1539	1628	1595	1569	1547	1563	1596	1591	1617	1507	1485	1506	1587	1518	1537	1577	1550	1621	1584	1572	1554	1680	1569	1548	1623	1548	1542	1580	1543	1572	1556	1616	1615	1530	1540	1561	1610.1219
1561	1575	1561	1557	1541	1508	1595	1542	1501	1557	1573	1548	1560	1524	1510	1574	1576	1549	1580	1577	1534	1603	1582	1613	1579	1527	1605	1595	1600	1581	1580	1593	1560	1596	1544	1551	1512	1509	1480	1516	1578	1528	1584	1570	1560	1513	1544	1522	1567	1612	1613	1533	1530	1505	1571	1549	1588	1546	1569	1581	1580	1561	1538	1575	1547	1584	1614	1601	1574	1562	1498	1526	1586	1546	1593	1545	1604	1499	1597	1546	1551	1666	1570	1566	1580	1596	1579	1617	1595	1586	1551	1575	1536	1513	1505	1538	1612.425009
1496	1580	1504	1511	1513	1570	1545	1535	1522	1589	1571	1554	1524	1603	1585	1577	1532	1622	1540	1505	1622	1550	1565	1573	1523	1578	1564	1561	1625	1596	1578	1538	1518	1556	1581	1557	1512	1478	1481	1570	1556	1592	1602	1585	1589	1527	1565	1551	1540	1558	1571	1594	1501	1562	1523	1558	1490	1583	1586	1560	1551	1548	1542	1549	1553	1525	1595	1572	1630	1491	1524	1509	1557	1491	1590	1604	1532	1577	1589	1582	1542	1635	1556	1568	1570	1639	1574	1577	1551	1593	1552	1570	1601	1580	1555	1544	1614.739539
1574	1575	1541	1571	1564	1545	1566	1585	1583	1605	1587	1583	1554	1570	1568	1523	1570	1551	1547	1606	1588	1612	1576	1574	1556	1570	1601	1595	1554	1559	1550	1565	1572	1570	1561	1602	1535	1521	1503	1558	1564	1591	1587	1591	1569	1541	1572	1507	1605	1591	1581	1581	1531	1563	1552	1587	1546	1615	1570	1560	1583	1562	1571	1596	1587	1578	1598	1571	1637	1497	1583	1516	1558	1557	1565	1567	1545	1570	1622	1611	1596	1658	1614	1485	1594	1578	1616	1628	1587	1623	1553	1544	1526	1530	1578	1560	1617.040737
1539	1573	1614	1545	1563	1595	1546	1571	1502	1635	1600	1625	1577	1572	1542	1610	1583	1607	1623	1579	1598	1595	1628	1570	1600	1580	1616	1550	1600	1564	1607	1620	1586	1598	1577	1597	1493	1526	1468	1572	1568	1558	1557	1605	1560	1531	1567	1579	1618	1545	1571	1535	1575	1558	1611	1629	1576	1632	1582	1607	1605	1543	1604	1557	1615	1599	1690	1656	1601	1523	1551	1592	1602	1595	1544	1609	1567	1601	1655	1583	1559	1747	1585	1566	1599	1594	1635	1587	1596	1661	1636	1635	1613	1572	1590	1611	1619.340983
1548	1534	1674	1598	1555	1579	1647	1589	1608	1597	1605	1622	1608	1614	1557	1613	1589	1648	1630	1653	1603	1586	1580	1565	1625	1579	1600	1648	1583	1582	1619	1576	1568	1658	1570	1581	1546	1516	1576	1644	1600	1576	1642	1605	1644	1639	1584	1563	1644	1625	1619	1605	1576	1594	1577	1567	1590	1580	1609	1627	1545	1538	1627	1566	1585	1617	1629	1627	1662	1543	1530	1558	1602	1580	1554	1589	1588	1602	1654	1621	1530	1694	1638	1631	1559	1604	1601	1593	1582	1633	1636	1590	1627	1609	1587	1596	1621.640277
1611	1596	1597	1593	1618	1615	1615	1597	1565	1568	1600	1585	1572	1520	1595	1585	1655	1663	1588	1615	1572	1590	1601	1599	1582	1624	1589	1571	1609	1591	1600	1615	1592	1571	1642	1612	1559	1529	1519	1650	1579	1619	1616	1585	1682	1613	1590	1597	1687	1574	1561	1631	1564	1573	1660	1596	1563	1634	1602	1611	1551	1637	1643	1620	1644	1577	1688	1636	1630	1578	1573	1564	1618	1571	1665	1571	1639	1565	1665	1600	1622	1702	1636	1560	1642	1689	1644	1618	1701	1645	1643	1663	1590	1599	1632	1629	1623.938621
1640	1599	1602	1600	1582	1592	1660	1600	1682	1578	1602	1635	1629	1629	1595	1620	1652	1621	1590	1615	1603	1604	1623	1594	1696	1585	1567	1629	1656	1635	1633	1638	1602	1643	1582	1625	1593	1575	1545	1584	1612	1603	1572	1658	1575	1624	1569	1588	1632	1662	1685	1596	1574	1619	1591	1636	1576	1603	1632	1623	1596	1648	1610	1641	1642	1604	1682	1667	1665	1599	1618	1591	1626	1600	1651	1647	1636	1617	1691	1619	1622	1714	1664	1554	1623	1667	1637	1640	1592	1605	1619	1614	1618	1651	1591	1590	1626.236015
1612	1590	1583	1628	1650	1611	1624	1634	1615	1652	1599	1626	1649	1596	1640	1644	1629	1703	1633	1657	1655	1679	1627	1574	1616	1548	1635	1638	1639	1631	1605	1590	1610	1611	1599	1669	1539	1558	1531	1582	1616	1577	1630	1651	1633	1579	1606	1634	1637	1631	1621	1676	1657	1655	1600	1583	1636	1575	1571	1595	1599	1582	1602	1602	1609	1616	1667	1678	1683	1578	1630	1618	1574	1614	1593	1644	1620	1570	1657	1633	1594	1741	1641	1597	1615	1622	1652	1598	1634	1621	1659	1631	1660	1590	1613	1632	1628.532459
1588	1583	1642	1629	1597	1590	1615	1667	1652	1592	1625	1631	1608	1578	1595	1635	1617	1622	1642	1637	1650	1621	1599	1602	1622	1607	1652	1625	1624	1594	1621	1583	1660	1602	1614	1593	1543	1547	1556	1613	1617	1601	1622	1581	1653	1607	1553	1586	1645	1613	1629	1629	1592	1633	1648	1622	1636	1619	1603	1682	1614	1625	1608	1684	1627	1673	1711	1620	1709	1607	1584	1591	1645	1588	1580	1660	1609	1666	1678	1663	1616	1732	1717	1589	1630	1620	1646	1675	1566	1706	1629	1676	1637	1643	1592	1632	1630.827955
1569	1597	1628	1614	1635	1616	1612	1627	1646	1617	1615	1582	1607	1690	1559	1692	1678	1635	1641	1639	1618	1560	1559	1641	1637	1635	1636	1626	1613	1633	1624	1591	1622	1641	1642	1581	1531	1554	1570	1591	1613	1621	1603	1578	1651	1597	1596	1656	1593	1637	1643	1592	1617	1658	1610	1635	1642	1659	1581	1631	1605	1616	1613	1637	1622	1620	1696	1671	1678	1559	1617	1559	1638	1578	1652	1639	1628	1616	1665	1640	1634	1714	1647	1627	1692	1598	1648	1646	1702	1691	1657	1604	1627	1652	1568	1631	1633.122502
1655	1570	1601	1626	1579	1630	1627	1606	1620	1572	1656	1610	1627	1653	1604	1646	1608	1602	1601	1622	1654	1604	1603	1669	1599	1623	1614	1660	1640	1573	1625	1589	1658	1598	1627	1610	1583	1504	1601	1572	1618	1591	1587	1672	1613	1577	1597	1652	1625	1645	1592	1590	1607	1626	1675	1609	1597	1638	1604	1623	1615	1563	1589	1627	1651	1637	1620	1686	1677	1601	1547	1588	1596	1571	1646	1614	1633	1628	1639	1626	1649	1681	1620	1663	1577	1659	1613	1627	1604	1643	1626	1649	1574	1714	1575	1642	1635.416101
1593	1605	1621	1596	1602	1609	1611	1555	1643	1641	1629	1651	1617	1545	1602	1584	1633	1622	1595	1615	1588	1611	1635	1590	1642	1625	1575	1611	1640	1642	1645	1622	1601	1638	1583	1596	1531	1536	1532	1582	1625	1575	1628	1613	1593	1557	1648	1581	1606	1642	1596	1627	1637	1619	1620	1553	1631	1598	1676	1626	1620	1598	1535	1642	1578	1602	1666	1686	1651	1551	1608	1525	1653	1585	1606	1597	1664	1643	1639	1670	1619	1649	1619	1630	1596	1642	1651	1639	1633	1638	1569	1619	1558	1626	1593	1591	1637.69643
1562	1574	1554	1599	1593	1579	1606	1640	1617	1606	1611	1585	1626	1609	1591	1583	1567	1580	1582	1605	1658	1623	1623	1589	1598	1611	1625	1618	1626	1610	1590	1623	1606	1582	1597	1647	1562	1547	1544	1602	1552	1562	1591	1645	1633	1567	1591	1617	1673	1633	1565	1569	1585	1613	1591	1605	1581	1555	1608	1643	1634	1631	1598	1550	1636	1622	1646	1601	1681	1568	1540	1578	1583	1590	1553	1551	1622	1589	1619	1641	1615	1640	1626	1548	1609	1601	1647	1648	1646	1582	1622	1557	1619	1609	1600	1549	1639.98814
1579	1600	1579	1616	1571	1623	1617	1558	1575	1613	1611	1602	1641	1652	1594	1614	1571	1588	1604	1615	1592	1605	1653	1587	1605	1560	1600	1594	1631	1618	1556	1592	1597	1553	1604	1617	1542	1559	1530	1544	1592	1606	1638	1623	1626	1569	1571	1585	1612	1554	1624	1580	1641	1586	1587	1639	1585	1582	1591	1611	1583	1585	1596	1586	1613	1591	1663	1649	1627	1563	1578	1660	1594	1559	1616	1628	1585	1599	1646	1626	1606	1681	1621	1558	1601	1596	1608	1589	1657	1682	1606	1645	1649	1595	1649	1644	1642.266591
1575	1603	1594	1578	1631	1548	1559	1591	1639	1610	1628	1576	1559	1582	1528	1587	1620	1600	1621	1587	1601	1599	1593	1557	1567	1561	1599	1607	1626	1609	1593	1540	1603	1571	1591	1639	1548	1539	1559	1591	1604	1605	1649	1619	1570	1574	1588	1562	1625	1639	1660	1574	1581	1606	1530	1607	1580	1625	1597	1618	1548	1576	1565	1564	1567	1622	1614	1690	1640	1592	1548	1545	1611	1624	1632	1625	1581	1581	1600	1594	1601	1689	1666	1546	1654	1585	1610	1584	1594	1598	1585	1631	1586	1610	1635	1597	1644.556416
1542	1583	1516	1580	1555	1549	1601	1577	1603	1580	1641	1604	1576	1558	1648	1590	1596	1523	1558	1619	1582	1582	1618	1596	1588	1566	1575	1574	1553	1605	1562	1540	1593	1559	1586	1591	1500	1523	1530	1543	1612	1584	1569	1591	1594	1532	1586	1596	1627	1584	1596	1579	1595	1552	1556	1562	1606	1567	1597	1600	1582	1582	1583	1583	1602	1560	1677	1665	1619	1593	1534	1551	1557	1559	1566	1623	1572	1569	1603	1598	1624	1683	1605	1561	1565	1637	1630	1605	1658	1607	1573	1582	1594	1634	1600	1588	1646.832992
1541	1564	1557	1563	1552	1574	1571	1570	1543	1529	1607	1600	1585	1575	1576	1626	1620	1560	1571	1562	1577	1534	1538	1625	1578	1578	1584	1543	1610	1556	1613	1526	1611	1538	1617	1627	1513	1536	1529	1601	1591	1583	1677	1576	1560	1557	1628	1521	1608	1646	1608	1625	1575	1575	1572	1554	1601	1618	1600	1605	1625	1540	1579	1598	1591	1615	1643	1584	1596	1583	1519	1525	1574	1594	1559	1592	1576	1576	1663	1623	1575	1630	1627	1576	1552	1599	1610	1584	1655	1605	1611	1628	1566	1582	1643	1564	1649.108634
1493	1611	1521	1576	1567	1597	1564	1585	1543	1582	1598	1569	1606	1603	1597	1595	1570	1525	1622	1546	1590	1559	1547	1621	1570	1574	1587	1524	1550	1603	1596	1564	1580	1602	1550	1580	1549	1479	1473	1610	1593	1566	1603	1582	1618	1587	1519	1603	1584	1624	1603	1508	1607	1597	1593	1554	1586	1553	1602	1544	1572	1573	1530	1565	1605	1545	1663	1598	1562	1575	1537	1489	1517	1570	1590	1597	1537	1648	1644	1611	1572	1637	1626	1575	1594	1613	1592	1579	1603	1600	1588	1584	1608	1548	1563	1496	1651.395636
1525	1562	1570	1591	1525	1596	1526	1556	1490	1590	1550	1605	1609	1556	1646	1582	1581	1598	1580	1599	1597	1573	1564	1561	1607	1579	1572	1616	1563	1555	1613	1587	1567	1582	1551	1561	1492	1463	1497	1562	1556	1573	1576	1544	1531	1555	1578	1511	1530	1572	1586	1589	1539	1537	1550	1570	1570	1580	1642	1589	1496	1580	1579	1531	1593	1556	1598	1659	1647	1587	1543	1524	1565	1585	1554	1613	1600	1520	1597	1617	1583	1714	1632	1554	1632	1628	1577	1546	1630	1636	1650	1586	1591	1544	1561	1569	1653.669406
1548	1553	1513	1521	1552	1578	1560	1564	1503	1574	1514	1553	1573	1577	1567	1547	1571	1565	1543	1576	1581	1548	1568	1567	1556	1537	1591	1601	1565	1509	1589	1571	1563	1561	1546	1559	1498	1479	1498	1578	1600	1566	1581	1584	1576	1539	1573	1504	1594	1565	1571	1560	1563	1584	1525	1561	1541	1597	1559	1555	1568	1548	1522	1560	1528	1516	1621	1606	1583	1554	1559	1544	1550	1528	1547	1565	1541	1575	1593	1571	1571	1627	1555	1563	1594	1638	1599	1605	1564	1599	1553	1579	1590	1618	1571	1556	1655.942244
1501	1495	1526	1553	1525	1583	1545	1504	1555	1564	1506	1565	1547	1488	1548	1558	1546	1571	1583	1585	1535	1545	1559	1577	1567	1537	1525	1576	1597	1523	1527	1567	1545	1547	1513	1543	1443	1476	1460	1572	1549	1512	1536	1587	1541	1495	1473	1501	1540	1566	1588	1594	1510	1559	1548	1550	1532	1514	1545	1546	1592	1570	1536	1515	1512	1522	1592	1554	1567	1510	1530	1492	1558	1555	1617	1491	1530	1535	1599	1557	1547	1667	1564	1542	1554	1604	1532	1559	1640	1534	1561	1566	1533	1544	1499	1509	1658.21415
1510	1553	1523	1518	1489	1543	1549	1553	1514	1515	1519	1537	1582	1577	1528	1518	1524	1510	1559	1582	1500	1587	1530	1516	1518	1514	1548	1594	1565	1498	1551	1533	1504	1531	1575	1498	1459	1448	1456	1613	1548	1475	1552	1548	1535	1540	1515	1468	1567	1564	1593	1540	1477	1469	1555	1560	1490	1554	1596	1559	1529	1491	1552	1530	1532	1583	1551	1577	1607	1515	1511	1465	1499	1552	1485	1512	1506	1516	1579	1508	1527	1613	1513	1541	1563	1559	1592	1585	1595	1533	1575	1597	1535	1556	1508	1513	1660.485125
1491	1524	1503	1463	1539	1533	1496	1512	1517	1497	1528	1481	1489	1523	1485	1512	1560	1537	1542	1537	1578	1525	1502	1568	1533	1530	1507	1500	1559	1563	1530	1519	1501	1490	1571	1525	1413	1483	1428	1497	1494	1518	1481	1479	1540	1477	1508	1524	1559	1525	1549	1484	1500	1521	1544	1505	1520	1555	1494	1554	1507	1509	1500	1524	1519	1532	1558	1563	1541	1473	1512	1494	1502	1498	1481	1546	1517	1474	1537	1546	1471	1606	1517	1533	1508	1558	1523	1541	1548	1557	1517	1566	1506	1478	1485	1499	1662.75517
1465	1522	1465	1525	1479	1491	1458	1480	1517	1526	1513	1483	1476	1490	1474	1479	1501	1502	1532	1568	1494	1491	1484	1490	1474	1482	1497	1520	1563	1492	1448	1460	1513	1516	1509	1562	1431	1394	1405	1519	1483	1489	1470	1539	1449	1485	1479	1512	1532	1526	1484	1462	1508	1465	1494	1496	1523	1519	1543	1508	1494	1467	1506	1444	1544	1486	1606	1534	1571	1456	1479	1483	1525	1444	1454	1485	1488	1476	1477	1506	1455	1624	1523	1496	1522	1522	1566	1531	1530	1515	1537	1492	1483	1495	1496	1449	1665.012021
1483	1502	1479	1458	1416	1484	1450	1475	1455	1493	1471	1485	1460	1442	1446	1482	1489	1498	1460	1458	1459	1498	1473	1524	1473	1466	1482	1487	1485	1478	1453	1467	1525	1452	1479	1510	1413	1374	1382	1470	1461	1466	1510	1470	1447	1381	1477	1460	1484	1434	1526	1444	1451	1422	1456	1525	1497	1489	1507	1465	1500	1439	1429	1496	1498	1474	1499	1485	1559	1448	1420	1445	1497	1433	1478	1447	1503	1478	1496	1501	1473	1515	1478	1477	1505	1494	1453	1495	1476	1506	1474	1523	1494	1484	1477	1442	1667.28021
1418	1429	1380	1447	1470	1444	1441	1466	1437	1532	1465	1448	1403	1420	1496	1436	1487	1444	1476	1450	1460	1506	1468	1449	1466	1423	1464	1440	1476	1463	1454	1499	1483	1429	1450	1478	1381	1423	1363	1472	1423	1450	1509	1452	1450	1404	1431	1388	1471	1438	1482	1455	1444	1420	1474	1489	1455	1473	1460	1495	1418	1422	1468	1425	1476	1454	1517	1509	1529	1380	1389	1439	1517	1468	1445	1497	1468	1431	1494	1482	1464	1525	1435	1443	1414	1503	1543	1411	1452	1440	1509	1488	1493	1492	1451	1425	1669.547471
1442	1446	1427	1444	1425	1440	1445	1457	1406	1433	1438	1456	1444	1421	1421	1451	1472	1487	1418	1470	1412	1432	1434	1456	1413	1432	1462	1406	1429	1451	1424	1421	1452	1421	1431	1411	1357	1372	1385	1436	1396	1402	1410	1412	1444	1440	1416	1377	1438	1461	1435	1390	1432	1433	1468	1402	1418	1398	1389	1469	1451	1470	1425	1444	1405	1483	1509	1494	1476	1358	1400	1385	1451	1414	1392	1466	1439	1467	1505	1481	1406	1476	1434	1439	1462	1455	1439	1461	1500	1444	1437	1475	1452	1398	1478	1460	1671.801556
1392	1406	1404	1422	1426	1397	1423	1382	1423	1457	1403	1393	1400	1393	1424	1412	1431	1438	1410	1417	1435	1464	1475	1440	1360	1446	1416	1458	1420	1462	1453	1425	1407	1409	1411	1448	1370	1366	1384	1391	1434	1426	1412	1423	1455	1430	1387	1350	1453	1440	1383	1404	1438	1381	1425	1447	1417	1411	1408	1444	1405	1385	1408	1419	1410	1421	1467	1468	1492	1409	1364	1425	1395	1419	1439	1382	1388	1404	1521	1411	1418	1467	1478	1382	1438	1459	1434	1416	1393	1418	1446	1406	1475	1431	1443	1381	1674.066965
1406	1422	1406	1431	1370	1408	1397	1460	1414	1396	1411	1424	1410	1402	1409	1356	1414	1436	1411	1402	1415	1367	1425	1405	1391	1392	1389	1413	1448	1412	1388	1431	1371	1400	1373	1415	1350	1316	1316	1391	1398	1424	1382	1348	1350	1351	1442	1401	1457	1468	1440	1399	1334	1370	1384	1372	1471	1410	1378	1448	1481	1432	1439	1380	1367	1442	1464	1446	1472	1362	1391	1337	1402	1417	1397	1427	1383	1423	1413	1422	1410	1538	1397	1429	1424	1458	1482	1448	1429	1451	1404	1418	1425	1384	1368	1415	1676.319209
1358	1364	1369	1358	1334	1366	1383	1403	1369	1348	1429	1442	1422	1402	1368	1383	1371	1393	1443	1458	1397	1362	1390	1439	1401	1369	1415	1430	1376	1371	1400	1379	1400	1352	1381	1405	1338	1369	1316	1379	1406	1397	1431	1373	1395	1431	1372	1391	1425	1375	1454	1444	1417	1353	1398	1397	1420	1392	1407	1411	1365	1412	1416	1414	1397	1456	1460	1410	1478	1387	1389	1365	1438	1415	1365	1404	1369	1351	1403	1386	1429	1453	1427	1374	1459	1383	1409	1409	1424	1435	1395	1418	1416	1361	1434	1401	1678.58277
1365	1419	1388	1333	1380	1377	1402	1331	1407	1352	1419	1387	1427	1387	1365	1411	1387	1445	1429	1367	1418	1336	1436	1416	1441	1359	1380	1383	1350	1395	1406	1416	1405	1366	1349	1414	1347	1318	1288	1382	1400	1385	1413	1400	1377	1382	1367	1383	1382	1369	1416	1372	1320	1370	1372	1380	1385	1376	1405	1407	1366	1374	1371	1402	1334	1443	1433	1414	1459	1332	1354	1329	1368	1393	1357	1419	1386	1372	1423	1438	1386	2120	1404	1400	1398	1364	1442	1360	1404	1431	1420	1333	1428	1396	1395	1320	1680.833176
1378	1333	1347	1367	1390	1354	1362	1333	1369	1347	1329	1373	1380	1381	1378	1356	1383	1386	1445	1396	1351	1379	1356	1355	1352	1400	1353	1366	1382	1354	1394	1385	1387	1355	1426	1366	1307	1300	1320	1377	1404	1380	1406	1371	1354	1382	1320	1346	1410	1367	1373	1421	1317	1320	1356	1347	1351	1416	1353	1377	1388	1302	1345	1423	1391	1367	1410	1432	1439	1361	1362	1312	1390	1348	1359	1376	1381	1359	1467	1352	1368	11907	1415	1368	1391	1368	1433	1364	1355	1344	1367	1393	1380	1413	1338	1409	1683.082667
1374	1360	1349	1346	1360	1380	1358	1381	1339	1353	1364	1339	1337	1348	1340	1382	1329	1386	1390	1354	1352	1339	1357	1387	1378	1283	1361	1345	1369	1282	1352	1363	1355	1437	1374	1357	1293	1295	1291	1369	1300	1324	1337	1333	1361	1319	1356	1343	1459	1343	1352	1396	1321	1361	1365	1344	1338	1415	1351	1372	1322	1330	1367	1361	1346	1396	1381	1380	1421	1277	1311	1253	1340	1356	1357	1357	1316	1303	1365	1327	1319	2576	1370	1352	1387	1402	1408	1374	1379	1423	1338	1354	1338	1362	1359	1331	1685.331243
1343	1326	1377	1324	1339	1292	1337	1327	1303	1330	1357	1332	1293	1338	1358	1353	1365	1354	1368	1333	1363	1388	1360	1372	1315	1327	1321	1338	1350	1336	1388	1326	1360	1336	1373	1376	1293	1260	1274	1395	1363	1321	1337	1319	1317	1334	1361	1319	1370	1421	1335	1322	1348	1327	1371	1360	1318	1313	1344	1369	1353	1354	1329	1370	1352	1381	1395	1332	1371	1316	1312	1325	1400	1334	1327	1335	1385	1350	1340	1354	1345	2401	1371	1295	1391	1342	1365	1393	1358	1399	1364	1373	1356	1350	1330	1333	1687.578904
1363	1328	1339	1304	1321	1298	1303	1382	1357	1363	1378	1326	1314	1336	1370	1295	1347	1319	1347	1340	1353	1401	1332	1280	1368	1306	1350	1277	1345	1402	1302	1333	1332	1335	1324	1348	1292	1305	1261	1396	1298	1332	1343	1299	1310	1313	1346	1322	1398	1270	1331	1279	1329	1347	1321	1318	1330	1331	1319	1381	1316	1332	1338	1338	1279	1368	1351	1377	1332	1283	1310	1255	1317	1349	1357	1319	1334	1376	1382	1314	1320	1962	1291	1312	1353	1382	1336	1346	1327	1380	1378	1367	1329	1325	1325	1307	1689.825652
1279	1305	1363	1325	1339	1349	1309	1321	1275	1291	1348	1340	1333	1247	1295	1311	1315	1339	1342	1311	1328	1325	1314	1307	1328	1305	1355	1344	1357	1291	1311	1308	1311	1297	1322	1329	1231	1227	1221	1299	1298	1324	1347	1384	1343	1286	1315	1277	1345	1304	1330	1330	1302	1280	1286	1301	1296	1335	1400	1346	1386	1296	1306	1303	1298	1307	1314	1355	1380	1296	1250	1257	1315	1287	1318	1279	1371	1324	1331	1284	1285	1392	1351	1290	1329	1321	1305	1321	1334	1349	1287	1339	1297	1326	1309	1285	1692.071486
1278	1336	1260	1317	1270	1308	1289	1270	1333	1264	1297	1309	1287	1281	1272	1303	1265	1285	1328	1302	1277	1306	1334	1305	1276	1287	1319	1291	1298	1340	1314	1280	1315	1307	1337	1284	1248	1259	1186	1274	1273	1277	1292	1313	1299	1258	1283	1311	1275	1356	1309	1283	1315	1283	1277	1253	1301	1278	1334	1277	1297	1308	1293	1256	1295	1323	1322	1369	1321	1235	1285	1269	1304	1284	1292	1265	1275	1276	1284	1293	1279	1348	1263	1305	1290	1350	1316	1329	1335	1314	1294	1294	1316	1265	1350	1312	1694.316407
1236	1253	1250	1271	1304	1241	1299	1299	1249	1260	1256	1254	1269	1268	1272	1287	1266	1292	1300	1286	1276	1279	1268	1281	1290	1265	1278	1296	1300	1254	1264	1236	1289	1284	1266	1287	1213	1173	1213	1271	1266	1246	1269	1293	1255	1265	1273	1252	1267	1276	1250	1237	1242	1256	1258	1284	1263	1283	1294	1292	1258	1245	1263	1292	1285	1302	1304	1305	1354	1232	1278	1252	1268	1245	1288	1307	1326	1308	1325	1268	1256	1277	1286	1270	1285	1266	1315	1311	1278	1307	1302	1283	1260	1261	1246	1267	1696.560416
1245	1240	1227	1303	1256	1232	1235	1206	1276	1278	1236	1246	1227	1241	1237	1199	1287	1256	1275	1250	1212	1258	1228	1290	1231	1259	1264	1291	1236	1271	1285	1237	1247	1236	1260	1244	1189	1184	1165	1244	1220	1244	1252	1255	1248	1229	1202	1201	1273	1277	1216	1250	1245	1255	1217	1240	1228	1200	1293	1294	1234	1210	1241	1273	1252	1243	1248	1274	1247	1225	1250	1212	1234	1242	1271	1264	1270	1253	1290	1247	1235	1323	1272	1230	1277	1230	1257	1288	1291	1263	1218	1276	1243	1266	1257	1238	1698.791326
1211	1206	1249	1245	1225	1204	1214	1246	1244	1287	1245	1259	1176	1249	1210	1282	1259	1267	1297	1260	1310	1266	1301	1203	1242	1254	1256	1274	1243	1231	1226	1238	1216	1252	1227	1270	1157	1159	1118	1245	1224	1187	1246	1239	1245	1196	1201	1180	1279	1242	1234	1255	1238	1259	1225	1199	1224	1242	1229	1257	1257	1249	1261	1229	1232	1230	1277	1243	1290	1185	1204	1212	1221	1228	1220	1244	1195	1234	1249	1289	1235	1323	1279	1211	1233	1255	1221	1230	1251	1251	1248	1208	1236	1238	1210	1256	1701.033517
1241	1225	1233	1233	1245	1206	1214	1171	1244	1241	1239	1235	1168	1214	1184	1217	1229	1229	1225	1248	1237	1230	1261	1208	1188	1214	1176	1232	1247	1230	1212	1199	1247	1223	1253	1228	1154	1153	1167	1209	1176	1210	1230	1255	1246	1205	1230	1172	1237	1241	1258	1256	1182	1228	1211	1226	1193	1238	1213	1223	1223	1235	1210	1215	1211	1246	1271	1238	1239	1166	1163	1181	1201	1179	1198	1240	1234	1205	1245	1221	1190	1290	1232	1214	1220	1247	1259	1230	1242	1233	1234	1228	1191	1215	1258	1255	1703.262619
1219	1211	1175	1200	1236	1250	1194	1241	1210	1183	1211	1183	1214	1226	1222	1220	1189	1207	1237	1216	1237	1246	1254	1238	1192	1273	1183	1218	1225	1187	1239	1230	1196	1256	1224	1203	1126	1143	1166	1214	1216	1233	1184	1219	1158	1189	1196	1200	1224	1246	1236	1187	1203	1167	1229	1197	1227	1229	1238	1243	1172	1201	1235	1211	1201	1203	1236	1278	1253	1154	1188	1164	1219	1196	1177	1222	1172	1219	1233	1213	1192	1213	1255	1208	1229	1257	1206	1236	1210	1249	1212	1182	1169	1236	1224	1193	1705.502995
1190	1212	1212	1200	1188	1193	1154	1247	1217	1217	1215	1216	1216	1158	1188	1201	1174	1214	1206	1211	1234	1243	1211	1217	1227	1173	1211	1240	1218	1204	1211	1259	1191	1231	1197	1229	1137	1104	1168	1190	1233	1205	1228	1231	1204	1176	1178	1214	1182	1231	1197	1166	1218	1239	1173	1193	1212	1213	1164	1198	1197	1229	1221	1195	1215	1203	1222	1241	1259	1211	1168	1172	1175	1205	1179	1215	1242	1235	1234	1190	1212	1253	1190	1185	1197	1241	1252	1219	1173	1221	1189	1225	1217	1218	1167	1173	1707.730292
1194	1196	1187	1164	1239	1251	1176	1192	1171	1209	1184	1198	1199	1179	1187	1216	1220	1216	1205	1195	1186	1197	1205	1284	1206	1213	1186	1184	1225	1168	1193	1171	1190	1206	1206	1186	1151	1114	1112	1200	1210	1220	1164	1189	1162	1164	1129	1144	1249	1261	1232	1158	1182	1163	1203	1206	1195	1202	1183	1181	1222	1203	1189	1172	1220	1210	1202	1242	1231	1156	1175	1110	1195	1214	1193	1201	1174	1179	1191	1174	1172	1273	1224	1194	1247	1207	1194	1178	1176	1190	1188	1205	1186	1168	1199	1188	1709.968854
1159	1149	1203	1222	1182	1181	1173	1178	1209	1179	1172	1214	1189	1220	1149	1223	1180	1233	1219	1186	1204	1202	1182	1184	1165	1147	1165	1195	1196	1241	1198	1169	1210	1248	1188	1183	1089	1096	1140	1164	1165	1157	1192	1182	1204	1192	1144	1172	1201	1244	1207	1184	1192	1175	1170	1184	1214	1181	1210	1204	1154	1171	1206	1168	1157	1206	1185	1227	1254	1132	1178	1193	1153	1189	1184	1163	1202	1184	1206	1209	1222	1180	1191	1142	1210	1212	1234	1190	1198	1232	1251	1181	1172	1181	1162	1167	1712.194349
1170	1182	1198	1220	1138	1266	1114	1149	1169	1176	1236	1203	1189	1170	1157	1210	1218	1152	1140	1173	1185	1206	1154	1157	1202	1171	1176	1205	1219	1175	1165	1172	1156	1173	1167	1146	1087	1094	1148	1160	1190	1180	1174	1164	1148	1148	1142	1100	1187	1181	1207	1185	1178	1177	1200	1161	1183	1172	1198	1196	1190	1173	1194	1212	1172	1198	1225	1201	1257	1114	1123	1141	1197	1193	1182	1206	1165	1136	1251	1191	1176	1217	1170	1182	1210	1186	1215	1171	1186	1175	1176	1256	1228	1224	1150	1195	1714.418946
1154	1190	1129	1140	1175	1197	1179	1206	1136	1187	1166	1201	1158	1135	1168	1134	1148	1141	1198	1167	1216	1197	1198	1160	1198	1163	1167	1196	1148	1194	1187	1144	1210	1170	1175	1163	1110	1084	1123	1178	1181	1188	1143	1160	1159	1156	1137	1179	1207	1203	1210	1201	1171	1198	1155	1168	1171	1138	1172	1167	1224	1166	1154	1168	1110	1156	1186	1255	1223	1146	1132	1170	1175	1136	1137	1168	1231	1139	1196	1215	1202	1214	1167	1167	1198	1190	1210	1165	1188	1195	1186	1218	1186	1159	1166	1147	1716.642646
1151	1176	1140	1159	1160	1216	1137	1159	1157	1152	1162	1167	1207	1164	1170	1119	1147	1184	1189	1166	1209	1164	1179	1166	1181	1141	1148	1143	1199	1136	1168	1156	1160	1130	1161	1139	1103	1077	1089	1197	1177	1186	1174	1159	1173	1159	1129	1150	1178	1177	1168	1155	1176	1149	1186	1184	1193	1136	1184	1197	1183	1168	1156	1148	1175	1197	1222	1194	1215	1135	1113	1089	1150	1163	1185	1173	1166	1166	1210	1147	1174	1210	1168	1180	1170	1184	1175	1171	1161	1160	1141	1158	1167	1176	1162	1154	1718.865449
1154	1139	1135	1127	1126	1127	1152	1165	1133	1167	1159	1167	1132	1166	1149	1166	1175	1153	1159	1932	1190	1139	1139	1185	1141	1145	1133	1164	1155	1173	1205	1119	1149	1158	1192	1148	1050	1067	1077	1146	1153	1111	1162	1165	1156	1115	1141	1118	1206	1203	1196	1125	1182	1160	1133	1141	1168	1123	1159	1165	1178	1132	1109	1118	1138	1117	1169	1202	1208	1116	1129	1073	1104	1174	1139	1173	1202	1152	1166	1177	1134	1230	1181	1143	1195	1191	1159	1167	1190	1151	1164	1172	1180	1161	1144	1170	1721.087355
1125	1125	1132	1158	1117	1185	1130	1164	1128	1143	1166	1129	1109	1128	1134	1182	1130	1160	1135	3134	1149	1165	1143	1134	1162	1187	1155	1163	1170	1148	1148	1110	1138	1118	1158	1170	1066	1102	1054	1121	1134	1125	1153	1135	1119	1152	1122	1148	1208	1186	1131	1151	1157	1113	1145	1116	1157	1117	1132	1144	1114	1152	1142	1098	1172	1153	1170	1156	1187	1092	1098	1136	1158	1139	1145	1125	1145	1146	1194	1154	1121	1170	1148	1117	1140	1151	1140	1141	1149	1174	1144	1133	1191	1149	1134	1170	1723.308366
1169	1078	1162	1172	1122	1134	1151	1132	1158	1182	1147	1154	1127	1106	1125	1157	1151	1161	1107	1120	1119	1121	1105	1163	1120	1136	1128	1139	1131	1123	1151	1123	1133	1140	1146	1113	1053	1108	1030	1134	1122	1138	1137	1131	1170	1110	1122	1105	1114	1149	1118	1102	1125	1127	1133	1126	1141	1133	1143	1145	1149	1150	1122	1126	1130	1125	1157	1158	1126	1129	1076	1121	1149	1096	1131	1150	1127	1141	1142	1151	1093	1204	1141	1107	1104	1131	1134	1159	1155	1157	1110	1097	1151	1117	1158	1142	1725.528481
1084	1058	1135	1118	1128	1091	1105	1083	1130	1139	1157	1121	1093	1109	1152	1148	1148	1144	1096	1129	1122	1093	1119	1108	1128	1053	1114	1130	1164	1125	1114	1132	1146	1120	1157	1111	1040	1105	1098	1106	1130	1097	1107	1142	1121	1114	1121	1107	1155	1141	1136	1099	1124	1101	1128	1141	1138	1131	1156	1124	1128	1141	1103	1142	1121	1122	1117	1169	1178	1099	1126	1090	1076	1130	1140	1124	1119	1081	1141	1126	1132	1175	1138	1069	1145	1169	1171	1122	1122	1135	1175	1145	1138	1135	1153	1169	1727.747702
1147	1092	1108	1123	1158	1095	1116	1103	1111	1121	1132	1120	1113	1118	1125	1100	1082	1103	1134	1118	1149	1148	1105	1096	1142	1125	1129	1118	1114	1130	1132	1126	1116	1153	1155	1084	1033	1065	1019	1137	1074	1099	1118	1101	1151	1099	1096	1069	1120	1126	1215	1113	1085	1129	1098	1122	1113	1131	1138	1097	1091	1115	1087	1120	1142	1090	1170	1161	1101	1101	1082	1027	1117	1103	1100	1102	1093	1098	1124	1087	1113	1202	1121	1153	1115	1131	1120	1118	1157	1151	1103	1210	1145	1104	1092	1134	1729.953909
1100	1074	1120	1114	1086	1102	1116	1073	1104	1123	1142	1101	1112	1109	1102	1122	1145	1127	1067	1141	1111	1103	1126	1100	1128	1110	1070	1092	1091	1103	1106	1118	1099	1111	1098	1110	1018	1032	1040	1083	1102	1096	1079	1046	1089	1079	1126	1091	1126	1150	1115	1072	1100	1104	1084	1082	1114	1111	1097	1099	1095	1114	1091	1105	1103	1091	1123	1122	1158	1044	1042	1062	1108	1091	1089	1105	1085	1084	1100	1129	1101	1150	1128	1075	1136	1159	1103	1119	1134	1145	1083	1121	1110	1109	1162	1121	1732.171346
1094	1080	1070	1064	1105	1138	1095	1090	1090	1095	1119	1047	1064	1075	1074	1076	1071	1121	1110	1096	1084	1103	1073	1090	1119	1105	1051	1124	1112	1075	1096	1084	1098	1094	1067	1173	1042	1026	1021	1108	1079	1083	1099	1136	1070	1102	1093	1063	1101	1103	1127	1066	1050	1101	1083	1116	1068	1085	1120	1122	1089	1092	1063	1140	1107	1082	1176	1134	1126	1062	1095	1049	1083	1072	1079	1106	1072	1074	1108	1134	1102	1123	1116	1083	1105	1124	1121	1137	1123	1148	1124	1101	1146	1088	1123	1119	1734.375781
1090	1098	1068	1093	1115	1109	1101	1086	1088	1084	1093	1108	1072	1063	1090	1130	1104	1109	1062	1069	1076	1078	1114	1104	1069	1101	1088	1061	1072	1113	1075	1114	1124	1085	1107	1101	1036	1050	997	1110	1085	1100	1094	1092	1103	1069	1071	1081	1119	1087	1091	1051	1102	1095	1077	1088	1097	1126	1063	1115	1066	1085	1093	1091	1038	1090	1143	1122	1123	1076	1033	1046	1075	1091	1071	1118	1072	1115	1104	1091	1092	1132	1063	1109	1115	1120	1130	1101	1098	1104	1147	1115	1115	1085	1096	1066	1736.591438
1066	1080	1072	1084	1043	1092	1073	1081	1073	1129	1102	1122	1085	1074	1097	1105	1054	1095	1095	1087	1063	1105	1095	1095	1098	1065	1069	1122	1083	1081	1082	1083	1099	1083	1091	1077	996	1005	994	1092	1064	1071	1070	1085	1085	1078	1057	1038	1081	1077	1161	1094	1051	1067	1080	1059	1101	1078	1057	1127	1058	1060	1069	1110	1052	1091	1142	1133	1118	1040	1068	1089	1085	1060	1122	1074	1092	1104	1122	1092	1116	1119	1065	1068	1125	1125	1112	1088	1107	1109	1090	1125	1112	1070	1076	1145	1738.794103
1061	1057	1065	1082	1066	1093	1058	1094	1071	1081	1098	1113	1032	1095	1060	1104	1089	1139	1093	1087	1065	1101	1073	1117	1080	1027	1089	1093	1069	1113	1105	1097	1075	1112	1041	1106	1033	1044	1027	1054	1081	1086	1085	1084	1095	1046	1042	1071	1109	1127	1097	1084	1078	1038	1065	1090	1086	1099	1080	1062	1105	1091	1072	1078	1048	1080	1128	1113	1101	1018	1041	1035	1072	1098	1087	1053	1048	1119	1080	1090	1059	1151	1076	1099	1084	1127	1080	1120	1116	1106	1062	1086	1099	1042	1055	1048	1741.007981
1046	1095	1063	1035	1089	1052	1104	1046	1092	1055	1093	1095	1087	1072	1062	1073	1065	1104	1083	1060	1075	1092	1077	1054	1039	1085	1100	1128	1051	1086	1094	1091	1070	1082	1092	1099	1030	988	984	1076	1090	1071	1065	1078	1096	1049	1035	1006	1083	1099	1102	1075	1079	1060	1057	1081	1043	1078	1077	1080	1071	1032	1051	1120	1066	1082	1110	1101	1133	1057	1033	1002	1078	1071	1106	1049	1100	1084	1130	1078	1114	1131	1081	1077	1104	1095	1085	1093	1093	1101	1082	1057	1066	1097	1087	1097	1743.208878
1045	1081	1052	1081	1088	1064	1103	1069	1108	1043	1070	1087	1059	1062	1073	1047	1076	1091	1071	1118	1125	1066	1069	1078	1093	1042	1063	1060	1101	1060	1086	1080	1055	1073	1102	1087	1002	1003	1007	1036	1060	1048	1090	1094	1026	1070	1046	1037	1084	1105	1068	1038	1070	1020	1017	1042	1060	1101	1069	1070	1111	1069	1105	1081	1082	1050	1159	1115	1122	1023	999	1027	1077	1063	1054	1055	1089	1062	1119	1070	1050	1135	1094	1063	1092	1054	1067	1086	1088	1106	1087	1061	1092	1099	1108	1099	1745.408894
1019	1039	1035	1059	1073	1057	1009	1062	1054	1064	1097	1045	1053	1064	1063	1091	1025	1063	1056	1074	1061	1037	1071	1030	1063	1062	1059	1068	1052	1063	1104	1058	1081	1114	1053	1105	955	1005	990	1044	1041	1051	1102	1050	1075	1066	1029	1012	1099	1063	1091	1062	1039	1043	1036	1069	1066	1053	1079	1073	1086	1088	1057	1073	1060	1052	1098	1078	1124	1046	1049	999	1066	1029	1012	1049	1043	1049	1071	1048	1078	1127	1100	1030	1074	1065	1065	1095	1115	1074	1074	1067	1055	1060	1022	1105	1747.60803
1038	1052	1048	1052	1013	1108	1081	1065	1077	1045	1081	1076	1058	1058	1058	1092	1073	1046	1053	1070	1050	1076	1071	1025	1049	1040	1039	1056	1069	1084	1064	1063	1055	1044	1064	1040	988	989	983	1067	1076	1052	1045	1073	1076	1038	1042	1007	1125	1056	1056	1019	1013	1022	1072	1025	1021	1042	1092	1068	1056	1028	1048	1106	1099	1027	1074	1096	1089	1000	1007	1030	1048	1034	1029	1055	1036	1070	1105	1082	1033	1112	1050	1049	1073	1086	1073	1067	1044	1059	1061	1078	1078	1053	1091	1066	1749.806287
1027	1051	1067	1079	1043	1056	1042	1043	1078	1064	1090	1040	1036	1033	1052	1081	1065	1091	1058	1027	1072	1036	1016	1064	1045	1034	1073	1050	1066	1057	1077	1053	1052	1091	1045	1091	978	984	932	1040	1039	1016	1065	1075	1045	993	1005	1017	1031	1063	1062	1024	1064	1049	1045	1051	1042	1030	1074	1047	1042	1074	1035	1074	1053	1061	1107	1097	1096	1034	1020	987	1063	1029	1045	1041	1048	1028	1051	1045	1050	1117	1051	1070	1065	1081	1100	1074	1053	1030	1070	1060	1069	1095	1059	1059	1752.003664
994	1033	1041	1085	1049	1074	1017	1038	1041	1063	1054	1052	1068	1035	1030	1042	1051	1026	1045	1084	1010	1047	1049	1104	1066	1010	1061	1056	1041	1038	1033	1079	1053	1037	1104	1021	988	960	971	1039	1011	1034	1056	1053	1077	1069	1044	1046	1057	1056	1084	999	1031	1028	1051	1056	1009	1064	1043	1060	1072	1021	1044	1055	1073	1072	1041	1051	1098	984	998	997	1080	1059	1007	1014	1048	1083	1079	1058	1026	1109	1029	1029	1054	1060	1068	1107	1075	1072	1051	1042	1052	1022	1021	1016	1754.200162
1036	1011	1051	1081	1018	1026	1047	1032	1043	995	1021	1057	987	1079	1037	1045	1019	1111	1031	1003	1035	1028	1060	1040	1050	1012	1047	1023	1007	1041	1032	1014	1053	1010	1044	1041	991	1003	949	1057	1040	1051	1014	1051	1073	1035	1047	1008	1045	1042	1043	1024	1047	1045	1023	1012	1045	1013	1043	1072	1040	1034	1024	1056	1055	1027	1024	1065	1082	982	991	982	985	1041	1046	1080	1054	1000	1058	1012	1018	1072	1037	1046	1032	1035	1024	1049	1022	1031	1069	992	1032	1061	1029	1011	1756.395783
995	1020	1015	996	988	1017	1004	1032	1059	1037	1020	1051	1044	1006	1022	1011	1035	1032	1040	1021	1021	1037	1072	999	1045	1052	1040	1010	1023	1059	1039	1027	1028	1046	1030	1051	947	966	957	1056	1013	1028	1042	1045	1019	977	1003	976	1040	1039	1036	1041	1031	1005	1030	1044	1030	1023	1046	1074	1017	985	1045	1054	1001	1062	1077	1095	1059	987	991	988	1009	1031	1005	1024	994	1015	1057	1035	1014	1084	1023	1033	1056	1045	1074	1067	1053	1066	1038	1044	1018	1038	1055	1016	1758.590526
1032	1027	1023	1008	1026	1004	1026	1016	996	1045	1018	1027	998	1016	1000	1042	1030	1035	1036	1017	1014	1048	1004	1008	1030	1042	1006	1014	1023	1022	1010	1062	1020	1001	1004	1012	922	937	988	1058	1020	1043	1028	1044	1013	973	1007	1031	1051	1081	1022	998	1031	996	1018	1011	1046	1005	1021	1021	1008	1014	1028	1022	1010	1002	1080	1076	1066	976	968	955	1040	1011	1021	1031	1048	1036	1067	1023	1032	1085	1027	1027	1029	1025	1041	1052	1050	1012	1042	1060	1068	1051	1030	999	1760.77234
976	1000	1016	1024	1034	1020	1032	1040	1033	1036	1014	1015	985	1008	1049	1039	1019	1028	1032	1034	1002	996	1036	981	991	1028	1051	1034	1024	995	1020	1044	1014	1037	1029	1036	946	915	949	1016	1009	1023	1005	1012	1006	1023	984	1018	1041	1016	1033	1015	1057	1032	994	1021	1036	1042	991	1046	983	1018	1003	1026	1070	1053	1055	1045	1028	959	1009	948	1006	1033	1040	1028	1025	1006	1055	1047	1017	1075	1021	1038	1050	1089	1034	1079	1006	1030	1010	1042	1054	1023	1046	1029	1762.965334
1002	990	1003	989	992	1000	1018	1014	1013	1019	1044	1084	1056	1072	996	989	1019	1030	990	1044	1001	1021	1000	1010	1033	1026	1020	1048	1020	986	1010	1013	1049	1003	1018	1006	925	924	942	1045	1008	984	1018	1020	988	1019	1004	984	1016	1029	1080	1001	981	1006	979	1026	991	1012	1005	1028	976	994	1021	1001	1016	999	1071	1064	1072	995	922	978	1029	975	962	989	1022	1014	1028	1005	1002	1066	987	1012	1074	1078	985	1040	1046	1056	1045	1058	1053	1009	1034	1034	1765.14541
1007	969	999	1033	1036	1015	1034	1016	1028	1010	1041	1037	973	978	982	1014	1032	1057	1042	1022	1018	1019	1063	1014	1006	1025	1014	1011	1065	1019	1030	1025	1016	1026	1046	1029	949	979	924	998	1040	988	1031	997	1053	971	974	1020	1017	1064	1006	1004	1014	995	1025	982	1010	1030	1037	1037	985	1003	1024	1005	1031	1014	1040	1030	1043	925	951	941	1001	1032	1024	1012	1025	996	1019	1029	1043	1076	1045	1000	1037	1031	1018	1018	1017	1061	1001	1015	1025	998	1025	1030	1767.336658
1021	1010	977	1033	1015	1000	1008	991	996	1042	1047	994	1066	1046	1016	1019	1009	1014	1033	1027	1023	990	1018	1018	990	1014	986	1014	1028	1047	1013	1007	1008	1024	1046	1019	954	934	957	1027	1007	1017	1009	1038	1038	996	993	984	1069	1009	1047	1038	1005	999	1015	1012	1018	1000	1046	986	991	1019	1025	1063	1034	1021	1032	1033	1031	965	1007	995	1029	1020	1024	990	989	1008	1040	1040	1006	1090	999	977	1030	1051	1017	1006	1045	1024	999	1004	1027	1019	1015	1050	1769.514998
1006	1023	978	1023	1004	1029	1019	974	1032	1008	992	1033	981	995	1007	980	1024	993	1064	990	1004	1027	1013	1002	993	1032	1008	1014	1056	1004	1008	1016	1015	1015	973	988	897	926	926	1023	1026	988	1034	1008	996	979	945	954	1017	1018	1020	960	996	1022	995	1031	1023	1004	1009	1023	999	1024	983	1012	996	1011	1051	1038	1071	996	991	979	997	1003	979	1028	1001	977	1031	1018	993	1001	999	1015	1023	990	1017	1041	1074	1025	1017	1037	1017	1016	994	1012	1771.704501
1012	965	986	991	1023	972	970	1000	1006	1026	997	1025	993	981	1026	1002	1028	1004	1013	1027	995	1017	1037	1014	1008	989	1010	1017	1004	1023	1028	1059	1027	1028	1028	1012	959	945	927	997	984	986	1024	998	1046	972	1029	1003	979	1034	1030	987	996	982	993	979	984	1000	1022	983	1001	974	1005	994	1022	1010	1022	1058	1037	965	1004	942	1038	1025	1004	1003	972	963	1021	991	1030	1038	1017	1007	1019	971	990	1036	979	985	1023	1005	1017	1022	1011	1031	1773.881108
1002	974	985	982	976	1001	1019	979	970	997	1024	1022	1024	976	988	984	1014	1001	1058	992	1012	1018	1013	1024	1014	1046	993	977	1019	1010	985	996	978	972	988	1008	949	903	935	995	1008	1006	983	1022	992	1010	996	932	1029	1004	1006	1029	1043	946	987	979	1056	1002	1022	1014	978	978	991	993	971	975	1037	1033	1065	982	949	967	970	1008	994	1001	1026	995	1053	1003	997	1043	1025	979	993	1033	1034	1021	1029	1043	1002	1018	1012	1007	974	985	1776.05685
951	988	992	976	1027	1013	1015	1006	1012	1048	1035	993	999	1003	1017	977	1001	1011	1011	976	1001	1003	1034	996	1001	977	993	1002	1034	1015	1015	1002	1016	1000	973	1047	925	931	962	983	981	1003	1006	1019	995	938	994	998	1019	1042	1015	978	1006	995	984	1006	991	992	999	1039	1004	1020	993	989	1015	1004	1021	1042	1044	949	939	974	996	984	959	987	982	989	1045	988	1006	1048	990	1005	1005	1012	1007	1016	1024	1064	1002	1032	984	1011	992	982	1778.231729
954	989	955	991	966	949	1013	1004	984	1000	985	1001	993	1014	981	1021	1013	1013	986	998	991	1012	995	990	1024	988	982	1026	1006	980	991	1015	991	1001	1013	1042	945	931	893	978	983	988	1021	997	991	949	946	954	1029	1001	1062	961	1014	980	990	1027	999	1030	1003	980	988	1004	1002	990	977	1035	1040	1018	1016	942	934	971	976	1015	988	1017	1001	987	998	968	990	1046	989	987	980	1000	997	1037	1017	996	1017	1007	1003	1013	975	968	1780.405745
989	985	997	985	985	979	998	988	973	1012	1005	1003	978	1003	1005	949	977	976	955	1002	984	986	997	987	1010	996	1006	983	984	1021	983	988	1016	983	987	1013	918	922	948	1028	1029	1011	992	1001	983	938	959	977	979	1005	1022	1023	979	963	1001	971	999	1017	1007	967	957	1005	964	988	953	995	1021	1003	1002	952	964	967	967	988	956	994	995	1011	993	956	979	1041	992	995	977	1015	995	1027	1003	1019	985	980	1002	995	986	997	1782.5789
951	942	1005	1021	984	986	976	1003	1000	1009	962	1027	1001	968	966	989	991	1004	964	983	958	985	959	992	997	992	987	1005	996	1001	1000	984	975	967	970	972	902	904	937	996	1021	929	988	999	985	941	946	940	1021	987	1014	1008	961	986	956	970	978	993	984	1000	1009	990	995	953	1002	992	999	1010	1015	950	931	945	980	981	973	982	971	988	1005	970	998	1059	984	1011	983	1019	1004	1011	1002	975	991	977	967	989	1018	960	1784.751192
962	1012	959	982	943	964	973	967	1017	1006	984	978	950	979	957	1004	1007	978	988	940	984	971	993	979	977	970	981	1029	991	987	982	999	962	983	988	971	875	909	936	961	987	963	988	972	997	947	965	948	974	1002	978	960	987	958	999	981	961	998	1021	980	970	943	954	999	984	993	1040	1002	1009	969	941	946	993	1003	952	974	951	1006	1027	978	1001	1001	973	962	1026	1025	976	995	1002	994	1004	1000	975	977	971	989	1786.922623
953	967	973	962	941	933	983	974	996	961	967	954	980	948	1000	966	981	958	982	995	980	940	979	964	996	994	936	1006	989	1029	969	984	976	972	1002	944	874	899	914	953	972	978	965	953	1006	950	972	957	945	998	976	953	981	942	960	964	975	1000	979	972	953	973	983	977	972	952	1033	1031	1033	918	982	963	978	967	1008	983	953	976	985	967	981	1028	985	974	1005	1026	1013	1053	1005	984	976	1009	962	980	978	981	1789.093193
954	931	933	982	952	953	963	960	942	965	955	920	968	992	965	969	965	992	973	951	1009	969	950	955	957	961	1004	985	989	997	959	964	1001	953	962	1013	935	904	905	974	1006	935	962	942	992	937	931	955	963	956	989	963	991	963	945	965	945	966	982	931	991	963	968	968	993	982	1003	988	996	966	912	940	984	940	955	1006	983	979	989	977	966	1009	990	981	1010	972	1008	1007	994	999	956	981	1015	958	985	996	1791.250919
947	950	975	954	942	966	986	951	973	989	968	957	995	964	962	976	962	980	991	969	993	974	961	958	975	1008	953	979	992	946	977	977	972	981	987	976	868	895	904	973	955	951	975	972	979	971	950	979	967	1007	985	980	958	955	977	952	962	1009	954	963	978	957	944	942	984	976	998	999	984	915	925	924	968	955	982	969	964	953	991	978	976	1018	977	967	1031	978	1002	1025	981	987	1010	1008	980	970	954	969	1793.419774
972	966	994	962	953	950	966	960	996	978	939	965	974	981	950	944	959	952	982	976	983	958	959	1005	992	971	953	995	947	989	961	972	946	996	944	970	883	873	891	961	996	964	969	964	979	961	973	989	977	959	973	975	960	994	942	957	969	956	982	960	1006	960	973	943	976	970	997	984	995	920	931	907	983	963	986	969	981	954	1022	975	948	1003	978	976	967	1016	1026	1014	957	983	967	992	961	983	962	998	1795.575795
932	971	962	959	947	957	946	998	969	944	987	940	941	979	923	966	966	1011	961	963	976	959	954	922	945	947	981	996	992	954	954	974	952	958	952	1005	880	878	879	991	949	951	980	967	970	949	921	915	960	975	997	937	966	949	947	946	932	1007	960	956	936	981	978	975	969	959	1006	999	980	932	937	949	984	973	951	980	976	938	975	972	967	1022	982	996	971	988	992	974	1008	1012	983	999	1020	979	935	949	1797.742937
973	942	946	946	963	977	947	950	967	956	961	971	973	951	979	933	965	982	994	974	955	1003	958	942	974	955	971	993	987	991	965	972	976	966	946	968	896	903	911	947	977	995	968	961	977	940	936	943	969	981	968	959	902	945	955	981	979	958	965	1011	949	953	969	1009	995	991	980	994	994	929	918	906	983	984	942	961	960	999	997	977	978	1008	966	975	985	1002	986	995	969	1006	944	963	1002	973	984	988	1799.897255
996	992	972	983	957	971	988	946	959	936	1013	950	977	989	986	958	946	992	1000	992	997	1002	995	1013	985	956	964	994	979	984	976	964	966	967	980	923	893	924	883	1001	981	978	989	953	955	934	973	936	976	968	973	955	943	957	946	953	945	983	982	1008	944	924	977	938	962	964	1008	1002	986	940	955	942	972	967	986	1008	975	985	982	972	983	986	991	968	1026	1025	989	966	972	979	971	992	967	947	1003	988	1802.062686
936	954	984	924	969	981	1010	996	939	962	981	989	982	965	943	992	970	956	983	975	978	955	930	955	980	949	952	969	971	977	978	943	985	978	1008	951	909	878	886	978	933	949	970	965	979	940	953	936	962	993	991	980	953	954	975	945	951	968	966	993	985	996	983	969	980	935	1035	988	996	920	947	927	950	945	972	1010	969	952	982	971	966	1005	961	951	983	978	1010	977	985	1000	971	968	986	967	980	936	1804.215303
974	941	955	966	978	994	977	968	939	978	964	979	980	943	964	973	981	965	992	978	972	998	948	969	962	957	956	970	959	983	991	936	989	981	986	980	896	900	876	949	937	941	936	951	955	924	932	954	959	965	967	957	1009	966	986	930	947	968	977	954	966	953	937	961	945	975	1006	989	1037	927	922	944	943	961	946	961	961	996	975	990	970	1019	989	947	981	1016	984	1036	999	1007	971	953	992	965	947	954	1806.367073
956	982	932	948	958	1006	947	966	1012	992	993	991	953	963	951	974	977	989	952	955	968	958	1020	977	973	950	975	944	966	946	1024	981	988	982	963	967	913	911	901	905	958	958	949	954	953	940	945	940	989	973	981	931	950	947	978	945	951	985	963	958	934	937	966	945	941	966	990	999	958	924	937	918	967	957	968	984	991	955	1017	971	986	979	972	970	984	983	940	985	1003	957	963	980	966	941	977	964	1808.517997
918	925	950	957	947	969	959	966	962	956	963	931	952	970	945	972	959	945	972	927	984	972	966	960	959	958	952	961	935	990	961	980	964	969	984	983	900	919	896	948	962	975	949	966	956	951	910	969	990	990	969	950	961	925	969	949	977	968	957	947	952	952	936	970	925	971	967	1021	988	919	928	928	953	966	976	968	939	933	974	970	945	991	977	946	996	975	971	985	992	970	997	962	939	951	916	938	1810.668074
951	923	957	979	918	954	932	963	992	949	992	936	943	927	951	972	961	970	932	945	959	958	970	969	987	957	946	980	955	984	996	967	975	979	932	960	867	882	879	937	958	942	952	955	945	969	947	943	969	937	983	953	921	936	940	929	957	953	956	932	923	940	934	941	959	960	994	1010	1014	878	907	894	960	962	948	929	941	942	955	961	933	954	953	974	982	986	960	963	980	944	957	930	976	986	917	950	1812.817305
920	959	948	978	969	945	974	966	949	964	930	956	922	935	923	954	952	978	979	917	965	986	928	945	948	936	966	983	959	936	968	971	958	978	937	963	896	869	884	968	983	966	952	924	935	949	945	924	952	977	977	936	935	948	957	910	948	958	974	960	942	918	918	945	964	933	984	976	982	910	926	908	922	971	919	939	965	952	976	956	932	1000	988	958	977	929	965	970	966	969	915	958	948	998	955	946	1814.965692
918	957	961	958	915	964	948	955	918	971	950	989	943	937	959	956	942	960	963	961	918	955	925	964	956	958	892	955	959	961	942	955	954	950	960	951	863	889	879	955	940	951	943	928	964	967	912	940	936	957	995	951	961	949	941	931	917	949	986	969	964	927	926	977	981	965	968	963	1004	908	896	924	963	961	962	962	939	951	939	959	942	973	960	972	941	938	968	956	925	950	946	958	953	900	938	932	1817.113233
955	911	922	934	936	944	965	934	960	956	957	966	963	934	958	957	974	962	933	950	916	960	957	973	938	937	946	976	978	957	985	950	941	947	970	968	863	883	881	957	944	967	965	919	976	906	911	913	962	989	947	933	945	920	923	937	942	913	919	959	930	944	924	949	953	919	979	988	960	941	893	870	929	925	934	940	909	961	958	970	962	967	988	941	969	923	966	959	980	955	949	959	955	944	966	921	1819.25993
922	935	921	948	920	937	927	984	934	908	958	943	931	944	939	952	922	927	964	944	977	947	948	977	956	930	958	960	937	978	935	966	954	926	929	936	902	892	852	966	932	927	928	944	930	921	895	907	942	973	931	927	912	914	937	953	948	953	974	967	930	978	941	953	909	921	957	951	985	908	907	901	929	951	952	926	937	955	954	985	960	980	977	951	958	1006	978	964	941	977	926	982	937	949	938	956	1821.393865
951	922	937	923	965	926	945	925	933	910	941	963	935	911	948	947	968	953	946	950	913	936	973	961	945	923	947	936	971	942	945	939	959	937	965	907	879	861	893	944	938	921	962	956	940	908	919	932	983	944	964	968	948	929	972	927	912	940	949	943	935	941	935	955	956	963	1009	993	959	912	894	891	935	948	947	979	964	940	973	940	932	991	954	932	962	979	958	953	932	977	958	957	968	930	981	925	1823.53888
939	937	940	922	933	918	964	939	923	935	937	952	936	938	913	934	950	934	955	916	935	953	982	945	958	972	940	948	958	959	928	966	941	952	922	939	861	885	880	964	931	934	939	934	951	954	933	923	974	983	978	924	971	953	952	918	931	942	961	961	946	932	936	978	948	923	988	984	947	892	879	896	938	941	948	935	953	946	964	956	938	973	920	938	974	970	958	964	961	992	925	953	955	950	923	949	1825.683053
930	937	917	930	926	933	920	953	956	957	916	942	923	929	927	949	973	948	931	912	949	976	953	960	953	941	978	934	921	963	943	951	901	988	976	916	856	862	868	929	941	948	949	925	950	934	931	923	963	944	951	922	968	911	912	917	930	983	963	941	908	951	930	950	944	959	978	942	969	937	912	898	988	931	915	958	912	949	975	938	939	966	953	934	996	947	965	951	975	987	951	973	975	931	965	929	1827.814478
930	915	950	964	931	963	940	960	925	974	948	969	968	929	931	957	973	925	943	935	950	964	985	966	940	955	935	966	973	932	948	943	946	948	1007	919	865	897	861	932	947	928	953	960	927	929	903	917	981	962	956	953	938	935	930	913	963	969	939	952	941	943	927	952	931	926	967	990	975	916	922	922	944	924	909	955	960	930	997	958	930	976	965	934	983	1007	981	974	959	944	957	952	952	960	945	941	1829.956971
919	952	929	962	939	947	1001	941	963	933	952	973	965	928	957	958	944	958	954	937	954	941	961	956	989	932	938	983	954	938	953	954	962	951	956	933	880	893	877	930	948	931	958	923	964	946	879	918	959	983	927	962	943	949	916	947	962	937	965	999	924	965	930	950	944	960	970	967	970	940	897	928	949	956	949	935	932	982	945	952	958	1000	968	941	978	969	992	949	960	980	987	969	959	946	981	937	1832.086727
932	941	904	946	925	933	954	939	937	956	935	934	947	948	916	949	946	953	968	933	948	968	954	942	973	956	937	952	937	950	952	944	959	958	952	993	888	874	855	935	946	917	951	967	936	926	934	937	962	976	952	911	954	928	970	959	903	963	956	965	933	930	980	947	912	967	1005	996	985	903	910	898	931	917	972	902	943	945	968	946	936	986	970	930	949	947	985	950	952	948	952	949	962	954	960	980	1834.215652
961	981	935	940	961	933	901	952	917	934	957	926	937	905	945	932	947	947	939	931	952	975	927	925	971	955	929	934	942	939	939	944	920	902	968	975	872	880	872	969	935	918	970	962	960	928	920	937	983	974	938	917	947	927	947	954	909	928	931	951	947	955	951	930	958	934	978	986	953	907	921	897	938	945	945	958	915	952	966	945	967	1009	892	920	944	967	968	978	963	978	977	966	991	939	944	930	1836.343745
932	937	967	966	927	938	935	964	962	938	957	933	938	908	932	959	984	962	965	937	948	930	972	961	952	954	970	974	980	957	963	945	958	914	949	934	857	884	870	930	915	928	928	962	965	919	908	934	968	973	946	954	925	971	918	948	957	955	960	963	927	920	960	982	959	940	991	987	979	917	864	937	963	953	946	932	895	922	976	938	916	1008	990	944	960	964	979	953	988	1008	951	941	963	966	950	965	1838.482891
934	937	919	946	945	955	962	935	929	924	957	960	939	937	926	956	936	989	971	924	955	960	944	977	948	953	912	923	938	971	954	954	947	974	925	911	868	846	853	923	943	929	975	944	928	911	902	927	923	955	963	927	918	940	981	901	929	953	959	939	954	940	947	967	931	967	969	994	982	872	913	890	960	939	941	929	929	943	962	920	933	969	935	935	956	986	928	940	970	955	933	961	944	983	941	965	1840.609319
923	918	980	927	944	927	960	944	933	935	932	962	924	941	942	953	969	952	950	946	956	941	969	947	939	919	946	961	916	952	951	934	947	962	973	950	869	875	887	941	909	930	949	923	997	936	947	907	957	977	940	936	951	937	959	926	951	955	960	966	929	970	940	946	960	993	990	986	982	896	877	874	926	942	947	921	936	927	937	943	942	979	949	933	956	966	996	983	986	947	973	941	941	947	959	948	1842.734919
924	919	922	930	919	960	957	968	942	935	957	940	937	933	970	931	971	936	910	915	910	943	930	935	941	945	915	923	956	956	937	923	951	915	924	942	869	853	858	928	902	969	978	966	925	922	932	920	971	951	974	921	958	937	909	950	923	945	947	937	937	960	955	940	942	969	968	950	991	889	922	893	929	911	940	944	939	909	960	932	925	978	940	906	930	1014	1019	983	968	958	959	937	973	953	963	927	1844.859689
950	927	916	924	913	929	951	943	924	935	965	924	914	935	923	950	921	926	933	941	902	954	943	956	922	942	924	944	944	953	939	936	938	934	935	936	894	854	880	932	918	906	959	955	913	911	930	938	961	937	933	939	899	929	946	934	942	924	943	935	927	897	911	941	939	925	974	999	935	872	885	915	907	952	933	943	923	934	947	944	961	933	923	909	981	960	961	976	924	953	921	959	978	954	923	942	1846.971767
931	953	883	919	951	908	926	948	942	931	961	922	913	926	961	928	965	934	945	983	929	935	931	932	930	952	935	963	922	930	968	923	946	909	950	926	865	891	819	927	955	891	943	921	931	903	930	933	960	927	953	918	911	936	935	941	947	953	925	948	921	922	930	928	925	949	987	981	952	873	892	905	913	907	937	942	928	953	945	946	968	965	924	968	961	939	967	929	955	943	908	942	933	958	927	891	1849.094886
896	921	947	899	929	932	929	928	903	965	942	949	919	918	964	926	937	918	952	925	948	954	941	960	927	922	943	928	936	947	952	927	916	927	918	923	853	841	878	944	943	921	921	903	952	901	926	898	955	945	920	890	957	936	930	928	944	955	946	927	914	934	925	950	957	918	986	961	932	890	919	911	952	958	906	938	922	945	976	958	935	954	954	912	934	936	955	946	986	939	962	944	941	932	950	933	1851.217176
937	915	916	951	922	933	916	909	936	922	944	932	915	950	919	924	909	946	934	921	898	925	945	911	967	927	929	944	942	941	942	919	913	913	927	952	865	857	817	932	936	914	956	909	925	918	894	906	953	951	949	908	912	904	911	934	932	973	959	930	916	930	941	940	932	895	923	944	959	871	906	873	937	959	904	921	954	922	937	919	930	988	927	866	938	939	920	962	960	972	962	922	965	921	917	932	1853.33864
903	919	947	917	924	934	919	901	906	950	956	911	949	917	940	935	943	951	941	898	904	924	921	922	890	986	941	951	929	941	965	970	915	965	929	952	905	853	863	930	899	937	922	934	939	891	893	891	946	929	936	930	907	914	929	930	955	952	958	941	934	925	952	918	929	933	951	947	952	922	875	883	948	894	894	936	963	923	947	919	909	987	929	944	937	927	955	948	972	954	972	943	984	949	978	943	1855.447432
910	936	940	922	949	935	934	936	931	939	923	907	916	935	973	938	894	949	939	950	923	923	928	937	938	921	943	971	930	946	937	951	954	935	931	960	864	852	842	916	987	917	936	933	945	917	899	931	935	956	951	926	929	925	945	938	904	977	952	938	937	915	947	930	950	943	964	967	952	891	878	891	932	953	950	943	953	926	936	957	954	933	949	937	915	917	961	947	963	962	958	982	989	913	932	956	1857.567248
943	939	923	919	911	898	924	923	944	945	929	934	940	929	924	942	905	963	930	935	927	938	947	948	920	918	959	952	911	932	912	951	928	934	960	931	853	834	872	951	922	925	916	937	921	904	916	927	936	935	939	960	930	911	934	901	896	932	927	928	928	913	919	917	919	935	978	949	976	881	878	899	964	957	932	929	921	911	927	938	935	959	969	925	979	955	975	942	940	916	986	925	918	906	965	927	1859.674403
895	907	929	913	940	932	937	969	956	969	943	949	944	912	932	910	943	953	922	938	931	960	948	962	950	899	948	929	943	946	931	946	942	921	931	932	834	869	857	921	932	947	918	947	933	912	934	923	952	952	924	911	909	922	942	942	936	928	938	954	929	932	901	925	934	936	992	987	976	875	896	886	935	932	947	929	921	914	963	942	965	942	907	948	935	992	962	944	940	989	932	905	956	966	923	950	1861.792572
931	926	951	921	953	902	914	921	916	931	942	927	922	933	914	954	923	929	958	916	916	961	946	911	928	921	961	939	962	913	953	953	912	924	938	951	825	842	898	921	902	943	913	915	926	891	892	889	975	916	944	911	912	914	934	939	908	936	939	923	925	925	925	929	944	896	1005	944	996	884	884	907	946	910	911	922	957	945	915	965	933	957	934	934	927	951	947	955	948	948	950	944	929	949	935	933	1863.898091
937	924	933	946	929	930	937	926	947	956	931	920	962	948	896	936	936	925	948	905	962	941	898	926	934	928	946	949	958	929	909	957	957	935	951	942	848	851	846	911	921	897	962	938	926	913	920	942	936	927	934	915	948	933	931	935	901	954	917	977	935	935	894	927	912	909	965	916	964	888	887	883	951	897	903	919	904	933	948	946	943	960	911	918	949	954	946	970	976	930	928	947	907	943	965	930	1866.002794
944	904	926	942	933	962	931	912	901	942	948	917	933	935	910	916	944	927	932	981	947	949	947	946	935	948	954	965	936	946	941	955	923	938	931	920	870	837	866	932	910	920	944	918	940	929	899	908	946	962	948	889	920	913	917	938	915	878	925	937	926	916	935	934	973	963	973	968	964	898	875	913	943	900	907	913	914	927	933	923	912	954	916	928	937	913	951	914	910	941	951	948	941	925	940	931	1868.106683
915	908	922	951	929	917	942	953	932	916	920	929	952	887	929	927	925	937	953	919	944	908	955	935	938	908	897	970	944	949	945	913	927	912	913	932	836	874	850	926	921	921	938	963	945	913	927	899	952	928	942	947	907	895	917	938	977	926	940	943	921	946	913	930	938	883	953	967	920	877	909	892	928	960	933	936	883	917	905	929	934	984	942	902	946	960	959	928	932	950	959	933	951	917	949	938	1870.209758
956	955	919	922	911	890	939	919	942	913	926	892	910	917	908	908	966	937	951	889	929	929	946	921	931	944	945	902	906	969	911	903	931	911	937	913	897	858	832	925	926	922	950	925	888	899	895	908	972	962	935	937	903	903	922	933	927	927	927	932	923	907	906	928	914	955	964	966	982	894	886	888	905	905	936	941	916	932	942	947	946	953	922	916	936	946	923	914	955	960	928	923	925	922	930	941	1872.312019
913	906	932	913	925	930	946	930	933	943	945	949	937	906	927	925	955	956	955	925	954	910	916	918	896	965	937	926	940	944	905	935	903	907	903	921	861	839	882	923	928	945	913	927	922	893	936	915	961	912	937	909	926	941	899	925	914	931	928	923	893	936	916	896	939	923	941	968	933	906	848	907	944	917	944	892	925	915	928	928	926	957	921	949	967	927	955	942	947	924	949	947	901	943	920	933	1874.413467
951	933	954	936	913	933	890	920	925	911	959	919	914	952	888	928	912	957	915	921	945	921	919	918	919	929	925	922	934	915	923	924	953	909	947	936	870	854	878	924	897	902	905	908	917	913	912	901	960	933	960	937	939	953	922	909	906	925	932	926	933	935	955	905	957	936	980	946	951	854	873	888	917	902	926	913	921	923	960	962	952	961	916	937	940	921	949	923	944	948	928	932	929	930	938	912	1876.514103
901	920	934	887	923	930	921	910	913	945	921	937	881	888	934	947	940	938	942	918	914	932	951	908	949	963	934	911	921	940	948	917	926	969	941	958	867	900	864	939	906	905	860	916	908	901	907	910	909	940	946	907	917	889	935	931	920	954	977	919	923	918	925	890	912	901	931	953	932	877	917	881	914	941	923	915	879	945	928	947	933	970	903	939	952	939	923	964	948	962	939	910	923	902	912	925	1878.613926
933	898	905	933	896	915	922	907	925	938	925	896	930	911	897	888	906	907	941	922	948	943	915	901	916	959	920	929	879	927	929	912	941	911	932	935	835	855	841	937	908	924	931	930	914	938	921	899	946	927	905	912	908	921	899	913	909	936	927	924	935	909	903	941	906	950	944	957	933	876	890	898	898	907	899	905	929	909	888	963	909	946	880	934	943	941	926	936	937	932	943	947	935	918	938	956	1880.712938
910	912	946	920	915	918	892	905	928	944	904	931	899	918	914	970	929	946	923	926	937	940	923	917	922	922	921	920	911	967	942	917	893	927	925	934	858	852	848	903	911	905	924	933	907	890	940	934	911	949	961	893	904	951	909	921	896	931	953	896	905	941	911	934	925	917	931	935	949	879	887	871	896	915	912	925	910	886	922	912	893	947	896	911	940	952	969	933	951	935	909	929	942	942	930	935	1882.799353
915	913	916	935	934	952	931	929	921	946	939	951	904	938	938	900	906	932	929	910	923	948	936	911	933	916	915	919	932	904	902	927	922	948	948	910	825	864	862	893	900	951	929	940	912	878	908	914	955	950	934	915	934	925	896	949	905	924	920	931	906	907	867	922	909	931	953	955	979	892	855	891	923	888	915	919	931	882	937	957	930	933	956	889	930	960	931	944	961	932	915	905	927	936	925	932	1884.896748
907	911	911	916	958	911	947	906	929	892	923	920	915	895	933	915	935	921	943	919	867	946	940	919	916	925	940	928	866	917	912	935	889	916	943	900	863	843	882	929	914	922	911	914	906	888	897	877	950	941	907	907	897	890	933	906	894	921	918	914	915	913	890	917	906	963	950	963	927	908	886	868	913	921	938	913	946	924	963	890	925	944	934	921	942	935	935	942	936	944	933	913	923	920	943	941	1886.993332
915	919	931	948	909	909	920	894	931	933	916	908	895	894	924	921	927	943	942	915	948	946	925	947	929	905	900	949	923	976	940	902	925	912	919	933	873	876	847	918	925	923	928	931	910	919	907	951	946	911	945	943	956	895	928	896	939	941	952	924	907	950	921	927	929	906	959	966	954	908	886	896	929	914	908	919	929	919	940	937	921	945	901	954	951	928	948	930	920	904	920	937	941	934	917	906	1889.077334
922	909	925	937	917	913	911	929	936	954	900	932	925	947	939	899	957	935	941	909	923	927	939	943	924	943	908	948	930	937	923	926	935	908	938	927	868	865	860	893	935	908	947	931	948	895	935	904	954	947	961	901	892	894	889	910	932	899	929	941	921	901	922	967	931	918	983	968	967	892	873	853	930	895	925	927	915	972	938	943	962	932	887	923	952	955	973	974	960	913	937	930	923	921	925	907	1891.172304
897	908	950	919	885	930	921	924	899	935	933	952	899	930	913	933	947	913	936	917	899	911	897	919	930	906	940	928	912	941	928	936	912	946	904	952	842	874	848	915	941	927	912	924	918	905	893	897	950	951	962	904	902	907	924	925	925	948	938	917	888	920	933	939	930	925	965	962	922	873	887	898	932	945	922	942	925	937	937	935	924	930	901	937	925	952	943	910	916	965	934	938	932	982	928	931	1893.254701
882	881	916	912	919	922	901	915	905	911	929	939	925	918	927	936	942	925	955	917	926	919	945	921	924	937	948	920	940	923	920	954	914	911	918	947	842	865	860	915	902	937	902	956	898	883	919	898	940	939	937	901	950	917	909	902	914	917	981	940	924	906	939	964	945	939	965	922	953	870	867	888	910	921	935	923	946	950	963	937	926	933	911	895	940	984	947	942	947	965	947	945	932	893	899	923	1895.3363
915	920	913	947	940	962	932	933	927	912	929	911	902	956	902	891	919	907	925	939	954	923	907	955	914	945	945	940	947	935	915	947	930	946	937	931	834	863	851	915	899	923	948	907	939	921	893	939	937	912	896	929	903	917	915	915	919	928	901	913	921	963	937	904	908	925	939	900	955	892	878	906	917	891	891	921	951	911	931	893	927	940	953	932	959	930	940	904	929	928	945	942	899	917	943	929	1897.4171
927	912	894	924	922	906	906	951	921	908	934	905	911	906	901	952	923	945	934	915	915	940	922	925	943	931	927	954	948	930	917	899	940	909	953	934	851	844	872	906	913	932	950	917	928	912	914	908	929	930	934	904	927	904	904	920	917	918	960	951	902	895	919	935	925	921	970	955	970	908	869	897	919	929	905	957	880	915	920	942	925	946	912	944	943	958	943	988	969	940	940	895	908	879	906	921	1899.497101
907	918	936	924	933	923	867	891	909	953	929	948	898	904	898	943	943	931	913	937	917	918	931	941	936	945	922	952	908	922	958	915	912	930	955	913	840	839	829	907	928	935	911	906	904	906	911	907	944	941	929	896	936	955	911	914	902	954	936	940	896	915	931	905	924	968	933	922	947	869	882	862	929	893	921	921	934	931	915	942	899	945	918	926	976	938	922	905	939	918	949	970	917	913	920	918	1901.588049
895	919	904	910	917	912	911	937	902	947	929	939	910	912	916	950	908	915	922	881	920	908	935	888	937	928	920	933	899	903	933	930	936	938	911	911	857	844	842	923	904	901	922	930	923	876	914	892	955	952	917	900	929	922	918	917	926	928	967	912	944	914	919	914	908	928	958	958	964	878	898	893	950	912	891	932	930	959	958	927	950	912	889	918	934	938	897	956	938	946	966	890	942	943	938	908	1903.66645
895	919	902	906	925	900	879	957	916	935	909	909	930	921	887	925	935	950	935	926	933	926	895	894	958	927	929	911	904	889	890	919	948	875	935	890	878	843	866	917	878	927	929	922	889	880	889	869	951	922	923	911	904	904	943	919	892	896	909	901	924	902	886	893	925	896	943	925	967	900	919	855	915	904	871	918	949	919	922	907	908	922	933	865	920	933	886	935	939	938	897	912	930	912	914	942	1905.732318
895	884	912	913	921	911	892	901	914	900	901	956	924	893	927	904	919	922	915	924	923	907	926	907	888	877	901	959	930	921	907	949	894	914	888	888	853	869	865	923	877	895	983	928	932	912	876	912	953	917	895	905	887	922	893	913	891	882	921	936	914	896	908	900	900	919	933	950	920	883	875	883	906	904	890	903	876	877	939	899	913	937	926	930	910	929	932	947	911	919	911	944	895	947	917	934	1907.809131
902	907	902	930	889	921	907	926	913	905	903	927	896	917	891	919	942	902	936	926	894	889	893	901	913	914	900	912	937	919	917	929	923	919	895	907	874	868	835	914	896	894	935	910	939	882	877	894	947	959	931	887	870	857	931	910	888	930	930	876	930	885	882	909	898	900	937	957	942	865	869	870	900	920	882	929	882	910	931	913	912	959	935	903	937	910	940	912	917	952	924	921	924	898	875	913	1909.885147
875	870	898	920	939	906	914	895	923	916	917	906	917	912	886	921	913	906	911	892	952	918	895	892	936	938	925	921	929	927	895	928	937	933	890	953	827	854	864	917	896	894	938	929	896	908	889	909	961	942	929	927	860	892	916	889	872	891	942	908	899	884	921	924	899	903	923	948	945	874	853	873	897	906	929	913	896	936	949	911	895	938	891	881	908	910	952	946	916	912	895	919	944	890	913	921	1911.960367
899	919	887	916	940	892	897	909	905	925	890	930	924	911	886	908	923	908	908	892	927	909	883	894	910	929	910	908	918	898	903	905	903	907	914	893	841	828	850	923	903	890	911	933	906	902	891	886	912	931	916	895	886	892	901	920	954	917	926	919	916	889	907	882	906	914	952	945	934	888	864	858	903	906	914	887	914	939	923	870	886	930	927	927	930	937	944	938	911	942	930	928	877	925	894	900	1914.023074
917	872	901	894	906	950	927	912	919	920	952	883	920	902	892	913	936	924	927	905	936	907	925	913	891	885	917	926	915	936	890	949	898	896	903	936	876	844	831	907	920	921	957	877	931	900	883	890	924	945	900	934	893	917	878	895	901	936	929	954	928	910	893	930	879	891	962	958	934	835	888	868	901	890	927	897	907	895	934	934	924	919	914	931	937	940	887	926	942	937	929	908	929	908	904	933	1916.096709
944	910	897	903	921	924	929	939	933	922	916	891	932	930	888	929	929	924	925	918	925	917	917	940	904	934	917	885	926	908	902	908	925	941	950	945	860	836	847	922	919	947	918	928	899	882	890	880	950	926	940	915	904	921	894	916	922	929	953	903	921	905	911	938	934	922	943	962	923	887	887	903	884	876	914	897	911	917	922	932	928	931	918	911	934	954	908	904	951	918	943	923	943	911	928	933	1918.169549
900	917	926	906	913	942	905	919	905	920	933	925	916	907	935	925	940	924	916	947	934	921	912	906	924	915	917	933	934	945	946	928	947	959	913	958	840	838	834	927	899	925	905	941	897	908	900	888	928	938	917	922	934	922	920	918	929	919	912	927	906	906	953	912	929	904	957	941	929	885	876	894	923	936	925	923	902	900	938	908	918	943	941	891	922	917	924	949	923	968	959	928	935	909	968	913	1920.229892
881	904	887	923	928	885	902	920	920	916	902	915	914	923	907	912	904	913	906	924	917	932	939	932	931	918	911	913	910	926	929	899	908	910	943	915	875	856	842	910	878	900	935	917	963	874	881	880	983	947	913	926	936	920	903	892	895	932	917	915	920	908	911	919	901	909	973	939	917	878	864	849	899	902	922	959	915	901	928	945	931	925	931	910	938	925	935	966	928	932	920	938	947	944	913	937	1922.28945
918	891	928	945	902	882	926	919	896	933	898	924	927	900	890	940	850	933	911	940	930	930	925	885	899	929	936	906	964	901	943	916	928	938	929	942	856	847	872	917	929	930	928	925	915	923	876	904	927	952	914	911	927	913	923	935	916	928	953	909	929	903	941	919	895	928	946	932	945	902	886	886	913	908	891	930	906	902	953	942	954	942	932	905	965	888	956	935	932	933	924	925	938	909	903	918	1924.359919
910	920	914	922	945	914	941	912	925	910	932	943	916	904	928	930	894	921	925	956	935	931	947	952	916	923	950	938	906	924	943	900	932	922	928	948	843	847	884	886	890	879	944	949	916	906	895	906	890	924	951	914	907	904	933	906	905	912	945	937	956	913	920	915	901	900	970	974	947	888	908	849	907	928	912	945	914	916	938	936	908	947	927	925	922	933	919	957	932	932	941	933	904	921	910	931	1926.417905
907	917	951	925	926	932	912	923	897	928	912	943	919	940	902	918	915	895	906	937	925	919	932	926	930	909	912	926	935	943	929	942	896	938	932	910	827	828	835	907	917	891	947	906	946	914	900	874	955	934	927	922	911	886	929	870	932	931	924	908	914	903	903	919	923	903	946	955	934	895	866	893	916	938	916	923	905	896	933	908	928	946	927	909	947	899	936	925	936	976	908	924	926	927	924	932	1928.475108
898	904	871	938	917	927	901	918	909	911	920	941	937	911	912	893	930	937	911	920	901	942	927	917	937	897	941	901	943	942	909	936	923	920	914	925	869	867	830	903	917	937	935	941	919	909	896	911	901	921	937	895	956	914	894	937	901	925	885	922	904	862	885	907	931	920	941	973	944	886	897	888	909	902	869	904	926	916	930	873	884	951	936	891	901	934	925	963	922	948	893	933	917	924	913	958	1930.531528
906	904	886	940	914	877	935	909	889	902	941	895	886	915	923	929	914	902	909	942	855	866	883	942	924	925	886	921	901	903	914	910	942	901	918	913	857	854	886	911	895	884	911	944	912	912	896	896	912	942	896	886	911	864	913	888	904	908	909	945	946	927	905	899	936	920	934	933	945	838	855	865	894	892	932	928	914	898	894	925	876	946	928	925	900	952	930	899	947	940	912	902	932	911	905	931	1932.587165
889	888	918	887	944	907	940	883	904	938	929	905	894	896	881	918	930	954	902	908	892	935	932	931	944	885	900	914	909	928	931	900	898	883	892	927	829	855	811	893	913	902	887	899	895	880	885	900	938	925	884	919	885	892	908	897	903	906	912	932	899	891	895	908	910	892	915	922	937	887	852	884	895	888	908	910	898	893	898	904	920	932	935	923	960	912	917	926	914	927	929	941	947	918	910	915	1934.642022
910	889	923	908	932	902	904	933	942	906	913	914	899	926	931	935	901	953	889	890	900	891	920	903	910	898	916	909	898	917	922	917	935	921	912	916	834	835	846	914	882	914	928	886	941	875	890	907	925	903	912	914	926	901	900	894	898	921	901	929	892	923	900	894	905	902	944	924	929	864	881	867	905	917	923	898	885	887	899	895	846	943	885	923	931	929	898	934	905	898	905	898	936	904	893	918	1936.696096
872	882	928	900	909	916	885	900	899	932	907	891	897	872	873	916	916	919	908	902	882	922	898	892	921	909	906	905	908	915	898	907	904	916	919	910	827	834	831	882	893	873	918	918	919	853	876	877	921	916	905	909	916	862	898	894	887	901	948	917	889	888	904	893	904	904	938	960	934	877	815	863	921	879	920	889	894	883	896	921	921	898	913	891	941	912	900	914	934	910	935	929	905	894	906	880	1938.74939
907	882	896	909	936	919	899	894	863	909	885	922	907	897	890	904	888	916	927	895	891	900	910	907	938	892	875	871	863	914	877	939	887	907	883	897	808	821	813	913	912	915	907	922	890	876	858	870	906	910	887	899	919	883	881	895	891	874	899	910	880	877	892	939	909	896	925	910	938	854	864	842	898	882	905	889	882	895	903	926	910	923	880	896	934	946	904	893	906	904	867	913	889	888	903	928	1940.801904
915	890	894	923	905	881	914	889	916	896	884	881	871	895	880	883	892	889	924	955	910	906	914	907	902	907	910	916	936	879	907	912	910	908	888	910	827	831	823	901	878	861	885	902	917	868	888	876	891	925	901	898	887	878	894	880	887	886	924	924	904	899	898	882	890	922	903	936	919	873	863	886	899	919	895	912	876	865	895	897	884	931	924	913	904	961	934	894	913	924	884	883	904	919	899	890	1942.841982
859	901	899	893	901	878	887	900	881	920	888	915	905	887	863	922	937	935	899	905	928	891	907	879	917	920	925	878	917	901	899	923	922	890	880	888	846	832	834	903	874	903	923	929	900	865	883	907	921	922	907	910	925	895	869	903	888	897	916	891	908	918	890	910	900	922	926	946	908	849	855	877	891	881	917	872	905	873	932	945	903	928	907	899	903	907	888	944	913	899	910	935	931	901	906	895	1944.89294
896	861	901	904	913	925	910	906	919	905	915	882	902	855	877	882	922	928	914	901	910	885	940	905	886	911	899	918	908	912	895	909	883	913	898	929	826	841	857	884	925	894	914	871	913	893	850	890	932	900	929	869	904	933	917	909	900	887	955	895	895	928	908	895	916	898	920	934	927	866	840	880	916	908	881	925	914	880	889	932	923	909	890	925	910	938	898	919	926	932	878	924	904	887	904	906	1946.943119
903	881	921	896	885	908	939	906	916	920	916	883	883	903	876	898	903	918	917	915	886	918	910	905	884	880	889	908	940	888	934	940	933	942	908	905	845	835	845	890	904	901	879	918	900	900	891	911	925	912	955	924	907	896	891	890	900	895	934	921	898	864	897	896	923	892	918	944	942	856	857	854	894	874	919	906	896	895	914	927	895	922	914	877	909	879	915	894	931	927	952	930	926	922	931	912	1948.980878
881	888	888	915	921	875	890	880	892	847	892	881	894	926	886	914	918	922	924	903	889	913	921	925	919	920	936	929	930	894	896	886	910	912	892	937	858	862	837	886	924	875	919	908	919	868	878	881	927	919	905	887	918	911	890	892	890	908	943	910	923	896	907	914	916	894	935	946	918	878	862	876	905	908	867	908	907	909	927	925	882	960	891	874	906	927	915	927	960	906	931	903	911	894	900	898	1951.029504
869	921	906	875	908	898	914	930	905	912	924	898	909	912	921	890	909	916	905	895	908	947	922	898	891	917	898	913	910	908	926	900	879	930	913	944	853	850	824	926	872	906	920	913	911	868	896	909	904	911	885	902	903	903	885	894	919	925	936	930	905	863	882	941	906	925	927	907	930	867	849	876	876	886	940	918	852	919	926	911	887	900	925	906	920	918	923	937	942	961	912	907	929	947	918	926	1953.06572
909	896	924	947	895	888	921	904	912	902	950	900	915	884	902	905	922	948	904	901	892	916	932	949	916	925	918	898	934	927	933	898	917	888	915	927	822	862	825	884	898	880	949	954	884	904	891	899	897	918	905	891	894	902	911	902	907	945	924	924	963	897	873	918	905	858	884	898	920	859	904	866	900	899	933	911	899	867	906	910	934	914	912	893	927	922	904	918	956	949	895	919	923	909	892	904	1955.101167
884	895	888	901	907	912	911	874	843	912	926	897	945	916	903	913	951	928	908	884	884	910	904	898	928	909	906	892	925	917	916	944	908	903	923	922	833	886	831	899	884	936	886	898	936	903	873	883	941	937	946	919	909	883	869	915	900	910	938	935	902	904	912	887	913	905	945	927	951	879	895	884	891	901	934	917	916	921	902	951	918	941	900	883	925	913	936	918	939	897	915	946	931	924	890	902	1957.135846
910	925	882	883	917	891	881	922	914	916	917	915	922	894	917	907	938	901	933	923	915	908	898	914	889	894	913	920	937	921	905	946	927	924	904	912	888	842	870	909	890	896	914	894	929	902	903	910	909	942	924	895	911	909	921	916	908	890	947	926	879	914	918	926	893	915	925	942	927	886	888	901	912	911	940	904	931	901	902	914	901	908	923	902	913	925	927	906	937	926	934	922	915	907	895	867	1959.181378
904	889	895	912	907	899	926	911	905	916	929	903	903	908	911	933	904	928	918	944	918	934	921	931	919	910	899	871	891	912	936	935	917	926	921	922	833	856	832	891	896	906	934	896	900	897	887	873	941	949	905	885	920	888	904	925	890	909	888	903	918	910	867	923	892	914	942	953	913	931	857	875	880	881	908	889	908	943	903	920	925	949	907	929	941	948	917	935	955	925	904	926	931	899	920	911	1961.214517
908	895	920	943	932	883	918	925	886	914	894	924	905	900	910	921	912	909	927	898	893	899	906	919	913	942	896	951	906	929	960	902	899	897	913	880	863	856	866	908	905	896	947	957	905	888	872	881	894	920	925	934	913	901	893	890	912	915	932	907	916	904	883	939	914	904	911	935	962	866	855	893	891	933	898	915	910	898	911	928	901	942	919	930	929	898	965	919	922	889	881	920	926	912	909	923	1963.24689
889	909	887	909	897	895	890	920	890	921	914	923	875	903	895	972	872	892	897	904	897	890	932	893	861	943	899	914	897	919	912	934	898	897	919	904	831	865	817	903	891	911	919	908	911	877	884	892	916	923	932	901	881	910	898	930	889	915	935	898	896	898	885	881	933	904	907	898	928	853	870	871	907	907	904	913	899	904	926	912	901	928	935	943	918	912	906	918	913	927	937	926	917	876	918	904	1965.278497
923	881	927	903	894	941	934	908	891	922	925	890	914	872	876	945	901	918	902	918	876	865	892	916	886	913	878	910	902	903	893	922	886	940	896	886	810	858	838	910	903	923	925	898	925	903	885	898	920	908	926	855	874	887	914	896	903	909	951	891	907	900	916	907	926	884	937	923	913	846	890	842	939	913	885	930	920	901	920	920	895	898	910	919	918	925	906	957	910	915	926	875	905	883	881	894	1967.297735
914	910	892	894	908	852	898	919	909	880	872	929	896	883	885	897	919	900	908	893	926	883	872	898	891	885	867	936	917	905	940	907	896	891	890	919	811	831	846	891	877	873	898	923	912	880	883	882	898	910	925	924	883	918	888	883	888	911	925	901	902	903	902	898	925	895	928	904	952	858	872	854	874	889	890	919	896	871	906	937	905	866	893	893	940	888	958	898	901	891	908	934	923	917	919	901	1969.327815
873	892	916	897	885	934	887	917	883	910	932	924	871	891	872	898	918	918	926	891	911	911	899	898	904	922	911	882	899	910	894	899	938	881	912	906	858	808	853	922	896	903	893	886	917	832	889	895	921	914	931	891	893	883	884	914	875	890	905	876	875	881	883	903	914	879	905	920	929	867	853	847	884	886	904	901	908	880	925	888	888	894	875	881	901	897	929	910	959	900	899	885	882	934	898	897	1971.357129
894	893	913	896	904	899	918	894	903	893	876	904	905	930	889	904	897	872	892	893	894	932	914	888	901	906	885	919	911	887	899	875	857	889	924	910	852	816	831	858	882	900	926	893	894	875	846	881	904	915	898	900	853	875	898	892	898	889	909	906	888	898	894	908	930	876	919	913	903	858	850	835	858	897	915	898	882	868	879	887	922	925	875	871	905	897	915	916	894	893	907	901	890	922	872	889	1973.385679
897	908	880	881	905	892	903	872	914	921	913	918	901	883	912	867	908	914	920	917	887	909	880	878	908	905	884	886	895	927	905	903	896	914	933	883	821	808	823	895	890	900	903	888	890	901	876	879	945	904	916	886	883	910	871	890	905	918	911	916	907	907	892	912	917	900	918	910	920	868	822	840	875	909	869	880	873	891	886	902	900	899	912	912	945	922	936	948	914	918	958	925	918	889	930	895	1975.40188
898	893	907	914	901	898	913	896	900	888	908	901	886	891	894	911	934	921	899	880	927	878	917	873	880	940	927	935	919	873	917	879	922	910	933	904	837	822	840	938	874	910	907	898	889	874	876	896	905	901	920	884	910	885	904	879	909	918	922	929	896	888	891	894	908	861	954	946	935	861	870	879	864	921	869	873	879	900	906	922	924	908	898	891	907	897	928	907	902	938	919	897	935	893	912	916	1977.428906
859	930	914	910	874	886	917	875	897	905	892	895	907	866	909	874	920	918	892	894	897	923	910	919	879	916	919	919	886	903	937	912	875	913	897	920	824	840	853	907	876	857	909	904	908	885	882	862	926	901	908	877	901	918	932	896	903	900	911	924	906	907	913	884	909	899	928	905	880	852	860	868	926	885	875	879	903	901	938	903	911	903	909	934	942	906	911	936	913	910	914	901	916	906	893	920	1979.443592
903	885	896	882	929	920	919	889	891	931	905	911	892	893	894	916	909	909	904	925	926	912	919	932	913	919	926	899	920	919	930	902	895	890	921	905	797	845	867	879	856	922	908	913	901	914	862	903	923	916	924	866	885	899	918	862	878	902	905	862	890	909	891	887	907	925	919	945	918	851	871	852	875	912	868	893	936	919	929	930	934	947	892	914	910	935	920	928	876	913	893	913	895	932	914	903	1981.469097
920	892	898	892	900	918	895	916	875	903	910	898	901	899	901	872	912	921	953	896	937	925	867	920	921	894	916	906	907	929	921	931	924	905	885	919	826	865	837	907	863	908	925	931	924	870	884	871	909	907	914	937	873	893	911	901	901	927	922	898	917	889	890	911	889	893	942	907	932	859	893	877	908	894	887	899	906	874	918	887	919	925	928	897	917	904	926	946	914	907	910	939	931	920	924	910	1983.482271
917	874	904	924	906	895	890	880	881	893	946	916	916	896	916	894	929	893	898	925	906	908	909	923	908	928	908	887	930	928	928	921	901	923	896	907	800	847	819	860	907	913	923	906	885	881	865	890	938	912	965	906	887	919	907	898	915	894	915	906	908	886	908	873	916	937	928	939	893	843	884	850	899	882	921	877	874	896	912	911	889	903	914	947	924	922	932	904	917	913	896	945	888	879	906	901	1985.494692
883	934	895	896	869	934	927	915	885	908	917	914	925	896	866	893	891	925	887	901	914	912	921	936	918	909	929	916	892	918	917	938	928	927	928	932	849	850	848	905	894	884	899	934	903	902	875	909	923	930	891	909	900	907	867	903	891	940	891	891	900	898	919	899	893	896	953	908	928	870	869	880	901	895	906	918	899	897	951	922	919	901	940	929	921	934	939	895	947	930	893	925	928	944	915	915	1987.517919
891	904	885	894	924	914	900	929	909	903	901	896	868	896	937	902	920	903	906	917	880	954	939	923	899	924	932	885	935	915	885	914	922	904	916	916	870	829	886	889	884	922	890	893	904	879	872	902	919	912	914	932	857	969	910	897	886	929	888	886	914	874	922	907	893	936	959	937	976	871	892	875	887	906	932	900	910	909	887	898	903	922	910	903	914	921	926	911	909	894	950	901	910	914	907	926	1989.52883
900	900	889	879	918	896	910	889	910	885	901	904	898	925	908	893	883	920	901	918	893	894	908	907	891	889	935	901	925	908	905	895	923	935	903	902	877	846	840	896	898	893	944	912	899	891	896	883	920	940	922	921	850	914	911	883	872	888	917	902	926	910	916	916	916	905	917	938	959	876	863	875	894	887	902	907	926	908	924	927	872	896	927	921	900	924	908	907	915	917	934	918	892	912	951	905	1991.538988
878	887	900	900	884	909	899	918	901	906	908	894	901	910	889	866	912	901	890	925	912	870	888	901	936	904	901	908	913	881	927	907	899	901	883	917	852	851	813	893	890	902	894	900	891	860	882	894	917	910	913	904	865	910	871	926	897	886	863	915	899	873	897	912	886	875	908	927	933	868	877	849	909	902	905	912	924	905	909	903	915	930	899	893	919	930	911	912	942	925	900	946	905	894	887	932	1993.548396
902	899	918	909	893	901	916	876	893	948	884	905	893	876	904	891	920	898	887	883	870	898	913	909	903	929	904	913	905	934	916	916	912	874	916	884	848	860	827	874	937	882	915	907	907	913	898	889	892	919	906	910	907	891	880	885	905	906	948	896	869	926	887	915	895	962	932	924	917	860	869	897	933	886	914	913	882	887	921	902	931	876	892	924	896	948	915	945	936	896	919	904	901	871	891	885	1995.557052
883	910	916	909	886	899	873	880	905	914	887	920	908	889	921	912	898	889	901	911	889	890	928	896	862	942	945	924	907	913	879	902	915	922	938	872	807	814	846	886	885	864	930	903	895	875	893	895	904	886	934	877	881	917	884	893	904	917	920	890	909	847	877	914	915	901	897	907	888	886	865	863	877	890	899	885	893	902	879	885	909	887	913	876	931	936	925	894	905	913	889	918	934	911	893	881	1997.564957
874	895	928	876	893	916	877	883	906	871	899	891	902	911	880	897	898	914	901	892	911	911	896	890	883	878	920	894	913	887	888	895	891	911	910	898	848	826	859	919	849	876	919	895	884	888	857	863	912	927	913	894	880	885	888	884	890	887	939	899	897	878	900	903	915	911	933	943	925	854	830	864	870	871	895	876	887	909	906	902	907	918	884	863	881	919	904	901	915	935	885	882	939	912	902	891	1999.560578
857	890	893	873	875	875	909	913	897	892	902	882	887	895	898	903	894	895	894	879	885	887	904	894	901	895	880	919	881	917	894	923	897	893	905	902	824	845	831	906	884	877	919	908	888	898	873	875	914	898	901	920	890	892	911	907	872	888	931	906	891	865	890	881	890	912	928	917	926	898	855	860	880	870	904	894	871	879	905	898	886	890	904	907	878	923	886	927	886	887	929	887	913	920	871	898	2001.566987
890	871	865	906	901	877	886	891	901	907	903	902	896	900	883	898	880	894	890	898	917	913	886	908	922	921	934	897	916	887	922	892	897	883	864	905	839	817	808	907	895	879	861	883	892	895	865	853	907	900	901	861	869	920	897	870	882	900	861	906	895	861	885	918	883	891	954	873	929	867	830	847	885	900	897	887	882	905	916	871	911	896	901	876	926	926	921	887	928	890	879	900	909	891	893	855	2003.572647
884	921	900	903	889	898	910	929	934	878	920	899	897	886	865	920	910	889	880	893	895	900	905	891	865	884	897	903	911	914	908	905	926	928	935	881	829	847	858	867	874	884	893	900	881	879	877	847	917	907	943	886	881	892	872	895	886	909	924	910	877	900	872	902	885	901	907	924	880	838	836	859	905	892	892	875	911	895	876	872	883	905	875	899	883	908	930	904	907	925	912	916	914	887	875	893	2005.566037
904	881	896	893	913	892	922	891	912	887	900	918	876	905	899	933	883	910	874	897	896	893	921	909	927	947	877	908	886	897	896	902	925	911	912	877	835	846	847	891	881	894	916	884	910	897	885	871	926	935	912	875	896	896	898	904	898	921	906	890	917	872	885	917	904	892	936	925	936	840	886	869	880	890	910	919	890	891	910	891	911	911	886	899	890	922	914	908	937	924	937	911	910	901	894	901	2007.570203
905	906	880	913	896	880	911	866	887	913	899	914	902	911	916	897	917	886	889	923	916	912	898	922	908	882	878	913	892	893	904	922	890	907	948	941	871	840	838	912	875	900	919	911	904	899	881	903	870	907	925	900	890	918	901	899	916	893	872	919	881	909	874	924	884	910	937	914	919	865	861	886	928	893	931	885	897	900	902	890	925	892	915	886	914	939	916	945	909	934	897	886	899	895	900	900	2009.562109
899	913	933	898	912	916	889	914	904	944	901	926	924	861	897	919	917	918	877	912	909	931	910	896	927	915	904	901	924	904	917	935	907	929	920	944	834	838	855	893	919	887	942	921	919	872	882	874	955	947	897	896	921	896	919	905	920	915	911	923	911	944	881	871	919	892	941	911	905	833	868	865	892	903	887	912	896	927	917	905	868	929	918	948	892	909	914	926	920	950	902	920	896	926	922	895	2011.564782
909	935	901	924	907	886	919	911	937	903	927	936	894	905	905	930	905	882	876	936	934	920	923	915	947	899	920	912	939	929	925	906	909	918	927	921	839	842	872	908	904	910	906	907	960	884	881	890	934	915	935	891	908	900	871	931	911	925	958	921	894	877	912	958	925	904	911	932	937	863	867	877	872	893	939	915	878	938	894	885	913	920	901	901	904	912	924	937	918	915	925	947	952	901	909	940	2013.555206
889	906	904	886	919	951	928	923	911	914	902	896	920	893	925	914	961	914	902	948	917	897	923	904	915	894	930	921	878	919	891	881	909	926	891	905	849	851	839	902	923	928	904	911	918	859	873	890	934	928	926	876	895	914	909	906	901	916	923	932	912	928	893	900	925	905	925	923	947	879	872	895	922	885	910	896	906	893	912	942	912	917	915	912	917	940	918	922	946	944	916	897	934	914	897	902	2015.544891
887	908	898	910	892	902	893	931	871	940	924	908	930	916	905	901	917	914	917	930	894	930	932	916	917	899	917	908	896	923	888	918	906	898	889	890	861	851	845	896	888	916	926	885	918	866	872	865	925	924	923	931	900	949	933	915	906	931	921	939	913	939	894	908	917	949	926	918	956	867	864	886	888	916	913	917	919	911	929	905	918	932	927	919	902	948	943	929	887	934	923	962	909	940	916	908	2017.545332
926	910	900	918	897	931	917	903	915	884	897	891	901	891	895	926	920	885	932	895	902	920	888	941	937	896	915	910	947	905	927	934	894	943	919	919	838	858	848	928	894	898	905	910	922	906	881	879	947	904	922	921	906	896	911	923	919	912	957	898	950	943	877	897	908	907	959	932	915	862	865	897	927	929	906	907	905	909	905	905	891	935	923	921	923	957	903	940	932	939	915	903	936	913	909	923	2019.533537
891	881	894	902	907	911	905	917	904	916	918	897	891	878	913	910	904	939	889	894	943	916	932	911	922	888	914	916	894	913	899	898	897	925	923	920	836	839	834	874	910	887	948	917	914	892	906	896	907	915	903	880	924	891	862	936	925	895	922	911	910	899	922	894	927	940	969	921	916	872	877	862	895	887	910	888	919	939	895	908	935	957	903	895	938	918	915	938	901	934	882	936	917	900	927	889	2021.521004
901	899	909	888	887	918	860	888	881	871	899	910	904	904	887	904	910	903	918	900	919	926	931	912	922	934	895	913	906	941	954	934	885	912	921	883	856	819	840	925	897	901	892	877	904	870	879	894	908	919	935	885	877	903	897	924	884	888	893	905	910	880	887	895	918	937	933	936	937	889	836	875	896	915	898	889	903	886	906	905	900	916	923	914	931	920	926	892	927	936	915	892	893	897	903	904	2023.507735
893	897	894	908	904	909	897	912	908	915	904	882	892	881	904	885	909	918	886	909	918	905	900	929	895	890	890	909	904	901	856	893	912	906	905	931	829	802	847	900	879	899	935	905	905	872	879	885	894	904	918	904	892	930	890	912	899	901	909	900	884	907	915	914	910	922	931	914	878	864	869	876	890	894	922	878	872	895	903	897	887	892	887	913	948	910	876	904	902	889	929	903	896	901	881	910	2025.493729
896	901	901	905	917	900	883	909	885	929	868	937	865	901	892	881	911	919	915	902	895	873	889	896	877	923	922	897	909	869	896	892	907	913	909	932	855	872	873	908	884	894	892	870	888	858	878	884	897	918	914	901	887	901	881	888	888	903	915	917	898	918	895	891	880	874	937	923	906	836	890	844	932	893	903	877	857	879	905	885	908	901	903	889	927	952	934	924	907	970	914	935	911	939	890	899	2027.478987
929	901	892	891	912	905	867	897	870	904	911	898	890	895	885	885	915	898	886	897	912	917	879	897	895	874	877	923	906	918	878	892	924	906	902	912	843	834	850	918	884	888	922	908	913	863	881	901	916	897	917	887	892	861	888	902	932	899	941	917	916	868	874	908	899	920	937	904	932	852	826	859	910	903	896	928	882	920	904	911	909	919	926	909	901	914	888	890	926	910	901	916	885	909	885	910	2029.452041
899	869	881	873	877	889	893	899	877	905	887	898	890	902	888	922	910	883	891	905	876	866	883	919	915	896	917	874	914	891	913	915	888	927	888	881	823	846	837	891	906	911	899	912	895	853	895	873	929	918	907	870	888	910	861	883	890	933	877	906	902	885	893	872	904	907	923	942	896	849	884	829	885	904	902	878	909	891	874	913	870	896	902	907	914	921	929	925	928	915	906	909	897	896	873	909	2031.435833
868	872	895	913	911	880	943	896	893	946	894	894	869	914	896	875	911	898	904	877	928	921	917	904	913	906	915	907	903	875	902	911	913	917	919	894	849	819	855	903	907	914	919	901	898	892	906	873	928	925	901	888	908	906	891	912	900	901	909	919	894	917	903	903	893	912	908	915	936	841	857	879	895	882	892	922	918	895	900	902	944	920	869	918	939	889	903	894	904	941	904	918	930	867	927	945	2033.418889
917	917	897	949	878	897	908	921	904	902	921	890	897	890	881	882	904	920	899	907	901	883	895	920	898	889	913	882	913	935	896	891	914	937	893	905	846	818	841	933	925	901	894	906	921	888	895	874	920	904	910	893	879	893	923	924	894	878	918	875	901	876	899	910	902	915	903	927	924	864	878	874	905	895	898	895	917	898	921	902	893	924	915	909	899	928	892	900	932	923	908	916	918	890	915	926	2035.389755
914	931	902	909	891	917	905	890	938	892	890	891	911	910	891	885	926	897	878	870	897	871	899	890	921	924	889	892	908	916	886	895	938	926	902	910	832	831	853	885	896	897	925	899	902	856	871	897	883	938	936	899	861	913	868	920	891	943	906	914	898	888	906	891	889	958	892	931	937	852	859	883	897	889	884	896	882	913	923	917	950	904	898	901	862	889	913	899	950	936	926	930	884	874	918	897	2037.371348
863	882	907	910	918	898	920	916	878	916	936	941	890	898	892	904	928	926	930	898	945	909	918	909	932	891	923	923	858	921	914	904	899	860	914	934	845	871	880	903	909	906	910	930	910	897	898	908	969	927	937	921	923	878	917	898	898	920	929	938	885	911	946	894	914	892	929	916	927	861	906	906	868	879	914	906	920	920	913	899	896	932	924	902	919	919	915	924	923	929	913	906	924	956	940	920	2039.340759
868	910	921	944	873	922	894	875	943	892	927	935	886	907	883	877	918	917	940	890	924	942	939	916	925	932	919	916	915	897	925	902	923	927	909	951	804	862	854	920	901	913	904	926	895	899	922	894	914	931	935	925	907	963	922	894	891	948	898	894	924	900	889	930	925	883	950	940	934	885	879	882	888	909	914	914	877	906	921	917	876	891	903	908	951	894	916	956	923	927	912	924	932	895	899	934	2041.320889
892	924	911	924	909	934	872	904	898	906	930	915	890	920	904	954	915	915	948	873	912	925	901	925	925	902	943	918	893	908	887	904	937	896	896	871	878	866	814	924	904	883	935	916	921	878	901	891	906	954	923	898	887	903	904	912	900	945	911	895	899	916	937	934	922	914	941	934	928	872	875	889	926	910	911	943	901	936	961	905	932	912	939	893	897	955	930	907	913	925	918	937	918	938	913	928	2043.288847
878	890	934	930	921	880	929	894	886	914	939	935	890	894	861	940	911	889	952	928	955	884	939	939	900	891	910	947	940	913	890	896	925	906	925	901	852	823	864	888	895	887	924	931	885	878	899	897	916	934	942	897	903	903	910	927	883	940	922	915	886	896	897	934	933	866	922	952	916	873	914	885	876	923	916	912	880	919	939	888	927	929	922	905	919	921	937	931	919	952	899	916	898	922	884	894	2045.256081
961	926	913	897	922	904	908	893	906	917	921	915	919	876	924	946	926	921	910	912	944	901	931	922	929	936	932	929	937	935	928	910	926	925	928	922	862	859	856	900	908	910	948	901	893	903	909	891	929	939	926	904	908	915	883	928	893	933	911	907	905	925	890	922	903	899	970	923	935	857	870	894	914	899	896	924	884	914	924	899	912	955	891	913	929	929	936	926	908	942	940	937	908	928	900	931	2047.234022
899	912	883	909	922	913	931	933	886	899	933	935	920	883	908	930	945	932	919	910	899	932	899	901	939	942	936	901	892	933	935	933	917	896	946	933	838	845	869	894	928	910	913	911	927	902	935	879	923	915	928	922	908	889	950	897	904	924	905	933	888	937	927	916	913	911	927	924	951	879	893	902	909	899	910	911	920	917	898	924	930	912	954	923	925	934	918	896	953	969	942	938	912	932	915	920	2049.199805
885	877	913	920	934	908	927	923	899	925	921	920	921	918	882	911	950	907	924	925	910	956	911	925	895	885	926	934	902	905	907	916	915	925	916	909	841	847	875	923	885	889	903	931	930	905	871	917	924	899	900	879	891	923	933	923	898	917	905	943	904	909	915	893	927	924	921	935	927	914	877	856	922	926	905	887	904	928	961	913	926	918	909	911	898	952	915	951	920	915	950	898	991	940	920	898	2051.164865
928	919	928	887	933	886	911	875	905	948	900	909	929	910	927	911	915	917	918	898	918	914	927	901	901	903	924	904	941	912	907	919	922	896	918	920	830	850	879	889	880	893	926	922	907	885	882	903	935	925	900	902	913	904	923	926	897	918	929	940	907	916	901	898	917	881	931	896	924	897	855	870	877	884	903	916	907	945	920	917	904	923	888	929	918	917	919	899	928	933	939	913	934	929	906	917	2053.129203
906	922	919	905	924	916	892	916	943	915	911	916	915	918	893	913	914	903	937	933	916	906	924	901	901	913	936	925	900	930	893	902	898	915	913	896	830	829	826	882	890	930	897	913	926	895	907	886	930	920	915	895	899	890	897	910	886	913	891	924	899	906	911	882	890	908	927	937	913	861	831	846	898	893	880	898	897	917	920	906	901	917	901	918	901	960	917	908	904	914	911	931	884	879	931	911	2055.092819
898	875	889	884	911	874	924	892	915	909	907	903	907	880	930	921	910	885	912	899	894	908	921	890	872	925	904	899	931	907	932	900	933	897	904	915	841	845	848	889	902	893	889	899	899	902	895	911	931	929	916	912	931	880	891	876	908	947	879	892	913	877	871	911	883	928	920	927	942	857	870	862	898	928	892	871	970	913	918	906	894	922	893	891	902	911	942	935	909	896	923	898	895	908	914	900	2057.055714
892	894	889	891	906	947	892	887	917	879	878	914	930	875	912	885	912	883	900	917	885	910	896	948	907	899	889	899	907	913	878	939	928	914	908	896	840	846	817	891	925	883	909	925	910	900	880	894	932	908	906	898	916	877	927	917	900	928	901	898	914	893	898	913	903	915	938	938	915	856	851	833	879	870	883	899	880	890	926	901	923	930	896	877	920	911	888	919	922	950	902	925	918	913	902	917	2059.006481
896	945	900	896	892	879	910	892	893	902	859	869	866	938	892	923	896	900	871	908	904	898	923	901	909	922	860	894	901	932	893	917	920	871	912	909	828	835	829	876	889	858	927	901	909	888	907	861	905	934	928	931	913	895	893	875	878	917	896	901	889	887	906	902	911	910	919	919	913	876	873	852	912	896	910	887	908	889	909	894	894	918	904	893	895	903	914	930	903	933	914	911	906	897	897	890	2060.967938
886	922	884	930	932	901	858	926	944	899	877	888	897	895	921	903	903	888	868	913	888	887	945	893	924	897	879	926	874	885	880	922	919	881	931	897	838	865	828	905	914	891	903	883	900	861	863	871	900	905	895	876	908	906	886	906	905	878	880	865	890	897	900	888	911	903	896	911	910	885	873	861	889	884	906	913	905	875	910	917	903	905	902	894	929	929	891	921	934	906	915	926	898	880	905	911	2062.928675
904	880	894	907	874	871	911	902	893	884	904	925	874	877	894	925	922	916	891	940	906	886	903	906	937	878	924	913	881	923	921	897	893	921	885	905	821	835	855	898	899	881	874	899	912	894	875	897	922	910	917	882	863	907	892	884	898	879	934	902	870	865	923	898	903	870	903	873	896	866	891	860	888	900	905	908	872	876	926	926	897	930	927	893	929	884	921	920	939	919	901	900	882	912	880	891	2064.877298
888	913	897	869	874	902	899	874	862	934	907	886	896	875	916	890	897	880	908	878	881	934	903	895	899	885	897	879	904	924	912	926	880	887	910	932	829	845	828	842	886	886	893	908	875	911	855	887	905	901	927	899	885	906	894	870	905	914	892	892	898	913	877	919	897	889	874	880	908	858	842	867	880	882	860	886	855	906	945	864	907	911	901	879	911	879	910	934	900	914	913	904	909	872	891	919	2066.836599
869	877	907	914	891	896	896	917	905	921	897	906	884	921	889	880	898	912	919	891	880	928	929	921	907	880	871	881	915	940	909	912	908	893	881	883	849	811	831	863	907	914	905	879	886	865	885	864	907	877	948	902	895	877	898	883	928	917	913	898	886	873	910	918	888	924	942	900	902	886	863	913	893	898	901	889	896	893	925	904	907	901	894	927	892	923	924	924	940	911	909	880	916	917	926	897	2068.783796
913	911	905	901	922	893	904	910	869	883	871	913	914	892	894	920	958	896	906	918	883	885	912	905	889	915	924	903	894	909	934	922	903	913	885	921	819	830	837	890	867	897	891	925	906	877	883	909	935	904	920	880	864	878	881	901	850	899	887	878	900	921	896	935	906	925	958	959	938	857	864	840	889	859	888	894	872	931	903	883	936	932	892	903	923	926	908	939	949	925	918	899	887	897	896	872	2070.741663
886	920	878	895	892	895	932	899	882	917	889	897	924	915	893	925	915	920	889	889	899	920	878	890	891	903	900	898	910	900	911	909	874	921	917	905	844	848	828	925	861	896	932	904	941	878	871	899	895	930	933	914	896	916	901	900	925	907	907	926	929	901	945	855	916	877	922	923	899	860	883	874	904	905	918	853	892	881	901	922	878	903	898	929	909	887	926	914	911	964	915	936	903	923	900	895	2072.687435
889	922	909	900	906	906	899	885	912	902	866	930	875	898	931	897	917	928	941	904	890	895	910	915	919	896	905	900	896	897	909	891	915	929	928	937	850	843	828	881	897	927	936	918	926	883	887	886	937	920	899	896	874	890	886	887	905	898	898	944	910	875	890	920	909	918	940	918	893	875	871	838	893	895	892	892	905	892	950	931	888	890	933	912	931	879	922	936	893	926	900	894	897	909	912	890	2074.632498
914	926	908	935	908	872	937	892	894	895	898	909	898	895	930	904	903	922	898	892	922	895	926	887	917	915	896	900	909	903	924	922	919	895	900	920	840	859	827	894	898	899	888	908	886	905	912	885	903	924	924	939	886	915	921	888	909	924	916	893	888	910	921	932	891	908	928	936	929	861	910	857	896	902	961	922	917	887	898	925	901	924	891	905	944	941	921	904	947	914	888	891	915	916	904	934	2076.58822
889	872	868	887	904	905	905	942	920	925	917	918	890	890	932	921	902	915	920	901	907	891	912	918	912	908	873	922	925	901	920	928	925	915	903	862	815	858	845	902	895	894	930	949	903	890	881	835	910	947	935	2787	888	918	916	898	901	921	927	920	907	887	901	899	921	909	921	937	902	886	872	880	913	894	889	893	916	908	897	890	911	914	897	920	936	927	919	897	929	918	898	909	952	903	872	897	2078.53186
846	891	888	905	942	898	919	919	894	914	893	925	898	936	924	937	900	933	922	892	864	881	882	903	904	903	909	930	898	914	923	938	901	908	906	884	831	835	854	907	916	924	904	893	911	874	898	898	922	929	924	899	912	895	888	900	897	910	934	953	876	879	911	902	891	883	926	926	913	881	859	865	913	898	931	907	907	903	892	912	874	889	880	910	929	931	925	917	919	933	927	912	891	905	910	905	2080.474792
919	904	931	911	914	895	897	873	889	876	896	892	900	896	903	907	899	926	892	888	923	924	910	892	866	925	922	918	902	918	902	911	913	896	916	884	841	871	816	894	911	882	905	932	909	893	845	917	930	926	906	897	879	880	884	903	876	896	902	900	899	933	890	922	914	902	929	938	907	866	854	872	875	906	885	887	899	896	931	915	935	912	930	902	893	912	906	935	927	933	917	893	933	898	917	907	2082.417016
876	890	876	910	870	920	901	889	886	908	919	888	864	883	878	912	933	896	934	922	912	904	910	899	883	905	877	890	915	882	877	907	908	882	888	910	831	833	863	931	931	898	892	913	881	902	879	874	909	930	952	871	846	897	935	890	894	899	907	878	865	891	880	915	930	906	903	913	935	879	865	850	886	882	891	872	913	888	908	909	913	912	879	868	908	909	910	915	907	900	903	891	913	929	883	924	2084.358532
890	932	887	876	898	888	892	910	919	930	893	877	875	906	913	908	891	921	896	894	912	911	918	893	874	870	893	889	889	895	900	884	897	887	893	883	851	832	847	891	892	895	936	866	902	899	898	846	909	921	880	911	880	898	904	900	878	919	947	924	904	874	885	900	876	899	906	911	901	841	863	852	891	909	900	908	921	854	883	931	928	934	885	910	903	918	902	920	925	898	906	921	921	908	901	906	2086.29934
884	881	884	886	898	866	901	868	896	893	896	876	894	919	913	925	897	907	908	899	876	921	917	889	896	893	888	893	869	888	918	885	898	920	918	887	814	836	828	899	920	881	888	933	915	893	886	879	942	905	888	913	871	913	902	853	911	908	890	897	935	901	903	905	867	874	922	902	916	857	857	839	894	885	885	899	882	878	884	895	890	893	843	898	899	903	877	872	893	901	855	919	878	897	881	889	2088.228098
874	901	897	883	907	905	909	902	838	909	894	887	864	885	875	918	883	880	903	908	878	909	893	904	871	869	904	888	921	894	895	883	915	858	880	896	830	843	832	882	860	871	887	861	904	852	895	877	897	902	919	866	895	897	920	863	867	901	880	900	885	918	909	901	864	894	920	892	939	840	869	851	876	870	871	887	879	867	920	878	875	891	869	871	914	906	902	917	904	906	918	906	884	885	892	886	2090.167498
874	850	884	901	917	909	857	875	875	912	903	877	874	864	903	883	914	914	884	897	881	931	878	891	871	907	913	898	892	908	924	910	898	909	879	912	830	858	837	875	872	855	880	899	910	888	868	909	903	890	918	862	898	896	876	889	889	888	924	869	905	875	848	868	924	900	923	889	918	851	850	883	851	907	851	888	908	885	861	884	862	933	896	921	865	894	904	913	934	916	859	890	879	903	887	908	2092.106191
900	900	865	889	902	883	886	899	841	935	903	912	878	887	871	908	907	896	898	916	890	874	887	887	906	914	867	893	902	892	882	913	903	872	875	913	837	819	835	911	891	881	896	910	945	880	871	883	883	913	899	886	866	840	879	904	876	904	886	896	900	848	898	942	878	893	906	904	923	857	857	873	867	854	863	895	864	906	880	882	885	894	920	877	913	889	888	884	922	918	899	902	896	905	894	894	2094.044178
867	894	907	914	891	882	907	883	927	890	865	924	887	897	871	900	870	888	881	872	893	871	894	899	896	889	864	904	875	902	906	871	906	900	942	887	839	829	846	867	911	881	878	853	888	902	888	880	896	946	936	908	877	882	875	875	857	904	935	906	924	845	877	895	892	876	895	941	896	841	845	842	891	890	891	871	870	897	874	891	887	911	879	925	915	902	915	911	914	895	895	876	924	903	878	878	2095.970133
895	835	888	890	928	942	891	875	904	879	890	896	898	860	876	894	922	897	888	880	877	904	878	880	890	890	879	888	872	892	856	918	926	910	912	884	850	847	816	895	890	907	889	904	876	835	905	882	892	896	904	903	890	890	878	898	856	886	909	864	870	870	876	889	897	878	915	926	912	867	862	871	880	917	901	861	865	896	894	898	895	926	897	908	894	892	912	920	918	937	889	873	889	893	909	880	2097.906714
872	906	873	908	869	906	859	869	857	898	900	906	877	877	868	888	911	913	903	907	891	880	903	869	886	898	907	870	901	880	886	912	876	910	870	869	832	838	808	901	881	889	907	913	899	883	893	870	885	904	900	870	886	872	881	898	905	891	897	917	907	906	911	893	914	856	900	903	892	857	816	851	882	871	872	897	920	863	908	891	904	883	929	872	892	894	918	906	908	917	897	925	896	886	900	872	2099.831272
854	893	873	886	902	930	878	874	880	932	891	920	888	883	892	893	911	872	893	881	894	902	877	923	875	870	874	884	866	894	868	901	900	884	895	916	863	863	862	902	882	901	889	880	884	859	886	821	912	909	885	883	895	871	873	854	896	889	876	872	907	917	913	919	882	893	905	905	886	866	843	862	840	900	880	873	883	889	877	894	899	897	888	858	888	921	908	917	930	936	907	868	910	886	867	911	2101.755133
877	901	892	877	894	876	904	875	901	896	906	898	864	934	883	887	906	897	877	885	868	914	906	903	927	871	872	902	913	896	887	848	890	899	903	893	818	843	829	876	859	888	892	863	923	888	916	879	901	890	921	896	898	883	910	921	880	921	874	904	928	896	886	918	868	899	909	895	905	850	844	875	920	878	870	901	907	886	891	914	920	851	882	893	934	898	900	918	923	896	903	887	914	887	877	932	2103.68961
885	866	873	906	930	887	864	904	898	921	908	872	901	912	886	889	900	921	887	907	877	915	920	901	934	889	876	930	874	894	901	917	868	922	893	915	833	814	816	903	900	876	900	872	906	871	860	877	932	902	891	874	892	899	882	901	891	885	901	907	857	874	889	858	904	882	905	926	919	871	843	848	863	936	896	846	884	917	910	897	918	919	891	892	924	899	889	902	895	921	902	880	895	898	880	917	2105.612077
880	897	928	912	872	905	910	899	895	884	876	903	868	870	915	923	924	902	898	884	874	888	885	881	931	939	897	922	912	915	904	907	887	860	899	861	826	846	851	889	931	887	888	901	882	867	854	875	931	908	936	922	868	900	906	896	896	904	901	912	905	879	887	887	900	883	940	907	898	868	866	857	918	902	900	885	902	900	909	889	900	898	913	912	909	908	908	949	904	927	924	905	899	918	895	915	2107.533848
882	889	902	907	879	887	882	870	897	903	898	929	905	887	883	882	901	892	877	911	900	925	919	869	903	910	884	853	914	870	873	907	892	912	902	885	825	846	838	892	906	901	859	881	888	889	872	912	933	923	889	895	885	878	885	870	920	895	906	892	903	907	869	901	876	902	918	924	907	830	853	873	917	912	894	889	860	888	901	918	942	900	884	884	901	897	893	911	880	940	901	885	931	888	906	898	2109.454925
903	915	875	892	878	935	874	923	887	894	905	918	894	894	936	912	922	898	897	906	882	886	847	914	909	883	911	907	891	900	941	884	925	896	897	892	821	815	822	895	910	894	921	853	896	889	890	881	898	898	912	878	890	910	894	888	891	904	922	931	907	892	890	878	890	906	903	933	917	876	832	854	893	875	867	891	899	879	895	901	883	912	934	901	904	914	896	925	902	930	898	885	898	884	885	893	2111.375308
887	922	883	925	885	870	906	901	911	876	920	891	866	908	871	907	906	903	892	915	877	925	872	894	917	884	905	914	897	916	909	883	886	909	881	901	829	840	829	909	896	909	927	915	870	883	874	848	928	901	859	872	888	914	891	844	921	881	891	925	901	875	907	883	897	912	908	907	893	854	846	858	912	909	867	924	868	896	910	872	880	908	868	898	896	888	897	887	874	889	896	918	894	916	911	914	2113.294997
870	865	915	875	889	864	873	880	916	900	882	917	884	899	879	896	889	864	868	918	888	865	922	897	897	879	890	887	911	895	893	874	895	865	886	915	828	819	850	905	870	875	892	894	915	881	861	864	882	917	908	878	879	860	889	877	876	909	945	919	881	892	880	871	888	898	912	909	928	875	867	852	919	882	909	908	917	857	905	870	927	935	898	863	872	935	937	891	917	937	924	914	892	904	892	921	2115.213993
868	834	860	869	891	895	896	909	882	867	899	890	882	877	877	905	916	871	881	893	883	883	913	876	892	880	890	885	888	909	934	886	898	891	891	894	849	831	798	864	859	874	889	910	899	899	907	874	900	881	902	858	856	894	880	891	924	911	895	895	872	871	922	911	892	907	911	897	912	864	833	869	896	885	890	849	866	895	910	896	897	875	897	899	895	909	880	919	872	874	896	890	884	898	896	921	2117.132296
883	878	880	868	875	881	902	881	891	904	894	883	883	892	891	894	891	873	886	872	908	910	881	872	936	865	895	895	890	909	883	885	896	918	908	856	831	842	813	886	897	850	864	911	864	874	862	869	897	927	867	904	876	894	878	869	910	887	928	918	910	885	895	893	874	886	924	933	874	867	850	820	882	862	918	868	907	897	920	935	898	882	868	881	894	862	905	922	875	895	896	910	883	861	869	902	2119.049906
874	898	862	884	906	886	872	870	890	916	907	872	877	900	890	904	899	916	895	881	889	903	900	903	923	876	884	922	900	892	910	884	885	852	871	875	823	845	832	894	901	915	897	890	890	861	880	887	904	890	924	883	929	891	888	862	866	865	907	870	904	876	891	898	882	884	910	893	875	821	844	856	868	891	899	912	882	892	871	871	882	892	881	874	893	889	909	902	908	899	884	916	903	865	898	907	2120.95555
885	906	897	867	876	842	892	867	899	883	899	885	868	889	869	861	910	886	887	863	908	880	932	894	899	923	895	911	872	866	900	874	893	907	900	836	829	818	789	878	864	882	918	898	915	860	876	863	885	893	904	889	907	861	876	878	853	878	875	911	884	845	887	875	875	889	881	896	911	851	857	844	870	885	875	885	875	891	825	875	891	886	897	873	908	903	893	889	885	886	913	873	901	879	843	897	2122.87178
866	901	869	926	858	873	865	860	841	863	866	896	883	871	875	889	876	880	900	848	876	864	877	890	877	885	878	891	912	892	882	901	874	879	889	883	827	786	823	884	852	886	907	899	868	860	848	882	909	903	888	894	862	919	863	850	885	854	900	890	900	877	873	865	892	871	881	896	905	873	839	848	860	862	893	855	885	860	872	873	892	879	890	880	928	869	858	914	931	915	899	877	903	871	888	890	2124.776052
865	872	869	886	879	863	891	888	874	897	884	893	861	890	861	852	859	861	854	881	850	885	914	859	868	902	901	835	867	902	886	844	850	877	893	856	789	816	833	877	878	887	907	889	869	881	848	841	907	880	909	862	858	855	893	877	886	867	892	897	875	885	867	884	872	843	848	904	895	838	840	821	893	916	899	849	886	887	895	863	892	868	866	864	878	872	887	876	891	890	909	880	895	868	881	864	2126.690904
874	868	866	851	866	882	855	869	853	872	878	875	860	863	884	897	899	867	838	884	894	866	873	869	836	861	871	869	851	856	879	847	859	870	878	874	815	797	815	862	869	877	873	914	857	855	873	866	854	889	858	856	868	852	870	895	865	911	872	880	885	856	867	911	873	904	874	900	878	875	839	810	826	883	883	838	862	865	873	893	834	878	882	857	889	873	902	919	876	889	870	869	868	885	896	874	2128.593806
864	864	875	865	870	903	858	862	868	862	875	854	883	886	877	894	840	871	849	878	885	839	892	877	869	871	885	872	887	910	884	891	871	854	861	878	817	804	827	842	843	873	831	865	876	826	866	863	888	892	862	834	872	889	860	847	883	845	869	851	863	863	851	862	876	873	895	883	870	817	838	836	877	866	876	865	837	849	872	897	890	848	886	856	895	858	887	899	873	861	882	917	898	874	871	893	2130.507281
846	879	854	864	870	877	892	860	851	880	845	857	857	870	867	873	868	891	852	864	856	875	891	864	863	862	857	890	871	866	863	868	866	825	872	878	812	844	822	856	880	872	869	893	868	865	854	842	864	880	882	844	889	879	853	866	849	874	908	869	860	845	872	904	845	868	893	885	909	851	838	800	860	873	854	849	866	891	869	887	846	859	857	884	890	908	863	866	894	879	882	857	901	884	868	879	2132.408815
896	866	887	873	842	848	875	881	865	848	857	858	851	858	867	899	887	896	870	835	892	845	846	864	881	876	897	859	867	901	869	851	883	858	875	869	822	831	826	857	849	887	855	880	885	888	855	876	882	870	902	855	882	896	844	860	885	879	866	864	856	869	872	875	869	866	908	906	880	803	843	847	881	863	869	865	861	859	868	885	874	873	877	882	893	884	896	862	919	906	874	877	847	885	877	874	2134.309668
848	873	871	874	874	873	868	875	873	863	863	896	865	846	869	867	898	868	872	908	877	894	885	882	880	876	881	915	892	853	862	872	894	883	913	902	825	812	810	882	856	865	911	878	910	834	867	862	890	869	879	876	867	884	856	869	879	894	900	885	887	872	858	896	878	892	899	872	890	846	861	862	874	880	879	879	859	907	880	846	864	869	866	897	901	876	899	904	882	861	877	867	873	870	864	845	2136.20984
875	888	857	881	888	868	862	865	861	879	878	892	881	860	891	866	889	912	889	881	872	897	858	874	870	861	893	877	865	875	879	841	880	873	858	868	822	826	832	884	875	866	880	870	923	871	867	845	878	902	866	861	874	888	894	879	867	870	902	898	869	879	853	884	848	883	897	895	889	849	835	858	882	865	888	869	889	852	849	859	870	896	877	901	887	893	895	894	912	888	906	906	921	894	868	898	2138.120569
874	871	885	902	872	870	890	897	870	889	900	869	859	870	887	868	897	907	863	885	858	896	867	874	877	922	866	922	851	867	901	889	861	908	885	887	794	860	791	896	875	872	898	884	894	874	838	849	888	909	866	873	844	865	896	882	872	898	876	894	860	869	894	875	900	889	859	913	909	853	855	850	873	860	857	861	928	867	878	876	868	872	869	864	891	882	890	883	884	884	908	909	887	875	879	897	2140.019375
876	846	858	882	890	873	847	907	870	852	879	888	845	870	872	878	888	871	881	865	858	871	895	853	875	884	880	854	892	881	868	883	884	910	884	911	835	811	781	897	853	903	889	890	877	880	830	843	887	892	911	894	873	887	846	887	881	887	859	872	860	860	862	869	864	860	881	873	885	854	822	844	853	869	880	873	844	843	897	858	893	890	870	869	935	872	878	895	912	907	878	886	914	891	912	876	2141.917501
863	870	900	862	902	877	865	881	855	868	903	887	860	876	832	877	886	889	872	871	861	897	873	894	884	897	863	870	898	876	856	893	916	871	917	867	814	804	780	857	876	887	875	867	896	864	887	868	882	886	880	873	841	860	877	867	875	869	898	922	883	857	857	888	861	883	897	890	884	807	845	851	891	853	852	866	873	899	888	896	877	926	867	872	865	895	870	898	932	884	859	911	883	870	855	884	2143.803722
889	842	866	867	878	861	849	880	897	893	879	862	887	874	857	894	877	903	897	876	899	905	883	878	881	862	894	895	883	914	859	895	895	893	915	917	822	832	811	868	892	845	884	867	866	871	876	855	861	881	912	879	883	878	874	871	836	858	881	867	873	884	884	872	869	877	902	882	899	831	837	857	887	898	863	890	862	878	886	879	868	892	837	872	868	860	887	872	907	892	858	865	877	893	892	892	2145.700494
874	859	877	863	850	875	877	914	889	883	882	867	866	885	875	844	891	865	875	884	879	865	878	892	888	855	860	891	877	853	856	906	890	878	865	868	828	836	798	861	895	854	888	893	863	862	879	852	870	841	896	877	853	873	886	868	899	856	862	869	876	880	853	888	857	869	892	880	889	836	862	851	887	879	880	863	871	891	863	849	898	889	861	876	878	905	916	869	947	902	901	911	891	876	867	870	2147.596586
908	850	885	867	882	896	893	880	867	843	860	885	881	877	857	862	894	871	866	870	861	904	854	863	868	901	891	910	878	869	890	880	883	884	866	869	806	808	807	884	832	881	847	876	893	866	877	871	856	894	866	867	874	885	873	862	873	841	906	844	885	870	892	856	876	871	875	924	872	846	848	830	864	881	863	889	863	875	876	867	894	869	859	854	889	877	861	873	885	889	883	888	878	887	861	857	2149.491999
863	852	836	852	855	835	857	878	844	871	866	873	856	847	873	897	863	869	866	870	885	863	872	867	869	898	874	856	879	866	861	860	852	872	854	879	821	830	816	905	880	875	889	879	866	878	828	864	916	880	854	848	868	840	881	881	882	865	888	874	871	858	850	882	872	845	866	883	907	823	836	823	860	860	874	869	882	868	942	873	835	903	910	827	877	858	866	858	902	873	891	849	892	856	859	854	2151.375525
862	868	822	889	848	861	863	855	878	893	883	871	851	878	883	899	891	865	879	860	882	885	883	885	878	846	848	857	886	855	888	853	876	891	870	878	830	786	823	872	882	862	883	869	871	855	855	826	882	865	860	836	869	843	879	830	875	859	872	882	852	855	870	855	859	863	881	889	906	843	829	851	883	840	881	878	849	843	869	912	861	880	861	857	864	873	874	872	850	897	901	877	871	865	889	843	2153.269586
865	865	838	865	857	857	845	866	867	855	890	859	832	863	889	854	883	868	861	867	865	883	862	859	864	892	864	893	858	880	884	866	899	889	855	868	830	801	804	862	847	850	886	860	850	871	852	840	885	886	880	874	846	848	838	852	847	877	872	864	877	863	862	870	857	908	877	865	870	822	833	854	862	857	876	852	874	833	876	839	900	858	873	855	863	878	867	903	871	892	886	874	857	879	853	890	2155.16297
861	839	842	857	879	839	861	859	887	860	858	917	848	847	871	888	909	881	868	877	859	855	890	830	881	864	847	842	846	842	855	878	907	843	880	861	833	798	833	875	876	870	865	862	845	858	829	833	900	892	888	842	860	888	853	842	869	873	857	872	880	879	863	872	851	867	870	895	874	819	820	838	849	837	831	906	865	877	865	865	873	835	862	902	853	859	853	864	871	884	875	857	860	866	883	846	2157.044479
872	853	850	901	870	868	859	859	857	851	867	846	838	835	859	857	848	855	871	842	855	862	858	855	867	876	847	843	855	822	878	851	876	834	863	850	815	798	791	897	899	880	879	847	885	842	842	823	857	842	862	844	855	836	851	878	839	858	870	847	841	853	855	868	838	855	872	835	878	812	865	813	825	862	859	864	859	840	863	847	873	845	886	841	864	886	868	888	844	865	881	841	846	844	876	838	2158.92532
831	829	841	855	844	852	852	835	855	864	850	881	853	859	848	881	867	842	858	853	862	857	864	865	847	868	876	849	846	868	855	840	832	855	842	851	819	789	792	873	863	857	855	875	853	834	841	822	855	860	912	865	857	843	812	852	871	827	869	849	857	836	832	903	891	866	888	855	858	795	802	815	855	871	850	860	880	839	898	886	841	873	873	839	847	881	876	874	855	876	847	810	872	860	851	877	2160.816681
820	848	848	831	887	853	840	826	858	858	859	863	843	848	831	879	880	855	842	841	841	839	846	871	883	831	841	856	875	861	862	866	838	880	865	861	807	817	798	837	830	844	857	862	877	810	874	864	889	857	885	878	866	836	837	876	840	886	862	870	872	872	852	851	849	826	854	891	834	829	847	815	847	876	836	833	881	839	866	847	838	835	884	870	862	858	881	877	863	877	891	835	791	879	868	842	2162.696181
839	863	867	880	849	857	841	861	843	845	865	842	839	839	833	871	849	845	891	850	858	834	858	848	833	824	873	855	889	832	878	851	848	854	863	873	786	807	774	833	849	876	867	841	878	843	830	837	865	867	865	842	876	821	839	849	845	863	872	880	846	862	840	847	876	848	851	882	879	819	839	825	839	862	857	835	868	844	888	863	870	887	842	866	856	853	827	865	849	863	846	864	861	837	863	884	2164.575013
845	903	874	854	862	832	899	851	882	889	850	870	862	852	838	875	838	853	828	859	815	841	880	849	841	906	872	868	858	842	844	870	816	842	860	829	814	820	779	853	842	840	869	863	841	825	845	850	860	844	860	821	855	867	860	862	880	849	851	872	860	854	868	868	862	878	850	867	853	805	814	831	855	855	853	823	856	825	874	840	841	848	835	887	859	899	868	861	877	899	856	845	867	854	862	862	2166.453177
860	864	869	839	867	841	858	894	877	853	848	867	844	852	843	865	850	837	839	873	849	871	862	861	843	879	883	851	868	860	858	875	875	867	851	853	809	806	775	834	867	856	839	866	871	843	811	869	884	861	872	849	833	855	860	842	850	869	852	856	855	867	882	866	832	847	858	859	874	829	810	791	881	854	859	842	872	817	866	866	858	873	853	854	858	870	870	869	861	868	855	853	844	862	827	855	2168.330675
864	839	852	855	845	850	865	862	860	863	880	895	870	869	854	869	865	858	878	895	826	884	871	854	872	864	847	825	882	852	869	862	896	833	861	859	796	816	769	845	854	877	848	832	822	838	815	822	875	866	880	857	864	854	848	859	852	880	858	863	871	874	847	839	891	814	868	859	860	831	831	803	818	814	855	848	895	845	860	874	881	886	867	843	860	878	883	831	877	865	875	878	847	884	859	848	2170.207505
842	847	807	877	853	872	847	879	832	851	866	871	865	843	870	838	838	853	849	880	851	861	875	888	838	887	842	852	868	856	892	864	838	865	877	854	811	796	826	842	845	892	845	833	852	836	838	826	900	863	871	856	822	844	859	823	873	855	884	851	847	855	846	859	838	846	856	851	849	798	816	828	848	851	876	847	856	838	839	855	831	854	897	857	857	836	884	863	841	864	866	876	836	847	865	855	2172.08367
883	889	859	831	857	860	825	881	845	826	874	854	852	854	852	873	866	843	911	854	856	856	864	880	863	860	844	873	838	868	847	860	874	849	856	833	777	828	817	861	836	863	869	872	889	831	837	845	874	871	868	837	861	885	870	856	873	867	843	861	857	845	874	886	847	867	888	850	882	812	827	836	846	866	851	847	871	864	861	863	852	854	858	849	873	878	902	876	897	837	869	867	875	882	846	877	2173.959168
835	851	836	840	870	867	856	863	863	852	870	872	866	852	853	863	854	881	857	852	836	860	839	821	884	865	862	837	880	857	859	840	864	852	819	868	812	790	768	846	857	836	849	850	835	867	836	854	891	894	871	844	829	825	854	842	853	866	881	866	850	833	853	865	860	825	853	862	924	817	804	818	882	883	864	832	854	886	863	832	862	861	852	849	884	886	879	876	852	845	870	847	865	865	838	850	2175.834001
848	831	831	868	850	851	872	862	848	850	870	905	863	827	842	862	855	824	843	853	874	831	876	844	857	837	878	860	895	874	864	851	856	854	880	862	821	807	817	831	869	837	859	852	870	839	864	827	877	862	858	848	871	828	844	856	854	850	837	867	858	845	835	879	847	853	863	874	879	836	847	815	867	848	853	875	859	882	830	877	886	871	879	853	840	851	861	826	884	841	864	830	882	838	866	872	2177.708168
855	832	835	881	839	833	865	866	865	848	870	852	850	854	841	858	856	843	838	839	858	855	883	876	868	863	858	853	846	867	892	868	864	866	856	882	784	785	813	826	854	846	849	856	852	826	824	836	875	882	877	810	871	857	842	858	839	863	831	901	858	851	812	852	825	861	883	871	898	828	829	806	850	881	860	818	860	828	859	858	840	857	812	850	873	895	863	873	863	865	857	848	868	811	837	869	2179.570521
814	859	846	841	860	855	853	875	842	888	878	862	865	853	849	848	834	845	842	860	830	863	845	873	835	837	812	858	889	870	869	887	857	863	859	846	817	782	797	838	818	869	852	892	825	823	867	845	853	854	854	867	869	847	814	841	860	851	870	862	847	840	863	873	843	846	845	849	899	810	825	786	844	841	859	844	857	853	830	850	834	844	833	845	823	852	881	877	890	902	837	859	864	847	843	841	2181.443363
815	838	824	857	843	850	844	840	873	853	851	883	818	839	870	869	816	863	833	843	848	861	855	841	864	850	851	882	861	848	876	847	851	847	859	844	829	780	790	831	846	837	889	838	822	838	853	831	878	865	852	834	850	825	865	841	832	839	870	843	837	841	818	865	845	874	877	867	909	823	814	856	842	858	839	848	845	842	838	864	831	876	851	860	841	862	855	875	868	869	849	876	838	840	888	823	2183.31554
838	826	877	885	831	839	868	829	883	862	843	828	872	863	820	853	833	850	856	818	850	848	866	835	859	831	812	815	828	831	839	851	845	876	827	851	787	824	808	865	843	846	844	833	862	845	829	829	870	874	881	851	878	845	840	810	841	873	865	865	862	841	855	854	817	830	863	854	856	832	822	783	836	840	847	828	841	841	883	856	837	850	818	846	852	859	852	852	832	870	866	858	834	837	842	845	2185.175916
822	844	835	844	834	860	868	810	824	845	843	839	864	845	823	807	840	845	830	806	840	812	847	878	869	811	843	856	824	839	860	851	860	823	842	869	797	798	763	842	836	843	842	829	827	801	831	833	858	849	847	851	838	830	819	846	812	847	817	861	857	830	832	832	817	846	891	857	868	802	817	797	822	828	814	850	836	843	846	851	811	819	834	852	841	848	833	848	833	825	842	862	859	851	831	824	2187.04677
824	824	833	812	829	829	841	858	824	836	840	860	810	828	832	842	871	829	846	860	849	811	834	838	825	855	816	845	825	835	845	849	832	854	811	886	790	751	788	810	840	837	833	845	831	821	808	824	836	837	825	843	831	834	851	836	804	814	835	830	833	796	829	860	814	841	885	845	833	776	784	797	855	831	819	870	827	804	861	845	831	846	807	811	835	841	849	869	844	848	821	849	855	820	839	842	2188.905831
804	842	813	844	821	849	835	809	841	816	844	786	837	834	819	844	841	833	815	846	824	856	838	824	845	848	839	835	849	818	838	846	815	815	826	836	812	801	787	846	841	801	816	848	844	825	822	834	842	815	840	817	821	821	840	839	856	837	822	818	835	856	822	825	807	834	853	836	850	801	780	806	828	824	839	803	855	813	835	830	844	836	844	837	834	838	842	830	846	868	843	858	819	844	836	821	2190.764237
820	802	840	835	803	841	855	812	799	851	837	815	824	825	860	844	842	805	816	819	837	837	847	827	825	841	816	844	821	811	830	836	863	830	830	831	792	791	760	827	792	851	821	844	826	821	796	813	836	867	881	812	840	827	855	809	833	857	873	833	823	818	822	821	824	802	845	838	843	818	797	812	825	810	832	834	824	806	839	832	808	833	801	837	869	846	875	822	829	837	817	826	855	826	806	842	2192.621988
838	838	817	821	829	821	827	868	821	826	835	823	785	826	833	821	801	798	839	835	833	829	878	840	834	841	829	819	838	799	816	822	834	841	820	823	773	771	768	825	836	825	819	817	800	807	809	816	867	844	849	827	789	800	847	828	825	825	832	841	844	808	813	847	808	811	839	843	818	772	783	810	817	832	809	818	829	801	810	841	828	833	811	858	829	829	827	874	857	793	827	815	863	844	828	829	2194.490203
820	815	809	825	843	807	849	798	838	852	785	852	806	823	844	811	819	850	798	816	840	837	862	841	827	834	826	828	837	859	828	844	842	845	825	826	759	790	775	803	842	834	832	839	851	797	820	792	860	824	819	805	825	827	823	829	787	862	838	825	804	817	818	823	797	820	858	853	849	802	779	760	820	816	805	835	836	807	845	813	841	859	823	840	833	860	829	844	834	821	814	864	823	834	820	814	2196.346643
806	796	833	818	844	820	855	818	802	861	858	808	794	793	847	815	827	835	854	832	819	820	818	827	821	842	839	823	835	837	832	841	872	853	807	797	768	764	782	799	813	837	825	832	847	825	826	805	824	846	862	829	845	842	802	838	816	847	831	821	852	855	806	801	850	834	861	832	854	806	797	817	822	831	847	837	850	817	837	826	816	835	825	844	829	830	828	838	804	840	864	840	821	841	841	837	2198.202428
815	801	836	824	805	845	820	797	810	820	808	830	836	827	810	803	821	867	811	845	817	823	837	829	838	834	826	833	817	831	809	843	824	812	824	841	775	785	805	787	834	822	821	846	846	821	822	801	830	865	835	828	809	841	805	823	813	864	858	829	833	820	838	855	846	809	844	856	815	789	825	782	808	818	827	795	842	804	819	813	804	815	827	829	857	861	797	835	836	857	831	826	850	834	855	830	2200.057561
805	816	853	828	815	812	841	829	841	810	826	847	821	834	831	831	830	837	819	835	823	826	826	833	817	815	818	832	877	843	845	831	844	858	839	806	774	772	784	829	824	839	824	830	827	805	839	851	842	882	841	811	829	833	850	831	820	820	844	862	859	852	839	849	834	842	837	819	858	809	810	818	841	791	802	818	838	856	850	843	829	845	828	832	847	873	826	810	813	878	843	846	802	840	827	809	2201.91204
807	851	857	855	827	814	807	839	840	828	827	832	842	808	818	838	840	844	818	835	828	829	838	815	822	833	850	822	832	814	800	854	813	825	823	832	771	780	790	824	827	829	814	846	838	813	815	790	826	831	823	815	838	813	834	847	835	822	854	835	808	821	816	845	833	848	833	869	868	808	810	839	832	843	819	842	847	838	862	830	835	813	835	827	823	823	821	840	871	853	851	867	826	838	821	852	2203.754768
850	853	838	817	846	816	857	835	841	833	846	852	820	824	817	813	836	829	815	829	862	838	820	835	838	832	838	845	821	848	854	814	846	822	843	812	750	765	774	828	827	822	830	822	825	814	819	819	865	855	838	828	832	794	816	829	814	835	814	852	829	842	856	838	814	829	824	866	870	808	786	793	806	828	818	839	846	791	817	822	827	810	845	838	858	843	843	834	831	850	845	820	809	827	836	806	2205.607947
837	790	819	793	828	866	841	814	830	809	830	842	847	836	848	823	816	825	808	842	836	852	877	821	830	852	863	842	844	827	850	842	860	845	840	829	772	764	777	809	822	844	845	827	829	826	783	829	828	840	848	822	828	797	808	821	814	845	823	842	825	825	789	857	831	817	818	829	858	803	800	797	838	820	824	824	861	827	842	813	836	831	811	850	848	834	856	825	829	840	848	826	863	855	812	830	2207.460474
820	816	834	841	822	827	811	816	829	841	811	823	818	813	860	819	817	824	827	818	802	820	861	823	842	821	825	836	847	844	812	839	825	814	877	849	779	761	772	852	810	809	811	818	825	783	819	832	820	846	849	835	838	821	813	842	816	816	864	816	847	817	810	803	847	834	821	850	867	838	796	782	821	807	841	815	822	834	818	812	825	804	817	825	846	837	832	804	841	846	844	832	844	837	805	839	2209.312349
838	798	810	839	813	827	827	805	813	822	823	816	810	831	834	835	852	802	813	826	852	836	806	844	803	810	785	831	792	840	824	818	833	810	824	821	760	761	801	807	794	834	824	836	830	807	802	796	810	812	822	832	827	820	805	796	796	831	825	821	828	815	811	823	818	809	800	830	801	797	777	804	794	829	822	836	789	816	824	820	833	834	832	836	825	862	826	805	831	819	866	819	863	889	807	827	2211.15249
826	829	831	858	838	827	830	787	785	818	815	802	817	814	807	816	831	855	815	832	824	823	823	813	817	823	828	818	826	817	834	812	795	824	829	811	736	773	769	804	812	808	830	813	814	803	825	816	846	844	809	836	807	826	793	813	831	825	797	800	798	797	828	822	805	821	862	814	816	780	789	788	793	802	860	820	824	810	812	820	831	857	836	833	810	808	839	837	828	823	827	833	824	829	813	839	2213.003067
803	811	785	824	822	820	825	828	823	810	832	808	806	820	803	826	839	830	829	806	810	801	837	817	822	826	829	827	788	818	822	834	830	810	817	830	786	793	759	818	829	805	842	827	802	797	806	832	835	824	802	823	808	804	810	820	815	848	820	844	812	806	821	828	811	800	786	831	826	780	808	781	814	832	800	846	823	825	801	814	812	860	806	809	846	836	838	834	818	829	830	819	807	805	795	833	2214.841918
809	790	811	802	829	812	804	798	808	821	822	821	782	813	811	828	807	807	824	806	841	821	813	802	795	821	815	822	827	827	796	790	837	831	816	806	741	741	755	789	795	801	812	814	833	796	781	814	834	813	803	811	824	801	795	784	813	820	789	829	809	796	818	846	796	822	789	813	824	765	784	771	814	797	802	832	827	772	824	815	782	803	813	819	824	799	800	827	824	804	841	800	823	805	780	787	2216.691199
794	799	826	804	806	804	798	796	818	796	785	824	803	815	793	836	819	809	822	802	813	799	794	794	822	792	818	810	802	808	824	804	793	793	799	816	760	785	778	799	818	792	810	810	798	816	786	800	852	839	820	792	791	818	799	812	815	818	830	826	825	819	804	794	792	808	818	820	805	780	785	755	811	798	818	807	797	808	806	804	804	809	817	831	793	820	811	806	861	817	809	798	816	797	821	819	2218.528762
801	808	815	804	819	819	812	797	815	814	827	830	797	803	822	810	840	815	792	823	813	811	823	796	819	816	801	824	831	833	814	803	815	831	823	796	746	766	749	775	825	812	834	830	817	796	798	773	823	821	829	811	794	797	828	799	802	821	815	793	803	838	790	818	832	823	840	831	858	798	781	781	819	831	803	800	808	801	802	801	800	789	826	784	838	807	806	829	851	850	809	812	804	807	808	829	2220.365683
801	816	793	826	799	798	807	841	791	804	807	820	801	792	814	787	788	798	794	827	808	815	825	799	796	781	835	815	783	826	838	797	810	786	801	795	756	759	759	822	802	789	819	815	813	790	790	818	821	842	820	824	785	771	811	779	812	815	781	842	819	832	803	819	808	799	787	814	829	792	769	745	808	817	817	819	798	792	805	794	806	818	806	827	811	818	807	816	830	830	811	804	816	806	824	802	2222.201963
802	788	799	815	820	815	794	820	815	793	778	827	810	786	805	777	827	844	788	838	833	810	843	820	766	805	847	793	816	803	832	811	807	828	823	820	755	768	758	775	808	808	825	807	806	758	813	812	811	822	811	797	819	794	806	814	779	801	812	829	821	815	829	814	818	807	811	813	824	776	770	759	818	776	819	791	793	793	813	797	794	797	837	774	847	848	833	811	822	812	821	827	815	772	824	804	2224.048658
803	789	795	784	828	810	800	782	805	839	808	818	806	820	798	814	813	817	810	819	807	816	838	800	814	808	812	803	807	805	828	801	814	802	801	831	762	744	752	794	817	822	798	820	786	758	789	779	810	814	796	799	793	787	795	791	799	806	829	812	790	806	810	825	799	827	817	820	829	766	757	769	799	805	789	819	820	811	843	822	823	844	842	799	808	809	821	808	827	812	814	822	803	795	791	791	2225.883652
799	814	809	788	802	810	806	810	819	822	790	801	804	803	807	820	818	816	820	795	809	800	799	827	835	796	794	781	814	782	831	799	780	833	816	820	787	739	744	822	824	805	793	829	808	770	776	823	816	818	817	798	796	811	793	804	841	823	828	828	786	790	787	823	812	803	820	833	826	789	763	779	821	787	823	807	800	816	833	791	797	827	827	809	823	818	817	812	797	831	854	818	811	807	784	796	2227.718006
821	774	784	814	812	826	789	811	812	834	822	821	790	808	780	825	814	831	809	816	815	785	802	810	785	828	796	784	810	826	799	787	803	814	849	825	757	755	749	786	806	798	832	809	831	799	807	796	795	832	818	815	807	807	825	800	800	826	789	825	798	798	797	817	834	816	833	788	801	771	756	780	814	813	823	790	798	799	813	813	806	811	807	800	819	834	793	833	808	813	819	806	850	805	806	819	2229.55172
822	814	783	812	815	812	836	831	810	814	821	817	804	828	775	804	824	833	796	786	824	798	807	829	794	825	817	835	843	797	801	833	814	810	845	809	730	738	775	794	789	807	794	817	809	815	787	796	825	820	824	817	823	802	790	804	810	818	794	841	771	809	800	803	794	809	847	799	812	784	780	751	791	816	819	803	787	797	844	803	827	818	817	804	823	800	838	835	818	816	825	816	812	808	824	787	2231.373754
814	794	812	837	787	792	791	799	828	815	791	832	797	801	801	815	819	821	806	817	812	793	805	839	797	810	809	804	785	804	811	836	814	799	846	813	777	738	761	790	819	792	836	783	831	785	785	778	834	822	821	822	799	782	802	822	795	805	822	819	808	809	798	843	835	788	816	829	839	789	797	773	789	812	804	786	804	837	808	811	812	796	795	817	821	828	837	837	814	827	820	814	788	801	796	817	2233.206192
787	771	799	816	804	787	808	780	796	814	843	825	792	813	801	817	801	820	815	800	817	803	803	808	789	792	825	792	805	833	833	828	814	808	805	806	772	766	768	800	771	807	808	789	787	773	788	800	810	838	833	808	802	817	802	812	802	797	792	798	825	806	790	803	793	810	802	813	820	748	763	771	818	813	815	804	794	819	829	808	814	795	814	786	831	802	832	816	805	807	841	823	806	814	821	819	2235.037992
805	807	806	804	788	792	799	792	783	815	822	811	803	810	781	804	798	786	795	795	794	822	798	791	794	821	816	837	815	821	814	796	804	818	828	800	759	767	747	804	819	815	791	794	797	805	783	788	827	808	822	786	811	808	804	798	784	816	841	805	810	815	798	818	812	809	808	800	823	812	760	776	797	836	808	808	790	812	800	819	816	820	799	797	827	811	799	801	815	812	827	800	841	778	816	839	2236.869153
820	816	825	818	799	801	812	839	805	807	790	798	794	805	824	826	823	807	812	790	807	817	794	811	810	819	825	819	801	784	794	810	819	790	805	811	770	745	723	817	780	823	813	787	817	768	776	790	807	798	819	793	801	769	813	771	802	784	781	828	815	798	797	804	799	792	802	801	802	798	784	767	779	800	795	795	788	812	804	841	810	811	793	787	809	835	820	825	823	837	833	832	777	819	815	812	2238.688651
769	803	800	797	800	798	792	834	799	799	815	784	765	779	770	791	813	799	779	800	832	802	818	815	810	834	794	770	819	810	826	805	787	828	795	813	743	743	731	783	777	781	804	804	795	810	786	797	801	844	827	826	792	788	806	797	782	815	838	803	799	794	804	776	800	797	831	810	833	770	742	776	827	802	782	791	784	777	831	801	773	811	814	774	825	809	797	802	801	807	812	802	800	796	818	780	2240.518539
809	809	792	798	808	800	799	802	816	792	778	820	784	801	786	784	777	803	807	797	802	811	787	791	776	813	783	808	772	814	779	775	784	828	798	792	763	729	731	797	771	797	808	785	803	771	784	794	792	809	801	790	787	773	810	793	738	817	786	779	788	778	784	776	787	823	818	808	810	764	768	764	783	767	775	779	781	774	804	809	790	816	816	789	812	824	830	803	797	799	810	808	797	808	803	776	2242.336772
793	792	761	786	787	788	786	791	786	790	837	769	798	789	786	811	792	791	797	792	817	790	779	808	782	773	798	760	838	779	792	800	800	798	805	796	740	741	746	789	790	774	808	777	812	785	781	790	781	801	795	773	808	781	762	787	793	776	815	786	781	806	762	814	828	787	813	782	824	780	764	755	777	795	804	786	761	770	795	797	778	767	794	772	790	778	805	788	784	812	803	781	803	791	782	809	2244.16539
771	772	827	778	766	800	783	793	805	750	796	811	766	776	779	796	788	769	779	790	780	773	798	777	792	794	798	774	795	795	766	792	786	787	817	795	737	740	740	783	756	761	812	797	803	744	795	753	825	821	810	783	800	785	793	776	777	793	772	794	788	799	786	801	789	786	806	805	805	719	776	743	805	764	773	773	781	786	805	782	788	790	779	795	768	809	790	793	808	832	833	808	782	784	779	780	2245.98236
769	785	808	778	797	798	787	779	783	802	799	793	794	788	782	791	805	778	791	771	778	808	799	785	804	763	799	769	791	791	790	769	776	790	769	790	756	727	731	787	786	770	786	779	789	787	767	770	794	794	794	788	770	785	800	812	769	805	784	799	757	764	804	788	781	780	787	773	803	770	763	753	777	752	766	765	767	783	778	801	789	783	773	767	779	805	786	786	802	805	762	807	774	776	779	796	2247.798701
804	768	759	787	787	773	774	800	773	775	794	782	796	767	798	773	797	807	781	796	812	776	769	841	776	774	789	809	796	783	766	799	780	778	793	774	751	734	762	791	777	799	783	789	780	764	763	805	807	793	792	803	764	765	793	760	781	769	782	788	807	772	771	810	782	776	798	792	791	733	770	741	800	777	752	790	767	804	816	782	775	792	773	783	821	787	790	795	786	775	803	775	759	781	768	775	2249.625416
778	776	772	779	752	806	796	775	776	794	792	779	773	779	778	778	788	791	783	816	768	751	809	790	792	797	786	784	807	788	775	786	790	763	797	807	709	736	737	788	791	790	774	757	780	762	783	768	808	798	759	786	778	771	768	776	786	811	773	795	792	799	787	779	772	787	782	774	797	772	739	769	769	799	783	790	766	786	770	795	785	804	789	784	783	790	767	791	773	782	778	775	799	775	778	810	2251.440496
796	766	794	794	783	792	771	810	778	774	796	804	771	789	763	788	798	794	774	766	799	803	789	779	783	798	787	799	772	773	782	777	765	754	780	792	740	734	770	761	778	770	769	810	763	767	787	798	811	794	804	789	781	771	766	795	773	817	816	812	798	759	762	798	805	778	792	797	782	760	757	746	784	779	761	792	783	775	788	796	783	785	804	791	787	811	748	799	809	825	801	784	790	767	793	791	2253.254949
788	789	785	779	789	798	793	760	782	794	772	801	767	801	766	806	761	802	802	777	790	778	770	780	792	776	792	784	772	790	824	783	811	804	784	794	743	751	736	813	753	800	777	765	814	789	780	766	795	791	825	744	791	782	790	782	772	803	787	787	789	779	799	786	756	782	789	791	782	763	770	741	789	781	810	791	774	796	811	780	797	805	797	782	782	779	826	802	769	797	786	793	785	783	790	780	2255.068773
768	810	770	791	767	809	791	773	790	794	808	776	751	772	787	780	799	806	770	774	793	773	753	828	756	771	779	788	771	804	798	801	814	775	813	806	747	738	730	799	789	789	789	772	813	785	772	790	792	818	795	804	760	765	766	816	824	778	794	771	773	794	752	801	756	784	801	786	797	788	763	747	761	791	765	764	781	756	807	789	802	801	777	778	771	811	779	827	787	793	786	790	808	807	774	791	2256.88197
790	779	767	800	775	784	767	787	768	780	785	784	763	804	761	800	814	816	806	787	801	794	752	787	790	776	759	807	783	790	774	791	790	786	790	788	747	721	751	774	794	762	766	792	758	782	791	765	835	827	790	787	767	805	765	782	789	808	777	807	807	757	767	788	774	772	788	811	794	756	748	772	794	782	785	769	777	797	765	820	785	774	795	795	809	806	793	799	826	782	843	761	799	778	809	775	2258.69454
791	783	794	792	788	806	799	794	782	801	780	741	792	775	782	791	805	788	811	786	804	785	796	827	766	829	765	798	812	783	773	776	785	780	778	791	746	734	726	769	807	776	791	809	824	777	768	770	789	816	811	798	794	767	767	778	776	771	802	797	806	784	772	770	767	786	797	789	810	757	750	752	779	780	775	784	768	775	792	802	787	784	788	806	824	794	812	809	795	798	799	779	799	769	811	798	2260.506483
780	785	783	794	788	790	783	807	767	779	797	779	758	773	763	786	777	780	799	789	806	794	802	786	773	770	799	772	779	788	773	807	782	825	811	768	728	744	738	759	795	789	781	776	774	761	762	763	803	772	825	770	802	772	793	759	777	802	803	771	778	782	773	771	764	777	805	805	805	763	758	742	775	785	774	794	776	779	790	787	791	799	776	786	791	788	815	789	791	828	788	806	802	763	793	774	2262.3178
805	770	777	805	785	782	805	797	783	787	800	812	795	777	780	780	835	791	783	768	753	799	777	751	765	797	784	780	817	793	811	784	759	805	763	778	725	749	715	783	780	781	776	783	803	775	789	752	799	766	799	780	768	789	751	779	796	784	788	790	777	791	773	808	800	758	779	769	790	749	770	780	799	752	780	781	793	781	797	785	785	773	777	782	813	808	776	809	815	787	802	785	794	753	807	800	2264.117519
765	781	787	792	766	783	780	794	769	800	783	790	786	790	757	763	799	802	771	788	787	784	789	770	782	794	787	790	801	789	782	784	808	776	785	788	745	736	737	784	780	802	802	783	789	783	774	781	800	803	781	765	776	759	794	789	775	795	785	763	790	771	795	810	807	792	800	786	791	755	759	726	809	783	786	764	783	779	782	818	792	798	782	781	784	797	770	777	782	792	804	787	792	797	787	764	2265.927588
790	777	768	813	807	770	753	777	792	797	787	788	804	788	785	778	792	785	759	756	768	788	784	773	773	800	776	782	803	803	803	795	799	772	799	801	753	758	732	776	767	807	809	793	771	764	777	793	775	803	826	786	765	780	790	783	797	791	779	792	797	760	776	782	788	779	787	793	791	760	770	755	774	777	751	798	789	774	792	807	770	793	786	756	802	801	817	795	781	788	778	786	764	780	764	772	2267.737031
764	790	775	773	760	768	794	782	789	775	769	764	767	777	771	785	773	787	784	789	772	778	770	782	778	799	775	793	759	805	763	788	799	766	759	770	724	741	736	767	774	747	784	781	804	779	761	792	785	782	797	773	781	759	774	767	778	780	773	778	797	785	798	795	776	783	817	799	781	744	769	720	762	809	778	793	752	764	779	792	788	774	768	762	794	783	806	790	803	798	796	829	789	797	785	775	2269.534888
762	817	760	801	787	784	756	766	784	769	769	792	795	757	744	796	782	778	768	745	802	811	754	763	779	790	797	781	791	802	784	778	779	777	801	796	731	744	738	763	771	789	772	786	771	771	745	756	789	820	792	769	779	797	790	789	775	793	792	754	794	788	783	811	762	786	805	797	789	750	777	740	780	775	755	789	793	759	762	809	773	794	790	799	796	771	799	793	793	786	798	800	792	779	805	772	2271.343085
766	795	776	782	805	756	780	800	794	753	782	774	794	776	754	784	823	767	811	776	757	788	793	794	785	809	790	781	768	771	770	773	805	794	774	781	694	728	737	753	768	765	778	796	806	756	750	769	796	782	789	764	781	780	757	780	803	801	765	791	797	771	779	758	799	783	791	749	777	754	761	742	784	797	778	785	779	787	774	793	795	787	778	788	767	802	790	778	798	790	785	761	784	778	763	770	2273.139705
751	766	764	797	754	781	780	795	752	771	783	764	753	773	779	805	775	810	792	784	796	766	767	773	784	772	792	783	791	772	763	777	794	778	777	764	751	788	734	789	779	744	773	788	766	774	742	796	754	771	791	790	769	753	770	760	764	763	796	796	783	746	793	795	750	796	772	796	773	719	747	758	767	759	769	740	774	789	775	798	786	757	780	794	795	800	790	800	801	783	779	758	777	770	799	787	2274.935708
802	768	771	767	776	764	783	767	783	752	800	747	774	765	774	778	759	767	733	765	784	764	789	779	763	813	749	775	754	800	778	751	770	764	773	780	738	729	717	787	759	777	769	755	804	746	745	774	798	785	787	752	784	753	783	757	774	788	785	752	758	757	773	779	774	794	813	785	772	766	740	735	772	761	769	752	757	782	791	766	788	772	777	773	778	815	779	779	808	786	779	769	785	754	767	751	2276.74204
786	763	760	755	739	777	775	739	795	765	753	777	796	748	789	767	774	792	789	789	779	785	757	764	780	774	764	749	779	766	798	763	761	766	776	768	736	738	721	789	780	766	778	747	771	765	748	764	773	778	783	769	769	765	763	772	764	783	770	803	781	768	769	762	745	799	768	780	771	756	730	733	780	767	768	767	768	791	776	768	789	765	780	753	774	758	778	761	773	756	783	761	750	764	776	772	2278.536807
746	745	743	771	762	762	774	767	769	757	768	763	775	772	755	771	779	763	755	758	742	757	778	742	770	752	768	785	785	751	761	766	779	766	748	775	741	712	711	755	750	757	758	743	759	765	766	737	776	773	779	769	741	755	748	756	792	767	745	754	758	750	788	775	784	732	773	748	780	743	741	737	746	779	775	715	758	729	773	777	756	738	757	745	761	772	811	768	772	779	803	774	777	763	746	759	2280.330958
762	754	762	763	748	784	740	772	751	764	734	768	759	751	717	765	753	750	776	755	788	786	764	778	754	766	781	756	766	751	759	772	764	751	770	783	701	696	715	747	767	743	773	767	775	761	734	731	757	787	748	779	781	753	758	777	776	764	783	785	745	778	744	779	771	773	780	758	773	736	722	729	768	733	746	779	794	725	743	749	773	738	791	743	753	747	774	789	756	765	769	766	790	766	755	786	2282.124493
755	757	751	778	770	771	772	768	779	767	735	798	772	745	749	790	764	771	753	787	785	759	743	745	781	775	775	758	784	744	757	749	789	768	742	786	702	743	724	774	751	774	755	792	743	752	744	753	778	786	773	773	764	755	772	747	767	777	773	772	768	767	747	770	774	758	739	782	768	713	747	747	758	758	766	762	747	767	745	746	742	755	754	755	758	772	737	745	784	791	758	752	759	767	752	769	2283.917414
741	747	791	782	775	763	768	769	777	748	768	775	742	772	783	770	767	768	771	757	754	792	764	762	748	785	775	754	761	755	768	770	743	749	757	752	727	734	728	776	748	743	770	774	762	733	758	735	746	791	760	731	755	761	757	747	758	751	771	792	751	763	756	756	784	739	762	803	774	744	719	742	750	767	759	747	759	747	779	750	776	767	762	747	777	797	757	780	766	777	754	760	787	759	762	793	2285.70972
756	747	770	751	775	758	747	789	750	792	755	748	756	777	762	769	748	790	784	754	750	779	760	773	755	787	773	777	768	771	748	779	776	767	759	778	697	698	736	771	773	763	766	740	780	749	750	766	764	764	769	752	775	765	752	771	756	763	752	770	744	763	767	740	780	760	777	774	753	718	732	741	747	775	752	737	754	773	745	790	769	788	765	774	785	774	758	792	751	757	746	774	771	772	746	774	2287.501412
762	764	756	762	729	787	742	763	768	768	757	745	754	772	761	725	741	785	770	754	745	778	773	783	746	771	771	767	754	748	763	750	757	761	792	787	715	720	731	746	770	752	752	798	759	784	747	747	781	773	782	756	741	736	750	759	772	762	741	764	739	761	735	764	780	746	747	782	781	730	737	738	769	779	768	742	713	750	774	762	757	770	749	760	757	787	764	769	764	771	765	769	766	787	761	775	2289.292489
737	757	773	742	760	768	732	771	739	749	764	755	766	755	744	760	769	770	764	781	763	747	742	740	771	773	742	764	791	745	735	744	765	762	776	763	721	684	711	782	755	757	768	768	774	738	734	740	769	807	769	731	768	760	765	760	764	783	760	747	757	789	775	761	769	771	762	777	764	746	750	758	764	779	750	767	744	750	748	767	753	777	757	746	811	769	769	765	759	788	789	788	768	747	778	747	2291.082953
772	751	784	748	783	761	754	755	763	761	768	775	740	763	741	773	768	765	796	766	759	780	750	766	754	764	760	755	769	769	768	774	777	769	779	742	730	704	732	773	765	763	759	771	746	774	739	720	781	776	768	757	763	761	778	767	756	783	792	776	735	782	784	766	777	777	796	777	807	758	738	751	766	783	741	784	769	778	786	777	776	783	755	772	755	777	760	773	779	760	752	757	749	759	761	782	2292.861891
762	772	764	768	764	752	778	771	776	760	776	793	750	757	725	786	793	784	783	758	798	753	788	748	785	763	767	752	786	756	773	775	742	769	784	779	707	729	717	768	729	746	767	768	761	772	753	756	766	775	784	754	783	754	797	751	767	788	793	777	782	761	779	741	774	754	769	753	790	745	766	734	784	758	736	764	757	770	777	803	768	762	787	764	772	737	774	790	754	756	786	758	727	760	793	753	2294.651132
752	755	743	766	769	777	766	753	755	787	760	778	767	761	757	751	786	774	759	749	779	749	766	771	756	774	766	758	768	796	794	773	768	757	760	777	707	714	737	764	743	759	755	749	749	736	743	745	762	745	767	733	766	733	759	724	788	779	773	769	757	763	753	768	778	744	794	777	780	758	747	747	739	761	794	744	771	737	769	754	764	772	738	768	774	753	783	757	791	768	745	749	760	752	734	763	2296.43976
770	758	736	762	758	743	769	776	754	760	761	742	754	773	726	769	789	754	764	768	747	738	745	750	741	732	783	781	763	742	765	763	763	762	768	771	725	709	730	735	763	750	742	785	773	761	737	734	790	763	785	755	769	752	750	773	775	771	764	785	769	730	745	750	764	766	761	759	777	734	726	741	739	772	773	745	744	776	780	758	745	756	760	775	788	772	786	761	750	770	772	766	770	767	753	766	2298.216875
748	733	738	756	745	774	750	743	736	754	750	752	790	746	752	748	769	768	762	761	774	779	773	786	769	750	759	765	749	735	757	759	769	745	779	757	696	722	715	755	755	753	740	733	770	767	752	756	748	764	764	778	737	763	755	750	765	753	758	767	767	755	738	732	732	761	780	777	796	746	717	725	781	746	774	746	762	725	771	749	775	782	759	733	763	794	743	749	735	747	766	743	758	764	741	769	2300.004282
769	761	753	737	744	763	766	759	776	754	744	728	744	757	744	752	770	792	758	715	762	745	743	749	771	762	763	750	753	754	757	754	753	751	781	766	721	717	706	769	754	726	747	775	747	737	720	740	780	777	798	761	769	760	770	751	744	765	754	786	742	740	762	774	758	768	763	781	740	737	712	745	754	773	754	748	762	764	779	748	745	759	760	740	760	751	770	763	782	786	768	794	752	747	781	756	2301.780184
755	736	729	755	763	739	746	732	766	757	765	761	782	758	774	776	763	761	755	772	762	759	747	745	776	774	745	778	740	750	756	786	746	751	775	774	721	707	714	709	751	751	743	764	776	762	730	736	772	757	750	729	762	733	768	749	739	744	762	749	753	745	756	752	765	737	737	740	772	725	735	731	770	748	751	788	755	742	746	759	766	756	760	732	779	776	771	779	762	758	759	728	748	749	759	748	2303.555482
752	721	753	753	760	740	750	758	732	767	786	772	746	743	761	755	731	757	772	761	742	779	744	759	773	754	761	734	757	760	776	744	756	758	756	752	710	704	734	712	749	760	744	741	765	723	739	743	747	773	772	748	720	733	755	760	735	762	741	729	736	735	724	733	734	775	765	751	739	738	732	728	746	748	736	757	736	745	744	764	739	731	734	735	759	778	775	765	770	754	749	749	751	761	756	761	2305.341061
750	751	755	746	748	766	744	734	746	752	752	754	764	722	739	737	758	752	775	782	744	746	760	747	765	746	773	737	747	760	767	758	741	764	738	761	736	722	714	743	744	746	736	766	769	773	740	746	748	804	761	756	755	751	758	750	740	753	750	774	770	735	728	743	754	748	749	778	776	722	703	725	780	726	742	737	727	737	751	747	723	719	738	748	768	756	766	752	754	766	782	746	760	749	746	741	2307.115148
729	758	757	728	748	752	761	747	747	744	740	771	755	725	771	733	773	766	760	775	746	724	774	752	755	757	748	745	745	739	738	761	733	738	740	744	693	716	734	759	757	751	730	752	728	749	728	723	752	748	740	743	722	757	742	743	755	748	742	732	780	758	741	763	732	751	751	762	793	729	715	726	745	754	710	748	745	752	773	723	757	745	777	742	763	716	761	770	745	759	794	744	748	749	739	758	2308.888631
706	738	748	738	733	751	749	719	738	727	733	768	747	750	755	764	752	760	743	764	745	767	763	750	732	751	750	722	741	744	735	755	746	706	723	757	700	700	695	717	734	747	757	743	756	735	755	742	766	741	751	727	743	734	746	759	744	723	732	756	748	739	726	759	748	730	766	763	754	727	734	746	745	728	754	749	733	765	757	740	744	736	746	755	756	762	769	751	749	765	752	738	769	747	751	755	2310.661512
731	736	729	697	735	754	728	719	745	764	737	757	737	736	725	746	749	754	727	744	734	753	747	718	764	743	749	759	745	770	725	741	719	737	755	728	694	712	686	759	718	723	766	741	765	744	727	737	755	759	757	742	740	733	751	728	712	781	770	760	770	746	757	757	729	781	748	778	727	727	701	717	735	728	734	729	755	734	753	748	725	753	723	706	739	747	775	766	743	771	715	753	726	727	756	745	2312.43379
725	736	748	764	750	712	743	751	741	743	759	727	751	747	748	741	756	747	750	769	733	725	748	742	756	714	747	748	749	754	742	740	764	743	763	742	706	697	702	722	755	751	743	737	763	727	716	727	722	743	757	754	723	724	748	757	761	747	738	753	762	734	769	755	704	716	751	746	764	715	724	713	733	746	735	735	747	751	735	763	763	740	736	745	779	762	773	737	737	752	743	771	761	734	747	744	2314.205465
747	728	714	746	752	760	749	745	737	747	747	741	758	744	732	752	740	741	734	766	724	756	772	754	740	748	750	754	747	745	738	730	742	757	740	724	690	718	709	742	705	718	749	761	778	723	748	725	751	772	730	728	755	729	758	737	785	747	735	766	712	755	718	723	722	731	759	734	733	710	698	733	734	731	739	750	744	737	743	723	744	740	761	764	771	763	747	747	755	749	726	766	738	742	734	754	2315.976539
741	735	733	701	751	763	742	733	739	732	766	730	751	728	779	735	748	775	748	721	725	775	743	738	751	722	758	750	732	746	757	726	726	732	734	732	698	709	706	731	750	714	774	727	752	722	723	717	756	748	755	734	749	744	736	704	755	712	749	724	753	747	748	751	737	759	731	761	748	725	710	702	757	758	727	746	739	776	738	754	726	774	749	742	744	740	755	745	770	757	747	748	777	731	727	753	2317.747011
719	723	754	736	748	739	739	733	749	732	737	741	753	712	749	730	751	750	742	744	747	763	747	735	754	723	741	732	722	705	746	716	752	742	745	729	684	695	687	733	753	716	727	748	748	712	716	695	766	729	756	715	751	722	728	758	735	753	759	752	732	733	759	753	741	748	758	749	763	743	714	729	711	738	718	734	719	742	762	750	726	717	738	728	748	775	742	749	746	772	739	733	776	743	749	763	2319.516882
720	730	712	734	721	761	732	752	737	716	742	723	742	723	743	740	750	733	734	725	736	748	706	742	756	727	758	759	754	736	732	726	726	753	737	733	712	698	685	765	714	741	740	767	726	708	727	737	760	745	741	747	739	758	731	734	737	745	753	725	742	736	733	747	740	753	733	760	744	711	684	737	701	744	745	745	732	745	731	736	766	749	756	747	730	750	752	769	764	750	716	729	739	734	733	747	2321.275298
735	731	724	728	748	754	732	765	745	749	736	749	739	749	722	759	729	740	752	745	740	742	760	742	758	749	716	743	745	740	767	749	727	732	743	741	693	703	710	727	735	728	768	762	722	756	726	726	748	721	737	741	737	739	702	728	737	749	745	763	747	707	747	733	740	759	739	757	752	693	729	688	738	736	736	767	760	722	744	745	739	749	742	760	754	756	743	761	731	768	760	733	739	753	739	743	2323.043971
732	740	737	742	745	720	745	739	743	742	749	739	744	714	743	756	741	772	745	758	732	762	757	748	742	760	749	752	728	756	741	761	739	709	764	758	713	735	710	716	742	733	737	755	722	737	735	740	744	736	733	741	738	729	732	764	731	777	749	734	771	730	736	737	726	744	760	744	768	718	710	725	749	735	760	736	741	747	728	736	720	754	742	745	731	751	734	747	798	737	751	745	747	739	764	732	2324.812043
734	742	751	723	713	740	744	749	744	754	742	736	741	738	714	732	745	743	765	779	738	755	739	730	746	752	728	726	755	720	745	716	770	752	738	732	692	704	693	728	727	759	760	753	732	719	716	713	733	770	735	737	739	745	736	743	744	726	731	741	736	739	752	710	766	726	736	755	734	733	708	722	748	747	737	737	742	737	736	745	740	734	742	752	757	772	747	774	767	755	717	739	763	763	761	744	2326.568673
738	729	738	720	761	730	738	732	768	770	771	777	734	744	732	737	742	749	746	738	760	748	743	747	746	762	741	730	741	778	748	758	753	765	750	768	689	693	693	756	727	773	753	743	740	726	723	739	735	758	761	750	747	739	759	744	741	767	755	757	733	743	741	741	733	735	762	781	755	713	703	723	758	732	737	730	744	764	733	763	739	743	739	747	727	757	741	738	757	749	742	744	771	771	752	742	2328.335549
764	731	733	755	743	731	725	755	739	727	757	728	742	732	707	743	759	774	753	754	749	743	733	740	761	768	757	741	727	738	766	754	744	743	745	745	731	707	705	762	736	740	745	758	733	736	742	750	774	764	748	727	747	767	753	756	748	741	747	740	767	742	737	729	759	759	769	748	753	731	695	696	742	727	707	723	741	735	765	751	730	752	762	731	768	746	771	758	771	749	749	748	782	751	734	765	2330.090991
742	744	729	760	726	740	770	731	751	744	742	734	718	761	724	736	744	775	744	763	742	744	750	748	769	785	761	744	767	767	748	746	738	728	749	741	708	704	700	728	725	758	756	732	767	713	717	726	732	767	762	751	760	736	725	759	726	750	764	745	743	720	749	753	742	752	753	736	755	727	735	734	765	741	765	756	727	723	746	762	759	775	733	738	759	748	729	734	740	762	743	740	764	744	758	763	2331.845841
730	727	753	742	735	743	755	738	743	744	740	760	734	740	729	768	744	739	746	771	753	725	732	748	735	761	756	742	736	763	739	738	773	734	740	744	693	696	698	738	735	720	750	740	745	764	705	728	748	743	748	761	744	738	730	705	748	734	730	758	739	748	740	741	729	761	753	751	754	726	719	709	715	732	737	755	738	740	741	736	717	750	751	753	764	740	728	734	729	758	766	749	753	741	731	732	2333.610926
734	760	726	733	732	747	709	749	747	743	723	747	747	738	747	736	761	753	747	723	753	720	768	753	729	742	748	764	760	744	726	739	723	763	740	774	715	678	694	781	755	730	737	741	717	744	741	752	733	773	751	742	742	741	738	749	741	718	746	755	719	751	727	747	728	731	743	734	716	706	702	712	724	748	738	714	749	728	718	761	728	734	760	751	757	752	745	759	768	733	731	766	734	761	775	767	2335.364589
706	713	744	732	746	731	747	749	706	735	731	726	717	747	735	739	759	729	757	753	749	733	747	749	758	733	725	774	716	760	733	716	731	720	764	725	708	702	715	743	734	754	761	730	733	712	685	720	751	722	751	732	736	722	735	745	716	729	732	764	730	734	755	737	729	741	755	765	748	721	702	701	731	719	723	748	725	718	730	741	737	728	733	748	756	747	774	745	735	750	743	719	734	729	735	736	2337.117662
747	716	751	741	719	739	742	766	721	738	740	747	751	740	732	731	760	734	736	724	752	724	735	722	729	747	728	732	756	729	736	710	738	773	752	743	712	698	682	725	754	736	732	734	766	752	725	720	737	778	732	723	738	729	725	717	729	728	770	741	729	748	759	724	744	746	732	731	754	732	714	715	770	732	733	748	726	733	757	738	759	741	726	748	750	765	747	742	764	764	757	761	725	720	739	768	2338.870143
714	749	751	755	757	717	724	745	737	754	738	748	758	751	728	725	742	761	758	747	756	733	732	736	735	752	736	725	746	723	737	728	741	730	734	747	690	688	671	730	747	743	768	738	748	726	720	714	744	743	735	731	726	734	740	715	714	741	727	728	756	721	734	777	722	729	749	738	740	728	727	711	741	737	722	715	751	738	752	767	725	724	759	740	736	749	723	774	768	741	744	727	735	730	739	720	2340.622034
709	727	722	741	736	726	723	737	727	746	748	732	719	735	725	731	701	738	734	758	745	741	723	757	725	744	743	715	729	726	722	736	731	735	743	723	684	675	684	746	729	702	727	720	751	735	727	723	735	740	748	720	709	742	748	741	730	725	734	716	729	707	727	727	725	724	746	740	758	702	704	671	728	733	704	726	717	732	724	721	746	739	712	716	731	734	751	751	729	731	740	729	751	731	736	728	2342.373336
746	742	726	715	750	759	737	725	727	732	715	749	721	724	745	745	747	727	732	711	743	715	701	725	730	733	720	756	719	701	733	736	731	735	742	742	671	692	703	737	730	721	717	756	725	725	737	720	749	720	731	706	718	723	737	754	731	738	732	710	739	723	746	725	717	725	739	752	766	704	708	712	728	726	737	718	714	719	740	709	717	728	715	749	727	738	709	781	737	759	741	760	730	711	703	723	2344.124047
719	734	699	728	742	720	723	715	735	720	732	720	728	775	730	712	735	717	738	730	729	730	736	740	748	738	756	729	716	743	733	728	724	704	740	703	690	677	689	713	725	716	747	748	756	704	725	717	731	734	731	724	726	731	734	708	705	767	714	715	730	736	707	722	774	727	750	737	745	704	695	709	700	720	715	734	750	713	720	703	730	716	748	767	728	734	753	757	723	758	708	714	724	724	746	730	2345.874169
724	687	745	719	701	737	740	728	721	737	718	732	706	701	728	705	752	730	725	718	750	727	739	706	734	732	733	720	755	732	741	746	728	734	730	704	668	699	696	724	730	721	715	725	713	716	734	721	733	741	735	723	698	719	706	730	701	730	752	732	734	748	701	728	703	710	716	727	730	705	697	679	736	708	726	722	696	698	739	717	742	726	702	736	730	748	712	738	746	726	731	746	727	715	727	717	2347.623701
731	698	693	731	731	752	728	736	693	730	713	720	748	731	714	726	727	732	707	737	717	732	737	740	720	740	727	726	703	729	724	726	747	723	718	733	685	685	668	697	732	714	710	709	716	717	693	717	739	741	728	729	722	696	720	720	721	752	730	714	718	730	714	712	737	751	739	746	763	697	708	698	742	719	705	727	710	723	713	703	713	709	728	738	733	724	762	694	731	740	716	726	731	711	714	724	2349.361851
730	713	724	730	727	725	720	733	719	722	738	740	720	730	703	733	705	734	719	726	718	738	769	745	714	730	723	726	695	721	715	730	706	710	717	706	682	677	686	739	738	714	713	708	705	736	712	718	720	748	721	706	718	683	744	717	717	716	736	724	729	690	732	735	723	708	744	734	754	671	704	696	730	715	716	702	745	745	721	698	725	731	734	743	730	730	722	734	735	754	725	720	729	750	730	735	2351.110209
698	710	700	710	711	721	717	721	718	702	703	724	716	725	733	735	715	701	736	744	771	740	718	713	754	749	702	728	709	727	742	738	722	709	709	735	698	693	680	715	736	733	734	716	726	716	710	709	736	718	752	747	724	700	713	716	712	728	722	726	713	710	722	718	752	753	709	725	719	687	694	703	730	727	722	737	704	772	739	709	738	743	720	737	738	736	759	730	747	754	733	726	745	740	715	717	2352.847193
733	740	726	743	718	743	712	738	738	721	723	740	727	722	721	729	749	748	721	722	697	700	702	732	721	718	725	713	723	711	737	728	725	726	707	727	683	696	686	709	718	731	723	724	720	719	726	714	718	721	736	710	749	716	730	727	705	708	716	746	722	761	735	737	717	722	755	731	735	709	723	708	725	723	727	737	720	733	712	743	738	721	739	731	738	741	734	727	753	738	741	713	727	718	724	720	2354.594379
721	706	754	742	707	718	709	722	722	737	717	719	705	725	716	759	742	733	724	737	735	740	700	722	718	721	738	709	724	705	726	749	732	726	737	737	687	678	674	711	720	708	726	739	739	710	712	729	733	751	746	753	715	739	722	738	729	713	744	709	722	731	723	759	718	716	733	733	742	732	724	719	726	721	729	727	693	722	729	724	728	726	704	717	739	740	724	731	718	712	734	727	747	756	743	729	2356.330197
721	725	738	707	710	713	739	743	734	750	721	719	740	702	736	708	740	733	746	743	738	722	726	731	741	716	737	732	748	724	700	749	737	715	737	716	693	682	704	722	713	696	732	725	736	714	708	721	757	715	732	726	714	713	738	733	726	754	754	732	736	704	732	715	730	698	764	721	748	690	706	704	726	727	702	737	732	704	729	733	743	724	738	722	747	725	726	720	740	724	722	716	719	750	752	753	2358.076211
717	735	730	715	742	712	703	727	711	732	730	734	700	698	716	727	727	763	737	739	736	745	733	744	729	724	736	719	731	727	730	726	745	739	706	757	666	692	672	712	706	716	731	725	721	735	719	696	748	764	728	705	716	722	735	714	729	723	758	713	707	714	711	710	741	722	732	738	764	708	727	704	719	709	725	725	728	723	746	735	727	715	728	741	745	752	737	738	741	734	744	732	736	696	742	734	2359.810866
717	735	709	722	743	736	717	742	736	729	723	738	728	724	729	718	733	725	708	741	728	735	738	760	746	736	744	739	745	742	706	737	732	768	727	735	697	714	679	695	743	739	720	745	741	736	720	750	749	758	752	736	692	693	721	727	712	711	733	741	722	702	701	752	735	738	733	744	730	718	699	680	708	747	716	739	719	722	705	708	733	711	761	721	767	737	716	763	722	738	745	738	704	737	707	724	2361.544941
712	716	724	723	723	738	751	722	724	759	741	742	730	714	720	736	752	732	739	740	729	722	728	718	728	720	719	722	744	723	724	763	737	739	746	746	688	702	691	723	737	709	721	693	728	737	702	714	740	734	733	719	730	723	736	728	702	767	721	742	741	719	729	725	711	739	739	751	738	707	678	712	732	724	714	728	747	707	715	763	723	743	739	735	720	746	721	753	721	739	731	765	738	721	739	736	2363.289202
733	708	737	723	744	722	739	760	722	712	715	748	729	723	719	740	732	735	729	742	757	754	743	730	714	756	736	743	725	725	726	768	711	746	707	727	669	705	690	735	719	748	715	721	713	708	701	735	741	761	750	754	737	730	724	710	701	742	756	745	723	722	719	708	709	721	721	726	733	709	702	732	724	745	727	694	736	713	726	718	750	702	708	735	729	747	729	737	750	728	742	749	736	730	755	711	2365.022115
728	744	713	735	742	721	732	742	735	723	738	739	708	731	721	724	718	763	755	725	740	743	725	752	713	727	719	734	735	725	725	742	765	735	728	722	706	688	667	720	727	744	729	717	751	702	717	712	729	729	714	725	705	723	714	715	734	735	741	744	720	736	707	721	752	737	740	753	724	710	709	699	731	728	721	738	702	719	726	739	720	765	713	731	741	725	744	731	759	737	715	752	745	708	724	722	2366.75445
715	722	697	725	719	729	731	725	724	719	745	711	708	739	738	756	738	713	728	736	724	732	724	730	750	716	742	727	723	726	746	734	719	728	724	733	667	686	671	684	721	734	740	722	729	736	713	696	731	732	731	702	704	706	706	725	690	721	732	727	725	719	708	735	739	734	739	732	717	718	707	693	714	718	738	740	716	715	714	733	723	728	727	713	730	742	745	726	730	716	741	720	753	745	733	749	2368.486206
696	714	701	736	731	726	746	734	706	733	727	723	731	697	711	739	728	724	722	723	722	708	724	716	711	739	740	748	729	713	733	710	731	720	711	744	680	676	680	724	701	724	716	707	719	707	718	719	725	727	745	738	736	713	693	736	725	718	729	733	715	721	708	692	720	702	746	716	721	701	670	686	710	727	718	708	731	724	712	726	726	734	713	722	735	737	741	730	726	746	742	726	729	710	742	746	2370.217383
710	696	749	710	719	735	713	749	724	723	723	726	728	718	715	716	731	711	716	711	729	726	747	707	725	695	732	724	724	700	732	711	724	711	723	728	703	683	682	720	703	730	739	702	702	702	713	720	755	723	733	748	746	724	720	721	714	713	727	720	711	712	711	718	731	722	737	722	719	696	701	689	723	757	736	731	732	709	741	739	723	725	719	706	733	725	726	706	733	726	727	737	749	726	711	700	2371.947983
731	708	720	720	733	710	740	710	720	733	727	748	720	733	690	736	698	731	717	719	714	725	699	722	748	719	707	730	733	733	714	740	714	729	722	718	676	692	668	708	721	740	712	709	705	694	709	712	718	711	738	716	707	708	728	719	726	724	745	732	696	696	720	707	735	721	721	731	728	701	695	706	730	734	706	725	722	724	709	719	707	724	730	700	717	736	701	716	709	729	721	739	710	730	729	713	2373.678005
724	721	717	710	730	729	719	716	711	705	722	712	694	688	719	716	717	724	703	713	714	730	733	735	719	727	724	715	738	726	720	722	746	710	722	717	667	704	695	703	711	724	720	715	710	706	690	705	720	718	710	724	717	697	705	724	700	694	695	709	701	724	716	714	690	703	725	728	724	695	694	685	718	719	713	718	729	720	716	716	706	708	709	708	702	716	738	747	734	735	714	696	720	721	701	706	2375.39671
701	686	710	692	732	728	731	708	686	697	726	738	707	680	727	737	712	721	727	708	717	691	714	721	705	753	703	713	716	742	699	710	700	714	696	713	689	664	668	707	729	728	703	722	706	722	698	685	721	745	718	697	723	706	723	732	702	706	723	701	706	701	693	726	717	717	717	723	736	694	685	698	716	696	702	703	721	725	734	713	712	733	688	739	708	726	724	719	710	717	717	712	733	692	706	713	2377.125581
689	707	716	707	687	717	687	701	731	721	725	718	690	709	736	707	719	710	706	717	716	721	707	715	708	710	694	701	731	732	713	714	705	740	717	696	687	671	655	713	728	715	700	735	705	715	705	690	720	719	715	700	680	727	718	703	721	719	714	755	696	702	705	699	715	691	738	702	721	697	689	689	715	701	695	701	696	702	702	722	735	708	713	725	735	700	731	707	734	712	690	709	712	718	744	706	2378.853876
699	717	719	698	704	683	708	707	680	723	719	695	709	697	714	714	723	715	693	701	714	706	737	688	727	689	723	717	719	735	714	719	726	715	711	706	671	642	659	699	704	696	679	702	721	706	686	695	700	708	736	692	720	702	722	695	731	717	714	716	714	707	716	712	713	715	699	729	696	693	691	681	699	696	699	686	718	700	729	713	712	705	713	687	714	730	725	715	718	722	722	716	715	699	730	716	2380.570865
691	693	714	707	716	713	702	694	733	704	714	720	678	708	712	686	714	693	731	703	706	719	698	707	696	710	701	714	734	706	722	732	716	710	711	709	673	655	692	718	708	705	707	725	702	684	699	664	721	738	708	706	735	713	731	691	700	698	715	695	722	707	685	699	717	722	700	701	695	679	682	695	694	714	705	711	736	723	739	706	714	703	696	712	729	718	722	706	722	715	739	706	716	710	724	728	2382.298011
711	716	704	729	717	748	722	726	708	702	704	701	700	716	712	705	718	707	706	699	704	697	717	730	704	714	694	720	709	701	732	719	668	701	720	721	683	680	653	710	702	724	695	692	716	717	698	725	712	710	713	686	693	721	705	701	688	706	707	721	685	718	698	697	711	717	705	727	719	682	686	687	696	714	695	678	714	738	717	717	715	714	716	712	713	721	709	713	717	715	720	712	696	739	690	723	2384.013858
711	701	702	689	694	713	697	709	683	710	701	684	719	704	702	727	732	713	708	689	684	708	696	707	711	704	701	729	712	697	717	716	710	681	712	713	695	656	659	719	695	704	725	716	700	680	683	705	706	724	712	706	682	703	705	693	708	719	717	660	698	716	726	719	701	692	715	719	715	691	671	680	724	724	696	703	705	693	716	682	715	705	712	712	705	690	684	729	714	701	706	709	716	713	706	725	2385.739856
686	720	703	711	711	704	717	713	706	725	703	713	719	701	712	700	701	708	716	726	703	694	726	703	727	735	740	725	705	727	729	701	719	679	714	710	646	675	671	689	701	688	693	707	711	696	697	727	718	703	696	718	703	710	704	691	682	707	703	697	695	702	677	725	708	716	731	721	718	673	710	684	718	733	721	695	703	709	725	708	703	696	701	715	705	722	692	703	700	717	699	734	722	696	701	696	2387.454563
677	705	700	693	697	710	710	701	730	683	725	731	698	725	727	698	717	701	725	719	722	699	709	708	732	710	706	684	712	720	738	732	748	719	697	693	672	669	673	709	711	710	723	709	693	680	681	712	697	722	737	696	709	725	699	680	696	698	717	695	682	720	703	699	696	724	721	724	718	695	699	702	717	727	694	704	710	717	720	702	727	683	719	699	728	716	717	703	734	703	687	733	713	696	695	698	2389.168703
724	715	729	703	702	713	713	705	712	708	702	716	730	706	713	701	712	708	726	705	697	708	695	721	688	719	706	703	724	702	690	705	726	706	711	706	667	691	699	709	703	691	699	703	709	721	699	707	716	716	741	714	706	706	717	714	710	694	726	725	711	698	707	720	705	724	721	705	724	688	690	685	727	698	694	697	724	679	714	718	708	726	703	731	736	738	706	718	719	717	720	721	703	724	712	686	2390.882275
727	727	713	716	719	713	714	718	717	704	710	728	704	707	707	720	715	704	708	704	742	728	704	702	740	725	701	720	706	730	727	716	714	701	713	726	674	656	661	696	686	701	714	736	694	682	716	695	709	737	730	724	696	691	711	720	705	720	699	696	710	727	730	728	710	725	717	715	717	729	684	696	712	703	703	722	719	745	707	711	697	705	736	717	744	701	708	726	737	719	712	713	693	730	720	712	2392.605984
707	698	722	719	698	689	716	727	718	733	729	713	709	691	721	720	703	710	723	713	729	716	740	690	715	704	703	726	692	718	707	723	712	705	715	718	657	659	669	715	722	716	717	739	736	711	689	685	707	699	725	699	720	687	702	687	700	697	711	707	730	686	710	724	707	706	707	713	718	698	676	714	720	716	724	710	683	718	716	717	718	701	697	709	711	732	691	723	728	709	700	740	706	706	713	717	2394.318418
720	707	685	717	708	721	714	741	707	721	706	713	703	715	712	731	700	733	692	689	695	705	705	722	705	717	704	691	710	723	723	726	715	710	737	696	686	672	671	686	714	693	704	708	689	694	720	723	702	720	694	690	704	710	713	711	703	700	710	711	701	713	691	688	699	705	721	714	724	712	674	707	716	685	708	691	715	708	749	692	718	741	714	733	728	712	731	724	707	694	710	704	694	702	717	712	2396.030285
693	692	701	716	703	720	698	733	700	733	716	705	700	691	689	739	730	724	720	734	713	718	718	723	688	714	702	719	710	687	712	697	689	725	700	727	688	641	677	708	724	687	703	706	722	691	698	694	703	705	703	719	706	727	688	722	707	711	726	710	738	716	719	723	708	728	725	728	705	678	714	664	712	717	694	701	707	691	711	732	709	676	701	694	718	713	708	700	679	717	698	731	733	712	685	724	2397.741585
718	717	711	706	730	716	724	732	729	716	720	728	702	706	694	700	700	716	689	708	709	710	702	693	711	704	708	714	713	714	723	701	694	699	724	706	660	679	674	702	696	700	722	693	710	701	705	699	725	702	738	714	700	698	711	707	703	733	711	690	713	725	697	723	712	712	717	728	728	688	697	693	710	691	705	719	702	709	711	712	708	714	706	697	726	714	726	715	719	700	706	722	721	706	715	702	2399.45232
694	705	734	722	712	718	720	715	686	692	730	699	690	703	698	704	744	693	696	707	709	741	708	719	711	702	699	718	703	713	723	706	737	713	714	701	667	680	665	721	686	691	728	698	700	664	694	705	729	733	718	725	702	717	693	708	707	731	709	693	683	688	710	714	696	680	743	698	714	666	677	672	695	721	699	701	699	701	730	702	695	708	699	704	733	703	697	714	721	719	728	733	693	734	711	713	2401.151802
710	679	697	729	715	711	675	719	694	720	701	705	692	692	694	712	727	701	699	705	723	727	718	715	689	683	714	695	701	702	702	713	668	717	703	718	669	658	668	702	701	707	723	697	694	690	688	684	706	719	702	713	704	691	702	713	689	703	701	709	704	686	716	715	704	692	720	707	698	687	671	695	679	704	698	706	705	716	720	705	702	711	682	680	703	730	709	721	693	722	701	720	720	691	727	696	2402.861408
708	701	727	719	705	699	696	721	696	705	710	710	698	713	692	727	685	707	686	708	700	672	719	699	718	682	717	703	709	677	710	681	708	693	719	713	647	651	679	694	693	721	694	712	721	673	689	685	715	716	719	710	705	718	691	717	707	719	701	662	714	672	700	699	690	697	687	705	709	685	673	663	686	713	718	700	662	712	688	714	704	708	688	723	697	698	727	724	719	715	688	705	720	702	702	687	2404.570449
693	715	687	684	697	696	706	724	709	725	696	690	704	707	673	710	719	733	689	710	689	706	696	694	689	686	702	686	706	704	716	724	684	707	712	711	656	660	691	688	699	677	675	695	684	649	701	690	709	721	726	684	710	696	701	717	693	709	705	700	695	690	699	703	695	683	695	700	732	654	678	698	687	706	671	681	704	700	700	683	687	692	717	681	715	712	732	717	726	720	698	695	716	714	687	707	2406.278925
706	687	695	703	688	711	681	694	711	708	712	690	687	703	694	693	727	691	680	711	678	700	719	699	714	699	698	711	695	715	709	685	727	686	667	688	677	644	644	667	700	690	701	702	699	694	683	701	701	677	723	705	705	693	693	679	705	725	684	691	689	698	685	692	712	721	693	722	702	683	669	667	681	692	673	693	705	699	713	693	687	685	702	702	703	701	709	695	704	699	696	719	716	726	710	698	2407.976164
708	661	707	699	701	701	690	702	691	697	695	692	706	701	690	696	703	707	699	699	691	693	682	702	708	722	685	708	708	703	730	692	712	709	716	695	672	644	673	697	698	690	724	693	698	684	674	681	697	720	716	703	699	683	677	695	679	700	691	700	674	710	678	704	692	691	723	708	700	693	669	689	691	695	715	709	711	696	689	675	721	722	700	697	702	715	699	694	704	710	716	695	704	688	692	682	2409.683514
697	695	691	699	696	702	689	702	707	714	705	707	681	664	673	690	690	685	691	697	724	690	711	702	698	685	686	698	711	705	684	699	716	702	691	703	671	647	672	702	707	709	696	715	691	688	694	667	701	689	697	709	698	692	699	684	690	687	713	717	693	702	684	717	716	702	709	700	691	686	661	660	681	686	698	712	689	689	687	711	677	683	700	722	713	721	672	710	717	706	705	687	701	708	691	711	2411.379634
691	694	670	683	695	685	688	703	724	713	698	696	703	723	702	708	713	707	706	692	708	699	699	685	710	703	686	679	718	694	716	680	709	703	715	705	662	644	654	710	700	703	676	728	703	697	689	681	700	694	710	683	708	693	694	704	685	671	682	698	699	671	690	688	712	732	711	698	735	677	691	690	679	693	707	708	710	691	695	708	710	716	719	682	703	701	721	715	687	693	697	693	696	715	682	690	2413.08586
720	695	696	710	693	722	705	720	682	701	710	688	692	696	703	686	705	708	694	699	710	703	705	710	713	705	710	712	686	699	704	706	708	704	682	673	669	675	680	698	696	702	689	706	695	692	702	703	711	737	718	703	707	688	697	700	693	707	694	693	684	690	683	707	706	718	676	726	700	686	689	680	693	686	707	728	711	719	721	718	697	698	708	701	704	694	718	699	707	708	711	709	720	710	689	688	2414.780863
715	714	684	699	684	678	693	705	693	695	706	731	700	722	689	702	704	715	699	693	658	715	699	699	711	690	721	703	700	689	723	728	699	716	723	690	674	678	658	727	700	677	683	693	697	700	682	673	696	722	722	684	719	693	709	709	699	698	707	706	683	716	723	684	685	704	694	699	700	679	658	682	674	683	693	721	699	695	710	707	683	711	688	688	714	720	712	716	704	674	723	687	711	692	707	700	2416.47531
700	693	696	714	708	693	702	700	705	699	712	685	679	684	674	704	718	678	709	719	698	698	712	665	703	702	709	690	705	707	704	698	696	684	702	660	653	681	649	706	710	722	694	687	696	688	697	709	691	697	704	685	719	708	699	676	692	700	697	715	700	683	702	704	702	694	693	708	696	688	664	666	697	682	677	694	704	707	679	690	721	704	690	715	712	699	701	707	702	737	679	690	720	719	683	697	2418.169201
673	686	712	709	688	719	695	688	690	726	697	702	697	697	726	702	706	720	697	699	710	681	692	716	721	706	713	724	701	710	688	682	699	710	684	696	646	672	644	694	679	700	716	684	685	685	664	697	701	697	713	692	685	697	695	696	714	706	705	712	678	698	716	698	713	702	682	709	689	656	651	663	693	698	682	702	687	700	712	707	696	696	707	687	710	715	705	719	714	716	717	708	691	693	728	714	2419.873184
701	696	701	706	702	709	680	709	717	697	712	711	701	694	708	734	727	688	672	722	722	721	683	707	682	716	701	704	709	704	704	716	713	716	689	687	656	673	666	697	696	712	737	707	725	688	698	686	709	714	692	723	694	684	725	682	702	702	718	718	722	701	703	716	704	681	735	694	694	672	663	699	680	702	711	706	697	678	705	730	703	721	719	697	715	705	709	714	690	702	695	706	707	716	696	721	2421.565959
697	712	691	717	673	701	701	704	698	707	705	693	701	689	693	684	711	726	699	705	710	694	719	706	708	700	692	722	701	713	705	702	690	702	709	710	677	655	662	705	718	717	709	688	690	677	699	701	708	703	703	706	691	718	708	691	714	703	685	709	705	723	702	701	699	718	711	694	730	667	671	682	689	705	686	702	684	702	709	716	708	703	679	711	715	710	706	684	687	684	691	711	708	713	708	693	2423.25818
709	708	718	705	698	705	709	691	702	716	701	728	709	686	733	715	697	720	711	717	714	721	703	713	742	691	707	717	709	703	692	708	695	723	724	690	659	656	664	711	694	682	709	717	699	680	691	688	720	697	725	681	718	677	717	701	684	705	721	684	705	706	716	694	691	690	712	723	709	702	679	676	703	690	687	683	728	714	710	711	720	700	694	703	728	709	715	688	701	719	694	716	715	704	713	719	2424.949845
709	697	707	702	702	692	711	692	691	689	700	696	696	701	708	696	715	699	699	704	715	700	707	703	709	698	679	697	686	693	687	695	717	688	713	726	687	639	667	690	696	692	694	698	704	675	685	692	713	753	707	686	699	696	692	712	668	717	691	696	693	686	691	732	697	713	698	729	700	673	685	698	706	709	726	698	690	714	713	686	725	694	694	692	708	695	706	696	701	714	728	687	710	703	716	693	2426.640956
708	697	713	691	697	711	719	715	719	702	690	706	687	683	701	720	707	716	715	713	719	707	712	699	684	697	711	693	718	698	706	698	703	700	713	698	656	671	669	703	700	715	699	715	682	693	699	671	736	723	731	692	695	683	690	694	692	694	704	707	692	720	700	710	714	705	705	681	711	665	700	664	711	692	712	697	724	690	697	701	696	682	697	700	697	718	708	710	726	717	706	725	710	695	698	714	2428.320882
689	687	699	699	688	697	730	679	711	716	695	693	670	711	702	677	715	704	708	715	699	711	693	718	697	693	711	694	717	717	697	690	694	658	703	700	637	663	658	711	704	695	690	701	696	702	686	675	720	706	713	725	707	664	695	691	702	689	717	711	691	701	700	693	695	681	706	707	709	694	691	700	693	719	700	692	702	679	695	685	703	695	698	694	705	698	677	699	683	703	722	709	698	690	715	705	2430.010887
699	699	677	689	714	702	683	699	708	722	686	710	696	698	708	706	729	711	711	717	713	693	696	688	713	694	681	685	703	687	727	714	702	696	692	722	660	656	677	694	679	715	714	695	692	697	677	670	699	683	728	696	699	688	734	707	704	694	712	703	695	699	697	708	682	688	704	700	710	672	665	687	706	679	710	695	715	727	711	695	695	665	682	699	692	681	734	699	722	707	705	724	742	701	691	690	2431.700339
692	702	679	672	671	686	710	715	670	704	711	676	697	689	672	707	700	670	661	707	676	693	686	695	683	727	713	707	695	687	708	693	694	690	664	713	649	672	655	667	676	695	663	708	702	679	677	680	714	724	701	670	689	717	695	679	683	717	677	694	703	690	705	685	683	701	706	700	702	695	685	676	685	708	676	668	683	697	703	687	705	687	684	685	733	745	699	707	706	711	684	700	692	700	681	713	2433.389237
706	698	673	713	709	707	698	687	682	687	703	706	699	675	699	720	706	701	689	673	687	714	676	715	703	694	708	703	702	693	706	703	706	680	698	694	644	670	669	685	686	676	712	688	699	672	700	690	704	689	719	687	713	667	688	690	691	689	658	719	670	687	686	689	685	679	690	698	709	662	672	680	669	696	699	681	693	680	711	672	694	710	686	699	700	694	697	696	720	704	702	714	704	703	694	675	2435.066965
685	676	685	685	693	699	702	663	701	692	688	699	692	686	682	701	682	704	697	690	684	691	691	669	707	677	687	715	700	689	694	700	696	687	693	696	648	637	654	690	689	681	686	699	668	676	676	669	687	701	692	679	675	673	663	690	696	712	663	684	688	681	686	695	686	694	690	705	695	660	667	686	705	682	688	693	678	678	700	701	654	675	675	691	698	696	680	702	731	703	720	684	681	710	705	691	2436.75476
673	683	697	704	686	689	677	680	684	675	688	685	666	695	699	687	685	708	680	684	710	686	677	687	684	693	674	704	677	694	691	698	662	687	670	700	647	662	678	670	702	678	695	686	683	674	677	683	697	707	667	688	671	700	710	683	691	711	698	692	669	699	673	691	689	691	691	688	675	679	668	699	666	661	681	672	691	689	686	679	688	693	676	701	689	698	699	691	703	690	698	710	685	670	697	705	2438.431392
675	692	696	677	678	691	693	680	701	696	715	696	697	686	699	698	698	697	689	692	673	686	703	697	671	685	699	672	672	686	677	688	702	702	687	699	659	655	687	678	694	675	693	680	694	691	688	665	691	670	709	674	672	677	688	687	666	696	710	689	678	686	678	699	702	704	688	663	693	659	664	664	712	690	679	718	690	683	686	692	714	695	690	712	676	697	682	678	703	700	688	696	693	705	684	684	2440.118085
682	685	699	688	653	690	703	688	676	686	687	681	697	692	675	697	686	693	704	670	687	684	700	695	692	699	695	687	701	707	695	662	705	693	706	683	671	674	659	677	686	687	700	682	713	677	676	673	707	688	691	701	698	693	686	676	706	701	696	706	657	692	668	678	685	696	689	694	690	675	662	679	709	702	707	693	690	691	693	702	680	672	695	673	708	691	683	662	690	676	684	688	699	688	697	683	2441.793623
677	701	678	673	694	683	690	715	688	688	708	709	695	661	686	683	679	692	680	694	714	694	684	701	662	696	694	676	678	687	701	693	686	680	695	692	672	674	661	694	685	702	684	686	698	698	689	674	703	702	681	679	710	700	681	712	690	666	691	691	680	684	693	686	713	687	694	695	705	684	684	657	705	698	685	691	709	694	701	685	696	679	688	669	709	695	714	718	690	706	700	684	683	685	712	693	2443.468615
674	687	680	675	699	714	695	685	712	679	699	691	694	697	711	710	670	697	692	694	691	681	657	702	706	686	671	700	699	694	682	683	703	694	705	703	666	671	654	693	678	695	673	689	714	678	684	672	694	703	697	705	682	683	692	677	666	702	679	725	694	689	682	698	683	675	658	685	696	661	691	682	674	695	681	691	685	668	687	698	680	698	672	673	692	710	706	692	684	695	705	680	697	703	681	700	2445.143063
685	679	679	674	708	683	697	699	711	708	680	711	696	709	677	688	700	686	696	704	689	682	682	685	703	699	686	699	708	697	696	704	675	674	689	683	669	646	640	677	658	670	699	682	693	679	684	676	682	702	707	686	697	699	690	682	697	698	707	684	675	684	668	682	712	685	697	682	715	669	673	677	701	686	714	694	686	686	704	686	696	707	707	687	702	685	675	685	708	682	713	693	690	685	705	702	2446.827559
700	685	676	693	695	698	678	688	694	691	696	687	668	722	705	711	722	686	678	704	691	691	701	696	688	682	703	731	706	705	685	681	696	693	727	672	665	648	675	696	696	683	688	697	689	679	684	669	686	700	696	690	691	707	704	707	695	710	694	692	691	682	700	685	694	688	690	704	694	682	664	688	685	694	709	699	699	701	670	693	678	717	695	659	690	684	684	711	716	698	696	683	694	700	680	669	2448.500915
687	697	691	694	708	686	717	710	669	712	673	691	681	657	711	687	708	668	664	691	675	694	700	698	688	712	675	673	686	679	715	719	686	694	693	720	639	676	650	671	704	675	686	710	717	679	661	694	692	719	710	690	684	681	688	696	699	724	695	704	689	708	668	674	698	690	680	701	690	676	665	695	692	694	694	683	663	700	706	708	698	685	691	690	693	706	686	707	698	702	691	704	690	696	696	694	2450.173726
681	700	671	707	689	702	696	678	692	690	686	686	690	697	679	710	682	706	686	688	698	715	678	712	696	684	655	689	685	718	716	709	694	681	678	712	654	628	652	681	695	692	712	683	686	671	697	675	697	692	707	689	666	694	685	704	708	709	701	710	665	702	671	669	683	704	680	720	684	658	658	668	681	701	687	701	669	698	685	697	684	697	707	696	699	691	706	714	688	679	715	680	692	691	703	705	2451.845994
699	698	696	700	728	657	694	714	700	679	685	693	685	683	683	677	684	698	703	714	679	709	689	713	688	685	694	695	698	691	666	705	696	674	717	685	651	669	619	660	675	701	679	688	692	690	666	681	718	706	711	676	690	700	704	661	687	682	679	681	701	695	693	691	685	686	676	705	708	678	683	683	683	684	691	687	679	703	670	703	696	695	696	682	705	716	695	666	687	680	723	728	677	705	689	691	2453.517718
685	701	697	689	701	679	715	700	714	698	698	698	694	686	698	678	686	688	680	720	708	715	692	696	677	707	685	717	693	671	697	685	673	694	696	707	657	665	650	705	666	682	696	709	698	671	674	692	715	675	693	697	671	698	682	711	682	676	684	704	701	706	688	711	699	705	699	693	707	687	669	668	701	702	708	678	689	674	683	701	673	708	679	692	719	679	677	713	704	705	707	721	703	729	689	679	2455.178323
677	693	671	697	685	686	680	713	694	691	677	727	691	700	711	697	678	688	715	698	689	704	706	692	700	697	698	702	696	691	686	692	703	698	693	689	647	647	644	703	697	689	670	709	708	714	679	684	719	705	707	703	687	705	688	705	693	704	705	695	698	703	689	711	698	732	698	700	684	669	683	670	693	681	697	692	682	697	689	673	696	685	698	667	688	703	664	688	698	711	706	702	699	689	689	706	2456.848965
673	695	664	709	678	699	681	693	703	696	677	682	675	694	705	679	694	690	673	687	707	690	719	703	727	699	731	700	697	690	706	670	691	677	718	694	649	668	656	685	662	693	693	706	698	670	676	699	697	711	711	702	694	689	704	683	702	691	666	697	672	678	688	687	702	691	710	681	715	689	681	667	724	698	669	691	660	694	683	681	696	730	675	672	688	710	701	722	693	689	695	674	686	673	697	719	2458.519063
703	656	697	688	690	691	693	676	695	714	687	687	658	699	714	698	681	702	706	685	697	702	657	660	678	703	697	679	696	702	679	695	692	678	674	675	637	661	637	686	694	680	683	670	687	674	679	696	719	721	717	686	675	686	693	662	660	680	692	710	672	683	684	705	678	690	699	692	694	662	665	687	674	701	695	683	688	709	706	706	712	678	696	706	700	710	710	672	704	702	694	697	697	683	697	703	2460.18862
684	702	693	699	703	718	689	699	693	710	697	707	688	702	686	695	697	700	720	727	718	682	700	684	688	676	696	698	701	695	700	684	700	681	702	699	643	665	661	709	700	676	714	722	715	687	698	681	712	692	702	663	694	707	686	691	690	686	695	684	682	691	678	703	699	690	712	722	683	667	678	671	711	700	694	696	676	689	698	681	687	701	685	713	708	702	709	674	729	691	701	712	708	689	707	683	2461.847072
702	695	683	682	688	707	678	693	703	696	709	709	677	691	682	695	695	693	697	690	716	700	682	693	713	701	698	680	700	696	700	693	685	680	671	703	663	662	632	681	707	684	686	695	708	666	710	662	690	711	679	690	705	670	686	681	698	691	705	705	682	711	677	692	692	682	700	674	706	659	666	675	682	696	677	707	711	690	680	685	708	691	701	689	701	691	684	709	700	700	687	684	699	699	681	715	2463.515547
680	677	691	677	719	683	711	669	672	691	687	700	684	679	705	697	696	689	676	673	683	709	685	693	685	688	672	697	694	698	713	700	715	681	687	691	636	636	639	682	684	695	679	690	685	692	699	690	701	694	665	671	677	680	699	696	694	708	682	679	705	707	683	684	684	707	697	698	705	668	662	685	695	711	675	677	681	686	692	701	697	671	663	683	677	676	681	708	687	717	702	692	707	687	710	693	2465.172926
676	690	690	684	697	697	685	667	664	683	690	689	690	651	689	705	685	691	685	653	690	696	678	696	705	698	688	682	697	679	680	705	661	689	689	686	646	651	673	677	686	676	685	712	694	690	649	650	692	683	704	697	677	687	688	680	686	686	671	707	681	714	660	685	696	689	699	694	706	678	668	639	694	673	683	678	686	695	683	680	669	695	689	699	715	710	700	685	712	697	706	685	715	677	679	692	2466.840322
680	682	683	697	654	679	681	693	701	683	702	687	661	680	675	700	686	675	698	684	717	682	671	678	702	681	700	695	669	700	692	727	688	683	691	709	643	657	646	676	686	699	688	686	693	689	675	682	682	706	669	680	677	685	685	678	699	670	680	696	691	697	687	686	685	684	684	696	708	656	669	670	662	700	697	688	690	674	689	677	669	683	687	682	706	681	678	700	694	695	686	694	701	704	654	690	2468.496629
663	668	683	690	704	677	679	650	671	689	690	673	678	687	656	680	715	681	669	688	682	663	674	696	681	686	692	672	679	669	683	692	690	649	682	684	652	639	654	667	676	667	684	662	693	672	678	692	683	709	711	674	678	683	680	686	680	688	696	689	678	679	701	713	696	673	688	672	686	663	646	668	691	646	682	698	681	677	675	680	668	666	672	686	693	664	704	686	690	692	693	680	675	681	683	720	2470.152401
671	677	675	680	683	671	686	684	689	679	679	702	676	692	682	698	694	681	687	697	655	696	679	677	680	684	680	681	676	698	674	665	697	679	660	680	648	636	643	667	682	666	685	683	678	682	673	670	690	683	667	673	685	675	684	647	672	679	686	689	664	671	656	686	694	688	676	684	695	647	650	655	687	676	677	666	662	672	679	680	676	704	649	660	682	663	679	686	654	681	684	681	676	682	685	674	2471.818182
681	679	668	686	684	682	695	686	680	670	678	673	675	673	673	662	688	688	657	672	685	669	682	699	701	677	670	660	674	683	682	705	662	669	671	671	640	647	655	653	676	724	682	680	669	676	674	680	697	679	670	676	667	667	693	687	658	682	668	693	701	682	686	681	687	668	669	683	669	672	653	676	690	688	683	683	677	675	690	667	678	672	665	685	676	685	689	673	695	705	676	682	693	684	690	700	2473.472883
674	701	675	678	691	685	675	685	679	676	682	679	682	657	699	674	673	692	679	664	676	690	700	697	668	663	680	703	690	660	683	671	689	710	685	670	641	642	657	663	700	683	688	678	680	658	666	663	711	687	674	698	668	692	701	665	665	662	695	686	691	659	695	679	652	670	695	688	680	669	655	659	662	679	677	673	664	681	687	658	694	678	656	678	694	710	698	677	675	695	709	701	697	680	666	692	2475.127052
676	670	680	673	659	700	693	688	671	670	680	674	675	661	674	699	685	687	678	693	685	682	687	703	673	690	668	665	669	685	706	669	679	693	667	681	651	650	659	673	680	666	689	661	681	665	674	659	688	711	688	674	689	678	674	651	656	683	675	685	696	670	668	694	671	665	691	679	689	649	637	670	670	694	660	678	670	679	674	685	684	701	657	671	704	711	699	690	676	672	684	694	692	684	667	671	2476.780688
671	672	684	667	676	677	678	688	688	695	675	682	657	688	703	683	686	686	703	670	686	681	678	682	686	677	680	687	662	673	714	675	704	674	691	683	647	684	655	688	690	693	687	675	686	680	668	689	711	702	693	657	680	701	682	700	655	688	686	676	700	670	701	678	680	699	713	687	688	667	657	673	659	705	704	683	693	701	690	701	671	678	670	685	693	698	687	706	680	688	674	705	664	687	695	709	2478.43379
684	686	679	694	678	712	706	708	686	683	677	666	678	681	687	684	674	684	689	677	678	688	678	695	684	690	684	679	658	683	679	720	688	701	684	699	675	642	657	663	685	699	680	693	693	676	677	646	693	703	702	671	668	681	694	688	690	679	688	688	674	693	681	694	671	700	695	689	696	666	654	678	699	680	685	694	661	693	665	711	668	696	693	690	688	688	680	729	714	698	703	712	690	689	679	669	2480.086361
688	678	704	680	698	679	697	709	708	686	693	685	685	690	683	710	697	686	691	662	697	669	690	686	689	674	672	732	691	686	680	669	702	686	704	695	668	668	661	692	664	695	696	663	696	661	695	667	722	701	688	679	692	682	691	677	687	663	712	690	675	679	704	675	697	691	698	685	700	676	661	672	675	693	693	687	685	674	681	686	690	725	679	695	672	672	688	710	684	689	691	715	708	686	688	693	2481.738399
683	699	657	681	698	685	690	670	692	695	704	672	657	672	688	682	679	693	680	685	692	693	701	697	669	671	671	701	705	687	705	684	712	676	665	703	664	657	666	661	702	692	679	693	698	677	694	689	685	697	692	679	684	701	673	671	703	690	699	689	673	681	682	679	708	718	675	688	688	662	664	654	698	701	692	667	671	691	687	686	685	677	671	686	688	702	689	702	682	715	690	694	704	693	669	688	2483.389905
672	713	695	664	686	692	680	690	681	692	703	672	677	700	693	701	714	721	698	689	679	674	668	696	696	674	698	669	672	696	679	693	696	684	689	688	647	658	661	669	699	682	721	683	683	674	692	669	704	730	697	675	685	667	682	700	679	711	691	713	669	694	683	684	677	697	682	707	678	666	666	678	701	682	703	702	668	688	695	688	692	683	704	689	713	695	714	692	707	693	708	701	704	713	686	680	2485.030365
675	691	692	705	682	674	709	687	686	680	710	685	684	670	694	670	685	691	685	676	666	689	697	689	679	690	685	690	704	691	678	682	702	681	708	711	656	669	640	683	685	696	689	683	691	675	694	684	685	694	686	686	681	696	672	674	680	688	686	679	695	670	688	688	677	702	685	691	703	657	648	670	690	694	696	681	689	681	691	705	689	690	676	679	697	697	707	686	715	686	692	695	715	679	703	674	2486.680811
676	678	689	695	680	701	687	717	688	693	687	693	667	673	672	674	660	676	682	680	689	690	676	700	686	675	691	670	695	669	677	663	703	693	678	667	653	636	649	682	667	680	682	688	696	670	669	686	684	700	706	680	682	678	667	665	690	685	673	691	675	685	671	694	691	685	702	668	692	673	648	663	699	688	693	677	689	690	691	689	676	694	687	691	689	706	684	687	702	681	671	701	687	689	674	695	2488.330727
665	681	689	693	688	687	679	664	692	689	687	686	655	667	687	685	697	695	691	686	696	675	696	695	687	662	702	686	655	690	670	691	700	687	664	681	633	652	662	685	661	687	687	685	679	688	693	687	665	698	676	693	681	693	698	693	679	673	680	670	692	671	681	680	674	680	679	676	709	666	661	672	684	692	686	671	673	660	686	693	675	695	669	688	685	690	692	691	682	692	686	692	692	689	672	688	2489.969607
704	668	675	671	691	679	700	690	686	674	680	712	674	685	672	702	663	681	689	687	686	671	681	688	679	678	705	682	683	678	696	676	692	693	691	658	638	657	645	677	711	660	681	679	710	665	682	685	670	704	691	661	680	678	671	667	678	687	667	692	691	692	666	690	690	687	693	680	694	678	685	669	695	679	679	693	667	677	691	687	670	680	691	689	668	692	676	671	709	698	684	677	697	691	683	686	2491.618463
682	678	672	693	675	660	690	684	675	695	697	702	684	683	671	665	698	675	688	676	680	683	684	668	701	665	680	686	709	684	668	673	687	666	715	686	650	649	638	666	657	679	674	686	670	674	664	669	675	697	700	671	669	650	677	679	671	669	698	662	658	682	698	709	701	665	674	697	687	650	652	661	665	666	657	691	665	707	671	660	689	683	670	689	677	693	696	687	701	700	673	705	678	697	694	668	2493.256292
674	667	675	660	686	669	684	671	684	687	670	696	686	651	669	697	654	671	659	686	699	689	663	697	690	661	680	697	682	679	703	694	663	678	667	688	643	641	642	693	650	708	678	680	690	690	669	667	680	688	707	665	681	662	670	666	671	697	705	700	658	683	658	688	674	679	691	672	672	658	655	664	671	678	669	675	675	681	714	682	672	707	690	673	696	667	689	692	688	676	675	712	685	680	662	668	2494.904092
680	681	694	682	680	682	667	679	640	681	690	679	674	664	693	687	683	678	675	701	692	680	696	683	702	682	693	661	678	694	670	669	691	662	673	682	650	657	666	680	651	658	688	661	683	659	655	669	657	691	693	671	690	686	671	680	660	688	676	680	684	671	659	664	700	653	687	726	662	646	662	647	657	667	656	681	681	656	665	674	662	688	665	664	662	677	678	690	699	684	689	690	653	669	693	669	2496.540871
676	698	679	654	687	674	690	685	663	655	674	667	661	669	669	683	656	677	669	686	670	665	684	663	689	664	672	670	671	686	669	682	666	679	664	702	654	647	643	680	664	680	681	706	670	656	654	653	667	695	651	672	667	652	689	700	678	685	693	663	669	679	674	665	698	667	694	1952	693	648	656	666	662	673	659	645	681	677	703	666	661	685	681	679	679	693	679	671	699	673	676	673	669	699	675	693	2498.177127
653	679	686	678	680	673	710	676	673	660	685	676	663	688	687	675	691	689	660	702	663	693	677	694	699	657	685	667	655	684	651	702	670	684	692	693	638	638	638	677	650	667	686	691	688	672	677	658	669	673	678	679	662	676	657	686	679	668	688	683	668	687	712	662	670	681	670	706	681	638	673	664	671	657	679	671	668	649	687	675	672	676	692	670	683	705	684	695	684	684	679	703	679	672	674	679	2499.81286
679	658	675	659	666	656	702	676	684	660	681	683	683	670	677	657	669	691	682	669	684	670	700	685	685	677	691	663	682	686	692	697	682	682	676	704	648	645	650	672	671	669	662	684	706	679	664	669	663	680	657	692	668	691	684	687	693	679	681	678	667	681	678	695	664	682	674	685	698	640	668	671	657	694	662	671	653	679	675	676	694	671	654	675	674	675	684	675	694	689	654	659	695	707	676	679	2501.448071
698	665	686	700	686	693	655	683	669	690	677	691	675	657	667	683	660	662	670	671	671	672	683	654	674	660	681	667	691	675	695	695	697	673	691	680	657	647	628	662	671	691	681	678	686	676	671	654	687	673	688	661	682	687	669	673	682	691	686	690	674	668	679	714	662	681	701	692	677	673	670	651	642	662	695	681	707	684	699	687	667	678	688	688	660	698	663	675	655	666	679	675	665	677	662	696	2503.093237
671	684	681	683	689	701	690	695	674	659	652	682	697	659	675	692	704	664	692	675	695	669	675	685	690	680	679	669	673	689	698	671	662	655	707	685	634	658	654	685	686	679	685	660	666	665	656	672	707	678	677	677	680	672	673	672	691	692	699	678	668	687	667	686	666	686	683	666	685	642	657	650	685	676	684	685	704	678	677	686	672	681	676	674	676	676	674	682	707	707	666	679	679	670	691	701	2504.7274
689	685	685	645	684	684	684	703	673	666	661	680	682	661	701	676	672	682	697	679	682	675	683	680	676	683	669	701	691	696	695	680	660	704	704	675	644	633	651	657	668	721	687	665	704	671	670	675	685	675	679	678	677	650	694	660	689	680	678	701	694	676	678	678	684	682	676	683	681	663	678	667	702	669	704	664	669	664	680	656	687	686	683	648	705	693	704	692	689	667	689	692	686	683	666	672	2506.361042
677	673	692	689	703	665	690	707	697	683	689	661	656	687	690	689	681	678	700	693	676	688	683	682	677	692	691	690	681	715	701	672	680	689	694	694	640	671	640	680	676	686	688	696	687	685	664	678	684	712	698	691	695	671	688	681	688	676	691	689	672	677	700	700	685	691	683	708	676	654	665	656	683	673	667	673	700	686	671	688	677	694	696	700	691	695	677	692	688	684	694	694	684	667	673	693	2507.983695
691	700	700	691	695	694	679	697	681	684	689	692	671	686	685	694	701	680	666	658	678	704	686	676	684	682	687	693	676	687	673	698	682	696	680	683	644	646	661	676	676	677	687	704	686	676	671	700	710	701	687	689	705	668	683	691	672	700	693	703	674	687	692	681	687	698	701	712	701	675	646	658	687	681	680	672	670	672	698	707	666	689	662	676	692	686	663	705	686	708	693	684	703	681	682	666	2509.616297
675	681	693	687	699	677	674	664	666	680	681	680	672	685	658	705	677	703	698	672	686	686	679	691	681	663	671	660	704	666	704	688	691	676	680	703	666	648	664	684	684	676	679	669	688	665	678	685	689	697	670	679	659	695	677	678	700	665	664	718	666	681	668	699	704	683	690	696	675	657	646	677	702	672	694	684	674	676	671	679	685	670	692	688	702	698	702	675	665	684	673	692	681	683	682	678	2511.248379
686	687	678	687	679	674	681	679	674	680	687	656	672	677	698	687	653	685	680	704	678	677	684	676	698	666	691	704	689	689	674	689	684	679	669	681	641	674	621	694	694	682	676	670	682	682	682	698	678	692	686	673	665	664	704	675	685	690	675	701	686	689	692	675	672	684	666	678	696	672	657	672	676	647	687	658	700	679	700	670	671	680	686	690	699	694	677	678	675	692	709	704	665	678	697	675	2512.879939
668	680	668	687	675	679	685	683	692	697	668	695	674	696	678	687	690	688	684	688	693	677	686	696	694	679	685	670	684	669	697	686	703	668	678	676	640	654	657	700	676	671	693	680	695	684	686	670	681	684	690	675	686	689	686	694	693	690	673	711	685	677	679	701	670	697	690	700	696	671	668	678	704	677	658	676	676	703	674	670	669	684	698	678	674	694	707	703	692	694	695	674	682	680	689	667	2514.500526
697	680	666	675	685	675	706	699	683	686	675	680	672	664	676	692	706	671	673	687	687	688	695	676	676	685	690	699	697	697	687	709	683	680	689	675	655	650	666	674	685	699	683	676	693	674	673	674	693	715	667	681	695	671	677	695	685	687	698	684	687	659	673	682	675	669	686	673	684	682	669	637	679	666	687	686	679	677	674	696	709	702	688	724	662	681	694	677	678	712	703	706	689	697	690	690	2516.131049
689	696	663	663	665	694	690	690	689	666	692	677	685	668	680	678	704	692	684	686	666	684	682	692	705	662	686	666	668	693	681	691	682	680	685	699	651	657	653	679	693	682	676	688	682	690	672	680	700	684	688	662	660	695	685	674	691	700	696	717	673	668	676	689	683	681	677	684	698	643	672	656	700	687	685	676	685	697	702	681	680	690	665	680	677	679	684	671	695	682	690	673	686	694	703	657	2517.750605
679	682	684	676	682	687	658	694	678	682	698	679	701	704	660	676	685	675	684	669	702	705	682	678	683	680	698	697	689	678	690	688	686	673	690	689	663	649	642	641	674	672	683	673	691	691	678	700	698	701	676	678	703	703	691	696	683	679	688	667	691	697	665	662	675	694	689	678	689	682	671	677	699	693	673	669	658	674	679	670	681	679	675	689	710	695	688	690	706	702	706	705	699	661	680	672	2519.380092
659	684	682	676	669	671	714	695	683	683	704	686	678	667	676	663	683	694	688	692	680	668	684	665	682	691	696	694	671	679	700	681	684	684	672	698	660	646	636	693	675	680	673	671	667	663	692	674	706	708	710	684	659	661	664	679	682	671	691	691	696	662	676	702	673	685	662	670	704	671	658	668	687	671	666	679	688	671	698	691	680	705	702	675	685	695	692	680	699	691	689	692	676	679	679	679	2520.998619
676	662	677	687	700	686	669	687	705	685	682	705	672	690	676	673	681	695	683	670	682	680	701	680	690	688	670	666	688	692	685	695	666	682	694	683	639	657	644	658	670	670	673	677	687	679	669	698	696	671	665	674	661	689	677	657	685	685	688	678	683	690	669	695	687	675	685	699	704	678	648	672	671	678	680	655	699	682	680	709	701	683	669	678	689	666	682	722	698	700	691	678	703	688	684	710	2522.627071
677	688	678	681	681	671	687	697	655	699	677	694	652	678	683	680	696	664	683	672	669	678	653	679	677	674	672	686	679	681	651	680	676	685	661	692	640	641	641	680	663	668	700	682	660	672	670	675	659	686	673	681	662	680	682	662	682	669	687	693	672	688	649	677	673	685	706	704	694	669	635	661	683	678	667	677	669	687	694	667	695	659	686	684	702	691	723	690	676	674	715	706	664	663	675	667	2524.244569
684	659	678	669	692	690	651	678	695	678	651	674	687	695	680	681	688	702	652	670	671	677	673	673	676	674	679	655	700	689	665	682	673	671	713	677	671	654	646	663	678	673	703	662	673	662	659	678	683	663	682	659	682	681	681	666	695	683	702	676	677	669	672	669	694	680	685	682	678	643	648	658	684	670	680	672	679	690	685	685	673	695	663	664	684	706	703	691	676	670	689	670	650	679	663	679	2525.861556
674	700	690	677	679	674	675	668	673	667	689	663	654	671	651	671	661	679	675	671	677	671	649	692	687	695	671	660	648	671	685	689	668	657	698	695	642	635	643	668	645	646	659	667	688	662	658	661	689	683	690	676	659	687	675	684	675	659	679	661	687	674	677	662	675	667	688	687	692	634	652	665	660	682	661	638	677	674	657	706	703	681	675	679	693	704	687	682	683	681	661	690	654	663	686	680	2527.478031
654	681	672	651	686	668	688	673	680	664	671	682	660	662	679	677	681	674	669	660	660	668	657	673	682	666	660	663	662	686	664	686	665	681	658	677	628	661	650	675	676	661	676	693	706	653	677	664	672	671	692	664	645	673	661	684	676	660	683	667	667	675	677	672	678	658	676	672	673	649	658	621	659	657	659	680	683	653	686	690	660	679	669	699	667	673	676	687	662	704	697	660	706	654	659	675	2529.093994
679	662	675	689	656	645	649	662	673	670	680	667	658	663	666	644	675	678	692	685	705	661	684	679	682	680	670	669	667	655	676	657	685	675	659	681	639	632	658	682	676	660	678	662	686	642	669	663	702	652	680	666	683	648	668	674	669	676	668	682	646	662	666	670	688	665	666	684	682	679	670	632	656	663	646	661	668	671	652	689	659	680	685	668	673	687	683	680	695	678	672	661	691	666	689	645	2530.709446
663	661	662	663	660	681	652	672	674	676	701	672	679	650	653	672	686	699	663	670	686	666	677	682	662	658	660	658	677	652	680	671	685	675	660	665	634	659	636	637	674	662	653	665	669	683	669	644	683	666	668	675	671	653	658	666	656	662	671	691	644	658	670	666	661	669	677	666	664	657	635	651	667	689	672	652	687	668	674	655	674	694	642	660	668	658	660	672	683	689	663	690	662	652	652	685	2532.324387
672	671	671	666	648	650	689	673	672	661	673	667	668	677	650	685	663	661	669	672	700	655	686	659	652	676	683	670	655	678	647	642	639	679	645	668	643	640	646	654	642	664	666	664	662	659	678	650	670	669	676	667	683	668	677	655	655	688	695	654	673	667	657	654	671	678	679	669	684	640	646	661	668	643	689	695	668	656	676	658	667	661	664	651	677	682	684	673	676	666	668	662	658	675	673	675	2533.938816
683	673	685	668	662	671	664	671	665	677	673	670	684	682	655	663	670	664	647	663	672	663	660	672	650	659	665	669	674	664	667	663	673	667	662	668	648	629	645	659	661	659	670	666	695	678	663	653	675	648	690	664	656	650	657	658	654	668	661	678	683	633	652	671	668	671	667	682	674	651	662	649	669	661	659	654	653	659	659	646	672	665	671	652	663	674	673	669	669	710	682	684	683	671	656	669	2535.552735
650	672	651	684	669	661	680	692	683	668	657	674	647	662	666	683	650	664	659	677	683	684	692	679	677	691	676	660	665	661	683	654	676	694	674	669	650	622	633	641	684	685	671	687	685	660	663	674	664	689	672	677	649	680	672	654	666	673	655	661	675	681	647	654	669	659	697	655	659	661	660	659	658	655	677	662	656	673	672	678	671	696	695	701	685	687	676	683	691	691	674	706	673	662	681	646	2537.166144
676	680	652	676	680	673	678	666	705	681	687	679	661	656	673	670	676	681	670	679	669	701	670	665	689	651	666	691	669	670	670	655	671	688	673	668	627	648	638	686	659	655	687	673	649	690	651	660	681	667	675	689	682	669	683	655	676	695	669	651	659	670	698	674	678	665	657	676	689	649	654	657	657	657	670	677	683	667	673	680	663	665	708	687	701	673	672	670	667	654	674	648	649	681	663	667	2538.779043
681	678	686	679	687	690	669	671	680	692	675	659	653	693	685	660	657	709	663	675	671	660	670	684	672	647	686	655	678	668	669	675	704	681	680	682	651	648	629	686	659	675	676	678	679	668	658	661	658	691	702	676	704	669	666	672	683	665	676	680	676	675	669	687	693	653	673	666	670	661	636	658	675	659	671	663	685	690	693	674	700	682	666	697	673	667	696	696	685	680	673	677	689	675	653	649	2540.38103
653	693	664	663	673	673	699	675	677	680	663	662	659	663	659	676	687	687	670	701	662	654	672	664	657	678	667	667	702	675	689	663	664	697	691	664	631	655	643	657	685	664	669	687	683	654	664	670	692	671	673	678	679	689	682	647	661	680	669	680	671	661	652	675	685	670	687	671	671	657	663	651	686	660	687	657	677	680	676	668	672	656	685	675	694	698	690	661	691	655	686	666	669	678	706	666	2541.992913
691	667	651	664	679	659	685	694	693	691	663	667	667	669	685	682	682	662	684	676	678	680	682	675	686	661	675	704	690	662	687	704	682	687	664	667	656	650	647	653	656	655	664	678	682	665	654	649	668	691	688	680	684	670	668	683	688	681	674	673	672	695	683	683	655	674	682	694	668	669	664	657	655	657	662	672	668	659	660	674	669	691	665	679	666	665	660	703	672	679	676	673	678	672	685	672	2543.604285
665	678	661	697	676	683	671	677	689	662	675	677	675	680	658	671	689	691	675	678	682	671	689	669	662	664	662	669	670	674	697	689	690	671	677	679	646	639	639	690	658	647	677	702	680	679	638	648	681	687	659	675	674	661	676	683	676	681	658	690	677	679	649	682	680	670	682	691	673	682	659	666	674	691	675	684	676	675	669	661	668	681	676	682	670	672	677	669	671	695	677	661	681	696	672	673	2545.204758
680	654	679	695	673	672	674	664	650	663	669	691	673	684	675	685	670	684	685	668	677	680	693	678	688	667	678	671	677	676	692	676	679	658	685	688	653	659	652	670	650	663	670	674	699	660	663	664	687	695	710	680	674	680	681	651	673	662	680	689	678	678	676	680	677	689	682	653	666	673	661	661	662	668	675	678	684	685	698	671	679	680	672	687	691	702	712	691	694	695	697	686	677	661	670	670	2546.804728
674	661	662	675	681	702	680	662	683	689	685	656	641	669	670	673	682	703	679	671	661	684	668	666	671	664	680	660	674	649	679	671	680	661	681	674	656	653	656	681	672	673	664	670	685	674	654	660	670	677	675	691	660	679	664	660	667	677	685	677	663	683	671	668	684	667	661	655	658	641	653	670	669	705	685	671	666	665	654	679	660	685	660	673	690	676	679	662	662	689	659	667	687	688	671	677	2548.414581
684	659	670	650	665	675	682	655	672	673	657	692	672	645	677	685	691	680	653	668	669	686	692	674	674	684	691	684	669	648	667	663	677	667	676	703	649	647	627	696	666	690	665	683	660	667	673	692	685	685	679	689	681	676	676	666	659	677	651	661	682	685	664	681	662	675	662	693	690	651	626	644	675	683	666	686	677	681	706	668	663	667	680	691	663	684	676	669	693	687	697	684	677	685	692	687	2550.013543
687	653	673	659	664	662	671	669	667	651	678	659	679	662	687	676	663	683	683	655	649	654	683	666	675	685	665	679	666	692	675	648	702	672	653	692	636	626	635	661	662	663	635	664	675	670	664	669	687	665	699	675	658	678	665	668	668	696	658	687	655	646	686	657	665	685	686	670	656	644	651	648	681	672	674	665	663	663	678	674	682	665	673	670	669	677	703	663	692	672	652	652	665	662	673	684	2551.612004
664	691	669	676	688	661	682	654	682	665	669	654	666	662	667	665	668	683	685	678	663	675	670	684	674	691	649	682	686	665	667	689	686	659	681	671	641	649	635	670	674	667	682	662	660	671	678	655	688	686	689	664	687	637	699	669	661	660	657	670	682	667	655	693	676	671	669	664	716	665	656	637	680	652	659	663	678	672	686	660	670	664	666	682	697	689	700	675	688	692	656	677	658	672	666	668	2553.220339
659	665	645	663	663	665	662	650	658	667	659	669	644	688	665	670	669	667	652	679	682	671	678	684	676	673	674	670	666	667	664	660	688	670	673	678	638	636	632	668	662	668	666	676	672	690	635	682	673	690	669	660	662	664	678	655	677	667	683	679	671	679	661	690	664	676	676	648	683	640	642	654	665	669	660	657	693	662	674	667	661	686	661	669	670	663	682	683	673	646	666	695	646	664	683	671	2554.817794
661	681	662	661	671	660	678	673	654	655	669	662	646	676	679	688	676	693	675	681	664	673	670	673	654	673	692	670	665	670	656	673	660	660	659	671	617	628	623	656	660	683	686	659	675	663	655	675	672	668	670	670	693	679	680	663	653	679	664	692	653	651	650	673	661	672	663	671	678	658	633	651	655	664	653	676	663	663	662	688	672	662	650	695	679	669	677	666	688	683	685	667	679	651	674	688	2556.414748
669	677	672	667	670	657	675	670	663	661	678	675	658	693	654	672	656	653	678	660	663	665	668	688	666	660	669	660	676	651	657	666	661	643	656	661	635	637	644	671	643	645	658	670	665	660	671	659	667	657	678	650	648	633	664	676	657	668	667	657	646	650	674	661	658	674	661	660	662	660	645	619	679	660	666	660	678	651	700	664	676	674	666	651	685	660	670	669	660	672	676	666	681	662	658	675	2558.011201
652	663	655	671	669	667	669	670	672	670	680	667	678	658	692	674	675	669	666	656	636	697	659	673	665	675	660	695	650	653	645	650	676	674	662	670	626	624	639	659	651	652	672	667	655	651	652	655	672	657	672	642	658	664	660	655	655	651	664	663	678	663	648	652	670	671	664	677	646	635	651	643	643	661	672	661	671	678	670	643	652	672	661	658	669	679	656	678	655	664	668	671	648	671	665	658	2559.607154
659	665	675	665	679	675	681	670	679	660	634	655	659	677	660	672	653	667	678	656	669	670	657	662	674	646	686	669	653	658	678	645	676	649	654	655	631	634	629	678	653	656	679	660	671	664	663	638	647	672	661	627	654	661	670	665	641	649	672	671	666	658	672	668	643	634	662	662	663	656	628	631	668	656	649	658	672	690	658	677	652	679	682	642	648	641	668	675	655	679	639	656	665	668	671	684	2561.202607
676	655	647	676	677	647	665	689	652	665	684	675	646	662	660	657	634	657	654	673	666	682	666	659	667	649	670	659	640	665	657	657	665	662	670	672	638	650	635	651	663	663	677	673	664	648	623	656	659	677	659	658	667	656	656	670	665	657	657	671	654	654	667	667	655	677	668	671	679	654	648	634	641	647	650	673	675	659	667	665	658	669	674	652	655	689	637	691	664	669	659	678	689	658	670	674	2562.787204
695	665	670	653	657	650	654	652	669	665	672	662	645	669	655	678	671	674	657	688	659	656	673	650	686	657	658	655	683	682	656	657	655	666	655	679	631	653	661	653	632	646	677	656	666	654	653	641	685	675	667	660	659	674	640	666	631	633	675	653	679	675	672	659	658	664	657	691	669	633	631	646	675	671	668	662	663	666	657	662	664	663	679	663	648	672	657	676	679	667	669	669	672	679	659	657	2564.38166
671	649	674	680	655	661	660	672	675	670	657	652	666	653	687	667	678	666	666	681	660	671	695	670	662	652	688	670	689	661	697	680	660	671	678	673	645	633	636	656	665	670	672	657	664	677	657	657	649	667	664	689	662	648	679	661	669	676	676	674	645	670	655	661	647	656	657	671	695	650	650	643	651	682	668	682	678	664	670	660	657	666	652	650	668	643	675	653	668	663	665	666	681	671	660	661	2565.975616
697	666	666	671	668	675	657	663	679	667	657	667	659	668	671	667	656	652	646	668	662	684	681	651	646	667	666	677	663	675	656	676	665	646	657	657	647	632	641	669	654	666	672	665	667	640	643	678	690	658	661	657	653	672	676	663	669	660	676	669	650	676	658	640	656	656	679	683	690	641	631	656	673	659	669	665	639	655	686	679	670	679	665	667	677	683	663	660	668	672	663	662	680	670	644	666	2567.558728
657	676	662	658	684	671	669	670	653	655	657	642	658	655	670	656	671	677	691	651	660	687	662	662	658	683	664	686	668	663	686	675	658	678	676	654	644	639	633	665	659	672	657	669	646	669	660	631	657	665	674	665	656	668	654	668	656	664	682	686	680	667	672	660	690	680	686	657	657	634	638	657	657	670	663	671	664	643	654	675	660	661	683	679	684	673	681	657	679	661	661	677	664	681	669	683	2569.151689
654	675	674	667	685	652	677	685	667	670	681	672	669	665	656	658	664	684	665	663	673	679	669	683	671	675	664	660	666	672	674	685	661	650	677	662	651	628	631	670	667	676	673	682	673	671	663	660	658	673	669	657	664	676	655	644	669	673	674	685	647	662	661	665	690	674	693	676	666	643	644	667	668	657	672	668	677	671	657	663	630	666	674	656	677	688	675	696	680	690	681	660	677	660	669	669	2570.733812
674	660	675	688	671	655	663	688	675	685	678	663	655	647	657	654	667	684	678	684	680	663	673	671	674	668	663	659	700	675	645	674	687	654	689	660	637	633	647	679	667	657	663	699	681	668	667	657	678	686	668	670	671	652	673	651	670	660	689	671	656	691	656	662	639	678	663	673	678	634	640	642	687	674	652	663	695	657	695	670	658	656	662	660	681	672	694	693	689	704	669	673	670	708	674	657	2572.325779
665	670	659	668	683	671	661	685	681	684	690	673	665	658	667	663	689	682	659	660	668	673	706	666	672	675	677	683	680	697	679	668	675	651	694	634	659	633	635	660	661	673	672	669	674	656	683	680	683	673	696	649	639	645	697	653	672	660	653	683	694	676	660	684	668	659	663	675	670	664	652	679	669	675	653	678	644	647	674	682	662	691	688	660	666	688	682	686	673	668	661	677	681	663	677	667	2573.906915
673	648	673	647	662	681	677	659	671	686	679	688	665	661	684	681	696	674	682	673	680	671	678	689	669	666	667	681	673	667	686	644	661	668	669	664	660	640	646	677	664	663	669	667	671	681	651	644	698	685	682	675	680	663	667	653	656	657	664	680	677	664	661	669	674	661	688	674	672	648	654	664	678	656	664	668	663	677	661	653	675	671	648	673	656	678	657	680	694	677	648	667	683	681	661	660	2575.497888
667	655	668	654	646	668	649	661	659	661	664	677	671	658	668	686	671	684	658	668	680	676	675	667	670	674	674	669	667	705	682	670	679	678	673	675	630	634	649	652	655	658	672	655	674	652	672	643	664	668	663	680	657	661	653	669	664	675	676	670	661	659	678	669	657	644	679	663	671	657	656	646	673	665	678	656	662	648	669	671	663	662	680	649	661	694	669	670	675	669	688	647	682	661	669	664	2577.078038
661	663	658	685	681	677	669	661	677	673	663	662	668	684	657	671	672	685	679	675	677	665	638	685	684	673	682	697	688	644	648	660	669	688	679	643	655	627	625	683	678	677	677	648	675	664	645	636	680	707	685	639	669	649	632	675	669	661	687	668	680	656	659	675	656	680	665	685	691	654	641	656	686	665	659	659	666	656	664	654	673	662	677	664	677	685	686	660	702	708	672	670	665	679	674	679	2578.657696
679	686	652	674	661	665	672	670	673	674	709	667	660	677	664	683	680	674	663	671	668	666	663	685	678	673	661	670	661	644	659	686	662	662	658	662	644	605	630	666	639	653	656	664	685	655	638	640	653	667	671	664	689	670	685	672	670	666	677	671	661	683	648	685	669	673	659	657	688	647	650	652	679	674	672	681	685	670	676	683	662	662	667	661	672	675	673	648	666	679	680	659	668	642	693	654	2580.236863
644	666	647	675	668	686	683	674	635	671	680	663	684	684	666	655	685	653	671	682	686	667	663	669	673	665	643	666	664	666	686	684	675	669	687	680	639	651	640	661	654	666	646	664	669	666	657	645	676	665	665	682	677	648	672	664	672	680	665	669	642	676	687	657	661	662	665	664	678	664	650	642	647	647	648	649	648	664	630	657	657	649	669	687	671	691	710	671	677	659	653	666	672	668	658	669	2581.815539
652	652	656	661	653	670	658	653	647	677	676	667	656	646	666	651	656	679	659	678	673	663	671	641	679	658	667	667	654	651	680	661	670	665	667	660	641	647	634	669	670	678	663	669	674	666	673	654	660	671	665	646	641	651	649	668	667	669	663	676	668	669	635	664	673	669	662	652	681	660	640	632	666	654	646	670	665	663	687	676	661	677	653	655	676	688	690	673	677	677	697	700	657	655	676	661	2583.393725
671	650	660	644	665	646	657	653	678	653	654	688	675	667	646	658	670	662	656	670	663	653	660	654	656	666	655	654	649	662	665	671	667	665	652	659	621	638	643	683	664	666	649	673	649	670	639	666	671	660	659	638	678	680	698	633	641	671	663	656	659	675	641	663	657	660	646	660	675	641	637	645	653	643	645	672	659	653	659	642	660	686	670	655	673	682	669	678	679	656	683	680	663	671	648	677	2584.97142
659	649	643	668	661	650	659	679	634	681	682	654	658	658	658	675	653	667	647	679	646	676	638	659	660	665	670	658	670	673	656	658	672	673	672	674	646	640	641	649	667	650	657	670	675	635	659	652	650	676	660	666	653	632	658	673	640	674	683	665	660	644	654	660	681	668	682	672	670	655	635	613	666	654	675	663	635	666	661	653	658	643	667	636	658	670	662	658	659	680	660	660	642	661	662	655	2586.548625
644	684	653	635	649	676	678	679	672	671	690	684	651	662	665	657	650	654	670	652	667	661	663	672	669	652	657	644	656	663	665	675	665	666	674	667	650	641	654	661	662	647	682	653	668	687	675	648	665	669	683	654	668	660	668	644	669	679	667	670	671	662	670	643	663	662	669	664	668	627	634	655	657	661	652	649	663	650	675	672	656	656	680	670	683	655	691	672	675	671	683	670	670	666	627	664	2588.125341
665	656	661	660	651	644	639	657	672	659	653	676	667	668	642	662	671	656	639	663	655	668	676	670	637	675	641	663	650	658	673	673	659	678	668	651	645	620	647	660	669	659	650	668	636	663	662	632	658	668	676	677	668	676	646	683	690	677	658	640	664	660	651	669	661	671	674	654	649	674	650	642	639	661	674	646	667	672	670	651	640	652	668	662	668	664	673	649	668	675	655	657	642	670	678	671	2589.701566
651	644	650	663	653	686	655	661	670	639	665	656	675	667	659	656	662	671	667	665	656	652	655	644	648	655	667	664	658	657	648	665	670	668	672	663	641	636	632	674	685	657	658	658	685	657	628	675	669	662	663	675	673	664	635	664	651	671	671	655	654	668	656	668	678	656	650	668	644	669	622	637	656	637	675	657	646	677	644	677	659	662	652	662	665	667	658	681	676	680	666	630	663	647	654	675	2591.277302
642	647	675	658	664	653	642	648	635	649	642	657	664	675	653	633	648	666	648	663	673	640	648	660	659	681	673	675	644	656	640	658	678	653	668	660	636	651	640	641	640	676	643	658	638	664	632	644	670	668	671	654	647	671	651	649	651	662	639	674	637	657	641	651	677	688	650	683	664	649	641	639	656	674	651	646	660	674	659	646	654	665	665	641	682	652	665	667	645	676	667	683	675	657	667	650	2592.842255
664	662	660	659	681	657	642	659	676	673	658	652	664	668	661	666	677	660	671	660	644	661	662	655	652	672	663	651	662	651	675	661	675	661	696	659	632	629	603	656	656	642	661	650	661	653	642	642	674	647	676	651	660	658	656	659	651	649	650	660	665	630	652	663	661	645	665	672	655	618	646	641	654	641	672	693	662	654	657	668	654	661	665	686	664	675	644	660	672	646	662	643	640	650	666	673	2594.417016
669	669	631	666	649	667	642	661	655	651	667	646	637	666	649	651	658	668	653	685	681	661	661	650	664	640	674	648	666	655	668	652	657	656	667	669	645	623	630	670	650	651	664	660	678	642	660	664	670	663	655	647	645	654	659	667	668	642	663	682	664	633	676	670	662	672	664	663	678	666	645	654	655	663	648	649	670	652	685	661	658	666	657	654	666	649	649	656	665	661	672	663	659	681	665	641	2595.981001
660	661	654	654	655	673	642	662	658	646	658	663	674	646	672	679	676	653	654	662	676	653	665	654	651	676	650	665	676	666	670	668	669	710	660	662	621	616	647	657	642	667	679	678	658	657	673	629	677	659	665	664	683	678	661	651	640	662	677	651	657	654	654	668	636	664	658	681	651	634	641	630	672	665	672	644	653	683	667	673	665	650	658	686	664	665	660	703	667	630	674	670	657	650	661	659	2597.554788
664	646	666	662	684	663	673	672	659	640	658	670	656	659	657	676	661	654	665	663	665	656	670	642	669	656	656	666	669	669	651	684	655	653	651	669	640	642	636	672	672	653	655	671	665	665	641	670	660	682	676	665	660	665	674	671	668	668	646	676	669	654	658	656	657	684	659	676	677	639	636	654	660	661	685	657	673	654	652	662	642	673	667	668	670	670	684	666	682	673	659	670	663	661	650	681	2599.117806
649	675	664	656	652	666	671	686	687	648	663	678	662	644	667	655	690	678	676	675	681	658	679	671	668	677	660	668	667	654	657	663	660	674	671	669	645	643	637	660	639	695	668	669	677	673	646	655	644	672	654	669	650	641	670	665	662	669	675	659	679	686	672	660	652	661	672	701	677	650	629	650	662	660	700	660	660	660	642	650	681	672	669	668	685	689	670	683	666	660	652	672	656	662	687	673	2600.690619
683	653	658	651	672	685	675	647	695	641	652	674	688	669	675	659	697	666	659	674	679	644	662	671	666	660	676	667	703	648	680	653	648	661	674	651	628	639	656	667	665	678	669	660	672	657	650	669	656	682	668	656	653	659	652	649	644	663	662	665	665	681	658	661	666	657	674	666	682	650	652	640	663	666	662	657	669	669	663	674	655	663	653	672	679	674	675	673	668	670	665	653	675	672	667	680	2602.25267
636	668	673	672	669	679	669	666	682	674	688	674	678	640	667	673	695	662	690	665	667	676	639	648	691	675	672	669	673	659	665	670	671	652	681	673	651	641	654	668	680	639	660	645	671	672	667	659	698	667	673	662	660	679	673	658	653	700	664	680	673	646	656	668	670	668	667	665	691	662	627	666	671	646	687	673	646	662	693	682	673	686	670	657	677	650	672	684	684	658	673	649	662	696	690	672	2603.81424
697	687	690	665	661	671	655	653	669	699	654	662	659	676	690	678	662	672	663	687	673	665	670	650	681	659	682	676	670	698	660	678	654	663	683	684	651	642	651	658	657	669	678	661	681	670	665	665	678	687	660	677	668	647	661	662	675	662	671	658	663	646	664	694	654	675	669	671	685	641	664	639	650	671	668	666	661	665	663	676	684	689	645	675	678	661	669	656	671	690	680	677	660	698	672	651	2605.375329
661	660	657	668	657	683	673	663	669	690	683	679	669	669	668	676	687	661	684	674	686	657	678	659	668	670	671	677	660	679	682	659	687	686	689	661	635	643	637	664	674	657	669	660	660	658	651	661	680	672	688	653	701	667	668	666	661	690	669	663	658	654	680	669	667	668	663	675	667	657	655	655	683	647	668	687	651	685	666	674	698	648	645	697	677	691	698	683	686	684	680	689	662	686	671	668	2606.935936
650	666	658	675	648	672	666	661	661	670	681	649	661	650	674	680	680	673	656	652	669	675	670	662	674	661	711	668	673	647	651	678	669	684	663	662	635	644	645	683	656	660	650	661	667	634	690	663	684	670	663	657	675	666	643	647	673	658	667	656	667	661	666	674	673	646	665	686	665	670	647	635	671	687	661	674	655	644	668	677	680	653	657	678	676	660	676	665	663	683	663	687	673	649	656	681	2608.506326
673	652	665	674	672	632	669	673	696	662	656	670	657	658	667	682	692	673	658	668	665	668	676	644	664	689	669	651	676	664	676	680	671	671	665	654	646	653	633	655	665	652	660	683	675	675	643	671	669	681	678	669	678	658	674	651	666	687	669	676	661	662	677	645	680	672	681	655	695	640	652	653	653	681	654	650	667	649	674	677	661	647	667	690	642	674	677	651	654	656	665	670	661	654	664	662	2610.06597
674	642	651	674	658	678	675	660	664	681	669	651	665	672	650	660	671	689	657	670	656	656	676	671	668	657	677	664	669	668	662	647	677	660	677	681	648	636	616	661	635	677	696	661	637	656	657	642	682	653	638	664	664	663	656	668	663	649	684	661	663	647	672	665	681	671	658	666	684	653	660	647	649	657	693	640	641	652	673	673	676	661	658	663	688	665	675	683	679	678	666	678	674	663	665	673	2611.614877
663	652	660	637	660	645	648	667	669	667	683	676	653	667	669	670	665	664	634	668	664	664	658	676	662	694	678	687	664	664	656	678	658	634	657	657	610	633	640	669	659	659	660	650	667	661	650	670	678	689	676	655	656	663	655	663	652	681	664	661	634	677	666	656	657	673	661	644	664	633	649	639	684	666	648	640	666	649	660	665	667	675	656	676	662	671	649	663	662	665	660	660	672	677	659	674	2613.173564
664	668	652	666	677	674	680	670	660	668	677	688	645	659	656	661	661	646	665	653	673	659	697	660	675	655	631	660	655	671	646	666	656	680	670	665	627	640	627	646	654	664	651	660	678	664	654	651	693	701	673	670	667	663	652	650	657	667	684	649	667	638	659	650	665	678	653	682	690	635	631	638	641	669	663	653	638	658	687	653	662	662	654	674	671	671	659	667	678	675	646	681	661	660	653	665	2614.731771
661	642	665	644	652	659	663	629	656	677	654	653	652	655	646	677	661	675	665	665	653	667	652	653	656	663	673	663	668	637	671	670	670	660	673	661	626	632	644	648	642	649	651	645	660	644	668	664	657	663	672	681	648	655	659	664	664	646	665	662	662	671	663	661	641	675	677	661	670	648	639	633	678	668	657	664	671	640	674	662	656	655	668	653	667	675	672	666	662	650	651	672	664	659	693	679	2616.289498
659	664	655	662	666	645	650	672	659	655	664	655	628	653	663	670	654	657	651	659	666	655	660	659	645	685	654	663	663	658	654	653	658	670	665	664	646	627	642	672	668	662	668	647	680	643	621	650	671	672	654	652	661	645	647	657	670	659	649	659	649	630	677	663	659	667	662	659	654	645	651	660	653	643	649	667	683	660	675	688	654	680	671	655	656	660	673	669	662	677	668	648	673	665	659	663	2617.846746
661	663	633	664	672	666	661	654	623	653	655	667	658	655	649	628	673	679	669	667	657	674	638	676	665	664	653	656	641	652	664	656	672	682	657	666	628	638	620	660	649	639	653	675	645	646	655	660	663	663	664	659	619	659	649	651	673	667	658	666	645	651	653	669	658	671	643	650	678	630	662	631	666	663	663	674	662	644	673	659	667	652	664	672	660	649	674	660	661	660	651	675	654	674	671	686	2619.393275
638	632	643	670	652	647	666	651	641	648	663	653	650	648	658	664	668	677	640	639	663	644	671	637	657	649	655	655	656	659	669	670	656	656	634	667	648	637	624	662	661	631	650	644	649	661	660	666	678	657	664	651	655	662	665	674	637	663	639	644	641	656	658	661	654	672	668	650	655	629	640	638	662	640	650	666	653	665	653	667	668	656	656	669	668	667	660	692	661	660	661	641	671	680	673	676	2620.949569
635	656	650	655	668	651	648	662	639	669	635	666	655	631	657	637	645	665	657	640	662	665	664	666	663	649	643	664	643	644	665	649	690	668	685	655	624	614	633	680	650	651	665	675	650	661	649	656	656	659	657	648	658	651	649	662	632	669	664	666	648	664	661	645	643	654	642	668	640	660	633	631	673	638	634	651	642	648	630	640	645	661	675	651	642	664	673	649	666	675	674	657	655	680	643	647	2622.495149
666	645	657	668	644	657	666	638	660	653	647	663	644	663	653	671	645	671	656	661	651	639	655	658	659	665	644	667	667	663	659	646	658	661	676	642	632	636	623	637	643	644	649	661	659	640	653	655	660	658	689	670	646	652	656	652	669	657	663	644	671	653	661	658	668	632	645	659	670	644	645	643	640	656	643	657	656	662	649	660	691	643	660	642	648	678	644	664	656	664	653	656	638	677	654	640	2624.050489
640	659	636	644	657	665	665	680	646	645	638	655	662	655	652	660	668	667	659	668	632	646	623	650	632	622	660	655	648	661	656	649	677	643	662	642	645	623	636	641	641	652	636	647	680	633	645	641	645	672	657	642	654	674	655	647	642	671	653	660	659	668	628	659	652	640	683	666	660	634	650	648	659	659	657	657	656	647	651	646	624	670	639	655	655	671	650	669	646	668	653	656	659	651	657	658	2625.595123
647	684	650	649	654	676	636	656	672	636	671	647	654	635	659	669	661	662	648	680	648	658	645	673	678	672	669	656	663	671	657	671	667	656	673	674	633	612	653	651	640	679	652	667	658	647	646	646	657	653	662	661	642	657	665	666	655	659	659	660	637	659	662	629	667	649	646	666	662	637	653	629	641	648	652	644	661	647	661	665	642	651	662	639	643	669	664	658	678	674	660	654	666	667	648	666	2627.139284
654	646	627	642	646	654	675	651	676	655	652	644	653	655	649	635	636	654	650	653	668	645	666	650	644	676	653	637	671	640	656	673	665	638	651	654	628	632	641	629	651	659	656	649	660	641	642	650	665	678	659	632	651	641	656	671	657	643	661	670	645	655	650	656	662	640	665	654	655	625	632	630	669	667	659	662	649	649	658	643	654	669	673	642	656	663	662	658	654	653	666	652	660	647	653	668	2628.693196
648	652	648	655	660	659	658	651	662	660	677	652	614	661	655	655	661	658	646	645	646	644	662	657	662	662	663	640	660	640	641	673	648	662	651	685	624	613	649	657	664	636	659	663	663	661	648	651	639	664	653	663	664	660	667	652	654	673	662	680	673	658	649	652	657	660	657	662	661	642	635	637	646	655	650	667	645	647	697	640	655	655	659	664	676	655	657	672	665	665	675	635	659	664	663	639	2630.236413
652	662	640	671	666	659	645	642	636	668	642	670	670	669	668	645	663	664	663	664	678	648	652	659	662	661	665	646	660	670	652	664	662	651	644	642	645	644	630	664	632	646	652	653	655	656	640	650	667	656	647	645	662	647	663	646	642	651	660	661	670	668	646	647	664	658	653	670	655	639	650	640	657	664	640	667	639	651	665	655	641	653	639	658	637	664	662	671	678	668	662	674	674	655	648	662	2631.779158
641	637	630	661	647	662	652	682	658	660	658	672	670	640	680	683	678	670	649	668	645	653	651	675	645	649	667	664	669	634	637	643	658	648	663	667	634	649	647	654	640	657	643	644	680	643	661	660	672	680	672	670	665	662	656	663	654	667	657	672	632	661	658	679	650	651	673	651	650	628	647	649	673	650	648	669	653	649	675	667	666	649	664	660	670	665	651	670	663	666	651	662	643	669	664	662	2633.321432
654	666	655	654	677	671	654	652	664	657	659	658	667	627	650	664	670	652	670	646	662	663	689	664	649	663	645	641	636	664	648	690	663	667	666	658	646	616	645	640	635	663	656	685	653	663	644	668	670	673	666	669	647	642	647	666	671	679	680	666	669	667	666	661	682	684	659	661	664	638	633	652	638	648	661	652	655	647	655	688	665	667	656	662	664	649	667	654	664	672	659	660	659	664	676	671	2634.863235
654	686	668	673	675	645	643	648	666	659	698	654	662	664	643	649	659	666	674	664	646	664	680	664	659	647	667	667	675	654	660	635	655	646	672	645	627	620	647	656	642	669	667	647	661	643	658	659	667	676	668	668	653	648	679	653	672	664	661	664	650	653	634	669	666	650	672	662	652	634	655	640	650	662	669	658	669	655	661	671	633	658	644	649	662	657	662	659	656	671	664	651	672	667	661	645	2636.404569
650	676	653	650	655	666	669	658	658	679	662	658	654	683	666	678	652	674	688	666	658	654	661	668	665	664	654	664	667	634	653	668	666	678	660	665	626	631	645	642	657	652	664	666	661	655	659	648	674	665	652	650	666	658	645	673	671	674	684	641	656	659	652	664	666	652	667	653	683	663	647	645	672	635	658	667	657	651	663	677	649	676	676	682	682	663	675	671	658	652	674	657	673	665	662	673	2637.945432
660	675	666	682	643	674	645	681	647	663	667	656	660	661	670	633	668	651	645	687	669	664	674	660	686	664	668	661	640	666	660	661	670	669	667	629	634	635	625	675	629	668	654	665	671	673	662	651	680	650	672	618	667	656	672	664	671	665	652	663	670	667	668	650	683	689	647	655	655	653	657	631	663	676	673	657	655	655	682	666	673	661	662	661	657	674	662	685	656	649	641	657	650	669	657	621	2639.485825
641	683	676	666	664	653	646	676	644	674	672	662	658	661	664	682	659	663	660	641	647	680	671	673	654	646	674	653	651	668	661	669	670	648	672	654	625	641	636	652	652	669	672	657	669	670	655	641	669	668	690	655	647	658	664	673	675	663	659	653	651	687	657	676	679	650	675	672	641	656	635	662	661	656	649	651	655	655	672	652	660	649	665	647	653	662	662	668	660	671	671	674	643	682	638	649	2641.025748
643	653	664	651	653	666	648	661	673	663	650	663	665	653	669	664	663	661	663	662	656	672	682	654	663	683	657	657	661	639	662	652	664	654	662	657	631	636	623	664	695	658	658	683	672	644	642	657	660	676	649	665	657	664	651	669	685	671	673	681	666	655	648	663	638	663	661	661	666	636	652	642	664	643	620	663	640	663	667	666	647	640	667	659	649	671	680	656	661	669	659	676	657	658	644	641	2642.555008
640	656	657	644	646	662	646	654	647	641	639	654	644	664	660	668	668	655	678	643	646	666	667	663	667	646	637	656	678	668	651	655	662	637	656	661	631	632	638	651	643	652	666	646	654	655	643	671	680	668	645	676	656	649	659	645	648	637	644	662	633	663	628	648	663	656	662	658	635	646	645	628	644	656	660	640	659	651	689	658	657	661	673	642	658	664	659	656	647	681	650	619	653	657	678	652	2644.093996
635	665	663	644	639	659	652	659	661	688	668	652	636	643	651	644	646	626	664	646	650	665	665	649	647	651	652	652	645	644	640	667	643	640	659	653	625	641	633	657	688	641	651	638	660	651	643	649	668	660	655	649	659	658	654	661	647	677	693	636	636	630	649	663	673	664	666	675	670	641	639	620	663	651	660	642	673	669	642	658	649	671	638	667	674	656	663	651	664	637	648	660	660	666	643	654	2645.632514
652	658	663	657	644	656	660	651	656	658	681	649	656	660	641	643	679	673	658	644	657	659	647	655	656	657	659	653	652	669	643	663	649	665	642	660	648	626	616	636	654	654	649	657	679	634	642	654	671	669	659	647	666	651	656	672	660	683	653	664	674	649	654	644	659	670	672	664	664	626	637	638	664	647	654	670	651	645	660	669	671	641	652	669	656	672	649	681	676	662	671	665	658	663	642	656	2647.160379
670	647	657	652	646	637	658	643	644	665	647	642	655	636	655	660	652	638	643	636	672	637	653	630	657	669	645	655	639	661	646	658	663	669	651	650	634	642	651	632	647	668	639	644	662	624	642	663	658	667	657	640	651	655	671	634	645	649	648	666	640	663	666	640	645	630	657	650	655	648	637	630	655	644	659	633	677	653	664	665	677	651	658	655	662	658	657	669	673	671	665	656	645	632	636	647	2648.697963
655	643	657	661	670	639	630	676	623	634	661	638	651	628	634	660	651	636	662	662	667	652	668	655	656	665	652	628	653	650	635	651	658	649	636	638	642	631	633	668	647	665	652	668	658	636	653	650	662	672	648	659	626	649	644	666	670	674	675	656	664	650	652	648	651	640	654	661	660	635	651	637	651	632	661	644	665	651	653	662	646	637	661	648	684	682	663	657	660	635	650	646	645	664	640	648	2650.224901
649	644	667	643	636	654	653	638	644	629	660	655	630	632	643	630	653	639	651	674	655	654	664	663	661	668	644	650	646	651	644	658	660	656	648	655	601	623	618	650	646	638	646	648	661	651	635	629	646	659	667	654	635	653	661	653	635	639	639	653	654	637	670	650	667	681	652	640	634	649	642	626	642	639	643	634	660	670	638	654	659	652	663	645	664	645	668	661	658	660	660	665	669	649	651	638	2651.751376
640	641	653	653	652	644	653	658	651	647	656	630	646	651	650	650	644	665	654	647	649	650	632	671	645	646	639	640	639	645	641	656	654	639	662	629	616	635	610	634	650	656	632	640	624	651	655	643	663	659	666	634	632	655	643	652	652	660	632	645	638	653	664	641	649	655	663	660	636	630	634	636	635	660	669	651	638	664	624	654	630	655	644	660	688	649	642	652	650	675	642	650	630	654	674	629	2653.287562
632	643	647	651	635	654	661	644	644	641	642	654	651	655	631	653	643	641	664	659	631	662	642	663	647	642	641	643	652	629	650	632	643	651	655	639	643	628	628	644	638	663	621	662	648	641	646	618	661	657	637	657	658	649	667	654	647	647	652	652	660	653	641	635	671	659	674	669	652	636	651	627	659	661	648	637	643	641	637	654	641	666	668	669	652	632	669	659	671	668	649	660	666	648	621	645	2654.813111
622	620	644	650	626	635	659	671	621	655	654	643	651	638	633	640	637	656	635	646	644	644	648	651	665	629	659	666	653	645	641	644	646	632	633	644	622	625	630	669	663	662	648	671	652	629	659	626	647	641	652	663	648	660	647	645	662	660	642	647	648	657	647	649	642	667	649	684	661	637	614	627	645	642	644	671	649	611	641	656	647	638	642	652	667	664	659	653	662	657	644	639	661	639	649	660	2656.338198
655	649	649	641	644	654	660	661	637	642	626	654	649	643	644	640	662	671	656	653	659	629	676	640	662	665	653	648	650	652	655	649	656	672	625	640	617	639	620	646	623	663	669	652	663	645	625	644	642	651	663	671	635	672	670	636	646	678	666	653	657	645	647	655	643	667	656	647	631	651	624	629	631	646	644	653	641	651	664	636	635	659	647	660	668	650	641	678	652	651	647	660	647	645	639	627	2657.862824
657	669	645	651	656	630	655	642	641	661	660	658	643	648	660	653	657	660	669	646	659	627	666	646	678	635	664	651	662	646	655	651	666	652	643	653	610	632	635	651	645	648	668	653	644	654	639	644	657	663	630	657	649	646	658	655	631	647	652	650	614	635	661	649	665	653	662	666	644	641	656	630	651	657	653	670	637	654	646	655	648	628	654	648	659	668	663	665	662	656	670	650	685	649	645	664	2659.386989
653	659	662	633	661	644	669	644	651	669	672	651	662	646	653	647	649	666	646	653	664	655	663	648	649	655	652	680	690	653	654	637	628	653	630	649	638	634	595	654	650	635	667	653	672	639	659	644	650	640	678	662	662	652	667	658	670	644	658	648	655	637	666	643	632	668	645	638	637	621	649	646	666	650	656	690	652	646	653	657	665	646	640	647	657	672	656	659	654	643	646	673	645	666	636	648	2660.910693
660	659	644	654	636	661	657	652	660	640	660	654	655	657	657	670	659	674	667	655	657	661	650	647	648	670	664	661	649	638	659	644	647	667	660	623	616	634	640	647	652	657	652	655	637	656	653	653	665	645	651	644	639	651	650	661	662	672	647	686	670	649	661	680	640	657	648	666	666	621	625	622	668	670	653	668	647	651	655	655	637	681	653	644	682	666	647	657	662	662	637	679	684	664	650	644	2662.433937
647	650	665	669	654	666	656	683	655	653	653	672	665	668	677	650	660	651	654	670	668	651	653	651	623	670	639	672	665	643	646	677	659	657	661	659	644	644	635	664	661	642	658	650	659	648	651	649	681	673	673	654	633	658	673	663	660	664	658	656	651	648	638	663	658	657	661	687	656	645	626	631	686	653	634	674	660	659	652	663	670	647	666	664	682	671	671	662	678	669	665	661	643	645	654	653	2663.956721
681	653	668	671	671	640	650	656	649	642	663	651	666	653	646	657	669	666	687	683	658	642	668	673	659	670	638	655	667	647	670	658	648	660	657	661	627	642	648	658	663	652	654	668	673	631	660	662	668	645	669	643	653	667	661	666	656	641	668	656	662	651	659	645	663	687	655	662	652	670	643	642	682	664	670	643	668	647	648	665	670	675	662	681	653	648	660	672	680	689	671	675	661	665	646	662	2665.479044
625	641	651	684	661	676	655	666	656	673	641	677	656	640	659	652	672	671	657	638	678	676	638	660	648	663	662	632	660	667	676	656	660	634	643	662	625	647	629	672	652	665	641	631	671	652	639	644	663	649	679	655	651	663	638	671	655	657	671	659	640	636	652	675	663	656	657	675	675	636	671	653	670	658	656	655	653	664	638	655	699	669	667	674	657	661	657	647	671	670	655	658	675	652	673	662	2667.000907
668	667	634	674	661	652	645	664	646	687	659	647	655	650	656	659	668	680	683	655	659	647	655	656	654	665	672	673	646	666	656	662	668	674	665	657	616	614	636	653	665	667	657	678	662	677	616	646	644	677	635	657	662	655	635	665	664	663	685	656	667	659	643	651	654	656	657	665	650	642	660	650	650	649	646	658	656	642	664	637	678	656	663	661	662	644	663	638	667	674	648	651	672	628	669	666	2668.512169
651	670	658	675	642	660	664	668	632	665	673	682	679	674	666	656	656	680	668	661	639	661	678	660	653	677	661	665	644	647	652	663	686	666	668	671	631	622	637	642	658	663	657	642	655	635	667	651	650	669	696	680	652	656	632	667	660	700	647	665	668	677	670	660	657	662	660	663	675	648	641	644	659	646	640	650	649	653	661	660	648	632	645	679	669	663	668	652	655	660	668	684	659	664	643	663	2670.033116
666	665	657	663	677	673	654	641	650	651	642	672	646	671	666	664	670	664	656	665	658	661	663	658	631	671	627	662	647	674	664	672	646	677	649	650	636	648	621	656	668	654	642	654	662	648	636	665	648	644	651	650	638	659	664	645	660	680	672	682	655	684	659	664	658	663	668	662	641	650	632	655	644	643	626	667	661	655	663	648	668	660	668	655	676	670	685	634	667	663	667	659	643	668	653	648	2671.553603
631	662	643	652	649	666	641	658	653	659	670	663	668	659	647	651	676	656	666	661	668	640	651	661	659	657	656	681	673	643	645	628	656	637	679	640	636	633	633	658	659	674	663	669	675	631	644	660	665	663	657	637	653	622	655	659	671	653	664	666	643	657	651	657	645	637	669	672	648	651	645	649	656	640	642	641	674	656	667	659	637	655	672	634	678	670	666	664	650	663	658	667	656	658	665	663	2673.0635
624	643	654	678	669	654	672	651	668	656	657	670	656	658	643	645	665	666	662	647	668	659	680	662	656	638	667	679	659	643	664	658	658	675	634	657	639	636	627	649	649	639	656	662	666	631	655	656	688	688	654	661	673	661	654	649	660	671	659	658	652	664	658	663	651	653	665	657	665	650	656	637	663	637	678	664	661	643	675	662	656	648	663	638	672	667	654	677	659	653	659	661	654	658	665	650	2674.572943
661	643	640	649	679	673	653	639	658	668	661	645	669	646	659	669	655	656	657	667	679	666	646	674	646	641	650	671	662	660	631	656	661	680	650	674	631	638	636	681	669	649	651	665	654	668	658	649	663	669	644	650	640	673	658	648	661	651	693	650	676	689	649	639	650	631	654	644	656	648	626	623	640	638	647	648	666	661	670	667	636	649	678	636	642	642	642	662	650	668	667	657	667	666	643	658	2676.09206
657	674	642	649	644	652	645	646	670	657	664	663	633	645	662	653	658	659	651	669	647	668	641	636	639	655	645	646	660	645	668	641	661	652	652	674	652	635	636	671	639	644	656	659	646	666	650	663	685	642	653	662	689	657	657	653	653	658	668	657	659	634	635	667	658	656	668	653	640	625	661	648	654	651	669	631	650	675	659	655	645	660	626	648	672	669	648	626	650	678	661	679	644	642	653	661	2677.600595
654	644	656	655	654	670	667	645	652	647	667	652	653	642	668	650	668	655	640	650	644	658	647	665	633	662	676	628	633	635	645	643	659	647	658	661	608	632	638	636	648	651	657	654	653	647	653	655	655	664	651	656	658	658	666	647	638	644	647	659	657	654	616	649	656	643	657	650	662	638	637	649	655	667	642	659	643	645	638	662	683	655	657	656	671	653	663	659	651	664	660	656	667	665	639	680	2679.108679
649	653	657	656	633	641	663	663	649	645	635	663	651	652	653	663	657	671	640	662	644	652	642	636	673	663	658	658	649	656	647	655	655	649	661	657	632	637	626	654	652	660	649	647	644	655	645	646	659	668	637	655	640	646	643	645	648	651	635	649	658	647	674	643	641	643	651	665	655	643	650	632	638	645	653	643	678	643	645	664	652	648	652	650	649	667	654	671	649	656	647	659	657	664	642	664	2680.626427
657	651	660	649	649	658	648	650	661	637	664	659	656	662	652	640	673	659	639	635	644	658	655	642	650	653	660	662	653	640	671	660	642	659	671	640	639	639	625	656	631	641	664	659	637	656	649	646	653	664	664	632	632	658	655	652	626	623	654	654	636	637	653	658	641	658	647	640	655	646	641	634	646	679	644	638	656	640	650	638	644	649	658	645	658	668	637	667	673	653	639	659	643	653	670	657	2682.133603
653	648	649	645	657	633	666	673	641	642	655	644	636	674	644	651	654	645	693	660	667	674	619	644	642	663	644	647	661	637	664	649	668	640	642	654	638	626	634	655	644	638	668	642	655	652	661	646	651	662	656	643	663	658	645	643	661	662	668	645	670	650	646	622	637	659	636	653	653	631	629	646	666	633	651	635	662	648	649	658	648	654	664	660	651	664	657	654	660	653	650	629	660	648	651	661	2683.640328
642	649	640	658	631	658	645	660	643	649	636	652	648	655	671	647	658	662	642	647	645	659	658	636	657	644	648	653	649	649	662	619	654	663	661	643	626	619	629	654	663	651	656	657	644	638	640	647	659	658	639	648	655	660	643	640	667	672	628	668	637	636	646	651	664	666	633	643	643	623	647	631	675	649	649	642	628	645	655	630	662	654	655	666	653	654	648	641	641	657	651	639	651	644	630	643	2685.146601
673	632	658	651	647	664	633	638	632	647	635	653	634	654	657	667	632	649	654	669	649	663	635	644	637	652	667	653	653	652	645	647	650	650	626	660	615	618	641	654	654	642	645	648	662	637	639	623	639	660	650	640	662	636	653	658	644	638	644	660	653	645	640	672	636	651	642	673	656	627	609	634	641	651	666	648	639	658	652	674	669	634	651	648	641	673	650	663	650	660	651	633	662	652	650	658	2686.652423
650	649	648	659	659	649	670	654	671	630	642	647	653	635	646	645	628	653	642	647	631	626	643	646	665	653	633	661	632	643	664	655	645	669	634	651	630	642	616	649	639	655	658	634	654	634	637	631	619	655	661	645	647	657	639	631	652	657	649	648	642	651	644	656	650	657	647	627	643	639	632	642	624	648	645	628	652	646	630	640	639	642	660	659	689	664	661	645	657	630	652	646	647	653	675	666	2688.157794
641	643	672	640	649	641	655	649	637	639	651	631	640	647	651	628	655	658	643	629	670	656	641	664	629	628	652	644	650	672	648	647	634	650	648	661	623	631	631	660	659	647	662	651	645	664	657	632	661	679	643	645	663	641	647	647	659	642	656	633	668	645	646	626	662	653	631	665	642	631	636	622	646	645	628	628	636	646	654	643	656	651	656	656	648	654	644	634	659	659	652	640	664	648	641	656	2689.662714
631	644	659	649	653	663	667	653	640	631	659	641	622	658	643	651	667	640	631	665	638	647	640	648	673	638	660	664	658	640	647	647	647	658	632	650	619	626	621	636	634	631	647	653	653	662	641	641	651	656	664	629	644	656	640	642	641	652	645	654	641	654	635	645	655	651	650	645	659	616	641	642	645	638	648	641	646	658	670	656	636	640	648	651	683	656	663	660	659	623	666	656	675	634	654	643	2691.157088
648	651	647	644	652	657	649	613	663	624	663	676	665	649	657	661	653	657	676	646	650	638	658	648	650	657	643	639	651	671	668	647	658	642	662	639	644	631	625	638	630	646	662	631	661	633	639	659	670	652	653	644	650	645	638	641	665	646	660	655	645	648	641	681	637	634	632	649	660	639	626	624	642	671	650	646	651	646	646	662	658	649	664	648	678	654	661	652	664	680	665	627	652	647	658	651	2692.661111
634	647	653	632	652	645	639	655	651	665	641	639	642	646	650	663	649	644	658	649	658	653	666	642	655	657	633	650	645	664	659	660	652	631	674	633	607	622	624	642	658	651	668	670	662	640	653	647	669	660	671	641	633	658	636	641	658	658	658	651	665	642	641	664	655	657	660	654	657	644	623	643	670	642	655	621	647	671	645	651	660	647	672	662	655	661	663	673	668	645	666	660	651	645	655	654	2694.164683
647	631	654	671	644	661	659	630	644	643	664	640	671	671	639	664	646	651	655	664	655	662	653	647	657	632	650	657	652	661	663	659	639	640	663	648	624	640	639	642	658	658	659	644	654	657	642	643	638	658	644	665	637	653	652	632	667	648	664	648	661	646	652	668	658	651	673	650	647	643	617	635	659	656	653	651	649	652	654	643	651	643	644	658	665	638	641	653	636	662	646	648	652	648	650	642	2695.657718
660	642	671	637	636	662	661	656	665	658	635	654	656	668	645	658	666	662	649	654	676	630	665	673	657	667	646	642	660	654	633	662	667	669	655	652	645	638	639	669	632	671	647	635	659	644	641	638	642	645	647	647	653	654	655	654	648	654	647	632	649	638	641	644	656	660	655	666	664	642	618	643	658	641	646	658	653	637	643	652	658	645	671	653	630	667	682	643	657	637	641	663	664	651	633	658	2697.160393
672	674	642	652	685	659	656	668	658	660	659	675	643	651	638	681	656	647	644	661	673	649	664	648	668	655	655	664	651	662	626	650	655	649	654	643	642	629	646	658	637	653	665	659	672	672	653	627	656	682	660	654	658	659	651	654	673	670	666	659	655	642	646	651	670	664	645	664	645	654	650	636	648	677	663	656	640	680	666	662	663	668	660	677	649	655	662	657	649	665	648	658	661	658	658	648	2698.652539
642	646	650	653	650	644	666	650	652	681	654	662	652	666	658	665	665	668	648	640	664	661	662	653	651	689	665	669	651	648	661	647	655	676	648	665	627	624	624	665	646	645	665	631	644	641	651	644	662	674	661	675	666	659	664	655	653	667	677	675	645	661	650	662	652	664	660	648	648	653	644	647	644	644	648	641	635	678	649	654	652	653	666	652	656	654	636	671	639	657	671	656	654	662	633	674	2700.154318
669	649	659	650	652	639	658	652	645	648	658	673	662	650	663	689	652	670	663	662	653	666	664	655	645	657	668	652	665	656	663	669	645	669	655	666	644	626	629	682	614	650	671	656	655	642	669	660	650	642	656	653	667	653	654	680	659	648	669	659	664	644	678	655	653	659	653	687	657	637	635	641	657	669	676	666	672	665	641	662	650	650	667	685	668	663	654	651	662	668	665	652	654	663	692	684	2701.645573
646	658	659	636	677	656	638	656	665	661	670	673	652	663	671	678	684	634	683	667	665	675	650	650	647	657	658	672	667	655	668	661	649	668	653	657	634	628	639	646	656	660	666	680	678	639	651	642	667	647	672	667	648	640	664	670	659	655	636	655	657	648	642	676	677	676	656	667	668	647	633	637	653	659	638	650	660	673	632	657	665	667	655	651	670	672	667	675	683	656	674	648	661	666	639	652	2703.146458
655	669	649	668	659	658	632	664	648	652	663	640	645	661	639	665	643	653	657	671	660	674	648	668	661	654	651	647	659	653	664	667	654	635	673	653	623	650	648	655	666	661	663	667	650	626	656	650	674	686	663	677	655	649	636	655	663	670	674	665	657	648	638	661	658	650	654	654	652	643	649	654	646	654	649	641	656	661	662	671	652	643	652	660	665	671	658	652	664	648	669	661	636	659	651	659	2704.636824
671	653	676	647	680	659	668	671	642	650	642	665	640	681	658	665	668	692	653	655	657	660	650	668	651	661	666	646	660	661	651	678	672	676	664	660	642	654	619	640	654	660	671	643	655	670	668	653	656	670	669	663	660	678	672	628	648	665	666	651	698	670	666	654	656	667	654	651	684	651	634	654	653	666	654	666	654	657	682	652	675	649	659	664	666	645	676	663	656	684	668	677	677	656	654	673	2706.126749
669	659	644	650	663	664	641	649	656	641	654	666	669	668	658	659	669	657	652	658	644	668	668	658	659	650	662	663	637	662	667	661	659	674	634	669	627	628	643	650	669	666	644	675	661	649	651	630	668	651	662	649	669	667	665	668	657	654	668	638	650	656	647	646	642	661	648	652	668	638	628	650	658	651	664	655	666	667	664	674	656	639	665	637	631	667	643	675	663	663	663	659	649	664	670	647	2707.61623
673	642	658	662	647	645	661	663	656	645	674	651	645	652	655	659	636	654	687	673	650	654	662	662	677	655	670	666	660	645	644	629	667	644	676	657	640	623	622	653	657	664	666	671	644	633	639	682	666	659	652	667	644	670	633	637	657	658	655	666	665	645	656	645	673	662	654	659	646	648	661	668	644	630	652	668	650	674	671	638	653	665	659	654	663	657	679	675	669	668	680	663	635	661	638	660	2709.10527
626	658	631	667	685	661	640	651	662	662	653	648	659	671	643	645	656	654	661	663	658	655	666	645	636	656	650	672	642	653	657	660	654	670	650	654	620	654	621	659	656	652	649	663	654	651	648	660	645	674	663	645	656	668	634	663	641	659	643	661	640	669	662	639	640	653	652	653	635	642	637	663	632	654	648	674	651	648	665	645	679	667	656	679	653	656	660	652	655	649	665	665	647	646	658	657	2710.593868
639	656	641	650	659	668	667	660	648	638	657	636	662	664	648	690	660	664	657	632	645	665	647	654	666	630	678	663	669	636	652	672	657	648	640	656	633	643	612	655	664	641	645	659	660	625	656	642	651	668	663	660	660	652	648	649	643	658	653	678	655	647	649	669	672	659	669	682	649	644	635	633	644	662	650	648	673	662	652	676	648	663	636	656	668	665	670	672	663	693	659	664	649	655	646	652	2712.082023
625	659	631	669	651	666	652	648	658	655	657	640	652	657	657	663	653	641	660	656	656	688	666	646	655	666	636	666	660	672	640	639	666	659	669	652	639	629	646	668	659	625	646	659	675	651	655	646	659	652	647	648	647	645	655	634	629	653	664	660	649	649	666	652	651	668	669	673	629	645	637	650	656	651	663	647	660	652	668	647	656	672	653	650	667	654	650	649	636	653	654	644	656	667	665	656	2713.569738
677	663	651	649	649	664	635	646	657	663	647	652	632	637	670	648	642	656	643	662	647	639	672	647	633	681	679	664	650	658	631	670	671	656	650	642	621	638	632	654	653	626	664	670	666	645	652	656	660	648	647	660	663	651	640	634	637	657	672	660	652	658	650	663	653	655	663	661	644	642	629	647	669	644	649	641	649	666	628	635	662	650	673	686	656	671	656	671	662	654	664	684	674	658	659	666	2715.05701
649	642	659	653	667	653	653	641	648	661	648	643	651	667	656	688	671	657	647	667	633	653	641	640	632	653	663	651	650	668	673	638	633	659	641	664	625	626	632	653	645	653	642	671	648	646	647	642	665	673	674	636	649	675	665	647	649	650	674	660	665	646	651	675	669	640	663	653	662	644	640	627	661	647	664	639	649	659	648	657	656	647	643	640	649	665	655	636	648	650	650	677	652	665	641	669	2716.543842
644	654	670	637	666	651	656	637	642	666	657	665	674	646	636	646	671	655	680	672	642	651	666	644	673	641	665	659	643	668	644	660	624	675	657	649	658	631	648	667	666	672	671	655	676	650	690	635	667	654	674	608	659	673	657	650	660	650	652	657	627	653	680	678	651	639	638	658	648	650	636	650	641	652	654	654	663	651	669	663	638	657	672	656	651	658	647	677	657	664	666	654	657	672	677	661	2718.020191
660	650	641	656	664	643	651	658	652	667	663	658	666	640	662	653	638	663	638	669	671	660	661	665	642	655	655	645	662	659	635	664	669	668	657	663	636	637	641	657	650	692	665	658	668	660	639	653	662	693	660	636	675	616	658	656	666	651	662	667	641	657	653	674	660	663	661	671	649	638	643	629	668	659	661	645	656	651	662	658	651	640	663	656	652	654	674	662	652	663	671	656	664	633	643	669	2719.506143
645	660	667	670	668	668	666	680	662	652	663	661	648	647	648	647	668	658	666	669	672	635	651	657	658	635	670	651	664	670	680	655	653	668	669	646	639	650	630	663	647	657	652	680	661	670	669	674	645	688	677	657	654	676	657	659	642	659	645	666	659	649	654	658	656	667	659	666	655	633	647	618	680	641	652	632	654	665	643	662	665	671	657	636	664	647	663	660	672	687	665	652	662	690	672	656	2720.98162
665	660	671	654	662	661	656	653	673	654	682	666	680	654	653	667	670	656	658	675	647	679	660	656	665	655	679	668	649	681	663	648	656	667	671	661	640	635	645	662	670	666	654	659	666	662	641	651	686	656	693	654	675	675	645	663	673	668	673	616	672	637	662	667	660	669	665	662	648	642	687	652	653	672	659	645	645	690	665	673	661	657	661	669	683	681	667	644	664	673	666	666	676	652	633	673	2722.466694
663	676	658	644	666	660	654	662	674	653	674	678	648	660	666	639	675	655	653	657	670	650	669	656	667	656	645	668	658	654	672	658	661	672	672	666	645	635	654	670	656	653	660	675	652	668	653	648	667	670	675	666	677	674	656	667	673	666	687	658	673	660	678	666	677	672	649	656	683	644	658	641	656	675	679	654	678	674	658	640	649	687	642	665	674	665	668	654	657	688	661	651	657	635	662	662	2723.941299
662	648	651	676	655	673	671	659	662	665	656	673	663	675	664	663	673	655	659	654	652	671	667	668	658	641	675	657	654	666	664	678	672	673	665	655	644	635	643	654	657	654	663	670	652	660	657	670	689	680	689	642	666	649	648	666	657	670	679	674	645	676	637	651	678	692	660	681	663	646	642	662	680	659	658	657	692	675	660	651	658	674	649	666	647	662	661	663	684	663	652	668	693	677	658	672	2725.425496
669	671	663	660	676	684	684	670	643	676	644	682	667	660	653	669	652	676	662	649	662	669	662	659	656	690	665	666	673	697	667	664	662	668	659	677	652	652	654	669	670	655	674	670	664	652	655	649	671	683	649	658	636	665	659	677	673	674	671	670	676	653	676	670	674	683	660	649	674	653	658	646	686	681	661	655	664	669	671	676	672	656	664	668	655	664	676	680	664	687	694	663	660	659	653	663	2726.89923
694	668	654	676	665	674	663	660	680	676	650	665	647	688	665	678	660	677	651	665	676	685	686	667	673	664	673	665	687	672	716	663	666	656	699	680	646	635	640	665	680	683	643	649	683	659	660	666	688	686	670	677	674	660	672	673	666	685	676	686	661	667	671	653	683	666	675	693	692	629	646	669	658	689	656	668	664	682	658	685	683	658	665	668	656	652	644	663	666	674	688	678	685	672	669	687	2728.37253
660	657	655	667	673	679	677	679	656	671	657	670	697	676	656	676	696	666	659	667	701	662	683	665	681	696	656	665	665	661	687	680	660	681	657	668	637	650	648	671	669	688	684	667	657	655	654	655	680	664	655	666	672	653	690	676	682	673	679	670	658	665	676	651	690	677	650	675	686	670	649	659	670	659	652	680	677	656	678	683	654	660	661	663	669	663	662	677	687	683	668	693	665	677	698	671	2729.855414
682	684	665	680	675	682	667	666	685	673	687	680	666	675	680	686	673	661	672	663	673	677	693	672	672	696	661	685	676	660	685	663	678	687	682	683	637	650	634	649	663	681	675	664	673	687	642	669	678	688	662	668	663	656	683	681	661	684	696	674	683	665	677	662	671	663	668	669	677	663	660	646	681	687	660	679	688	694	682	694	694	682	675	672	665	660	673	683	668	702	665	684	661	666	665	664	2731.327844
653	656	679	649	662	665	674	654	688	647	665	686	679	663	676	681	699	676	665	677	675	669	651	649	669	668	686	671	666	669	673	689	670	687	656	673	642	648	656	651	676	662	697	667	648	672	657	643	666	688	675	676	670	687	671	670	680	672	675	682	681	665	668	678	660	692	701	689	658	669	652	649	690	697	651	680	696	639	660	669	683	679	675	680	693	676	667	692	673	653	674	662	694	681	680	676	2732.799841
683	674	679	672	654	679	664	672	674	669	692	662	668	689	664	692	666	687	675	667	681	676	669	665	674	682	664	677	682	659	667	660	662	683	672	689	645	630	640	681	666	694	670	682	684	668	672	679	674	707	667	688	689	690	671	690	662	686	692	655	665	652	674	665	693	685	674	655	666	682	639	646	660	655	667	690	677	662	667	660	676	667	673	667	692	670	666	669	680	661	666	662	687	679	657	697	2734.271405
662	653	694	689	657	692	665	664	651	667	669	667	668	669	683	687	681	676	646	669	680	658	675	656	675	683	658	684	657	655	672	675	666	674	684	673	651	643	670	656	677	670	674	666	678	667	686	669	663	677	670	663	652	680	666	654	673	677	683	673	687	661	662	666	673	665	666	678	665	659	677	670	670	674	673	669	665	679	675	652	645	709	657	660	675	669	685	661	701	681	655	677	681	685	673	680	2735.742536
689	681	659	667	698	672	701	647	678	681	686	664	668	651	670	652	664	667	680	657	674	682	690	679	679	699	649	665	656	676	673	673	670	667	678	679	646	638	646	658	643	671	670	663	668	656	677	651	662	686	677	674	659	649	673	648	664	692	680	637	665	667	677	664	682	669	666	674	691	675	639	662	661	657	659	673	661	674	675	670	689	676	678	684	683	673	679	671	673	668	691	682	676	643	664	661	2737.213234
652	650	682	662	684	652	682	666	661	684	669	674	639	685	663	655	661	662	681	673	680	679	674	665	681	661	667	673	677	658	691	669	681	683	668	679	633	643	632	672	678	688	661	665	672	647	655	690	674	656	654	663	694	682	646	673	674	666	663	658	676	652	671	638	680	651	670	672	679	665	658	645	675	651	658	650	673	671	673	657	659	654	657	665	673	673	680	675	672	675	657	663	675	678	656	673	2738.6835
655	678	676	643	666	662	664	673	664	661	658	660	679	677	662	673	680	674	683	666	660	646	673	665	654	653	678	666	681	670	668	657	677	691	664	662	641	624	661	641	651	685	669	671	658	634	655	652	673	665	673	662	673	668	676	663	670	665	672	680	654	668	666	643	666	676	692	634	661	662	663	650	662	667	658	660	662	653	689	672	668	653	678	647	679	671	690	694	671	680	668	646	673	650	670	680	2740.143337
667	660	651	673	686	639	656	681	668	665	665	668	686	646	680	665	668	670	653	674	674	649	659	650	668	654	671	654	641	653	694	670	685	656	675	648	656	623	617	664	664	671	667	666	671	642	670	669	693	631	659	636	656	675	678	693	660	696	666	674	656	647	661	651	647	653	658	670	689	667	649	658	652	680	652	678	644	667	650	646	666	663	649	642	670	670	657	654	656	660	655	686	663	669	677	648	2741.612742
644	665	657	663	649	668	648	657	661	658	651	653	648	659	643	643	657	676	649	663	669	661	671	650	658	676	665	678	676	642	661	673	654	640	654	639	643	627	649	672	662	661	667	663	663	645	653	653	703	667	655	636	661	665	668	664	667	683	645	683	665	681	645	635	688	667	663	665	661	660	631	632	644	669	654	646	638	666	657	673	655	663	688	644	651	672	651	674	676	659	685	658	659	658	671	656	2743.081715
654	656	635	647	671	652	640	639	651	661	667	655	664	640	649	670	665	659	645	633	651	667	659	645	660	624	697	665	671	679	664	661	667	654	645	653	636	638	653	644	671	646	659	644	657	659	649	640	661	682	648	650	636	652	661	654	633	665	660	640	648	648	641	658	654	661	649	669	675	643	649	644	679	666	651	666	657	679	668	658	643	648	654	667	654	660	649	669	645	636	655	664	683	662	673	659	2744.550256
681	642	650	662	652	651	652	659	668	665	647	649	638	641	649	659	655	648	653	682	657	652	646	662	652	669	641	669	645	657	670	666	652	680	675	644	635	625	635	666	655	652	668	640	665	642	649	646	643	660	662	660	647	652	653	653	640	650	649	655	664	654	650	654	625	638	671	646	654	644	659	667	674	648	635	679	661	633	624	651	676	651	647	645	657	657	648	663	663	647	651	684	660	649	656	672	2746.00838
653	669	646	645	664	646	652	655	639	659	661	633	649	649	668	671	652	655	640	648	634	644	656	660	655	642	658	657	653	662	667	654	661	660	648	672	647	638	645	649	640	640	640	671	666	665	623	654	652	669	653	629	651	651	666	647	646	664	656	654	632	650	657	647	644	654	654	662	655	642	652	639	649	659	658	651	662	654	663	640	636	670	647	672	653	676	658	647	638	661	658	692	648	640	639	654	2747.476062
657	659	664	653	652	666	653	645	649	655	663	668	635	649	647	663	637	651	650	645	666	649	671	657	638	660	665	669	661	648	667	653	658	627	662	655	632	641	615	633	641	654	640	667	652	641	666	650	665	669	657	644	643	671	672	651	647	662	646	662	642	645	641	648	656	648	663	662	652	641	649	644	638	679	657	651	654	660	642	647	656	657	647	649	646	654	669	652	679	654	650	630	658	654	658	658	2748.933333
655	642	662	653	651	645	657	648	657	658	668	647	631	648	645	669	669	693	651	650	683	642	664	662	657	669	668	637	671	656	647	644	655	634	655	672	629	644	636	652	658	662	668	639	635	672	665	656	658	659	653	657	640	654	659	662	652	658	658	632	654	673	657	677	644	650	658	636	653	660	652	641	659	653	642	636	657	637	675	655	661	657	637	659	660	661	652	641	652	672	648	649	656	662	659	656	2750.390178
651	644	637	686	684	658	656	658	635	653	665	655	635	653	639	640	670	648	656	651	633	660	632	646	654	663	636	638	662	651	670	671	654	665	644	635	637	624	649	652	652	640	643	646	643	653	666	646	668	663	655	647	653	640	644	631	668	649	671	660	647	655	635	645	658	631	665	634	664	647	656	652	662	666	659	658	674	663	636	653	679	676	671	657	655	662	639	664	665	643	646	646	647	671	656	661	2751.856573
652	658	637	643	667	656	668	664	645	647	666	626	652	625	658	623	633	662	654	662	647	662	636	645	658	666	659	627	634	641	654	662	671	664	651	645	643	638	653	674	663	652	665	659	673	636	637	636	685	661	655	665	638	656	657	647	644	656	655	643	646	656	650	663	667	641	660	644	668	641	625	666	641	657	660	651	647	655	681	654	656	662	632	667	634	652	650	678	678	645	680	650	672	666	667	644	2753.312566
658	649	672	650	640	638	654	655	665	652	632	643	654	643	658	653	643	635	650	666	660	658	664	655	647	661	646	650	652	665	676	652	672	660	659	666	635	604	637	626	663	650	660	641	639	653	648	664	646	660	674	646	658	639	643	665	655	654	661	654	656	650	658	666	651	663	653	652	640	639	647	643	661	673	649	666	645	673	655	660	635	643	656	630	669	667	662	664	660	660	651	660	647	669	633	642	2754.768135
650	677	650	655	647	658	634	667	658	666	653	667	647	650	647	661	655	658	654	668	633	664	661	650	677	639	652	657	671	653	658	645	668	653	676	671	625	638	633	672	666	652	671	652	669	645	646	631	679	668	674	658	657	644	668	651	634	681	674	647	639	687	659	678	662	660	639	683	669	648	647	650	642	669	649	626	651	655	673	664	668	652	643	667	651	676	668	648	648	670	657	654	654	640	655	657	2756.22328
670	636	665	661	656	664	640	668	654	638	667	649	662	656	649	637	659	680	659	645	662	1355	668	674	644	667	673	641	658	666	669	678	682	650	674	647	641	654	654	663	659	659	666	655	668	656	642	630	663	667	674	656	650	631	655	673	641	643	679	670	658	651	664	653	643	657	650	651	645	637	668	649	667	646	672	652	645	655	654	655	655	683	665	667	664	670	650	666	676	659	660	667	672	643	654	659	2757.678
662	659	664	678	664	657	676	645	658	663	655	664	659	662	660	655	660	636	659	674	662	651	641	665	664	677	653	663	640	650	688	647	656	668	656	669	622	626	621	640	661	661	673	669	660	654	671	655	665	654	668	669	653	664	644	653	665	646	652	680	680	658	658	649	656	678	668	626	677	633	641	619	638	669	648	668	665	674	666	671	664	654	647	652	655	660	659	646	654	676	662	651	659	650	669	675	2759.132297
660	634	673	656	637	674	654	660	651	670	651	683	641	652	654	669	651	657	664	651	674	671	656	646	671	662	630	677	673	675	661	650	692	655	647	672	655	634	632	621	658	648	673	666	662	668	651	661	671	667	692	671	651	647	661	646	666	662	663	647	652	635	639	667	654	652	660	644	679	649	637	649	661	661	667	656	641	688	670	655	636	656	650	634	670	669	656	680	673	649	674	673	669	636	659	675	2760.586169
650	650	651	633	653	643	649	642	632	672	677	677	646	684	645	671	671	647	639	656	643	673	664	673	666	636	655	661	665	679	669	665	653	661	649	655	654	648	634	668	663	642	663	656	661	651	644	678	660	648	666	646	665	668	648	671	665	647	671	642	665	658	659	668	664	664	657	665	647	637	621	627	668	653	643	653	658	658	658	666	657	665	676	657	660	654	672	669	657	694	674	664	666	674	678	659	2762.039619
661	658	666	661	664	670	649	665	653	661	652	665	647	654	660	655	642	656	669	649	666	665	651	676	670	641	661	665	648	655	660	669	651	648	683	639	637	634	657	681	673	655	664	652	668	639	650	659	663	676	672	652	665	665	644	669	661	667	650	657	659	654	651	657	637	672	657	653	658	642	676	629	648	651	660	679	671	663	650	662	666	641	664	665	672	660	661	675	654	659	655	644	660	668	649	643	2763.492645
659	667	643	655	667	634	656	650	681	651	668	651	665	655	650	676	644	669	650	656	640	661	650	655	624	665	661	648	654	663	647	661	641	683	660	650	640	644	609	642	658	660	636	643	669	639	668	645	678	671	645	638	654	661	655	660	653	650	639	636	667	654	644	646	671	639	666	654	669	655	660	651	657	636	636	654	673	642	660	667	671	659	662	685	650	657	666	660	657	673	663	653	670	664	657	650	2764.945247
657	647	674	661	664	653	647	640	645	670	633	685	646	631	634	659	641	629	649	655	657	639	647	651	666	669	651	669	653	654	645	630	673	642	659	675	635	625	650	664	657	666	651	663	671	651	646	653	656	671	644	657	612	629	675	663	656	668	665	662	653	655	653	644	644	663	634	667	664	650	652	633	630	637	641	649	657	654	654	667	658	637	665	645	668	647	694	673	665	661	652	670	644	635	652	662	2766.387482
665	675	622	645	651	623	667	639	635	669	657	673	659	639	665	664	644	658	656	647	641	670	666	663	648	661	654	655	652	641	643	639	651	658	648	654	629	620	638	643	652	664	665	647	635	652	621	651	669	647	665	623	646	641	660	654	642	637	687	659	656	651	662	675	641	657	658	663	649	649	642	647	628	639	665	637	652	652	648	663	642	643	653	656	651	675	663	648	663	667	670	672	661	652	645	648	2767.839242
663	647	660	669	660	652	661	659	657	661	647	655	637	651	647	652	653	652	665	655	631	636	649	651	649	656	641	676	637	640	670	667	650	663	635	664	636	625	640	641	641	649	642	664	641	657	633	669	647	654	654	644	645	663	651	631	646	668	666	647	655	651	671	643	659	656	669	655	663	638	639	640	647	651	645	646	636	650	657	655	650	675	652	658	648	640	672	652	667	655	650	643	668	663	642	671	2769.290579
672	676	652	657	641	645	649	644	657	648	651	657	645	654	643	657	654	655	662	641	641	668	642	655	643	631	656	653	659	667	641	647	652	660	657	651	627	624	627	648	661	651	651	667	663	644	624	659	662	665	660	641	649	652	653	651	661	658	652	667	651	652	641	636	635	656	642	651	639	636	634	633	658	648	656	635	661	635	652	642	666	637	661	657	637	654	653	666	647	639	654	667	633	650	641	653	2770.731557
657	670	651	624	654	652	634	634	656	632	643	633	650	645	648	656	653	645	649	641	653	642	651	647	652	658	626	657	644	634	629	659	636	654	633	648	639	641	625	640	650	641	657	637	650	613	667	646	641	647	649	648	689	646	638	640	653	654	642	637	638	630	626	656	649	641	657	632	651	626	646	626	652	660	649	650	657	652	630	661	669	637	654	663	636	642	645	648	639	654	663	646	659	669	652	643	2772.182053
635	659	627	652	639	638	625	657	643	648	653	665	622	646	641	639	649	652	647	647	646	657	658	653	652	628	665	659	631	640	647	647	646	641	644	641	639	615	611	653	640	658	653	658	637	642	661	638	663	653	633	617	651	651	640	649	664	654	643	656	648	655	653	639	641	668	646	641	649	644	617	645	649	616	644	646	656	661	639	645	668	660	653	647	662	644	659	667	656	656	646	647	632	658	635	642	2773.622195
653	629	628	659	640	618	662	669	654	643	624	636	638	640	639	650	641	644	638	659	638	657	649	644	643	640	655	663	666	641	647	641	678	650	627	643	619	624	619	644	645	648	665	642	650	636	628	649	684	657	662	670	632	650	662	655	648	643	638	651	650	613	626	642	653	682	657	622	640	633	645	635	640	643	645	640	653	638	647	625	636	622	656	631	625	661	658	667	633	662	647	648	645	653	633	643	2775.061922
639	637	650	642	635	663	657	669	665	642	638	647	632	653	631	656	644	638	647	631	633	650	648	663	638	664	644	640	628	632	649	666	651	634	654	636	646	612	641	649	661	632	650	658	613	626	652	645	641	666	635	666	639	653	641	636	649	653	647	633	659	641	645	663	641	647	644	631	650	621	627	626	637	643	650	638	637	654	656	664	649	640	648	660	643	626	653	636	649	650	641	636	649	629	670	646	2776.511157
669	630	648	656	638	642	653	650	634	664	662	625	640	632	618	626	642	638	649	642	657	634	653	645	623	639	653	652	642	638	642	638	654	625	656	634	622	630	628	625	651	650	651	655	654	642	650	624	633	656	660	641	633	645	646	632	653	648	632	658	635	657	656	640	654	642	650	652	640	641	630	626	653	656	630	654	641	642	646	652	636	645	643	648	662	666	652	624	649	643	667	643	631	642	659	644	2777.950049
658	648	660	649	654	654	669	662	653	645	643	645	654	633	642	652	648	661	640	637	646	653	647	665	662	662	656	654	650	643	654	664	654	644	641	627	632	614	631	657	652	635	645	648	659	648	662	630	639	650	662	650	637	630	621	644	648	642	628	658	637	617	647	649	639	665	630	640	650	641	624	628	653	633	633	637	668	658	644	637	672	632	640	662	652	650	665	650	646	647	657	646	646	638	634	647	2779.388526
651	655	639	625	649	647	642	639	642	655	626	635	636	637	633	655	645	641	655	654	662	645	644	641	666	643	648	636	645	633	624	649	652	630	645	664	635	616	650	664	633	652	638	659	634	641	641	647	642	643	645	656	665	630	647	645	657	656	639	640	635	643	669	647	659	665	657	665	642	609	634	636	657	641	620	663	648	655	633	644	638	651	658	645	666	650	650	630	662	665	653	654	655	630	644	647	2780.826587
656	636	634	640	628	640	668	647	651	647	664	630	624	632	644	650	653	644	630	645	657	660	667	638	648	653	645	650	646	650	672	646	656	645	641	651	621	629	640	647	658	664	649	657	644	650	638	639	648	651	668	630	647	648	649	668	644	639	654	655	631	649	624	630	633	645	646	648	665	627	623	641	634	651	639	649	637	645	665	647	645	646	639	652	642	641	656	654	646	636	648	643	642	634	663	650	2782.264232
639	660	644	652	638	647	648	670	657	645	655	660	642	674	665	636	651	658	651	635	672	682	649	658	638	653	649	661	661	630	650	641	654	663	645	650	642	645	632	637	648	649	669	643	663	641	630	628	633	647	664	664	640	658	656	657	651	657	648	650	633	639	645	648	631	650	652	656	670	636	626	624	643	644	666	640	642	661	660	646	654	666	649	653	658	636	640	640	653	646	630	655	659	630	654	646	2783.701463
667	637	668	648	640	659	642	645	643	639	646	643	674	653	631	652	660	667	650	643	670	669	632	629	665	637	649	658	663	671	650	664	654	664	646	654	646	632	629	660	651	658	647	660	647	664	628	633	664	637	635	654	656	646	656	651	675	658	652	663	668	653	653	664	659	654	656	633	661	631	631	625	670	648	649	670	651	630	651	647	656	641	646	646	651	660	664	675	657	668	656	634	664	653	661	642	2785.138279
641	639	637	636	659	662	648	646	662	651	651	659	642	661	657	664	649	663	660	684	640	666	656	636	635	652	662	671	651	655	643	639	666	645	651	657	642	629	641	650	669	655	664	639	643	635	652	630	659	659	663	669	631	651	668	659	665	645	655	663	668	653	659	671	642	652	677	650	636	681	644	644	675	659	659	645	671	661	651	651	639	654	652	659	657	647	660	643	662	662	677	659	648	671	625	647	2786.57468
674	644	643	662	638	648	644	671	658	644	653	666	648	653	637	661	668	677	660	681	661	630	659	654	667	671	644	663	657	643	646	648	651	639	653	664	635	629	640	638	636	671	656	668	652	647	642	643	684	651	643	668	636	660	643	663	632	649	660	668	642	641	660	644	649	652	634	668	675	671	646	642	654	678	649	652	672	653	652	668	645	649	651	670	653	660	665	681	670	657	639	667	640	679	684	650	2788.010667
621	635	667	665	653	665	671	645	651	672	681	643	662	660	666	662	657	674	638	636	649	648	653	650	642	675	669	658	660	636	665	664	650	653	648	686	661	645	622	657	638	657	668	632	666	657	645	652	648	658	648	653	657	641	673	644	657	669	637	648	654	643	646	654	632	658	663	654	671	644	642	639	683	664	632	668	644	663	662	669	696	653	670	629	667	673	645	671	657	659	657	667	654	625	653	652	2789.446239
662	641	657	666	642	668	662	648	643	678	672	655	626	637	642	673	641	655	668	659	657	662	650	658	641	673	658	648	669	664	660	650	671	663	658	662	635	632	628	684	668	653	648	672	645	645	655	651	661	673	677	648	642	672	658	666	634	677	674	645	671	661	647	665	658	645	662	653	687	644	638	619	674	655	649	643	652	648	663	637	665	651	663	655	659	650	680	621	650	660	680	654	645	665	658	676	2790.871501
643	659	653	654	668	672	652	661	668	634	659	653	655	641	641	642	657	653	658	658	656	666	669	664	653	665	657	676	677	659	643	655	642	652	655	653	633	664	644	669	645	653	669	668	664	656	645	640	649	672	670	641	663	655	656	669	651	670	654	674	664	661	657	663	663	658	645	658	672	640	647	653	652	646	667	653	648	656	656	655	668	661	645	657	665	648	668	664	698	655	662	675	659	649	667	640	2792.306248
648	649	668	635	636	662	651	663	645	628	637	641	637	643	644	671	644	664	656	642	656	646	649	653	655	654	652	654	647	678	671	647	659	657	658	645	626	631	619	661	635	665	661	658	645	652	650	655	661	678	665	656	678	656	664	667	637	670	659	675	630	635	647	652	676	643	665	660	642	652	652	657	655	645	652	640	643	667	637	661	651	647	654	678	664	645	653	641	660	655	665	670	647	655	647	664	2793.730691
660	660	635	668	646	641	649	649	640	660	655	641	636	659	654	634	673	634	666	646	664	662	666	663	636	633	642	659	644	659	669	633	649	655	653	671	640	631	609	642	662	657	649	654	653	642	656	644	672	662	647	630	635	644	651	658	657	648	651	662	655	639	646	646	646	652	629	648	655	662	659	640	647	665	634	650	658	655	662	646	662	651	646	662	659	655	655	643	657	669	670	647	671	673	638	671	2795.164613
641	648	658	654	654	647	646	665	665	661	656	637	651	646	658	636	633	665	647	659	660	655	656	658	667	653	641	651	651	636	666	660	655	660	644	650	631	627	631	664	675	656	643	642	654	656	658	645	643	633	664	644	654	663	653	650	628	650	646	647	652	648	639	641	643	647	656	656	669	626	641	646	652	641	666	643	640	653	636	648	641	639	653	642	655	654	653	645	655	678	674	646	640	642	656	647	2796.588238
655	640	652	653	642	658	667	654	641	648	640	652	650	661	634	673	655	679	636	647	643	655	635	675	668	650	662	636	644	659	654	648	641	673	640	658	611	654	641	662	668	662	659	645	663	650	682	626	670	680	651	655	626	652	663	641	667	657	653	647	674	667	650	669	643	660	651	642	627	639	639	644	642	645	657	659	649	655	658	650	641	654	630	645	678	645	640	658	646	645	641	655	640	647	661	646	2798.021336
672	644	653	637	658	661	637	641	656	650	647	652	658	628	649	672	654	656	632	644	644	655	662	659	661	649	671	651	659	656	659	655	649	643	667	653	649	628	635	655	643	659	641	649	643	652	633	644	650	669	663	646	657	643	654	639	638	630	669	647	645	650	664	641	638	636	654	651	676	651	626	647	641	662	662	645	664	635	664	635	657	650	655	649	671	638	648	632	631	655	653	655	637	637	638	647	2799.444143
639	628	630	633	649	636	684	636	646	651	659	654	664	647	662	653	665	646	677	653	647	649	636	659	653	644	658	648	658	660	645	660	642	653	651	656	637	632	643	651	666	666	651	657	643	642	662	641	650	650	657	660	660	655	667	647	648	633	650	643	659	663	655	644	664	631	645	655	653	637	635	630	650	656	638	664	641	648	644	650	644	650	657	671	656	655	641	686	655	675	642	669	636	645	646	644	2800.866542
631	640	656	668	661	630	633	656	643	635	643	642	642	647	647	652	627	634	650	658	651	656	659	661	648	663	654	658	665	653	639	633	646	661	650	657	640	640	633	633	653	625	654	648	627	628	663	655	660	664	646	631	652	648	646	658	663	661	661	643	636	645	632	640	662	641	654	634	662	632	628	630	621	652	658	658	653	645	656	649	654	641	689	641	665	645	667	630	643	651	659	670	640	655	643	665	2802.298407
654	629	632	636	663	643	653	659	655	661	627	677	657	634	665	656	633	644	651	648	665	668	628	662	651	645	648	666	640	628	648	661	647	642	645	649	637	607	620	646	663	638	654	658	633	642	644	646	651	665	655	651	650	639	646	646	660	659	623	644	640	636	648	623	635	638	634	635	662	624	659	657	649	635	682	644	656	636	644	657	649	642	644	638	637	670	646	659	624	653	645	639	672	653	635	637	2803.71999
630	647	639	661	645	662	654	652	645	666	663	654	640	647	646	666	656	663	652	652	628	665	650	650	667	641	635	666	650	659	659	628	643	673	663	632	648	629	622	664	634	666	648	654	647	657	658	645	657	653	654	647	643	641	650	639	642	661	649	645	652	651	665	667	654	644	655	647	640	632	626	636	637	650	640	637	643	659	643	650	651	657	653	670	647	652	649	651	649	657	655	647	667	634	648	652	2805.141166
648	656	644	663	650	638	661	643	649	659	661	642	631	644	634	641	665	642	643	647	643	666	640	641	645	628	645	657	656	634	694	655	656	641	616	633	617	641	628	618	636	641	628	637	626	637	643	658	659	642	641	640	640	621	659	641	650	656	640	663	638	649	658	653	659	647	654	673	639	635	641	645	652	653	649	658	649	655	644	656	651	619	645	646	659	651	652	621	609	658	659	628	670	647	656	648	2806.561935
649	633	642	650	634	655	634	644	664	630	649	658	645	636	641	642	646	656	655	636	660	654	657	650	642	649	647	645	630	650	629	648	657	650	641	661	614	645	655	655	654	645	672	654	657	642	636	630	667	657	640	642	647	645	665	643	645	638	637	638	635	648	630	656	659	660	653	621	651	656	634	641	654	651	667	630	661	633	645	655	666	669	649	640	628	636	657	659	653	640	644	650	644	639	636	651	2807.982298
651	650	650	641	667	661	654	673	640	636	663	640	663	650	652	655	660	643	660	663	657	648	658	655	657	675	655	640	648	650	640	660	667	650	651	665	608	635	645	653	648	644	658	647	652	652	629	649	684	674	655	651	634	636	654	665	657	656	643	667	648	649	657	649	647	656	662	665	638	641	649	647	638	652	637	650	640	685	655	645	653	669	637	645	648	648	654	651	663	634	644	665	666	653	647	676	2809.402254
644	644	681	650	654	666	660	638	654	657	689	665	661	634	635	647	653	670	651	656	656	674	659	653	661	650	642	684	657	666	652	667	656	652	652	648	639	647	651	673	648	649	614	667	641	661	667	666	649	653	659	665	670	641	653	648	673	658	650	657	661	655	646	642	638	637	643	650	656	644	649	635	644	666	656	661	667	662	645	661	684	652	634	663	655	683	664	657	684	651	642	641	646	664	636	637	2810.821805
661	676	661	665	657	662	672	649	650	637	664	658	642	652	642	662	667	652	636	657	677	665	654	663	673	662	669	652	649	654	657	664	641	632	632	669	620	640	642	671	655	639	679	668	665	653	646	633	666	664	634	645	649	652	633	655	650	659	673	675	672	645	675	653	662	655	634	695	678	631	659	628	659	657	683	654	640	651	653	673	662	670	661	663	649	665	653	660	650	673	652	657	654	655	648	643	2812.231096
663	661	664	652	661	677	654	654	673	648	652	683	642	660	649	658	673	668	656	677	656	668	641	665	646	658	668	651	666	647	652	653	666	669	678	659	643	655	647	663	689	655	659	672	658	659	648	659	668	651	677	666	660	666	643	664	660	662	653	656	643	651	661	645	642	637	685	664	669	654	650	664	645	658	658	638	655	653	669	664	650	654	644	660	673	655	659	674	660	689	669	663	662	647	673	665	2813.649838
670	656	653	663	652	665	690	656	664	680	672	653	652	666	673	669	667	676	677	660	665	659	685	678	678	653	644	660	668	675	664	669	663	656	664	679	662	646	627	656	674	662	656	670	660	665	672	663	662	644	669	667	668	647	666	663	646	653	663	662	620	657	665	652	646	659	665	659	680	643	662	671	665	669	658	680	664	641	660	676	668	658	660	656	660	674	662	678	663	657	667	660	661	661	667	659	2815.068175
668	656	660	650	670	673	667	684	657	650	656	655	653	672	667	647	654	679	646	682	641	679	665	673	678	670	667	687	662	660	663	646	666	664	661	678	649	634	665	686	665	653	657	668	668	657	679	657	664	662	663	657	659	657	651	662	663	660	671	677	655	676	667	658	672	678	671	655	653	641	656	647	656	668	665	650	669	665	654	671	655	673	668	661	665	639	663	667	663	665	655	676	654	654	685	673	2816.47626
668	653	659	677	659	667	652	673	684	655	676	656	673	678	660	647	692	661	655	669	647	651	663	676	683	663	668	663	660	680	692	660	690	658	672	667	649	646	647	676	677	684	685	638	655	650	662	664	658	660	648	650	664	653	663	657	663	685	653	668	671	649	654	659	664	666	661	662	677	650	644	668	650	672	668	672	667	673	660	653	639	670	666	649	655	653	662	655	671	666	688	646	677	679	664	662	2817.893789
684	666	656	677	651	678	673	661	665	660	675	673	652	669	668	667	672	667	653	658	657	658	647	655	668	670	674	676	669	654	666	673	650	659	665	685	662	640	635	680	681	663	670	664	651	699	665	663	670	674	679	667	651	661	672	692	652	663	695	662	660	658	675	659	654	680	652	668	670	657	647	658	643	645	678	685	672	671	671	661	690	659	670	677	669	675	660	667	673	671	667	674	672	658	661	664	2819.301073
651	667	660	655	661	674	676	687	661	664	670	668	677	643	665	682	677	670	644	668	664	685	670	672	646	676	653	677	705	670	675	658	669	648	664	651	656	646	651	663	670	655	661	672	664	658	650	651	675	663	685	660	667	659	663	669	648	653	659	663	663	676	661	678	669	636	677	670	675	659	662	652	671	669	661	683	661	680	667	672	672	700	657	674	668	663	691	670	684	686	670	675	673	668	681	704	2820.717795
667	691	673	659	668	656	657	674	662	673	641	685	667	677	665	675	687	665	668	666	672	664	666	663	665	668	668	693	680	666	683	688	678	674	636	681	652	671	649	671	657	652	666	656	664	650	658	678	675	676	646	663	680	662	676	660	673	651	672	690	672	661	656	665	666	673	679	670	667	660	639	643	667	649	659	657	659	644	672	670	661	659	675	660	689	667	665	668	683	684	682	685	654	642	674	674	2822.124278
645	676	672	658	672	668	671	665	672	653	660	670	653	668	664	683	660	696	671	672	678	662	663	666	657	652	679	658	651	644	675	668	668	648	692	687	661	649	638	666	688	676	673	662	671	655	656	668	673	651	656	664	657	673	663	647	649	676	664	665	663	660	658	660	656	692	679	679	678	654	647	659	655	650	663	660	684	647	661	650	676	658	673	667	675	681	666	664	703	659	663	672	685	635	658	663	2823.530363
664	665	680	673	683	687	666	679	660	658	652	640	667	647	690	651	667	654	659	666	664	666	671	673	683	656	684	656	666	665	671	690	651	668	654	658	650	647	647	668	661	667	665	684	670	665	660	650	669	653	664	667	684	668	658	649	669	671	705	680	664	668	664	678	675	647	709	687	660	642	675	670	677	651	667	658	671	672	668	678	660	675	682	665	668	685	651	678	681	686	675	686	664	663	666	688	2824.945877
656	659	653	656	670	663	667	649	688	673	677	683	652	678	673	675	675	675	673	674	666	679	640	662	678	672	656	665	646	658	679	666	679	686	674	648	661	626	647	669	678	663	644	688	665	679	670	669	672	685	662	639	689	676	687	650	652	671	664	665	675	669	675	681	691	676	684	687	674	657	667	654	662	665	671	685	647	675	684	683	670	668	672	680	679	680	674	661	656	675	663	660	676	674	661	662	2826.351161
684	671	665	656	678	693	654	659	684	664	679	663	658	663	656	639	670	672	663	660	664	674	683	667	680	668	679	647	657	666	666	672	695	691	673	686	654	678	669	666	654	662	672	676	670	680	670	663	681	675	666	681	649	648	672	699	672	667	665	673	655	691	674	667	674	678	682	669	686	661	643	656	688	662	681	660	681	693	659	646	647	671	675	675	659	696	658	646	689	663	654	702	669	678	670	654	2827.756047
663	680	682	662	649	660	664	675	665	660	697	656	684	691	681	676	670	673	651	661	689	666	647	676	667	678	679	667	666	656	660	672	667	682	679	656	652	650	665	678	668	662	675	670	686	686	660	662	671	674	692	654	674	682	658	677	644	681	660	680	680	647	677	653	656	668	659	663	642	683	683	658	676	683	692	683	658	658	678	652	654	655	685	652	671	672	688	677	669	684	674	647	673	654	667	655	2829.160535
677	672	670	703	670	692	648	663	673	664	670	684	678	682	670	690	660	676	659	686	660	686	654	676	653	665	672	678	682	678	660	694	674	651	660	670	649	642	648	674	655	642	683	672	666	670	673	688	675	679	681	649	673	672	667	678	653	676	680	667	673	688	668	674	688	670	695	677	673	670	669	654	661	669	685	665	674	667	681	687	675	668	666	668	682	656	662	681	691	684	685	675	680	695	665	687	2830.564625
671	663	653	665	675	673	670	654	668	698	676	668	645	670	674	676	677	683	694	656	667	648	654	665	700	666	676	689	664	639	652	689	673	651	675	701	663	647	650	671	663	682	666	691	660	668	662	676	671	688	679	658	661	662	684	652	668	655	671	692	660	676	664	658	662	629	684	676	691	662	675	661	657	673	676	696	672	667	674	675	687	673	687	678	651	694	693	669	682	681	662	670	691	663	681	683	2831.968317
670	689	655	666	652	668	669	662	666	677	665	670	684	657	684	681	646	668	672	661	664	670	659	660	663	692	695	678	649	675	661	663	669	674	674	661	685	663	679	666	660	656	667	680	672	682	664	647	684	650	683	647	669	666	672	666	660	709	633	666	656	651	671	667	655	693	691	677	692	657	671	659	669	688	686	683	663	674	672	679	651	649	667	667	695	673	660	685	686	677	647	682	683	685	667	641	2833.371611
670	667	683	686	644	665	685	656	691	686	687	679	679	661	676	675	675	654	687	665	682	663	657	672	664	689	666	651	668	665	671	654	689	676	681	680	649	641	689	664	668	677	685	687	677	668	645	675	697	686	667	672	652	665	687	676	676	657	664	662	677	687	666	674	656	653	631	668	685	651	653	673	659	673	650	667	677	666	670	666	666	690	664	680	675	676	668	680	654	686	657	657	666	695	672	699	2834.774508
650	679	679	668	691	664	668	679	672	683	674	672	701	649	697	649	669	660	662	666	667	682	685	665	685	669	660	681	686	682	661	688	649	678	679	673	649	647	673	668	665	658	667	672	652	661	649	636	664	676	673	679	671	651	667	665	665	664	664	672	679	655	662	686	653	675	671	694	665	683	668	667	663	676	677	669	669	678	680	664	696	689	651	670	681	706	671	669	682	665	679	678	675	677	653	684	2836.167201
667	674	672	686	701	686	677	683	675	672	680	666	677	675	690	659	668	690	671	641	664	676	677	678	700	683	680	673	683	689	688	655	680	675	684	694	662	652	662	663	667	700	666	655	664	665	670	683	664	657	683	680	659	667	642	662	670	677	689	667	679	685	672	690	684	666	688	670	666	669	651	684	696	692	676	660	671	660	689	667	672	681	675	672	654	682	691	679	669	670	689	691	675	658	691	677	2837.569307
679	682	679	697	691	680	693	676	689	672	687	693	674	683	662	680	682	684	665	672	689	672	658	678	707	669	661	674	667	671	661	685	662	680	669	683	681	670	652	690	669	660	682	693	670	654	663	679	691	681	678	702	661	658	658	671	686	672	678	676	681	691	679	682	675	677	651	690	659	689	660	664	667	687	669	646	677	684	695	682	670	696	701	675	666	664	660	666	657	689	690	682	657	694	671	673	2838.971015
663	691	677	692	690	676	692	686	677	689	687	678	676	686	677	663	669	699	699	700	684	687	683	676	682	672	663	675	678	685	676	690	686	677	678	686	662	695	680	686	666	674	694	674	686	674	671	675	718	698	688	675	673	690	683	686	711	690	678	688	671	670	670	694	667	688	665	679	692	654	678	659	688	694	678	690	666	685	683	687	670	657	682	683	672	688	698	647	697	699	687	669	709	675	671	693	2840.362528
714	695	702	667	674	699	698	685	653	700	682	682	678	670	699	673	718	690	691	683	696	677	667	681	682	713	695	670	704	703	705	669	688	686	672	711	668	660	667	700	682	703	696	690	688	682	663	689	696	693	699	702	690	698	682	699	709	677	675	682	657	693	685	689	684	652	686	710	685	681	691	694	698	682	694	696	676	697	682	674	707	701	681	683	671	667	685	695	685	687	681	693	693	698	706	714	2841.763446
684	692	691	705	682	715	664	694	683	689	691	666	669	696	679	679	707	720	672	689	682	690	700	689	687	672	690	681	670	676	681	696	715	681	704	661	679	687	676	684	684	682	689	705	666	689	660	662	690	716	711	709	711	713	684	682	704	695	690	695	700	706	700	707	721	715	676	678	699	669	682	681	682	684	715	687	693	695	720	705	697	685	698	699	701	721	687	720	702	680	691	708	688	677	695	691	2843.154174
679	689	691	711	695	677	699	686	689	692	692	687	680	678	694	693	686	711	712	708	696	698	670	700	691	674	712	697	695	700	704	702	714	676	689	699	676	677	680	673	705	705	690	707	685	694	696	686	706	707	698	689	711	689	693	697	687	684	696	708	711	690	700	699	704	701	726	688	712	697	670	675	685	670	664	701	670	679	701	705	718	689	705	694	678	675	699	709	684	706	697	699	717	701	691	701	2844.554302
716	696	667	683	691	688	700	689	697	705	723	680	687	693	703	692	690	702	705	715	699	727	725	698	692	679	705	666	701	689	711	708	693	710	711	706	675	699	698	691	702	698	695	685	705	701	706	701	713	729	721	703	693	700	691	709	705	701	702	695	699	701	696	711	686	683	720	700	701	689	687	705	721	697	700	708	685	693	691	708	695	679	693	716	679	697	670	708	714	681	682	725	695	700	687	699	2845.944246
698	729	720	693	704	714	703	701	708	711	715	696	718	704	687	686	717	700	703	700	716	699	702	704	696	716	681	708	699	710	716	727	720	676	717	697	668	707	694	737	707	699	708	706	698	709	709	689	722	718	709	723	683	696	693	715	718	703	708	701	707	691	719	717	703	708	715	722	695	681	703	693	713	690	701	703	696	693	676	716	719	732	682	715	721	689	703	712	691	719	708	698	706	688	704	720	2847.3338
710	729	706	708	710	694	726	720	708	702	705	726	712	678	716	714	698	722	704	702	689	722	697	716	714	724	706	713	717	661	717	714	696	741	742	756	684	705	695	676	695	693	686	689	734	699	711	718	707	716	694	696	731	711	700	720	716	702	716	686	720	698	690	724	729	715	704	717	745	690	691	683	683	690	701	697	722	707	707	730	721	719	720	690	694	704	702	721	690	722	710	709	721	736	726	686	2848.722963
707	730	753	713	695	721	699	697	674	732	708	703	714	702	698	718	728	699	719	697	707	708	703	710	698	702	720	704	700	715	709	711	719	673	698	726	695	708	715	716	694	702	694	718	737	720	688	704	704	721	706	717	714	723	734	726	694	717	708	693	705	695	678	700	719	726	731	736	690	681	706	691	708	711	723	718	720	697	689	701	698	729	704	712	714	729	718	730	694	739	707	707	720	696	700	705	2850.121516
716	713	697	705	709	727	721	702	728	730	697	716	731	705	710	731	713	719	741	719	727	727	727	704	704	722	735	706	716	715	709	708	704	704	718	697	685	708	713	712	719	704	729	719	727	723	711	698	706	740	720	712	750	697	715	716	721	724	715	721	717	714	711	723	718	716	719	733	714	703	713	678	694	709	716	703	714	698	738	702	704	694	723	741	727	731	733	695	738	729	702	726	710	700	721	697	2851.509896
720	734	743	698	755	705	712	723	741	705	732	717	710	723	708	722	706	717	718	708	714	741	677	698	721	715	693	692	708	703	733	723	724	702	713	734	706	704	704	727	721	695	716	726	702	728	711	706	692	742	719	708	730	727	701	698	722	716	713	717	723	720	712	710	698	712	712	691	734	712	703	715	725	727	715	720	698	732	742	704	738	724	718	717	727	719	709	698	723	740	720	698	703	741	695	716	2852.897887
687	725	710	706	712	712	722	709	702	716	739	738	715	726	727	725	701	719	726	725	708	737	715	745	713	717	719	716	725	704	724	708	711	709	730	725	703	696	727	711	718	714	723	722	701	687	691	701	711	720	718	698	699	711	707	716	717	736	710	717	680	717	735	738	707	702	722	727	730	708	702	711	706	725	735	709	709	721	732	724	713	705	727	722	708	717	723	755	727	736	720	720	714	712	704	698	2854.285488
717	713	715	749	713	716	694	722	730	741	716	697	737	694	735	699	718	713	718	728	719	748	726	699	729	722	709	731	727	710	721	714	704	716	708	716	708	694	705	728	703	716	701	722	723	719	714	728	713	731	725	703	721	726	727	728	720	716	726	734	726	726	704	719	729	744	716	711	711	694	705	694	725	719	692	725	728	730	734	715	721	721	718	724	689	708	721	707	729	718	745	741	730	732	719	733	2855.662933
715	727	735	705	750	716	715	719	717	725	735	744	750	693	712	726	717	717	725	709	701	742	714	696	717	709	735	742	702	725	709	706	713	739	720	722	708	733	728	733	723	744	719	721	726	693	720	725	728	718	746	733	733	706	734	718	740	698	742	738	708	693	696	756	746	728	709	710	735	708	713	733	712	731	704	731	713	712	715	707	737	718	701	713	735	730	750	731	735	736	734	713	724	710	723	725	2857.049758
695	710	727	722	722	697	734	723	718	718	718	699	709	723	723	735	718	730	699	712	732	707	711	700	714	728	695	721	718	728	739	712	703	700	700	740	671	699	706	712	746	716	731	732	724	706	712	709	722	742	721	735	713	731	723	714	713	718	735	723	726	725	700	713	710	722	731	736	716	708	713	729	740	711	709	714	732	729	717	704	751	699	722	725	726	738	724	722	748	736	737	708	729	734	735	727	2858.436194
705	704	709	697	735	717	731	713	724	712	709	725	739	734	722	748	713	726	695	715	729	718	721	740	717	719	707	722	732	726	734	702	723	726	692	711	738	738	706	738	702	715	743	724	725	726	726	705	740	724	742	715	716	717	716	730	715	706	713	722	744	716	698	730	715	717	737	739	724	718	710	703	712	723	712	750	739	707	742	708	701	734	719	707	713	725	716	747	722	707	743	722	712	721	710	738	2859.822241
736	734	706	728	727	739	746	723	717	730	725	720	746	725	725	728	732	718	732	731	721	724	706	745	718	719	696	723	710	731	723	728	719	726	728	722	684	698	711	729	722	742	708	711	695	729	722	741	736	750	708	700	730	706	742	746	713	746	717	718	715	759	709	727	707	724	722	732	715	707	703	709	730	727	735	708	722	714	729	730	718	718	711	725	708	716	721	732	760	737	706	724	734	725	747	742	2861.207899
750	715	719	699	701	709	736	724	740	714	741	728	705	729	730	725	712	741	726	727	721	740	696	735	722	742	728	738	721	717	708	703	723	714	736	731	723	689	707	723	736	714	733	725	739	754	722	710	748	733	723	716	734	724	703	741	736	723	733	730	731	729	716	730	746	725	728	722	718	722	718	720	712	747	751	719	725	724	693	714	722	737	713	715	726	734	726	749	731	734	731	742	731	704	736	742	2862.583415
716	713	731	720	747	743	722	731	699	734	754	739	728	699	728	756	723	742	711	731	726	739	722	734	731	751	753	714	732	724	728	717	729	739	728	745	699	724	711	707	725	731	735	741	700	741	711	725	742	753	731	725	721	733	722	729	703	714	720	733	728	725	728	727	723	754	734	737	742	705	731	697	758	735	723	743	740	711	723	722	739	742	731	731	733	749	731	736	737	715	725	717	719	747	743	738	2863.968299
724	707	729	736	727	742	746	741	748	746	738	722	728	741	734	743	738	721	727	736	738	731	710	751	747	730	729	755	724	724	749	742	731	744	725	720	723	721	708	737	737	721	736	718	750	717	736	742	760	742	742	745	723	729	723	727	755	733	743	725	756	757	741	704	714	735	720	743	740	720	724	741	739	730	763	731	736	731	764	735	748	753	743	722	720	722	756	744	762	728	741	729	734	733	718	730	2865.343046
745	673	741	758	768	742	728	752	740	743	738	747	744	755	731	734	739	755	729	766	731	745	765	742	732	754	752	743	758	723	732	751	744	719	752	750	750	730	715	734	728	732	748	732	751	747	749	756	743	755	735	744	745	749	746	711	748	750	765	751	726	725	747	738	723	734	754	743	728	742	736	734	734	715	745	736	731	732	757	754	740	735	753	763	745	725	728	766	743	756	746	746	739	729	730	739	2866.727156
753	5879	717	756	737	761	755	743	756	763	745	737	745	744	731	740	765	743	753	736	771	781	756	746	747	743	741	759	748	734	761	721	745	734	746	731	744	715	726	743	756	747	744	749	735	756	738	748	746	744	783	755	757	743	736	721	734	742	756	766	763	766	768	758	738	751	730	759	727	756	756	750	759	769	740	740	743	746	741	748	734	732	765	723	753	747	722	756	751	754	765	712	744	772	765	735	2868.101135
717	6479	752	751	767	786	760	759	778	760	771	729	746	761	755	754	774	747	754	760	776	756	771	743	794	770	752	767	788	751	749	747	760	766	764	756	738	748	733	737	769	731	772	775	741	766	757	767	765	777	748	749	776	759	745	771	761	774	761	778	754	748	762	766	739	763	750	763	761	741	730	753	760	752	755	744	765	722	750	764	774	799	761	748	743	765	735	747	772	777	760	754	770	772	740	750	2869.474731
770	765	765	760	738	753	745	770	767	751	789	771	765	785	768	768	754	765	769	765	776	765	772	765	770	764	755	758	765	789	775	732	788	765	739	741	759	757	766	767	732	776	747	754	783	760	763	780	753	789	758	756	761	777	782	777	762	777	794	771	765	785	742	779	767	770	753	741	750	740	778	765	777	775	765	777	789	778	759	758	786	765	786	738	760	765	790	757	764	797	750	761	769	729	759	758	2870.847946
770	779	795	767	782	769	758	778	759	793	780	791	784	779	773	757	770	794	784	817	784	784	797	769	791	778	762	802	727	771	811	792	818	772	784	771	766	739	764	762	782	794	802	774	760	757	765	799	807	786	801	767	768	787	774	778	772	801	779	759	774	781	768	764	781	780	774	779	784	768	747	751	801	782	788	776	750	784	766	776	769	753	792	783	769	782	760	772	763	782	787	810	784	800	743	756	2872.230513
791	801	780	799	780	801	791	803	819	797	789	767	777	805	808	792	809	775	773	799	781	794	779	806	811	784	797	777	772	781	827	808	829	805	805	801	756	770	785	797	772	774	773	805	788	802	783	763	760	779	779	775	801	803	792	805	791	786	801	781	795	787	786	776	781	801	796	778	790	793	779	739	799	780	796	775	794	775	794	803	782	823	798	793	813	789	789	781	807	775	788	801	819	784	794	783	2873.60296
799	809	787	803	839	786	782	790	818	799	794	792	808	793	801	801	779	802	788	815	804	804	814	809	795	820	815	803	786	820	809	810	842	821	799	785	779	802	766	765	766	814	817	803	798	802	823	779	771	809	812	802	823	808	815	818	802	822	790	806	801	784	802	814	801	797	813	822	780	783	801	771	835	798	809	809	797	816	800	764	803	812	814	792	817	818	803	826	795	821	804	808	802	816	802	785	2874.975026
823	807	807	785	834	783	797	810	823	817	807	836	807	807	846	819	822	809	810	805	830	826	804	828	800	806	820	797	810	812	799	804	817	794	791	805	795	798	782	839	817	807	808	825	850	791	803	845	826	790	804	826	813	809	822	821	825	840	809	812	790	810	822	822	824	844	819	794	827	792	802	803	804	817	815	785	806	783	845	825	814	803	806	811	814	829	838	790	844	812	825	848	826	831	820	802	2876.34671
818	828	814	881	816	829	808	826	835	824	830	837	816	817	812	832	861	847	808	819	816	817	826	861	828	819	832	853	845	817	813	818	801	842	863	851	816	780	818	851	826	798	828	831	845	838	841	822	825	822	828	815	823	854	813	864	818	848	830	829	851	845	847	859	827	842	825	835	826	821	817	821	835	820	845	836	833	804	816	831	836	832	825	828	840	836	801	842	823	808	841	832	801	823	826	816	2877.718013
850	842	821	824	823	840	809	847	821	835	846	841	826	812	848	820	858	842	853	843	834	855	826	825	838	853	824	847	850	849	843	830	861	829	855	854	836	854	803	852	818	823	846	828	835	851	852	887	843	883	838	852	850	806	859	809	849	814	825	864	831	827	799	818	842	856	823	833	852	828	844	824	817	858	845	851	802	862	849	814	855	829	847	838	851	860	829	829	833	846	843	826	846	842	837	821	2879.088935
812	851	847	825	879	854	859	839	840	837	850	854	856	848	835	867	829	851	851	858	836	847	858	839	829	837	835	831	841	864	874	866	838	847	844	879	842	856	846	832	820	850	864	824	841	834	845	843	824	857	839	858	848	817	841	838	838	831	855	852	881	819	869	854	834	816	877	853	843	828	840	847	839	857	863	824	857	840	859	836	842	829	852	862	849	841	837	870	840	869	881	857	859	862	863	867	2880.449756
867	875	883	859	822	845	870	856	874	829	846	862	833	875	863	843	873	854	854	897	860	890	881	855	865	876	866	878	837	845	890	870	845	856	879	832	840	840	848	895	856	883	859	877	850	856	859	846	838	881	879	876	864	867	860	849	870	866	854	891	868	845	838	867	872	885	870	874	869	851	852	857	865	854	879	828	898	869	841	847	863	860	858	838	859	861	869	887	846	889	864	866	856	855	838	860	2881.819918
868	876	899	876	869	893	871	868	837	871	870	844	877	855	856	859	848	880	886	860	881	886	853	846	891	864	863	858	883	842	855	853	887	870	851	861	881	861	849	864	858	882	899	853	880	879	870	835	856	872	909	890	871	896	888	861	850	894	881	874	873	883	873	848	842	891	879	891	870	870	864	873	883	846	902	842	886	894	841	871	887	886	878	862	883	885	839	853	881	886	875	892	855	871	886	863	2883.1897
881	902	914	903	889	894	857	857	896	859	887	871	895	845	888	892	891	867	866	868	879	865	863	838	868	908	840	872	875	875	881	860	875	886	888	867	841	850	879	893	865	882	889	882	874	872	882	861	888	884	868	863	882	887	894	913	885	885	899	870	883	887	874	875	888	866	857	872	894	846	860	896	860	869	887	864	865	870	891	903	878	900	873	845	864	901	889	875	872	871	885	880	867	883	882	866	2884.5591
883	882	878	879	892	887	859	881	869	890	915	895	895	877	885	865	900	888	912	885	895	883	866	897	902	879	889	901	899	871	886	890	884	892	891	898	864	869	864	895	871	861	864	900	876	891	853	879	876	858	882	884	884	890	869	883	896	882	858	869	893	890	885	882	885	900	876	882	882	884	853	911	849	877	895	886	913	897	884	848	873	866	895	846	859	898	883	876	891	921	893	886	915	873	864	838	2885.918412
866	919	895	893	886	891	896	875	893	883	899	906	863	875	893	873	868	884	870	866	855	872	903	884	893	906	897	884	872	893	883	900	929	898	854	871	860	892	873	870	900	870	874	881	874	879	893	880	885	893	918	866	883	893	875	865	864	882	864	892	873	883	904	876	898	872	906	893	908	896	841	892	872	905	903	906	866	911	877	869	892	880	910	920	908	909	875	920	903	870	863	897	877	863	890	890	2887.287055
880	863	881	892	861	837	889	876	895	896	914	877	854	866	891	893	874	908	889	899	921	905	888	892	903	887	884	891	944	923	870	884	860	884	907	878	872	857	859	890	887	885	892	885	857	908	876	850	886	867	914	842	875	892	909	914	875	882	889	869	942	894	883	883	922	914	881	878	881	873	879	888	884	891	914	901	887	913	862	911	848	922	865	887	924	886	888	900	892	907	859	851	888	885	890	879	2888.645615
893	929	900	901	907	884	901	899	875	878	878	890	884	878	880	896	860	900	889	859	911	931	870	876	932	880	891	897	927	880	898	887	911	900	872	907	888	863	854	854	868	869	926	891	890	886	915	892	860	906	897	928	891	881	901	897	897	879	874	859	936	894	888	892	903	904	869	899	877	909	884	894	882	918	875	873	877	885	908	892	883	869	874	901	923	871	886	885	887	896	870	910	870	878	882	849	2890.0038
882	910	873	908	870	878	872	905	868	881	880	917	892	891	890	861	915	889	898	872	895	835	881	903	866	864	894	868	880	873	887	904	869	878	885	901	829	888	847	884	890	912	889	875	872	878	876	876	904	871	883	862	884	871	883	869	880	886	873	904	893	915	879	904	894	879	883	894	896	873	875	875	855	877	920	908	883	859	872	860	885	855	851	898	883	926	905	890	886	915	892	865	886	869	876	872	2891.371307
895	882	902	889	869	850	890	854	863	905	898	881	869	890	878	901	891	901	879	876	893	867	892	905	885	875	904	897	846	898	912	897	886	896	912	898	883	849	875	849	894	877	893	858	863	901	861	870	903	893	868	854	888	860	868	916	872	920	897	867	854	886	872	861	897	900	889	890	906	859	858	884	895	912	851	885	870	877	882	914	906	879	883	904	878	894	902	901	887	874	861	855	845	891	863	883	2892.728741
877	870	876	848	856	851	871	879	901	880	851	873	875	870	864	871	908	891	886	902	870	882	886	872	895	876	883	880	902	888	866	880	895	893	902	881	849	857	855	887	867	912	872	874	876	871	873	902	899	874	886	901	906	881	872	860	894	898	875	867	863	876	894	859	883	886	892	887	899	859	883	860	865	892	866	891	897	851	884	860	881	872	898	891	877	889	880	881	886	883	833	876	881	905	900	880	2894.0858
882	842	904	912	880	905	882	864	870	868	874	905	871	905	848	876	882	894	881	886	874	908	871	885	901	881	896	884	913	888	868	893	883	873	890	906	888	868	909	870	888	895	909	885	877	875	893	868	895	896	859	907	864	887	875	898	887	852	900	886	883	896	860	903	868	857	876	915	891	882	872	900	914	881	884	896	891	876	874	890	898	886	852	862	886	892	863	915	905	892	897	879	917	903	882	865	2895.442486
890	889	898	898	915	881	885	907	896	889	913	882	890	887	888	907	878	913	885	892	882	900	918	875	902	890	865	897	863	923	860	883	896	888	895	869	922	855	885	868	934	905	897	899	912	889	892	865	912	878	906	907	910	899	889	872	881	889	891	888	919	887	895	873	892	879	900	905	861	882	858	894	898	897	904	902	904	914	897	910	858	912	871	898	909	895	905	893	891	910	909	934	886	906	874	885	2896.808484
875	873	905	936	905	902	886	896	890	895	880	885	882	897	885	904	897	895	902	873	886	901	914	888	899	885	871	899	887	907	886	927	906	871	865	883	887	895	862	880	914	884	895	884	894	895	900	877	903	892	893	876	889	886	893	896	894	894	925	911	918	903	900	898	895	923	894	882	911	913	872	902	910	888	877	888	895	916	886	890	868	876	922	870	899	899	884	924	916	901	886	912	883	901	888	933	2898.164419
917	905	893	878	914	892	895	912	921	909	928	916	927	909	871	884	884	901	923	927	905	922	859	913	891	894	912	912	917	905	903	887	913	914	917	907	904	890	912	872	900	914	912	878	899	898	902	905	879	906	904	915	914	898	930	893	950	882	925	901	894	864	894	923	898	901	898	914	921	904	903	919	910	923	884	883	914	936	926	878	895	870	900	894	899	897	895	908	934	892	889	911	915	895	915	922	2899.51998
927	926	921	924	941	939	910	912	909	916	916	944	918	950	918	920	909	938	909	933	901	910	906	912	905	872	916	909	911	913	931	905	897	907	903	939	879	897	906	914	896	939	929	908	894	878	890	901	910	911	909	880	906	905	937	885	882	890	909	920	911	935	913	903	907	920	929	921	909	922	910	897	926	874	914	900	907	919	894	901	885	910	926	900	920	934	908	918	913	910	936	921	876	908	939	904	2900.86549
930	904	926	892	929	912	924	925	919	920	905	927	913	950	923	921	910	929	882	915	925	948	923	922	945	919	897	937	926	923	939	920	917	921	932	946	905	893	900	940	910	891	898	897	905	898	925	901	934	951	917	940	911	925	924	938	887	895	903	912	911	896	908	931	925	921	942	918	943	899	884	911	911	956	919	924	924	934	900	926	903	932	902	912	899	918	928	925	945	935	927	928	903	944	948	920	2902.220307
944	938	939	951	937	938	904	926	961	930	994	920	911	902	921	898	924	926	935	893	886	923	948	913	928	929	968	946	919	914	917	920	931	935	955	927	932	904	891	933	939	932	944	927	917	910	953	932	914	923	943	943	931	919	922	961	914	939	923	915	879	930	925	934	916	904	920	933	929	945	923	901	893	948	965	917	950	878	901	994	952	912	904	950	909	927	924	934	944	914	926	938	907	898	929	952	2903.574752
910	920	873	908	956	900	921	898	909	941	930	949	919	911	942	907	941	959	941	941	924	934	948	902	920	913	916	955	920	913	922	931	966	930	925	931	887	888	898	913	949	939	912	952	915	920	900	957	932	893	915	933	901	944	955	927	923	965	924	930	916	937	938	941	951	930	959	946	925	918	901	945	940	907	932	932	939	902	900	938	945	932	919	921	943	929	932	926	932	908	923	933	926	925	915	956	2904.928823
935	922	918	926	918	938	944	929	945	927	965	946	923	949	908	941	898	945	939	943	928	909	933	935	948	972	914	920	938	933	958	929	926	965	923	960	920	921	922	899	951	911	970	952	951	946	929	915	906	958	911	948	948	913	987	938	941	937	925	924	928	910	908	921	957	934	945	922	934	941	920	918	902	944	950	952	957	918	942	952	954	964	925	944	926	935	934	940	954	931	949	941	920	963	920	952	2906.272854
937	925	964	943	940	925	932	925	934	919	925	934	948	938	959	952	945	922	906	940	916	937	919	898	938	967	914	952	923	916	929	937	922	926	929	946	907	906	939	936	928	940	960	924	947	951	909	950	935	958	930	941	927	967	939	938	952	971	948	937	928	950	944	941	937	933	949	945	962	911	958	915	941	925	951	948	971	941	946	932	911	956	936	914	950	965	916	970	968	931	957	923	940	948	943	942	2907.626183
933	947	939	946	942	968	891	949	891	907	934	940	961	917	929	967	935	978	943	929	951	924	931	950	946	914	934	949	948	959	937	928	955	935	916	951	957	909	960	942	912	946	954	924	933	959	925	957	947	947	934	956	943	977	939	903	943	921	940	954	948	965	916	961	963	927	945	946	965	937	961	923	968	901	952	962	909	924	963	924	967	945	944	935	941	917	935	977	932	904	954	960	931	917	924	918	2908.979139
957	986	930	941	973	925	973	958	932	901	926	969	945	922	928	930	962	941	910	936	914	961	932	958	932	930	920	936	931	951	974	979	921	962	937	965	948	917	956	972	927	932	951	923	955	942	950	952	944	933	949	943	945	943	900	960	930	931	939	945	949	946	964	937	969	976	953	937	937	913	920	910	900	959	940	958	947	909	940	966	972	947	969	941	941	940	942	973	952	950	947	917	937	921	921	934	2910.322063
944	926	959	931	941	945	940	926	935	953	931	950	939	933	949	960	925	961	967	915	945	931	948	925	937	961	955	928	922	910	946	925	924	919	940	950	947	898	909	907	976	934	944	921	941	962	924	945	934	948	960	932	923	923	958	945	942	942	968	921	928	941	947	966	938	954	944	929	927	938	967	920	957	948	947	934	913	951	900	959	931	939	925	967	959	939	925	931	950	949	944	962	962	941	960	930	2911.674277
962	965	936	950	933	961	960	938	952	912	936	960	959	932	927	920	947	939	944	948	949	916	961	978	935	962	939	915	961	918	932	928	952	940	947	939	884	916	914	937	921	949	926	946	944	947	943	930	958	999	924	949	943	932	939	949	925	929	965	900	957	954	940	930	909	973	918	920	956	933	959	926	974	938	966	931	939	940	939	949	944	963	949	927	953	956	971	946	962	929	911	923	940	915	955	934	2913.016465
920	965	931	930	942	925	943	943	939	930	959	913	965	928	945	958	964	935	923	911	933	929	972	949	923	943	944	927	936	951	920	926	905	945	950	926	928	929	927	947	944	962	961	957	963	951	937	969	957	964	950	911	935	946	948	924	937	927	934	939	934	926	957	974	937	922	969	962	944	943	938	894	943	974	940	940	953	946	970	969	941	962	955	945	978	972	928	962	929	972	965	965	928	976	942	913	2914.358286
959	913	956	931	934	943	963	924	916	955	935	930	941	982	983	928	955	960	957	940	938	943	981	948	937	987	900	955	950	956	930	947	957	920	963	950	967	933	920	918	916	962	963	947	951	973	922	946	962	978	902	938	952	918	937	925	960	925	975	933	927	972	940	955	949	948	932	924	940	934	914	918	931	959	924	941	946	919	973	971	923	986	944	957	931	943	938	966	950	953	931	925	957	941	957	949	2915.69974
934	916	960	967	962	922	949	952	917	954	935	914	916	945	952	954	917	914	928	914	963	940	941	913	945	951	947	938	963	922	980	958	959	929	929	930	924	922	937	921	941	893	936	912	952	928	923	939	936	951	964	949	957	932	922	963	965	966	950	925	937	973	933	955	973	915	922	958	965	912	960	901	954	935	962	962	935	934	952	924	917	920	966	925	927	921	927	953	963	957	933	989	925	935	951	967	2917.050476
941	926	933	922	930	960	974	957	943	944	898	919	929	947	954	943	936	954	946	967	936	945	919	956	956	971	925	914	960	940	928	917	947	930	943	948	918	907	939	919	950	914	896	946	939	953	954	938	941	937	933	980	937	937	953	943	965	953	931	915	900	929	942	928	929	949	923	924	974	912	935	914	913	923	936	936	934	953	951	958	902	923	918	940	943	928	964	966	943	898	887	948	953	954	943	940	2918.391195
941	937	955	910	963	951	958	917	914	927	975	893	951	959	926	945	933	963	946	916	952	935	957	941	932	947	937	943	940	899	905	945	894	957	937	936	924	913	944	982	934	948	943	950	942	915	965	934	951	944	941	957	921	951	954	931	962	955	905	924	945	940	968	925	976	910	919	946	951	927	952	898	944	948	981	933	955	943	935	975	939	939	962	949	910	935	930	935	985	931	912	936	934	949	948	934	2919.731549
953	920	899	953	941	948	928	949	939	919	969	932	924	938	935	926	956	944	925	948	937	973	968	967	947	961	916	939	959	911	953	969	935	969	966	931	942	925	918	946	935	933	953	939	943	926	929	916	930	954	938	926	937	971	943	945	938	940	945	959	937	947	939	948	975	935	925	943	947	952	957	963	955	926	945	956	934	920	929	897	932	949	954	925	938	962	988	940	949	925	948	938	928	960	940	958	2921.071536
992	954	940	965	942	916	928	941	934	958	948	954	939	950	955	919	976	946	970	928	968	919	941	950	944	923	972	912	960	934	952	938	920	946	936	915	948	917	905	929	959	932	924	936	943	962	936	939	905	973	952	945	942	966	948	948	949	955	929	945	938	944	929	947	913	976	984	923	944	936	951	936	963	941	946	933	962	945	956	958	958	998	936	956	955	954	937	929	934	918	924	929	949	931	981	941	2922.411159
968	985	950	946	969	977	1005	939	955	959	962	958	981	965	973	966	947	925	955	943	947	957	967	959	938	972	954	969	943	954	977	957	960	951	985	950	928	929	963	947	982	987	955	941	957	982	942	967	970	933	957	930	968	961	957	923	944	972	975	944	939	952	975	950	951	956	955	973	931	972	973	945	942	975	946	961	948	931	952	951	958	960	965	932	946	971	940	962	945	972	992	1009	949	966	998	937	2923.750415
972	976	1001	968	966	992	951	993	973	964	978	972	972	980	995	952	976	971	972	973	978	973	963	936	969	981	947	980	991	965	994	961	963	948	982	960	978	923	969	985	968	968	957	988	965	952	959	960	985	986	989	1012	980	1003	942	985	1011	981	955	994	1007	969	968	989	977	970	934	1002	968	952	950	980	985	992	924	949	999	949	982	961	951	979	1005	972	969	974	984	983	1001	980	970	968	992	994	986	958	2925.079675
957	964	959	987	993	995	1007	985	1009	977	975	981	976	972	951	997	976	983	954	984	961	981	960	1003	974	931	971	977	984	997	938	1015	1006	960	982	971	952	958	964	988	967	969	985	985	1002	972	981	985	975	969	1005	966	976	966	936	994	954	986	1005	977	987	974	1001	985	944	997	997	984	975	980	988	1019	997	969	1005	982	991	987	970	972	989	994	995	985	1006	1003	1016	994	975	992	983	972	981	971	953	954	2926.418204
1014	973	978	1007	993	1008	986	1008	985	1009	975	1016	1009	970	952	988	987	983	995	988	964	1002	1002	1010	982	991	970	1006	999	1015	1003	979	1034	987	998	1012	1004	985	974	1007	969	991	1024	998	990	998	1005	1004	1009	998	995	1012	960	975	981	987	1020	1001	997	1003	1027	1004	986	992	981	994	1004	998	994	1027	962	1001	1021	981	973	959	977	984	1013	1011	1010	1008	1010	1028	987	976	995	989	985	992	962	995	983	1019	966	1021	2927.756367
1043	1042	1021	1060	1047	1031	990	1016	1028	1006	976	974	1037	1039	980	989	999	1011	980	1018	1031	1024	1016	1021	994	1003	996	1024	996	1000	967	990	991	1026	1024	1032	1013	1021	999	1005	993	1020	990	1009	1018	1025	999	992	1042	1005	1008	1015	1032	1021	1033	1026	1019	1011	1001	1027	1034	1000	965	974	996	1004	1015	1023	1008	1020	1001	983	1015	1006	1026	993	982	1050	1007	1015	1002	1037	1036	1022	996	1023	1014	1029	1040	991	1001	1007	1027	1028	1000	1011	2929.094166
1008	1045	1038	1019	1006	1039	1018	997	1051	1027	1090	1016	971	1016	1025	1017	1022	1026	1034	1033	1030	1045	1041	1054	1018	1022	1044	1018	1007	1018	1020	1033	1034	1005	1002	981	1002	1000	1021	1022	1012	1036	981	1013	1002	1032	1017	1035	1040	1065	1010	1035	994	1060	1010	1035	1022	1004	1027	1037	1041	1033	1020	1025	1003	1055	1060	1051	1036	1040	1014	982	1027	1039	1040	1036	1018	1032	1012	1026	1034	1047	1012	1035	996	996	1016	1027	1027	1028	1027	1039	1062	983	1041	1058	2930.421979
1042	1048	1062	1034	1010	1027	1041	989	1030	1044	1043	1057	1026	1029	1025	1042	1072	1044	1013	1043	1039	1021	1028	1039	1050	1042	1039	1051	1018	1031	1039	1041	1029	1043	1057	1026	1056	1017	1004	1060	1064	1032	1042	1049	1055	1045	1056	1016	1018	1007	1033	1054	1032	1043	1041	1031	1074	1034	1028	1046	1032	1001	1022	1056	1087	1061	1045	1039	1061	1024	1060	1037	1056	1083	1025	1046	1073	1064	1043	1033	1033	1046	1074	1056	1058	1009	1030	1052	1046	1054	1016	1008	1021	1038	1057	1036	2931.759051
1050	1068	1059	1071	1055	1065	1058	1058	1066	1084	1042	1048	1033	1040	1010	1060	1085	1063	1069	1038	1055	1043	1052	1065	1078	1011	1023	1049	1032	1070	1054	1027	1034	1062	1073	1033	1060	1066	1012	1061	1028	1074	1057	1053	1046	1056	1047	1059	1026	1010	1015	1083	1055	1060	1086	1057	1050	1063	1042	1056	1061	1029	1043	1086	1054	1061	1049	1058	1071	1047	1046	1013	1064	1070	1057	1050	1069	1073	1043	1050	1112	1064	1063	1017	1060	1082	1051	1053	1045	1003	1053	1070	1043	1042	1039	1042	2933.086143
1057	1096	1044	1020	1074	1043	1051	1029	1046	1050	1045	1053	1061	1081	1092	1044	1066	1058	1053	1082	1047	1038	1027	1056	1063	1058	1062	1035	1050	1079	1047	1077	1033	1051	1025	1062	1063	1045	1046	1064	1079	1064	1044	1021	1034	1053	1023	1015	1084	1085	1077	1025	1059	1068	1084	1091	1067	1061	1063	1049	1085	1026	1034	1082	1036	1066	1062	1056	1060	1035	1096	1052	1073	1043	1061	1086	1062	1038	1035	1034	1073	1033	1031	1080	1091	1075	1054	1100	1064	1055	1061	1070	1109	1056	1064	1039	2934.412876
1054	1097	1042	1040	1088	1070	1035	1035	1043	1052	1085	1062	1063	1041	1048	1056	1061	1056	1070	1080	1061	1061	1068	1072	1088	1074	1080	1061	1064	1062	1078	1092	1092	1086	1055	1020	1037	1023	1021	1057	1050	1074	1066	1053	1079	1046	1060	1096	1046	1088	1092	1086	1082	1086	1040	1054	1057	1065	1076	1045	1062	1080	1034	1088	1116	1040	1062	1062	1080	1059	1023	1038	1101	1085	1049	1088	1061	1076	1086	1092	1093	1061	1088	1060	1057	1115	1088	1100	1066	1063	1066	1084	1082	1089	1104	1079	2935.74886
1076	1109	1059	1037	1062	1059	1083	1080	1098	1040	1080	1065	1090	1043	1076	1055	1062	1070	1092	1117	1094	1071	1085	1099	1062	1094	1083	1059	1084	1042	1126	1086	1079	1106	1066	1090	1083	1075	1084	1083	1059	1063	1072	1071	1096	1051	1035	1034	1064	1077	1105	1056	1094	1090	1048	1080	1078	1112	1067	1051	1096	1040	1105	1081	1062	1063	1064	1055	1080	1076	1060	1076	1076	1067	1048	1115	1079	1044	1078	1069	1085	1069	1100	1068	1057	1064	1076	1065	1114	1085	1132	1052	1075	1111	1077	1098	2937.074872
1081	1055	1088	1079	1062	1076	1073	1074	1085	1034	1086	1071	1067	1064	1075	1059	1086	1054	1063	1090	1075	1087	1118	1064	1066	1079	1081	1074	1065	1094	1060	1099	1073	1088	1111	1081	1075	1070	1101	1077	1076	1074	1101	1047	1062	1067	1038	1102	1070	1093	1076	1086	1075	1063	1057	1071	1094	1065	1088	1054	1059	1075	1099	1099	1036	1071	1093	1074	1079	1083	1084	1068	1088	1071	1080	1086	1077	1078	1088	1059	1082	1054	1116	1084	1103	1074	1054	1043	1019	1093	1058	1051	1121	1093	1065	1057	2938.400526
1053	1070	1070	1090	1067	1118	1103	1068	1073	1113	1103	1068	1090	1124	1090	1045	1069	1050	1097	1097	1079	1085	1060	1067	1062	1055	1084	1058	1086	1091	1073	1064	1063	1091	1061	1065	1067	1039	1068	1065	1083	1127	1086	1079	1063	1037	1034	1077	1109	1064	1068	1075	1045	1103	1079	1088	1095	1053	1071	1112	1064	1100	1078	1115	1087	1088	1088	1080	1064	1081	1103	1067	1117	1101	1075	1093	1045	1079	1090	1069	1122	1059	1088	1088	1071	1072	1090	1068	1096	1095	1093	1109	1061	1050	1073	1095	2939.725822
1073	1100	1059	1017	1094	1103	1048	1081	1073	1054	1057	1112	1066	1045	1034	1049	1091	1061	1123	1076	1119	1041	1060	1061	1067	1054	1077	1096	1066	1096	1070	1083	1087	1062	1044	1075	1053	1095	1092	1054	1095	1075	1076	1072	1089	1114	1092	1052	1055	1076	1061	1094	1060	1079	1070	1060	1035	1056	1055	1121	1045	1073	1105	1062	1092	1114	1092	1103	1070	1058	1034	1074	1094	1070	1101	1070	1063	1097	1131	1076	1059	1094	1078	1074	1045	1099	1080	1082	1089	1083	1104	1098	1079	1090	1064	1082	2941.050758
1043	1074	1049	1082	1049	1079	1082	1084	1079	1076	1056	1050	1087	1067	1098	1068	1066	1060	1105	1095	1087	1037	1092	1072	1082	1080	1078	1088	1081	1066	1073	1037	1065	1056	1091	1090	1080	1058	1056	1091	1073	1114	1123	1080	1064	1070	1084	1071	1083	1085	1070	1058	1078	1089	1082	1029	1058	1103	1092	1106	1072	1092	1085	1076	1122	1082	1053	1039	1076	1060	1131	1080	1100	1077	1098	1023	1053	1082	1099	1095	1096	1067	1080	1048	1067	1064	1068	1053	1086	1067	1088	1065	1095	1049	1096	1054	2942.375337
1032	1080	1087	1095	1062	1076	1083	1080	1037	1063	1064	1084	1061	1081	1066	1075	1042	1087	1049	1099	1095	1082	1110	1040	1090	1081	1080	1056	1056	1076	1090	1094	1033	1081	1029	1047	1059	1028	1100	1086	1064	1101	1061	1044	1073	1066	1038	1042	1020	1048	1112	1091	1070	1097	1119	1090	1077	1069	1111	1028	1084	1062	1051	1081	1084	1054	1069	1052	1061	1051	1063	1066	1050	1048	1096	1066	1087	1079	1086	1066	1071	1057	1096	1069	1056	1096	1084	1096	1086	1080	1072	1074	1058	1099	1099	1057	2943.699558
1087	1047	1078	1035	1075	1046	1041	1077	1059	1064	1052	1040	1087	1047	1038	1074	1073	1059	1029	1045	1043	1045	1050	1052	1020	1020	1031	1042	1019	1062	1051	1045	1072	1006	1033	1084	1048	1057	1025	1085	1082	1063	1059	1064	1077	1043	1031	1020	1060	1021	1058	1068	1076	1048	1054	1060	1074	1071	1072	1057	1027	1083	1061	1050	1044	1062	1038	1037	1068	1079	1060	1045	1065	1015	1083	1046	1076	1078	1065	1097	1023	1072	1040	1053	1080	1053	1064	1083	1080	1063	1055	1082	1069	1039	1069	1036	2945.02342
1092	1045	1040	1073	1041	1023	1039	1046	1064	1051	1057	1018	1088	1031	1038	1046	1054	1054	1061	1035	1077	1067	1035	1002	1018	1064	1032	1051	1031	1032	1035	1079	1051	1040	1021	1031	1032	1049	1016	1027	1045	1065	1070	1023	1066	1059	1076	1025	1061	1106	1021	1028	1019	1004	1036	1022	1039	1082	1068	1048	1091	1027	1051	1026	1044	1064	1045	1036	1040	1047	1045	1034	1074	1079	1038	1023	1083	1054	1038	1060	1034	1050	1033	1060	1032	1030	1056	1017	1069	1065	1061	1069	1068	1021	1068	1071	2946.346925
1042	1049	1058	1014	1029	1050	1055	1046	1020	1035	1037	1054	1012	1013	1030	1037	1069	1023	1023	1003	1022	1014	1028	987	1010	1019	1017	1025	999	1035	1069	1026	1054	1022	1053	1021	1013	1030	1028	1039	1052	1046	1046	1033	1015	1036	1029	1058	1034	1040	1052	1049	1009	1032	1035	1026	1021	1063	1079	1056	1013	1016	1038	1027	1012	1012	1046	1059	1015	1059	1046	1001	1076	1060	1029	1033	1058	1017	1006	1032	1073	1024	1032	1036	1028	1041	1041	1010	1031	1018	1052	1019	1024	996	1042	1048	2947.670072
992	992	1021	989	1023	1050	1059	1033	1026	1019	993	1015	1015	1017	1022	986	1019	1015	1011	1063	1070	1006	1004	987	1061	1042	1059	982	1019	991	1024	984	997	1009	1046	1027	1016	1000	994	983	1027	1037	1034	988	1022	1030	1017	1011	1007	1022	1014	1017	1014	1011	1026	994	1014	1007	1030	1032	1009	988	1019	1000	1030	1020	1034	1032	1019	1030	988	1009	987	1036	1043	1010	1017	1023	1056	1014	1036	1027	1016	1000	1000	1074	1050	1047	1009	1061	1028	1047	1049	1012	1019	1041	2948.992862
982	983	1006	1032	997	1003	1006	1001	1022	997	1020	1007	1017	1006	986	981	1039	1010	998	982	1009	971	991	974	983	1010	1006	1012	1040	1000	970	1008	988	1032	962	1021	1001	980	1016	986	983	1012	1019	990	997	1011	1010	990	1006	1030	1008	1020	1000	976	1004	990	1035	1008	968	999	977	981	1008	1027	993	986	998	1000	954	968	997	1003	1015	991	1006	1029	1016	1002	952	996	1008	1011	1039	1030	995	990	999	989	978	979	1024	997	1030	1006	1021	990	2950.305713
999	1005	1018	971	1008	993	988	981	1018	1028	974	1032	1003	967	988	982	1013	985	975	978	1021	997	1010	988	997	973	1012	989	1013	1012	996	976	1001	985	1001	969	1015	963	998	960	989	1038	1022	983	936	1003	981	999	1004	975	988	949	988	988	1008	999	997	972	1004	995	1011	977	1017	1003	1006	1044	1003	1024	996	992	1020	995	1001	1002	1001	1015	1000	1014	978	1006	993	975	969	999	995	968	1005	981	981	995	1001	1013	1023	962	1001	1009	2951.62779
975	1008	978	958	977	1009	984	969	973	981	977	971	962	982	977	964	1017	962	988	950	994	1007	963	956	965	999	935	976	1004	998	992	1002	948	963	975	1008	994	971	975	975	966	988	1009	1013	984	942	956	965	1000	953	976	1006	970	996	966	964	979	970	960	970	989	991	1008	985	964	1000	1001	1010	971	951	976	996	967	993	991	990	965	997	964	987	982	998	970	1033	963	964	964	969	1002	1001	1011	983	983	1001	974	997	2952.939934
955	954	979	971	971	949	989	965	974	959	986	941	969	958	988	978	941	949	950	961	981	966	966	951	956	976	960	919	964	971	975	955	977	949	954	967	956	956	954	957	956	958	939	978	981	964	951	997	939	989	969	1011	954	969	963	999	953	992	974	985	951	970	987	935	984	988	986	985	973	970	979	932	964	985	960	972	983	962	997	982	977	962	955	972	968	953	966	975	995	987	945	992	959	970	983	965	2954.261301
961	943	984	978	972	953	970	932	936	949	971	984	967	944	973	961	945	941	970	952	952	957	959	978	991	976	980	1016	919	953	930	985	970	994	982	924	960	981	992	945	957	927	940	927	974	942	947	926	956	949	983	959	924	955	955	975	940	1008	950	986	984	1009	966	979	996	970	972	958	958	950	945	982	977	977	953	957	966	973	966	965	936	941	967	959	941	987	1000	929	981	972	974	976	966	946	977	961	2955.572739
945	971	967	964	965	960	951	932	946	922	953	981	948	955	944	926	956	938	914	929	953	930	960	969	964	947	966	940	992	949	934	959	950	953	961	938	971	933	933	959	943	932	952	933	946	936	950	947	964	953	933	971	956	961	972	942	960	955	940	943	959	944	957	920	974	970	944	978	951	969	945	981	924	960	943	947	969	989	966	954	973	973	960	913	978	934	966	964	933	952	967	974	947	964	951	951	2956.893394
938	949	936	918	955	958	936	949	966	940	951	936	964	935	975	921	969	960	944	950	946	902	949	944	967	934	945	932	938	947	943	961	936	939	937	948	951	966	959	965	956	959	956	985	942	959	971	980	968	929	942	928	931	928	923	962	952	933	951	939	932	930	954	920	977	965	931	972	921	931	945	947	951	976	969	985	974	960	930	953	979	940	965	978	948	954	921	947	947	950	962	923	944	945	966	952	2958.204127
962	899	924	957	954	936	928	940	950	947	946	930	937	921	934	981	944	962	935	938	975	920	925	929	938	902	960	925	920	929	976	906	960	945	939	927	920	931	940	903	918	923	922	927	940	942	964	916	928	924	940	938	938	927	924	942	955	950	930	944	977	918	934	920	932	952	943	897	945	923	956	920	948	932	955	920	951	952	926	944	934	952	965	980	922	956	944	942	955	929	936	968	981	941	948	910	2959.514508
925	907	927	925	902	928	938	913	940	913	922	904	891	918	958	955	911	923	938	930	936	943	910	949	889	933	940	916	925	930	917	912	930	966	931	928	922	938	912	905	934	931	950	914	944	965	916	937	941	912	925	934	915	921	892	925	966	932	944	941	933	948	936	954	937	933	911	956	952	919	910	936	921	906	879	919	962	924	937	873	926	895	932	904	931	952	936	946	891	950	945	925	917	915	931	929	2960.824539
928	923	909	885	946	927	888	908	909	916	911	913	919	910	911	930	903	893	924	940	903	900	916	877	900	923	939	895	959	934	926	923	900	924	904	941	899	933	883	896	893	896	922	927	924	915	937	893	899	929	932	939	922	888	948	891	970	922	924	950	921	910	891	925	937	944	940	894	921	920	900	916	901	909	921	916	937	927	906	910	900	936	929	950	943	888	928	915	935	935	910	936	926	911	944	930	2962.143777
889	920	914	913	921	905	904	916	926	896	875	890	925	915	916	914	907	951	909	952	913	900	902	912	880	870	917	914	944	920	901	916	906	870	914	909	894	920	890	899	907	887	918	902	900	874	919	934	923	922	911	905	894	914	892	914	912	899	921	905	913	912	936	907	914	922	902	919	943	912	924	876	919	940	917	908	914	926	878	886	918	952	919	911	921	929	889	934	880	902	936	907	917	882	915	911	2963.453103
883	916	924	917	905	896	904	862	895	889	879	936	901	932	914	882	878	906	895	889	902	873	885	885	891	900	910	885	913	885	880	888	930	920	896	902	919	881	888	917	902	846	894	914	924	889	933	877	922	910	870	885	870	900	904	895	903	901	912	920	898	896	873	905	898	897	909	894	930	917	872	898	885	873	907	898	922	904	907	875	894	877	926	913	913	869	911	874	913	912	875	898	904	898	891	918	2964.762078
862	930	861	878	886	873	856	863	867	896	861	874	894	870	901	865	873	896	861	841	878	878	879	872	862	886	866	890	888	859	912	890	891	876	890	891	894	870	874	894	898	880	886	904	894	877	924	867	918	888	874	877	874	893	882	877	869	879	877	843	883	873	891	934	887	886	893	872	883	885	867	891	889	918	883	864	876	898	901	883	899	873	933	883	874	876	871	913	887	907	897	897	894	895	902	880	2966.070703
888	850	885	879	865	878	897	880	886	892	880	865	861	897	859	881	864	866	875	886	877	899	924	901	877	880	889	885	877	892	876	910	869	900	914	910	869	851	833	896	858	881	890	877	905	871	855	874	856	890	908	873	885	887	883	897	903	901	867	887	899	895	890	896	886	867	882	865	872	873	877	861	879	893	878	885	876	913	879	862	888	862	854	894	893	889	878	874	883	888	864	875	885	874	859	905	2967.36943
844	885	893	844	859	886	843	855	892	838	873	867	854	872	902	858	871	879	868	854	899	855	859	862	887	861	849	844	847	845	850	854	879	877	850	838	856	838	893	847	877	875	863	863	865	872	867	869	862	885	873	877	842	897	876	892	883	875	877	899	854	844	872	905	861	870	866	870	825	893	848	854	847	834	879	870	864	898	879	857	861	908	881	876	891	859	885	885	890	865	850	868	864	851	864	886	2968.677357
838	839	888	850	863	863	851	853	879	876	894	827	869	844	855	853	864	895	893	899	858	824	847	872	890	868	843	851	861	878	870	856	861	840	859	881	846	853	845	865	852	870	871	848	902	879	866	845	869	880	838	876	882	883	869	876	861	870	865	849	843	862	855	877	871	870	840	860	858	859	855	839	857	862	855	843	877	870	871	873	882	871	871	883	853	880	888	862	863	866	856	859	850	834	887	845	2969.984934
881	885	864	874	866	849	828	858	842	862	846	848	835	869	858	860	839	849	893	852	892	866	855	868	860	868	858	864	851	862	880	844	836	855	836	836	847	796	824	862	828	838	875	825	872	848	816	883	851	853	869	833	862	840	870	873	835	871	889	874	814	853	861	837	858	844	856	889	855	845	875	858	878	842	823	835	846	815	864	868	833	848	857	853	840	868	860	868	837	856	864	858	876	874	848	854	2971.29216
828	833	866	855	881	826	862	824	848	855	831	853	840	838	854	836	857	866	846	832	849	854	879	853	866	853	829	872	848	840	863	888	834	842	855	865	847	835	819	836	854	858	832	831	854	869	862	831	801	836	884	862	849	860	854	828	844	910	861	809	843	894	866	844	868	842	867	859	872	856	830	863	822	848	847	828	837	861	840	854	833	862	854	802	831	857	852	861	843	849	862	874	872	847	828	863	2972.5895
830	851	858	839	862	843	816	854	853	830	832	850	854	832	851	858	868	828	827	826	859	835	842	843	814	865	825	830	833	847	838	860	825	825	837	850	826	843	852	842	816	844	854	859	833	812	842	851	839	860	810	844	828	839	846	831	825	819	839	861	837	853	826	845	857	832	872	854	837	829	853	821	867	840	833	851	836	864	823	868	866	850	841	866	852	830	869	842	856	837	838	838	853	831	837	848	2973.89603
830	874	845	871	842	840	836	851	863	826	841	851	830	835	817	839	836	834	827	836	809	845	824	849	826	847	858	827	839	840	815	830	810	841	840	836	854	819	820	830	845	857	823	852	831	838	843	845	862	877	824	857	833	816	840	834	881	840	856	833	821	848	850	864	846	851	849	855	846	827	819	844	845	832	837	831	860	846	856	814	819	844	845	851	810	832	831	809	851	838	838	859	830	833	837	833	2975.192677
842	866	858	841	822	839	845	838	840	815	816	807	823	851	835	825	828	825	829	831	816	849	811	830	833	819	844	851	828	840	846	852	833	857	856	830	792	826	822	835	797	814	836	834	811	818	847	841	849	826	828	831	799	838	835	841	810	832	836	854	830	835	843	840	814	842	831	850	837	826	835	848	846	803	821	832	805	815	851	839	835	823	847	803	848	797	841	848	829	832	842	836	838	868	853	830	2976.498511
814	812	843	825	839	848	830	829	805	836	842	835	837	821	805	820	851	829	824	832	812	793	823	850	852	851	830	792	822	850	802	840	824	852	834	830	833	797	845	833	830	822	874	855	827	833	829	845	823	833	819	859	856	817	848	839	835	847	805	841	839	818	833	859	819	836	827	837	828	822	836	816	837	837	822	831	844	840	850	836	810	819	847	842	857	833	820	834	824	812	835	831	809	807	820	798	2977.794467
836	826	825	821	793	839	851	830	803	821	819	818	815	829	820	845	863	822	836	831	833	827	828	833	823	830	841	825	827	851	824	809	860	825	784	837	790	827	834	811	823	840	838	794	847	836	807	830	821	819	824	811	838	817	844	805	844	828	833	829	822	814	816	817	813	808	836	834	814	832	827	815	822	827	862	822	823	815	807	816	839	838	805	831	831	835	811	798	832	835	840	835	813	841	840	819	2979.09008
820	804	796	844	817	864	836	818	818	813	795	804	802	839	830	830	829	849	806	823	823	821	838	830	821	840	823	825	819	826	810	806	806	849	817	821	782	837	844	833	880	821	834	781	826	827	823	835	825	820	825	806	836	810	808	810	815	839	816	823	814	833	858	827	810	817	806	810	864	825	809	840	836	828	802	806	833	852	815	782	825	835	819	826	810	831	837	826	826	834	798	833	829	837	835	815	2980.394871
819	806	784	814	840	810	826	822	808	836	807	800	821	845	829	819	816	832	850	811	812	840	824	837	805	782	840	821	811	829	825	800	816	823	817	817	814	807	810	813	808	843	837	794	839	814	848	851	810	812	814	833	836	811	835	832	833	821	850	838	860	844	812	827	815	796	833	842	816	800	815	809	827	821	816	846	820	829	811	819	830	864	811	818	835	822	792	829	825	831	841	838	810	800	844	837	2981.689794
815	828	824	823	821	835	797	811	813	822	808	803	834	835	842	839	848	802	814	795	828	809	839	808	829	803	813	805	832	851	821	856	843	834	807	831	809	810	808	831	792	834	824	826	852	816	833	815	804	831	832	823	817	796	814	827	826	824	803	800	832	831	835	813	821	831	825	811	815	804	828	831	805	793	816	827	833	827	844	856	820	813	847	815	834	812	826	830	808	859	813	804	835	829	825	811	2982.984372
814	816	845	825	802	815	821	818	806	825	818	838	806	824	827	819	806	829	848	845	795	815	816	840	863	815	840	821	842	805	827	815	824	824	795	819	803	794	802	819	861	843	828	815	847	810	825	837	826	836	821	830	825	829	848	823	840	815	829	836	812	835	817	812	832	845	829	843	831	837	795	842	831	828	814	804	829	827	812	822	830	800	861	802	832	855	830	847	845	849	809	836	838	812	820	818	2984.278608
826	817	838	847	848	829	810	812	825	854	879	804	856	830	828	814	843	828	834	858	851	853	842	837	816	822	870	845	821	823	824	822	845	831	843	812	817	824	837	805	857	828	803	848	843	824	828	837	827	827	830	826	808	823	817	816	833	839	833	843	841	817	821	824	836	834	838	812	847	818	791	827	833	851	821	818	842	821	795	810	820	824	809	840	809	823	833	847	831	825	856	828	845	843	820	791	2985.572499
833	841	837	802	847	825	818	822	847	845	830	829	833	838	837	817	815	817	833	841	846	813	844	820	839	813	821	839	815	866	801	819	851	805	825	840	825	813	787	836	812	813	846	799	847	844	833	812	843	851	845	807	839	834	836	829	854	833	833	835	828	820	821	835	818	842	815	822	828	816	840	808	801	853	820	828	848	854	858	844	841	812	824	848	819	860	854	842	828	811	821	802	838	826	831	828	2986.866048
823	826	824	804	810	824	817	815	840	816	824	833	817	843	835	815	827	828	774	829	829	833	831	841	854	828	868	839	820	807	837	857	804	820	803	849	810	804	806	825	801	844	853	789	822	831	795	824	831	836	845	824	811	843	829	835	802	845	821	840	812	865	815	860	806	840	845	878	832	827	817	795	804	850	798	841	865	833	828	811	828	830	827	830	805	808	813	824	809	858	818	826	838	841	846	813	2988.159254
820	826	818	812	834	838	831	821	807	810	824	809	833	823	843	842	800	819	812	833	831	806	830	814	825	843	823	829	831	811	820	832	793	841	852	831	809	780	812	834	844	810	827	832	803	826	822	840	833	828	842	824	852	843	816	823	826	834	848	813	820	804	823	849	839	830	815	838	847	823	843	769	843	836	810	801	860	821	833	816	834	832	829	823	856	844	842	825	836	865	831	836	806	852	832	833	2989.452116
819	816	828	805	815	820	807	792	823	849	824	828	810	838	829	814	799	834	826	826	847	838	828	820	789	822	815	823	815	844	831	824	808	830	808	821	785	802	813	806	838	812	855	837	807	841	830	819	819	808	818	792	805	812	823	837	820	834	827	828	820	836	826	842	823	791	820	813	815	800	800	844	829	815	838	843	816	840	841	850	821	821	827	837	852	807	825	801	813	803	808	844	812	804	799	839	2990.744636
796	800	832	829	791	786	828	823	815	810	828	825	822	828	844	845	839	792	828	831	802	825	823	808	797	813	794	810	808	849	830	804	842	814	811	806	848	778	810	787	817	819	800	786	837	834	807	811	804	844	784	815	831	819	787	813	796	836	839	798	816	819	814	833	835	811	851	838	827	811	795	808	841	802	795	835	842	824	814	785	798	799	819	796	826	821	800	818	807	796	807	835	833	849	797	817	2992.027313
786	812	796	805	782	826	791	812	808	819	789	791	806	810	834	814	823	788	809	821	812	814	790	822	817	832	791	807	835	794	826	809	800	800	808	819	825	786	808	799	804	817	821	821	802	846	778	820	801	805	804	794	832	807	837	805	803	805	793	794	812	818	791	814	816	824	779	805	806	795	824	814	817	822	790	825	835	810	794	823	811	814	802	823	843	821	825	805	814	842	803	798	803	792	804	812	2993.319151
779	810	802	809	787	812	783	812	784	836	786	811	801	800	808	801	803	814	810	809	795	831	824	793	789	782	765	812	802	814	789	804	804	791	788	784	795	798	804	810	792	776	822	831	777	779	782	781	781	827	770	784	792	811	801	779	816	786	799	799	792	802	798	802	805	823	836	827	791	818	776	778	842	823	812	779	814	789	805	790	810	812	809	802	791	781	815	780	813	829	795	783	806	806	803	775	2994.60115
786	784	778	761	783	788	783	781	782	776	792	832	783	802	792	781	805	790	822	784	789	790	793	819	810	810	785	793	798	816	775	804	794	805	820	819	765	772	780	808	807	793	808	782	806	808	798	798	773	770	827	788	804	806	805	823	773	841	779	782	778	817	805	796	807	779	814	801	801	780	786	793	817	782	772	800	805	802	778	795	799	764	773	796	782	791	810	801	802	828	789	804	807	774	790	807	2995.892306
765	767	792	794	780	784	804	759	793	795	782	792	770	795	788	764	763	759	755	805	792	771	798	799	762	766	812	799	800	761	776	800	784	753	759	795	782	770	773	774	781	815	792	787	810	802	796	755	775	779	808	789	772	806	816	793	785	785	806	757	818	803	789	817	802	766	783	778	789	786	795	754	783	797	765	801	793	772	776	789	774	798	786	758	755	793	791	787	808	802	787	796	804	795	806	823	2997.173628
767	770	782	758	787	762	795	791	777	775	763	784	768	757	799	782	782	761	787	779	784	794	756	786	812	810	755	813	785	794	760	760	790	746	779	778	768	770	742	780	752	785	768	746	772	802	753	773	776	780	762	785	818	802	801	779	758	753	781	788	789	778	784	767	777	775	787	779	773	771	757	775	761	787	769	772	783	770	771	784	785	798	775	794	794	786	787	791	763	772	772	774	808	790	773	770	2998.464102
770	762	794	766	761	780	775	754	779	757	775	779	762	747	781	806	759	773	750	773	758	781	768	774	785	784	766	785	762	773	776	740	762	757	754	747	748	770	744	771	764	743	789	772	783	752	756	766	797	765	766	761	774	762	783	777	796	769	795	773	789	779	761	756	779	797	787	753	779	756	772	763	764	760	792	781	764	757	777	764	738	769	764	743	738	807	744	761	792	759	767	778	765	772	787	767	2999.744749
757	753	771	753	751	745	762	762	757	756	763	798	770	735	763	763	764	769	741	767	761	760	784	749	743	791	770	766	751	748	766	762	767	751	748	761	786	756	752	762	763	790	772	760	752	768	769	764	760	790	779	752	752	742	746	780	741	765	756	763	756	749	764	759	746	765	745	754	754	771	760	766	766	775	759	757	757	771	768	744	752	771	770	752	759	751	761	757	764	754	734	746	755	763	726	780	3001.025058
743	755	760	767	748	754	749	731	740	747	756	761	779	760	758	727	733	771	755	767	714	754	724	771	746	742	743	759	759	749	762	737	758	721	740	748	730	746	722	760	740	745	727	746	771	754	754	781	744	765	769	758	738	741	768	729	751	747	741	760	766	752	749	761	729	756	779	763	731	735	762	776	739	768	737	758	749	744	741	744	775	754	762	764	750	751	775	763	788	763	750	719	765	731	754	783	3002.314512
716	761	743	732	730	740	727	746	739	733	758	746	753	736	756	730	761	759	742	752	763	765	732	757	758	730	767	749	762	758	759	763	748	759	752	778	735	745	743	736	766	756	721	731	740	751	723	715	735	738	754	753	743	762	753	721	748	755	726	742	750	752	733	745	745	758	769	736	771	735	731	732	752	736	775	769	733	756	717	743	754	753	737	767	721	738	739	752	770	736	758	750	759	726	730	743	3003.594146
713	743	743	733	748	736	738	744	752	732	700	725	743	720	754	727	741	754	743	747	752	735	743	739	740	740	754	740	735	747	727	730	754	731	720	747	729	734	740	721	729	728	749	754	742	741	742	735	730	737	733	749	742	743	719	714	736	725	745	740	727	720	755	757	735	770	729	725	732	725	730	718	746	732	753	763	761	745	764	741	753	708	755	733	751	748	732	728	730	738	764	735	740	738	744	765	3004.873444
737	744	751	716	728	760	729	720	732	752	749	743	723	706	732	738	753	735	721	741	721	709	743	725	753	753	747	748	710	735	734	755	741	712	699	718	715	735	711	723	742	713	723	748	740	712	746	737	729	723	704	754	725	729	731	730	739	747	713	738	748	746	752	744	747	737	736	725	721	717	710	725	732	731	703	744	740	736	730	760	746	755	742	712	732	726	742	744	725	734	751	748	765	723	725	735	3006.152406
717	731	709	721	733	743	713	738	716	709	714	734	688	734	732	749	719	749	736	714	732	748	731	722	717	715	743	749	733	731	741	742	699	752	725	721	701	719	729	741	735	726	722	721	706	699	736	716	730	760	724	737	698	739	733	730	746	726	731	756	736	729	742	750	739	734	718	745	751	729	725	703	739	722	701	710	735	707	732	721	732	733	744	744	714	723	755	717	703	734	717	759	724	730	716	721	3007.431032
732	748	724	738	723	740	741	733	694	738	745	717	710	731	746	717	743	720	726	705	716	713	727	729	737	755	738	733	732	722	718	745	737	725	723	713	723	715	723	723	718	713	733	718	750	706	710	716	713	730	704	708	720	713	705	719	713	714	736	745	750	732	767	758	698	689	713	734	720	711	716	729	728	742	718	715	725	723	711	714	741	731	742	715	705	714	709	733	716	713	731	738	742	733	715	711	3008.709322
729	738	719	712	727	723	682	709	740	739	727	719	706	717	720	702	720	737	725	728	727	721	732	751	724	712	754	735	708	720	731	744	736	754	710	726	714	721	692	721	719	735	720	727	743	719	687	727	717	722	725	709	730	717	708	712	716	720	720	713	727	721	713	727	715	742	715	696	702	720	719	737	735	717	719	723	708	707	700	711	713	713	714	730	733	756	727	747	721	737	747	723	736	746	722	742	3009.987276
732	739	705	726	723	718	737	704	733	723	695	701	731	718	728	714	727	729	734	731	728	721	726	741	723	716	719	729	718	728	716	704	696	705	719	716	711	700	722	716	741	712	700	711	700	711	702	730	739	739	698	728	723	729	713	715	747	732	713	724	722	743	731	711	702	744	718	691	744	724	733	737	735	735	720	732	712	716	738	705	733	702	698	721	710	715	708	718	717	733	723	740	718	738	715	685	3011.255432
705	710	721	739	736	707	728	724	697	706	731	719	708	700	707	729	727	725	719	702	712	714	732	716	724	725	693	722	716	733	743	731	717	715	711	739	727	707	704	722	729	719	717	719	720	712	738	716	703	719	721	711	732	716	724	709	728	725	732	724	734	700	716	706	721	738	730	729	725	709	720	697	706	717	717	716	722	716	711	732	711	711	706	714	710	725	726	740	730	724	689	691	720	696	704	726	3012.532717
726	733	716	720	724	711	718	743	731	688	714	728	724	717	742	716	702	727	716	703	706	722	703	714	712	709	734	718	702	685	723	710	707	699	726	754	714	693	699	722	726	720	719	713	711	699	708	704	740	707	726	704	718	735	723	730	702	709	719	729	711	740	702	709	713	720	705	728	722	712	710	711	718	745	705	716	738	710	737	708	726	718	751	708	732	754	724	703	718	709	730	720	732	715	715	742	3013.809668
738	693	716	712	725	767	727	698	716	718	753	744	730	751	725	707	706	721	745	724	720	718	713	689	722	733	702	716	735	713	718	716	724	727	738	719	705	691	722	701	747	723	729	705	734	686	707	713	759	745	728	737	729	725	725	726	707	730	706	732	728	734	731	729	722	705	715	715	726	728	736	726	716	723	714	740	693	716	704	742	705	710	718	723	707	734	718	728	728	730	743	725	712	706	727	720	3015.076827
723	730	727	726	711	740	730	728	732	727	726	733	724	740	735	743	725	735	742	728	714	716	728	724	730	715	729	717	734	708	731	739	723	740	707	725	738	722	714	729	720	725	743	722	750	706	707	738	703	741	714	721	729	716	732	708	729	726	722	716	697	702	734	731	741	735	720	711	739	711	720	713	709	712	722	738	2536	704	746	713	735	722	729	742	712	729	730	733	728	700	725	729	729	744	723	724	3016.353109
723	746	736	726	711	709	734	702	700	732	728	738	724	719	747	711	734	743	724	729	717	735	733	734	700	720	711	730	755	735	724	703	713	730	722	726	700	718	710	711	728	715	730	701	706	731	721	720	734	725	751	726	724	724	719	714	714	721	711	716	727	702	720	705	722	723	719	721	744	705	722	715	719	728	720	715	767	752	719	738	707	704	730	712	694	714	708	718	683	751	726	733	717	731	704	739	3017.619606
733	747	749	741	696	704	730	744	727	730	704	734	713	713	720	685	728	731	712	745	732	708	751	734	740	677	719	709	725	711	737	711	740	714	704	729	721	723	723	733	708	709	716	711	746	754	729	724	720	716	716	719	751	745	708	717	730	739	759	721	718	702	713	732	736	717	717	711	740	705	735	732	720	736	727	718	738	709	719	718	713	734	705	732	739	733	728	740	736	744	714	697	743	723	711	724	3018.895221
696	748	715	706	730	733	704	740	743	730	721	760	714	726	724	721	736	722	729	742	693	708	714	726	745	719	739	736	713	748	755	744	706	724	708	704	725	719	726	718	745	728	727	722	740	724	725	696	725	726	738	727	706	710	731	733	720	738	740	731	725	731	725	738	729	753	708	699	713	732	691	718	725	715	712	742	709	700	743	702	725	729	745	718	726	724	718	731	736	726	737	724	730	715	712	739	3020.161056
710	710	729	731	719	725	740	703	716	708	732	711	729	743	719	674	715	743	719	720	706	712	715	711	739	730	717	737	723	712	716	718	748	694	745	730	694	711	713	719	704	733	735	728	723	738	693	719	734	720	744	718	735	724	735	722	751	731	725	732	719	718	738	721	717	732	719	729	722	739	725	710	733	702	706	735	734	720	730	722	704	733	732	737	725	736	728	732	720	751	731	718	740	750	730	722	3021.426561
737	720	747	733	728	698	717	729	737	717	714	729	719	711	738	741	718	734	702	726	738	717	705	746	734	728	717	709	729	737	720	741	713	711	732	754	708	707	732	724	2128	721	737	707	735	741	701	736	740	730	718	697	697	742	723	737	718	715	716	727	699	730	710	733	732	710	705	751	728	712	703	691	711	689	745	731	721	717	708	731	712	720	717	719	750	738	717	741	741	729	703	722	734	744	716	725	3022.701177
722	725	714	732	724	722	703	717	725	713	755	710	723	709	730	728	746	724	720	732	698	723	733	738	722	713	713	744	730	739	751	717	695	730	724	722	723	704	716	707	1439	714	720	730	729	734	722	725	742	719	728	721	723	739	714	722	711	718	694	732	741	736	715	707	714	716	719	710	707	704	719	712	743	734	706	691	737	720	721	710	734	727	699	723	699	729	728	746	711	706	717	723	717	712	715	701	3023.966021
718	729	740	744	716	725	724	720	723	712	730	717	714	724	703	721	718	701	694	714	709	709	718	738	722	703	681	735	707	726	701	744	728	737	734	728	700	713	712	704	721	710	726	729	724	726	728	717	741	722	713	731	729	713	713	735	716	716	720	720	730	728	729	719	719	728	705	716	756	712	699	724	715	712	727	728	714	735	709	724	739	714	705	717	709	702	701	723	733	735	721	709	715	723	711	695	3025.230536
718	688	720	727	726	705	715	720	720	740	701	719	722	702	708	709	712	737	716	720	722	719	730	708	733	713	747	681	734	728	727	727	717	716	716	716	723	693	709	704	756	718	717	734	722	719	731	728	721	726	748	716	710	741	726	735	717	717	709	729	735	733	729	694	742	747	732	746	734	725	690	710	734	696	694	730	734	709	725	713	724	728	716	712	743	737	730	727	721	715	720	724	721	737	734	720	3026.494721
731	708	699	705	711	741	707	699	714	729	706	719	725	711	727	732	722	711	716	714	721	733	726	720	692	722	710	724	719	767	738	730	727	711	735	691	704	726	723	719	722	718	738	726	722	747	717	717	702	719	700	725	713	749	688	698	743	711	722	705	742	730	729	716	725	724	707	725	733	720	715	705	723	713	728	698	737	713	706	704	709	711	719	710	721	733	737	725	720	720	736	734	717	721	717	734	3027.758577
730	712	745	706	705	725	733	730	710	732	722	715	752	731	696	721	720	739	728	729	730	739	727	749	726	720	702	738	727	729	720	705	716	717	708	720	704	716	729	701	724	711	709	734	735	723	694	722	709	727	745	707	723	720	728	718	731	740	740	745	708	705	705	704	697	722	728	697	726	729	716	687	698	748	709	718	708	711	729	715	721	687	718	734	721	716	717	713	731	736	727	711	715	733	736	701	3029.022105
704	725	723	741	723	670	746	722	721	710	706	694	707	732	726	713	727	736	713	725	727	724	729	698	701	734	712	739	722	704	731	719	703	706	715	719	719	713	737	709	719	713	735	730	730	708	718	738	713	713	706	732	711	725	712	707	705	712	721	716	743	736	720	718	731	704	721	692	741	704	713	715	717	729	733	714	745	731	729	710	712	719	721	711	729	705	708	728	729	707	723	746	725	725	707	729	3030.285303
718	722	708	708	717	726	714	714	696	731	727	724	718	728	706	701	730	715	703	722	719	702	727	733	709	732	726	727	727	720	719	711	716	713	750	721	720	702	698	703	711	686	696	727	736	736	712	746	747	742	725	703	723	720	709	720	691	732	724	713	715	718	723	727	722	725	709	721	720	712	724	700	717	724	727	707	712	727	718	742	703	735	738	723	713	727	723	707	717	721	733	735	699	734	729	715	3031.548173
732	734	726	726	736	717	731	712	699	696	702	719	695	715	720	712	711	718	690	704	708	724	692	738	733	715	724	745	733	721	717	714	719	723	705	716	696	707	693	706	716	710	695	731	690	727	714	744	732	739	722	714	712	711	721	713	725	725	711	723	719	719	713	714	739	722	732	715	726	703	711	735	748	690	724	727	719	727	710	715	716	698	730	717	704	703	708	722	718	697	706	723	708	735	696	731	3032.801294
729	716	705	713	735	724	723	721	719	744	730	712	719	723	689	725	726	721	693	717	713	684	720	689	706	721	707	718	717	711	718	682	733	683	714	701	713	686	703	720	712	706	704	698	718	715	700	705	732	705	706	708	747	702	733	737	727	725	729	700	717	736	716	729	748	738	710	732	706	688	739	706	717	728	718	737	734	705	718	722	725	694	710	711	716	735	735	707	704	738	733	712	740	711	723	731	3034.06351
709	717	730	714	729	718	723	707	720	720	688	678	707	753	705	728	718	735	721	737	706	706	702	714	717	706	737	684	702	724	702	708	726	709	705	713	702	725	721	739	711	716	696	690	705	730	702	728	722	704	706	701	713	731	706	736	707	741	722	713	700	725	708	701	709	723	711	724	706	715	712	697	733	709	727	701	713	715	721	743	691	711	715	712	712	704	726	714	689	723	702	740	707	736	717	727	3035.325397
728	702	697	712	721	724	703	736	698	715	732	708	724	736	712	726	704	717	707	733	705	736	735	716	705	725	715	715	711	722	715	734	738	732	698	714	736	675	704	738	731	717	701	718	720	710	683	705	718	719	691	722	719	703	710	737	698	710	729	713	709	713	695	702	715	712	712	717	719	698	707	711	731	704	733	701	697	728	716	709	679	703	734	702	729	759	725	733	714	721	722	721	710	725	723	717	3036.577543
724	697	731	720	698	725	720	729	744	720	717	689	712	724	704	724	752	739	714	709	718	690	718	720	711	742	710	711	711	719	705	720	702	729	718	712	705	732	702	737	708	748	718	700	717	721	711	719	725	715	740	747	721	699	692	698	734	731	720	704	728	720	697	714	725	703	724	698	703	696	722	718	722	707	714	725	711	711	724	730	724	754	716	743	741	727	725	735	699	731	746	730	723	713	718	724	3037.838777
723	715	717	708	711	702	713	706	696	719	710	717	709	711	706	741	709	721	708	705	736	713	740	690	721	723	690	714	717	721	721	696	718	707	692	721	711	682	722	695	699	702	718	699	744	724	735	705	707	727	725	729	734	729	722	708	707	694	729	723	728	724	723	692	720	730	704	723	695	725	699	713	697	720	689	727	714	704	737	693	730	699	705	694	716	725	725	709	717	722	713	725	708	702	694	699	3039.090274
699	712	704	726	712	697	688	713	734	712	728	716	727	697	708	730	730	702	731	700	681	717	719	709	724	736	721	712	721	693	708	741	710	726	732	719	689	709	699	696	720	738	732	714	709	720	727	730	734	721	725	742	733	712	730	708	704	699	712	707	727	732	702	708	728	734	702	737	714	700	714	705	718	704	702	729	716	747	716	738	722	705	728	739	726	732	726	715	698	717	697	707	710	715	725	723	3040.341449
724	725	721	718	745	714	738	730	712	696	705	704	703	732	715	704	741	698	712	710	719	729	737	726	760	690	718	709	708	718	699	713	752	738	759	734	701	701	709	738	723	710	712	719	722	702	733	700	696	728	713	700	713	708	712	692	703	722	700	734	737	716	714	717	724	709	708	717	698	737	728	695	702	707	722	729	717	719	725	715	724	723	712	720	697	734	715	716	747	760	730	712	724	705	720	706	3041.601704
747	732	740	731	713	740	718	697	718	704	714	718	705	729	730	718	715	729	692	728	723	710	730	729	744	727	697	743	709	720	713	719	727	719	711	705	716	701	717	695	724	719	730	702	712	718	713	697	715	722	713	714	745	693	686	732	711	708	716	712	717	722	728	727	729	712	723	735	714	717	714	716	693	731	711	715	717	747	720	707	727	731	738	711	722	728	713	741	735	702	715	730	750	742	732	710	3042.852231
724	733	728	738	721	729	749	720	731	717	718	732	730	744	705	736	739	724	704	710	741	731	726	750	730	727	716	719	716	721	720	751	724	700	747	736	699	703	718	749	730	766	748	718	736	717	744	707	743	731	709	714	731	738	715	739	730	716	721	730	735	724	723	736	716	697	741	721	727	725	705	684	725	712	723	745	729	754	714	717	740	736	740	755	734	716	709	742	743	737	735	714	737	727	720	729	3044.102435
717	733	734	760	721	760	740	731	709	727	727	708	717	713	731	731	740	730	738	738	739	715	735	721	734	743	722	724	738	728	726	724	723	751	725	713	733	715	711	699	722	727	738	737	733	705	724	746	738	751	722	761	719	725	741	717	736	751	742	738	748	725	757	693	700	717	732	747	726	729	723	718	732	711	692	726	740	717	728	748	742	725	712	740	708	755	718	739	746	724	716	725	736	760	714	740	3045.352317
735	733	730	734	713	717	749	753	746	735	754	752	730	749	727	739	758	732	722	726	731	731	755	747	733	731	737	745	738	720	750	741	738	746	715	738	712	737	741	733	760	743	753	739	752	733	727	740	743	745	735	749	720	729	739	734	767	759	705	731	708	725	735	734	766	743	763	731	750	748	739	734	730	737	717	733	747	739	721	748	738	741	735	723	746	730	732	724	742	736	749	717	736	755	756	740	3046.601877
740	740	760	747	750	725	720	756	727	753	741	743	759	785	748	761	737	748	737	766	757	734	754	768	748	753	741	719	751	748	743	756	771	764	758	740	754	737	721	731	757	735	748	734	748	738	762	760	750	755	761	747	728	734	736	747	732	765	762	737	724	751	742	736	757	733	764	732	776	741	727	747	749	731	763	728	745	736	738	749	740	767	730	749	729	729	759	740	751	731	736	750	740	740	719	747	3047.851114
748	755	754	778	747	765	729	731	745	749	761	768	728	756	741	781	757	758	752	767	775	742	728	759	740	738	770	754	757	745	759	759	739	759	733	761	760	761	705	748	759	743	743	758	745	754	753	757	768	732	742	759	751	748	725	705	738	735	743	753	746	757	748	768	745	775	750	761	728	734	762	748	726	742	738	751	759	738	740	758	757	776	738	748	744	754	760	735	745	716	756	746	722	754	767	738	3049.10003
732	775	750	743	737	759	755	765	745	765	748	757	739	751	742	785	755	757	750	780	743	754	726	746	723	743	735	790	755	747	753	756	742	745	762	771	730	744	747	752	771	746	759	736	757	752	767	727	741	740	762	710	718	728	754	730	751	752	760	751	758	802	765	732	764	786	756	744	745	733	754	749	739	736	746	754	743	746	746	759	777	764	727	743	728	747	780	747	750	742	769	741	755	761	738	764	3050.348624
746	748	758	775	767	748	777	775	749	755	770	739	754	758	750	760	741	795	760	758	759	781	766	768	746	752	745	777	775	761	741	752	763	753	760	753	716	725	755	768	759	774	769	733	761	748	750	747	779	758	751	750	753	728	746	750	759	739	746	777	728	762	742	751	757	737	771	770	737	746	732	746	772	773	738	770	760	749	750	746	737	736	757	756	768	775	734	761	749	767	768	758	759	746	775	723	3051.596896
754	769	743	744	748	741	743	737	754	752	748	778	755	743	764	764	788	713	739	748	769	744	767	756	748	748	753	747	756	756	740	770	773	757	739	735	730	747	727	750	749	730	757	758	738	765	753	760	753	754	772	757	766	752	770	744	739	743	746	774	723	737	771	729	748	763	746	757	750	723	745	726	759	758	765	756	770	754	752	765	757	743	753	750	768	771	742	735	758	758	749	773	773	735	743	752	3052.844846
771	765	757	774	751	737	753	744	729	794	720	718	740	712	761	752	750	737	771	737	788	722	773	758	755	747	802	755	780	755	764	730	761	773	743	755	758	731	726	765	746	750	757	751	755	743	756	749	779	755	759	758	780	733	791	769	763	748	751	753	767	747	741	767	750	750	737	773	749	751	789	766	752	735	750	745	765	752	746	771	755	747	742	749	750	765	756	761	760	735	757	752	755	779	762	755	3054.083095
764	754	751	761	739	728	757	776	744	763	741	738	760	743	766	761	748	754	747	744	735	776	776	772	768	778	751	724	766	746	751	764	740	747	775	751	736	755	759	757	750	752	768	740	742	763	732	773	731	741	777	754	737	746	741	765	760	750	729	743	734	762	761	745	769	757	766	727	744	756	741	763	754	759	779	747	755	757	755	777	744	750	754	753	767	772	750	752	740	774	741	742	764	759	746	753	3055.330405
759	752	752	765	754	747	758	784	756	748	752	756	765	748	728	762	768	779	738	738	752	765	754	772	754	720	737	753	735	725	747	732	763	754	787	760	738	752	742	769	772	726	751	759	750	727	778	757	759	762	764	771	767	737	768	761	756	733	749	782	730	744	758	755	744	764	754	745	745	775	742	747	751	748	745	766	738	750	759	756	749	746	753	770	763	741	753	734	732	759	761	742	760	759	741	747	3056.577394
738	749	753	757	717	756	739	733	716	731	752	734	756	758	760	749	738	733	762	756	746	762	759	746	716	784	746	737	759	761	786	727	747	748	736	793	751	752	704	734	737	743	749	732	734	750	748	731	747	772	749	739	767	737	747	735	746	753	748	743	767	750	749	787	734	750	755	730	740	755	736	726	763	767	768	726	771	776	765	742	751	752	753	768	768	749	756	766	747	754	746	742	763	770	749	746	3057.814689
752	755	745	765	741	734	747	741	743	762	765	746	753	724	765	747	755	758	754	758	758	759	719	755	754	733	751	744	731	760	760	745	739	731	726	750	743	727	756	723	729	758	755	750	757	751	735	720	741	744	732	771	758	753	763	756	758	762	734	768	764	741	763	753	743	743	749	753	743	751	781	727	739	764	773	756	766	783	754	749	739	724	779	726	789	737	737	753	745	736	735	751	754	754	754	734	3059.051668
734	744	724	760	765	745	742	757	745	757	733	769	770	738	733	742	772	752	757	727	732	741	747	723	737	745	779	738	736	737	743	741	735	753	769	745	740	759	737	727	761	752	748	730	743	749	742	726	741	730	752	740	757	744	755	751	748	766	761	746	722	738	750	741	732	728	754	723	754	735	740	717	772	757	747	730	748	759	750	747	754	739	757	768	757	739	731	730	742	747	772	752	755	735	740	731	3060.297699
752	741	734	728	749	752	747	742	758	768	749	743	762	757	732	718	744	765	737	757	734	759	755	736	771	763	724	747	743	724	755	717	773	761	739	736	761	769	719	747	758	722	734	738	753	756	705	750	741	747	758	727	748	751	755	743	736	769	741	770	740	746	734	764	745	746	754	715	751	750	747	741	747	734	749	742	745	745	781	752	762	740	739	739	748	753	747	745	735	744	762	745	733	768	749	736	3061.534043
747	731	741	748	756	736	748	749	752	739	735	769	751	768	756	741	758	739	755	743	742	725	756	728	752	752	755	753	771	751	750	721	726	744	740	739	741	758	734	758	733	755	742	762	751	742	727	750	754	756	717	766	746	736	756	741	729	750	745	738	738	745	723	748	734	751	739	754	729	746	747	707	738	757	738	726	738	751	738	731	739	741	722	733	769	731	756	758	767	733	730	734	746	755	754	732	3062.770072
730	732	742	734	752	769	758	757	754	758	726	761	761	736	757	745	760	763	751	761	759	764	748	761	748	755	747	748	734	781	738	743	748	789	742	737	735	739	724	743	730	742	734	775	760	754	727	726	754	786	758	746	753	741	742	724	755	750	729	750	743	744	743	755	745	753	728	751	761	732	732	740	746	765	735	743	760	732	741	742	737	746	751	737	725	761	767	755	737	748	744	750	756	742	754	748	3064.015146
739	738	740	742	746	730	750	751	751	741	775	763	739	762	776	732	751	755	756	746	744	760	781	766	751	740	755	732	747	745	726	733	776	743	742	731	727	763	764	739	728	714	737	722	762	736	719	733	718	752	752	747	762	736	734	731	760	741	758	763	746	753	733	758	750	765	723	758	751	721	715	754	746	752	753	749	732	750	734	737	745	753	725	748	739	728	768	750	742	773	729	755	752	737	715	741	3065.250541
764	740	777	738	746	783	754	759	745	741	728	752	760	761	726	738	744	757	769	778	757	725	752	747	729	743	767	742	768	750	725	756	748	752	752	761	732	737	753	774	753	767	757	754	735	750	761	726	764	725	752	766	790	756	741	738	730	754	748	765	759	733	736	759	752	740	772	748	738	750	761	737	748	732	762	764	751	739	726	731	761	763	744	759	734	740	764	739	775	760	761	764	747	743	739	753	3066.48562
751	763	754	765	761	739	783	769	763	761	747	745	731	754	773	756	778	743	765	761	725	742	761	768	728	755	778	759	736	771	745	760	739	743	754	780	750	745	750	733	746	780	762	747	726	772	750	732	766	765	759	793	772	752	751	756	767	758	721	745	761	730	768	762	734	749	770	757	734	759	767	759	754	767	760	743	745	759	752	758	769	738	771	755	713	736	744	734	749	783	749	750	771	781	733	752	3067.720385
741	760	739	752	761	753	774	768	758	754	778	778	743	724	752	762	772	747	762	736	754	780	749	742	767	738	740	746	759	757	740	752	783	749	741	753	771	763	755	740	736	768	760	736	770	752	738	768	758	757	727	730	770	777	761	739	728	738	763	748	766	742	739	764	759	757	773	734	752	737	720	746	733	762	748	772	749	737	762	762	756	722	747	744	747	759	770	768	717	748	762	749	750	757	741	761	3068.954834
749	738	752	748	755	749	779	755	741	765	750	758	770	755	749	764	715	736	749	762	764	767	769	776	764	757	772	792	759	772	740	732	737	785	750	759	749	774	763	777	766	773	764	766	758	782	767	737	738	765	763	746	729	754	746	781	746	759	769	766	766	756	756	732	757	755	771	761	774	751	756	741	767	764	747	728	764	750	769	770	761	752	746	777	743	765	733	761	753	787	761	769	734	762	759	778	3070.188968
744	781	780	773	756	777	760	776	771	758	752	743	732	763	772	776	752	753	775	763	729	764	773	768	753	750	774	766	755	784	739	769	750	733	752	788	745	733	745	758	764	733	760	763	766	754	766	754	772	763	775	762	792	788	757	761	755	774	758	766	752	762	775	766	754	736	753	744	758	758	708	733	770	740	762	734	787	771	751	759	783	773	770	775	759	750	777	778	764	742	749	726	754	754	784	746	3071.413441
755	756	757	733	755	764	755	755	732	774	752	751	778	764	772	765	762	761	758	750	746	758	759	758	772	739	769	768	758	779	782	774	745	761	772	742	740	749	768	781	769	756	751	740	777	744	744	799	774	779	778	757	773	783	781	759	760	759	755	742	773	775	758	762	777	759	749	763	766	768	716	758	768	756	752	751	756	786	782	758	750	755	770	752	742	762	765	742	771	787	782	751	738	788	775	774	3072.646948
767	774	764	793	746	764	786	782	771	725	780	759	766	778	743	771	767	759	785	794	775	767	762	761	751	744	752	783	757	748	750	759	772	762	760	761	742	767	760	765	745	763	747	745	784	755	777	770	786	776	755	768	759	746	779	774	777	778	737	772	783	785	760	749	748	750	770	777	744	767	754	766	750	765	759	756	747	757	764	770	776	770	769	781	761	747	786	777	747	765	772	774	745	769	766	757	3073.88014
746	783	744	772	775	750	766	755	786	758	743	765	776	756	755	771	771	779	755	758	788	740	750	760	768	747	773	777	746	767	767	779	778	772	747	755	754	774	768	766	759	741	798	769	768	785	762	774	788	761	749	803	780	791	799	750	767	757	749	785	785	767	773	761	758	771	792	762	773	751	758	742	778	756	775	744	789	772	759	774	766	772	775	783	751	770	763	791	760	777	757	758	772	755	744	751	3075.113017
766	750	748	783	762	758	792	793	795	751	772	766	751	769	768	750	771	773	780	753	761	771	777	758	755	773	771	761	770	769	761	800	794	750	759	763	774	752	767	783	761	767	793	782	763	773	773	755	762	776	767	783	753	760	766	778	758	763	788	786	753	769	815	763	762	753	787	769	754	772	767	766	778	776	753	782	797	750	763	751	767	793	755	759	762	754	737	778	757	756	748	762	756	753	770	768	3076.336244
749	747	770	782	766	793	775	790	778	781	766	796	777	772	789	788	778	766	754	799	786	782	771	761	764	781	766	773	778	760	771	787	788	768	763	780	774	746	786	778	787	777	766	781	775	773	763	762	800	748	777	771	770	785	776	790	760	752	794	775	787	746	759	791	773	752	785	793	784	766	766	737	757	769	766	766	776	765	795	765	779	781	757	766	779	767	771	795	789	784	758	776	776	760	771	774	3077.568494
755	772	775	774	768	782	767	792	792	757	764	789	788	748	776	808	780	760	789	783	759	762	768	770	768	777	780	807	777	756	770	774	769	793	768	773	740	785	772	768	788	772	767	788	780	790	767	774	755	787	775	786	787	772	772	784	777	797	771	778	781	795	787	775	806	767	767	757	773	772	738	778	768	789	780	762	790	770	772	765	763	769	786	766	781	782	771	768	784	767	773	778	781	790	772	777	3078.791099
773	765	787	768	780	768	781	798	758	785	781	763	774	762	746	789	785	794	778	782	755	778	808	795	783	767	772	788	766	771	799	752	788	759	788	763	781	773	779	799	793	779	790	755	782	757	785	753	750	787	797	786	792	779	777	781	776	786	766	806	768	748	774	756	758	754	756	767	779	774	745	752	783	739	769	788	760	787	796	783	771	772	768	770	761	771	772	772	761	797	786	761	781	740	775	765	3080.013395
768	786	783	777	761	782	774	775	783	760	804	766	774	787	762	803	789	793	795	795	753	768	772	810	782	809	768	782	799	795	776	800	786	764	783	769	777	765	753	795	787	792	791	802	768	790	764	756	802	783	780	798	775	794	777	760	785	759	775	778	765	815	765	782	774	776	782	769	785	784	765	772	784	759	795	778	752	759	772	786	777	776	778	756	783	767	810	802	783	775	753	777	792	814	784	766	3081.244708
771	786	761	770	776	778	769	788	765	779	780	767	742	768	791	768	799	763	779	826	783	749	796	777	812	800	770	765	787	784	780	805	780	773	780	791	763	763	768	777	731	784	794	773	804	789	770	804	807	773	777	783	775	767	790	773	774	796	781	782	810	760	752	768	774	782	793	778	794	798	748	776	788	780	784	764	787	775	782	773	779	787	783	760	764	771	775	773	774	788	768	761	758	783	770	778	3082.466382
751	764	776	771	759	804	775	770	773	782	767	757	787	789	786	784	775	774	776	770	777	759	811	758	797	760	776	771	762	789	799	754	781	790	759	753	765	759	781	777	747	774	774	777	749	780	766	770	787	761	782	774	769	780	807	799	791	759	786	784	773	772	788	789	773	765	762	778	767	780	744	759	798	785	770	752	773	772	759	783	779	816	761	777	783	765	791	737	802	775	766	784	788	794	794	765	3083.687748
792	777	778	772	766	775	779	777	785	772	793	772	793	749	775	766	783	772	766	829	771	802	777	777	796	763	771	778	813	764	777	778	758	800	773	777	750	801	760	770	753	791	771	730	792	768	773	781	762	752	774	777	786	779	801	789	771	768	784	807	761	775	775	772	774	779	798	775	780	769	776	757	768	768	776	787	789	766	796	794	780	778	759	775	767	819	770	777	785	786	776	776	779	774	814	792	3084.908805
759	737	772	798	790	775	773	797	767	758	764	752	769	768	760	757	780	773	774	782	783	782	762	795	774	781	760	752	774	781	787	779	811	757	758	795	799	756	762	774	764	778	794	780	774	730	759	765	768	795	770	770	759	779	789	769	782	759	810	789	783	783	797	782	754	790	791	760	769	763	759	768	783	781	753	759	753	782	769	800	785	778	760	788	769	765	776	788	781	789	778	771	748	779	765	785	3086.129553
793	780	785	769	791	781	800	781	768	772	769	776	756	806	773	776	781	793	778	763	765	757	776	781	775	769	755	749	788	770	784	801	782	802	761	780	776	767	777	764	787	778	765	761	792	775	762	772	755	774	759	771	787	793	748	757	767	802	782	748	777	757	793	759	785	761	764	783	775	764	771	767	774	754	777	790	768	794	789	789	747	788	782	759	772	780	784	768	754	792	766	786	777	785	791	771	3087.349992
770	755	777	779	784	793	793	782	762	785	769	775	776	766	791	781	779	767	764	796	792	769	768	778	775	799	773	757	771	776	797	773	774	763	766	772	791	768	773	769	777	771	768	798	769	769	782	776	786	800	775	826	752	746	755	765	789	770	772	755	776	767	753	774	765	793	756	780	788	765	756	742	773	765	777	755	770	770	770	763	751	755	784	762	762	769	741	777	779	764	768	774	787	776	773	776	3088.570123
763	763	786	786	730	779	782	796	770	764	790	773	766	781	767	809	766	777	783	731	787	790	774	785	765	772	780	780	779	761	777	799	789	797	772	768	754	779	752	775	802	741	764	795	785	796	787	785	765	746	773	763	773	768	758	792	785	789	784	773	760	794	781	775	773	796	765	790	762	767	769	765	768	754	801	765	787	753	782	757	773	779	771	764	770	764	791	782	750	767	763	779	755	793	769	760	3089.789945
751	779	778	780	772	768	791	777	766	767	764	790	779	768	806	762	791	784	790	763	759	748	781	769	780	758	751	751	754	782	789	768	758	753	765	775	765	757	763	778	785	779	786	782	763	776	776	749	757	775	755	769	778	782	785	764	779	772	774	788	771	739	752	767	765	793	769	797	793	765	785	763	799	756	777	759	745	769	752	765	780	747	789	786	792	753	773	786	755	794	772	783	756	767	766	755	3091.009459
785	782	748	804	780	737	808	757	787	769	758	775	763	774	775	739	752	774	767	799	782	786	746	774	764	778	753	790	767	774	783	768	767	764	759	763	772	750	754	776	775	765	778	784	752	745	799	748	770	769	758	772	756	776	747	781	786	786	775	766	781	758	766	764	760	754	772	776	782	767	781	758	768	775	756	760	750	769	771	769	792	789	775	774	789	766	773	738	768	783	755	760	762	769	782	758	3092.228664
776	764	807	756	786	767	750	773	774	773	779	771	734	759	773	790	747	774	781	798	771	778	754	792	782	773	784	758	766	795	786	773	766	789	779	803	735	798	783	779	757	766	785	747	766	752	787	781	783	779	797	780	785	746	763	776	793	785	776	782	769	775	765	776	763	795	789	767	777	796	772	773	751	749	746	778	784	802	781	770	802	780	769	779	772	775	770	794	786	760	779	783	781	757	784	794	3093.438258
765	787	774	784	768	773	799	778	775	774	782	800	779	777	798	770	773	769	779	772	767	775	790	777	795	797	792	754	756	745	781	762	780	772	784	777	766	750	758	737	779	789	776	775	774	783	793	819	775	774	760	778	760	779	775	809	749	775	767	751	797	778	781	734	776	798	770	774	768	772	787	794	777	783	782	765	794	759	750	779	769	776	780	744	760	765	762	732	761	774	769	762	768	784	755	780	3094.65685
753	790	796	772	798	787	787	766	794	808	784	778	780	746	771	792	775	803	745	791	767	775	768	780	787	777	774	805	787	794	773	770	790	768	752	752	757	752	761	786	766	786	783	751	772	780	789	724	795	790	823	801	781	755	790	760	780	772	781	783	776	807	763	767	768	774	760	789	797	747	798	766	768	778	762	779	792	763	760	781	781	759	769	770	784	794	777	763	770	809	770	776	806	767	787	760	3095.875134
752	768	809	778	788	788	796	762	796	785	781	771	792	764	783	794	773	765	799	770	778	784	779	849	777	789	790	797	772	795	795	782	791	808	806	788	768	795	755	782	803	786	798	789	801	781	766	775	799	775	768	768	773	783	776	781	768	781	804	784	785	791	782	784	785	761	791	792	793	755	784	780	780	811	775	762	772	766	772	763	783	781	789	753	783	782	806	777	767	774	767	777	780	767	794	764	3097.083814
788	800	782	779	803	798	770	795	801	777	783	775	788	806	794	796	787	794	795	802	774	797	774	775	784	772	775	749	793	791	796	761	773	778	792	771	784	785	766	796	770	789	774	781	766	771	766	812	764	782	762	762	773	779	788	792	777	784	800	782	787	770	791	796	796	789	789	796	784	809	782	788	774	764	790	783	790	781	787	784	777	786	812	798	758	809	779	768	769	786	784	794	778	796	793	761	3098.301485
781	783	800	771	805	791	812	778	776	789	770	801	781	775	799	807	805	769	760	784	786	804	810	778	796	789	779	777	818	788	772	814	776	787	771	786	791	813	787	804	786	767	809	762	783	806	812	812	790	776	771	798	788	791	790	813	769	792	792	821	816	791	782	767	791	800	802	813	793	792	799	785	789	797	786	791	778	776	793	788	788	802	792	793	798	794	777	790	810	796	761	822	802	777	789	791	3099.509557
806	837	814	773	789	808	821	784	790	829	817	804	803	778	769	782	825	775	803	799	787	810	786	819	833	790	784	799	818	790	816	770	813	815	773	790	801	787	768	778	822	798	784	796	805	777	781	782	801	811	807	788	807	769	807	798	809	786	809	799	817	772	776	818	772	798	831	759	795	792	784	821	786	788	794	776	790	794	766	802	805	809	810	793	805	806	782	783	812	799	817	772	781	798	782	792	3100.717326
802	811	801	796	788	790	800	807	811	806	809	796	793	802	807	778	816	772	811	820	819	784	834	797	784	796	785	818	793	793	807	813	793	834	784	821	783	787	832	793	795	797	790	812	789	814	811	787	803	791	806	781	806	797	793	790	789	802	804	800	833	808	825	818	773	802	801	793	816	783	809	805	807	823	814	807	807	801	793	786	812	784	788	804	833	804	810	814	787	794	773	801	801	813	785	771	3101.934079
780	801	809	803	803	799	784	799	805	814	795	830	797	823	824	812	828	816	816	801	811	817	803	802	802	794	803	799	776	765	801	814	820	802	831	802	787	794	785	781	808	797	808	805	804	803	827	808	832	839	812	806	782	827	817	795	822	786	788	813	795	803	802	811	811	805	790	789	778	796	777	813	790	784	818	813	800	772	823	799	795	810	786	821	810	787	797	803	800	799	823	794	786	820	800	795	3103.141241
819	822	803	818	773	820	818	816	816	817	799	824	822	816	798	843	833	807	804	818	802	800	811	813	789	813	797	790	804	797	816	816	824	807	806	780	792	798	795	822	799	805	800	814	812	777	806	801	821	799	814	842	803	786	844	834	786	816	822	796	821	792	810	811	815	818	803	802	847	785	803	792	796	802	798	806	809	781	802	824	819	808	828	805	827	819	799	817	805	816	806	828	812	832	770	766	3104.3481
823	803	788	819	802	816	815	809	820	811	806	814	818	771	830	783	813	780	817	816	821	832	812	820	784	818	798	808	832	793	816	809	794	803	834	811	799	796	803	799	821	804	821	811	826	803	802	812	810	840	821	803	796	792	815	822	847	795	815	803	837	818	817	825	809	832	812	813	812	788	800	791	847	793	827	797	816	819	811	839	840	801	782	815	823	796	826	826	826	841	823	823	804	807	821	807	3105.554657
777	794	805	791	833	796	816	788	802	806	812	798	827	824	792	818	806	793	850	839	801	804	803	823	802	805	799	792	818	823	810	836	796	806	830	827	796	798	812	815	806	802	763	788	814	810	799	788	804	792	808	812	805	796	797	851	808	813	854	799	803	789	823	807	820	800	828	798	828	796	784	801	797	795	828	805	789	839	784	825	833	811	793	808	820	803	797	808	806	781	822	765	812	784	806	819	3106.760912
789	843	819	819	824	814	822	799	820	813	806	828	821	837	833	821	807	813	837	781	802	781	819	798	816	818	830	812	814	814	812	814	806	811	791	836	790	833	809	816	825	799	797	818	814	829	781	802	803	798	803	818	794	825	813	812	788	813	814	811	819	823	815	810	839	814	793	818	780	817	816	798	841	799	814	798	822	824	788	838	822	776	810	820	840	793	800	791	800	814	819	803	801	825	834	806	3107.966864
823	810	815	802	814	812	819	809	809	816	794	817	811	832	839	801	806	811	796	813	806	784	806	794	816	805	810	815	820	825	816	821	820	811	817	794	810	790	831	859	800	792	811	803	817	803	795	809	833	820	805	815	806	818	816	810	827	795	802	823	821	825	827	796	837	814	799	822	834	803	811	825	783	812	803	825	819	832	814	836	831	835	804	816	814	816	827	808	836	844	823	821	812	798	808	843	3109.172515
807	824	812	834	800	805	815	814	810	795	817	832	794	795	809	835	832	812	798	809	794	799	838	810	800	837	830	802	815	819	837	819	811	801	828	815	797	801	825	822	823	827	824	807	827	821	808	817	816	832	802	829	796	821	840	800	828	811	806	814	821	834	802	819	796	792	804	797	829	794	784	809	845	821	833	832	825	804	826	825	803	816	817	828	815	804	795	792	816	812	819	834	824	799	817	833	3110.377864
812	825	831	819	799	827	828	821	828	825	836	800	814	828	788	834	812	818	842	827	800	844	825	813	843	805	813	804	840	799	792	813	806	827	802	805	800	785	808	853	828	811	813	827	812	810	809	815	826	807	810	826	811	796	835	802	819	812	806	825	821	822	798	849	814	804	806	819	851	825	793	832	821	802	819	807	831	773	800	814	815	832	840	812	814	814	815	790	813	837	795	802	793	814	764	807	3111.573643
799	808	804	823	807	802	815	820	817	806	787	801	799	825	812	831	817	852	840	825	803	810	804	807	781	797	834	825	811	826	826	844	832	824	775	787	790	797	790	826	839	818	817	811	807	803	814	828	805	810	794	794	839	837	804	846	801	799	815	794	820	804	809	790	795	836	825	808	791	811	810	807	823	821	784	832	789	794	815	825	832	808	821	803	819	816	791	805	831	802	827	794	812	813	822	829	3112.778391
800	823	822	795	817	847	813	811	783	808	816	807	815	815	822	805	820	813	798	806	802	788	816	817	822	820	800	811	795	782	820	836	804	828	841	849	794	816	794	850	808	831	823	834	796	813	800	801	821	810	845	813	849	800	807	822	820	818	836	846	788	843	803	826	803	816	793	803	792	784	792	807	820	813	815	830	783	810	797	819	790	809	823	796	828	801	827	784	808	793	816	815	855	785	810	831	3113.982837
802	795	800	810	791	827	792	796	789	798	810	809	842	826	820	808	797	784	817	790	818	820	832	782	794	805	833	822	823	829	819	820	818	793	783	774	805	812	848	808	783	775	796	817	812	786	810	786	827	810	805	796	822	823	815	806	811	802	840	829	821	815	822	802	805	811	815	812	835	806	785	805	806	798	784	818	812	822	817	833	817	808	801	817	803	810	828	821	788	812	820	810	793	794	794	817	3115.177721
804	795	828	808	831	790	788	826	825	816	814	815	815	810	788	829	803	799	824	798	808	788	820	813	814	828	817	789	822	805	798	815	819	808	825	827	801	799	815	814	818	809	817	787	820	810	787	794	809	809	813	817	817	812	809	838	832	814	813	825	849	813	810	833	833	829	792	806	825	791	808	822	800	819	802	795	807	813	813	815	793	809	843	790	807	820	801	810	821	788	793	806	814	839	843	813	3116.381567
820	814	827	800	829	809	833	802	836	796	820	784	832	793	801	841	808	824	812	805	831	793	804	810	818	808	789	818	828	831	799	797	808	802	818	821	824	799	806	834	812	787	799	810	826	790	780	803	829	825	813	801	794	802	804	799	801	801	795	838	799	813	813	803	815	853	810	815	830	823	789	790	798	795	817	809	795	824	799	825	836	807	816	780	793	778	827	815	802	818	812	797	821	847	797	795	3117.575855
791	801	803	810	799	777	810	819	808	815	786	806	807	795	807	824	818	828	815	821	827	833	773	784	794	804	821	837	824	855	808	807	810	805	812	794	785	792	816	798	822	793	824	816	802	797	821	800	808	810	821	788	795	848	819	792	779	824	829	818	802	831	778	805	815	812	794	823	803	809	806	798	786	789	826	789	794	820	823	788	815	828	842	807	799	781	791	806	816	794	776	800	808	804	780	821	3118.779102
804	826	802	821	828	824	812	837	832	810	809	807	821	804	814	824	801	820	803	819	800	812	810	800	829	796	797	814	800	809	822	810	812	819	803	810	794	814	833	820	792	801	805	786	819	811	815	808	813	793	821	805	845	825	810	811	815	809	798	796	808	795	816	809	805	806	772	799	787	810	801	822	812	824	771	803	817	837	811	814	806	797	804	805	813	807	814	784	796	800	810	817	796	828	810	785	3119.972795
798	813	793	829	816	830	785	766	823	796	796	804	786	802	836	799	805	795	846	793	813	810	800	823	780	834	817	776	783	773	804	790	782	796	794	820	807	777	812	794	806	823	835	807	817	805	813	804	823	825	797	802	801	807	789	810	826	828	811	820	829	804	834	830	817	825	807	826	808	811	808	841	834	786	791	801	806	813	793	816	818	812	812	808	791	857	797	791	790	820	810	832	795	799	817	824	3121.166192
813	796	812	781	825	807	810	824	803	814	782	784	794	811	816	827	809	838	813	842	799	801	822	798	804	821	795	790	801	812	821	789	816	809	799	807	791	828	809	804	805	786	800	796	820	815	794	795	830	817	810	794	800	831	818	796	815	799	790	774	794	826	807	819	816	791	800	816	802	833	809	771	823	802	800	816	819	794	811	793	789	826	825	771	795	842	827	791	808	798	821	800	794	828	801	814	3122.359292
815	773	818	815	807	816	791	805	797	810	816	790	814	788	789	804	791	827	799	776	799	815	810	807	815	760	789	821	794	803	799	822	825	795	811	804	806	829	797	782	836	794	815	809	820	772	791	800	809	798	815	826	798	812	808	816	844	804	788	829	808	774	789	802	809	809	813	820	794	797	811	803	807	818	815	806	816	800	797	827	831	829	790	845	807	791	826	798	783	828	844	807	817	817	820	817	3123.561343
794	820	827	824	791	828	804	788	822	812	785	819	822	806	786	811	791	793	804	820	814	802	812	792	812	806	819	821	763	812	798	784	823	786	806	806	786	802	796	808	797	801	807	801	799	817	801	784	823	800	811	827	793	803	851	775	788	817	825	784	818	790	781	798	826	812	805	803	833	816	783	814	818	821	832	823	808	803	836	833	814	826	818	805	808	821	813	776	790	826	815	808	816	798	821	802	3124.753849
806	822	817	815	797	822	785	813	817	817	838	809	815	823	793	804	841	822	808	834	822	826	801	823	827	831	845	801	805	817	801	802	822	805	837	789	784	811	808	806	843	818	805	781	795	795	808	807	820	802	798	826	819	805	815	794	832	822	811	802	814	828	838	819	791	812	808	814	820	806	844	785	811	787	803	816	807	801	785	821	824	830	796	802	822	795	801	814	806	820	810	807	828	811	786	810	3125.94606
822	845	847	821	829	840	807	817	823	798	815	834	772	833	828	799	817	818	832	798	808	817	812	813	804	795	837	823	848	808	816	787	806	800	822	806	803	791	811	838	825	807	812	793	817	804	820	817	836	801	840	827	850	826	816	823	847	830	794	834	815	856	817	821	809	837	796	810	795	818	833	814	848	827	870	822	816	820	794	818	799	841	825	817	810	849	814	801	808	819	798	817	857	811	825	840	3127.137975
836	818	846	818	813	827	836	812	844	837	817	812	805	842	808	834	827	833	822	804	862	816	800	819	829	840	828	825	835	825	850	826	838	809	829	774	813	791	799	810	826	822	794	819	808	820	849	804	847	801	830	823	826	814	822	814	803	810	818	829	850	819	825	812	807	838	858	827	810	826	838	818	856	820	812	816	791	813	839	826	842	814	848	819	798	816	821	824	829	828	809	847	805	826	823	816	3128.320359
836	816	826	818	799	826	815	854	868	828	820	819	817	804	829	812	809	837	833	837	816	846	811	821	814	835	824	798	841	809	827	808	815	826	841	842	824	810	827	834	810	802	843	814	829	794	831	823	803	808	858	822	827	815	845	839	837	816	826	819	833	817	832	844	829	819	792	830	819	815	817	814	835	836	833	812	824	792	856	816	844	827	810	815	830	819	832	818	818	807	821	826	826	830	795	793	3129.511685
828	838	816	825	818	837	814	816	833	853	812	837	827	852	817	806	831	853	860	825	840	817	826	854	826	810	847	834	823	849	820	826	841	831	836	818	823	817	785	829	816	831	861	829	839	816	841	839	832	856	827	843	833	849	823	841	809	827	819	837	846	829	838	824	811	822	834	803	821	856	843	860	810	815	824	829	816	823	835	855	826	835	850	826	805	833	809	827	847	798	857	844	837	847	823	814	3130.702717
855	839	853	832	864	842	837	858	832	834	834	832	855	816	850	830	817	811	815	832	836	840	826	833	853	829	846	852	845	841	820	825	848	815	835	822	863	836	812	813	843	836	807	833	837	823	826	841	827	847	816	833	837	849	851	853	792	857	836	847	836	820	823	848	835	841	842	837	847	837	824	853	790	821	882	842	831	817	835	833	823	834	815	838	827	836	863	831	828	887	846	839	855	842	825	829	3131.893453
847	844	873	875	825	851	824	825	854	806	834	840	826	846	828	820	815	856	876	834	842	844	837	867	823	844	829	840	840	818	878	865	854	863	842	844	822	814	807	824	817	808	827	861	842	834	849	856	857	849	825	863	829	859	846	820	842	848	823	835	825	826	834	848	853	810	838	809	836	822	851	838	844	843	829	850	844	845	859	861	824	815	841	829	851	864	834	823	845	809	805	854	854	854	825	834	3133.074667
832	873	851	863	841	832	819	845	819	834	856	839	880	818	840	837	863	849	839	848	876	831	873	822	853	839	865	865	854	847	842	890	863	800	838	839	841	860	846	827	856	838	845	869	855	844	846	853	832	846	839	838	857	841	838	858	828	844	833	863	826	838	824	836	857	820	836	839	843	845	796	833	849	868	840	836	847	820	828	838	856	868	834	815	841	845	820	845	846	822	837	831	854	843	843	862	3134.264815
833	846	845	842	834	833	861	857	862	857	824	871	862	862	819	830	853	840	852	874	858	855	830	805	825	805	818	841	877	881	861	846	823	836	861	840	848	830	857	826	831	849	842	836	867	827	824	816	846	845	854	835	834	845	841	859	836	835	857	848	830	820	850	852	862	866	807	843	849	849	802	812	869	832	846	838	852	858	846	836	823	850	848	838	832	858	840	853	848	846	865	821	834	830	834	824	3135.445446
849	865	824	841	828	848	815	864	879	831	813	844	849	843	813	858	846	851	813	865	820	827	868	830	847	827	856	844	875	831	845	835	838	848	870	846	844	863	820	864	863	833	835	847	837	857	835	848	849	848	846	826	840	851	846	851	840	844	840	847	868	836	863	833	833	840	848	842	843	798	820	843	837	853	863	833	841	783	823	827	837	858	840	837	852	838	833	859	850	841	862	841	843	834	880	847	3136.635007
820	855	837	866	843	831	859	834	872	855	840	874	847	823	830	821	839	837	846	831	875	820	861	855	839	830	837	832	863	852	840	833	861	865	833	846	844	842	846	874	819	841	841	841	841	848	833	859	860	844	856	839	830	829	830	835	878	854	849	831	852	822	830	852	859	872	838	836	837	840	824	862	816	836	867	826	822	831	840	845	823	823	815	865	829	868	827	818	840	828	856	837	835	822	834	876	3137.815055
819	880	882	861	837	857	834	833	841	848	805	819	862	856	839	829	828	831	842	832	837	827	879	818	829	825	852	833	858	875	820	850	848	835	844	826	836	833	830	841	846	815	869	891	823	831	840	844	853	831	843	861	836	840	835	851	837	863	850	841	857	844	865	846	858	842	842	858	863	824	834	830	846	841	791	821	857	867	854	844	832	865	801	831	847	849	841	817	822	842	834	848	834	841	849	834	3138.994813
865	831	841	843	837	817	855	849	818	813	854	838	845	864	854	851	831	851	835	850	827	829	833	791	842	853	831	827	840	826	824	830	866	826	835	809	804	813	863	845	797	843	861	865	850	838	833	827	836	837	850	828	866	829	829	842	835	820	851	792	819	854	825	841	827	837	825	840	813	860	873	806	825	840	824	828	823	832	845	858	833	833	836	855	842	830	809	818	843	836	832	858	832	846	830	812	3140.183495
817	839	844	857	862	818	835	826	833	831	840	844	838	835	822	845	834	842	826	814	830	808	809	862	814	820	820	799	835	800	825	835	794	831	840	838	855	839	808	862	828	842	827	815	828	839	821	845	819	853	817	801	824	829	855	829	819	828	834	822	829	836	806	815	835	809	825	845	833	822	837	830	817	805	823	847	796	831	844	833	836	848	814	829	832	851	829	861	847	840	841	805	825	825	828	825	3141.362671
823	853	826	824	862	838	846	819	843	825	848	870	834	827	841	833	812	843	811	838	831	825	843	835	826	847	844	826	834	833	825	814	799	836	833	843	831	834	805	821	854	817	822	827	822	844	852	836	834	850	840	835	832	811	812	832	846	852	833	821	863	853	816	851	859	826	818	824	812	812	848	808	814	844	855	828	827	823	863	815	790	852	815	840	841	821	826	838	852	848	834	860	827	834	871	830	3142.541558
859	838	831	829	814	834	852	814	810	835	844	813	838	814	833	819	846	824	822	843	839	833	848	838	837	833	821	819	805	816	833	833	855	846	829	836	846	791	834	817	815	831	818	823	816	834	817	796	843	821	852	822	850	834	849	807	833	857	841	851	831	842	826	854	802	844	850	813	812	825	794	811	833	821	800	819	813	840	844	811	868	824	811	850	853	862	853	850	832	832	829	843	815	849	844	793	3143.720155
827	814	824	820	825	841	836	821	843	841	802	813	793	841	830	809	821	824	875	827	831	839	834	848	798	842	855	799	830	824	844	811	820	808	818	809	809	806	845	816	827	813	837	836	814	826	849	832	847	844	850	826	814	852	824	827	817	818	849	825	835	853	841	822	827	818	824	817	832	824	800	811	812	850	836	834	813	811	834	824	811	846	812	829	841	856	829	853	838	822	805	805	834	806	819	853	3144.898462
832	834	849	816	832	850	800	819	801	794	821	832	850	816	835	819	828	853	822	811	816	835	819	824	821	842	871	832	820	826	835	832	848	812	817	822	803	813	829	808	836	831	835	788	865	821	807	826	832	843	809	831	818	833	845	819	828	808	805	840	818	833	835	850	843	823	823	829	828	816	828	833	842	817	843	837	814	850	827	832	863	803	850	834	834	822	832	821	813	864	816	819	813	803	844	824	3146.076481
821	820	828	840	830	816	827	816	834	811	843	849	822	847	844	829	828	844	847	801	815	838	847	824	810	805	822	837	822	830	819	828	830	849	811	830	822	837	790	834	843	836	859	805	803	809	813	825	842	841	813	817	820	829	819	854	821	837	834	805	823	799	824	818	822	840	810	826	832	829	806	790	832	820	809	813	818	823	837	812	843	824	839	815	851	838	835	827	846	834	843	869	810	847	798	851	3147.25421
816	846	844	831	806	819	813	855	843	821	824	815	794	818	805	817	827	831	820	823	852	825	832	824	835	782	828	802	848	812	803	812	838	844	806	808	821	795	836	821	810	831	850	838	807	825	808	808	822	831	824	813	824	815	826	811	836	828	834	810	831	799	819	826	837	822	818	807	826	860	836	798	835	815	836	839	826	832	827	824	810	788	808	831	820	848	839	833	846	818	855	851	821	820	815	810	3148.431649
863	823	830	865	848	849	848	846	846	810	825	836	852	803	812	843	863	820	848	815	851	824	853	833	805	836	816	825	834	820	852	824	850	815	847	819	809	823	836	820	853	835	817	826	816	822	788	836	821	809	834	845	826	834	835	859	815	815	810	838	824	808	841	819	859	835	828	814	822	817	814	853	819	827	836	841	843	831	811	820	844	827	840	814	840	842	807	829	834	831	798	839	819	814	824	824	3149.599605
852	839	839	818	823	798	846	818	857	813	802	817	828	817	804	842	842	835	832	831	825	829	832	851	879	825	840	818	848	841	843	849	851	826	823	813	830	838	824	783	792	828	821	868	830	824	843	857	838	826	824	822	816	832	836	827	828	839	837	838	809	823	807	822	834	821	838	849	810	816	819	816	823	831	838	816	821	835	844	816	815	822	830	831	825	840	841	819	833	831	854	832	831	834	823	822	3150.776469
841	842	837	823	805	822	822	849	822	838	815	832	835	842	834	822	850	853	841	825	834	843	834	839	817	839	856	819	871	818	854	836	831	813	841	838	819	829	798	828	803	826	813	868	814	818	813	852	861	864	859	869	828	847	843	858	861	851	837	831	833	832	812	835	833	846	849	833	823	831	841	857	819	833	840	839	849	804	834	824	855	785	818	843	807	840	842	836	840	840	844	820	857	829	817	817	3151.953044
820	825	841	817	872	847	812	851	847	845	841	841	841	824	831	836	811	835	850	846	825	834	848	828	841	847	824	801	847	889	827	833	833	854	838	848	831	839	820	851	846	838	840	841	831	830	871	804	835	833	857	847	864	844	813	829	848	835	833	831	832	855	857	822	849	835	853	831	847	830	854	843	864	844	820	830	841	864	854	848	838	822	835	832	824	834	833	866	827	841	846	838	831	854	843	844	3153.120142
845	839	866	855	848	827	847	875	821	865	838	847	854	883	847	862	866	857	838	826	826	832	852	855	850	854	821	840	854	813	828	828	846	859	836	849	824	831	819	828	824	849	854	874	851	856	843	817	799	840	829	843	836	828	844	847	843	847	860	846	847	864	827	824	847	834	840	896	848	863	822	845	837	824	844	843	841	853	839	821	820	842	847	837	834	846	870	823	833	862	863	828	817	826	806	852	3154.296142
853	847	834	838	862	819	841	853	883	876	847	833	836	868	837	811	858	840	875	855	850	879	832	829	832	849	837	852	855	830	857	867	860	835	821	859	848	850	805	840	834	817	855	821	845	857	844	842	878	838	875	862	855	818	829	844	858	861	821	852	832	846	836	836	870	839	821	860	863	844	821	842	841	839	851	855	826	834	841	866	849	841	851	836	827	808	835	859	854	847	860	823	824	850	867	809	3155.46267
861	842	838	856	835	839	862	845	844	862	873	830	867	868	834	840	851	834	833	822	863	827	813	829	867	855	839	873	841	850	851	842	845	860	862	904	852	843	834	833	845	863	853	830	855	839	852	837	849	845	832	838	833	840	872	856	820	849	862	838	854	822	867	858	847	836	852	841	888	825	847	818	874	861	813	849	863	864	871	830	852	867	838	824	840	857	866	888	852	854	844	850	831	846	865	861	3156.628913
859	879	824	832	876	858	854	855	831	873	859	818	871	840	870	891	836	853	850	843	845	868	832	828	824	870	858	858	838	844	852	872	834	849	845	850	851	823	872	824	865	859	851	864	872	833	860	859	870	822	851	860	851	870	853	858	828	859	840	844	835	869	837	844	839	854	825	839	862	850	841	852	849	848	836	827	828	824	824	852	876	855	838	812	816	865	869	856	854	847	841	843	835	842	868	857	3157.804053
839	821	841	893	839	877	840	856	857	874	876	856	860	873	844	830	845	835	861	861	855	854	867	832	848	861	822	848	848	879	869	835	824	875	862	878	886	872	839	848	856	846	862	864	845	861	846	861	872	863	862	863	826	829	846	851	851	836	854	861	863	871	873	869	846	869	837	840	830	840	851	855	871	834	876	866	869	839	858	839	819	848	865	835	836	878	841	873	876	828	858	875	828	870	832	854	3158.969726
874	854	844	841	865	866	854	856	851	844	855	857	864	853	845	822	833	861	830	874	850	861	850	858	849	872	854	857	861	845	881	837	856	856	871	855	861	808	827	862	886	845	860	901	870	885	849	836	870	860	847	860	876	837	869	849	875	862	843	853	851	848	878	855	865	861	856	848	846	846	858	842	844	829	828	845	833	874	829	856	814	867	852	843	844	857	840	855	848	866	861	849	870	861	886	875	3160.135117
858	853	855	825	871	868	889	844	856	834	862	881	868	856	853	850	877	855	847	848	856	857	849	860	848	831	841	851	844	868	854	845	849	849	863	870	848	846	876	843	812	861	857	874	842	855	867	877	846	869	853	862	854	853	842	861	876	882	860	850	875	846	841	833	851	847	880	876	834	879	834	867	881	858	864	816	833	829	873	846	852	863	864	873	853	847	880	842	831	867	854	871	861	876	841	839	3161.300223
859	892	857	861	852	867	843	839	861	831	836	875	839	834	859	833	854	866	838	842	847	842	846	862	854	855	863	855	875	830	820	865	866	855	827	869	856	824	889	836	848	882	866	860	844	871	821	840	864	860	843	834	883	859	866	860	885	868	847	859	857	831	853	839	849	846	854	838	847	870	860	863	846	839	857	852	840	852	869	866	846	877	857	862	841	836	865	826	871	877	866	819	858	866	839	863	3162.465047
847	853	836	847	828	871	873	850	852	854	885	867	866	864	843	861	839	861	856	847	847	843	855	857	853	838	867	879	868	829	869	835	823	870	860	851	852	835	856	874	844	875	868	849	831	854	833	892	880	866	885	865	880	860	876	854	859	895	875	887	877	826	870	855	884	868	867	840	840	850	814	827	868	874	828	858	890	812	856	844	865	890	860	834	847	858	875	858	855	844	819	845	839	855	869	831	3163.629587
862	848	852	872	864	838	850	852	860	844	851	832	842	854	881	862	835	840	846	863	851	821	854	876	866	845	854	842	866	862	882	817	831	846	850	866	870	828	860	851	890	830	874	861	871	857	855	832	839	852	861	833	841	856	852	871	853	874	864	858	867	849	852	851	863	852	854	831	847	844	852	876	860	840	852	841	855	840	859	845	854	866	829	853	872	868	854	834	828	844	854	862	853	856	844	845	3164.793843
839	867	861	844	870	841	826	843	821	881	875	858	829	848	874	828	847	854	886	901	844	826	855	843	846	856	837	839	867	822	836	856	867	829	845	845	871	850	836	844	879	858	861	831	833	822	835	816	840	819	851	854	873	841	832	891	832	844	872	842	834	830	861	856	885	891	855	847	842	872	861	865	843	835	830	825	842	880	842	868	843	830	855	815	887	869	881	843	849	852	853	852	840	864	845	831	3165.957817
850	884	832	874	827	861	854	859	848	877	864	844	866	899	894	869	892	858	815	864	869	856	846	834	817	870	847	811	846	831	848	859	834	848	855	834	856	839	819	854	871	877	866	884	845	849	861	866	852	855	859	836	857	869	851	856	841	860	852	863	881	821	839	863	853	851	835	840	873	832	841	835	851	846	862	840	842	828	887	846	855	846	827	862	848	844	849	865	869	836	873	830	862	820	852	846	3167.121508
824	827	850	861	833	849	870	860	820	854	833	845	850	828	833	853	830	841	825	861	805	817	857	870	858	855	836	868	887	870	854	852	839	842	841	827	804	857	824	839	853	854	865	831	847	875	862	857	846	871	861	859	849	863	833	864	848	837	875	848	833	842	858	829	864	881	834	853	859	875	831	866	832	833	855	841	826	839	843	826	839	835	847	842	842	875	856	848	813	832	861	851	877	847	842	850	3168.284916
845	858	830	839	845	876	853	866	864	865	864	900	850	838	840	856	847	845	840	836	851	848	843	855	841	893	864	841	818	846	844	873	834	834	855	834	867	792	851	836	841	841	844	864	864	849	869	845	854	877	867	864	833	844	845	853	878	879	841	844	864	848	839	850	879	872	837	860	848	848	823	864	859	851	874	837	848	846	853	850	831	867	868	864	854	831	873	848	856	853	833	863	848	854	838	833	3169.438883
817	815	834	854	857	838	832	866	872	841	863	826	880	817	836	849	841	876	823	847	829	882	843	841	835	830	861	834	828	848	840	829	842	854	839	822	825	841	831	858	826	846	832	849	824	846	876	840	849	854	832	866	844	860	850	824	864	828	839	853	845	828	851	861	834	857	874	807	839	828	863	825	860	827	845	851	868	852	853	836	850	839	833	841	832	803	837	854	831	844	870	849	850	831	858	852	3170.601728
828	846	845	850	845	871	845	830	842	822	847	872	868	844	835	853	828	843	820	860	847	833	834	852	824	828	858	852	837	870	841	867	845	824	833	848	835	848	833	805	828	860	820	846	843	863	861	830	850	825	827	874	845	852	815	857	835	856	862	834	844	861	836	856	855	855	850	817	846	835	831	833	841	828	837	838	833	863	831	824	873	814	857	845	859	834	825	843	860	890	840	820	853	857	849	845	3171.755137
828	863	837	860	842	849	849	837	837	819	826	862	814	834	855	843	811	852	873	845	818	842	841	829	853	859	858	821	851	850	822	852	866	852	842	846	854	838	810	818	862	846	813	819	856	855	836	826	849	843	832	817	844	848	850	862	835	801	812	889	815	842	843	835	836	817	846	839	872	832	812	855	843	846	831	861	846	834	858	810	843	823	833	860	853	851	802	815	843	836	849	836	838	836	853	802	3172.917419
785	836	831	871	847	869	834	847	841	819	855	846	828	844	849	829	840	826	836	862	831	839	858	812	847	808	839	821	846	857	846	834	853	869	848	830	833	833	844	843	833	861	822	851	851	808	813	852	835	851	859	830	837	856	857	848	863	837	825	859	851	824	834	845	847	828	866	832	841	839	846	836	827	840	827	830	843	849	823	823	858	834	851	840	850	809	846	834	846	827	843	827	827	851	848	820	3174.07027
807	849	862	811	820	868	874	848	847	840	844	836	840	806	854	857	829	838	819	839	828	862	841	821	855	827	832	845	830	860	863	862	817	826	834	855	830	833	839	821	846	841	865	850	840	853	834	830	840	852	836	865	817	823	836	873	845	852	846	839	845	849	839	838	850	819	842	836	823	840	831	845	843	838	858	825	848	870	836	837	850	849	859	838	882	862	823	838	847	854	841	861	829	838	840	834	3175.231989
824	841	808	841	824	832	838	850	843	842	861	829	857	835	840	858	884	825	823	822	825	806	862	835	838	857	851	828	835	868	840	865	827	848	827	820	833	840	852	825	821	830	826	871	839	813	859	842	852	851	850	825	822	837	830	834	820	826	847	860	870	839	852	843	869	822	831	829	847	814	855	838	833	821	868	807	818	840	845	824	842	825	824	827	816	839	847	858	859	850	849	817	844	835	827	827	3176.384282
849	830	829	857	828	835	836	818	837	857	859	819	817	807	858	828	834	870	828	805	835	825	847	835	861	839	814	829	843	845	849	855	849	836	848	833	829	816	836	863	844	846	845	830	839	829	833	822	865	837	828	846	838	824	826	863	861	824	836	869	840	825	860	851	840	838	857	862	831	839	839	832	867	853	844	822	837	826	877	836	833	849	827	854	823	824	849	853	851	803	841	823	835	839	846	843	3177.536298
861	851	851	851	815	857	878	852	837	821	840	837	839	840	821	821	849	827	849	846	847	834	821	826	854	835	838	806	829	838	856	858	853	823	819	845	852	859	865	833	858	847	835	849	814	838	818	862	873	849	825	825	874	857	856	815	823	811	836	865	848	854	849	838	839	858	836	871	825	854	808	840	829	847	849	795	819	815	809	842	833	859	835	845	841	877	852	830	862	827	826	866	836	812	858	858	3178.688036
851	851	851	827	843	840	844	859	860	849	843	811	826	835	842	841	806	827	819	832	839	844	855	813	827	846	861	851	856	808	835	826	834	867	814	847	836	836	827	842	866	862	838	864	814	830	867	836	869	848	826	862	849	850	852	888	858	830	834	850	852	851	837	854	858	880	878	863	859	842	872	836	839	822	849	839	835	819	853	865	851	872	816	856	846	853	860	839	837	856	887	844	821	850	864	861	3179.839496
830	842	832	854	839	829	845	864	823	840	861	824	865	862	846	855	866	830	844	834	859	840	829	830	840	831	839	834	835	835	833	818	830	846	847	842	837	835	846	858	882	849	840	844	821	833	828	838	851	844	847	855	883	831	833	823	833	847	839	834	835	862	846	851	840	855	837	839	831	835	833	876	831	854	844	857	818	845	825	800	823	818	844	845	807	856	844	844	838	839	878	834	833	850	838	835	3180.99068
849	867	852	836	858	861	848	857	844	848	856	887	834	872	835	818	851	847	840	853	855	843	833	832	861	823	835	799	853	835	842	863	844	852	850	841	826	853	843	848	856	832	871	843	844	856	868	861	827	843	854	849	841	839	845	813	852	864	827	828	876	837	858	832	880	831	816	843	878	843	843	834	852	828	853	807	833	818	825	850	883	839	828	821	831	829	867	840	845	844	859	875	882	830	839	819	3182.141585
862	855	872	857	879	840	850	844	881	861	871	835	831	833	884	838	826	842	862	847	883	841	833	863	839	842	864	838	838	835	817	869	875	820	864	868	866	820	841	858	864	856	843	853	873	850	883	839	838	850	838	849	873	838	852	842	854	870	851	824	851	837	825	832	836	854	867	845	822	843	807	827	882	834	837	859	830	831	873	835	840	854	842	847	838	826	816	861	837	856	849	850	853	840	856	840	3183.292214
869	855	867	875	848	848	841	854	847	876	843	843	846	853	851	839	852	861	850	843	836	853	860	853	853	847	862	859	853	869	852	849	846	872	844	876	831	828	839	862	867	818	864	842	866	851	842	878	851	862	859	847	837	853	841	878	865	819	828	878	841	838	868	845	854	855	828	876	850	871	805	826	848	859	836	871	841	867	830	872	851	870	858	884	873	823	858	860	836	852	851	827	859	849	849	866	3184.442566
848	857	855	819	874	862	853	820	851	833	864	853	841	864	856	847	825	859	866	886	868	851	859	860	856	845	872	837	833	892	867	845	856	846	861	834	875	831	845	839	841	852	865	887	869	869	829	843	877	878	836	870	838	853	855	835	844	846	882	851	858	848	822	814	844	863	848	843	862	878	844	869	879	837	854	860	856	862	842	870	880	844	816	853	839	856	859	873	839	859	853	853	837	854	873	864	3185.592641
854	858	856	855	826	852	849	882	880	843	881	864	870	837	875	901	844	874	879	864	861	830	845	883	875	859	856	852	855	835	863	851	838	873	835	878	866	854	831	848	827	857	870	876	852	835	883	861	863	857	863	855	873	855	873	879	872	861	854	865	871	854	868	860	842	843	871	828	877	854	838	877	869	817	848	860	858	846	844	858	834	865	832	882	891	823	848	872	859	854	847	848	871	840	853	838	3186.733315
831	874	835	846	845	896	871	924	861	905	845	864	838	842	859	865	867	844	851	871	861	859	882	850	873	857	859	837	847	848	872	862	885	883	882	843	843	843	846	845	893	835	828	866	852	853	866	881	879	857	857	847	833	856	865	880	890	868	860	894	874	872	860	825	869	855	845	886	872	875	860	858	876	868	862	877	889	865	864	863	853	851	884	886	882	872	864	867	891	867	861	871	861	853	865	866	3187.882838
883	870	864	843	869	866	888	886	848	842	847	862	867	852	886	888	855	895	877	870	845	872	867	880	875	849	868	861	853	881	881	862	876	859	849	878	855	856	849	857	874	843	867	866	885	840	865	860	870	874	873	877	890	861	849	864	873	866	842	875	836	863	860	861	855	875	871	852	834	853	863	864	830	863	875	870	861	860	892	875	855	833	894	839	866	869	897	845	866	854	868	893	851	869	874	861	3189.032085
867	853	883	887	850	893	861	899	868	879	859	864	859	870	843	879	845	867	879	917	893	890	848	858	895	884	864	866	855	869	883	861	881	895	857	870	888	883	867	862	864	870	859	901	881	875	861	896	870	868	887	882	868	861	890	858	855	869	851	861	879	871	861	896	869	867	863	861	877	883	859	870	846	890	865	832	866	871	853	858	873	856	847	885	872	869	867	862	870	875	858	869	878	859	884	888	3190.171937
867	884	859	889	868	883	864	863	888	872	871	884	863	872	884	869	882	858	854	869	875	871	878	873	867	862	879	858	890	866	870	883	899	877	870	881	863	874	836	890	859	860	905	863	880	852	878	881	877	898	866	894	888	884	840	880	857	912	876	868	867	883	878	880	867	880	858	841	880	898	869	858	866	897	888	857	875	887	889	886	871	856	881	854	865	883	915	851	885	867	861	855	871	873	872	879	3191.320633
876	853	908	900	876	877	888	879	909	902	869	876	851	870	880	859	865	909	860	886	902	889	878	842	858	854	863	883	861	882	860	837	889	894	874	873	857	865	849	901	888	892	860	883	872	896	882	877	886	894	883	870	874	875	862	852	885	871	859	858	887	866	873	903	880	863	899	865	886	869	890	846	882	866	875	869	874	875	879	871	880	848	828	884	861	856	871	875	839	884	888	876	840	882	888	872	3192.45994
880	863	851	876	892	870	891	881	900	869	898	874	864	872	876	897	875	880	863	863	886	909	861	879	854	862	877	879	862	892	878	867	900	858	880	861	863	870	874	866	879	880	858	885	883	880	885	879	895	863	875	877	920	912	912	866	871	860	852	889	835	871	861	878	875	889	870	896	846	877	888	889	858	883	855	856	890	859	870	879	880	898	843	896	884	870	888	859	878	891	875	848	897	866	883	844	3193.598974
859	897	883	858	903	847	860	885	890	888	871	860	884	866	859	870	871	879	874	863	878	866	886	888	896	877	898	898	859	870	857	895	889	859	893	866	862	884	854	842	841	896	896	861	877	869	889	875	859	874	852	857	876	859	864	867	861	879	896	875	871	877	862	868	905	840	886	902	897	871	854	885	825	896	882	877	834	899	881	866	892	890	867	859	876	889	855	869	864	881	889	884	880	856	876	871	3194.746846
866	866	854	870	895	860	878	873	893	883	842	876	851	858	861	895	861	866	857	876	853	890	857	882	886	891	869	896	874	908	877	872	872	863	890	876	862	871	879	888	878	905	887	870	894	857	882	872	866	898	886	899	863	851	902	880	900	877	877	890	862	865	889	870	864	909	859	887	875	868	855	876	853	885	883	878	874	855	896	875	868	855	869	864	882	876	929	870	856	855	875	899	896	880	865	899	3195.885335
872	883	872	885	860	878	883	865	873	867	883	852	874	867	886	870	874	874	884	848	838	858	882	861	871	884	871	880	857	882	851	883	846	881	842	868	881	834	879	876	848	883	874	864	842	851	816	889	852	854	860	894	900	864	861	884	878	872	878	862	863	855	856	886	853	863	855	879	854	866	858	888	890	827	879	887	861	838	858	876	857	864	878	879	868	865	865	863	880	854	893	895	891	868	866	867	3197.023552
873	911	866	877	866	869	893	861	868	873	869	887	870	858	859	883	891	855	915	829	877	864	847	872	889	823	852	909	890	866	855	867	884	848	861	869	872	885	831	847	880	862	877	859	868	889	862	834	877	865	848	834	861	865	851	861	876	881	855	862	878	851	824	880	862	865	866	883	866	852	861	873	875	880	870	871	862	857	862	884	830	852	868	861	867	847	880	873	892	882	890	890	877	848	837	829	3198.161498
907	881	893	884	845	859	858	865	862	866	841	854	856	847	853	875	878	856	848	870	842	864	881	858	845	890	851	869	864	851	883	842	876	848	870	856	846	839	869	827	847	838	892	886	889	838	847	847	864	864	852	874	847	877	901	852	880	840	858	856	877	881	884	858	875	873	873	855	882	879	869	870	851	849	864	844	907	865	852	890	843	863	877	852	839	890	860	867	904	893	858	880	838	872	857	861	3199.299172
843	857	847	819	845	843	899	894	858	872	846	862	856	835	890	867	889	839	901	881	837	838	846	856	851	836	891	844	889	852	873	881	850	872	847	876	819	873	855	848	848	882	853	859	863	855	849	872	861	904	889	891	850	830	856	864	857	875	884	839	859	843	876	842	877	841	874	871	909	853	843	852	876	865	864	863	868	862	855	865	823	865	852	855	870	837	852	829	872	861	870	853	894	865	870	855	3200.436575
860	854	846	827	842	840	836	840	827	865	861	872	839	860	823	885	827	868	870	856	857	865	833	873	832	882	865	831	846	861	878	829	856	826	848	851	863	841	841	871	836	847	858	859	864	871	855	827	837	858	860	846	856	838	855	847	862	842	849	846	882	876	868	842	856	851	856	883	833	848	845	874	866	877	858	858	882	838	886	836	862	883	852	887	870	857	847	836	859	871	846	859	872	886	866	841	3201.573707
857	826	860	865	857	837	856	861	848	858	841	878	864	864	818	850	848	850	873	865	878	846	859	854	852	851	873	816	847	852	835	872	846	874	867	857	878	852	851	857	840	845	871	850	882	847	854	856	848	859	849	869	848	851	857	865	844	873	904	829	873	858	873	848	878	865	881	848	881	836	867	856	854	854	823	833	851	843	840	869	852	819	847	865	834	849	867	843	860	885	857	837	846	871	869	857	3202.710568
841	874	859	844	857	854	867	865	849	858	855	847	863	848	823	855	848	867	858	866	850	842	841	847	848	831	848	856	864	842	862	870	851	868	849	852	863	838	849	849	841	825	836	868	854	865	839	847	876	854	842	855	853	852	843	866	846	870	855	860	844	804	827	852	846	858	866	856	869	853	848	878	849	831	872	848	810	865	825	850	845	838	885	838	836	841	840	833	869	827	835	865	829	877	859	828	3203.838066
832	853	869	835	853	858	852	839	815	833	858	868	827	860	836	833	861	835	837	858	889	839	855	840	852	877	850	859	826	838	836	879	862	862	837	838	843	854	846	880	857	834	856	830	863	843	869	837	859	851	856	842	833	887	846	872	867	858	850	834	857	879	867	872	864	860	847	846	851	851	839	822	842	864	852	864	843	829	826	842	839	853	835	854	844	870	818	841	850	847	850	838	861	866	856	865	3204.974387
861	847	872	839	869	835	878	835	830	828	816	873	858	856	860	847	850	861	840	831	837	851	838	850	870	844	851	847	854	835	819	881	859	867	856	836	814	872	860	860	870	887	846	842	861	831	868	854	856	865	851	865	834	868	859	870	835	847	854	868	847	843	852	839	862	861	835	872	842	840	830	853	855	842	841	850	835	861	860	853	863	843	848	860	875	859	853	867	847	852	870	850	884	854	840	843	3206.110437
869	834	886	835	885	847	816	889	870	838	845	884	834	851	834	847	873	873	872	875	840	865	832	857	842	862	857	865	850	849	839	853	860	855	835	855	848	866	846	833	851	845	856	873	838	836	840	862	846	857	863	848	858	866	868	827	850	861	836	837	818	829	844	852	851	793	848	822	850	835	854	866	866	826	846	832	859	850	828	876	853	846	858	846	873	819	855	881	850	850	844	846	860	842	853	855	3207.237132
856	857	853	852	863	869	862	844	856	868	847	865	859	868	835	851	881	839	840	837	844	827	832	860	863	874	852	846	839	834	860	873	842	859	826	840	877	843	860	867	856	842	869	847	872	858	855	849	866	836	856	891	874	838	853	845	863	809	857	856	836	866	846	849	859	832	854	864	870	827	831	826	862	855	860	856	846	855	850	822	836	848	849	868	823	849	851	865	838	851	852	845	861	870	828	837	3208.372643
841	823	873	857	850	853	832	831	865	838	848	841	849	846	884	834	868	838	843	835	855	852	856	878	862	849	860	860	863	874	837	849	857	850	848	862	847	851	836	820	883	857	834	843	854	854	852	853	870	871	857	877	875	858	847	850	854	863	862	823	835	840	860	832	848	851	833	884	859	882	870	846	863	835	852	847	846	856	861	829	859	860	833	821	844	858	846	860	869	858	837	871	880	871	837	858	3209.498802
843	856	886	839	829	847	883	856	860	874	825	876	829	862	846	837	861	867	841	843	830	848	870	849	828	887	863	849	854	855	861	833	847	870	839	835	858	826	866	857	850	835	854	852	861	878	826	875	858	857	858	850	873	864	854	867	860	856	838	878	890	869	853	857	824	834	848	883	879	833	865	858	835	849	830	848	840	859	849	850	847	838	841	838	849	872	851	854	845	845	849	843	843	855	850	830	3210.624696
897	859	845	881	831	847	861	842	847	848	861	872	843	856	878	868	844	860	842	866	869	847	912	867	859	853	869	873	863	857	836	865	860	855	823	856	840	846	843	855	862	868	872	875	847	873	853	842	851	853	852	843	862	885	838	825	833	855	881	863	836	839	875	850	867	868	864	854	861	839	836	869	852	857	855	833	872	828	857	851	837	848	858	863	850	863	846	845	847	855	863	834	852	890	893	881	3211.7594
853	865	886	855	841	852	845	839	868	884	852	845	839	848	853	857	865	869	865	878	853	828	869	865	863	848	872	863	851	862	873	838	842	839	842	876	883	830	838	815	864	869	863	862	869	830	836	846	854	877	872	856	860	862	862	862	861	873	866	870	846	868	868	874	850	850	871	875	854	899	840	868	858	875	861	847	819	845	847	866	864	904	880	835	869	862	848	867	859	867	870	836	842	868	875	883	3212.88476
835	832	859	892	840	874	861	863	863	884	849	878	841	875	883	859	840	864	807	863	832	841	857	841	858	872	872	887	882	880	857	881	856	871	857	853	882	870	898	848	830	866	854	863	876	857	871	859	876	875	867	865	883	879	849	867	865	862	866	864	874	845	869	831	850	874	891	851	868	860	894	875	883	840	872	882	831	879	835	868	850	835	870	866	842	877	864	890	842	858	872	867	872	838	863	846	3214.009853
910	886	871	876	876	871	841	876	869	841	847	864	870	862	868	866	860	862	874	881	903	850	863	854	874	878	894	882	840	893	877	884	896	861	864	871	858	853	847	877	877	879	865	896	890	861	871	853	886	846	889	858	881	873	856	852	846	873	848	847	883	862	856	868	873	860	882	874	882	865	869	895	852	897	855	858	876	864	878	853	840	865	857	893	862	850	860	841	893	886	862	883	830	859	870	835	3215.134681
848	862	890	899	869	904	869	870	860	891	867	898	868	867	877	865	873	857	861	894	872	886	875	880	863	856	884	887	854	865	881	872	873	862	887	862	860	854	876	867	865	884	853	875	857	876	889	872	877	874	859	860	906	897	885	866	896	885	875	879	854	869	869	901	879	888	858	873	877	886	874	851	895	860	859	869	883	871	870	863	857	884	861	868	843	889	888	864	861	861	847	870	865	890	861	889	3216.259244
881	865	856	888	885	899	836	878	859	870	885	875	851	874	850	905	884	869	869	867	884	887	855	861	878	871	880	885	863	849	863	861	867	852	863	888	837	864	856	856	888	869	885	883	866	866	863	888	901	883	853	856	864	884	875	877	890	860	847	859	857	894	865	886	840	892	878	897	850	855	882	865	863	877	874	890	858	851	860	874	896	852	863	867	865	884	858	874	869	843	898	862	874	900	861	861	3217.383541
882	870	874	865	896	864	868	860	865	840	852	862	846	867	831	840	868	850	863	874	879	864	890	863	847	869	877	854	856	902	868	891	868	901	851	880	865	881	865	863	876	878	880	866	861	880	896	878	884	879	874	866	848	873	877	900	862	880	861	873	856	878	888	853	876	867	858	892	855	871	868	872	865	874	851	868	864	835	855	858	871	893	877	871	886	865	868	867	842	882	852	855	857	869	897	886	3218.507572
892	883	880	879	850	868	864	862	882	870	863	880	856	886	906	865	886	865	859	866	889	854	861	834	890	875	849	862	894	878	898	875	857	871	885	890	863	886	857	881	855	856	890	874	871	861	866	870	892	894	856	864	876	869	866	885	905	874	870	845	863	910	857	905	868	874	880	864	867	862	882	865	915	854	870	863	899	876	882	851	897	886	881	873	879	866	877	859	862	850	882	877	892	877	854	876	3219.631338
862	851	900	862	881	867	863	867	907	877	897	877	845	876	871	906	879	885	884	856	860	897	882	872	869	861	886	855	884	834	844	859	863	875	879	852	888	867	884	875	886	871	868	883	879	878	873	884	887	864	883	867	885	894	879	850	892	879	865	877	880	874	891	854	870	890	876	895	869	879	849	879	873	884	844	901	872	906	881	882	871	831	890	880	880	874	875	894	856	871	859	861	874	854	849	901	3220.754839
868	878	866	856	869	854	854	885	857	878	890	849	874	875	856	880	860	873	878	861	871	859	878	871	857	887	867	853	846	864	878	840	856	858	867	883	872	866	853	864	890	871	870	894	885	876	809	863	899	867	880	879	859	846	864	868	839	868	867	885	896	876	875	860	870	882	861	868	886	890	879	845	880	847	853	863	860	902	905	867	863	863	860	880	860	862	861	862	865	873	889	883	880	857	895	836	3221.869017
836	860	870	874	862	882	879	894	876	863	845	897	863	890	851	885	856	867	861	881	848	864	874	846	873	874	847	849	880	860	865	840	854	872	841	882	865	861	888	846	863	837	854	853	872	878	840	885	869	886	874	828	864	846	882	861	891	880	871	871	856	869	875	860	861	867	876	867	862	891	886	899	868	818	891	872	866	856	870	856	863	884	858	828	870	867	841	832	862	866	865	895	855	861	850	882	3222.991989
824	857	855	870	878	865	852	880	852	868	861	874	857	851	857	868	868	893	890	844	878	840	837	890	811	853	882	880	851	871	858	867	830	861	855	857	875	880	852	880	894	878	851	858	843	881	836	859	893	855	894	847	887	854	839	856	883	859	867	853	860	873	848	851	875	898	853	864	848	853	879	850	852	835	851	885	855	883	837	859	864	859	865	853	844	872	865	878	857	844	871	857	867	861	867	890	3224.114697
847	870	853	852	882	880	878	838	821	841	839	880	855	831	867	857	836	864	882	848	862	872	887	852	872	859	832	902	873	853	852	853	842	849	846	855	870	838	860	854	842	868	857	871	835	844	870	846	855	833	847	871	879	866	845	872	882	847	872	865	847	846	840	839	851	838	840	870	870	843	862	844	846	853	858	848	832	858	874	854	844	883	868	861	894	886	830	858	863	865	875	899	852	867	849	881	3225.228089
855	869	844	839	873	858	866	849	876	872	844	861	856	871	862	854	836	879	852	879	857	819	848	866	871	848	874	883	800	880	847	846	861	848	846	843	874	864	831	864	890	864	853	857	851	848	843	850	854	830	849	839	891	873	864	858	851	875	861	868	851	876	859	864	875	844	861	865	848	842	847	850	846	848	848	860	883	837	855	831	847	882	832	869	856	824	846	859	839	852	844	855	832	890	853	864	3226.34122
848	843	856	817	820	845	823	828	834	848	868	863	863	868	834	845	868	840	871	850	879	858	860	852	840	844	835	865	888	870	851	841	862	834	823	879	856	859	866	850	869	866	864	863	836	823	867	860	871	861	858	844	851	854	852	863	883	873	821	852	857	834	832	842	851	861	827	870	841	874	832	842	848	852	838	877	871	850	863	835	856	873	833	806	840	843	887	828	853	863	851	851	820	848	859	842	3227.463138
826	851	825	849	875	841	845	873	873	863	881	875	861	838	828	853	878	833	827	836	863	865	868	838	840	829	858	852	859	866	847	883	854	821	871	849	827	841	843	850	840	863	859	840	868	840	847	847	832	891	848	863	869	854	859	853	839	845	850	872	842	853	846	878	825	847	820	839	848	846	856	861	852	853	856	834	858	833	820	853	866	839	846	848	851	872	838	852	852	857	820	871	835	840	845	854	3228.575746
846	869	862	850	851	839	838	830	852	805	835	840	847	827	848	835	847	854	841	838	843	877	856	846	857	855	818	841	848	852	849	859	846	845	817	849	881	857	830	848	848	804	857	861	834	834	846	822	811	841	843	840	841	847	859	849	837	860	822	863	857	837	850	853	860	849	854	869	844	821	870	820	859	846	833	838	865	833	860	844	840	842	853	832	854	840	816	871	854	864	846	838	835	839	835	842	3229.688094
847	847	827	879	842	826	835	813	842	885	856	858	851	852	841	835	847	862	822	848	842	840	831	837	853	850	835	869	858	830	859	842	818	830	848	849	893	851	825	850	834	810	824	844	837	878	830	827	847	817	837	852	866	855	844	862	877	863	864	815	858	831	830	856	817	858	844	833	840	858	831	836	839	843	853	853	834	813	873	841	845	850	794	853	828	853	824	837	863	834	830	850	845	835	831	829	3230.809222
820	847	857	867	830	855	863	843	850	861	834	824	862	846	829	831	871	841	828	866	861	855	819	832	847	829	852	860	837	860	840	842	844	817	830	842	850	835	831	862	810	828	833	841	840	849	821	837	847	875	826	821	856	826	825	847	812	862	848	805	845	838	835	842	844	843	855	829	866	804	852	829	845	843	850	849	863	845	837	872	868	856	824	829	854	876	862	816	854	831	858	822	828	854	856	841	3231.921048
804	856	845	819	850	818	844	830	861	863	828	847	849	874	833	822	814	831	810	858	860	834	838	865	810	831	823	794	848	847	842	823	852	857	828	848	830	830	827	826	866	860	829	813	846	823	842	852	858	833	862	823	810	842	852	833	820	848	842	833	839	826	845	857	856	819	835	842	846	820	844	860	831	829	825	839	830	845	826	834	847	849	824	853	831	855	825	826	837	823	867	833	834	843	835	830	3233.032614
866	808	869	827	835	829	838	835	831	809	837	858	841	840	830	851	819	865	832	837	856	790	815	841	855	842	826	818	802	838	865	822	819	870	856	810	855	823	867	811	847	832	846	854	825	829	831	822	837	843	857	825	836	826	838	851	835	841	859	831	831	828	854	853	838	847	870	800	851	819	829	829	830	872	837	814	788	839	815	862	853	858	824	859	881	821	839	833	818	855	823	857	862	840	862	858	3234.14392
853	849	859	839	810	830	847	860	835	847	851	802	831	837	866	847	813	826	835	835	831	820	803	829	868	852	840	846	846	808	830	845	840	845	861	819	853	872	830	837	821	846	804	836	848	835	834	840	829	827	856	867	837	808	840	863	839	841	828	824	870	837	850	829	838	837	852	864	854	824	849	820	870	809	833	839	830	820	832	830	845	834	820	821	829	859	816	845	850	849	860	856	828	851	848	854	3235.254966
842	841	855	855	840	868	850	848	838	835	832	812	811	839	834	813	864	829	851	819	834	828	834	825	870	840	845	810	827	838	819	835	853	834	826	808	840	824	837	826	808	804	821	841	820	828	826	850	833	825	818	863	827	842	849	836	829	834	820	795	807	793	862	823	836	830	827	808	841	843	807	864	840	830	846	821	819	830	843	847	849	844	836	832	852	826	841	846	845	866	825	846	847	864	812	857	3236.365752
825	831	823	833	854	855	821	849	832	853	824	806	840	845	812	835	833	831	850	859	810	844	851	845	838	835	824	830	828	857	825	852	828	812	867	865	814	824	808	839	840	857	856	867	841	830	827	811	851	862	827	853	821	826	841	834	840	864	836	851	837	814	868	829	856	833	818	825	846	847	868	820	856	845	823	821	841	859	825	830	856	812	827	883	823	847	828	836	827	843	844	814	856	849	808	843	3237.467251
858	834	804	859	816	834	808	822	814	849	847	892	807	810	829	809	859	815	836	835	863	836	827	834	806	847	853	816	838	819	845	855	830	834	835	830	837	834	852	843	827	865	841	834	851	826	829	847	842	822	829	831	856	840	840	801	828	850	821	853	858	845	855	862	836	841	827	826	842	826	832	823	844	831	810	822	841	843	823	830	837	843	836	832	840	841	869	825	837	847	849	831	829	825	830	832	3238.57752
823	832	852	834	838	833	835	845	837	812	832	828	848	821	823	837	840	834	819	858	842	805	844	825	829	807	844	801	828	852	806	855	844	815	829	848	817	836	807	842	829	824	837	811	858	827	864	852	842	832	835	835	858	821	793	827	837	853	811	860	843	841	845	875	824	820	844	861	855	822	835	850	880	838	847	859	814	850	836	820	833	788	844	794	829	811	826	825	847	852	849	815	825	832	875	862	3239.68753
850	851	847	825	816	816	848	844	827	840	823	860	832	862	826	831	820	830	848	838	856	838	811	815	828	812	835	834	822	840	836	858	839	830	829	851	799	829	839	837	839	840	818	833	832	849	871	821	833	828	815	836	846	841	853	853	813	814	821	815	851	849	834	845	875	825	848	818	841	810	883	817	847	838	844	836	853	829	843	845	840	849	827	845	852	873	844	844	842	848	826	854	861	841	852	824	3240.788259
824	852	816	824	860	830	868	844	869	812	832	855	837	851	833	831	798	847	851	849	842	830	857	817	845	838	830	828	851	848	843	872	843	836	823	828	854	838	847	836	858	844	860	853	827	837	839	869	843	829	861	832	848	845	847	842	840	852	867	830	831	836	834	833	835	839	819	835	818	860	841	805	828	853	827	851	843	832	857	880	828	834	827	849	861	828	845	842	845	837	863	839	872	835	835	852	3241.897752
845	830	815	842	809	852	855	844	832	845	816	825	835	826	828	815	828	837	816	844	870	860	848	818	839	835	821	835	836	840	863	826	826	829	803	830	842	856	847	865	816	850	838	832	821	837	817	815	843	884	842	843	845	844	840	838	824	821	799	880	821	824	840	825	842	842	860	837	810	817	812	832	842	808	839	847	845	811	807	830	814	826	829	824	834	830	846	828	847	855	844	825	827	817	839	855	3242.997969
817	840	820	826	821	844	827	841	817	842	824	821	841	826	854	809	840	863	821	862	825	842	846	851	852	845	863	842	836	838	827	836	838	822	845	849	801	812	838	844	847	850	843	820	828	821	818	842	869	852	813	830	835	803	828	853	847	835	857	869	849	838	799	847	857	832	857	828	825	808	847	824	804	820	827	865	816	826	858	844	820	850	850	845	843	847	814	845	853	839	840	838	822	820	845	810	3244.106946
843	836	838	839	852	823	829	845	828	819	830	832	828	879	846	814	835	814	805	840	852	836	833	838	824	826	852	828	837	852	811	836	848	857	834	838	842	833	831	826	838	855	843	836	794	841	840	831	864	824	835	835	832	838	831	852	864	852	853	806	865	838	839	813	812	856	834	769	839	841	834	845	838	819	848	855	840	808	823	860	841	843	875	828	841	844	838	849	846	833	817	869	829	846	832	850	3245.206652
847	822	851	811	848	824	841	830	803	841	836	840	843	857	829	852	855	829	869	856	847	828	824	813	827	834	854	818	824	840	823	833	871	853	834	815	851	838	829	850	851	868	849	820	835	823	841	831	844	842	847	843	856	848	856	818	839	846	837	846	871	820	835	851	824	820	847	838	842	809	834	876	829	836	825	854	818	828	845	826	847	827	849	857	827	830	862	844	831	826	826	823	834	803	844	863	3246.306102
834	813	836	852	846	844	843	837	843	826	869	834	829	834	847	880	849	868	846	853	834	856	874	824	869	832	845	821	853	850	831	815	804	856	819	846	819	828	825	837	832	853	849	822	833	838	859	841	849	833	853	825	842	829	841	843	840	858	847	830	847	847	849	828	855	853	843	832	864	832	841	807	843	835	832	831	807	829	832	872	834	854	827	833	847	864	842	873	841	844	868	839	845	868	848	857	3247.414307
876	837	870	832	855	826	860	805	845	834	841	862	839	843	824	862	885	853	862	815	869	845	838	831	872	862	841	831	863	856	834	843	822	838	856	852	843	824	833	840	845	835	837	843	842	823	823	842	845	820	816	847	828	843	822	847	865	854	859	855	846	841	843	816	836	845	854	837	850	854	852	834	842	846	850	850	852	852	882	881	844	830	854	828	828	849	834	829	822	863	825	864	856	835	851	825	3248.513246
846	841	851	874	838	856	835	838	857	860	825	851	859	854	865	867	849	822	859	826	869	853	838	828	852	815	859	850	831	817	835	850	852	860	844	858	874	849	816	865	842	858	834	823	842	845	878	822	842	841	828	825	850	840	856	849	844	849	848	885	841	834	842	831	843	862	833	858	854	842	838	853	834	860	810	842	839	825	862	836	828	832	880	875	851	851	878	851	841	835	841	825	859	849	822	847	3249.611931
827	866	857	867	854	836	857	815	810	851	825	844	828	869	848	838	848	863	868	865	872	854	862	859	832	847	873	845	819	834	826	840	845	837	865	853	844	815	833	855	844	845	820	830	828	866	864	851	853	839	888	850	858	839	830	852	871	840	812	864	845	852	844	859	868	860	819	827	832	832	883	855	837	874	847	843	831	847	840	842	866	849	835	846	850	849	833	856	854	840	830	839	837	841	856	851	3250.710361
845	844	869	856	841	827	820	819	870	828	854	861	866	867	838	830	851	867	836	851	861	852	869	861	839	843	862	851	836	834	817	844	846	834	888	840	842	844	832	845	822	846	848	848	839	828	851	823	848	879	842	849	862	894	836	845	838	838	854	840	842	836	864	861	829	872	890	881	851	852	832	853	851	851	839	851	793	859	879	839	842	837	878	848	884	827	838	828	866	860	839	853	828	855	831	824	3251.808537
819	835	860	836	843	850	837	821	828	827	853	849	822	844	845	845	864	862	827	873	860	838	826	834	844	856	836	847	853	840	832	836	839	819	826	840	817	815	813	864	815	853	860	833	824	885	859	854	843	857	857	821	848	853	850	862	875	839	824	825	853	844	845	828	844	856	874	821	831	832	859	836	861	853	837	847	873	859	860	829	853	847	837	820	835	852	850	846	859	844	878	859	878	819	830	853	3252.906459
830	859	841	858	835	863	840	830	844	828	840	837	855	847	838	835	840	838	871	837	863	837	831	850	824	858	866	857	860	843	862	837	826	866	860	868	799	829	831	832	843	827	870	856	837	856	845	840	843	861	865	857	860	837	836	815	848	820	863	842	829	822	864	832	851	891	845	831	851	837	842	845	859	840	821	863	855	821	816	851	859	837	835	815	852	865	824	857	846	856	835	865	847	860	809	835	3253.995131
849	855	848	812	851	839	814	833	822	843	837	849	814	801	836	861	837	804	834	817	834	813	838	858	856	841	818	835	819	842	847	844	826	843	823	846	824	859	841	852	846	806	855	848	828	837	800	849	819	812	835	819	859	834	824	852	842	843	820	832	841	816	854	845	843	808	861	820	834	834	839	855	850	836	843	837	813	829	828	838	848	834	800	840	826	833	836	844	843	841	864	859	828	781	852	817	3255.092547
831	827	815	817	827	833	823	827	838	821	853	829	869	809	862	799	815	837	838	817	842	815	820	857	838	824	815	813	848	811	846	825	822	798	804	838	875	801	832	821	862	834	858	823	824	838	845	829	830	820	817	841	803	845	842	818	819	861	835	815	847	843	857	809	845	818	811	831	803	822	861	834	826	809	821	846	854	811	839	831	826	831	829	819	838	853	830	817	849	826	825	834	822	848	823	814	3256.189709
834	850	833	833	828	834	820	812	806	850	830	804	822	834	831	786	824	831	822	826	830	805	814	831	805	841	834	817	816	801	815	848	811	835	809	835	834	820	805	803	811	818	810	825	849	818	833	827	831	830	849	804	818	844	828	828	832	862	836	838	840	844	830	831	816	852	853	829	828	849	806	819	837	854	809	819	814	826	841	850	821	834	834	860	823	829	833	849	823	860	812	833	832	851	843	834	3257.277627
832	798	831	824	846	828	801	813	817	816	821	813	818	822	837	829	807	814	831	846	834	836	826	818	829	824	846	808	850	828	834	847	805	822	810	838	826	812	818	791	812	816	835	799	845	823	817	808	827	829	819	825	834	824	810	816	820	806	823	828	850	819	807	840	828	835	835	877	801	805	825	848	826	793	818	812	803	832	825	815	827	809	818	825	808	811	815	811	816	808	828	787	828	836	812	825	3258.374284
829	816	810	796	819	834	797	837	807	832	817	805	814	815	830	813	815	797	820	809	788	812	809	818	818	822	824	774	827	815	801	822	827	839	827	829	810	800	813	797	830	816	841	821	802	806	805	814	817	804	800	798	826	821	811	793	803	799	833	839	814	824	815	822	798	789	817	812	810	826	824	805	821	808	835	831	803	827	818	806	805	831	846	818	810	816	811	816	838	813	828	820	808	830	826	835	3259.470687
817	814	817	819	788	826	826	792	838	819	832	821	809	829	817	819	796	797	852	841	826	806	803	839	791	804	827	813	818	819	840	841	805	826	795	837	822	816	816	820	845	776	841	811	834	818	815	831	813	854	821	822	817	828	826	823	824	822	796	812	806	797	830	823	846	823	833	812	812	824	807	839	838	808	820	825	792	818	823	826	849	815	799	792	805	815	812	823	819	813	816	838	816	788	814	820	3260.557852
779	796	821	835	820	832	824	788	811	833	808	821	828	801	849	815	805	813	816	799	811	824	836	812	807	790	826	809	829	806	804	813	798	846	800	793	834	807	804	810	807	810	853	781	839	801	808	806	828	813	825	818	828	814	813	811	852	822	799	817	835	800	791	810	819	828	820	804	795	803	835	810	842	817	824	836	813	788	821	812	809	809	834	802	817	815	790	823	817	781	821	831	814	807	795	824	3261.644769
822	851	834	825	828	810	809	796	798	823	821	813	809	793	799	816	807	821	825	824	813	803	808	819	818	793	831	828	826	852	803	797	816	827	826	811	823	801	828	804	812	789	828	822	795	844	821	798	825	809	838	809	789	835	851	817	816	806	828	836	826	815	841	837	821	796	792	829	807	807	842	802	800	826	811	821	819	828	843	785	809	790	825	800	821	820	823	797	802	842	816	818	820	804	838	793	3262.740415
817	800	813	814	821	808	800	811	819	832	799	833	817	822	831	821	813	786	813	815	814	809	790	842	811	841	810	808	795	824	817	813	804	821	848	824	842	826	808	764	806	813	821	805	831	802	795	809	802	820	813	839	803	821	812	794	817	812	811	811	813	807	807	836	804	812	804	822	828	807	809	846	827	793	789	845	808	821	793	795	812	794	811	817	822	812	799	774	855	827	820	819	825	812	804	815	3263.826831
805	800	837	799	801	800	819	829	828	822	810	814	810	819	826	793	813	843	795	808	811	812	785	784	791	797	806	798	807	802	803	815	818	805	810	798	801	821	817	792	795	810	823	790	811	789	817	829	811	821	822	786	799	793	798	804	770	817	809	832	818	827	806	804	811	826	825	786	810	832	791	836	806	806	807	780	806	771	770	805	810	818	801	814	811	824	825	814	808	814	818	832	824	820	816	829	3264.912998
812	836	810	827	804	805	813	788	807	793	778	811	831	810	819	817	818	817	807	816	808	818	810	812	833	798	810	817	824	799	826	808	823	812	818	825	815	819	789	810	808	811	834	788	807	810	837	806	810	817	811	826	811	778	802	839	800	810	798	794	793	811	798	819	829	789	793	839	824	800	816	790	826	802	799	824	811	788	815	800	827	800	811	821	850	797	804	840	815	823	799	793	835	818	814	840	3265.998915
814	848	834	784	831	845	812	823	811	833	845	844	796	826	851	826	805	818	791	814	832	807	800	817	809	824	810	809	828	806	800	804	805	809	817	816	814	807	810	792	797	824	803	828	820	796	804	787	826	830	806	791	807	810	810	798	835	818	804	820	792	833	821	800	803	794	819	808	846	818	814	815	814	841	781	777	806	841	825	807	796	788	811	788	805	804	832	823	818	801	789	820	792	799	816	791	3267.084584
795	821	816	804	800	794	818	838	811	811	814	825	800	801	822	821	830	812	818	838	829	820	818	840	812	785	784	797	822	827	818	831	802	805	796	817	806	827	834	822	816	800	802	810	823	811	814	804	796	808	809	805	806	821	804	826	827	848	817	803	794	812	831	806	825	805	822	791	816	818	809	795	806	855	820	835	804	806	805	824	808	830	841	830	806	776	846	802	820	802	827	804	819	846	827	796	3268.170004
795	857	825	847	820	780	817	800	841	800	847	813	829	847	815	812	818	830	836	808	801	828	798	836	817	811	830	815	809	797	816	820	829	824	787	829	825	827	814	823	800	825	799	817	818	795	797	813	808	828	816	802	806	823	804	802	800	817	816	821	832	817	839	824	801	819	826	830	804	816	805	805	840	820	819	801	811	846	806	813	805	830	800	820	840	805	830	827	821	818	795	809	818	836	794	823	3269.255175
840	803	813	842	827	827	848	804	791	824	800	809	818	824	811	818	815	832	831	807	829	803	831	826	812	811	776	819	801	831	829	837	817	811	802	799	809	807	817	822	817	822	807	832	823	803	810	815	800	815	808	781	842	794	796	804	808	821	818	808	806	807	825	777	803	803	819	803	812	802	823	796	816	838	804	835	824	828	792	837	832	841	833	816	789	835	820	841	808	814	817	787	843	809	822	830	3270.340098
820	836	827	806	830	801	805	802	814	843	837	817	807	818	821	817	828	787	819	843	828	798	801	840	836	837	813	819	823	806	827	828	815	767	804	842	798	840	811	817	805	830	786	796	835	805	818	820	818	829	829	830	811	852	827	837	828	797	837	837	796	806	802	793	828	813	828	844	839	831	834	821	790	823	823	797	810	813	818	834	803	807	793	814	819	799	825	826	829	807	825	822	828	815	840	855	3271.424772
812	824	824	843	810	841	837	811	830	811	830	795	818	821	801	849	842	828	796	840	817	817	813	829	835	820	819	818	822	807	824	833	802	819	834	818	810	812	816	804	837	810	831	830	816	827	820	798	786	858	820	818	815	801	826	803	839	843	804	817	805	813	815	835	823	837	837	852	827	838	833	832	787	845	809	796	808	838	818	832	814	833	810	814	832	836	840	845	825	829	838	828	825	831	816	794	3272.500236
797	860	803	814	820	816	798	823	798	803	819	822	816	828	804	844	834	850	821	828	847	866	811	828	788	829	811	834	814	809	820	838	828	805	821	803	814	824	815	819	813	821	822	806	838	834	813	814	786	815	808	835	815	816	832	803	827	812	825	794	830	809	808	807	828	802	848	831	828	798	810	783	813	829	816	798	797	820	839	823	833	811	830	828	825	821	819	841	825	802	843	817	822	811	788	840	3273.584415
819	807	815	843	829	828	806	820	820	854	836	799	828	803	841	815	830	799	820	808	826	820	787	805	809	836	826	827	823	822	831	816	811	819	839	849	829	820	812	824	846	822	844	840	815	829	795	844	840	821	809	824	795	843	839	830	811	819	830	810	803	836	824	834	809	802	831	816	790	829	827	815	782	838	809	838	835	803	824	845	826	813	810	835	838	809	803	814	826	817	821	847	810	857	824	822	3274.659389
837	810	839	860	794	844	822	833	829	861	822	812	809	822	825	824	846	823	812	810	815	833	820	806	824	820	815	828	830	837	825	842	820	822	819	818	815	777	816	784	810	817	851	812	824	797	806	817	835	793	777	853	829	863	812	818	829	793	848	827	840	826	822	814	800	846	794	810	841	836	798	808	821	831	832	826	815	813	826	808	803	836	840	842	857	805	807	829	803	818	809	834	844	819	802	835	3275.743073
832	806	806	799	833	826	851	823	829	836	828	816	799	798	811	822	803	827	837	826	841	830	849	783	839	825	823	824	820	854	845	817	817	817	828	827	831	813	807	835	817	826	847	798	829	822	826	813	819	827	826	843	832	812	816	845	809	816	836	814	808	826	824	803	811	828	846	837	809	821	812	832	820	849	840	832	824	840	813	816	830	811	830	808	819	822	870	826	826	799	819	816	796	804	809	800	3276.817557
828	806	823	803	834	825	817	814	821	813	857	808	826	824	805	797	813	831	816	847	836	805	812	814	827	787	801	835	818	807	820	803	842	830	830	828	824	819	785	797	789	814	817	824	806	821	807	824	830	815	840	841	821	807	796	806	822	820	822	821	806	825	793	833	804	825	786	804	816	829	822	826	835	838	840	800	819	847	809	816	805	781	825	829	832	819	787	797	822	811	803	800	819	825	804	839	3277.900747
811	840	812	817	821	819	807	843	815	805	836	845	843	838	813	817	806	794	826	836	807	810	840	836	809	800	807	815	819	820	809	800	824	837	806	849	806	797	823	840	814	804	823	816	812	843	797	843	827	811	791	825	839	810	825	837	832	857	814	842	840	864	825	821	816	798	804	812	822	809	826	816	832	813	797	824	818	823	790	840	826	821	807	814	831	833	827	784	832	830	837	814	833	844	850	841	3278.974741
802	812	808	788	829	839	831	844	819	817	798	829	824	824	830	780	794	813	800	836	832	828	838	825	835	827	831	834	827	807	819	816	805	842	790	817	818	808	820	829	824	817	791	787	815	819	824	837	824	809	831	825	805	816	810	795	826	828	816	837	855	821	812	822	813	836	845	791	803	853	804	828	822	814	803	801	826	799	825	813	838	851	815	805	852	824	795	806	828	809	779	822	836	794	846	821	3280.048491
813	798	813	807	834	826	807	817	831	794	840	792	822	808	830	812	806	830	826	826	826	810	826	838	821	813	782	824	786	819	821	810	835	804	825	841	820	822	831	792	822	799	819	818	803	813	813	800	834	805	800	832	809	814	816	801	805	814	818	794	811	810	804	808	816	836	815	789	796	827	830	793	798	812	778	816	807	807	815	822	796	811	844	824	827	798	820	778	781	809	821	805	816	799	806	827	3281.121997
822	806	832	813	822	807	819	805	798	807	808	818	792	827	813	803	803	843	803	822	812	807	801	787	805	806	829	809	820	812	818	816	850	784	831	811	818	803	811	808	821	813	846	795	809	796	805	811	800	827	812	793	796	838	798	817	809	784	814	794	782	788	836	836	809	790	830	807	814	788	795	804	796	826	824	814	802	805	834	818	804	812	805	810	811	814	853	800	813	815	792	812	828	799	802	797	3282.204202
784	774	763	816	807	797	787	790	815	806	812	792	803	802	803	797	823	807	809	797	798	820	824	807	803	794	799	828	783	818	787	814	811	807	792	782	803	776	782	816	821	816	826	809	810	766	801	815	810	780	818	792	813	810	789	807	814	799	800	807	794	776	815	824	795	797	783	823	809	788	824	810	813	838	795	801	794	782	795	825	790	813	804	795	818	809	801	797	812	832	778	805	799	796	769	831	3283.277219
808	841	822	804	821	802	808	793	782	802	784	827	784	800	804	801	791	814	815	789	775	829	810	803	808	769	827	790	789	786	801	801	810	817	764	819	809	812	788	798	793	808	813	815	821	800	796	799	827	819	775	802	823	814	801	807	822	801	764	816	789	793	779	793	793	812	786	791	792	829	801	795	809	798	798	791	812	787	822	797	802	844	790	827	817	816	805	820	792	816	795	796	809	786	807	817	3284.349992
788	789	807	794	808	822	820	797	777	810	793	803	841	792	783	775	791	795	810	812	769	787	805	795	798	782	812	789	794	795	800	817	788	795	803	795	792	810	780	814	821	819	792	799	811	787	822	814	815	798	816	772	776	808	790	791	767	807	794	791	811	794	811	791	820	797	810	784	792	787	806	806	805	789	794	796	815	788	787	799	805	821	811	761	772	821	795	789	814	785	811	817	812	772	812	794	3285.413585
796	813	821	784	804	807	797	773	794	804	810	782	769	793	789	784	786	817	769	809	802	795	794	789	777	818	805	816	794	764	787	798	804	787	791	795	795	768	796	813	804	823	811	785	794	800	787	805	767	810	795	810	774	774	790	790	804	827	777	806	785	783	784	809	811	810	793	796	785	826	809	767	781	770	777	745	800	773	799	783	793	791	778	794	801	778	774	821	792	779	806	807	772	800	826	782	3286.485874
791	788	801	789	781	805	791	770	805	797	807	805	797	782	787	792	819	777	808	821	802	783	801	787	788	804	797	800	803	780	764	800	793	827	784	786	781	790	791	771	815	772	801	790	817	765	794	776	787	781	810	785	804	816	806	795	774	797	794	810	774	808	799	789	792	790	774	829	817	819	789	789	781	803	830	801	798	787	793	783	810	814	780	798	781	807	786	798	823	768	786	791	801	793	795	830	3287.55792
771	796	794	791	789	795	812	791	813	793	780	779	798	800	779	826	802	789	780	793	804	798	811	824	814	792	782	814	785	781	788	803	825	802	803	761	803	801	799	780	795	767	795	800	776	790	789	819	794	806	785	821	806	789	785	818	806	804	802	793	769	809	777	804	800	789	815	776	820	787	783	779	764	800	803	803	778	788	745	775	767	791	784	798	796	816	774	776	779	782	805	768	811	801	781	801	3288.629722
765	794	782	766	778	800	777	803	776	762	797	789	835	810	802	798	779	789	778	761	785	829	783	796	808	768	784	810	793	783	760	818	789	763	798	791	771	782	777	805	792	779	777	796	795	787	796	806	813	805	778	806	781	778	783	773	783	787	786	771	798	802	791	796	795	784	782	801	789	796	803	803	771	799	799	748	814	800	794	761	789	775	780	814	796	788	785	808	763	780	779	771	781	766	790	805	3289.692352
789	796	789	785	795	793	814	776	796	787	798	773	791	802	780	771	823	781	790	795	797	793	792	791	787	792	768	787	806	786	794	792	809	768	789	809	779	815	798	789	810	801	784	750	787	781	781	775	800	786	801	788	814	765	788	798	792	785	779	793	779	791	776	812	799	813	816	775	810	775	793	798	779	790	758	776	761	770	782	774	781	801	785	780	797	783	768	785	792	793	760	785	763	802	777	770	3290.763671
763	768	805	780	770	767	778	799	775	786	780	805	789	797	785	781	800	778	789	783	736	793	778	802	793	801	794	770	776	790	798	792	797	794	797	773	755	774	788	784	793	800	795	783	768	788	754	765	775	790	772	776	785	780	817	815	780	820	772	815	808	795	787	801	780	797	794	790	777	786	769	766	771	799	808	781	788	791	799	785	775	786	785	777	787	782	785	808	773	787	795	776	783	785	791	796	3291.825822
761	792	776	769	772	762	812	779	816	786	784	801	778	782	774	777	775	759	776	778	805	793	774	760	765	758	773	750	793	786	780	791	793	766	777	798	766	751	785	779	799	788	788	793	786	779	789	790	787	762	787	797	784	773	797	776	775	792	784	773	788	773	801	778	793	798	790	794	794	765	774	784	786	789	798	776	785	795	793	804	793	794	767	775	787	788	777	797	774	764	767	798	787	786	786	785	3292.896656
783	777	776	774	789	785	783	815	794	795	768	797	800	808	796	784	788	756	815	788	798	799	768	782	762	774	795	783	786	783	794	788	806	811	796	774	768	776	804	800	772	788	794	806	785	806	788	816	777	780	798	771	788	797	779	781	755	777	781	775	804	776	797	762	765	778	772	798	777	807	780	809	792	752	774	797	792	772	798	776	760	799	788	787	783	784	801	768	781	764	796	795	805	779	780	794	3293.958327
800	777	794	752	812	808	807	765	798	767	766	769	782	772	752	796	792	776	788	785	784	783	778	774	761	788	774	769	780	805	792	769	794	790	787	756	800	773	801	766	771	786	768	775	770	768	796	774	773	791	766	797	792	786	789	791	820	771	796	786	785	758	772	798	807	774	778	805	783	811	787	780	790	792	774	768	792	733	799	776	758	779	789	799	772	802	767	790	784	766	797	802	794	769	759	798	3295.028679
788	809	784	778	791	757	798	761	793	801	768	785	770	741	777	760	792	758	761	785	800	788	791	786	763	769	782	765	766	760	786	792	791	783	767	788	780	793	791	770	768	791	770	799	781	773	785	789	797	815	803	785	792	765	798	749	776	759	790	796	793	775	770	805	798	771	813	807	799	804	764	794	780	784	785	786	755	787	756	795	761	785	792	791	764	785	786	766	780	772	787	771	792	755	798	808	3296.089871
791	779	797	804	779	753	761	794	807	791	773	746	774	787	794	811	791	765	774	760	788	777	755	802	769	746	776	778	802	803	770	793	773	799	795	789	804	794	796	779	762	780	784	793	810	780	775	810	791	791	772	777	812	824	788	789	771	795	790	776	803	797	772	808	791	810	767	793	789	775	790	774	767	768	798	784	771	781	783	787	781	774	779	787	792	746	761	779	795	790	805	774	784	804	807	807	3297.150824
773	812	771	789	771	788	766	754	811	795	810	782	754	770	769	780	787	834	775	794	772	760	786	764	792	786	792	758	771	789	808	784	798	779	784	792	789	787	784	781	750	790	771	796	817	818	772	775	787	784	796	764	795	760	786	786	805	798	810	799	777	772	747	776	778	784	785	798	786	778	775	795	788	797	773	791	812	799	782	797	762	774	785	773	758	766	797	784	788	775	769	775	804	803	782	792	3298.21154
770	792	790	817	777	796	769	780	800	776	780	787	764	780	791	794	791	774	790	796	769	780	793	778	765	773	786	791	787	821	802	788	800	833	770	793	767	775	778	772	772	781	783	809	787	796	778	803	763	792	797	769	775	773	801	780	807	790	772	817	798	832	772	771	762	768	794	799	798	763	770	807	785	822	785	767	764	811	822	771	791	805	782	781	784	789	791	794	790	776	808	808	799	764	771	791	3299.272016
804	815	803	768	785	778	763	782	781	787	780	788	777	811	816	794	799	766	781	787	781	783	789	801	766	807	792	780	765	797	818	790	804	803	799	780	788	785	780	796	789	779	779	790	788	802	798	764	795	793	784	806	760	807	807	782	787	775	783	774	793	807	786	774	771	789	782	804	810	770	772	789	786	784	814	809	762	785	818	815	801	789	782	796	786	799	803	777	806	768	785	785	797	788	811	777	3300.332255
790	781	798	783	800	791	800	808	798	814	773	810	799	773	806	795	794	774	808	775	795	790	807	794	794	791	773	797	781	751	739	812	772	797	783	806	763	808	801	767	764	793	782	799	784	790	784	803	805	802	778	772	804	776	793	771	793	775	795	797	768	793	793	792	783	785	768	816	792	787	793	783	776	775	783	774	779	772	802	792	802	793	798	781	796	795	772	790	786	781	782	767	787	754	784	782	3301.392256
795	810	793	822	789	766	779	808	768	785	790	772	815	792	764	801	749	790	818	764	776	805	795	793	774	793	785	803	798	765	780	812	784	771	789	817	791	797	775	790	801	802	773	773	780	777	781	790	786	778	832	809	761	792	798	789	777	788	788	799	786	796	783	804	800	778	798	772	811	793	796	806	782	822	783	808	789	785	774	792	783	759	804	788	781	776	774	803	777	767	788	790	827	765	822	788	3302.452018
789	802	810	790	772	777	791	805	825	798	783	782	779	785	790	765	761	789	796	780	794	776	781	796	785	807	768	807	781	764	781	814	802	792	781	802	800	808	783	789	780	783	822	780	771	780	783	792	801	782	785	816	785	811	814	789	816	778	778	788	800	776	788	786	761	801	802	795	806	778	811	778	794	799	794	788	791	749	786	786	803	815	791	782	773	821	783	788	768	780	785	798	807	795	786	782	3303.511543
775	811	775	804	806	798	779	766	791	799	745	794	795	762	796	799	785	784	792	772	784	810	798	787	777	793	771	772	801	787	793	781	780	772	798	787	772	789	788	784	790	778	817	790	786	794	771	781	798	805	762	800	776	789	817	795	792	805	784	801	807	787	797	789	801	819	773	811	795	799	788	787	774	807	818	798	793	778	820	792	795	797	786	792	790	812	795	812	809	771	810	773	816	789	777	790	3304.561929
794	792	809	756	802	786	798	795	799	785	803	785	789	786	804	792	807	772	764	792	797	781	784	782	787	806	761	784	795	785	809	798	770	778	790	797	795	793	786	768	790	765	801	792	765	779	787	803	785	788	799	758	785	798	800	782	775	806	787	825	779	785	798	808	779	758	764	780	794	799	809	769	793	817	804	804	774	792	800	811	771	803	820	796	793	795	810	762	779	796	794	787	795	793	798	797	3305.62098
800	766	797	794	805	803	771	795	775	783	791	795	786	810	771	815	770	799	820	790	788	801	770	767	803	794	815	782	794	786	773	790	805	792	820	793	778	807	798	788	818	779	787	758	792	807	788	793	787	795	797	812	800	811	781	800	786	823	766	795	782	804	791	788	795	801	781	781	803	776	766	779	784	803	786	770	809	780	802	773	791	786	801	787	783	798	787	776	775	792	798	769	798	792	796	805	3306.679793
791	810	778	784	795	799	757	792	802	786	793	781	783	802	826	783	796	784	798	795	785	771	772	799	804	763	772	771	786	799	782	778	827	795	804	802	794	783	812	805	815	794	797	774	780	784	805	800	760	790	780	794	807	795	809	810	790	798	815	787	770	787	767	773	812	802	806	774	800	775	798	773	781	786	801	789	792	801	823	789	827	795	790	764	800	794	796	803	818	800	765	779	801	795	775	779	3307.729474
808	791	792	771	789	798	794	773	818	808	820	776	781	795	787	807	783	773	780	801	825	768	792	785	794	811	776	813	804	813	816	804	770	778	792	804	774	788	797	783	786	771	779	795	786	792	788	779	778	792	778	773	823	794	780	790	779	788	801	811	782	792	786	796	802	805	755	753	759	769	799	786	793	765	757	801	770	793	778	788	780	801	763	785	800	798	770	804	776	830	777	798	797	794	800	779	3308.787813
786	801	752	780	800	792	789	784	777	794	801	781	775	787	772	806	771	800	771	773	739	794	785	790	756	769	778	761	783	772	776	800	784	782	764	782	758	766	781	773	783	780	767	777	763	797	783	794	770	792	762	761	773	800	783	782	770	816	815	784	773	802	793	790	770	792	773	776	771	775	775	765	761	775	775	772	805	777	796	812	812	770	801	786	770	797	778	794	803	756	751	779	781	802	775	814	3309.837025
777	797	786	762	762	772	785	767	787	775	778	770	762	803	785	804	782	791	781	782	776	807	811	778	757	772	765	784	808	803	780	770	801	788	787	768	765	790	774	761	796	755	773	790	774	787	792	787	808	774	771	796	845	817	822	748	806	823	801	766	779	805	794	766	788	761	775	788	781	783	800	808	773	801	778	815	775	780	804	777	786	796	772	786	788	777	752	768	786	755	775	780	781	800	803	790	3310.886003
758	771	795	800	765	789	784	788	774	782	787	771	787	783	784	776	767	788	785	783	786	763	775	787	779	776	788	780	767	785	770	779	779	759	789	768	758	787	777	795	779	777	760	780	773	763	760	774	774	774	758	764	782	751	786	769	752	766	767	785	787	770	795	758	780	781	765	769	768	764	783	777	799	804	784	780	768	770	780	767	791	762	773	763	771	783	782	783	784	782	788	772	789	785	776	790	3311.934748
788	768	745	774	789	782	793	773	784	755	757	784	768	785	778	794	775	782	783	794	756	769	783	758	784	796	779	755	817	781	768	767	784	776	780	766	799	770	792	763	778	772	770	763	796	783	767	771	791	798	773	794	743	801	765	787	764	769	772	765	784	796	766	787	806	756	764	783	785	779	781	791	790	775	773	766	782	767	774	774	766	785	757	782	787	791	781	770	788	771	791	786	767	779	771	748	3312.992144
770	750	758	787	773	769	760	770	744	763	756	791	769	787	771	765	776	775	770	781	781	761	753	775	760	795	779	762	804	762	796	801	803	767	766	762	763	746	771	757	771	773	773	767	789	790	780	759	761	782	766	802	795	793	785	788	752	759	780	787	751	783	775	758	784	768	781	783	778	770	779	771	789	774	764	763	771	764	785	779	779	773	768	775	764	779	816	760	780	763	761	769	766	777	773	803	3314.040421
737	739	764	774	772	766	746	761	793	782	761	747	779	771	741	791	789	782	763	767	770	756	775	765	769	787	769	775	779	777	798	762	771	758	758	763	748	766	749	797	759	762	779	791	773	772	744	786	723	779	766	790	764	763	762	769	777	751	773	761	790	787	754	758	772	750	783	767	774	774	715	768	763	784	743	763	757	764	763	773	764	779	766	783	751	775	772	760	787	768	785	785	780	781	774	792	3315.088464
765	771	771	769	761	773	780	765	783	750	779	750	755	772	760	775	750	786	806	767	777	757	775	797	777	731	748	740	770	773	751	763	779	759	762	753	779	773	756	757	768	777	743	774	754	777	750	745	782	753	766	753	765	772	765	764	724	742	774	758	757	771	784	727	789	785	752	760	771	759	752	789	764	721	755	768	764	792	787	755	752	775	763	764	772	779	761	763	777	796	769	754	753	787	787	750	3316.136274
786	765	782	748	766	784	770	780	772	737	752	759	788	759	793	784	783	773	765	765	770	773	779	766	797	757	789	757	767	768	750	756	745	773	775	731	758	778	762	751	744	759	773	782	782	745	772	745	750	773	812	780	766	778	770	756	754	799	754	785	788	768	748	773	768	757	772	769	793	753	764	752	781	754	763	774	765	786	767	759	753	744	771	756	801	767	755	771	755	771	767	784	779	760	770	746	3317.183851
735	761	759	770	763	752	753	765	757	767	776	745	793	754	762	781	772	778	760	789	768	780	762	737	752	741	757	781	786	763	738	746	782	786	757	760	735	768	796	774	791	775	781	741	773	763	763	762	771	764	777	748	787	792	764	759	772	782	766	763	769	772	764	755	753	765	761	752	735	761	773	747	740	754	760	760	749	773	761	758	751	756	749	753	774	771	773	791	784	752	754	753	767	783	755	766	3318.222321
772	753	768	768	776	792	721	747	757	750	777	774	787	763	754	744	771	756	751	765	772	760	749	785	767	775	760	764	773	762	751	770	754	748	759	765	744	740	752	754	764	744	764	762	749	762	750	786	775	766	776	774	765	758	785	759	794	759	761	759	741	778	763	774	783	774	769	747	788	772	762	746	765	767	759	763	753	745	760	774	772	771	755	761	754	746	760	760	806	761	777	764	741	765	782	762	3319.269434
784	773	767	757	773	746	772	781	741	766	744	753	744	753	760	747	750	754	786	767	747	745	773	774	745	764	753	744	723	767	748	745	790	742	739	768	760	754	743	772	729	766	767	750	780	740	759	769	778	769	733	766	767	787	758	770	744	781	748	782	770	740	774	759	757	742	766	769	753	756	785	758	764	764	764	742	757	739	754	746	794	772	763	743	760	740	766	759	770	747	769	726	775	766	763	776	3320.316315
783	770	773	785	770	753	752	753	757	775	758	740	778	759	764	724	759	751	772	760	769	752	771	768	774	769	764	758	778	765	764	767	764	752	758	758	761	779	759	771	748	766	749	789	765	758	758	743	762	767	784	738	762	772	771	766	745	743	766	763	747	767	737	801	776	786	751	777	748	760	770	760	760	749	756	761	761	760	750	769	753	757	777	764	758	766	753	765	781	775	787	776	752	758	779	763	3321.362963
736	749	741	769	768	742	774	781	753	750	759	799	786	748	792	777	760	759	758	724	729	761	760	729	769	777	808	768	750	757	791	752	772	752	767	754	781	779	769	764	755	762	749	758	762	753	780	743	739	744	754	764	760	758	771	747	771	757	762	766	762	745	747	769	754	741	758	746	752	770	761	741	764	756	758	766	793	769	762	758	762	733	753	749	768	751	757	756	800	760	765	753	766	747	763	776	3322.400512
771	754	767	772	734	760	751	744	760	763	747	752	738	746	741	755	744	758	726	741	743	753	753	780	769	751	758	764	781	749	751	754	756	792	765	765	771	741	756	736	739	766	748	757	720	764	745	756	750	789	768	761	764	772	735	748	754	766	757	764	739	768	770	775	755	769	762	785	745	764	766	762	772	756	727	758	774	768	759	760	764	747	752	745	764	752	730	758	760	752	750	760	765	756	769	760	3323.446696
771	775	754	754	755	770	760	771	766	765	758	759	775	751	740	769	735	768	772	770	764	755	717	766	725	772	736	790	762	751	768	749	765	773	751	758	757	764	782	761	762	766	774	760	757	753	761	782	764	763	765	749	760	754	743	756	737	775	743	767	780	770	761	741	754	746	765	739	779	765	745	755	756	754	776	744	784	754	743	747	758	734	744	757	765	765	768	769	751	783	751	776	765	777	765	780	3324.483786
755	751	748	780	766	752	745	770	778	782	747	735	748	768	761	758	784	750	763	749	747	762	785	760	790	775	761	756	764	748	746	753	786	762	758	755	758	756	762	733	751	766	774	756	765	780	750	753	757	767	748	783	771	739	761	761	751	754	767	767	763	740	775	758	763	775	761	768	760	733	782	749	757	764	771	763	760	792	788	747	778	760	786	776	766	741	761	735	791	763	761	775	776	747	752	781	3325.520647
767	769	751	762	766	750	778	768	769	780	772	753	770	763	771	767	765	750	778	762	768	768	762	778	769	772	777	747	778	763	768	749	766	734	767	764	753	771	767	747	755	792	766	749	773	777	743	766	789	761	756	754	773	763	768	766	772	770	768	753	754	761	765	756	803	734	780	776	744	758	762	770	762	758	760	759	763	774	767	750	749	764	785	763	770	758	749	769	772	746	759	769	789	766	733	759	3326.566139
754	783	772	754	758	766	756	787	778	742	766	752	765	769	764	762	757	779	776	769	776	774	804	737	752	762	771	770	772	786	746	762	770	763	772	764	777	754	764	738	755	790	758	775	768	750	747	761	766	754	790	756	768	775	773	774	776	762	763	741	788	755	780	765	759	780	772	725	766	777	742	770	755	761	753	757	773	777	748	759	747	767	762	748	748	781	737	755	764	771	789	764	743	743	767	755	3327.602541
737	763	761	777	754	736	774	782	773	781	780	771	747	768	744	753	763	781	759	771	763	750	763	746	767	748	759	780	764	790	732	768	744	768	773	770	776	760	761	771	763	783	750	740	765	772	753	752	743	753	771	765	778	759	760	787	789	755	770	732	767	781	764	748	785	766	758	765	764	790	756	776	752	732	777	761	761	767	767	776	746	775	746	762	772	780	776	751	763	751	757	772	742	758	773	730	3328.638715
775	785	755	772	756	766	747	760	738	764	755	749	772	761	766	749	779	773	783	769	778	753	751	748	752	743	766	781	757	765	781	783	756	742	780	739	782	771	760	756	767	730	734	776	772	778	776	788	774	773	776	767	767	771	780	771	781	764	766	771	751	750	771	794	788	760	772	761	763	788	771	777	765	770	800	765	780	764	760	744	761	748	774	741	756	765	736	762	760	778	798	774	766	794	754	776	3329.674661
738	758	779	761	768	769	732	758	775	764	758	763	759	776	756	793	777	756	771	762	756	768	745	781	775	794	764	750	779	762	769	761	775	790	757	760	752	786	774	785	761	775	777	753	759	757	770	761	757	772	767	755	757	758	767	759	771	773	721	755	758	737	784	788	778	744	772	770	763	759	756	767	758	773	743	760	786	761	765	771	778	785	777	784	757	793	776	757	768	757	755	771	768	760	750	771	3330.710379
770	757	787	767	761	794	776	767	787	762	766	752	732	773	795	780	772	757	763	768	747	738	765	720	779	771	779	756	775	757	763	770	769	793	758	766	735	791	761	756	759	772	790	769	760	764	763	735	781	788	756	772	763	776	743	767	744	791	768	776	764	766	761	764	773	772	761	759	777	768	741	762	760	770	756	762	752	743	781	811	766	747	785	793	786	758	804	770	749	803	753	775	779	764	762	726	3331.745869
785	760	787	761	756	750	780	792	802	789	780	808	768	765	763	775	740	785	758	748	775	772	759	759	754	768	765	753	772	740	772	784	783	758	762	788	782	752	743	775	768	781	775	763	756	770	787	780	778	757	748	763	783	734	766	781	783	762	785	753	757	777	777	755	761	783	760	766	800	753	751	760	764	771	747	755	769	747	768	766	748	746	758	762	757	761	779	769	785	792	761	792	774	728	764	778	3332.781131
776	768	768	790	745	765	769	761	766	755	765	760	762	758	769	762	783	775	764	785	766	773	761	768	749	768	747	768	739	767	756	768	779	777	766	747	769	769	771	752	784	750	784	759	768	751	764	785	784	771	791	755	785	744	756	785	745	777	762	779	743	772	739	755	762	746	759	746	804	787	761	781	773	740	763	754	760	733	763	780	784	766	766	780	742	783	741	749	772	799	738	761	761	762	781	766	3333.816165
759	763	761	772	758	764	783	765	741	757	773	754	765	734	784	755	760	798	749	748	755	766	754	769	773	761	763	739	751	765	742	781	758	758	775	787	737	785	772	757	753	778	768	772	746	749	770	791	765	773	766	770	761	742	749	768	737	762	768	768	768	742	763	751	763	746	767	740	786	779	780	762	765	758	744	781	775	779	785	765	759	746	749	758	767	759	807	769	768	774	766	768	767	756	773	778	3334.850972
747	764	775	766	746	770	772	774	764	792	787	751	749	751	727	735	768	757	754	775	778	774	780	794	748	778	770	754	774	780	805	779	771	765	806	761	756	767	753	755	755	727	788	751	777	797	762	742	744	766	749	758	751	771	740	760	758	760	765	767	744	764	739	767	752	780	759	772	741	736	763	769	742	746	771	767	777	777	769	749	762	754	763	752	760	761	785	780	782	782	754	770	771	778	759	732	3335.876709
765	750	766	764	747	760	763	751	780	763	764	760	743	740	761	784	763	769	773	786	747	764	762	725	762	775	777	773	748	751	773	737	760	761	762	750	779	754	767	746	771	765	787	752	759	748	759	771	751	806	757	737	749	751	757	774	753	757	773	776	761	775	759	754	767	764	760	764	782	767	769	758	756	765	762	758	768	772	783	768	760	763	757	770	771	784	778	786	779	783	786	762	771	756	742	779	3336.911062
772	753	774	764	756	740	780	763	738	768	754	763	762	767	775	739	769	787	769	784	778	766	776	730	758	779	744	750	760	778	758	745	750	753	772	792	752	775	775	792	767	746	776	741	732	757	758	776	749	756	785	755	775	764	792	779	788	804	773	767	776	753	765	759	741	781	736	761	767	772	741	776	780	778	767	768	744	765	757	770	772	770	798	776	760	759	775	769	746	777	759	744	769	750	756	732	3337.93635
743	743	762	744	765	762	764	772	757	774	740	739	751	729	717	746	765	778	733	759	760	754	733	780	782	770	744	761	772	753	763	765	755	794	757	753	732	751	747	743	746	773	753	756	750	763	754	764	774	775	741	770	785	779	776	780	782	748	735	740	743	759	784	738	760	744	765	737	768	769	724	750	739	776	740	753	742	750	738	751	737	768	746	753	746	754	781	725	732	744	730	767	746	752	764	762	3338.97025
744	744	751	758	769	757	756	749	772	759	751	772	752	726	761	784	734	733	801	775	768	771	769	750	756	771	759	764	766	793	787	740	774	780	754	752	773	757	768	765	764	762	739	769	766	776	726	740	764	781	749	741	761	759	748	765	763	763	765	755	736	759	776	752	797	747	764	743	771	762	743	746	738	778	726	768	780	752	744	746	776	751	748	795	744	771	777	729	786	781	770	759	754	769	771	753	3339.995089
751	768	773	754	751	747	758	762	754	742	753	779	755	763	764	769	763	759	769	750	742	756	737	732	751	748	781	771	759	774	764	775	781	741	758	791	732	748	744	752	759	765	734	759	768	774	761	755	770	773	717	739	759	749	772	740	750	738	790	749	756	754	764	754	747	766	755	793	760	783	728	746	767	758	760	755	746	781	768	741	777	764	750	747	756	728	773	776	766	783	761	752	746	780	776	787	3341.028536
757	789	758	767	728	754	754	776	728	758	761	750	775	754	718	743	758	761	757	759	762	772	766	763	748	763	733	766	742	757	776	752	756	762	747	750	736	765	748	757	743	754	775	756	782	765	744	725	766	744	770	731	750	776	758	735	756	746	753	741	764	769	750	759	752	779	751	768	752	754	751	728	755	740	759	733	739	752	759	762	760	737	754	734	784	746	789	762	758	759	795	733	750	747	772	762	3342.052926
755	763	755	745	749	739	761	730	764	767	746	743	733	759	751	735	758	742	747	770	752	770	756	744	784	767	744	767	751	753	776	767	755	785	761	764	752	753	743	730	753	741	752	776	747	757	751	779	754	758	766	754	747	755	755	754	740	753	745	755	766	743	744	747	767	768	764	736	754	742	741	780	773	765	747	749	765	763	743	751	782	782	765	756	770	739	756	766	728	734	738	763	782	717	741	740	3343.077093
733	757	750	756	743	738	742	789	738	747	763	761	773	747	751	759	748	758	732	752	745	735	754	758	740	749	759	752	767	758	754	753	727	747	750	782	778	752	716	773	759	749	763	758	730	757	750	755	765	752	759	762	745	754	741	738	755	752	739	750	733	752	758	745	778	753	751	748	740	775	726	758	778	776	751	756	767	740	751	745	754	748	755	777	744	731	785	741	750	759	759	779	753	726	761	755	3344.101036
752	755	733	753	729	740	748	736	743	758	761	776	731	736	765	747	723	744	719	769	743	734	752	759	737	754	755	734	768	748	729	726	747	754	751	742	741	745	745	739	758	726	762	736	740	729	732	752	787	731	722	721	755	748	736	743	748	761	753	770	767	749	738	764	751	753	756	751	765	747	749	769	752	722	747	742	734	773	751	754	745	768	755	739	741	757	752	772	742	760	752	729	750	735	766	735	3345.124756
750	758	750	757	757	786	755	734	740	746	764	729	759	733	759	769	745	757	723	771	736	750	735	753	741	757	736	698	742	746	746	711	755	727	750	732	738	767	755	715	752	766	741	757	764	742	733	769	756	744	746	761	707	755	757	762	749	750	742	741	734	767	730	729	744	763	760	753	762	744	716	759	741	740	749	747	737	739	731	747	736	753	751	742	759	751	738	774	760	755	744	755	765	726	725	739	3346.148254
744	716	731	751	759	743	715	728	727	745	738	744	727	740	749	751	743	759	745	758	739	774	761	739	741	746	752	728	735	760	732	754	732	774	724	751	758	744	739	752	739	745	757	728	738	734	753	754	734	760	754	735	746	760	731	749	746	744	745	767	740	728	726	716	756	734	741	731	739	744	736	727	748	744	765	770	746	767	756	724	731	732	754	741	759	765	737	758	732	741	728	753	732	730	746	716	3347.171528
751	753	727	747	745	748	715	745	734	746	752	767	741	749	750	749	747	731	739	743	750	737	759	765	751	734	727	741	735	710	743	737	745	737	735	734	731	742	760	729	740	708	760	737	758	763	751	747	755	720	763	747	789	762	738	769	735	762	753	740	746	734	749	768	736	751	757	736	728	727	767	737	757	765	738	725	730	760	730	730	750	742	769	734	745	758	749	747	741	747	741	734	751	727	719	732	3348.194579
735	763	741	726	756	741	751	730	731	741	735	756	745	752	779	741	744	762	741	727	751	751	738	741	773	715	749	731	753	740	732	758	744	726	726	747	762	747	734	750	736	750	760	747	739	730	749	723	753	736	771	758	755	740	744	751	750	758	749	763	721	738	744	724	738	742	751	721	731	734	741	739	739	738	727	735	733	752	736	759	765	727	781	746	768	748	747	744	751	765	731	739	717	734	758	752	3349.217408
733	760	721	760	732	766	752	751	747	752	747	730	727	736	753	745	733	748	738	755	716	738	747	729	744	736	758	736	738	743	770	739	729	745	742	793	757	731	732	745	757	726	742	735	745	759	736	737	740	749	731	764	731	737	756	740	761	733	746	752	756	748	739	746	737	732	733	727	753	736	753	731	732	775	737	736	744	739	750	725	763	722	754	755	732	744	765	746	745	748	747	790	753	753	736	718	3350.240014
741	732	740	739	751	742	746	738	733	740	731	770	738	736	730	725	726	759	749	759	765	744	752	761	746	746	756	748	756	733	729	714	739	749	758	747	780	735	737	754	759	748	748	735	735	776	737	745	748	748	729	762	763	752	751	749	756	772	752	734	761	717	764	769	773	737	717	747	750	751	750	754	736	734	747	750	742	733	778	745	756	756	736	753	741	751	759	758	757	750	745	736	754	731	747	747	3351.253584
731	759	733	740	773	759	758	701	739	756	745	761	758	728	732	760	744	764	763	750	766	742	747	744	753	744	750	752	729	764	737	753	742	757	731	726	746	756	744	741	735	751	739	749	738	733	748	733	747	754	740	762	756	728	757	757	723	743	746	748	780	745	755	743	767	741	739	760	731	777	743	746	728	742	764	760	765	754	743	751	752	741	732	765	736	732	741	756	729	737	771	757	753	763	781	739	3352.275746
743	755	733	734	758	753	751	755	779	746	753	747	738	753	780	744	764	780	756	760	720	745	762	746	767	768	758	755	761	742	736	745	743	737	774	747	747	750	747	727	748	742	776	770	752	739	746	743	751	737	751	742	750	746	763	782	753	764	733	739	772	729	737	773	731	754	780	755	752	739	761	763	763	758	757	744	748	774	748	746	748	729	715	747	730	743	773	749	763	748	754	743	757	747	736	747	3353.288877
732	754	742	742	732	755	744	744	756	729	773	729	754	745	747	769	758	759	736	767	754	741	759	778	753	782	746	735	748	752	740	733	762	750	767	773	776	748	773	740	749	775	734	756	742	784	738	749	752	747	754	735	748	723	747	778	766	758	761	751	762	762	730	750	743	768	772	786	750	748	764	744	754	744	739	754	720	748	761	767	737	762	769	732	748	765	762	743	730	741	758	768	746	765	729	741	3354.310596
751	736	784	744	756	765	747	751	771	735	749	743	764	776	737	766	768	767	757	747	740	743	741	755	741	726	737	741	754	733	749	746	756	729	757	757	753	766	727	765	771	752	733	761	733	727	753	753	737	762	751	734	747	748	760	733	728	752	726	746	753	731	768	769	740	758	755	727	754	733	746	779	730	753	755	747	718	743	747	740	753	777	742	749	745	738	742	759	758	762	750	768	769	777	752	750	3355.323288
751	725	731	739	737	755	753	752	750	737	759	751	732	762	755	753	758	760	723	745	760	740	754	753	747	745	746	758	751	772	742	763	731	743	757	760	737	711	740	744	725	716	768	741	765	756	765	734	748	740	757	754	762	757	756	731	732	751	755	757	756	757	765	752	750	762	781	741	745	787	767	746	729	754	724	715	731	768	769	770	736	730	737	761	730	742	735	751	759	756	762	772	734	745	747	771	3356.344564
743	782	749	755	740	754	762	753	746	757	732	759	765	758	767	733	759	758	751	768	746	761	746	749	748	768	736	743	775	754	757	768	739	744	747	750	735	758	729	736	740	757	742	748	751	746	737	757	780	728	765	739	731	731	757	747	759	755	755	759	757	773	742	727	730	755	759	754	766	737	721	743	746	759	730	748	770	778	769	733	762	765	743	729	746	754	730	750	738	769	773	747	758	731	728	757	3357.356817
762	742	756	753	747	743	749	752	750	750	729	759	740	751	756	752	738	724	770	758	743	722	764	749	750	755	768	741	757	738	759	756	778	752	724	754	746	757	744	753	753	747	740	780	751	743	751	736	746	772	728	736	751	774	725	758	760	760	755	751	759	756	744	750	769	757	734	730	777	744	750	755	762	740	731	738	747	742	754	760	756	755	756	780	748	747	756	760	758	756	780	744	754	768	741	744	3358.368851
762	728	770	765	750	739	750	740	749	747	726	748	744	733	730	769	737	730	767	747	742	730	741	752	740	763	739	770	776	731	739	734	754	750	715	766	733	741	759	737	746	755	749	747	742	758	754	756	764	753	758	779	738	735	728	735	744	765	746	755	756	753	735	756	727	745	729	734	757	748	750	731	750	734	715	755	753	722	739	748	754	754	751	746	757	734	761	747	759	714	763	723	741	754	732	779	3359.380667
725	754	756	733	758	734	756	742	725	740	750	725	750	745	737	734	746	735	773	741	765	745	735	735	774	751	751	744	767	749	721	717	712	755	756	733	781	761	761	767	745	743	749	725	743	731	749	729	771	773	745	731	768	759	733	743	736	730	764	765	736	742	760	750	723	728	735	737	748	731	761	746	725	738	731	712	739	742	752	745	747	741	750	739	746	756	742	759	754	772	754	754	722	738	730	759	3360.392265
751	734	738	753	763	741	759	747	752	757	759	725	756	725	734	740	767	739	745	745	736	740	761	765	766	758	740	755	737	753	739	747	755	751	769	776	745	757	721	748	754	727	754	753	746	739	742	753	727	715	740	742	734	744	742	750	756	731	752	760	730	755	736	753	733	734	738	765	771	765	716	733	744	739	746	728	736	740	758	744	732	734	727	737	725	775	739	725	767	760	764	725	737	759	763	760	3361.403644
748	760	725	751	766	743	743	747	761	741	745	740	730	740	756	764	739	720	745	748	754	741	761	724	736	744	758	751	719	731	735	750	744	722	753	751	756	767	744	721	754	746	711	741	739	749	745	754	750	711	725	756	758	755	743	750	761	748	748	746	719	734	778	744	735	726	751	746	749	735	737	732	739	749	745	743	748	762	721	731	739	737	749	743	739	723	754	744	756	741	727	756	733	728	759	741	3362.414806
729	736	743	737	754	748	724	745	743	748	730	706	734	736	758	744	730	745	718	720	736	744	744	730	730	736	730	750	746	767	744	726	743	761	761	732	744	747	738	736	744	720	751	740	741	761	747	727	725	752	727	739	742	734	756	733	740	761	732	734	725	758	742	749	756	707	757	740	750	732	757	753	723	761	715	717	720	733	729	739	738	736	756	723	765	723	754	768	729	739	717	739	746	699	762	733	3363.425749
714	728	741	723	718	747	737	717	765	716	753	751	747	722	728	758	762	740	727	732	733	723	724	758	725	749	719	732	735	721	756	741	738	711	756	721	765	736	752	728	736	755	734	717	728	722	734	752	733	725	743	733	738	741	768	744	729	740	733	729	745	747	737	742	730	740	734	745	725	726	746	735	757	734	736	728	693	762	742	735	729	739	772	721	747	735	745	733	730	741	733	735	764	725	731	742	3364.436475
735	719	714	729	741	719	760	749	717	741	729	754	766	726	773	729	761	716	761	751	691	715	724	727	735	722	727	735	737	753	719	745	736	724	754	744	730	735	735	758	747	740	751	748	753	723	749	720	743	712	726	746	755	741	728	738	709	732	767	727	754	733	741	748	735	764	738	731	735	735	725	719	730	733	754	700	725	726	716	722	744	732	735	736	716	733	740	737	750	728	743	727	727	746	716	735	3365.438196
722	729	730	746	734	761	727	736	743	720	735	760	730	709	719	745	741	720	738	739	747	728	758	728	729	721	736	753	735	729	719	725	734	739	733	725	717	727	729	744	744	743	734	751	740	769	734	741	728	752	724	740	757	728	727	744	730	733	734	735	754	733	718	756	738	739	736	763	753	755	723	741	742	768	755	721	751	723	744	749	735	735	711	740	723	721	750	737	736	749	728	735	703	731	721	717	3366.448488
747	724	729	732	736	712	707	728	721	757	722	719	734	756	715	732	744	752	744	746	725	712	743	716	731	732	726	726	744	738	739	722	716	737	713	747	737	713	739	702	707	745	734	763	737	740	731	758	736	746	748	742	728	743	741	769	765	723	736	753	741	750	740	723	738	748	750	734	738	721	729	760	711	746	743	748	722	748	732	768	714	744	735	730	751	742	717	731	755	753	729	736	730	731	736	737	3367.458562
749	727	714	719	703	732	736	757	743	704	732	734	738	731	749	737	743	732	720	729	730	733	731	720	755	734	747	737	727	737	767	692	741	730	731	752	712	729	745	734	745	727	722	749	706	745	713	727	741	722	720	733	756	735	751	744	745	720	752	734	732	737	729	752	737	733	722	730	740	726	719	721	723	727	753	699	754	751	738	746	743	734	765	760	741	725	749	729	737	747	714	730	738	736	740	746	3368.459637
741	737	721	716	734	733	727	710	773	733	724	739	739	706	743	745	734	746	717	718	702	745	710	717	746	737	729	707	712	742	722	728	709	758	746	743	726	729	739	695	706	725	723	753	723	741	730	714	753	726	728	741	753	738	732	726	742	725	743	735	742	728	719	731	732	721	738	741	725	734	721	715	747	724	746	757	744	723	744	735	730	709	718	732	743	729	743	718	712	721	708	712	740	728	731	727	3369.469278
736	715	705	727	724	747	734	731	711	741	715	748	733	731	742	711	732	749	733	724	709	727	762	711	729	727	730	704	727	726	726	729	744	708	729	719	733	736	718	744	745	731	744	714	726	718	734	754	741	728	729	720	730	740	717	735	714	737	750	725	725	763	747	758	734	717	755	731	712	757	718	739	747	709	739	734	709	747	734	730	720	714	716	724	727	736	747	731	738	728	729	730	730	742	748	728	3370.469924
719	745	727	740	721	746	731	714	712	747	719	719	724	740	724	735	735	714	748	748	718	744	708	715	725	711	716	733	735	723	754	746	748	747	735	716	734	714	723	721	731	719	724	738	727	719	741	704	744	732	732	742	715	714	727	722	716	740	719	729	746	743	729	732	752	702	726	707	740	743	719	747	736	717	727	720	733	738	732	740	727	733	734	719	722	735	755	725	749	714	748	724	729	713	746	740	3371.470357
746	711	718	731	724	730	703	750	733	722	728	744	709	738	724	732	731	709	740	726	709	737	724	694	762	736	746	725	735	719	754	729	729	739	718	737	726	732	745	760	743	738	734	723	717	732	740	737	741	703	748	742	738	772	739	728	737	706	746	713	700	726	721	746	733	705	739	692	740	738	719	727	722	757	720	730	723	741	712	723	714	723	706	735	735	713	719	728	743	720	723	760	715	712	728	735	3372.470575
726	721	739	733	740	727	733	741	742	733	712	729	723	732	726	744	730	732	725	739	721	735	717	735	753	726	726	731	735	720	712	721	733	726	721	735	719	710	715	712	719	728	715	730	714	740	724	724	723	715	717	711	709	739	715	722	718	722	708	697	719	737	740	728	715	732	704	738	698	715	725	719	717	736	731	724	729	728	730	709	721	726	720	734	729	723	733	737	722	721	728	721	710	731	713	707	3373.479352
742	726	737	715	711	736	745	730	737	721	701	734	738	714	738	728	733	738	747	718	735	707	728	734	697	710	748	721	734	731	734	722	674	722	704	725	712	727	733	720	718	742	734	721	727	722	723	731	748	733	736	722	745	719	754	737	714	733	716	725	734	743	721	722	762	727	715	708	731	741	705	726	718	722	712	715	734	731	725	730	710	702	728	736	732	720	722	748	720	724	734	722	744	712	720	722	3374.479142
699	748	728	706	737	727	741	743	745	742	724	733	740	732	754	727	724	723	727	715	703	731	718	744	706	722	760	727	743	712	726	742	725	721	711	740	724	701	738	712	716	731	740	741	739	726	744	723	724	736	716	747	737	709	743	755	712	729	742	733	703	744	721	738	737	730	726	737	733	745	746	733	731	739	717	739	735	710	712	723	702	727	707	724	739	741	737	713	718	745	743	733	739	720	704	720	3375.478718
731	735	718	731	751	697	736	727	738	727	712	738	708	747	749	733	711	718	732	726	731	722	719	750	714	729	715	718	694	716	727	711	705	728	727	718	723	733	701	718	717	743	725	708	744	741	729	713	737	734	715	733	717	707	749	723	703	715	725	731	737	738	743	752	736	741	735	742	741	730	730	727	743	725	745	743	739	721	746	722	758	735	755	740	770	709	706	727	744	716	742	744	699	742	716	758	3376.478081
731	729	746	721	708	730	747	720	707	728	756	717	719	709	748	719	733	726	730	757	731	738	731	736	726	755	732	702	718	746	728	721	730	707	710	703	717	722	730	733	733	733	734	723	738	726	760	702	726	728	728	737	757	724	730	721	722	741	751	728	727	746	749	719	740	726	743	724	731	723	755	722	741	705	736	745	715	732	732	708	709	737	734	734	712	747	732	728	720	730	725	708	729	736	723	716	3377.477231
746	765	749	746	736	750	725	750	727	749	723	741	707	719	747	718	727	744	725	744	718	722	716	735	739	726	732	706	737	716	749	720	715	740	729	764	726	726	732	736	732	736	723	719	739	707	731	702	714	723	733	737	727	731	722	729	739	716	733	708	737	734	733	728	728	730	743	743	748	727	716	723	738	741	753	752	737	722	731	701	730	713	738	749	720	734	742	724	732	742	737	721	744	715	721	734	3378.467406
721	731	712	718	746	717	750	707	733	740	767	707	742	755	755	742	728	739	754	729	745	752	724	756	719	728	726	713	736	740	749	721	741	756	731	738	725	709	735	755	724	717	753	728	738	738	738	724	747	732	723	740	730	713	715	758	707	729	718	730	736	716	755	751	732	737	741	733	706	728	723	705	739	716	749	727	725	729	741	725	751	722	725	727	745	736	747	738	716	720	732	735	733	750	738	746	3379.466131
748	758	718	718	721	724	724	732	724	725	743	726	738	725	728	727	712	758	722	757	730	720	755	721	714	734	728	767	728	749	720	726	732	746	731	735	719	756	742	735	742	735	714	769	742	710	723	737	728	734	734	748	725	732	735	729	740	736	726	735	744	722	750	767	762	717	740	718	748	730	757	732	749	732	731	726	739	732	743	717	766	754	742	722	706	719	731	736	727	738	743	715	740	712	731	725	3380.464643
712	728	743	733	749	726	716	720	729	737	730	718	704	716	734	752	730	720	708	750	746	710	754	744	735	715	746	733	715	707	750	737	738	735	732	732	741	713	733	726	747	711	716	724	741	717	734	731	736	734	744	715	749	732	740	744	736	728	731	717	743	716	713	722	727	740	726	717	727	730	719	710	735	733	719	723	740	738	730	726	749	736	750	733	730	738	732	721	756	739	735	719	725	739	704	739	3381.454186
710	737	716	726	724	717	720	720	767	736	740	713	723	749	731	752	738	730	744	730	735	745	773	720	756	722	733	738	731	729	737	758	742	708	745	752	725	726	713	710	734	746	725	744	723	699	731	706	732	727	721	729	724	724	722	752	725	736	725	733	756	731	753	728	726	731	758	748	724	727	739	741	748	726	745	712	692	731	721	750	730	746	754	712	733	712	732	742	732	752	727	737	733	743	748	740	3382.452275
717	739	736	737	728	732	743	734	725	741	718	721	722	755	746	731	747	759	726	751	734	737	727	739	750	736	708	736	710	745	728	746	727	760	739	736	743	758	757	707	722	726	743	723	742	712	721	718	756	745	754	747	736	730	727	744	720	727	726	747	724	729	723	746	730	745	729	768	746	731	712	712	714	758	732	753	749	712	735	725	725	719	729	728	739	735	720	748	762	721	742	752	743	747	730	716	3383.441397
721	748	749	737	734	732	719	734	727	720	745	738	741	722	748	742	723	729	770	715	721	739	721	728	735	735	717	725	731	733	736	729	727	738	731	736	718	730	722	733	720	728	757	727	749	748	719	736	734	749	725	740	745	729	725	710	728	731	753	714	735	712	735	743	720	726	725	745	734	716	725	718	748	728	726	735	716	758	729	731	748	739	737	756	731	741	730	723	767	739	730	741	731	734	729	736	3384.439061
724	720	759	731	714	723	724	756	735	730	729	727	705	737	741	707	701	738	723	732	713	741	723	732	739	726	725	746	750	728	762	755	735	726	719	746	739	741	733	732	733	700	731	756	747	741	726	735	746	714	722	758	738	742	766	758	724	725	730	737	728	759	749	714	711	717	733	737	740	720	742	729	738	742	723	733	725	752	731	728	722	710	732	747	734	728	733	725	735	711	728	734	724	724	736	742	3385.427764
749	726	705	746	727	719	691	713	719	725	722	710	726	744	743	740	746	745	733	725	739	710	735	721	732	730	737	742	718	737	723	750	729	727	750	726	730	726	718	722	717	728	758	735	733	721	730	762	730	729	715	732	738	738	741	749	725	744	738	740	714	736	738	727	715	722	741	704	729	727	716	742	709	748	709	710	736	721	750	761	702	712	734	705	732	747	726	742	714	730	728	705	738	734	718	726	3386.416258
721	711	752	739	723	736	737	739	721	715	728	746	739	734	734	695	734	716	727	722	747	722	717	723	701	726	754	738	729	734	756	728	709	729	743	724	737	717	719	751	733	736	733	729	727	738	735	728	746	735	727	712	725	744	717	744	744	741	746	729	742	740	751	732	736	723	755	737	728	736	708	742	714	745	745	714	720	742	722	733	736	757	728	760	717	716	750	731	751	713	725	725	719	734	744	733	3387.413288
725	724	728	717	720	729	732	722	738	719	725	732	735	713	723	721	764	730	729	724	755	735	744	724	706	736	729	737	703	710	720	718	744	716	721	727	702	743	737	724	739	708	738	720	731	712	709	754	730	721	720	713	726	736	739	737	729	728	720	749	723	734	721	706	731	736	746	720	728	711	724	717	727	728	736	706	700	717	729	729	734	737	721	708	739	714	721	731	735	740	756	719	715	728	743	734	3388.401362
732	746	738	733	731	725	735	727	732	717	741	714	726	704	744	741	725	722	722	734	705	741	723	724	722	731	739	720	728	740	718	718	718	741	749	756	707	716	728	720	734	723	735	744	722	723	697	718	727	730	717	713	708	728	743	731	732	756	747	734	722	697	714	735	739	711	712	728	723	703	724	737	737	704	741	715	724	729	730	735	728	731	725	729	741	726	742	725	731	730	737	732	723	737	711	731	3389.389227
709	729	738	697	736	715	717	737	709	720	722	721	732	737	740	724	714	730	752	735	712	731	724	728	745	721	736	734	721	742	735	726	752	744	724	713	706	713	740	717	694	719	740	728	707	726	737	737	728	735	727	725	725	745	716	739	721	742	711	743	730	750	709	739	729	745	719	737	735	747	714	737	729	715	726	716	740	707	724	728	732	733	743	732	723	728	718	707	730	730	737	752	734	747	739	717	3390.376884
728	696	721	732	721	717	726	730	718	725	737	735	712	729	733	729	731	730	693	745	713	711	728	725	718	740	720	745	715	717	722	725	734	722	728	727	706	735	732	725	711	739	729	713	715	720	736	733	745	727	745	727	734	724	725	712	740	742	731	706	724	736	732	759	713	749	742	724	751	745	731	715	757	721	727	714	710	719	730	723	726	735	718	725	711	727	695	711	710	727	746	718	733	736	714	748	3391.364332
725	739	731	670	715	703	733	738	716	741	719	716	748	753	714	719	731	708	738	732	716	703	726	708	728	700	718	734	713	723	705	731	735	720	729	732	716	750	734	723	729	731	726	732	705	699	721	699	722	755	732	738	717	738	749	737	704	726	731	738	745	729	750	736	715	717	734	690	731	730	729	721	733	740	741	730	726	724	718	738	740	742	715	712	711	737	728	748	734	735	723	711	733	716	734	711	3392.342836
729	741	729	708	697	721	754	740	725	719	753	721	741	718	726	711	704	721	741	713	723	695	739	728	724	722	734	749	731	718	740	719	729	737	717	738	713	730	709	725	741	717	722	718	716	748	732	744	730	762	710	753	716	703	723	741	747	748	715	749	723	719	708	727	731	732	710	743	729	754	732	706	714	719	734	745	700	717	717	729	742	734	756	720	719	737	723	716	704	718	711	707	698	732	731	730	3393.329869
727	731	738	719	729	711	710	727	709	710	694	712	714	742	724	708	713	715	706	736	712	730	735	716	714	717	735	714	713	736	722	708	710	711	751	742	709	695	736	700	740	700	730	733	724	726	710	728	711	738	726	745	702	734	729	728	736	732	738	742	736	713	718	734	715	719	745	726	715	705	716	718	712	745	732	717	721	748	732	717	718	723	724	714	727	706	736	746	707	702	728	710	719	710	725	712	3394.316693
700	742	724	724	700	712	701	715	714	729	734	724	716	729	718	718	718	735	720	717	732	743	734	718	733	690	709	718	728	717	737	736	727	737	728	719	737	710	713	727	710	708	711	728	725	699	732	707	728	744	743	717	719	727	728	713	737	727	719	744	706	706	704	734	699	713	713	734	708	716	710	741	737	725	722	721	725	721	704	733	707	711	729	743	697	705	737	738	731	711	704	695	729	693	720	720	3395.294579
713	718	735	712	696	737	718	732	736	722	721	717	713	733	735	691	718	749	740	716	726	705	739	707	718	716	737	734	718	731	732	738	726	717	711	727	747	746	736	720	729	711	710	710	713	696	706	731	697	711	723	716	731	729	710	716	717	724	734	753	726	740	730	724	727	717	715	713	725	741	728	721	727	730	689	752	732	724	741	718	670	738	738	700	720	730	711	714	715	705	743	720	703	732	724	717	3396.280988
710	710	750	715	746	718	717	723	723	710	704	724	727	724	711	724	729	719	710	706	725	699	722	711	732	729	717	739	703	732	711	723	735	728	697	732	721	728	703	714	719	724	710	723	725	715	723	717	724	719	724	722	709	725	699	740	691	715	725	732	745	724	731	698	704	705	719	711	732	740	747	721	710	728	729	727	740	752	719	742	737	718	722	741	709	721	725	721	730	731	726	727	728	727	707	735	3397.26719
718	716	691	717	728	711	710	713	721	723	726	721	742	712	707	710	725	711	728	703	719	711	722	706	730	754	702	698	698	744	726	682	710	723	729	681	738	718	699	702	713	690	718	732	698	729	703	714	710	728	736	711	720	720	716	693	718	722	719	740	713	724	741	717	731	703	706	714	729	713	722	717	719	727	715	701	715	707	713	731	715	721	709	736	728	687	719	702	714	729	719	713	719	713	702	716	3398.244458
710	732	733	712	709	693	728	731	722	722	696	719	721	721	690	716	700	701	719	712	715	719	703	711	694	708	714	704	705	703	714	722	741	714	726	691	739	726	719	727	710	729	695	725	700	725	703	728	718	708	695	697	682	718	728	715	714	703	697	734	718	724	712	734	704	717	716	692	715	714	690	726	734	710	733	725	705	679	715	719	726	724	732	726	721	732	723	710	716	708	715	698	734	709	735	700	3399.221522
695	709	728	723	689	705	689	688	723	699	745	706	711	714	736	714	715	727	716	713	742	707	730	727	724	708	701	708	694	736	713	731	709	716	699	711	728	725	694	712	718	701	716	723	714	724	704	723	719	693	730	710	723	704	723	690	743	751	702	718	708	727	708	718	700	720	725	707	716	731	710	730	729	707	704	704	727	720	717	704	690	707	699	698	724	699	725	692	724	678	734	699	687	707	705	716	3400.207103
689	694	709	729	722	701	715	713	698	720	718	734	709	714	686	729	703	692	707	697	719	728	715	717	688	725	718	721	698	725	718	734	694	716	712	699	721	706	685	729	727	717	723	709	713	724	728	723	728	723	712	699	723	716	705	737	701	720	701	729	725	716	713	725	720	714	731	701	713	690	701	718	720	725	700	716	722	698	725	722	695	731	725	710	702	713	748	706	705	725	716	712	717	702	685	703	3401.183756
701	690	692	731	707	713	697	708	706	726	706	713	703	689	706	730	704	709	668	699	680	694	704	695	710	719	727	707	723	701	707	701	715	683	689	733	698	704	697	728	718	715	734	715	701	700	695	701	723	720	738	734	691	715	710	714	701	720	715	695	737	698	699	710	683	719	715	692	726	712	695	716	720	699	698	704	717	709	692	709	715	725	712	694	706	698	726	705	707	699	715	710	692	744	722	706	3402.160205
717	703	698	707	684	707	700	694	698	721	712	691	724	708	714	715	708	713	706	727	720	695	717	687	723	704	693	742	715	715	701	695	732	711	718	719	723	734	687	717	698	723	713	713	695	698	736	709	701	703	733	698	703	700	685	725	702	717	704	714	692	714	710	699	706	695	721	699	704	721	713	718	722	720	725	709	700	717	691	724	702	754	714	724	709	703	704	700	701	687	712	724	716	720	707	713	3403.13645
696	703	694	707	713	694	727	725	717	680	709	737	723	709	688	693	707	700	695	724	703	704	742	710	710	697	720	687	694	708	689	724	710	701	713	708	689	715	707	720	696	721	698	707	709	701	710	722	714	706	705	699	711	702	719	717	712	700	710	710	716	712	690	713	713	718	694	713	727	709	702	693	703	719	711	713	719	701	705	714	717	712	722	740	710	713	707	726	708	734	686	715	693	696	698	696	3404.112491
715	718	745	695	702	714	694	710	698	695	698	717	715	697	736	710	734	696	729	702	704	731	706	713	712	705	716	699	714	710	696	704	698	688	692	691	698	718	725	675	681	736	706	725	716	699	695	715	703	715	710	724	708	707	717	704	721	722	732	718	707	703	703	704	686	697	689	727	730	728	712	691	749	707	733	720	713	717	704	720	729	717	705	719	709	713	698	705	699	694	695	703	694	712	715	744	3405.088328
717	719	692	707	711	705	697	721	713	687	728	697	704	694	691	694	707	702	682	686	701	688	678	710	701	699	703	701	700	687	698	687	696	691	694	686	700	705	713	727	712	684	675	704	711	695	748	709	712	703	710	732	691	674	701	706	702	708	695	704	708	700	695	722	683	719	743	707	702	731	727	713	695	723	731	683	752	702	708	680	675	723	706	709	711	698	701	702	713	693	699	695	713	683	709	705	3406.06396
677	725	681	740	714	683	699	697	723	714	693	717	700	706	746	724	712	705	680	695	709	727	707	717	701	718	715	714	684	702	702	721	716	706	720	711	706	694	693	689	702	702	697	690	696	703	682	691	692	689	705	714	701	680	712	685	718	693	714	716	711	704	699	717	714	730	685	695	701	707	698	704	702	705	721	712	707	691	701	730	722	717	707	684	705	713	722	696	710	732	720	702	692	713	705	692	3407.039389
702	679	681	695	717	686	715	725	681	694	690	711	674	702	715	704	716	712	707	694	707	693	696	719	715	720	700	724	699	725	711	683	707	709	712	703	702	720	710	716	711	685	696	716	695	704	715	689	696	721	711	703	705	719	695	722	715	723	686	699	717	693	693	735	683	711	739	718	706	693	713	712	706	699	707	702	708	715	716	723	713	690	682	715	705	705	696	714	713	687	705	702	693	715	701	712	3408.005908
710	702	697	695	695	709	690	675	692	715	710	711	708	688	725	708	713	712	698	703	692	704	703	704	699	706	677	688	683	703	681	732	700	729	678	692	697	691	701	702	713	704	712	689	707	703	729	687	718	696	721	702	685	701	708	706	710	694	730	680	694	721	724	716	709	701	703	713	718	692	693	696	688	684	706	705	711	719	684	700	686	705	714	708	707	692	729	704	732	695	701	683	681	677	691	705	3408.980931
693	698	688	699	703	726	714	695	690	685	713	711	695	721	723	689	706	731	697	722	696	685	685	719	687	694	724	710	719	711	741	709	708	688	726	714	709	695	710	694	694	691	714	705	717	716	709	696	708	712	706	679	718	683	738	721	670	700	716	682	716	714	701	710	721	714	702	707	707	708	707	694	719	708	700	714	697	691	707	686	722	694	714	700	692	682	713	730	708	675	685	682	718	699	669	698	3409.947047
736	702	719	715	740	710	721	698	701	703	704	706	706	712	680	692	697	707	676	689	735	678	668	692	693	713	694	743	726	717	696	696	700	711	706	718	686	710	688	702	719	721	679	689	712	703	728	692	702	704	702	683	708	732	707	706	706	691	677	711	708	705	715	698	696	709	699	695	708	690	691	692	687	699	719	697	678	707	702	691	701	714	683	696	720	695	715	712	719	710	691	695	683	708	709	699	3410.921664
697	702	686	682	699	684	709	689	714	695	696	692	702	715	685	701	719	700	703	705	688	701	707	682	718	746	715	724	698	720	708	710	703	678	703	700	704	698	691	706	727	707	715	713	693	704	702	692	714	707	716	694	684	672	703	711	684	700	708	699	695	706	705	704	692	688	709	707	701	693	698	696	712	708	676	701	710	701	695	704	715	709	719	694	713	701	705	719	709	681	698	701	699	699	705	706	3411.887379
698	700	696	699	717	695	712	714	704	707	695	707	695	696	713	704	702	730	698	701	716	704	699	705	730	706	735	704	717	711	711	719	719	716	688	688	716	690	693	699	695	718	696	697	689	712	713	705	723	720	673	681	708	704	694	689	699	701	716	710	704	690	708	715	713	698	724	713	723	705	709	709	715	688	720	706	693	700	705	700	693	708	708	711	719	693	685	713	686	707	701	700	689	699	710	700	3412.861591
696	689	720	693	707	692	698	709	706	701	723	692	688	709	719	721	694	674	698	680	686	701	695	674	693	714	714	696	685	695	709	716	711	722	715	687	697	696	673	697	667	711	688	712	716	712	693	709	695	689	716	696	715	706	722	684	690	745	696	687	689	695	722	701	681	711	704	676	684	707	691	677	704	695	723	705	729	699	691	696	721	712	704	709	711	671	712	713	733	719	694	719	720	718	704	712	3413.826904
713	689	746	695	711	716	686	698	685	707	692	718	695	695	713	687	697	684	695	717	699	692	705	714	714	711	703	671	711	710	703	715	714	699	706	730	716	703	735	719	693	703	711	697	724	705	707	672	730	701	703	689	692	716	717	706	701	693	709	724	706	689	704	694	697	702	713	700	700	697	705	709	693	694	714	677	711	696	694	710	692	702	707	693	696	708	702	712	721	709	716	696	712	695	706	679	3414.792017
710	702	732	708	712	694	687	710	734	684	694	694	696	714	693	698	730	696	715	681	690	682	701	694	690	715	716	701	720	684	710	695	696	705	693	718	716	686	717	700	705	729	713	703	705	697	711	694	691	706	722	697	710	720	704	708	693	687	712	723	697	686	756	693	699	740	716	707	710	710	710	710	697	700	689	708	713	687	687	702	720	706	703	711	698	697	711	716	707	699	694	712	707	710	724	698	3415.75693
666	699	704	694	696	696	711	704	695	694	715	719	710	715	695	715	705	701	688	699	700	733	719	704	700	733	706	700	707	693	702	689	700	704	695	703	702	701	706	688	705	708	701	719	706	708	683	700	692	696	725	693	711	700	711	728	684	717	704	719	715	704	684	727	688	729	712	698	739	708	732	684	713	742	702	711	699	697	689	714	701	712	716	714	727	683	698	698	700	729	719	700	717	708	683	701	3416.730334
713	718	706	707	689	701	692	711	700	705	695	717	710	688	722	705	691	705	697	702	697	721	674	714	700	688	697	692	688	754	710	713	730	691	712	687	716	704	706	707	693	698	700	705	678	702	731	683	719	721	706	706	685	713	690	717	707	701	715	716	684	705	695	700	723	720	732	683	710	713	685	698	693	719	694	704	717	710	710	702	718	698	689	700	724	718	719	712	707	685	705	703	712	717	702	696	3417.694846
685	730	707	695	705	666	702	678	711	739	693	711	679	697	703	708	708	707	700	701	704	715	717	707	706	707	694	696	710	698	710	722	711	686	705	723	678	683	727	713	718	717	676	707	695	707	690	715	717	707	714	707	702	710	698	715	695	709	687	717	705	707	712	697	691	695	709	717	711	709	692	688	687	693	686	703	703	712	701	704	690	731	709	711	692	712	699	706	719	714	716	710	718	715	682	703	3418.650472
680	709	717	698	703	714	677	706	696	693	714	708	693	714	680	708	717	721	722	695	695	705	688	694	671	697	706	710	698	707	710	721	696	713	695	726	697	705	698	684	709	704	713	695	704	711	707	711	711	697	723	693	709	716	706	683	720	700	708	707	725	742	707	705	685	695	694	685	716	681	686	712	707	701	709	687	699	705	719	695	695	724	691	714	709	730	711	696	700	694	686	708	705	701	710	692	3419.614587
711	696	708	693	688	720	685	734	703	701	712	714	686	696	674	684	721	704	677	705	688	700	695	695	693	707	703	722	698	697	721	688	705	706	718	726	688	707	714	695	704	687	698	711	714	686	713	688	727	711	691	723	696	703	714	722	701	676	719	681	702	682	692	704	698	680	680	695	685	699	689	699	690	685	698	687	686	694	704	696	673	696	709	685	703	733	677	703	709	698	685	702	708	690	700	702	3420.578502
706	696	702	704	702	704	690	699	716	687	696	683	702	693	713	698	681	699	709	675	690	693	697	689	698	672	683	686	689	698	694	677	715	723	692	709	703	733	699	693	694	709	720	699	706	677	704	715	706	721	724	697	711	695	704	710	694	728	699	722	705	664	697	683	712	704	680	679	689	715	701	650	695	681	697	719	700	682	680	705	702	684	712	677	682	682	698	690	698	699	714	703	733	689	678	692	3421.542218
702	695	706	695	673	700	698	701	715	692	689	697	714	702	706	690	681	693	682	701	713	694	694	687	689	708	691	699	703	697	701	678	675	716	703	706	700	688	707	716	698	691	705	683	684	673	690	709	671	692	706	688	724	690	684	689	702	708	695	687	719	699	715	689	687	680	698	705	699	717	697	695	671	684	691	700	719	703	691	677	705	716	694	695	720	692	670	717	701	685	700	706	729	719	707	695	3422.505735
679	699	703	700	691	685	685	672	711	699	699	698	689	689	671	704	696	696	682	693	691	702	670	700	676	683	681	689	699	707	699	688	692	716	688	701	706	687	673	684	710	693	679	690	695	682	718	704	720	697	707	709	677	708	678	715	715	700	705	690	690	700	683	695	716	709	681	673	681	697	719	684	706	681	692	704	674	697	687	686	683	681	708	680	677	684	678	695	701	675	686	691	706	709	673	698	3423.460375
695	695	693	668	681	696	674	663	689	688	683	677	684	672	676	679	696	690	709	676	712	684	687	682	707	710	705	697	694	702	709	692	684	692	689	712	692	687	693	677	650	701	694	703	694	691	686	685	692	670	690	680	678	681	701	676	687	701	709	683	699	699	715	698	726	687	677	683	692	683	671	697	688	679	702	698	677	685	722	691	691	694	696	721	695	662	697	681	705	696	696	702	703	698	672	694	3424.423495
671	691	697	697	711	680	692	696	717	686	695	711	705	684	686	714	695	695	689	696	687	685	679	668	694	673	677	692	680	692	674	697	707	693	671	680	677	693	673	675	709	686	691	693	691	700	677	683	689	711	673	699	702	688	712	680	652	678	701	685	700	688	675	686	689	672	705	677	692	679	691	694	682	696	688	680	687	691	698	667	687	715	674	670	689	688	689	690	706	671	685	701	702	681	704	694	3425.377742
684	698	702	668	691	686	697	685	690	691	688	689	711	672	695	698	669	730	692	674	685	683	696	681	671	680	669	685	681	691	691	682	702	667	697	701	693	668	708	685	668	690	693	711	692	677	685	691	686	709	691	695	692	688	696	675	693	684	677	695	690	702	660	679	680	675	692	677	670	702	681	693	659	700	689	674	704	695	690	690	692	696	705	708	683	695	701	676	683	685	664	698	698	694	683	681	3426.331793
677	699	686	670	682	677	670	681	684	685	687	732	706	689	684	672	661	700	699	702	697	693	687	701	672	699	704	684	684	702	687	698	673	687	701	696	698	674	690	686	679	699	698	699	672	687	683	664	690	702	677	678	684	687	688	661	695	677	687	698	688	716	683	685	690	680	688	688	713	684	706	713	692	697	684	687	671	673	674	676	675	703	697	687	703	712	690	696	693	693	690	671	709	706	693	679	3427.29432
676	697	679	678	686	684	670	672	669	689	668	681	679	698	683	704	692	679	665	679	662	693	691	680	671	685	689	693	690	673	698	682	671	685	690	685	688	681	672	678	702	689	674	685	673	689	686	690	682	688	674	696	676	682	688	699	692	695	688	668	674	692	701	694	661	679	668	693	699	680	682	694	678	687	696	702	692	684	678	684	688	683	699	642	681	649	672	687	668	703	685	677	669	674	704	669	3428.247979
712	695	693	673	694	687	686	693	689	688	691	692	680	688	685	676	681	688	679	678	678	678	691	692	682	666	675	704	696	695	680	667	689	683	696	674	681	653	681	693	681	686	688	672	685	662	691	664	690	671	693	679	684	682	702	695	703	669	678	687	699	700	679	677	703	670	672	689	665	681	685	706	688	693	677	681	662	676	688	689	693	683	697	701	696	701	684	704	692	657	677	682	670	685	681	671	3429.201442
694	681	706	695	684	706	656	680	694	694	661	682	698	684	707	695	692	660	673	671	680	676	673	677	684	684	669	671	675	677	685	700	680	655	672	670	661	700	689	699	662	678	669	679	688	671	667	681	689	686	666	677	688	672	675	676	696	703	684	684	659	671	684	691	691	691	688	661	694	701	666	679	675	689	689	675	684	696	688	678	686	697	696	663	694	668	672	668	674	681	669	682	677	678	677	676	3430.15471
677	658	684	676	691	669	683	686	655	697	683	661	667	686	680	681	687	683	647	682	686	696	671	695	677	685	669	678	703	677	672	683	654	670	684	696	678	675	686	671	678	686	694	685	672	692	680	675	708	671	687	681	691	677	679	686	673	684	673	680	687	678	669	690	686	687	702	694	672	673	676	672	680	680	665	675	673	689	693	676	679	692	674	696	690	687	680	683	679	664	703	669	656	692	690	685	3431.107783
679	698	692	672	688	693	690	684	689	678	685	707	688	683	674	683	680	680	668	689	696	688	693	667	664	675	665	708	709	672	678	675	676	680	677	677	679	699	674	669	675	672	711	693	689	679	676	670	699	692	659	725	662	688	675	667	711	684	698	664	674	696	696	689	682	709	688	682	683	675	694	688	653	702	696	694	676	686	689	688	690	667	666	681	694	678	685	715	693	675	701	661	702	691	683	676	3432.060661
685	688	684	677	687	689	696	667	680	698	670	675	674	667	675	675	676	675	684	671	697	667	712	670	673	660	670	674	690	669	668	678	653	657	689	695	669	670	670	692	664	688	682	685	674	688	688	674	678	672	685	695	682	680	661	686	664	676	675	689	681	686	702	683	687	704	685	690	687	698	690	669	679	665	667	678	700	711	662	670	686	673	679	695	673	678	664	676	690	683	682	682	701	677	676	680	3433.013344
673	670	685	682	700	675	684	697	673	699	667	682	675	681	685	694	696	682	676	692	688	688	676	676	680	693	700	683	673	672	701	660	690	668	663	672	689	690	691	656	686	682	682	689	685	688	686	688	668	685	699	700	685	706	678	687	682	680	680	672	683	696	664	676	694	655	700	668	675	676	679	691	692	685	676	684	686	679	694	690	703	692	679	697	676	667	695	673	677	660	680	688	681	673	677	685	3433.965832
675	678	660	687	694	697	694	677	685	696	690	681	659	658	695	679	667	676	693	690	710	690	685	691	680	671	666	688	674	686	683	664	705	672	674	697	682	699	695	659	687	669	679	674	689	689	678	659	678	661	679	686	681	696	692	680	672	700	685	678	685	696	684	661	669	692	675	673	675	666	691	680	672	677	676	672	668	680	684	675	673	679	664	682	695	682	670	661	700	686	665	702	665	690	679	674	3434.918125
676	673	677	698	707	647	681	669	684	671	663	689	682	682	698	686	684	677	687	665	679	675	652	681	691	685	690	669	686	675	679	686	685	688	688	691	719	683	690	691	667	668	678	692	691	653	673	678	671	683	678	688	722	688	691	685	668	688	683	698	693	669	683	690	680	695	689	685	679	686	679	685	693	675	671	702	662	717	676	670	721	683	678	680	690	690	680	686	683	688	674	666	687	666	677	681	3435.861568
652	669	668	671	679	667	659	684	668	672	684	656	699	685	672	680	701	677	670	675	682	677	673	674	699	657	670	675	676	700	676	668	660	677	681	685	694	676	674	663	683	682	680	671	682	667	661	688	683	679	695	676	669	670	664	679	690	706	702	657	675	683	689	685	675	662	684	696	687	680	681	684	683	686	701	694	673	667	699	690	674	660	690	671	674	681	704	709	701	685	693	682	683	675	663	691	3436.813473
691	678	683	684	691	682	695	686	691	687	672	679	682	672	702	667	687	686	690	671	684	671	687	684	664	701	697	667	693	710	657	694	675	722	696	692	720	691	670	678	680	686	678	682	687	672	687	669	680	699	690	698	684	701	682	671	680	690	680	701	686	658	667	672	669	695	668	666	665	672	684	673	679	672	667	688	668	688	689	672	715	675	694	676	670	679	690	699	680	672	666	690	673	685	682	691	3437.756532
685	695	682	684	682	674	675	689	682	678	696	670	693	688	648	707	678	692	675	689	672	684	675	685	701	652	690	686	683	650	681	657	676	681	685	693	686	693	682	668	669	676	676	679	691	683	694	670	660	690	689	667	685	682	675	681	679	670	685	701	673	698	686	681	664	681	677	715	686	695	672	688	686	661	697	671	680	702	673	686	676	714	677	657	685	701	675	658	671	679	667	704	668	682	699	689	3438.708049
670	695	669	689	657	704	670	701	662	671	657	683	670	664	682	704	670	682	679	680	674	679	687	697	688	680	661	675	686	712	672	709	665	664	683	685	693	661	681	682	684	682	658	695	702	660	677	657	674	683	707	692	706	699	666	675	679	649	666	676	679	686	705	670	704	693	669	702	676	684	703	695	685	664	682	695	661	692	681	694	696	672	700	680	696	689	680	698	679	688	656	719	663	689	690	690	3439.650724
669	676	700	671	681	672	665	680	691	666	682	690	686	679	684	689	688	681	688	675	695	674	672	676	687	682	686	667	679	669	679	694	682	685	684	676	683	684	682	699	681	689	667	692	686	683	695	676	693	687	678	686	693	678	692	688	672	668	682	692	697	673	659	702	683	670	685	687	711	700	675	665	669	675	692	688	694	692	681	696	680	688	706	683	694	696	683	678	685	674	699	670	669	658	702	694	3440.593208
677	677	673	676	674	679	681	677	678	679	668	673	680	676	677	704	673	673	680	694	676	678	681	697	676	662	690	674	697	685	698	682	679	677	683	696	687	700	681	676	682	679	693	673	703	664	664	690	684	688	671	683	680	671	683	686	678	682	673	674	690	670	661	690	679	690	688	709	689	671	694	704	673	662	655	675	669	665	708	691	674	672	670	674	695	696	685	703	668	678	674	695	665	678	705	680	3441.544145
667	689	687	677	697	673	682	683	687	676	657	682	669	676	675	688	685	696	684	674	669	658	675	680	652	673	697	692	663	672	705	678	707	688	668	674	666	669	681	687	697	685	675	709	669	669	677	672	652	696	670	681	705	671	669	677	667	674	672	691	698	709	668	683	679	679	687	687	650	702	706	701	669	683	699	679	685	668	673	685	684	665	692	673	685	686	708	684	691	668	683	675	684	694	682	678	3442.486245
649	696	691	684	679	684	663	697	675	679	662	675	663	678	678	680	691	665	661	663	689	671	678	671	671	674	672	676	695	677	690	674	651	671	670	686	664	666	668	654	675	662	700	681	663	678	681	685	686	683	691	689	678	678	688	676	671	700	684	695	691	663	666	668	692	690	667	685	675	687	691	665	667	674	666	682	651	680	673	673	675	701	671	686	686	694	662	679	684	677	671	653	683	677	661	671	3443.428154
685	659	689	675	680	682	695	686	669	713	697	685	675	658	661	685	699	661	690	696	673	683	681	653	682	668	670	655	680	686	675	660	699	687	689	675	688	690	679	663	696	683	675	668	700	681	692	669	683	667	675	688	680	688	687	681	679	678	683	675	666	662	668	673	688	670	689	694	711	684	685	691	674	666	682	651	692	698	679	682	660	688	676	664	685	675	681	672	704	682	678	675	666	673	693	676	3444.369872
670	695	693	667	675	688	661	698	677	679	656	646	670	674	692	657	659	681	663	650	668	673	693	672	657	691	680	672	687	696	687	681	671	653	687	665	698	662	694	669	678	660	660	658	666	663	691	701	645	670	676	674	678	694	657	670	668	681	683	683	670	672	660	662	681	686	670	695	716	681	673	676	670	678	688	682	679	671	655	679	685	668	654	656	667	689	689	654	688	672	663	654	683	681	682	681	3445.3114
681	651	701	681	655	687	689	665	684	682	684	671	696	673	669	670	682	662	678	677	685	672	671	675	689	673	655	678	674	695	670	669	660	675	676	686	666	673	672	705	667	678	684	660	659	680	674	678	670	711	671	674	675	673	688	666	673	668	681	693	663	645	678	683	677	673	682	676	674	701	675	669	660	661	643	674	684	672	673	674	667	661	681	663	690	675	685	688	660	668	678	680	659	677	659	700	3446.252737
679	690	670	644	673	699	667	676	663	678	667	665	670	696	673	673	670	670	692	676	694	672	697	669	692	675	676	672	677	672	693	682	676	673	664	685	677	663	672	668	665	647	686	682	670	690	681	659	665	682	680	684	668	663	671	705	693	682	683	671	698	673	655	651	668	682	672	676	653	656	701	674	679	668	648	666	660	662	677	667	658	665	688	659	658	666	684	670	692	677	660	699	683	662	659	684	3447.193883
645	681	703	659	664	687	677	671	682	670	675	654	707	660	687	688	669	700	680	668	660	654	689	667	653	676	675	681	677	673	665	660	661	673	669	693	683	683	665	672	676	659	683	677	657	688	671	665	672	660	677	653	682	678	674	657	699	651	676	681	685	675	671	648	674	684	665	675	673	668	645	665	671	678	690	661	672	664	686	659	691	658	682	674	664	666	660	691	664	664	685	688	655	692	665	676	3448.126206
671	653	663	658	685	664	677	682	648	668	663	687	683	690	657	688	658	658	679	681	661	670	673	679	670	679	661	678	657	660	663	673	669	672	676	667	681	652	671	682	671	668	664	680	661	667	685	685	644	685	677	680	678	688	689	676	680	667	699	685	697	672	674	696	669	684	676	666	672	673	693	669	668	641	682	682	698	688	680	690	676	649	672	662	679	696	676	665	676	676	661	680	672	670	661	665	3449.066973
634	634	687	673	662	667	673	682	661	670	665	672	689	670	668	682	674	656	656	666	682	675	662	666	676	659	662	690	660	665	683	667	675	684	652	657	676	683	693	668	685	655	670	687	673	661	682	674	660	665	681	671	669	667	678	658	659	658	646	666	677	662	681	688	661	666	668	676	659	650	667	670	672	673	671	656	672	676	665	673	671	668	664	654	663	658	671	669	651	688	672	668	669	654	660	687	3450.007549
647	671	658	666	669	671	650	667	686	677	674	676	672	664	658	673	631	647	680	664	679	665	664	668	660	668	685	649	677	663	660	687	668	649	647	694	677	658	667	676	677	676	680	656	656	661	651	676	679	661	668	671	676	681	658	664	663	655	656	674	668	677	665	660	669	662	667	661	679	660	666	676	657	643	650	668	658	682	675	668	657	659	659	669	691	675	674	654	693	671	658	666	677	669	674	644	3450.939309
648	660	657	653	676	657	665	671	679	657	655	650	667	647	673	655	661	651	660	670	657	654	658	678	668	661	668	657	687	665	658	652	660	658	633	673	656	680	658	656	666	626	675	664	661	649	666	664	660	657	672	675	666	649	686	683	668	658	682	673	652	685	660	661	680	674	663	675	659	686	669	674	656	661	687	654	648	668	663	667	667	667	664	680	665	662	650	652	675	664	664	675	668	674	671	654	3451.870881
659	652	656	669	656	683	655	677	647	680	664	665	636	663	682	670	675	673	672	658	661	662	666	675	663	666	647	678	645	657	666	654	701	662	662	658	657	676	646	658	668	665	666	663	679	653	644	663	661	667	681	678	673	674	670	662	675	661	653	680	660	680	664	656	661	667	669	640	657	659	666	660	663	668	664	676	674	670	677	656	664	679	677	659	685	680	656	687	676	655	676	669	671	675	669	649	3452.81089
659	659	667	672	668	658	660	675	667	650	655	682	652	659	637	674	667	650	676	682	650	675	675	662	655	664	650	668	653	647	673	642	639	655	644	667	672	658	667	674	649	657	666	640	671	664	675	643	657	666	675	685	644	675	675	661	657	649	652	644	670	678	657	649	655	665	677	667	674	667	646	672	670	670	644	656	648	667	674	684	682	658	677	678	634	643	667	660	648	661	645	651	652	672	642	657	3453.742086
671	658	663	652	660	641	658	654	660	671	660	676	652	665	664	651	638	639	646	649	659	666	663	647	653	653	659	651	645	655	673	650	680	661	654	649	669	657	653	660	649	653	668	664	666	662	659	654	666	663	669	652	680	666	648	649	673	665	665	639	666	659	675	668	669	652	656	661	645	652	655	662	652	645	677	647	653	659	660	655	663	660	653	648	668	660	657	662	654	636	655	656	655	664	663	653	3454.673097
650	657	656	661	670	636	656	649	655	655	664	660	651	654	651	662	655	669	660	678	655	637	645	650	665	660	662	641	670	648	666	663	666	657	658	656	681	638	657	648	676	657	664	654	632	676	641	653	682	656	651	661	671	644	664	664	640	654	640	655	662	633	659	674	669	660	686	657	665	662	658	632	673	645	663	638	633	678	666	666	654	662	645	644	653	646	641	653	653	657	673	654	644	649	645	639	3455.612538
659	660	671	642	648	650	658	665	670	652	661	656	661	653	642	643	638	680	667	633	643	643	656	678	663	656	663	649	655	646	644	647	680	645	636	675	648	645	648	663	655	680	647	634	655	662	681	669	668	667	636	656	669	642	667	662	640	648	664	655	660	661	656	664	649	649	638	652	661	623	648	659	650	665	670	629	655	673	639	652	656	650	653	656	653	647	653	669	666	658	655	641	667	635	670	663	3456.543173
639	646	670	648	644	645	653	633	674	662	667	665	655	652	652	651	662	665	662	659	654	647	654	656	675	654	654	658	667	646	645	653	659	650	669	647	662	635	660	656	658	652	629	662	650	650	664	654	661	657	641	660	647	658	628	662	656	656	668	658	655	645	645	635	645	669	668	643	652	649	655	653	678	651	670	656	666	658	636	642	631	658	639	656	657	651	654	648	669	661	659	661	650	643	645	665	3457.473622
662	677	649	660	664	665	645	647	637	654	660	663	666	645	631	661	662	655	686	646	652	644	647	649	641	650	655	646	662	670	646	683	660	662	649	658	637	659	668	637	635	656	660	649	651	653	655	649	663	659	656	655	640	645	633	672	660	663	661	669	662	628	670	664	651	664	664	660	661	667	633	642	667	640	659	668	649	625	649	668	643	640	656	645	678	642	653	647	640	668	644	638	663	640	653	649	3458.403884
662	671	647	647	660	647	649	656	635	663	663	654	656	646	658	658	655	663	642	662	651	658	660	656	660	646	641	670	649	651	653	653	667	633	653	667	654	648	648	667	662	626	646	674	646	651	647	627	650	663	652	673	652	647	651	657	655	635	672	649	665	646	650	665	650	661	662	642	646	668	629	661	641	662	660	644	661	631	649	669	675	649	647	657	658	675	656	663	652	655	655	643	660	648	652	649	3459.325349
642	638	670	638	635	646	651	672	650	667	639	654	647	650	638	649	663	662	628	658	651	651	646	650	651	660	648	658	652	680	643	644	656	643	654	662	673	657	641	650	658	669	660	648	637	624	659	643	668	646	664	636	631	659	670	666	647	666	647	661	644	653	658	663	652	655	640	639	647	647	649	655	662	652	642	633	627	649	643	651	626	637	644	656	647	673	669	642	659	653	658	652	649	682	670	658	3460.25524
641	655	640	633	655	633	648	654	653	630	653	651	657	661	639	645	682	642	656	643	669	646	638	629	654	664	648	645	641	662	634	654	642	658	648	652	644	656	627	634	622	662	666	638	636	664	654	650	660	639	645	651	657	633	660	671	662	637	664	661	660	657	627	638	663	648	644	664	661	639	649	658	643	651	653	665	648	658	642	636	663	659	666	640	671	661	655	669	631	658	665	655	644	661	666	665	3461.184944
643	663	655	628	660	655	650	644	643	640	661	637	667	666	661	648	673	644	667	659	646	648	646	660	648	633	656	649	656	644	646	645	655	664	663	636	639	649	647	631	641	655	641	644	645	652	649	655	641	659	664	650	647	656	657	657	650	651	628	659	652	647	658	650	673	620	644	624	642	653	642	680	670	656	651	633	648	671	638	665	661	649	637	662	649	663	655	658	648	631	658	644	644	650	643	642	3462.114462
639	658	651	640	654	661	672	655	644	652	644	673	659	644	643	664	646	627	653	630	645	659	657	668	647	664	646	651	634	649	647	664	652	629	630	634	643	654	644	662	655	654	645	646	659	646	653	649	670	647	645	651	662	648	658	626	663	641	675	632	661	629	647	648	642	644	650	653	648	655	640	653	641	651	652	641	635	671	619	661	655	628	641	637	647	667	658	656	624	648	660	627	648	641	655	632	3463.03519
643	660	661	634	646	631	662	651	635	644	646	633	676	654	638	649	651	640	641	643	651	654	656	649	674	642	653	651	642	659	655	660	659	643	649	674	644	645	635	655	658	669	645	658	648	644	652	646	644	640	662	643	665	649	651	672	655	638	644	639	651	655	643	650	628	636	649	672	642	666	647	656	660	649	649	642	649	663	652	645	641	670	653	657	633	640	677	653	645	645	633	660	647	650	663	665	3463.964338
661	641	654	636	652	645	636	654	657	622	648	644	627	655	649	648	649	661	649	657	653	648	646	655	651	668	670	681	644	644	637	631	644	670	654	650	645	669	642	644	635	658	653	640	649	648	651	650	659	651	655	633	655	652	660	647	651	649	662	652	651	640	657	646	667	655	672	639	641	647	676	652	652	642	646	666	660	641	658	640	669	667	662	655	635	639	647	631	673	668	632	656	648	653	632	647	3464.884699
643	665	641	649	639	651	651	646	666	637	650	649	644	676	642	637	640	635	639	670	638	666	649	649	660	653	650	672	652	651	658	658	655	638	668	651	636	655	674	661	649	657	631	666	661	646	669	646	642	654	650	656	647	632	648	645	647	653	639	676	653	644	643	661	641	659	651	667	640	644	660	644	680	660	659	638	656	657	634	689	633	635	644	618	668	647	644	645	642	648	661	658	653	666	651	665	3465.804877
643	659	672	635	652	633	638	647	669	641	641	657	644	659	639	645	642	653	628	648	655	641	642	641	651	667	662	641	631	644	671	655	655	658	678	648	642	641	634	642	653	654	671	648	644	667	670	631	648	668	654	639	658	669	636	656	648	650	671	660	625	652	648	656	657	635	638	661	669	633	644	647	655	651	656	665	642	645	633	642	628	651	660	654	637	641	663	639	646	644	658	643	686	641	639	656	3466.73347
639	659	630	644	652	650	647	657	658	639	645	659	635	644	645	639	660	643	656	648	658	654	638	643	666	652	637	618	630	654	671	653	648	660	651	648	626	639	671	642	659	664	647	648	662	643	672	630	654	659	672	641	662	646	652	644	677	650	637	671	659	648	645	627	650	659	645	654	659	662	654	651	654	658	660	635	668	646	629	649	651	634	651	654	646	664	684	661	660	655	656	643	651	652	639	643	3467.653281
661	671	644	644	654	632	660	646	653	630	662	665	654	644	641	647	663	669	661	654	660	619	652	624	647	647	650	662	648	654	646	652	647	674	657	636	647	656	655	641	673	652	646	646	640	640	652	624	648	630	652	647	636	657	644	637	655	657	661	649	656	657	642	637	654	649	643	664	654	618	677	655	645	649	640	669	658	658	636	655	652	666	651	654	633	648	665	650	656	661	647	661	651	646	633	651	3468.57291
630	661	659	650	649	651	653	649	649	656	649	666	640	650	656	642	664	649	654	646	653	650	643	644	645	649	649	666	630	637	626	645	644	663	670	660	645	645	646	638	676	643	642	654	662	639	652	688	649	653	636	670	653	647	658	633	634	649	650	664	646	637	648	633	659	652	634	653	631	649	643	648	645	652	656	647	652	653	639	657	635	636	645	665	649	664	650	660	653	655	651	649	657	673	645	656	3469.492357
645	647	647	645	669	644	663	634	655	651	647	619	645	671	642	647	626	624	656	642	640	630	662	663	652	634	642	661	652	649	661	632	655	630	647	669	632	674	648	661	643	651	643	663	654	639	661	647	638	669	651	640	632	634	636	652	644	658	636	640	655	643	657	661	635	634	655	658	651	644	644	649	655	643	669	656	658	642	646	651	669	645	660	658	621	649	649	669	663	658	642	648	649	646	643	644	3470.411621
638	656	646	641	659	658	661	659	650	627	635	642	656	640	666	623	666	649	658	654	632	630	643	640	660	634	651	639	662	659	627	637	652	635	668	631	628	652	645	652	640	638	664	628	652	634	659	656	649	638	634	662	630	661	669	644	625	637	648	657	653	652	630	658	670	666	661	645	635	650	644	664	639	659	672	661	653	640	669	659	643	647	620	640	647	636	672	655	618	654	650	661	657	674	659	645	3471.330703
670	669	656	644	644	656	664	621	648	609	668	644	651	647	660	667	654	664	616	632	641	634	637	626	652	636	669	632	663	672	637	635	651	636	655	661	651	656	642	655	641	651	641	650	661	651	647	645	664	646	649	651	638	652	635	651	647	668	658	639	643	656	652	643	633	650	646	636	669	664	652	664	650	653	637	648	633	632	649	661	648	636	662	661	648	667	658	669	657	675	660	641	643	639	637	635	3472.249602
651	650	636	656	651	679	649	647	635	647	639	636	656	619	635	634	647	664	646	635	643	645	649	642	642	634	637	657	634	639	634	625	631	651	645	644	654	642	632	617	659	631	653	655	641	661	655	630	666	635	651	653	668	659	664	628	657	652	670	648	658	644	629	637	641	643	644	648	635	662	641	631	642	617	630	660	649	646	653	632	634	650	643	654	638	647	635	652	635	650	642	660	655	666	650	648	3473.16832
654	633	659	643	628	646	636	661	648	642	645	628	647	635	637	633	630	635	625	635	657	634	652	652	657	652	643	646	632	655	649	661	652	649	648	638	643	640	647	640	632	634	648	650	642	628	625	625	635	641	647	625	642	631	640	645	656	658	636	651	648	629	637	639	616	634	642	645	653	624	639	634	646	641	626	653	635	624	631	654	647	663	660	633	651	659	647	620	648	645	653	635	638	624	663	625	3474.078271
630	642	635	646	643	639	637	652	637	624	645	651	639	647	639	641	628	637	617	620	650	639	625	640	652	622	629	635	673	653	633	647	653	639	639	648	627	637	645	643	640	640	660	643	641	634	630	647	628	629	622	647	625	647	645	646	646	638	637	648	630	644	622	657	638	644	651	641	636	655	655	658	639	626	614	646	653	628	652	652	623	643	643	651	620	638	664	627	648	651	643	650	631	653	644	650	3474.996626
639	645	659	650	642	635	641	625	630	647	623	637	652	633	647	671	632	643	631	644	667	632	648	633	636	661	642	640	652	651	634	622	627	640	622	639	647	640	653	665	650	633	653	630	652	652	646	645	626	630	644	656	636	648	633	622	655	630	651	619	626	654	653	653	663	630	639	657	631	638	648	660	660	644	610	644	653	670	644	645	647	648	665	645	656	653	635	642	658	656	654	629	656	652	632	640	3475.914799
637	643	645	637	630	653	637	641	655	639	653	619	641	625	648	641	634	616	659	641	649	666	645	634	619	638	653	644	648	629	660	641	656	629	647	656	640	641	624	621	628	640	655	658	634	638	655	657	652	643	652	633	651	636	631	622	627	642	622	640	644	639	653	614	634	642	631	648	625	646	640	637	620	629	668	646	634	629	624	640	643	659	646	658	626	634	645	619	643	654	640	633	637	648	655	659	3476.824211
669	647	641	625	630	648	635	637	616	590	629	637	633	647	661	638	632	624	657	632	625	641	632	626	663	623	637	639	647	633	645	635	627	624	650	624	624	640	637	648	607	648	624	613	637	654	641	636	632	637	644	645	652	642	646	655	632	636	638	633	624	650	607	640	639	659	624	630	643	630	603	628	652	655	644	662	641	633	623	640	649	643	639	647	667	636	634	648	651	639	606	643	635	653	640	646	3477.733445
629	648	641	671	651	640	627	638	645	617	624	632	621	636	619	629	630	639	644	646	636	624	634	629	617	638	663	635	647	657	653	646	642	637	632	639	636	644	628	649	648	638	634	649	624	640	642	653	651	654	627	636	637	639	662	651	640	624	634	645	633	657	627	642	637	651	642	631	656	665	632	653	632	615	630	632	607	620	629	635	642	659	636	631	633	655	625	652	629	638	641	627	634	639	642	644	3478.651075
652	642	653	622	652	648	634	652	635	639	628	634	620	650	630	635	632	648	651	622	649	622	624	636	633	646	638	632	600	634	628	624	624	625	640	637	627	629	637	597	605	631	622	646	631	635	630	623	630	625	647	650	633	630	627	648	639	638	648	645	653	645	643	632	636	634	635	624	633	628	620	609	646	628	657	631	643	613	648	634	625	638	619	628	645	606	634	667	641	615	643	638	621	646	630	627	3479.55995
610	631	633	645	638	633	646	638	621	625	654	631	619	631	644	634	615	617	639	640	637	627	638	627	643	646	647	619	635	641	630	638	638	640	625	652	639	631	629	642	633	630	649	629	628	623	626	638	654	632	626	636	642	629	628	635	655	626	640	637	632	622	646	626	640	623	652	622	658	635	653	643	633	641	611	634	638	634	641	638	636	643	636	631	632	628	651	640	644	630	646	627	629	622	635	623	3480.468647
604	647	606	648	629	636	633	625	639	627	601	632	623	626	629	641	634	608	652	616	631	626	618	637	604	610	618	628	633	624	614	621	636	648	633	624	622	624	640	636	635	613	645	631	629	641	624	629	653	618	664	634	626	615	632	627	634	651	636	641	621	639	618	614	643	631	627	630	632	615	626	644	640	637	632	629	639	647	635	635	627	630	648	624	636	639	623	626	608	618	634	634	630	630	617	631	3481.377165
625	628	625	628	650	642	639	626	619	622	646	636	636	637	646	631	605	616	636	640	633	634	630	631	622	641	635	628	654	639	632	629	636	632	618	631	616	630	654	632	633	633	634	619	628	614	613	630	632	618	629	653	631	648	613	651	637	648	607	635	634	623	620	635	634	610	633	636	618	626	643	608	637	629	625	618	622	626	621	621	629	623	643	632	648	624	628	652	621	636	636	606	651	638	617	621	3482.285505
631	630	631	639	635	625	632	633	632	638	638	628	613	621	637	627	631	623	634	613	626	640	617	627	629	621	624	633	638	623	621	634	608	633	621	620	632	640	612	642	645	626	632	624	629	613	621	639	632	631	643	639	620	635	631	632	641	633	606	641	635	627	618	631	620	637	627	626	646	626	632	647	634	616	644	647	623	630	623	618	620	629	630	627	650	611	635	629	641	645	649	615	631	636	648	628	3483.193667
633	645	632	603	630	609	643	652	629	638	614	622	625	615	620	629	628	614	629	628	622	620	624	643	637	634	631	629	627	645	620	622	639	622	630	640	639	639	621	632	632	627	625	619	631	639	623	622	629	626	624	625	622	616	623	616	647	633	614	642	636	617	630	625	614	613	620	625	623	651	642	638	616	639	624	643	615	631	590	625	644	625	631	618	635	616	634	621	619	624	633	620	618	634	624	625	3484.101651
644	618	617	618	614	617	637	612	623	630	620	622	619	616	634	633	606	623	637	612	654	633	643	630	622	630	619	621	638	623	630	636	633	628	632	624	629	624	629	612	602	633	617	634	627	623	621	612	635	635	625	643	613	623	631	636	622	617	628	610	611	633	614	639	624	623	650	637	635	631	641	618	637	628	632	625	633	639	629	636	627	633	637	640	625	609	621	630	615	614	644	641	617	620	623	621	3485.009456
637	630	617	637	631	627	617	629	615	628	629	630	609	638	633	592	618	624	636	633	623	618	615	610	613	624	630	628	625	635	629	615	612	617	616	603	618	629	629	625	627	613	640	613	631	620	620	616	645	648	624	627	629	616	626	621	622	608	639	611	618	622	618	605	613	621	611	620	640	641	635	614	628	625	615	624	618	618	636	614	620	639	612	622	617	631	611	657	639	624	643	634	633	640	615	620	3485.917084
612	615	614	610	601	621	620	625	624	628	620	609	633	624	635	610	629	642	583	614	626	639	602	640	635	628	624	631	629	622	609	626	619	597	616	624	626	630	618	617	608	622	612	634	651	634	616	615	636	611	623	608	623	631	643	630	635	626	620	625	632	626	631	642	617	611	629	628	617	627	619	644	651	620	604	629	624	634	624	616	621	626	624	641	632	618	641	634	634	620	624	630	631	627	628	623	3486.815973
609	626	629	614	615	614	618	627	626	626	642	622	641	630	620	624	608	604	613	623	630	622	632	636	630	617	623	618	630	630	614	623	609	618	626	632	606	621	631	643	614	621	612	632	618	626	624	612	637	621	612	636	642	605	643	599	632	611	609	640	630	619	631	629	633	636	630	626	620	646	611	647	602	626	631	645	653	631	618	620	630	616	631	608	620	635	622	627	631	620	604	629	631	626	637	643	3487.723246
613	638	627	620	617	616	636	611	616	607	602	636	608	605	631	630	635	613	649	620	622	607	628	634	642	627	614	614	653	635	624	601	635	631	623	636	632	634	649	638	620	630	635	620	609	628	620	614	632	627	620	620	603	601	625	627	618	623	631	628	652	619	620	622	631	623	620	626	628	635	607	623	614	608	608	621	620	615	622	634	616	639	605	623	636	616	630	614	631	608	634	609	607	635	625	617	3488.630342
613	620	619	614	622	620	645	630	635	636	627	597	635	612	618	617	608	619	628	626	615	608	630	612	622	631	615	625	620	625	604	618	624	619	622	630	603	622	623	621	637	646	633	621	612	617	620	621	630	607	631	619	603	616	626	613	606	624	617	610	633	604	629	634	627	629	618	657	616	609	631	625	625	610	611	626	620	622	618	631	618	612	614	603	626	630	627	627	640	639	596	643	626	654	623	610	3489.528704
617	599	600	630	612	622	639	617	629	626	628	630	602	630	627	616	625	622	623	635	637	636	630	624	609	638	640	613	613	610	603	633	631	628	625	615	626	616	614	621	643	625	627	630	616	638	619	639	642	615	629	615	640	616	622	625	647	620	630	626	619	600	630	608	624	636	617	609	627	641	612	631	624	608	619	608	630	629	609	626	620	603	628	635	608	617	627	617	650	621	623	617	622	629	634	629	3490.426892
619	626	623	599	606	642	604	615	632	601	613	615	637	618	621	629	624	616	634	604	615	612	620	604	633	622	628	625	628	607	638	631	611	626	621	602	608	619	618	617	622	629	626	639	624	612	629	621	634	611	615	622	624	602	626	633	612	618	626	637	640	626	607	611	610	620	623	642	620	637	616	609	621	619	612	627	621	616	619	614	622	629	645	625	627	632	634	632	598	636	610	632	609	640	633	621	3491.333457
604	619	608	617	630	616	613	618	621	614	598	634	621	629	626	614	628	616	624	614	609	608	615	635	618	613	598	618	659	619	619	614	632	620	627	632	624	618	624	608	620	614	631	623	609	612	616	603	635	613	624	625	627	612	613	626	597	626	605	635	618	618	622	623	611	630	629	620	609	604	614	616	619	633	620	610	619	613	635	608	613	594	605	605	620	622	641	627	613	637	607	632	624	617	601	632	3492.231294
614	611	597	617	628	621	614	620	624	613	612	623	617	625	623	624	609	616	631	618	622	630	639	633	622	597	606	623	606	615	616	623	608	625	616	612	626	644	582	646	629	636	610	609	634	632	610	594	638	627	617	616	621	616	648	611	615	609	613	628	625	626	622	613	600	620	619	611	618	634	625	635	606	622	611	601	604	615	610	652	623	634	621	624	621	621	619	625	621	634	621	607	607	615	627	631	3493.128957
632	609	631	608	600	605	619	629	592	601	610	617	614	621	606	639	635	630	620	644	600	613	622	619	629	620	599	636	625	613	638	619	634	617	624	625	619	618	596	615	628	609	630	624	643	599	617	614	618	637	630	615	618	615	623	626	630	609	636	628	607	622	622	613	628	613	615	618	636	626	614	621	615	627	617	611	623	618	600	619	621	638	610	626	620	623	612	623	622	628	608	599	612	613	614	617	3494.026446
620	641	603	612	605	624	616	620	613	637	623	610	637	602	615	598	617	647	610	624	616	626	626	623	607	635	613	610	605	617	618	632	625	614	629	621	612	621	620	623	635	628	604	621	628	619	618	640	631	618	610	615	631	618	630	620	606	621	609	625	633	604	612	655	609	621	620	611	613	608	619	625	614	618	610	620	636	617	648	643	629	646	627	622	609	628	628	631	621	618	605	615	635	625	636	608	3494.923761
602	628	609	633	608	628	614	613	618	631	623	633	621	611	618	621	598	613	627	610	607	631	618	615	611	610	628	629	617	632	630	619	632	625	612	621	618	606	610	644	591	615	633	623	607	625	632	608	607	622	631	618	609	620	605	642	611	629	611	612	613	620	632	614	627	613	603	626	633	616	610	642	611	607	621	641	623	606	621	653	622	617	630	613	621	628	628	647	619	610	610	614	617	611	611	626	3495.820901
640	613	614	625	643	634	617	628	610	608	623	615	662	624	647	611	625	643	617	616	623	618	633	643	630	606	605	650	630	641	632	615	610	627	604	605	620	607	616	636	623	629	602	617	614	606	629	599	622	615	628	612	635	636	634	628	602	623	627	639	607	627	631	633	617	628	626	625	619	609	628	600	614	601	608	606	621	611	642	620	614	607	625	610	623	629	638	605	627	650	614	634	633	621	616	624	3496.717867
624	606	623	622	614	618	605	614	610	634	613	628	628	616	627	617	617	613	610	632	609	592	636	594	626	621	617	618	622	622	621	601	610	606	633	627	627	622	635	634	617	625	598	634	618	614	614	637	625	605	610	629	625	620	622	622	633	641	619	643	612	605	621	634	619	617	618	612	610	614	625	629	611	607	604	632	616	611	595	621	610	621	614	606	598	620	618	602	622	613	625	624	626	620	640	622	3497.61466
608	613	625	616	625	608	611	620	620	603	630	620	615	622	605	604	603	625	620	629	622	621	606	625	609	602	599	620	627	612	629	618	607	623	627	619	606	625	614	622	628	626	624	647	638	623	623	608	623	610	619	621	615	624	620	620	619	636	611	632	621	634	612	595	617	614	614	611	622	615	626	612	622	640	632	626	619	618	638	600	607	632	615	623	613	636	621	615	606	635	618	623	622	608	622	607	3498.502739
637	619	598	611	612	606	622	606	617	620	605	601	600	641	589	610	628	615	613	631	603	599	633	610	626	615	615	627	628	605	611	631	593	629	613	608	605	612	625	638	626	602	616	625	618	617	626	617	618	621	600	608	614	616	608	628	623	620	616	613	638	615	616	608	606	628	596	604	606	611	610	625	613	614	631	630	613	611	618	612	620	623	625	602	630	602	616	625	617	623	605	612	634	617	619	626	3499.399185
610	612	629	624	600	613	602	614	600	625	627	636	608	596	609	594	611	605	625	620	616	629	619	607	624	621	611	617	630	611	646	618	608	627	607	615	628	622	609	601	643	618	610	606	634	620	614	622	630	578	617	625	596	608	604	608	628	630	617	622	615	632	621	629	617	602	629	609	624	616	610	624	621	616	607	594	625	633	610	611	625	627	593	600	619	624	623	611	620	622	612	601	607	617	600	617	3500.295457
620	620	616	618	625	607	618	596	612	613	603	620	617	615	606	625	618	608	602	620	624	602	614	606	614	623	604	628	618	624	624	619	614	598	622	617	622	625	625	605	609	633	594	618	611	613	624	619	618	619	612	624	602	626	620	616	614	617	616	609	613	600	610	625	619	628	633	633	614	610	615	613	620	624	628	613	620	626	613	634	608	620	596	624	598	631	610	620	616	616	635	612	606	606	622	613	3501.183022
604	617	626	632	612	614	612	622	619	623	609	610	608	643	609	607	603	606	618	625	597	620	631	613	613	627	611	600	632	614	618	605	616	611	620	630	624	615	609	596	620	611	622	609	609	609	608	610	622	615	608	610	612	615	629	612	615	632	614	624	610	631	601	632	604	616	606	611	618	618	612	617	605	634	600	606	618	616	614	608	608	623	628	626	617	623	617	629	604	620	616	596	605	617	611	611	3502.078948
625	603	607	627	599	613	612	619	643	590	606	613	614	623	598	625	611	618	616	601	601	616	623	609	616	622	616	589	634	626	589	606	609	627	615	615	623	604	614	612	612	627	619	603	617	629	635	601	621	610	617	582	608	626	621	612	609	630	619	618	610	625	611	605	606	611	596	595	612	636	604	591	600	630	600	620	619	603	623	597	627	629	634	597	621	615	581	630	624	597	607	606	613	617	613	605	3502.96617
597	608	593	604	611	614	628	612	583	617	602	600	612	625	610	623	587	622	607	613	622	603	616	612	608	628	620	614	613	620	604	606	619	590	611	606	610	610	608	597	630	571	619	608	634	624	599	625	604	601	610	614	621	575	600	624	610	605	610	600	618	616	606	624	608	621	629	602	612	603	614	626	620	622	637	627	603	606	614	626	622	627	599	633	621	608	627	624	605	620	602	616	632	610	609	635	3503.853222
629	599	608	605	611	626	597	619	602	621	596	630	607	612	611	607	628	615	608	616	604	598	597	599	615	619	606	614	621	597	603	615	590	601	609	617	590	606	610	602	625	614	597	612	610	627	598	617	614	581	592	625	597	605	613	612	615	624	619	601	610	611	639	615	615	605	621	619	616	608	630	602	617	626	592	610	616	617	606	614	625	605	605	607	610	628	615	595	593	604	624	621	611	618	615	615	3504.740103
613	615	610	627	614	602	612	616	595	592	613	613	613	616	608	608	621	620	609	619	620	598	592	594	611	618	606	591	606	607	591	612	606	598	617	625	598	618	603	594	610	593	613	607	616	619	612	602	619	615	609	616	615	608	636	604	611	619	598	627	607	597	620	614	608	588	607	603	596	622	608	609	600	612	613	597	603	601	621	577	625	625	615	597	608	604	632	615	621	620	609	620	599	621	607	604	3505.626814
618	598	586	614	612	591	584	612	628	598	612	609	619	616	607	610	587	608	619	596	620	609	601	624	621	601	626	604	603	610	607	609	611	605	601	625	591	610	614	610	619	603	625	606	609	611	605	602	603	626	613	599	610	613	620	613	601	594	621	602	604	606	613	622	626	607	608	598	587	617	609	608	610	611	597	600	622	602	618	622	620	615	614	594	621	604	625	611	608	614	608	602	609	605	619	624	3506.513354
594	581	609	618	618	598	636	605	610	596	604	609	594	613	604	593	609	608	603	600	598	617	615	608	618	607	599	603	614	601	612	599	606	608	610	605	579	604	595	610	607	606	628	601	591	619	587	599	601	594	615	596	601	614	600	598	610	613	591	595	602	600	600	614	592	594	605	605	629	620	594	607	605	606	594	596	591	603	610	617	613	624	623	609	619	590	612	620	602	604	595	608	616	602	590	599	3507.399725
615	604	611	600	586	571	580	604	600	615	592	611	598	584	608	593	599	617	605	588	607	595	599	613	595	607	601	591	606	595	614	616	589	617	601	620	594	608	590	583	591	607	593	602	594	604	600	595	592	612	599	613	598	591	601	608	606	593	617	602	619	606	612	593	601	608	610	586	590	590	596	612	591	600	603	598	597	600	602	593	625	599	618	596	618	630	598	617	615	609	616	599	600	586	601	604	3508.285925
592	595	602	601	598	614	601	602	595	587	615	615	589	600	614	600	605	601	605	601	614	603	601	602	614	603	604	601	603	593	589	598	610	609	619	585	617	605	599	602	602	617	616	605	618	605	609	603	615	605	603	609	611	617	599	594	611	602	602	609	615	608	592	602	616	600	576	607	616	605	595	608	602	597	583	607	604	602	596	584	602	594	595	608	602	608	606	606	590	597	589	604	603	599	621	614	3509.171955
608	603	620	610	606	628	605	616	613	603	622	610	603	612	622	608	618	607	601	606	601	610	617	617	613	611	594	607	598	614	615	618	609	596	602	609	598	622	620	592	598	603	610	602	597	617	611	590	630	606	622	609	610	623	615	606	617	598	615	593	619	605	584	618	592	611	616	605	604	604	609	611	592	608	623	614	616	603	627	619	621	603	632	618	606	604	628	612	589	590	617	603	600	585	591	608	3510.057815
616	598	609	595	611	607	608	581	587	611	596	603	631	594	612	596	627	595	605	614	600	603	597	605	632	593	591	614	602	599	592	606	617	601	610	614	591	605	591	606	611	584	583	601	590	595	604	585	605	612	603	599	594	612	585	606	600	606	594	607	601	600	608	597	606	599	598	580	620	602	605	609	610	588	587	607	613	607	595	596	597	596	608	584	598	600	612	608	595	600	599	600	606	597	591	598	3510.943505
593	607	593	606	594	604	597	619	592	604	610	613	582	590	601	606	591	590	603	593	611	617	593	594	609	599	595	594	590	590	610	612	587	595	598	596	611	609	606	618	592	603	606	605	576	581	609	605	608	602	599	599	595	595	597	577	608	599	598	575	599	600	600	593	609	594	609	596	602	603	607	605	600	603	609	589	589	589	603	622	614	607	611	608	593	612	603	587	610	593	606	608	596	600	603	598	3511.820511
584	603	590	588	598	600	586	612	605	617	603	599	579	595	611	602	607	595	609	603	596	582	592	587	596	603	598	596	601	596	622	588	600	599	606	592	605	594	617	576	607	607	603	609	600	606	587	591	592	575	609	618	594	597	601	610	588	596	591	592	597	593	589	589	603	606	591	593	616	593	594	592	600	597	588	621	585	599	590	579	611	599	603	595	595	601	601	599	602	593	604	616	611	591	591	599	3512.705863
596	586	616	619	582	595	603	598	608	589	609	584	603	598	597	590	601	615	604	596	596	606	605	606	600	591	611	608	599	599	597	604	610	600	592	621	576	608	598	576	589	590	589	617	591	626	594	591	611	597	582	600	594	587	598	612	602	586	585	592	612	597	572	611	593	615	610	606	589	590	609	597	617	601	594	608	598	616	589	612	602	590	605	591	605	604	596	548	608	605	609	605	601	597	603	588	3513.582534
591	599	605	601	613	597	595	609	600	587	602	603	599	596	594	566	595	581	586	607	597	589	579	599	604	601	597	594	601	601	598	582	591	597	595	597	613	611	603	609	609	600	616	605	597	609	599	598	596	580	602	592	604	595	601	587	621	607	604	600	584	585	601	602	595	601	604	590	606	623	596	609	605	609	594	594	591	595	578	588	588	591	601	585	587	596	601	589	588	589	591	594	596	588	595	607	3514.459039
607	598	582	605	591	595	597	599	599	610	596	599	599	604	605	589	593	603	604	604	588	596	585	608	586	592	626	603	585	599	580	590	606	590	600	598	592	618	607	594	608	582	587	605	594	605	589	602	589	596	609	581	588	605	615	610	595	591	593	624	593	597	596	604	590	599	585	601	606	612	598	605	622	602	605	604	595	577	593	599	613	605	603	602	588	596	598	599	608	601	605	593	584	574	610	589	3515.343884
600	591	591	604	594	614	589	618	578	602	590	580	594	587	586	600	598	593	586	603	595	617	586	597	592	604	587	627	594	590	601	597	609	608	598	595	580	607	609	617	583	605	605	598	586	597	600	594	590	596	595	606	596	595	606	607	598	587	588	601	583	596	604	601	593	613	591	600	628	590	602	594	601	617	600	604	588	602	576	617	595	610	604	593	602	596	599	614	619	597	594	607	600	599	604	598	3516.220054
600	586	590	598	597	595	612	602	602	603	598	602	601	598	611	608	606	597	596	600	589	612	608	616	600	588	592	595	585	604	608	600	598	601	613	592	604	581	588	593	608	595	584	612	609	602	606	597	603	588	583	599	606	590	583	594	598	598	610	594	581	596	603	586	604	616	585	584	586	583	614	603	606	601	599	590	595	595	591	593	596	581	594	616	599	598	604	611	596	598	592	604	604	581	595	593	3517.096058
594	613	584	580	593	615	610	594	605	612	584	612	616	570	599	575	605	600	587	601	605	610	611	613	584	595	603	615	604	613	599	610	598	602	592	593	596	597	592	584	591	606	595	601	574	603	607	593	588	595	595	599	589	626	590	612	596	604	600	598	599	604	576	605	614	608	596	605	586	595	585	609	598	596	604	603	606	583	603	605	598	609	585	605	579	600	588	595	584	608	608	608	594	605	615	593	3517.971895
602	601	598	592	589	607	590	589	599	604	619	587	600	592	603	597	599	597	613	610	597	590	628	574	610	573	602	595	585	607	595	608	591	595	612	620	596	600	615	587	626	592	596	600	584	602	597	604	605	585	606	584	593	571	590	591	614	602	596	601	610	598	603	605	616	608	599	609	588	598	597	615	592	588	592	584	600	604	598	577	607	584	612	596	610	605	613	578	604	568	598	589	596	602	584	597	3518.847566
599	593	590	600	586	592	603	606	597	584	584	585	598	594	596	590	614	581	602	580	608	593	610	613	583	587	589	594	600	603	601	575	590	592	601	588	585	576	597	593	574	596	591	626	599	604	602	571	591	600	591	586	594	614	598	586	592	607	603	600	598	590	595	594	610	600	593	601	609	585	591	599	615	600	588	592	599	595	587	598	598	593	627	589	601	607	599	601	610	610	597	599	607	600	607	603	3519.72307
599	625	584	614	591	604	597	597	598	599	600	592	588	598	585	599	607	613	606	600	611	588	592	604	601	596	604	601	584	583	573	583	601	605	600	613	591	604	603	607	602	606	599	586	593	591	576	584	597	585	588	594	589	586	605	585	594	588	590	605	597	595	591	587	594	601	593	600	600	586	605	606	594	599	586	604	581	583	593	608	630	598	579	601	607	613	599	607	596	588	591	593	588	594	587	597	3520.598408
591	602	588	601	600	582	605	595	594	583	602	599	563	604	589	591	602	584	594	592	576	600	608	592	586	584	604	598	597	578	603	585	590	579	615	602	578	601	601	597	606	585	586	597	613	623	594	600	593	592	592	576	589	600	603	608	582	603	607	583	612	604	587	603	589	601	588	574	580	597	607	594	595	587	577	597	603	599	587	578	608	585	577	607	581	603	594	591	598	582	592	595	605	606	600	608	3521.47358
586	602	607	589	600	599	580	602	586	613	581	592	602	594	598	595	592	589	589	593	600	589	594	599	593	605	588	595	587	604	607	584	592	597	602	599	585	574	594	593	600	610	579	592	596	590	590	596	612	602	597	601	601	594	602	591	601	590	598	612	593	593	601	610	590	592	592	581	576	596	592	601	597	605	590	616	601	589	597	592	611	599	617	599	595	607	612	584	605	606	603	597	599	593	605	582	3522.340092
608	589	594	581	616	598	597	596	596	601	599	583	589	581	620	561	585	587	589	603	590	614	608	600	604	574	610	592	596	581	612	603	602	601	598	601	605	591	594	589	576	608	598	596	608	596	602	612	590	600	600	598	574	607	598	589	606	582	609	606	591	605	607	592	585	591	587	576	597	610	593	589	593	591	588	600	605	585	604	604	600	602	596	611	587	596	608	583	609	586	593	584	602	592	586	593	3523.214933
587	600	581	591	568	615	574	595	584	583	595	604	595	596	595	592	588	571	587	598	590	596	587	595	592	588	595	596	608	597	619	598	575	577	594	591	588	597	604	589	597	601	604	595	605	579	599	594	618	590	579	589	605	595	587	605	597	588	592	594	600	606	596	570	598	608	601	593	582	587	578	586	607	590	604	604	586	566	590	601	584	595	605	586	594	607	574	599	605	571	603	588	608	593	585	588	3524.089608
573	580	607	595	592	596	591	590	594	593	588	595	587	590	587	600	588	592	589	585	573	577	594	602	585	593	596	580	597	590	592	600	590	597	595	596	579	600	580	592	584	576	599	601	572	575	595	593	591	607	600	612	611	591	574	595	593	606	588	598	618	587	589	602	594	598	598	589	586	588	575	576	594	596	589	583	574	581	599	607	601	595	598	601	607	591	595	577	607	589	595	583	586	598	586	601	3524.955628
589	590	587	586	594	608	589	608	590	593	611	600	599	583	592	581	596	598	612	577	614	594	584	582	592	598	603	592	595	599	597	592	590	603	590	599	586	598	596	606	601	600	614	589	600	599	597	585	588	576	603	572	600	597	573	606	592	588	612	578	598	587	587	587	598	609	580	604	592	602	585	618	578	592	600	593	579	604	579	599	603	605	594	602	605	586	597	583	585	593	585	598	587	610	574	592	3525.821485
609	584	586	589	592	603	604	596	588	606	585	585	571	581	588	603	586	591	609	589	595	592	607	597	574	593	594	594	594	579	587	579	600	602	585	592	576	603	591	585	586	596	573	610	588	588	587	595	590	604	588	598	587	589	597	606	581	577	575	592	581	587	592	587	584	587	595	610	599	582	585	584	573	580	596	590	575	579	591	580	585	603	604	608	574	596	611	597	592	597	593	598	609	592	586	579	3526.695666
593	595	583	593	575	598	583	583	603	603	595	600	606	596	588	602	601	602	598	581	586	612	585	582	595	611	586	599	585	601	593	592	600	598	589	599	583	575	595	586	594	611	591	599	594	584	589	577	582	597	609	581	586	590	596	588	594	610	586	588	571	592	600	578	607	596	594	592	581	582	593	581	583	596	583	596	596	579	585	586	574	602	594	586	581	608	608	572	586	588	572	596	585	600	609	590	3527.561196
586	601	594	589	583	586	597	578	588	583	597	598	596	580	582	601	586	576	590	602	594	591	600	573	577	603	594	586	589	608	596	582	578	596	594	578	584	595	598	598	581	573	609	601	590	604	575	585	605	599	583	588	596	616	591	581	593	589	595	585	592	584	575	581	586	590	596	582	599	585	583	588	594	582	588	584	584	587	600	591	589	596	587	603	586	603	587	599	586	597	590	585	611	591	599	586	3528.426563
594	582	583	593	582	589	592	575	588	588	592	595	583	588	584	584	578	594	584	588	591	578	577	582	589	582	582	578	612	596	585	582	579	581	576	589	602	594	595	589	595	594	614	598	580	613	580	588	580	589	604	583	575	596	594	610	595	576	575	591	589	582	590	596	589	579	591	580	590	599	574	573	593	589	574	591	582	595	595	580	583	590	603	554	590	585	593	582	597	599	596	564	592	595	590	596	3529.291768
596	584	598	569	578	595	571	584	591	598	591	583	589	590	603	575	588	589	597	590	611	585	585	598	590	569	599	587	599	586	600	604	582	588	590	582	585	592	577	577	575	595	595	567	593	594	567	591	580	586	590	589	593	575	582	583	591	605	585	577	598	585	592	583	583	579	587	579	584	596	592	602	583	581	604	577	590	578	597	595	593	588	588	568	588	582	582	584	579	572	582	580	596	602	569	573	3530.15681
578	592	601	567	580	595	586	595	593	597	588	596	581	598	607	577	605	575	583	580	578	591	597	588	580	585	584	576	587	594	586	588	602	596	593	579	576	578	566	579	590	594	595	601	592	587	568	587	587	584	601	591	575	565	581	583	587	592	590	581	582	586	589	571	598	589	586	563	571	578	587	585	600	587	597	596	567	600	592	567	594	588	583	565	582	596	594	561	577	586	577	575	583	586	588	583	3531.02169
576	591	595	586	587	593	597	573	587	578	584	603	598	576	585	581	589	582	590	590	596	584	580	602	589	585	579	577	594	576	585	578	586	582	587	588	568	581	603	594	583	583	581	584	569	581	578	590	585	590	598	596	596	585	580	582	594	589	596	598	590	599	576	586	592	574	596	591	584	584	588	586	603	599	574	612	594	575	583	589	574	579	579	599	591	587	592	592	578	584	583	574	580	583	590	589	3531.886407
584	591	574	578	580	582	570	600	576	586	589	579	605	591	580	595	561	587	582	590	597	596	596	587	589	585	581	578	584	577	577	579	591	584	589	570	583	587	574	577	588	603	589	587	598	595	579	585	583	586	574	578	588	585	586	565	594	567	586	575	593	599	603	579	601	595	574	585	579	595	581	594	567	561	577	574	585	584	582	572	584	591	603	569	601	572	586	580	587	592	574	584	593	587	597	580	3532.750962
565	586	582	578	596	578	587	573	583	587	576	565	597	588	584	587	579	577	576	581	570	581	569	584	588	569	592	583	576	593	583	571	583	586	582	581	592	575	580	596	572	595	585	569	586	588	587	591	589	580	577	590	581	591	592	590	582	596	589	590	565	574	598	595	587	588	584	576	585	595	592	584	556	586	579	577	583	579	581	580	592	564	581	581	593	599	583	601	577	595	574	578	572	575	588	588	3533.606881
587	570	564	574	578	580	575	573	603	597	575	590	557	578	595	581	585	592	582	586	572	588	582	577	571	584	594	576	603	580	581	584	586	574	578	595	564	578	583	581	597	576	586	566	585	574	587	575	562	582	602	590	589	592	578	583	584	574	583	566	599	587	577	577	577	588	583	599	584	583	571	591	595	577	590	590	573	573	580	583	593	581	580	597	598	586	573	574	573	580	609	574	580	582	588	572	3534.471113
573	579	585	584	580	579	570	580	584	600	590	592	577	586	577	579	586	577	586	582	577	583	577	589	575	577	582	603	572	568	588	569	581	588	577	583	586	577	571	575	570	599	575	590	588	585	585	567	587	579	595	596	572	587	590	589	585	592	583	596	593	573	594	604	584	579	586	572	579	573	575	586	589	585	568	589	582	585	579	576	577	593	597	570	577	591	580	596	581	586	581	578	586	581	559	578	3535.335182
572	574	574	574	572	583	573	574	579	596	574	587	578	587	594	570	602	569	582	586	579	581	576	568	571	591	583	565	582	580	571	562	585	583	582	581	576	575	569	581	600	582	585	583	586	586	590	557	564	572	580	588	572	578	579	596	592	568	597	574	580	595	594	583	585	580	571	581	596	562	578	588	585	584	592	598	612	570	569	575	573	584	577	581	584	608	592	592	575	567	587	595	594	575	591	582	3536.190621
575	588	577	569	590	575	583	573	583	547	589	571	581	588	578	584	579	578	580	575	599	569	585	578	567	580	578	586	589	574	572	575	587	592	597	585	574	579	575	576	567	577	575	573	576	582	577	583	594	596	578	585	573	581	587	575	576	591	580	582	573	575	582	583	583	591	580	580	571	584	573	578	593	601	592	584	563	578	573	570	599	594	577	566	588	576	591	571	595	574	574	570	580	587	601	579	3537.054367
582	584	601	581	579	581	588	582	563	579	598	587	587	591	569	580	574	583	585	589	594	591	604	587	590	582	584	582	594	571	585	580	576	584	579	581	593	574	587	588	580	592	573	574	570	577	572	575	570	580	580	582	602	577	586	584	584	576	583	570	578	576	574	572	591	585	586	573	597	580	591	584	576	576	573	576	564	579	568	564	580	602	601	590	576	576	570	600	582	566	581	572	576	577	577	574	3537.909486
581	581	589	573	595	572	581	562	560	583	594	564	579	566	588	576	580	578	580	574	576	586	568	579	588	592	587	590	584	575	546	575	571	588	576	587	575	587	580	564	574	572	570	570	580	585	570	563	581	566	577	579	583	601	585	582	590	581	580	583	580	570	574	580	595	581	577	567	592	563	579	581	582	561	581	588	571	576	571	592	589	587	558	592	574	589	581	560	570	576	573	568	586	588	576	581	3538.764446
569	589	584	575	570	574	584	583	576	581	568	583	573	559	580	575	585	575	570	575	588	592	574	568	580	576	574	577	572	574	583	565	577	579	570	576	590	566	582	590	566	602	561	590	577	587	597	581	578	565	599	589	572	597	573	589	590	584	592	586	585	569	587	579	567	596	567	570	580	580	578	587	578	563	579	579	573	577	575	587	585	570	581	590	575	583	590	584	589	568	568	596	575	556	581	590	3539.619247
563	581	568	572	570	565	567	589	590	563	574	583	575	568	583	548	574	576	583	582	574	589	598	586	572	567	585	579	582	589	579	574	567	570	558	565	577	582	538	570	578	591	584	586	571	569	586	569	597	595	578	583	566	591	583	591	575	573	587	578	591	584	586	582	591	563	562	574	574	564	577	580	574	565	578	576	577	579	572	575	571	563	579	567	577	580	574	580	580	568	571	575	581	582	580	579	3540.47389
567	571	575	585	578	579	595	585	592	576	574	585	587	573	578	582	593	585	562	572	597	582	583	588	585	572	596	581	572	584	581	568	595	574	579	587	584	578	582	582	568	578	567	593	571	580	575	575	565	579	587	572	572	583	586	604	566	571	593	585	579	561	594	577	601	574	566	590	566	589	595	571	578	567	583	576	583	587	576	587	582	569	575	567	580	592	584	580	569	583	569	570	574	577	567	587	3541.328373
573	588	585	577	564	583	577	580	586	566	575	579	581	587	567	564	576	578	579	598	574	564	569	575	563	574	574	575	568	577	564	582	560	576	574	585	572	577	565	566	583	593	585	575	568	572	584	580	573	566	563	582	581	567	574	576	583	565	572	576	578	562	580	561	579	554	583	578	576	576	585	594	579	557	568	585	581	566	577	583	581	562	560	563	564	568	582	578	588	591	580	578	581	572	574	565	3542.182698
561	568	579	584	578	590	573	562	577	590	574	562	570	586	557	573	591	584	569	568	574	584	568	578	590	572	575	571	579	567	584	591	585	590	583	575	586	559	575	571	571	562	577	580	570	584	567	583	580	589	592	567	571	575	590	586	585	580	573	588	586	576	571	579	569	588	572	557	587	580	578	592	575	585	571	584	581	584	562	574	574	578	582	582	575	578	582	583	587	577	586	567	581	580	572	586	3543.036864
572	584	578	581	566	567	566	572	564	581	587	577	572	585	581	570	576	561	600	580	592	593	572	569	572	601	579	570	564	571	600	576	578	568	576	571	574	562	577	575	589	567	587	577	575	575	583	581	558	588	584	584	569	587	579	571	589	577	577	555	579	584	587	549	577	562	585	568	562	566	567	573	572	588	591	589	595	572	568	579	579	570	576	589	578	584	564	575	578	572	586	572	563	562	587	573	3543.890872
578	575	580	571	593	589	575	564	563	552	580	586	577	584	576	582	577	588	577	583	595	586	586	565	565	577	574	579	572	566	583	575	574	577	592	580	570	575	578	581	576	587	585	577	577	571	581	574	567	576	586	564	578	579	591	607	572	580	578	586	592	570	575	577	582	574	569	564	587	585	593	572	584	584	573	572	564	561	561	576	580	573	566	560	575	581	588	572	582	571	567	568	582	587	563	585	3544.74472
578	577	575	582	582	564	566	570	592	588	580	581	574	573	564	572	570	566	573	565	586	583	567	579	586	582	578	587	579	589	572	588	588	588	584	557	574	577	575	588	556	577	562	579	581	560	569	562	569	574	574	587	595	568	567	578	588	571	589	575	572	583	594	559	599	570	581	574	569	581	581	575	575	574	555	584	568	563	585	570	597	597	567	583	569	582	583	588	565	563	568	568	584	609	588	570	3545.589959
583	581	579	579	562	570	579	582	574	562	574	567	579	569	580	570	573	578	559	564	582	589	569	569	580	575	585	575	565	570	575	569	570	570	575	579	584	574	581	585	584	580	573	569	577	581	573	583	580	584	583	569	559	573	575	560	567	560	573	581	566	587	585	582	571	576	574	566	590	590	583	575	570	594	570	580	588	572	602	580	579	574	574	569	576	597	584	557	593	574	586	590	575	585	581	556	3546.443492
588	550	586	583	577	570	585	586	574	541	582	577	567	576	564	581	571	574	579	585	580	570	586	579	564	585	579	571	585	584	571	563	575	559	583	578	571	562	576	573	587	575	573	581	585	552	581	580	568	576	562	594	559	574	584	560	590	559	577	575	574	566	574	569	571	587	579	554	579	569	566	580	581	576	562	578	574	568	569	581	573	583	575	581	567	569	587	585	589	561	584	564	567	586	574	564	3547.288419
569	578	579	579	580	591	569	576	580	577	562	573	575	584	593	562	561	587	580	580	577	570	580	575	573	582	578	584	569	582	589	566	589	581	570	579	579	569	583	576	585	569	574	558	580	581	589	576	584	577	572	587	587	576	577	588	577	572	578	580	595	574	587	583	580	581	592	574	572	586	572	578	565	574	569	572	569	566	591	570	560	577	587	586	584	594	576	572	576	568	572	563	566	580	569	580	3548.141637
592	567	572	561	564	557	573	587	578	586	567	574	569	586	570	587	584	571	594	567	569	576	580	575	576	590	573	575	577	567	590	570	576	573	578	569	567	560	575	565	578	576	580	581	565	582	568	561	568	572	585	587	582	572	569	567	580	593	582	575	570	561	577	583	589	587	580	563	571	575	577	576	586	573	577	589	579	589	576	571	581	568	570	575	572	580	557	592	563	578	565	574	585	574	575	583	3548.986251
578	567	589	573	570	572	569	573	580	567	569	577	579	563	577	579	570	553	570	579	577	563	581	579	587	568	579	561	566	581	568	585	582	578	579	585	567	572	576	558	583	564	579	574	583	583	579	580	576	561	572	579	591	560	575	562	585	575	569	584	569	578	586	574	578	571	581	562	572	587	565	571	588	576	583	573	575	567	581	579	584	566	567	571	569	590	569	564	601	594	577	584	572	574	578	560	3549.83071
570	585	565	569	570	555	571	576	561	576	575	576	583	574	572	576	570	570	571	585	580	566	576	569	568	582	588	585	572	573	575	565	560	578	577	570	576	573	570	572	575	577	586	550	583	579	563	582	563	569	572	576	564	576	567	571	563	565	565	571	581	577	570	589	572	578	578	562	579	582	569	582	562	560	570	569	569	576	572	585	574	571	563	560	565	576	562	572	593	565	575	577	578	572	564	580	3550.683456
585	560	571	591	562	566	561	568	570	569	577	570	570	568	574	568	585	563	558	572	556	593	567	570	557	563	563	564	576	569	567	561	566	562	568	578	575	567	571	575	575	585	564	568	573	573	565	569	566	577	565	554	571	568	576	562	569	567	567	558	567	570	585	564	570	571	562	574	576	571	571	564	554	573	582	591	576	575	569	558	571	574	586	580	598	587	583	567	591	580	579	574	557	567	565	585	3551.527603
569	562	590	573	569	587	577	576	563	576	565	567	564	571	567	574	563	575	580	563	568	580	574	577	571	589	585	569	573	571	552	563	567	571	583	579	568	571	564	569	567	576	588	567	571	548	575	570	589	563	567	570	565	577	592	559	569	581	582	565	557	571	573	568	585	564	544	578	588	561	572	567	560	572	560	554	562	573	563	589	562	582	574	577	570	566	576	567	590	560	579	549	584	572	560	568	3552.371595
574	575	578	583	572	575	563	565	588	565	557	579	579	582	571	577	582	575	571	579	572	561	579	559	578	567	578	580	590	572	566	587	571	564	568	575	567	566	572	579	587	578	562	571	583	576	580	576	547	571	579	576	562	575	564	576	569	581	562	585	572	580	574	581	580	575	575	556	565	570	575	567	566	576	587	575	578	570	576	558	580	582	569	578	582	549	578	553	560	576	566	588	565	584	564	582	3553.215432
571	573	571	561	565	568	575	572	573	577	574	557	564	572	586	572	565	565	574	579	582	567	580	571	577	572	572	571	555	570	562	572	570	580	574	567	547	574	575	568	571	580	573	576	597	582	577	570	571	565	574	561	572	581	556	566	587	567	571	580	574	574	575	562	587	570	575	568	570	578	567	567	570	565	563	566	582	558	572	564	572	564	563	559	583	583	573	567	580	563	566	560	562	584	588	569	3554.050678
549	583	565	571	554	568	561	583	574	566	570	560	560	566	572	586	564	573	572	579	560	575	579	560	582	574	580	571	561	564	575	577	551	559	572	567	571	567	565	581	564	571	557	557	576	563	579	551	581	557	571	572	577	565	575	561	572	584	569	580	566	579	558	572	575	561	570	583	560	579	556	564	566	586	575	558	570	569	564	565	581	561	567	558	583	560	569	561	571	573	573	576	563	574	568	572	3554.894206
572	580	548	556	589	574	580	581	552	574	565	561	572	571	568	568	574	573	573	547	565	551	563	572	577	568	566	559	590	561	572	570	574	570	568	573	573	574	569	576	560	573	560	566	562	570	555	559	560	577	574	564	563	556	580	546	577	574	559	572	554	588	585	581	568	577	554	553	562	569	574	570	562	575	582	564	548	545	567	589	572	571	558	567	558	576	564	566	554	578	562	569	578	585	559	563	3555.73758
563	557	585	570	561	566	550	570	568	581	567	569	567	558	565	572	588	575	565	578	557	587	555	585	576	578	566	580	569	572	573	571	562	573	564	577	573	567	577	570	571	560	584	567	561	564	570	570	581	570	587	573	577	563	583	557	573	560	549	559	578	573	546	568	566	553	582	575	574	573	566	559	555	566	556	565	573	557	570	559	568	594	579	560	587	564	579	557	567	556	571	570	574	576	578	586	3556.580799
583	568	580	575	562	571	571	564	562	567	561	565	551	582	563	576	580	561	557	567	568	563	592	574	564	559	564	577	567	587	563	558	562	553	567	552	565	573	572	547	562	553	575	566	565	590	570	569	579	573	570	580	557	562	573	565	582	576	569	571	562	561	579	573	564	572	566	565	575	565	553	563	570	556	578	563	571	576	576	577	564	562	563	573	572	564	574	561	573	575	562	576	563	559	561	544	3557.415433
568	545	582	573	560	559	557	572	554	562	578	557	561	559	572	574	586	561	576	565	570	561	562	561	577	565	584	564	555	563	576	566	560	557	573	573	568	566	573	552	566	564	569	572	573	566	563	574	563	573	573	554	562	559	583	571	583	578	553	563	563	556	559	549	570	577	550	562	563	563	577	572	565	584	572	574	566	570	549	544	581	566	569	564	575	569	559	572	562	573	552	587	538	573	577	567	3558.258344
570	552	562	580	563	555	564	574	578	563	569	564	568	584	576	588	570	567	589	566	563	564	590	573	566	566	580	568	565	554	571	561	579	573	575	576	563	577	561	575	563	565	573	570	562	557	545	560	569	559	567	560	563	559	571	555	564	576	549	565	547	560	569	571	571	565	570	556	549	573	575	570	560	569	566	553	572	556	572	577	564	563	566	562	557	558	588	566	573	553	569	561	574	565	562	562	3559.092673
569	560	569	569	562	565	559	567	564	572	562	564	576	556	572	570	565	573	565	553	561	573	560	577	557	555	564	561	586	571	555	566	564	553	580	561	556	570	548	577	571	571	558	563	577	559	569	564	572	561	567	557	579	569	574	571	547	568	554	578	555	566	554	557	566	568	567	566	564	575	579	585	565	569	590	557	567	551	560	576	554	560	569	548	551	571	571	572	565	572	572	554	564	564	570	575	3559.92685
582	574	559	549	564	562	568	570	577	564	563	559	573	555	562	566	572	578	559	563	561	566	568	570	550	568	561	547	559	573	563	561	562	575	575	565	566	567	556	564	568	562	543	572	567	557	552	572	584	575	565	563	557	561	574	550	556	595	582	569	557	549	550	553	567	575	554	556	574	544	567	582	557	564	572	557	584	566	557	573	573	557	556	565	569	559	553	574	553	550	566	548	566	578	566	560	3560.7693
582	575	560	561	565	565	565	558	559	560	556	552	569	565	572	577	570	561	565	564	565	569	579	580	579	567	559	581	585	556	555	564	574	562	558	566	560	574	565	570	551	574	572	554	574	573	568	560	564	560	571	567	567	559	557	570	570	558	564	559	563	560	564	571	558	561	552	566	566	570	572	579	579	564	572	568	566	578	570	564	552	563	569	575	568	565	569	567	562	552	569	562	566	558	555	572	3561.603173
550	567	568	569	555	578	556	569	586	569	557	561	546	576	559	559	561	555	581	558	553	563	564	567	560	556	566	563	575	564	568	557	580	574	569	570	557	575	565	568	557	546	568	550	571	571	544	559	574	561	561	573	551	573	576	559	574	569	568	575	563	570	572	572	565	568	565	549	568	569	575	567	576	565	562	576	577	553	578	551	571	577	562	568	547	556	568	549	565	572	568	570	565	574	565	578	3562.436894
557	570	556	564	563	565	562	577	573	581	553	560	573	561	594	573	559	560	561	558	556	554	562	576	550	561	561	551	556	559	582	567	564	559	569	556	565	555	557	542	555	567	585	562	556	568	563	571	568	576	566	559	572	559	583	573	548	568	565	564	565	553	552	549	565	557	575	558	576	585	565	571	566	549	558	565	559	581	587	569	570	564	567	572	551	557	563	567	563	563	561	568	564	551	560	579	3563.270464
574	555	576	584	552	544	555	554	575	570	565	568	579	567	556	573	561	563	557	557	577	558	564	554	562	566	551	553	573	557	563	565	569	561	567	583	582	552	548	550	568	574	559	571	576	539	558	565	562	557	564	566	564	535	564	546	572	549	566	571	568	555	566	560	565	554	563	544	548	575	560	556	567	580	555	561	573	546	577	563	566	569	566	564	569	556	567	571	569	570	554	565	558	574	569	572	3564.103882
551	569	562	546	557	557	551	574	560	564	564	572	564	555	551	566	568	572	563	565	579	567	574	562	564	566	556	568	567	582	577	563	565	568	563	569	555	549	554	568	588	562	572	568	559	554	577	571	556	556	559	581	565	565	552	573	564	575	579	541	555	562	561	548	556	562	562	559	578	567	556	554	562	546	558	573	555	556	573	562	557	565	556	569	555	563	562	574	558	571	567	559	575	552	566	556	3564.937149
565	570	576	570	566	567	570	565	564	562	562	584	558	551	551	557	567	545	565	558	557	585	563	561	558	565	555	557	562	556	558	567	559	573	564	569	553	564	564	557	562	564	558	566	574	555	565	571	593	559	568	574	562	579	560	580	561	568	559	572	567	556	569	553	574	577	555	560	572	563	561	558	568	564	567	550	547	553	556	576	571	575	559	572	569	566	563	570	549	561	556	577	583	556	570	571	3565.76185
563	575	532	537	554	569	564	552	541	576	565	565	557	567	545	551	560	545	567	573	563	559	572	564	548	547	554	584	574	547	567	561	568	569	560	563	550	580	569	554	572	551	560	581	567	566	568	559	575	564	570	572	556	567	576	554	574	564	552	564	562	564	554	574	574	549	556	550	564	563	564	557	574	560	564	549	551	574	559	573	556	542	555	558	558	570	575	563	563	552	549	564	558	557	560	561	3566.594816
559	563	557	546	565	544	549	565	558	565	572	559	537	561	567	576	577	552	572	582	575	545	544	536	562	565	564	563	565	556	575	556	570	559	573	549	559	566	562	574	563	561	552	545	551	569	559	567	553	560	558	574	547	552	558	576	575	565	561	550	549	565	562	563	556	586	581	563	571	566	564	567	552	554	560	566	563	578	559	568	556	561	564	550	559	577	549	561	567	558	550	585	558	557	569	559	3567.427631
551	566	565	561	557	558	565	573	552	554	555	547	570	561	555	562	556	564	572	568	582	554	568	567	555	564	565	577	577	556	572	566	564	561	572	560	553	567	570	558	564	561	567	556	559	554	566	566	552	572	560	555	569	555	562	550	555	561	577	564	569	545	548	574	549	569	573	563	551	558	570	573	563	559	557	547	560	575	561	573	550	554	555	564	566	548	567	547	561	576	574	547	554	575	576	573	3568.251884
560	582	551	575	562	563	550	572	577	554	548	555	550	552	563	558	551	558	568	570	563	546	562	569	562	551	562	557	548	562	571	564	551	555	572	564	570	569	566	547	549	566	559	548	574	545	548	572	551	560	557	561	547	552	582	579	558	557	563	559	560	570	562	552	548	558	566	563	559	543	555	555	565	564	564	553	561	548	554	560	568	567	551	565	556	552	551	557	572	566	552	556	564	561	568	554	3569.084398
549	565	569	572	552	557	573	562	554	559	560	570	551	570	552	567	564	564	550	569	558	554	550	564	573	573	567	575	568	580	562	572	560	583	564	563	551	573	561	564	566	559	562	565	571	569	577	561	555	581	561	569	560	556	567	562	560	554	561	567	560	560	553	570	566	550	557	572	561	560	569	555	552	561	566	570	564	563	558	558	572	575	556	573	555	567	566	565	579	566	549	558	559	554	557	550	3569.908354
572	558	571	560	556	567	549	554	576	564	553	567	566	556	548	574	561	564	561	550	551	559	565	564	541	556	566	563	547	578	552	553	558	545	560	562	561	559	563	544	559	571	568	566	551	576	572	556	580	547	576	555	556	576	556	561	568	564	556	557	577	567	574	564	572	556	550	557	574	568	568	554	553	564	556	559	569	560	569	575	559	571	559	560	557	556	562	571	564	561	562	567	562	539	558	544	3570.740567
551	560	552	551	560	560	559	572	555	562	554	559	566	558	547	550	556	561	564	560	564	563	564	552	560	560	551	553	558	549	572	554	555	563	565	560	544	560	555	552	545	561	556	544	565	554	565	555	572	556	556	553	555	554	558	561	569	557	555	570	569	561	554	545	557	556	573	557	553	548	550	557	575	553	577	570	555	552	568	544	553	567	574	570	519	563	562	558	583	556	546	557	550	564	555	562	3571.564225
547	547	554	556	558	566	559	576	553	555	550	562	545	558	562	555	560	564	560	576	574	538	569	574	563	556	552	556	549	564	560	570	564	554	572	555	574	546	557	571	565	562	550	564	545	549	559	571	581	559	548	569	547	555	564	550	566	574	555	558	545	538	560	581	548	577	551	563	560	567	549	549	545	549	564	570	556	567	574	552	568	557	573	540	558	557	566	546	574	562	547	562	569	562	559	559	3572.387735
584	548	559	575	555	559	571	579	553	566	569	568	582	551	546	559	561	563	550	573	563	547	554	565	559	544	562	559	577	558	568	561	570	577	561	559	560	572	561	560	556	562	554	560	558	560	558	566	547	563	554	583	564	564	563	563	569	578	565	560	551	559	566	551	551	567	559	563	570	552	563	568	551	550	565	566	563	566	571	558	558	579	559	564	563	565	569	558	554	559	563	552	547	568	559	547	3573.211097
557	555	551	548	573	558	563	559	553	569	565	551	569	551	564	549	573	559	565	556	559	563	561	555	565	550	575	559	548	563	541	570	540	565	567	560	577	542	556	568	554	569	554	571	562	572	564	572	555	566	564	564	560	557	557	563	562	562	551	559	567	565	563	556	552	557	570	540	555	557	571	563	563	565	561	563	561	550	571	557	555	559	552	555	548	547	546	546	558	562	570	555	569	556	561	561	3574.034311
546	560	558	545	547	555	558	558	566	559	544	558	566	557	557	566	548	553	551	556	550	547	562	552	545	553	552	560	560	546	573	563	570	540	554	556	568	547	544	538	555	558	557	560	560	573	565	554	567	563	574	568	562	563	562	550	557	547	569	569	549	556	568	559	553	558	571	570	566	550	572	558	570	550	565	553	554	574	557	556	555	560	561	568	572	554	572	576	560	561	561	558	557	564	558	562	3574.857378
550	543	554	548	580	564	545	564	560	574	548	570	553	544	559	549	556	556	555	565	569	536	560	570	547	562	576	562	572	559	561	561	556	550	551	555	550	555	552	551	544	560	556	555	557	554	555	562	559	560	572	562	563	564	568	575	555	559	549	566	567	550	557	565	548	555	562	558	567	554	549	557	553	556	564	556	566	545	567	559	558	546	557	563	552	559	576	553	561	561	557	573	563	565	551	568	3575.680296
560	576	549	561	561	559	566	567	566	570	566	560	552	560	567	544	557	565	555	552	555	565	561	563	566	553	554	574	557	559	528	560	560	564	554	548	563	555	547	551	559	553	557	555	558	561	565	561	561	567	560	562	559	558	572	559	550	557	562	545	559	555	550	555	569	549	546	554	562	548	559	556	547	556	547	539	566	555	572	577	567	570	549	573	553	557	554	564	561	556	569	545	570	556	557	547	3576.494672
550	556	560	552	552	555	559	561	570	564	574	553	564	543	560	577	565	554	557	562	565	559	548	547	552	552	537	556	566	551	541	560	562	550	554	551	561	546	574	559	548	583	563	538	552	558	576	571	560	550	578	563	544	550	571	548	565	549	543	543	539	554	563	569	558	556	559	559	563	551	562	549	559	554	571	555	568	562	554	571	557	539	561	541	560	559	549	567	555	556	567	537	545	565	570	564	3577.317297
564	554	555	564	554	553	523	557	545	557	539	568	550	553	535	551	560	537	569	567	558	558	549	571	546	556	563	557	571	561	562	546	551	560	547	564	556	561	554	555	556	552	546	574	559	551	558	572	551	558	563	575	561	553	574	562	562	557	546	552	555	576	562	558	537	554	561	547	552	554	556	550	561	544	588	559	563	554	554	559	573	552	566	551	548	552	537	567	559	563	562	562	557	557	548	548	3578.139774
536	550	578	568	553	571	559	567	556	567	556	572	562	569	556	559	564	558	574	567	558	550	565	559	551	550	565	558	564	554	556	557	557	547	547	560	538	565	560	564	546	559	574	560	568	569	559	560	564	558	568	558	570	565	547	560	555	568	565	553	571	546	566	571	558	558	566	569	539	532	549	557	566	575	550	556	554	556	552	561	572	565	572	565	565	564	581	543	557	547	562	556	553	558	531	565	3578.953712
544	555	553	578	553	572	556	562	548	564	571	559	556	557	561	556	562	562	565	551	574	554	557	568	562	550	518	558	563	562	573	556	549	546	554	553	552	541	569	563	566	542	542	558	564	557	543	556	552	553	562	553	561	562	570	558	559	547	564	556	556	557	556	549	548	558	543	569	553	558	564	567	548	555	560	554	566	556	562	563	559	567	557	558	560	568	566	568	549	568	545	567	547	568	560	535	3579.775896
557	568	548	548	567	557	548	569	564	550	558	552	571	564	567	534	556	572	564	544	554	562	554	546	541	562	552	536	553	564	571	558	557	569	563	547	565	541	552	561	569	557	550	569	559	558	550	563	557	557	557	554	571	557	573	557	547	554	557	549	576	554	555	561	555	556	557	556	582	542	543	555	552	559	549	544	549	558	559	553	572	558	565	544	552	554	568	559	553	552	549	551	551	553	558	571	3580.589544
549	555	550	562	568	555	568	557	565	548	563	551	543	559	555	552	547	568	549	559	571	564	559	556	558	562	556	564	570	547	562	549	561	556	554	558	540	551	549	556	544	564	546	570	552	539	557	558	566	573	579	561	551	532	558	552	573	574	547	559	552	569	570	561	559	561	560	556	554	548	560	572	563	550	555	553	570	559	558	555	559	554	550	549	574	546	555	555	561	562	549	545	555	566	566	567	3581.403047
561	553	555	555	550	572	556	560	540	552	555	555	556	551	577	564	543	559	566	547	549	561	557	577	545	554	549	545	557	552	554	550	563	567	547	559	555	540	550	549	552	556	560	552	562	573	555	561	558	539	564	542	549	545	546	543	548	546	548	555	560	550	544	553	549	548	571	549	546	557	564	561	567	553	556	559	559	562	570	556	567	554	547	561	537	549	555	549	548	541	553	565	569	559	558	556	3582.224791
554	558	543	541	542	552	560	554	565	548	551	551	534	559	555	551	543	552	550	559	561	547	566	543	564	560	549	525	543	556	548	546	555	551	559	569	546	549	554	547	552	547	565	557	550	535	557	553	559	538	547	558	550	557	549	552	580	566	536	534	548	563	558	540	538	554	549	547	557	552	566	555	555	543	547	565	556	560	563	540	548	543	544	546	554	555	558	544	561	563	553	540	548	559	549	538	3583.038004
558	545	555	546	564	553	580	555	550	547	556	547	553	548	545	548	569	546	547	538	563	563	538	557	549	546	554	568	561	562	556	554	558	535	560	534	554	557	564	550	554	567	548	566	553	552	554	558	559	563	551	559	550	550	551	554	563	546	565	572	565	552	555	551	563	560	552	539	556	548	555	556	556	555	563	548	553	559	556	558	558	558	558	563	552	542	559	563	559	538	558	549	551	555	561	547	3583.851073
557	549	555	542	553	545	558	564	541	561	550	548	551	554	541	549	541	552	548	548	547	540	565	536	534	557	550	548	540	546	543	554	556	548	547	546	551	568	550	547	551	549	542	558	552	550	544	555	539	561	553	569	550	558	568	563	562	552	563	562	559	556	559	549	552	551	562	558	550	556	554	563	561	534	538	573	546	561	561	561	560	551	564	544	552	548	563	557	563	549	559	550	556	564	554	551	3584.663997
553	561	554	543	543	555	562	552	554	550	551	556	554	542	546	554	552	548	559	557	560	551	552	561	553	547	555	543	565	562	547	550	558	541	537	550	538	552	563	549	538	550	551	557	558	553	531	538	554	559	559	546	557	557	565	566	547	550	554	553	551	554	558	549	557	555	557	556	560	549	572	569	551	562	544	545	547	549	547	554	540	556	546	556	549	555	542	569	555	540	564	549	553	544	553	552	3585.476777
538	551	563	545	561	555	535	557	572	563	551	550	549	547	569	542	553	547	540	561	555	553	540	561	547	543	558	564	544	548	571	546	536	542	544	563	550	539	551	544	549	576	545	554	550	559	552	545	543	555	549	549	556	552	541	558	553	545	557	559	555	535	560	555	550	550	544	560	556	539	557	558	568	539	556	549	546	560	544	548	545	546	560	564	561	559	550	556	562	542	544	551	550	548	551	554	3586.289412
562	552	549	556	554	568	544	553	565	555	547	556	549	550	549	556	562	558	563	554	535	551	554	560	564	564	539	547	559	556	565	529	566	557	561	561	551	536	555	549	549	556	559	550	547	555	564	541	566	539	552	555	539	543	565	558	559	552	548	549	555	548	558	552	554	540	550	562	544	563	548	560	556	555	548	562	559	548	575	546	551	560	553	555	550	562	556	557	560	551	555	551	549	544	546	544	3587.093528
553	549	543	558	555	553	543	553	546	545	535	550	545	559	551	558	550	564	561	546	571	567	557	543	554	556	548	548	550	548	559	550	561	559	543	544	566	566	564	550	555	543	552	544	565	554	555	558	552	567	551	553	551	558	558	556	552	550	565	564	549	553	560	555	561	574	549	544	561	556	556	531	562	561	552	548	553	546	559	543	553	548	549	551	552	551	563	567	547	556	551	563	549	567	548	564	3587.905877
554	551	548	551	560	544	554	550	548	555	545	555	540	530	550	550	545	548	542	555	551	554	554	550	560	547	562	556	559	556	553	539	543	530	554	542	559	558	564	549	543	545	562	550	558	542	540	549	547	547	545	556	543	547	563	548	553	557	556	556	549	555	550	545	537	542	556	547	548	546	556	563	569	549	547	540	540	559	544	546	550	550	561	557	546	538	548	556	565	555	552	551	542	544	564	555	3588.718081
553	550	540	564	537	558	539	553	533	548	544	554	550	540	533	557	535	545	551	551	542	561	550	558	549	558	542	551	556	547	562	552	530	568	544	555	560	564	539	550	548	542	555	548	527	555	552	540	550	553	542	535	552	544	549	546	537	538	555	539	537	554	548	549	548	559	553	560	547	538	570	556	558	539	549	553	544	555	551	546	553	532	549	561	564	553	558	568	529	549	539	543	543	553	541	544	3589.52177
547	557	555	553	559	544	547	541	552	550	562	547	567	543	525	543	552	557	540	553	565	558	550	548	556	558	542	557	554	546	561	542	549	543	545	547	566	552	543	539	569	548	558	553	543	544	547	556	546	555	578	541	541	536	547	554	541	556	543	553	541	543	558	550	541	560	539	556	561	544	548	548	551	545	567	554	536	554	558	547	547	556	546	554	543	553	562	545	546	538	544	550	560	557	555	549	3590.325318
540	555	555	537	555	554	552	549	552	549	546	550	540	546	550	539	544	552	543	555	552	552	560	557	543	534	543	547	553	555	545	546	557	547	549	550	555	546	558	547	554	537	560	539	548	557	549	550	549	540	549	534	547	550	553	551	554	553	557	548	553	552	555	554	555	554	548	538	554	556	559	553	553	555	561	564	554	561	542	564	552	551	551	550	549	548	567	553	562	537	554	554	565	558	545	543	3591.137093
550	555	560	547	544	543	549	544	552	553	552	546	554	542	551	555	540	549	541	547	550	535	537	545	535	554	554	547	536	548	545	552	554	545	544	561	561	546	555	560	552	548	561	550	552	528	545	547	548	542	556	547	547	555	542	536	549	537	552	543	546	538	554	567	552	541	548	558	554	559	529	543	553	550	551	548	545	554	550	543	550	549	555	548	554	554	572	570	551	545	580	552	577	545	553	537	3591.940358
554	552	537	563	554	534	551	548	538	553	541	553	550	552	546	553	551	554	547	526	563	555	556	541	541	540	567	559	556	551	545	551	541	545	561	549	556	564	545	542	519	558	549	552	547	547	542	558	549	536	550	564	556	549	547	546	555	547	543	547	550	547	549	545	557	559	543	548	552	575	536	549	544	537	535	543	548	545	557	557	546	547	564	540	542	557	558	542	549	552	527	557	554	556	523	552	3592.743481
560	549	562	563	553	556	555	549	563	559	547	543	553	569	551	567	554	567	549	548	538	573	560	539	561	561	559	559	557	572	564	565	561	543	539	544	531	553	557	560	553	547	564	562	555	558	545	561	554	551	546	554	560	549	533	572	563	558	555	568	538	544	548	559	563	552	550	550	575	563	563	551	563	567	554	563	557	564	537	547	548	568	551	574	564	538	537	558	544	561	555	548	551	561	537	557	3593.546463
563	561	545	535	544	535	537	540	558	552	553	553	559	556	543	545	553	544	540	543	547	543	565	551	559	561	545	544	556	537	549	548	554	542	567	569	551	563	547	546	541	551	553	555	551	560	554	552	561	547	557	552	551	562	549	549	552	549	555	555	550	559	527	561	534	550	544	549	565	546	561	563	553	546	565	555	550	548	545	542	549	558	550	547	553	551	557	552	557	553	546	552	551	548	553	535	3594.349304
555	553	546	548	537	552	539	553	558	545	540	552	571	538	553	537	542	549	554	549	558	553	548	547	554	546	544	546	542	542	538	546	546	554	551	538	549	555	531	553	554	553	551	556	551	553	552	548	555	567	544	551	543	543	552	545	549	542	551	546	556	551	539	551	543	542	549	551	550	536	541	547	547	545	554	560	569	551	551	535	536	549	550	551	553	545	551	563	554	553	546	548	546	562	561	545	3595.152005
544	547	560	527	552	552	548	544	545	554	550	548	547	552	540	555	533	561	542	562	549	539	547	552	551	557	542	551	555	552	548	556	557	559	541	553	546	552	559	534	569	546	554	553	545	528	554	562	559	529	560	538	546	557	543	554	545	549	550	557	549	537	548	546	546	533	541	559	531	560	540	550	553	553	543	561	562	551	543	572	542	545	554	563	549	550	543	566	548	541	542	539	548	562	552	540	3595.954564
543	547	552	552	546	538	547	530	557	553	545	540	554	553	548	542	542	547	537	540	556	534	539	525	543	537	546	545	548	562	563	540	546	548	547	550	548	566	554	563	549	547	543	545	558	557	549	561	555	566	556	545	544	557	564	549	567	542	552	553	559	551	551	536	549	555	551	546	544	560	559	566	553	553	543	544	541	544	559	544	558	567	544	552	522	552	551	546	555	556	548	561	548	551	554	545	3596.756983
553	547	556	564	560	542	545	561	561	559	549	537	561	552	543	548	540	553	549	561	551	544	550	556	547	526	555	531	555	535	545	538	541	555	550	550	557	549	553	560	554	551	536	552	541	551	544	557	555	561	553	546	550	558	549	546	552	546	562	563	535	552	540	544	557	561	554	558	556	554	553	557	545	547	553	553	544	545	550	532	548	550	548	556	549	546	547	555	552	557	557	547	547	550	542	558	3597.55926
543	545	555	557	532	541	547	531	544	553	549	558	563	554	548	551	553	545	540	546	541	558	546	546	540	542	553	540	547	562	552	551	545	561	532	550	554	567	559	521	556	537	542	551	549	563	548	523	546	537	543	563	547	546	550	538	566	557	560	535	560	544	545	553	560	566	541	553	541	543	539	551	555	551	551	545	549	535	537	561	537	546	560	550	554	544	560	556	563	540	542	545	563	560	542	543	3598.353043
536	541	562	552	539	548	555	547	549	546	526	544	549	545	556	550	556	544	537	545	552	545	555	540	551	545	543	556	559	545	556	540	556	542	542	539	536	543	544	557	554	547	547	549	544	556	555	538	552	539	530	537	527	541	550	548	539	558	546	551	555	549	544	549	556	539	557	544	547	550	538	545	540	539	529	559	551	563	546	544	553	563	548	554	549	550	553	551	555	544	563	544	551	541	537	550	3599.15504
548	550	538	539	546	550	545	545	524	536	549	538	554	550	542	557	541	550	546	542	557	554	552	547	548	542	554	554	551	547	552	570	558	557	519	546	546	555	541	541	549	546	548	535	550	552	549	549	548	541	551	552	555	556	553	547	554	547	547	541	554	537	551	567	559	541	561	548	555	558	544	534	559	556	567	548	537	541	558	536	543	543	544	553	542	548	563	542	543	537	550	546	540	560	545	555	3599.948545
557	553	555	536	560	535	552	547	545	540	544	539	548	556	543	540	545	535	550	557	543	556	562	531	539	562	546	548	551	567	535	548	538	546	559	549	556	549	541	542	542	545	548	554	543	556	555	538	543	538	560	556	551	550	562	535	552	550	552	557	544	537	549	547	547	546	554	558	547	541	556	546	540	545	549	553	555	551	548	549	550	540	543	543	537	558	545	545	561	558	535	548	545	545	556	552	3600.750263
534	540	545	555	545	545	553	539	551	560	547	546	547	543	556	535	540	550	552	547	567	547	538	543	545	548	534	558	540	538	544	531	557	549	552	564	555	541	537	549	547	550	556	551	545	537	548	549	548	552	542	544	548	544	550	547	544	540	535	546	540	537	537	556	548	549	540	551	540	552	555	561	540	537	543	529	563	548	545	547	551	549	541	542	560	544	547	552	544	548	542	542	549	537	557	544	3601.543491
556	538	550	561	549	545	544	551	541	537	541	545	549	550	540	548	539	544	555	554	552	544	525	538	555	564	543	548	558	534	537	545	539	532	556	538	544	544	559	562	552	543	559	541	533	543	554	556	556	543	551	545	558	540	544	559	531	538	551	535	550	546	533	554	557	549	547	535	560	553	538	537	538	572	546	541	549	546	546	543	546	547	562	549	547	536	556	550	540	546	541	569	547	543	541	551	3602.336581
527	562	540	543	552	543	550	548	550	564	544	537	544	548	553	527	551	530	543	545	544	535	558	549	552	543	539	557	544	547	549	538	551	518	548	553	543	556	546	562	543	548	541	545	556	538	531	548	549	546	552	551	550	553	542	555	546	542	545	543	549	544	539	554	543	546	546	551	549	544	541	555	551	557	556	562	545	539	545	546	534	556	557	560	551	542	548	550	549	546	549	546	554	549	548	558	3603.129534
556	532	537	555	536	544	535	549	541	538	549	552	543	532	546	547	548	538	550	547	541	540	548	557	546	534	531	545	549	557	554	536	548	538	550	552	546	550	545	553	547	536	555	545	543	553	556	548	540	533	554	543	535	548	534	543	555	548	550	546	531	532	547	540	542	566	536	542	537	526	540	545	526	553	539	561	540	550	530	554	553	554	557	542	549	544	547	558	538	544	543	549	550	538	543	531	3603.922349
533	546	551	545	552	542	548	566	550	542	540	537	546	535	542	548	550	552	544	538	549	545	552	550	543	560	548	536	546	550	541	551	546	549	549	554	552	549	533	534	538	551	554	540	553	552	532	530	540	555	537	577	551	550	540	553	547	552	548	558	549	557	547	544	546	540	541	554	541	550	545	547	563	542	541	551	544	561	545	545	553	535	557	539	537	539	548	543	525	549	544	545	542	550	561	543	3604.715026
539	553	545	541	547	546	548	536	551	542	550	531	541	550	543	548	534	537	549	544	547	535	557	542	537	540	537	542	547	548	533	549	531	532	553	543	554	548	544	548	535	544	541	542	528	540	539	539	558	532	543	555	546	539	536	539	541	550	555	542	530	544	546	540	549	538	571	546	564	538	540	541	539	557	555	543	542	543	537	552	537	548	549	545	553	540	557	552	550	536	528	542	546	527	548	564	3605.507566
535	546	536	551	548	545	549	551	540	545	549	539	548	546	543	543	538	540	554	543	538	541	546	542	540	557	539	557	541	548	532	547	542	546	547	559	541	557	536	543	540	539	545	544	538	541	561	547	553	546	539	547	545	547	565	535	547	552	539	550	539	541	542	553	532	547	538	546	551	546	546	547	534	551	546	534	547	534	536	548	552	535	557	537	527	533	561	549	549	536	544	548	555	540	544	546	3606.299968
549	551	552	553	545	540	540	542	529	532	543	541	561	544	537	536	533	516	537	553	545	527	532	551	535	548	529	544	530	555	557	555	539	547	546	541	548	549	554	542	540	540	530	554	533	561	509	540	563	541	541	533	536	534	537	558	532	554	536	552	551	536	549	553	556	538	540	549	545	545	539	542	537	541	539	550	530	540	545	539	524	542	533	540	544	533	546	539	535	554	550	547	541	542	545	537	3607.092233
551	537	547	548	544	542	562	546	546	546	531	544	535	540	539	527	535	543	550	547	534	538	535	538	544	549	551	538	540	541	537	538	550	541	547	542	543	533	559	539	533	544	549	538	544	545	552	545	565	544	535	532	549	535	541	542	545	548	550	543	550	535	533	545	547	540	539	545	530	550	542	563	543	547	548	543	536	550	537	520	555	546	558	542	548	547	522	549	547	539	534	553	540	542	550	541	3607.88436
528	559	544	537	534	547	541	524	552	538	532	546	543	540	538	548	549	553	533	534	556	556	542	546	551	538	552	551	544	546	548	548	545	543	544	543	539	551	557	551	544	552	557	546	526	550	537	534	532	559	535	543	552	543	549	550	543	542	542	548	549	541	536	551	548	554	533	550	556	534	541	546	541	545	542	551	542	545	557	540	535	537	547	538	540	544	549	524	537	535	531	526	529	542	545	533	3608.668014
543	539	546	543	549	523	549	547	543	535	535	540	535	543	533	517	555	556	536	551	532	540	525	535	551	557	546	542	534	545	540	528	543	537	542	541	540	546	549	542	530	537	549	535	535	551	526	534	544	543	535	538	548	552	534	536	528	536	535	562	546	534	539	552	547	537	543	544	544	540	556	537	554	533	551	542	529	542	531	550	545	545	535	534	559	551	554	549	540	535	533	542	539	521	535	551	3609.459868
541	534	539	556	553	535	539	550	539	532	530	541	540	543	546	546	537	537	547	544	533	539	549	538	547	546	557	534	557	531	557	549	552	532	531	545	537	551	523	545	536	548	542	537	526	538	535	528	536	546	536	556	539	535	540	540	542	548	537	552	546	534	543	553	539	553	536	532	545	544	543	549	540	547	544	540	540	513	548	547	538	542	529	553	542	545	539	554	541	546	538	540	554	544	542	538	3610.243252
547	535	548	527	533	539	534	537	547	559	540	550	550	546	537	547	547	544	538	538	538	538	551	540	522	546	543	539	539	535	548	543	547	556	547	541	535	547	541	537	547	538	555	534	546	553	543	558	551	550	559	547	532	554	531	548	543	542	546	532	550	556	538	535	550	544	545	542	534	532	553	543	547	561	547	547	548	543	552	533	541	544	552	528	544	554	530	553	542	558	539	553	539	557	539	555	3611.026501
542	543	532	537	539	536	548	553	537	549	546	536	542	539	546	541	540	545	529	536	536	535	551	526	544	549	547	539	543	529	540	547	543	542	541	545	543	534	551	542	544	536	539	543	547	547	549	543	535	546	543	543	536	557	544	557	538	553	535	541	543	547	535	546	547	540	534	548	530	553	542	542	541	537	552	544	532	540	544	553	548	527	536	549	547	536	538	540	534	531	547	535	533	540	531	541	3611.817946
544	514	552	538	549	549	522	561	545	550	539	550	531	541	538	542	528	529	536	538	533	546	555	542	540	540	565	535	544	548	551	550	528	535	531	545	543	548	532	547	529	545	544	533	536	534	545	541	542	529	556	537	542	548	541	552	537	531	538	544	545	536	548	549	547	547	550	544	538	541	552	538	544	546	530	545	522	547	547	547	557	547	539	547	520	554	535	544	543	555	532	539	554	546	535	542	3612.600925
541	552	540	551	550	528	539	541	548	533	550	546	556	545	540	536	545	552	539	555	550	543	539	542	536	533	554	554	552	536	522	532	539	551	540	548	539	536	551	536	538	539	550	529	539	538	547	538	532	544	548	551	561	520	538	545	556	538	536	540	537	535	537	533	547	535	540	542	526	542	551	548	536	547	550	561	544	548	530	544	554	542	557	563	540	560	547	542	539	532	545	547	543	547	544	544	3613.38377
539	528	544	545	538	553	544	541	544	536	555	543	534	545	534	535	552	551	541	544	560	549	552	539	549	544	537	543	551	531	543	539	549	538	562	543	549	552	533	542	542	539	540	539	540	545	537	541	538	546	526	523	547	532	549	548	542	540	543	548	545	541	544	544	546	549	541	536	557	547	538	539	547	539	538	537	561	550	543	546	539	542	534	535	538	531	534	536	550	545	527	540	545	546	531	545	3614.16648
529	539	542	529	540	545	541	536	556	533	543	550	550	546	548	545	531	544	551	534	545	544	532	534	541	555	532	537	550	530	548	543	530	540	548	535	547	550	527	542	533	540	537	540	550	542	542	529	550	533	552	535	528	540	549	538	559	534	532	531	536	526	536	542	533	552	547	533	551	556	544	550	550	531	544	535	536	531	533	539	533	537	533	546	546	546	533	533	546	547	537	542	560	546	535	543	3614.949056
550	547	547	534	535	543	531	538	535	538	539	551	547	543	556	537	553	556	532	538	536	540	535	545	553	551	553	539	540	540	550	546	540	553	534	535	541	532	531	531	550	539	547	530	543	522	530	538	533	535	527	547	539	540	548	539	555	545	552	538	540	539	527	544	538	536	539	542	542	531	552	538	544	542	537	535	539	539	548	534	535	533	531	537	526	550	557	530	548	544	535	555	539	548	558	543	3615.731498
547	537	551	542	545	542	548	538	528	531	541	552	559	548	532	541	545	536	535	529	537	534	530	548	545	545	546	545	529	540	539	543	538	536	532	545	542	536	537	544	541	532	545	539	529	537	545	551	561	544	539	554	549	548	539	538	549	537	544	546	546	530	530	543	536	541	560	554	538	536	531	547	542	522	531	554	535	538	543	542	536	538	528	544	544	562	544	543	538	539	545	530	548	546	552	541	3616.505484
543	545	536	525	551	534	542	545	523	537	534	533	534	541	551	540	536	544	530	544	549	523	541	555	546	531	539	538	525	551	532	555	542	551	540	544	529	543	542	543	542	538	549	537	548	547	540	538	555	538	533	538	540	531	541	531	548	539	544	537	537	543	550	550	529	547	552	522	532	538	548	539	546	565	542	544	550	537	539	532	550	538	542	537	540	550	534	542	542	552	538	540	529	546	536	540	3617.287659
538	536	551	549	537	536	545	545	535	536	527	541	538	545	534	528	535	548	539	542	536	543	521	541	530	525	534	548	557	545	522	539	543	539	538	544	540	537	542	542	533	543	541	529	542	534	552	542	527	531	552	546	532	525	552	533	535	530	526	540	530	550	536	565	539	541	542	542	545	550	546	555	536	538	535	556	539	537	547	541	531	535	542	534	544	534	534	553	550	552	550	536	536	557	539	529	3618.0697
541	546	555	533	530	523	537	541	542	553	549	553	550	529	543	536	543	539	545	534	547	540	548	551	536	537	535	544	535	543	547	553	537	541	528	535	518	538	538	530	559	541	532	541	543	544	529	536	548	530	547	549	548	544	543	537	537	545	555	547	564	544	554	552	536	551	538	551	554	555	527	546	535	537	539	543	543	538	539	541	543	542	539	550	544	533	549	550	522	528	527	521	537	533	536	542	3618.843289
540	544	534	537	522	532	538	521	524	533	527	525	536	536	547	533	540	545	553	533	534	545	538	541	548	544	537	537	532	516	541	536	530	551	540	542	519	536	531	524	546	537	540	552	537	547	556	532	534	534	518	531	544	552	536	517	540	526	544	535	543	544	539	550	537	531	531	537	557	540	538	532	536	539	549	551	544	553	545	547	526	546	551	552	536	533	539	535	553	536	546	527	547	534	535	532	3619.625063
528	539	543	536	539	547	521	552	551	524	551	538	524	539	542	536	543	534	540	537	548	538	543	535	559	542	536	527	541	538	535	546	543	543	541	548	544	547	525	525	539	550	541	552	536	545	539	554	545	533	534	547	555	549	537	558	547	540	539	527	553	557	540	555	538	537	536	518	547	540	537	532	540	540	530	537	542	549	538	541	561	549	538	538	550	537	545	536	533	553	550	546	552	531	532	534	3620.398388
527	530	534	540	546	536	537	560	536	545	538	536	530	547	538	556	541	528	546	545	538	544	530	544	530	551	544	522	538	536	552	537	544	540	530	544	540	549	537	539	531	534	532	547	548	546	531	548	551	538	548	551	541	527	547	533	543	534	536	556	553	543	536	553	533	536	535	540	543	533	535	547	545	529	541	539	549	530	553	530	535	550	526	543	541	528	545	540	537	534	537	540	548	535	550	554	3621.171583
554	564	542	553	556	538	534	552	532	546	521	533	548	536	546	533	527	533	528	542	549	535	547	546	538	524	547	551	547	541	540	549	542	544	534	546	535	547	533	542	544	553	541	551	508	545	547	530	549	543	538	541	545	536	531	546	548	542	559	550	537	520	538	530	539	535	546	525	546	541	546	534	548	529	538	534	537	529	546	536	537	533	545	538	544	556	542	538	533	554	540	536	523	544	535	535	3621.952958
540	546	542	556	539	538	532	541	535	541	537	543	540	535	541	543	536	557	538	556	541	536	537	536	553	546	534	532	542	526	562	526	544	537	529	528	527	550	526	534	540	540	545	516	546	540	539	536	548	542	549	541	545	524	550	545	531	538	540	550	527	554	541	554	533	542	540	551	557	546	544	543	540	548	553	525	542	540	550	540	541	538	538	522	548	536	537	538	546	550	537	543	540	538	535	540	3622.725888
547	541	544	531	538	544	547	537	543	533	537	550	540	537	542	539	545	543	539	531	549	548	547	536	549	542	526	546	543	538	530	549	543	553	540	537	539	534	552	517	552	539	536	551	527	542	523	546	536	544	552	539	532	542	540	551	535	552	557	535	541	528	527	552	526	545	542	526	530	546	542	544	538	523	540	553	534	550	537	526	544	532	534	535	544	540	529	536	548	542	543	537	552	550	556	543	3623.498688
533	534	529	535	543	553	535	528	540	544	548	538	538	542	528	550	543	524	536	530	543	523	538	531	538	545	543	544	540	534	554	541	533	539	546	537	537	526	541	546	526	539	533	536	529	552	537	545	545	530	537	542	544	544	544	547	541	542	548	527	539	548	542	535	538	540	552	534	535	534	541	540	544	532	538	533	526	536	540	549	529	542	528	534	543	539	535	530	537	533	536	543	542	543	544	545	3624.271357
535	547	543	529	538	532	531	545	522	543	548	542	536	524	537	539	546	542	532	518	534	539	532	544	536	530	540	533	540	533	533	543	546	530	532	549	542	552	535	539	542	543	543	543	545	541	527	531	528	546	537	530	530	525	536	530	548	538	528	539	535	528	532	545	535	532	537	536	534	540	539	538	529	552	551	540	554	536	532	536	552	538	537	548	550	552	540	547	546	538	534	558	538	537	559	525	3625.043894
539	540	540	541	528	546	535	525	540	543	533	539	555	555	545	529	541	540	533	537	547	535	542	543	536	546	534	534	540	548	535	530	540	545	551	542	556	529	530	539	534	542	524	547	539	524	526	539	533	536	543	529	546	540	535	559	542	540	525	550	535	537	541	531	527	527	540	548	529	549	529	529	559	527	540	525	537	540	526	542	536	548	521	550	537	539	528	543	536	534	539	541	542	535	543	531	3625.807996
541	522	536	537	537	533	532	548	539	546	539	547	528	537	529	548	539	533	535	534	534	538	536	531	542	555	542	539	569	536	551	550	529	531	537	533	538	545	555	547	534	545	546	540	541	550	546	538	537	548	545	542	547	531	533	547	549	538	541	532	543	530	543	541	544	526	552	534	533	544	543	570	537	536	537	543	547	543	530	541	530	531	549	526	538	536	547	549	541	547	547	537	530	542	538	540	3626.580273
531	533	536	533	542	522	543	541	542	542	520	547	515	545	530	541	539	547	535	537	534	534	537	540	536	537	531	545	527	539	526	542	535	547	548	541	553	532	531	543	545	531	550	543	535	536	540	531	537	542	547	541	539	559	526	545	536	531	542	544	531	545	547	535	536	533	535	554	538	538	538	536	546	540	532	535	529	542	535	533	534	536	533	536	533	526	541	538	542	524	545	539	543	541	533	532	3627.35242
527	527	523	536	532	544	530	545	529	546	544	531	546	540	554	535	539	534	532	544	530	541	531	535	545	541	525	538	528	536	535	524	534	540	523	528	548	539	553	529	534	538	529	542	532	534	547	546	532	527	540	527	529	541	546	530	539	554	531	533	528	545	556	536	546	543	530	532	529	534	531	539	525	532	533	536	530	532	541	548	536	530	536	536	547	539	548	538	541	538	540	520	546	534	538	530	3628.116135
533	545	540	534	532	545	543	545	527	536	539	553	528	529	526	538	549	545	548	524	546	554	539	527	531	528	543	547	539	535	538	542	544	541	537	513	539	537	543	547	534	546	538	536	547	538	532	538	544	542	551	545	546	533	541	529	545	541	532	531	525	554	540	527	539	536	529	539	548	540	541	541	539	549	522	536	560	525	534	546	545	540	539	544	539	538	545	541	531	533	539	557	548	547	551	542	3628.888021
528	539	531	534	529	539	529	544	534	542	549	545	518	544	531	534	538	544	532	548	539	523	536	531	544	527	543	546	533	539	530	535	538	542	539	539	535	530	539	530	518	537	540	528	530	525	547	544	532	546	528	537	539	538	541	533	540	542	543	535	543	540	539	533	535	529	549	536	531	558	532	550	551	529	528	550	538	549	544	535	527	544	548	537	528	526	538	533	537	534	536	545	536	547	530	539	3629.651478
544	542	535	542	534	514	539	522	526	540	536	540	549	540	533	544	526	532	536	548	542	550	537	543	538	541	519	539	541	555	534	532	548	560	528	549	542	534	538	536	536	544	531	529	542	529	536	539	543	537	540	524	538	532	543	527	538	531	543	538	542	524	531	547	535	541	534	531	534	522	556	533	534	530	539	538	536	538	547	529	540	534	546	527	544	542	532	544	540	532	525	532	541	541	517	542	3630.414808
541	543	540	539	540	531	533	538	539	534	537	530	536	531	552	540	537	523	530	546	531	548	549	539	533	540	539	540	537	540	554	527	545	544	531	538	539	533	545	533	538	550	535	547	535	536	549	523	539	550	544	541	537	532	540	545	531	527	540	548	539	539	537	534	529	544	532	533	552	530	540	550	537	547	540	532	520	526	525	520	539	531	530	546	544	529	528	539	521	538	533	535	531	538	543	536	3631.186305
533	535	543	533	530	529	538	535	552	527	543	541	525	520	535	527	541	536	538	544	533	545	529	524	544	528	539	543	539	507	536	543	541	534	521	533	526	527	534	544	532	522	526	527	539	541	532	532	550	530	526	529	523	549	533	549	531	541	538	539	533	548	531	537	531	527	525	533	536	541	529	533	535	547	534	537	530	535	530	519	545	528	541	540	550	534	526	541	534	519	537	534	538	528	543	532	3631.949377
537	535	545	525	536	525	544	533	510	539	530	526	529	531	546	540	523	544	533	538	529	539	526	543	535	528	535	543	532	530	535	544	540	534	543	536	526	539	543	517	536	536	540	533	556	538	539	532	542	529	559	539	535	529	515	532	553	543	536	554	534	525	544	542	522	539	544	539	531	540	528	536	542	546	533	527	541	532	543	541	531	530	542	532	539	543	549	545	543	532	550	523	528	546	538	531	3632.712322
534	533	521	542	536	529	543	528	534	529	532	529	523	531	535	529	539	537	542	537	534	525	543	524	543	531	530	539	537	522	524	522	539	531	539	550	540	530	546	548	521	517	544	546	532	532	525	525	542	531	527	533	554	553	533	541	516	542	534	546	534	530	544	549	533	526	535	539	546	539	536	543	544	540	519	535	537	551	544	535	552	533	528	523	527	539	517	513	537	533	542	537	537	539	532	525	3633.475138
530	533	541	541	530	537	548	535	541	534	537	538	527	532	529	529	524	537	541	534	534	524	551	522	536	546	532	534	524	547	537	541	545	541	529	536	544	534	533	540	538	537	528	548	538	538	531	550	532	535	537	534	534	547	540	537	560	531	543	546	540	540	541	528	529	533	528	534	540	530	530	552	531	524	533	534	535	537	536	545	538	521	550	532	546	539	529	532	532	540	548	530	543	540	541	538	3634.237827
538	532	530	529	539	540	532	524	543	535	547	522	528	524	539	534	531	531	540	538	529	533	522	539	528	526	529	533	524	545	531	519	541	572	542	542	520	536	536	523	535	537	524	543	526	528	532	550	535	528	527	539	529	536	537	540	541	538	545	538	530	525	515	528	534	533	532	533	525	532	533	552	534	530	537	534	535	538	536	552	520	544	538	545	530	529	539	530	546	534	535	526	552	534	530	525	3635.000388
529	546	532	525	523	549	541	524	522	525	530	537	527	535	538	536	535	531	542	533	536	545	536	530	534	534	538	541	541	511	539	528	522	547	527	538	531	540	524	524	528	538	519	545	526	530	535	536	523	539	541	537	539	537	541	532	525	546	542	527	536	529	545	541	542	537	551	544	536	542	532	518	533	534	550	534	525	525	534	538	530	523	534	537	536	535	549	546	536	531	532	525	531	537	536	531	3635.754535
544	530	537	535	533	536	533	537	537	547	541	527	533	541	537	541	543	536	519	541	538	530	532	533	529	534	535	536	539	534	529	524	535	544	537	541	549	542	548	545	521	534	542	532	531	517	545	536	539	529	524	525	542	532	532	531	534	539	532	540	534	527	529	532	539	552	544	535	542	536	551	535	536	532	542	543	524	545	540	536	541	546	542	555	540	553	530	530	538	541	548	549	548	533	542	530	3636.516842
539	523	526	547	534	552	528	534	550	529	518	526	521	531	536	529	525	525	535	541	541	539	543	537	535	535	538	524	544	526	531	535	541	522	544	542	541	538	541	533	544	528	543	527	540	537	522	544	546	543	541	525	535	531	534	533	538	545	542	546	528	546	537	536	538	539	530	533	536	542	535	526	541	519	525	522	543	532	538	539	534	537	538	529	530	530	557	538	540	551	537	540	536	546	525	539	3637.279022
539	534	532	534	546	536	540	526	526	543	532	544	544	536	538	539	533	536	526	548	535	529	533	526	536	551	531	534	530	531	519	534	532	528	554	540	544	530	529	532	529	540	537	524	532	533	537	542	533	539	533	525	528	537	552	534	543	545	531	539	523	527	522	529	548	532	527	534	538	537	545	533	521	532	540	545	540	519	532	543	522	533	536	540	546	534	518	536	537	528	532	532	536	535	541	553	3638.032791
545	536	525	537	515	542	539	534	538	543	523	528	543	533	537	529	542	539	543	534	540	525	528	532	543	540	521	551	523	529	543	536	545	537	531	530	531	525	533	532	526	527	535	534	541	550	534	533	541	531	517	539	531	543	530	534	537	527	520	536	536	524	527	517	528	540	532	540	522	526	530	546	539	539	542	524	537	539	544	542	526	533	528	548	520	539	529	557	521	539	536	527	541	536	533	520	3638.786436
541	533	540	522	507	532	515	533	518	518	529	527	524	538	539	532	544	528	538	546	545	544	533	526	531	535	537	529	528	536	530	537	535	535	539	528	534	543	535	530	530	536	527	535	540	529	528	537	525	533	532	530	536	549	543	534	538	516	537	530	540	526	525	534	529	535	537	537	536	520	536	519	524	541	528	524	508	528	529	542	533	539	537	533	541	536	532	533	534	528	517	532	524	532	533	543	3639.548235
538	538	534	531	541	537	528	538	545	538	526	536	542	521	529	532	533	552	535	522	530	536	542	536	529	545	531	524	535	540	541	538	544	545	529	540	527	527	533	535	528	542	536	530	531	534	523	534	536	537	544	538	538	529	538	535	530	539	532	529	535	529	533	532	537	524	535	546	533	524	531	539	536	523	534	544	537	524	540	548	529	537	528	529	528	544	538	543	557	539	536	538	525	531	532	531	3640.301629
537	537	541	529	531	532	534	540	527	538	530	543	520	547	531	530	527	529	552	519	536	524	533	524	527	546	533	533	519	535	533	529	535	531	539	546	528	545	530	534	530	533	542	524	544	540	531	537	550	530	537	541	537	533	522	546	533	537	527	541	525	536	515	532	522	536	533	534	536	541	529	531	535	543	530	526	540	524	526	537	546	529	527	541	549	527	537	527	526	531	524	532	547	537	521	535	3641.054898
542	530	540	536	541	543	540	521	528	534	530	539	521	540	530	527	522	531	543	534	538	543	534	540	536	542	536	541	537	537	520	533	526	531	542	525	523	545	537	526	534	532	541	548	538	531	535	535	537	542	527	524	531	526	538	539	526	519	506	543	536	529	537	545	536	535	536	526	543	531	532	528	531	530	522	528	526	538	537	541	529	535	538	530	538	532	532	528	532	534	529	531	548	527	529	532	3641.808042
541	535	531	536	542	517	534	532	542	531	537	531	541	532	542	533	529	550	543	534	531	527	541	531	557	540	530	541	540	517	544	526	534	526	535	536	525	531	539	527	532	537	529	523	531	532	534	542	531	535	546	531	535	543	537	541	539	532	533	532	551	539	537	519	537	530	542	537	526	530	540	539	529	551	528	532	559	532	527	533	518	529	530	543	543	535	532	539	532	542	527	545	532	535	542	518	3642.561061
530	528	526	532	523	538	531	528	534	526	530	524	526	541	531	538	528	532	530	523	545	525	530	535	531	548	528	530	519	524	525	523	524	545	515	530	518	531	526	532	532	526	530	534	526	526	544	540	520	539	540	537	534	527	534	538	533	527	533	532	543	535	530	544	542	533	537	534	532	531	532	526	527	532	538	538	529	526	537	524	530	523	529	543	540	530	536	528	532	524	532	515	526	538	531	543	3643.313956
537	525	538	539	533	521	528	520	536	531	523	536	545	524	532	529	537	530	535	534	521	519	526	535	533	534	531	529	528	539	539	541	538	522	540	538	524	526	534	526	533	541	540	529	527	543	522	528	533	536	541	542	539	550	536	544	524	527	532	522	530	537	524	534	525	533	532	539	522	527	537	545	537	533	527	531	523	534	533	537	541	538	522	528	535	538	537	531	525	535	534	530	528	540	531	541	3644.066726
536	528	533	531	543	533	543	531	519	549	542	530	537	535	526	534	528	532	536	541	526	534	544	548	532	526	514	534	528	535	528	531	528	529	530	537	540	544	536	531	537	527	534	530	523	531	538	526	524	541	543	539	544	519	543	533	541	526	525	543	539	529	527	545	525	539	532	526	542	531	533	532	527	517	537	519	537	531	529	542	524	530	547	529	529	517	529	542	532	527	526	527	540	541	536	533	3644.819371
533	516	537	536	528	529	522	539	528	539	532	537	517	547	533	537	531	543	541	540	528	536	516	537	535	532	529	541	533	531	544	542	523	542	541	539	528	540	538	536	539	534	537	533	528	534	527	535	540	530	542	539	540	529	534	531	531	541	550	535	530	520	548	527	528	524	527	541	529	541	541	537	523	528	539	532	532	521	532	540	537	537	523	537	533	523	534	545	534	533	530	534	536	531	534	528	3645.563624
531	526	532	518	538	525	540	537	542	538	538	548	538	521	529	538	553	535	521	542	530	546	532	522	530	526	534	540	536	533	541	525	541	535	528	539	535	541	530	543	528	526	538	532	531	547	546	528	535	543	543	525	545	528	534	536	536	539	541	532	531	513	525	535	557	536	533	543	543	522	541	547	525	544	540	540	540	534	541	518	535	533	540	531	535	532	534	533	537	530	540	538	537	530	536	533	3646.316021
528	535	535	529	518	535	542	538	534	531	537	532	531	528	535	531	534	530	524	532	540	527	534	527	533	529	528	526	530	546	538	540	553	546	537	537	537	539	523	538	529	541	531	542	533	547	537	526	541	531	535	531	528	534	537	535	540	527	505	537	535	546	534	539	530	532	534	527	519	527	526	541	541	553	527	525	518	546	540	523	538	524	535	538	536	527	529	529	541	528	534	546	530	517	538	536	3647.060029
527	524	544	533	534	532	525	529	532	530	536	535	527	533	544	532	508	520	520	524	532	528	527	544	539	546	528	515	529	527	530	530	541	522	523	536	532	531	534	532	536	526	542	539	535	515	534	525	542	527	538	530	532	531	533	540	532	538	528	527	533	535	529	542	537	536	535	514	536	519	540	527	543	531	528	530	525	529	520	530	502	528	531	522	519	545	533	532	533	532	534	528	513	529	521	536	3647.812179
524	535	524	540	527	538	547	543	525	527	535	532	524	529	540	548	526	534	517	541	533	537	536	524	520	541	541	522	529	535	548	540	525	527	538	524	527	550	537	530	538	536	544	534	537	528	534	535	523	530	526	522	526	539	544	537	534	538	529	534	525	537	526	524	529	524	527	539	515	530	523	530	545	525	522	533	530	547	543	522	534	534	536	525	527	523	536	535	539	536	523	542	532	535	518	529	3648.555941
536	535	540	523	537	527	536	529	531	529	538	526	526	537	532	523	513	538	537	520	539	526	523	525	543	530	516	531	532	540	524	526	534	533	526	530	536	530	535	539	524	532	540	525	527	532	532	531	540	535	531	528	536	531	519	536	528	531	530	545	529	537	532	546	530	528	519	533	539	548	548	538	541	520	529	533	525	528	537	536	527	524	532	552	540	532	523	541	530	521	533	540	546	526	528	546	3649.299582
532	516	532	535	534	519	541	533	544	534	549	535	522	528	541	526	528	532	529	544	523	537	530	528	531	528	538	542	532	531	537	526	544	531	528	536	531	537	541	537	534	515	542	522	534	525	549	524	532	534	529	527	525	531	526	544	531	527	535	534	534	536	520	530	521	536	541	526	540	536	532	540	530	527	528	534	521	536	537	533	523	538	534	542	550	531	532	552	527	530	520	529	526	528	537	536	3650.043101
535	535	546	529	519	539	530	536	532	528	540	536	542	542	533	541	536	527	526	549	542	531	545	533	543	537	531	538	526	526	526	519	532	532	523	523	521	518	542	533	537	532	521	535	528	534	521	527	526	528	541	528	542	536	533	525	527	533	537	531	546	525	534	522	541	543	538	528	532	519	528	545	545	532	540	524	536	512	530	542	522	529	529	529	527	530	534	535	534	531	534	534	526	525	533	533	3650.794758
521	537	527	529	532	525	535	532	529	530	537	536	530	516	519	527	522	523	541	536	520	543	528	531	536	541	516	530	542	536	535	528	542	532	527	522	534	541	538	539	540	546	528	529	520	531	522	525	525	530	535	532	532	531	528	534	537	541	532	532	525	537	525	525	524	521	530	540	529	538	527	539	538	532	528	539	530	534	535	534	537	527	539	521	513	526	554	536	529	531	530	532	509	534	538	525	3651.529775
534	521	520	530	524	536	519	538	523	532	534	531	540	515	532	533	546	531	539	523	545	533	539	535	530	529	530	539	527	526	530	524	537	518	531	532	527	539	539	525	530	531	529	533	528	537	534	528	535	535	543	539	533	546	524	532	539	526	535	537	513	530	526	533	525	508	529	533	535	523	533	523	533	534	525	528	539	534	526	520	520	537	541	534	530	531	536	519	519	529	530	533	538	534	524	537	3652.272929
534	541	526	543	527	523	531	520	527	534	531	527	536	538	525	528	521	534	529	527	530	529	540	543	518	528	527	541	535	536	519	532	533	518	524	529	541	522	538	542	538	544	526	526	534	528	544	539	535	535	529	536	535	517	526	520	540	535	522	516	540	539	526	533	527	560	523	545	547	515	535	535	544	519	529	545	528	522	528	541	531	539	536	526	529	519	537	535	520	524	534	535	533	524	520	522	3653.015962
528	527	534	517	511	536	531	522	528	530	517	525	529	527	531	534	528	530	528	540	536	528	533	518	530	532	530	521	537	511	528	540	517	542	521	533	519	518	512	513	539	529	542	532	527	528	521	514	528	540	530	532	539	519	536	538	531	528	527	537	535	545	533	530	518	543	541	529	514	520	534	526	534	523	534	527	532	518	538	528	530	535	539	537	524	535	532	538	538	518	522	532	529	522	531	527	3653.758873
525	532	517	530	526	530	531	537	533	526	536	537	531	534	534	525	531	523	526	534	524	527	527	517	529	530	537	531	546	521	522	540	527	539	529	530	527	534	531	535	528	508	533	539	526	531	519	539	543	528	526	536	529	544	536	541	537	538	541	522	537	515	528	523	533	534	517	533	543	524	527	545	526	526	541	525	526	534	526	517	515	525	535	524	529	524	532	528	528	530	527	541	534	519	520	519	3654.501663
525	529	541	547	526	541	527	526	531	524	543	530	538	538	536	533	537	520	531	532	535	527	533	532	524	534	534	518	527	522	535	523	525	529	532	540	527	524	534	535	494	531	535	520	515	524	522	527	536	529	529	534	529	533	531	528	524	534	530	522	538	529	536	543	521	529	519	537	520	524	524	544	545	529	532	540	539	529	533	525	536	527	535	539	527	536	515	519	543	534	536	526	540	524	522	541	3655.23608
526	543	517	521	523	529	531	529	525	530	548	522	526	519	531	529	526	533	521	523	536	531	518	514	532	539	542	536	538	531	526	531	536	523	532	523	519	526	535	533	527	518	526	526	536	536	538	537	536	534	530	535	526	530	531	529	518	543	516	532	527	536	540	524	532	526	527	519	538	535	523	538	543	536	520	539	535	530	533	542	538	531	529	530	534	526	527	532	531	533	534	521	536	527	534	552	3655.978628
523	530	524	532	531	533	527	525	526	538	522	526	551	533	521	535	516	524	529	513	540	522	525	543	532	537	534	522	516	530	531	539	517	520	543	532	548	536	534	519	515	537	539	517	515	525	528	525	526	522	534	536	532	548	529	539	540	529	520	529	532	518	523	533	542	529	525	529	534	545	541	513	532	534	522	540	538	522	539	533	530	523	518	527	534	524	535	530	531	535	525	531	538	532	544	538	3656.712806
539	532	538	522	525	533	530	535	530	534	521	517	529	530	521	521	542	530	529	536	541	529	518	525	544	526	539	535	545	535	525	537	515	527	522	540	520	531	526	538	522	526	535	516	531	526	524	534	532	515	529	536	526	528	525	521	518	536	535	530	521	529	525	532	533	535	536	525	522	529	536	533	528	519	537	539	517	529	545	530	534	530	521	526	526	523	522	523	533	519	545	530	526	533	522	529	3657.446866
520	535	532	523	529	532	527	543	530	524	522	547	531	527	538	525	523	539	534	524	536	522	539	518	539	518	530	537	541	530	536	521	537	522	525	526	524	523	534	527	533	520	535	524	527	530	529	539	529	531	532	528	531	528	528	546	536	530	518	533	513	520	525	531	530	518	524	523	526	533	525	528	524	530	546	533	524	528	526	533	526	521	527	532	533	524	534	537	530	532	523	547	530	524	523	523	3658.189053
532	524	535	525	521	530	541	538	521	524	523	525	525	518	538	525	524	529	535	531	515	532	512	520	522	522	524	535	526	531	528	510	547	511	522	533	539	541	530	516	535	530	524	530	531	527	524	524	524	525	530	524	532	537	534	545	531	543	528	536	519	523	518	523	533	530	529	532	544	515	532	521	537	528	526	541	522	537	523	537	529	530	533	539	510	524	531	520	526	527	537	519	529	524	534	529	3658.922874
517	530	527	541	531	522	528	527	513	531	530	529	520	532	522	527	524	518	531	531	523	529	529	529	524	524	529	527	522	519	515	526	524	524	529	520	519	528	533	523	526	522	532	533	515	521	523	526	526	530	528	515	530	527	524	512	524	526	528	540	541	559	529	527	528	527	523	531	531	537	526	526	523	513	533	529	539	528	531	525	527	525	525	533	517	531	533	530	527	529	523	524	535	523	517	527	3659.656576
528	526	531	522	527	528	527	517	527	543	526	535	525	525	528	530	542	526	521	524	524	519	527	517	536	528	532	532	520	522	534	532	526	521	529	522	525	533	519	519	524	532	532	529	533	527	533	521	530	518	519	519	533	524	535	518	520	531	526	523	532	536	529	534	529	522	538	518	514	545	536	528	531	525	526	524	535	531	534	522	540	533	535	539	527	528	529	524	536	527	520	542	535	537	540	527	3660.39016
530	520	530	545	532	525	525	518	534	539	525	534	524	534	529	515	518	538	522	524	539	519	518	536	532	518	525	530	531	525	524	530	523	520	532	530	523	520	534	519	535	522	539	521	517	526	525	532	527	530	521	528	535	523	530	531	535	530	526	521	531	553	520	525	536	525	536	519	544	528	535	553	533	525	533	536	522	526	533	530	526	514	520	527	526	527	528	536	536	522	533	533	524	525	528	525	3661.123626
547	512	532	533	519	510	536	535	527	534	526	513	541	533	522	534	534	524	540	524	524	544	526	532	528	535	535	533	528	544	530	525	524	523	512	528	520	533	523	526	524	524	514	524	534	517	531	527	532	529	537	529	523	521	528	517	530	535	525	540	512	526	527	539	530	526	528	521	531	528	521	522	521	522	534	545	530	528	532	559	521	535	530	528	538	533	516	534	530	533	534	538	513	530	524	534	3661.848733
516	533	539	519	529	537	526	512	530	538	537	535	516	536	528	535	528	525	530	524	535	536	523	534	527	535	517	519	534	518	539	521	529	532	524	531	522	527	513	528	531	529	505	531	523	526	533	540	524	532	524	543	533	523	523	527	533	532	539	528	543	528	527	525	531	531	524	524	522	534	528	522	528	535	512	544	524	538	511	523	525	526	531	525	526	525	532	538	529	518	531	528	529	540	526	515	3662.581963
532	522	530	523	528	521	523	536	522	528	514	531	535	531	525	527	521	522	529	530	528	529	525	522	535	524	530	529	524	532	515	535	531	529	520	519	524	534	533	520	522	535	557	526	529	529	516	517	526	515	518	533	526	517	537	521	522	517	526	540	518	531	532	534	536	533	541	525	526	526	525	522	532	520	540	521	545	527	530	527	536	539	537	525	539	522	531	535	506	528	516	527	527	519	523	525	3663.315074
523	536	528	517	530	533	524	524	536	533	528	528	525	515	517	528	528	529	529	536	539	520	530	520	516	524	519	517	528	527	532	520	520	518	518	515	531	528	525	526	546	521	528	540	521	524	524	530	532	538	538	510	527	501	527	531	522	529	524	518	522	541	527	540	531	525	522	525	530	530	538	521	518	527	521	525	512	513	527	526	525	522	516	520	522	514	521	535	529	520	531	530	533	524	529	544	3664.039832
536	528	535	530	536	527	524	522	513	539	518	524	541	528	537	517	511	527	528	524	534	531	514	528	525	526	514	528	528	518	526	520	527	515	517	528	536	527	534	529	524	507	523	530	519	536	526	524	528	536	542	544	528	527	519	532	522	518	522	521	523	531	511	523	525	521	525	535	533	529	530	532	517	527	525	533	523	535	524	528	522	515	530	530	530	524	534	530	526	534	532	516	526	532	533	530	3664.772708
522	529	526	518	527	527	533	535	521	530	535	534	520	530	525	523	521	529	534	523	522	522	535	528	516	540	520	528	525	515	521	531	539	528	517	519	532	539	529	521	536	539	526	516	514	529	538	517	530	536	515	536	539	517	519	526	527	521	539	520	522	530	526	521	533	534	517	529	536	522	515	542	532	536	520	516	521	530	524	525	523	523	538	517	534	526	522	536	515	533	530	534	536	527	531	519	3665.497232
529	533	540	536	544	536	522	542	521	526	530	522	520	523	524	515	537	518	529	531	519	510	536	527	516	528	516	523	522	524	533	530	531	519	522	526	515	522	531	514	537	531	519	530	519	524	537	537	537	524	523	523	522	543	537	529	534	532	534	520	532	514	515	519	520	520	512	536	534	523	522	537	527	538	543	518	529	539	537	538	534	528	527	532	538	522	524	509	525	524	523	523	531	525	515	533	3666.229873
516	524	526	526	528	531	523	529	527	541	517	535	530	522	530	522	522	533	535	520	529	511	529	525	535	524	535	526	523	529	517	542	522	512	530	514	535	529	523	527	534	533	537	520	531	530	526	533	527	542	528	521	532	525	539	521	521	524	537	531	535	525	512	523	544	520	534	533	530	536	533	519	524	527	512	524	517	528	536	531	526	524	528	519	516	526	518	526	538	528	522	530	526	527	522	521	3666.954165
520	525	534	527	532	522	535	535	524	537	516	522	542	531	530	535	525	534	538	536	535	526	539	518	527	527	526	536	526	519	523	514	524	532	531	536	522	531	537	520	536	528	518	524	524	519	527	521	509	509	522	529	525	531	515	525	526	519	521	527	515	514	531	524	522	527	526	533	533	528	528	516	523	526	519	523	521	511	520	535	521	525	523	528	528	514	511	511	521	525	529	516	532	524	518	525	3667.678342
533	536	522	532	521	536	540	528	524	532	535	522	546	530	535	514	513	529	521	527	535	532	538	533	538	536	535	539	535	520	522	537	519	537	521	538	539	532	519	534	526	534	526	537	531	528	521	529	528	522	529	521	513	530	541	544	537	529	527	521	538	523	524	529	519	521	523	529	520	525	529	525	532	530	533	539	529	532	533	528	551	518	530	535	529	540	532	544	529	528	533	531	533	521	534	537	3668.402402
540	510	522	525	518	535	513	513	537	528	529	524	521	519	517	526	529	529	534	538	543	528	530	513	532	532	526	538	522	530	529	529	526	512	529	515	515	530	516	530	524	522	526	517	529	532	521	524	531	530	524	524	526	523	528	526	517	540	521	535	536	525	534	529	521	534	513	524	527	535	520	524	528	521	519	527	529	528	532	522	530	515	547	520	530	519	529	535	533	525	529	540	517	529	513	523	3669.126348
525	538	534	526	524	533	508	528	521	521	517	528	525	520	527	524	521	536	522	529	519	524	532	522	530	525	517	520	522	528	525	523	533	530	523	529	528	530	513	523	520	539	517	526	528	526	533	527	525	523	531	517	524	539	529	536	537	521	525	531	517	534	521	530	527	504	529	530	523	512	529	525	517	528	533	517	521	522	526	528	539	510	529	533	524	522	537	529	515	523	522	526	522	533	534	532	3669.850178
527	510	525	522	529	523	523	517	533	529	519	522	525	524	524	533	532	532	523	523	531	521	526	525	517	523	529	516	523	536	524	528	526	520	520	511	530	522	530	514	513	513	526	519	535	521	515	528	516	522	525	534	540	529	509	538	527	528	521	530	528	525	535	531	529	527	530	526	519	524	517	530	535	517	522	529	528	527	527	519	539	534	522	521	517	521	518	534	516	517	516	538	542	536	528	522	3670.573892
525	523	527	509	535	528	533	540	530	527	531	522	538	532	523	520	513	529	522	522	529	520	526	523	523	526	528	534	521	532	529	535	528	542	528	528	531	529	525	542	524	529	533	532	517	519	532	516	526	535	538	534	530	526	522	522	534	519	531	516	531	521	529	522	512	522	520	525	529	521	529	523	531	520	511	529	521	521	524	544	525	522	529	521	509	526	528	523	517	522	524	519	526	518	525	518	3671.289269
531	529	523	527	527	530	527	545	527	535	521	528	516	527	521	524	526	533	515	529	539	525	525	538	530	517	526	527	522	528	537	525	526	518	520	528	523	527	516	522	525	526	529	512	529	520	521	533	533	502	528	520	519	533	524	518	501	521	523	531	530	530	526	538	537	528	533	516	541	532	523	521	529	528	536	529	519	527	530	537	533	517	532	527	531	529	524	526	534	517	540	538	528	536	522	531	3672.012753
532	518	523	541	524	529	528	524	529	521	533	517	530	520	527	526	518	533	539	526	525	525	529	531	545	530	521	516	518	528	531	521	522	523	521	525	533	522	531	532	520	536	521	524	517	527	524	523	525	523	527	535	519	520	524	537	525	526	535	529	531	534	523	515	506	530	529	524	521	522	531	529	530	528	523	523	513	540	536	527	520	528	532	524	523	521	520	524	523	513	520	522	530	531	516	531	3672.727903
517	536	528	519	521	524	533	518	524	519	524	514	519	528	529	524	527	514	541	521	520	521	521	530	527	521	521	523	535	515	540	523	532	527	526	524	521	521	518	512	529	519	531	524	532	521	528	533	523	524	514	530	515	515	516	534	531	520	533	531	519	517	530	518	535	513	523	520	525	500	520	523	522	518	523	531	527	523	521	520	512	535	530	527	538	519	528	525	519	528	530	524	521	530	521	519	3673.451158
541	517	527	526	510	532	517	528	519	524	525	511	522	527	526	529	522	518	516	532	527	528	531	527	530	516	536	527	521	546	523	512	531	510	521	522	523	524	524	528	528	528	529	531	521	527	517	543	526	520	527	521	529	519	525	523	529	534	525	525	521	532	535	522	522	532	517	527	530	517	532	522	528	518	523	525	530	518	534	519	531	543	519	525	525	531	527	522	532	529	526	523	523	527	525	536	3674.166081
534	519	525	517	531	515	527	516	530	506	529	526	517	529	522	520	523	518	522	531	524	529	521	522	523	531	523	529	514	517	542	528	519	516	522	531	531	530	509	518	520	534	512	518	511	527	526	529	521	529	531	519	518	526	524	527	531	519	509	529	521	524	531	532	517	517	513	527	513	517	532	529	526	523	517	512	522	524	520	528	535	535	534	519	520	518	526	532	524	527	533	529	526	533	514	532	3674.880891
522	520	529	519	522	538	523	525	535	518	520	526	521	529	524	531	531	540	521	521	525	514	524	520	527	519	536	526	529	514	529	525	535	521	531	528	516	535	532	516	529	529	523	526	506	524	518	523	555	530	520	519	526	529	520	526	520	529	528	527	519	532	490	524	522	522	502	538	522	533	525	530	528	511	529	538	522	526	527	524	526	519	541	527	519	520	530	528	529	519	519	531	531	525	518	524	3675.603802
520	524	533	522	520	523	529	534	523	525	517	524	525	527	527	511	521	521	557	529	521	524	520	526	511	514	519	522	527	532	529	516	528	518	529	523	518	522	533	519	528	535	516	514	521	532	522	517	526	527	528	528	525	525	526	527	531	522	526	530	514	510	519	524	527	537	531	527	520	523	528	520	530	535	528	527	530	526	530	533	522	507	516	530	534	524	520	532	537	541	523	534	527	528	525	527	3676.318386
520	516	523	526	525	523	518	524	514	519	523	537	532	529	521	526	534	518	534	513	523	530	531	509	524	522	528	526	526	520	514	522	529	527	523	519	526	524	528	531	524	522	541	522	518	526	519	522	534	524	515	514	524	526	530	522	520	528	522	522	528	494	525	520	511	517	515	529	534	533	513	534	528	529	527	530	532	532	523	530	516	526	524	521	511	524	517	514	522	512	516	515	528	517	523	526	3677.032857
517	516	513	537	518	528	528	517	534	528	528	526	536	511	529	523	524	525	522	518	524	536	530	534	527	530	519	527	526	529	531	513	531	515	521	526	515	516	525	522	527	528	519	526	515	528	523	522	515	530	524	528	521	516	521	538	515	522	529	526	530	523	526	524	514	526	519	520	516	520	518	524	512	526	528	519	530	519	531	527	525	522	523	528	518	530	526	519	529	524	524	528	513	529	518	523	3677.747215
528	519	532	533	518	518	527	525	527	542	527	532	523	526	518	539	517	511	528	514	512	523	522	520	520	517	521	517	518	526	529	532	523	521	531	528	524	510	519	521	528	527	521	522	532	516	522	532	529	532	523	520	534	528	520	519	529	525	525	529	527	526	534	519	533	528	532	530	528	531	514	514	531	532	528	525	536	528	527	509	510	536	526	523	526	536	538	518	538	518	525	527	525	525	535	523	3678.46146
529	529	527	521	532	523	528	527	529	521	517	528	529	528	523	519	533	529	527	526	534	533	516	516	521	516	521	532	532	520	525	520	522	515	534	521	528	523	520	513	521	527	527	523	519	524	522	509	521	530	525	524	520	526	516	521	512	531	519	516	525	518	524	527	511	530	530	529	527	520	544	528	539	515	523	516	517	519	522	526	521	538	534	523	536	531	537	525	535	525	519	538	526	537	518	522	3679.167385
521	534	529	537	526	527	527	517	537	522	532	527	517	527	522	526	526	518	525	522	529	535	521	530	525	534	515	526	524	532	535	528	520	528	522	526	528	530	537	527	535	525	529	508	523	532	533	534	523	525	524	525	521	520	515	525	534	518	513	528	515	533	533	534	520	528	516	546	532	523	526	518	521	524	529	523	506	532	519	521	522	538	524	545	526	513	528	531	523	524	514	529	550	528	509	531	3679.881407
523	512	526	533	520	531	512	526	515	524	520	519	518	528	532	523	520	519	525	517	528	514	543	519	525	525	523	539	526	526	524	525	503	517	531	529	522	517	522	520	526	512	521	536	519	521	530	523	524	516	526	519	522	524	527	526	518	510	522	517	530	512	530	522	526	538	518	521	520	536	524	527	529	519	516	535	528	533	534	524	526	523	525	525	528	519	516	529	523	526	525	517	524	527	506	542	3680.595316
519	525	531	533	522	530	524	518	527	530	524	532	538	509	533	521	519	520	521	509	514	521	521	520	523	524	523	526	527	522	533	525	519	534	513	537	531	528	517	540	511	530	530	523	513	526	543	517	528	522	531	527	533	528	527	520	528	522	516	526	524	535	524	526	513	516	527	521	528	512	520	521	529	526	511	534	522	528	539	526	521	517	532	540	527	522	519	510	514	532	528	521	528	522	527	526	3681.300908
521	513	523	525	525	519	523	515	526	531	510	530	518	519	528	529	520	526	518	526	523	522	530	526	528	540	520	541	530	522	516	531	524	521	524	533	520	525	519	531	516	519	511	527	513	541	536	519	516	513	520	518	524	533	522	509	540	513	518	530	524	521	518	528	518	516	527	512	534	512	520	519	512	526	534	537	524	516	519	507	526	522	525	520	516	528	514	519	522	521	525	527	531	525	519	521	3682.014594
528	518	533	520	507	521	519	530	532	521	521	519	515	541	520	522	528	529	529	517	511	529	525	531	516	523	523	513	514	516	514	516	524	528	529	514	530	520	518	520	519	519	512	508	512	522	508	521	528	528	526	507	522	528	536	528	528	526	527	518	519	516	523	534	525	516	525	517	523	516	523	522	517	516	517	535	514	518	515	524	513	525	523	525	513	526	512	523	532	530	518	520	526	519	517	518	3682.719965
525	526	523	518	535	522	523	525	521	523	527	518	523	512	523	521	518	525	535	518	513	532	511	516	517	532	518	517	517	537	527	519	537	527	516	534	524	522	516	518	522	517	525	509	518	525	514	524	531	518	526	534	524	527	525	527	528	523	527	522	502	519	527	524	516	517	519	525	519	526	517	525	518	517	519	525	523	524	515	519	514	533	528	519	542	536	528	526	529	522	524	534	522	519	528	518	3683.425227
526	509	527	534	524	538	515	529	525	532	527	532	525	519	524	528	528	522	528	521	529	539	526	531	525	532	528	529	531	522	531	526	526	528	523	522	526	528	520	530	525	527	527	518	524	525	532	529	526	542	514	523	528	529	513	520	534	521	523	528	530	523	519	515	524	526	518	525	533	517	523	528	519	529	529	514	534	525	539	522	526	534	538	528	531	540	513	526	519	533	520	520	530	523	530	529	3684.130379
525	522	528	529	514	512	529	516	524	525	503	523	527	530	519	524	527	530	523	521	520	526	524	520	523	534	530	534	519	515	518	534	528	525	506	532	525	531	520	505	515	517	522	533	522	529	520	525	525	531	531	531	509	529	525	538	530	526	526	519	530	526	521	521	532	509	518	525	519	531	515	523	521	538	521	529	522	521	518	527	510	516	513	510	534	532	515	515	527	517	530	525	541	525	524	518	3684.83542
