TRUST_MDX_2024_03_02_PLT_01_WELL_C09_SAMP_033_ALQ_A_PNT_1_RND_1	TRUST_MDX_2024_03_02_PLT_01_WELL_C09_SAMP_033_ALQ_A_PNT_1_RND_2	TRUST_MDX_2024_03_02_PLT_01_WELL_C09_SAMP_033_ALQ_A_PNT_1_RND_3	TRUST_MDX_2024_03_02_PLT_01_WELL_C10_SAMP_034_ALQ_A_PNT_1_RND_1	TRUST_MDX_2024_03_02_PLT_01_WELL_C10_SAMP_034_ALQ_A_PNT_1_RND_2	TRUST_MDX_2024_03_02_PLT_01_WELL_C10_SAMP_034_ALQ_A_PNT_1_RND_3	TRUST_MDX_2024_03_02_PLT_01_WELL_C11_SAMP_035_ALQ_A_PNT_1_RND_1	TRUST_MDX_2024_03_02_PLT_01_WELL_C11_SAMP_035_ALQ_A_PNT_1_RND_2	TRUST_MDX_2024_03_02_PLT_01_WELL_C11_SAMP_035_ALQ_A_PNT_1_RND_3	TRUST_MDX_2024_03_02_PLT_01_WELL_C12_SAMP_036_ALQ_A_PNT_1_RND_1	TRUST_MDX_2024_03_02_PLT_01_WELL_C12_SAMP_036_ALQ_A_PNT_1_RND_2	TRUST_MDX_2024_03_02_PLT_01_WELL_C12_SAMP_036_ALQ_A_PNT_1_RND_3	TRUST_MDX_2024_03_02_PLT_01_WELL_D01_SAMP_037_ALQ_A_PNT_1_RND_1	TRUST_MDX_2024_03_02_PLT_01_WELL_D01_SAMP_037_ALQ_A_PNT_1_RND_2	TRUST_MDX_2024_03_02_PLT_01_WELL_D01_SAMP_037_ALQ_A_PNT_1_RND_3	TRUST_MDX_2024_03_02_PLT_01_WELL_D02_SAMP_038_ALQ_A_PNT_1_RND_1	TRUST_MDX_2024_03_02_PLT_01_WELL_D02_SAMP_038_ALQ_A_PNT_1_RND_2	TRUST_MDX_2024_03_02_PLT_01_WELL_D02_SAMP_038_ALQ_A_PNT_1_RND_3	TRUST_MDX_2024_03_02_PLT_01_WELL_D03_SAMP_039_ALQ_A_PNT_1_RND_1	TRUST_MDX_2024_03_02_PLT_01_WELL_D03_SAMP_039_ALQ_A_PNT_1_RND_2	TRUST_MDX_2024_03_02_PLT_01_WELL_D03_SAMP_039_ALQ_A_PNT_1_RND_3	TRUST_MDX_2024_03_02_PLT_01_WELL_D04_SAMP_040_ALQ_A_PNT_1_RND_1	TRUST_MDX_2024_03_02_PLT_01_WELL_D04_SAMP_040_ALQ_A_PNT_1_RND_2	TRUST_MDX_2024_03_02_PLT_01_WELL_D04_SAMP_040_ALQ_A_PNT_1_RND_3	TRUST_MDX_2024_03_02_PLT_01_WELL_D05_SAMP_041_ALQ_A_PNT_1_RND_1	TRUST_MDX_2024_03_02_PLT_01_WELL_D05_SAMP_041_ALQ_A_PNT_1_RND_2	TRUST_MDX_2024_03_02_PLT_01_WELL_D05_SAMP_041_ALQ_A_PNT_1_RND_3	TRUST_MDX_2024_03_02_PLT_01_WELL_D06_SAMP_042_ALQ_A_PNT_1_RND_1	TRUST_MDX_2024_03_02_PLT_01_WELL_D06_SAMP_042_ALQ_A_PNT_1_RND_2	TRUST_MDX_2024_03_02_PLT_01_WELL_D06_SAMP_042_ALQ_A_PNT_1_RND_3	TRUST_MDX_2024_03_02_PLT_01_WELL_D07_SAMP_043_ALQ_A_PNT_1_RND_1	TRUST_MDX_2024_03_02_PLT_01_WELL_D07_SAMP_043_ALQ_A_PNT_1_RND_2	TRUST_MDX_2024_03_02_PLT_01_WELL_D07_SAMP_043_ALQ_A_PNT_1_RND_3	TRUST_MDX_2024_03_02_PLT_01_WELL_D08_SAMP_044_ALQ_A_PNT_1_RND_1	TRUST_MDX_2024_03_02_PLT_01_WELL_D08_SAMP_044_ALQ_A_PNT_1_RND_2	TRUST_MDX_2024_03_02_PLT_01_WELL_D08_SAMP_044_ALQ_A_PNT_1_RND_3	TRUST_MDX_2024_03_02_PLT_01_WELL_D09_SAMP_045_ALQ_A_PNT_1_RND_1	TRUST_MDX_2024_03_02_PLT_01_WELL_D09_SAMP_045_ALQ_A_PNT_1_RND_2	TRUST_MDX_2024_03_02_PLT_01_WELL_D09_SAMP_045_ALQ_A_PNT_1_RND_3	TRUST_MDX_2024_03_02_PLT_01_WELL_D10_SAMP_046_ALQ_A_PNT_1_RND_1	TRUST_MDX_2024_03_02_PLT_01_WELL_D10_SAMP_046_ALQ_A_PNT_1_RND_2	TRUST_MDX_2024_03_02_PLT_01_WELL_D10_SAMP_046_ALQ_A_PNT_1_RND_3	TRUST_MDX_2024_03_02_PLT_01_WELL_D11_SAMP_047_ALQ_A_PNT_1_RND_1	TRUST_MDX_2024_03_02_PLT_01_WELL_D11_SAMP_047_ALQ_A_PNT_1_RND_2	TRUST_MDX_2024_03_02_PLT_01_WELL_D11_SAMP_047_ALQ_A_PNT_1_RND_3	TRUST_MDX_2024_03_02_PLT_01_WELL_D12_SAMP_048_ALQ_A_PNT_1_RND_1	TRUST_MDX_2024_03_02_PLT_01_WELL_D12_SAMP_048_ALQ_A_PNT_1_RND_2	TRUST_MDX_2024_03_02_PLT_01_WELL_D12_SAMP_048_ALQ_A_PNT_1_RND_3	TRUST_MDX_2024_03_02_PLT_01_WELL_E01_SAMP_049_ALQ_A_PNT_1_RND_1	TRUST_MDX_2024_03_02_PLT_01_WELL_E01_SAMP_049_ALQ_A_PNT_1_RND_2	TRUST_MDX_2024_03_02_PLT_01_WELL_E01_SAMP_049_ALQ_A_PNT_1_RND_3	TRUST_MDX_2024_03_02_PLT_01_WELL_E02_SAMP_050_ALQ_A_PNT_1_RND_1	TRUST_MDX_2024_03_02_PLT_01_WELL_E02_SAMP_050_ALQ_A_PNT_1_RND_2	TRUST_MDX_2024_03_02_PLT_01_WELL_E02_SAMP_050_ALQ_A_PNT_1_RND_3	TRUST_MDX_2024_03_02_PLT_01_WELL_E03_SAMP_051_ALQ_A_PNT_1_RND_1	TRUST_MDX_2024_03_02_PLT_01_WELL_E03_SAMP_051_ALQ_A_PNT_1_RND_2	TRUST_MDX_2024_03_02_PLT_01_WELL_E03_SAMP_051_ALQ_A_PNT_1_RND_3	TRUST_MDX_2024_03_02_PLT_01_WELL_E04_SAMP_052_ALQ_A_PNT_1_RND_1	TRUST_MDX_2024_03_02_PLT_01_WELL_E04_SAMP_052_ALQ_A_PNT_1_RND_2	TRUST_MDX_2024_03_02_PLT_01_WELL_E04_SAMP_052_ALQ_A_PNT_1_RND_3	TRUST_MDX_2024_03_02_PLT_01_WELL_E05_SAMP_053_ALQ_A_PNT_1_RND_1	TRUST_MDX_2024_03_02_PLT_01_WELL_E05_SAMP_053_ALQ_A_PNT_1_RND_2	TRUST_MDX_2024_03_02_PLT_01_WELL_E05_SAMP_053_ALQ_A_PNT_1_RND_3	TRUST_MDX_2024_03_02_PLT_01_WELL_E06_SAMP_054_ALQ_A_PNT_1_RND_1	TRUST_MDX_2024_03_02_PLT_01_WELL_E06_SAMP_054_ALQ_A_PNT_1_RND_2	TRUST_MDX_2024_03_02_PLT_01_WELL_E06_SAMP_054_ALQ_A_PNT_1_RND_3	TRUST_MDX_2024_03_02_PLT_01_WELL_E07_SAMP_055_ALQ_A_PNT_1_RND_1	TRUST_MDX_2024_03_02_PLT_01_WELL_E07_SAMP_055_ALQ_A_PNT_1_RND_2	TRUST_MDX_2024_03_02_PLT_01_WELL_E07_SAMP_055_ALQ_A_PNT_1_RND_3	TRUST_MDX_2024_03_02_PLT_01_WELL_E08_SAMP_056_ALQ_A_PNT_1_RND_1	TRUST_MDX_2024_03_02_PLT_01_WELL_E08_SAMP_056_ALQ_A_PNT_1_RND_2	TRUST_MDX_2024_03_02_PLT_01_WELL_E08_SAMP_056_ALQ_A_PNT_1_RND_3	TRUST_MDX_2024_03_02_PLT_01_WELL_E09_SAMP_057_ALQ_A_PNT_1_RND_1	TRUST_MDX_2024_03_02_PLT_01_WELL_E09_SAMP_057_ALQ_A_PNT_1_RND_2	TRUST_MDX_2024_03_02_PLT_01_WELL_E09_SAMP_057_ALQ_A_PNT_1_RND_3	TRUST_MDX_2024_03_02_PLT_01_WELL_E10_SAMP_058_ALQ_A_PNT_1_RND_1	TRUST_MDX_2024_03_02_PLT_01_WELL_E10_SAMP_058_ALQ_A_PNT_1_RND_2	TRUST_MDX_2024_03_02_PLT_01_WELL_E10_SAMP_058_ALQ_A_PNT_1_RND_3	TRUST_MDX_2024_03_02_PLT_01_WELL_E11_SAMP_059_ALQ_A_PNT_1_RND_1	TRUST_MDX_2024_03_02_PLT_01_WELL_E11_SAMP_059_ALQ_A_PNT_1_RND_2	TRUST_MDX_2024_03_02_PLT_01_WELL_E11_SAMP_059_ALQ_A_PNT_1_RND_3	TRUST_MDX_2024_03_02_PLT_01_WELL_E12_SAMP_060_ALQ_A_PNT_1_RND_1	TRUST_MDX_2024_03_02_PLT_01_WELL_E12_SAMP_060_ALQ_A_PNT_1_RND_2	TRUST_MDX_2024_03_02_PLT_01_WELL_E12_SAMP_060_ALQ_A_PNT_1_RND_3	TRUST_MDX_2024_03_02_PLT_01_WELL_F01_SAMP_061_ALQ_A_PNT_1_RND_1	TRUST_MDX_2024_03_02_PLT_01_WELL_F01_SAMP_061_ALQ_A_PNT_1_RND_2	TRUST_MDX_2024_03_02_PLT_01_WELL_F01_SAMP_061_ALQ_A_PNT_1_RND_3	TRUST_MDX_2024_03_02_PLT_01_WELL_F02_SAMP_062_ALQ_A_PNT_1_RND_1	TRUST_MDX_2024_03_02_PLT_01_WELL_F02_SAMP_062_ALQ_A_PNT_1_RND_2	TRUST_MDX_2024_03_02_PLT_01_WELL_F02_SAMP_062_ALQ_A_PNT_1_RND_3	TRUST_MDX_2024_03_02_PLT_01_WELL_F03_SAMP_063_ALQ_A_PNT_1_RND_1	TRUST_MDX_2024_03_02_PLT_01_WELL_F03_SAMP_063_ALQ_A_PNT_1_RND_2	TRUST_MDX_2024_03_02_PLT_01_WELL_F03_SAMP_063_ALQ_A_PNT_1_RND_3	TRUST_MDX_2024_03_02_PLT_01_WELL_F04_SAMP_064_ALQ_A_PNT_1_RND_1	TRUST_MDX_2024_03_02_PLT_01_WELL_F04_SAMP_064_ALQ_A_PNT_1_RND_2	TRUST_MDX_2024_03_02_PLT_01_WELL_F04_SAMP_064_ALQ_A_PNT_1_RND_3	RamanShift_cm_1_
526	524	513	526	527	553	530	531	527	529	519	524	531	528	514	519	535	510	529	518	523	530	525	519	537	514	511	525	518	511	519	529	529	537	530	522	533	521	515	523	529	542	543	528	529	527	533	526	518	531	536	538	513	516	519	523	509	533	520	533	523	519	536	517	524	526	515	514	540	525	518	530	524	526	519	527	527	512	532	520	531	521	522	522	527	515	526	535	531	522	529	523	516	525	535	520	142.1739879
524	521	517	536	508	523	534	521	531	534	529	521	529	531	535	548	532	527	528	526	522	533	515	525	536	532	534	519	519	533	524	526	528	530	531	528	528	524	530	517	530	534	521	501	524	527	522	540	527	523	533	540	528	523	528	526	530	525	523	521	530	519	528	552	526	511	529	515	539	516	528	532	534	524	530	520	524	528	529	539	536	528	521	519	519	509	531	529	526	533	525	522	534	536	535	508	145.838345
525	522	518	532	526	517	524	517	524	519	536	522	528	515	516	519	517	514	538	525	521	534	520	533	525	511	520	526	525	518	524	522	528	521	532	538	523	530	526	517	527	524	526	530	527	539	522	521	529	511	520	532	520	530	525	525	533	530	526	524	530	525	519	517	533	538	531	522	523	525	531	518	521	515	529	510	528	526	538	516	530	525	536	514	522	533	538	522	533	522	523	510	527	537	540	517	149.4847215
529	529	539	530	528	520	521	524	534	535	527	530	534	521	524	527	527	517	516	523	516	516	521	528	524	543	534	516	524	532	533	517	528	532	535	521	530	515	521	517	526	532	528	513	514	553	518	518	520	530	527	515	539	525	531	521	525	522	535	515	534	526	525	519	526	528	536	528	515	538	527	531	524	534	521	522	529	521	534	522	535	539	523	540	526	523	535	555	523	520	517	514	527	521	527	521	153.1448271
530	528	517	530	527	526	521	506	524	534	517	528	519	520	532	534	518	512	533	521	526	528	527	518	520	529	536	502	517	519	525	534	515	537	526	527	518	517	516	547	533	521	523	524	538	527	535	525	527	536	529	540	527	527	524	523	530	535	528	527	531	525	542	533	529	524	528	525	530	538	522	528	513	519	522	528	509	526	531	510	523	507	529	516	526	533	534	518	529	523	532	521	528	526	522	516	156.7869742
544	520	518	516	529	524	535	517	535	538	534	513	531	527	523	524	533	524	534	502	524	533	525	531	536	515	522	534	516	524	531	539	527	552	513	507	532	523	525	532	520	526	525	542	531	531	523	523	522	517	521	525	518	521	520	536	533	528	512	519	527	539	519	521	518	532	519	525	532	511	528	538	529	521	525	531	529	528	522	526	538	519	525	524	520	522	503	525	538	535	523	525	511	527	546	529	160.4428357
530	523	530	534	514	530	527	523	535	520	524	525	532	526	528	539	527	526	528	517	529	531	515	526	522	520	521	522	524	528	527	527	537	515	530	530	529	523	517	526	524	514	523	530	526	529	529	512	531	527	520	530	514	533	508	521	528	520	527	523	531	529	523	522	522	528	524	530	531	505	513	524	525	529	517	536	530	523	531	516	532	519	533	513	525	529	531	525	525	529	525	524	525	529	507	525	164.0807608
520	528	516	538	523	514	531	531	534	525	529	518	528	518	533	520	517	516	525	521	507	524	525	531	509	543	514	522	526	530	525	531	521	522	521	515	514	527	517	523	515	522	532	527	515	517	523	527	521	519	510	518	514	523	536	539	521	526	526	525	526	525	520	520	528	532	530	512	515	523	522	520	531	530	525	528	537	527	515	533	532	524	522	526	541	524	536	518	514	523	519	526	538	510	538	533	167.7165821
534	523	532	540	520	506	518	529	513	514	530	520	532	528	515	524	514	528	531	513	537	512	520	526	527	517	514	508	519	510	518	524	531	529	523	524	525	518	529	518	519	523	519	533	531	527	523	527	531	530	525	531	524	521	517	523	530	511	526	540	527	532	530	510	508	527	535	536	518	545	529	530	521	518	533	517	514	516	536	502	519	534	521	526	523	517	516	515	520	522	537	511	518	528	533	524	171.3503016
526	500	535	526	525	533	517	526	524	525	520	533	534	535	521	526	526	534	527	525	530	519	519	532	525	521	529	528	516	524	522	520	533	529	520	518	527	526	521	530	532	516	536	527	524	528	522	538	523	528	521	532	535	520	509	522	527	529	525	529	528	540	522	534	533	522	522	537	515	2411	530	526	534	524	538	523	526	525	524	520	522	534	516	515	518	514	527	512	502	535	505	524	525	531	542	512	174.981921
531	532	519	537	521	529	519	521	525	531	531	530	537	524	523	525	527	550	524	509	530	538	531	530	526	519	522	524	528	525	528	517	537	520	536	513	523	520	518	526	521	524	539	516	519	529	522	528	528	526	529	516	529	540	529	528	518	528	527	537	530	527	525	540	540	534	522	527	526	2883	518	532	524	519	532	525	528	519	539	514	539	534	519	529	529	537	515	523	536	522	518	528	529	524	522	529	178.6114422
538	525	512	517	529	533	535	530	543	532	528	527	529	522	529	534	535	522	516	532	520	522	527	513	527	525	531	534	536	541	537	521	528	507	529	536	535	527	518	531	527	527	528	514	528	528	519	520	522	531	524	516	525	524	533	523	527	527	523	539	535	527	530	535	530	520	526	541	540	1096	518	529	528	524	523	520	523	528	529	528	528	517	522	536	535	532	523	532	526	532	516	521	524	527	530	526	182.2388669
512	514	525	524	531	513	528	520	514	527	513	535	524	544	532	531	529	522	521	522	529	521	521	524	519	525	527	521	535	519	532	541	521	523	529	531	521	529	523	515	528	523	513	518	531	524	505	514	517	521	524	520	521	524	539	534	508	524	516	525	530	532	534	525	512	522	519	523	524	519	526	519	504	521	514	529	509	511	527	519	546	532	536	519	517	517	498	527	536	517	524	526	520	525	506	509	185.8484393
526	527	525	524	524	524	522	526	525	531	525	527	531	528	529	529	523	524	519	515	508	533	523	526	522	521	531	521	519	528	526	523	526	519	526	522	533	527	547	530	527	519	522	530	510	518	516	545	524	523	528	522	525	531	531	511	539	525	535	525	546	519	535	529	525	524	534	520	521	529	537	528	511	519	521	524	522	527	532	525	535	517	519	527	538	519	527	523	518	520	526	525	530	525	530	529	189.4716857
533	531	537	523	527	515	527	513	527	520	523	535	524	545	526	535	531	533	524	533	523	522	540	529	526	510	526	535	528	526	530	531	526	528	524	516	528	525	530	525	522	519	520	527	525	519	521	528	531	520	523	522	540	534	518	528	522	536	517	529	521	531	519	536	518	530	525	529	533	536	530	524	525	522	536	519	527	517	527	516	529	545	518	526	534	528	541	510	514	529	531	517	524	533	540	531	193.0771015
527	521	522	522	538	525	523	530	526	519	512	516	533	521	523	529	524	524	533	520	518	532	527	520	513	541	529	531	512	524	514	533	534	534	533	527	536	511	503	517	524	535	533	513	524	521	534	527	542	508	527	531	528	523	524	526	531	525	522	523	532	519	523	529	511	526	535	536	537	537	522	538	519	535	530	532	534	523	526	528	526	533	525	539	535	527	516	524	540	530	521	517	530	522	533	537	196.6804463
512	526	535	519	530	527	537	522	534	526	527	505	523	523	528	531	528	528	535	527	515	511	537	517	520	524	528	516	522	520	536	515	526	521	530	523	524	528	530	530	530	535	523	523	534	530	508	521	520	523	517	526	524	534	530	517	515	527	533	528	532	527	523	528	534	527	524	510	518	511	535	531	510	528	514	520	538	531	521	532	533	517	522	529	516	517	527	519	524	515	525	535	529	531	516	523	200.2974433
522	527	525	524	525	528	517	528	522	521	517	518	521	538	533	533	531	530	533	528	531	525	524	521	522	524	524	525	522	526	532	527	526	522	529	531	518	522	530	530	528	523	529	524	538	540	518	523	517	525	519	521	530	524	533	536	523	531	533	530	522	531	520	524	521	541	534	523	520	520	529	528	525	531	537	534	528	529	529	520	530	513	540	523	532	530	515	531	527	530	522	528	525	526	513	511	203.8966422
531	528	522	528	523	533	521	527	526	523	524	536	525	528	521	528	526	529	516	523	536	504	515	533	524	514	528	540	519	516	521	524	525	528	519	525	522	524	530	521	530	517	520	540	516	527	539	518	534	513	523	518	526	512	527	518	530	522	535	524	520	536	514	538	524	523	519	521	521	528	538	516	523	510	530	529	529	523	531	520	524	523	520	528	531	522	517	521	527	529	531	533	530	516	523	535	207.4937755
530	521	525	510	532	539	526	526	535	527	516	518	521	518	511	518	520	522	535	519	525	541	522	518	535	528	533	538	526	526	525	522	535	532	521	519	522	533	510	526	515	530	528	518	526	527	514	518	520	521	539	523	536	510	525	520	532	522	520	530	520	513	520	533	538	519	533	516	519	531	520	539	520	517	544	530	528	529	521	523	549	528	532	516	532	533	525	538	538	526	528	522	518	523	528	521	211.0731503
521	530	527	522	535	536	531	523	518	526	537	526	514	531	526	522	530	520	529	519	526	539	522	528	532	521	527	523	527	521	513	524	524	520	523	513	534	535	530	518	528	514	536	528	521	521	513	516	537	538	526	524	519	535	533	526	533	521	532	530	530	514	529	518	538	514	520	517	528	529	526	528	519	519	534	523	531	525	526	523	514	528	528	523	525	531	526	516	519	520	532	525	531	519	527	527	214.6661664
525	516	534	513	542	523	519	532	520	524	526	518	517	530	526	521	520	510	528	538	517	525	523	526	530	522	532	523	535	525	527	517	515	519	526	515	524	537	519	525	518	523	518	519	529	537	527	523	524	537	520	529	532	525	528	542	521	517	515	528	540	536	516	527	526	533	518	517	531	527	529	517	521	525	530	543	529	531	543	525	525	537	524	535	520	519	511	513	525	518	531	528	528	533	524	529	218.2571221
525	520	522	539	540	528	554	519	519	510	524	514	521	534	523	511	528	526	517	534	541	520	520	535	532	519	537	527	519	516	515	533	520	525	525	519	524	523	522	527	534	527	532	513	530	528	525	534	524	523	525	516	518	521	523	518	535	512	519	526	534	515	519	528	518	525	529	523	533	530	527	533	539	519	520	519	531	518	532	525	521	520	540	520	520	533	518	529	540	527	542	524	525	524	520	520	221.8460193
521	518	527	517	528	511	516	536	526	517	523	523	521	513	517	508	519	517	536	521	520	514	530	533	517	522	536	528	532	520	548	527	528	525	511	526	534	529	523	530	515	528	525	531	525	524	527	517	529	532	531	512	536	536	524	523	521	531	529	521	519	533	517	530	523	527	535	527	521	536	527	528	522	520	521	534	528	529	532	522	527	528	536	519	527	525	529	527	517	528	527	518	533	526	523	527	225.417201
540	522	529	517	532	530	530	517	534	518	533	528	512	518	520	517	526	542	526	524	529	514	509	538	528	532	524	510	527	524	513	532	531	531	533	524	545	530	527	526	517	538	525	527	529	529	501	535	524	526	518	524	529	532	526	535	543	530	533	524	535	522	527	514	524	519	529	512	527	534	516	528	525	524	525	528	517	523	523	520	520	530	525	535	542	529	526	534	508	523	531	525	541	526	524	524	228.9863455
527	524	515	526	536	525	516	524	524	521	517	530	527	525	526	509	534	528	514	543	513	517	527	530	520	528	515	529	519	519	529	534	523	522	519	533	530	528	529	526	524	531	526	527	548	530	515	523	536	521	532	533	539	535	527	535	524	528	522	540	541	534	521	541	519	529	525	518	523	524	541	526	513	531	523	525	542	527	534	531	526	527	535	522	515	530	522	532	529	515	522	522	522	536	535	539	232.5690953
512	527	521	535	528	513	537	514	532	511	511	530	519	532	533	532	530	523	521	523	539	533	530	526	526	519	516	522	537	533	546	519	532	523	529	526	523	533	531	526	527	541	536	519	525	525	527	537	513	514	515	510	528	511	539	514	529	532	518	514	520	526	528	519	523	518	528	532	535	526	530	525	522	524	526	525	515	525	517	529	533	537	513	534	529	514	529	519	524	527	533	525	532	530	521	525	236.1341617
532	532	508	525	516	525	514	525	529	546	552	520	510	523	529	526	525	519	513	525	525	518	537	538	524	526	519	515	528	542	548	552	531	527	531	528	522	537	519	514	512	529	529	525	536	534	536	535	525	527	540	533	510	530	535	522	523	513	517	530	518	522	522	544	541	532	532	529	522	527	527	547	528	544	528	522	514	530	529	542	512	523	542	530	537	516	532	528	518	520	522	527	537	522	530	517	239.6971962
528	521	531	523	518	529	522	528	533	536	522	514	538	511	530	526	527	527	523	529	528	527	531	532	533	521	523	533	528	520	526	517	529	534	513	511	524	518	530	525	526	524	508	523	522	519	534	533	529	531	521	530	523	505	511	523	520	510	514	513	525	516	523	527	527	528	527	517	526	533	521	536	534	521	523	547	524	534	528	533	528	528	539	519	526	528	531	522	526	517	532	532	525	516	532	521	243.2582005
530	528	539	532	524	527	524	531	542	531	535	521	518	519	533	512	535	531	537	525	529	532	511	538	511	533	520	508	528	526	529	515	526	534	531	523	521	536	517	534	539	525	508	529	518	535	510	540	523	520	506	530	508	521	517	525	520	523	535	521	528	530	530	521	524	519	519	517	522	521	537	532	531	520	515	519	545	524	523	535	535	535	511	531	536	532	524	541	523	518	530	533	513	539	530	535	246.8171763
532	508	530	529	533	512	526	539	512	524	534	532	526	532	532	532	518	526	531	524	522	515	520	522	536	527	514	516	528	532	527	518	526	518	518	527	525	525	531	529	522	531	529	527	523	531	530	529	526	530	534	525	532	532	515	523	536	544	534	522	524	529	526	526	523	509	540	524	532	518	523	532	515	528	536	537	528	531	527	523	524	526	524	506	549	526	527	530	538	522	543	524	532	530	540	508	250.3585292
527	515	518	532	519	513	529	529	521	535	527	522	528	527	526	535	525	517	535	522	515	526	525	537	529	530	524	515	520	522	524	514	541	517	530	537	535	517	536	526	519	529	532	523	546	529	529	533	528	519	529	530	519	527	522	525	522	521	526	522	526	513	523	521	536	545	535	520	519	542	513	533	532	521	528	522	515	517	515	521	511	518	514	524	531	514	532	529	536	527	540	527	542	533	528	522	253.9134621
531	519	529	532	526	519	520	517	531	544	540	540	533	542	532	528	529	518	539	522	520	531	532	519	515	529	535	504	531	515	525	538	529	526	535	525	512	530	521	529	545	533	533	512	536	521	531	518	536	524	535	530	537	530	510	524	518	533	531	522	525	526	535	521	521	527	537	508	515	500	529	525	523	526	531	528	536	529	521	531	529	526	530	524	533	534	541	530	522	559	528	523	527	540	531	528	257.4663717
534	522	526	537	530	524	528	529	530	519	531	521	517	522	516	520	534	530	554	517	537	535	536	546	527	520	531	535	525	533	523	525	519	530	527	530	527	520	527	531	527	540	532	532	530	536	528	537	535	535	527	530	543	529	535	527	533	517	531	534	521	525	533	523	517	526	510	515	531	534	506	537	528	518	522	525	524	533	529	523	531	539	537	525	535	514	526	516	527	523	532	523	523	519	531	524	261.0016902
541	521	523	528	523	525	526	525	524	522	533	537	525	535	524	521	530	525	527	517	548	521	529	531	520	530	524	521	531	537	515	527	537	523	523	527	536	519	531	544	539	530	523	529	535	531	534	524	537	537	536	521	530	527	518	530	529	531	532	538	520	521	527	528	537	525	534	528	523	520	542	515	525	536	525	526	528	525	533	519	525	537	524	537	541	526	521	528	526	532	533	530	544	528	534	508	264.5350064
534	539	526	529	524	531	529	532	529	535	551	524	520	528	533	545	534	528	532	528	527	537	532	516	531	531	530	526	525	528	540	544	531	524	524	531	526	531	545	522	515	541	519	544	524	533	538	524	518	533	547	531	531	526	535	520	521	527	520	532	518	530	527	539	531	525	527	529	525	517	526	520	521	531	533	533	535	541	532	514	529	541	526	519	531	538	515	531	534	544	533	520	523	514	528	526	268.0818742
535	519	538	533	533	513	533	532	520	540	531	535	541	535	526	524	526	513	545	533	515	516	527	533	516	528	533	547	537	527	530	526	516	532	528	533	521	518	513	537	525	527	544	523	531	552	532	536	530	515	525	526	536	537	531	538	528	554	517	526	548	524	532	526	541	530	523	520	534	524	521	520	526	524	528	547	535	525	526	520	526	526	536	529	525	518	536	527	530	534	536	542	525	542	530	539	271.6111824
522	530	513	538	524	538	522	540	538	533	536	525	550	534	523	528	527	521	537	538	528	518	536	529	545	540	527	526	524	538	524	533	523	532	531	532	523	523	532	541	525	538	524	526	543	525	527	524	522	536	534	521	533	526	526	561	527	540	536	528	537	534	538	541	544	528	520	529	532	528	528	538	539	528	533	536	542	525	547	538	540	537	532	539	537	524	549	537	529	534	527	539	537	537	544	517	275.1384935
535	544	527	546	540	541	538	538	536	535	534	538	544	543	526	532	532	531	541	530	538	530	540	539	514	544	536	533	541	542	537	541	539	542	537	544	527	544	520	539	541	535	536	532	539	551	534	550	526	535	544	532	532	538	538	536	528	552	534	539	534	542	543	534	543	537	541	546	539	534	541	540	528	540	538	547	541	530	530	527	539	551	544	550	531	536	525	535	550	542	540	542	542	545	535	546	278.6638093
538	545	531	539	534	530	544	534	550	538	535	538	535	529	545	558	529	542	539	538	539	544	526	538	549	532	527	526	541	540	535	538	541	548	555	541	543	541	544	535	543	554	543	537	550	554	526	546	534	540	530	535	534	538	530	536	550	542	540	534	543	529	518	531	544	544	528	532	547	522	533	541	557	555	540	535	532	552	541	546	545	537	540	534	540	544	550	519	529	530	559	528	533	551	542	531	282.1871313
551	548	547	551	555	546	550	541	535	553	546	549	548	534	543	546	546	539	536	547	531	550	535	539	546	551	538	556	540	545	539	541	544	539	552	547	534	539	540	550	545	532	532	538	536	536	533	549	535	520	541	540	554	545	547	549	537	538	551	544	552	540	541	543	553	544	540	560	554	550	534	535	532	545	545	532	555	547	542	558	544	527	525	555	537	540	547	540	561	549	558	540	550	551	558	549	285.6929533
542	541	541	557	558	554	553	553	547	566	553	555	556	554	549	555	535	570	555	560	560	558	558	554	542	544	545	558	563	558	550	555	550	554	550	567	555	544	572	549	552	556	555	542	552	551	544	545	544	541	550	559	552	546	568	556	545	552	532	556	553	553	554	566	556	536	543	537	550	545	545	544	533	553	542	547	532	537	555	557	547	543	551	540	546	534	545	546	567	545	554	550	545	565	565	558	289.2123018
549	560	565	578	533	550	561	573	566	564	561	556	543	569	588	558	556	560	563	560	562	553	549	571	558	564	559	550	562	558	571	557	563	554	559	558	559	573	568	556	548	553	556	567	557	562	565	566	556	554	553	556	553	564	528	574	560	548	555	544	570	564	550	570	568	567	561	553	552	545	558	556	570	560	554	579	550	562	548	572	562	559	573	557	552	553	561	568	558	568	562	569	554	558	556	562	292.7141711
574	579	573	581	557	580	573	576	578	569	559	573	578	566	559	575	579	565	573	559	563	555	564	573	576	583	582	574	584	569	570	557	574	578	573	580	572	581	575	573	557	566	568	560	559	587	582	565	591	564	583	580	571	584	586	566	571	569	560	559	581	572	565	576	574	566	575	571	564	571	578	570	576	565	581	567	571	573	569	559	584	568	561	571	571	554	582	569	578	572	576	579	573	569	575	571	296.2295529
591	600	608	592	582	599	601	606	601	580	577	593	593	592	605	600	609	601	595	605	592	599	601	582	580	586	573	615	599	586	595	588	581	594	587	591	602	578	603	599	595	585	599	600	591	600	576	581	601	609	591	608	597	597	602	588	584	596	581	602	584	587	583	594	601	608	594	599	585	580	593	605	597	598	587	574	609	600	603	595	590	585	591	592	587	594	597	582	572	591	594	576	593	586	593	602	299.7274762
632	617	623	618	638	627	659	644	653	620	622	636	618	611	641	619	617	611	630	606	630	616	630	625	620	631	625	619	614	626	621	615	640	622	627	637	589	611	604	641	627	635	619	639	625	612	621	605	624	607	621	630	625	612	625	614	639	624	616	635	625	619	611	638	626	645	611	637	607	628	619	613	602	622	604	608	630	612	625	596	603	610	631	620	616	631	602	614	612	610	608	599	638	628	621	633	303.2234333
655	680	655	663	665	663	710	688	699	661	671	672	665	674	650	667	655	660	675	678	673	647	642	661	652	649	659	673	661	661	665	668	637	652	650	658	659	673	667	650	691	688	651	642	656	664	658	660	647	657	675	678	671	674	657	675	692	671	666	670	654	666	664	654	671	687	659	640	660	659	689	676	675	666	659	687	663	679	670	669	654	653	662	662	639	650	678	681	644	646	657	683	673	664	671	649	306.717426
732	738	730	726	725	719	767	781	796	730	736	752	727	723	721	731	727	716	702	717	759	724	756	765	717	718	732	731	722	749	727	744	718	741	731	728	754	738	727	746	727	725	715	727	750	761	720	712	736	729	705	720	721	720	742	751	729	722	713	713	760	718	728	727	751	727	746	713	727	732	724	733	721	752	737	734	734	726	710	736	736	734	703	722	712	729	729	730	747	746	703	746	729	744	728	725	310.2249029
843	844	823	844	794	815	877	922	892	819	831	859	830	812	839	805	825	828	834	822	803	814	822	825	839	844	792	807	825	825	847	841	828	812	837	829	828	818	837	825	817	822	807	833	820	822	833	817	821	837	847	820	833	833	822	832	822	862	820	827	817	831	816	827	822	813	829	824	865	835	820	793	811	813	833	837	847	822	813	825	828	802	811	840	811	817	848	817	844	815	819	804	819	829	831	792	313.6995245
990	965	975	939	983	980	1054	1102	1037	996	993	969	983	960	957	962	958	987	996	943	970	954	964	975	968	954	981	978	978	952	959	977	957	961	967	988	940	962	992	964	990	962	965	975	966	961	953	958	980	986	969	1003	976	993	982	965	991	989	972	966	977	944	958	1001	986	984	974	949	982	967	939	976	990	951	973	971	973	996	957	983	918	953	978	997	1003	970	957	1000	970	967	964	955	955	1024	964	948	317.1876336
1185	1201	1174	1194	1200	1189	1346	1325	1324	1207	1242	1227	1160	1140	1184	1211	1150	1176	1165	1180	1217	1204	1181	1161	1127	1196	1185	1190	1188	1187	1163	1173	1174	1171	1176	1191	1184	1142	1187	1202	1213	1209	1207	1170	1183	1197	1159	1170	1146	1163	1204	1194	1199	1210	1159	1166	1155	1181	1190	1198	1164	1207	1183	1175	1176	1162	1180	1206	1182	1166	1182	1196	1163	1155	1200	1182	1195	1160	1210	1184	1175	1184	1155	1180	1144	1157	1150	1191	1191	1175	1166	1163	1156	1168	1147	1210	320.6737848
1507	1508	1442	1470	1496	1439	1582	1620	1644	1478	1469	1512	1519	1474	1490	1428	1490	1485	1509	1433	1439	1463	1422	1453	1485	1457	1488	1456	1443	1477	1460	1456	1467	1498	1484	1447	1476	1442	1449	1463	1471	1466	1484	1453	1492	1434	1486	1443	1461	1481	1499	1462	1445	1456	1533	1485	1473	1457	1461	1500	1436	1482	1471	1480	1483	1423	1442	1533	1533	1474	1452	1418	1491	1487	1457	1472	1468	1447	1503	1509	1449	1457	1444	1472	1445	1484	1504	1472	1497	1472	1470	1451	1456	1491	1455	1474	324.1579798
1833	1864	1790	1833	1795	1818	2109	2066	2059	1891	1864	1844	1846	1805	1829	1881	1842	1810	1780	1857	1818	1791	1782	1849	1869	1772	1826	1846	1860	1800	1770	1779	1847	1820	1834	1760	1823	1856	1768	1796	1789	1778	1791	1804	1827	1840	1773	1805	1852	1884	1805	1796	1824	1849	1838	1858	1830	1792	1841	1839	1772	1862	1850	1813	1797	1822	1836	1819	1832	1822	1755	1798	1887	1818	1800	1847	1803	1771	1816	1869	1791	1805	1759	1793	1844	1855	1848	1774	1788	1806	1760	1851	1820	1847	1800	1806	327.6248164
2209	2278	2219	2188	2190	2257	2452	2458	2491	2246	2229	2227	2237	2222	2257	2260	2281	2285	2218	2224	2296	2235	2206	2213	2209	2232	2233	2228	2316	2266	2218	2223	2205	2285	2264	2276	2218	2139	2229	2195	2219	2208	2209	2216	2154	2181	2220	2209	2234	2256	2208	2243	2231	2170	2265	2254	2242	2206	2231	2234	2228	2271	2178	2235	2243	2194	2188	2224	2230	2212	2286	2211	2233	2189	2174	2225	2241	2277	2183	2225	2267	2244	2155	2184	2194	2207	2175	2248	2165	2206	2194	2212	2199	2199	2154	2129	331.1051125
2588	2616	2559	2597	2584	2637	2917	2928	2937	2541	2646	2591	2604	2562	2530	2652	2649	2640	2624	2597	2691	2580	2587	2601	2550	2556	2591	2630	2558	2578	2531	2571	2566	2515	2514	2534	2578	2586	2495	2671	2589	2582	2538	2625	2560	2573	2524	2582	2571	2642	2563	2570	2608	2591	2603	2583	2613	2613	2595	2516	2524	2545	2580	2569	2546	2617	2545	2576	2496	2539	2579	2612	2580	2506	2575	2602	2588	2619	2547	2556	2504	2577	2588	2632	2545	2540	2586	2549	2550	2555	2552	2551	2588	2608	2549	2514	334.5680707
2848	2875	2827	2949	2933	2865	3209	3167	3297	2906	2928	2860	2884	2866	2851	2939	2879	2860	2880	2861	2922	2827	2856	2798	2870	2874	2858	2861	2868	2837	2863	2799	2869	2900	2906	2981	2881	2886	2852	2820	2898	2841	2863	2904	2828	2962	2862	2933	2892	2892	2899	2905	2851	2817	2885	2828	2881	2851	2881	2870	2824	2888	2811	2955	2854	2903	2860	2792	2896	2854	2838	2848	2857	2917	2934	2873	2873	2828	2838	2941	2823	2900	2898	2853	2819	2882	2808	2886	2813	2836	2903	2863	2839	2840	2870	2916	338.0290964
3032	3093	3072	2986	3083	3041	3441	3420	3418	3122	3053	3079	3068	3012	3055	3103	3023	3101	2983	3107	3077	3058	3093	2997	3051	3021	3058	3023	3045	3068	3072	3074	3063	3047	3114	3049	2949	3065	3054	3022	3041	3033	3047	2989	3057	3030	3126	3043	3158	3015	3020	3080	3006	3044	3108	3046	3028	3058	2996	3049	2997	3013	3041	3108	3004	2997	2953	3044	3114	3097	3081	2987	2961	3109	3035	2988	3034	3074	3029	2987	3045	3037	2989	3099	2992	3067	3104	3084	3094	3102	3123	3027	3049	3067	3030	3078	341.4881913
3148	3179	3245	3128	3068	3152	3567	3554	3549	3171	3245	3206	3139	3171	3184	3134	3153	3190	3211	3152	3214	3198	3058	3112	3177	3100	3129	3183	3230	3089	3203	3057	3243	3138	3159	3206	3124	3170	3120	3229	3115	3151	3051	3163	3168	3201	3188	3176	3213	3172	3153	3161	3180	3174	3205	3061	3172	3085	3140	3129	3132	3134	3115	3202	3216	3185	3174	3149	3051	3124	3107	3062	3215	3256	3134	3121	3202	3124	3152	3127	3090	3203	3162	3096	3200	3237	3179	3186	3201	3139	3106	3103	3214	3133	3158	3139	344.9453569
3243	3215	3165	3208	3198	3147	3552	3522	3561	3273	3222	3238	3267	3209	3225	3162	3230	3230	3271	3240	3300	3103	3074	3157	3171	3262	3200	3105	3157	3066	3171	3112	3165	3225	3177	3189	3114	3188	3157	3215	3216	3184	3139	3134	3067	3125	3171	3134	3284	3204	3214	3212	3231	3175	3138	3256	3229	3236	3193	3288	3170	3147	3112	3203	3110	3134	3189	3083	3147	3144	3271	3179	3134	3077	3200	3230	3178	3150	3149	3197	3182	3205	3194	3275	3092	3162	3143	3106	3240	3160	3215	3228	3155	3196	3146	3166	348.400595
3143	3255	3137	3216	3181	3181	3570	3579	3565	3246	3376	3262	3239	3197	3197	3169	3264	3287	3261	3189	3262	3228	3256	3156	3215	3228	3210	3242	3178	3247	3268	3236	3218	3281	3288	3208	3160	3264	3262	3284	3227	3201	3153	3267	3273	3217	3185	3118	3179	3232	3221	3169	3224	3280	3185	3172	3267	3218	3208	3280	3130	3220	3227	3225	3277	3271	3155	3233	3128	3217	3202	3183	3206	3207	3255	3221	3214	3259	3176	3110	3219	3201	3234	3273	3175	3148	3160	3239	3248	3247	3223	3100	3176	3221	3152	3264	351.853907
3296	3252	3197	3291	3290	3187	3597	3642	3588	3297	3346	3255	3298	3285	3277	3311	3250	3256	3249	3258	3265	3173	3222	3292	3222	3298	3207	3315	3286	3280	3257	3223	3100	3277	3332	3261	3144	3210	3193	3193	3307	3202	3202	3253	3263	3209	3133	3281	3275	3263	3225	3173	3186	3163	3253	3217	3294	3230	3201	3258	3221	3208	3204	3244	3309	3290	3247	3217	3197	3203	3235	3208	3249	3208	3273	3189	3222	3175	3261	3322	3218	3202	3234	3173	3211	3274	3187	3257	3166	3218	3302	3182	3207	3218	3223	3242	355.3052947
3300	3266	3301	3274	3342	3290	3677	3619	3721	3268	3251	3342	3281	3338	3307	3284	3258	3285	3368	3242	3357	3316	3276	3264	3227	3244	3300	3255	3289	3333	3275	3262	3222	3282	3214	3252	3265	3289	3253	3259	3297	3299	3219	3230	3331	3262	3190	3283	3228	3265	3278	3226	3240	3261	3184	3264	3320	3245	3269	3230	3245	3266	3268	3259	3199	3211	3320	3195	3285	3237	3189	3257	3254	3273	3322	3279	3329	3345	3269	3322	3292	3231	3257	3191	3328	3220	3293	3249	3239	3210	3280	3239	3289	3255	3294	3219	358.7394328
3378	3296	3326	3313	3234	3266	3688	3657	3654	3364	3315	3381	3389	3336	3279	3341	3412	3352	3328	3371	3325	3251	3282	3366	3261	3338	3274	3297	3289	3211	3227	3318	3248	3278	3266	3299	3240	3332	3292	3270	3335	3253	3238	3253	3274	3273	3355	3275	3306	3248	3358	3310	3240	3284	3343	3376	3396	3229	3242	3251	3302	3305	3330	3378	3356	3314	3330	3256	3334	3364	3230	3281	3264	3258	3330	3299	3332	3300	3277	3299	3183	3301	3299	3311	3297	3345	3304	3242	3263	3244	3249	3291	3296	3279	3243	3328	362.186985
3370	3382	3472	3421	3418	3384	3789	3734	3713	3471	3356	3416	3364	3339	3261	3325	3363	3433	3482	3382	3324	3347	3309	3293	3394	3280	3387	3379	3348	3323	3308	3304	3409	3404	3367	3385	3340	3356	3337	3379	3361	3320	3405	3286	3278	3264	3301	3239	3329	3350	3314	3356	3320	3363	3398	3340	3415	3325	3320	3337	3400	3412	3352	3315	3344	3269	3386	3247	3323	3373	3315	3326	3308	3291	3355	3363	3400	3434	3289	3292	3386	3412	3324	3279	3324	3360	3299	3338	3282	3334	3316	3442	3335	3306	3306	3365	365.617308
3407	3474	3412	3458	3433	3347	3733	3787	3800	3434	3513	3472	3386	3460	3407	3434	3450	3414	3389	3438	3307	3354	3327	3339	3392	3422	3390	3407	3403	3322	3374	3365	3313	3388	3448	3376	3320	3382	3418	3380	3320	3349	3357	3382	3424	3421	3438	3408	3369	3358	3373	3440	3372	3308	3364	3427	3434	3392	3359	3353	3419	3372	3312	3366	3361	3413	3366	3382	3375	3389	3358	3364	3376	3385	3394	3403	3368	3305	3342	3395	3380	3338	3372	3343	3332	3337	3397	3373	3376	3391	3321	3310	3329	3355	3450	3351	369.04573
3465	3441	3490	3488	3328	3397	3878	3819	3813	3441	3474	3395	3444	3411	3383	3447	3362	3457	3401	3391	3374	3382	3418	3400	3476	3237	3404	3418	3432	3393	3483	3419	3428	3405	3468	3455	3397	3414	3388	3516	3366	3389	3355	3457	3404	3472	3407	3402	3399	3372	3452	3458	3486	3428	3420	3403	3424	3404	3360	3399	3377	3368	3333	3429	3318	3456	3360	3463	3371	3374	3480	3429	3366	3373	3352	3383	3284	3409	3452	3523	3404	3423	3349	3361	3417	3361	3357	3424	3430	3360	3430	3438	3399	3393	3353	3373	372.4875453
3450	3460	3442	3475	3491	3534	3789	3814	3791	3483	3515	3525	3459	3507	3445	3459	3474	3464	3483	3390	3438	3396	3395	3374	3449	3414	3455	3394	3379	3399	3408	3436	3396	3478	3393	3417	3467	3381	3472	3463	3477	3464	3417	3418	3389	3321	3443	3430	3380	3507	3412	3373	3389	3313	3439	3491	3494	3409	3387	3402	3338	3431	3392	3424	3435	3447	3458	3477	3466	3393	3411	3440	3434	3433	3397	3391	3345	3434	3457	3340	3378	3292	3402	3487	3419	3402	3439	3447	3455	3436	3385	3361	3418	3418	3479	3424	375.9121616
3500	3486	3433	3468	3466	3526	3819	3814	3871	3438	3516	3506	3501	3399	3427	3526	3420	3462	3390	3507	3490	3498	3464	3428	3523	3510	3438	3416	3395	3434	3414	3407	3429	3501	3512	3447	3429	3443	3359	3477	3436	3459	3443	3480	3498	3381	3476	3359	3428	3461	3440	3413	3493	3411	3512	3559	3420	3405	3527	3361	3329	3411	3520	3359	3443	3511	3381	3496	3426	3347	3474	3376	3389	3473	3474	3505	3480	3440	3530	3499	3347	3490	3462	3433	3374	3443	3492	3405	3475	3425	3346	3439	3504	3409	3403	3486	379.3348817
3518	3504	3431	3422	3527	3438	3799	3863	3825	3493	3520	3504	3391	3572	3500	3448	3513	3495	3474	3537	3422	3463	3461	3487	3448	3512	3414	3527	3409	3534	3497	3397	3481	3464	3502	3517	3512	3426	3446	3513	3479	3387	3472	3512	3439	3475	3453	3524	3508	3473	3505	3445	3364	3457	3504	3409	3507	3383	3495	3380	3514	3380	3456	3473	3461	3479	3424	3460	3483	3448	3515	3410	3399	3463	3481	3440	3447	3472	3448	3445	3545	3433	3402	3426	3390	3457	3426	3511	3377	3470	3379	3515	3475	3415	3440	3360	382.7557071
3601	3508	3517	3468	3510	3529	3877	3949	3937	3482	3438	3490	3441	3551	3562	3482	3465	3440	3555	3486	3600	3439	3435	3469	3484	3510	3528	3456	3410	3529	3470	3456	3469	3527	3564	3426	3495	3497	3472	3555	3469	3565	3451	3476	3517	3459	3473	3518	3581	3557	3441	3431	3500	3510	3591	3547	3519	3438	3439	3607	3525	3393	3501	3494	3495	3399	3484	3460	3512	3483	3446	3570	3434	3463	3424	3501	3461	3470	3427	3434	3477	3546	3558	3468	3550	3426	3483	3491	3487	3461	3519	3441	3535	3617	3506	3450	386.1746395
3490	3545	3658	3549	3516	3587	3848	3935	3858	3576	3648	3601	3548	3607	3620	3516	3482	3536	3475	3583	3603	3482	3466	3556	3528	3465	3479	3522	3498	3525	3514	3512	3509	3535	3552	3553	3602	3504	3457	3525	3511	3463	3537	3526	3499	3497	3545	3518	3581	3477	3470	3546	3493	3546	3590	3493	3607	3537	3528	3545	3610	3475	3516	3573	3578	3532	3444	3501	3402	3547	3454	3441	3510	3499	3558	3563	3429	3484	3529	3553	3477	3422	3541	3560	3538	3434	3511	3451	3503	3572	3516	3504	3489	3521	3521	3580	389.5764299
3600	3526	3534	3582	3525	3586	3950	3851	3952	3559	3574	3585	3531	3520	3436	3544	3577	3521	3626	3619	3625	3586	3485	3491	3541	3513	3526	3560	3472	3514	3531	3499	3529	3570	3476	3561	3546	3530	3456	3579	3576	3649	3466	3529	3508	3528	3513	3546	3529	3480	3545	3447	3539	3462	3549	3436	3511	3481	3562	3504	3492	3532	3443	3547	3633	3594	3465	3529	3406	3508	3465	3478	3465	3463	3545	3543	3621	3521	3553	3510	3494	3476	3523	3522	3532	3520	3457	3516	3513	3451	3492	3534	3540	3522	3500	3564	392.9915892
3552	3562	3712	3549	3577	3540	3927	3956	3983	3661	3579	3631	3557	3594	3597	3613	3535	3553	3579	3597	3540	3565	3497	3596	3519	3544	3529	3543	3529	3596	3524	3618	3574	3525	3592	3551	3574	3550	3479	3578	3582	3639	3581	3520	3681	3510	3488	3494	3489	3611	3526	3541	3632	3661	3569	3631	3526	3497	3567	3535	3459	3579	3533	3534	3629	3591	3554	3569	3559	3537	3503	3477	3577	3629	3584	3515	3603	3561	3489	3545	3565	3542	3487	3469	3530	3520	3528	3476	3543	3576	3469	3595	3517	3598	3444	3543	396.3896265
3577	3640	3574	3522	3583	3609	3977	3978	3975	3732	3621	3580	3597	3551	3635	3696	3654	3614	3691	3677	3503	3544	3621	3571	3591	3547	3533	3584	3467	3557	3643	3541	3605	3593	3590	3634	3564	3523	3579	3603	3615	3529	3623	3625	3483	3466	3515	3558	3611	3551	3551	3593	3519	3627	3655	3564	3555	3573	3518	3591	3527	3570	3534	3594	3602	3618	3527	3578	3523	3536	3630	3562	3607	3492	3591	3585	3637	3560	3580	3550	3548	3597	3588	3623	3588	3589	3498	3536	3538	3564	3560	3586	3516	3519	3642	3533	399.801019
3635	3645	3590	3555	3604	3637	3950	4048	3951	3686	3692	3628	3603	3579	3557	3674	3662	3671	3573	3560	3619	3553	3545	3657	3616	3552	3610	3616	3528	3604	3665	3537	3550	3563	3613	3607	3653	3516	3615	3522	3540	3638	3536	3697	3577	3635	3632	3579	3609	3584	3552	3603	3625	3562	3568	3676	3572	3586	3540	3622	3581	3556	3574	3522	3612	3547	3543	3541	3655	3581	3539	3559	3616	3603	3597	3592	3584	3531	3512	3620	3561	3652	3532	3518	3559	3604	3560	3604	3598	3623	3538	3520	3612	3568	3603	3588	403.1953095
3625	3715	3570	3706	3547	3506	3973	3951	4004	3661	3620	3630	3509	3590	3677	3638	3640	3718	3633	3608	3689	3503	3566	3592	3584	3564	3526	3566	3588	3603	3552	3527	3587	3630	3654	3618	3497	3505	3613	3555	3553	3609	3560	3584	3599	3572	3618	3564	3569	3677	3605	3577	3647	3554	3554	3584	3637	3611	3535	3592	3571	3513	3631	3567	3615	3546	3523	3544	3531	3537	3622	3683	3564	3585	3586	3580	3515	3612	3573	3561	3520	3542	3608	3593	3634	3563	3537	3558	3624	3528	3579	3537	3641	3543	3635	3563	406.587733
3622	3633	3637	3680	3679	3578	3956	4042	4009	3683	3639	3696	3638	3625	3635	3630	3614	3625	3673	3613	3589	3631	3597	3569	3607	3624	3649	3622	3594	3663	3540	3607	3589	3670	3650	3589	3628	3614	3638	3546	3617	3594	3581	3554	3545	3588	3537	3610	3587	3598	3630	3615	3489	3589	3557	3622	3565	3560	3600	3590	3469	3620	3472	3599	3635	3593	3567	3597	3665	3620	3572	3630	3594	3510	3642	3492	3596	3559	3608	3570	3611	3594	3557	3483	3608	3628	3622	3528	3558	3494	3502	3567	3633	3600	3633	3603	409.9782911
3652	3706	3658	3644	3563	3683	4004	4056	3996	3710	3682	3759	3623	3726	3630	3639	3602	3684	3627	3673	3733	3612	3629	3610	3640	3660	3644	3596	3647	3643	3626	3580	3615	3659	3549	3616	3651	3554	3644	3758	3572	3704	3597	3655	3691	3685	3578	3597	3500	3548	3672	3652	3624	3596	3560	3727	3703	3715	3628	3600	3633	3648	3641	3617	3653	3638	3595	3614	3647	3578	3557	3664	3597	3586	3570	3609	3648	3567	3675	3652	3628	3593	3599	3667	3608	3628	3669	3603	3668	3562	3581	3523	3593	3630	3615	3577	413.3821772
3625	3709	3717	3695	3676	3717	4042	3984	4007	3716	3751	3669	3630	3673	3624	3757	3725	3630	3703	3706	3717	3619	3596	3612	3574	3694	3648	3639	3666	3655	3680	3682	3702	3666	3648	3713	3573	3655	3683	3711	3626	3688	3613	3638	3618	3661	3508	3663	3707	3691	3569	3644	3577	3660	3563	3588	3604	3725	3618	3695	3706	3651	3610	3670	3742	3604	3578	3612	3620	3593	3656	3557	3628	3570	3583	3611	3595	3636	3537	3571	3595	3693	3616	3650	3676	3590	3638	3614	3626	3705	3674	3644	3667	3638	3603	3644	416.7538174
3673	3674	3768	3638	3727	3721	3974	4036	3968	3679	3772	3601	3632	3631	3650	3666	3645	3746	3737	3771	3700	3643	3718	3621	3556	3594	3670	3690	3580	3650	3722	3560	3639	3678	3614	3652	3619	3684	3735	3659	3691	3676	3534	3638	3686	3566	3614	3613	3715	3642	3696	3619	3689	3728	3698	3665	3745	3688	3632	3689	3678	3562	3622	3699	3688	3637	3584	3593	3588	3636	3704	3692	3702	3697	3634	3735	3716	3702	3680	3649	3656	3689	3717	3622	3651	3758	3617	3609	3662	3673	3620	3750	3752	3604	3640	3654	420.1387886
3668	3565	3590	3625	3719	3617	4023	4003	3968	3625	3670	3636	3711	3655	3656	3630	3691	3761	3625	3711	3645	3654	3614	3581	3615	3587	3640	3603	3672	3730	3656	3679	3630	3567	3670	3615	3685	3588	3554	3662	3701	3734	3628	3616	3704	3603	3650	3620	3591	3566	3647	3596	3562	3649	3543	3661	3614	3558	3612	3634	3593	3627	3606	3587	3639	3691	3631	3622	3611	3604	3599	3614	3649	3617	3672	3624	3562	3600	3598	3684	3544	3584	3617	3610	3654	3625	3638	3617	3627	3562	3692	3603	3568	3523	3591	3643	423.5219006
3620	3636	3587	3570	3665	3664	4065	3980	3980	3683	3700	3610	3556	3592	3681	3578	3675	3629	3724	3626	3588	3526	3576	3592	3543	3620	3528	3605	3567	3551	3603	3629	3581	3727	3605	3679	3560	3549	3559	3650	3628	3579	3594	3537	3589	3469	3627	3552	3532	3660	3658	3553	3589	3547	3636	3600	3597	3635	3580	3589	3622	3588	3584	3504	3659	3621	3463	3519	3651	3649	3589	3510	3581	3584	3592	3582	3666	3599	3563	3573	3568	3607	3528	3548	3595	3639	3532	3654	3582	3571	3656	3643	3586	3557	3674	3678	426.9031548
3599	3574	3558	3542	3552	3534	3907	3988	3829	3613	3565	3633	3558	3494	3610	3575	3634	3595	3632	3599	3623	3570	3603	3525	3573	3544	3537	3531	3453	3592	3505	3635	3593	3558	3652	3557	3563	3552	3580	3540	3616	3522	3537	3585	3505	3446	3538	3654	3544	3502	3506	3419	3462	3548	3546	3573	3477	3538	3573	3590	3501	3486	3502	3543	3591	3535	3546	3470	3494	3501	3541	3554	3607	3507	3500	3529	3506	3599	3560	3564	3601	3579	3520	3562	3516	3529	3573	3441	3537	3446	3558	3504	3500	3522	3605	3574	430.2674028
3557	3495	3537	3571	3521	3552	3853	3897	3942	3546	3534	3483	3509	3570	3504	3641	3437	3535	3511	3516	3507	3546	3523	3493	3519	3623	3474	3550	3508	3513	3541	3505	3595	3576	3541	3545	3467	3501	3465	3414	3479	3471	3518	3532	3436	3554	3521	3475	3483	3494	3424	3494	3499	3458	3466	3530	3837	3440	3531	3432	3462	3509	3483	3481	3463	3419	3546	3536	3428	3513	3419	3502	3515	3485	3456	3473	3506	3526	3535	3529	3500	3478	3453	3553	3518	3452	3486	3478	3523	3490	3515	3470	3550	3529	3606	3500	433.6449545
3581	3540	3450	3551	3541	3483	3779	3823	3903	3496	3567	3527	3515	3541	3458	3454	3493	3498	3582	3423	3464	3560	3486	3585	3557	3518	3528	3411	3485	3510	3518	3481	3521	3507	3459	3568	3437	3558	3545	3514	3445	3462	3476	3440	3453	3523	3476	3515	3448	3495	3585	3428	3440	3517	3536	3466	5412	3498	3439	3413	3454	3435	3509	3499	3482	3401	3514	3475	3511	3500	3415	3490	3418	3457	3521	3423	3501	3455	3527	3493	3534	3455	3483	3466	3458	3466	3444	3463	3583	3419	3424	3480	3466	3433	3456	3432	437.0055196
3469	3515	3457	3496	3365	3387	3769	3877	3815	3531	3527	3494	3436	3347	3449	3393	3453	3537	3466	3566	3578	3424	3391	3416	3412	3470	3300	3434	3418	3429	3495	3432	3415	3511	3465	3539	3353	3434	3520	3477	3446	3415	3409	3391	3527	3423	3406	3443	3445	3422	3455	3464	3452	3389	3416	3470	5829	3422	3353	3368	3401	3435	3410	3391	3509	3321	3373	3440	3489	3435	3470	3454	3444	3504	3401	3419	3424	3403	3347	3435	3366	3395	3454	3393	3377	3468	3398	3447	3466	3505	3374	3382	3401	3431	3467	3418	440.3642496
3426	3358	3387	3450	3393	3384	3730	3696	3838	3458	3486	3435	3437	3414	3502	3481	3462	3481	3469	3348	3463	3345	3427	3424	3469	3359	3405	3354	3361	3401	3391	3407	3457	3416	3401	3425	3462	3344	3399	3344	3398	3386	3377	3391	3396	3411	3482	3508	3402	3385	3387	3433	3450	3366	3518	3411	5058	3404	3416	3396	3382	3385	3419	3456	3388	3394	3450	3319	3348	3420	3452	3322	3457	3393	3404	3481	3418	3442	3374	3359	3388	3426	3323	3430	3437	3443	3433	3363	3455	3432	3414	3383	3457	3358	3385	3446	443.7211461
3403	3399	3378	3406	3382	3348	3720	3752	3751	3466	3427	3466	3402	3393	3333	3457	3394	3430	3437	3488	3424	3366	3384	3353	3393	3378	3350	3412	3445	3379	3370	3418	3481	3446	3457	3331	3374	3403	3316	3394	3438	3386	3362	3318	3347	3294	3386	3398	3401	3292	3374	3371	3378	3355	3384	3444	6558	3356	3355	3416	3302	3378	3324	3387	3394	3395	3364	3379	3352	3381	3356	3322	3370	3410	3306	3361	3339	3406	3357	3496	3316	3424	3381	3404	3417	3355	3338	3469	3391	3369	3365	3394	3381	3364	3410	3393	447.0762105
3340	3413	3309	3416	3418	3344	3645	3696	3725	3327	3382	3424	3351	3455	3402	3357	3358	3383	3389	3388	3388	3377	3356	3374	3335	3353	3329	3345	3297	3395	3346	3388	3323	3380	3375	3327	3361	3324	3360	3376	3378	3398	3389	3403	3350	3349	3345	3349	3340	3384	3352	3420	3361	3358	3390	3418	6052	3336	3334	3407	3383	3311	3404	3337	3452	3399	3350	3317	3293	3377	3413	3300	3311	3342	3286	3396	3293	3306	3383	3440	3392	3398	3352	3327	3305	3345	3343	3330	3346	3366	3353	3323	3382	3390	3350	3364	450.4294444
3346	3448	3453	3371	3317	3352	3803	3794	3683	3438	3397	3450	3331	3383	3277	3402	3356	3411	3433	3385	3381	3344	3317	3400	3390	3437	3397	3323	3359	3393	3346	3361	3297	3376	3363	3384	3320	3346	3353	3417	3385	3392	3310	3374	3346	3367	3333	3372	3399	3355	3318	3448	3313	3360	3362	3399	4427	3374	3348	3378	3336	3369	3327	3467	3390	3353	3336	3329	3354	3335	3364	3364	3390	3326	3369	3370	3327	3379	3345	3336	3334	3349	3263	3360	3383	3359	3327	3314	3391	3395	3323	3388	3348	3354	3278	3405	453.7808493
3415	3406	3357	3374	3350	3353	3792	3808	3762	3422	3463	3339	3414	3468	3377	3430	3417	3369	3425	3436	3390	3327	3329	3379	3352	3328	3415	3318	3366	3356	3431	3343	3303	3446	3396	3384	3431	3401	3375	3368	3438	3455	3391	3265	3290	3374	3369	3368	3327	3424	3401	3384	3434	3397	3442	3404	4028	3385	3348	3287	3385	3370	3367	3316	3385	3375	3385	3379	3340	3290	3373	3402	3358	3335	3314	3339	3415	3370	3360	3365	3336	3390	3335	3328	3339	3408	3337	3390	3379	3308	3390	3404	3354	3363	3362	3448	457.1304266
3430	3396	3389	3307	3465	3401	3710	3691	3720	3378	3490	3409	3414	3327	3388	3329	3422	3408	3401	3389	3374	3328	3358	3364	3306	3334	3345	3381	3366	3330	3385	3294	3332	3438	3346	3323	3462	3296	3358	3327	3430	3435	3350	3386	3343	3283	3314	3332	3360	3324	3348	3276	3355	3346	3344	3354	3432	3391	3367	3363	3379	3397	3357	3423	3286	3304	3373	3374	3423	3335	3354	3314	3295	3407	3407	3435	3393	3301	3386	3320	3357	3355	3348	3396	3363	3393	3421	3418	3398	3349	3356	3379	3385	3370	3410	3408	460.4781778
3449	3434	3405	3340	3360	3291	3746	3682	3697	3447	3376	3422	3346	3294	3353	3397	3350	3337	3307	3411	3344	3326	3417	3355	3389	3409	3419	3327	3334	3362	3358	3332	3282	3341	3424	3256	3304	3373	3346	3438	3341	3370	3371	3376	3358	3349	3342	3295	3395	3306	3316	3246	3308	3271	3329	3377	3413	3338	3324	3353	3271	3347	3347	3433	3362	3307	3267	3342	3417	3400	3360	3282	3330	3395	3333	3336	3319	3302	3456	3346	3332	3348	3326	3343	3303	3370	3302	3339	3321	3356	3336	3373	3315	3325	3315	3350	463.8090368
3333	3288	3386	3288	3382	3301	3704	3674	3641	3367	3388	3309	3407	3300	3331	3348	3346	3280	3303	3331	3399	3284	3340	3272	3348	3279	3222	3327	3352	3390	3270	3286	3333	3388	3293	3318	3287	3225	3250	3319	3336	3278	3302	3234	3236	3232	3290	3326	3253	3287	3306	3265	3283	3360	3339	3290	3233	3288	3261	3357	3248	3334	3248	3285	3335	3216	3238	3318	3291	3370	3199	3272	3311	3322	3285	3255	3265	3336	3282	3268	3252	3236	3236	3242	3331	3253	3289	3248	3282	3204	3331	3262	3195	3228	3350	3245	467.1531487
3297	3229	3260	3223	3289	3328	3701	3605	3621	3330	3393	3275	3281	3258	3269	3280	3337	3357	3302	3278	3312	3321	3385	3258	3283	3220	3314	3288	3235	3373	3260	3223	3255	3296	3324	3310	3213	3318	3285	3331	3230	3242	3286	3279	3290	3330	3228	3182	3305	3251	3291	3298	3273	3215	3303	3291	3318	3275	3279	3311	3267	3263	3264	3328	3234	3283	3227	3294	3256	3173	3208	3280	3246	3218	3304	3282	3336	3328	3305	3344	3339	3315	3206	3311	3218	3288	3220	3258	3244	3289	3278	3301	3249	3273	3288	3269	470.4803876
3198	3183	3260	3255	3189	3306	3641	3594	3618	3337	3334	3248	3245	3280	3288	3321	3290	3275	3300	3287	3321	3205	3269	3213	3262	3272	3164	3259	3281	3195	3335	3196	3206	3279	3252	3229	3271	3189	3203	3204	3219	3251	3218	3232	3276	3225	3252	3336	3292	3224	3129	3258	3214	3217	3248	3235	3251	3298	3262	3184	3227	3209	3177	3278	3285	3269	3226	3273	3171	3282	3197	3247	3212	3140	3218	3220	3188	3206	3241	3187	3221	3322	3203	3193	3294	3254	3155	3240	3212	3215	3238	3156	3192	3165	3269	3169	473.8058228
3281	3253	3283	3200	3249	3259	3582	3588	3525	3247	3252	3204	3203	3187	3201	3199	3265	3327	3214	3168	3220	3178	3227	3231	3274	3237	3140	3258	3258	3193	3249	3233	3299	3285	3313	3297	3175	3221	3230	3204	3169	3212	3273	3272	3245	3220	3112	3277	3296	3221	3231	3267	3215	3224	3229	3230	3193	3348	3158	3262	3207	3150	3225	3271	3207	3220	3241	3202	3278	3259	3208	3227	3290	3224	3251	3284	3265	3181	3189	3184	3188	3214	3166	3241	3190	3155	3309	3181	3159	3118	3182	3315	3291	3212	3210	3200	477.1294557
3205	3264	3247	3200	3262	3293	3561	3585	3604	3316	3217	3258	3219	3247	3267	3272	3287	3206	3243	3279	3152	3176	3228	3245	3158	3244	3232	3193	3225	3276	3247	3115	3218	3260	3227	3242	3160	3239	3192	3270	3185	3195	3220	3224	3260	3198	3209	3179	3206	3217	3146	3199	3116	3259	3224	3276	3261	3225	3215	3168	3238	3267	3226	3213	3232	3214	3229	3233	3275	3166	3183	3175	3176	3220	3231	3219	3255	3151	3282	3159	3232	3303	3244	3243	3153	3156	3216	3177	3220	3208	3200	3251	3258	3199	3222	3193	480.4512878
3214	3209	3266	3315	3163	3216	3491	3516	3543	3172	3206	3214	3190	3187	3195	3246	3261	3209	3193	3290	3180	3208	3169	3165	3197	3207	3182	3226	3207	3200	3187	3175	3234	3228	3214	3232	3201	3227	3088	3252	3189	3229	3188	3190	3238	3276	3198	3148	3222	3209	3232	3169	3173	3214	3223	3146	3204	3193	3148	3244	3216	3202	3234	3181	3248	3123	3155	3169	3271	3213	3159	3130	3133	3171	3133	3135	3220	3199	3171	3180	3156	3191	3225	3171	3153	3207	3119	3162	3109	3207	3183	3177	3247	3168	3128	3193	483.7713206
3246	3253	3257	3250	3219	3291	3580	3523	3541	3279	3333	3244	3178	3228	3193	3301	3301	3254	3254	3198	3259	3142	3222	3192	3130	3145	3182	3292	3212	3206	3179	3132	3152	3230	3233	3224	3166	3217	3177	3233	3180	3213	3128	3191	3205	3190	3181	3262	3200	3228	3216	3155	3188	3127	3153	3240	3295	3167	3237	3199	3188	3184	3177	3188	3269	3165	3192	3104	3197	3183	3191	3161	3132	3157	3151	3195	3239	3194	3263	3149	3169	3170	3130	3179	3124	3118	3274	3126	3153	3143	3222	3198	3205	3142	3231	3200	487.0895555
3167	3193	3202	3148	3189	3235	3565	3538	3528	3178	3303	3249	3236	3191	3244	3260	3261	3301	3290	3158	3221	3186	3160	3191	3157	3145	3158	3186	3166	3182	3186	3214	3171	3122	3279	3203	3162	3211	3240	3173	3222	3220	3188	3155	3181	3155	3228	3180	3157	3178	3152	3178	3168	3219	3191	3159	3097	3177	3214	3125	3091	3140	3177	3174	3225	3194	3103	3187	3223	3128	3186	3199	3212	3129	3204	3182	3167	3233	3225	3177	3158	3120	3124	3144	3241	3147	3129	3149	3145	3181	3222	3117	3104	3239	3195	3190	490.4059939
3163	3265	3205	3199	3095	3155	3520	3410	3552	3230	3234	3270	3275	3177	3203	3181	3247	3253	3212	3147	3216	3181	3217	3299	3138	3132	3165	3221	3172	3159	3162	3143	3082	3238	3220	3162	3198	3164	3171	3183	3117	3243	3123	3157	3152	3232	3130	3229	3244	3163	3208	3248	3161	3163	3183	3253	3186	3118	3179	3131	3174	3187	3115	3179	3212	3173	3157	3234	3201	3170	3169	3189	3125	3178	3159	3124	3151	3206	3241	3221	3203	3217	3188	3156	3146	3174	3178	3144	3152	3134	3132	3179	3263	3107	3155	3117	493.7206374
3177	3207	3170	3112	3213	3153	3546	3629	3520	3235	3285	3161	3187	3115	3175	3275	3161	3195	3165	3160	3262	3119	3120	3126	3136	3140	3111	3234	3178	3232	3106	3215	3111	3184	3200	3217	3177	3216	3136	3229	3130	3149	3204	3169	3168	3208	3173	3105	3174	3149	3176	3138	3144	3228	3293	3214	3199	3226	3216	3143	3088	3106	3160	3184	3149	3230	3193	3216	3092	3159	3094	3115	3258	3182	3152	3205	3284	3173	3135	3152	3181	3116	3129	3098	3150	3243	3165	3157	3217	3201	3165	3216	3180	3145	3096	3163	497.0185011
3230	3236	3244	3185	3138	3190	3431	3549	3599	3291	3248	3277	3092	3165	3213	3159	3198	3262	3232	3226	3205	3165	3280	3173	3111	3195	3227	3207	3197	3154	3131	3214	3210	3241	3229	3234	3219	3147	3213	3202	3176	3264	3140	3176	3099	3273	3264	3154	3158	3186	3237	3158	3213	3212	3199	3146	3215	3181	3199	3209	3132	3127	3160	3154	3196	3125	3186	3155	3220	3082	3145	3099	3171	3124	3154	3263	3198	3145	3198	3173	3151	3189	3143	3218	3189	3225	3261	3183	3205	3197	3219	3221	3101	3169	3162	3166	500.3295671
3166	3254	3203	3178	3183	3214	3506	3530	3497	3181	3198	3235	3217	3203	3263	3282	3231	3231	3250	3197	3238	3238	3246	3192	3201	3135	3259	3218	3151	3184	3192	3126	3191	3168	3217	3183	3118	3156	3132	3237	3137	3203	3170	3098	3248	3249	3210	3274	3174	3212	3135	3198	3170	3162	3199	3147	3213	3217	3163	3262	3197	3083	3158	3215	3176	3198	3189	3249	3181	3165	3141	3158	3079	3143	3185	3219	3199	3174	3167	3135	3120	3131	3234	3200	3133	3231	3187	3210	3256	3194	3204	3226	3186	3142	3136	3227	503.6238724
3283	3225	3221	3174	3166	3190	3587	3514	3535	3233	3229	3176	3287	3191	3214	3314	3300	3303	3241	3230	3282	3167	3200	3168	3195	3186	3224	3185	3212	3231	3218	3199	3156	3193	3305	3220	3155	3229	3239	3112	3155	3155	3185	3221	3192	3164	3222	3164	3224	3271	3107	3192	3180	3197	3092	3204	3279	3198	3200	3216	3082	3269	3197	3242	3246	3198	3221	3294	3195	3203	3198	3214	3175	3180	3245	3251	3178	3243	3240	3161	3202	3183	3175	3215	3215	3255	3099	3130	3221	3235	3177	3212	3108	3170	3134	3233	506.9164047
3255	3317	3297	3244	3246	3241	3552	3591	3556	3268	3275	3325	3177	3210	3188	3261	3261	3166	3251	3269	3278	3208	3264	3167	3240	3267	3232	3272	3272	3210	3142	3262	3150	3207	3316	3188	3199	3176	3135	3187	3273	3246	3209	3217	3211	3214	3246	3318	3232	3239	3242	3207	3209	3186	3152	3220	3192	3216	3235	3197	3282	3189	3163	3282	3241	3207	3206	3145	3170	3203	3141	3171	3235	3146	3196	3200	3163	3273	3213	3205	3170	3211	3267	3133	3223	3188	3290	3183	3188	3262	3268	3235	3176	3176	3176	3202	510.2221194
3263	3235	3309	3304	3256	3289	3560	3461	3523	3263	3322	3268	3254	3247	3297	3278	3309	3306	3318	3278	3192	3183	3195	3344	3170	3194	3238	3178	3217	3285	3252	3251	3164	3275	3246	3232	3193	3266	3265	3192	3257	3269	3245	3263	3234	3174	3299	3216	3321	3249	3261	3287	3286	3169	3232	3219	3232	3220	3219	3264	3274	3279	3222	3217	3170	3194	3264	3286	3256	3285	3269	3172	3191	3236	3249	3218	3236	3274	3266	3227	3187	3199	3198	3305	3184	3219	3256	3227	3214	3283	3289	3247	3117	3188	3201	3221	513.5111019
3266	3225	3275	3375	3309	3303	3612	3590	3601	3241	3281	3315	3283	3293	3305	3256	3280	3264	3348	3294	3327	3197	3276	3251	3253	3178	3208	3311	3227	3319	3197	3315	3269	3288	3239	3225	3269	3226	3215	3261	3230	3273	3206	3211	3305	3267	3176	3242	3310	3330	3356	3317	3243	3254	3296	3285	3289	3263	3198	3264	3313	3269	3224	3260	3198	3287	3208	3264	3291	3202	3314	3215	3332	3247	3202	3325	3205	3246	3260	3239	3279	3311	3299	3180	3224	3192	3251	3292	3265	3243	3282	3264	3242	3224	3179	3300	516.7983157
3278	3256	3370	3304	3385	3253	3536	3703	3603	3311	3352	3369	3406	3272	3342	3350	3381	3338	3289	3328	3291	3274	3317	3329	3375	3292	3322	3325	3285	3333	3302	3304	3287	3367	3326	3280	3350	3272	3289	3336	3321	3281	3313	3383	3259	3292	3297	3336	3265	3278	3287	3190	3269	3320	3427	3349	3313	3297	3270	3300	3333	3293	3269	3349	3317	3309	3337	3310	3286	3314	3302	3226	3281	3220	3320	3274	3311	3280	3329	3356	3322	3297	3298	3307	3272	3251	3277	3268	3346	3344	3377	3262	3343	3300	3369	3281	520.0837622
3289	3371	3295	3270	3280	3293	3694	3540	3693	3271	3277	3265	3295	3299	3202	3293	3311	3343	3263	3303	3372	3325	3304	3242	3323	3196	3318	3281	3299	3327	3330	3261	3195	3357	3305	3273	3301	3206	3306	3335	3310	3247	3225	3321	3278	3185	3234	3258	3222	3267	3248	3311	3250	3230	3274	3231	3361	3218	3292	3305	3222	3267	3292	3202	3225	3285	3229	3328	3284	3262	3238	3282	3210	3311	3232	3251	3281	3238	3318	3227	3411	3271	3372	3214	3276	3262	3335	3260	3298	3255	3192	3196	3236	3285	3327	3250	523.3525211
3244	3276	3373	3247	3276	3292	3552	3631	3630	3224	3282	3199	3335	3262	3301	3237	3253	3310	3291	3260	3222	3264	3254	3255	3226	3275	3236	3221	3247	3195	3242	3242	3295	3348	3287	3237	3217	3184	3282	3290	3265	3209	3202	3218	3258	3247	3213	3323	3162	3191	3281	3217	3262	3330	3364	3283	3265	3206	3193	3262	3215	3218	3222	3237	3240	3364	3316	3199	3261	3241	3225	3191	3214	3278	3273	3302	3262	3237	3283	3264	3218	3267	3243	3240	3268	3214	3341	3272	3204	3262	3280	3173	3254	3267	3151	3261	526.6344453
3248	3194	3182	3316	3179	3256	3485	3509	3584	3195	3223	3215	3245	3148	3171	3251	3187	3235	3189	3188	3135	3208	3206	3140	3273	3186	3194	3180	3151	3147	3140	3190	3201	3236	3171	3231	3179	3178	3146	3184	3144	3209	3279	3182	3187	3114	3162	3184	3170	3233	3205	3123	3185	3217	3283	3192	3178	3131	3151	3186	3158	3184	3199	3240	3201	3235	3149	3174	3166	3199	3201	3234	3116	3212	3214	3076	3152	3198	3168	3216	3115	3108	3216	3236	3187	3180	3162	3133	3203	3215	3213	3161	3168	3209	3185	3257	529.9146065
3098	3153	3152	3092	3104	3173	3495	3443	3420	3129	3273	3265	3195	3188	3243	3176	3092	3128	3149	3171	3138	3180	3145	3116	3210	3157	3119	3209	3164	3224	3116	3143	3135	3169	3121	3146	3177	3141	3161	3161	3147	3148	3126	3165	3188	3191	3147	3222	3159	3178	3134	3187	3129	3188	3146	3187	3202	3156	3095	3083	3148	3174	3174	3127	3167	3102	3200	3142	3069	3093	3111	3153	3044	3099	3175	3151	3183	3132	3163	3105	3164	3114	3150	3121	3218	3154	3117	3114	3166	3182	3136	3128	3127	3100	3157	3112	533.1781082
3060	3120	3157	3087	3088	3151	3421	3443	3452	3159	3130	3183	3123	3118	3082	3167	3170	3196	3127	3150	3208	3104	3209	3168	3113	3024	3083	3134	3074	3143	3192	3099	3137	3082	3126	3141	3108	3112	3128	3000	3130	3107	3124	3115	3072	3130	3105	3036	3110	3145	3128	3175	3112	3065	3050	3140	3181	3143	3078	3071	3192	3085	3051	3169	3090	3206	3097	3143	3066	3065	3066	3155	3147	3107	3033	3159	3189	3091	3113	3079	3124	3112	3104	3105	3088	3130	3034	3122	3187	3113	3142	3026	3058	3180	3082	3054	536.4547556
3074	3196	3089	3034	3129	3075	3395	3410	3407	3093	3159	3115	3144	3114	3104	3076	3099	3142	3056	3012	3121	3144	3068	3036	2988	3110	3070	3103	3142	3102	3041	3091	3073	3106	3062	3119	3128	2973	3140	3116	3030	3095	3053	3028	3076	3003	3104	2998	3093	3019	3034	3114	3041	3016	3074	3052	3108	3045	3098	3074	2992	3068	3049	3092	3085	3044	3033	3019	3077	3005	3091	3102	3103	3082	3020	3090	3074	3097	3038	3045	3032	2960	3094	3093	3139	3061	3027	3036	3035	3018	3047	3110	3077	3075	3026	3006	539.7147624
3006	3020	3092	3033	3013	3035	3380	3359	3319	3055	3003	3193	3013	3028	3092	3046	3023	3099	3080	3078	3137	3096	3001	3002	3025	2988	2959	2975	3098	3009	2981	2982	2998	3019	3051	3064	2970	3026	2991	3045	3045	3060	3012	2960	3068	3068	3017	3011	3017	3025	2989	2994	3048	3007	3018	3069	3045	3070	3012	2975	2955	3027	3016	3024	3048	3033	2956	2964	2969	2970	2987	3021	2983	2973	3035	3027	3019	3072	3005	3008	2980	3007	2929	3085	3007	2981	2999	3016	3033	3052	3015	2967	3006	2978	2969	2949	542.9730277
3048	3025	3020	3053	3017	2990	3345	3361	3256	2991	3079	3070	3014	3001	2950	3029	3146	2972	3059	3112	3041	2956	2971	2957	3013	2979	3001	2955	2960	3011	2928	3043	2990	3035	2990	2952	2988	2981	2956	3048	2930	3061	3006	2980	3028	2998	2964	3033	3005	3017	2986	3027	2943	2984	3008	3080	3010	3017	3003	2933	2954	3056	2945	2995	3021	2982	2950	2996	3039	2971	3027	2944	3000	2952	2988	2988	3024	3007	3068	2962	2959	2943	2960	2955	3001	2905	2916	3040	2991	3006	2995	2983	2953	2932	2992	3020	546.229553
2984	2990	2925	2940	2985	2959	3329	3359	3269	2948	2982	3060	2975	2956	2985	3042	3054	2969	3038	2986	3059	3031	3024	3013	2973	2960	2957	2957	2973	2977	2962	3018	2901	3038	2988	2943	2971	2950	2907	2963	2896	3018	2921	3044	2935	2897	2825	2843	3000	2955	2894	3010	2954	3007	2972	2990	2940	2980	2891	2969	2931	2870	2986	2973	2933	2924	2980	2947	2962	2948	2931	2993	3007	3070	2964	2960	2918	2972	2945	2980	2920	2942	2966	2889	2999	2999	2938	2931	2946	2915	2945	3021	2944	2944	2969	3031	549.4843396
2985	2920	2982	2965	3001	2937	3294	3374	3313	3005	2968	3032	2950	2960	3007	3047	3050	2943	2971	3063	3093	2944	2923	2967	2978	2889	2920	2892	2976	3019	2955	2928	2889	2959	2944	3024	3055	2986	3030	3004	2933	2937	2975	2938	2919	2875	2964	3025	3024	2971	3008	2950	2980	2889	2920	2936	2988	2894	2896	2942	2964	2907	2975	3003	2935	2865	2904	2928	3015	2955	2919	2958	2951	2930	2908	2918	2929	3025	2944	3002	3039	2894	2968	3000	2920	2939	2921	3003	3037	2903	2930	2972	2971	2925	2907	3008	552.737389
3023	2868	3055	2991	2967	2961	3293	3306	3242	3015	2983	2913	2992	2994	2905	2917	2949	3000	2987	2920	2982	2900	2909	2944	2996	2887	2976	2905	2932	2950	2927	2983	2948	2955	2860	2965	2925	2931	2903	2944	2984	3004	2983	2903	2951	2858	2890	2950	2895	2881	2933	2994	2895	2874	2940	2876	2941	2934	2921	2852	2886	2943	2920	2922	2896	2929	2960	2968	2953	2882	2925	2958	2944	2892	2956	2967	2946	2932	2975	2974	2905	2934	2931	2940	2939	2962	2933	2938	2960	2935	2974	2939	2897	2948	2968	2926	555.9887025
2913	2999	3011	2931	2891	2921	3269	3218	3299	3000	3040	2992	2988	2869	2968	2970	2962	2900	2994	2951	3009	2880	2878	2946	2847	2949	2939	2907	3018	2914	2873	2950	3001	2935	3023	2890	2890	2957	2855	2938	2933	2813	2907	2941	2868	2975	2981	2961	2830	2867	2983	2913	2981	2804	2942	2882	2913	2879	2991	2900	2912	2943	2939	2925	2914	2935	2922	2938	2882	2953	2887	2906	2906	2891	2980	2921	2901	2964	2884	2919	2895	2855	2955	2908	2881	2904	2875	2894	2914	2839	2860	2821	2924	2915	2831	2907	559.2382816
2986	2931	2905	2954	3010	2932	3208	3220	3323	3002	2943	2908	2919	2937	2899	3018	2904	2941	2899	2862	2943	2923	2977	2886	2869	2897	3008	2917	2891	2966	2899	2848	2966	2985	2917	2968	2902	2942	2882	2831	2924	2895	2843	2925	2892	2926	2946	2973	2898	2887	2990	2895	2883	2948	2823	2992	2964	2885	2884	2879	2942	2851	2881	3024	2937	2906	2856	2873	2924	2947	2966	2906	2882	2891	2908	2858	2895	2896	2901	2921	2874	2801	2943	2892	2911	2880	2898	2962	2973	2938	2929	2914	2803	2902	2978	2890	562.4861276
2994	2878	2881	2910	2880	2924	3208	3243	3214	2926	2952	2928	2891	2890	2895	2965	2914	2941	2870	2981	2996	2850	2932	2878	2991	2918	2860	2928	2885	2979	2918	2882	2900	3001	2886	2842	2933	2895	2916	2908	2931	2908	2873	2922	2875	2873	2976	2858	2939	2925	2989	2914	2837	2981	2929	2898	2910	2883	2811	2903	2861	2940	2880	2913	2956	2909	2859	2892	2905	2954	2866	2874	2976	2842	2930	2896	2901	2891	2960	2929	2882	2897	2841	2899	2855	2914	2879	2871	2896	2869	2933	2918	2861	2938	2961	2875	565.7174233
2882	2948	2849	2930	2892	2899	3227	3241	3235	2931	2897	2953	2879	2920	2861	2912	2907	2832	2836	2984	2885	2876	2922	2849	2810	2814	2806	2850	2895	2902	2931	2874	2907	2941	2930	2947	2898	2864	2899	2858	2868	2893	2888	2832	2869	2808	2881	2888	2836	2917	2926	2807	2895	2833	2905	2839	2855	2954	2832	2887	2885	2834	2856	2853	2846	2831	2858	2829	2798	2885	2864	2868	2867	2843	2836	2902	2796	2913	2926	2898	2917	2903	2811	2847	2848	2815	2834	2841	2834	2878	2815	2858	2867	2844	2827	2917	568.9618152
2884	2904	2856	2887	2909	2880	3166	3147	3215	2877	2901	3004	2844	2868	2906	2847	2878	2956	2974	2901	2880	2892	2848	2841	2860	2909	2806	2930	2896	2850	2882	2941	2847	2953	2885	2954	2851	2853	2858	2882	2900	2814	2891	2891	2819	2884	2819	2877	2893	2857	2904	2898	2838	2912	2820	2868	2921	2880	2781	2902	2866	2850	2913	2871	2865	2837	2875	2838	2895	2771	2874	2912	2770	2841	2880	2871	2953	2840	2865	2972	2920	2723	2880	2852	2838	2780	2820	2887	2788	2918	2904	2807	2891	2885	2838	2879	572.1896754
2864	2841	2861	2856	2863	2768	3129	3214	3168	2898	2946	2906	2803	2964	2886	2876	2872	2841	2909	2934	2834	2896	2886	2794	2844	2829	2850	2863	2814	2860	2838	2836	2873	2750	2824	2838	2833	2842	2802	2920	2866	2809	2738	2840	2839	2813	2842	2870	2817	2864	2829	2829	2778	2830	2926	2826	2822	2866	2896	2849	2845	2894	2818	2812	2893	2876	2800	2831	2832	2834	2890	2825	2914	2902	2876	2888	2851	2828	2765	2840	2819	2765	2872	2842	2800	2926	2956	2764	2847	2814	2892	2863	2807	2887	2853	2767	575.4158238
2862	2884	2894	2863	2925	2875	3195	3286	3086	2892	2967	2844	2893	2857	2890	2892	2914	2872	2930	2925	2931	2826	2852	2922	2931	2825	2812	2855	2852	2808	2869	2886	2899	2828	2907	2807	2936	2860	2856	2820	2774	2880	2892	2825	2859	2895	2821	2803	2920	2872	2846	2927	2854	2881	2846	2779	2928	2858	2878	2869	2808	2825	2866	2900	2839	2946	2788	2914	2895	2825	2901	2866	2824	2841	2817	2847	2898	2855	2788	2924	2921	2882	2835	2813	2865	2850	2807	2860	2844	2797	2807	2842	2821	2801	2839	2831	578.6402617
2898	2876	2866	2893	2944	2887	3202	3141	3128	2893	2912	2871	2839	2861	2892	2883	2898	2987	3012	2889	2889	2947	2891	2876	2855	2799	2777	2813	2802	2884	2866	2746	2799	2882	2928	2937	2873	2823	2826	2960	2781	2852	2767	2918	2867	2812	2885	2871	2779	2855	2849	2898	2868	2859	2870	2870	2800	2875	2810	2842	2835	2857	2909	2877	2806	2838	2852	2824	2763	2841	2749	2784	2872	2850	2821	2941	2884	2853	2910	2874	2826	2876	2788	2823	2880	2772	2838	2830	2859	2833	2822	2797	2885	2899	2856	2793	581.8629905
2818	2888	2882	2826	2832	2889	3203	3249	3153	2853	2866	2858	2897	2915	2840	2870	2947	2919	2929	2899	2879	2837	2912	2912	2843	2869	2889	2938	2811	2778	2899	2837	2890	2886	2850	2861	2802	2801	2926	2939	2826	2898	2912	2843	2848	2846	2830	2803	2903	2842	2823	2846	2816	2851	2864	2870	2955	2890	2828	2895	2911	2874	2826	2872	2792	2871	2886	2840	2870	2881	2869	2803	2824	2899	2930	2835	2883	2897	2844	2904	2815	2874	2897	2850	2915	2891	2894	2848	2884	2840	2852	2871	2892	2841	2845	2804	585.0840116
2903	2875	2879	2906	2871	2910	3182	3121	3172	2855	2923	2950	2882	2854	2864	2907	2938	2841	2938	2930	2915	2894	2906	2855	2881	2863	2860	2872	2890	2863	2835	2849	2855	2886	2892	2832	2854	2847	2896	2894	2907	2801	2872	2831	2865	2886	2843	2784	2894	2933	2928	2781	2875	2838	2893	2860	2877	2799	2819	2868	2799	2913	2878	2863	2886	2854	2838	2896	2843	2884	2899	2798	2943	2820	2905	2876	2806	2866	2854	2818	2820	2839	2776	2816	2803	2856	2846	2876	2841	2831	2851	2887	2809	2829	2926	2923	588.3033263
2838	2907	2945	2862	2883	2930	3224	3266	3213	2896	2888	2898	2824	2896	2880	2907	2967	2916	2901	2928	2911	2941	2900	2923	2800	2924	2874	2907	2947	2838	2936	2863	2908	2896	2913	2920	2818	2875	2869	2855	2891	2922	2845	2875	2793	2914	2920	2845	2814	2935	2901	2952	2843	2798	2856	2895	2967	2850	2846	2800	2842	2846	2846	2898	2843	2880	2883	2864	2830	2901	2896	2903	2808	2906	2748	2926	2862	2886	2881	2922	2903	2784	2829	2858	2815	2835	2918	2916	2897	2896	2856	2869	2885	2834	2823	2915	591.5209359
2873	2849	2920	2863	2896	2886	3161	3226	3216	2913	2967	2941	2829	2929	2880	2891	2908	2925	2863	2875	2801	2897	2944	2854	2808	2836	2930	2900	2891	2825	2811	2814	2906	2899	2921	2903	2923	2872	2865	2933	2850	2861	2834	2929	2955	2843	2891	2873	2879	2885	2867	2882	2836	2889	2880	2921	2876	2932	2870	2842	2869	2786	2876	2854	2988	2987	2815	2854	2822	2934	2841	2886	2882	2853	2816	2890	2868	2789	2851	2906	2907	2889	2856	2828	2875	2867	2911	2834	2845	2823	2903	2869	2842	2825	2871	2866	594.7368419
2906	2899	2907	2871	2892	2948	3249	3176	3189	2977	2925	2955	2964	2919	2966	2943	2866	2947	2898	2945	2969	2873	2829	2844	2905	2900	2857	2935	2853	2896	2819	2910	2829	2967	2939	2928	2837	2934	2876	2903	2875	2880	2865	2924	2854	2884	2882	2843	2912	2932	2925	2847	2792	2931	2861	2898	2862	2965	2816	2819	2926	2847	2846	2930	2875	3017	2892	2871	2908	2888	2833	2843	2917	2911	2873	2844	2942	2890	2914	2843	2882	2890	2925	2866	2875	2815	2841	2873	2918	2877	2900	2869	2821	2918	2911	2952	597.9363055
2815	2900	2943	2883	2898	2965	3163	3264	3109	2928	2876	2931	2888	2932	2922	2930	2928	2857	2909	2906	2920	2864	2882	2898	2922	2942	2909	2921	2856	2900	2864	2951	2850	2881	2882	2858	2884	2868	2899	2952	2883	2884	2886	2905	2903	2801	2906	2784	2888	2868	2873	2838	2880	2891	2842	2881	2910	2863	2831	2912	2891	2856	2914	2904	2925	2912	2907	2912	2847	2838	2834	2878	2868	2907	2941	2876	2810	2847	2901	2863	2929	2826	2767	2800	2909	2868	2868	2907	2853	2842	2862	2862	2924	2978	2888	2880	601.148816
2845	2945	2874	2851	2833	2898	3201	3180	3197	2850	2913	3003	2848	2865	2850	2938	2864	2850	2956	2943	2910	2854	2835	2946	2841	2957	2924	2904	2842	2877	2888	2919	2856	2870	2903	2886	2837	2906	2848	2826	2835	2893	2842	2874	2823	2903	2883	2876	2904	2868	2878	2862	2824	2886	2953	2948	2927	2866	2834	2847	2907	2784	2868	2878	2912	2883	2831	2830	2866	2851	2796	2907	2877	2900	2892	2822	2838	2896	2895	2863	2922	2819	2924	2803	2901	2877	2866	2800	2870	2936	2915	2838	2877	2796	2836	2775	604.3449022
2869	2826	2949	2915	2953	2884	3217	3175	3233	2931	2917	2950	2946	2860	2882	2910	2908	2934	2959	2919	2925	2914	2920	2984	2836	2920	2921	2817	2801	2902	2895	2849	2882	2844	2867	2934	2853	2895	2869	2793	2822	2844	2868	2885	2853	2913	2948	2858	2945	2884	2893	2920	2887	2846	2864	2898	2873	2861	2879	2877	2870	2913	2793	2902	2852	2988	2938	2888	2830	2834	2801	2903	2822	2883	2840	2921	2879	2835	2972	2922	2859	2867	2835	2897	2827	2831	2885	2924	2943	2878	2857	2904	2895	2933	2855	2857	607.5540226
2967	2926	2978	2841	2928	2875	3186	3346	3287	2940	2953	2886	2874	2945	2935	2958	3029	2901	2991	2947	2928	2917	2908	2859	2956	2829	2924	2951	2873	2908	2906	2895	2881	2916	2877	2967	2909	2916	2874	2941	2945	2949	2900	2901	2908	2919	2886	2842	2862	2878	2917	2881	2895	2933	2874	2927	2839	3006	2880	2875	2941	2852	2947	2940	2883	2883	2944	2896	2872	2837	2942	2917	2857	2884	2893	2940	2854	3037	2915	2927	2914	2901	2931	2881	2874	2884	2943	2889	2921	2903	2880	2925	2879	2850	2937	2913	610.746737
2956	2910	3001	2937	2994	2991	3336	3326	3317	3044	3040	3044	3010	2977	2965	3005	3002	2976	3008	3035	2977	2921	2897	2882	2998	2941	2947	3036	2932	2990	3025	2956	2976	3000	2936	2976	2952	2927	2983	2917	2986	2967	2974	2943	2964	2974	2942	2969	3033	2942	2986	3056	3016	3015	2944	2957	2995	2994	2985	2940	2925	3000	2935	2949	2975	3004	2986	3040	2920	2963	2975	2984	3036	2952	2954	2938	2954	2993	2931	2960	2985	2915	2931	2901	3019	2920	3002	2961	2853	2915	3038	3007	2955	2975	2971	2960	613.9377713
3058	2989	3017	3059	3087	3070	3331	3376	3340	3154	3012	3068	3041	3081	3092	3070	3111	3165	3068	3035	3131	3034	3043	3104	3020	3060	3092	3055	3109	3009	2984	2985	3057	3067	3063	2989	3014	3082	2998	3091	3105	3044	3002	2996	3066	3022	3016	3036	3089	3037	3069	3059	3041	3120	3080	2984	3145	2997	3013	3096	3000	3024	3015	3043	3021	3101	2964	2982	3049	3007	3002	2987	3020	3101	2998	3019	3018	2987	3022	3036	3075	3131	2993	3041	3024	2990	2949	2995	3008	3121	2965	3031	3080	3020	2992	3046	617.1271269
3155	3228	3207	3191	3121	3175	3483	3400	3473	3241	3162	3202	3186	3160	3163	3180	3193	3118	3100	3190	3127	3064	3188	3166	3114	3204	3129	3170	3184	3169	3193	3234	3105	3194	3132	3165	3117	3149	3102	3174	3209	3189	3169	3120	3165	3110	3121	3143	3154	3143	3088	3254	3124	3076	3151	3116	3164	3100	3084	3151	3120	3153	3129	3183	3222	3150	3127	3148	3060	3050	3166	3141	3128	3111	3096	3177	3126	3157	3110	3193	3122	3100	3228	3150	3199	3153	3150	3176	3200	3078	3162	3191	3107	3206	3144	3125	620.3148051
3196	3242	3197	3159	3194	3246	3501	3453	3402	3255	3154	3199	3194	3127	3176	3197	3226	3235	3247	3204	3187	3144	3099	3113	3188	3144	3135	3236	3106	3142	3271	3174	3141	3243	3178	3158	3129	3211	3252	3127	3143	3188	3081	3228	3200	3146	3158	3104	3139	3143	3171	3221	3176	3149	3191	3095	3196	3149	3129	3150	3099	3106	3127	3238	3109	3129	3119	3123	3157	3096	3067	3119	3174	3112	3124	3141	3169	3220	3152	3121	3146	3155	3045	3170	3126	3137	3163	3193	3151	3154	3107	3131	3139	3148	3053	3228	623.5008071
3220	3132	3158	3151	3068	3059	3442	3441	3537	3232	3200	3159	3224	3123	3105	3106	3086	3138	3083	3160	3194	3095	3123	3017	3105	3083	3121	3042	3140	3121	3074	3080	3064	3127	3189	3064	3113	3134	3093	3036	3117	3065	3060	3161	3188	3099	3166	3124	3057	3095	3128	3080	3111	3065	3042	3079	3142	3153	3060	3056	3002	3055	3129	3144	3155	3117	3071	3160	3110	3119	3017	3072	3052	3097	3091	3096	3134	3084	3111	3151	3098	3097	3084	3102	3048	3088	3131	3069	3071	3099	3152	3201	3068	3066	3071	3130	626.6851344
3085	3115	3071	3099	3134	3124	3388	3507	3441	3129	3136	3146	3132	3021	3137	3078	3163	3121	3088	3140	3150	3056	3109	3112	3201	3081	3093	3144	3083	3110	3069	3132	3126	3074	3194	3111	3094	3043	3077	3067	3115	3075	3166	3043	3058	3079	3090	3096	3046	3093	3048	3152	3114	3157	3088	3137	3165	3078	3179	3007	3041	3107	3096	3072	3048	3055	3091	3072	3107	3095	3075	2996	3068	3101	3013	3083	3070	3090	3093	3073	3157	3059	3033	3050	3091	3064	3190	3138	3024	3035	3090	3050	3091	3057	3103	3042	629.8531254
3026	3060	2949	3045	3052	3045	3373	3377	3299	3034	3024	3038	3004	2977	3120	3090	3014	3095	2992	3060	3045	3062	3039	3020	2985	3053	3039	3023	3006	2929	2993	3073	3013	2997	2998	3069	3018	2955	2988	2978	3011	3030	2973	2909	3000	2989	2961	3042	3078	3002	3034	3022	2911	3018	3019	3004	2922	3024	3005	3014	3007	2961	3013	3039	2988	3019	2984	2962	3006	2964	2978	2965	3034	3004	3002	2960	2984	2970	3044	3010	3081	2946	3012	2966	3033	2930	3025	3108	2992	3015	3045	2979	2998	3021	2972	3009	633.0341147
2855	2982	2920	2929	2899	2903	3150	3250	3131	2843	2911	2965	2832	2896	2886	2817	2891	2943	2922	2817	2865	2891	2932	2900	2892	2953	2845	2907	2852	2879	2906	2883	2902	2888	2854	2857	2868	2871	2874	2833	2823	2923	2894	2889	2905	2854	2874	2894	2875	2862	2895	2903	2916	2901	2832	2855	2834	2911	2853	2791	2866	2914	2965	2898	2929	2852	2784	2927	2796	2821	2935	2899	2903	2902	2880	2886	2865	2884	2960	2907	2911	2920	2863	2791	2863	2855	2931	2848	2871	2906	2838	2852	2886	2901	2923	2866	636.1987859
2850	2826	2810	2781	2789	2800	3218	3115	3127	2808	2933	2752	2697	2762	2757	2858	2813	2857	2823	2792	2832	2933	2711	2731	2758	2740	2762	2755	2829	2774	2789	2769	2778	2829	2863	2738	2733	2763	2807	2779	2759	2747	2845	2798	2775	2823	2758	2714	2782	2806	2773	2706	2804	2785	2756	2753	2843	2772	2766	2759	2795	2803	2821	2775	2728	2816	2762	2727	2809	2725	2767	2800	2836	2820	2741	2786	2803	2775	2738	2806	2737	2786	2770	2767	2800	2784	2774	2722	2741	2827	2764	2728	2771	2765	2773	2741	639.3764426
2760	2703	2751	2741	2751	2730	3044	2998	2965	2727	2752	2693	2749	2670	2743	2671	2739	2691	2736	2681	2665	2675	2664	2725	2695	2687	2718	2686	2636	2726	2704	2641	2662	2639	2657	2727	2689	2786	2721	2663	2689	2781	2672	2646	2762	2626	2721	2654	2732	2766	2742	2736	2693	2711	2751	2709	2691	2667	2664	2725	2694	2722	2694	2746	2713	2752	2653	2643	2673	2699	2686	2641	2740	2649	2728	2704	2697	2682	2711	2668	2753	2668	2728	2667	2641	2675	2676	2738	2681	2703	2681	2694	2724	2674	2660	2624	642.537799
2644	2567	2640	2652	2615	2625	2956	2921	2962	2704	2680	2619	2590	2645	2683	2740	2706	2656	2751	2677	2645	2652	2666	2580	2642	2579	2617	2625	2736	2695	2645	2648	2678	2709	2653	2649	2637	2623	2684	2663	2575	2683	2615	2632	2634	2685	2630	2589	2585	2686	2625	2582	2617	2674	2635	2643	2627	2676	2594	2603	2650	2660	2661	2635	2684	2573	2619	2591	2613	2565	2627	2619	2683	2665	2589	2646	2596	2681	2613	2612	2553	2640	2597	2596	2642	2689	2579	2638	2626	2582	2639	2613	2607	2692	2661	2577	645.6975039
2639	2623	2647	2610	2604	2583	2914	2923	2865	2619	2684	2588	2600	2575	2603	2686	2630	2613	2708	2612	2619	2607	2623	2634	2602	2617	2537	2595	2602	2574	2581	2585	2627	2644	2584	2607	2588	2663	2610	2655	2482	2659	2643	2605	2611	2635	2524	2600	2621	2598	2626	2561	2651	2512	2629	2648	2621	2622	2654	2662	2585	2646	2609	2594	2585	2625	2570	2598	2613	2607	2624	2611	2620	2555	2570	2660	2633	2632	2501	2631	2642	2589	2609	2563	2628	2580	2576	2615	2602	2555	2665	2626	2602	2617	2630	2572	648.8555585
2632	2588	2607	2583	2635	2575	2831	2911	2873	2589	2635	2543	2526	2572	2593	2635	2575	2574	2567	2575	2641	2622	2532	2567	2594	2486	2608	2573	2622	2547	2594	2574	2546	2604	2606	2560	2596	2546	2560	2604	2547	2517	2552	2583	2575	2625	2553	2565	2604	2601	2521	2589	2504	2566	2643	2543	2524	2645	2563	2555	2533	2517	2615	2591	2589	2557	2489	2558	2563	2597	2535	2611	2549	2518	2535	2565	2524	2535	2557	2632	2559	2606	2572	2589	2611	2542	2597	2551	2547	2579	2570	2560	2567	2563	2607	2585	652.0119641
2587	2586	2559	2581	2563	2517	2910	2736	2776	2617	2575	2572	2533	2536	2582	2530	2614	2545	2617	2572	2586	2528	2525	2549	2562	2609	2517	2566	2548	2587	2589	2596	2511	2592	2632	2574	2558	2515	2456	2486	2536	2523	2573	2572	2488	2580	2559	2594	2521	2547	2540	2547	2529	2566	2591	2579	2557	2495	2573	2494	2507	2520	2540	2536	2485	2570	2557	2560	2582	2478	2492	2525	2526	2551	2558	2475	2490	2519	2469	2582	2600	2473	2522	2519	2522	2479	2520	2520	2498	2618	2527	2559	2511	2491	2508	2542	655.166722
2547	2570	2558	2460	2588	2512	2899	2847	2760	2555	2578	2638	2540	2535	2513	2576	2532	2503	2553	2520	2595	2506	2550	2515	2486	2530	2520	2572	2524	2488	2501	2522	2496	2536	2545	2542	2546	2498	2545	2583	2495	2552	2548	2476	2515	2485	2490	2467	2476	2575	2476	2505	2521	2573	2562	2543	2475	2445	2511	2525	2526	2523	2524	2516	2590	2517	2491	2497	2425	2528	2548	2596	2595	2532	2550	2527	2520	2575	2509	2432	2552	2494	2523	2542	2501	2551	2505	2559	2544	2494	2547	2446	2561	2511	2502	2453	658.3198335
2455	2530	2502	2501	2532	2524	2758	2739	2785	2608	2521	2486	2538	2464	2498	2498	2502	2554	2543	2521	2487	2456	2507	2471	2511	2371	2511	2534	2537	2423	2491	2492	2484	2512	2491	2504	2423	2524	2452	2440	2498	2483	2499	2516	2470	2475	2457	2416	2486	2547	2467	2482	2532	2537	2532	2534	2537	2442	2486	2416	2452	2459	2482	2477	2453	2471	2391	2505	2483	2519	2444	2436	2477	2487	2506	2521	2518	2459	2507	2436	2411	2464	2456	2412	2520	2468	2491	2461	2499	2433	2444	2417	2455	2498	2475	2438	661.4712999
2508	2447	2511	2448	2433	2445	2771	2753	2772	2519	2494	2537	2434	2416	2510	2496	2457	2543	2537	2506	2532	2441	2513	2532	2461	2485	2464	2487	2450	2454	2531	2422	2393	2494	2523	2437	2412	2488	2490	2430	2502	2462	2514	2499	2467	2450	2541	2505	2435	2423	2492	2479	2450	2518	2474	2514	2453	2524	2426	2485	2451	2489	2447	2510	2474	2473	2400	2485	2402	2489	2513	2476	2467	2498	2430	2420	2479	2418	2497	2504	2494	2439	2508	2449	2471	2434	2470	2484	2553	2406	2405	2430	2497	2518	2483	2459	664.6065438
2541	2447	2519	2493	2394	2524	2750	2769	2767	2492	2496	2467	2438	2432	2470	2491	2516	2488	2428	2525	2484	2502	2495	2421	2400	2444	2524	2466	2440	2474	2450	2406	2483	2441	2475	2561	2488	2387	2462	2514	2484	2461	2427	2429	2457	2450	2450	2429	2478	2438	2487	2539	2445	2499	2536	2479	2463	2430	2382	2466	2462	2435	2468	2480	2492	2440	2438	2451	2477	2395	2420	2403	2460	2385	2473	2531	2497	2413	2536	2435	2475	2462	2503	2344	2434	2400	2432	2532	2430	2465	2473	2386	2416	2426	2433	2424	667.7547314
2474	2485	2426	2484	2435	2442	2704	2775	2748	2476	2433	2485	2395	2436	2446	2481	2532	2394	2489	2473	2453	2443	2469	2355	2446	2350	2443	2414	2422	2468	2450	2425	2467	2462	2477	2460	2379	2480	2458	2414	2428	2435	2417	2405	2440	2381	2419	2432	2485	2424	2439	2401	2410	2456	2432	2419	2419	2411	2448	2463	2410	2410	2448	2486	2475	2453	2420	2390	2438	2468	2440	2422	2419	2480	2444	2385	2454	2463	2422	2502	2417	2454	2423	2427	2420	2437	2370	2433	2431	2449	2453	2376	2405	2462	2461	2453	670.8867142
2440	2377	2466	2477	2361	2444	2718	2794	2765	2513	2494	2423	2430	2477	2516	2424	2464	2506	2495	2502	2470	2450	2450	2351	2466	2482	2373	2477	2474	2467	2470	2424	2428	2460	2441	2451	2449	2443	2470	2471	2509	2404	2415	2384	2375	2395	2433	2440	2477	2464	2360	2410	2460	2460	2509	2495	2438	2419	2419	2396	2406	2372	2504	2488	2475	2418	2398	2380	2468	2373	2344	2405	2428	2537	2356	2482	2393	2441	2423	2496	2451	2414	2503	2387	2422	2432	2405	2457	2394	2440	2431	2483	2386	2454	2420	2398	674.0316282
2434	2501	2426	2423	2400	2445	2729	2721	2706	2439	2421	2480	2436	2402	2430	2459	2422	2488	2423	2439	2509	2467	2440	2436	2425	2424	2447	2478	2378	2437	2410	2402	2330	2423	2364	2410	2454	2512	2397	2514	2464	2419	2434	2406	2419	2378	2351	2445	2400	2359	2461	2450	2451	2486	2461	2405	2360	2452	2372	2396	2369	2467	2415	2444	2470	2469	2374	2374	2370	2420	2386	2363	2460	2445	2428	2506	2457	2397	2375	2331	2435	2441	2394	2431	2368	2320	2403	2375	2432	2465	2364	2430	2453	2429	2397	2365	677.1603551
2464	2430	2447	2388	2409	2388	2739	2727	2670	2511	2445	2451	2450	2410	2401	2420	2459	2460	2424	2473	2406	2408	2454	2457	2411	2393	2414	2353	2387	2385	2381	2420	2453	2420	2443	2414	2423	2386	2397	2317	2373	2351	2387	2393	2427	2374	2318	2399	2423	2384	2437	2320	2396	2440	2423	2416	2358	2411	2447	2399	2376	2397	2412	2416	2462	2391	2406	2396	2405	2397	2364	2394	2364	2338	2315	2431	2417	2404	2336	2455	2429	2430	2374	2442	2440	2400	2412	2397	2454	2414	2356	2341	2405	2393	2382	2459	680.2874596
2403	2427	2456	2428	2425	2396	2736	2738	2759	2409	2397	2425	2425	2433	2424	2402	2487	2380	2388	2354	2393	2406	2473	2392	2375	2390	2442	2390	2370	2437	2337	2322	2386	2395	2395	2424	2331	2387	2383	2346	2370	2415	2345	2454	2373	2360	2467	2439	2381	2380	2354	2389	2456	2367	2396	2437	2426	2380	2405	2336	2381	2481	2422	2350	2413	2438	2370	2412	2431	2351	2444	2419	2429	2380	2394	2415	2388	2415	2363	2417	2374	2440	2423	2342	2428	2432	2399	2385	2406	2344	2372	2378	2348	2406	2425	2372	683.4129431
2372	2356	2438	2389	2381	2392	2673	2659	2699	2498	2369	2427	2432	2379	2441	2432	2388	2394	2440	2394	2451	2395	2383	2368	2437	2383	2391	2393	2418	2406	2437	2390	2360	2404	2367	2368	2345	2381	2367	2367	2401	2385	2325	2319	2305	2406	2413	2417	2353	2411	2291	2388	2426	2408	2422	2348	2466	2405	2374	2383	2330	2420	2363	2361	2393	2337	2408	2319	2303	2394	2414	2329	2407	2462	2387	2407	2409	2432	2399	2390	2389	2438	2363	2298	2363	2342	2467	2372	2388	2379	2418	2484	2374	2434	2444	2382	686.5368069
2406	2446	2390	2484	2398	2440	2649	2732	2671	2439	2425	2460	2373	2377	2428	2469	2409	2449	2425	2454	2441	2381	2336	2398	2359	2404	2372	2365	2449	2362	2400	2374	2393	2376	2389	2421	2407	2355	2360	2401	2434	2357	2437	2336	2322	2424	2454	2370	2395	2384	2397	2340	2456	2399	2369	2428	2342	2338	2330	2375	2355	2318	2360	2414	2379	2389	2353	2387	2447	2382	2317	2357	2387	2385	2398	2368	2401	2411	2351	2361	2369	2378	2390	2318	2409	2337	2436	2371	2387	2464	2398	2388	2387	2354	2398	2401	689.6590521
2390	2391	2411	2389	2336	2403	2625	2658	2626	2449	2407	2466	2325	2332	2458	2368	2376	2474	2352	2353	2376	2373	2366	2410	2403	2361	2388	2395	2362	2365	2352	2388	2314	2453	2373	2366	2354	2347	2376	2408	2364	2378	2359	2327	2323	2344	2343	2348	2406	2397	2344	2372	2382	2330	2414	2385	2372	2405	2377	2358	2364	2390	2375	2416	2376	2396	2370	2357	2363	2421	2355	2371	2367	2345	2390	2392	2408	2393	2352	2389	2372	2333	2343	2361	2341	2414	2365	2356	2388	2397	2311	2427	2345	2360	2410	2371	692.77968
2454	2409	2345	2416	2471	2371	2595	2649	2671	2404	2404	2335	2321	2357	2415	2357	2417	2428	2409	2420	2362	2359	2392	2403	2417	2338	2398	2402	2373	2356	2401	2384	2400	2348	2431	2373	2413	2393	2350	2329	2331	2407	2402	2352	2375	2363	2369	2375	2419	2403	2415	2326	2365	2364	2419	2414	2349	2370	2287	2421	2338	2437	2414	2423	2406	2350	2255	2377	2343	2394	2394	2348	2343	2372	2385	2420	2395	2370	2385	2335	2381	2376	2331	2328	2348	2347	2321	2356	2362	2380	2342	2396	2341	2330	2351	2338	695.898692
2395	2375	2412	2415	2386	2420	2615	2697	2695	2462	2443	2454	2398	2437	2406	2458	2394	2377	2450	2365	2416	2424	2411	2383	2394	2369	2404	2469	2415	2377	2391	2347	2409	2395	2414	2455	2378	2416	2410	2412	2354	2356	2334	2458	2343	2398	2388	2380	2437	2407	2442	2429	2405	2461	2393	2414	2405	2383	2484	2421	2367	2334	2375	2402	2403	2462	2431	2298	2471	2408	2388	2389	2374	2386	2415	2375	2391	2375	2438	2415	2373	2443	2376	2330	2353	2330	2379	2415	2328	2429	2430	2359	2406	2399	2403	2464	699.0015934
2330	2422	2382	2468	2447	2483	2746	2678	2661	2416	2464	2387	2439	2426	2460	2416	2501	2424	2447	2401	2445	2410	2443	2398	2393	2486	2426	2374	2383	2365	2410	2418	2383	2410	2354	2422	2341	2371	2416	2394	2400	2448	2339	2410	2436	2394	2408	2424	2449	2383	2437	2387	2378	2404	2386	2383	2487	2375	2385	2384	2450	2401	2379	2401	2455	2356	2438	2366	2468	2402	2281	2430	2399	2417	2390	2434	2391	2428	2442	2395	2371	2374	2398	2367	2400	2340	2463	2429	2388	2456	2372	2456	2390	2423	2344	2392	702.1173846
2393	2421	2407	2377	2475	2486	2704	2635	2690	2390	2410	2422	2430	2475	2382	2412	2417	2423	2448	2427	2366	2440	2425	2421	2440	2402	2345	2366	2428	2431	2441	2419	2372	2405	2425	2479	2420	2404	2421	2402	2357	2428	2437	2410	2388	2463	2401	2375	2366	2391	2371	2357	2406	2394	2385	2372	2402	2453	2392	2418	2433	2433	2359	2345	2447	2459	2378	2392	2340	2399	2388	2378	2397	2309	2456	2412	2403	2385	2434	2390	2410	2415	2421	2394	2434	2448	2407	2413	2408	2430	2401	2349	2408	2390	2399	2405	705.2170827
2383	2418	2372	2478	2415	2389	2680	2718	2588	2416	2415	2460	2440	2400	2368	2440	2442	2434	2413	2357	2394	2365	2357	2405	2424	2336	2411	2410	2397	2403	2370	2381	2428	2347	2459	2350	2379	2330	2392	2371	2344	2439	2429	2386	2383	2411	2422	2403	2391	2464	2431	2460	2386	2341	2349	2410	2438	2435	2351	2423	2412	2449	2398	2341	2384	2365	2424	2392	2435	2362	2500	2404	2398	2414	2366	2401	2369	2395	2393	2421	2426	2346	2454	2458	2367	2407	2431	2376	2385	2350	2365	2432	2436	2403	2381	2371	708.3151847
2441	2391	2459	2428	2364	2410	2687	2624	2614	2397	2456	2370	2385	2416	2370	2441	2375	2418	2440	2416	2458	2390	2324	2366	2368	2415	2379	2399	2401	2371	2457	2417	2437	2378	2424	2416	2321	2331	2374	2374	2433	2367	2368	2364	2405	2418	2344	2365	2385	2430	2352	2449	2384	2326	2427	2367	2470	2378	2378	2375	2305	2323	2384	2440	2369	2343	2333	2360	2352	2371	2449	2331	2351	2388	2358	2423	2417	2336	2406	2389	2434	2360	2362	2430	2349	2400	2398	2377	2338	2379	2396	2448	2339	2384	2350	2371	711.4261579
2410	2335	2447	2367	2415	2403	2645	2725	2651	2395	2419	2325	2395	2416	2466	2358	2418	2343	2364	2300	2385	2406	2338	2338	2311	2327	2260	2401	2362	2379	2373	2314	2307	2385	2333	2324	2291	2291	2357	2397	2370	2363	2399	2308	2339	2367	2387	2319	2390	2331	2282	2338	2298	2347	2407	2339	2360	2343	2406	2264	2333	2451	2326	2359	2343	2431	2370	2338	2331	2338	2341	2382	2390	2362	2314	2342	2397	2295	2284	2389	2309	2305	2341	2369	2418	2323	2306	2364	2294	2344	2346	2337	2331	2378	2334	2344	714.5210641
2306	2403	2427	2371	2353	2419	2608	2648	2649	2334	2408	2391	2305	2325	2329	2298	2305	2316	2278	2374	2329	2388	2338	2297	2336	2345	2299	2321	2353	2342	2359	2332	2236	2350	2443	2355	2309	2357	2328	2362	2337	2351	2311	2420	2300	2346	2311	2411	2282	2331	2310	2348	2393	2313	2389	2331	2330	2293	2322	2332	2270	2273	2307	2322	2301	2318	2365	2335	2304	2385	2303	2374	2308	2314	2286	2386	2324	2374	2353	2310	2338	2262	2287	2325	2297	2342	2316	2351	2314	2335	2282	2315	2325	2345	2346	2377	717.6143779
2312	2308	2343	2303	2333	2316	2615	2554	2616	2333	2362	2345	2331	2302	2297	2395	2310	2357	2348	2344	2358	2294	2328	2319	2366	2311	2347	2312	2269	2304	2325	2346	2318	2325	2334	2366	2296	2272	2326	2259	2325	2381	2264	2255	2310	2371	2313	2325	2314	2305	2309	2374	2310	2318	2326	2320	2342	2265	2318	2333	2245	2306	2268	2376	2332	2315	2291	2332	2268	2311	2217	2264	2326	2238	2310	2298	2306	2241	2380	2275	2291	2334	2310	2242	2287	2267	2301	2306	2286	2383	2285	2250	2251	2331	2310	2317	720.7061006
2339	2298	2311	2287	2378	2321	2577	2552	2621	2346	2300	2356	2315	2295	2282	2400	2323	2347	2343	2257	2278	2340	2368	2256	2315	2311	2293	2293	2288	2330	2288	2278	2303	2317	2306	2323	2300	2364	2336	2313	2297	2270	2283	2316	2249	2269	2284	2281	2287	2295	2313	2290	2194	2271	2283	2313	2239	2317	2269	2341	2258	2311	2209	2265	2309	2376	2285	2299	2343	2225	2251	2319	2241	2336	2261	2327	2242	2302	2318	2302	2291	2314	2310	2264	2296	2312	2253	2287	2263	2249	2279	2246	2296	2312	2330	2299	723.7962334
2289	2339	2316	2307	2308	2298	2529	2622	2600	2327	2288	2292	2270	2188	2284	2319	2225	2307	2306	2311	2313	2347	2303	2277	2265	2345	2249	2241	2349	2291	2318	2314	2317	2292	2313	2242	2263	2324	2304	2270	2277	2286	2316	2291	2343	2303	2297	2293	2308	2293	2225	2257	2281	2304	2268	2257	2213	2289	2398	2288	2243	2261	2253	2355	2267	2325	2229	2238	2329	2266	2248	2313	2322	2284	2237	2367	2320	2211	2294	2247	2320	2280	2281	2291	2248	2265	2288	2320	2278	2301	2250	2319	2323	2252	2325	2336	726.8847775
2288	2257	2266	2268	2308	2277	2561	2585	2541	2248	2376	2328	2340	2327	2204	2361	2290	2323	2287	2326	2296	2236	2293	2309	2278	2265	2221	2306	2250	2295	2306	2284	2316	2262	2320	2287	2247	2336	2334	2315	2315	2282	2273	2310	2328	2274	2346	2252	2303	2329	2269	2308	2251	2261	2221	2274	2318	2278	2237	2308	2289	2245	2307	2246	2284	2191	2230	2229	2284	2280	2241	2286	2211	2248	2278	2299	2291	2273	2277	2228	2267	2225	2261	2240	2181	2247	2202	2283	2271	2282	2271	2303	2210	2275	2272	2271	729.9573129
2320	2362	2391	2282	2301	2347	2493	2500	2498	2328	2358	2286	2294	2310	2330	2272	2349	2314	2309	2274	2274	2292	2226	2273	2274	2278	2252	2287	2314	2262	2263	2262	2286	2275	2265	2330	2246	2265	2248	2293	2299	2224	2288	2322	2330	2304	2310	2259	2281	2267	2281	2314	2320	2255	2314	2280	2306	2240	2309	2291	2292	2257	2228	2272	2298	2282	2233	2322	2263	2266	2232	2325	2298	2256	2276	2313	2269	2294	2272	2332	2276	2270	2242	2298	2265	2216	2257	2252	2239	2185	2237	2259	2309	2236	2278	2242	733.0426908
2289	2279	2270	2383	2314	2249	2543	2513	2557	2310	2347	2277	2318	2262	2287	2332	2309	2243	2259	2248	2376	2305	2307	2353	2202	2283	2286	2331	2264	2255	2242	2325	2218	2311	2276	2300	2277	2307	2260	2267	2234	2272	2242	2309	2309	2270	2241	2194	2286	2249	2256	2301	2248	2252	2284	2284	2345	2232	2296	2315	2267	2241	2287	2301	2224	2292	2313	2266	2207	2262	2307	2252	2261	2312	2284	2288	2283	2299	2329	2279	2319	2255	2224	2236	2293	2314	2293	2281	2217	2279	2303	2288	2266	2288	2266	2295	736.112077
2291	2306	2341	2338	2318	2258	2589	2557	2568	2256	2334	2314	2284	2256	2291	2302	2240	2380	2281	2242	2296	2238	2265	2299	2290	2326	2268	2313	2309	2296	2246	2245	2297	2295	2308	2300	2293	2292	2246	2228	2293	2279	2298	2290	2234	2240	2264	2217	2340	2273	2266	2266	2238	2342	2301	2275	2333	2312	2241	2196	2275	2297	2270	2282	2278	2274	2228	2267	2241	2354	2179	2220	2257	2262	2312	2228	2278	2271	2239	2266	2294	2211	2304	2242	2324	2232	2266	2292	2288	2313	2256	2285	2263	2267	2250	2288	739.1942935
2240	2298	2307	2380	2322	2228	2492	2526	2492	2379	2355	2275	2261	2267	2217	2348	2323	2360	2305	2287	2323	2230	2253	2275	2302	2266	2300	2308	2266	2271	2225	2266	2256	2291	2298	2294	2293	2260	2252	2228	2267	2285	2265	2266	2270	2206	2282	2302	2227	2291	2253	2302	2275	2278	2270	2240	2275	2257	2215	2293	2319	2246	2276	2268	2290	2256	2311	2291	2261	2236	2206	2210	2349	2241	2278	2278	2339	2217	2279	2303	2315	2242	2262	2275	2234	2261	2307	2281	2203	2278	2284	2321	2250	2191	2328	2231	742.2605356
2334	2286	2277	2267	2288	2213	2567	2565	2494	2335	2307	2304	2354	2283	2241	2285	2328	2276	2246	2337	2313	2258	2192	2224	2251	2279	2246	2287	2299	2328	2234	2259	2269	2276	2311	2253	2220	2258	2242	2309	2332	2263	2281	2276	2284	2221	2256	2281	2252	2263	2252	2352	2320	2225	2255	2277	2315	2283	2259	2277	2254	2229	2314	2204	2290	2317	2250	2225	2289	2294	2323	2285	2212	2241	2251	2248	2277	2258	2309	2286	2218	2247	2249	2260	2291	2239	2218	2271	2266	2230	2257	2203	2286	2276	2278	2247	745.3252111
2300	2368	2307	2247	2251	2300	2570	2636	2525	2369	2281	2272	2312	2256	2270	2327	2295	2259	2312	2264	2323	2311	2233	2288	2262	2322	2265	2258	2305	2255	2303	2251	2309	2217	2276	2285	2322	2345	2230	2263	2284	2282	2246	2263	2332	2335	2277	2218	2258	2213	2255	2301	2312	2232	2293	2284	2299	2144	2255	2301	2266	2266	2284	2248	2286	2248	2317	2264	2290	2229	2245	2260	2226	2254	2273	2363	2235	2177	2269	2249	2319	2263	2244	2239	2293	2265	2313	2271	2220	2245	2249	2305	2323	2267	2271	2276	748.3883211
2288	2306	2265	2307	2342	2283	2515	2529	2536	2268	2257	2276	2224	2235	2271	2241	2297	2283	2189	2298	2269	2234	2207	2233	2222	2240	2237	2250	2276	2248	2271	2282	2283	2316	2351	2194	2269	2248	2320	2281	2244	2212	2214	2247	2297	2261	2214	2261	2297	2311	2277	2300	2231	2278	2258	2306	2281	2250	2274	2198	2285	2235	2271	2238	2278	2297	2291	2277	2185	2307	2266	2289	2266	2236	2219	2267	2272	2249	2282	2232	2231	2264	2212	2286	2258	2211	2263	2260	2244	2249	2270	2278	2268	2288	2267	2258	751.4498669
2282	2238	2265	2240	2297	2287	2554	2511	2516	2359	2289	2336	2315	2214	2287	2327	2263	2293	2275	2264	2277	2188	2265	2350	2256	2283	2286	2197	2285	2265	2219	2218	2224	2265	2270	2277	2271	2236	2249	2258	2217	2343	2307	2207	2275	2241	2267	2257	2289	2307	2258	2270	2217	2255	2302	2346	2301	2307	2227	2226	2297	2256	2238	2283	2269	2299	2265	2288	2219	2189	2231	2283	2209	2277	2276	2281	2284	2337	2270	2224	2260	2235	2203	2236	2314	2249	2259	2226	2291	2273	2256	2266	2303	2273	2288	2292	754.5098497
2331	2289	2275	2288	2307	2239	2569	2570	2528	2234	2289	2284	2231	2290	2243	2380	2258	2307	2254	2322	2298	2260	2234	2232	2287	2219	2313	2280	2300	2269	2256	2275	2315	2305	2273	2234	2230	2208	2241	2254	2245	2284	2206	2245	2311	2220	2280	2227	2285	2256	2333	2252	2279	2237	2281	2208	2285	2341	2238	2270	2232	2276	2255	2268	2266	2290	2246	2226	2259	2320	2285	2300	2271	2172	2266	2236	2285	2265	2271	2244	2335	2292	2266	2257	2212	2268	2251	2284	2245	2281	2188	2299	2308	2256	2280	2198	757.5682707
2302	2233	2273	2178	2274	2252	2514	2466	2519	2214	2337	2235	2284	2269	2241	2302	2318	2271	2247	2299	2329	2258	2346	2310	2254	2254	2259	2268	2182	2268	2215	2277	2270	2223	2342	2287	2275	2254	2204	2275	2226	2313	2236	2325	2224	2244	2217	2255	2288	2286	2259	2229	2201	2282	2341	2227	2288	2226	2254	2281	2235	2238	2248	2288	2305	2213	2246	2227	2205	2276	2260	2248	2280	2314	2239	2204	2262	2296	2232	2275	2198	2193	2187	2267	2230	2299	2242	2285	2231	2235	2239	2230	2218	2198	2269	2269	760.6251311
2282	2324	2274	2193	2204	2191	2536	2510	2485	2324	2269	2320	2263	2201	2257	2295	2244	2278	2209	2310	2271	2275	2243	2263	2223	2224	2245	2253	2230	2189	2219	2220	2241	2229	2256	2239	2295	2277	2188	2233	2215	2213	2256	2273	2182	2237	2267	2250	2286	2241	2272	2265	2232	2291	2151	2280	2289	2224	2226	2238	2252	2251	2223	2245	2213	2220	2206	2176	2217	2233	2234	2229	2222	2221	2213	2242	2309	2240	2203	2303	2229	2231	2239	2203	2219	2208	2191	2200	2237	2229	2220	2236	2217	2300	2308	2240	763.680432
2266	2237	2293	2290	2288	2252	2522	2499	2509	2324	2203	2246	2268	2222	2216	2281	2291	2308	2294	2292	2233	2252	2195	2230	2175	2287	2239	2238	2254	2202	2249	2236	2233	2204	2208	2235	2207	2193	2225	2264	2263	2282	2206	2263	2296	2224	2187	2199	2186	2235	2199	2231	2230	2208	2238	2290	2279	2270	2199	2219	2171	2260	2225	2231	2189	2269	2210	2220	2226	2237	2234	2180	2209	2230	2201	2243	2244	2230	2229	2179	2193	2241	2243	2299	2176	2241	2209	2219	2206	2159	2189	2253	2247	2229	2182	2190	766.7198415
2250	2252	2267	2191	2291	2241	2484	2490	2447	2270	2269	2266	2214	2229	2199	2207	2260	2240	2200	2212	2287	2207	2253	2272	2203	2213	2264	2212	2219	2265	2237	2208	2212	2266	2232	2236	2255	2266	2255	2291	2221	2191	2271	2236	2208	2166	2243	2231	2220	2328	2254	2241	2203	2239	2230	2216	2256	2206	2210	2224	2269	2220	2225	2258	2236	2193	2211	2205	2199	2212	2207	2220	2225	2227	2208	2200	2202	2196	2195	2223	2296	2202	2246	2163	2232	2238	2211	2230	2235	2201	2173	2180	2231	2226	2148	2195	769.7720344
2281	2282	2198	2243	2248	2263	2460	2472	2506	2271	2284	2250	2242	2199	2136	2282	2201	2254	2236	2292	2178	2215	2170	2233	2229	2159	2161	2265	2252	2208	2162	2218	2185	2254	2267	2241	2199	2270	2229	2223	2233	2214	2179	2240	2241	2252	2196	2230	2230	2285	2285	2203	2217	2229	2262	2221	2203	2198	2119	2165	2198	2228	2220	2225	2242	2164	2244	2177	2208	2181	2222	2247	2200	2235	2124	2187	2173	2184	2290	2190	2208	2200	2177	2219	2244	2170	2153	2156	2218	2138	2222	2239	2180	2184	2126	2222	772.8083529
2229	2226	2221	2185	2288	2166	2424	2445	2452	2269	2185	2245	2185	2209	2156	2278	2271	2221	2235	2237	2239	2226	2221	2185	2259	2231	2152	2263	2192	2228	2261	2180	2265	2222	2283	2175	2214	2287	2182	2270	2215	2175	2210	2218	2192	2240	2183	2209	2188	2196	2224	2263	2227	2185	2264	2224	2240	2253	2241	2202	2191	2240	2222	2208	2236	2243	2198	2204	2147	2228	2233	2236	2186	2222	2213	2245	2180	2290	2211	2238	2224	2159	2213	2171	2199	2266	2227	2222	2198	2181	2233	2171	2220	2278	2233	2201	775.8431313
2258	2188	2234	2193	2210	2240	2460	2453	2436	2254	2285	2194	2194	2197	2243	2257	2254	2260	2222	2227	2305	2265	2213	2176	2248	2214	2179	2224	2178	2192	2250	2172	2256	2281	2229	2198	2233	2187	2256	2218	2214	2169	2186	2198	2151	2239	2223	2201	2195	2221	2184	2212	2224	2237	2178	2236	2259	2208	2276	2189	2162	2293	2208	2160	2209	2225	2190	2189	2231	2206	2270	2173	2164	2224	2179	2213	2316	2189	2126	2244	2222	2122	2210	2212	2204	2162	2203	2226	2167	2235	2207	2160	2157	2213	2202	2144	778.8906747
2251	2218	2198	2255	2220	2234	2377	2437	2482	2266	2289	2258	2267	2219	2127	2242	2290	2263	2267	2188	2190	2171	2242	2208	2203	2189	2217	2256	2202	2150	2212	2225	2225	2178	2207	2208	2192	2162	2216	2207	2224	2190	2180	2166	2177	2160	2155	2171	2162	2226	2159	2161	2180	2196	2236	2302	2281	2164	2163	2226	2213	2201	2115	2170	2207	2221	2237	2218	2220	2218	2193	2151	2180	2241	2132	2287	2251	2200	2189	2190	2184	2195	2103	2195	2172	2168	2186	2240	2197	2162	2171	2146	2185	2179	2162	2152	781.9223691
2180	2178	2223	2197	2260	2189	2431	2435	2421	2200	2203	2259	2169	2212	2276	2216	2236	2236	2181	2260	2211	2191	2183	2190	2182	2195	2246	2201	2177	2226	2175	2164	2208	2238	2224	2222	2150	2174	2159	2164	2178	2264	2199	2169	2164	2204	2162	2225	2173	2155	2178	2142	2185	2210	2178	2206	2200	2218	2272	2197	2131	2092	2193	2242	2197	2187	2192	2190	2236	2187	2244	2193	2189	2166	2206	2171	2220	2173	2241	2165	2215	2224	2153	2270	2201	2147	2176	2206	2206	2178	2152	2190	2175	2079	2232	2149	784.9525269
2167	2209	2266	2171	2216	2238	2520	2442	2423	2269	2228	2244	2230	2187	2243	2223	2293	2263	2259	2216	2202	2188	2175	2199	2134	2215	2214	2211	2219	2209	2158	2165	2218	2221	2290	2234	2212	2142	2151	2216	2242	2178	2204	2215	2254	2248	2197	2107	2236	2191	2210	2191	2184	2188	2202	2266	2200	2133	2298	2180	2206	2174	2163	2235	2213	2193	2261	2103	2215	2182	2220	2182	2138	2148	2183	2255	2223	2186	2176	2211	2203	2187	2220	2118	2156	2204	2230	2171	2236	2227	2239	2169	2305	2191	2197	2276	787.9811493
2261	2215	2254	2215	2209	2169	2379	2457	2488	2250	2237	2178	2229	2259	2171	2210	2233	2240	2248	2191	2209	2209	2162	2234	2218	2179	2164	2259	2140	2248	2135	2139	2218	2230	2203	2260	2187	2202	2223	2184	2244	2244	2226	2206	2282	2186	2200	2210	2202	2288	2195	2215	2169	2146	2190	2234	2214	2264	2224	2191	2148	2214	2141	2241	2239	2188	2158	2191	2192	2216	2181	2183	2133	2221	2195	2193	2209	2230	2228	2229	2211	2207	2107	2222	2193	2209	2202	2163	2276	2198	2202	2244	2142	2161	2189	2174	791.0082373
2186	2208	2176	2193	2218	2194	2459	2432	2461	2233	2246	2283	2222	2179	2212	2184	2294	2143	2280	2240	2224	2229	2138	2199	2208	2231	2254	2190	2186	2233	2203	2139	2190	2131	2257	2172	2186	2159	2183	2218	2266	2210	2103	2253	2194	2226	2179	2182	2197	2135	2228	2165	2146	2199	2167	2211	2234	2241	2200	2224	2237	2180	2172	2203	2221	2179	2171	2188	2152	2172	2202	2222	2188	2170	2183	2197	2202	2209	2170	2207	2210	2167	2215	2201	2210	2203	2207	2183	2247	2206	2204	2198	2241	2262	2199	2144	794.0195244
2206	2160	2210	2171	2209	2142	2449	2409	2429	2217	2258	2213	2176	2206	2158	2251	2245	2243	2214	2211	2266	2141	2217	2157	2202	2266	2235	2180	2265	2180	2189	2181	2187	2238	2272	2211	2202	2212	2151	2192	2240	2202	2230	2176	2207	2185	2207	2207	2225	2232	2223	2225	2251	2191	2222	2178	2238	2174	2275	2232	2285	2159	2159	2158	2231	2220	2120	2189	2182	2180	2189	2193	2178	2191	2198	2246	2137	2207	2249	2140	2203	2145	2132	2233	2150	2186	2193	2217	2200	2188	2248	2183	2211	2197	2174	2191	797.0435547
2298	2168	2185	2230	2187	2069	2517	2435	2435	2184	2201	2206	2207	2177	2161	2219	2196	2198	2235	2127	2213	2178	2192	2173	2216	2151	2177	2160	2131	2208	2175	2177	2178	2246	2193	2165	2142	2119	2204	2184	2201	2164	2196	2144	2180	2175	2237	2130	2187	2215	2133	2178	2104	2117	2195	2168	2165	2230	2121	2213	2192	2150	2135	2111	2125	2153	2122	2187	2228	2179	2167	2125	2222	2146	2205	2172	2212	2181	2177	2151	2224	2147	2169	2099	2213	2178	2191	2182	2119	2199	2124	2175	2119	2199	2142	2153	800.0660542
2213	2177	2195	2180	2192	2179	2442	2442	2447	2158	2260	2208	2188	2161	2134	2232	2253	2191	2158	2124	2154	2180	2153	2142	2152	2165	2192	2131	2184	2190	2167	2185	2235	2157	2165	2155	2140	2217	2125	2200	2175	2144	2175	2183	2154	2152	2187	2174	2177	2133	2150	2172	2120	2201	2179	2208	2130	2135	2165	2218	2156	2165	2152	2150	2161	2159	2108	2170	2153	2145	2165	2155	2122	2151	2179	2182	2195	2211	2141	2196	2109	2182	2157	2169	2160	2182	2093	2122	2090	2133	2105	2140	2142	2115	2192	2162	803.0727778
2162	2200	2183	2195	2190	2123	2451	2441	2474	2153	2190	2178	2106	2183	2140	2128	2199	2212	2151	2208	2174	2143	2081	2094	2126	2176	2169	2125	2175	2131	2185	2201	2087	2164	2206	2137	2151	2200	2159	2130	2155	2124	2091	2088	2141	2141	2113	2132	2130	2164	2109	2108	2116	2145	2131	2198	2127	2207	2123	2183	2140	2130	2191	2164	2177	2135	2151	2131	2120	2161	2120	2166	2071	2155	2187	2215	2159	2172	2152	2162	2132	2118	2086	2158	2172	2171	2138	2160	2176	2198	2108	2149	2156	2141	2128	2175	806.0922264
2136	2167	2167	2172	2138	2144	2356	2396	2331	2146	2124	2151	2092	2160	2162	2103	2156	2193	2233	2175	2159	2186	2172	2114	2130	2084	2154	2151	2165	2149	2151	2157	2136	2168	2146	2112	2176	2127	2118	2193	2115	2098	2127	2095	2177	2130	2185	2121	2163	2192	2120	2193	2161	2144	2171	2147	2149	2081	2112	2125	2132	2154	2134	2124	2094	2165	2145	2152	2108	2107	2115	2109	2122	2119	2171	2134	2151	2082	2154	2155	2151	2142	2141	2054	2117	2104	2142	2154	2116	2077	2100	2118	2110	2054	2144	2144	809.0959159
2209	2188	2168	2186	2184	2180	2391	2417	2415	2229	2152	2228	2121	2159	2153	2195	2213	2134	2259	2189	2194	2169	2118	2164	2142	2152	2122	2114	2191	2190	2240	2127	2180	2178	2195	2163	2165	2132	2192	2161	2116	2176	2166	2149	2128	2174	2134	2200	2164	2163	2185	2147	2217	2146	2246	2172	2210	2176	2142	2127	2183	2108	2131	2135	2155	2160	2149	2119	2192	2100	2120	2199	2147	2083	2179	2133	2121	2176	2160	2159	2131	2203	2196	2205	2142	2136	2136	2186	2139	2168	2189	2164	2165	2128	2112	2165	812.0980935
2262	2235	2286	2242	2208	2221	2468	2447	2436	2255	2244	2226	2240	2208	2175	2196	2262	2221	2201	2190	2210	2228	2160	2197	2141	2188	2160	2184	2232	2213	2211	2214	2186	2225	2272	2237	2174	2171	2127	2204	2259	2233	2161	2244	2109	2221	2154	2169	2195	2210	2223	2196	3486	2245	2126	2258	2189	2240	2210	2216	2171	2133	2175	2237	2160	2177	2180	2190	2208	2205	2157	2210	2214	2187	2265	2155	2220	2193	2216	2219	2203	2190	2189	2254	2137	2187	2160	2233	2222	2166	2182	2180	2126	2151	2222	2263	815.0987605
2258	2239	2235	2237	2249	2205	2496	2404	2476	2283	2288	2212	2242	2139	2229	2269	2219	2240	2253	2248	2201	2190	2145	2247	2192	2176	2240	2190	2217	2179	2202	2185	2163	2237	2270	2226	2242	2178	2150	2214	2289	2218	2205	2203	2194	2262	2182	2189	2222	2234	2257	2222	2248	2255	2279	2250	2250	2260	2220	2165	2179	2215	2220	2247	2236	2262	2181	2241	2175	2202	2200	2215	2193	2291	2280	2199	2178	2242	2234	2168	2172	2230	2249	2203	2226	2191	2222	2225	2179	2195	2230	2230	2226	2240	2253	2165	818.097918
2240	2265	2224	2187	2251	2224	2473	2502	2491	2182	2303	2292	2300	2202	2190	2252	2261	2252	2285	2313	2222	2239	2243	2285	2233	2200	2263	2268	2233	2185	2234	2245	2267	2231	2231	2213	2205	2230	2212	2281	2190	2332	2191	2225	2270	2233	2242	2293	2279	2289	2217	2256	2237	2196	2271	2198	2199	2197	2263	2254	2253	2216	2232	2194	2245	2196	2194	2241	2225	2144	2200	2208	2234	2211	2209	2272	2241	2241	2219	2221	2230	2214	2168	2242	2216	2222	2200	2211	2206	2276	2217	2194	2226	2241	2154	2199	821.0955671
2222	2229	2261	2245	2253	2186	2496	2432	2435	2259	2213	2237	2261	2283	2288	2305	2195	2254	2222	2216	2173	2204	2215	2235	2179	2152	2234	2242	2174	2251	2236	2240	2188	2270	2300	2150	2195	2264	2189	2215	2195	2165	2225	2219	2233	2211	2241	2212	2229	2185	2190	2212	2215	2238	2273	2154	2176	2178	2168	2192	2180	2225	2201	2224	2228	2236	2203	2179	2177	2182	2225	2229	2197	2239	2186	2245	2195	2229	2222	2231	2204	2219	2230	2260	2131	2217	2204	2225	2255	2170	2190	2186	2256	2225	2234	2235	824.0917091
2205	2213	2162	2098	2166	2147	2419	2377	2363	2154	2246	2226	2178	2213	2147	2156	2250	2223	2166	2185	2207	2130	2148	2142	2125	2153	2162	2161	2196	2212	2151	2187	2204	2159	2109	2191	2149	2209	2151	2213	2183	2260	2093	2188	2157	2149	2134	2198	2138	2160	2097	2125	2131	2085	2163	2167	2152	2180	2119	2215	2160	2118	2186	2155	2131	2148	2186	2158	2153	2196	2196	2181	2236	2202	2147	2191	2136	2207	2195	2208	2129	2111	2191	2105	2116	2148	2144	2146	2158	2115	2176	2094	2148	2119	2182	2150	827.0863449
2146	2060	2188	2050	2084	2125	2347	2337	2350	2151	2089	2177	2156	2077	2192	2087	2127	2097	2142	2171	2215	2113	2125	2090	2127	2076	2140	2147	2164	2178	2141	2142	2152	2125	2084	2142	2126	2104	2144	2152	2070	2074	2089	2129	2191	2066	2094	2114	2094	2094	2141	2076	2092	2112	2141	2090	2068	2138	2121	2117	2100	2080	2085	2146	2043	2127	2118	2169	2125	2097	2139	2149	2121	2085	2083	2136	2161	2106	2139	2147	2090	2059	2096	2086	2072	2095	2042	2111	2134	2137	2090	2129	2080	2065	2098	2169	830.0794757
2069	2108	2086	2054	2078	2079	2308	2317	2317	2110	2133	2083	2109	2059	2013	2048	2112	2122	2083	2068	2105	2133	2077	2039	2096	2116	2045	2109	2098	2070	2088	2049	2014	2108	2079	2079	2090	2085	2109	2054	2064	2110	2074	2047	2081	2116	2058	2103	2136	2075	2106	2011	2083	2061	2086	2143	2112	2077	2051	2099	2034	2066	2096	2074	2088	2067	2005	2051	2062	2090	2074	2125	2027	2050	2091	2059	2010	2039	2107	2111	2056	2120	1979	2064	2101	2022	2040	2127	2108	2108	2050	2026	2030	2107	2048	2087	833.056928
2073	2138	2036	2071	2091	1988	2346	2342	2312	2085	2049	2122	2045	2014	2099	2058	2046	2151	2034	2107	2071	2112	2037	2068	2084	2098	2077	2049	2067	2068	2063	2106	2062	2063	2050	2078	2058	2035	2043	2056	2004	2100	2097	2018	1999	1980	2083	2017	2015	2025	2094	2046	2008	2020	2054	2027	2001	2022	2082	2077	2052	2124	1980	2070	2064	2056	2037	2081	2117	2054	2092	2047	2058	2068	2053	2126	1976	2082	2028	2059	2034	2030	2024	2070	2016	2018	2056	2027	2057	2089	2037	2003	2043	2082	2099	2030	836.0470595
2015	2030	2049	2016	2027	2026	2267	2295	2224	2042	1991	2040	2020	2054	1981	2030	2064	2013	2103	2044	2041	2011	2028	2102	1992	2072	2014	1959	2031	2002	2054	2010	2004	2040	1983	2040	1999	2042	2010	2022	2030	1974	2058	2020	2064	2066	2001	2045	2066	1995	2047	2029	2000	1984	2059	2029	2030	2044	2069	2048	2050	2034	2130	2026	2046	1973	2054	1993	2063	2059	2011	2019	2042	2018	2031	2020	2024	2032	1981	2027	2003	2021	2055	1993	2055	2012	1948	1995	1977	2020	1968	1961	1996	2011	2079	2005	839.0215288
2026	2093	2027	1961	1997	2035	2219	2207	2205	2055	2034	2084	1989	2001	2002	1993	2063	2007	2054	2010	2021	1990	1984	1972	2021	1989	2016	1979	1989	1950	1962	2015	2024	2061	2014	2027	2004	1974	2028	1999	2054	2043	1980	1959	2018	2070	1979	1979	1947	1980	2013	1957	1993	2025	2024	2027	2021	2057	2004	2040	1970	1979	1946	2037	2000	1926	2010	2039	1969	1980	2017	1989	2029	1914	2047	1944	1995	2020	2024	1988	2041	1936	1976	2077	2007	1963	2039	1961	2006	2073	1961	2043	1965	2014	2009	2025	842.0086654
2014	1938	1950	1954	2016	1964	2239	2192	2288	2039	2010	1978	1973	2072	1982	2048	2009	1997	2021	1985	1982	1967	1986	1961	1991	1991	1931	1969	1976	1981	1950	1970	1992	1981	1934	2007	1982	1967	1980	1970	2001	1939	1909	2009	1934	1912	1993	1956	1958	1990	2051	1974	1969	1978	1966	1948	1929	1949	1975	1944	1895	1951	1971	1992	1941	1971	1954	1982	1999	1998	1970	2005	1950	1909	1945	1975	1971	1937	1925	1969	1960	1958	2002	2001	1948	1934	1961	1956	1971	1961	1971	1908	1992	1976	2008	2005	844.9801563
1986	1954	1963	1962	1968	1910	2211	2198	2236	1932	1930	2003	1949	1940	1943	2015	1951	1939	2046	1949	1996	1865	1918	1922	1978	1889	1881	1952	1950	1961	1891	1983	1970	1974	1944	1936	1936	1960	1969	1932	1995	1910	1893	1966	1945	1923	1918	1984	1954	1921	1925	1972	1969	1885	1898	1932	1967	1934	1951	1930	1976	1942	1873	1939	1966	1957	1964	1963	1942	1924	1986	1963	1935	1883	1971	1896	1945	1948	1948	1894	1915	1986	1934	1948	1957	1923	1974	1970	1940	1906	1937	1907	1938	1946	1925	1981	847.9501631
1966	1998	1953	1874	1903	1959	2165	2141	2160	1952	1951	1942	1904	1928	1926	1961	1989	1993	1975	1922	1931	1959	1970	1963	1913	1948	1902	1949	1957	1909	1954	1912	1900	1903	1909	1987	1975	1995	1944	1965	1911	1935	1936	1947	1951	1908	1963	1909	1929	1887	1917	1959	1938	1908	1969	1975	1932	1924	1921	1882	1899	1936	1952	1936	1935	1923	1911	1926	1881	1894	1891	1929	1891	1925	1958	1930	1879	1911	1852	1951	1922	1929	1905	1934	1936	1893	1935	1967	1940	1945	1904	1840	1894	1922	1980	1946	850.9186871
1947	1977	1947	1870	1930	1918	2166	2160	2162	1909	1949	1948	1926	1920	1902	1894	2004	1959	1919	1937	2009	1922	1907	1955	1963	1916	1899	1999	1914	1924	1921	1973	1979	1919	1876	1905	1911	1934	1952	1995	1884	1966	1914	1911	1889	1966	1900	1899	1970	1933	1963	1953	1918	1932	1915	1940	1965	1961	1931	1905	1927	1918	1903	1949	1948	1928	1912	1982	1926	1884	1917	1917	1918	1955	1920	1950	1946	1920	1854	1967	1925	1979	1926	1876	1877	1967	1902	1910	1913	1920	1946	1920	1904	1972	1926	1952	853.8857293
1988	1916	1947	1918	1956	1934	2190	2199	2188	1995	1957	1989	1944	1950	1941	1994	1941	1982	1993	1937	1960	1936	1907	1898	1976	1958	1953	1969	1877	1930	1917	1915	1911	1876	1923	1924	1928	1887	1962	1944	1940	1858	1954	1921	1941	1943	1907	1943	1932	1940	1953	1946	1904	1969	1961	1954	1972	1929	1952	1913	1979	1962	1903	1957	1912	1944	1876	1954	1900	1950	1969	1890	1919	1863	1944	1937	1894	1949	1876	1924	1954	1986	1855	1844	1963	2003	1913	1915	1876	1911	1945	1868	1951	1925	1909	1940	856.8512908
1979	1963	1977	1978	1939	1943	2217	2146	2211	1986	1913	1976	2015	1934	1984	1983	2013	2000	1969	2032	1994	2009	1887	1947	1955	1949	2002	1913	1958	1917	1993	1987	1941	1958	1984	1978	1959	1950	1971	1970	1921	1974	1934	2004	1957	1928	1989	1967	1997	1908	2002	1979	2002	1981	1941	1989	1973	1991	1938	2005	1952	1933	1967	1965	1923	1988	1929	1932	1960	1919	1922	1966	1971	1928	2007	1916	1997	1941	1965	1969	1961	2004	1886	1912	1935	1903	1940	1918	1942	1952	1960	1950	1926	1984	1955	2007	859.8153727
1981	2026	2019	2036	2038	1978	2206	2242	2274	2031	2008	2038	1992	2034	2067	2023	1997	2049	2015	2019	2066	1969	1987	2022	1983	1995	2066	1995	1967	1977	2081	1981	2033	2070	2027	2063	1974	2025	2003	1952	2035	1980	1993	2007	1981	1994	1985	2024	1972	1954	2014	1922	2031	2023	1995	1995	2087	2045	1992	1991	1981	2022	2002	2057	1943	2032	1955	1969	2008	1963	1951	1977	1961	1941	1994	2017	1995	2030	1975	1998	2015	2031	1976	1975	1979	1996	2008	2036	2015	2027	1967	2007	1945	2034	2014	1991	862.763872
2071	2049	2032	2033	2011	2100	2260	2325	2289	2031	2014	2051	2040	1953	2019	2010	2025	2044	2121	2031	2069	2044	2009	2010	2074	2021	2049	2071	2021	2137	2000	2002	2061	2068	2028	2042	2076	1990	2083	2035	2079	2046	2049	2014	1999	2078	2015	1991	2013	2064	2025	2018	1993	2020	2037	2040	2045	2072	2066	2013	1971	2035	2065	2064	2033	2055	1996	2025	2044	2059	2018	2011	2061	2044	2043	1985	2016	2004	1993	2030	2044	2023	2067	2022	2025	2061	2079	2002	1963	2001	1999	2011	2042	2068	2066	1975	865.7250051
2105	2042	2087	2095	2002	2028	2303	2271	2232	2065	2085	2126	2069	2082	2078	2070	2130	2092	2086	2121	2088	2069	2050	2101	2047	2041	2050	2086	2055	2067	2114	2010	2079	2137	2064	2047	2049	2059	2074	2074	2080	2052	1963	2080	2004	2035	2035	2083	2068	2061	2105	1979	2063	2075	2112	2086	2019	2071	2087	2050	2084	2009	2056	2036	2086	2037	2047	2053	2035	2057	2057	1977	2050	2061	2004	2043	2054	1997	2060	2090	2053	2076	2066	1985	2055	2039	2043	2017	2006	2046	2060	2064	2022	2039	2030	2052	868.6705718
2042	2035	2022	2018	2111	2040	2231	2265	2243	2094	2075	2063	2076	1999	2060	2098	2097	2089	2122	2008	2068	2054	2076	2038	2044	2002	2069	2033	2026	2020	2042	2081	2047	2048	2115	2081	2007	2043	2051	2064	2097	2130	2042	2056	2074	2005	2010	2009	2051	2047	2043	2072	2033	2015	2041	2078	2019	2046	2008	2060	2070	2022	1983	2048	1990	2049	2034	1995	2021	2051	2003	2051	2017	2015	2038	2049	2034	2045	2021	2029	2055	2084	2021	2025	2039	1987	2061	2059	2127	2052	2062	2008	2029	2062	2110	2025	871.6287605
1996	1988	2009	2007	2033	1977	2255	2245	2211	2084	1952	2036	1996	2027	2013	2044	2028	2047	2067	1998	2099	2000	1988	1992	2027	2023	1956	2000	2044	2017	2030	2017	2058	1996	2029	2025	2033	2040	1995	1973	1998	2022	1949	1963	2022	2027	1970	2019	1990	1989	1994	1994	2026	1964	2071	2005	2067	1970	1984	1988	2050	1966	1988	2007	2012	1978	2011	1989	2042	1978	2010	1951	2034	1986	2034	1997	1968	1998	2073	1992	2000	2043	1967	2004	2062	2069	1987	1975	2040	2007	1967	2007	2010	1996	1952	2014	874.571399
1919	1947	1993	1945	1947	1935	2169	2207	2185	1908	1955	2032	1966	2021	1978	1998	1983	1956	2001	2003	1998	1910	1974	1913	1953	1969	1977	1949	1945	1965	1979	1950	1928	1947	1972	1979	1981	1963	1967	1942	1972	1933	1936	1951	1921	1960	1958	1991	2013	1981	1928	1955	1908	1931	1981	1960	1991	1951	1947	1934	1961	1929	1965	1930	1923	2003	1946	1964	1968	1929	1944	1947	1965	1935	1932	1967	1995	2010	1954	1938	1943	1962	1941	1917	1942	1939	1912	1920	1913	1916	1962	1969	1933	1957	1943	1961	877.5125786
1959	1910	1920	1937	1971	1911	2163	2133	2156	1998	1962	1888	1897	1915	1854	1910	1927	1958	1925	1939	1964	1968	1943	1810	1922	1868	1902	1905	1914	1910	1927	1809	1927	1941	1917	1887	1908	1861	1864	1872	1923	1886	1954	1846	1863	1920	1807	1880	1903	1903	1971	1869	1915	1930	1982	1963	1914	1866	1911	1923	1841	1835	1920	1941	1928	1901	1913	1912	1856	1862	1883	1948	1909	1913	1898	1910	1886	1897	1911	1911	1933	1905	1893	1880	1880	1955	1848	1913	1930	1935	1904	1862	1843	1915	1954	1922	880.4663624
1897	1903	1926	1896	1843	1879	2147	2034	2061	1874	1841	1906	1874	1899	1861	1885	1919	1882	1907	1878	1813	1811	1845	1846	1820	1861	1838	1847	1861	1793	1836	1869	1846	1845	1787	1880	1879	1826	1875	1903	1832	1824	1856	1883	1897	1876	1877	1835	1812	1803	1837	1778	1845	1845	1895	1858	1905	1806	1836	1823	1861	1901	1837	1850	1850	1850	1849	1803	1879	1819	1769	1875	1797	1855	1919	1834	1906	1877	1840	1796	1895	1815	1886	1834	1809	1910	1870	1830	1840	1860	1860	1767	1855	1882	1807	1863	883.4046203
1865	1909	1848	1788	1818	1833	2030	1970	2061	1840	1774	1864	1855	1825	1837	1839	1820	1891	1823	1790	1854	1792	1817	1839	1858	1784	1840	1777	1763	1847	1811	1806	1886	1856	1894	1783	1800	1852	1793	1818	1805	1822	1815	1805	1809	1862	1810	1824	1802	1843	1843	1809	1795	1776	1822	1852	1920	1828	1828	1817	1794	1793	1788	1858	1771	1810	1815	1840	1763	1868	1813	1828	1823	1801	1876	1844	1809	1862	1828	1870	1885	1917	1810	1806	1784	1785	1814	1817	1798	1873	1791	1820	1812	1799	1765	1804	886.3414225
1839	1777	1824	1826	1809	1842	2073	2003	2011	1776	1817	1834	1827	1824	1830	1817	1882	1833	1795	1814	1824	1811	1766	1789	1823	1873	1765	1758	1829	1817	1806	1887	1767	1821	1832	1838	1782	1839	1749	1841	1776	1796	1790	1757	1789	1838	1755	1863	1823	1798	1845	1779	1802	1817	1884	1832	1795	1809	1764	1787	1762	1829	1848	1870	1776	1814	1770	1800	1774	1806	1816	1800	1848	1788	1828	1791	1772	1791	1799	1788	1855	1799	1734	1773	1823	1792	1809	1718	1795	1779	1794	1778	1791	1737	1766	1890	889.2767701
1819	1797	1851	1839	1842	1824	2021	2024	2018	1813	1840	1825	1790	1830	1810	1787	1821	1839	1824	1823	1815	1878	1806	1778	1758	1737	1817	1776	1785	1793	1818	1801	1806	1805	1842	1828	1823	1814	1798	1799	1860	1889	1773	1799	1795	1721	1809	1795	1754	1841	1748	1765	1844	1792	1813	1809	1868	1778	1806	1792	1790	1853	1851	1811	1791	1802	1754	1814	1804	1774	1839	1799	1721	1775	1782	1788	1782	1762	1787	1835	1749	1805	1803	1784	1849	1745	1792	1732	1807	1748	1815	1799	1752	1723	1817	1836	892.1966298
1889	1764	1851	1840	1838	1785	2027	2037	1977	1788	1761	1828	1770	1793	1801	1789	1829	1886	1811	1781	1870	1781	1746	1786	1768	1764	1764	1769	1876	1793	1764	1789	1812	1849	1890	1780	1830	1770	1777	1793	1776	1762	1749	1820	1811	1799	1743	1831	1772	1750	1787	1770	1756	1774	1867	1746	1794	1773	1768	1755	1794	1805	1758	1749	1800	1751	1765	1762	1797	1776	1793	1740	1817	1825	1830	1842	1797	1784	1808	1800	1775	1752	1810	1812	1811	1777	1835	1832	1798	1774	1818	1721	1807	1790	1747	1821	895.1290782
1807	1778	1798	1832	1775	1789	1962	1952	1984	1804	1812	1791	1834	1823	1843	1827	1811	1809	1903	1818	1825	1795	1756	1718	1833	1737	1808	1781	1819	1823	1735	1787	1782	1814	1856	1784	1798	1787	1772	1764	1854	1837	1843	1721	1798	1764	1729	1775	1801	1833	1804	1776	1744	1797	1848	1815	1811	1820	1783	1846	1760	1809	1759	1817	1801	1838	1814	1754	1809	1789	1784	1787	1761	1815	1848	1779	1768	1817	1845	1804	1828	1806	1751	1800	1753	1807	1780	1859	1784	1803	1759	1724	1761	1779	1744	1755	898.0600753
1793	1813	1800	1864	1817	1799	1966	1975	2021	1746	1850	1766	1807	1786	1810	1801	1803	1784	1830	1819	1766	1784	1763	1766	1782	1758	1848	1786	1812	1751	1795	1847	1759	1796	1783	1789	1810	1814	1790	1816	1788	1775	1736	1766	1796	1797	1764	1769	1764	1795	1807	1805	1796	1832	1803	1784	1857	1792	1776	1793	1761	1727	1774	1771	1790	1802	1778	1787	1776	1826	1753	1747	1792	1780	1761	1774	1763	1768	1829	1823	1744	1753	1773	1768	1743	1786	1732	1778	1762	1795	1772	1797	1780	1803	1807	1823	900.9756085
1824	1775	1828	1792	1780	1760	1976	1980	1999	1825	1779	1851	1766	1776	1757	1771	1776	1826	1808	1810	1809	1781	1815	1826	1789	1793	1771	1760	1825	1851	1753	1785	1725	1739	1738	1775	1750	1754	1773	1814	1706	1809	1765	1787	1761	1804	1763	1762	1780	1817	1775	1769	1766	1760	1786	1806	1804	1743	1726	1808	1708	1764	1800	1816	1801	1736	1713	1715	1794	1764	1710	1751	1812	1798	1747	1788	1761	1808	1774	1778	1759	1809	1810	1794	1757	1779	1772	1790	1749	1785	1743	1746	1791	1721	1725	1775	903.903713
1744	1777	1818	1758	1792	1740	1972	1980	1907	1736	1754	1822	1753	1764	1797	1825	1821	1793	1782	1778	1801	1754	1775	1730	1784	1753	1752	1739	1743	1794	1774	1776	1753	1825	1763	1790	1743	1749	1741	1718	1723	1778	1754	1731	1732	1750	1765	1796	1741	1771	1796	1783	1768	1759	1782	1834	1739	1720	1722	1709	1797	1762	1744	1782	1794	1802	1720	1736	1768	1706	1716	1749	1779	1762	1793	1764	1703	1758	1813	1805	1710	1678	1740	1756	1773	1722	1774	1768	1709	1771	1685	1749	1741	1779	1746	1750	906.8163695
1771	1781	1760	1742	1751	1745	1972	1984	2022	1790	1757	1768	1720	1770	1737	1779	1787	1758	1774	1772	1761	1781	1735	1727	1723	1764	1754	1770	1714	1737	1762	1757	1687	1801	1762	1763	1719	1786	1737	1756	1735	1751	1734	1725	1703	1794	1747	1757	1759	1726	1780	1733	1761	1733	1784	1756	1801	1750	1731	1721	1714	1784	1784	1766	1764	1756	1741	1713	1778	1726	1688	1764	1737	1749	1740	1755	1724	1713	1748	1801	1768	1785	1751	1756	1735	1782	1770	1756	1758	1738	1771	1743	1781	1772	1766	1735	909.7275928
1750	1757	1778	1763	1685	1704	1896	1980	1919	1746	1759	1765	1740	1748	1768	1728	1797	1757	1709	1802	1807	1769	1723	1787	1742	1741	1703	1747	1802	1720	1721	1718	1724	1767	1743	1759	1732	1738	1754	1711	1786	1724	1695	1740	1749	1754	1796	1790	1776	1719	1757	1729	1773	1760	1673	1728	1742	1732	1742	1748	1706	1760	1743	1758	1750	1788	1698	1661	1750	1769	1736	1733	1704	1670	1776	1740	1742	1752	1738	1763	1726	1737	1777	1736	1747	1725	1707	1700	1723	1803	1726	1725	1698	1717	1738	1754	912.6513697
1723	1748	1754	1706	1818	1767	1993	1967	1967	1772	1836	1767	1710	1793	1801	1786	1755	1832	1765	1779	1726	1728	1775	1747	1781	1812	1786	1739	1784	1783	1776	1776	1748	1736	1784	1753	1754	1773	1753	1760	1802	1762	1729	1810	1765	1743	1751	1740	1731	1728	1764	1757	1753	1733	1747	1756	1746	1768	1779	1743	1713	1724	1673	1792	1782	1734	1722	1739	1749	1702	1759	1787	1782	1762	1755	1712	1791	1783	1764	1770	1747	1759	1734	1793	1787	1761	1706	1692	1771	1721	1770	1759	1723	1757	1733	1713	915.5597227
1762	1740	1735	1791	1800	1819	1962	1920	1989	1776	1778	1771	1747	1744	1752	1798	1807	1759	1829	1812	1814	1719	1770	1746	1786	1733	1728	1746	1774	1734	1724	1730	1751	1718	1780	1788	1771	1777	1741	1761	1740	1770	1772	1754	1717	1727	1734	1766	1716	1718	1746	1680	1686	1726	1808	1772	1780	1725	1719	1719	1708	1692	1716	1760	1758	1728	1729	1750	1754	1684	1717	1710	1697	1746	1743	1734	1710	1706	1784	1726	1759	1728	1695	1773	1722	1731	1786	1702	1716	1722	1716	1763	1720	1811	1769	1677	918.4666456
1696	1708	1774	1649	1682	1766	1921	1900	1974	1775	1731	1724	1710	1718	1682	1790	1769	1767	1730	1725	1727	1746	1726	1704	1659	1750	1742	1703	1740	1664	1718	1702	1758	1758	1750	1694	1726	1732	1719	1671	1704	1723	1754	1731	1750	1802	1713	1725	1649	1731	1779	1665	1725	1693	1824	1732	1775	1699	1754	1739	1739	1734	1713	1731	1713	1728	1724	1759	1759	1673	1685	1732	1731	1720	1746	1690	1731	1728	1725	1740	1750	1736	1668	1741	1727	1653	1730	1694	1756	1689	1755	1751	1748	1733	1772	1696	921.3721394
1723	1682	1732	1747	1702	1676	1976	1975	1934	1739	1696	1770	1741	1680	1700	1711	1692	1734	1718	1710	1681	1722	1676	1687	1715	1680	1725	1680	1729	1678	1686	1730	1706	1704	1792	1765	1669	1646	1720	1689	1693	1734	1714	1664	1739	1725	1675	1716	1672	1661	1702	1675	1705	1740	1651	1755	1685	1692	1697	1629	1712	1671	1702	1698	1694	1732	1722	1702	1697	1641	1672	1693	1717	1727	1669	1727	1699	1705	1724	1731	1734	1713	1684	1678	1695	1689	1690	1693	1671	1698	1722	1684	1706	1688	1677	1667	924.2762051
1711	1720	1723	1685	1712	1686	1911	1895	1904	1655	1719	1702	1718	1656	1667	1663	1709	1737	1735	1704	1684	1682	1717	1731	1723	1664	1608	1684	1743	1745	1697	1693	1634	1705	1731	1683	1684	1684	1664	1659	1690	1657	1678	1721	1657	1645	1712	1676	1654	1634	1622	1674	1653	1712	1662	1680	1661	1664	1664	1712	1665	1654	1627	1677	1679	1682	1656	1657	1703	1658	1689	1635	1644	1628	1681	1720	1637	1663	1635	1707	1713	1724	1711	1652	1631	1678	1664	1663	1675	1658	1698	1647	1697	1678	1668	1672	927.1648924
1667	1683	1700	1683	1657	1660	1869	1881	1933	1652	1711	1706	1658	1690	1606	1688	1659	1701	1721	1707	1700	1654	1681	1635	1614	1663	1680	1706	1655	1686	1658	1633	1710	1652	1673	1677	1649	1688	1640	1645	1644	1665	1701	1693	1668	1653	1650	1686	1719	1695	1605	1709	1674	1681	1686	1670	1640	1634	1636	1622	1635	1633	1698	1672	1659	1649	1653	1646	1619	1654	1686	1650	1616	1619	1665	1676	1701	1637	1606	1629	1648	1685	1668	1623	1671	1618	1631	1668	1670	1667	1651	1647	1672	1634	1622	1662	930.0661121
1667	1684	1647	1644	1685	1664	1816	1857	1843	1626	1647	1659	1567	1665	1654	1682	1633	1643	1640	1670	1635	1626	1567	1604	1598	1649	1615	1623	1648	1581	1608	1680	1668	1623	1662	1629	1634	1677	1639	1623	1637	1688	1603	1604	1632	1631	1597	1567	1625	1635	1611	1627	1582	1582	1670	1657	1646	1670	1626	1605	1626	1652	1667	1597	1592	1633	1615	1676	1612	1577	1659	1610	1591	1635	1601	1621	1618	1605	1619	1670	1611	1649	1630	1642	1633	1610	1611	1653	1635	1628	1671	1596	1649	1652	1618	1612	932.965907
1641	1665	1643	1662	1654	1690	1778	1878	1808	1677	1654	1640	1613	1665	1623	1610	1653	1661	1657	1665	1671	1646	1593	1628	1631	1588	1644	1614	1652	1654	1643	1671	1576	1590	1700	1651	1643	1659	1637	1626	1571	1619	1663	1594	1634	1652	1654	1612	1672	1651	1604	1610	1620	1639	1607	1665	1674	1606	1582	1623	1638	1608	1602	1606	1589	1620	1657	1661	1602	1563	1623	1607	1656	1636	1651	1654	1654	1638	1621	1635	1630	1608	1613	1610	1624	1618	1589	1661	1642	1624	1615	1594	1593	1658	1554	1606	935.8503471
1643	1597	1630	1601	1574	1626	1841	1853	1811	1605	1641	1650	1614	1571	1636	1717	1587	1633	1655	1623	1588	1604	1603	1576	1602	1642	1662	1561	1639	1616	1600	1602	1666	1647	1595	1636	1618	1647	1589	1542	1654	1621	1605	1646	1632	1577	1595	1549	1642	1601	1654	1617	1661	1629	1617	1644	1579	1659	1605	1626	1591	1592	1561	1644	1632	1660	1598	1629	1634	1596	1574	1605	1628	1600	1623	1611	1661	1596	1624	1621	1595	1576	1620	1599	1666	1656	1637	1578	1652	1605	1613	1617	1617	1568	1544	1619	938.7473022
1635	1644	1628	1593	1663	1661	1824	1834	1808	1580	1658	1610	1607	1591	1629	1597	1588	1685	1615	1616	1570	1654	1599	1612	1631	1583	1568	1624	1575	1607	1625	1583	1578	1617	1629	1565	1554	1602	1576	1611	1558	1611	1598	1585	1632	1549	1531	1626	1642	1591	1553	1544	1601	1609	1643	1620	1616	1618	1596	1629	1580	1615	1575	1607	1607	1579	1602	1586	1603	1596	1553	1573	1562	1569	1569	1653	1558	1579	1592	1577	1616	1603	1585	1613	1611	1604	1591	1581	1642	1603	1553	1522	1619	1585	1628	1626	941.6289182
1620	1563	1604	1603	1601	1618	1846	1771	1852	1615	1623	1631	1609	1574	1639	1602	1629	1577	1633	1622	1607	1621	1579	1570	1581	1616	1587	1619	1628	1544	1598	1574	1575	1589	1577	1613	1607	1572	1617	1626	1616	1577	1643	1555	1580	1567	1603	1584	1613	1601	1594	1624	1560	1588	1599	1595	1637	1625	1627	1612	1561	1550	1616	1596	1567	1609	1589	1545	1598	1583	1541	1573	1627	1634	1598	1580	1606	1635	1602	1568	1610	1582	1574	1635	1560	1583	1607	1540	1575	1636	1615	1582	1649	1616	1588	1605	944.5091272
1595	1620	1591	1602	1635	1575	1749	1813	1865	1630	1612	1642	1619	1559	1530	1594	1602	1604	1590	1643	1623	1560	1584	1618	1632	1545	1610	1588	1604	1560	1607	1574	1548	1660	1628	1588	1602	1558	1563	1587	1628	1552	1579	1569	1584	1564	1604	1621	1588	1577	1543	1607	1642	1560	1613	1580	1631	1553	1543	1564	1607	1588	1619	1586	1631	1594	1578	1576	1572	1533	1550	1637	1545	1567	1621	1587	1600	1582	1617	1588	1591	1577	1583	1540	1569	1573	1495	1634	1614	1618	1556	1559	1598	1578	1585	1584	947.3879301
1620	1559	1631	1584	1608	1657	1763	1792	1795	1629	1585	1594	1567	1528	1604	1583	1632	1610	1600	1559	1546	1590	1611	1562	1629	1565	1583	1584	1596	1600	1579	1621	1571	1584	1587	1597	1512	1557	1625	1535	1571	1600	1607	1643	1549	1590	1540	1626	1527	1590	1564	1632	1559	1589	1587	1577	1634	1558	1577	1585	1593	1549	1583	1587	1540	1545	1572	1538	1609	1627	1567	1618	1578	1577	1574	1580	1549	1574	1603	1592	1566	1581	1561	1553	1583	1599	1541	1555	1556	1604	1566	1549	1573	1566	1571	1596	950.2653281
1627	1640	1605	1583	1598	1625	1763	1751	1792	1549	1622	1577	1561	1593	1564	1578	1674	1604	1595	1554	1599	1548	1558	1527	1578	1572	1554	1578	1616	1582	1606	1537	1579	1581	1588	1591	1552	1633	1561	1555	1568	1577	1591	1609	1572	1587	1540	1572	1533	1595	1536	1582	1617	1584	1518	1583	1577	1615	1582	1552	1589	1586	1571	1528	1574	1609	1547	1553	1509	1544	1567	1564	1557	1583	1568	1577	1626	1590	1573	1589	1596	1550	1569	1598	1570	1533	1581	1566	1598	1552	1625	1588	1526	1596	1555	1535	953.1413221
1569	1594	1622	1569	1605	1607	1789	1752	1809	1613	1582	1590	1579	1619	1587	1606	1622	1589	1640	1576	1566	1559	1578	1586	1593	1543	1555	1535	1594	1546	1588	1566	1626	1511	1599	1590	1594	1581	1547	1605	1582	1557	1539	1534	1564	1553	1575	1610	1508	1540	1599	1581	1554	1607	1583	1557	1636	1554	1536	1555	1605	1534	1560	1553	1544	1603	1547	1590	1559	1563	1569	1604	1605	1585	1564	1599	1593	1553	1561	1627	1612	1598	1577	1595	1565	1520	1559	1600	1569	1588	1551	1531	1576	1585	1522	1598	956.0159131
1608	1601	1629	1618	1635	1559	1800	1798	1820	1614	1582	1620	1579	1573	1591	1654	1612	1615	1641	1601	1551	1620	1556	1559	1561	1546	1607	1557	1497	1597	1593	1576	1573	1640	1571	1581	1601	1552	1625	1566	1619	1611	1572	1615	1579	1554	1638	1610	1577	1552	1599	1578	1592	1603	1625	1586	1553	1550	1615	1596	1566	1567	1583	1625	1578	1579	1583	1572	1599	1608	1565	1610	1619	1543	1613	1574	1573	1533	1577	1590	1646	1586	1575	1600	1639	1565	1605	1617	1553	1567	1553	1594	1615	1581	1578	1591	958.8891022
1596	1564	1586	1615	1560	1592	1784	1765	1868	1552	1616	1651	1570	1589	1598	1609	1627	1629	1585	1621	1619	1586	1561	1609	1538	1605	1606	1601	1602	1601	1608	1616	1672	1627	1597	1569	1613	1640	1568	1639	1553	1557	1592	1586	1597	1572	1558	1584	1555	1576	1610	1563	1591	1585	1586	1576	1637	1630	1601	1567	1541	1588	1604	1622	1551	1574	1573	1557	1563	1616	1558	1600	1567	1591	1536	1618	1577	1572	1589	1579	1571	1561	1592	1587	1583	1585	1605	1641	1620	1564	1591	1584	1596	1619	1558	1570	961.7608905
1629	1660	1632	1641	1598	1556	1762	1822	1801	1636	1648	1626	1600	1642	1601	1659	1608	1651	1612	1623	1613	1656	1616	1575	1590	1581	1582	1587	1611	1605	1593	1604	1589	1669	1660	1647	1602	1607	1618	1586	1588	1619	1581	1638	1598	1608	1570	1570	1554	1598	1603	1627	1570	1633	1584	1602	1654	1578	1596	1635	1640	1632	1599	1656	1579	1638	1655	1649	1628	1635	1571	1664	1653	1605	1611	1614	1609	1654	1627	1580	1645	1603	1638	1589	1577	1611	1594	1612	1589	1622	1567	1585	1622	1577	1612	1570	964.6174156
1585	1599	1632	1612	1612	1634	1810	1792	1826	1661	1640	1655	1605	1642	1643	1685	1609	1675	1622	1627	1604	1606	1576	1656	1649	1570	1633	1600	1655	1626	1563	1608	1586	1622	1645	1580	1636	1554	1649	1621	1636	1576	1648	1594	1645	1602	1607	1638	1637	1632	1577	1594	1598	1631	1652	1625	1598	1597	1632	1603	1625	1632	1606	1546	1614	1621	1614	1612	1581	1568	1607	1589	1601	1609	1590	1607	1562	1588	1588	1615	1589	1632	1603	1590	1515	1621	1546	1637	1640	1591	1605	1635	1567	1613	1606	1602	967.4864119
1616	1649	1608	1605	1659	1641	1753	1790	1846	1607	1646	1657	1603	1667	1596	1621	1680	1615	1627	1595	1620	1592	1579	1596	1619	1592	1596	1622	1590	1569	1591	1596	1587	1660	1585	1633	1608	1678	1650	1598	1560	1589	1649	1589	1605	1595	1585	1542	1584	1597	1573	1644	1544	1569	1605	1582	1665	1596	1595	1611	1575	1610	1604	1593	1660	1550	1625	1589	1630	1567	1601	1626	1624	1585	1567	1602	1645	1590	1593	1662	1548	1601	1577	1582	1598	1607	1578	1617	1657	1609	1612	1597	1583	1623	1595	1608	970.3401606
1577	1627	1599	1653	1608	1569	1788	1807	1754	1678	1645	1662	1647	1589	1571	1626	1588	1612	1683	1582	1588	1618	1572	1649	1655	1598	1576	1565	1615	1569	1603	1562	1579	1658	1587	1623	1593	1590	1591	1600	1618	1607	1596	1611	1555	1605	1607	1577	1535	1635	1577	1573	1635	1538	1618	1588	1624	1614	1542	1659	1612	1529	1615	1604	1576	1621	1621	1583	1608	1591	1555	1609	1585	1607	1547	1591	1587	1571	1618	1575	1561	1629	1614	1579	1605	1573	1629	1609	1582	1584	1588	1577	1579	1601	1560	1622	973.2063691
1667	1629	1651	1627	1605	1642	1844	1851	1826	1610	1622	1674	1625	1606	1672	1646	1652	1657	1664	1687	1609	1687	1611	1630	1557	1658	1645	1544	1561	1598	1614	1616	1620	1672	1669	1628	1609	1576	1628	1584	1635	1625	1610	1598	1635	1611	1657	1615	1602	1630	1596	1623	1621	1573	1629	1659	1598	1647	1568	1584	1626	1613	1597	1577	1643	1620	1602	1611	1596	1620	1600	1551	1626	1679	1568	1617	1622	1657	1613	1608	1606	1581	1608	1615	1624	1604	1641	1574	1621	1632	1605	1652	1666	1627	1624	1606	976.0573454
1647	1682	1583	1632	1639	1676	1811	1846	1816	1657	1704	1722	1637	1601	1648	1642	1688	1719	1642	1644	1671	1657	1646	1655	1664	1629	1627	1616	1641	1670	1648	1642	1624	1652	1667	1636	1572	1613	1626	1643	1635	1641	1607	1623	1634	1673	1616	1608	1642	1573	1658	1610	1613	1709	1680	1673	1641	1613	1667	1636	1624	1586	1633	1609	1656	1671	1626	1634	1632	1655	1632	1620	1616	1581	1633	1615	1645	1679	1608	1648	1648	1654	1651	1607	1648	1651	1647	1618	1672	1631	1654	1639	1574	1617	1612	1614	978.9069404
1621	1618	1645	1626	1645	1656	1857	1825	1805	1659	1670	1681	1616	1632	1597	1686	1628	1607	1663	1705	1669	1606	1616	1645	1640	1640	1621	1640	1620	1646	1643	1617	1639	1631	1642	1693	1657	1644	1644	1671	1660	1603	1629	1632	1637	1608	1649	1614	1681	1614	1665	1587	1632	1681	1635	1661	1645	1724	1663	1682	1591	1610	1666	1670	1630	1658	1646	1636	1625	1646	1664	1631	1619	1681	1627	1637	1648	1640	1660	1638	1639	1690	1662	1683	1595	1568	1618	1644	1631	1640	1642	1631	1622	1620	1680	1666	981.7551551
1656	1646	1647	1656	1680	1645	1860	1749	1842	1684	1681	1711	1585	1672	1597	1711	1661	1666	1689	1702	1628	1687	1652	1650	1693	1666	1668	1635	1589	1663	1683	1621	1687	1668	1667	1606	1606	1617	1643	1665	1665	1678	1670	1651	1617	1609	1642	1634	1653	1660	1629	1610	1682	1616	1622	1638	1717	1583	1652	1624	1668	1654	1666	1676	1639	1594	1651	1607	1585	1647	1621	1660	1662	1591	1646	1656	1603	1668	1653	1613	1606	1666	1602	1674	1656	1585	1628	1646	1630	1623	1629	1671	1642	1650	1650	1592	984.6019904
1707	1624	1630	1678	1661	1634	1844	1774	1879	1668	1643	1732	1638	1663	1597	1691	1653	1663	1658	1606	1645	1613	1593	1633	1636	1636	1630	1670	1640	1638	1663	1580	1659	1659	1637	1628	1615	1640	1668	1597	1600	1642	1614	1643	1640	1635	1629	1588	1649	1617	1639	1589	1623	1617	1604	1690	1696	1607	1683	1650	1650	1579	1641	1647	1620	1617	1657	1691	1602	1640	1633	1640	1646	1556	1621	1664	1657	1648	1690	1632	1646	1620	1670	1672	1610	1627	1658	1657	1633	1617	1662	1639	1667	1641	1600	1586	987.4474475
1629	1655	1626	1672	1660	1661	1835	1823	1888	1624	1714	1676	1693	1677	1628	1679	1659	1650	1626	1642	1652	1663	1644	1616	1644	1678	1669	1678	1667	1614	1657	1683	1712	1688	1654	1681	1660	1681	1678	1661	1621	1646	1630	1682	1623	1665	1660	1633	1681	1593	1652	1642	1606	1619	1685	1643	1679	1627	1624	1715	1613	1629	1586	1654	1686	1649	1641	1574	1692	1629	1621	1605	1651	1633	1609	1678	1629	1637	1667	1630	1626	1656	1703	1704	1673	1644	1639	1611	1682	1643	1609	1652	1581	1637	1652	1609	990.2915272
1654	1697	1663	1647	1674	1661	1890	1870	1895	1707	1701	1662	1634	1677	1709	1673	1742	1682	1690	1669	1666	1723	1670	1700	1728	1690	1686	1651	1653	1659	1637	1673	1655	1667	1647	1703	1624	1672	1709	1700	1616	1585	1634	1667	1645	1677	1641	1654	1715	1686	1585	1691	1674	1643	1684	1692	1666	1733	1691	1664	1645	1621	1679	1617	1662	1686	1603	1610	1646	1658	1637	1666	1665	1626	1633	1704	1631	1653	1650	1695	1680	1654	1671	1658	1657	1680	1661	1637	1709	1633	1599	1642	1647	1657	1628	1718	993.1342306
1824	1820	1831	1779	1776	1841	2003	1945	1997	1811	1811	1815	1777	1830	1820	1854	1845	1838	1819	1841	1807	1814	1833	1813	1761	1789	1804	1777	1783	1809	1797	1733	1725	1845	1785	1849	1802	1789	1830	1812	1801	1763	1760	1771	1783	1798	1849	1808	1786	1761	1861	1799	1850	1853	1837	1856	1781	1816	1838	1746	1856	1805	1817	1810	1832	1774	1782	1800	1776	1770	1742	1835	1794	1804	1792	1784	1800	1820	1802	1840	1845	1829	1763	1794	1797	1769	1857	1748	1823	1759	1801	1800	1792	1875	1834	1754	995.9617691
2258	2273	2270	2301	2280	2256	2461	2427	2492	2233	2306	2219	2291	2316	2185	2370	2282	2306	2305	2252	2296	2224	2297	2313	2248	2251	2318	2227	2252	2265	2231	2272	2277	2216	2320	2244	2220	2246	2285	2282	2225	2302	2238	2247	2292	2210	2268	2244	2269	2324	2272	2279	2260	2253	2237	2298	2283	2234	2263	2230	2270	2234	2230	2264	2170	2260	2227	2217	2228	2254	2219	2231	2214	2178	2203	2225	2220	2230	2193	2239	2187	2242	2230	2286	2305	2256	2280	2291	2279	2173	2314	2252	2341	2305	2249	2325	998.8017296
2492	2577	2549	2506	2477	2522	2667	2684	2726	2547	2598	2499	2507	2547	2569	2578	2543	2524	2468	2556	2469	2501	2519	2487	2569	2480	2495	2473	2474	2526	2523	2447	2443	2516	2512	2536	2552	2482	2516	2436	2490	2504	2502	2493	2421	2483	2443	2501	2441	2479	2543	2470	2538	2521	2506	2472	2526	2513	2517	2568	2496	2489	2479	2478	2412	2403	2453	2482	2413	2476	2452	2443	2528	2406	2555	2487	2485	2500	2527	2506	2436	2462	2549	2507	2500	2528	2508	2481	2484	2458	2503	2513	2442	2490	2475	2512	1001.62654
1995	2055	2016	2039	2004	2032	2198	2194	2245	2095	2033	2042	2071	2040	2077	2107	2012	2031	2073	2031	2061	2031	2019	2024	2080	2016	2064	2007	2018	2029	2048	2013	2021	2039	2023	2063	2056	1945	2037	2076	2015	2003	2017	2030	1999	2018	2008	2034	2017	2067	2074	2022	1998	1971	2068	2009	2062	2042	1990	2016	2061	2042	1963	2019	2055	1976	1981	2012	2002	1934	2013	2022	1989	2010	1993	2098	1985	2052	2046	2003	2002	2027	2026	2035	1978	2000	2033	2038	1971	2060	2064	2001	1981	2019	2051	2069	1004.463762
1724	1661	1685	1686	1713	1719	1857	1870	1891	1723	1701	1714	1691	1705	1712	1710	1697	1707	1710	1684	1755	1679	1667	1681	1629	1668	1655	1694	1701	1674	1645	1708	1639	1668	1717	1625	1639	1661	1633	1665	1701	1683	1660	1668	1679	1685	1667	1681	1708	1659	1672	1675	1660	1683	1711	1705	1666	1657	1640	1702	1691	1642	1732	1705	1726	1655	1646	1620	1658	1673	1644	1660	1665	1707	1701	1695	1695	1688	1682	1654	1676	1622	1664	1696	1708	1686	1727	1609	1625	1665	1697	1615	1693	1690	1687	1673	1007.285849
1569	1598	1598	1604	1553	1619	1696	1784	1755	1627	1596	1588	1576	1571	1592	1598	1585	1653	1622	1555	1635	1607	1563	1590	1606	1564	1599	1560	1569	1598	1613	1543	1536	1612	1630	1617	1559	1559	1597	1573	1582	1540	1502	1611	1605	1542	1589	1586	1595	1606	1560	1584	1593	1546	1559	1583	1554	1542	1585	1572	1576	1522	1537	1597	1601	1569	1557	1552	1577	1616	1525	1562	1582	1524	1569	1566	1602	1616	1568	1610	1607	1599	1611	1556	1590	1567	1540	1556	1547	1593	1542	1564	1555	1554	1610	1540	1010.106579
1631	1505	1580	1576	1488	1529	1704	1703	1756	1541	1551	1580	1530	1588	1527	1588	1568	1573	1540	1579	1549	1509	1506	1527	1542	1526	1555	1554	1480	1611	1566	1553	1581	1568	1607	1535	1541	1563	1518	1554	1569	1502	1519	1523	1496	1546	1510	1571	1540	1549	1490	1488	1535	1545	1581	1570	1588	1561	1598	1551	1539	1486	1506	1535	1556	1539	1490	1555	1549	1582	1531	1543	1565	1594	1568	1583	1562	1580	1560	1549	1561	1555	1503	1483	1509	1529	1570	1578	1558	1513	1590	1558	1516	1519	1550	1544	1012.939703
1538	1561	1545	1576	1502	1555	1728	1682	1703	1566	1554	1550	1541	1529	1576	1538	1560	1562	1570	1520	1577	1544	1548	1507	1562	1557	1501	1569	1537	1596	1524	1527	1533	1565	1528	1527	1543	1538	1538	1528	1529	1536	1507	1538	1565	1549	1494	1547	1541	1509	1491	1594	1510	1542	1574	1534	1557	1512	1489	1517	1508	1558	1553	1574	1578	1503	1496	1540	1540	1531	1542	1536	1525	1514	1563	1530	1582	1532	1543	1508	1551	1545	1532	1488	1548	1547	1572	1539	1553	1553	1512	1514	1534	1523	1501	1541	1015.757715
1542	1540	1572	1533	1558	1552	1709	1738	1763	1506	1503	1561	1539	1527	1556	1595	1550	1594	1564	1584	1524	1507	1569	1525	1516	1511	1505	1544	1550	1513	1583	1549	1565	1555	1522	1507	1499	1517	1589	1523	1557	1516	1544	1579	1589	1508	1558	1607	1514	1519	1519	1527	1534	1531	1559	1549	1560	1537	1535	1533	1516	1529	1507	1550	1496	1573	1499	1549	1512	1673	1522	1528	1518	1541	1525	1544	1587	1520	1557	1577	1511	1512	1538	1515	1579	1534	1537	1526	1558	1531	1530	1497	1507	1574	1488	1526	1018.574373
1549	1561	1534	1575	1565	1516	1704	1787	1738	1585	1575	1581	1565	1538	1541	1545	1576	1572	1621	1524	1584	1587	1528	1531	1520	1604	1556	1550	1539	1530	1499	1539	1552	1573	1508	1545	1506	1514	1557	1568	1553	1563	1567	1551	1561	1578	1551	1514	1557	1549	1575	1569	1594	1568	1543	1540	1543	1567	1604	1537	1529	1551	1572	1572	1532	1558	1554	1507	1576	2672	1503	1569	1524	1507	1571	1516	1586	1503	1574	1590	1530	1539	1538	1584	1523	1566	1513	1566	1593	1554	1520	1584	1564	1566	1550	1513	1021.389678
1585	1613	1588	1657	1654	1582	1774	1814	1732	1629	1623	1613	1629	1621	1597	1618	1600	1623	1624	1562	1616	1608	1628	1595	1573	1617	1623	1585	1616	1606	1520	1609	1589	1654	1594	1643	1556	1540	1629	1568	1593	1618	1579	1644	1511	1582	1576	1574	1618	1627	1607	1588	1588	1557	1615	1567	1653	1626	1550	1611	1588	1586	1564	1552	1602	1584	1576	1550	1571	2586	1609	1581	1591	1540	1586	1567	1539	1602	1581	1605	1589	1571	1620	1603	1603	1522	1558	1570	1595	1551	1556	1574	1623	1615	1612	1552	1024.189907
1733	1681	1703	1712	1646	1712	1813	1844	1811	1726	1692	1734	1715	1634	1712	1708	1722	1704	1709	1704	1684	1674	1597	1687	1625	1674	1615	1646	1666	1660	1662	1660	1671	1687	1669	1708	1715	1682	1656	1717	1663	1701	1683	1721	1645	1709	1685	1701	1666	1632	1686	1695	1657	1661	1665	1713	1691	1702	1702	1634	1688	1688	1662	1710	1680	1693	1687	1669	1679	2956	1645	1652	1615	1670	1631	1674	1634	1671	1660	1671	1640	1638	1624	1667	1659	1688	1682	1609	1700	1698	1665	1655	1638	1692	1682	1700	1027.002515
1746	1750	1745	1749	1785	1776	1960	1901	1937	1753	1837	1764	1735	1768	1786	1753	1842	1837	1805	1799	1785	1715	1767	1762	1738	1762	1723	1743	1775	1747	1761	1753	1732	1754	1775	1777	1810	1791	1721	1811	1712	1777	1752	1739	1705	1739	1717	1773	1746	1776	1768	1725	1705	1761	1772	1752	1757	1743	1735	1744	1732	1716	1725	1710	1751	1758	1766	1717	1774	1931	1768	1728	1758	1780	1752	1771	1724	1718	1729	1759	1696	1754	1723	1732	1826	1769	1723	1776	1746	1737	1776	1751	1770	1745	1737	1782	1029.813773
1785	1762	1774	1763	1810	1738	1913	1916	1927	1731	1761	1821	1785	1732	1786	1815	1771	1829	1796	1757	1787	1764	1807	1760	1745	1709	1730	1729	1726	1773	1773	1776	1767	1800	1830	1813	1726	1720	1697	1740	1767	1761	1797	1763	1773	1752	1738	1763	1744	1719	1747	1795	1763	1806	1698	1758	1772	1783	1712	1695	1703	1769	1760	1744	1751	1757	1785	1723	1712	1763	1765	1739	1737	1774	1695	1745	1835	1727	1749	1738	1725	1812	1789	1763	1755	1718	1800	1788	1781	1771	1731	1728	1789	1747	1754	1788	1032.609978
1722	1698	1705	1694	1698	1683	1867	1851	1897	1729	1704	1687	1749	1721	1709	1698	1730	1752	1737	1702	1752	1718	1674	1730	1655	1738	1676	1685	1706	1740	1687	1683	1677	1725	1718	1670	1664	1713	1718	1712	1708	1715	1676	1690	1681	1698	1701	1712	1701	1677	1734	1709	1721	1670	1702	1673	1723	1703	1711	1681	1664	1703	1723	1730	1706	1657	1684	1688	1679	1697	1706	1728	1737	1701	1698	1715	1676	1643	1705	1672	1697	1698	1694	1658	1704	1651	1646	1707	1673	1705	1702	1698	1717	1742	1670	1691	1035.418545
1648	1709	1661	1654	1670	1625	1825	1780	1869	1656	1667	1621	1630	1587	1674	1727	1697	1668	1616	1666	1640	1650	1633	1637	1575	1655	1631	1607	1592	1654	1631	1570	1620	1677	1629	1613	1632	1648	1605	1666	1676	1660	1650	1628	1628	1647	1617	1634	1672	1677	1624	1669	1583	1676	1624	1644	1667	1656	1642	1653	1603	1621	1651	1622	1664	1654	1672	1651	1588	1661	1625	1579	1682	1662	1642	1675	1674	1696	1629	1652	1654	1601	1646	1678	1649	1608	1647	1647	1629	1647	1633	1613	1609	1565	1681	1628	1038.212074
1672	1619	1624	1612	1629	1613	1791	1765	1798	1692	1621	1635	1603	1573	1629	1645	1680	1606	1640	1672	1668	1575	1622	1601	1665	1651	1614	1640	1605	1593	1532	1630	1658	1592	1603	1644	1620	1628	1605	1593	1612	1625	1615	1651	1590	1579	1628	1566	1623	1554	1697	1541	1580	1603	1586	1611	1642	1652	1586	1621	1596	1641	1634	1653	1612	1634	1610	1597	1602	1621	1590	1622	1599	1587	1600	1566	1612	1566	1652	1639	1556	1597	1665	1627	1601	1567	1608	1580	1621	1549	1598	1623	1655	1628	1563	1664	1041.00427
1646	1688	1671	1612	1600	1627	1759	1802	1836	1608	1618	1632	1608	1677	1615	1659	1670	1662	1632	1713	1618	1630	1564	1625	1565	1623	1590	1603	1614	1561	1595	1612	1582	1633	1627	1626	1603	1622	1609	1587	1659	1573	1596	1579	1568	1602	1606	1588	1592	1611	1587	1609	1590	1598	1601	1614	1681	1560	1657	1642	1600	1587	1541	1594	1616	1625	1586	1610	1605	1610	1572	1578	1591	1582	1639	1638	1577	1565	1605	1576	1637	1560	1623	1570	1555	1593	1631	1621	1621	1630	1588	1568	1617	1655	1645	1562	1043.808811
1628	1626	1588	1652	1623	1636	1779	1766	1771	1645	1600	1662	1607	1653	1594	1648	1687	1623	1627	1635	1680	1635	1634	1633	1585	1646	1606	1600	1620	1587	1618	1664	1642	1598	1655	1638	1628	1628	1616	1623	1622	1583	1643	1665	1607	1595	1607	1585	1618	1693	1632	1663	1582	1617	1649	1675	1684	1637	1618	1590	1592	1570	1640	1599	1625	1633	1599	1563	1644	1618	1623	1590	1650	1604	1567	1591	1652	1600	1631	1631	1621	1647	1606	1674	1616	1598	1593	1642	1603	1629	1578	1576	1592	1637	1610	1578	1046.598336
1665	1676	1626	1635	1681	1569	1809	1816	1868	1665	1683	1599	1623	1631	1697	1581	1696	1627	1647	1625	1664	1629	1697	1593	1583	1691	1578	1604	1630	1655	1648	1633	1630	1648	1614	1659	1610	1623	1608	1598	1619	1597	1624	1637	1664	1655	1679	1641	1604	1616	1634	1618	1662	1635	1629	1654	1661	1637	1587	1617	1612	1589	1660	1635	1599	1670	1614	1653	1618	1618	1636	1598	1563	1609	1629	1644	1630	1633	1606	1648	1600	1668	1655	1649	1692	1649	1569	1612	1628	1641	1634	1620	1605	1623	1631	1587	1049.386531
1643	1696	1654	1702	1677	1645	1867	1796	1821	1635	1668	1633	1644	1662	1706	1665	1692	1688	1622	1654	1699	1677	1650	1676	1621	1692	1688	1650	1592	1703	1667	1644	1616	1673	1644	1619	1644	1653	1644	1632	1652	1636	1718	1656	1636	1640	1653	1631	1612	1692	1612	1584	1614	1664	1613	1692	1703	1621	1649	1666	1646	1661	1661	1657	1708	1629	1641	1639	1651	1672	1642	1643	1651	1610	1639	1655	1668	1647	1672	1664	1689	1647	1687	1632	1645	1655	1682	1643	1634	1737	1657	1600	1636	1609	1646	1649	1052.173397
1677	1702	1704	1703	1702	1726	1839	1812	1853	1661	1679	1745	1729	1690	1704	1666	1717	1722	1682	1683	1729	1648	1687	1729	1642	1705	1691	1698	1746	1651	1663	1672	1668	1677	1716	1739	1713	1607	1653	1703	1666	1673	1646	1680	1701	1665	1708	1702	1713	1720	1659	1649	1695	1661	1698	1685	1714	1680	1613	1677	1673	1713	1655	1657	1646	1667	1649	1709	1679	1665	1703	1684	1667	1673	1662	1614	1678	1687	1642	1691	1697	1687	1676	1637	1634	1678	1662	1660	1691	1653	1687	1715	1696	1721	1664	1657	1054.958934
1721	1726	1745	1700	1694	1683	1838	1902	1847	1743	1708	1729	1730	1709	1694	1710	1744	1733	1693	1715	1688	1640	1667	1671	1690	1697	1682	1715	1738	1711	1689	1698	1708	1703	1668	1759	1668	1707	1707	1710	1752	1755	1731	1731	1733	1714	1671	1704	1671	1724	1682	1720	1677	1711	1705	1690	1705	1658	1696	1714	1662	1701	1679	1748	1714	1683	1689	1702	1712	1724	1752	1672	1699	1682	1675	1700	1657	1677	1666	1656	1664	1626	1695	1697	1695	1671	1657	1697	1719	1663	1735	1671	1687	1717	1677	1676	1057.729499
1774	1750	1739	1767	1749	1751	1916	1986	1886	1794	1797	1786	1727	1719	1781	1705	1786	1833	1783	1764	1722	1709	1722	1764	1694	1704	1716	1735	1750	1718	1786	1705	1696	1730	1715	1756	1692	1764	1740	1704	1705	1719	1744	1708	1705	1686	1680	1696	1750	1735	1673	1720	1718	1693	1742	1741	1719	1735	1735	1707	1668	1742	1687	1741	1716	1722	1699	1723	1694	1724	1739	1723	1757	1710	1733	1711	1776	1661	1740	1733	1767	1671	1717	1708	1735	1719	1675	1727	1698	1681	1675	1696	1711	1755	1748	1712	1060.512388
1788	1770	1731	1761	1729	1705	1899	1884	1849	1707	1693	1761	1773	1752	1741	1729	1781	1732	1725	1782	1725	1724	1770	1730	1741	1762	1720	1743	1784	1746	1756	1719	1777	1738	1738	1744	1712	1767	1742	1703	1731	1732	1710	1734	1738	1697	1706	1728	1734	1719	1734	1712	1751	1726	1787	1764	1746	1757	1681	1708	1692	1651	1729	1741	1724	1680	1686	1732	1717	1719	1749	1718	1688	1691	1737	1760	1763	1731	1751	1688	1775	1701	1768	1706	1689	1698	1770	1754	1722	1769	1724	1783	1723	1684	1779	1744	1063.293952
1789	1750	1721	1758	1787	1772	1890	1911	1930	1734	1738	1768	1741	1746	1693	1778	1777	1798	1787	1750	1750	1786	1694	1713	1725	1782	1720	1715	1703	1744	1739	1808	1717	1747	1749	1717	1691	1706	1760	1755	1741	1796	1730	1707	1733	1795	1801	1708	1770	1725	1744	1732	1716	1714	1746	1760	1747	1717	1726	1727	1727	1765	1722	1746	1703	1721	1716	1762	1713	1760	1739	1733	1742	1702	1707	1765	1727	1728	1771	1741	1791	1752	1737	1688	1697	1734	1730	1775	1721	1752	1723	1749	1731	1732	1730	1771	1066.060566
1696	1726	1714	1738	1733	1756	1938	1912	1860	1730	1713	1757	1690	1703	1754	1778	1743	1745	1691	1736	1748	1714	1647	1702	1770	1719	1704	1716	1752	1751	1718	1663	1698	1762	1701	1710	1707	1690	1730	1742	1720	1696	1710	1708	1738	1756	1720	1713	1724	1727	1777	1673	1695	1675	1748	1689	1739	1715	1650	1729	1759	1767	1691	1707	1777	1704	1711	1690	1723	1714	1758	1727	1695	1748	1694	1688	1724	1661	1734	1718	1698	1713	1758	1727	1698	1720	1691	1697	1718	1731	1646	1722	1745	1735	1684	1684	1068.839487
1691	1720	1706	1795	1723	1732	1889	1850	1892	1692	1710	1696	1711	1710	1700	1754	1736	1732	1770	1729	1748	1695	1703	1734	1679	1670	1683	1662	1774	1678	1724	1653	1686	1712	1698	1674	1718	1674	1684	1741	1753	1727	1685	1709	1690	1680	1701	1709	1675	1626	1739	1699	1637	1678	1671	1711	1687	1702	1635	1692	1693	1651	1670	1680	1622	1687	1660	1660	1641	1666	1659	1731	1587	1721	1696	1685	1700	1702	1662	1744	1699	1699	1689	1695	1661	1733	1710	1696	1707	1683	1740	1675	1711	1734	1669	1672	1071.603474
1661	1747	1719	1743	1691	1688	1867	1869	1891	1727	1715	1704	1699	1698	1676	1733	1761	1727	1682	1712	1740	1655	1659	1707	1741	1688	1726	1665	1682	1692	1650	1724	1692	1741	1692	1727	1690	1647	1686	1652	1663	1682	1677	1739	1703	1717	1686	1694	1722	1709	1645	1696	1691	1702	1697	1750	1674	1705	1716	1698	1683	1712	1684	1703	1718	1695	1669	1666	1653	1654	1656	1678	1719	1685	1653	1667	1657	1693	1740	1685	1664	1645	1691	1672	1666	1668	1657	1629	1714	1709	1682	1669	1688	1608	1670	1718	1074.366152
1688	1686	1724	1697	1708	1731	1843	1849	1873	1681	1769	1678	1698	1687	1696	1747	1791	1703	1681	1705	1725	1671	1705	1614	1716	1751	1643	1639	1675	1687	1679	1674	1656	1698	1702	1705	1720	1729	1675	1692	1628	1655	1711	1654	1714	1692	1739	1678	1734	1738	1663	1627	1680	1694	1680	1719	1696	1723	1665	1706	1686	1675	1660	1782	1674	1657	1667	1672	1697	1678	1692	1710	1682	1706	1638	1659	1700	1696	1705	1705	1717	1702	1660	1694	1716	1671	1656	1690	1666	1655	1692	1667	1664	1707	1702	1703	1077.141121
1720	1754	1682	1675	1725	1718	1899	1842	1919	1720	1728	1737	1736	1761	1720	1757	1751	1766	1720	1733	1797	1695	1659	1731	1708	1730	1711	1692	1700	1685	1727	1753	1711	1683	1722	1733	1738	1735	1705	1678	1698	1797	1730	1752	1702	1715	1690	1736	1730	1679	1699	1695	1731	1710	1703	1773	1676	1674	1724	1695	1713	1720	1741	1741	1704	1778	1687	1688	1698	1670	1708	1709	1704	1743	1714	1711	1737	1764	1717	1665	1755	1722	1703	1664	1708	1691	1679	1722	1669	1737	1663	1708	1712	1694	1652	1710	1079.901177
1734	1713	1752	1697	1748	1707	1929	1913	1874	1721	1791	1712	1729	1687	1717	1780	1773	1789	1769	1735	1756	1719	1704	1757	1662	1746	1698	1732	1696	1742	1743	1688	1719	1710	1749	1741	1708	1699	1736	1735	1750	1736	1674	1731	1746	1777	1723	1694	1704	1769	1722	1733	1750	1684	1755	1724	1757	1675	1735	1707	1726	1699	1706	1766	1755	1716	1696	1699	1680	1729	1697	1667	1710	1721	1723	1722	1756	1708	1743	1741	1724	1746	1698	1688	1750	1719	1739	1701	1762	1670	1721	1693	1731	1734	1793	1736	1082.659926
1721	1711	1727	1719	1751	1662	1872	1942	1907	1771	1739	1738	1648	1696	1753	1706	1723	1729	1718	1703	1711	1734	1709	1684	1690	1647	1697	1719	1718	1700	1767	1695	1713	1750	1763	1738	1755	1727	1737	1701	1721	1735	1751	1777	1729	1742	1691	1719	1725	1691	1702	1681	1720	1697	1699	1722	1711	1741	1739	1707	1733	1699	1701	1751	1712	1693	1655	1747	1713	1701	1734	1711	1711	1685	1675	1700	1712	1671	1775	1730	1726	1752	1683	1732	1710	1665	1693	1729	1740	1683	1686	1743	1700	1693	1702	1702	1085.417371
1733	1694	1704	1701	1696	1758	1876	1869	1863	1741	1724	1773	1689	1680	1689	1756	1671	1721	1709	1667	1684	1700	1680	1696	1741	1673	1619	1745	1711	1728	1738	1693	1723	1763	1690	1755	1704	1660	1655	1695	1667	1726	1725	1708	1748	1755	1713	1714	1689	1698	1697	1675	1684	1669	1712	1717	1712	1684	1715	1732	1709	1634	1707	1671	1709	1665	1666	1631	1651	1654	1708	1667	1669	1681	1660	1702	1644	1661	1678	1687	1691	1729	1698	1662	1646	1701	1686	1717	1707	1666	1729	1696	1678	1709	1684	1746	1088.159937
1733	1599	1681	1656	1618	1688	1832	1899	1841	1668	1686	1674	1629	1677	1658	1653	1691	1641	1672	1663	1631	1687	1607	1673	1644	1691	1673	1670	1691	1657	1677	1686	1659	1694	1688	1702	1695	1676	1683	1682	1659	1663	1635	1663	1643	1661	1699	1635	1676	1690	1626	1687	1665	1654	1687	1676	1698	1619	1639	1655	1687	1665	1632	1685	1660	1657	1636	1645	1704	1662	1583	1638	1662	1633	1678	1636	1617	1612	1633	1650	1614	1724	1675	1669	1624	1654	1682	1642	1653	1699	1610	1655	1586	1667	1641	1660	1090.914781
1585	1650	1658	1686	1651	1654	1765	1832	1771	1622	1663	1671	1626	1645	1619	1695	1669	1623	1618	1664	1628	1605	1609	1632	1638	1620	1678	1608	1623	1588	1644	1583	1622	1630	1618	1636	1647	1671	1636	1659	1614	1640	1603	1646	1612	1602	1627	1600	1667	1638	1607	1668	1606	1651	1713	1621	1645	1628	1603	1594	1618	1615	1624	1614	1662	1613	1591	1666	1663	1606	1609	1586	1639	1597	1635	1583	1623	1614	1645	1613	1645	1634	1606	1621	1609	1611	1588	1610	1637	1626	1626	1641	1648	1554	1638	1615	1093.668321
1625	1653	1614	1613	1623	1611	1812	1791	1779	1638	1636	1640	1634	1578	1612	1628	1615	1614	1652	1647	1624	1631	1562	1572	1634	1571	1645	1649	1614	1505	1605	1605	1559	1620	1616	1644	1565	1598	1569	1575	1623	1619	1573	1615	1612	1602	1581	1619	1581	1548	1614	1609	1616	1577	1561	1625	1568	1612	1616	1566	1582	1609	1582	1619	1631	1569	1599	1597	1602	1554	1620	1620	1555	1633	1548	1583	1577	1556	1636	1557	1580	1569	1590	1604	1669	1591	1603	1556	1627	1570	1594	1608	1576	1604	1588	1589	1096.420561
1621	1585	1656	1596	1591	1577	1762	1695	1760	1611	1628	1607	1557	1613	1563	1659	1623	1619	1605	1640	1618	1611	1568	1565	1565	1548	1540	1611	1623	1569	1615	1592	1571	1573	1604	1609	1592	1578	1579	1557	1590	1626	1526	1564	1577	1590	1626	1590	1602	1603	1583	1529	1599	1559	1608	1598	1663	1614	1572	1588	1584	1567	1595	1605	1587	1562	1583	1595	1598	1579	1550	1550	1594	1563	1604	1584	1573	1535	1648	1543	1593	1586	1545	1641	1580	1544	1576	1588	1572	1574	1608	1541	1565	1605	1604	1616	1099.157951
1591	1570	1628	1626	1538	1630	1702	1722	1724	1563	1584	1632	1611	1539	1604	1636	1624	1611	1609	1601	1604	1561	1589	1561	1577	1568	1569	1564	1591	1575	1559	1538	1540	1551	1566	1550	1589	1592	1552	1560	1593	1551	1597	1573	1576	1546	1575	1568	1600	1562	1555	1574	1586	1555	1579	1589	1538	1560	1599	1611	1620	1548	1563	1537	1548	1571	1572	1498	1581	1550	1536	1571	1574	1542	1577	1548	1598	1573	1550	1592	1578	1585	1568	1552	1550	1552	1534	1569	1520	1571	1515	1573	1570	1588	1532	1586	1101.894054
1578	1525	1573	1579	1545	1560	1718	1780	1735	1555	1579	1559	1560	1514	1535	1582	1558	1545	1592	1568	1548	1537	1561	1523	1582	1505	1597	1550	1510	1624	1591	1574	1563	1611	1603	1605	1543	1612	1535	1575	1574	1550	1568	1559	1576	1564	1519	1528	1562	1577	1561	1549	1544	1634	1571	1581	1606	1525	1586	1546	1495	1633	1533	1575	1573	1571	1533	1549	1543	1521	1528	1533	1551	1511	1527	1552	1556	1593	1588	1548	1607	1598	1539	1535	1488	1553	1548	1521	1556	1533	1595	1559	1570	1506	1571	1603	1104.642407
1518	1507	1494	1605	1519	1568	1658	1699	1687	1550	1559	1535	1579	1507	1567	1597	1565	1520	1565	1565	1569	1526	1568	1561	1514	1531	1541	1585	1532	1519	1518	1501	1504	1547	1519	1577	1606	1554	1563	1530	1515	1561	1490	1539	1469	1575	1521	1554	1567	1522	1530	1548	1501	1526	1556	1545	1514	1534	1558	1486	1535	1564	1541	1481	1545	1527	1529	1572	1534	1589	1515	1525	1531	1562	1512	1506	1542	1571	1528	1564	1553	1545	1476	1497	1542	1545	1528	1566	1531	1498	1570	1508	1555	1531	1620	1494	1107.375933
1556	1543	1513	1538	1535	1510	1683	1669	1650	1561	1571	1531	1526	1546	1525	1554	1581	1555	1524	1534	1575	1509	1540	1492	1504	1537	1515	1520	1496	1541	1521	1545	1512	1538	1551	1505	1471	1532	1481	1542	1532	1511	1567	1496	1505	1510	1561	1557	1485	1537	1509	1480	1503	1496	1542	1536	1493	1508	1543	1557	1500	1514	1556	1542	1501	1556	1527	1463	1530	1489	1523	1493	1512	1539	1468	1465	1536	1498	1504	1520	1531	1509	1543	1521	1525	1512	1459	1512	1533	1492	1551	1541	1490	1530	1497	1509	1110.108175
1509	1512	1508	1459	1450	1508	1699	1611	1686	1528	1538	1510	1497	1515	1505	1547	1553	1518	1488	1528	1562	1524	1484	1499	1479	1456	1478	1528	1489	1493	1486	1504	1526	1523	1519	1503	1516	1489	1504	1556	1499	1509	1483	1503	1517	1519	1504	1482	1521	1450	1496	1524	1473	1471	1507	1549	1491	1506	1493	1522	1486	1511	1505	1513	1488	1498	1463	1522	1494	1439	1520	1524	1483	1478	1471	1508	1475	1520	1496	1501	1473	1484	1513	1497	1493	1460	1491	1550	1514	1512	1508	1476	1500	1525	1498	1473	1112.839133
1445	1472	1488	1496	1493	1525	1664	1691	1622	1521	1526	1509	1492	1531	1460	1449	1527	1510	1456	1459	1453	1499	1472	1498	1564	1505	1486	1487	1461	1429	1438	1518	1511	1476	1517	1487	1493	1473	1446	1474	1507	1512	1497	1500	1544	1477	1483	1457	1506	1467	1496	1477	1496	1503	1459	1494	1483	1477	1517	1503	1477	1454	1450	1507	1479	1449	1474	1447	1474	1491	1496	1483	1476	1485	1508	1534	1457	1415	1499	1485	1509	1497	1496	1549	1481	1450	1458	1523	1497	1501	1502	1443	1475	1550	1472	1493	1115.568809
1506	1541	1483	1427	1496	1523	1628	1619	1598	1495	1514	1531	1480	1491	1504	1480	1516	1522	1469	1468	1476	1440	1482	1508	1504	1424	1453	1452	1503	1491	1484	1474	1477	1406	1491	1477	1474	1490	1486	1481	1499	1482	1462	1498	1488	1459	1463	1451	1484	1452	1479	1478	1462	1471	1501	1470	1516	1478	1486	1457	1483	1485	1501	1496	1462	1453	1453	1421	1459	1485	1508	1420	1477	1430	1501	1479	1464	1481	1423	1463	1480	1471	1445	1451	1456	1499	1450	1468	1494	1495	1414	1465	1528	1491	1466	1464	1118.297204
1454	1486	1519	1489	1458	1453	1653	1610	1657	1488	1466	1479	1470	1489	1489	1503	1544	1474	1469	1551	1475	1462	1443	1464	1471	1475	1466	1487	1416	1470	1507	1492	1469	1466	1475	1448	1481	1495	1492	1437	1482	1472	1522	1466	1456	1456	1496	1479	1563	1458	1468	1465	1485	1459	1474	1497	1465	1483	1502	1409	1467	1415	1463	1432	1488	1513	1463	1456	1478	1482	1454	1442	1481	1446	1468	1499	1429	1464	1530	1494	1475	1450	1478	1440	1470	1459	1493	1425	1446	1442	1486	1466	1476	1454	1436	1450	1121.024318
1476	1478	1407	1495	1492	1486	1589	1690	1604	1496	1489	1475	1471	1404	1483	1507	1520	1461	1516	1506	1461	1456	1498	1470	1416	1432	1437	1485	1481	1438	1427	1483	1462	1520	1457	1502	1481	1454	1511	1485	1450	1486	1404	1416	1442	1494	1455	1494	1429	1486	1491	1507	1480	1464	1456	1473	1476	1527	1505	1434	1483	1440	1423	1507	1502	1483	1445	1448	1437	1433	1463	1435	1453	1467	1495	1435	1457	1505	1473	1434	1469	1479	1450	1493	1435	1423	1465	1433	1468	1453	1412	1414	1485	1496	1441	1395	1123.750152
1451	1468	1427	1521	1460	1484	1586	1596	1584	1446	1533	1490	1502	1484	1487	1530	1477	1508	1455	1517	1455	1472	1440	1435	1490	1453	1500	1453	1484	1447	1453	1444	1490	1480	1524	1428	1450	1475	1466	1440	1474	1491	1487	1432	1453	1461	1462	1447	1420	1505	1477	1502	1445	1467	1499	1461	1510	1464	1490	1440	1462	1446	1440	1475	1446	1433	1451	1494	1466	1456	1461	1474	1500	1439	1443	1479	1409	1428	1521	1470	1435	1439	1488	1483	1497	1456	1398	1497	1443	1473	1414	1469	1430	1473	1468	1435	1126.474707
1501	1500	1467	1467	1398	1492	1656	1602	1616	1524	1486	1449	1475	1447	1436	1486	1460	1538	1533	1460	1474	1472	1442	1445	1463	1449	1449	1432	1470	1465	1418	1446	1444	1437	1453	1482	1495	1467	1487	1496	1443	1432	1410	1487	1417	1444	1453	1428	1478	1464	1465	1440	1435	1476	1454	1430	1473	1465	1489	1496	1465	1456	1412	1466	1457	1457	1453	1434	1435	1443	1428	1455	1424	1449	1468	1524	1459	1495	1510	1455	1474	1444	1456	1431	1466	1463	1430	1468	1461	1476	1510	1469	1477	1481	1450	1488	1129.184506
1448	1423	1445	1513	1454	1459	1599	1595	1648	1461	1477	1462	1441	1471	1470	1526	1501	1505	1504	1432	1521	1423	1518	1544	1426	1444	1475	1423	1488	1486	1528	1496	1446	1469	1406	1512	1440	1470	1483	1435	1476	1436	1444	1451	1451	1491	1519	1437	1477	1468	1463	1449	1466	1450	1483	1496	1446	1473	1465	1469	1407	1501	1464	1467	1456	1441	1446	1462	1460	1481	1461	1487	1410	1488	1521	1412	1441	1419	1449	1455	1433	1489	1451	1447	1425	1441	1455	1442	1506	1511	1484	1444	1464	1498	1469	1414	1131.906513
1470	1451	1496	1493	1497	1495	1643	1627	1629	1520	1498	1538	1485	1515	1452	1463	1487	1519	1481	1484	1491	1474	1441	1435	1458	1496	1504	1530	1488	1480	1448	1465	1473	1477	1521	1449	1503	1487	1439	1446	1470	1466	1456	1469	1444	1498	1489	1507	1502	1476	1507	1456	1420	1452	1490	1496	1460	1472	1447	1516	1435	1487	1442	1393	1466	1474	1456	1439	1506	1455	1488	1445	1474	1454	1492	1490	1453	1499	1485	1469	1496	1480	1480	1462	1427	1453	1490	1487	1492	1450	1413	1472	1415	1467	1467	1411	1134.613778
1475	1496	1505	1471	1488	1516	1592	1707	1673	1502	1530	1501	1464	1479	1448	1524	1447	1533	1444	1482	1550	1460	1480	1410	1457	1483	1467	1553	1475	1489	1438	1488	1500	1513	1456	1504	1487	1458	1452	1456	1482	1500	1463	1484	1498	1501	1536	1504	1450	1480	1441	1478	1490	1491	1504	1468	1496	1515	1487	1509	1467	1481	1543	1493	1478	1458	1482	1469	1472	1481	1432	1495	1484	1482	1477	1428	1443	1500	1496	1491	1469	1460	1478	1457	1440	1471	1453	1521	1486	1457	1467	1478	1539	1490	1516	1508	1137.33324
1454	1517	1503	1473	1542	1473	1663	1636	1631	1508	1526	1495	1458	1539	1472	1484	1540	1525	1509	1516	1495	1479	1403	1462	1424	1490	1493	1411	1487	1457	1512	1496	1503	1497	1538	1537	1486	1467	1481	1478	1484	1455	1523	1454	1469	1491	1492	1487	1497	1495	1476	1494	1482	1502	1507	1539	1535	1448	1494	1505	1477	1442	1459	1513	1479	1507	1489	1488	1492	1469	1456	1491	1497	1477	1503	1494	1510	1505	1507	1538	1486	1486	1472	1530	1425	1462	1494	1458	1496	1433	1540	1456	1471	1483	1475	1450	1140.037974
1523	1540	1524	1521	1522	1502	1627	1620	1663	1521	1538	1554	1550	1504	1530	1537	1513	1503	1524	1501	1490	1484	1520	1496	1525	1502	1487	1501	1458	1473	1549	1495	1499	1510	1508	1518	1510	1470	1528	1509	1498	1519	1479	1516	1557	1522	1472	1469	1461	1518	1495	1490	1469	1449	1500	1539	1503	1499	1524	1541	1482	1495	1536	1524	1505	1495	1444	1512	1475	1497	1475	1496	1493	1533	1453	1507	1490	1472	1504	1525	1487	1514	1470	1475	1510	1517	1495	1510	1488	1507	1484	1452	1505	1461	1507	1476	1142.741448
1507	1518	1549	1527	1547	1499	1693	1637	1660	1577	1553	1590	1508	1474	1536	1504	1521	1536	1541	1574	1532	1487	1460	1498	1486	1514	1549	1539	1513	1538	1485	1540	1522	1582	1508	1508	1525	1494	1489	1524	1519	1528	1507	1551	1486	1518	1471	1479	1509	1502	1481	1486	1535	1534	1496	1508	1518	1502	1499	1548	1485	1511	1530	1548	1538	1498	1496	1481	1508	1495	1449	1438	1551	1473	1453	1540	1488	1488	1509	1525	1486	1471	1505	1495	1487	1499	1454	1528	1509	1502	1555	1479	1535	1467	1491	1521	1145.443661
1551	1489	1557	1526	1490	1524	1685	1662	1717	1517	1577	1478	1524	1482	1581	1505	1489	1523	1539	1507	1549	1533	1519	1529	1502	1478	1497	1523	1509	1562	1551	1480	1504	1554	1515	1530	1522	1495	1495	1503	1451	1514	1484	1523	1511	1464	1541	1489	1477	1487	1506	1501	1494	1512	1537	1471	1549	1534	1489	1466	1528	1526	1495	1491	1479	1567	1494	1504	1530	1469	1544	1470	1517	1473	1520	1508	1461	1537	1451	1510	1471	1514	1540	1552	1575	1508	1492	1502	1536	1490	1545	1534	1499	1494	1523	1542	1148.144615
1516	1561	1539	1549	1628	1530	1679	1714	1770	1577	1579	1523	1595	1537	1546	1557	1593	1549	1547	1571	1579	1537	1526	1558	1510	1543	1528	1554	1540	1567	1533	1586	1544	1550	1512	1608	1530	1537	1594	1538	1549	1503	1573	1564	1559	1521	1516	1524	1514	1561	1545	1495	1576	1499	1509	1588	1582	1562	1585	1500	1520	1544	1500	1579	1516	1503	1589	1576	1547	1519	1544	1518	1570	1534	1494	1556	1501	1540	1581	1541	1550	1500	1601	1563	1559	1522	1519	1571	1518	1521	1488	1548	1578	1564	1536	1572	1150.844312
1585	1597	1545	1570	1547	1501	1649	1740	1707	1602	1614	1552	1583	1556	1586	1574	1607	1603	1559	1604	1593	1547	1534	1545	1529	1570	1556	1590	1553	1567	1523	1565	1531	1564	1562	1543	1606	1555	1594	1557	1567	1560	1577	1535	1611	1560	1527	1559	1557	1583	1536	1578	1542	1548	1586	1558	1545	1563	1593	1558	1511	1580	1565	1538	1555	1569	1509	1553	1547	1572	1518	1567	1575	1545	1513	1565	1598	1580	1569	1560	1575	1568	1528	1567	1602	1600	1561	1542	1534	1540	1609	1571	1589	1613	1575	1570	1153.54275
1578	1585	1547	1566	1584	1588	1739	1679	1705	1581	1611	1580	1525	1547	1538	1573	1562	1563	1573	1541	1522	1480	1527	1518	1601	1532	1568	1589	1589	1613	1584	1582	1504	1552	1573	1567	1558	1591	1524	1548	1522	1597	1555	1587	1569	1547	1558	1535	1562	1527	1557	1541	1574	1580	1587	1544	1542	1557	1545	1574	1562	1539	1484	1518	1556	1573	1499	1537	1528	1493	1526	1493	1523	1549	1540	1530	1493	1540	1569	1577	1600	1519	1576	1557	1514	1538	1489	1537	1507	1606	1545	1586	1551	1568	1548	1542	1156.239933
1522	1517	1481	1507	1525	1556	1606	1664	1663	1544	1537	1547	1493	1540	1578	1507	1584	1569	1578	1555	1595	1548	1491	1498	1509	1496	1506	1537	1590	1557	1494	1534	1524	1527	1542	1537	1517	1498	1522	1497	1469	1530	1541	1529	1504	1500	1457	1535	1440	1502	1493	1474	1526	1526	1511	1481	1491	1514	1521	1515	1514	1512	1517	1462	1547	1541	1482	1491	1530	1527	1526	1509	1497	1501	1516	1484	1500	1456	1519	1537	1539	1519	1521	1489	1522	1514	1492	1496	1502	1562	1520	1504	1529	1578	1482	1507	1158.92245
1476	1530	1495	1472	1484	1513	1636	1641	1662	1561	1580	1502	1472	1512	1480	1526	1533	1533	1566	1509	1552	1506	1478	1508	1542	1496	1479	1509	1421	1487	1510	1499	1484	1488	1520	1524	1535	1508	1526	1477	1503	1483	1508	1523	1473	1464	1451	1508	1515	1521	1499	1447	1485	1466	1519	1511	1502	1508	1477	1530	1501	1532	1495	1504	1477	1495	1469	1539	1473	1471	1437	1477	1508	1475	1430	1479	1512	1500	1564	1490	1491	1496	1481	1465	1496	1473	1475	1467	1515	1480	1488	1467	1489	1529	1488	1498	1161.617128
1439	1492	1513	1508	1508	1491	1634	1630	1625	1481	1513	1510	1482	1468	1474	1490	1517	1495	1522	1537	1467	1472	1518	1439	1482	1497	1519	1448	1469	1475	1457	1499	1415	1476	1462	1458	1492	1476	1459	1468	1486	1534	1453	1482	1482	1492	1461	1480	1506	1517	1444	1465	1487	1478	1511	1518	1473	1519	1471	1493	1539	1457	1471	1474	1480	1494	1463	1476	1463	1495	1474	1462	1535	1469	1510	1444	1502	1440	1476	1491	1512	1496	1453	1521	1492	1457	1479	1495	1467	1462	1501	1478	1456	1502	1494	1453	1164.297156
1471	1493	1515	1512	1516	1473	1603	1572	1631	1520	1496	1512	1510	1523	1503	1507	1521	1513	1532	1462	1507	1529	1439	1483	1515	1445	1517	1427	1449	1575	1481	1499	1463	1534	1515	1474	1484	1469	1509	1482	1480	1472	1486	1473	1457	1506	1482	1467	1471	1482	1492	1477	1497	1494	1503	1474	1476	1533	1464	1503	1460	1487	1460	1567	1423	1504	1461	1455	1452	1444	1520	1499	1431	1455	1523	1532	1446	1464	1479	1512	1497	1465	1472	1490	1463	1521	1495	1510	1500	1434	1450	1477	1449	1478	1459	1445	1166.989334
1509	1512	1495	1517	1472	1534	1648	1673	1660	1484	1495	1539	1465	1538	1538	1526	1539	1471	1504	1441	1495	1529	1475	1508	1479	1478	1481	1463	1487	1504	1426	1480	1528	1501	1518	1442	1485	1511	1492	1481	1459	1517	1542	1525	1471	1470	1448	1495	1489	1459	1516	1482	1491	1449	1507	1488	1478	1455	1512	1488	1469	1452	1454	1507	1532	1480	1461	1456	1520	1510	1449	1471	1525	1470	1493	1509	1518	1450	1516	1534	1491	1505	1490	1507	1522	1511	1483	1500	1503	1459	1448	1480	1492	1503	1448	1505	1169.666875
1466	1538	1565	1511	1467	1527	1597	1626	1657	1491	1471	1534	1460	1504	1484	1510	1505	1513	1531	1532	1500	1485	1499	1439	1476	1482	1492	1511	1513	1477	1495	1467	1479	1505	1496	1535	1526	1477	1459	1519	1510	1492	1462	1464	1526	1545	1480	1507	1522	1516	1507	1558	1458	1463	1493	1507	1495	1500	1472	1486	1494	1436	1468	1470	1513	1482	1427	1495	1482	1494	1496	1561	1494	1519	1527	1529	1464	1482	1523	1462	1528	1447	1481	1499	1431	1516	1478	1450	1509	1507	1469	1452	1501	1481	1500	1494	1172.343177
1553	1527	1560	1529	1490	1513	1651	1682	1654	1541	1575	1549	1529	1573	1540	1549	1518	1523	1506	1532	1518	1472	1519	1507	1543	1522	1530	1517	1558	1522	1545	1544	1460	1566	1502	1539	1518	1565	1486	1542	1516	1504	1520	1521	1518	1522	1528	1516	1503	1512	1522	1499	1471	1538	1520	1525	1522	1505	1521	1556	1529	1524	1500	1515	1540	1508	1433	1501	1490	1537	1510	1516	1488	1554	1508	1519	1516	1505	1515	1523	1551	1517	1505	1520	1500	1490	1530	1460	1480	1511	1482	1512	1559	1472	1471	1487	1175.031614
1563	1569	1585	1565	1589	1586	1706	1688	1700	1545	1595	1579	1564	1579	1548	1578	1597	1589	1558	1552	1553	1558	1605	1550	1546	1509	1545	1564	1575	1542	1483	1585	1556	1580	1588	1614	1538	1558	1568	1553	1517	1527	1562	1568	1536	1567	1568	1590	1530	1586	1506	1527	1537	1560	1604	1538	1523	1554	1555	1582	1536	1527	1575	1518	1576	1517	1486	1546	1565	1581	1540	1535	1546	1576	1540	1500	1631	1554	1556	1588	1578	1575	1566	1522	1544	1498	1568	1549	1578	1589	1485	1532	1575	1547	1576	1544	1177.705435
1583	1595	1602	1594	1568	1574	1753	1718	1700	1566	1643	1622	1607	1590	1593	1629	1599	1632	1572	1567	1588	1540	1567	1542	1559	1575	1573	1588	1601	1614	1585	1561	1581	1630	1551	1591	1591	1574	1578	1638	1615	1525	1604	1589	1575	1605	1563	1566	1549	1600	1602	1574	1581	1595	1600	1565	1608	1630	1577	1566	1562	1583	1588	1629	1637	1587	1584	1543	1554	1578	1539	1633	1576	1538	1621	1551	1587	1569	1631	1581	1591	1602	1517	1547	1536	1557	1551	1567	1558	1590	1588	1572	1553	1568	1647	1611	1180.37802
1589	1612	1583	1616	1620	1617	1740	1727	1764	1589	1609	1600	1603	1549	1633	1608	1571	1628	1611	1610	1622	1591	1568	1565	1567	1563	1542	1565	1578	1564	1608	1629	1569	1611	1582	1612	1590	1598	1610	1589	1549	1518	1592	1563	1599	1593	1579	1550	1584	1561	1586	1553	1570	1587	1577	1567	1589	1549	1556	1582	1534	1604	1572	1604	1584	1616	1574	1614	1559	1572	1528	1589	1581	1570	1563	1578	1564	1598	1632	1634	1616	1572	1552	1587	1589	1599	1562	1562	1561	1597	1563	1603	1578	1558	1528	1565	1183.049369
1550	1525	1551	1514	1617	1551	1723	1699	1716	1612	1552	1539	1546	1558	1554	1581	1592	1538	1571	1599	1524	1527	1559	1552	1540	1539	1532	1545	1561	1608	1633	1520	1490	1554	1572	1577	1511	1561	1525	1524	1575	1619	1586	1540	1578	1549	1541	1564	1545	1562	1544	1590	1518	1573	1520	1549	1568	1558	1562	1567	1504	1548	1569	1602	1521	1579	1547	1564	1519	1573	1535	1523	1572	1570	1523	1532	1531	1534	1532	1512	1581	1559	1538	1538	1515	1544	1592	1540	1554	1543	1583	1549	1579	1576	1557	1568	1185.719485
1539	1582	1544	1549	1583	1558	1696	1658	1695	1575	1589	1526	1549	1522	1549	1566	1576	1594	1564	1573	1557	1535	1514	1536	1536	1520	1571	1551	1548	1542	1541	1524	1496	1532	1557	1558	1504	1560	1543	1566	1521	1589	1533	1539	1552	1518	1509	1567	1519	1518	1503	1556	1540	1533	1560	1568	1619	1548	1547	1550	1534	1494	1550	1568	1579	1552	1564	1507	1532	1500	1556	1513	1509	1507	1532	1513	1559	1509	1570	1533	1524	1511	1468	1569	1607	1553	1517	1502	1544	1539	1527	1567	1511	1562	1559	1503	1188.375025
1486	1582	1552	1576	1535	1529	1698	1683	1716	1585	1528	1590	1586	1573	1555	1555	1638	1569	1588	1568	1531	1530	1526	1537	1586	1571	1536	1570	1561	1528	1565	1582	1519	1587	1549	1616	1578	1576	1537	1532	1560	1556	1560	1533	1537	1551	1610	1501	1526	1565	1525	1536	1551	1551	1554	1555	1542	1494	1497	1539	1511	1544	1501	1531	1582	1497	1530	1530	1515	1571	1605	1530	1550	1554	1547	1524	1557	1510	1573	1527	1556	1524	1520	1489	1524	1547	1541	1562	1549	1532	1553	1541	1534	1519	1553	1526	1191.042679
1533	1556	1563	1577	1606	1571	1720	1751	1659	1539	1547	1616	1571	1536	1517	1554	1628	1539	1521	1570	1557	1565	1545	1551	1518	1568	1566	1535	1575	1547	1498	1585	1523	1547	1556	1521	1552	1534	1526	1510	1567	1523	1519	1556	1602	1557	1502	1580	1542	1514	1533	1528	1529	1532	1548	1561	1571	1506	1544	1559	1527	1514	1573	1490	1533	1509	1553	1529	1515	1532	1490	1492	1547	1538	1563	1544	1551	1482	1545	1533	1573	1510	1552	1505	1507	1522	1581	1551	1546	1516	1534	1557	1567	1550	1533	1538	1193.709102
1565	1534	1598	1568	1565	1531	1698	1691	1692	1574	1622	1515	1536	1546	1597	1581	1541	1579	1561	1573	1528	1554	1544	1528	1520	1562	1512	1516	1501	1504	1562	1581	1551	1543	1584	1572	1525	1539	1542	1601	1596	1545	1577	1575	1571	1518	1535	1529	1599	1568	1554	1536	1526	1540	1550	1560	1570	1497	1558	1542	1547	1530	1542	1584	1474	1528	1523	1519	1527	1545	1559	1545	1512	1553	1549	1511	1531	1580	1544	1571	1554	1514	1622	1543	1575	1516	1512	1567	1504	1523	1572	1544	1521	1503	1568	1563	1196.360971
1598	1558	1522	1538	1590	1537	1669	1683	1705	1600	1569	1570	1526	1563	1583	1597	1588	1580	1537	1563	1552	1512	1497	1548	1567	1555	1550	1510	1536	1554	1558	1527	1558	1554	1536	1534	1532	1500	1513	1566	1583	1554	1540	1549	1590	1511	1509	1494	1541	1530	1519	1559	1514	1549	1512	1536	1565	1520	1553	1573	1553	1563	1541	1513	1571	1554	1496	1525	1498	1504	1505	1492	1539	1506	1500	1533	1576	1536	1554	1530	1594	1533	1500	1484	1499	1525	1550	1518	1506	1523	1512	1513	1565	1569	1581	1555	1199.024939
1539	1571	1549	1631	1510	1573	1665	1661	1718	1559	1528	1571	1502	1529	1552	1556	1561	1516	1583	1605	1581	1542	1548	1533	1510	1537	1542	1509	1551	1513	1521	1526	1539	1518	1510	1538	1532	1517	1532	1531	1563	1524	1511	1508	1522	1493	1497	1539	1491	1529	1521	1540	1555	1523	1512	1542	1549	1565	1519	1541	1485	1490	1526	1554	1500	1465	1553	1508	1507	1498	1483	1475	1480	1549	1491	1507	1528	1555	1531	1526	1528	1544	1555	1527	1520	1539	1517	1524	1500	1546	1498	1533	1557	1499	1531	1541	1201.674367
1527	1524	1506	1465	1563	1548	1683	1685	1618	1558	1541	1535	1530	1601	1497	1542	1572	1535	1494	1576	1528	1489	1464	1487	1524	1547	1498	1553	1503	1527	1494	1536	1513	1526	1552	1525	1513	1549	1544	1514	1559	1512	1545	1542	1493	1468	1528	1513	1527	1513	1520	1489	1537	1500	1498	1460	1505	1512	1532	1483	1483	1529	1500	1483	1495	1484	1474	1527	1528	1499	1513	1522	1510	1543	1485	1544	1490	1462	1535	1521	1514	1506	1501	1523	1491	1524	1548	1480	1527	1510	1521	1539	1517	1562	1536	1526	1204.322578
1498	1487	1502	1544	1481	1554	1665	1669	1642	1547	1499	1509	1490	1486	1470	1484	1507	1533	1563	1518	1512	1482	1488	1516	1448	1426	1479	1483	1528	1463	1433	1485	1536	1469	1523	1463	1526	1511	1485	1506	1552	1468	1474	1530	1497	1474	1508	1454	1517	1488	1469	1495	1514	1530	1524	1502	1476	1513	1486	1464	1466	1489	1465	1499	1509	1455	1506	1440	1489	1476	1549	1444	1482	1464	1531	1458	1498	1526	1488	1468	1514	1489	1494	1549	1479	1467	1493	1520	1456	1463	1484	1448	1473	1479	1480	1486	1206.969574
1477	1499	1495	1480	1487	1456	1555	1565	1623	1494	1502	1508	1473	1455	1485	1539	1468	1510	1505	1471	1440	1473	1502	1457	1439	1466	1531	1478	1501	1493	1494	1419	1480	1448	1453	1466	1471	1479	1432	1503	1495	1498	1511	1505	1500	1452	1454	1450	1500	1477	1479	1443	1453	1469	1435	1527	1509	1424	1486	1468	1479	1444	1480	1475	1495	1433	1473	1524	1405	1448	1493	1511	1444	1537	1451	1489	1422	1508	1461	1457	1444	1499	1457	1481	1460	1446	1466	1432	1479	1462	1469	1472	1436	1498	1461	1420	1209.628648
1479	1482	1456	1420	1489	1501	1611	1612	1580	1489	1453	1500	1438	1464	1472	1468	1478	1534	1504	1554	1481	1458	1500	1493	1460	1454	1430	1465	1452	1464	1503	1447	1448	1467	1461	1524	1493	1431	1449	1462	1452	1473	1472	1500	1475	1460	1416	1469	1392	1428	1452	1464	1388	1430	1525	1491	1456	1450	1452	1477	1402	1421	1448	1462	1437	1512	1457	1456	1485	1447	1454	1449	1494	1441	1437	1453	1415	1492	1430	1465	1495	1438	1470	1463	1437	1446	1451	1450	1480	1455	1471	1453	1477	1408	1456	1460	1212.273209
1442	1460	1480	1448	1482	1439	1606	1587	1593	1452	1469	1484	1478	1483	1457	1485	1474	1462	1475	1460	1505	1457	1410	1401	1475	1449	1452	1453	1445	1464	1435	1417	1450	1489	1487	1507	1483	1434	1446	1427	1456	1437	1429	1404	1454	1455	1408	1414	1419	1451	1435	1407	1436	1467	1473	1452	1456	1435	1466	1409	1438	1446	1459	1467	1474	1411	1427	1442	1404	1436	1446	1451	1467	1445	1435	1432	1443	1460	1429	1451	1465	1426	1471	1405	1439	1432	1444	1450	1412	1434	1450	1453	1436	1471	1444	1474	1214.916558
1425	1465	1447	1510	1471	1441	1587	1579	1585	1491	1475	1482	1425	1482	1461	1467	1447	1478	1414	1456	1485	1455	1460	1480	1471	1439	1454	1440	1416	1445	1394	1409	1462	1482	1432	1444	1468	1478	1462	1490	1419	1417	1444	1437	1431	1437	1462	1453	1453	1457	1437	1446	1438	1467	1483	1486	1447	1461	1493	1424	1454	1453	1486	1469	1387	1499	1472	1440	1429	1443	1442	1409	1446	1462	1491	1445	1399	1440	1423	1435	1441	1452	1467	1405	1421	1466	1444	1462	1428	1439	1425	1465	1444	1489	1432	1447	1217.54542
1474	1420	1455	1507	1454	1468	1591	1634	1596	1482	1497	1480	1455	1478	1451	1561	1491	1462	1453	1469	1493	1478	1429	1420	1457	1488	1443	1442	1489	1486	1447	1479	1422	1464	1497	1399	1510	1480	1472	1495	1407	1431	1452	1448	1413	1438	1446	1458	1502	1446	1500	1462	1478	1438	1417	1443	1451	1466	1456	1471	1468	1439	1457	1464	1466	1425	1451	1458	1434	1466	1411	1405	1496	1454	1408	1473	1433	1447	1439	1447	1445	1424	1407	1455	1406	1441	1411	1417	1472	1441	1444	1431	1418	1463	1460	1382	1220.186351
1459	1424	1463	1466	1490	1408	1587	1550	1562	1501	1464	1485	1438	1440	1449	1482	1487	1439	1445	1493	1463	1422	1464	1412	1395	1458	1460	1482	1445	1444	1448	1463	1447	1444	1453	1489	1424	1464	1456	1399	1406	1463	1493	1458	1508	1455	1454	1400	1488	1476	1470	1415	1417	1443	1428	1399	1485	1490	1491	1433	1430	1430	1436	1448	1486	1458	1418	1436	1421	1426	1410	1443	1447	1441	1446	1498	1825	1411	1409	1454	1444	1390	1444	1445	1415	1421	1439	1450	1458	1461	1434	1438	1450	1488	1428	1450	1222.826072
1469	1506	1444	1463	1458	1496	1587	1583	1642	1430	1487	1495	1475	1475	1472	1469	1499	1476	1481	1502	1514	1443	1446	1513	1422	1445	1465	1462	1433	1425	1481	1410	1439	1468	1479	1453	1450	1449	1442	1449	1425	1466	1451	1462	1448	1458	1468	1450	1440	1463	1445	1462	1476	1475	1455	1461	1447	1484	1482	1441	1475	1459	1482	1435	1463	1434	1455	1417	1465	1447	1448	1450	1419	1436	1448	1457	6564	1450	1465	1438	1449	1471	1479	1429	1442	1445	1408	1471	1444	1447	1497	1397	1480	1470	1471	1463	1225.464583
1525	1494	1475	1457	1475	1437	1668	1603	1630	1449	1489	1534	1441	1447	1525	1520	1521	1525	1482	1495	1497	1478	1503	1453	1495	1511	1467	1454	1500	1472	1480	1491	1512	1483	1481	1482	1430	1474	1449	1455	1472	1442	1453	1468	1469	1444	1470	1472	1475	1469	1459	1497	1432	1461	1502	1486	1440	1484	1435	1464	1436	1438	1508	1448	1445	1437	1462	1456	1496	1451	1433	1486	1416	1490	1456	1473	1504	1444	1462	1461	1452	1458	1504	1472	1457	1474	1454	1486	1440	1474	1496	1513	1448	1483	1452	1466	1228.088636
1446	1499	1520	1481	1509	1496	1582	1600	1599	1511	1456	1465	1475	1454	1459	1506	1514	1485	1493	1460	1498	1511	1482	1458	1508	1446	1498	1501	1466	1462	1488	1497	1500	1513	1483	1485	1496	1509	1452	1495	1517	1489	1495	1463	1455	1458	1491	1507	1483	1476	1467	1543	1436	1474	1522	1488	1524	1454	1451	1415	1454	1512	1431	1487	1489	1485	1482	1507	1459	1508	1476	1494	1430	1424	1412	1448	1485	1451	1455	1501	1480	1500	1461	1481	1464	1419	1498	1491	1463	1495	1450	1455	1471	1502	1427	1489	1230.724736
1523	1537	1519	1490	1482	1518	1619	1628	1685	1517	1486	1527	1492	1461	1495	1493	1530	1471	1530	1503	1542	1500	1470	1468	1521	1516	1449	1496	1511	1455	1470	1470	1522	1493	1483	1508	1460	1514	1510	1544	1508	1529	1482	1512	1529	1444	1511	1486	1528	1463	1510	1464	1509	1461	1467	1505	1484	1514	1501	1472	1483	1464	1440	1504	1495	1469	1509	1461	1475	1495	1462	1470	1467	1467	1514	1482	1491	1545	1528	1472	1460	1498	1513	1468	1495	1463	1511	1502	1482	1475	1440	1457	1501	1525	1473	1526	1233.346392
1513	1541	1528	1496	1488	1492	1701	1638	1653	1562	1534	1501	1517	1424	1476	1522	1543	1578	1584	1515	1564	1539	1439	1525	1529	1511	1518	1487	1479	1455	1552	1499	1507	1526	1549	1480	1537	1492	1522	1528	1509	1495	1526	1459	1525	1506	1505	1557	1472	1504	1524	1510	1464	1507	1514	1520	1518	1480	1480	1503	1464	1489	1525	1492	1535	1544	1533	1532	1469	1525	1494	1496	1501	1514	1456	1521	1508	1456	1484	1554	1517	1468	1514	1482	1490	1479	1491	1458	1490	1493	1499	1501	1523	1493	1544	1488	1235.966854
1532	1542	1504	1528	1530	1544	1646	1599	1634	1545	1580	1520	1476	1514	1503	1552	1500	1537	1525	1522	1516	1450	1510	1511	1509	1500	1497	1514	1495	1506	1511	1488	1498	1534	1540	1552	1514	1551	1540	1546	1568	1510	1503	1528	1530	1501	1575	1496	1492	1420	1479	1475	1484	1490	1517	1500	1520	1542	1529	1485	1469	1476	1487	1534	1500	1492	1492	1495	1449	1495	1508	1499	1509	1506	1476	1459	1488	1485	1544	1543	1503	1509	1479	1569	1421	1530	1517	1486	1528	1523	1546	1550	1501	1511	1499	1524	1238.599348
1485	1534	1491	1513	1497	1528	1612	1626	1642	1560	1527	1516	1453	1512	1481	1550	1490	1525	1528	1523	1520	1486	1476	1491	1501	1476	1484	1512	1556	1528	1536	1516	1487	1519	1515	1545	1497	1551	1554	1481	1456	1478	1544	1522	1504	1446	1488	1475	1453	1497	1470	1489	1520	1505	1547	1499	1492	1527	1517	1519	1484	1470	1522	1545	1534	1519	1509	1508	1518	1546	1485	1494	1470	1460	1494	1493	1485	1495	1495	1519	1490	1519	1542	1501	1453	1488	1477	1488	1443	1486	1527	1516	1496	1505	1464	1526	1241.217417
1527	1503	1469	1540	1506	1465	1604	1678	1665	1550	1525	1544	1510	1507	1483	1494	1498	1485	1524	1533	1550	1508	1462	1511	1505	1535	1485	1483	1512	1546	1544	1506	1452	1526	1475	1488	1497	1519	1516	1457	1486	1465	1500	1525	1451	1456	1482	1506	1486	1533	1450	1508	1496	1481	1506	1489	1521	1521	1478	1494	1488	1509	1540	1511	1484	1473	1483	1515	1450	1517	1515	1483	1474	1512	1525	1461	1466	1510	1510	1501	1503	1491	1456	1464	1473	1496	1538	1476	1531	1539	1476	1491	1485	1470	1504	1442	1243.834295
1531	1461	1509	1500	1490	1511	1656	1630	1641	1494	1594	1487	1513	1466	1507	1528	1506	1522	1518	1505	1515	1501	1569	1509	1460	1515	1463	1513	1501	1491	1512	1492	1482	1517	1501	1520	1482	1522	1549	1480	1539	1473	1448	1507	1475	1508	1471	1492	1511	1495	1532	1517	1514	1482	1544	1517	1550	1500	1464	1516	1491	1444	1491	1526	1448	1482	1454	1448	1474	1553	1460	1496	1458	1503	1471	1438	1501	1514	1504	1523	1495	1466	1473	1486	1503	1508	1521	1463	1497	1469	1497	1463	1489	1507	1502	1491	1246.449982
1490	1456	1524	1490	1517	1546	1663	1636	1665	1535	1464	1568	1501	1492	1529	1570	1504	1479	1518	1521	1562	1483	1489	1474	1455	1494	1496	1470	1481	1453	1525	1431	1475	1525	1533	1506	1525	1490	1537	1533	1517	1496	1456	1477	1497	1460	1487	1482	1496	1429	1505	1516	1541	1473	1437	1459	1501	1516	1524	1474	1461	1507	1450	1512	1496	1513	1506	1514	1439	1446	1460	1511	1470	1500	1512	1494	1509	1498	1497	1482	1487	1471	1493	1474	1445	1485	1487	1484	1489	1532	1511	1482	1488	1479	1489	1492	1249.064479
1509	1473	1530	1524	1496	1519	1641	1593	1609	1550	1518	1513	1484	1443	1528	1468	1500	1473	1557	1517	1510	1521	1483	1511	1520	1496	1479	1450	1497	1493	1522	1517	1491	1487	1526	1506	1511	1528	1556	1542	1483	1485	1519	1493	1531	1551	1440	1482	1517	1505	1453	1502	1488	1496	1482	1519	1496	1467	1479	1539	1544	1510	1481	1514	1519	1483	1466	1449	1479	1488	1467	1455	1479	1517	1516	1476	1436	1489	1505	1455	1530	1517	1505	1498	1498	1503	1495	1490	1485	1438	1560	1507	1485	1516	1480	1458	1251.664591
1509	1496	1516	1526	1525	1496	1615	1635	1652	1493	1507	1527	1517	1508	1508	1485	1542	1587	1517	1485	1493	1481	1536	1483	1496	1500	1535	1534	1534	1486	1459	1476	1468	1512	1520	1546	1497	1521	1523	1490	1510	1528	1508	1532	1492	1501	1523	1504	1482	1481	1527	1509	1520	1480	1523	1526	1527	1505	1529	1441	1498	1481	1498	1549	1526	1499	1538	1502	1513	1460	1492	1481	1500	1503	1493	1465	1497	1507	1467	1476	1517	1479	1490	1494	1495	1515	1492	1494	1496	1510	1528	1513	1531	1531	1438	1516	1254.276716
1508	1560	1557	1537	1516	1524	1665	1633	1687	1503	1545	1552	1523	1495	1529	1534	1557	1513	1581	1536	1484	1489	1539	1558	1571	1508	1542	1500	1566	1477	1531	1486	1495	1500	1524	1490	1544	1520	1506	1525	1544	1547	1498	1509	1510	1557	1550	1510	1531	1534	1493	1460	1491	1491	1608	1524	1488	1572	1518	1514	1513	1496	1499	1515	1501	1575	1517	1520	1497	1501	1529	1487	1563	1535	1525	1473	1546	1533	1525	1534	1533	1500	1530	1495	1500	1514	1464	1494	1511	1493	1482	1489	1537	1550	1502	1540	1256.887653
1556	1589	1568	1606	1526	1544	1647	1655	1687	1550	1566	1591	1571	1509	1572	1562	1589	1552	1548	1611	1541	1547	1547	1533	1537	1486	1527	1521	1526	1517	1549	1552	1533	1618	1547	1579	1552	1540	1527	1541	1532	1542	1532	1536	1539	1529	1533	1554	1542	1522	1555	1565	1567	1536	1554	1598	1514	1522	1517	1523	1542	1531	1555	1548	1581	1574	1491	1510	1537	1552	1571	1529	1503	1520	1551	1508	1582	1571	1531	1537	1536	1517	1507	1522	1553	1520	1581	1531	1534	1538	1524	1509	1547	1532	1553	1483	1259.484226
1564	1549	1603	1561	1557	1581	1676	1703	1716	1632	1561	1590	1577	1558	1583	1623	1614	1594	1602	1627	1614	1592	1548	1536	1538	1538	1538	1566	1586	1596	1563	1585	1554	1569	1596	1619	1580	1543	1599	1588	1567	1564	1594	1605	1560	1559	1575	1532	1563	1570	1568	1503	1581	1545	1592	1595	1565	1553	1530	1547	1581	1604	1558	1601	1550	1549	1544	1572	1564	1500	1583	1564	1574	1568	1563	1519	1588	1532	1605	1559	1598	1546	1530	1589	1577	1561	1577	1584	1571	1551	1562	1572	1602	1599	1569	1564	1262.092796
1557	1582	1572	1573	1625	1573	1753	1713	1664	1588	1610	1631	1530	1559	1547	1585	1624	1534	1569	1586	1574	1624	1511	1543	1621	1579	1570	1589	1629	1583	1571	1597	1548	1595	1581	1553	1548	1615	1636	1592	1621	1577	1627	1589	1602	1592	1542	1567	1569	1597	1572	1539	1551	1616	1577	1586	1580	1527	1607	1647	1599	1599	1562	1536	1608	1581	1611	1532	1595	1551	1568	1566	1521	1568	1600	1583	1573	1576	1599	1588	1603	1566	1571	1539	1600	1594	1580	1542	1583	1542	1554	1532	1542	1553	1599	1529	1264.687015
1532	1589	1578	1575	1618	1538	1703	1675	1702	1603	1577	1579	1605	1527	1568	1566	1563	1606	1546	1563	1505	1572	1583	1622	1580	1553	1532	1577	1586	1586	1536	1549	1599	1576	1603	1576	1564	1583	1559	1601	1582	1595	1556	1596	1611	1560	1565	1544	1565	1516	1573	1584	1576	1577	1610	1548	1561	1556	1501	1584	1576	1545	1574	1569	1571	1583	1546	1550	1550	1581	1531	1524	1565	1609	1532	1591	1596	1539	1551	1599	1607	1572	1585	1604	1549	1567	1552	1594	1575	1583	1568	1549	1561	1549	1553	1577	1267.293222
1522	1566	1574	1571	1523	1557	1687	1682	1683	1583	1567	1619	1547	1565	1533	1529	1541	1553	1572	1586	1591	1536	1557	1510	1564	1592	1535	1568	1608	1653	1517	1521	1568	1499	1545	1556	1577	1571	1525	1547	1540	1572	1568	1583	1579	1528	1563	1531	1500	1507	1557	1569	1537	1494	1548	1590	1591	1565	1561	1576	1546	1562	1528	1544	1557	1547	1530	1543	1540	1532	1546	1531	1519	1555	1528	1570	1557	1560	1599	1604	1523	1535	1568	1517	1558	1525	1567	1552	1597	1510	1511	1574	1537	1524	1578	1573	1269.885091
1519	1593	1510	1546	1528	1494	1678	1634	1612	1510	1541	1540	1535	1541	1578	1542	1598	1524	1542	1549	1525	1489	1532	1498	1532	1512	1553	1522	1533	1511	1495	1515	1544	1512	1531	1513	1534	1556	1541	1552	1506	1494	1549	1553	1532	1495	1476	1513	1523	1493	1520	1514	1499	1512	1519	1581	1513	1527	1544	1548	1546	1505	1493	1560	1539	1543	1543	1529	1492	1546	1521	1508	1534	1533	1502	1526	1565	1514	1493	1520	1506	1557	1523	1547	1540	1509	1533	1524	1540	1514	1532	1519	1502	1510	1519	1522	1272.475789
1494	1478	1489	1507	1532	1531	1605	1633	1564	1472	1529	1544	1520	1502	1495	1499	1566	1521	1543	1485	1559	1481	1536	1517	1495	1525	1510	1500	1514	1483	1489	1522	1485	1515	1516	1556	1487	1554	1442	1469	1487	1503	1471	1513	1513	1477	1550	1480	1522	1521	1476	1457	1469	1450	1535	1509	1519	1499	1444	1520	1496	1442	1459	1508	1506	1456	1494	1465	1517	1497	1472	1485	1447	1480	1397	1504	1488	1492	1500	1461	1444	1498	1527	1484	1460	1460	1474	1470	1514	1460	1494	1467	1459	1496	1469	1519	1275.065317
1475	1433	1521	1490	1480	1474	1609	1589	1582	1439	1496	1503	1472	1408	1455	1519	1562	1455	1458	1487	1498	1493	1497	1439	1485	1445	1457	1482	1508	1497	1484	1480	1456	1479	1474	1454	1487	1504	1468	1458	1483	1489	1549	1474	1456	1499	1449	1480	1442	1458	1478	1446	1400	1493	1483	1460	1449	1473	1490	1493	1446	1430	1507	1517	1496	1407	1504	1461	1495	1452	1486	1479	1450	1451	1447	1503	1525	1473	1487	1483	1464	1446	1488	1495	1420	1498	1491	1446	1479	1444	1484	1433	1472	1524	1461	1463	1277.653676
1479	1497	1454	1509	1444	1512	1575	1585	1592	1470	1455	1529	1464	1479	1477	1524	1501	1489	1453	1500	1436	1445	1442	1444	1454	1451	1412	1473	1429	1461	1460	1457	1441	1473	1478	1481	1461	1483	1471	1443	1419	1486	1441	1431	1403	1456	1450	1413	1428	1513	1463	1448	1384	1454	1457	1503	1457	1455	1437	1494	1482	1446	1418	1480	1506	1492	1438	1434	1411	1415	1453	1492	1435	1468	1430	1456	1504	1431	1460	1421	1489	1481	1453	1493	1431	1441	1428	1474	1450	1440	1453	1434	1432	1453	1435	1425	1280.240866
1491	1465	1467	1447	1435	1457	1610	1539	1604	1442	1474	1443	1434	1473	1464	1468	1476	1443	1439	1438	1430	1441	1514	1411	1493	1455	1485	1449	1466	1465	1425	1446	1467	1459	1494	1451	1494	1435	1443	1483	1459	1465	1466	1441	1434	1494	1443	1457	1442	1482	1497	1454	1448	1490	1445	1459	1435	1450	1456	1480	1473	1425	1415	1475	1434	1440	1432	1461	1470	1408	1434	1406	1481	1463	1444	1436	1449	1439	1459	1457	1445	1432	1436	1443	1467	1440	1429	1401	1455	1442	1430	1481	1432	1489	1451	1452	1282.826889
1430	1457	1425	1452	1426	1449	1537	1560	1576	1487	1466	1495	1450	1459	1408	1478	1492	1461	1474	1467	1453	1454	1463	1464	1434	1466	1459	1460	1430	1398	1437	1404	1467	1456	1449	1470	1411	1401	1430	1434	1426	1453	1401	1452	1497	1438	1428	1468	1478	1438	1459	1418	1412	1486	1442	1456	1440	1465	1415	1439	1406	1472	1457	1479	1467	1458	1400	1443	1469	1443	1433	1423	1450	1441	1440	1464	1421	1461	1465	1431	1483	1425	1418	1441	1452	1426	1437	1475	1417	1422	1410	1445	1423	1455	1403	1414	1285.411744
1429	1421	1500	1478	1445	1468	1585	1566	1583	1508	1423	1484	1459	1466	1453	1494	1524	1481	1461	1440	1451	1465	1425	1421	1429	1421	1422	1488	1447	1433	1470	1464	1459	1488	1528	1462	1444	1481	1438	1435	1474	1479	1445	1483	1449	1425	1438	1472	1455	1420	1498	1488	1454	1427	1422	1465	1456	1481	1456	1443	1456	1422	1396	1421	1427	1429	1375	1466	1419	1528	1451	1421	1456	1443	1411	1484	1454	1395	1428	1446	1442	1438	1462	1450	1447	1492	1462	1464	1446	1458	1485	1422	1465	1442	1454	1452	1287.982321
1485	1491	1446	1435	1447	1430	1594	1594	1582	1442	1475	1447	1444	1471	1424	1496	1466	1479	1474	1399	1505	1445	1452	1496	1493	1512	1480	1445	1466	1443	1463	1456	1468	1437	1457	1450	1477	1416	1458	1483	1480	1428	1475	1392	1492	1446	1410	1435	1457	1462	1483	1431	1456	1465	1459	1436	1434	1417	1471	1466	1449	1394	1431	1459	1474	1471	1470	1447	1484	1429	1459	1435	1401	1412	1449	1419	1504	1469	1455	1462	1442	1461	1415	1461	1471	1399	1411	1441	1433	1412	1464	1416	1451	1422	1401	1467	1290.564851
1424	1456	1462	1486	1479	1444	1598	1586	1552	1489	1476	1441	1403	1435	1477	1491	1532	1473	1458	1476	1466	1464	1450	1461	1422	1439	1391	1467	1445	1449	1492	1444	1399	1515	1479	1489	1456	1491	1424	1438	1446	1485	1495	1470	1418	1460	1459	1423	1452	1440	1462	1392	1472	1464	1467	1452	1500	1436	1418	1434	1439	1419	1469	1476	1470	1413	1446	1427	1401	1454	1442	1399	1491	1444	1439	1472	1469	1480	1487	1460	1493	1423	1449	1428	1452	1465	1436	1408	1441	1407	1426	1445	1446	1432	1465	1439	1293.133115
1482	1468	1490	1494	1459	1457	1603	1634	1570	1511	1497	1479	1455	1420	1490	1515	1496	1468	1506	1474	1474	1478	1445	1463	1452	1446	1435	1427	1435	1446	1466	1387	1454	1478	1422	1482	1480	1412	1441	1457	1433	1494	1488	1441	1498	1419	1441	1435	1446	1474	1441	1483	1505	1474	1468	1446	1496	1444	1456	1438	1417	1487	1467	1480	1489	1440	1472	1397	1447	1455	1437	1459	1447	1404	1425	1418	1441	1467	1456	1510	1506	1449	1459	1454	1454	1469	1450	1491	1474	1449	1462	1466	1488	1478	1461	1452	1295.713322
1483	1480	1439	1498	1449	1442	1571	1621	1590	1495	1471	1477	1429	1443	1450	1441	1512	1483	1453	1531	1502	1438	1442	1433	1483	1448	1441	1426	1472	1465	1449	1459	1439	1497	1457	1469	1462	1445	1470	1490	1470	1453	1455	1486	1461	1468	1445	1463	1448	1438	1435	1421	1437	1488	1476	1496	1488	1467	1479	1459	1440	1433	1494	1436	1422	1464	1472	1469	1448	1424	1481	1430	1483	1437	1451	1437	1414	1463	1432	1481	1461	1436	1423	1473	1417	1441	1437	1534	1448	1470	1448	1448	1424	1440	1433	1406	1298.279278
1450	1507	1473	1427	1435	1512	1588	1616	1587	1464	1505	1474	1523	1510	1491	1498	1534	1503	1473	1453	1478	1477	1415	1473	1470	1446	1466	1487	1456	1475	1420	1482	1484	1495	1490	1502	1466	1465	1471	1436	1476	1454	1452	1496	1483	1469	1477	1482	1476	1460	1519	1447	1416	1458	1452	1491	1480	1440	1486	1442	1443	1438	1454	1388	1490	1504	1474	1463	1426	1499	1496	1486	1432	1474	1423	1475	1449	1416	1460	1453	1463	1475	1412	1481	1438	1491	1442	1494	1483	1437	1504	1475	1452	1469	1452	1448	1300.857166
1534	1472	1473	1474	1442	1500	1614	1606	1585	1481	1502	1503	1486	1473	1434	1473	1510	1513	1448	1523	1427	1481	1465	1482	1424	1489	1435	1478	1454	1445	1486	1487	1449	1431	1497	1471	1468	1459	1481	1448	1439	1465	1518	1485	1441	1445	1447	1456	1455	1474	1518	1477	1416	1471	1478	1433	1465	1480	1498	1464	1408	1433	1425	1465	1505	1467	1465	1466	1457	1474	1468	1447	1414	1427	1471	1471	1489	1451	1447	1475	1471	1422	1449	1510	1447	1490	1452	1468	1402	1511	1454	1428	1452	1434	1481	1480	1303.420815
1539	1489	1503	1476	1443	1460	1609	1588	1540	1461	1437	1522	1459	1424	1485	1493	1502	1511	1484	1477	1469	1466	1464	1545	1449	1471	1436	1469	1479	1485	1513	1480	1441	1499	1480	1422	1419	1525	1459	1487	1473	1494	1417	1482	1498	1462	1473	1500	1432	1409	1469	1439	1484	1443	1444	1468	1485	1478	1457	1494	1430	1434	1472	1477	1443	1514	1476	1427	1481	1400	1469	1503	1447	1472	1375	1482	1475	1474	1501	1495	1516	1466	1489	1486	1438	1472	1469	1431	1482	1486	1427	1424	1467	1450	1451	1516	1305.983315
1479	1453	1429	1481	1475	1485	1562	1524	1552	1501	1457	1486	1469	1449	1464	1501	1463	1504	1523	1542	1484	1444	1448	1464	1462	1431	1425	1470	1482	1483	1457	1461	1440	1490	1490	1430	1450	1472	1430	1469	1479	1462	1489	1496	1461	1439	1416	1473	1442	1509	1446	1423	1445	1416	1518	1501	1440	1477	1469	1451	1427	1453	1398	1454	1419	1420	1404	1438	1502	1453	1508	1473	1421	1433	1455	1448	1444	1454	1437	1465	1478	1475	1491	1450	1432	1430	1481	1382	1441	1491	1449	1448	1464	1434	1434	1518	1308.544668
1456	1500	1490	1471	1501	1478	1598	1611	1617	1523	1489	1440	1456	1360	1502	1508	1547	1533	1476	1470	1466	1468	1440	1501	1450	1437	1406	1466	1471	1472	1482	1457	1423	1451	1479	1478	1457	1470	1438	1454	1465	1458	1416	1481	1497	1419	1479	1460	1437	1484	1451	1468	1445	1443	1487	1479	1431	1463	1459	1469	1460	1405	1424	1489	1469	1461	1470	1433	1450	1408	1429	1397	1438	1430	1425	1477	1466	1502	1429	1461	1447	1454	1418	1452	1418	1455	1446	1498	1442	1450	1432	1454	1479	1462	1432	1425	1311.104873
1468	1480	1452	1517	1479	1468	1553	1558	1621	1461	1484	1508	1448	1452	1451	1517	1515	1498	1499	1530	1475	1438	1474	1468	1427	1499	1424	1426	1434	1511	1470	1455	1460	1512	1687	1452	1474	1443	1456	1439	1408	1468	1431	1429	1445	1467	1437	1511	1447	1483	1479	1444	1450	1420	1474	1522	1469	1471	1427	1487	1438	1458	1394	1463	1432	1451	1429	1440	1453	1418	1447	1449	1482	1482	1419	1459	1451	1435	1461	1472	1472	1468	1463	1451	1455	1441	1440	1474	1441	1470	1448	1475	1421	1434	1455	1424	1313.663931
1488	1435	1469	1468	1464	1434	1610	1661	1562	1482	1466	1464	1491	1464	1432	1471	1487	1489	1503	1518	1523	1466	1437	1454	1457	1517	1468	1471	1516	1464	1444	1473	1481	1477	2779	1481	1453	1454	1496	1439	1487	1493	1451	1494	1481	1461	1412	1433	1439	1481	1378	1502	1449	1498	1470	1457	1482	1464	1508	1513	1488	1423	1489	1461	1479	1440	1431	1495	1441	1433	1421	1450	1446	1449	1442	1498	1442	1433	1470	1466	1468	1462	1453	1415	1473	1420	1493	1414	1459	1488	1440	1416	1455	1514	1490	1476	1316.221843
1487	1467	1517	1447	1488	1491	1540	1582	1582	1445	1496	1447	1456	1476	1463	1534	1497	1501	1487	1522	1502	1469	1463	1467	1497	1442	1485	1449	1499	1496	1449	1481	1431	1454	1472	1520	1506	1451	1468	1484	1445	1482	1437	1433	1497	1426	1452	1493	1499	1417	1433	1445	1464	1476	1464	1471	1470	1509	1440	1440	1474	1426	1407	1421	1441	1483	1460	1436	1451	1408	1425	1466	1466	1444	1466	1485	1489	1477	1446	1502	1452	1455	1453	1453	1431	1435	1402	1448	1442	1451	1509	1478	1500	1475	1457	1470	1318.765569
1475	1525	1504	1480	1509	1442	1645	1564	1554	1479	1465	1509	1489	1412	1465	1467	1535	1496	1476	1507	1451	1461	1448	1450	1438	1495	1442	1501	1437	1439	1457	1445	1441	1447	1471	1414	1478	1469	1508	1437	1458	1464	1483	1455	1473	1430	1425	1486	1463	1484	1467	1442	1428	1461	1512	1461	1489	1459	1455	1476	1483	1469	1449	1467	1512	1452	1443	1416	1441	1479	1440	1481	1441	1472	1486	1432	1469	1431	1511	1402	1463	1458	1441	1428	1482	1438	1447	1492	1501	1448	1480	1436	1453	1444	1448	1471	1321.321197
1497	1453	1486	1455	1460	1449	1598	1567	1572	1517	1489	1502	1452	1470	1475	1477	1499	1494	1432	1489	1505	1470	1450	1497	1511	1455	1477	1485	1449	1447	1501	1444	1470	1430	1467	1497	1457	1490	1451	1463	1454	1468	1443	1460	1464	1437	1473	1447	1464	1430	1448	1484	1480	1438	1459	1454	1455	1454	1474	1468	1436	1423	1433	1462	1458	1433	1480	1460	1462	1427	1418	1467	1474	1480	1444	1446	1405	1458	1445	1465	1496	1426	1417	1442	1450	1475	1455	1475	1511	1381	1450	1495	1433	1491	1408	1456	1323.875682
1438	1540	1494	1444	1487	1445	1539	1583	1596	1484	1459	1470	1462	1469	1486	1471	1449	1500	1513	1503	1480	1465	1427	1436	1458	1437	1439	1403	1478	1486	1458	1510	1449	1483	1463	1474	1459	1461	1473	1493	1435	1479	1492	1440	1459	1455	1462	1472	1443	1477	1447	1470	1469	1448	1431	1462	1477	1462	1472	1384	1450	1411	1417	1483	1492	1475	1451	1442	1451	1451	1411	1419	1428	1428	1421	1452	1488	1428	1431	1487	1452	1440	1434	1458	1405	1445	1465	1455	1454	1492	1473	1450	1433	1475	1414	1431	1326.416001
1432	1495	1438	1420	1474	1484	1607	1593	1525	1486	1468	1499	1427	1422	1448	1452	1476	1454	1470	1464	1483	1441	1406	1457	1421	1405	1474	1436	1493	1464	1472	1442	1426	1439	1455	1456	1436	1439	1459	1441	1415	1444	1427	1433	1519	1416	1461	1478	1435	1476	1444	1466	1467	1457	1507	1459	1462	1445	1444	1471	1450	1428	1413	1448	1424	1454	1479	1460	1434	1467	1445	1431	1444	1459	1445	1439	1419	1470	1448	1495	1457	1460	1440	1442	1462	1432	1436	1465	1445	1426	1435	1403	1504	1441	1469	1459	1328.955188
1461	1519	1478	1514	1478	1491	1530	1607	1562	1475	1513	1433	1438	1458	1470	1492	1460	1472	1487	1484	1460	1449	1419	1458	1457	1451	1442	1439	1428	1456	1489	1504	1429	1460	1492	1404	1481	1454	1421	1469	1440	1465	1475	1468	1471	1439	1470	1444	1398	1421	1463	1427	1413	1428	1453	1477	1425	1465	1434	1465	1460	1429	1438	1463	1437	1462	1449	1429	1410	1464	1477	1422	1442	1425	1437	1405	1478	1418	1473	1444	1458	1488	1466	1396	1424	1428	1421	1476	1415	1443	1438	1470	1474	1482	1412	1482	1331.506259
1437	1448	1444	1459	1476	1485	1532	1574	1569	1452	1459	1475	1452	1442	1488	1471	1463	1486	1518	1453	1471	1486	1447	1461	1420	1386	1429	1436	1463	1445	1465	1484	1505	1495	1442	1416	1490	1438	1423	1458	1442	1491	1462	1478	1439	1399	1448	1445	1437	1442	1435	1431	1440	1434	1437	1468	1472	1490	1504	1424	1437	1441	1487	1492	1397	1457	1480	1431	1380	1424	1427	1453	1462	1429	1475	1466	1478	1409	1433	1419	1467	1446	1411	1403	1453	1467	1466	1467	1479	1455	1422	1499	1483	1439	1434	1464	1334.043182
1521	1468	1448	1466	1456	1447	1591	1610	1567	1506	1474	1471	1432	1456	1450	1467	1486	1453	1474	1446	1493	1431	1403	1416	1469	1441	1411	1429	1437	1446	1447	1421	1430	1499	1442	1485	1442	1469	1453	1452	1425	1435	1475	1447	1454	1466	1403	1437	1455	1464	1451	1429	1441	1414	1457	1454	1451	1437	1449	1491	1443	1377	1431	1469	1450	1459	1398	1427	1502	1431	1429	1400	1400	1436	1426	1427	1461	1440	1463	1449	1438	1422	1467	1418	1437	1448	1399	1428	1440	1465	1417	1432	1466	1492	1462	1432	1336.578977
1458	1457	1433	1476	1452	1432	1601	1545	1541	1460	1444	1493	1461	1417	1431	1469	1476	1441	1460	1561	1450	1464	1444	1437	1430	1447	1446	1427	1410	1485	1471	1456	1481	1478	1464	1485	1483	1422	1406	1471	1409	1479	1458	1459	1437	1433	1442	1370	1399	1442	1482	1438	1431	1430	1443	1429	1465	1434	1419	1408	1469	1446	1416	1421	1428	1413	1472	1465	1444	1399	1410	1429	1407	1459	1451	1454	1461	1437	1501	1444	1437	1462	1425	1399	1398	1474	1425	1457	1439	1463	1425	1424	1439	1463	1476	1425	1339.113645
1469	1451	1452	1495	1438	1463	1559	1548	1553	1457	1487	1501	1441	1412	1370	1427	1488	1474	1486	1464	1477	1453	1472	1435	1438	1519	1481	1465	1460	1439	1458	1427	1436	1496	1455	1394	1485	1453	1429	1468	1451	1467	1456	1430	1464	1447	1483	1414	1413	1519	1474	1413	1425	1430	1466	1469	1470	1527	1424	1445	1409	1453	1470	1434	1420	1444	1431	1429	1491	1472	1447	1477	1451	1455	1415	1466	1419	1452	1481	1457	1434	1465	1451	1437	1423	1451	1409	1482	1463	1448	1451	1436	1464	1443	1486	1430	1341.647186
1506	1442	1471	1483	1502	1488	1554	1564	1655	1438	1450	1477	1476	1458	1444	1515	1444	1454	1499	1507	1447	1433	1450	1406	1478	1429	1484	1388	1429	1431	1457	1468	1457	1493	1447	1502	1442	1478	1461	1465	1457	1460	1504	1465	1508	1433	1420	1430	1412	1509	1458	1386	1451	1496	1498	1439	1425	1463	1443	1441	1461	1509	1425	1448	1491	1441	1450	1438	1394	1464	1419	1450	1484	1430	1433	1409	1441	1456	1432	1449	1467	1426	1461	1402	1466	1457	1409	1473	1479	1439	1414	1455	1475	1480	1470	1446	1344.179602
1453	1443	1481	1459	1488	1449	1570	1517	1575	1467	1526	1507	1476	1419	1501	1485	1464	1474	1469	1493	1507	1428	1449	1452	1437	1488	1418	1441	1476	1463	1465	1448	1447	1432	1459	1475	1433	1493	1460	1457	1518	1424	1482	1476	1483	1421	1448	1441	1431	1435	1466	1487	1425	1449	1413	1507	1423	1482	1452	1470	1492	1415	1431	1445	1486	1410	1422	1488	1447	1462	1487	1415	1421	1387	1454	1445	1456	1461	1495	1438	1423	1446	1458	1412	1430	1411	1474	1455	1462	1427	1431	1399	1434	1434	1459	1411	1346.710892
1477	1468	1458	1511	1453	1469	1549	1596	1655	1482	1492	1431	1405	1448	1512	1480	1463	1445	1466	1461	1458	1499	1465	1423	1466	1493	1437	1456	1438	1440	1506	1462	1457	1470	1469	1438	1456	1436	1471	1459	1464	1503	1480	1408	1477	1435	1440	1454	1483	1458	1448	1449	1450	1461	1527	1441	1483	1425	1464	1426	1435	1469	1463	1411	1456	1503	1431	1448	1439	1484	1388	1469	1443	1454	1474	1436	1462	1452	1466	1462	1465	1468	1498	1440	1458	1493	1443	1433	1421	1467	1423	1417	1447	1452	1443	1401	1349.241058
1523	1485	1486	1475	1440	1482	1546	1549	1571	1480	1491	1450	1465	1470	1456	1473	1417	1494	1473	1470	1481	1478	1474	1453	1430	1438	1403	1497	1450	1483	1442	1463	1465	1473	1492	1448	1472	1430	1500	1469	1461	1502	1452	1450	1473	1453	1409	1442	1430	1446	1495	1442	1464	1458	1452	1460	1479	1515	1432	1429	1431	1458	1419	1480	1443	1453	1477	1468	1410	1408	1476	1464	1429	1433	1423	1444	1415	1440	1444	1428	1474	1442	1469	1436	1471	1425	1437	1474	1422	1469	1438	1398	1463	1434	1425	1401	1351.7701
1444	1467	1518	1432	1439	1436	1561	1546	1594	1462	1464	1535	1492	1478	1516	1523	1440	1513	1481	1491	1478	1434	1450	1428	1416	1465	1466	1397	1453	1431	1440	1391	1432	1476	1458	1443	1467	1469	1482	1414	1455	1461	1517	1483	1480	1460	1447	1461	1441	1403	1446	1464	1455	1462	1468	1465	1433	1449	1478	1403	1448	1471	1445	1448	1451	1443	1476	1418	1398	1421	1435	1396	1435	1476	1490	1451	1433	1433	1466	1473	1449	1433	1413	1443	1402	1414	1433	1447	1443	1445	1395	1442	1398	1431	1427	1437	1354.285058
1490	1441	1410	1428	1456	1481	1551	1545	1590	1454	1473	1491	1470	1439	1394	1482	1514	1490	1473	1489	1477	1412	1465	1461	1439	1458	1450	1458	1471	1446	1463	1450	1438	1451	1461	1447	1436	1452	1469	1506	1477	1435	1451	1465	1485	1394	1430	1448	1490	1393	1451	1418	1439	1432	1473	1418	1457	1476	1465	1484	1459	1408	1411	1438	1464	1473	1479	1442	1400	1480	1419	1464	1504	1419	1453	1417	1454	1390	1459	1481	1442	1484	1468	1438	1464	1451	1461	1414	1449	1400	1426	1450	1414	1440	1443	1448	1356.811861
1485	1431	1479	1437	1446	1419	1574	1575	1524	1468	1459	1439	1407	1463	1442	1476	1466	1437	1514	1463	1484	1402	1478	1455	1432	1402	1425	1432	1486	1433	1412	1424	1441	1494	1462	1427	1504	1432	1422	1461	1475	1416	1459	1476	1462	1422	1396	1426	1472	1483	1425	1458	1412	1467	1480	1458	1473	1418	1449	1463	1416	1397	1439	1414	1468	1418	1442	1433	1439	1442	1506	1487	1465	1418	1424	1405	1473	1454	1479	1413	1473	1513	1473	1450	1454	1446	1467	1446	1448	1440	1416	1455	1437	1481	1474	1409	1359.324593
1473	1435	1455	1442	1438	1430	1595	1610	1517	1437	1475	1502	1432	1471	1441	1467	1472	1455	1451	1456	1479	1406	1468	1432	1418	1420	1455	1468	1461	1453	1426	1411	1416	1448	1429	1477	1401	1428	1431	1394	1477	1467	1412	1431	1423	1431	1439	1394	1454	1398	1447	1448	1454	1464	1474	1417	1446	1457	1452	1462	1466	1450	1431	1408	1443	1462	1447	1406	1421	1461	1439	1427	1445	1424	1417	1434	1406	1422	1478	1434	1418	1452	1434	1436	1417	1440	1462	1417	1452	1428	1429	1457	1428	1437	1429	1408	1361.849159
1431	1464	1432	1514	1444	1440	1546	1551	1521	1453	1452	1490	1423	1438	1398	1485	1436	1473	1483	1461	1501	1421	1455	1415	1480	1419	1422	1406	1455	1408	1450	1461	1432	1449	1476	1454	1443	1435	1414	1421	1469	1425	1415	1467	1432	1418	1428	1382	1440	1435	1470	1427	1446	1442	1429	1433	1458	1432	1449	1391	1421	1458	1412	1414	1419	1403	1395	1419	1439	1358	1403	1436	1404	1412	1425	1417	1432	1437	1469	1396	1491	1409	1470	1410	1448	1423	1421	1428	1473	1450	1451	1444	1435	1399	1428	1404	1364.359668
1406	1443	1468	1430	1448	1431	1570	1587	1582	1471	1464	1397	1441	1438	1406	1499	1426	1420	1521	1447	1407	1388	1462	1401	1450	1377	1452	1416	1437	1425	1427	1403	1434	1445	1386	1442	1416	1439	1404	1452	1415	1430	1415	1415	1438	1402	1370	1443	1402	1392	1448	1374	1428	1400	1408	1432	1416	1436	1404	1415	1420	1401	1443	1452	1461	1455	1437	1398	1430	1459	1432	1428	1374	1432	1410	1394	1432	1443	1447	1432	1406	1371	1464	1440	1403	1421	1452	1432	1384	1376	1451	1409	1450	1383	1464	1448	1366.869069
1405	1438	1448	1415	1432	1442	1504	1481	1566	1469	1455	1451	1399	1463	1435	1433	1429	1411	1460	1463	1461	1442	1400	1471	1420	1417	1458	1386	1428	1419	1428	1431	1416	1483	1427	1422	1444	1406	1461	1467	1445	1415	1411	1453	1424	1391	1426	1414	1380	1398	1386	1411	1434	1416	1440	1376	1404	1411	1429	1408	1466	1419	1434	1487	1429	1440	1427	1368	1444	1435	1423	1443	1420	1454	1369	1418	1441	1449	1434	1409	1430	1405	1447	1409	1417	1401	1426	1391	1401	1456	1405	1414	1421	1406	1344	1417	1369.377363
1394	1420	1428	1432	1436	1424	1546	1554	1521	1440	1452	1466	1368	1420	1412	1426	1403	1444	1419	1439	1493	1411	1434	1402	1453	1448	1451	1426	1444	1385	1425	1411	1433	1410	1424	1446	1446	1407	1383	1411	1449	1433	1442	1392	1407	1399	1417	1400	1383	1402	1455	1437	1389	1411	1446	1431	1483	1379	1442	1401	1401	1392	1420	1442	1416	1409	1375	1380	1401	1438	1383	1440	1433	1414	1389	1402	1413	1436	1383	1403	1379	1443	1406	1401	1433	1431	1377	1393	1380	1441	1411	1425	1411	1408	1436	1478	1371.884551
1428	1415	1430	1411	1418	1430	1544	1509	1524	1473	1412	1458	1428	1406	1418	1418	1441	1438	1397	1433	1458	1438	1369	1400	1373	1445	1396	1350	1442	1428	1391	1401	1415	1486	1457	1393	1418	1415	1379	1415	1494	1410	1420	1442	1423	1388	1425	1418	1417	1408	1367	1421	1450	1463	1347	1438	1415	1433	1395	1369	1422	1389	1419	1422	1420	1401	1413	1442	1374	1418	1440	1381	1408	1407	1402	1372	1394	1412	1424	1429	1452	1444	1423	1400	1407	1394	1395	1429	1412	1372	1400	1413	1403	1394	1394	1367	1374.390633
1448	1431	1419	1419	1425	1385	1559	1538	1553	1407	1422	1475	1402	1400	1366	1408	1427	1430	1408	1428	1418	1420	1384	1434	1410	1387	1323	1390	1407	1380	1425	1406	1416	1411	1391	1415	1420	1434	1448	1412	1381	1426	1415	1421	1365	1393	1409	1372	1410	1384	1432	1390	1400	1447	1409	1413	1449	1391	1430	1396	1358	1382	1343	1385	1431	1416	1420	1365	1401	1379	1376	1363	1418	1425	1386	1430	1356	1420	1399	1374	1404	1388	1438	1420	1357	1433	1394	1417	1349	1385	1384	1398	1397	1400	1441	1401	1376.895611
1422	1414	1400	1377	1393	1355	1530	1473	1555	1388	1414	1389	1365	1381	1409	1420	1446	1397	1411	1398	1457	1401	1431	1402	1311	1382	1343	1393	1378	1374	1378	1371	1301	1435	1385	1413	1384	1380	1384	1377	1413	1371	1410	1420	1407	1388	1324	1413	1431	1412	1357	1340	1408	1380	1373	1453	1399	1360	1407	1380	1339	1369	1368	1388	1386	1338	1396	1386	1356	1391	1342	1371	1364	1364	1387	1358	1398	1364	1377	1397	1405	1380	1386	1357	1367	1371	1371	1374	1367	1345	1380	1402	1398	1401	1386	1388	1379.399484
1416	1428	1391	1413	1428	1349	1531	1532	1530	1450	1416	1452	1420	1386	1342	1424	1411	1411	1388	1434	1377	1388	1367	1394	1400	1397	1370	1408	1376	1382	1399	1383	1391	1370	1368	1418	1389	1377	1337	1365	1372	1391	1368	1359	1383	1387	1355	1330	1388	1339	1361	1389	1360	1394	1375	1445	1404	1389	1362	1435	1412	1369	1372	1414	1396	1298	1394	1358	1317	1375	1385	1346	1349	1394	1365	1356	1390	1350	1372	1368	1367	1425	1343	1376	1368	1360	1392	1338	1404	1378	1396	1417	1430	1370	1439	1386	1381.902254
1408	1397	1446	1403	1375	1437	1435	1520	1465	1421	1402	1397	1403	1409	1401	1379	1423	1400	1456	1382	1378	1389	1392	1344	1428	1413	1363	1412	1403	1396	1382	1378	1351	1401	1376	1429	1394	1361	1372	1396	1394	1399	1364	1414	1463	1337	1373	1367	1380	1384	1372	1382	1318	1339	1368	1322	1404	1356	1385	1390	1345	1356	1331	1375	1357	1431	1355	1374	1408	1355	1405	1350	1401	1319	1391	1364	1320	1405	1380	1402	1418	1367	1338	1405	1373	1353	1390	1347	1344	1367	1371	1378	1372	1389	1410	1392	1384.403921
1323	1420	1387	1403	1377	1400	1574	1482	1508	1434	1392	1379	1410	1370	1390	1394	1377	1411	1376	1381	1403	1408	1356	1354	1391	1359	1397	1384	1363	1401	1366	1382	1365	1390	1369	1389	1408	1373	1358	1395	1387	1359	1410	1370	1317	1386	1407	1373	1386	1402	1368	1403	1385	1325	1387	1330	1370	1381	1417	1403	1387	1353	1380	1378	1369	1374	1369	1392	1361	1380	1352	1340	1321	1386	1383	1350	1335	1344	1417	1345	1372	1350	1397	1361	1387	1354	1383	1380	1423	1383	1373	1376	1391	1341	1389	1370	1386.8916
1373	1372	1333	1367	1380	1414	1494	1484	1449	1361	1372	1384	1361	1375	1378	1445	1371	1389	1375	1361	1396	1372	1413	1404	1384	1361	1361	1366	1403	1382	1335	1337	1373	1331	1408	1416	1370	1356	1359	1381	1392	1357	1375	1389	1361	1358	1333	1361	1427	1348	1353	1374	1393	1356	1383	1363	1381	1367	1381	1371	1360	1372	1357	1372	1397	1388	1378	1353	1359	1370	1351	1388	1393	1366	1374	1382	1399	1322	1351	1413	1384	1367	1328	1392	1386	1389	1370	1365	1373	1334	1341	1361	1363	1345	1364	1361	1389.39107
1388	1353	1353	1366	1373	1373	1482	1479	1496	1382	1454	1365	1367	1394	1394	1367	1388	1381	1390	1347	1427	1313	1318	1417	1370	1371	1341	1388	1373	1409	1383	1374	1338	1387	1389	1394	1360	1371	1387	1377	1341	1395	1375	1329	1369	1381	1380	1315	1340	1342	1364	1330	1369	1379	1394	1428	1334	1410	1348	1362	1359	1349	1346	1363	1284	1357	1363	1322	1360	1335	1301	1365	1327	1374	1331	1352	1400	1348	1424	1364	1406	1369	1372	1399	1317	1336	1314	1315	1367	1360	1324	1373	1379	1324	1370	1331	1391.876565
1387	1358	1336	1378	1376	1371	1436	1473	1489	1354	1385	1375	1388	1351	1388	1412	1372	1406	1351	1371	1394	1354	1344	1346	1341	1361	1343	1361	1374	1400	1348	1364	1409	1380	1418	1403	1387	1381	1393	1405	1376	1407	1377	1375	1367	1372	1362	1374	1339	1346	1360	1390	1368	1344	1408	1394	1380	1374	1369	1347	1317	1371	1328	1412	1351	1335	1387	1392	1344	1330	1323	1347	1317	1369	1350	1360	1338	1358	1372	1390	1333	1374	1328	1374	1321	1359	1362	1369	1379	1380	1375	1353	1375	1393	1375	1344	1394.37384
1321	1390	1370	1403	1369	1390	1430	1527	1512	1412	1391	1404	1350	1341	1375	1420	1353	1415	1431	1349	1425	1384	1378	1365	1356	1384	1426	1365	1360	1324	1387	1342	1367	1403	1349	1383	1471	1382	1374	1387	1346	1369	1375	1392	1357	1387	1377	1385	1372	1379	1369	1382	1374	1339	1381	1374	1387	1364	1360	1331	1391	1389	1357	1330	1412	1364	1378	1360	1313	1374	1339	1346	1367	1398	1358	1387	1338	1378	1421	1381	1374	1387	1365	1365	1387	1382	1381	1373	1367	1347	1348	1391	1360	1353	1380	1331	1396.857153
1425	1405	1415	1344	1349	1408	1482	1478	1484	1374	1400	1439	1400	1388	1342	1441	1441	1421	1372	1368	1380	1373	1346	1398	1401	1347	1354	1434	1388	1381	1353	1368	1385	1414	1384	1356	1407	1411	1429	1380	1390	1408	1385	1394	1394	1387	1367	1400	1393	1371	1359	1425	1398	1391	1377	1398	1391	1389	1381	1371	1361	1314	1418	1391	1392	1413	1351	1345	1343	1407	1337	1332	1409	1335	1384	1377	1416	1435	1402	1377	1355	1383	1401	1349	1343	1352	1336	1425	1420	1418	1372	1385	1356	1376	1347	1355	1399.339379
1461	1349	1408	1393	1386	1356	1547	1544	1506	1405	1392	1385	1380	1399	1374	1440	1417	1468	1372	1393	1409	1336	1342	1401	1374	1374	1386	1371	1412	1370	1386	1403	1380	1387	1407	1418	1377	1404	1363	1382	1391	1378	1365	1412	1402	1414	1383	1394	1415	1382	1386	1396	1333	1363	1392	1426	1389	1377	1393	1395	1438	1387	1396	1409	1346	1421	1390	1394	1397	1370	1398	1369	1381	1403	1430	1408	1318	1405	1362	1390	1405	1363	1319	1379	1365	1382	1324	1433	1363	1361	1381	1359	1408	1395	1347	1382	1401.820518
1400	1407	1442	1395	1394	1401	1514	1481	1477	1395	1429	1424	1423	1400	1405	1403	1466	1393	1420	1373	1402	1412	1397	1394	1397	1442	1381	1370	1411	1389	1405	1400	1384	1350	1424	1424	1434	1414	1378	1372	1395	1429	1391	1382	1427	1375	1417	1409	1354	1398	1409	1401	1406	1368	1389	1425	1425	1430	1427	1361	1353	1384	1389	1383	1411	1423	1413	1363	1424	1390	1392	1430	1394	1414	1363	1390	1452	1390	1442	1387	1392	1394	1382	1413	1403	1411	1427	1400	1395	1393	1391	1377	1400	1392	1421	1359	1404.300572
1412	1425	1419	1408	1444	1393	1488	1519	1549	1469	1454	1465	1406	1429	1415	1430	1431	1469	1458	1451	1438	1378	1425	1344	1389	1389	1459	1427	1435	1463	1398	1423	1365	1466	1414	1504	1406	1430	1387	1436	1407	1452	1407	1420	1434	1429	1402	1395	1400	1391	1459	1381	1431	1415	1441	1416	1430	1445	1437	1441	1430	1406	1375	1384	1428	1446	1389	1384	1456	1392	1379	1387	1437	1424	1408	1418	1418	1391	1389	1410	1395	1426	1348	1382	1417	1432	1488	1389	1444	1378	1408	1396	1357	1372	1393	1431	1406.779541
1471	1456	1478	1476	1427	1425	1543	1535	1483	1444	1429	1455	1467	1387	1387	1463	1450	1452	1465	1487	1456	1431	1458	1429	1417	1410	1398	1437	1436	1463	1403	1420	1419	1427	1423	1412	1442	1459	1439	1433	1453	1416	1419	1460	1421	1414	1399	1376	1437	1443	1447	1412	1426	1432	1439	1418	1418	1437	1434	1456	1412	1437	1416	1435	1460	1414	1425	1406	1422	1425	1434	1419	1457	1383	1415	1418	1404	1431	1438	1426	1419	1377	1418	1410	1449	1374	1462	1410	1459	1461	1402	1422	1438	1472	1445	1422	1409.257426
1438	1462	1479	1486	1420	1432	1532	1528	1568	1498	1443	1478	1403	1433	1434	1472	1446	1427	1519	1469	1427	1413	1434	1410	1415	1428	1539	1379	1450	1453	1447	1422	1453	1445	1415	1454	1441	1417	1415	1463	1426	1404	1443	1444	1429	1423	1424	1453	1451	1408	1441	1429	1451	1419	1469	1448	1469	1471	1463	1432	1442	1432	1443	1484	1440	1458	1450	1423	1372	1401	1478	1441	1444	1473	1426	1441	1427	1421	1404	1417	1462	1464	1424	1465	1460	1423	1480	1442	1445	1473	1412	1407	1444	1425	1477	1417	1411.734227
1448	1413	1456	1452	1508	1450	1549	1511	1565	1466	1434	1437	1436	1417	1456	1456	1453	1442	1431	1429	1459	1468	1450	1422	1511	1486	1435	1475	1448	1435	1421	1440	1469	1453	1476	1418	1389	1468	1401	1481	1447	1384	1382	1450	1468	1420	1443	1432	1424	1454	1456	1405	1424	1458	1440	1469	1444	1462	1428	1481	1363	1473	1444	1438	1405	1424	1420	1446	1459	1413	1439	1452	1446	1409	1435	1433	1451	1417	1449	1475	1450	1421	1427	1458	1426	1455	1446	1441	1399	1456	1469	1434	1447	1451	1414	1455	1414.209946
1440	1482	1467	1458	1481	1434	1565	1550	1601	1472	1430	1443	1444	1396	1402	1484	1445	1499	1459	1433	1489	1427	1465	1440	1395	1408	1445	1468	1423	1419	1382	1450	1482	1512	1448	1419	1424	1445	1412	1484	1510	1449	1426	1507	1400	1455	1441	1460	1434	1418	1459	1441	1403	1424	1438	1470	1436	1445	1433	1408	1430	1490	1421	1466	1438	1448	1472	1439	1432	1452	1477	1446	1433	1460	1450	1427	1429	1461	1441	1468	1414	1419	1404	1479	1435	1436	1415	1405	1461	1426	1471	1449	1396	1442	1446	1437	1416.671764
1462	1421	1418	1484	1480	1433	1554	1490	1504	1416	1435	1459	1442	1436	1433	1451	1463	1538	1437	1434	1459	1421	1412	1417	1445	1410	1403	1403	1411	1447	1437	1429	1451	1403	1445	1444	1473	1436	1446	1437	1421	1434	1464	1443	1450	1430	1409	1442	1435	1392	1406	1389	1429	1432	1410	1429	1376	1431	1463	1455	1421	1431	1423	1463	1434	1425	1380	1384	1428	1433	1429	1374	1454	1414	1445	1406	1447	1421	1443	1479	1431	1418	1411	1374	1377	1458	1429	1432	1380	1440	1453	1492	1433	1412	1416	1422	1419.145325
1421	1450	1446	1372	1480	1471	1502	1495	1566	1461	1450	1408	1387	1431	1375	1509	1472	1459	1460	1451	1448	1460	1446	1393	1476	1405	1437	1462	1402	1434	1411	1400	1424	1442	1477	1399	1410	1407	1414	1428	1359	1448	1460	1402	1428	1400	1407	1490	1469	1463	1457	1405	1435	1424	1446	1465	1433	1430	1418	1409	1457	1432	1431	1427	1438	1409	1369	1408	1458	1401	1415	1432	1400	1409	1418	1401	1384	1404	1410	1446	1429	1418	1436	1394	1418	1411	1420	1383	1401	1426	1442	1389	1388	1474	1389	1421	1421.604998
1465	1445	1452	1426	1434	1450	1523	1541	1502	1414	1426	1420	1389	1386	1441	1407	1447	1434	1436	1456	1485	1400	1423	1403	1387	1407	1432	1415	1424	1458	1364	1434	1406	1451	1423	1427	1419	1379	1475	1376	1406	1382	1369	1428	1413	1379	1381	1392	1370	1388	1412	1368	1405	1386	1417	1429	1398	1418	1424	1376	1392	1406	1419	1412	1387	1372	1419	1367	1398	1378	1446	1384	1395	1402	1417	1391	1452	1427	1354	1346	1437	1425	1384	1401	1391	1391	1360	1407	1365	1392	1383	1395	1444	1382	1368	1415	1424.076404
1394	1365	1405	1399	1402	1406	1491	1476	1527	1385	1389	1431	1392	1414	1389	1418	1412	1425	1431	1432	1420	1386	1395	1378	1408	1415	1357	1419	1407	1432	1415	1388	1387	1405	1420	1382	1415	1414	1375	1385	1359	1449	1363	1361	1376	1405	1402	1408	1425	1377	1410	1381	1356	1424	1392	1368	1415	1354	1348	1426	1361	1357	1408	1399	2506	1382	1416	1389	1377	1352	1375	1405	1357	1382	1411	1361	1348	1394	1398	1402	1397	1422	1414	1397	1370	1347	1404	1395	1389	1369	1439	1397	1413	1400	1399	1375	1426.533935
1425	1360	1368	1380	1370	1398	1453	1484	1504	1440	1380	1399	1402	1363	1389	1411	1392	1430	1383	1424	1388	1369	1356	1375	1379	1362	1386	1395	1435	1374	1392	1381	1396	1439	1428	1418	1376	1363	1419	1370	1378	1373	1356	1405	1380	1398	1350	1373	1352	1404	1404	1354	1321	1377	1410	1409	1377	1418	1408	1392	1406	1389	1367	1401	3996	1392	1387	1408	1370	1345	1389	1407	1329	1363	1386	1406	1372	1360	1346	1386	1407	1398	1374	1404	1360	1377	1346	1402	1366	1376	1378	1410	1337	1385	1357	1380	1428.990398
1423	1413	1392	1340	1346	1354	1473	1430	1510	1404	1416	1380	1385	1379	1360	1414	1405	1376	1387	1406	1416	1396	1355	1377	1371	1328	1365	1367	1353	1380	1383	1422	1356	1400	1398	1349	1395	1362	1369	1363	1379	1396	1381	1346	1378	1366	1370	1354	1358	1318	1391	1385	1391	1396	1389	1405	1356	1320	1390	1352	1346	1387	1368	1366	1389	1367	1386	1349	1392	1379	1343	1362	1410	1383	1390	1357	1378	1375	1417	1371	1343	1386	1336	1350	1412	1371	1383	1359	1345	1347	1374	1344	1351	1389	1402	1400	1431.45858
1400	1375	1383	1381	1376	1372	1487	1483	1498	1413	1352	1410	1345	1394	1378	1381	1419	1366	1413	1390	1392	1384	1376	1390	1391	1358	1381	1368	1372	1386	1338	1348	1394	1391	1427	1398	1415	1361	1355	1387	1372	1410	1367	1406	1360	1372	1341	1348	1418	1399	1428	1394	1348	1406	1390	1365	1353	1416	1400	1381	1327	1331	1344	1353	1402	1348	1335	1358	1404	1400	1345	1371	1366	1360	1337	1359	1343	1397	1381	1381	1328	1327	1392	1357	1393	1372	1351	1395	1363	1341	1333	1377	1384	1403	1368	1397	1433.912905
1386	1381	1363	1421	1437	1359	1475	1477	1515	1377	1393	1417	1406	1369	1347	1389	1322	1422	1342	1355	1410	1368	1355	1337	1363	1350	1381	1376	1365	1356	1356	1332	1353	1341	1368	1380	1337	1351	1408	1360	1385	1358	1335	1366	1375	1371	1362	1351	1303	1361	1343	1399	1317	1321	1412	1404	1380	1346	1369	1369	1347	1350	1343	1378	1340	1323	1336	1359	1344	1377	1307	1326	1335	1325	1368	1336	1416	1324	1354	1372	1397	1344	1358	1373	1354	1312	1400	1336	1356	1360	1387	1368	1340	1390	1371	1393	1436.366165
1382	1356	1357	1400	1365	1372	1498	1480	1476	1399	1397	1422	1342	1317	1350	1419	1365	1391	1406	1419	1392	1367	1361	1435	1383	1364	1372	1368	1361	1382	1374	1389	1360	1411	1395	1379	1424	1394	1369	1331	1364	1365	1396	1363	1404	1350	1390	1345	1355	1387	1372	1408	1399	1375	1392	1340	1383	1386	1349	1372	1356	1358	1348	1381	1397	1340	1397	1373	1409	1336	1390	1367	1331	1378	1361	1361	1356	1355	1319	1366	1375	1357	1325	1376	1378	1352	1340	1320	1316	1345	1353	1366	1339	1376	1371	1387	1438.81836
1404	1402	1382	1339	1422	1356	1468	1454	1466	1381	1378	1377	1356	1365	1361	1391	1406	1337	1379	1393	1379	1407	1327	1355	1333	1298	1385	1394	1352	1423	1385	1369	1372	1373	1396	1347	1321	1388	1359	1391	1355	1362	1358	1357	1368	1386	1389	1389	1385	1337	1360	1362	1354	1361	1428	1396	1405	1365	1351	1374	1340	1342	1357	1375	1377	1377	1362	1375	1379	1338	1368	1385	1358	1403	1336	1367	1342	1376	1330	1333	1391	1385	1347	1302	1322	1322	1372	1362	1374	1331	1344	1407	1347	1368	1315	1330	1441.269492
1368	1391	1369	1390	1417	1419	1452	1521	1481	1391	1347	1397	1350	1319	1342	1407	1383	1402	1366	1360	1356	1369	1370	1338	1383	1390	1374	1338	1380	1359	1386	1369	1364	1416	1360	1426	1359	1379	1406	1322	1383	1347	1378	1352	1363	1348	1373	1359	1386	1379	1341	1359	1411	1395	1366	1371	1357	1313	1383	1381	1402	1338	1340	1359	1358	1383	1367	1344	1368	1353	1387	1340	1345	1399	1380	1367	1404	1352	1391	1432	1371	1364	1336	1386	1309	1364	1353	1367	1347	1366	1354	1350	1354	1382	1342	1327	1443.706802
1354	1345	1406	1394	1448	1387	1428	1428	1482	1437	1395	1368	1396	1382	1368	1401	1432	1393	1367	1374	1438	1368	1383	1350	1398	1358	1342	1388	1414	1388	1375	1398	1365	1364	1421	1380	1339	1378	1361	1388	1392	1402	1347	1433	1419	1371	1381	1393	1390	1358	1380	1386	1348	1365	1362	1415	1364	1414	1391	1377	1316	1342	1394	1370	1407	1364	1400	1406	1370	1352	1364	1366	1398	1329	1349	1393	1386	1406	1380	1343	1403	1338	1379	1358	1412	1373	1349	1374	1366	1376	1358	1368	1370	1377	1375	1330	1446.155813
1412	1427	1390	1378	1405	1453	1491	1496	1480	1399	1392	1424	1431	1418	1366	1432	1449	1385	1393	1401	1413	1432	1389	1387	1418	1375	1421	1439	1395	1335	1386	1360	1359	1426	1414	1396	1392	1419	1440	1373	1382	1416	1354	1379	1395	1413	1396	1389	1390	1400	1382	1382	1392	1406	1383	1400	1410	1393	1376	1392	1378	1407	1422	1418	1384	1390	1373	1345	1372	1412	1371	1386	1390	1376	1373	1386	1391	1396	1386	1376	1393	1430	1345	1387	1385	1420	1371	1418	1437	1396	1388	1386	1407	1439	1353	1435	1448.603763
1437	1426	1456	1435	1420	1410	1589	1517	1509	1453	1445	1399	1447	1421	1435	1496	1447	1428	1439	1438	1431	1439	1398	1451	1368	1431	1431	1472	1416	1438	1419	1422	1443	1422	1428	1451	1389	1400	1434	1403	1411	1477	1420	1394	1378	1476	1411	1401	1401	1439	1420	1408	1421	1417	1482	1378	1442	1452	1463	1428	1393	1442	1393	1438	1384	1400	1422	1378	1471	1419	1463	1435	1348	1419	1410	1464	1428	1436	1407	1422	1437	1434	1441	1438	1405	1465	1424	1435	1412	1443	1346	1433	1453	1443	1406	1393	1451.03791
1487	1443	1437	1414	1482	1470	1536	1533	1502	1427	1471	1509	1428	1468	1481	1464	1481	1488	1493	1488	1473	1499	1467	1451	1426	1502	1503	1489	1479	1467	1473	1444	1428	1466	1467	1501	1455	1472	1442	1470	1457	1429	1457	1444	1449	1481	1454	1437	1430	1406	1484	1422	1503	1416	1468	1460	1482	1455	1438	1431	1439	1474	1399	1450	1450	1435	1484	1450	1445	1404	1419	1446	1431	1469	1476	1476	1459	1497	1472	1502	1475	1493	1491	1472	1423	1482	1434	1489	1466	1443	1441	1448	1467	1458	1491	1444	1453.483744
1483	1468	1496	1470	1472	1506	1601	1543	1579	1522	1460	1500	1496	1460	1479	1478	1518	1502	1496	1524	1533	1418	1445	1451	1450	1436	1491	1490	1502	1504	1498	1475	1467	1511	1490	1496	1538	1496	1490	1495	1506	1467	1516	1499	1509	1508	1458	1487	1495	1452	1497	1473	1487	1447	1478	1518	1495	1466	1472	1439	1473	1494	1481	1488	1467	1509	1442	1439	1463	1493	1455	1483	1489	1491	1445	1461	1473	1456	1463	1491	1481	1525	1479	1495	1489	1430	1506	1467	1464	1472	1411	1497	1477	1526	1493	1477	1455.915787
1478	1443	1457	1509	1494	1466	1567	1622	1604	1510	1515	1516	1476	1467	1486	1488	1512	1526	1527	1490	1552	1488	1442	1456	1473	1429	1472	1482	1510	1502	1504	1482	1479	1467	1505	1491	1475	1462	1463	1561	1464	1464	1477	1464	1496	1502	1514	1506	1466	1499	1476	1506	1495	1490	1445	1510	1494	1468	1443	1501	1486	1472	1496	1483	1522	1450	1462	1466	1473	1511	1437	1446	1452	1495	1455	1473	1491	1465	1450	1447	1476	1488	1449	1443	1431	1481	1437	1476	1437	1433	1475	1472	1477	1466	1462	1449	1458.359508
1461	1433	1482	1419	1460	1450	1595	1528	1560	1442	1500	1471	1420	1458	1452	1473	1518	1526	1484	1456	1473	1444	1439	1512	1470	1527	1426	1427	1447	1393	1451	1381	1496	1418	1455	1480	1442	1457	1501	1436	1467	1449	1418	1439	1437	1452	1496	1471	1434	1443	1497	1415	1454	1433	1466	1467	1487	1526	1473	1424	1442	1428	1420	1430	1431	1464	1452	1443	1402	1413	1409	1436	1443	1460	1474	1421	1376	1464	1490	1451	1464	1438	1482	1431	1412	1451	1486	1466	1413	1443	1509	1453	1460	1429	1399	1433	1460.789451
1416	1445	1440	1375	1442	1457	1498	1516	1543	1410	1424	1437	1395	1403	1433	1403	1488	1457	1380	1447	1442	1416	1425	1412	1331	1404	1438	1471	1430	1392	1451	1364	1414	1389	1380	1413	1442	1406	1370	1413	1420	1393	1408	1393	1405	1440	1388	1438	1397	1402	1423	1435	1390	1381	1438	1442	1389	1402	1423	1412	1399	1404	1397	1404	1399	1401	1402	1446	1459	1472	1375	1423	1386	1404	1439	1369	1426	1423	1396	1439	1420	1386	1472	1395	1418	1360	1447	1427	1391	1391	1419	1404	1381	1391	1400	1369	1463.218347
1341	1420	1395	1382	1365	1375	1467	1472	1477	1423	1376	1384	1308	1355	1317	1413	1369	1422	1381	1380	1373	1370	1345	1443	1388	1334	1368	1361	1371	1376	1378	1400	1335	1409	1370	1408	1373	1355	1372	1366	1355	1362	1310	1362	1346	1356	1331	1346	1382	1356	1367	1330	1341	1394	1346	1390	1359	1437	1359	1375	1352	1364	1380	1419	1358	1366	1366	1361	1354	1337	1399	1384	1341	1399	1378	1359	1356	1376	1431	1349	1390	1390	1359	1369	1410	1366	1360	1341	1380	1374	1365	1414	1321	1393	1366	1339	1465.646197
1409	1335	1327	1359	1379	1381	1405	1434	1454	1351	1351	1378	1318	1377	1356	1355	1395	1355	1397	1378	1359	1381	1313	1331	1368	1323	1391	1374	1398	1396	1339	1334	1337	1371	1369	1359	1295	1376	1377	1364	1372	1315	1360	1374	1348	1314	1356	1353	1393	1338	1352	1364	1375	1394	1346	1335	1359	1340	1311	1316	1360	1368	1326	1381	1354	1356	1386	1330	1331	1311	1318	1348	1341	1311	1341	1337	1342	1341	1367	1336	1345	1324	1369	1363	1349	1323	1349	1378	1348	1320	1332	1355	1315	1359	1311	1388	1468.073002
1347	1331	1394	1312	1350	1358	1359	1414	1390	1350	1354	1349	1296	1319	1295	1339	1302	1337	1283	1313	1317	1341	1346	1283	1326	1337	1279	1316	1338	1331	1312	1284	1328	1354	1320	1343	1354	1341	1332	1300	1346	1352	1347	1295	1320	1315	1308	1322	1280	1347	1359	1321	1333	1286	1341	1330	1306	1349	1296	1292	1293	1296	1306	1326	1335	1300	1298	1344	1336	1310	1331	1320	1338	1267	1314	1284	1359	1290	1357	1306	1334	1343	1313	1266	1278	1304	1332	1316	1332	1370	1321	1328	1312	1283	1308	1336	1470.498762
1276	1364	1290	1328	1302	1301	1346	1372	1387	1339	1311	1321	1320	1276	1322	1342	1322	1302	1308	1328	1301	1280	1308	1313	1329	1303	1325	1312	1309	1293	1282	1310	1266	1332	1295	1269	1311	1327	1298	1322	1305	1328	1350	1331	1308	1344	1281	1321	1281	1309	1290	1343	1293	1312	1320	1283	1315	1303	1305	1293	1288	1318	1311	1279	1301	1293	1266	1281	1328	1304	1287	1331	1256	1325	1250	1330	1279	1359	1322	1282	1316	1256	1295	1329	1338	1291	1303	1301	1288	1250	1276	1318	1298	1300	1282	1303	1472.923478
1313	1287	1278	1274	1278	1268	1401	1356	1357	1330	1320	1281	1326	1284	1303	1326	1317	1340	1307	1271	1283	1276	1226	1324	1298	1294	1299	1270	1316	1299	1328	1266	1245	1297	1240	1328	1302	1283	1273	1317	1295	1310	1215	1259	1267	1305	1245	1253	1297	1296	1279	1275	1300	1263	1262	1313	1289	1236	1324	1333	1294	1288	1305	1317	1279	1265	1271	1265	1311	1314	1303	1276	1319	1257	1231	1292	1302	1242	1289	1297	1290	1285	1290	1289	1228	1288	1297	1298	1302	1284	1314	1287	1306	1295	1260	1309	1475.347151
1281	1257	1317	1297	1310	1249	1382	1334	1358	1300	1297	1298	1298	1263	1246	1304	1293	1362	1309	1308	1315	1287	1275	1260	1257	1295	1221	1233	1259	1238	1272	1304	1310	1295	1272	1289	1260	1288	1285	1269	1296	1289	1259	1274	1262	1251	1286	1284	1258	1284	1288	1265	1261	1278	1332	1286	1276	1291	1273	1283	1264	1285	1275	1245	1295	1318	1254	1247	1273	1258	1242	1273	1237	1251	1299	1284	1263	1258	1317	1284	1277	1282	1212	1289	1283	1273	1313	1268	1281	1266	1289	1297	1285	1321	1314	1283	1477.769782
1272	1279	1316	1268	1247	1291	1362	1387	1330	1339	1269	1225	1274	1227	1217	1299	1290	1337	1288	1314	1314	1243	1261	1277	1247	1255	1272	1298	1301	1286	1237	1251	1247	1297	1290	1308	1332	1238	1234	1293	1249	1277	1257	1262	1226	1264	1264	1246	1252	1291	1234	1294	1249	1269	1247	1258	1257	1303	1272	1284	1226	1273	1257	1292	1325	1294	1235	1271	1238	1301	1276	1298	1320	1295	1261	1249	1242	1262	1316	1260	1292	1266	1280	1249	1272	1233	1259	1222	1252	1244	1276	1301	1259	1272	1241	1258	1480.178694
1296	1271	1275	1239	1249	1296	1335	1377	1359	1288	1288	1294	1218	1244	1262	1293	1292	1244	1286	1256	1282	1295	1262	1310	1262	1238	1268	1279	1266	1288	1213	1288	1226	1251	1295	1251	1261	1259	1259	1211	1241	1280	1232	1238	1254	1273	1248	1260	1240	1272	1229	1268	1233	1220	1281	1247	1268	1274	1251	1266	1275	1263	1210	1279	1235	1276	1247	1233	1256	1226	1266	1285	1267	1244	1246	1261	1226	1282	1260	1256	1233	1267	1263	1254	1235	1250	1271	1217	1260	1273	1288	1252	1269	1261	1294	1237	1482.599247
1292	1295	1264	1231	1237	1255	1380	1371	1345	1306	1311	1263	1278	1275	1233	1284	1316	1276	1280	1252	1279	1295	1247	1261	1276	1228	1224	1228	1288	1275	1287	1266	1231	1302	1236	1263	1258	1255	1266	1284	1252	1222	1244	1221	1234	1258	1273	1224	1280	1216	1259	1302	1272	1264	1281	1244	1252	1241	1240	1260	1275	1240	1248	1290	1254	1280	1245	1291	1251	1296	1258	1250	1222	1273	1266	1284	1239	1254	1275	1255	1217	1270	1241	1261	1248	1257	1284	1266	1250	1280	1252	1251	1257	1266	1237	1287	1485.018759
1291	1256	1259	1243	1259	1293	1376	1315	1326	1253	1246	1286	1227	1260	1219	1239	1264	1279	1273	1279	1281	1273	1192	1256	1257	1248	1254	1297	1229	1291	1275	1269	1288	1281	1238	1294	1290	1268	1248	1258	1255	1273	1224	1228	1253	1229	1226	1261	1229	1256	1276	1259	1266	1241	1266	1271	1291	1237	1280	1310	1224	1235	1238	1231	1278	1248	1256	1222	1253	1269	1245	1226	1198	1279	1286	1261	1242	1251	1211	1244	1274	1279	1179	1245	1246	1225	1245	1206	1263	1250	1247	1215	1257	1241	1242	1232	1487.424572
1266	1258	1253	1249	1245	1260	1313	1307	1358	1276	1277	1259	1217	1243	1231	1240	1285	1263	1275	1248	1300	1254	1228	1226	1239	1310	1239	1228	1239	1258	1263	1211	1227	1274	1225	1297	1267	1229	1226	1238	1236	1275	1263	1255	1275	1264	1235	1243	1267	1299	1214	1243	1251	1258	1268	1230	1205	1227	1218	1227	1258	1284	1227	1273	1260	1250	1240	1259	1244	1264	1237	1237	1224	1215	1274	1271	1244	1284	1268	1292	1220	1239	1226	1219	1280	1220	1221	1228	1250	1279	1272	1255	1259	1250	1220	1310	1489.829356
1230	1283	1283	1241	1242	1263	1305	1360	1313	1274	1262	1306	1254	1237	1250	1302	1274	1290	1264	1238	1290	1260	1242	1241	1240	1266	1240	1234	1233	1253	1262	1276	1243	1240	1284	1233	1247	1283	1241	1266	1259	1253	1255	1254	1286	1300	1236	1224	1237	1249	1270	1267	1240	1227	1258	1289	1251	1248	1227	1245	1244	1222	1246	1256	1241	1241	1234	1212	1234	1253	1223	1206	1230	1248	1232	1282	1238	1238	1222	1288	1233	1241	1237	1215	1262	1258	1278	1250	1280	1269	1246	1271	1221	1222	1230	1220	1492.245761
1257	1232	1255	1268	1292	1240	1322	1329	1317	1276	1194	1291	1264	1224	1244	1240	1253	1266	1254	1222	1274	1230	1255	1261	1220	1236	1218	1274	1259	1251	1219	1238	1245	1258	1257	1241	1230	1225	1276	1248	1260	1245	1223	1268	1247	1246	1244	1251	1279	1229	1255	1221	1278	1248	1259	1261	1254	1231	1242	1262	1223	1255	1178	1255	1255	1252	1270	1243	1242	1226	1255	1239	1249	1221	1235	1242	1269	1241	1240	1242	1247	1274	1209	1225	1225	1239	1225	1215	1246	1261	1197	1238	1231	1293	1251	1234	1494.648485
1255	1206	1256	1236	1275	1249	1359	1318	1306	1284	1300	1257	1245	1258	1238	1245	1257	1256	1286	1226	1257	1233	1280	1252	1225	1225	1235	1260	1233	1220	1258	1246	1241	1260	1217	1250	1228	1249	1229	1234	1276	1225	1219	1258	1233	1240	1183	1229	1232	1226	1223	1230	1236	1230	1276	1282	1238	1255	1283	1237	1230	1249	1248	1251	1262	1209	1247	1235	1263	1247	1184	1263	1240	1218	1204	1269	1218	1230	1259	1235	1236	1265	1233	1263	1257	1210	1233	1217	1230	1267	1212	1261	1235	1227	1198	1260	1497.050183
1207	1259	1228	1251	1303	1245	1314	1333	1333	1283	1272	1247	1221	1228	1248	1256	1273	1265	1241	1273	1265	1256	1205	1260	1221	1249	1230	1255	1252	1200	1212	1229	1214	1253	1249	1236	1235	1264	1249	1234	1228	1257	1261	1210	1262	1252	1222	1240	1248	1249	1227	1214	1211	1234	1275	1249	1288	1243	1260	1274	1245	1233	1202	1274	1215	1175	1220	1243	1204	1296	1263	1252	1259	1221	1229	1257	1197	1259	1295	1264	1271	1247	1205	1230	1255	1242	1191	1239	1233	1227	1245	1210	1233	1219	1246	1238	1499.450855
1263	1278	1248	1229	1225	1271	1320	1339	1339	1253	1245	1211	1227	1264	1285	1297	1253	1253	1267	1295	1285	1263	1258	1246	1192	1207	1247	1228	1247	1222	1207	1286	1217	1276	1243	1264	1216	1242	1272	1222	1293	1230	1242	1246	1243	1257	1244	1248	1267	1275	1266	1217	1290	1246	1248	1265	1222	1266	1211	1223	1253	1240	1265	1249	1247	1272	1212	1218	1239	1218	1207	1224	1231	1230	1262	1247	1195	1237	1262	1228	1231	1214	1233	1211	1225	1212	1250	1232	1279	1211	1224	1225	1241	1261	1233	1211	1501.850502
1284	1269	1296	1263	1298	1250	1316	1321	1369	1241	1233	1269	1239	1255	1223	1319	1287	1213	1268	1270	1285	1247	1196	1256	1221	1209	1255	1245	1264	1215	1234	1265	1260	1263	1264	1277	1257	1276	1252	1255	1222	1238	1274	1251	1246	1266	1259	1237	1243	1265	1253	1231	1259	1267	1229	1255	1259	1248	1236	1293	1264	1274	1253	1230	1254	1262	1254	1198	1207	1266	1270	1266	1268	1214	1246	1223	1229	1224	1270	1283	1278	1261	1240	1246	1271	1265	1255	1224	1244	1198	1247	1235	1228	1259	1261	1239	1504.249124
1256	1232	1294	1232	1209	1245	1367	1341	1351	1280	1264	1291	1228	1265	1243	1289	1274	1258	1258	1254	1283	1242	1288	1260	1267	1276	1242	1259	1270	1231	1233	1297	1278	1297	1273	1253	1241	1277	1271	1241	1251	1310	1256	1272	1255	1267	1237	1279	1244	1241	1251	1220	1219	1255	1215	1261	1259	1248	1283	1275	1253	1255	1235	1267	1218	1267	1275	1252	1188	1224	1245	1226	1255	1248	1228	1233	1298	1226	1259	1277	1242	1252	1223	1264	1223	1211	1262	1284	1263	1303	1287	1268	1254	1244	1215	1220	1506.646723
1276	1259	1292	1256	1258	1228	1329	1307	1327	1261	1316	1251	1252	1258	1254	1300	1254	1225	1277	1262	1262	1246	1281	1274	1210	1223	1243	1236	1230	1225	1232	1237	1249	1274	1274	1276	1254	1236	1262	1274	1265	1243	1230	1260	1297	1209	1269	1262	1236	1232	1226	1253	1246	1259	1271	1255	1261	1203	1254	1227	1294	1262	1264	1254	1245	1270	1219	1206	1246	1263	1240	1266	1261	1253	1243	1268	1262	1270	1263	1260	1232	1233	1259	1232	1250	1254	1234	1274	1225	1254	1261	1240	1171	1222	1262	1251	1509.043298
1257	1227	1216	1218	1281	1265	1319	1306	1320	1269	1301	1276	1253	1237	1258	1264	1267	1287	1265	1259	1296	1257	1253	1273	1256	1250	1234	1217	1284	1274	1240	1240	1236	1238	1259	1288	1275	1247	1250	1244	1231	1249	1267	1233	1288	1289	1239	1264	1234	1230	1276	1260	1249	1256	1270	1319	1226	1219	1270	1243	1237	1270	1230	1237	1249	1215	1241	1284	1225	1272	1264	1253	1220	1224	1264	1254	1230	1244	1267	1278	1247	1222	1273	1295	1253	1228	1240	1266	1213	1244	1244	1220	1218	1268	1275	1200	1511.426246
1244	1262	1265	1290	1255	1288	1332	1321	1348	1267	1283	1306	1220	1192	1249	1285	1273	1297	1276	1252	1281	1241	1242	1239	1253	1239	1265	1254	1256	1257	1268	1221	1260	1248	1262	1287	1256	1271	1280	1231	1271	1199	1284	1280	1257	1277	1231	1241	1277	1315	1268	1259	1248	1211	1257	1255	1254	1224	1245	1281	1259	1250	1240	1215	1233	1262	1205	1267	1204	1220	1252	1260	1252	1230	1199	1273	1236	1257	1244	1239	1300	1215	1242	1268	1242	1270	1276	1228	1251	1271	1230	1261	1243	1251	1253	1276	1513.820782
1278	1271	1283	1289	1295	1266	1348	1358	1367	1276	1269	1280	1238	1222	1288	1283	1240	1258	1255	1288	1291	1262	1256	1261	1246	1242	1229	1299	1265	1253	1245	1235	1260	1298	1254	1276	1225	1303	1251	1259	1264	1291	1246	1274	1274	1242	1257	1253	1248	1256	1264	1263	1240	1227	1283	1268	1272	1258	1288	1299	1268	1276	1207	1265	1292	1263	1274	1224	1253	1208	1255	1243	1243	1269	1245	1274	1249	1216	1257	1275	1283	1259	1282	1282	1269	1229	1237	1239	1267	1270	1249	1226	1234	1270	1286	1238	1516.201703
1230	1259	1294	1281	1278	1252	1354	1341	1333	1282	1274	1312	1249	1273	1235	1286	1279	1251	1280	1264	1304	1231	1241	1244	1240	1280	1251	1250	1238	1290	1259	1238	1231	1251	1270	1281	1232	1280	1278	1257	1239	1264	1217	1275	1290	1226	1238	1268	1281	1249	1284	1235	1269	1252	1243	1235	1256	1273	1269	1245	1251	1262	1226	1301	1265	1267	1243	1228	1225	1249	1257	1217	1212	1260	1245	1260	1271	1275	1265	1236	1288	1263	1285	1236	1244	1219	1239	1239	1254	1257	1253	1239	1303	1235	1231	1317	1518.594203
1268	1260	1280	1250	1254	1228	1332	1368	1353	1246	1299	1262	1256	1276	1222	1302	1280	1282	1253	1275	1237	1269	1298	1283	1231	1279	1267	1231	1274	1295	1256	1269	1273	1263	1318	1247	1278	1272	1265	1289	1229	1275	1252	1242	1256	1234	1269	1233	1242	1238	1282	1248	1242	1254	1275	1255	1251	1255	1258	1277	1265	1280	1257	1241	1260	1294	1278	1208	1216	1223	1208	1239	1211	1276	1252	1239	1237	1267	1252	1283	1251	1280	1210	1232	1207	1233	1227	1239	1200	1225	1265	1271	1238	1259	1253	1273	1520.973099
1269	1279	1221	1291	1326	1264	1375	1313	1331	1243	1258	1260	1251	1249	1246	1283	1286	1288	1288	1286	1269	1236	1239	1265	1288	1290	1241	1246	1290	1290	1245	1251	1241	1252	1273	1241	1240	1280	1227	1233	1262	1257	1253	1269	1280	1250	1247	1217	1209	1190	1280	1215	1227	1243	1273	1279	1250	1290	1227	1263	1237	1249	1246	1287	1280	1251	1236	1258	1272	1268	1238	1239	1241	1210	1189	1285	1242	1286	1259	1277	1219	1220	1259	1253	1237	1208	1263	1245	1261	1218	1266	1236	1248	1248	1199	1253	1523.350987
1273	1272	1293	1277	1260	1287	1375	1324	1340	1240	1272	1256	1252	1250	1276	1298	1302	1276	1271	1295	1295	1249	1202	1200	1254	1257	1275	1290	1234	1260	1252	1302	1254	1265	1277	1235	1223	1295	1295	1319	1265	1286	1295	1260	1251	1257	1209	1249	1260	1301	1258	1238	1252	1212	1245	1263	1277	1271	1280	1274	1223	1250	1235	1272	1219	1279	1208	1276	1250	1258	1262	1291	1270	1243	1249	1287	1322	1232	1262	1266	1272	1288	1267	1246	1283	1242	1236	1248	1249	1255	1264	1237	1263	1266	1249	1250	1525.74044
1284	1292	1256	1266	1281	1236	1359	1351	1333	1309	1278	1309	1230	1238	1265	1304	1291	1285	1297	1265	1269	1258	1241	1272	1251	1267	1298	1268	1279	1275	1248	1261	1236	1272	1290	1298	1270	1288	1254	1261	1281	1240	1233	1292	1244	1243	1212	1233	1261	1262	1251	1295	1228	1249	1258	1281	1264	1276	1270	1256	1278	1221	1250	1246	1238	1266	1236	1266	1233	1251	1214	1301	1241	1271	1270	1268	1235	1249	1283	1258	1266	1274	1250	1209	1221	1208	1238	1231	1252	1250	1239	1263	1268	1254	1252	1295	1528.116308
1271	1264	1262	1211	1225	1297	1315	1318	1340	1277	1294	1283	1275	1225	1271	1262	1264	1235	1243	1253	1262	1237	1223	1285	1262	1272	1258	1248	1229	1234	1230	1234	1237	1280	1314	1254	1239	1285	1222	1245	1236	1233	1218	1234	1269	1223	1226	1209	1256	1240	1226	1310	1265	1241	1253	1286	1256	1261	1267	1223	1246	1203	1216	1263	1271	1278	1212	1246	1252	1257	1228	1213	1232	1200	1240	1246	1263	1248	1249	1273	1234	1268	1276	1238	1208	1246	1261	1202	1257	1261	1260	1254	1213	1269	1178	1236	1530.491168
1308	1250	1308	1267	1237	1291	1350	1368	1311	1265	1278	1288	1239	1251	1321	1275	1259	1317	1306	1235	1284	1278	1175	1263	1278	1276	1242	1281	1248	1186	1258	1240	1254	1247	1265	1226	1264	1231	1299	1276	1242	1266	1235	1245	1279	1227	1246	1243	1288	1261	1269	1268	1250	1247	1235	1216	1250	1280	1264	1282	1266	1238	1247	1232	1249	1281	1254	1260	1219	1235	1225	1274	1259	1276	1240	1278	1223	1289	1204	1281	1306	1213	1275	1204	1233	1278	1241	1219	1254	1249	1266	1234	1249	1238	1268	1261	1532.865023
1256	1261	1314	1228	1243	1291	1312	1316	1355	1301	1318	1283	1254	1278	1247	1305	1290	1307	1290	1305	1344	1240	1262	1286	1209	1280	1241	1255	1277	1260	1269	1255	1261	1252	1259	1268	1282	1228	1250	1283	1271	1313	1278	1286	1267	1247	1206	1273	1235	1241	1244	1254	1275	1208	1284	1260	1265	1252	1267	1250	1229	1255	1309	1237	1242	1265	1295	1225	1250	1255	1253	1200	1239	1286	1270	1240	1276	1255	1274	1268	1241	1245	1256	1262	1234	1256	1277	1281	1244	1267	1252	1273	1252	1234	1255	1255	1535.237872
1273	1300	1223	1285	1272	1272	1343	1351	1353	1238	1311	1298	1237	1263	1259	1316	1261	1286	1270	1277	1285	1256	1275	1262	1270	1249	1256	1248	1244	1244	1226	1284	1243	1270	1240	1254	1292	1231	1229	1260	1273	1271	1255	1273	1233	1263	1252	1297	1295	1303	1285	1274	1243	1248	1272	1270	1300	1275	1306	1274	1279	1259	1280	1238	1258	1257	1254	1268	1291	1263	1285	1256	1240	1252	1250	1232	1296	1237	1246	1245	1275	1290	1245	1237	1257	1259	1261	1252	1226	1267	1226	1270	1221	1267	1295	1239	1537.609717
1251	1254	1269	1285	1256	1266	1317	1352	1357	1265	1301	1283	1264	1282	1250	1290	1263	1328	1314	1286	1324	1303	1265	1282	1256	1233	1293	1267	1277	1267	1298	1252	1237	1318	1243	1293	1240	1271	1259	1250	1244	1298	1231	1270	1227	1261	1280	1250	1250	1262	1251	1270	1257	1255	1276	1235	1293	1259	1305	1294	1255	1272	1265	1265	1278	1262	1282	1290	1253	1292	1274	1249	1264	1294	1290	1233	1242	1222	1286	1278	1280	1290	1238	1240	1249	1229	1233	1250	1305	1225	1240	1260	1248	1225	1250	1266	1539.968016
1300	1271	1269	1238	1284	1296	1408	1338	1329	1294	1266	1326	1273	1292	1285	1303	1314	1269	1289	1288	1284	1328	1227	1268	1300	1280	1265	1307	1278	1296	1247	1263	1289	1254	1286	1280	1296	1236	1249	1290	1282	1300	1299	1358	1248	1272	1292	1291	1302	1284	1267	1257	1273	1279	1304	1248	1282	1281	1245	1247	1272	1305	1267	1291	1251	1302	1235	1271	1280	1218	1262	1287	1314	1255	1269	1267	1266	1324	1272	1308	1298	1269	1274	1257	1288	1239	1239	1266	1232	1260	1289	1215	1280	1294	1303	1278	1542.337859
1324	1296	1318	1289	1294	1279	1388	1398	1372	1300	1314	1256	1282	1246	1246	1275	1297	1328	1281	1302	1284	1259	1264	1330	1274	1268	1245	1270	1332	1259	1271	1302	1251	1271	1272	1265	1294	1329	1239	1281	1243	1277	1345	1278	1282	1250	1313	1295	1273	1259	1282	1270	1296	1316	1267	1272	1294	1280	1279	1295	1250	1251	1294	1266	1278	1292	1232	1265	1310	1280	1210	1224	1280	1334	1270	1266	1285	1269	1263	1281	1282	1279	1295	1284	1255	1242	1246	1322	1270	1247	1275	1259	1289	1276	1273	1245	1544.706699
1297	1278	1255	1316	1314	1322	1343	1341	1367	1344	1333	1292	1289	1235	1237	1332	1289	1329	1323	1330	1317	1294	1306	1272	1235	1302	1319	1303	1288	1289	1247	1268	1256	1313	1270	1308	1307	1264	1340	1303	1283	1270	1291	1288	1314	1284	1284	1305	1310	1316	1255	1285	1262	1269	1320	1273	1294	1304	1288	1303	1224	1275	1205	1302	1272	1292	1254	1264	1300	1258	1291	1308	1271	1282	1246	1244	1269	1256	1274	1304	1275	1282	1273	1282	1258	1276	1241	1380	1260	1283	1251	1297	1298	1300	1301	1255	1547.062011
1309	1281	1292	1290	1320	1298	1376	1386	1379	1331	1288	1317	1255	1289	1288	1307	1308	1362	1317	1327	1264	1292	1291	1303	1270	1252	1279	1298	1262	1289	1299	1245	1287	1286	1303	1294	1285	1300	1298	1261	1264	1276	1304	1285	1288	1276	1257	1246	1251	1282	1289	1277	1284	1250	1297	1316	1285	1291	1290	1268	1309	1309	1282	1303	1320	1333	1286	1289	1293	1308	1290	1267	1276	1284	1307	1313	1272	1288	1306	1279	1279	1325	1294	1260	1288	1267	1325	1264	1282	1271	1273	1271	1270	1270	1286	1267	1549.428852
1311	1323	1278	1308	1266	1334	1390	1385	1317	1311	1313	1306	1239	1297	1294	1272	1357	1326	1301	1344	1250	1274	1313	1294	1254	1290	1295	1319	1299	1295	1284	1288	1300	1328	1297	1311	1283	1302	1310	1273	1254	1318	1331	1241	1298	1256	1302	1301	1304	1304	1273	1260	1309	1289	1286	1300	1303	1288	1276	1321	1272	1328	1271	1271	1276	1271	1281	1251	1276	1332	1296	1304	1260	1302	1294	1297	1285	1305	1309	1285	1268	1274	1271	1256	1289	1254	1296	1289	1278	1302	1277	1315	1287	1253	1273	1307	1551.782178
1289	1323	1295	1292	1269	1271	1361	1401	1342	1340	1306	1299	1300	1294	1296	1331	1338	1305	1342	1296	1330	1301	1306	1318	1284	1261	1306	1343	1326	1325	1288	1324	1288	1275	1313	1258	1313	1265	1279	1295	1277	1282	1273	1314	1319	1243	1232	1273	1279	1301	1277	1308	1301	1292	1293	1306	1303	1334	1333	1290	1228	1321	1265	1312	1263	1241	1284	1290	1338	1311	1315	1279	1324	1317	1294	1288	1290	1304	1323	1277	1256	1301	1270	1306	1280	1278	1255	1266	1288	1307	1288	1293	1297	1304	1290	1287	1554.134514
1351	1283	1295	1327	1330	1343	1388	1368	1367	1294	1358	1334	1283	1327	1268	1310	1315	1340	1340	1323	1328	1292	1302	1313	1322	1311	1300	1290	1309	1351	1284	1288	1311	1306	1314	1300	1311	1266	1294	1295	1283	1263	1328	1291	1297	1292	1295	1330	1293	1242	1309	1293	1326	1324	1286	1332	1316	1307	1273	1300	1331	1270	1263	1265	1331	1315	1303	1279	1269	1303	1297	1288	1317	1330	1286	1305	1286	1330	1299	1335	1327	1329	1283	1298	1311	1302	1262	1338	1322	1289	1293	1252	1273	1276	1283	1311	1556.498365
1249	1342	1315	1340	1361	1290	1367	1407	1332	1329	1350	1306	1302	1290	1271	1336	1341	1324	1295	1335	1324	1324	1291	1303	1310	1294	1277	1334	1297	1368	1288	1322	1324	1298	1266	1350	1301	1333	1294	1372	1330	1354	1313	1318	1291	1314	1362	1289	1283	1308	1328	1317	1299	1299	1338	1342	1326	1307	1315	1319	1317	1297	1270	1317	1343	1294	1248	1312	1308	1313	1246	1297	1294	1307	1288	1292	1298	1309	1310	1302	1320	1310	1302	1286	1298	1283	1319	1284	1284	1280	1287	1300	1339	1304	1319	1319	1558.848718
1363	1326	1309	1326	1279	1328	1371	1400	1419	1337	1349	1366	1324	1329	1309	1367	1361	1384	1389	1352	1326	1361	1346	1322	1306	1296	1336	1335	1306	1338	1344	1315	1293	1332	1342	1306	1326	1337	1297	1283	1344	1339	1298	1342	1305	1314	1387	1340	1319	1295	1323	1316	1307	1332	1313	1302	1318	1322	1334	1325	1315	1332	1306	1349	1313	1317	1270	1292	1271	1348	1287	1285	1266	1345	1306	1266	1269	1325	1306	1375	1306	1301	1303	1336	1335	1320	1275	1298	1291	1345	1321	1272	1311	1290	1292	1343	1561.198083
1339	1342	1314	1376	1316	1331	1345	1379	1389	1394	1376	1326	1342	1326	1321	1332	1344	1286	1334	1336	1313	1312	1302	1323	1340	1258	1366	1309	1327	1300	1322	1401	1327	1315	1324	1352	1283	1344	1336	1322	1315	1319	1340	1308	1284	1313	1298	1284	1303	1306	1317	1319	1350	1261	1352	1288	1337	1330	1335	1405	1330	1297	1316	1341	1357	1302	1269	1302	1354	1347	1291	1310	1316	1331	1311	1271	1303	1303	1315	1311	1288	1331	1288	1346	1329	1271	1287	1364	1322	1290	1315	1331	1332	1336	1337	1338	1563.546462
1363	1313	1383	1315	1375	1349	1460	1445	1414	1305	1347	1324	1330	1320	1296	1367	1333	1343	1379	1335	1339	1326	1338	1317	1348	1287	1322	1324	1317	1364	1358	1338	1366	1356	1348	1334	1349	1324	1335	1358	1301	1330	1324	1268	1334	1342	1339	1304	1287	1310	1314	1318	1304	1335	1346	1375	1341	1334	1314	1315	1345	1316	1352	1373	1348	1334	1345	1307	1303	1338	1336	1312	1349	1331	1335	1331	1279	1351	1369	1319	1342	1332	1299	1356	1317	1324	1336	1321	1345	1385	1381	1300	1315	1347	1347	1377	1565.893853
1372	1355	1377	1345	1375	1380	1363	1437	1406	1338	1359	1368	1346	1301	1293	1366	1393	1338	1361	1363	1320	1344	1369	1286	1345	1376	1301	1346	1327	1349	1328	1326	1336	1353	1314	1361	1370	1353	1350	1322	1366	1398	1358	1331	1304	1342	1339	1324	1366	1322	1342	1353	1354	1301	1343	1366	1360	1314	1351	1331	1327	1386	1335	1313	1326	1329	1332	1312	1294	1369	1380	1319	1327	1374	1323	1307	1326	1321	1362	1354	1350	1282	1367	1341	1357	1327	1308	1335	1319	1285	1346	1352	1324	1344	1395	1333	1568.240259
1353	1341	1361	1368	1350	1333	1442	1473	1415	1364	1398	1326	1389	1300	1360	1356	1320	1400	1381	1363	1360	1370	1349	1342	1393	1364	1366	1337	1391	1362	1305	1299	1294	1374	1368	1366	1365	1365	1324	1372	1365	1309	1405	1376	1363	1344	1292	1343	1372	1362	1355	1312	1332	1347	1349	1390	1319	1314	1297	1361	1311	1371	1337	1319	1387	1375	1346	1373	1328	1388	1377	1389	1339	1360	1352	1363	1393	1325	1331	1385	1358	1361	1367	1315	1323	1341	1384	1363	1341	1350	1386	1342	1362	1352	1341	1313	1570.585679
1350	1365	1337	1381	1399	1352	1489	1445	1452	1374	1369	1425	1378	1386	1358	1368	1393	1385	1361	1387	1428	1389	1370	1354	1389	1358	1371	1328	1394	1339	1365	1349	1355	1387	1385	1375	1358	1336	1369	1327	1335	1351	1396	1388	1412	1343	1355	1336	1400	1322	1333	1394	1364	1396	1382	1375	1413	1340	1367	1359	1387	1365	1332	1359	1384	1375	1351	1331	1363	1340	1382	1351	1345	1335	1378	1372	1332	1366	1345	1397	1367	1369	1367	1338	1385	1411	1383	1373	1332	1363	1371	1367	1380	1361	1347	1382	1572.917647
1372	1375	1394	1408	1404	1379	1492	1460	1480	1389	1382	1393	1371	1371	1368	1390	1385	1361	1383	1358	1362	1374	1405	1404	1424	1394	1345	1384	1358	1363	1349	1405	1435	1366	1357	1351	1392	1384	1412	1418	1383	1356	1339	1344	1373	1362	1394	1391	1370	1375	1407	1384	1325	1374	1367	1358	1363	1369	1432	1389	1324	1343	1381	1354	1348	1344	1320	1338	1401	1378	1365	1382	1413	1371	1388	1383	1360	1368	1420	1417	1404	1373	1367	1382	1383	1372	1371	1379	1373	1445	1378	1334	1387	1357	1373	1357	1575.261104
1410	1417	1406	1430	1316	1389	1448	1424	1477	1424	1389	1393	1366	1417	1389	1400	1422	1402	1388	1409	1424	1360	1350	1355	1386	1416	1438	1360	1395	1402	1430	1398	1376	1401	1452	1404	1377	1425	1410	1462	1362	1421	1375	1416	1382	1417	1373	1374	1381	1394	1430	1400	1411	1420	1406	1391	1352	1391	1414	1418	1359	1378	1382	1404	1363	1420	1375	1369	1353	1362	1370	1409	1347	1393	1344	1398	1427	1378	1399	1408	1396	1408	1403	1392	1400	1389	1430	1375	1389	1421	1364	1390	1407	1389	1369	1393	1577.59112
1382	1478	1435	1399	1404	1413	1509	1489	1519	1470	1423	1441	1442	1403	1452	1426	1417	1388	1436	1468	1403	1428	1398	1422	1376	1412	1432	1402	1449	1402	1435	1369	1357	1449	1423	1437	1394	1421	1407	1413	1383	1410	1381	1428	1407	1403	1401	1402	1402	1388	1409	1402	1406	1410	1409	1422	1409	1395	1418	1434	1413	1443	1400	1412	1457	1436	1405	1414	1376	1409	1426	1415	1414	1448	1413	1428	1400	1380	1433	1425	1449	1433	1390	1414	1355	1366	1407	1420	1469	1384	1411	1407	1393	1405	1414	1420	1579.932615
1442	1486	1480	1461	1465	1495	1560	1538	1503	1475	1520	1452	1445	1427	1431	1472	1435	1474	1494	1472	1459	1483	1416	1466	1403	1407	1448	1459	1455	1471	1477	1467	1405	1400	1412	1451	1453	1413	1374	1412	1418	1491	1413	1424	1467	1453	1448	1418	1410	1465	1430	1462	1484	1455	1423	1459	1441	1480	1426	1455	1355	1478	1468	1462	1467	1445	1416	1428	1466	1436	1441	1425	1435	1417	1483	1422	1445	1395	1494	1440	1442	1435	1465	1404	1423	1427	1456	1476	1449	1469	1399	1407	1419	1500	1424	1438	1582.260682
1464	1408	1421	1455	1446	1456	1497	1496	1550	1430	1454	1484	1409	1438	1459	1432	1441	1459	1412	1460	1460	1409	1428	1460	1432	1445	1352	1474	1434	1372	1431	1422	1420	1477	1466	1471	1394	1486	1438	1464	1443	1430	1429	1447	1450	1408	1417	1446	1444	1475	1409	1469	1397	1426	1420	1414	1434	1443	1410	1453	1425	1430	1386	1406	1415	1436	1427	1425	1457	1442	1445	1405	1465	1444	1452	1443	1402	1420	1377	1425	1462	1410	1402	1436	1422	1422	1429	1406	1441	1432	1432	1451	1441	1450	1416	1404	1584.600219
1452	1414	1475	1441	1453	1420	1506	1486	1498	1393	1477	1380	1407	1446	1442	1493	1497	1462	1446	1478	1390	1431	1426	1441	1426	1441	1404	1463	1428	1432	1431	1377	1403	1388	1436	1435	1464	1423	1435	1432	1459	1453	1410	1426	1375	1367	1487	1445	1418	1434	1412	1379	1407	1459	1432	1453	1484	1386	1412	1392	1393	1390	1429	1458	1472	1427	1415	1457	1395	1455	1425	1382	1396	1420	1412	1429	1411	1419	1416	1437	1455	1387	1436	1479	1440	1429	1413	1452	1424	1375	1441	1407	1472	1425	1395	1423	1586.926339
1434	1421	1442	1400	1459	1426	1541	1533	1529	1458	1468	1494	1397	1385	1404	1460	1427	1463	1448	1449	1449	1416	1400	1398	1424	1570	1441	1444	1469	1415	1459	1435	1434	1478	1441	1449	1425	1435	1435	1457	1420	1368	1446	1428	1436	1434	1423	1431	1388	1417	1420	1430	1437	1437	1383	1440	1390	1424	1443	1413	1362	1457	1423	1440	1441	1478	1438	1423	1423	1404	1418	1455	1358	1406	1419	1406	1435	1435	1458	1447	1462	1430	1435	1429	1455	1418	1388	1464	1445	1419	1410	1443	1456	1414	1441	1393	1589.251488
1419	1454	1443	1446	1493	1445	1562	1534	1522	1492	1472	1493	1461	1491	1479	1513	1492	1438	1419	1481	1479	1461	1472	1449	1528	2914	1449	1399	1518	1453	1469	1431	1427	1449	1467	1455	1418	1437	1441	1439	1452	1444	1455	1432	1429	1414	1406	1369	1449	1390	1431	1428	1454	1445	1444	1460	1465	1487	1417	1482	1441	1408	1433	1456	1478	1479	1394	1423	1439	1408	1458	1445	1492	1404	1400	1430	1449	1504	1487	1493	1417	1426	1398	1398	1419	1451	1439	1429	1443	1414	1473	1466	1465	1450	1374	1459	1591.575668
1511	1445	1500	1513	1509	1466	1510	1571	1567	1441	1537	1521	1556	1466	1497	1487	1485	1504	1491	1487	1483	1513	1482	1470	1477	1642	1453	1501	1419	1471	1461	1433	1453	1467	1488	1517	1504	1503	1473	1502	1483	1495	1468	1442	1440	1470	1500	1437	1494	1473	1474	1471	1414	1484	1472	1497	1498	1494	1470	1477	1498	1498	1462	1475	1506	1455	1453	1443	1489	1455	1496	1471	1419	1461	1474	1521	1419	1476	1462	1495	1493	1474	1481	1450	1465	1405	1477	1467	1421	1448	1482	1436	1479	1479	1472	1482	1593.89888
1504	1547	1497	1551	1525	1521	1583	1590	1562	1498	1508	1571	1515	1523	1520	1545	1526	1529	1557	1547	1541	1460	1490	1472	1485	1538	1509	1507	1523	1463	1495	1529	1532	1510	1519	1523	1517	1474	1505	1429	1526	1540	1492	1540	1535	1487	1467	1869	1497	1514	1468	1492	1464	1477	1502	1532	1482	1532	1450	1503	1503	1497	1460	1488	1480	1518	1498	1568	1505	1507	1479	1497	1496	1472	1510	1508	1528	1465	1498	1544	1493	1500	1456	1478	1489	1506	1443	1472	1539	1504	1557	1503	1518	1514	1520	1472	1596.221123
1580	1553	1560	1557	1547	1572	1653	1597	1646	1638	1590	1562	1584	1550	1623	1607	1597	1596	1549	1579	1563	1595	1519	1601	1513	1524	1566	1574	1556	1578	1524	1576	1559	1566	1546	1565	1537	1570	1601	1547	1518	1548	1575	1562	1576	1606	1582	7844	1560	1558	1550	1543	1517	1571	1564	1543	1608	1536	1567	1518	1596	1523	1504	1549	1551	1557	1522	1536	1499	1576	1547	1538	1560	1570	1564	1527	1501	1545	1548	1566	1534	1565	1585	1549	1549	1535	1568	1553	1497	1508	1579	1589	1540	1561	1577	1554	1598.542399
1594	1644	1631	1623	1623	1670	1684	1659	1717	1623	1652	1621	1627	1673	1608	1656	1668	1622	1663	1619	1631	1622	1585	1589	1558	1624	1644	1637	1651	1600	1595	1594	1569	1585	1599	1557	1624	1578	1674	1593	1654	1596	1637	1607	1590	1577	1602	1596	1625	1637	1674	1581	1588	1581	1679	1631	1594	1656	1603	1656	1567	1615	1613	1607	1630	1606	1622	1625	1628	1561	1545	1589	1612	1604	1594	1592	1602	1578	1595	1621	1628	1625	1590	1630	1649	1613	1592	1623	1608	1639	1599	1553	1600	1610	1663	1613	1600.862708
1675	1662	1670	1637	1643	1609	1699	1737	1654	1609	1671	1671	1643	1656	1626	1709	1603	1635	1630	1634	1645	1590	1627	1663	1650	1582	1602	1593	1636	1619	1662	1633	1651	1654	1638	1616	1650	1640	1652	1665	1658	1602	1646	1632	1602	1566	1620	1649	1623	1670	1603	1641	1553	1593	1614	1642	1615	1663	1604	1604	1593	1602	1633	1624	1614	1615	1561	1609	1624	1627	1603	1575	1600	1625	1575	1625	1621	1606	1637	1616	1632	1653	1623	1611	1573	1603	1637	1621	1611	1607	1589	1631	1648	1624	1591	1596	1603.18205
1634	1602	1615	1579	1560	1626	1651	1663	1679	1591	1610	1633	1576	1588	1547	1638	1646	1633	1595	1595	1602	1534	1564	1595	1612	1580	1588	1603	1586	1601	1617	1559	1567	1624	1610	1611	1587	1593	1600	1614	1606	1584	1633	1632	1590	1622	1574	1601	1610	1606	1592	1601	1583	1611	1598	1596	1618	1560	1598	1585	1628	1552	1534	1545	1604	1605	1563	1574	1565	1568	1574	1639	1567	1635	1593	1614	1540	1544	1604	1613	1596	1572	1612	1654	1591	1580	1552	1594	1587	1605	1552	1571	1649	1602	1614	1556	1605.500427
1604	1555	1585	1601	1554	1616	1619	1610	1616	1594	1574	1599	1568	1549	1543	1600	1553	1580	1571	1526	1640	1517	1583	1533	1571	1557	1563	1551	1608	1577	1554	1509	1542	1590	1600	1599	1530	1556	1566	1605	1565	1574	1547	1548	1526	1611	1540	1565	1566	1550	1593	1561	1546	1515	1587	1533	1627	1564	1540	1546	1538	1568	1491	1569	1544	1513	1575	1537	1546	1569	1527	1515	1570	1551	1583	1531	1530	1561	1529	1547	1561	1530	1515	1597	1560	1570	1516	1571	1554	1528	1514	1542	1559	1529	1539	1558	1607.805448
1518	1601	1541	1594	1570	1566	1670	1637	1606	1599	1552	1519	1559	1580	1532	1571	1529	1597	1586	1592	1573	1536	1534	1547	1509	1558	1588	1534	1563	1539	1541	1527	1528	1572	1532	1495	1541	1560	1564	1531	1543	1552	1515	1603	1560	1537	1533	1542	1585	1549	1576	1517	1542	1509	1531	1556	1499	1523	1560	1558	1504	1538	1555	1582	1530	1541	1523	1533	1504	1547	1523	1581	1551	1512	1565	1599	1548	1527	1531	1573	1556	1553	1530	1531	1516	1522	1565	1518	1535	1532	1604	1500	1568	1565	1558	1546	1610.1219
1589	1548	1573	1584	1537	1579	1603	1671	1694	1557	1574	1576	1582	1539	1533	1552	1608	1524	1573	1521	1566	1516	1535	1558	1514	1561	1508	1570	1543	1581	1506	1544	1520	1579	1546	1504	1547	1519	1542	1562	1533	1545	1601	1514	1507	1510	1526	1547	1551	1529	1528	1532	1537	1543	1570	1557	1536	1575	1560	1535	1497	1556	1541	1611	1527	1569	1488	1506	1509	1596	1549	1547	1543	1551	1533	1530	1535	1539	1552	1586	1536	1560	1524	1528	1539	1494	1558	1532	1483	1551	1551	1544	1527	1508	1526	1491	1612.425009
1558	1572	1565	1480	1577	1605	1612	1612	1571	1612	1559	1542	1528	1494	1566	1586	1566	1617	1602	1536	1591	1587	1632	1547	1551	1580	1589	1565	1559	1607	1556	1588	1563	1635	1563	1521	1522	1567	1542	1552	1504	1539	1536	1539	1536	1567	1537	1526	1594	1506	1547	1556	1540	1495	1535	1506	1573	1465	1544	1539	1534	1524	1531	1532	1607	1564	1550	1569	1489	1579	1531	1543	1517	1473	1540	1538	1557	1568	1550	1526	1490	1584	1515	1520	1519	1519	1552	1513	1512	1567	1588	1536	1550	1523	1521	1514	1614.739539
1585	1568	1558	1576	1593	1571	1633	1675	1599	1581	1581	1579	1554	1571	1551	1598	1572	1591	1555	1596	1571	1580	1545	1548	1552	1520	1554	1593	1547	1508	1553	1549	1508	1537	1557	1562	1566	1530	1525	1577	1577	1517	1584	1563	1571	1565	1609	1513	1555	1516	1568	1546	1579	1518	1581	1555	1581	1522	1615	1538	1537	1573	1550	1500	1552	1523	1514	1515	1549	1592	1603	1542	1565	1508	1607	1585	1544	1554	1592	1591	1529	1574	1584	1564	1560	1550	1540	1587	1493	1526	1549	1579	1546	1546	1567	1564	1617.040737
1601	1576	1585	1597	1578	1586	1606	1659	1610	1629	1610	1543	1589	1600	1546	1577	1560	1594	1558	1609	1575	1613	1552	1576	1586	1586	1530	1573	1580	1575	1590	1551	1556	1575	1582	1585	1559	1574	1536	1573	1553	1565	1612	1575	1548	1545	1564	1497	1598	1633	1540	1563	1531	1578	1572	1565	1640	1572	1562	1521	1536	1540	1586	1576	1543	1573	1552	1589	1547	1519	1529	1597	1596	1572	1525	1561	1519	1546	1593	1568	1560	1591	1550	1555	1487	1569	1511	1574	1550	1554	1574	1539	1573	1531	1508	1552	1619.340983
1629	1656	1580	1590	1591	1613	1743	1679	1643	1543	1633	1575	1587	1530	1600	1564	1587	1573	1576	1626	1522	1631	1539	1498	1561	1560	1553	1586	1594	1639	1558	1588	1522	1592	1548	1619	1561	1563	1567	1566	1560	1513	1561	1603	1580	1567	1575	1563	1593	1560	1554	1566	1616	1599	1554	1639	1579	1580	1542	1600	1568	1543	1581	1632	1606	1566	1630	1543	1576	1565	1577	1553	1597	1593	1623	1587	1561	1555	1600	1558	1574	1556	1522	1550	1574	1568	1544	1559	1588	1559	1537	1569	1554	1537	1617	1527	1621.640277
1599	1603	1566	1565	1604	1639	1642	1698	1671	1585	1596	1606	1596	1581	1630	1610	1638	1650	1565	1605	1613	1590	1533	1581	1600	1583	1588	1626	1555	1625	1611	1630	1607	1612	1587	1580	1581	1600	1590	1569	1585	1640	1580	1519	1608	1598	1615	1565	1606	1574	1613	1626	1608	1612	1639	1634	1593	1628	1602	1541	1611	1556	1620	1590	1559	1589	1581	1592	1582	1628	1569	1603	1558	1576	1628	1623	1607	1577	1607	1554	1598	1592	1591	1563	1607	1576	1590	1624	1571	1625	1599	1620	1600	1615	1561	1611	1623.938621
1601	1625	1597	1592	1652	1628	1668	1705	1697	1608	1618	1565	1549	1592	1572	1586	1579	1647	1616	1601	1572	1629	1544	1594	1561	1604	1615	1566	1593	1609	1586	1576	1597	1593	1593	1627	1617	1628	1555	1598	1584	1640	1653	1609	1594	1582	1581	1621	1613	1577	1577	1590	1575	1570	1642	1630	1651	1614	1619	1635	1623	1568	1614	1540	1592	1582	1601	1606	1614	1622	1542	1581	1576	1591	1571	1607	1605	1597	1606	1606	1638	1620	1600	1662	1595	1596	1596	1635	1603	1568	1616	1596	1545	1605	1556	1594	1626.236015
1648	1625	1628	1584	1596	1610	1641	1656	1642	1584	1600	1622	1570	1624	1601	1638	1580	1643	1652	1553	1634	1597	1607	1592	1584	1635	1584	1586	1580	1641	1647	1599	1593	1651	1583	1594	1624	1573	1609	1651	1629	1594	1557	1620	1641	1588	1576	1602	1647	1631	1605	1633	1559	1582	1593	1575	1661	1586	1580	1589	1624	1614	1623	1616	1666	1610	1604	1610	1579	1581	1556	1600	1631	1631	1593	1592	1559	1570	1606	1619	1609	1645	1630	1565	1600	1604	1593	1611	1601	1614	1575	1613	1619	1587	1603	1591	1628.532459
1597	1625	1629	1630	1604	1683	1674	1666	1700	1656	1599	1683	1624	1559	1604	1611	1663	1597	1592	1616	1666	1623	1655	1586	1611	1625	1612	1644	1642	1584	1629	1625	1623	1596	1603	1594	1627	1686	1563	1637	1632	1592	1605	1572	1598	1599	1619	1587	1575	1562	1584	1592	1647	1604	1660	1633	1596	1559	1553	1631	1584	1593	1646	1588	1629	1569	1578	1589	1605	1615	1603	1569	1608	1662	1622	1590	1599	1590	1644	1677	1611	1588	1588	1590	1644	1571	1557	1593	1596	1612	1592	1594	1586	1619	1606	1550	1630.827955
1638	1620	1650	1597	1694	1675	1681	1686	1745	1624	1692	1605	1601	1606	1598	1623	1624	1624	1666	1673	1592	1587	1595	1640	1602	1604	1597	1571	1565	1629	1594	1585	1637	1609	1580	1598	1652	1598	1597	1583	1550	1608	1614	1593	1624	1644	1594	1544	1626	1593	1609	1587	1602	1632	1636	1637	1632	1613	1590	1592	1623	1597	1610	1627	1661	1604	1559	1640	1646	1609	1616	1637	1612	1585	1572	1590	1604	1636	1628	1614	1578	1624	1568	1545	1619	1629	1590	1640	1601	1576	1636	1623	1579	1622	1582	1611	1633.122502
1633	1577	1639	1627	1602	1614	1677	1755	1699	1627	1643	1620	1570	1580	1579	1577	1637	1554	1615	1624	1655	1523	1565	1597	1583	1607	1540	1577	1586	1544	1589	1615	1600	1644	1654	1630	1599	1555	1604	1638	1587	1599	1619	1535	1596	1604	1555	1612	1613	1606	1626	1605	1567	1586	1559	1617	1616	1587	1594	1592	1565	1557	1587	1512	1606	1592	1613	1591	1559	1550	1665	1598	1597	1594	1614	1579	1557	1622	1667	1619	1598	1557	1584	1600	1554	1571	1621	1624	1576	1628	1510	1586	1676	1569	1589	1609	1635.416101
1623	1649	1643	1645	1622	1555	1631	1673	1663	1647	1596	1655	1554	1586	1616	1598	1590	1598	1594	1638	1605	1588	1573	1634	1632	1569	1573	1626	1592	1640	1552	1583	1593	1600	1559	1584	1572	1569	1637	1614	1590	1573	1645	1633	1615	1599	1565	1619	1625	1549	1599	1555	1598	1582	1621	1635	1611	1635	1536	1638	1609	1600	1577	1572	1569	1569	1602	1558	1574	1592	1624	1613	1587	1600	1570	1625	1607	1597	1648	1590	1568	1589	1560	1640	1575	1599	1570	1680	1646	1564	1629	1592	1628	1565	1582	1599	1637.69643
1617	1586	1619	1581	1573	1588	1661	1634	1657	1644	1597	1583	1631	1643	1551	1644	1642	1635	1633	1548	1601	1597	1598	1553	1608	1597	1520	1538	1615	1592	1599	1571	1570	1560	1606	1573	1510	1531	1559	1617	1556	1606	1591	1589	1601	1579	1562	1604	1557	1576	1566	1573	1613	1586	1623	1595	1536	1528	1563	1598	1558	1629	1560	1598	1562	1567	1579	1560	1606	1562	1548	1591	1583	1572	1580	1621	1584	1617	1585	1597	1541	1568	1607	1560	1605	1573	1552	1568	1552	1578	1554	1556	1618	1570	1602	1558	1639.98814
1561	1570	1666	1600	1613	1567	1694	1653	1636	1599	1606	1566	1561	1555	1566	1629	1573	1576	1593	1603	1554	1594	1625	1589	1567	1547	1609	1570	1588	1585	1558	1540	1576	1591	1565	1575	1610	1568	1570	1561	1560	1552	1605	1619	1609	1545	1600	1570	1638	1640	1556	1578	1574	1564	1539	1552	1520	2953	1606	1532	1575	1602	1545	1580	1564	1575	1579	1603	1563	1601	1607	1541	1579	1576	1635	1584	1567	1593	1612	1569	1591	1588	1596	1566	1553	1605	1572	1555	1643	1584	1559	1552	1567	1573	1575	1543	1642.266591
1596	1578	1589	1596	1617	1602	1670	1648	1649	1585	1601	1614	1561	1560	1605	1669	1620	1616	1602	1635	1626	1585	1569	1537	1555	1536	1569	1573	1580	1534	1591	1584	1593	1579	1573	1568	1587	1569	1597	1567	1559	1513	1590	1597	1599	1610	1519	1495	1575	1567	1556	1566	1553	1601	1595	1561	1592	2570	1572	1629	1595	1544	1608	1616	1584	1553	1526	1582	1618	1553	1569	1558	1564	1570	1511	1592	1572	1529	1615	1585	1597	1593	1488	1558	1614	1531	1570	1555	1585	1588	1591	1534	1550	1556	1559	1573	1644.556416
1618	1567	1600	1602	1558	1572	1660	1598	1635	1560	1582	1614	1546	1562	1583	1580	1603	1598	1587	1600	1582	1557	1535	1583	1553	1556	1510	1545	1617	1599	1571	1591	1577	1564	1592	1553	1574	1581	1570	1524	1551	1605	1583	1575	1593	1545	1540	1624	1571	1596	1531	1663	1522	1562	1547	1516	1557	1538	1545	1561	1531	1578	1574	1561	1540	1579	1526	1557	1572	1573	1577	1571	1544	1551	1562	1581	1553	1527	1633	1598	1589	1555	1595	1579	1537	1528	1557	1587	1601	1607	1585	1535	1567	1525	1618	1593	1646.832992
1600	1565	1582	1584	1550	1591	1674	1671	1651	1550	1575	1534	1609	1573	1567	1590	1619	1609	1583	1540	1628	1577	1552	1589	1588	1615	1541	1559	1515	1555	1556	1600	1556	1532	1600	1562	1558	1585	1539	1519	1499	1570	1569	1572	1579	1569	1585	1598	1492	1568	1602	1588	1511	1528	1546	1587	1554	1581	1516	1598	1575	1495	1554	1616	1574	1588	1535	1539	1561	1562	1523	1539	1529	1558	1536	1562	1576	1495	1504	1564	1560	1571	1538	1562	1547	1601	1627	1551	1532	1552	1537	1541	1563	1522	1534	1566	1649.108634
1539	1542	1623	1593	1576	1599	1666	1577	1613	1574	1621	1542	1559	1566	1612	1560	1628	1601	1594	1571	1618	1576	1592	1519	1598	1501	1598	1554	1559	1555	1553	1556	1545	1579	1555	1576	1557	1527	1572	1538	1578	1548	1566	1569	1489	1562	1557	1570	1508	1549	1591	1537	1563	1516	1570	1568	1553	1543	1537	1507	1619	1524	1600	1545	1508	1506	1563	1598	1553	1546	1539	1532	1544	1540	1531	1532	1558	1544	1532	1556	1529	1517	1540	1561	1518	1517	1517	1501	1604	1549	1543	1576	1615	1541	1535	1553	1651.395636
1597	1556	1564	1560	1607	1561	1653	1612	1614	1572	1630	1574	1544	1555	1472	1551	1541	1596	1549	1568	1561	1581	1570	1511	1578	1510	1554	1578	1510	1541	1525	1555	1578	1574	1535	1557	1550	1515	1598	1541	1573	1580	1541	1563	1581	1543	1545	1571	1589	1537	1616	1506	1542	1559	1561	1537	1576	1564	1535	1563	1567	1547	1542	1591	1548	1535	1558	1600	1538	1531	1545	1572	1542	1530	1515	1533	1532	1587	1586	1556	1563	1564	1528	1509	1560	1629	1540	1519	1543	1588	1559	1528	1551	1574	1580	1560	1653.669406
1511	1563	1491	1575	1521	1601	1662	1603	1598	1547	1543	1582	1542	1561	1525	1551	1565	1563	1581	1569	1574	1546	1569	1542	1513	1542	1506	1572	1534	1528	1562	1556	1537	1532	1568	1541	1562	1567	1555	1502	1525	1541	1567	1522	1530	1519	1550	1550	1563	1554	1505	1515	1529	1550	1563	1512	1571	1557	1547	1524	1515	1486	1538	1505	1549	1523	1538	1540	1503	1533	1534	1505	1531	1537	1535	1580	1558	1555	1548	1502	1540	1494	1515	1531	1539	1536	1530	1505	1530	1546	1539	1509	1485	1509	1494	1492	1655.942244
1495	1530	1550	1558	1586	1585	1628	1632	1564	1531	1520	1578	1499	1516	1542	1529	1577	1526	1563	1532	1542	1492	1557	1546	1513	1535	1531	1500	1579	1562	1510	1548	1507	1523	1573	1517	1519	1493	1559	1526	1498	1521	1498	1553	1532	1540	1519	1505	1557	1501	1521	1525	1525	1502	1590	1495	1522	1542	1478	1594	1524	1522	1475	1537	1509	1547	1520	1563	1567	1514	1558	1519	1546	1523	1551	1496	1533	1529	1543	1522	1549	1515	1567	1592	1580	1522	1565	1579	1553	1560	1547	1528	1536	1532	1554	1515	1658.21415
1514	1538	1559	1518	1527	1522	1561	1517	1593	1522	1547	1559	1515	1517	1530	1526	1538	1489	1575	1510	1527	1532	1477	1542	1507	1501	1553	1532	1528	1543	1516	1468	1502	1489	1497	1543	1512	1512	1551	1525	1516	1513	1524	1511	1516	1502	1508	1532	1507	1558	1550	1540	1507	1561	1502	1517	1498	1545	1548	1492	1481	1521	1494	1506	1550	1476	1516	1529	1505	1484	1500	1507	1548	1551	1508	1510	1515	1525	1518	1532	1503	1509	1465	1533	1475	1511	1564	1491	1497	1520	1489	1517	1488	1493	1519	1517	1660.485125
1477	1520	1502	1532	1560	1515	1581	1636	1609	1561	1540	1482	1461	1522	1496	1535	1517	1545	1524	1495	1490	1438	1510	1441	1475	1534	1499	1452	1506	1473	1471	1497	1536	1470	1534	1475	1498	1514	1453	1470	1565	1489	1463	1522	1539	1485	1488	1510	1508	1499	1452	1467	1463	1518	1530	1514	1484	1521	1523	1525	1486	1483	1495	1518	1508	1508	1474	1513	1480	1516	1447	1490	1485	1471	1504	1507	1517	1516	1460	1508	1526	1487	1471	1465	1511	1484	1434	1465	1515	1467	1494	1494	1490	1491	1477	1471	1662.75517
1424	1510	1479	1501	1517	1466	1547	1588	1529	1513	1517	1519	1446	1511	1478	1486	1500	1480	1465	1513	1476	1491	1503	1458	1471	1449	1459	1494	1522	1526	1472	1479	1468	1546	1544	1469	1502	1499	1453	1461	1514	1478	1501	1470	1460	1488	1487	1501	1476	1444	1480	1527	1513	1456	1485	1441	1463	1503	1447	1482	1480	1463	1471	1501	1465	1480	1498	1467	1438	1490	1451	1470	1482	1406	1438	1495	1526	1467	1476	1505	1474	1506	1472	1449	1501	1457	1468	1428	1494	1465	1527	1448	1473	1500	1442	1465	1665.012021
1473	1501	1451	1479	1491	1438	1531	1517	1554	1471	1484	1487	1447	1484	1433	1482	1442	1435	1539	1482	1483	1483	1468	1472	1447	1451	1455	1461	1435	1478	1440	1399	1435	1486	1457	1440	1425	1435	1472	1437	1452	1444	1449	1488	1434	1439	1433	1449	1489	1451	1481	1437	1474	1465	1440	1455	1431	1485	1492	1448	1475	1448	1486	1469	1479	1456	1432	1484	1460	1419	1499	1507	1464	1441	1421	1450	1504	1489	1427	1461	1420	1452	1398	1440	1468	1417	1468	1420	1452	1467	1440	1432	1444	1425	1446	1455	1667.28021
1455	1445	1419	1447	1467	1455	1534	1482	1514	1473	1478	1454	1473	1427	1386	1442	1469	1457	1463	1446	1479	1482	1434	1453	1429	1418	1461	1433	1427	1438	1439	1438	1425	1485	1449	1397	1392	1453	1457	1474	1439	1457	1497	1410	1453	1445	1427	1389	1490	1441	1450	1444	1430	1414	1498	1413	1423	1434	1418	1422	1424	1414	1449	1410	1455	1411	1437	1366	1469	1430	1388	1442	1468	1449	1473	1468	1416	1467	1454	1463	1474	1433	1461	1396	1443	1440	1395	1452	1420	1439	1441	1414	1429	1474	1420	1440	1669.547471
1407	1439	1441	1463	1491	1447	1479	1459	1509	1438	1450	1414	1409	1404	1404	1429	1432	1445	1450	1411	1427	1460	1396	1415	1416	1417	1428	1416	1462	1437	1422	1387	1435	1427	1425	1392	1389	1364	1426	1417	1434	1400	1455	1396	1403	1395	1460	1439	1381	1398	1401	1392	1416	1424	1412	1420	1418	1425	1394	1390	1402	1425	1387	1428	1394	1417	1407	1351	1427	1384	1381	1419	1430	1386	1395	1403	1410	1425	1435	1433	1426	1419	1418	1406	1424	1348	1374	1416	1421	1423	1353	1425	1441	1415	1407	1414	1671.801556
1453	1423	1418	1404	1442	1410	1484	1446	1480	1434	1397	1406	1425	1422	1394	1441	1459	1405	1420	1432	1427	1410	1415	1429	1403	1397	1433	1431	1375	1423	1429	1384	1393	1387	1363	1399	1464	1400	1404	1422	1401	1373	1397	1429	1413	1415	1368	1386	1401	1370	1440	1377	1365	1450	1474	1428	1427	1387	1378	1417	1372	1425	1416	1382	1376	1390	1362	1399	1423	1384	1395	1438	1410	1365	1406	1410	1389	1380	1387	1413	1402	1380	1450	1375	1372	1443	1420	1408	1376	1392	1396	1378	1399	1390	1415	1403	1674.066965
1405	1408	1414	1433	1337	1381	1421	1494	1466	1383	1378	1477	1380	1351	1373	1400	1466	1403	1414	1371	1453	1377	1405	1387	1411	1380	1337	1408	1394	1385	1405	1381	1435	1402	1419	1367	1394	1444	1431	1399	1392	1380	1388	1392	1356	1418	1402	1362	1365	1369	1379	1389	1396	1312	1412	1401	1397	1426	1366	1404	1387	1361	1372	1410	1373	1380	1367	1378	1414	1377	1376	1397	1390	1381	1367	1412	1381	1378	1415	1365	1421	1361	1340	1376	1398	1407	1362	1412	1398	1388	1352	1342	1415	1349	1377	1393	1676.319209
1407	1330	1429	1359	1398	1360	1450	1466	1390	1365	1380	1387	1349	1392	1342	1435	1380	1369	1387	1396	1381	1379	1386	1377	1368	1375	1412	1367	1362	1367	1421	1346	1348	1389	1375	1389	1407	1384	1420	1354	1425	1435	1419	1344	1389	1389	1371	1371	1386	1361	1387	1390	1361	1367	1398	1402	1408	1339	1310	1338	1401	1381	1400	1411	1361	1391	1379	1338	1353	1366	1382	1371	1384	1337	1348	1392	1371	1352	1403	1379	1357	1354	1365	1395	1354	1361	1344	1376	1384	1392	1382	1335	1394	1366	1369	1362	1678.58277
1338	1361	1371	1402	1371	1363	1405	1406	1442	1420	1418	1371	1367	1366	1362	1422	1397	1386	1365	1397	1414	1359	1387	1386	1397	1364	1371	1397	1351	1374	1356	1371	1399	1387	1415	1366	1379	1304	1376	1359	1322	1325	1413	1394	1407	1400	1408	1372	1384	1310	1424	1355	1354	1388	1366	1371	1394	1378	1409	1339	1392	1342	1342	1366	1366	1362	1440	1350	1371	1389	1364	1360	1367	1363	1387	1367	1379	1364	1373	1425	1359	1337	1368	1348	1362	1380	1328	1340	1415	1345	1375	1375	1417	1387	1309	1353	1680.833176
1387	1363	1345	1387	1325	1362	1387	1427	1433	1409	1341	1349	1366	1377	1342	1382	1371	1338	1391	1382	1400	1352	1338	1369	1342	1409	1375	1342	1370	1380	1383	1355	1358	1350	1399	1337	1372	1333	1353	1375	1396	1378	1332	1384	1370	1343	1366	1379	1325	1346	1360	1304	1333	1333	1364	1398	1376	1384	1303	1377	1329	1350	1315	1361	1399	1340	1358	1343	1307	1348	1353	1351	1346	1340	1317	1330	1355	1358	1324	1327	1358	1342	1354	1361	1329	1319	1277	1378	1366	1359	1326	1326	1379	1327	1355	1392	1683.082667
1368	1360	1355	1381	1365	1372	1397	1426	1378	1364	1350	1348	1359	1317	1333	1371	1355	1340	1363	1337	1352	1339	1375	1405	1343	1358	1319	1302	1376	1313	1343	1359	1354	1385	1329	1342	1376	1349	1349	1353	1370	1364	1384	1355	1389	1336	1355	1348	1383	1331	1363	1323	1327	1303	1327	1351	1334	1369	1350	1297	1341	1325	1336	1331	1325	1362	1311	1295	1310	1363	1361	1330	1390	1346	1352	1376	1372	1320	1346	1315	1353	1319	1375	1309	1363	1304	1366	1343	1332	1355	1290	1349	1383	1381	1301	1339	1685.331243
1347	1339	1366	1339	1336	1329	1409	1368	1377	1338	1336	1367	1335	1354	1309	1358	1309	1342	1390	1382	1392	1357	1309	1294	1312	1363	1315	1345	1297	1305	1304	1409	1342	1347	1372	1319	1339	1312	1354	1345	1307	1341	1367	1307	1349	1322	1364	1310	1326	1280	1316	1314	1309	1334	1345	1354	1340	1341	1330	1335	1324	1307	1292	1330	1313	1337	1350	1324	1329	1301	1300	1297	1305	1309	1311	1333	1305	1363	1328	1340	1332	1311	1358	1374	1316	1345	1316	1318	1348	1369	1374	1326	1323	1321	1342	1330	1687.578904
1310	1316	1326	1325	1333	1331	1381	1381	1338	1370	1322	1312	1304	1314	1288	1341	1337	1328	1343	1351	1345	1361	1291	1278	1312	1322	1354	1349	1298	1314	1302	1317	1327	1328	1282	1377	1332	1299	1304	1303	1286	1284	1359	1318	1353	1309	1321	1275	1295	1307	1275	1350	1337	1313	1304	1282	1292	1326	1320	1318	1338	1326	1292	1298	1318	1322	1287	1304	1320	1328	1314	1291	1304	1325	1301	1310	1345	1291	1330	1300	1303	1332	1292	1304	1292	1287	1273	1281	1313	1291	1277	1334	1309	1316	1286	1262	1689.825652
1275	1320	1288	1289	1301	1294	1336	1363	1349	1292	1349	1288	1300	1296	1309	1337	1328	1280	1285	1309	1291	1275	1304	1270	1321	1313	1312	1287	1319	1317	1277	1334	1285	1329	1267	1352	1299	1297	1307	1281	1312	1275	1281	1322	1305	1308	1279	1294	1321	1307	1277	1322	1256	1288	1296	1351	1326	1278	1264	1288	1311	1256	1322	1340	1283	1291	1274	1280	1274	1284	1291	1308	1297	1318	1238	1280	1293	1284	1269	1256	1276	1303	1263	1276	1304	1297	1235	1273	1276	1301	1332	1334	1323	1308	1304	1265	1692.071486
1281	1274	1341	1278	1267	1280	1362	1344	1371	1280	1347	1297	1300	1285	1267	1304	1288	1233	1293	1297	1299	1267	1277	1288	1278	1265	1253	1302	1315	1246	1317	1277	1268	1307	1291	1254	1262	1285	1285	1280	1281	1297	1335	1297	1274	1266	1267	1290	1253	1269	1289	1259	1276	1275	1294	1266	1256	1296	1223	1292	1251	1281	1261	1285	1287	1320	1263	1289	1278	1269	1290	1234	1250	1262	1318	1266	1237	1311	1275	1269	1311	1275	1283	1295	1291	1281	1258	1257	1302	1293	1315	1253	1249	1271	1286	1244	1694.316407
1284	1301	1303	1239	1283	1264	1324	1338	1303	1234	1286	1324	1302	1264	1219	1349	1303	1269	1294	1265	1268	1250	1274	1252	1211	1268	1248	1257	1235	1272	1256	1245	1240	1278	1261	1308	1275	1230	1240	1283	1244	1259	1247	1268	1237	1253	1242	1268	1263	1281	1253	1274	1254	1235	1282	1240	1281	1221	1281	1243	1243	1257	1223	1296	1256	1204	1274	1254	1290	1263	1193	1218	1237	1282	1263	1243	1275	1273	1252	1281	1239	1231	1233	1260	1255	1258	1248	1277	1268	1262	1250	1265	1247	1242	1236	1235	1696.560416
1249	1286	1244	1242	1249	1244	1282	1301	1295	1240	1268	1200	1223	1269	1219	1226	1273	1265	1236	1233	1246	1198	1259	1212	1242	1244	1224	1245	1239	1269	1243	1241	1246	1216	1255	1238	1239	1201	1246	1223	1201	1234	1269	1246	1279	1219	1262	1239	1232	1210	1207	1248	1235	1226	1217	1226	1258	1267	1211	1232	1187	1235	1216	1224	1249	1241	1223	1228	1239	1240	1229	1227	1223	1267	1246	1210	1222	1243	1235	1187	1248	1227	1231	1216	1236	1229	1180	1262	1217	1227	1222	1210	1237	1231	1241	1227	1698.791326
1193	1247	1245	1210	1208	1244	1264	1224	1255	1245	1215	1253	1209	1222	1258	1232	1232	1233	1227	1279	1260	1263	1222	1225	1227	1234	1217	1202	1239	1266	1221	1231	1208	1221	1225	1245	1212	1214	1240	1185	1217	1207	1214	1224	1216	1237	1186	1228	1234	1218	1219	1209	1236	1192	1194	1230	1237	1244	1216	1201	1238	1218	1209	1217	1252	1237	1229	1246	1215	1233	1196	1231	1155	1185	1193	1195	1223	1226	1204	1257	1191	1179	1195	1194	1193	1233	1186	1177	1208	1237	1199	1240	1212	1171	1242	1225	1701.033517
1202	1172	1228	1233	1197	1192	1249	1222	1247	1235	1229	1226	1163	1202	1174	1221	1234	1268	1195	1224	1234	1236	1209	1199	1213	1235	1222	1236	1243	1194	1184	1229	1225	1167	1239	1262	1216	1226	1218	1208	1194	1192	1208	1220	1239	1214	1201	1174	1253	1222	1208	1220	1200	1233	1186	1206	1212	1236	1214	1214	1244	1202	1219	1219	1237	1205	1214	1213	1223	1223	1257	1204	1244	1211	1216	1185	1214	1211	1176	1236	1193	1192	1219	1181	1203	1189	1166	1210	1216	1210	1196	1239	1214	1221	1228	1204	1703.262619
1192	1194	1233	1224	1197	1206	1249	1243	1267	1234	1168	1237	1209	1209	1236	1191	1240	1207	1179	1230	1202	1185	1188	1163	1256	1193	1192	1205	1180	1176	1162	1165	1190	1168	1192	1176	1166	1172	1179	1200	1185	1221	1167	1177	1197	1228	1172	1221	1204	1184	1203	1180	1148	1176	1183	1205	1204	1234	1208	1176	1214	1179	1153	1227	1198	1188	1183	1163	1204	1173	1150	1202	1219	1217	1180	1197	1211	1184	1231	1195	1205	1182	1227	1221	1171	1184	1154	1157	1176	1186	1205	1192	1220	1201	1197	1164	1705.502995
1194	1202	1195	1168	1210	1190	1247	1250	1269	1210	1198	1244	1173	1167	1143	1236	1245	1234	1209	1232	1210	1168	1188	1182	1152	1193	1235	1174	1201	1166	1208	1159	1183	1167	1192	1186	1185	1148	1170	1152	1164	1172	1176	1206	1181	1200	1186	1180	1210	1139	1165	1178	1200	1151	1184	1187	1192	1161	1213	1165	1131	1192	1160	1191	1177	1207	1139	1223	1137	1225	1189	1183	1188	1187	1170	1143	1188	1140	1198	1217	1160	1188	1160	1178	1167	1189	1148	1207	1179	1178	1191	1250	1195	1223	1207	1193	1707.730292
1223	1201	1202	1247	1221	1224	1236	1231	1242	1222	1235	1176	1160	1165	1192	1190	1207	1155	1179	1173	1152	1133	1149	1129	1167	1162	1148	1148	1153	1214	1202	1182	1141	1214	1235	1148	1161	1194	1182	1187	1188	1184	1217	1189	1136	1146	1207	1210	1187	1155	1131	1189	1234	1179	1180	1193	1172	1167	1144	1177	1156	1166	1165	1231	1207	1132	1160	1183	1156	1173	1177	1160	1166	1194	1175	1160	1211	1136	1200	1197	1189	1155	1162	1181	1177	1168	1200	1164	1160	1195	1170	1175	1215	1181	1137	1197	1709.968854
1172	1137	1148	1161	1187	1171	1211	1181	1227	1178	1152	1186	1188	1108	1150	1185	1189	1172	1188	1173	1199	1163	1168	1145	1174	1109	1130	1137	1181	1178	1163	1157	1149	1158	1177	1159	1175	1164	1192	1176	1191	1168	1152	1157	1203	1142	1170	1164	1158	1125	1163	1146	1192	1138	1131	1164	1174	1153	1165	1195	1159	1179	1139	1160	1173	1140	1163	1148	1196	1178	1174	1151	1188	1175	1138	1159	1184	1138	1162	1196	1143	1166	1162	1182	1149	1164	1187	1170	1154	1195	1186	1150	1163	1150	1136	1141	1712.194349
1181	1157	1150	1174	1147	1180	1204	1219	1293	1166	1183	1196	1125	1157	1144	1174	1151	1228	1145	1178	1196	1165	1133	1173	1174	1167	1159	1143	1146	1132	1207	1158	1171	1213	1183	1146	1155	1155	1156	1150	1183	1144	1128	1178	1144	1084	1189	1149	1163	1201	1188	1173	1136	1151	1170	1152	1166	1147	1173	1120	1137	1139	1142	1164	1188	1166	1120	1155	1124	1131	1123	1157	1186	1131	1147	1171	1168	1160	1154	1155	1154	1118	1131	1171	1142	1196	1164	1153	1167	1124	1154	1162	1157	1194	1144	1187	1714.418946
1130	1172	1166	1161	1160	1160	1222	1205	1216	1184	1205	1131	1202	1133	1130	1140	1163	1205	1165	1144	1181	1184	1143	1156	1117	1103	1176	1164	1167	1170	1140	1149	1147	1145	1167	1165	1155	1175	1138	1114	1161	1149	1134	1163	1192	1127	1140	1125	1165	1161	1152	1154	1119	1133	1130	1163	1112	1159	1185	1200	1158	1127	1173	1163	1160	1174	1166	1157	1100	1172	1118	1174	1177	1143	1103	1164	1130	1156	1167	1155	1175	1159	1156	1176	1150	1130	1156	1119	1166	1145	1183	1172	1166	1155	1143	1163	1716.642646
1151	1122	1159	1164	1150	1117	1226	1215	1184	1170	1194	1149	1152	1186	1108	1149	1188	1208	1189	1177	1109	1124	1173	1155	1154	1141	1155	1168	1150	1159	1127	1198	1137	1123	1126	1133	1138	1145	1178	1163	1177	1149	1142	1123	1116	1115	1161	1130	1131	1136	1141	1140	1107	1119	1151	1133	1154	1156	1128	1143	1120	1116	1104	1156	1123	1090	1169	1114	1159	1160	1120	1095	1146	1085	1163	1104	1130	1143	1148	1116	1144	1131	1116	1148	1139	1137	1126	1160	1155	1136	1148	1127	1171	1105	1141	1126	1718.865449
1133	1142	1150	1145	1111	1137	1164	1189	1178	1148	1140	1203	1112	1093	1124	1134	1123	1159	1088	1139	1162	1140	1131	1124	1148	1149	1118	1126	1134	1120	1112	1103	1146	1127	1163	1136	1091	1146	1118	1121	1134	1119	1138	1140	1129	1121	1122	1115	1129	1096	1121	1122	1122	1099	1126	1137	1132	1142	1117	1156	1150	1103	1144	1142	1121	1164	1112	1126	1144	1124	1100	1127	1107	1098	1115	1115	1099	1109	1115	1164	1132	1103	1118	1133	1115	1121	1113	1135	1167	1131	1145	1124	1135	1091	1129	1137	1721.087355
1122	1136	1123	1126	1108	1104	1162	1185	1197	1084	1148	1119	1123	1139	1137	1184	1122	1141	1143	1143	1115	1105	1122	1108	1112	1104	1137	1099	1119	1128	1127	1145	1102	1115	1104	1077	1116	1119	1095	1139	1102	1120	1105	1116	1113	1074	1136	1099	1100	1082	1089	1105	1140	1097	1090	1130	1080	1114	1157	1090	1118	1068	1115	1122	1105	1126	1088	1091	1114	1102	1116	1122	1150	1117	1105	1096	1131	1142	1137	1128	1096	1127	1107	1124	1095	1145	1126	1109	1102	1099	1118	1154	1133	1136	1134	1108	1723.308366
1123	1138	1121	1110	1133	1118	1199	1142	1150	1120	1182	1113	1133	1063	1107	1115	1112	1110	1101	1099	1094	1088	1122	1092	1102	1110	1102	1114	1135	1126	1062	1103	1108	1115	1081	1138	1094	1131	1116	1146	1090	1084	1115	1113	1093	1090	1084	1119	1139	1064	1115	1110	1070	1132	1115	1059	1120	1115	1089	1058	1082	1108	1073	1089	1110	1122	1103	1096	1064	1106	1081	1099	1088	1128	1116	1114	1088	1102	1124	1091	1134	1090	1117	1143	1089	1083	1105	1103	1082	1122	1068	1158	1126	1070	1097	1134	1725.528481
1112	1095	1109	1116	1084	1121	1157	1197	1164	1103	1128	1071	1107	1076	1092	1085	1091	1123	1116	1132	1121	1103	1069	1071	1093	1067	1068	1111	1133	1082	1124	1098	1077	1127	1098	1096	1086	1114	1079	1125	1133	1100	1096	1054	1110	1089	1064	1060	1081	1122	1083	1089	1093	1109	1069	1119	1108	1114	1087	1082	1064	1077	1103	1047	1064	1110	1088	1075	1089	1086	1092	1118	1058	1067	1119	1102	1073	1075	1083	1092	1106	1078	1093	1081	1100	1104	1085	1118	1044	1068	1097	1108	1102	1118	1084	1074	1727.747702
1091	1080	1105	1079	1082	1092	1124	1158	1163	1102	1116	1135	1079	1094	1107	1078	1126	1100	1079	1084	1091	1115	1139	1097	1117	1095	1064	1095	1082	1089	1115	1105	1104	1043	1072	1074	1105	1093	1138	1082	1062	1072	1088	1108	1044	1065	1053	1068	1066	1066	1109	1095	1116	1106	1068	1103	1094	1074	1107	1106	1079	1084	1075	1112	1105	1165	1100	1083	1075	1100	1047	1102	1068	1076	1099	1076	1070	1071	1112	1072	1044	1080	1053	1094	1023	1104	1085	1117	1066	1094	1084	1092	1109	1094	1096	1087	1729.953909
1110	1095	1078	1072	1091	1063	1156	1137	1136	1105	1098	1067	1053	1069	1054	1082	1070	1087	1083	1110	1088	1089	1057	1073	1039	1074	1036	1061	1051	1052	1064	1092	1088	1098	1094	1073	1084	1100	1071	1105	1131	1090	1102	1089	1075	1101	1068	1103	1080	1051	1053	1068	1074	1040	1078	1086	1078	1075	1071	1089	1055	1100	1045	1052	1073	1073	1051	1082	1081	1033	1084	1060	1104	1029	1078	1087	1037	1059	1065	1069	1086	1081	1072	1067	1083	1072	1085	1063	1061	1036	1114	1047	1047	1079	1047	1053	1732.171346
1048	1042	1068	1080	1092	1108	1120	1130	1124	1056	1105	1075	1015	1045	1081	1079	1109	1087	1056	1093	1078	1051	1027	1076	1057	1069	1088	1072	1105	1049	1084	1083	1086	1116	1050	1092	1085	1062	1076	1087	1071	1090	1068	1081	1103	1060	1057	1056	1057	1074	1084	1085	1058	1095	1073	1111	1068	1067	1070	1075	1042	1069	1070	1065	1046	1082	1065	1029	1052	1066	1049	1093	1087	1055	1046	1067	1084	1070	1100	1075	1059	1066	1096	1041	1032	1060	1032	1050	1075	1045	1068	1077	1063	1079	1076	1099	1734.375781
1020	1058	1105	1060	1051	1090	1138	1109	1121	1078	1089	1097	1061	1043	1091	1063	1093	1097	1098	1070	1066	1087	1019	1074	1058	1068	1051	1064	1054	1059	1080	1050	1021	1049	1031	1067	1101	1087	1043	1037	1067	1091	1087	1044	1077	1082	1035	1065	1060	1053	1049	1058	1098	1034	1086	1043	1082	1075	1049	1043	1067	1082	1045	1064	1082	1054	1050	1039	1056	1042	1067	1086	1081	1072	1041	1072	1089	1038	1039	1094	1084	1068	1052	1061	1055	1030	1055	1014	1041	1043	1094	1079	1015	1064	1037	1085	1736.591438
1050	1053	1077	1066	1084	1069	1059	1132	1125	1073	1078	1067	1069	1067	1033	1102	1070	1082	1056	1049	1107	1011	1065	1067	1065	1042	1068	1057	1062	1072	1099	1041	1060	1081	1100	1067	1101	1075	1042	1062	1042	1090	1067	1071	1077	1075	1084	1056	1079	1035	1058	1062	1053	1046	1071	1070	1029	1089	1082	1042	1040	1050	1086	1085	1023	1064	1061	1044	1068	1030	1027	1108	1045	1070	1059	1097	1052	1071	1063	1062	1058	1061	1080	1039	1024	1046	1053	1022	1090	1070	1043	1080	1103	1046	1061	1048	1738.794103
1111	1079	1049	1054	1028	1069	1114	1108	1114	1059	1057	1080	1043	1054	1030	1071	1123	1089	1099	1038	1051	1049	1075	1060	1078	1040	1064	1049	1072	1056	1066	1100	1051	1032	1052	1066	1038	1063	1048	1042	1039	1043	1058	991	1059	1074	1026	1054	1041	1035	1041	1010	1043	1060	1073	1055	1111	1045	1028	1045	1049	1061	1066	1061	1039	1060	1026	1063	1064	1037	1071	1036	1011	1057	1040	1092	1001	1045	1065	1060	1057	1102	1055	1068	1062	1065	1059	1016	1037	1059	1053	1064	1047	1077	1063	1039	1741.007981
1024	1060	1057	1073	1047	1104	1051	1130	1121	1075	1060	1052	1062	1031	1048	1068	1088	1067	1062	1071	1075	1071	1041	1043	1066	1048	1091	1060	1041	1031	1021	1069	1093	1088	1045	1085	1089	1074	1056	1058	1052	1041	1044	1042	1067	1026	1053	1038	1076	1050	1075	1050	1040	1042	1024	1063	1062	1040	1081	1065	1072	1048	1060	1060	1033	1065	1027	1060	1039	1017	1065	1043	1006	1100	1045	1064	1076	1047	1064	1048	1055	1029	1061	1056	1043	1013	1047	1026	1048	1033	1012	1009	1025	1057	1066	1011	1743.208878
1050	1083	1054	1046	1082	1016	1088	1101	1121	1039	1053	1062	1027	1016	1021	1057	1065	1098	1056	1074	1064	1015	1057	1052	1062	1024	1065	1065	1071	1006	1045	1024	1055	1076	1054	1057	1039	1026	1050	1039	1069	1030	1038	1049	1032	1021	1065	1058	1071	1046	1059	1023	1039	1040	1031	1029	1049	1020	1048	1087	1056	991	1031	1048	1039	1044	1045	1053	1051	1039	1036	1078	1096	1051	1070	1026	1029	1036	1044	1062	1037	1063	1046	1058	1028	1040	1050	1051	1044	1008	1066	1091	1044	1056	1037	1070	1745.408894
1038	1073	1070	1032	1043	1020	1091	1087	1097	1062	1031	1050	1035	1038	1041	1064	1064	1025	1037	1060	1058	1044	1076	1019	1034	1029	1056	1084	1018	1031	1037	1067	1054	1035	1044	1052	1078	1049	1055	1031	1065	1058	1041	1035	1042	1016	1059	1021	1027	1029	1045	1030	1039	1048	1036	1029	1030	1048	1064	1041	1050	1026	1023	1059	1017	1016	1038	1045	1034	1021	1023	993	1004	1020	1009	1045	1015	1041	1056	1026	1050	1054	1048	994	1041	1021	1016	1030	1045	1033	1056	1013	1052	1036	1041	1044	1747.60803
1038	1030	1084	1034	1021	979	1088	1077	1095	1067	1006	1050	1034	1037	1051	1050	1091	1056	1042	1033	1032	1055	1028	1029	1030	1057	1013	1035	1023	1045	1037	1029	1053	1041	1030	1022	1047	1063	1026	1042	1047	1048	1044	1016	1023	1006	1031	1026	1001	1028	1014	1008	1055	1022	1052	1051	1042	1033	1041	1048	1018	1033	1062	1038	1051	1015	1030	1053	1013	1017	1034	1016	1008	1068	1032	1039	1041	1022	1052	1047	1044	1012	1055	1005	1031	1014	995	1027	1050	1002	1049	1030	1051	1051	1036	1019	1749.806287
1020	1027	1014	1048	1027	1022	1108	1098	1076	1031	1049	1038	1028	1004	1022	1052	1047	1061	1063	1035	1021	1047	981	1030	1025	1027	1016	1038	1028	1001	1018	1078	1036	1038	1030	1042	1009	1042	1043	1019	1073	1017	1051	1016	1040	1018	1020	1041	1036	1026	1032	1060	1072	1026	1016	1018	1007	1056	1017	1022	1015	1018	989	1030	1010	1029	1016	1007	1043	1008	1000	1017	1036	1004	1035	1032	1006	1013	1059	1077	1033	1010	1030	1030	995	1041	1002	1044	1029	1031	1026	1043	1001	1007	1008	1040	1752.003664
1029	987	1027	1022	1011	1022	1049	1051	1092	1023	1042	1045	984	1023	989	1036	1070	1035	1029	1041	1046	993	1028	994	1039	975	1021	1006	988	1011	1018	1004	999	1032	1026	1022	1009	1026	1050	1017	1052	1066	1030	1012	1032	1047	1022	1006	971	1012	1020	1002	1026	1011	1019	1020	1022	1013	1019	1022	1003	1036	1002	1002	1019	1017	996	986	1010	1054	1033	980	1046	1004	1028	980	1000	1026	1034	1029	1016	1019	1018	1011	996	1008	1006	1008	1016	1049	1034	1040	1005	1018	985	1021	1754.200162
990	1022	1026	1022	1024	1046	1055	1071	1065	1035	1071	988	1002	994	980	1015	1030	1029	1020	1051	1017	1009	1009	1021	1012	1007	980	982	1007	1022	1018	1009	1024	1031	1015	1005	998	1006	1008	1020	988	1053	1051	998	1047	1022	973	991	1009	1015	999	1011	1009	1027	1009	1023	1027	1021	984	1017	1014	1007	1001	1024	1011	1021	1016	974	977	1018	1008	990	988	1017	1041	1053	993	995	1011	1033	1020	1015	1022	1009	1032	1002	1005	1040	987	1001	1017	1001	954	1032	1022	1030	1756.395783
1040	1055	1012	1006	1035	1008	1051	1052	1022	1023	1005	1014	1026	1001	960	1019	1013	995	1001	994	1026	1037	1031	985	1022	1015	984	976	1001	1012	993	1016	1066	1008	986	988	1017	1017	1003	1001	983	1000	1025	1028	1036	1028	1007	1026	1028	988	986	987	1025	997	1025	1017	987	997	1046	977	988	1014	953	988	1011	1028	1034	1011	1020	1002	1026	993	981	1004	1027	977	977	993	988	1039	1034	1011	1004	1023	992	1011	999	991	1005	985	992	1006	1034	1026	1001	997	1758.590526
1010	976	1010	1043	1040	992	1051	1045	1040	986	1023	994	1025	995	992	1028	1046	1016	1051	1000	998	980	1032	991	988	966	997	952	1003	1026	1008	1002	969	1000	1015	992	993	1036	967	1001	1020	995	1021	1023	961	993	1008	993	1003	1007	1028	991	997	979	1028	971	984	984	1005	1018	974	981	951	996	1010	1052	999	1014	971	962	999	974	995	955	974	988	1017	985	1010	1009	1006	1014	1002	988	1002	1014	981	1006	993	999	996	1021	1017	1003	1015	1012	1760.77234
1033	1029	1019	1017	998	963	1060	1033	1064	1008	949	1008	966	977	992	1018	1022	996	992	1009	1001	987	989	1007	977	976	1011	1008	978	1033	962	969	972	1020	1002	982	964	978	1017	981	950	980	1002	983	1022	1022	1003	992	984	1039	1016	1003	982	980	1035	978	1026	1023	986	1013	981	980	1030	1049	986	993	999	984	976	993	974	1018	966	991	1015	986	978	974	987	1007	981	1017	974	985	976	974	1062	1011	1014	988	989	940	1005	997	983	990	1762.965334
1027	982	1013	1037	984	978	1059	1042	1054	1005	988	1001	1024	984	1004	1024	1019	1004	1023	974	1002	1021	967	1003	1007	952	993	946	989	1001	1036	974	990	1032	1030	1023	969	998	1025	989	1049	992	988	990	990	1015	968	1019	968	961	984	991	976	1000	992	1007	1009	982	989	978	989	969	987	1004	981	976	1014	976	1033	967	968	1020	965	983	1005	980	976	980	1041	990	1001	1004	982	979	984	980	952	1034	965	1023	964	968	982	955	998	1001	1765.14541
1033	989	979	1004	974	1020	1049	1078	1063	1029	1019	1019	951	976	983	1044	980	1037	1004	1010	986	982	1027	965	998	1000	976	1012	965	990	988	1003	970	971	1021	1027	991	981	981	998	1025	1024	976	1045	997	1010	989	1000	992	1006	982	976	991	978	1004	984	1010	1028	1002	976	968	978	993	949	999	966	1003	992	1005	955	1007	1007	997	968	1006	990	952	984	1011	1015	981	999	982	972	988	976	1001	991	998	996	1012	982	1004	1000	976	978	1767.336658
1004	978	1005	963	975	983	1038	1037	1064	1012	1012	1000	974	993	989	992	1027	1020	974	994	1028	998	995	1008	1004	991	1014	1009	968	1007	1011	994	998	1006	1016	988	1028	995	984	992	989	990	1015	1016	1013	990	939	974	1002	993	974	977	966	1014	1022	1006	1004	983	992	1003	994	961	1018	1002	1031	1007	948	977	995	970	989	985	939	977	1029	973	1027	989	981	991	992	995	995	969	972	1015	987	1000	1003	970	1001	974	1018	1001	994	995	1769.514998
1015	1001	998	999	955	1017	1004	1039	1022	1026	1007	1005	992	995	1001	1014	1016	976	1013	984	1009	991	994	1015	964	967	988	986	1024	996	1011	1007	971	986	1013	1019	989	1001	951	974	994	994	965	990	1004	983	981	997	956	976	998	945	960	984	980	1004	997	984	984	989	966	1004	993	979	1019	996	1000	1007	984	979	1007	992	977	978	956	971	983	965	976	974	996	985	983	949	985	994	971	970	967	1014	952	995	971	952	993	977	1771.704501
1006	1023	1000	1021	961	995	992	997	1026	992	1004	992	998	964	1009	990	986	1012	986	986	971	927	950	954	968	974	960	991	962	962	1006	979	958	1004	972	968	980	1021	972	960	1019	1011	970	974	984	977	958	970	951	975	976	1001	1003	982	1024	994	1012	970	998	992	960	988	980	978	979	947	965	950	986	976	973	1016	1029	973	986	998	943	980	976	979	1001	978	957	986	982	963	970	979	975	1014	942	992	987	1014	976	996	1773.881108
994	1001	1021	994	996	1006	1027	1034	1012	1024	995	997	965	954	966	976	974	999	985	1018	986	990	987	941	1012	999	976	958	996	997	992	959	993	995	995	959	968	959	1022	994	988	977	979	963	965	981	930	981	978	948	962	963	1000	985	978	936	988	995	991	982	971	992	952	973	968	960	952	994	1003	961	961	957	980	979	1020	996	973	971	969	986	980	1004	982	955	986	966	982	982	970	989	990	970	988	952	1011	1016	1776.05685
982	977	964	984	976	1006	1038	1051	1019	1012	987	1002	999	1003	926	1031	1025	1015	976	1011	996	972	975	970	961	961	987	985	984	998	994	956	943	996	980	941	979	983	997	972	962	994	999	992	993	967	945	965	996	989	966	1014	954	948	1003	948	966	981	965	983	1004	972	966	1007	963	970	970	998	949	972	951	982	994	977	971	972	974	985	1052	1002	958	1006	960	1000	981	978	965	986	966	1004	962	977	949	964	983	974	1778.231729
946	977	953	979	998	1015	1032	998	1018	975	983	1004	972	954	952	1002	979	982	992	1001	1024	941	968	1013	969	956	955	992	959	975	984	951	948	991	998	982	955	956	973	995	972	962	991	1019	991	960	1000	975	958	958	969	957	959	976	985	957	947	988	993	1021	927	982	998	968	978	969	972	965	942	946	982	949	966	972	1010	964	965	1000	979	972	987	976	980	973	979	991	989	952	965	992	972	950	981	1002	1013	941	1780.405745
966	950	989	943	978	979	1053	1025	1028	968	975	987	955	979	968	981	971	992	985	987	937	957	971	960	933	936	948	969	966	976	962	974	985	1017	951	977	975	951	996	943	953	969	945	969	970	959	967	964	978	956	954	950	962	972	942	990	1001	980	958	962	948	936	968	1011	961	956	928	918	926	931	968	962	976	945	965	936	954	966	999	988	940	967	975	972	965	956	964	995	983	972	980	957	935	970	963	980	1782.5789
1019	993	986	961	930	983	981	1012	994	969	950	948	966	963	971	978	982	949	988	984	971	960	956	980	969	941	944	960	940	948	957	975	973	964	971	956	976	956	997	936	986	1001	985	980	978	952	972	947	942	965	905	942	978	969	974	983	976	979	965	947	939	955	971	957	975	949	939	947	949	918	969	980	976	934	941	942	950	932	975	953	967	955	961	945	964	954	965	957	931	993	955	974	966	926	963	942	1784.751192
972	961	977	1011	967	934	1007	1029	1031	979	945	995	958	939	959	1000	983	956	983	984	985	932	948	979	952	952	979	936	1015	953	993	958	926	941	970	948	970	921	932	950	964	946	963	950	949	947	936	946	926	953	921	970	951	955	970	951	972	965	953	975	960	974	948	959	938	957	964	960	917	905	951	968	990	950	930	984	932	939	1000	949	961	977	947	973	943	942	975	944	962	947	964	943	939	968	960	951	1786.922623
947	977	937	952	946	955	980	999	1000	957	964	988	941	944	922	954	966	973	958	982	951	964	974	952	962	978	918	932	935	970	943	929	941	951	973	972	918	948	959	941	936	964	940	943	984	970	961	953	947	958	956	945	926	934	951	947	946	969	936	959	947	936	939	953	953	941	960	937	947	959	963	960	930	959	943	934	919	964	971	1004	932	942	979	949	946	941	941	950	975	940	926	936	948	945	944	963	1789.093193
969	968	931	963	939	955	1022	1012	1031	973	968	968	944	915	926	968	954	962	983	966	936	937	966	948	963	961	935	978	975	967	921	913	946	959	984	950	944	976	953	961	954	939	976	959	987	917	945	965	937	929	944	938	937	940	958	949	987	954	957	950	967	968	944	954	967	943	955	942	963	942	947	939	943	951	955	973	953	968	918	950	941	955	948	944	967	975	935	911	977	945	947	916	977	936	956	924	1791.250919
963	959	949	965	948	948	997	990	977	944	956	951	926	918	976	979	946	940	965	957	921	937	983	955	928	905	942	931	971	967	950	955	960	943	961	945	956	936	925	952	914	959	939	922	949	957	941	982	933	940	965	949	965	932	972	921	931	930	956	929	946	946	985	939	964	945	943	929	948	968	926	963	936	959	957	953	937	935	955	932	951	934	973	979	951	922	973	940	953	973	923	957	928	937	963	935	1793.419774
939	965	954	938	986	979	1002	1026	986	979	962	975	936	935	945	983	967	953	907	997	946	942	960	926	926	951	966	934	987	959	944	924	952	964	953	948	951	920	966	951	934	948	967	913	938	945	947	938	962	935	932	945	940	939	909	924	959	954	963	972	948	955	928	946	943	965	941	934	980	958	913	940	939	935	965	955	935	936	989	967	963	964	903	950	958	952	934	948	936	973	952	971	926	934	943	916	1795.575795
945	991	954	957	957	961	989	984	944	949	947	975	944	944	948	933	951	968	970	932	951	904	910	927	957	962	921	949	961	946	956	968	933	945	972	942	958	944	920	989	962	951	938	966	981	955	916	941	943	923	946	916	985	951	978	961	926	925	969	958	953	944	940	947	953	933	936	953	934	909	926	961	920	964	926	951	941	939	960	934	955	943	927	951	934	952	939	957	924	974	938	953	969	963	936	921	1797.742937
939	954	967	955	947	941	1025	974	1017	956	956	937	919	940	957	961	962	982	931	941	954	951	952	948	974	936	962	932	955	937	954	970	929	944	984	977	971	954	937	915	947	955	957	954	955	959	964	964	925	925	940	935	927	964	967	966	945	947	925	946	965	929	928	949	931	973	957	907	924	959	936	945	922	908	935	951	945	936	958	942	957	951	970	942	926	985	915	947	908	958	896	935	970	938	944	923	1799.897255
946	925	950	966	975	958	987	999	1012	971	958	951	933	955	945	950	971	926	963	939	923	931	934	921	952	925	935	961	1002	958	935	933	962	946	952	933	959	949	962	932	951	919	956	972	933	934	933	936	955	917	937	945	938	944	932	948	966	971	971	921	958	953	946	948	952	935	956	916	960	964	930	938	961	948	938	930	943	918	939	992	927	970	939	987	903	929	947	928	939	948	948	911	936	939	922	939	1802.062686
920	969	936	940	941	966	996	977	999	967	954	972	952	979	935	971	965	988	941	947	953	910	935	941	968	908	894	962	956	984	944	930	955	958	952	963	933	918	951	962	926	969	971	953	976	958	922	945	999	915	956	909	932	944	983	954	957	933	930	952	953	921	954	938	949	941	932	950	957	949	931	942	955	951	948	935	936	962	942	946	948	983	957	916	955	928	932	947	922	947	950	928	941	927	917	953	1804.215303
946	926	957	965	946	939	992	996	966	942	928	973	919	935	917	964	994	984	950	952	949	923	944	940	949	929	958	968	935	955	976	934	967	927	965	944	964	951	948	938	940	946	940	965	940	966	918	947	923	934	928	926	922	934	983	939	930	956	953	948	940	946	937	942	953	948	908	956	970	943	950	942	940	953	953	941	941	927	967	966	990	957	947	957	944	900	935	945	973	915	969	953	971	953	944	955	1806.367073
933	946	894	928	961	966	1003	990	988	951	978	973	921	924	941	988	984	922	990	920	958	953	932	949	927	959	960	956	936	951	930	961	942	921	965	941	963	926	973	933	919	972	975	920	947	941	940	946	957	924	942	910	922	945	960	919	922	936	942	956	955	963	952	930	944	970	940	943	933	938	931	924	955	912	918	932	940	942	955	942	933	945	922	952	918	941	938	946	943	931	921	953	924	952	973	941	1808.517997
961	948	935	905	948	916	972	950	983	934	934	941	935	945	928	938	921	919	959	954	942	928	918	907	928	959	947	954	963	925	894	957	952	949	940	939	934	917	935	979	940	920	942	971	932	918	962	938	936	911	895	954	903	931	925	916	933	910	925	934	940	936	898	933	960	965	965	918	941	948	942	922	940	938	922	916	935	897	915	947	941	949	939	955	903	920	949	936	920	919	923	910	893	954	933	954	1810.668074
975	915	946	939	939	955	957	946	1020	972	940	932	954	902	909	946	949	957	956	930	964	933	935	913	924	943	946	962	928	908	958	919	925	942	935	925	933	914	941	985	947	937	941	950	925	912	943	943	920	949	890	906	937	936	927	966	931	977	937	952	931	930	944	943	930	928	941	918	923	925	902	934	935	936	945	928	940	932	925	965	934	919	929	926	946	946	962	912	945	962	953	901	968	925	938	937	1812.817305
934	923	948	924	917	944	999	966	985	955	964	919	938	914	878	919	923	951	945	964	951	939	950	948	917	905	897	949	931	947	937	933	944	943	935	955	930	929	925	933	929	922	922	923	955	938	947	926	921	945	891	912	946	886	917	926	951	909	948	967	901	900	921	961	945	933	932	909	908	920	963	953	907	921	913	915	935	935	908	955	941	917	927	914	931	930	914	930	966	891	912	946	937	921	949	940	1814.965692
957	915	945	908	947	938	975	989	971	955	940	953	926	937	900	967	919	919	935	937	941	932	898	950	926	921	938	916	943	966	929	920	924	902	891	948	928	938	929	948	921	923	921	935	914	912	907	948	915	918	930	917	898	913	897	902	939	914	903	917	928	896	909	955	949	904	912	953	937	931	937	902	941	901	937	942	919	922	945	905	917	927	936	975	929	929	903	963	934	946	923	922	947	927	901	917	1817.113233
899	927	947	930	926	901	969	978	975	946	922	903	925	930	926	928	952	932	945	911	934	881	904	920	926	950	920	911	951	907	940	902	922	938	924	933	929	928	939	934	937	905	915	920	917	929	945	909	922	900	932	923	890	936	946	909	951	953	920	962	928	916	941	921	941	908	899	900	904	919	951	921	943	949	908	947	932	945	951	925	910	931	900	918	923	896	918	923	913	933	930	945	919	906	918	936	1819.25993
930	913	924	921	911	895	1016	981	968	959	892	926	912	896	930	934	920	935	939	898	915	901	917	913	888	910	887	921	891	949	924	896	947	933	943	936	927	912	929	957	921	942	952	937	902	939	909	913	932	921	918	929	910	891	928	939	914	961	897	949	900	934	930	910	916	922	922	888	909	918	958	879	917	956	923	903	921	916	953	933	946	918	908	949	919	917	893	919	921	946	901	929	895	915	914	917	1821.393865
934	906	916	920	941	931	998	960	953	929	932	937	903	922	914	964	912	968	942	920	937	946	936	928	942	952	931	920	937	898	910	927	912	923	907	929	905	924	922	891	914	921	871	939	929	911	938	917	921	910	917	874	923	919	924	930	902	924	909	946	899	955	911	924	920	926	895	930	893	922	911	924	920	946	922	897	917	926	946	938	907	940	879	895	922	883	914	907	948	947	936	920	915	918	904	948	1823.53888
884	926	942	927	889	924	952	971	937	911	932	941	924	929	885	947	915	913	911	927	911	933	897	917	924	946	899	929	918	928	911	978	933	925	952	944	927	949	939	929	930	911	939	921	946	911	918	923	940	926	903	926	946	936	930	892	917	893	935	924	897	922	936	893	906	904	901	903	908	944	896	942	935	917	907	933	904	929	917	947	905	931	922	938	940	922	914	946	923	928	925	923	919	948	915	957	1825.683053
935	937	897	913	917	931	942	938	934	929	908	959	917	938	910	919	940	910	933	915	951	918	919	900	906	907	904	901	901	923	955	900	906	933	930	906	906	944	942	925	919	921	895	895	906	938	942	916	974	914	892	899	918	922	912	901	917	927	919	920	909	921	897	940	894	925	929	953	879	925	913	908	899	913	914	904	902	912	909	918	939	911	924	909	915	906	927	927	918	927	910	929	945	925	914	922	1827.814478
952	903	930	938	908	921	959	953	947	955	925	959	920	918	904	978	928	941	931	926	941	908	904	948	898	925	928	947	902	917	949	933	941	930	928	909	923	941	908	943	918	932	903	932	893	943	906	935	906	932	912	899	888	923	919	924	909	909	929	913	925	928	899	888	930	932	908	937	883	902	906	879	927	919	941	913	912	894	924	947	906	922	942	944	929	920	925	923	940	964	910	922	917	892	897	932	1829.956971
930	968	944	920	945	951	940	963	974	945	954	974	913	904	904	972	920	952	916	944	927	935	925	913	904	938	888	932	932	962	907	935	898	921	934	918	903	933	920	907	953	934	939	931	936	910	930	882	921	911	908	905	897	906	908	935	901	930	968	894	929	924	913	914	924	908	913	917	896	879	933	928	911	932	925	945	914	931	926	923	913	936	912	915	908	910	903	928	895	934	908	920	906	903	924	892	1832.086727
928	929	952	921	943	954	952	933	941	911	951	932	894	931	919	953	910	936	924	953	928	903	903	913	899	908	927	892	946	921	891	930	915	881	925	917	924	896	904	942	938	909	945	929	931	928	948	902	894	876	920	895	934	923	914	900	967	929	915	916	922	902	905	969	928	903	926	890	897	916	919	915	920	927	922	924	910	906	937	931	916	917	906	913	953	922	919	918	936	916	945	918	945	939	931	929	1834.215652
924	926	913	944	923	963	984	961	974	931	920	941	915	902	937	933	962	941	914	914	944	940	901	914	928	949	926	929	891	909	931	949	929	918	922	937	934	937	911	919	953	940	932	922	926	932	913	924	893	902	918	920	894	921	908	917	905	951	932	926	906	917	915	927	927	955	907	934	901	928	932	923	904	901	913	917	891	920	918	909	941	897	892	940	927	940	909	895	942	907	910	881	934	905	936	924	1836.343745
935	941	939	943	952	939	981	953	987	955	906	962	918	917	923	937	944	939	971	919	940	922	908	906	899	907	903	899	931	928	947	898	927	940	941	951	916	914	935	944	904	928	913	934	913	933	927	925	919	923	892	943	910	886	893	927	916	941	907	950	920	890	911	892	920	918	946	936	908	930	900	936	913	927	929	911	885	927	933	916	910	944	940	916	923	937	932	932	922	939	928	909	944	921	942	913	1838.482891
911	924	915	927	926	916	970	964	967	932	953	926	894	939	918	938	936	943	948	903	935	907	893	909	941	946	929	916	964	913	916	920	938	912	914	945	944	928	920	919	937	901	923	923	916	924	922	918	921	944	886	909	924	936	928	907	936	936	911	918	956	888	917	931	917	932	892	893	900	909	937	897	942	905	927	897	940	927	951	900	910	924	921	926	928	900	920	905	915	923	937	920	905	912	933	879	1840.609319
928	906	902	946	903	889	954	927	993	938	942	963	905	905	929	962	926	930	937	936	939	899	926	917	948	911	907	918	912	928	922	900	895	913	909	915	970	900	884	915	942	914	938	916	922	936	937	909	906	931	907	918	951	909	944	915	903	936	940	915	921	937	899	899	874	922	908	934	913	882	896	898	906	920	887	931	916	911	890	924	927	904	954	928	862	928	892	914	941	923	880	907	891	908	926	926	1842.734919
923	930	896	931	923	929	965	955	964	934	938	917	885	901	906	945	972	924	917	940	920	905	915	923	900	886	961	902	952	925	910	941	921	937	927	923	950	929	919	905	922	932	937	929	912	884	926	908	922	901	905	892	894	897	920	886	957	934	935	942	913	916	921	893	915	932	927	912	905	907	919	911	894	885	905	913	909	913	916	938	907	905	910	936	884	916	937	887	899	934	896	903	870	906	886	905	1844.859689
948	908	906	919	908	921	973	960	945	951	924	918	908	872	896	909	939	946	887	915	923	903	920	902	874	921	914	932	941	915	931	923	934	928	924	908	950	903	908	915	934	937	920	923	908	927	922	895	899	922	930	892	878	901	906	912	899	916	918	911	902	881	908	928	889	897	895	893	914	902	896	913	911	893	927	920	893	911	912	909	919	894	920	942	914	938	881	916	887	900	895	912	911	931	908	918	1846.971767
892	902	917	910	908	930	957	934	983	922	910	955	880	906	914	939	899	936	891	947	909	880	913	911	903	915	908	904	896	950	880	927	901	886	921	902	899	908	927	891	912	878	952	947	946	910	892	924	928	925	897	891	887	906	905	931	910	916	940	884	893	889	942	911	929	901	894	883	902	927	892	897	925	891	921	921	932	912	901	887	908	919	899	886	910	881	893	933	894	936	876	905	906	878	901	915	1849.094886
923	912	919	910	885	896	956	947	960	903	896	900	889	905	893	920	902	923	915	920	943	906	888	951	887	900	929	926	904	943	917	921	924	922	889	906	911	926	915	913	920	893	905	917	896	878	875	876	903	940	936	908	907	925	894	871	911	909	920	912	915	875	918	912	901	893	928	933	927	912	910	892	880	911	920	901	872	918	912	891	896	910	931	885	899	888	898	878	918	920	899	859	903	929	901	898	1851.217176
909	916	920	901	920	937	931	945	920	915	887	934	900	932	888	924	936	911	929	939	925	904	896	925	911	947	908	942	903	887	892	879	915	938	910	925	880	909	892	914	945	913	901	916	929	865	907	880	896	905	916	906	884	903	939	890	939	923	920	924	885	917	891	902	917	916	890	889	892	928	900	881	908	910	935	940	913	892	903	907	918	908	896	932	937	913	913	907	883	884	932	888	954	865	904	908	1853.33864
937	956	885	957	896	898	959	979	989	903	912	942	870	917	929	924	922	940	930	922	934	890	884	923	905	888	940	897	919	914	876	887	893	905	928	923	940	896	912	909	923	919	924	943	923	929	900	878	920	912	942	908	911	879	925	917	886	944	923	913	895	886	904	908	907	933	891	913	917	887	900	925	892	917	894	920	885	908	909	898	905	902	891	917	905	913	899	903	912	878	914	926	917	919	919	896	1855.447432
908	910	916	916	930	892	946	945	922	898	912	936	955	898	921	912	904	931	911	908	928	919	908	900	912	883	878	882	891	934	910	921	878	898	904	913	879	915	897	913	909	929	901	924	941	925	896	919	893	896	911	913	911	923	887	894	884	913	913	926	914	911	905	883	907	917	922	915	907	933	890	888	904	897	893	905	888	880	921	914	900	944	936	929	899	880	908	919	920	938	914	912	895	888	928	894	1857.567248
908	907	915	899	904	924	957	957	944	920	942	927	933	906	913	926	908	905	918	937	910	903	926	913	876	912	914	928	885	925	929	925	896	906	917	919	948	933	940	917	928	906	922	913	928	924	921	883	899	936	903	921	904	890	906	933	890	885	901	930	920	904	930	899	883	898	895	892	889	917	892	905	889	897	883	873	895	948	924	908	891	926	881	894	912	887	890	893	912	932	908	915	900	940	934	936	1859.674403
913	878	937	895	901	865	973	948	944	892	933	936	896	899	901	933	913	891	943	928	917	893	892	915	925	913	886	883	939	920	900	873	925	915	919	914	943	888	872	880	902	874	907	941	892	938	921	930	896	896	917	890	898	929	923	900	917	932	913	890	881	901	907	931	934	944	868	896	906	920	908	896	904	901	900	915	891	900	939	933	898	906	930	937	913	880	930	916	870	895	897	914	919	897	926	899	1861.792572
899	903	921	901	917	928	959	972	963	909	914	904	938	935	912	923	899	933	897	894	910	907	919	903	916	895	899	932	909	888	918	917	911	887	916	930	914	936	894	876	904	929	904	890	932	896	881	930	882	900	943	922	900	869	902	927	927	902	903	914	898	911	918	902	922	925	925	902	883	905	892	890	909	911	893	901	861	915	926	894	912	919	918	932	879	876	882	903	922	907	899	925	921	908	897	907	1863.898091
930	956	919	934	907	930	979	937	955	936	934	904	908	904	918	912	947	910	941	919	908	926	922	889	933	893	903	919	907	898	919	884	894	924	937	909	905	924	912	925	938	923	921	911	910	896	931	918	909	866	932	923	919	931	938	910	898	890	931	910	911	868	900	897	910	914	892	894	891	905	901	918	915	895	906	890	910	923	875	921	917	935	912	891	875	925	893	901	887	927	905	888	898	889	901	886	1866.002794
923	936	918	932	893	913	942	941	931	911	936	925	884	886	888	919	948	919	944	919	934	912	918	918	917	897	877	942	899	891	867	922	882	880	897	944	918	908	911	945	862	947	894	901	918	881	868	936	889	923	903	915	926	919	912	913	901	928	926	923	880	897	892	887	918	863	918	896	899	903	912	903	889	909	875	897	914	899	890	900	926	915	916	922	902	915	877	897	923	907	912	935	923	892	921	895	1868.106683
909	920	880	888	911	887	942	953	975	940	895	931	908	911	931	938	933	936	905	919	904	903	912	907	898	914	903	925	912	903	895	903	900	906	897	905	909	913	900	914	939	908	894	914	878	909	883	932	922	876	911	909	898	917	928	923	892	918	909	923	893	899	900	953	917	887	913	893	932	880	929	924	885	929	907	881	932	883	896	904	933	913	920	950	916	905	902	905	905	915	890	920	913	898	905	868	1870.209758
913	896	868	891	916	895	955	933	952	967	947	956	892	897	928	960	899	926	911	918	902	908	934	919	927	885	948	922	910	924	888	917	935	905	870	900	924	913	905	926	908	898	908	910	879	907	898	896	909	872	881	885	867	912	904	913	943	940	897	915	898	870	906	909	900	921	885	931	883	873	912	903	891	893	917	899	890	915	905	892	924	896	929	911	929	871	877	919	875	906	930	914	885	885	922	932	1872.312019
935	889	922	923	894	913	959	956	930	897	928	920	913	888	887	899	928	887	908	915	936	911	900	914	888	881	864	888	882	883	899	928	865	884	909	893	908	889	888	882	899	903	863	874	891	889	885	892	866	904	878	884	925	854	906	870	914	920	906	897	908	907	863	885	932	887	898	887	894	892	902	884	898	900	906	885	898	876	903	905	894	904	905	879	915	878	906	913	872	898	907	916	911	872	864	914	1874.413467
910	921	907	911	922	910	980	965	963	883	936	939	914	881	906	942	911	929	912	933	921	905	865	898	921	892	893	887	912	886	894	890	883	926	917	886	901	893	903	890	926	918	925	934	898	936	877	913	911	942	953	915	929	922	898	859	897	932	914	901	913	888	889	920	938	917	894	888	926	873	890	902	908	902	903	855	880	889	913	925	904	935	900	871	900	891	889	898	906	926	915	882	890	907	915	885	1876.514103
896	908	912	900	920	935	943	960	970	929	933	911	922	872	883	929	897	913	902	930	892	896	883	900	908	883	898	897	889	902	896	921	890	900	916	935	871	1777	893	891	941	926	896	922	906	933	884	914	926	887	920	916	874	887	883	910	872	919	880	899	896	925	885	913	945	902	915	889	886	913	889	882	893	895	878	894	890	900	890	920	886	888	900	919	873	864	880	908	902	893	922	928	863	889	878	893	1878.613926
916	946	906	904	924	950	928	940	970	954	883	901	864	886	884	910	941	888	904	888	861	905	886	911	896	872	918	893	894	924	893	910	892	872	914	875	892	17605	885	905	882	906	914	885	900	908	882	887	864	914	918	893	886	897	914	903	891	905	888	914	864	864	868	885	883	845	896	874	900	880	887	873	877	880	916	917	904	906	883	932	916	886	898	863	880	899	864	897	871	895	898	899	892	906	868	859	1880.712938
922	901	897	909	916	879	923	949	911	933	899	929	876	866	903	935	899	927	911	937	884	924	927	906	915	885	902	917	914	900	911	922	887	896	878	888	914	2479	901	898	888	897	889	912	924	902	871	883	871	896	890	898	872	873	905	869	894	908	915	904	910	895	889	946	901	865	906	885	883	874	880	914	912	891	925	903	920	893	917	881	891	898	891	892	899	873	912	884	914	897	921	859	888	884	892	895	1882.799353
903	905	915	923	918	915	931	928	921	895	898	905	887	934	876	942	944	906	930	879	888	929	882	918	875	892	878	888	907	911	896	891	937	915	900	891	910	1110	904	902	897	938	912	910	909	893	870	920	897	877	915	889	898	925	872	900	935	898	922	883	918	887	858	887	923	904	880	876	876	886	918	884	879	901	894	891	920	901	886	909	881	870	901	911	883	858	881	905	885	902	890	895	919	892	863	914	1884.896748
880	913	905	903	910	893	929	954	926	920	916	935	909	883	887	898	901	919	908	901	947	858	848	900	890	913	916	893	920	895	887	918	863	891	906	899	927	931	889	904	933	886	877	890	933	910	883	917	897	906	895	860	891	892	895	932	898	899	909	917	870	905	896	912	930	893	887	903	903	910	892	913	887	894	888	869	909	893	906	910	902	877	888	892	872	910	883	898	898	905	875	917	904	866	902	905	1886.993332
888	905	905	915	881	903	943	968	958	923	922	890	919	886	912	932	898	910	952	958	890	898	918	912	894	874	898	919	883	913	914	897	914	886	898	885	894	912	909	920	897	942	916	936	910	907	892	924	888	897	893	902	896	901	890	932	886	938	929	946	877	891	890	907	903	908	913	905	927	896	929	903	875	888	896	907	916	873	917	929	923	912	909	926	917	875	888	907	903	902	883	917	929	918	912	903	1889.077334
897	906	886	897	919	913	960	975	932	949	899	898	896	894	892	915	918	909	883	919	938	918	910	919	909	889	898	872	883	931	911	903	919	915	896	907	875	926	883	911	936	884	873	882	888	911	909	887	898	906	902	903	888	901	938	937	880	917	907	902	898	893	861	902	905	917	889	873	904	921	897	890	899	902	906	899	889	860	877	916	912	893	926	886	900	936	871	880	934	903	901	861	938	929	878	895	1891.172304
906	916	908	912	891	906	949	918	941	906	911	944	880	892	884	928	918	939	925	895	916	882	890	880	905	891	907	890	903	871	927	922	899	879	908	913	933	890	888	910	904	912	888	884	895	906	930	860	877	865	857	897	893	878	913	916	901	902	931	914	870	889	896	886	882	911	921	864	872	874	876	886	923	890	912	901	875	903	912	934	896	869	908	885	882	860	896	911	922	904	879	906	895	892	907	868	1893.254701
911	880	915	911	936	900	918	942	979	922	913	912	894	889	884	930	913	928	928	894	913	901	884	880	876	893	930	890	911	916	911	899	922	927	903	937	931	907	910	893	909	892	883	888	887	887	907	898	906	874	887	902	865	887	877	926	899	899	913	887	934	906	896	922	877	890	907	892	915	878	877	883	913	873	906	920	896	915	885	900	909	903	890	888	887	906	889	906	888	871	896	895	897	887	914	930	1895.3363
914	908	914	898	912	911	947	948	949	914	954	922	872	872	876	929	932	945	910	909	926	875	906	898	864	908	897	917	909	912	913	894	878	912	858	882	930	915	890	922	952	883	918	926	915	888	896	930	906	896	882	896	904	885	917	888	895	906	903	948	896	919	882	887	920	887	894	873	917	883	886	915	865	911	883	899	863	885	899	922	900	915	903	894	864	877	871	929	917	905	897	939	915	923	887	909	1897.4171
926	904	915	915	912	906	957	944	950	895	911	922	900	893	890	914	920	924	949	933	882	886	901	911	899	913	907	903	917	920	920	895	911	931	923	920	906	912	924	898	886	889	964	922	929	870	914	910	912	893	902	919	880	894	909	889	912	904	926	853	912	865	900	900	902	897	927	897	870	889	914	876	907	915	922	877	884	903	902	934	888	875	902	907	938	896	909	871	902	892	891	910	874	868	895	922	1899.497101
886	897	919	881	897	913	925	945	908	898	920	916	916	862	872	905	927	902	897	906	884	917	873	891	933	883	907	876	883	923	877	897	888	913	883	892	896	923	874	922	900	908	889	898	938	889	888	933	868	907	853	906	889	880	888	918	908	849	888	870	905	884	876	884	892	908	912	896	875	893	887	907	878	878	904	856	856	897	903	927	906	894	897	858	894	899	876	903	887	887	904	870	884	891	894	864	1901.588049
891	924	901	943	872	894	935	919	918	917	934	878	872	869	895	874	917	918	937	909	889	883	882	873	893	922	895	912	874	901	913	900	892	867	892	889	921	927	901	898	908	911	882	890	938	907	885	895	885	894	843	907	875	909	905	891	912	906	859	918	876	860	889	883	898	891	888	877	870	894	895	893	902	899	887	900	883	888	894	886	854	891	909	902	891	890	898	932	895	881	877	913	876	880	906	883	1903.66645
871	919	890	874	926	862	931	931	932	892	920	875	887	873	888	897	909	888	885	879	900	870	903	875	866	908	858	915	887	897	876	906	890	899	888	920	884	917	930	900	885	919	883	886	895	903	907	926	885	896	874	909	891	878	890	916	898	904	897	905	886	882	898	881	888	931	899	894	890	895	881	912	855	895	920	858	857	864	882	926	887	905	888	912	875	887	902	845	856	880	892	921	870	906	891	879	1905.732318
895	889	886	900	893	881	933	910	943	882	883	912	881	886	892	894	913	906	850	925	901	850	883	905	859	912	888	867	909	927	871	896	905	919	897	894	891	903	892	861	889	860	892	889	899	884	885	888	880	911	903	897	912	890	892	918	916	898	890	888	878	917	859	884	898	869	921	883	880	901	892	902	873	898	900	879	870	917	877	929	870	879	902	936	892	898	883	880	877	901	890	867	877	887	886	886	1907.809131
886	908	898	905	884	918	887	924	931	890	882	868	868	857	908	893	897	914	899	889	911	896	881	896	915	879	869	902	865	862	902	880	869	904	888	876	901	920	894	860	894	894	930	878	866	891	876	865	890	882	867	927	891	858	879	897	912	895	882	905	864	878	898	911	901	880	877	875	879	896	866	874	894	913	886	870	862	878	870	914	902	925	921	843	902	870	894	869	872	901	877	893	890	870	897	891	1909.885147
899	915	867	896	869	914	933	949	924	923	892	890	862	911	877	898	920	905	913	905	875	889	877	899	873	881	877	892	879	911	909	899	889	892	906	888	888	920	889	897	903	920	886	870	899	863	880	877	902	882	884	902	887	900	905	878	887	888	900	884	921	886	895	898	891	882	862	910	885	884	885	869	912	915	904	919	915	895	895	905	901	882	904	877	861	889	904	884	883	922	861	884	863	884	911	882	1911.960367
892	882	885	892	887	899	941	950	928	930	935	912	854	863	863	918	923	910	912	882	863	926	909	908	906	879	871	875	889	930	894	894	874	862	885	893	927	921	882	899	894	919	883	909	884	907	866	895	923	900	900	887	874	880	889	900	894	926	908	891	879	896	891	901	905	884	883	896	853	907	861	905	873	910	920	884	861	882	871	920	911	876	910	883	894	906	886	902	860	888	878	885	874	932	899	890	1914.023074
885	923	876	887	941	884	942	915	938	889	910	908	892	863	902	936	895	921	937	889	883	863	889	900	907	912	892	900	913	896	905	889	891	916	904	902	856	909	904	868	917	888	891	900	925	873	913	888	902	899	864	876	919	915	890	878	901	905	895	918	864	901	859	912	883	892	884	879	896	901	879	889	896	865	883	879	893	901	920	911	871	876	890	903	875	886	877	896	900	924	884	913	884	885	866	898	1916.096709
928	910	888	863	888	895	934	909	931	865	923	922	905	923	899	910	908	906	919	909	902	900	883	879	895	864	878	882	915	896	893	885	896	911	882	874	901	888	889	885	892	910	917	913	897	871	889	877	876	889	893	880	875	895	916	910	902	891	881	913	890	891	897	878	914	859	906	916	905	882	904	870	893	873	867	882	878	862	908	899	898	916	894	892	904	888	878	913	941	903	875	889	890	913	889	901	1918.169549
928	903	898	897	932	932	931	966	963	906	931	909	894	907	885	889	906	933	889	908	915	915	870	927	882	903	921	906	925	894	891	892	902	892	896	911	886	886	916	914	895	895	925	907	909	908	911	906	899	903	891	892	894	893	902	889	892	919	908	888	907	880	888	904	905	879	907	880	886	905	872	893	909	927	890	922	883	925	891	892	911	923	896	892	859	893	874	901	888	909	899	878	902	888	890	911	1920.229892
910	892	906	895	890	871	937	941	937	918	920	941	923	892	884	921	894	914	894	895	925	909	892	933	905	883	902	912	885	906	885	885	873	902	917	927	912	906	898	877	896	901	917	890	913	891	898	896	899	869	894	873	942	872	901	883	892	883	909	887	906	889	864	878	870	903	889	887	895	899	893	920	901	880	896	899	883	901	866	880	935	899	885	872	898	882	902	863	885	876	899	896	906	896	889	891	1922.28945
904	922	887	877	909	890	940	954	944	913	922	941	883	901	896	916	918	930	904	919	917	894	870	887	885	913	895	892	905	887	877	934	870	885	892	907	899	904	892	878	903	890	922	920	915	893	925	898	882	920	883	887	865	847	933	892	895	912	916	920	894	884	886	896	882	920	890	854	887	901	918	897	912	890	904	907	890	899	912	921	910	902	884	871	891	878	887	923	910	921	901	913	877	859	890	877	1924.359919
928	890	898	876	898	899	937	948	916	925	896	945	904	895	877	910	895	891	890	928	909	903	907	928	876	879	917	888	892	884	901	905	887	911	865	877	890	884	873	889	896	884	892	889	869	871	906	914	902	892	863	880	876	896	886	875	908	899	909	876	883	873	902	913	913	927	902	900	906	880	907	897	922	924	889	902	896	886	872	905	890	901	855	900	881	895	871	880	892	891	886	874	875	879	877	901	1926.417905
898	895	909	916	897	896	926	951	932	930	906	911	849	895	875	914	937	903	897	879	913	899	882	901	876	893	880	885	916	880	881	876	897	909	897	913	915	893	900	924	908	904	907	910	932	882	905	916	899	911	931	883	842	920	900	910	911	920	905	909	899	893	884	879	833	877	872	894	878	919	917	875	882	883	904	890	909	853	907	925	891	924	890	886	887	868	924	928	904	863	908	895	894	897	884	890	1928.475108
888	896	893	914	883	897	914	945	929	905	926	915	901	885	867	920	897	965	916	884	896	921	913	858	888	875	905	897	914	881	868	920	904	856	885	882	903	881	889	903	907	926	909	908	881	893	893	879	887	906	906	896	907	881	916	887	894	934	885	890	880	894	873	907	920	907	888	922	865	886	876	907	895	888	884	908	868	902	905	916	909	905	903	862	867	897	879	902	888	904	889	880	887	881	924	907	1930.531528
904	887	906	890	930	923	952	895	921	880	884	882	860	892	861	924	912	896	874	914	917	884	865	868	907	894	883	891	924	897	908	875	904	889	890	905	897	867	881	899	886	904	898	917	901	889	890	903	876	922	907	886	891	884	907	883	882	909	892	909	895	883	882	875	886	899	881	884	880	892	866	882	886	874	877	886	887	864	895	894	894	894	910	902	877	883	866	904	884	881	896	887	891	875	877	897	1932.587165
885	878	913	920	873	873	917	913	905	877	908	908	903	897	869	895	866	883	912	921	914	858	881	889	909	865	887	869	889	912	877	902	879	891	890	888	887	907	887	900	851	919	862	908	898	876	883	893	877	908	882	869	871	862	900	940	922	917	905	903	874	860	881	908	899	873	851	867	866	883	867	880	864	875	875	886	885	891	876	876	889	903	893	878	894	890	902	884	878	870	897	886	894	893	873	886	1934.642022
885	881	899	899	898	868	963	886	950	884	892	906	886	882	868	890	928	896	902	907	897	875	867	898	873	886	878	899	889	905	922	903	890	889	836	900	904	871	861	885	887	901	917	881	883	865	853	868	911	898	888	910	860	896	890	885	893	908	898	898	926	866	867	919	920	902	879	889	869	851	901	902	894	888	886	870	871	861	895	870	924	862	886	903	904	851	861	880	866	906	875	885	873	868	896	884	1936.696096
913	886	884	894	903	876	948	906	895	896	902	912	893	868	871	888	892	891	896	885	874	897	844	904	883	892	909	896	898	880	861	886	854	886	926	895	892	865	911	879	910	859	883	889	842	881	907	897	888	875	882	885	882	853	883	851	860	885	843	898	899	879	860	901	878	897	886	855	863	881	855	902	891	876	886	890	868	882	870	901	909	884	870	897	865	893	872	863	884	888	866	882	885	880	866	845	1938.74939
896	853	881	872	876	838	919	922	894	888	927	882	896	895	868	895	874	922	873	887	881	895	916	881	884	874	879	874	893	915	910	902	887	889	871	889	899	872	865	877	865	880	898	906	911	859	858	879	864	872	874	859	809	865	892	860	887	891	861	918	888	885	863	869	882	875	893	854	881	874	865	860	877	878	874	865	855	903	883	882	865	858	840	898	868	891	859	859	856	879	902	918	872	860	871	867	1940.801904
873	899	897	855	882	879	951	948	955	916	903	891	864	860	864	943	909	921	905	918	877	890	887	885	882	864	858	870	880	883	874	901	895	872	863	841	900	896	886	876	886	890	877	884	875	910	855	909	839	863	878	864	869	870	864	894	880	863	910	872	876	865	838	895	884	869	884	880	874	876	883	862	861	894	865	870	890	877	924	894	863	889	859	905	870	875	867	882	905	862	857	885	857	869	857	873	1942.841982
869	874	870	876	858	877	921	894	941	898	881	876	883	882	834	910	922	886	897	876	865	882	864	859	864	889	872	858	888	881	879	890	867	899	900	885	870	891	877	903	873	880	904	846	900	887	887	866	856	864	871	877	872	860	892	891	885	875	856	914	854	896	883	865	885	897	858	872	906	886	886	903	845	858	883	881	864	888	881	873	898	871	884	865	878	901	866	868	892	876	861	877	868	865	855	855	1944.89294
875	891	874	851	883	889	908	898	927	908	885	914	893	882	911	902	911	933	890	886	909	869	850	872	873	904	878	875	912	914	858	881	880	885	846	894	892	909	906	907	891	922	921	868	872	893	900	851	864	913	857	856	859	875	873	857	859	875	893	882	866	887	877	888	905	863	868	899	868	836	873	883	875	885	888	889	874	879	906	866	892	887	868	893	892	883	885	882	850	880	875	858	901	870	888	896	1946.943119
887	907	896	907	887	892	941	922	903	897	897	908	871	877	876	849	901	906	889	874	875	868	902	866	888	881	894	883	909	885	894	880	846	899	855	875	869	904	921	917	896	923	874	843	881	943	871	885	885	859	870	871	875	911	886	877	865	912	867	847	865	897	875	866	899	896	847	876	868	885	867	883	881	907	890	865	884	892	926	885	890	898	893	883	925	884	867	916	855	889	869	883	871	868	891	894	1948.980878
906	883	908	891	891	876	893	921	921	878	921	904	892	856	862	902	891	889	924	853	874	865	900	898	884	887	871	873	856	888	884	893	874	905	900	873	917	900	906	869	914	866	886	894	890	900	860	874	871	854	871	879	884	881	860	901	863	880	890	923	871	890	874	892	893	865	887	859	858	869	878	877	870	900	894	890	896	828	882	879	935	893	887	873	861	885	876	905	897	868	894	865	886	897	882	866	1951.029504
889	896	899	854	879	906	905	909	941	893	889	916	876	876	869	914	886	925	897	902	905	880	862	882	898	891	903	862	888	859	878	856	877	912	903	920	895	860	884	895	868	890	916	881	887	880	879	884	901	883	896	873	896	899	911	878	873	864	902	912	881	904	908	885	870	872	881	885	890	893	881	896	872	878	882	874	882	893	898	906	905	919	885	923	846	875	866	877	885	876	911	863	887	901	870	878	1953.06572
906	905	910	875	888	902	891	921	909	886	893	897	850	879	894	918	887	873	907	922	889	896	856	878	872	873	868	900	860	879	890	857	887	904	908	901	855	867	887	894	890	879	897	869	897	888	891	852	876	874	890	877	911	899	923	903	858	890	904	870	881	861	869	883	886	862	880	898	908	893	893	858	826	852	844	883	858	878	887	903	854	890	869	876	883	859	884	884	903	880	877	870	869	862	895	897	1955.101167
877	884	916	901	922	895	944	950	907	919	906	909	888	881	890	904	878	920	919	894	908	875	905	884	884	885	904	860	893	936	894	883	871	865	917	901	907	910	878	886	872	874	867	875	885	908	878	902	881	869	899	880	904	886	897	893	880	876	873	869	889	886	861	867	873	894	873	870	893	888	875	901	879	881	878	874	869	902	868	886	904	891	897	874	889	896	882	876	866	886	899	876	899	868	889	891	1957.135846
908	882	894	870	899	890	927	922	926	903	889	913	884	851	854	887	903	914	881	891	906	876	876	882	858	876	887	904	902	878	860	882	898	878	841	874	912	899	872	871	896	882	882	862	862	895	890	898	895	878	889	880	864	891	884	878	901	895	889	879	886	888	895	900	899	890	887	894	869	895	871	884	881	899	891	867	886	862	891	877	906	894	891	902	885	889	874	869	877	892	875	891	876	856	899	903	1959.181378
887	877	886	895	903	888	906	917	908	908	933	909	910	859	831	897	940	914	910	894	883	877	901	886	892	858	890	879	884	877	883	881	897	887	871	866	870	891	897	917	885	896	869	907	902	902	892	867	902	870	904	889	905	886	884	889	884	871	910	919	892	906	895	888	859	873	854	868	892	864	864	881	907	887	870	881	874	867	880	894	871	885	898	877	877	888	887	912	876	921	900	876	906	897	880	871	1961.214517
885	882	875	894	904	894	928	933	900	863	896	895	875	891	884	897	907	899	898	891	903	874	886	911	889	856	897	872	871	910	899	890	894	880	909	884	884	903	924	917	857	892	907	897	889	874	874	891	867	903	887	868	867	859	886	876	895	897	911	903	851	879	900	880	888	886	895	863	880	863	854	881	865	895	896	881	876	874	888	877	883	889	886	870	914	843	873	903	899	891	885	907	885	897	854	873	1963.24689
915	909	888	878	914	859	934	928	936	896	888	921	885	909	843	905	904	902	903	897	916	867	868	872	873	882	889	906	859	896	873	880	849	862	883	912	905	895	884	882	890	878	876	865	879	874	878	893	890	866	905	869	871	891	849	880	894	905	884	870	861	860	856	888	899	894	872	874	875	896	870	878	859	873	873	826	892	883	890	909	876	878	882	892	884	900	845	875	904	845	878	875	902	883	888	895	1965.278497
894	856	889	870	874	885	941	930	920	900	903	857	891	890	930	883	897	917	889	906	884	899	925	876	883	905	882	893	882	852	858	873	909	889	879	870	879	900	889	882	858	881	888	860	868	867	861	871	859	878	861	897	861	857	873	867	865	852	924	866	863	863	864	901	891	862	866	879	866	881	894	852	841	909	866	898	857	891	899	882	863	852	887	854	881	885	874	840	877	898	865	862	892	862	877	865	1967.297735
886	915	885	883	876	888	885	933	921	909	903	869	878	897	850	883	878	923	904	877	876	885	886	868	863	858	864	881	899	900	855	876	889	876	904	893	890	868	884	891	857	896	869	885	884	889	882	861	868	850	862	851	885	879	862	900	878	871	860	900	896	887	858	873	874	857	878	880	879	887	850	836	853	842	887	871	882	856	913	854	906	903	883	852	895	866	853	847	887	876	866	843	864	875	876	872	1969.327815
865	897	866	897	881	870	879	911	923	899	882	891	849	838	870	879	873	889	867	871	881	839	862	891	883	897	893	856	883	884	837	866	881	893	869	909	880	896	889	916	892	890	905	867	890	862	877	906	871	874	900	873	867	883	898	896	892	868	847	886	862	876	862	865	876	893	873	860	857	834	867	881	852	909	860	857	888	885	884	892	863	884	872	873	894	842	835	893	874	850	863	854	891	887	873	859	1971.357129
858	863	868	893	874	872	895	917	888	920	903	886	875	851	904	914	909	869	880	883	904	873	866	884	903	873	876	911	870	849	875	844	851	832	874	907	891	884	896	898	878	843	906	849	858	870	875	895	860	862	872	893	879	892	897	870	879	863	890	877	912	880	832	875	894	875	893	839	860	878	856	863	877	887	899	911	857	884	895	858	854	879	846	858	864	864	875	873	870	867	892	845	854	880	861	889	1973.385679
886	888	891	864	906	882	931	883	889	908	877	897	887	877	875	884	886	901	878	878	873	920	868	874	882	893	899	873	884	866	856	901	864	875	883	898	875	892	889	876	883	917	861	900	884	875	871	863	884	862	873	885	862	884	875	864	895	874	872	900	880	849	863	875	896	897	882	880	852	865	875	853	867	907	885	874	919	905	899	880	896	870	841	890	887	859	878	865	891	866	864	877	857	897	875	890	1975.40188
867	882	902	872	886	898	920	923	900	868	897	904	892	876	898	907	876	873	886	889	895	897	870	884	900	889	871	864	909	895	877	865	890	860	902	872	886	892	866	861	870	862	891	856	858	874	910	906	919	872	886	867	864	897	896	869	892	869	886	856	903	889	843	867	898	829	876	897	856	893	851	876	856	869	869	900	881	881	911	859	891	900	851	881	895	897	871	878	876	895	867	891	894	873	884	874	1977.428906
887	902	898	879	895	911	899	909	917	867	884	885	894	893	861	873	894	850	896	874	889	898	885	855	892	902	864	884	883	881	883	881	903	864	891	888	869	883	873	856	885	895	918	871	887	871	912	871	875	903	874	869	878	894	906	894	846	888	860	869	861	878	860	878	862	889	863	865	876	886	874	875	871	870	892	887	869	880	905	914	870	855	868	863	856	854	881	892	865	847	861	903	892	860	879	884	1979.443592
901	917	917	925	874	915	946	907	937	904	909	875	906	889	893	954	889	915	902	902	876	896	883	881	882	875	874	871	876	906	885	919	896	898	882	891	880	879	895	882	900	883	893	927	894	875	858	867	884	895	846	897	839	889	902	885	896	895	899	878	880	879	883	885	895	863	881	880	901	873	868	848	865	900	898	899	897	880	883	907	886	888	874	883	867	875	891	910	877	890	881	853	901	889	880	874	1981.469097
889	940	881	867	877	871	941	947	929	896	893	924	872	888	886	901	895	907	890	886	907	878	893	882	900	886	904	913	877	895	885	863	890	880	886	882	896	895	855	891	865	904	884	892	896	867	864	911	879	862	907	874	891	888	870	870	880	906	882	881	881	866	887	861	870	899	880	887	877	901	869	870	878	860	863	881	871	893	901	899	884	896	865	881	867	867	895	883	917	882	870	888	888	892	881	915	1983.482271
917	882	909	916	859	920	956	906	925	924	897	901	875	879	912	920	936	915	897	903	888	870	873	881	897	873	891	874	901	899	910	873	907	887	877	917	867	865	880	913	883	865	850	906	898	894	894	895	855	894	865	866	897	891	891	904	864	902	841	881	883	869	927	880	871	856	853	847	870	879	863	865	861	888	904	889	885	883	912	868	887	900	882	864	867	864	870	874	893	898	890	863	891	906	876	888	1985.494692
920	876	863	924	932	869	923	935	938	883	891	909	859	886	846	929	874	875	853	880	878	886	890	884	877	876	884	862	904	880	904	884	888	886	882	920	879	922	893	907	899	887	858	916	924	887	866	844	910	886	892	882	882	871	863	899	876	871	914	914	879	874	890	852	896	854	897	903	881	897	884	879	913	879	869	898	891	906	885	889	901	879	874	870	890	854	895	881	861	868	869	882	911	917	874	884	1987.517919
883	918	898	900	894	921	883	923	916	892	907	875	864	872	883	892	886	890	935	947	882	875	854	886	886	873	888	899	895	895	885	877	894	888	909	882	884	919	887	877	903	895	869	880	911	916	898	904	910	892	880	850	889	882	921	906	901	884	903	912	880	887	885	926	878	882	864	864	880	896	893	883	908	928	855	876	897	856	860	900	882	883	925	901	859	852	877	883	878	897	874	885	880	894	876	877	1989.52883
902	892	903	868	879	889	922	927	909	913	911	889	878	869	887	891	904	906	916	896	913	871	907	908	883	886	875	861	870	856	897	894	905	893	890	861	894	908	875	879	878	894	912	877	866	881	864	876	894	872	854	866	876	874	867	896	892	907	888	865	896	894	862	853	879	891	850	894	885	878	863	890	857	878	906	880	852	855	881	905	875	866	882	919	866	850	884	880	870	857	900	946	876	885	901	873	1991.538988
873	880	872	895	904	884	898	892	885	911	913	939	880	873	880	896	900	913	872	893	887	849	884	900	893	882	872	881	864	886	893	864	895	875	887	869	899	891	897	898	887	893	938	866	914	889	872	907	898	888	903	863	890	880	885	865	876	882	892	901	887	888	874	883	876	886	867	869	863	891	877	875	856	882	925	863	855	864	899	879	892	883	872	856	880	906	893	919	897	863	886	910	897	858	883	861	1993.548396
903	849	887	871	865	890	900	936	925	908	877	897	860	890	848	893	913	899	916	889	907	889	893	864	881	874	873	882	868	892	874	866	862	895	900	852	875	891	902	864	851	884	900	898	902	863	884	864	861	885	865	875	850	854	891	915	856	892	871	903	858	867	890	864	868	868	878	876	889	900	868	886	840	870	869	869	892	871	857	891	870	885	890	873	838	888	867	865	865	880	882	878	895	883	860	879	1995.557052
885	875	877	900	879	882	913	937	889	894	918	918	887	883	876	877	888	910	888	882	888	854	885	878	870	931	859	897	877	869	878	890	875	891	864	894	902	884	854	888	859	874	891	881	896	894	911	883	891	856	878	881	890	847	880	870	896	861	880	905	874	871	875	885	876	878	864	877	885	853	876	874	879	861	880	863	855	860	866	878	885	854	876	901	865	882	857	882	831	861	852	899	892	892	912	857	1997.564957
863	882	859	842	878	838	906	938	914	892	876	898	858	872	842	893	904	885	862	922	897	878	900	866	842	863	863	873	893	884	862	844	881	894	881	896	895	872	902	861	867	866	881	862	871	877	875	882	867	863	868	886	881	836	877	892	842	902	874	847	863	873	853	895	859	887	845	830	829	878	846	886	855	855	884	854	856	883	863	866	863	878	876	885	876	853	866	916	862	885	890	904	898	882	885	848	1999.560578
865	869	851	871	886	907	899	887	925	868	872	872	872	848	859	875	915	922	887	875	903	884	864	872	869	886	876	853	866	888	863	903	882	874	872	867	874	867	874	862	886	867	883	833	864	851	864	892	887	893	864	873	863	867	865	873	885	850	886	846	859	878	864	875	881	840	885	857	881	856	858	900	876	857	880	894	897	869	913	889	886	859	856	895	896	882	865	860	866	862	870	898	858	884	864	874	2001.566987
874	859	914	873	884	901	905	904	898	885	913	887	871	881	865	881	861	879	905	874	884	857	879	869	903	860	900	865	879	898	864	879	894	854	873	847	851	893	844	874	868	890	872	873	881	886	872	855	849	854	895	858	846	869	872	892	860	886	828	872	883	848	852	871	874	837	887	884	854	870	871	856	859	883	846	865	855	865	861	863	839	872	896	876	869	862	888	900	867	885	882	877	915	879	883	854	2003.572647
893	878	878	884	908	903	928	938	910	869	896	879	869	853	878	887	893	920	892	867	907	874	869	858	833	894	862	861	853	866	883	879	846	868	866	877	912	878	868	892	894	895	874	883	899	878	841	879	880	858	874	884	886	873	895	844	887	878	895	878	887	875	874	884	866	899	873	867	884	871	869	867	875	893	875	859	880	860	869	878	879	850	878	864	860	872	866	867	905	856	851	862	865	840	871	888	2005.566037
892	884	882	878	911	897	916	879	902	899	918	864	883	856	863	910	902	910	891	902	883	895	869	870	882	891	868	873	866	879	887	884	872	875	886	903	881	852	892	880	882	868	925	884	874	845	891	896	899	869	867	857	866	872	853	887	870	880	861	878	852	856	901	883	899	875	894	868	852	854	914	914	874	855	857	886	884	881	856	897	899	861	881	892	848	886	882	893	888	887	906	859	882	895	888	882	2007.570203
904	893	899	895	894	882	913	886	952	895	878	866	856	908	906	872	903	875	910	917	930	886	864	865	885	898	877	866	864	884	896	902	907	901	880	893	918	910	882	886	913	915	890	910	854	906	867	887	882	877	919	871	866	896	875	870	846	908	909	920	902	908	863	898	860	874	892	858	868	886	870	903	873	885	884	883	855	889	901	896	892	883	876	870	876	888	898	893	901	885	868	897	870	865	890	851	2009.562109
913	906	870	899	896	910	940	933	902	872	862	913	909	894	877	877	886	899	904	897	894	894	879	887	876	869	879	896	875	917	870	897	905	872	912	897	911	902	865	907	895	912	899	910	894	866	883	895	926	910	876	898	867	902	893	902	898	883	908	889	883	893	886	877	867	882	872	897	886	868	919	908	917	889	882	875	861	893	902	901	897	920	879	883	853	864	853	890	907	871	862	888	883	875	890	888	2011.564782
917	914	866	881	919	901	917	961	931	922	916	900	895	882	878	888	907	884	922	897	864	877	893	914	914	895	905	902	914	900	885	856	902	894	879	864	891	875	905	909	916	891	910	900	905	909	881	904	889	899	873	886	847	896	907	870	883	889	886	883	863	868	865	920	873	870	871	857	872	875	875	889	886	859	876	893	886	845	892	889	889	873	894	889	881	936	890	907	884	874	895	877	913	883	894	905	2013.555206
903	918	911	888	882	879	925	931	927	906	888	918	869	910	890	904	877	912	916	901	918	894	901	878	903	885	865	904	887	886	914	901	881	885	920	872	876	894	878	886	894	889	893	873	877	858	913	876	888	908	881	898	889	883	885	886	891	873	870	881	887	892	880	902	861	889	924	870	873	889	874	905	884	916	881	877	905	908	891	893	922	924	901	895	863	878	883	907	890	894	901	897	881	901	869	905	2015.544891
862	888	920	916	906	891	930	910	951	917	910	876	931	862	888	885	918	908	873	922	895	890	904	883	877	875	860	903	905	890	912	864	888	889	886	880	906	924	892	870	913	874	876	880	888	872	890	852	889	907	883	887	871	877	882	888	882	879	907	892	887	904	896	918	870	893	886	904	878	879	897	924	900	916	887	887	904	892	900	941	895	882	888	922	890	899	882	853	899	886	893	865	894	873	880	869	2017.545332
887	887	891	869	891	894	947	933	894	904	917	897	883	875	886	884	905	900	900	907	904	907	892	866	861	879	879	912	926	897	914	895	888	886	923	906	882	884	897	892	887	891	865	876	906	897	874	893	892	890	892	885	892	897	894	860	892	895	887	900	873	898	858	901	876	877	888	893	881	918	910	846	842	870	896	871	869	881	878	907	901	912	871	898	860	907	884	871	877	896	890	886	876	891	873	902	2019.533537
910	864	893	906	885	880	895	931	915	924	900	914	897	866	909	894	878	906	901	892	907	866	889	862	886	896	875	863	901	864	856	868	878	888	873	914	899	889	896	868	895	863	891	899	899	883	876	895	903	855	883	839	889	875	908	910	898	885	911	890	884	839	884	914	869	894	892	913	884	869	908	889	898	867	850	904	866	883	909	887	905	910	904	915	900	869	857	902	886	865	881	882	891	903	861	873	2021.521004
899	915	895	898	893	884	915	912	916	894	913	894	881	900	865	893	926	892	880	885	909	883	891	885	901	873	875	892	889	919	899	829	873	884	888	876	882	879	883	854	905	883	884	877	900	855	839	898	862	881	912	890	887	878	913	865	867	905	866	902	904	887	888	871	864	885	872	875	878	894	879	880	907	856	868	842	878	883	867	913	855	874	901	887	891	879	889	873	864	878	871	883	890	867	893	875	2023.507735
909	889	868	885	890	915	905	899	929	864	876	890	880	844	887	872	883	839	929	868	885	861	890	844	906	900	852	912	876	846	864	893	864	915	888	884	897	860	930	901	889	874	893	880	861	872	865	861	904	894	854	881	878	879	887	894	864	896	858	902	884	889	878	882	873	876	887	884	876	894	874	843	863	907	869	853	868	842	894	904	862	877	875	884	873	901	890	850	867	891	857	855	851	881	860	896	2025.493729
907	881	908	901	869	898	890	894	892	889	904	857	872	867	867	918	877	912	875	879	881	869	870	872	899	844	862	866	873	884	891	858	892	877	880	880	869	906	886	891	875	894	872	903	902	874	891	882	876	903	861	894	891	865	888	865	896	889	857	885	868	892	894	878	873	854	881	905	848	896	868	894	864	874	862	865	863	854	917	893	895	867	885	899	849	866	844	866	888	867	880	897	847	888	863	892	2027.478987
866	882	884	896	903	874	934	898	875	895	880	901	848	871	859	868	890	863	886	884	910	864	866	880	846	906	878	879	875	884	860	849	864	875	890	886	873	876	829	906	880	856	907	865	883	894	884	896	874	877	886	859	878	879	864	909	895	868	875	868	889	857	856	877	838	904	871	895	871	896	881	884	880	885	875	871	869	838	885	854	854	880	887	887	870	873	886	884	880	864	849	871	918	868	935	835	2029.452041
885	885	861	884	891	862	901	905	907	911	874	888	861	859	879	901	894	880	883	914	868	885	859	848	875	861	850	876	882	885	901	862	888	867	869	893	875	874	873	882	886	867	857	891	888	866	854	865	879	884	880	848	865	863	847	880	867	909	840	882	898	883	865	872	885	891	901	864	872	856	864	861	875	863	877	857	869	879	863	890	913	932	869	877	875	863	877	879	906	886	862	867	874	870	869	884	2031.435833
878	892	887	908	857	905	918	922	914	868	902	866	899	868	878	907	887	920	904	867	891	872	873	878	870	888	886	889	901	892	908	890	864	910	891	896	856	886	887	872	848	862	891	874	872	898	914	883	872	876	877	876	859	870	890	876	859	885	876	903	866	886	875	898	877	865	873	904	890	879	897	884	881	858	896	889	875	871	902	915	895	874	904	910	852	879	877	887	871	861	871	866	889	888	890	868	2033.418889
878	899	875	885	864	874	909	895	919	873	869	863	873	859	866	882	898	878	903	909	886	875	888	881	895	860	867	884	857	884	878	853	866	885	893	894	892	882	882	857	874	885	858	878	869	876	877	851	901	909	905	867	892	862	904	882	859	865	858	868	876	851	925	917	889	885	895	864	877	863	857	906	888	868	868	867	858	877	867	846	881	876	881	870	886	840	893	904	872	855	892	854	859	832	864	877	2035.389755
889	902	876	888	890	883	902	916	870	924	875	896	884	857	923	908	893	891	913	887	899	884	883	887	875	899	891	878	899	924	931	899	868	866	860	863	883	889	888	912	886	871	893	865	876	904	883	872	883	848	896	903	863	873	897	895	893	900	912	858	904	869	901	894	882	859	856	907	874	885	882	898	892	885	897	871	925	901	884	884	901	881	889	873	888	895	854	883	900	867	898	891	898	877	860	875	2037.371348
883	877	894	894	888	879	906	977	943	888	871	919	874	899	888	911	903	895	906	879	911	868	852	887	885	923	898	878	911	881	886	874	879	913	883	861	912	891	854	873	877	876	895	905	904	862	884	883	866	895	863	890	920	856	877	867	878	870	902	890	874	909	863	868	883	890	901	913	871	882	864	895	869	905	900	883	861	890	881	885	882	878	890	866	886	885	897	861	846	867	868	832	879	867	887	893	2039.340759
901	884	884	914	928	879	934	941	907	927	870	908	879	898	873	914	912	869	900	888	910	914	921	903	900	915	875	914	900	880	900	891	901	868	879	882	894	874	887	878	902	912	926	879	895	903	878	884	872	898	900	878	895	895	905	888	917	919	890	920	863	874	865	901	891	877	904	907	846	866	869	878	872	853	857	892	872	852	899	901	898	897	904	891	912	880	906	912	896	911	890	881	875	889	868	897	2041.320889
911	893	895	886	888	863	914	932	951	902	874	916	881	881	916	902	930	894	903	915	897	925	865	891	896	903	907	892	885	913	891	882	891	891	893	892	892	876	882	891	915	885	925	867	875	887	887	903	911	871	904	910	880	883	884	893	875	916	897	877	886	888	855	870	908	879	897	873	894	896	907	874	893	855	884	910	890	867	896	921	872	908	843	858	880	885	885	870	908	877	875	907	885	881	912	896	2043.288847
872	893	899	909	903	900	934	941	889	891	889	918	906	865	886	907	926	907	919	908	904	904	891	899	870	887	898	902	881	880	874	899	911	871	899	887	897	885	892	889	931	900	880	896	872	910	885	886	903	893	877	891	897	894	926	903	892	897	904	865	894	854	877	900	850	898	886	864	891	867	876	896	906	877	900	895	891	909	922	893	896	885	856	873	900	877	896	899	872	879	886	886	873	913	877	881	2045.256081
903	879	883	877	893	905	926	914	898	897	907	911	924	901	905	917	911	948	905	896	908	929	885	885	887	900	873	913	889	867	899	894	862	912	921	891	893	917	868	916	930	871	889	896	898	867	904	853	894	900	882	836	879	870	927	915	905	885	885	899	879	895	832	896	918	873	859	883	898	902	895	889	870	901	885	934	887	904	872	927	912	865	900	900	881	863	905	870	885	889	878	898	891	911	863	902	2047.234022
867	894	915	907	900	891	931	920	926	915	910	870	891	864	879	884	904	894	931	909	921	878	905	885	866	896	864	886	869	892	905	916	920	897	903	886	906	902	896	891	911	914	884	890	895	923	898	881	908	875	896	908	895	896	934	877	851	883	892	892	878	863	844	864	863	868	890	863	870	903	878	907	861	918	877	886	878	864	886	902	911	890	902	895	890	891	882	924	922	876	897	897	916	891	909	863	2049.199805
904	899	897	889	875	906	937	946	915	915	908	868	887	884	879	908	889	913	865	884	914	927	897	875	857	880	918	920	884	894	902	898	889	902	886	912	869	858	885	911	898	876	905	901	875	885	857	862	879	907	870	853	912	876	876	886	891	908	882	893	885	910	846	917	870	890	876	890	900	884	890	887	872	877	913	848	895	908	902	872	902	887	899	876	863	864	902	888	882	881	880	898	871	907	871	870	2051.164865
905	892	903	889	887	880	887	905	906	869	887	896	865	901	880	875	908	882	910	886	905	868	876	903	930	899	903	897	868	911	896	888	894	900	903	889	895	876	853	869	912	874	867	874	895	911	889	888	876	878	857	893	898	887	904	889	898	909	900	893	874	895	857	893	881	893	907	882	913	850	845	881	918	882	892	896	880	890	905	887	887	872	905	907	915	859	889	888	896	870	875	869	881	897	881	893	2053.129203
855	889	906	860	917	897	917	913	911	856	861	926	880	844	854	887	893	892	852	917	904	885	885	909	869	857	912	895	851	885	859	895	888	910	883	875	893	867	879	885	884	898	874	909	889	870	871	859	898	863	905	911	877	876	890	893	858	851	895	892	877	897	851	898	872	876	873	853	882	851	895	892	875	901	891	859	851	895	892	900	891	871	867	886	841	905	883	849	871	882	890	891	872	880	918	887	2055.092819
910	860	883	864	885	887	908	902	937	890	927	895	877	828	871	885	887	880	899	899	904	890	869	868	895	896	908	859	881	913	897	870	854	894	876	903	881	901	876	888	879	866	875	893	856	900	891	830	904	880	856	885	901	891	863	882	880	864	890	852	911	867	902	896	864	872	879	881	873	882	872	894	867	878	873	864	902	878	897	943	880	875	910	923	881	862	862	851	867	881	876	889	858	884	883	846	2057.055714
868	877	884	911	875	871	904	896	898	914	872	902	915	859	856	880	900	937	892	897	856	878	872	854	891	888	855	896	871	854	877	885	857	896	900	904	881	902	867	922	864	902	888	879	870	879	891	905	864	886	890	860	859	879	887	887	900	890	879	892	884	896	892	879	895	849	867	874	856	864	887	874	906	858	893	853	879	855	912	910	850	867	898	879	889	860	897	909	888	914	874	902	883	886	882	890	2059.006481
885	910	876	844	897	922	894	917	902	894	863	882	879	877	873	891	922	892	871	884	882	863	882	854	850	850	891	898	876	858	877	848	910	874	914	887	884	884	847	910	897	873	889	867	886	875	877	882	889	885	881	849	885	853	876	896	876	894	873	867	894	851	883	872	917	886	875	886	862	864	867	855	865	882	864	868	899	886	902	874	904	884	877	880	860	879	891	889	893	888	861	895	881	867	876	859	2060.967938
884	850	860	896	885	874	933	900	892	885	914	895	877	866	893	898	881	899	923	861	906	867	859	864	845	878	888	854	894	838	856	870	876	887	869	864	861	869	888	866	904	903	896	889	905	869	899	854	865	886	884	861	871	882	904	862	853	824	880	875	858	886	872	866	867	886	876	878	898	869	853	861	845	877	874	856	865	834	899	906	898	851	872	844	898	882	876	873	888	869	892	863	889	872	902	889	2062.928675
902	861	883	890	896	887	914	930	931	858	890	883	877	880	851	896	867	909	883	881	909	885	842	851	896	855	851	895	884	860	913	906	879	872	879	866	868	881	877	880	862	874	892	891	913	895	859	844	863	879	880	880	867	863	890	868	825	865	871	896	901	854	866	854	888	890	876	871	852	913	874	860	895	877	869	880	865	850	878	870	889	882	888	900	898	841	884	861	870	873	892	868	874	876	890	881	2064.877298
877	869	870	903	870	865	932	916	897	842	860	906	888	881	861	883	859	913	899	883	880	884	844	861	893	840	905	863	887	893	877	863	875	866	897	867	867	864	910	870	879	883	881	913	882	818	834	861	854	850	866	843	859	865	878	855	856	865	882	873	844	885	847	893	848	858	874	881	877	850	888	896	925	868	876	861	864	845	861	870	875	883	879	884	872	862	852	859	853	870	848	893	875	864	854	860	2066.836599
880	900	870	888	884	870	916	897	939	872	886	859	885	901	872	892	893	891	909	860	900	869	878	872	852	860	889	885	883	876	883	882	858	868	858	863	874	878	894	886	892	882	881	852	871	893	877	851	856	882	886	854	879	884	856	887	866	859	873	888	866	871	894	859	884	883	862	874	850	867	886	869	827	891	876	851	901	901	896	903	884	843	865	865	860	853	861	839	862	838	862	892	860	878	892	914	2068.783796
900	880	892	893	890	909	932	921	892	871	896	869	867	869	869	904	888	862	885	875	888	877	881	867	890	853	870	901	882	882	885	891	868	875	871	897	898	908	884	888	895	858	884	897	882	853	892	912	865	878	877	876	852	861	887	862	903	889	877	887	872	877	882	887	888	862	903	871	862	850	865	869	879	865	868	866	848	882	896	880	892	876	876	869	843	866	868	879	867	881	881	874	866	895	867	881	2070.741663
886	902	898	885	890	902	886	926	952	865	898	912	840	907	875	891	893	913	895	880	919	869	900	894	887	866	843	889	891	902	904	876	885	885	877	909	882	882	876	869	885	883	897	910	872	915	887	897	888	908	859	887	890	876	873	878	881	914	895	916	901	865	895	885	916	869	876	878	870	880	880	904	873	888	884	884	840	869	875	882	898	933	886	868	882	892	859	893	857	868	868	861	838	863	894	897	2072.687435
925	890	905	912	898	891	928	904	906	907	889	915	862	890	887	887	891	871	892	854	905	879	881	874	894	882	921	913	915	882	906	901	880	870	878	873	907	892	914	903	861	871	893	872	906	884	883	874	875	881	895	865	853	847	875	859	877	864	909	890	872	875	849	886	893	863	894	862	890	857	896	846	874	867	915	869	870	860	891	898	911	902	878	895	870	869	875	871	874	872	900	875	906	869	896	893	2074.632498
887	884	904	886	934	890	938	935	879	880	930	884	905	891	882	890	895	879	904	880	918	878	883	881	857	903	883	874	888	878	909	871	891	898	866	863	882	873	895	867	907	912	896	885	875	912	880	904	871	850	870	909	897	859	890	863	865	902	889	892	879	866	867	876	861	882	890	867	892	872	871	884	840	867	893	900	932	883	898	888	873	870	861	872	880	852	841	865	868	872	888	903	901	879	869	888	2076.58822
852	891	893	888	911	874	920	892	897	890	904	877	857	885	863	889	891	875	878	876	909	871	853	877	882	894	857	890	872	869	921	870	889	872	873	890	902	885	858	904	872	897	883	907	892	923	881	878	878	889	881	881	874	907	885	906	892	899	856	871	888	865	879	857	886	876	877	902	844	873	892	878	849	882	879	889	905	863	882	920	894	888	891	876	867	889	880	875	867	863	872	897	915	877	861	886	2078.53186
866	874	915	897	897	875	909	894	905	906	898	876	851	867	872	881	933	910	896	886	876	887	910	896	856	906	873	892	888	899	877	895	867	887	877	889	898	881	881	872	841	908	887	869	902	899	863	886	868	903	876	845	914	893	878	883	868	869	853	857	862	861	906	899	861	884	853	867	873	921	866	863	859	876	868	877	899	886	906	873	929	877	894	908	881	882	911	879	870	895	901	871	899	909	876	898	2080.474792
909	899	906	911	888	872	887	925	930	890	908	916	858	872	849	908	898	889	902	907	877	856	911	910	832	883	905	872	877	910	871	872	872	854	891	886	875	901	883	901	892	858	877	886	906	906	890	886	900	855	895	876	892	891	885	857	879	876	912	879	872	872	900	891	887	885	859	913	855	876	889	880	898	890	902	869	882	859	883	889	887	886	854	885	880	883	841	858	871	883	880	912	869	890	875	858	2082.417016
872	866	872	873	876	898	908	903	926	904	882	897	852	868	912	906	884	922	901	896	910	859	872	904	892	885	861	897	887	872	882	887	899	909	895	876	899	885	869	879	871	882	898	864	912	860	899	891	870	903	880	881	839	885	869	867	874	914	883	923	877	856	876	887	857	880	858	891	863	899	883	884	850	906	883	866	883	861	896	869	896	875	868	866	855	874	860	915	892	888	890	877	867	871	850	852	2084.358532
881	849	868	869	918	887	916	904	892	879	913	905	859	857	849	887	896	934	909	886	879	885	886	889	907	864	870	912	885	879	900	875	901	876	897	896	882	902	854	881	892	909	856	875	875	875	873	870	867	880	895	845	881	891	859	849	900	856	859	873	876	893	880	873	866	888	839	883	864	887	862	873	857	871	886	856	865	867	904	900	878	870	887	874	907	877	882	885	856	853	901	849	884	866	872	870	2086.29934
862	893	873	850	863	852	912	928	926	870	873	887	850	872	871	907	875	888	856	878	866	889	827	877	882	876	845	837	901	859	874	873	882	875	845	864	887	854	880	857	875	878	877	901	877	882	875	858	869	854	869	856	875	876	855	886	881	898	860	894	854	833	863	890	866	871	866	879	890	843	870	893	866	837	874	868	855	889	887	856	862	851	904	888	852	855	865	870	870	876	874	888	881	867	891	860	2088.228098
852	863	882	864	901	881	882	898	900	876	883	897	826	877	872	866	863	853	879	874	877	877	882	898	847	877	887	866	892	869	860	870	867	845	896	848	860	878	899	884	872	857	859	855	898	843	889	864	861	899	869	897	860	867	877	826	879	851	875	852	882	882	853	864	868	881	835	864	866	897	866	861	883	899	870	895	873	860	894	858	854	863	865	857	880	887	827	865	863	884	842	891	878	853	874	851	2090.167498
923	882	883	851	847	878	894	899	899	875	850	869	875	870	845	876	866	875	910	884	901	875	871	916	871	872	892	899	849	856	862	885	876	859	861	867	860	851	858	873	863	887	869	863	866	843	892	870	882	890	856	866	889	871	884	850	881	875	883	892	864	880	836	898	881	871	882	880	838	870	862	872	877	855	872	888	847	871	883	858	878	875	860	866	899	840	861	895	863	869	839	896	857	865	850	862	2092.106191
864	857	876	902	877	872	879	894	880	881	887	859	847	871	861	886	898	882	860	864	875	839	885	869	893	865	879	895	888	873	887	869	862	843	901	875	868	883	864	847	873	870	861	885	872	871	850	850	863	869	871	853	846	869	879	831	837	881	886	906	850	864	833	863	840	849	882	863	871	887	887	833	867	857	867	893	870	879	857	904	864	862	861	845	905	868	873	844	880	848	855	878	862	870	869	878	2094.044178
895	865	883	857	871	858	930	874	892	890	863	897	903	873	860	890	883	865	890	896	877	868	882	857	842	857	860	855	867	869	892	867	880	868	851	878	857	847	881	883	888	851	881	868	877	857	894	865	845	897	867	870	872	878	863	873	862	863	870	875	836	884	868	865	861	843	863	857	845	876	854	858	870	875	847	842	856	857	902	883	895	880	843	872	869	864	843	892	828	841	874	870	867	880	875	862	2095.970133
892	866	861	932	877	873	905	890	914	893	893	845	882	867	868	888	901	860	876	869	865	843	859	893	891	851	820	893	873	888	863	865	905	869	894	872	895	879	887	843	879	876	878	847	866	881	884	850	861	867	859	874	862	828	881	831	868	900	887	845	844	848	873	846	882	851	861	872	874	880	849	886	869	842	862	877	874	880	886	883	864	866	870	853	885	844	861	847	875	887	871	846	861	852	847	863	2097.906714
854	840	880	858	880	896	910	910	896	896	876	890	874	869	861	901	871	889	878	895	893	858	856	859	827	878	859	874	870	905	844	992	879	882	866	862	884	863	853	859	860	902	860	880	886	873	848	903	870	855	863	860	851	864	882	890	887	857	856	843	856	865	849	870	862	866	841	883	876	826	844	857	882	862	850	841	861	878	857	860	869	872	869	873	859	867	877	842	870	876	872	867	873	883	885	869	2099.831272
897	868	887	877	880	863	906	909	897	900	891	840	832	846	853	870	888	892	883	865	890	874	861	863	888	881	876	863	888	899	868	6923	849	876	844	865	860	864	866	898	877	884	869	903	882	865	880	856	865	853	867	866	851	865	891	879	854	878	880	870	848	869	840	843	831	844	845	879	849	877	902	909	888	825	889	853	883	866	889	882	876	861	890	857	860	870	867	894	856	866	874	857	853	849	865	849	2101.755133
869	881	906	882	894	878	896	883	881	882	904	860	893	884	849	892	859	894	878	895	869	869	866	898	868	907	835	879	883	834	881	1103	869	886	876	851	871	882	868	856	886	862	895	878	912	870	862	870	866	857	869	872	869	849	898	879	850	873	882	863	820	856	853	872	904	885	889	856	870	870	856	890	848	843	859	876	856	866	876	877	894	883	856	909	847	831	852	850	861	888	870	864	874	876	856	879	2103.68961
847	884	870	894	880	886	892	915	920	883	885	888	887	865	860	879	861	875	849	886	924	889	848	896	876	878	842	862	878	862	823	862	846	907	871	858	879	853	876	872	906	902	895	892	856	848	856	888	843	888	855	858	854	878	884	852	870	879	870	865	882	867	890	888	870	880	896	868	867	870	857	874	873	851	876	879	874	847	858	877	889	881	854	841	890	851	872	907	873	843	872	851	877	892	883	858	2105.612077
870	867	901	892	882	854	881	884	893	919	900	870	860	872	883	914	892	902	895	870	892	871	892	882	856	852	839	889	891	902	865	861	871	885	872	861	859	881	865	875	868	822	852	886	861	834	888	869	896	874	869	864	905	865	844	907	880	864	898	876	836	888	869	888	869	856	893	886	885	882	844	855	868	844	865	875	875	885	891	890	866	889	878	871	868	884	869	904	888	897	856	883	828	868	866	882	2107.533848
881	873	863	903	885	874	887	897	871	897	890	883	870	871	879	875	915	862	879	862	891	882	869	864	882	880	854	863	882	902	838	855	847	877	871	894	875	882	892	867	873	900	882	870	882	863	855	851	857	861	856	897	880	849	847	853	870	871	853	877	898	862	848	875	843	889	882	863	865	885	872	876	868	871	855	874	897	844	875	858	859	872	884	835	861	881	863	856	860	877	872	854	886	857	834	862	2109.454925
888	882	864	909	871	871	930	866	901	881	876	901	856	857	840	891	902	874	871	876	924	879	863	887	894	867	864	887	882	860	870	889	882	869	876	874	880	883	861	904	921	872	852	869	884	844	875	885	853	875	866	869	842	904	902	850	876	872	901	901	865	872	876	864	887	872	866	853	827	868	867	855	863	868	886	849	858	857	886	881	885	849	871	898	840	827	883	860	860	841	856	926	858	854	892	868	2111.375308
916	896	887	852	893	906	899	894	902	872	894	861	870	843	840	894	906	893	871	893	888	870	877	872	881	835	858	881	864	873	870	862	875	837	868	873	882	870	900	845	872	856	875	872	880	876	826	862	875	873	867	884	868	853	878	900	859	898	836	891	868	872	870	868	890	860	906	891	850	849	884	872	870	891	876	851	864	853	891	891	873	877	881	854	850	853	898	852	865	839	877	866	863	871	880	850	2113.294997
877	883	882	892	871	857	892	905	892	875	906	892	896	882	892	834	886	878	892	846	863	876	880	850	880	846	856	893	849	876	902	852	846	881	868	875	879	889	879	848	858	874	883	851	855	844	865	863	859	829	835	875	868	884	844	887	862	872	864	880	879	862	914	862	875	863	862	876	849	887	845	828	899	863	871	882	838	856	860	873	866	876	842	863	872	864	870	902	859	883	868	839	877	851	874	840	2115.213993
867	874	893	862	900	864	906	888	915	869	887	892	851	882	842	880	837	909	898	869	844	852	844	887	854	842	882	858	849	874	842	876	836	863	851	866	890	894	829	864	870	876	861	886	865	868	883	891	849	822	857	857	861	860	876	858	859	842	868	861	876	841	865	865	860	846	857	870	851	868	859	872	892	879	837	864	838	864	865	835	848	867	873	865	858	876	848	853	875	873	878	827	864	870	864	859	2117.132296
866	883	856	862	871	878	924	898	884	875	858	886	886	879	892	884	861	862	889	865	859	872	847	870	841	883	863	865	881	875	842	860	871	848	876	866	920	869	882	872	869	851	932	867	874	875	894	856	874	871	852	852	892	871	891	873	840	865	851	860	850	848	856	856	841	843	880	850	850	856	877	838	892	853	875	859	878	872	862	898	854	885	905	841	850	862	878	862	873	843	851	856	876	881	862	863	2119.049906
878	848	867	872	859	884	871	883	882	859	885	886	855	874	873	887	881	877	887	874	841	860	850	856	881	872	873	847	881	850	858	893	850	860	854	863	874	868	853	883	858	853	875	864	885	859	846	867	857	860	860	847	860	860	857	844	863	854	859	850	898	874	815	871	861	872	852	858	850	826	845	831	857	829	865	829	878	866	879	880	875	862	869	881	844	875	865	890	841	894	876	870	834	841	872	840	2120.95555
842	874	874	862	852	846	862	908	914	870	900	842	875	875	840	879	860	856	884	847	873	845	886	846	850	879	848	851	871	867	868	852	837	854	871	856	849	881	865	882	889	898	866	833	875	842	857	865	845	868	867	867	850	837	888	858	854	857	858	847	862	825	863	825	847	866	867	869	865	823	840	851	822	856	855	835	877	832	842	872	835	863	874	863	855	858	849	849	856	851	832	849	865	846	871	840	2122.87178
890	865	872	865	845	853	862	915	901	871	849	868	839	868	859	865	851	904	849	868	847	848	866	868	859	838	867	849	863	817	859	834	847	857	838	869	850	856	890	868	868	859	869	879	873	869	854	858	832	852	870	853	853	853	852	825	854	876	872	833	828	853	885	878	864	829	874	858	850	879	868	836	849	843	879	852	833	855	867	848	865	856	817	871	809	826	840	844	840	848	859	899	826	826	835	847	2124.776052
845	825	856	850	881	887	891	893	888	852	840	874	841	839	828	878	835	876	868	852	868	837	856	866	860	845	849	813	871	865	825	822	880	864	856	844	839	858	856	812	849	854	859	867	832	803	817	869	837	832	852	827	872	862	853	880	823	858	856	819	842	844	849	847	865	833	875	830	835	818	845	844	829	838	853	839	849	844	870	841	871	864	866	872	831	856	842	822	859	822	852	841	863	849	836	882	2126.690904
832	863	833	872	864	854	857	876	856	858	850	864	816	867	825	889	856	854	852	862	857	871	843	852	830	856	833	838	852	852	866	852	848	881	819	836	836	853	837	847	847	869	848	845	857	854	842	854	856	829	874	833	821	871	850	858	858	830	839	845	863	823	882	816	827	870	841	819	846	867	874	850	818	842	828	825	851	849	864	805	852	866	838	845	836	842	833	851	844	868	842	855	855	854	840	853	2128.593806
855	848	856	846	880	826	865	886	869	845	880	873	838	836	832	853	883	837	844	849	849	841	848	832	848	838	861	879	852	853	856	834	829	822	835	878	836	842	838	854	841	838	848	857	822	829	868	840	879	828	827	833	817	836	879	827	852	868	858	868	828	863	852	831	858	833	842	830	874	853	845	832	813	833	855	845	860	847	862	849	853	863	805	822	840	820	840	809	868	878	862	838	840	851	827	846	2130.507281
889	873	839	865	867	873	855	844	890	844	875	873	854	861	831	845	855	890	879	846	851	875	863	885	842	856	862	848	845	851	847	825	848	860	827	868	867	857	855	849	875	857	852	893	821	863	844	877	800	857	859	818	859	833	819	833	872	841	836	843	852	841	854	836	846	869	849	877	862	848	852	839	852	843	862	835	837	823	866	839	839	860	864	835	857	839	826	869	827	852	860	848	857	829	858	851	2132.408815
859	879	832	843	836	851	870	904	870	881	862	854	874	865	838	861	843	855	851	861	852	829	851	836	864	828	829	817	840	845	842	852	862	840	838	837	817	860	851	814	887	853	830	880	859	859	848	837	835	848	837	838	843	804	854	807	864	830	850	867	863	842	860	876	847	861	811	826	848	848	831	873	839	830	819	833	846	846	855	872	863	826	836	833	858	828	836	850	848	799	855	825	832	850	863	852	2134.309668
857	883	895	847	866	882	879	889	879	837	882	854	855	847	865	864	867	857	858	885	826	853	869	864	862	832	828	839	867	852	829	851	886	850	863	872	855	878	881	829	835	900	818	851	835	870	850	865	864	819	856	859	860	837	873	882	864	889	873	846	838	852	852	861	836	822	848	863	842	854	859	866	862	852	825	848	826	842	858	863	873	859	810	850	862	861	858	826	839	864	834	840	858	859	844	833	2136.20984
831	868	886	893	863	860	883	884	877	860	872	876	840	854	812	848	819	869	850	851	875	852	875	866	864	861	847	876	850	870	825	870	842	835	884	890	857	848	849	889	860	846	881	869	856	841	880	850	811	837	830	855	843	868	829	869	879	858	851	857	851	854	871	851	854	841	837	857	858	859	846	849	821	820	845	856	843	862	863	859	874	847	807	816	866	846	835	852	840	831	845	828	850	849	807	821	2138.120569
849	850	875	870	851	872	894	893	900	878	850	856	850	841	855	896	843	880	853	843	847	858	870	856	861	852	833	850	851	880	865	853	850	879	878	867	832	845	870	865	846	860	844	876	855	858	863	852	864	833	855	875	829	871	838	864	860	857	853	857	840	860	854	843	808	857	840	859	864	853	842	830	855	877	852	846	842	835	828	847	877	835	837	854	868	834	838	907	851	853	836	848	886	829	834	842	2140.019375
850	864	872	846	862	849	885	879	867	885	858	864	855	840	843	886	844	888	860	855	853	855	843	825	846	877	859	837	847	847	838	869	886	863	837	840	857	848	866	865	842	836	886	826	864	852	872	855	859	854	864	861	860	821	861	852	865	859	852	874	832	857	852	850	862	840	830	819	852	888	871	821	857	882	848	872	820	824	881	828	861	872	856	847	861	838	823	864	853	859	846	875	843	871	845	858	2141.917501
855	849	864	873	876	854	889	884	852	875	851	886	851	846	862	871	896	834	884	851	842	849	864	830	847	864	832	849	872	854	864	873	857	839	860	851	843	852	851	861	856	855	859	826	847	848	850	845	842	851	894	868	817	873	844	838	871	859	833	828	842	831	846	850	855	825	844	868	846	833	820	838	853	863	883	842	854	850	858	839	864	899	833	851	882	850	836	849	845	861	862	844	858	852	859	836	2143.803722
828	861	869	866	844	870	861	881	887	860	896	872	818	870	841	880	834	850	858	859	842	852	842	841	861	818	876	846	838	838	839	845	843	866	850	859	841	838	880	861	858	881	832	859	850	881	855	836	876	837	845	833	825	835	859	854	838	876	852	876	883	862	835	866	862	841	822	845	849	855	850	851	845	856	812	840	849	847	861	848	841	847	860	841	843	852	885	842	861	851	846	886	849	867	870	855	2145.700494
858	886	833	848	870	844	857	861	907	866	840	867	832	839	865	851	848	857	885	837	874	868	855	848	852	836	850	853	825	870	839	835	857	847	860	904	853	852	844	869	884	860	867	860	834	836	865	866	836	849	846	861	844	853	851	868	844	843	874	832	822	842	829	839	840	848	870	825	844	845	848	841	867	849	841	828	814	850	863	839	857	871	862	838	864	828	818	841	871	845	842	837	878	860	843	848	2147.596586
883	852	839	835	845	845	882	861	866	839	864	840	857	837	859	842	855	854	884	835	828	851	851	832	870	858	865	836	876	851	817	863	877	856	845	839	848	853	857	849	841	852	837	858	822	851	841	861	837	838	845	837	859	855	842	842	845	836	853	839	874	852	868	843	838	834	831	854	851	882	838	867	831	843	844	865	838	863	852	846	880	878	849	857	828	844	841	885	830	823	848	871	817	840	848	855	2149.491999
864	847	866	867	841	843	850	881	869	845	861	851	829	848	862	850	851	848	838	869	858	856	869	866	845	841	831	808	846	844	832	825	823	847	836	841	814	863	844	818	865	833	900	855	848	820	853	834	816	826	823	855	851	846	843	833	847	855	818	847	864	852	851	826	835	850	826	835	820	851	853	852	867	856	837	814	819	843	854	857	870	850	818	866	834	825	816	867	861	844	825	845	824	833	834	871	2151.375525
882	858	827	822	863	851	857	829	854	855	873	862	816	831	850	873	870	857	858	824	844	844	849	821	819	824	836	817	855	823	828	842	837	861	851	842	870	830	856	844	835	844	872	830	858	815	868	855	837	836	852	844	858	869	862	822	823	826	835	807	859	853	846	843	864	842	840	847	841	837	835	852	831	825	860	805	853	841	871	847	836	862	839	853	814	844	859	834	832	832	827	830	855	856	834	827	2153.269586
840	880	851	830	854	866	858	860	881	864	862	825	834	844	809	882	859	827	845	839	856	839	821	831	832	856	830	837	849	850	862	841	818	863	825	822	848	817	855	848	849	854	831	838	853	821	833	838	851	848	834	820	830	872	839	858	823	835	824	862	812	810	818	840	846	838	839	857	852	834	838	819	828	834	828	831	834	821	848	880	847	847	834	840	812	816	843	857	832	847	820	823	841	846	819	846	2155.16297
849	842	834	865	828	866	861	860	874	837	862	846	833	855	849	842	858	828	862	823	854	823	855	815	841	872	851	848	835	814	816	851	840	830	833	831	828	838	829	838	844	854	852	859	821	847	825	849	842	846	838	826	819	829	851	850	856	855	854	846	820	821	812	837	818	848	833	797	846	819	820	841	830	831	822	823	843	851	844	840	811	817	814	850	825	822	833	859	826	858	836	835	820	830	833	819	2157.044479
827	836	809	828	821	806	870	876	868	861	838	861	813	804	834	821	822	868	822	821	862	840	813	855	837	841	819	845	834	815	845	838	832	820	829	816	814	847	822	827	805	858	800	851	833	859	821	835	825	794	823	832	837	814	835	798	806	856	840	822	828	822	834	826	818	823	814	826	839	825	852	831	849	844	838	829	873	805	828	786	817	824	847	817	819	814	826	829	835	842	865	860	813	820	827	806	2158.92532
836	833	823	864	853	834	861	846	860	868	840	840	822	827	799	832	840	856	849	847	821	817	827	816	822	825	829	813	828	851	826	820	847	819	819	854	820	830	840	816	831	841	850	851	824	830	839	819	828	834	813	818	840	825	833	826	832	838	831	834	808	809	830	825	831	805	850	829	836	831	816	816	822	810	803	840	861	839	836	842	854	874	844	805	845	827	814	860	859	833	828	791	847	805	832	827	2160.816681
855	832	838	859	799	832	819	850	871	845	840	891	831	814	852	867	840	867	825	845	831	821	824	813	811	801	811	849	830	804	817	860	816	837	817	816	849	830	835	826	863	847	849	826	838	824	820	830	840	828	804	817	850	820	831	788	817	826	819	827	817	829	822	811	805	827	832	807	824	800	833	852	846	834	806	821	818	821	807	828	838	808	832	808	796	836	830	835	817	814	822	841	826	819	822	811	2162.696181
827	828	828	834	831	828	872	857	868	833	812	837	851	836	843	835	852	832	861	863	850	840	834	845	826	810	807	857	867	797	816	825	829	826	843	852	844	833	839	849	820	840	837	807	820	820	850	827	814	834	832	816	834	838	840	807	822	830	815	855	836	844	828	820	818	852	814	808	845	800	817	808	827	816	850	851	806	829	846	805	840	862	848	814	821	844	837	831	827	825	822	835	842	828	793	841	2164.575013
834	846	846	815	853	817	860	849	859	813	836	848	823	816	777	842	846	866	824	828	854	813	804	813	817	847	804	855	822	825	861	789	838	840	796	820	819	837	815	839	815	843	853	850	825	828	818	849	832	834	807	838	818	832	858	829	815	845	843	830	833	816	855	839	853	818	847	811	827	819	813	837	814	850	820	855	825	808	840	859	826	856	838	835	849	824	843	848	821	816	852	844	807	830	813	833	2166.453177
826	858	821	817	847	844	846	840	857	862	834	827	825	820	812	835	832	833	834	856	858	812	829	861	832	815	814	824	833	862	828	819	842	828	856	838	833	856	853	836	818	831	825	824	827	804	816	837	850	825	852	841	807	847	824	849	826	841	833	810	808	815	862	836	830	842	815	829	818	854	838	835	832	827	833	842	873	842	838	829	815	820	833	842	839	819	841	833	813	838	842	865	817	829	827	842	2168.330675
844	845	843	834	821	820	830	849	861	834	869	849	814	817	808	854	822	844	832	837	849	827	805	844	801	826	822	855	845	840	854	798	812	860	839	862	813	825	836	848	841	829	816	822	833	831	850	819	860	816	831	861	856	815	820	840	825	841	812	828	844	808	831	826	816	804	832	828	805	830	814	867	833	819	888	838	812	824	814	848	864	845	829	826	826	823	817	833	792	850	844	854	832	805	826	811	2170.207505
853	823	842	881	811	814	850	856	845	827	847	845	814	838	853	843	835	824	831	858	799	844	824	825	805	814	843	823	824	843	837	821	841	819	811	809	831	829	822	805	820	836	838	847	834	815	827	833	816	838	834	839	819	828	821	838	824	863	832	827	815	836	811	821	826	825	834	836	843	838	815	847	818	863	826	804	841	813	840	824	841	813	818	843	816	808	808	836	829	820	843	773	852	832	849	833	2172.08367
848	860	820	861	851	842	833	863	862	847	865	857	835	836	831	846	860	831	866	846	831	839	810	786	843	869	824	852	846	840	822	831	831	826	836	804	863	820	817	835	831	849	852	821	820	836	833	835	845	844	823	858	837	795	845	831	860	829	832	837	846	799	809	822	833	831	825	836	838	834	821	839	857	834	838	822	815	828	850	839	825	829	835	839	833	838	842	837	848	803	841	835	832	839	834	831	2173.959168
841	838	814	856	824	822	869	850	862	811	840	858	804	835	850	837	874	845	855	833	878	823	815	853	815	833	831	821	821	808	840	830	840	834	840	847	847	819	840	813	822	833	865	832	830	846	860	853	823	838	817	834	837	824	822	824	843	839	803	820	827	834	813	838	836	839	832	833	830	824	825	848	824	848	836	847	816	799	833	833	844	801	830	828	790	810	832	823	853	875	860	805	838	851	833	811	2175.834001
841	835	809	832	835	823	853	841	832	855	847	811	816	827	816	846	828	856	814	869	855	820	837	830	851	805	825	828	818	835	812	837	847	844	832	851	849	846	831	820	838	797	854	864	831	828	819	808	830	807	856	822	822	804	827	832	835	813	840	828	839	786	802	830	824	823	824	825	857	849	843	837	816	814	814	832	824	827	846	814	850	845	831	813	844	797	834	840	846	817	814	832	848	820	859	834	2177.708168
843	841	838	846	866	848	842	848	854	858	835	814	820	851	835	806	854	844	832	831	820	823	849	831	839	814	830	837	810	833	824	819	816	818	809	854	836	838	825	837	833	833	860	809	857	841	838	810	826	861	824	812	813	792	847	826	827	823	836	836	814	853	832	799	816	790	809	807	857	815	818	820	837	784	816	836	826	828	840	836	849	799	828	833	827	855	852	815	810	824	849	862	838	840	847	824	2179.570521
828	848	836	812	837	815	815	826	830	828	824	821	823	834	782	835	834	844	837	828	875	812	823	859	832	824	801	839	825	813	802	838	805	838	843	820	843	823	838	871	824	808	826	829	850	854	817	821	834	811	817	840	805	804	817	874	815	847	835	839	823	813	821	801	805	822	824	821	835	824	843	846	840	799	813	824	847	811	842	817	832	843	821	807	799	834	833	812	827	810	831	831	839	823	797	821	2181.443363
836	840	845	843	836	840	854	799	857	817	825	833	824	825	797	844	845	816	859	818	845	821	792	832	812	831	835	814	837	842	830	826	812	825	824	796	829	829	787	813	797	819	819	842	816	832	823	852	806	818	832	824	818	814	828	812	829	810	819	816	825	842	796	824	819	833	813	811	808	805	821	784	814	812	830	809	798	822	821	827	832	812	832	846	814	782	830	802	839	796	816	846	809	832	826	826	2183.31554
806	838	831	851	833	820	850	869	853	814	839	827	843	838	837	828	841	819	812	820	824	836	815	829	818	829	808	848	815	829	842	802	836	824	835	821	829	809	797	834	818	824	830	844	841	802	810	866	795	830	799	804	826	813	809	809	810	824	827	830	842	802	789	821	844	832	839	809	821	825	835	817	805	838	832	837	819	820	820	826	830	810	816	807	804	826	818	836	820	828	836	811	830	834	831	833	2185.175916
820	807	838	839	801	824	837	827	843	841	844	827	829	839	814	823	833	819	854	817	802	819	832	811	795	818	837	772	818	807	830	803	822	817	795	805	828	822	822	804	816	819	818	833	810	803	812	837	803	850	803	820	774	825	798	810	795	815	849	823	835	806	836	820	827	830	794	825	795	848	803	810	824	809	796	801	853	825	804	848	808	842	839	818	823	796	811	796	808	799	800	818	837	843	796	812	2187.04677
805	813	839	826	824	787	839	825	842	830	809	806	813	807	789	782	829	801	790	828	829	840	806	785	836	820	804	788	794	805	821	808	829	793	857	812	808	849	810	821	810	813	788	816	825	812	805	791	820	785	845	793	820	816	807	806	814	836	835	817	802	776	797	821	808	795	806	801	787	797	791	795	814	816	792	841	818	810	814	839	832	810	837	840	818	798	784	806	798	832	826	780	805	823	811	834	2188.905831
796	804	809	822	821	807	810	827	805	830	830	794	799	796	804	822	819	823	829	820	799	840	825	792	817	809	819	826	814	824	804	799	814	814	812	836	790	792	849	784	825	797	809	821	832	810	810	792	823	825	789	832	809	804	822	821	809	785	780	803	786	801	807	805	820	805	806	805	807	815	810	800	780	828	814	824	793	809	793	808	814	801	809	790	804	798	794	793	805	810	803	806	800	803	829	809	2190.764237
816	797	799	803	808	831	822	807	842	808	830	799	801	805	790	829	814	814	802	832	779	798	812	808	808	826	793	782	772	783	834	775	810	796	794	799	823	818	791	785	820	830	793	811	811	800	788	800	797	801	796	802	806	798	796	816	796	831	795	821	807	794	828	821	829	776	811	825	787	802	800	797	808	790	831	793	803	772	803	803	825	807	812	797	814	815	787	818	815	806	822	769	792	817	803	816	2192.621988
804	795	813	827	819	824	835	833	807	837	836	803	817	794	805	808	823	810	828	808	831	786	794	807	797	813	808	796	794	812	810	807	796	789	809	800	808	803	802	800	821	830	794	813	812	822	820	806	807	806	810	793	827	806	781	808	808	800	806	818	808	810	792	806	815	801	818	824	812	841	817	797	807	785	813	801	811	796	833	809	802	805	788	801	769	808	814	773	798	817	822	799	829	799	797	797	2194.490203
786	794	816	830	788	842	826	837	810	805	806	774	795	781	810	819	807	827	815	820	798	820	812	782	836	780	806	819	800	808	802	833	821	816	816	807	826	820	836	798	796	776	770	817	836	800	807	815	777	804	822	808	792	803	813	809	795	799	811	821	808	816	793	840	778	800	802	756	794	793	817	798	789	803	792	796	786	823	801	818	822	794	811	786	816	802	803	808	792	800	808	807	797	803	790	798	2196.346643
834	792	825	815	815	818	803	828	848	815	806	803	793	808	796	835	824	818	797	832	806	793	806	815	804	801	781	794	808	803	812	809	813	796	819	800	796	804	809	819	817	805	816	800	835	794	787	807	796	776	787	814	796	811	804	824	830	793	813	816	807	816	807	812	775	803	795	817	808	803	786	811	797	782	825	795	804	819	801	826	803	820	796	816	798	802	813	792	803	817	811	801	798	777	791	800	2198.202428
813	793	779	818	798	792	810	833	834	818	819	794	797	812	818	823	826	781	840	810	786	774	819	821	808	794	807	797	802	792	834	809	814	814	808	805	798	790	804	807	812	820	815	812	827	823	815	824	779	785	849	787	790	799	789	810	813	804	794	806	795	785	814	797	815	809	804	818	794	786	805	825	804	792	801	777	801	802	824	820	812	816	821	806	786	801	781	830	800	815	814	802	787	811	834	828	2200.057561
810	818	818	797	833	781	819	801	822	822	820	805	802	812	810	835	802	818	802	821	833	807	803	811	850	808	815	809	815	793	801	831	816	801	803	815	838	799	795	816	810	830	778	800	797	810	797	813	808	797	802	828	822	824	804	788	794	817	823	792	801	792	793	812	790	798	796	806	814	793	797	810	799	812	825	805	811	822	795	800	808	838	802	819	811	802	773	787	810	828	795	841	801	820	827	800	2201.91204
802	803	830	819	824	832	847	856	825	800	805	803	805	796	812	818	816	805	799	814	805	836	815	818	798	816	795	832	834	792	789	819	822	795	798	783	814	821	799	825	809	800	818	810	815	812	808	805	800	814	812	818	791	784	828	785	797	806	822	803	812	806	781	828	785	819	819	799	785	798	809	763	799	819	818	812	803	808	804	806	807	819	809	817	829	805	789	810	813	822	803	814	789	817	800	789	2203.754768
806	808	816	815	844	817	837	833	822	813	797	801	812	820	804	810	825	819	816	805	817	812	812	792	788	807	768	780	804	800	793	804	780	815	805	793	807	814	811	779	800	783	802	813	828	818	799	785	809	803	825	780	801	815	792	802	811	827	808	795	822	794	811	787	804	798	810	828	827	795	821	823	780	815	804	797	806	791	816	826	824	790	804	789	792	793	794	806	808	806	800	818	819	816	802	795	2205.607947
804	792	786	808	808	793	840	829	827	804	803	802	820	789	812	795	832	804	803	815	812	795	800	821	807	804	846	816	821	793	814	816	816	834	797	808	804	815	813	785	758	798	801	807	798	818	827	808	793	820	795	766	798	795	813	810	798	808	800	825	800	770	784	787	804	768	813	760	806	818	804	806	812	816	827	767	811	807	811	831	823	779	774	810	785	768	839	819	828	811	825	830	795	801	821	812	2207.460474
820	787	812	819	803	810	817	824	831	844	809	801	812	848	815	796	799	780	832	830	818	816	815	798	800	771	811	787	820	803	793	800	781	826	819	788	798	838	793	808	771	805	784	779	827	824	795	799	806	810	786	778	796	814	803	794	830	789	797	805	816	809	791	819	795	814	817	783	805	797	825	802	789	828	800	809	797	799	820	818	798	816	777	798	799	806	786	790	812	794	800	834	822	799	809	784	2209.312349
804	820	807	784	794	765	825	802	829	803	822	820	774	792	823	814	821	830	816	793	774	778	787	790	814	813	798	788	810	808	798	775	802	813	793	809	794	813	781	811	818	810	814	817	805	797	753	811	827	801	802	765	784	800	782	790	805	780	786	796	802	795	820	791	784	792	788	804	785	776	806	783	779	804	778	806	787	797	779	809	790	814	806	803	816	796	788	777	786	785	780	784	821	776	799	787	2211.15249
819	802	773	800	785	807	785	813	840	802	813	795	791	808	798	803	813	795	825	793	801	796	804	792	784	774	773	786	808	798	803	788	810	812	794	775	785	824	816	798	784	797	807	791	824	801	797	807	797	807	804	773	796	770	782	782	775	783	794	800	799	780	763	796	778	774	784	786	750	772	787	784	788	794	803	779	806	789	781	808	809	791	790	790	771	784	770	820	800	787	793	777	796	790	799	799	2213.003067
798	796	790	774	789	782	791	809	811	832	775	809	763	780	760	799	813	800	790	804	836	808	776	768	801	778	796	800	782	783	764	777	786	786	789	806	779	779	791	783	787	817	790	794	796	783	783	800	764	789	803	799	775	804	802	792	769	805	773	777	795	797	770	790	779	781	791	784	778	793	789	775	748	798	797	760	810	799	824	794	781	789	791	806	791	790	778	777	761	775	798	791	789	809	792	787	2214.841918
764	792	784	809	776	767	830	782	798	794	797	783	777	776	789	791	806	755	812	799	826	787	781	777	788	755	809	777	798	784	824	778	767	778	792	777	798	783	770	801	776	790	774	767	785	792	782	780	774	790	780	782	780	777	779	759	778	783	780	791	778	801	764	768	825	779	787	799	788	793	777	795	771	808	795	777	783	799	788	784	813	783	787	801	775	785	794	771	774	777	829	808	798	801	781	803	2216.691199
782	774	804	786	790	779	801	776	791	818	754	799	785	775	755	773	798	802	757	788	791	752	774	776	798	768	788	754	789	801	768	783	796	797	773	804	779	795	781	774	779	780	783	801	786	783	757	801	781	803	773	770	776	786	759	818	776	806	786	797	778	789	756	804	800	765	761	798	769	781	752	783	781	787	797	788	789	794	777	792	781	795	788	774	768	774	781	786	775	818	803	748	785	781	792	795	2218.528762
805	785	790	808	801	776	803	807	825	806	795	825	802	775	769	803	797	794	798	784	772	803	774	805	788	785	780	803	790	789	777	799	786	790	780	761	770	782	766	822	784	781	798	793	803	796	778	819	804	781	819	779	814	771	808	804	772	787	785	758	792	778	781	788	785	786	764	781	791	775	790	772	765	791	783	788	801	781	801	779	810	783	765	782	798	783	749	800	781	777	786	759	773	794	806	795	2220.365683
791	779	797	789	819	812	782	800	776	776	795	815	801	765	782	775	803	783	785	799	794	781	786	794	798	793	810	787	790	770	782	794	806	769	794	779	784	762	775	767	814	823	779	819	792	768	791	771	770	795	781	784	790	765	782	790	800	788	780	776	785	769	776	790	781	786	751	776	792	796	783	797	795	773	795	775	794	804	808	782	793	783	777	782	791	804	793	795	797	759	803	789	790	802	776	796	2222.201963
791	786	815	792	816	789	802	779	811	793	786	814	777	760	783	806	786	811	784	792	792	790	795	778	776	809	815	796	774	812	779	806	770	784	784	785	810	798	783	783	801	771	807	743	784	774	818	779	768	800	783	788	763	780	779	783	809	777	784	782	722	778	748	806	761	788	793	783	798	748	816	784	744	771	772	796	776	771	790	798	789	778	772	793	777	772	762	794	761	778	784	777	793	774	768	769	2224.048658
766	756	771	783	786	792	800	821	790	776	825	791	766	789	747	784	821	777	786	766	776	761	793	770	765	783	776	780	794	811	807	759	778	797	747	784	766	766	782	797	806	779	821	772	777	791	797	790	761	788	792	775	766	774	779	801	788	770	784	796	769	790	788	762	786	765	785	768	772	778	806	780	773	785	769	780	767	787	788	790	783	785	819	796	789	771	748	793	784	778	758	796	809	783	772	759	2225.883652
812	795	795	780	793	785	789	797	811	800	783	817	776	788	780	793	799	809	790	810	795	801	779	817	794	795	807	775	765	793	776	784	791	811	778	773	768	783	796	778	794	779	758	777	792	774	787	793	773	788	796	773	766	792	782	776	795	771	787	783	788	774	791	786	798	774	782	767	792	804	772	763	805	751	810	785	770	812	777	788	792	817	769	763	774	787	797	784	800	790	769	769	793	779	753	787	2227.718006
780	803	819	773	799	793	818	799	772	786	799	794	786	781	792	796	778	781	791	785	805	795	797	768	778	787	793	783	773	774	777	782	793	786	793	794	772	761	781	789	786	780	808	786	797	761	787	818	760	782	779	786	794	787	785	783	781	781	786	774	763	787	758	774	764	792	771	765	788	752	785	755	776	773	762	740	771	765	757	786	792	795	772	760	768	782	794	779	787	784	784	796	779	774	802	774	2229.55172
785	783	798	773	781	805	817	784	812	769	778	791	784	794	780	756	771	788	810	816	773	793	803	776	801	771	802	781	813	781	784	793	801	761	783	789	784	748	803	777	779	784	783	790	788	767	793	782	796	774	805	788	762	779	793	785	817	772	784	807	765	770	804	780	792	778	802	771	786	788	783	793	767	769	783	800	803	785	773	794	766	798	799	757	781	791	778	813	815	790	802	747	789	779	766	798	2231.373754
790	791	772	781	793	793	817	811	806	801	771	816	781	801	778	811	808	797	800	786	792	777	780	787	778	787	768	794	771	777	793	782	793	786	789	794	793	796	798	764	798	781	791	790	798	782	768	767	811	769	807	798	777	789	774	781	781	776	795	775	753	786	774	781	807	778	756	779	771	766	793	764	804	792	772	779	799	769	795	792	786	767	796	767	786	797	757	773	779	797	783	759	769	800	793	763	2233.206192
762	788	790	800	767	782	810	805	775	815	798	774	760	788	762	814	784	789	790	787	787	797	780	798	762	782	772	792	770	767	767	788	780	781	813	791	759	779	773	785	798	785	762	778	775	798	795	760	773	804	752	757	775	777	788	768	776	772	789	760	771	773	787	772	789	808	774	767	792	776	788	770	767	795	781	777	793	785	805	787	786	812	766	768	770	770	764	785	802	784	798	794	790	801	788	761	2235.037992
812	769	781	782	791	779	780	788	765	784	806	792	767	762	777	809	796	782	788	774	786	789	781	778	779	776	787	781	788	787	779	789	811	774	783	799	772	786	809	776	782	770	794	799	789	787	753	787	784	767	762	774	802	760	760	797	792	806	789	776	789	771	758	756	757	756	786	793	774	767	800	779	776	763	794	802	767	802	761	787	781	771	771	777	804	782	789	760	761	788	774	792	811	740	756	764	2236.869153
785	801	777	794	804	781	825	788	812	804	814	789	746	806	811	803	775	775	791	784	782	764	788	774	780	772	755	775	770	784	773	782	777	771	795	774	790	799	805	799	783	792	806	758	785	808	758	778	780	782	764	751	753	760	791	795	752	788	792	796	764	753	805	779	761	761	771	767	756	756	770	765	811	794	784	751	773	748	780	788	783	805	771	762	782	801	770	765	755	753	778	785	752	771	762	795	2238.688651
778	768	794	758	778	796	795	781	816	777	762	776	779	762	765	794	767	788	786	780	784	746	775	788	755	792	759	781	780	775	787	779	762	802	777	764	760	776	796	752	779	764	812	797	738	760	755	762	775	769	764	779	756	789	768	782	754	765	781	811	767	781	768	768	796	771	765	805	785	769	769	787	768	771	764	751	772	765	792	796	788	791	779	773	779	766	760	784	780	769	781	767	776	795	749	768	2240.518539
776	772	785	757	763	767	787	781	790	761	770	750	767	757	790	767	777	772	788	787	747	770	763	772	755	771	756	794	775	758	753	769	792	756	794	798	783	779	781	770	737	772	756	774	762	774	782	768	784	768	785	794	780	765	767	791	773	754	756	757	762	759	791	771	762	770	794	806	780	799	764	765	759	781	761	770	755	762	775	783	786	776	774	757	781	762	759	781	800	769	803	748	757	765	774	802	2242.336772
782	766	779	783	767	783	786	780	785	784	787	776	785	766	760	778	760	777	789	771	776	746	767	754	766	756	764	769	766	776	746	766	776	754	754	777	772	781	754	752	778	752	765	766	759	757	770	750	774	785	719	754	765	746	775	772	761	755	751	755	728	755	775	733	762	741	757	762	765	786	750	742	760	752	762	776	760	767	767	770	800	763	751	767	761	761	763	785	749	752	755	766	764	763	756	764	2244.16539
756	768	771	761	780	748	807	782	793	768	765	783	760	746	768	755	791	761	776	806	767	760	762	768	808	780	782	779	792	749	759	771	743	766	766	774	778	776	758	764	766	751	758	784	755	756	738	790	756	755	769	755	792	744	788	752	777	799	793	782	779	771	780	759	763	750	768	743	764	753	782	773	763	757	732	785	749	755	779	752	774	742	754	761	742	749	773	732	760	774	755	757	750	740	761	765	2245.98236
766	758	733	776	777	749	768	798	785	763	773	756	797	752	739	787	756	755	740	763	773	778	745	772	779	778	754	773	766	755	769	753	755	758	762	772	762	733	761	757	765	750	758	756	756	748	747	766	780	751	736	759	743	766	750	767	767	765	769	773	770	783	769	764	731	747	762	752	759	783	751	775	746	773	759	750	745	752	782	750	780	752	764	750	763	743	753	757	758	777	787	773	738	755	766	749	2247.798701
802	752	762	763	769	757	786	762	766	758	783	785	763	768	760	792	764	771	777	770	755	762	766	766	771	789	781	766	769	802	808	741	778	744	720	740	756	759	752	766	785	794	769	748	780	754	763	759	757	768	752	752	740	755	768	769	766	775	759	759	752	767	765	741	745	739	761	753	751	763	764	749	754	744	755	778	749	759	773	764	754	763	787	747	747	748	775	748	761	725	767	753	786	779	761	777	2249.625416
757	772	735	801	766	777	753	768	792	775	761	780	750	758	757	764	770	762	778	753	768	777	750	769	774	759	746	773	746	774	761	762	770	755	774	764	750	789	756	773	753	747	753	768	766	776	758	764	749	749	774	743	733	761	763	765	767	730	753	768	747	737	773	773	744	758	740	752	760	741	748	742	775	754	769	754	776	777	735	771	767	765	760	771	756	758	759	745	760	763	786	755	749	764	763	743	2251.440496
777	769	757	770	750	759	789	779	762	757	770	769	751	743	740	769	773	762	739	734	791	764	772	775	736	739	740	744	772	766	788	757	760	769	745	776	760	746	783	765	767	774	746	779	761	744	751	771	773	754	756	724	775	780	747	738	749	744	783	756	741	765	757	746	767	769	761	738	745	761	769	741	740	763	776	767	781	744	780	767	753	755	752	765	760	751	766	761	760	751	755	757	746	763	772	747	2253.254949
756	756	761	756	743	756	767	785	765	769	765	767	766	751	771	798	741	785	765	781	787	798	752	788	745	751	781	772	742	766	739	780	786	735	770	753	757	785	770	766	736	757	790	749	766	742	760	749	761	768	753	748	758	743	744	756	757	767	770	738	767	777	777	755	752	779	763	756	757	748	737	765	749	759	769	738	793	758	764	762	761	766	735	734	750	754	753	746	724	786	768	770	738	761	751	766	2255.068773
792	758	762	773	772	759	792	781	774	791	766	761	773	750	782	779	759	764	780	757	754	782	741	755	749	752	763	762	761	739	776	753	764	779	771	786	786	773	737	745	752	745	776	794	770	781	763	772	748	756	744	745	757	773	738	753	752	784	755	764	767	778	754	770	755	766	749	769	747	770	733	753	750	752	773	729	762	753	793	782	789	762	754	755	759	760	748	763	782	761	758	760	759	760	788	754	2256.88197
762	782	782	765	785	785	779	752	780	818	766	746	778	745	771	785	769	794	731	761	783	773	758	790	747	758	764	766	765	754	750	785	755	754	749	775	776	767	749	786	758	759	771	791	769	748	739	740	762	764	785	755	764	755	752	771	755	756	753	742	767	736	752	772	763	762	749	750	756	749	751	746	748	764	766	757	731	773	761	741	756	754	771	775	759	753	761	751	762	753	738	763	783	771	773	766	2258.69454
756	778	757	774	786	770	815	769	773	805	778	750	793	721	755	789	793	762	773	780	762	779	756	765	777	731	756	778	770	773	752	762	758	759	772	752	758	767	781	737	748	767	758	775	781	763	760	790	756	737	741	788	768	760	774	761	759	796	765	781	748	734	755	760	758	745	749	731	752	729	759	744	749	744	753	753	763	763	763	757	792	767	742	752	762	758	759	754	782	758	791	759	755	776	742	764	2260.506483
781	758	779	784	765	729	795	773	784	767	769	785	767	734	756	787	765	773	768	789	743	743	751	753	760	779	774	752	763	781	759	777	768	735	744	769	771	799	774	753	740	768	765	753	781	796	751	783	763	776	788	764	733	753	753	761	769	776	761	779	771	747	766	761	763	773	804	775	777	760	772	753	751	755	760	761	775	765	764	749	773	750	767	764	764	755	776	781	768	752	809	783	739	751	742	770	2262.3178
783	746	782	758	769	742	761	788	768	778	780	788	765	751	746	777	747	778	765	757	774	762	766	750	781	751	759	784	776	752	754	746	760	757	773	769	745	766	747	771	771	736	760	768	747	766	730	755	781	742	747	762	751	758	758	766	749	753	741	780	737	760	764	748	721	766	770	735	758	735	786	748	756	769	788	706	751	729	749	747	759	759	743	758	748	742	773	765	750	755	768	758	763	739	750	757	2264.117519
754	754	764	729	759	765	752	774	790	768	770	787	764	727	744	772	769	785	789	759	769	752	761	780	768	752	740	758	765	769	755	766	757	761	774	755	753	781	759	764	772	756	755	787	784	749	768	755	737	757	735	809	768	757	759	770	771	761	773	743	738	752	758	773	742	767	761	773	753	752	747	767	779	768	759	752	773	736	794	767	767	779	762	756	752	765	751	756	769	789	756	769	761	756	763	754	2265.927588
781	768	776	758	781	774	766	782	784	742	777	769	764	746	748	757	784	746	785	780	772	737	746	760	738	763	737	742	760	774	755	761	748	773	772	758	763	767	750	768	768	777	759	777	769	754	730	763	761	744	797	772	737	753	749	762	751	780	771	780	750	765	743	780	760	755	760	791	753	752	751	761	754	762	744	760	749	763	762	779	741	748	770	744	725	771	745	750	753	733	749	756	775	731	768	767	2267.737031
761	773	774	796	752	750	770	768	775	770	785	740	761	768	731	775	757	779	765	776	733	803	746	774	756	773	734	765	754	738	776	775	737	760	794	742	747	750	740	759	764	768	767	744	755	750	762	742	757	756	751	748	775	760	749	757	744	729	753	762	755	737	774	755	757	754	696	759	750	734	774	750	757	772	759	735	747	751	766	758	761	776	751	776	745	766	756	769	772	740	731	753	754	766	742	752	2269.534888
788	737	777	758	771	747	773	775	756	786	738	773	751	742	780	767	763	784	755	757	773	766	752	747	770	760	745	755	775	743	747	744	747	748	749	745	748	778	760	755	750	775	763	776	746	744	740	773	739	746	787	760	750	740	759	773	726	760	766	760	747	770	764	770	767	739	746	735	725	759	771	765	753	762	745	764	752	741	749	745	763	757	745	745	785	746	735	763	752	757	757	749	774	755	748	747	2271.343085
747	776	766	748	745	734	760	757	763	756	747	770	753	751	753	734	765	750	756	759	758	744	716	739	751	761	769	755	778	748	750	725	742	755	760	783	755	757	763	753	762	743	773	754	743	758	751	782	785	759	786	753	733	748	759	745	734	775	752	731	757	732	760	749	729	748	749	735	770	747	740	762	756	752	719	724	767	748	774	754	769	719	741	752	753	770	765	744	745	753	771	757	757	758	755	748	2273.139705
759	753	771	778	748	754	763	773	762	777	727	753	755	748	714	749	755	740	760	747	771	775	774	736	744	733	758	751	744	762	750	755	728	756	775	731	746	734	743	764	746	756	782	761	740	735	743	758	783	744	771	740	732	735	734	739	754	756	767	761	748	760	745	766	738	719	750	770	729	736	733	722	755	735	763	737	754	751	747	753	739	735	748	741	767	743	735	743	747	732	769	748	767	754	762	738	2274.935708
733	752	756	750	742	759	764	770	768	790	779	733	743	754	745	769	744	754	741	736	765	755	742	765	740	753	752	755	775	779	754	769	762	756	733	752	768	758	750	748	744	764	754	764	743	746	747	739	748	731	747	758	742	757	726	741	749	760	747	748	780	747	740	739	764	744	752	756	763	759	748	759	749	705	731	737	745	761	752	745	768	744	727	738	733	753	735	755	755	736	731	735	745	758	764	725	2276.74204
744	740	763	755	736	781	762	762	739	776	754	741	741	747	760	759	741	752	732	751	769	733	758	720	740	756	759	749	757	762	738	764	733	750	731	747	776	726	767	752	738	756	777	727	763	735	714	745	728	759	744	738	726	750	718	756	722	773	736	762	757	733	740	742	758	742	747	731	737	719	761	757	732	737	730	757	754	754	742	767	754	747	733	762	736	743	724	728	722	759	741	752	737	743	736	753	2278.536807
760	730	740	748	755	757	737	748	765	735	722	735	738	709	751	749	753	757	736	746	766	738	747	750	751	734	737	745	763	745	762	720	716	744	730	729	751	730	737	742	743	749	726	738	734	758	744	731	743	723	727	749	740	709	732	727	742	753	743	758	727	728	727	733	727	751	761	741	751	752	732	744	744	742	732	736	730	728	726	738	764	727	736	743	751	733	760	723	741	737	724	722	737	738	755	720	2280.330958
735	738	759	742	744	735	729	755	716	750	740	743	744	751	741	767	754	751	706	735	748	747	705	713	731	730	701	743	734	736	732	705	756	750	745	737	727	716	743	733	725	708	756	739	735	713	731	754	739	733	721	747	755	745	757	738	749	737	701	750	734	717	715	730	736	754	715	739	723	730	732	721	713	717	728	737	719	736	724	741	737	714	754	730	726	742	737	760	722	726	717	727	735	734	723	716	2282.124493
731	754	763	720	722	734	747	758	752	773	752	750	731	731	723	761	729	722	744	719	733	741	736	734	742	732	753	742	738	738	730	735	728	713	725	741	749	743	762	741	733	730	739	739	723	727	746	751	725	733	734	761	743	758	741	729	727	741	755	717	740	754	763	742	734	720	737	730	753	736	758	736	720	724	704	705	730	726	760	724	752	721	720	701	721	739	712	740	707	746	732	763	769	725	722	727	2283.917414
738	719	751	735	741	736	769	761	741	723	748	750	740	725	725	744	759	747	737	739	729	715	740	746	780	747	751	723	754	737	745	747	739	720	737	735	761	774	745	713	737	762	731	748	730	736	737	733	736	737	744	759	741	740	736	745	711	734	756	762	725	729	733	747	733	745	748	714	734	738	726	718	746	745	728	744	733	732	746	737	760	722	723	778	726	735	745	734	733	747	744	735	737	735	740	746	2285.70972
742	733	726	766	735	738	763	753	773	735	736	764	732	738	750	743	739	749	723	730	757	738	739	734	742	751	742	717	740	770	724	748	732	724	736	754	744	746	750	756	724	732	747	739	728	740	745	727	709	705	751	740	742	735	745	742	746	770	721	757	728	734	726	760	745	738	716	721	733	724	730	732	704	739	735	731	734	734	747	748	751	725	735	722	747	755	717	718	711	728	734	742	730	737	745	742	2287.501412
750	736	752	758	742	737	767	784	725	736	735	724	743	727	728	758	724	745	742	746	746	715	724	717	737	735	702	770	747	743	726	767	724	716	752	712	716	732	749	723	748	742	747	738	767	758	729	723	765	736	734	744	754	725	732	738	742	723	738	733	723	734	731	730	726	731	742	741	742	727	709	725	729	737	748	726	726	720	761	769	761	754	725	765	734	726	721	731	726	740	727	738	730	731	745	715	2289.292489
732	770	756	726	744	720	735	724	763	758	747	720	723	732	751	743	768	738	763	750	743	746	712	733	740	725	763	726	757	740	744	756	741	757	730	745	724	759	742	733	738	729	735	754	748	737	752	740	733	735	741	746	726	725	751	734	729	756	738	732	745	732	742	740	743	702	720	730	745	739	725	725	715	737	746	717	733	733	726	747	744	731	731	758	743	727	747	721	740	758	731	713	725	725	736	723	2291.082953
751	761	737	763	740	736	756	745	767	756	752	757	738	723	718	759	760	763	736	738	728	725	746	754	764	736	739	730	739	758	737	747	741	743	746	742	754	737	745	721	721	750	778	749	756	766	766	748	733	739	731	725	736	752	743	739	756	725	753	733	701	753	704	713	735	716	735	708	736	727	738	746	729	744	734	731	719	745	742	723	761	726	725	745	737	704	721	740	718	745	720	755	745	718	735	725	2292.861891
764	737	738	721	730	753	756	749	745	752	749	745	739	763	736	759	747	739	750	741	733	737	720	718	744	754	719	709	745	755	745	741	732	727	749	738	758	751	743	699	731	739	743	726	739	732	741	712	742	754	750	735	732	735	778	757	762	766	736	754	741	699	728	737	728	731	716	736	741	726	711	759	740	731	727	725	731	732	722	754	754	746	745	744	758	742	742	731	745	750	767	737	736	735	747	747	2294.651132
757	733	767	738	739	750	741	744	730	740	737	737	760	730	740	758	735	752	743	722	760	720	729	722	744	748	749	749	738	751	749	745	742	724	723	733	726	725	734	731	740	736	704	744	722	730	717	757	753	724	740	714	712	743	728	763	713	723	741	737	732	735	736	750	711	719	748	724	704	741	752	747	737	745	732	729	728	725	745	747	735	717	732	734	751	754	736	750	738	742	736	732	763	740	719	738	2296.43976
762	741	726	730	735	763	738	767	761	742	745	743	722	743	723	743	737	743	739	737	740	764	771	720	745	720	739	747	744	723	723	708	733	724	719	742	747	725	710	751	759	729	739	725	749	732	729	750	731	748	731	744	753	751	734	730	750	724	699	742	708	750	751	765	716	704	732	733	716	750	737	763	726	752	715	732	764	715	722	763	748	737	722	749	723	733	716	752	720	716	715	713	725	751	737	733	2298.216875
717	742	716	749	742	738	724	742	754	756	755	737	757	715	747	763	750	723	732	742	718	738	723	718	709	735	740	750	711	739	744	760	744	719	735	753	743	717	715	752	762	717	729	722	742	726	764	731	726	721	728	720	714	743	713	721	716	733	727	741	720	710	703	721	714	725	709	720	723	722	719	744	710	731	741	728	706	729	755	746	744	733	727	727	707	742	732	728	736	737	739	743	730	732	724	760	2300.004282
723	723	758	749	735	721	743	731	760	738	747	727	705	724	712	759	741	753	725	734	736	727	722	723	754	733	744	726	736	722	727	725	722	708	731	721	751	751	742	727	708	734	734	735	726	737	743	740	733	759	705	709	708	725	724	711	733	727	735	728	725	727	714	714	722	737	770	744	715	718	714	739	748	729	716	750	745	723	734	725	711	712	725	718	756	753	721	718	736	707	673	733	758	714	738	708	2301.780184
742	724	753	744	729	709	758	737	741	715	719	758	716	711	733	726	744	730	745	754	753	717	724	730	738	723	724	732	722	742	765	718	722	734	728	701	746	744	753	718	722	731	736	730	740	717	743	738	725	730	697	733	723	751	716	746	739	712	723	730	729	720	724	718	729	730	726	713	704	739	749	739	721	702	718	719	741	735	784	728	734	716	718	727	705	713	738	741	727	700	712	758	724	723	735	734	2303.555482
740	747	727	728	739	718	732	738	745	739	744	718	714	725	727	717	745	738	745	728	736	735	722	754	749	715	733	704	713	726	716	716	708	727	711	706	750	711	721	740	722	719	743	718	738	715	735	747	712	727	743	741	691	721	741	733	720	733	736	728	721	727	752	723	722	734	735	721	713	735	732	723	709	710	750	701	718	692	731	710	706	758	743	730	711	748	736	707	727	725	728	715	718	701	728	732	2305.341061
732	730	729	739	726	740	735	741	715	737	708	716	719	719	723	743	733	731	712	716	713	735	739	717	719	724	718	726	702	721	716	714	734	729	718	726	709	724	703	739	703	728	751	712	725	711	723	732	731	749	726	725	726	725	702	725	714	741	726	748	715	734	714	716	724	716	712	724	716	710	727	740	713	722	736	724	706	713	711	750	731	711	733	747	721	706	715	735	702	723	720	727	752	724	720	727	2307.115148
719	719	706	741	737	733	753	742	731	717	738	731	705	714	721	741	738	739	718	740	744	707	691	725	752	705	710	724	739	718	725	721	694	751	723	718	720	735	715	719	729	746	739	720	729	713	736	706	736	717	732	705	694	705	700	706	728	724	693	733	709	714	732	732	741	708	736	713	741	711	721	754	729	717	739	712	688	707	744	735	723	741	718	722	710	749	715	716	695	709	711	728	727	730	725	696	2308.888631
740	721	722	722	739	764	727	737	726	725	727	716	721	694	716	758	753	700	725	712	716	703	710	735	721	716	707	712	718	710	717	725	711	710	727	730	727	721	708	699	724	730	710	734	725	708	707	730	723	708	717	699	718	716	693	722	716	722	720	752	706	724	728	741	719	722	743	720	722	710	699	728	745	682	706	703	714	724	750	710	704	714	700	728	700	735	733	707	722	721	697	707	750	720	709	741	2310.661512
729	733	727	735	716	717	715	717	757	730	728	724	697	707	722	718	735	712	716	719	730	711	718	718	721	714	731	730	724	685	700	709	724	707	724	733	706	727	712	738	736	734	701	732	715	714	724	741	706	723	696	720	732	681	730	714	725	712	711	720	710	724	721	728	703	703	713	729	702	731	706	711	715	730	726	724	695	723	716	786	720	708	736	720	701	723	704	704	729	730	714	711	708	708	702	710	2312.43379
701	726	708	709	724	735	737	720	725	731	726	710	725	717	710	720	725	746	757	716	707	729	743	737	728	724	727	722	713	717	716	706	717	734	703	731	726	733	724	727	714	714	719	727	721	717	715	705	748	733	708	727	714	717	701	724	741	731	716	724	722	720	698	724	735	729	736	714	707	700	730	711	711	727	725	729	712	699	721	722	725	704	702	713	714	719	716	721	692	720	721	726	721	731	745	703	2314.205465
709	695	690	735	745	700	721	720	733	727	747	740	718	746	718	737	745	720	722	711	745	724	714	725	714	717	738	724	719	729	708	717	698	711	727	690	722	705	721	719	738	707	721	728	723	711	691	730	722	712	741	711	703	718	710	741	711	702	722	700	743	691	712	726	717	713	696	722	729	721	692	703	697	704	716	711	721	727	712	708	712	718	736	717	698	721	731	699	706	705	707	735	709	723	713	724	2315.976539
726	710	734	728	708	712	733	737	732	737	706	703	711	693	707	701	738	701	728	727	748	724	706	714	715	730	724	724	727	702	715	721	733	728	733	716	725	728	703	708	711	727	719	747	726	693	709	707	707	698	733	723	702	710	733	720	738	720	716	723	708	716	718	726	705	711	704	705	715	742	715	718	716	724	729	713	720	704	719	727	724	722	716	734	709	694	725	716	707	713	751	709	708	712	721	685	2317.747011
716	716	722	724	728	711	688	730	720	730	726	730	700	693	726	731	724	736	705	699	722	715	713	733	737	716	707	712	706	698	690	702	716	730	693	695	732	713	709	723	700	711	715	709	722	706	708	699	724	693	690	707	717	711	731	721	723	709	715	713	716	707	722	718	717	719	698	713	711	700	691	695	713	718	723	700	696	693	708	702	700	700	710	690	704	700	700	698	717	724	720	700	709	718	706	710	2319.516882
718	719	707	725	710	706	731	724	753	724	740	711	711	726	685	695	723	735	711	710	691	728	717	728	707	690	711	710	725	730	711	726	724	715	715	730	726	726	724	697	709	721	723	710	724	735	699	727	709	714	678	730	712	696	736	704	710	733	712	744	710	728	692	731	696	690	698	725	704	699	716	685	702	692	702	718	720	707	732	727	734	733	710	727	701	718	699	711	722	713	717	721	693	732	721	719	2321.275298
721	715	738	724	701	717	743	719	736	728	696	730	724	703	700	715	746	705	702	701	716	720	718	738	727	714	722	715	720	692	707	719	711	707	722	717	717	709	698	734	692	719	700	705	709	694	704	723	698	725	719	698	705	713	722	710	712	724	707	723	705	722	694	715	702	687	684	706	724	710	708	699	701	727	712	716	698	717	717	722	697	708	742	721	708	705	715	695	709	728	735	715	692	732	712	703	2323.043971
732	735	735	734	712	733	753	742	739	741	711	741	713	725	708	720	725	729	701	721	735	727	716	691	715	736	714	725	720	731	723	740	736	722	700	709	730	701	703	736	726	730	724	697	726	712	720	701	694	713	688	703	717	705	721	714	724	719	752	702	715	710	747	722	723	705	694	714	725	728	719	725	722	718	722	728	748	705	716	740	706	723	705	706	733	723	734	725	713	713	747	700	717	713	729	710	2324.812043
727	730	722	721	729	723	723	730	732	734	748	714	721	723	732	707	711	748	724	737	708	735	735	736	690	729	725	715	715	753	708	727	712	699	711	692	740	722	724	725	737	708	732	738	713	706	728	710	720	701	708	707	724	716	709	709	724	713	699	712	732	720	713	716	729	683	716	706	710	695	732	722	689	706	696	716	703	723	698	722	707	718	698	713	730	699	695	721	701	730	735	712	729	727	712	728	2326.568673
722	700	708	726	720	732	738	704	727	732	714	736	718	712	709	726	731	731	714	718	745	716	720	704	727	725	734	723	717	723	738	746	726	707	705	724	721	700	722	703	716	730	731	724	737	718	723	705	712	733	723	715	732	732	716	739	713	719	708	710	714	730	712	727	724	721	727	721	724	725	744	708	734	729	731	712	715	707	717	719	739	745	737	713	735	714	696	723	727	734	715	727	739	736	699	734	2328.335549
728	739	723	730	745	728	736	696	727	727	735	716	720	731	722	747	738	732	725	722	748	714	706	731	735	718	695	726	730	703	706	730	727	728	723	723	732	735	742	705	750	724	713	732	713	705	726	715	716	750	727	734	721	741	706	714	723	708	723	725	713	732	704	697	735	726	711	752	725	703	728	704	730	728	731	719	712	730	738	722	738	716	723	748	720	732	704	724	729	730	718	724	710	711	709	710	2330.090991
731	722	713	724	744	724	747	742	741	730	739	726	721	713	703	746	751	729	701	731	717	710	716	708	727	696	723	706	695	694	707	725	722	741	717	756	724	712	707	702	704	732	737	711	724	715	761	688	713	728	722	725	752	723	735	721	699	756	711	715	726	682	742	722	697	728	742	719	712	708	707	723	705	716	720	733	703	725	719	703	723	706	737	721	718	739	678	720	704	717	719	693	730	701	718	725	2331.845841
726	718	723	721	730	713	738	737	749	724	724	722	696	697	701	730	720	728	712	746	704	695	695	714	715	683	710	716	729	732	705	717	719	685	730	689	734	732	712	710	704	710	702	712	697	735	687	685	733	729	704	702	713	711	697	721	719	719	713	720	704	729	711	733	700	714	731	701	714	714	716	703	702	705	707	730	707	721	707	752	712	739	731	705	720	692	708	724	704	725	706	722	709	715	706	707	2333.610926
715	733	719	716	708	689	752	743	720	731	727	731	715	717	710	724	714	735	731	731	736	730	692	740	711	742	721	734	708	737	741	731	723	702	701	734	732	721	711	726	728	722	738	710	724	721	723	726	716	715	730	730	723	721	723	724	723	715	731	724	718	711	732	716	706	707	705	717	707	697	701	724	711	704	712	680	719	727	728	718	709	714	724	718	708	692	722	719	714	690	735	752	707	718	728	704	2335.364589
713	732	718	744	721	748	734	695	737	727	721	730	705	725	724	739	724	728	715	732	697	718	714	709	717	701	713	718	729	724	721	717	698	725	726	722	710	719	719	703	721	689	706	693	730	674	708	725	694	712	683	703	714	733	717	710	747	717	694	691	697	726	720	739	720	719	692	739	713	726	722	709	706	714	726	711	709	713	746	739	712	710	701	696	719	719	716	717	710	706	688	709	710	723	706	685	2337.117662
737	731	728	710	708	715	715	735	716	699	710	727	703	705	729	743	702	714	712	719	729	724	732	724	707	724	717	711	697	716	729	720	724	716	712	716	703	708	698	736	716	715	722	729	730	710	711	720	700	709	710	738	710	712	751	711	713	702	699	701	718	694	728	731	707	704	709	696	713	717	696	695	706	702	714	710	710	714	716	740	707	733	707	704	702	718	683	713	735	682	716	672	716	700	734	738	2338.870143
731	716	690	717	717	726	696	709	745	732	713	749	718	723	701	733	707	730	731	718	710	708	724	719	687	700	722	725	709	726	695	708	722	737	726	713	705	715	694	721	719	709	701	725	696	705	707	704	699	714	722	721	712	692	711	725	723	724	690	702	706	713	696	704	707	704	724	711	704	719	712	697	704	715	713	717	710	717	713	725	716	689	715	717	707	704	704	704	713	712	682	713	702	693	705	699	2340.622034
709	743	708	718	713	721	740	725	736	726	696	721	695	687	675	704	733	719	723	702	730	698	696	707	698	695	692	710	718	718	697	716	703	704	695	712	705	713	703	723	706	714	715	687	744	715	707	700	716	709	701	702	713	706	714	696	694	703	708	723	722	699	727	715	718	716	710	677	705	698	668	699	700	713	695	712	703	688	698	718	719	717	700	691	717	717	725	711	713	696	695	701	702	678	713	723	2342.373336
713	692	703	708	678	714	731	733	726	724	695	738	717	715	704	725	713	715	704	700	693	703	707	727	693	708	691	692	705	701	683	698	715	731	723	710	716	697	703	713	693	692	720	742	703	676	698	683	698	707	738	680	703	705	723	703	710	726	722	703	695	703	708	692	698	694	742	714	693	700	702	723	687	707	709	717	701	699	709	732	699	716	719	706	709	699	692	691	712	712	705	697	717	724	706	693	2344.124047
677	706	697	713	717	707	715	741	709	739	700	699	698	689	699	695	695	691	689	717	708	751	706	693	703	713	710	725	715	691	697	698	699	720	720	733	699	702	717	710	694	701	713	709	710	706	723	712	703	712	698	698	704	705	705	710	704	709	682	705	689	717	692	714	672	692	703	720	681	701	684	703	691	730	720	695	680	694	724	709	707	706	711	691	723	701	708	692	699	708	681	696	686	707	689	707	2345.874169
700	695	699	688	687	708	715	709	701	701	695	701	693	702	703	711	723	696	704	697	729	690	702	687	691	704	692	695	719	689	704	691	711	699	690	693	687	684	716	693	683	706	706	715	696	703	686	705	706	736	711	708	721	694	699	705	702	704	719	715	703	689	699	713	692	725	713	715	692	695	698	685	703	696	693	707	689	679	717	720	689	727	693	690	700	703	686	674	694	716	704	696	699	680	685	700	2347.623701
704	713	704	707	712	695	719	701	680	702	685	688	683	696	705	703	708	703	684	713	715	711	706	694	710	689	685	690	691	697	698	694	687	694	699	713	707	689	693	691	710	688	692	713	704	704	684	680	717	700	718	721	694	710	697	680	722	724	676	732	704	687	704	714	691	703	706	689	703	696	699	726	682	698	700	690	702	680	724	701	676	681	706	714	684	694	709	689	675	712	726	707	708	678	710	685	2349.361851
717	688	696	707	686	706	728	679	717	714	711	693	713	671	698	714	725	696	705	689	702	700	675	720	688	696	698	725	694	704	703	708	679	702	704	703	706	672	707	688	695	709	720	700	721	709	695	698	707	680	714	676	702	687	701	704	696	695	702	679	680	695	690	687	680	704	697	711	685	711	688	723	691	695	695	697	707	680	696	667	688	725	684	689	699	692	684	703	691	722	714	678	697	705	710	703	2351.110209
712	714	712	711	715	693	717	726	702	714	704	714	706	698	694	674	711	720	699	687	696	694	679	682	705	712	698	693	706	698	711	708	683	720	714	689	700	698	686	696	702	686	688	684	688	721	702	706	695	708	680	697	702	689	704	699	717	693	694	686	693	678	681	701	698	679	689	701	703	713	682	707	709	701	712	703	700	703	722	706	719	696	699	720	700	697	703	700	686	710	706	702	694	701	702	710	2352.847193
716	714	689	724	701	737	718	717	717	694	711	708	724	718	705	724	716	713	706	708	706	704	701	694	683	715	699	699	723	711	714	703	686	679	723	705	699	691	693	710	706	710	682	720	704	690	701	695	695	686	707	682	708	717	695	727	726	721	695	703	708	690	691	691	698	722	693	686	711	704	694	674	724	710	690	706	700	679	728	712	716	684	672	703	709	691	678	702	685	711	710	696	704	683	727	728	2354.594379
697	684	720	701	701	713	738	734	732	695	708	714	694	705	689	710	718	729	700	712	692	683	697	695	713	718	696	733	716	677	689	681	693	706	685	723	712	708	701	706	714	702	716	696	704	715	703	693	706	669	703	725	719	697	708	700	713	689	712	710	673	694	710	701	704	671	682	682	674	706	689	695	698	689	702	695	670	701	675	691	726	707	684	706	716	703	705	705	680	715	696	721	687	703	676	711	2356.330197
702	708	682	691	718	729	737	716	725	710	715	716	695	704	703	688	698	715	697	709	686	711	697	708	691	699	698	698	697	721	706	693	704	696	706	714	724	706	699	721	716	683	707	694	708	740	714	712	702	708	701	706	727	694	718	690	703	709	702	702	711	707	714	688	696	708	686	709	687	697	705	703	696	712	706	700	696	684	726	714	722	698	686	711	714	693	687	702	711	693	672	714	696	700	700	707	2358.076211
717	709	689	712	694	721	697	720	723	701	723	706	683	707	698	716	705	719	719	737	710	681	694	699	694	697	710	709	710	714	707	703	698	691	718	700	708	725	695	689	720	716	687	719	693	696	702	707	709	682	695	692	701	677	704	689	712	721	737	719	717	702	669	711	717	695	692	702	696	712	694	707	711	700	687	697	696	709	709	710	710	711	691	698	713	683	735	697	705	698	712	706	697	709	703	717	2359.810866
707	708	690	704	691	713	708	695	741	719	705	712	684	701	716	698	710	734	692	712	718	692	710	715	713	716	703	715	696	700	698	731	713	703	690	689	686	691	715	691	712	717	700	701	719	718	700	714	688	725	681	702	707	700	696	698	673	720	701	696	702	674	707	720	697	714	702	702	708	698	690	700	702	691	707	700	708	703	729	703	694	721	706	704	711	707	693	697	696	731	700	681	697	688	717	692	2361.544941
681	693	702	735	707	691	697	727	709	706	710	728	679	698	675	709	707	710	684	707	687	698	690	711	713	701	722	722	701	694	699	711	704	714	675	687	684	685	694	679	708	714	700	702	698	705	704	690	694	701	700	699	684	720	716	690	698	697	689	722	684	693	712	689	671	718	706	699	697	699	705	678	715	679	717	711	702	714	705	683	715	711	715	689	694	684	694	691	682	690	699	718	701	704	699	706	2363.289202
712	689	734	697	693	737	694	733	716	720	687	701	738	686	713	708	717	710	711	690	692	699	682	705	688	689	680	705	736	691	720	711	693	679	685	710	688	691	709	721	716	674	713	692	722	709	682	709	680	681	716	703	701	701	699	703	718	720	713	696	694	698	681	683	684	713	710	701	699	706	710	693	695	693	712	683	690	666	711	705	712	728	697	692	721	720	711	695	732	717	697	692	691	687	669	682	2365.022115
698	725	713	714	697	702	700	719	729	700	685	696	708	690	695	702	700	714	705	702	696	700	675	726	684	712	690	716	703	687	706	703	697	693	694	695	693	700	695	671	682	705	679	706	690	699	688	709	688	700	701	728	699	700	700	692	679	722	705	705	691	721	685	715	708	709	697	689	703	701	717	707	697	720	691	679	684	713	709	697	714	679	708	711	676	696	691	686	682	711	704	694	715	702	674	692	2366.75445
704	719	702	701	705	703	714	714	710	708	696	712	697	702	717	696	698	713	711	674	719	690	740	708	703	701	682	696	697	709	678	686	658	736	714	680	705	689	695	697	687	690	706	702	706	689	659	709	712	718	698	713	697	700	742	712	683	711	693	709	675	710	703	699	677	693	699	702	672	677	678	687	700	702	685	699	693	697	715	690	698	691	718	712	695	680	697	686	704	702	666	710	715	708	695	697	2368.486206
689	710	702	707	710	701	711	695	718	721	699	713	697	700	670	708	695	714	694	704	695	713	660	679	692	708	727	717	690	709	703	707	708	697	710	697	706	675	705	682	714	704	671	695	707	679	696	686	699	703	713	692	697	678	699	692	687	688	704	713	677	687	688	692	712	675	698	711	703	695	679	706	702	691	717	700	711	680	688	703	705	700	695	694	700	692	694	712	693	700	685	722	704	689	670	708	2370.217383
691	697	684	680	715	701	723	695	711	686	704	684	689	699	711	696	705	689	712	727	696	691	700	680	704	684	690	672	682	672	705	723	703	689	694	695	675	702	669	692	684	702	681	700	729	687	710	698	698	699	688	696	684	691	688	688	705	697	687	693	680	710	693	699	713	662	694	694	690	671	665	695	678	695	691	687	679	684	714	710	692	701	708	714	684	697	675	700	684	698	722	698	696	673	684	700	2371.947983
692	689	690	688	695	685	708	702	725	691	707	712	684	681	663	720	688	687	684	672	715	681	676	702	709	701	685	672	689	690	706	699	693	688	691	661	674	689	696	714	690	703	689	690	699	689	706	714	681	719	693	704	697	692	697	674	685	685	697	687	695	680	688	689	680	727	701	696	700	684	677	694	677	677	681	687	684	702	694	702	693	680	692	715	677	718	709	683	691	674	685	683	690	691	701	677	2373.678005
689	698	695	692	682	698	677	723	709	670	700	698	701	679	681	699	682	675	694	699	696	685	684	683	686	679	666	706	697	712	694	699	680	687	686	709	680	706	702	698	720	690	714	702	678	702	680	675	679	694	697	692	671	684	684	702	685	693	705	684	703	672	673	680	679	717	686	676	691	690	701	685	701	685	669	694	704	681	696	702	702	673	694	673	693	672	670	675	683	682	683	703	692	664	714	692	2375.39671
675	676	690	686	719	664	659	705	701	702	695	690	676	653	681	705	677	684	705	706	697	686	673	677	690	676	687	687	682	678	687	680	682	694	691	677	679	689	693	661	671	703	666	716	708	669	660	676	686	684	681	695	689	687	669	679	686	697	694	677	692	679	677	675	692	685	688	661	679	694	685	669	685	671	699	685	676	682	723	692	693	670	666	716	683	679	685	687	677	689	690	659	698	670	674	703	2377.125581
672	690	685	683	701	677	704	712	698	689	691	706	694	692	665	699	704	686	682	692	695	674	675	703	675	675	812	675	700	711	697	701	661	677	681	680	695	680	692	678	686	661	691	697	693	695	695	674	665	677	680	691	706	691	688	716	696	688	717	698	670	676	684	698	664	707	694	697	696	658	687	684	672	679	690	671	689	686	678	699	671	709	665	686	684	689	683	684	689	654	687	719	685	673	688	670	2378.853876
683	651	692	667	673	674	705	715	708	692	690	701	653	690	667	711	689	695	675	695	678	687	669	672	679	683	1811	696	692	671	678	674	702	698	670	680	681	664	665	694	676	657	707	693	694	681	677	671	683	692	688	673	680	679	682	700	680	681	684	695	668	687	671	688	692	702	683	685	670	680	685	692	685	671	680	698	675	665	678	686	704	692	685	680	685	713	664	679	659	674	685	674	686	679	679	668	2380.570865
662	692	703	701	688	698	687	684	675	689	688	679	666	699	675	687	662	664	696	693	695	686	701	686	680	685	681	680	699	675	688	680	690	679	702	712	709	680	677	687	673	697	681	685	693	684	680	676	706	683	682	703	667	691	687	682	677	675	678	707	654	686	676	673	682	683	675	696	676	664	678	678	699	675	687	705	670	692	707	688	697	689	679	672	699	659	707	669	661	673	677	668	678	698	681	692	2382.298011
694	703	684	695	680	693	674	690	702	676	684	700	676	690	679	668	682	691	698	688	682	672	688	668	697	703	682	682	681	682	686	666	663	713	680	673	670	682	683	694	674	670	677	698	683	677	682	669	672	696	682	663	690	705	692	671	680	676	681	690	678	714	680	679	678	676	693	680	666	669	668	671	668	660	674	694	678	714	674	695	692	723	667	702	684	682	693	695	694	667	682	690	679	678	674	701	2384.013858
673	693	678	697	712	687	679	685	661	678	712	684	671	691	698	671	686	709	669	669	683	694	697	701	688	684	645	684	667	701	665	704	677	694	678	678	676	687	696	681	694	668	682	715	694	687	690	705	676	702	686	679	684	677	691	684	669	681	722	672	675	685	681	670	694	688	680	682	681	693	661	679	676	684	674	676	674	675	689	673	691	686	662	690	668	693	683	678	696	690	687	670	698	683	662	676	2385.739856
675	686	690	682	700	696	694	704	690	685	694	681	674	677	672	705	718	689	682	688	713	659	689	697	682	686	691	684	708	684	678	688	671	682	692	678	666	664	704	689	682	658	663	689	689	677	685	677	676	678	687	697	685	680	685	682	689	672	675	674	658	698	686	690	690	651	667	689	671	675	665	698	665	695	671	689	672	672	695	684	678	656	678	662	705	652	682	694	684	687	671	685	678	658	654	670	2387.454563
681	658	697	690	674	678	704	684	709	702	708	685	677	681	685	696	680	693	687	686	695	674	679	693	687	688	691	685	670	666	692	673	691	659	685	699	696	682	668	701	689	698	671	692	679	677	692	712	669	699	698	656	692	670	666	665	698	671	693	690	677	661	676	689	686	676	686	695	666	698	701	686	662	680	666	683	677	690	685	702	718	680	695	689	702	674	674	686	710	702	694	674	677	686	675	684	2389.168703
647	687	696	676	666	701	687	698	699	652	687	689	675	674	677	693	697	687	687	695	668	686	684	675	693	701	694	719	698	694	680	665	687	703	700	689	702	708	663	689	699	695	679	690	699	670	692	693	682	690	676	681	663	699	668	706	689	679	695	692	692	702	683	703	678	676	653	688	683	680	671	690	670	673	675	699	693	683	684	684	687	697	676	676	675	696	696	695	685	693	688	684	698	681	672	703	2390.882275
690	708	690	704	701	719	702	694	692	705	686	687	686	666	691	668	688	676	683	701	697	677	677	695	666	688	689	675	695	697	693	712	685	662	691	679	707	675	691	690	692	695	670	687	711	692	688	701	686	697	687	694	691	679	686	683	692	690	669	678	696	675	686	687	701	684	693	677	690	693	680	680	689	674	669	673	685	700	695	697	680	715	690	702	681	665	693	679	699	682	685	715	682	658	698	673	2392.605984
717	682	690	670	710	679	698	694	680	689	694	711	677	695	685	699	689	701	693	665	700	683	700	679	704	689	677	704	674	687	682	700	688	681	686	694	694	688	696	682	686	692	698	705	674	660	674	684	694	667	691	699	698	687	661	692	677	683	681	682	684	682	674	711	670	701	674	690	669	688	695	673	704	682	697	676	687	712	708	696	682	687	682	708	672	710	704	654	714	683	687	682	701	674	692	681	2394.318418
705	690	698	688	671	710	713	692	702	708	684	668	693	677	695	693	688	710	689	703	693	690	674	678	704	683	683	702	683	696	665	675	664	688	686	714	698	694	671	699	702	680	701	710	719	656	670	671	702	687	658	690	662	667	694	698	692	707	691	682	678	701	678	651	693	667	682	694	660	683	673	683	677	700	688	674	690	669	689	681	688	685	694	695	685	660	671	711	698	684	690	685	711	695	665	674	2396.030285
709	710	673	679	706	677	703	687	687	685	683	705	648	669	685	688	692	697	671	700	699	681	691	689	705	682	680	697	692	685	701	673	685	675	687	693	697	689	687	679	666	695	700	679	696	690	693	686	699	694	688	691	684	660	694	671	699	688	703	696	686	693	708	682	673	681	693	681	687	670	670	679	690	675	673	683	671	710	704	696	713	679	663	665	673	674	668	675	696	671	685	707	690	692	678	685	2397.741585
686	690	676	696	669	700	717	704	682	691	697	677	679	674	675	694	699	687	704	709	692	682	688	681	675	680	706	680	684	673	688	682	675	664	685	696	688	714	688	708	705	685	698	708	689	659	716	695	668	683	688	675	697	678	682	667	699	691	706	667	681	672	654	692	671	693	686	690	672	684	669	722	697	681	682	682	702	693	700	695	674	684	683	700	674	705	699	683	684	687	658	687	695	665	690	670	2399.45232
717	675	684	690	702	688	678	715	693	666	690	682	683	651	666	688	717	697	677	667	689	685	686	656	689	674	662	671	703	680	670	691	703	682	700	680	697	702	678	690	705	703	690	695	681	697	687	708	678	703	666	688	676	672	690	683	681	678	674	666	673	688	688	695	695	662	684	676	697	669	707	649	681	676	684	677	681	677	702	697	688	688	679	690	667	679	697	687	713	703	683	664	675	696	675	687	2401.151802
678	694	695	676	682	707	677	688	704	684	693	687	676	694	665	696	671	701	673	691	690	693	674	673	683	668	702	688	682	686	688	669	658	717	697	668	697	672	673	685	686	672	712	689	676	663	686	678	696	679	680	698	697	669	682	661	670	682	693	671	682	652	689	687	689	679	684	690	684	687	658	684	672	693	669	659	676	666	700	657	681	681	672	677	674	689	662	664	678	676	688	673	666	674	676	677	2402.861408
675	682	681	685	683	701	674	675	683	675	675	696	682	675	668	694	691	674	680	663	695	672	672	690	691	686	663	684	685	703	682	660	691	682	684	690	689	672	664	658	697	697	690	694	696	688	649	673	667	683	663	663	689	678	655	681	669	680	676	667	664	682	676	683	688	679	654	659	667	683	672	671	655	660	666	667	674	677	686	678	698	678	692	686	680	667	687	681	669	661	685	680	694	677	706	674	2404.570449
658	654	670	681	695	683	683	677	684	691	674	675	659	668	681	708	680	670	688	686	666	675	688	673	671	674	674	685	667	664	684	676	695	667	680	663	668	670	690	679	671	669	687	671	651	680	666	666	678	682	653	672	680	670	693	673	669	680	688	677	671	679	655	671	671	639	696	678	674	676	668	686	659	652	669	676	680	677	677	672	657	683	664	668	670	641	664	683	660	669	658	673	661	663	683	678	2406.278925
632	683	665	714	669	690	666	699	703	657	671	706	686	672	663	686	679	678	654	656	678	667	668	655	669	664	683	669	688	677	644	676	665	667	664	685	688	679	678	670	672	670	678	682	662	694	676	681	687	668	666	673	662	663	696	640	664	682	673	679	656	677	674	664	670	681	658	674	668	668	654	649	669	677	679	669	679	675	675	679	667	652	676	676	678	666	687	670	656	663	672	686	689	671	669	680	2407.976164
704	656	682	688	692	706	685	683	692	691	662	678	675	657	661	685	693	673	658	670	674	671	683	680	673	661	684	683	658	678	666	656	673	686	673	675	668	677	671	678	685	664	685	670	679	689	687	673	683	675	672	683	686	666	696	677	651	661	700	696	694	658	656	700	687	687	693	668	689	666	672	683	689	669	659	663	668	656	683	672	672	667	662	680	684	681	677	691	662	664	694	676	654	673	671	680	2409.683514
685	669	676	661	655	681	671	673	697	680	687	681	658	663	649	679	673	676	671	675	687	682	662	669	679	705	678	690	687	675	683	673	670	681	683	678	678	670	660	694	678	658	667	665	663	683	671	686	682	684	679	670	673	667	669	693	681	674	677	680	672	667	666	679	692	664	689	668	670	664	667	672	661	679	672	667	667	681	696	665	691	671	680	679	649	657	669	673	668	665	683	665	668	682	685	674	2411.379634
671	702	669	664	692	670	684	676	687	696	671	671	681	665	675	674	652	683	675	691	666	667	678	692	672	665	678	670	707	688	677	668	694	677	673	659	665	651	675	675	664	679	677	676	662	685	682	674	683	669	674	660	692	673	693	671	685	667	684	672	656	665	674	673	678	674	666	668	681	681	657	669	649	663	688	689	675	667	659	669	678	654	670	682	670	647	680	655	696	656	669	680	682	695	666	672	2413.08586
682	676	677	680	682	681	674	690	671	686	663	710	645	687	668	709	695	698	697	684	668	687	661	701	690	685	686	663	696	685	649	703	676	666	665	685	699	677	669	684	659	681	665	671	680	677	687	668	658	675	664	681	651	678	663	686	695	686	669	661	672	692	669	677	653	643	641	702	673	686	693	667	685	659	688	682	670	669	675	686	665	677	701	680	674	666	658	667	670	653	665	683	710	670	683	671	2414.780863
684	680	686	673	693	700	683	679	680	684	687	667	652	688	678	678	694	677	669	692	682	679	656	675	676	666	679	667	682	664	688	690	693	691	676	704	672	678	659	682	674	675	667	684	695	675	679	685	673	680	685	703	682	692	672	692	668	691	674	668	676	692	670	688	651	691	662	667	672	677	661	685	679	673	666	648	682	670	680	690	675	667	662	670	704	662	672	690	671	686	687	657	677	676	661	663	2416.47531
673	685	682	656	674	675	691	654	683	673	672	687	669	676	689	669	672	678	688	671	699	677	688	663	685	634	655	670	680	667	665	688	653	670	663	690	673	665	687	672	681	673	673	685	673	694	662	675	677	695	702	679	684	668	688	667	674	674	690	664	669	648	667	672	674	666	652	662	672	671	648	679	667	682	672	667	690	687	676	684	674	677	678	672	668	669	670	667	658	671	674	708	663	666	661	693	2418.169201
671	676	685	677	675	709	682	684	696	677	670	693	683	659	670	669	670	669	688	674	680	658	683	677	676	670	674	675	679	680	683	655	668	688	671	678	702	692	656	677	671	683	700	651	696	671	682	682	691	667	666	667	694	666	666	710	676	685	690	681	679	664	654	667	672	692	667	676	669	679	664	673	672	694	656	674	701	680	695	679	665	659	692	693	676	662	674	663	693	692	681	700	698	689	674	657	2419.873184
692	648	669	681	707	667	696	690	670	678	676	669	709	657	684	703	705	677	699	684	684	681	666	680	691	670	687	687	709	693	676	689	681	696	672	680	689	681	656	668	703	687	699	700	683	666	675	671	680	680	702	718	676	667	677	665	669	700	658	670	691	672	649	678	649	681	709	679	677	669	672	667	666	685	680	692	671	676	684	676	678	663	676	672	669	666	647	684	700	685	698	683	654	673	675	668	2421.565959
682	679	675	679	688	656	680	675	713	683	682	695	669	694	686	674	678	663	705	672	681	707	672	688	683	670	675	697	666	688	651	677	690	666	682	662	673	680	684	678	698	688	671	661	658	684	672	653	669	699	685	677	670	682	674	685	683	661	683	681	676	677	702	665	669	673	675	701	679	668	664	693	666	688	672	700	680	680	678	718	696	662	676	667	648	673	700	682	681	681	673	686	694	688	690	673	2423.25818
674	664	678	711	678	685	685	699	693	682	689	670	683	674	678	683	689	678	670	669	663	684	664	655	674	691	668	674	675	662	655	685	682	669	690	693	710	699	685	676	651	676	666	692	691	682	669	665	661	701	690	675	664	668	689	675	693	666	700	693	676	685	675	679	679	665	673	683	659	663	668	667	678	688	675	663	658	673	679	672	685	698	674	677	673	692	661	667	695	684	682	686	671	674	658	666	2424.949845
691	674	656	687	664	673	729	701	689	684	671	660	683	682	672	676	672	681	689	690	691	660	688	695	666	656	666	674	682	684	685	687	694	671	675	665	698	682	684	681	687	693	652	666	678	657	678	681	679	694	678	700	663	664	674	693	674	688	669	667	685	687	671	687	680	672	668	682	686	659	686	660	688	671	657	675	663	665	683	663	686	679	674	694	678	682	686	654	672	671	657	664	671	679	670	657	2426.640956
683	676	684	688	677	695	673	710	682	686	663	673	663	667	677	683	678	686	685	688	673	685	661	678	678	675	704	687	708	672	674	691	659	685	687	684	681	672	673	675	652	667	672	694	662	674	668	662	667	683	688	672	658	666	679	676	665	668	676	664	668	670	655	668	686	659	687	664	655	671	675	709	694	685	668	682	654	674	677	678	705	690	663	694	674	679	665	695	669	676	687	667	671	674	684	690	2428.320882
686	662	671	686	674	675	685	685	686	672	698	671	672	663	666	685	670	673	675	671	694	652	673	677	679	658	661	665	679	692	677	674	673	665	673	690	664	651	682	683	674	667	686	677	691	651	688	661	700	689	668	660	660	658	680	684	652	694	678	695	669	667	684	676	676	680	676	683	683	675	679	677	681	661	665	673	657	666	676	664	684	672	657	662	670	665	673	677	689	663	666	658	673	672	666	667	2430.010887
658	681	664	671	674	683	687	685	675	685	668	686	690	679	667	679	667	706	660	684	706	654	646	659	673	682	659	669	669	665	674	687	664	665	678	689	666	692	665	675	705	653	633	686	670	676	666	670	664	662	668	672	675	659	682	678	683	687	668	675	680	670	673	649	667	671	668	652	705	680	682	673	689	658	688	658	669	672	665	679	682	668	656	677	668	654	662	691	667	662	673	671	681	689	689	681	2431.700339
689	658	673	673	683	655	705	669	679	641	682	669	660	654	670	661	667	696	686	670	670	670	662	673	657	663	671	651	667	680	660	668	695	662	660	696	678	686	673	674	669	663	681	681	673	683	672	672	665	656	678	684	671	679	670	654	662	672	678	671	653	677	672	673	661	665	676	663	687	666	677	675	671	648	648	662	674	657	669	664	657	665	686	652	671	679	668	657	664	682	667	644	653	667	678	652	2433.389237
697	677	659	666	674	698	684	700	662	669	666	677	684	668	655	669	687	657	667	663	667	654	652	663	684	674	648	662	674	642	650	658	669	665	658	661	670	653	668	656	667	665	645	682	670	675	665	662	644	667	663	671	659	661	656	679	670	666	667	644	661	655	670	661	656	678	651	681	664	657	656	698	657	656	669	672	648	661	662	673	684	670	696	679	676	672	647	658	657	663	663	679	662	686	678	653	2435.066965
662	648	662	690	652	661	696	666	685	669	692	644	681	655	668	652	658	702	691	677	647	650	658	666	652	693	655	690	658	675	649	677	658	662	676	674	649	650	655	684	653	667	674	653	660	670	666	646	680	660	658	661	678	657	647	673	684	651	667	684	666	644	658	654	664	625	668	655	636	644	680	673	676	650	659	648	659	674	648	655	662	667	650	670	676	655	636	667	676	660	661	681	678	665	649	685	2436.75476
660	667	681	665	663	648	664	698	663	668	670	673	671	651	632	661	656	694	690	660	661	648	687	641	683	662	656	652	649	659	659	659	666	669	661	673	668	661	665	663	652	692	692	659	678	665	676	651	666	669	683	662	652	663	662	675	681	644	677	628	634	686	639	669	647	642	676	662	660	656	646	660	653	660	665	643	676	655	670	647	681	667	658	654	667	640	681	662	669	672	670	662	667	675	640	666	2438.431392
652	659	656	666	666	648	697	672	697	673	666	672	651	631	673	652	684	680	657	671	671	671	663	659	665	674	668	671	670	687	651	677	650	657	665	684	667	660	693	665	646	650	662	689	662	656	676	660	668	670	662	669	635	654	666	659	648	653	668	665	647	648	658	645	650	668	667	668	676	683	663	665	686	647	641	678	656	666	663	670	677	674	653	667	668	662	646	667	659	652	644	686	655	671	671	663	2440.118085
669	673	654	695	673	649	672	692	692	690	676	695	663	654	666	660	645	668	681	672	683	654	681	668	658	675	657	654	670	688	667	655	655	674	656	676	682	678	679	682	674	657	659	667	680	679	691	650	663	658	670	662	655	661	668	652	676	656	652	656	666	676	675	670	670	664	662	653	678	674	658	672	691	690	660	663	659	667	688	665	677	668	671	657	672	661	668	670	665	670	656	659	651	676	675	656	2441.793623
678	652	661	654	687	675	676	685	670	659	692	684	668	675	660	657	670	678	666	665	694	667	669	674	675	654	651	673	673	672	659	661	662	670	662	663	655	662	641	665	655	650	661	687	661	672	671	660	681	652	685	664	643	650	688	656	668	679	670	669	663	665	661	662	648	664	660	683	668	677	664	671	662	658	678	689	657	675	703	688	695	685	648	664	654	641	671	671	665	647	665	682	663	684	652	643	2443.468615
669	687	673	657	669	647	685	677	673	660	680	667	690	651	677	677	682	673	663	667	686	663	666	675	676	655	676	658	651	663	674	679	690	672	659	691	678	672	681	680	679	670	671	688	675	672	666	656	679	649	657	671	678	671	679	682	686	657	680	645	653	677	677	662	649	654	673	656	672	660	664	679	650	661	672	668	672	657	654	691	635	660	667	663	658	655	667	654	642	655	662	696	655	665	671	664	2445.143063
661	680	669	681	658	678	722	664	693	643	666	660	685	661	685	677	656	665	687	686	658	671	682	671	675	674	670	652	671	685	655	667	677	646	667	692	679	674	652	658	657	650	666	659	669	649	657	664	675	670	658	680	676	652	664	648	646	677	666	675	666	638	661	682	657	669	646	668	671	673	680	656	655	667	670	659	675	664	657	669	667	635	683	660	647	668	669	652	670	661	655	669	694	658	638	673	2446.827559
653	683	657	662	670	662	682	674	706	665	680	692	663	662	682	668	661	670	656	644	661	688	678	666	659	664	670	681	668	667	637	667	681	692	675	682	678	669	650	665	676	671	667	685	665	671	671	662	665	679	677	640	668	669	662	667	665	662	666	678	664	671	669	668	678	667	664	680	698	657	672	677	664	655	657	669	665	662	656	659	677	643	678	642	691	664	665	648	651	658	674	672	677	659	655	659	2448.500915
674	669	658	690	676	673	698	669	688	690	698	668	671	660	679	679	684	660	656	673	675	659	668	689	675	655	659	673	660	649	676	674	661	661	661	693	675	682	669	668	682	652	631	657	673	671	673	673	659	657	672	665	650	654	650	683	671	683	664	665	664	653	658	663	665	671	650	660	671	673	652	655	654	673	682	656	654	654	660	657	680	671	670	680	660	663	653	670	680	662	685	658	689	682	675	665	2450.173726
662	650	664	662	677	648	678	688	687	693	667	681	671	689	652	678	676	701	658	678	655	675	660	664	678	660	663	662	683	681	662	646	659	674	639	669	674	661	661	678	654	670	686	670	668	673	662	670	671	666	677	656	678	666	656	659	661	654	660	663	668	662	668	669	670	643	657	644	669	649	655	685	670	655	675	675	656	649	665	667	669	666	663	679	665	697	640	692	666	671	664	646	673	672	649	628	2451.845994
676	667	678	670	661	655	650	677	673	682	673	691	678	644	658	670	666	653	683	658	677	665	676	656	652	669	666	677	658	637	673	661	678	668	658	666	687	659	653	649	650	677	676	662	652	644	680	681	678	687	660	666	660	662	662	658	668	658	660	669	668	645	656	667	668	657	683	673	666	671	681	670	673	649	691	669	649	664	690	686	662	689	663	654	668	683	654	701	681	672	672	672	669	679	664	685	2453.517718
671	687	656	639	665	674	678	684	670	676	666	664	666	652	660	690	660	665	664	676	668	677	671	652	660	683	654	661	672	660	645	665	634	685	680	678	667	672	666	670	686	692	671	673	668	672	659	663	676	660	667	677	679	666	649	663	668	676	676	659	671	642	672	664	641	670	694	682	670	667	662	670	659	662	671	664	679	657	663	667	687	674	685	664	665	662	650	657	651	655	664	679	665	670	689	671	2455.178323
656	664	667	672	693	676	672	674	687	664	672	666	653	684	690	662	669	688	696	676	651	692	665	671	669	661	653	684	668	634	652	662	662	657	664	686	688	653	665	673	645	700	670	664	659	663	655	663	653	664	661	670	672	661	682	659	674	666	678	671	666	676	665	664	670	651	645	670	681	659	672	659	661	664	672	668	680	661	682	668	682	665	658	684	678	641	661	681	669	648	667	652	695	688	655	663	2456.848965
663	687	640	681	669	672	675	669	679	691	666	639	658	677	676	685	668	691	674	681	647	686	668	669	662	670	672	652	684	662	686	648	643	687	693	653	670	682	666	664	693	656	643	679	673	660	660	663	685	649	686	675	660	655	682	668	680	659	659	677	661	653	661	658	653	666	649	665	661	646	665	671	667	655	673	688	647	653	664	677	661	659	686	656	665	652	664	659	668	677	661	663	663	699	653	678	2458.519063
662	681	673	677	682	678	671	690	697	693	682	647	663	679	659	662	705	658	677	674	670	661	684	657	685	678	655	632	669	659	666	649	668	671	659	662	673	651	668	680	661	655	668	668	668	667	682	673	656	676	660	664	653	677	680	669	669	678	645	679	647	643	661	666	654	666	671	663	685	684	671	655	655	660	652	662	658	687	671	681	670	675	651	663	647	645	685	662	658	646	669	663	652	644	659	690	2460.18862
681	666	677	662	673	667	678	691	681	674	671	670	672	687	667	698	665	665	679	658	665	654	665	665	681	702	663	671	664	679	671	660	688	656	671	660	684	658	661	666	647	686	660	657	673	665	658	678	672	673	689	670	687	669	665	662	669	670	661	648	657	658	651	661	666	665	662	677	673	673	666	647	665	668	646	676	688	680	657	666	657	678	659	659	662	672	666	659	683	679	655	676	659	671	663	671	2461.847072
660	680	652	666	663	679	678	684	677	685	669	680	663	649	665	672	688	659	664	631	681	664	664	660	651	666	667	662	671	663	655	682	689	678	657	638	665	663	669	657	671	645	657	653	672	657	676	682	660	645	681	651	652	653	650	675	695	652	674	684	646	678	670	672	651	646	653	654	653	668	693	655	654	651	651	665	657	648	679	669	674	649	662	659	641	666	637	662	667	657	665	647	661	654	679	655	2463.515547
664	654	672	650	658	641	654	699	684	677	660	668	654	681	667	668	675	668	659	675	651	667	655	652	663	654	649	658	676	652	655	644	629	659	668	662	660	649	655	640	639	674	685	687	662	656	658	661	672	666	660	655	673	660	666	684	656	662	665	663	685	658	642	652	665	664	666	680	665	662	642	667	668	648	677	637	683	656	665	656	667	680	652	664	657	653	675	667	677	659	656	681	648	658	666	651	2465.172926
645	637	654	659	665	681	685	664	665	674	682	661	657	641	657	668	667	666	661	659	649	662	660	646	654	649	638	660	656	655	664	623	660	663	669	629	648	680	660	662	657	665	660	665	642	649	662	668	665	666	642	678	645	660	637	668	675	645	664	661	653	653	650	682	664	665	674	652	652	629	666	641	646	676	650	659	638	656	673	671	683	678	643	653	657	653	651	661	663	679	644	676	652	678	659	670	2466.840322
645	654	670	664	670	665	655	676	663	669	667	684	640	653	653	677	668	660	652	667	660	655	649	628	668	638	662	651	647	668	671	651	642	666	656	627	651	644	642	668	652	629	665	688	667	660	676	658	649	681	656	645	641	640	667	670	656	674	660	664	653	664	644	663	649	660	669	654	657	670	652	643	657	644	657	675	656	673	661	668	651	630	655	658	661	655	656	667	663	673	675	647	647	666	624	656	2468.496629
671	661	675	658	664	669	667	658	661	661	666	666	648	664	658	644	686	652	660	661	657	649	666	658	662	642	669	659	654	660	651	664	626	664	658	663	646	664	682	657	628	673	685	664	667	659	658	662	672	654	669	641	665	664	646	664	657	656	650	657	654	662	677	638	647	656	651	648	665	641	652	632	664	678	662	671	625	637	665	651	638	661	652	648	639	653	652	661	654	652	651	657	671	657	656	640	2470.152401
671	649	624	664	656	628	661	677	663	673	665	662	658	637	640	653	659	663	664	647	655	649	661	677	638	633	648	672	660	637	659	657	670	653	641	645	659	664	657	653	644	650	667	657	665	670	668	645	639	645	645	654	643	640	687	628	636	653	661	659	661	636	667	651	659	653	641	644	655	639	642	658	636	659	651	638	655	665	673	660	653	649	655	643	674	642	651	662	656	652	660	642	668	645	647	625	2471.818182
640	641	670	662	647	636	659	651	659	652	660	657	647	638	646	675	651	647	657	661	685	659	660	666	648	659	639	671	665	640	662	645	651	651	652	629	630	644	640	655	673	650	661	668	668	632	651	660	650	645	661	663	633	654	650	652	656	655	643	649	657	639	661	648	651	681	641	645	654	646	672	645	630	652	652	642	643	642	647	654	650	650	669	656	644	643	636	664	630	660	654	634	649	654	654	652	2473.472883
646	644	664	665	652	638	659	656	662	666	669	646	650	656	640	670	647	656	671	662	647	640	659	649	650	650	659	648	644	655	642	656	651	646	658	651	651	695	671	653	669	649	655	663	661	627	644	650	638	661	642	671	660	674	656	679	667	648	652	654	660	659	645	638	660	642	661	640	660	651	636	648	650	650	649	667	646	661	658	647	653	665	650	629	661	660	611	651	680	654	660	643	648	647	653	641	2475.127052
659	663	657	652	660	648	655	662	660	659	669	652	651	667	652	678	637	672	656	662	668	659	660	642	655	645	652	653	643	653	662	667	636	663	647	656	657	653	640	663	638	656	683	654	652	650	665	654	657	675	626	656	647	651	668	664	638	649	650	671	657	652	660	632	646	658	645	645	659	640	663	665	673	652	674	643	650	654	650	650	657	642	650	668	641	648	672	636	639	640	641	664	652	650	635	674	2476.780688
656	645	674	649	666	659	653	663	675	685	646	671	654	651	661	651	646	667	662	665	662	673	652	648	650	649	663	660	656	666	649	659	656	645	659	684	663	671	669	662	667	648	667	677	683	644	689	658	643	649	644	627	661	645	651	643	690	667	650	651	665	642	656	654	662	643	646	645	637	661	659	688	676	663	650	662	636	655	660	642	656	641	650	642	670	685	667	655	663	673	647	667	664	637	662	651	2478.43379
657	646	646	663	662	663	698	650	670	651	689	647	644	655	661	647	668	676	673	660	675	654	661	659	668	666	650	673	658	654	647	651	654	657	650	664	652	662	669	654	669	659	666	651	638	679	647	664	662	661	636	668	658	639	677	658	661	670	654	661	678	645	637	652	657	664	659	658	648	669	641	669	653	668	664	691	652	661	654	670	657	666	657	658	647	650	657	656	653	665	654	652	661	664	647	664	2480.086361
658	660	660	670	681	665	653	666	657	675	662	659	678	663	653	664	673	666	664	644	637	639	630	654	650	660	655	659	657	647	641	668	656	663	677	633	661	664	666	652	681	662	662	669	666	665	665	640	625	651	672	668	647	659	656	662	658	664	656	625	641	653	632	664	647	652	671	675	665	674	660	659	658	646	642	656	664	663	673	668	659	648	674	666	670	654	653	664	659	673	661	666	662	641	661	654	2481.738399
659	671	656	660	659	676	671	667	655	656	674	661	662	675	639	667	664	647	666	667	646	649	647	665	662	647	671	651	651	673	678	671	664	660	654	656	650	671	681	674	641	696	659	657	676	641	642	629	653	673	648	635	662	670	661	660	652	655	650	649	663	649	668	647	647	655	639	646	645	667	663	635	653	656	644	643	653	657	658	679	674	677	650	660	641	661	640	656	665	661	626	645	678	676	651	671	2483.389905
669	641	643	647	663	666	677	660	654	639	663	676	659	653	650	656	669	662	654	668	661	667	643	649	641	659	652	645	660	687	676	662	640	643	663	653	647	660	671	671	642	659	671	665	669	688	664	673	654	666	659	654	653	665	654	670	664	633	646	650	638	641	661	647	659	637	660	640	668	661	658	654	660	634	665	666	631	672	663	662	649	643	644	638	672	674	650	658	652	634	642	674	656	657	647	655	2485.030365
654	661	646	657	661	660	682	660	678	671	656	628	686	662	642	672	675	658	665	654	635	656	643	650	640	650	653	660	663	652	657	656	665	659	651	638	659	653	653	655	648	667	663	662	680	643	629	667	646	636	645	663	654	652	662	660	650	661	640	655	658	666	632	637	665	651	685	655	667	651	671	641	638	669	664	637	661	640	665	656	660	677	674	656	653	651	664	653	653	663	640	658	668	661	664	666	2486.680811
663	658	649	639	653	652	664	678	675	665	649	645	646	651	665	653	658	647	682	663	667	661	645	655	642	647	641	659	647	658	643	641	653	664	670	649	657	671	660	668	660	663	668	685	665	669	660	680	655	651	669	642	663	642	665	652	647	649	675	639	661	657	651	649	655	642	655	652	640	652	664	659	641	664	640	672	667	667	676	654	661	635	662	664	651	669	648	669	676	659	646	650	646	630	652	681	2488.330727
672	638	666	655	680	679	653	680	679	635	663	677	665	642	645	675	677	672	661	665	645	666	639	648	659	665	659	642	651	660	678	643	651	638	645	648	647	659	651	648	658	651	676	676	670	643	669	641	669	644	653	660	650	655	627	650	633	650	620	652	669	656	659	660	634	666	653	664	655	656	661	631	679	659	684	647	641	650	663	648	654	646	653	660	642	660	646	636	657	649	682	644	650	665	639	654	2489.969607
667	653	666	672	657	648	668	679	658	643	680	691	668	632	653	654	679	648	652	667	646	664	665	659	663	641	644	655	649	671	644	662	640	638	637	655	647	662	657	650	646	656	661	679	651	660	655	653	621	661	664	646	656	660	658	649	652	661	632	665	648	655	649	644	645	648	638	658	648	662	642	640	664	643	659	648	635	650	663	667	647	658	635	654	658	644	639	649	625	651	651	646	656	658	629	656	2491.618463
673	643	637	652	658	666	664	656	651	673	649	642	659	625	638	668	665	659	640	668	643	651	654	659	662	660	625	655	648	646	630	652	639	670	625	658	654	628	681	661	655	639	634	653	679	651	637	676	648	646	642	648	639	668	643	632	656	661	640	632	642	642	653	638	633	652	632	668	634	658	661	656	637	658	673	650	647	650	670	648	658	666	662	644	653	632	640	648	643	664	650	660	645	650	666	647	2493.256292
656	662	666	678	638	657	660	664	654	660	658	658	630	640	652	647	643	639	669	644	643	656	675	651	662	635	637	653	652	641	643	650	631	643	653	645	642	663	652	636	661	672	652	641	661	639	649	639	647	659	635	632	630	653	632	656	667	647	641	667	651	659	607	668	657	671	638	631	634	656	646	656	662	617	664	640	649	647	646	654	648	648	653	658	642	656	638	620	666	642	648	642	646	639	662	653	2494.904092
660	649	643	651	647	654	646	643	659	637	648	654	668	632	644	643	692	636	666	666	647	630	641	646	646	648	654	639	653	643	640	617	638	643	641	647	661	651	664	631	646	657	649	648	640	658	641	631	639	649	648	638	645	641	644	637	650	661	647	638	657	632	657	649	654	647	665	647	646	667	627	629	634	649	660	649	658	631	666	643	659	643	650	657	640	673	655	657	637	633	662	652	650	646	654	642	2496.540871
653	658	646	648	642	673	649	673	658	659	653	648	650	656	620	663	650	650	648	640	656	642	626	648	659	650	650	650	649	643	655	649	665	637	614	660	652	657	666	641	650	626	650	652	630	656	659	623	663	628	672	661	634	655	650	642	645	639	648	648	643	635	643	656	657	647	643	678	645	641	640	619	646	638	652	662	646	665	650	667	613	644	639	637	634	637	641	659	650	657	630	633	624	643	646	655	2498.177127
669	670	645	642	658	648	659	672	670	658	661	627	631	637	649	658	642	652	656	630	641	636	616	639	649	650	675	645	650	624	634	664	658	639	665	624	651	632	650	657	659	654	655	660	670	645	644	631	644	631	654	660	633	645	654	659	638	637	633	652	643	637	650	648	632	642	649	636	629	654	652	647	636	652	621	644	643	647	647	660	653	649	651	654	643	628	638	642	640	648	654	649	634	649	628	642	2499.81286
653	650	637	662	648	680	648	665	618	649	653	672	654	647	642	660	662	649	633	653	642	655	623	654	657	638	633	655	665	650	651	654	659	649	636	633	636	656	642	654	645	649	645	672	661	649	641	657	640	632	640	653	634	656	661	652	634	653	641	652	653	644	655	645	653	651	658	660	640	661	651	650	656	656	650	632	621	680	649	662	655	661	641	636	646	665	666	653	674	651	640	653	638	665	656	670	2501.448071
649	659	671	659	659	648	694	649	651	653	666	631	644	647	649	663	649	660	672	638	658	655	640	622	661	638	657	642	670	647	652	661	639	665	645	659	659	654	657	652	664	646	655	643	636	640	642	645	654	624	640	648	647	642	647	656	659	641	648	652	642	643	646	650	644	651	659	638	643	657	671	656	660	660	656	650	637	656	656	665	661	656	640	645	671	639	653	657	659	658	639	651	654	638	631	649	2503.093237
652	639	644	664	639	662	664	651	646	635	657	644	654	639	638	645	638	670	660	663	666	664	640	648	670	635	659	634	646	623	643	664	651	648	646	655	649	663	650	665	654	642	643	643	640	656	641	645	649	648	657	644	645	657	630	649	654	674	663	657	643	661	662	637	641	647	633	647	634	632	643	642	645	619	653	643	649	645	654	676	653	652	651	648	667	658	647	647	669	652	655	655	641	665	653	641	2504.7274
690	662	636	662	659	645	651	649	658	676	645	650	636	635	653	654	666	656	657	642	645	656	639	641	651	657	662	660	655	645	659	661	658	655	638	663	664	666	660	647	634	657	646	657	649	639	656	651	660	642	638	650	647	631	670	661	622	655	636	652	656	639	654	639	636	665	651	651	635	636	647	665	647	628	658	638	636	652	669	666	652	648	639	641	666	650	651	642	664	649	668	640	638	651	652	641	2506.361042
636	643	661	660	641	648	664	670	632	663	658	656	648	653	634	651	664	663	668	670	636	669	668	657	656	652	653	638	642	647	669	636	652	652	641	653	643	656	646	651	647	654	660	643	650	652	647	649	645	663	636	647	640	666	644	653	641	656	666	648	640	666	655	665	639	648	642	629	654	651	663	651	652	673	648	655	637	668	665	648	659	641	664	667	648	656	635	633	625	660	653	616	649	641	637	649	2507.983695
661	631	665	635	639	652	662	659	676	651	640	648	671	675	638	649	659	658	651	637	652	649	640	646	648	659	647	643	637	665	677	641	646	660	665	659	630	657	668	658	647	655	656	670	643	681	632	644	664	642	662	658	673	655	655	662	668	652	662	640	649	654	663	651	643	662	631	638	625	637	670	648	648	625	651	638	667	646	678	639	651	643	653	652	643	639	652	669	664	666	662	675	675	637	624	663	2509.616297
643	640	646	684	663	652	646	661	654	655	628	657	643	621	652	682	652	657	660	647	662	633	637	654	650	664	643	623	658	637	660	655	656	645	653	645	663	645	637	645	640	649	665	644	668	652	635	647	642	637	651	629	631	633	647	648	660	629	636	670	661	632	655	633	639	643	644	657	670	671	650	657	659	653	637	647	627	664	672	643	655	665	644	637	652	653	650	638	641	641	673	657	640	665	652	648	2511.248379
636	660	661	654	672	638	662	646	663	667	668	651	648	664	659	646	661	654	652	655	641	635	654	660	621	651	651	645	649	644	668	661	652	634	660	649	663	662	651	655	666	657	659	662	652	661	659	645	642	645	643	642	659	658	654	634	666	656	640	654	639	647	654	657	652	665	657	643	647	638	659	644	641	641	628	629	629	654	656	667	639	652	644	656	657	643	642	669	661	656	659	642	662	649	658	658	2512.879939
659	659	663	640	659	656	645	648	656	644	663	653	641	646	653	666	671	643	659	636	649	632	620	669	657	646	639	643	634	638	646	642	649	652	653	647	652	676	648	649	658	652	643	663	657	658	659	651	661	643	665	654	635	670	662	663	646	676	668	651	638	657	657	653	652	629	636	642	638	647	673	643	652	665	640	637	644	657	655	643	645	637	631	651	650	647	649	640	658	655	664	645	627	652	648	641	2514.500526
656	655	672	661	653	653	664	646	616	664	662	665	637	641	638	652	649	675	635	637	663	637	641	651	647	653	654	651	643	655	674	632	663	649	660	674	645	656	653	647	662	643	659	658	654	652	655	644	652	653	652	643	633	654	656	660	650	661	653	658	656	636	651	647	630	650	627	644	661	660	639	645	645	660	648	622	643	668	671	662	659	662	651	669	671	652	651	641	621	653	652	654	652	651	641	638	2516.131049
642	644	668	662	688	660	677	653	650	667	658	643	640	644	648	643	672	631	692	680	644	641	658	644	632	650	645	651	634	649	634	632	642	643	630	631	616	652	630	657	646	669	653	625	651	651	634	644	665	649	656	666	653	653	643	663	650	670	661	650	612	666	651	638	674	637	642	639	644	656	665	676	655	645	630	669	636	641	648	656	658	655	649	636	646	638	638	639	662	644	662	643	660	665	641	639	2517.750605
645	648	655	658	650	661	668	653	691	665	662	639	645	651	641	637	649	674	655	651	669	639	634	655	653	661	649	651	668	647	642	634	647	644	655	648	660	665	644	649	646	635	638	628	657	642	660	620	663	641	631	661	654	628	652	664	650	649	650	652	642	656	650	659	637	640	650	652	657	662	666	630	670	638	646	646	648	644	644	649	655	681	646	640	655	647	656	640	638	657	634	651	654	665	638	659	2519.380092
647	663	651	637	652	633	658	653	655	657	658	655	623	656	656	646	663	632	633	650	658	645	648	672	669	637	652	639	661	655	630	650	629	628	648	634	655	643	633	666	652	642	671	642	637	653	660	632	647	667	663	663	635	664	650	638	669	638	656	653	636	634	635	634	639	657	646	649	644	653	652	653	647	637	640	638	637	638	654	663	656	632	661	660	639	632	662	645	658	632	643	651	652	647	653	634	2520.998619
646	652	668	649	649	662	657	664	672	665	644	658	636	648	649	662	656	679	659	630	667	646	646	644	637	645	614	653	633	647	635	654	672	645	655	666	624	647	668	654	654	647	654	643	666	658	649	659	652	657	641	638	627	632	654	642	665	654	659	665	636	648	636	648	669	650	647	644	651	644	648	648	648	659	631	632	667	649	671	645	642	668	651	662	648	646	642	624	645	669	674	637	653	653	640	662	2522.627071
666	662	637	662	660	662	675	639	658	656	656	651	647	641	628	650	649	637	663	664	650	631	639	648	656	620	640	628	618	644	650	650	633	639	648	645	652	635	661	655	652	651	642	645	664	648	646	650	645	644	642	648	653	642	660	640	633	652	637	650	628	643	646	646	659	653	640	638	638	636	629	635	648	651	655	633	630	646	640	648	647	663	651	660	637	634	645	633	640	629	634	627	642	641	644	640	2524.244569
652	656	641	654	651	636	648	643	658	646	656	650	627	636	619	675	635	623	654	636	654	650	627	646	643	657	631	651	652	639	646	642	655	652	647	640	652	654	661	644	649	649	641	636	673	637	636	638	641	654	616	648	645	646	644	641	651	673	640	650	650	618	639	642	651	640	642	650	642	639	637	647	637	656	629	630	666	636	652	650	644	634	652	645	654	649	631	665	630	624	656	652	634	652	657	622	2525.861556
651	652	641	633	644	629	653	641	655	648	664	623	644	649	627	639	652	642	635	645	652	658	657	643	656	652	638	636	628	653	634	659	647	623	661	636	630	668	641	659	649	651	640	633	661	638	628	640	637	626	628	655	633	640	639	624	626	665	644	651	645	644	621	640	630	638	635	664	636	621	654	643	627	650	629	652	635	654	643	651	627	642	666	649	645	641	635	635	638	649	641	657	660	617	645	634	2527.478031
636	629	646	640	653	645	651	645	649	651	646	647	629	630	642	658	647	644	636	658	644	646	631	628	622	647	647	648	630	632	634	652	666	644	655	639	652	642	662	659	653	628	645	626	658	657	642	635	622	629	624	646	645	618	653	642	633	640	624	648	643	644	631	635	627	637	638	642	639	635	624	638	621	649	617	621	639	639	631	657	638	649	627	663	653	642	628	658	643	626	642	625	647	639	652	638	2529.093994
633	644	633	652	638	639	638	647	638	648	658	641	646	639	627	635	672	646	633	627	650	656	651	638	627	634	645	641	641	650	638	645	629	641	628	640	651	631	650	654	644	643	641	633	651	604	623	641	637	635	647	628	638	652	641	635	634	630	630	642	633	631	621	646	634	635	629	648	626	633	635	638	631	644	636	620	639	618	636	644	621	630	656	626	646	621	640	639	648	640	656	641	621	637	633	653	2530.709446
643	632	653	651	667	650	630	654	641	647	655	641	643	634	635	632	660	634	626	645	634	655	628	647	667	646	621	627	620	641	641	642	624	628	631	645	633	642	649	644	660	644	651	646	634	639	656	645	638	631	635	648	649	635	627	621	638	627	644	652	616	618	618	642	635	635	661	631	640	633	640	650	649	643	625	641	638	625	628	637	647	638	637	631	628	655	629	620	622	624	631	643	647	636	639	640	2532.324387
639	634	632	652	640	636	669	641	649	654	644	617	621	632	622	657	638	636	642	636	649	643	632	625	617	645	639	656	643	642	641	625	618	627	631	624	640	630	633	652	632	635	647	644	620	641	634	641	644	631	651	646	643	636	632	652	635	615	628	657	633	643	634	649	626	622	635	652	624	632	630	635	614	617	647	643	633	667	636	640	636	633	632	633	631	632	629	631	634	630	625	642	636	635	614	631	2533.938816
653	640	636	622	648	649	651	622	648	634	650	652	623	637	647	649	638	646	647	628	647	625	620	638	636	648	623	643	643	630	620	623	632	629	627	645	636	637	660	652	643	650	636	649	640	638	635	619	632	640	628	638	638	622	644	626	610	617	647	644	630	631	624	650	627	624	625	629	645	629	654	627	644	631	635	639	637	620	664	644	633	640	644	630	627	618	621	626	623	646	632	643	645	638	636	630	2535.552735
618	627	651	646	628	627	642	666	647	628	646	629	649	651	650	652	634	653	644	666	659	634	652	627	639	629	646	681	638	644	636	662	641	632	645	644	654	644	620	628	638	639	629	620	641	642	662	632	635	620	652	624	639	644	645	634	658	646	625	646	623	639	639	638	630	638	635	660	628	647	651	628	619	637	655	651	635	625	648	631	633	656	624	626	642	623	638	630	637	655	624	643	634	647	628	617	2537.166144
651	654	654	641	637	616	635	659	662	629	637	667	629	655	625	663	617	635	671	645	637	641	635	640	656	633	644	3000	637	629	642	634	640	622	640	627	632	638	624	642	632	662	641	658	637	628	638	652	643	645	642	652	647	648	640	650	653	647	645	646	645	626	635	652	639	636	654	652	637	667	642	655	654	646	629	636	641	637	645	646	656	646	634	656	641	633	642	643	632	621	632	638	634	665	640	640	2538.779043
642	639	629	658	612	654	661	657	636	653	649	646	633	647	638	652	646	660	664	623	627	625	628	641	634	654	644	2772	651	644	653	629	633	664	655	641	639	628	653	652	635	631	654	681	642	641	645	639	658	641	637	640	641	624	642	652	641	641	647	634	639	625	637	635	640	630	630	630	651	641	643	638	639	638	634	659	626	639	668	649	647	657	634	639	653	612	640	635	637	636	643	649	649	618	651	638	2540.38103
629	652	650	635	655	630	652	661	644	649	646	643	650	628	639	662	658	634	652	636	643	632	635	629	636	634	639	630	642	636	642	673	621	649	638	646	655	650	637	641	623	638	644	640	646	641	633	654	653	640	627	623	637	636	643	652	630	642	646	672	613	627	635	641	638	628	651	643	652	635	637	622	640	636	637	661	661	670	647	635	648	631	645	645	624	639	642	628	632	636	661	646	640	640	635	671	2541.992913
644	664	659	664	637	633	655	648	661	659	644	649	656	638	663	652	659	636	645	657	648	642	645	660	640	657	624	659	640	639	635	636	656	640	647	644	635	654	643	654	667	644	637	668	621	645	652	641	637	645	654	645	638	666	640	636	626	665	650	628	633	635	655	647	666	679	624	645	634	655	619	641	660	634	619	642	648	660	659	639	653	619	629	654	636	642	634	648	642	641	634	642	615	636	646	640	2543.604285
671	649	644	615	639	625	652	659	635	650	648	633	644	658	638	641	647	646	663	634	652	624	632	647	624	634	636	648	644	631	637	641	630	632	636	639	627	645	659	654	597	634	669	647	651	674	635	635	626	614	649	638	645	650	663	650	656	640	641	640	631	651	635	638	658	641	622	631	649	624	634	661	629	668	631	646	646	658	631	644	667	635	639	649	628	652	647	647	642	663	636	642	627	609	649	643	2545.204758
672	646	645	639	656	672	657	651	665	648	655	646	638	637	621	662	658	635	650	638	642	639	647	649	648	643	622	640	624	652	646	638	642	654	663	643	646	659	641	623	635	647	645	634	630	639	647	639	645	645	632	624	663	637	626	646	645	643	650	655	634	648	635	631	645	625	640	627	626	636	662	628	635	639	640	639	625	668	662	649	657	638	640	655	645	640	653	623	626	628	648	651	638	650	646	616	2546.804728
642	627	627	638	643	638	644	638	640	661	664	665	650	644	658	657	660	665	637	651	641	648	640	631	644	616	650	651	656	650	639	648	635	641	638	655	639	648	652	653	637	628	652	645	625	644	633	631	648	624	625	647	633	650	637	629	650	645	638	661	650	653	649	650	644	645	642	630	650	670	634	652	636	639	645	639	644	636	634	647	649	639	657	647	629	635	622	637	650	653	656	660	618	635	622	659	2548.414581
631	655	666	644	647	644	637	652	652	656	619	630	636	649	643	648	647	650	646	658	663	666	635	628	652	651	641	651	639	641	636	630	635	623	639	653	640	648	660	631	653	665	640	634	630	673	629	645	670	629	653	632	635	618	643	623	632	638	649	663	633	665	618	636	650	638	634	639	629	645	667	652	646	648	642	630	635	628	645	652	656	643	647	657	657	639	634	660	651	620	635	638	636	621	650	634	2550.013543
643	644	636	628	621	644	653	646	656	656	665	669	617	658	621	647	653	624	650	643	647	644	632	666	639	665	645	661	643	644	640	628	649	651	629	642	645	672	623	663	642	672	650	629	629	639	661	641	661	650	636	646	608	649	638	650	627	643	653	639	639	642	635	644	620	651	619	645	636	623	633	637	622	647	653	621	641	656	658	639	628	651	667	643	643	629	614	651	624	649	654	630	641	657	636	651	2551.612004
627	649	659	627	661	649	635	651	656	636	663	630	636	623	639	661	639	633	651	656	635	630	631	649	624	641	629	645	652	640	633	643	632	632	644	628	634	636	638	644	637	630	644	652	651	635	616	639	651	643	657	630	637	647	665	650	629	650	637	648	643	646	633	624	639	657	636	642	643	645	646	649	648	655	631	624	654	639	637	637	640	642	661	639	656	615	645	624	662	656	626	632	625	649	653	650	2553.220339
655	637	647	653	642	635	645	662	653	633	633	654	624	625	641	630	640	645	647	641	651	621	634	650	646	641	630	637	647	635	635	634	628	653	613	629	648	650	631	640	638	640	645	638	631	647	636	628	629	629	634	626	656	653	634	603	643	650	649	653	625	638	623	644	622	642	624	627	642	616	626	611	642	627	635	636	645	651	657	646	636	642	625	623	621	622	618	636	632	646	647	637	654	639	626	645	2554.817794
642	675	650	644	633	644	638	641	639	610	641	620	649	636	608	634	650	650	640	645	639	642	646	620	618	635	635	647	629	647	645	626	633	633	624	622	630	634	628	642	635	631	641	646	633	650	661	638	623	633	634	632	651	632	628	629	644	648	643	645	617	632	656	625	651	620	643	647	628	647	638	640	625	623	641	644	633	633	657	639	653	622	638	632	630	643	629	624	636	640	623	652	634	614	670	642	2556.414748
640	618	622	636	631	614	640	668	636	641	637	637	636	614	616	647	645	666	632	639	629	636	639	616	637	631	620	652	633	634	642	643	646	640	635	636	628	648	662	633	630	643	648	648	628	649	643	643	656	639	617	637	640	646	647	639	638	644	627	638	652	637	634	629	628	636	649	638	640	631	639	636	620	630	625	631	636	626	622	655	643	627	634	617	618	636	622	624	630	616	626	632	616	649	621	629	2558.011201
630	629	640	631	640	635	647	647	651	622	644	629	640	631	641	629	637	644	630	629	671	621	625	619	638	636	633	629	631	639	637	642	651	657	643	657	636	637	633	632	625	626	622	641	606	638	631	631	622	614	640	635	626	625	603	639	622	621	610	637	614	639	613	627	637	616	627	646	641	633	645	625	634	618	627	627	648	639	653	639	661	626	629	614	631	630	642	642	650	642	632	626	633	640	677	634	2559.607154
625	634	624	623	638	642	642	630	643	631	628	621	609	627	635	618	654	635	635	630	640	636	657	621	629	616	615	627	636	644	634	648	642	641	648	630	624	624	645	638	629	636	652	637	639	637	635	650	623	623	632	619	630	620	633	628	618	649	644	639	638	631	621	629	629	643	626	629	626	631	631	636	630	619	635	630	638	620	614	632	632	644	624	642	644	632	625	625	614	637	629	632	637	627	637	634	2561.202607
623	642	637	651	634	621	646	626	624	648	645	628	610	616	624	648	623	639	642	658	669	636	595	629	653	644	630	653	638	633	648	642	640	636	635	629	626	644	630	640	628	643	620	634	645	628	616	647	647	632	641	639	647	615	644	639	630	628	621	618	636	629	637	633	641	637	650	642	629	652	620	624	637	612	607	649	630	623	638	634	636	634	631	652	650	642	623	657	641	627	644	644	621	638	623	646	2562.787204
641	628	636	614	639	652	636	641	638	631	631	654	618	642	614	648	637	626	614	635	646	618	638	645	636	626	628	641	628	655	620	619	628	646	617	630	654	643	647	617	645	614	624	645	649	614	623	627	630	623	630	656	616	624	629	644	625	631	629	627	635	628	619	631	616	617	641	641	634	622	614	630	652	642	620	639	610	618	629	650	657	618	645	633	614	631	629	650	644	628	624	642	623	629	628	632	2564.38166
639	649	628	640	638	638	650	638	636	643	651	633	634	637	624	635	660	638	653	634	630	625	628	614	619	644	617	633	632	632	631	655	627	624	653	618	636	639	647	644	633	645	650	616	631	642	614	632	630	641	629	620	643	627	630	635	629	626	635	640	627	632	643	612	622	653	651	648	625	638	637	639	666	621	624	638	648	647	644	629	641	628	650	628	628	639	644	626	627	643	640	632	635	647	628	635	2565.975616
637	633	651	642	634	613	641	636	625	644	637	635	624	627	646	635	660	620	650	650	649	647	631	648	609	642	632	628	649	645	638	629	647	649	632	626	662	627	651	635	626	633	605	643	633	635	634	652	640	621	623	648	636	651	632	614	653	648	643	639	636	620	640	622	633	650	636	619	646	621	651	638	630	631	626	627	639	657	673	632	635	632	633	633	640	658	651	649	643	636	617	637	641	627	618	647	2567.558728
629	636	629	639	656	632	636	633	634	635	635	629	637	655	637	635	635	629	629	632	654	619	645	642	628	627	640	634	638	650	635	626	634	625	623	626	642	628	638	631	638	647	626	648	629	644	631	613	623	625	640	644	647	624	640	630	644	647	640	614	632	630	632	636	648	640	644	633	625	647	631	637	633	626	634	632	637	618	648	649	641	629	631	651	654	621	624	637	626	633	640	648	651	629	631	642	2569.151689
637	666	650	637	639	639	648	635	644	639	638	610	638	651	658	638	634	644	643	634	641	652	614	645	648	631	642	634	644	643	635	633	621	631	639	649	646	643	644	634	610	621	635	651	628	661	641	624	653	643	624	623	653	635	623	662	639	650	641	623	619	650	642	636	629	633	657	639	620	626	634	657	608	636	634	630	630	634	650	627	636	640	636	624	626	628	640	631	647	633	648	647	614	616	632	625	2570.733812
652	646	646	657	648	640	638	647	651	632	645	638	623	617	635	653	661	645	642	649	630	643	638	636	621	623	642	652	659	637	640	648	626	650	645	642	661	645	667	642	628	628	625	641	663	629	651	634	649	639	644	644	635	631	624	637	644	641	641	660	624	633	643	629	624	653	636	621	640	647	647	642	639	657	656	627	631	632	646	633	668	626	668	622	631	630	633	633	618	635	624	627	637	626	625	667	2572.325779
667	635	632	653	650	630	645	652	618	640	631	639	628	626	643	650	640	644	648	644	654	654	648	630	639	631	626	650	645	628	649	642	641	648	642	648	648	642	647	656	638	625	641	658	657	638	644	651	645	634	628	647	632	646	635	633	634	640	627	651	626	635	630	627	646	631	639	629	636	659	635	652	646	648	648	635	643	639	633	651	638	645	636	653	637	640	638	646	634	640	643	634	616	645	627	631	2573.906915
653	651	640	631	644	643	633	617	648	647	647	637	636	626	640	638	647	641	648	631	634	623	646	649	635	645	625	646	627	649	648	649	628	639	630	632	649	660	644	635	633	637	646	642	635	640	654	641	642	626	612	650	629	644	622	637	627	637	635	636	637	624	639	636	624	614	626	620	622	653	637	625	617	631	654	647	629	648	641	655	656	613	639	641	657	639	614	659	624	638	616	612	638	622	625	628	2575.497888
639	629	627	619	638	632	640	638	642	638	653	651	620	645	623	658	655	636	651	638	618	648	627	634	621	632	627	627	630	628	626	643	633	646	648	653	639	629	635	651	635	626	647	633	656	626	633	643	651	635	641	637	634	648	628	635	633	631	645	626	666	623	618	643	633	623	632	633	627	629	631	663	646	646	645	635	632	621	654	619	639	635	642	654	634	633	649	632	631	636	649	646	626	622	627	616	2577.078038
629	623	629	649	656	638	648	632	652	645	629	645	627	637	642	637	651	637	643	654	665	637	627	638	630	619	638	648	641	649	634	627	632	645	645	615	628	630	631	645	639	658	642	629	641	635	628	647	626	646	651	636	648	626	659	642	642	634	633	631	630	646	652	634	641	659	645	635	660	647	639	615	628	642	642	657	632	646	619	626	635	627	617	636	654	639	639	647	631	636	634	667	627	648	634	633	2578.657696
625	645	632	621	660	651	613	641	636	634	662	631	635	640	628	665	645	656	643	624	648	644	623	651	635	630	636	649	638	642	634	633	629	627	643	636	639	641	646	596	638	651	648	650	641	628	649	631	644	647	642	626	624	643	626	622	636	623	655	653	636	623	666	640	640	632	633	647	611	621	626	633	656	639	641	665	627	645	644	641	642	638	651	626	621	639	633	625	630	628	612	629	630	626	657	642	2580.236863
642	614	621	638	628	649	651	628	632	629	630	658	628	628	653	621	640	640	649	638	660	648	633	636	639	638	656	628	627	639	607	649	634	649	625	643	646	647	645	641	622	629	620	636	663	646	635	653	616	614	617	620	638	638	636	631	639	634	621	654	645	633	622	618	632	636	628	623	636	634	610	643	659	623	632	634	653	634	632	652	637	628	632	628	623	649	639	626	650	633	642	623	635	629	639	624	2581.815539
622	637	638	641	640	638	601	636	634	637	651	636	617	652	619	635	633	617	629	625	623	633	626	636	605	643	629	632	638	626	644	630	614	604	630	612	620	610	639	637	641	640	636	642	631	629	617	616	647	619	634	631	630	627	635	632	623	637	639	625	610	650	643	623	627	614	631	619	638	644	636	637	611	638	627	641	612	630	615	644	641	656	631	633	631	622	645	605	628	612	636	637	636	624	629	616	2583.393725
655	633	611	626	628	624	664	635	627	646	644	631	614	626	613	645	633	633	628	639	639	620	631	639	622	626	613	625	640	631	622	650	627	653	617	633	645	626	635	640	617	637	624	623	629	649	649	634	639	621	638	633	648	626	638	632	635	649	615	630	613	640	631	620	633	648	644	621	620	610	636	631	625	644	632	621	614	632	632	617	613	642	642	615	627	629	634	651	616	627	645	635	632	607	623	628	2584.97142
624	631	609	620	627	631	623	606	626	639	627	642	620	619	657	627	629	628	645	630	626	629	618	615	645	635	637	612	626	618	648	627	628	611	615	613	625	605	623	616	632	646	609	639	629	630	631	627	619	631	622	641	629	630	627	619	621	640	624	626	635	608	621	630	648	614	641	632	618	603	616	623	629	647	642	630	635	653	626	627	638	633	612	641	638	608	624	632	612	619	610	632	623	634	606	617	2586.548625
642	645	620	642	608	634	642	650	655	637	638	630	609	644	618	631	635	656	638	628	660	630	634	645	624	623	647	652	632	624	631	634	641	626	620	639	631	633	629	634	616	617	644	620	634	639	624	625	636	636	635	623	635	623	627	637	628	625	615	616	631	608	626	641	621	632	633	619	609	613	629	627	640	631	640	629	617	631	646	623	613	625	646	651	626	626	622	631	633	619	637	618	636	623	619	641	2588.125341
623	629	621	640	645	624	610	626	641	611	635	631	648	618	627	632	638	623	623	630	617	635	633	640	621	602	624	599	625	617	633	618	607	625	619	626	629	614	620	615	619	629	620	628	642	626	619	641	624	618	632	606	609	620	621	621	616	635	644	629	651	626	619	631	617	642	612	634	633	630	629	622	605	620	626	605	618	636	637	615	636	615	624	634	617	624	621	602	637	618	614	635	643	640	623	629	2589.701566
613	617	640	627	626	645	633	630	651	633	634	621	628	620	628	625	638	627	632	613	618	643	640	624	616	622	637	627	617	624	632	630	624	633	628	627	627	635	637	625	616	644	632	627	633	639	622	620	640	628	621	634	645	621	621	631	644	624	632	613	618	626	642	607	588	619	639	612	625	618	643	618	640	630	638	624	638	619	623	648	623	625	603	631	621	620	623	613	612	623	612	627	637	629	634	619	2591.277302
623	615	649	628	620	624	622	636	612	622	635	637	622	614	620	615	617	631	642	613	620	606	627	649	624	611	612	626	631	620	615	609	622	634	611	614	610	625	636	627	614	604	625	623	629	624	615	630	615	614	613	606	640	612	616	615	629	610	619	627	625	616	614	644	613	610	603	632	595	620	618	632	630	663	626	619	630	629	625	609	641	632	610	636	640	624	633	618	632	626	613	632	623	623	622	627	2592.842255
628	627	624	623	627	617	616	636	668	638	619	653	617	625	621	635	626	641	629	625	629	638	626	603	620	626	634	628	645	635	632	646	626	639	594	638	631	622	640	626	644	643	630	628	640	615	610	638	639	619	611	616	613	632	639	623	645	642	627	630	620	630	630	634	621	631	645	622	618	614	631	638	614	611	620	638	628	612	613	640	630	623	622	620	623	602	632	637	650	636	612	631	624	616	612	606	2594.417016
623	631	601	627	645	625	631	629	642	636	634	619	637	607	626	622	634	636	638	637	624	631	620	623	643	620	640	623	621	632	614	627	603	629	627	618	626	618	625	638	620	616	640	617	646	600	624	616	626	617	621	637	623	604	625	634	611	628	646	630	617	615	624	631	617	632	594	615	617	619	633	613	615	633	613	619	612	641	631	628	633	626	638	642	642	613	616	630	639	634	619	629	617	629	613	613	2595.981001
627	605	628	641	649	620	624	641	641	637	652	637	624	625	629	628	621	631	619	624	627	636	622	617	642	649	618	639	624	624	624	604	625	623	606	626	622	623	630	622	612	620	630	617	634	617	627	616	620	620	627	635	611	599	648	626	627	621	601	624	615	622	611	621	614	628	612	612	642	630	626	627	622	627	619	621	614	640	606	623	625	633	614	630	641	628	607	636	602	632	620	629	604	623	625	629	2597.554788
637	623	633	631	644	622	628	649	618	631	623	609	644	618	623	631	646	637	619	625	620	621	621	625	615	618	631	638	636	599	635	625	634	636	625	637	633	638	635	611	631	622	632	629	631	635	622	625	638	608	620	620	622	634	608	635	628	641	634	622	628	620	621	625	633	613	606	630	649	627	639	626	626	620	619	610	620	614	626	630	640	627	624	622	621	627	608	655	607	636	644	634	633	630	611	609	2599.117806
633	629	630	634	632	615	644	624	639	631	646	622	637	605	617	630	613	615	620	601	639	616	604	628	615	639	644	635	618	641	622	641	642	627	604	609	631	606	623	611	627	644	629	633	623	622	623	624	636	619	621	623	623	631	631	610	630	600	610	605	626	611	651	608	629	621	628	607	597	635	627	638	610	652	628	652	633	632	639	628	616	634	614	652	621	634	625	618	633	621	629	635	631	631	606	639	2600.690619
624	643	627	624	625	627	644	625	643	627	636	636	620	602	632	635	648	646	621	627	642	605	620	641	622	612	624	641	612	618	630	626	642	643	611	635	620	635	636	616	604	634	627	634	621	641	633	643	628	628	623	636	622	633	646	634	616	631	617	640	624	621	628	634	614	621	617	630	640	608	635	644	629	604	629	629	632	625	664	648	626	635	622	623	631	621	607	620	618	630	636	631	627	639	643	624	2602.25267
620	639	646	638	637	616	631	620	641	624	627	644	610	632	638	641	636	639	634	625	648	604	636	626	625	627	621	631	641	628	652	626	612	631	638	647	636	625	618	621	640	613	624	634	642	628	650	633	638	641	641	632	632	629	630	623	633	634	636	652	631	629	628	645	636	630	635	614	638	627	616	637	635	664	628	598	632	629	629	624	630	643	640	642	617	616	623	636	643	618	638	630	632	629	643	637	2603.81424
659	642	617	637	623	646	650	636	634	623	644	627	625	633	622	650	646	644	622	628	613	624	634	623	622	634	616	603	613	631	631	627	642	618	629	617	648	638	629	622	623	638	619	628	619	633	625	622	629	642	651	649	631	641	620	627	631	633	623	622	621	627	635	639	625	629	616	627	620	629	634	632	642	641	633	633	629	624	626	614	627	625	626	650	635	638	645	620	622	630	640	629	619	623	626	635	2605.375329
597	642	621	616	654	634	630	641	642	636	636	625	640	644	637	627	618	639	623	643	618	634	653	635	615	626	644	631	633	632	649	632	641	632	634	638	643	615	629	634	653	635	638	638	639	617	632	640	622	636	623	626	629	614	642	603	629	614	632	651	606	639	628	617	629	633	625	615	647	654	628	641	629	625	631	635	637	645	652	637	626	632	638	623	629	641	625	652	630	630	621	616	648	625	617	627	2606.935936
617	649	633	613	628	623	635	636	618	632	640	642	628	640	618	625	638	641	634	639	653	617	609	622	637	627	627	625	638	656	627	629	645	634	632	641	620	638	649	646	634	624	626	656	617	636	635	623	620	611	639	621	625	627	638	624	613	653	620	627	601	612	625	622	615	628	621	626	615	618	639	631	628	649	624	622	639	609	622	635	648	640	624	626	620	637	625	628	622	629	633	651	631	615	619	634	2608.506326
625	622	633	614	631	643	644	672	625	633	624	644	640	614	641	637	644	620	646	637	635	615	617	638	635	646	624	641	642	632	631	637	643	627	641	645	648	637	624	630	650	608	625	643	629	620	642	631	624	627	630	629	645	628	624	630	642	628	628	625	624	615	617	650	630	620	619	634	631	638	628	613	648	628	622	621	617	619	641	641	631	649	633	624	643	624	629	626	634	639	641	636	643	643	644	641	2610.06597
634	632	626	625	631	608	638	635	639	630	634	647	635	636	630	629	633	620	633	609	627	639	632	606	598	629	619	625	640	613	624	616	621	631	629	623	634	626	629	628	646	622	633	623	618	610	623	633	629	633	634	649	630	603	614	630	613	641	617	630	627	622	617	630	646	639	624	605	637	642	651	627	602	624	628	637	613	617	622	626	661	628	640	641	600	614	614	641	621	646	625	636	635	621	647	634	2611.614877
633	610	620	610	644	636	638	637	631	634	630	623	631	637	613	617	619	635	622	626	615	618	625	631	629	622	639	640	638	637	616	628	617	623	637	631	634	623	619	616	637	622	639	607	612	614	624	624	639	626	623	632	623	630	639	645	594	625	619	631	627	626	632	633	635	615	622	629	631	611	629	643	637	613	614	627	622	624	631	615	608	631	638	629	610	646	616	631	625	632	629	620	627	636	635	640	2613.173564
621	626	613	641	623	637	635	613	645	649	632	627	605	596	609	636	633	630	625	630	617	620	617	625	622	615	626	618	627	624	644	639	619	631	631	647	615	613	631	620	618	628	620	634	626	626	610	606	627	615	614	612	626	621	651	619	636	633	633	630	623	614	636	629	646	612	600	619	622	622	622	627	638	623	613	635	626	626	659	610	639	635	621	650	631	625	629	624	631	635	624	623	626	628	617	603	2614.731771
627	608	625	616	656	630	624	635	641	629	628	624	626	623	620	631	620	620	628	625	630	625	620	626	652	618	623	615	647	628	629	624	624	600	614	616	643	635	620	626	642	622	628	624	617	635	615	627	626	636	627	618	622	597	631	594	641	638	623	626	622	628	620	636	637	592	624	634	648	612	651	628	614	621	630	626	631	617	614	633	620	609	642	622	624	618	622	645	623	622	618	634	647	611	620	623	2616.289498
626	606	625	628	619	613	627	647	633	646	632	635	606	604	613	604	628	629	624	631	625	619	624	627	624	616	622	621	623	617	623	633	615	628	638	627	622	627	619	618	627	636	634	622	623	615	621	623	628	619	655	612	619	630	637	624	602	629	627	640	636	610	631	621	610	626	604	618	631	623	629	604	641	645	608	630	628	608	627	619	615	627	626	623	636	614	619	622	616	621	613	634	616	607	627	622	2617.846746
603	635	619	621	604	644	614	626	636	616	640	648	623	610	626	634	624	634	659	632	619	631	630	610	628	610	644	606	627	634	611	617	626	613	627	603	641	625	619	612	604	630	638	618	626	625	615	622	612	607	615	627	633	613	606	622	626	618	621	612	608	624	638	623	630	610	625	609	623	625	608	614	608	584	614	634	609	615	593	626	621	631	623	633	610	636	625	614	612	622	614	635	641	609	611	614	2619.393275
616	643	641	609	622	627	640	609	618	626	645	634	609	626	601	614	615	633	619	612	602	614	622	618	621	626	612	647	644	605	638	608	625	608	634	617	617	631	621	614	624	624	636	631	628	611	613	631	641	600	605	633	626	631	617	617	628	621	616	624	613	607	610	613	618	606	621	614	632	609	621	614	607	628	629	605	608	628	622	625	637	598	638	622	608	635	621	618	617	623	604	613	641	620	618	627	2620.949569
628	628	629	635	624	631	644	608	625	613	645	636	627	612	634	598	622	622	618	641	624	634	611	625	615	609	613	626	630	622	624	630	624	610	626	605	630	612	612	617	604	624	613	625	616	614	625	608	617	614	597	625	623	622	618	606	607	604	609	616	623	605	614	620	610	619	619	615	620	613	637	621	635	625	603	626	630	614	643	634	614	596	625	611	624	627	626	628	613	633	635	640	616	633	607	618	2622.495149
614	615	629	625	633	624	656	605	646	637	629	628	610	615	620	616	623	628	614	616	634	626	618	615	633	620	613	637	620	620	617	635	605	624	611	615	630	624	635	636	633	628	615	622	606	626	621	624	620	598	610	623	620	619	629	627	632	620	628	624	623	634	605	619	607	612	621	621	611	612	625	622	628	630	626	626	635	611	620	641	634	606	608	618	611	622	618	621	609	629	611	617	613	618	640	625	2624.050489
636	629	643	623	616	615	634	626	624	635	635	623	608	620	611	602	630	602	609	606	622	616	629	606	616	603	612	626	632	636	612	615	637	602	612	637	629	612	616	626	615	616	639	622	612	615	642	619	630	607	617	621	613	631	604	633	628	640	633	623	648	614	596	623	603	595	607	604	621	619	623	615	625	605	635	613	626	605	622	622	637	611	593	621	627	604	633	613	610	625	628	607	622	617	606	639	2625.595123
628	623	621	632	644	613	612	627	631	612	614	637	625	624	606	607	616	604	623	613	627	626	592	625	615	619	610	609	630	608	616	623	632	636	632	617	614	607	620	616	618	599	619	639	629	616	619	647	614	621	631	630	647	631	625	618	620	617	645	645	630	628	626	635	625	610	614	628	601	607	598	626	620	628	611	611	609	623	642	589	629	628	620	609	623	607	624	643	610	636	612	624	622	615	623	622	2627.139284
626	639	612	623	621	635	617	624	635	631	633	618	611	611	631	635	614	631	631	619	612	612	627	603	625	617	645	628	610	626	639	623	618	633	630	622	631	614	631	624	638	608	625	641	620	637	594	632	627	623	627	628	620	620	625	607	612	612	629	623	638	609	620	622	626	609	607	634	601	627	615	621	636	625	628	636	607	619	624	611	625	613	637	634	629	622	617	630	639	613	616	631	631	633	618	621	2628.693196
611	618	616	633	626	625	633	649	599	623	644	627	623	590	620	619	628	618	629	644	617	626	620	624	626	615	626	624	616	605	622	616	613	612	629	631	617	618	638	613	603	626	622	624	622	636	629	622	608	616	623	630	624	608	648	618	629	618	606	615	610	616	615	623	637	628	616	619	637	628	608	622	614	609	610	617	626	632	625	638	618	638	618	624	592	584	597	624	632	627	619	617	624	613	627	635	2630.236413
630	622	611	613	617	617	641	626	644	636	622	630	617	632	627	629	645	615	630	632	626	632	608	636	621	618	595	642	620	615	620	620	616	620	623	628	609	609	633	635	622	630	613	615	635	631	620	623	613	625	616	636	617	626	605	619	617	639	617	623	618	613	621	617	612	619	613	602	612	621	623	612	643	619	606	615	618	632	626	642	648	629	634	609	624	597	612	614	613	618	620	616	633	627	604	611	2631.779158
608	624	622	632	622	622	636	618	649	620	621	634	602	627	617	639	660	628	608	620	635	634	610	619	631	647	637	640	630	619	609	619	607	623	626	644	628	627	611	621	616	623	607	634	650	617	630	616	614	615	618	626	628	641	623	615	618	617	623	625	628	621	622	624	612	602	644	620	615	610	641	627	615	619	616	615	609	635	651	623	605	627	627	643	633	615	623	612	623	625	609	624	617	637	632	614	2633.321432
636	641	635	617	611	616	631	620	629	624	616	616	631	622	616	645	643	615	627	616	638	625	630	617	615	627	612	615	632	606	629	603	624	628	617	629	640	628	603	627	630	624	629	613	619	630	627	628	616	630	630	629	589	631	611	609	622	608	621	615	625	649	614	636	610	616	611	651	610	617	625	630	615	632	619	631	628	618	632	631	616	607	630	612	636	618	606	643	614	628	633	628	627	615	615	622	2634.863235
638	647	632	618	593	635	637	625	629	623	629	622	618	620	617	633	632	630	619	629	630	617	634	629	624	623	619	620	629	635	628	609	604	631	624	619	634	633	607	622	612	603	632	633	649	626	614	620	616	615	620	613	635	613	634	624	607	616	617	634	623	610	624	608	603	622	635	616	631	625	606	611	631	634	635	628	620	615	619	633	609	624	610	615	610	643	628	617	640	604	623	633	620	622	634	613	2636.404569
613	619	627	641	624	630	644	634	647	635	630	622	644	628	614	627	642	649	629	615	631	616	633	620	645	625	607	620	620	624	624	597	619	621	623	625	624	641	609	618	625	613	620	627	626	623	632	619	621	609	622	627	619	626	641	629	611	623	622	628	613	616	603	622	634	614	631	595	642	626	608	621	637	637	614	634	620	625	623	641	628	627	614	623	599	609	630	612	614	618	632	627	617	618	622	624	2637.945432
634	636	625	620	629	609	647	622	616	621	625	632	634	625	630	638	637	629	616	630	632	636	637	610	619	624	683	615	628	639	607	611	629	639	618	645	615	621	652	617	618	617	617	631	619	615	628	609	625	600	601	596	600	630	646	619	618	617	615	634	626	622	624	628	605	614	636	620	644	610	609	606	636	645	614	638	606	635	620	626	625	626	611	633	616	622	619	626	634	649	633	619	626	629	637	643	2639.485825
631	626	623	629	614	617	620	617	628	638	626	628	645	618	605	632	636	634	632	644	623	639	631	629	614	637	637	628	635	632	631	624	629	624	648	628	612	637	616	621	609	649	641	623	623	619	623	620	643	631	604	621	628	625	620	643	632	610	636	631	613	638	609	616	612	627	609	629	631	619	631	611	610	619	620	615	650	629	635	615	615	622	616	639	631	605	641	631	612	612	630	620	608	616	650	631	2641.025748
615	625	649	633	632	599	636	612	632	616	616	623	620	618	610	621	626	625	622	627	620	610	640	620	603	617	629	632	622	612	626	649	619	615	635	623	627	644	635	621	629	619	618	633	609	623	615	629	629	619	620	622	621	619	630	631	623	622	619	624	622	623	607	625	597	634	614	608	599	632	613	613	625	610	628	621	610	606	635	626	610	628	623	628	625	606	618	632	613	643	629	621	611	613	617	642	2642.555008
632	619	629	640	628	621	608	617	627	637	608	624	638	616	630	634	620	623	621	630	641	607	619	613	610	609	635	626	615	649	638	631	635	636	621	618	605	613	599	627	623	620	650	609	631	619	628	634	615	602	629	614	633	628	621	607	616	616	625	618	624	621	607	619	605	626	611	618	627	622	621	604	601	628	615	637	624	624	632	631	629	627	612	637	644	623	621	621	630	622	621	637	629	614	602	620	2644.093996
615	618	627	611	627	617	608	632	632	638	623	625	626	603	625	641	607	631	616	634	608	629	618	618	606	621	617	627	623	621	623	618	614	615	606	622	622	627	615	621	621	625	634	628	628	623	621	622	613	618	613	628	610	621	605	615	625	606	631	636	630	616	629	635	616	615	636	616	615	621	605	630	629	614	616	609	626	624	618	609	649	624	620	606	634	622	603	613	610	614	630	626	629	634	606	632	2645.632514
616	622	623	646	616	631	618	630	628	625	603	605	621	603	629	632	620	621	616	635	612	630	622	621	622	606	615	654	592	623	610	600	617	627	607	626	627	621	632	612	621	623	620	640	614	611	610	629	622	626	612	633	620	628	636	612	626	618	619	616	626	627	627	614	622	617	625	596	623	643	646	619	620	629	629	644	629	594	632	644	610	615	612	619	627	615	608	632	613	625	625	621	629	618	610	618	2647.160379
606	615	610	598	617	633	636	621	644	637	639	620	621	604	616	628	626	634	624	628	614	613	636	613	618	615	638	590	608	620	611	620	634	611	626	605	625	606	633	626	607	634	622	618	612	632	631	622	621	615	615	621	616	616	618	620	632	627	610	621	606	617	615	608	608	632	604	613	609	621	586	634	602	598	626	619	617	624	649	622	618	619	635	611	623	594	606	625	605	619	620	627	605	611	627	607	2648.697963
616	617	623	610	607	616	617	615	612	622	628	637	620	634	610	624	620	631	618	611	616	622	603	608	631	601	632	600	622	632	638	621	612	623	613	636	624	612	621	599	616	604	609	619	608	617	626	615	618	616	614	627	628	624	622	617	613	637	617	607	608	609	610	621	614	625	600	604	614	626	615	610	623	610	589	617	618	622	611	623	635	620	590	621	611	610	616	603	618	611	612	636	624	616	634	616	2650.224901
602	628	622	608	617	650	612	617	619	616	621	616	609	614	609	601	620	633	623	607	613	618	612	620	613	596	613	617	630	612	608	606	617	618	609	607	627	646	622	610	632	605	625	613	628	613	624	632	598	618	633	629	633	641	618	614	611	614	624	607	611	600	611	623	622	610	594	631	613	626	640	614	606	608	616	606	614	621	635	639	610	619	594	621	607	626	589	620	601	616	636	608	611	629	618	624	2651.751376
623	610	616	622	621	597	631	610	619	612	612	618	612	605	607	642	642	614	602	607	612	595	624	635	612	604	626	613	635	613	613	617	604	607	619	619	603	614	612	621	621	622	624	620	623	610	597	600	615	613	605	610	612	619	611	638	622	614	609	616	620	606	626	620	603	620	616	628	611	620	610	624	601	621	614	629	617	631	614	623	608	616	624	600	593	626	622	591	608	616	605	609	629	610	609	623	2653.287562
601	609	611	616	616	613	624	626	625	622	623	632	620	597	609	617	636	628	616	615	605	618	613	604	610	618	607	623	604	615	635	605	620	610	601	603	609	614	609	611	617	614	602	621	622	622	587	608	598	617	630	624	608	595	617	600	590	624	579	605	615	588	591	619	622	603	606	631	609	619	620	614	613	597	611	619	611	614	611	633	604	620	614	625	628	593	632	612	639	614	609	614	629	627	609	617	2654.813111
602	601	611	624	596	623	630	608	615	627	625	606	603	613	619	612	596	610	630	615	602	621	611	603	625	629	609	617	623	611	615	616	605	600	617	619	607	620	637	602	630	624	619	626	593	626	603	618	634	600	607	619	634	622	609	624	602	607	616	617	619	614	616	632	615	611	600	612	621	613	619	605	619	620	611	597	630	613	607	614	617	612	646	614	609	633	599	606	626	625	624	614	617	620	609	624	2656.338198
609	618	633	620	613	626	627	615	611	614	630	636	607	611	616	618	612	605	636	623	622	622	602	605	607	615	612	596	626	609	601	611	616	589	619	629	615	614	620	619	623	602	632	618	615	637	604	617	585	611	602	605	609	609	625	617	614	614	617	627	625	606	599	618	610	629	594	600	615	607	607	607	622	586	617	624	611	602	630	601	628	627	607	592	601	603	615	639	615	608	627	608	625	605	608	619	2657.862824
617	611	622	615	618	629	613	632	614	629	627	611	622	608	609	618	629	619	636	609	608	618	617	605	606	616	630	610	608	609	628	621	617	621	619	618	630	630	631	622	633	610	611	635	623	612	614	611	611	634	610	624	633	608	612	611	609	613	632	616	605	620	594	619	616	615	608	615	633	612	611	627	602	620	626	613	617	613	614	608	621	607	620	618	614	606	625	604	627	619	630	632	610	614	618	601	2659.386989
621	616	618	622	613	620	621	627	624	619	620	615	614	609	618	613	622	612	617	635	627	608	616	608	621	617	618	609	613	613	606	628	606	607	612	615	625	620	639	604	611	621	613	619	627	618	607	614	598	630	578	600	611	606	631	618	619	628	613	619	609	631	610	613	624	600	619	616	621	603	615	610	616	619	606	620	639	620	615	617	641	623	613	622	598	626	609	608	608	609	640	626	603	612	610	632	2660.910693
614	583	632	616	615	615	633	624	619	622	613	620	622	611	604	637	624	632	623	605	607	619	632	591	608	642	616	632	610	612	624	610	617	614	627	623	608	622	617	626	623	619	620	632	608	612	601	631	632	604	615	605	629	601	626	603	624	604	646	637	607	606	606	622	611	593	625	633	619	612	594	609	601	627	609	619	603	606	625	634	647	618	636	611	617	617	623	613	610	615	629	600	645	627	626	596	2662.433937
618	618	630	615	629	609	628	615	649	622	620	621	607	633	620	626	627	626	620	633	607	634	603	607	619	653	620	598	612	624	631	613	619	614	617	622	613	620	605	640	603	610	609	613	624	635	596	619	630	615	646	605	617	629	619	622	627	613	619	623	618	613	625	612	614	618	620	602	614	612	622	633	617	611	616	640	598	638	626	603	627	622	619	620	614	619	623	625	607	633	644	634	617	623	628	600	2663.956721
628	642	608	634	636	627	627	607	629	624	631	622	620	619	628	628	628	632	627	598	618	648	623	605	614	643	609	625	630	628	616	618	625	603	640	630	632	624	621	632	632	622	622	622	631	618	635	621	618	624	640	618	612	612	618	636	635	602	615	624	606	652	602	620	625	630	613	641	634	611	619	625	621	627	619	629	630	601	631	625	629	635	626	616	616	621	628	641	639	626	630	610	603	612	626	618	2665.479044
615	625	618	652	611	625	650	616	610	632	618	628	629	611	621	620	629	614	638	619	623	610	636	623	621	625	626	603	618	634	622	616	634	626	617	631	639	620	614	618	608	626	626	640	610	636	623	620	617	624	619	617	625	604	626	609	604	626	617	619	614	620	623	628	628	638	612	623	604	630	604	618	613	615	607	628	623	621	618	620	614	623	618	623	627	614	612	605	620	617	627	621	627	618	633	620	2667.000907
628	621	623	602	630	637	626	629	621	617	632	639	616	632	621	641	636	627	640	632	625	598	615	602	607	641	629	595	630	621	614	618	601	630	621	626	615	631	642	621	628	616	631	625	641	627	608	620	634	631	606	618	620	609	620	613	616	607	619	639	618	606	597	628	621	600	604	613	604	618	595	624	630	608	604	631	604	632	609	629	610	612	619	630	597	622	625	628	636	601	624	597	614	611	606	633	2668.512169
623	626	610	633	624	627	628	632	637	629	635	636	651	607	622	631	629	617	619	606	627	594	617	614	639	621	601	623	622	616	618	604	610	620	626	622	628	631	613	601	617	627	630	631	618	631	615	612	628	638	604	604	611	604	609	609	619	627	620	625	627	617	619	621	611	640	614	621	624	629	604	626	611	617	638	621	624	612	615	630	604	626	622	629	634	619	604	619	637	615	631	636	613	629	622	606	2670.033116
606	622	619	618	618	630	621	624	633	624	618	604	627	629	614	619	623	609	638	629	611	624	625	611	633	616	622	629	629	612	622	620	609	610	615	621	630	629	642	628	645	627	626	615	603	626	613	622	618	618	624	608	619	608	625	635	612	590	619	621	611	625	614	617	618	641	618	609	620	621	616	628	630	595	621	628	622	618	604	630	612	616	610	627	623	624	598	632	618	625	620	619	608	618	612	614	2671.553603
619	609	639	626	620	627	627	627	637	628	614	619	619	608	607	629	637	617	600	627	623	607	615	627	611	616	631	622	625	629	631	615	608	587	625	608	613	598	629	608	611	612	620	624	617	631	642	621	607	617	596	607	629	617	635	629	632	599	627	616	600	610	625	627	606	615	606	603	622	598	613	620	611	610	616	622	611	614	616	599	593	586	617	613	628	629	611	602	604	616	615	617	617	610	615	620	2673.0635
636	634	648	621	617	614	608	617	625	626	616	627	600	618	637	614	628	632	613	624	628	613	623	621	626	613	606	630	612	623	622	626	604	617	625	607	611	614	609	626	607	631	614	617	632	625	609	608	626	603	609	617	612	598	614	616	618	608	625	621	616	620	620	599	612	609	614	615	611	618	619	617	623	620	617	626	609	621	619	612	639	630	620	625	620	609	611	612	609	631	606	637	618	634	633	598	2674.572943
614	616	603	604	582	625	616	607	608	602	624	625	614	625	618	628	623	608	630	630	618	608	615	608	614	624	611	619	597	624	615	610	609	632	617	610	612	608	621	602	629	603	618	643	606	638	615	639	615	611	624	628	619	608	608	610	610	622	646	597	603	603	616	617	611	592	614	618	611	619	603	604	607	621	621	601	615	610	617	617	616	623	609	611	621	596	608	613	592	617	619	607	617	608	613	614	2676.09206
620	619	602	628	603	636	638	627	608	631	640	613	623	615	625	617	631	628	624	620	614	628	602	618	630	629	613	620	591	631	618	626	614	628	589	606	605	619	625	617	619	631	623	605	606	618	611	601	616	607	616	613	610	607	622	613	644	625	621	610	624	620	621	618	601	623	606	619	600	630	615	627	599	612	623	630	600	615	621	601	616	619	610	611	603	596	616	613	608	627	614	627	630	593	629	618	2677.600595
602	619	628	602	621	609	632	621	605	617	602	609	623	625	630	617	603	609	633	613	623	635	626	616	594	640	607	613	631	625	607	615	614	617	603	601	627	612	606	615	608	602	606	614	646	620	622	615	623	623	625	604	615	618	613	601	615	611	632	601	601	610	589	618	600	605	608	616	601	608	607	617	629	618	593	596	614	609	628	598	608	599	639	613	620	594	596	608	620	608	613	618	625	618	621	589	2679.108679
619	599	623	612	634	619	606	626	608	620	623	611	622	608	620	618	618	617	602	604	613	591	628	596	595	606	623	619	605	617	625	619	613	610	613	612	607	609	604	618	626	599	604	613	599	587	612	615	605	614	606	611	613	636	612	621	607	614	629	613	613	612	610	605	620	628	605	615	614	591	595	613	610	613	610	603	585	634	617	613	615	625	602	609	632	598	622	611	609	614	597	613	611	611	613	601	2680.626427
603	624	613	602	599	618	613	610	603	613	622	609	563	617	602	613	617	617	624	615	619	592	591	589	609	614	605	605	598	614	591	602	590	604	607	601	624	603	617	621	624	624	640	599	617	627	604	612	585	610	620	608	606	616	611	607	624	612	617	606	611	618	627	602	608	620	611	625	623	609	621	623	625	619	615	621	606	618	630	632	616	608	615	614	612	597	614	611	609	601	615	636	618	607	612	610	2682.133603
612	613	605	614	618	609	595	605	578	610	614	621	617	611	600	604	609	614	616	616	599	617	602	626	601	615	606	626	633	611	619	625	621	613	605	627	617	624	624	602	613	608	616	632	611	622	606	609	602	613	610	606	612	632	628	601	610	626	592	606	611	613	599	635	617	591	605	609	614	609	597	603	617	619	594	592	593	613	636	615	626	609	610	607	602	615	591	620	627	640	642	620	600	593	601	609	2683.640328
607	602	610	607	618	585	648	608	629	624	602	602	606	617	596	617	614	617	600	624	605	623	609	597	625	618	601	606	588	603	611	608	615	589	613	608	606	605	586	607	606	608	603	615	621	608	607	584	616	606	597	604	626	595	618	609	607	597	598	607	590	614	610	613	597	597	595	609	615	614	618	607	597	639	605	616	610	612	633	618	601	590	621	608	603	585	602	607	606	592	579	599	622	602	608	605	2685.146601
603	635	615	598	615	634	611	632	600	625	610	611	618	595	596	594	621	608	610	618	599	607	611	599	618	609	598	612	608	611	602	624	605	617	621	619	625	599	598	594	607	622	614	621	616	585	615	619	601	611	603	600	616	595	616	620	605	623	605	620	601	626	616	615	590	609	602	610	623	617	587	614	615	608	626	617	600	606	608	611	612	590	589	599	604	616	603	611	610	623	607	627	600	614	611	597	2686.652423
619	629	634	608	603	601	622	604	613	609	609	625	591	615	596	620	615	615	626	595	616	599	611	605	621	601	600	607	614	618	633	606	609	615	616	603	607	615	615	608	609	618	626	600	600	615	601	605	609	608	615	602	600	628	621	600	628	601	612	572	623	616	621	622	602	601	605	610	605	600	607	595	629	586	612	601	614	609	611	615	612	619	605	611	613	609	599	601	608	611	605	602	623	616	606	632	2688.157794
598	608	609	615	605	609	614	613	617	619	597	619	603	619	625	607	604	617	607	602	613	596	595	620	593	607	613	606	619	610	605	590	604	599	610	609	616	601	623	617	617	618	620	592	600	588	612	616	600	610	601	619	623	613	626	604	600	596	613	605	609	605	619	606	595	601	622	619	628	589	596	614	600	616	598	595	598	609	622	602	600	611	600	604	607	597	610	593	606	602	605	634	623	608	604	604	2689.662714
593	604	604	606	623	614	620	628	603	605	633	597	608	600	597	623	611	622	601	609	613	601	631	624	603	607	615	593	604	607	609	584	599	623	601	623	617	597	606	615	608	604	622	594	595	607	610	603	601	613	627	612	595	614	607	601	614	620	623	622	629	607	595	607	600	598	606	607	589	576	617	612	611	607	598	603	604	612	624	622	605	620	596	603	596	590	609	594	608	600	619	614	616	613	633	617	2691.157088
617	597	601	601	618	610	609	621	608	629	588	621	592	618	607	622	622	628	615	627	619	621	609	621	608	610	620	610	615	606	604	612	608	609	610	619	604	608	614	614	602	618	604	603	601	585	606	617	625	587	603	606	610	612	607	627	590	619	626	606	619	621	596	614	600	619	618	610	615	598	595	621	613	602	631	612	619	608	604	612	614	607	596	607	602	613	594	612	599	618	602	621	617	617	612	623	2692.661111
603	606	611	604	604	606	600	614	603	610	620	613	605	625	604	624	635	617	622	623	613	635	597	621	609	602	605	606	600	610	621	624	614	606	623	601	624	615	602	608	609	612	614	612	607	604	608	599	607	612	615	604	592	607	608	620	614	607	605	614	609	599	604	620	613	615	607	610	611	607	613	617	610	601	618	620	607	610	609	624	601	608	629	607	601	616	597	599	604	599	612	603	640	616	635	605	2694.164683
596	601	631	610	604	620	623	620	619	630	626	589	606	623	612	598	637	619	608	603	618	608	629	607	596	606	617	623	593	629	600	620	607	595	603	607	603	630	617	597	625	608	611	602	612	597	616	615	608	606	613	598	604	612	619	601	597	603	603	602	602	606	606	600	596	611	617	604	604	597	603	608	609	602	603	594	599	615	608	603	619	608	609	607	623	607	627	606	613	597	611	612	603	637	608	599	2695.657718
617	603	630	624	620	591	606	622	628	628	606	636	600	582	612	601	622	631	625	621	611	615	598	613	612	609	602	592	629	601	613	619	625	616	605	619	633	601	618	622	606	609	614	596	610	605	605	614	614	609	619	588	606	623	600	605	624	602	613	629	628	608	596	584	583	627	605	594	603	608	595	621	614	599	615	611	609	609	595	633	611	593	603	635	630	623	602	636	627	620	600	607	600	612	615	600	2697.160393
612	618	615	613	613	600	631	618	616	610	608	615	623	616	607	607	609	616	628	618	622	609	606	613	612	600	615	622	613	624	617	621	613	628	623	621	614	615	625	613	631	612	606	625	619	623	608	623	611	622	609	607	621	594	608	610	611	626	624	613	631	629	599	634	623	600	610	629	618	579	621	608	627	620	636	608	612	607	621	604	586	594	628	632	591	617	600	612	619	613	605	599	603	637	611	611	2698.652539
607	611	603	605	615	626	617	607	620	627	612	623	624	621	596	624	615	621	611	625	593	617	596	613	605	612	601	604	622	603	594	632	599	608	613	625	617	613	634	604	614	598	605	615	611	610	617	626	607	612	613	638	610	614	603	612	612	615	606	604	594	624	604	614	602	607	613	623	624	624	609	602	604	639	623	598	613	625	607	635	623	609	597	613	630	614	593	613	627	611	611	619	609	611	599	620	2700.154318
619	638	611	626	633	625	630	601	607	611	626	626	631	611	614	634	623	612	602	632	604	612	614	610	616	604	611	594	621	622	615	623	611	627	606	626	617	611	622	606	601	608	614	610	618	609	612	628	606	600	618	623	608	596	630	621	575	621	616	623	613	608	596	627	618	622	608	610	641	625	616	611	613	605	618	626	608	600	601	629	615	616	628	607	623	617	607	626	630	625	625	616	606	614	610	598	2701.645573
617	610	615	612	606	627	630	622	623	627	603	595	616	612	611	621	607	622	615	620	622	617	623	624	616	625	620	619	619	606	601	601	624	619	616	642	624	628	608	627	608	609	614	623	632	611	607	619	619	635	613	626	595	606	605	596	603	603	595	620	613	628	609	603	637	615	604	621	595	623	610	620	625	599	615	621	600	618	627	614	617	645	604	614	625	611	607	626	614	620	608	603	620	607	617	613	2703.146458
620	605	632	616	606	592	618	618	624	623	616	615	612	615	622	613	613	598	618	601	637	604	607	615	608	614	600	597	604	607	623	613	614	632	613	602	607	609	608	597	626	629	602	623	590	612	627	634	618	639	595	625	605	606	640	603	606	629	621	619	611	603	605	620	612	611	619	609	626	610	611	611	607	616	610	626	612	614	597	610	600	614	622	606	618	614	610	620	629	610	635	605	637	619	588	615	2704.636824
601	611	630	604	625	628	619	603	622	595	619	624	610	613	602	611	606	629	615	613	614	597	613	619	614	606	617	613	609	621	610	616	603	620	618	606	608	612	609	596	604	594	607	612	620	605	618	610	604	602	597	612	616	600	597	619	613	610	611	624	637	615	613	611	605	606	614	604	604	617	610	607	632	634	610	611	600	605	604	610	628	590	636	605	590	629	615	617	612	602	622	608	613	610	618	626	2706.126749
609	599	604	626	620	620	615	612	618	614	613	618	604	607	629	631	615	600	613	611	590	614	619	610	615	590	607	603	614	626	592	594	616	622	592	616	619	605	597	620	621	616	600	613	617	611	621	616	594	612	606	620	590	609	617	622	611	596	617	635	615	613	600	602	604	616	613	602	605	607	595	622	616	593	607	598	595	599	590	610	602	619	610	629	615	604	585	620	621	613	630	607	602	626	603	617	2707.61623
602	611	604	590	613	608	611	617	609	614	621	607	604	604	587	622	627	617	618	612	624	620	607	606	591	619	620	622	589	630	618	611	608	620	614	612	614	628	617	623	610	620	600	625	607	619	608	605	635	624	605	613	593	616	594	621	606	598	606	619	604	617	598	605	613	608	596	600	609	605	624	617	604	614	623	623	607	613	626	644	608	610	605	609	619	608	617	622	610	598	613	616	610	624	601	614	2709.10527
613	588	606	615	613	616	588	630	619	607	606	609	607	612	604	604	616	604	610	603	593	611	620	607	598	609	605	617	606	617	606	612	618	629	629	609	611	612	618	609	592	600	605	617	611	601	608	604	613	606	609	601	606	597	620	599	620	622	620	607	602	613	609	608	596	607	614	626	611	625	619	604	607	610	629	590	600	624	617	616	621	599	608	601	614	607	592	616	623	604	594	603	610	604	601	614	2710.593868
634	608	619	601	600	617	639	614	604	591	618	612	600	581	599	607	612	622	612	638	614	617	601	608	604	610	592	599	613	600	622	626	599	604	606	615	599	609	629	610	600	604	615	607	590	610	607	597	617	604	612	634	607	581	609	617	613	603	604	603	616	623	600	568	598	609	599	608	610	590	617	615	618	592	590	624	596	611	620	621	613	598	620	610	599	603	596	595	618	623	603	605	617	612	599	611	2712.082023
622	611	601	620	593	610	624	616	628	605	583	613	591	593	596	614	607	620	614	596	622	612	611	594	608	596	616	583	627	606	601	596	602	613	616	624	584	601	628	619	602	621	616	606	602	596	599	600	605	621	615	602	593	605	601	611	611	609	628	603	598	602	604	597	605	617	609	630	630	597	614	597	611	619	612	594	593	605	589	610	596	608	607	634	611	608	597	621	605	599	601	594	616	612	587	617	2713.569738
596	600	610	601	624	601	607	612	603	611	597	626	603	593	590	628	616	608	616	611	606	611	596	607	612	603	621	605	605	620	605	604	611	609	625	621	609	611	600	625	621	594	629	586	603	614	616	591	601	596	589	596	594	597	615	613	605	599	596	608	608	588	603	599	608	598	601	591	604	607	591	596	606	600	594	579	613	619	607	614	616	620	594	607	614	591	605	600	621	591	600	620	605	602	620	628	2715.05701
615	615	585	614	614	617	615	629	610	617	613	605	617	611	593	619	621	617	596	621	601	615	597	592	615	615	592	603	609	590	601	611	612	611	598	620	592	618	606	596	594	597	622	587	612	598	609	597	633	591	596	615	616	606	619	603	614	620	611	606	609	618	603	603	599	602	622	612	615	600	611	604	601	612	591	592	620	597	608	609	629	628	627	611	591	617	605	606	620	598	625	608	602	604	592	609	2716.543842
598	588	610	618	608	597	614	606	624	605	602	613	620	622	620	618	603	617	627	619	603	610	594	610	603	610	606	599	606	610	609	587	600	595	619	586	607	607	601	630	596	594	621	595	608	609	608	607	614	605	598	594	611	598	601	611	597	611	593	610	606	579	601	602	590	612	612	607	617	605	595	600	614	596	602	609	616	608	600	607	606	604	594	605	604	604	602	607	605	607	591	608	626	599	594	588	2718.020191
604	621	601	598	617	606	606	618	614	600	617	618	608	591	610	623	611	584	611	615	595	602	605	599	604	621	602	612	625	607	601	604	603	607	596	606	605	598	620	612	614	637	623	597	628	612	632	621	614	597	591	612	610	599	619	601	612	610	613	601	608	589	603	590	606	606	599	615	599	606	606	608	580	615	620	630	610	629	600	613	611	604	597	607	597	609	611	596	607	616	619	604	603	599	592	593	2719.506143
619	622	606	605	598	594	618	584	599	597	598	611	585	597	617	628	617	613	605	602	602	601	599	591	609	608	617	596	612	603	611	592	613	594	617	599	606	604	609	604	603	627	610	623	598	604	611	617	606	596	619	610	633	595	602	610	600	617	618	603	621	609	599	614	606	592	594	614	610	601	592	601	619	602	604	591	612	601	609	592	598	612	614	602	591	616	608	594	608	604	614	599	599	614	621	595	2720.98162
611	619	606	624	612	624	613	607	624	617	620	601	616	613	599	630	606	608	610	600	613	607	613	606	615	597	592	599	603	640	619	596	613	618	614	618	607	603	607	617	616	616	595	619	602	606	611	596	607	616	612	611	588	597	605	618	621	605	632	632	611	598	584	604	604	604	614	616	605	623	612	595	609	624	618	622	608	606	620	617	606	612	612	606	614	593	596	594	601	622	614	603	622	617	602	627	2722.466694
599	606	604	593	611	625	606	597	623	616	620	583	601	623	607	621	603	611	627	613	608	599	611	599	622	609	610	609	603	617	626	613	611	599	594	608	602	602	618	603	596	626	607	606	610	603	615	614	622	612	611	616	622	616	609	621	591	620	622	607	605	606	594	598	600	587	618	629	599	601	627	605	604	609	585	608	606	603	604	609	602	610	608	608	622	607	594	608	583	593	596	591	608	625	623	604	2723.941299
600	627	605	609	629	605	597	612	596	607	627	623	599	596	617	611	609	608	619	598	606	612	607	618	613	633	620	602	602	599	610	626	624	615	590	592	625	605	605	618	605	630	586	616	607	612	596	607	623	620	604	606	610	614	608	622	603	590	615	601	607	619	607	614	603	596	589	605	604	606	601	624	614	608	605	594	590	584	624	627	612	605	593	608	623	601	619	596	622	610	616	588	629	614	605	590	2725.425496
609	599	611	609	618	622	623	614	619	609	596	610	601	611	598	613	610	619	606	601	623	608	603	615	633	620	612	615	592	623	604	617	610	598	628	604	622	626	595	618	590	626	595	600	607	606	612	603	602	612	612	599	615	615	593	598	620	619	602	609	606	597	599	597	619	611	598	605	600	606	587	615	622	600	611	631	625	596	603	616	610	603	603	620	633	613	598	640	629	611	604	616	619	620	616	609	2726.89923
620	604	610	613	623	618	610	609	623	597	604	598	606	627	622	609	617	620	604	611	590	611	620	607	622	623	594	612	613	605	602	625	612	622	613	626	633	616	630	613	635	616	595	619	606	605	588	629	602	610	622	621	601	588	610	604	594	604	614	591	627	613	616	604	608	617	609	623	618	618	613	600	608	632	625	592	609	601	614	616	606	620	608	615	631	595	596	616	611	616	617	589	608	614	609	606	2728.37253
617	612	600	627	613	623	611	627	616	609	618	618	619	607	584	605	642	623	610	611	621	604	609	624	607	611	612	614	610	600	611	612	587	620	603	602	587	619	604	609	609	605	618	631	609	616	619	631	606	613	610	628	613	595	620	602	608	612	603	618	606	605	608	631	629	603	622	632	622	620	607	626	622	591	601	592	620	605	614	599	620	619	595	611	620	617	624	615	616	617	616	603	605	595	616	620	2729.855414
622	602	605	622	606	606	628	608	626	631	621	605	608	608	623	634	632	618	617	619	616	601	626	628	606	609	620	622	618	606	609	591	610	617	613	605	615	609	618	615	605	626	627	604	602	610	614	601	617	610	613	598	604	612	605	616	606	609	619	621	598	615	613	582	618	611	632	605	626	604	605	598	613	623	613	613	621	607	629	622	624	602	615	603	611	611	625	623	612	621	620	610	615	616	615	602	2731.327844
607	614	607	611	618	622	614	623	630	625	609	616	618	619	615	613	608	612	606	613	610	626	616	607	614	600	613	606	588	621	612	619	598	622	610	626	609	615	592	622	631	633	621	600	610	622	607	619	612	595	610	607	620	640	627	619	597	610	608	623	612	619	615	621	629	627	597	629	625	599	619	631	626	592	622	609	614	603	615	611	624	616	614	610	613	623	621	618	608	628	600	607	636	623	611	614	2732.799841
611	609	625	627	640	598	615	626	619	619	616	603	604	616	603	617	634	612	633	602	633	600	603	608	614	601	607	602	611	600	628	606	604	609	621	605	614	595	627	625	628	613	615	618	621	616	612	628	608	627	619	629	609	613	595	609	606	604	632	615	610	596	603	618	615	601	628	616	630	590	619	608	632	609	612	614	599	611	626	614	615	610	603	597	604	614	613	608	609	634	616	615	622	629	606	623	2734.271405
600	613	610	610	608	601	637	627	614	611	598	612	616	627	611	597	599	615	611	605	622	611	616	615	609	598	611	620	609	605	603	596	603	626	623	613	605	617	617	616	597	623	618	610	602	616	617	607	624	629	619	629	601	613	587	602	627	614	625	616	614	608	627	614	610	646	608	613	620	579	611	627	608	609	601	617	620	607	618	605	606	614	614	626	605	614	620	622	613	625	601	616	609	616	619	619	2735.742536
607	597	600	623	615	586	606	609	618	609	605	624	606	588	608	621	611	617	593	614	630	616	620	608	604	615	609	615	625	614	612	594	623	614	609	608	614	620	627	614	602	614	605	609	614	601	609	616	614	600	604	609	611	614	622	590	591	627	604	630	607	602	612	616	608	596	610	605	591	607	602	612	606	620	612	600	604	609	612	628	607	605	611	607	612	621	600	611	610	602	615	636	602	606	594	614	2737.213234
609	592	592	620	622	603	609	616	613	633	621	616	633	589	615	619	610	625	598	617	594	604	608	602	624	630	603	621	602	598	613	611	601	620	620	615	606	601	613	633	605	610	619	623	595	627	629	622	606	608	600	594	617	615	615	606	618	612	620	615	596	622	614	618	616	613	593	608	627	613	608	619	613	584	600	612	617	594	616	631	612	602	616	599	614	598	611	635	608	614	609	625	616	593	610	617	2738.6835
617	600	613	626	615	629	612	615	618	610	616	616	614	615	606	608	598	606	610	595	632	613	597	598	603	603	643	601	599	610	618	616	631	616	607	602	628	591	613	614	617	616	601	635	609	626	613	603	627	628	607	605	602	607	616	616	606	613	615	600	606	601	591	618	622	600	615	605	588	597	596	606	613	611	599	612	603	618	606	618	596	600	614	604	599	590	616	621	602	611	608	614	617	593	598	626	2740.143337
607	612	608	624	603	604	613	610	622	619	604	623	618	600	604	623	600	618	639	602	604	607	593	612	615	597	603	606	602	603	620	589	603	591	618	612	618	623	596	593	602	600	612	602	605	600	599	615	591	613	600	624	592	618	611	610	611	617	608	614	597	599	607	618	602	608	604	623	609	603	608	591	621	620	601	615	609	607	594	634	615	630	614	608	606	615	609	608	612	615	615	617	616	605	610	610	2741.612742
609	618	623	607	599	593	626	605	620	627	606	608	600	592	592	602	617	618	601	598	615	611	609	606	599	602	619	598	607	613	620	602	621	593	605	606	607	607	616	613	607	604	615	616	622	605	612	612	620	597	607	599	614	604	595	594	602	603	598	617	598	626	614	595	611	606	610	609	617	617	600	611	627	599	600	610	605	601	596	618	607	623	606	604	596	607	600	614	598	600	631	604	587	607	587	603	2743.081715
602	608	612	583	608	604	618	604	600	604	589	609	607	597	610	614	595	614	617	590	598	597	607	595	596	602	596	617	595	590	605	608	599	609	615	608	591	608	614	619	636	591	611	595	613	583	591	612	610	626	596	613	625	609	590	611	595	606	585	625	597	594	590	613	618	612	603	595	598	606	607	597	607	600	596	591	608	591	636	609	601	610	594	606	613	622	593	600	599	616	615	591	600	590	602	616	2744.550256
603	605	609	603	624	601	588	599	601	597	613	601	596	579	607	604	600	602	612	595	607	591	608	590	608	630	601	615	601	599	598	590	617	612	602	597	594	608	579	605	585	615	605	591	595	607	610	601	595	601	615	602	604	610	592	589	602	624	618	622	599	619	606	601	605	605	600	612	601	610	603	607	598	612	611	585	608	607	602	602	611	631	592	606	611	611	593	590	614	606	614	597	614	596	601	636	2746.00838
580	609	599	618	619	615	599	595	612	594	611	593	623	600	600	636	599	602	626	580	604	602	596	595	601	603	593	611	594	596	596	596	592	607	628	622	624	612	603	623	621	604	591	610	598	606	611	606	617	596	596	596	597	603	594	617	596	608	612	595	623	613	609	605	606	602	599	606	602	586	621	605	583	599	600	590	604	587	593	601	625	592	611	595	606	589	606	619	599	608	591	614	605	598	602	593	2747.476062
607	598	619	627	605	607	605	602	608	601	601	605	604	596	598	607	618	612	595	587	626	609	591	616	597	600	600	595	607	575	606	591	605	604	612	605	603	604	606	623	602	601	623	589	602	586	612	597	597	600	604	610	591	591	597	601	612	618	613	605	600	595	600	595	602	604	596	604	605	597	602	623	597	608	601	590	596	609	593	603	627	614	596	607	610	611	623	594	599	608	628	587	603	603	595	587	2748.933333
611	614	621	597	601	584	600	604	613	622	608	623	602	610	603	589	590	603	610	608	604	613	594	604	606	596	616	591	613	624	598	613	623	608	591	604	609	600	591	610	617	622	608	612	609	603	591	608	609	606	619	620	604	611	592	589	627	595	604	611	601	615	610	593	618	584	610	614	600	619	605	608	609	618	625	591	613	596	618	587	617	606	584	589	598	597	588	608	604	600	604	609	601	604	613	594	2750.390178
618	616	611	609	622	608	603	624	596	624	628	604	611	603	582	619	624	609	599	606	616	600	614	590	621	601	615	610	609	615	599	595	609	612	603	598	601	610	607	605	614	601	621	613	604	621	617	601	587	605	609	620	598	595	605	610	601	616	616	607	598	612	618	609	621	610	611	596	621	601	603	612	612	610	599	610	589	600	602	610	594	578	609	609	602	617	589	594	614	584	607	587	619	598	595	620	2751.856573
615	603	605	596	607	613	605	605	617	605	610	606	598	611	596	596	609	610	619	610	623	610	603	605	609	613	601	607	615	622	603	590	612	606	595	610	601	601	624	607	602	596	596	602	620	588	596	591	611	607	609	593	606	603	605	625	592	595	593	600	604	608	602	601	613	598	601	607	607	592	602	612	599	606	600	598	609	626	611	617	597	596	600	597	611	595	589	610	597	611	621	604	617	606	603	615	2753.312566
623	634	599	606	618	609	618	597	618	625	631	605	622	607	608	603	635	588	606	593	601	605	582	611	605	626	613	600	600	615	605	603	604	599	600	587	623	603	609	611	602	614	602	610	614	616	591	607	616	613	587	611	607	449	622	589	601	613	620	602	612	582	612	610	597	612	596	598	597	599	598	623	619	618	603	623	626	603	608	614	601	607	611	592	615	611	597	603	599	599	603	598	608	597	607	593	2754.768135
602	596	607	621	606	604	622	620	632	598	602	609	591	594	618	606	620	603	614	617	617	611	602	595	602	607	612	607	610	603	616	607	617	593	606	600	609	615	616	625	612	593	601	587	614	593	601	602	590	591	597	615	623	12421	619	601	609	608	609	602	617	611	600	606	597	625	609	594	600	602	612	620	619	630	603	612	607	598	647	615	621	603	600	606	616	595	605	598	615	605	613	620	612	600	612	626	2756.22328
579	623	612	607	610	612	611	608	576	596	590	604	598	594	620	604	597	627	601	611	613	629	597	626	612	600	606	607	619	613	625	623	611	587	603	617	626	616	615	595	594	599	598	605	604	584	619	618	610	599	577	622	620	606	615	599	626	603	608	600	589	615	615	596	620	598	616	598	605	616	610	614	589	622	610	602	595	614	612	618	621	601	615	586	609	608	610	634	590	610	602	614	615	604	612	596	2757.678
628	615	595	612	631	610	599	614	620	613	609	607	614	602	609	625	605	605	634	610	625	598	614	594	616	606	631	601	601	609	604	598	614	623	605	600	604	610	598	598	625	581	611	630	608	621	608	613	606	599	629	608	621	624	616	619	590	595	610	606	609	593	595	593	617	608	619	616	602	593	611	609	591	616	607	610	596	605	614	612	617	595	598	606	600	610	587	588	614	607	604	618	605	620	620	605	2759.132297
626	603	591	635	600	596	618	612	614	610	604	614	596	615	596	607	609	597	614	612	593	613	602	612	597	602	609	614	614	607	596	615	625	613	598	592	600	616	593	617	609	619	621	611	601	609	607	619	612	603	624	619	609	618	607	591	597	609	606	599	629	621	615	635	608	629	609	616	608	621	615	614	617	585	609	616	616	604	605	616	614	623	612	612	619	593	595	612	608	638	622	623	607	621	636	619	2760.586169
610	595	606	626	621	624	631	595	617	610	621	608	624	605	615	626	610	605	623	616	619	593	610	599	620	603	595	628	608	598	610	613	608	584	593	622	624	622	626	619	604	623	604	604	609	644	604	590	602	619	611	605	601	599	608	610	595	613	608	619	609	597	616	617	606	611	613	623	590	613	591	617	602	605	603	628	613	610	609	605	614	596	613	613	600	621	600	612	604	628	606	606	620	637	606	604	2762.039619
626	618	609	608	627	604	634	607	615	603	621	607	610	626	609	603	599	610	610	643	611	595	605	615	603	615	601	627	601	603	604	598	590	606	613	615	608	595	622	608	606	619	602	615	618	614	598	618	608	598	618	608	620	600	605	613	613	602	602	620	598	614	603	617	621	623	593	630	621	613	606	625	597	617	605	627	619	605	622	632	609	603	609	601	609	601	595	616	603	619	597	613	618	609	601	611	2763.492645
592	617	600	616	612	611	621	627	616	616	600	622	594	590	610	622	617	606	608	622	621	611	620	600	615	607	603	615	625	625	594	601	624	607	601	630	614	619	604	614	591	618	620	615	615	604	593	608	605	617	607	615	612	611	603	596	605	616	607	612	609	623	602	610	616	602	612	615	628	603	625	612	621	606	619	631	627	619	620	626	611	619	615	603	613	585	624	616	621	601	599	624	599	627	593	616	2764.945247
623	616	614	613	603	595	608	603	605	616	620	627	605	610	609	604	621	608	620	628	604	611	602	594	590	587	615	599	608	601	605	610	602	618	616	611	608	614	608	602	610	607	609	602	605	608	606	623	603	590	609	597	596	603	611	604	602	619	607	618	606	619	609	633	603	583	603	608	620	612	602	620	618	611	586	601	618	604	615	597	601	606	610	616	594	609	612	618	596	604	648	601	612	609	606	610	2766.387482
611	608	607	609	610	623	600	608	593	612	611	615	597	597	585	624	601	621	619	607	622	585	622	612	629	585	606	589	611	594	599	608	595	619	599	617	634	624	598	602	626	587	592	611	604	612	585	599	590	598	616	606	605	614	620	601	646	615	608	604	606	594	597	601	598	615	589	621	598	628	611	608	614	605	603	614	608	592	589	597	608	604	587	615	605	595	598	598	613	607	597	605	590	589	621	609	2767.839242
608	609	598	609	603	601	594	590	604	613	610	608	614	607	591	613	612	607	602	595	644	601	597	588	594	610	604	616	613	606	598	608	592	604	571	598	622	595	619	610	604	601	594	615	620	606	616	606	593	596	595	610	624	607	594	611	603	591	609	588	604	590	588	615	602	605	608	598	606	601	616	617	606	600	617	611	614	609	595	592	605	618	613	606	599	598	589	600	602	616	585	606	620	620	598	624	2769.290579
595	599	610	599	590	593	607	602	614	620	599	599	615	598	598	604	582	608	612	624	608	606	607	615	622	603	602	615	610	597	609	582	610	613	596	612	604	614	603	612	616	616	592	604	612	592	605	627	614	607	616	589	602	593	583	616	598	603	597	620	596	616	611	604	591	606	574	590	598	605	617	597	607	612	610	619	600	602	605	595	607	616	617	619	616	579	601	601	601	596	584	602	581	590	611	591	2770.731557
593	611	615	589	623	611	612	619	589	611	596	634	596	607	602	618	624	591	606	610	600	607	605	603	594	597	600	602	614	599	604	595	584	613	609	623	610	596	601	619	624	594	597	607	590	609	618	618	618	598	598	613	589	608	606	606	609	612	600	621	612	616	594	581	588	594	601	577	618	601	575	604	597	596	580	608	597	585	613	600	616	608	599	607	608	594	614	615	620	607	628	599	607	613	597	595	2772.182053
592	612	584	612	612	594	609	607	603	620	611	604	606	596	589	614	609	607	603	599	608	598	616	594	621	599	594	620	589	594	592	605	610	623	601	609	591	606	606	621	583	597	588	610	615	599	594	610	593	607	596	613	592	600	612	609	594	605	600	606	585	594	592	605	608	618	600	605	609	611	587	593	618	596	608	598	598	596	607	600	609	592	615	600	594	584	616	611	627	607	612	587	593	616	608	600	2773.622195
616	599	605	593	603	595	603	601	608	594	613	610	610	590	599	595	594	615	604	579	597	592	623	588	601	599	604	595	598	605	612	603	613	620	603	593	616	625	609	604	600	602	626	601	587	605	582	587	601	598	608	611	613	602	603	610	601	626	590	588	589	583	628	603	607	592	595	591	599	602	613	610	590	615	593	607	578	606	587	605	597	617	607	601	598	587	602	601	602	606	607	610	613	604	604	602	2775.061922
597	592	602	614	608	612	637	605	602	593	625	599	599	589	591	626	607	606	594	612	623	630	611	609	601	597	592	603	591	602	614	603	592	598	608	614	609	613	600	602	595	611	599	601	607	593	586	593	615	591	607	596	615	598	596	608	601	604	592	582	601	601	588	594	594	596	600	606	601	595	608	613	593	612	604	601	606	593	618	614	621	627	611	609	600	597	589	599	602	583	597	614	610	618	621	598	2776.511157
603	577	584	609	599	600	586	599	616	611	613	581	582	589	586	614	613	627	596	600	589	587	611	610	595	612	621	600	591	600	601	597	601	611	599	604	612	603	602	597	600	601	604	623	586	615	603	609	615	614	598	598	596	601	593	592	593	585	619	613	603	599	603	618	612	600	626	582	598	605	603	599	605	608	571	610	597	612	583	610	600	595	600	591	586	593	591	597	601	610	623	591	606	608	601	581	2777.950049
605	604	597	625	604	594	607	604	597	594	610	608	601	597	600	585	627	599	597	596	616	614	597	598	609	613	600	612	616	614	611	608	607	586	593	607	605	596	614	624	610	611	603	588	613	590	609	587	603	608	601	617	594	615	593	615	607	609	583	616	604	601	604	592	620	597	601	593	614	593	590	613	606	610	597	593	591	585	618	598	610	621	607	609	599	582	597	615	601	598	613	610	599	605	606	604	2779.388526
619	616	592	601	618	623	609	600	621	615	601	618	604	608	583	610	601	614	601	613	603	607	586	601	595	599	623	606	580	586	602	610	594	607	598	598	605	609	610	595	619	609	621	609	604	589	604	587	613	595	612	601	596	605	606	598	597	596	616	623	612	614	607	601	602	601	603	612	588	604	595	585	604	605	597	609	603	601	608	615	607	603	609	605	601	600	585	609	603	603	604	593	610	607	588	606	2780.826587
597	608	607	612	581	600	597	606	620	612	593	607	606	597	610	598	616	622	587	596	611	603	601	601	606	587	584	615	603	620	615	604	589	597	609	598	612	595	591	597	600	608	603	601	600	616	598	604	613	584	611	597	607	589	597	594	601	603	616	617	571	625	593	609	611	608	599	599	608	611	602	594	601	606	590	599	591	592	602	602	590	600	605	606	587	581	619	611	611	617	595	613	613	617	597	589	2782.264232
604	612	611	585	615	611	622	605	603	615	624	609	604	599	609	585	607	618	614	599	617	603	597	603	602	613	597	609	598	596	603	608	616	600	616	596	618	631	609	610	603	618	615	610	608	607	595	589	605	616	590	600	606	598	590	608	597	594	614	614	599	600	607	603	606	609	608	597	597	600	595	606	595	603	611	619	599	597	623	591	609	606	614	597	603	580	608	599	610	617	599	609	598	607	606	588	2783.701463
623	591	609	602	604	610	615	584	603	610	617	611	590	623	608	613	608	603	649	619	614	619	590	593	618	600	612	606	602	610	608	621	606	585	617	614	603	623	587	602	613	606	594	605	599	603	597	606	624	609	588	598	598	596	597	599	611	634	616	600	593	595	613	606	598	598	596	602	613	601	589	605	604	610	608	599	589	609	593	606	599	593	611	606	610	609	602	590	606	591	628	613	610	595	609	632	2785.138279
596	603	620	596	623	634	602	600	613	621	607	616	596	603	607	623	606	623	618	609	605	610	615	595	598	600	613	596	603	588	614	605	591	609	610	610	594	572	598	611	613	597	609	591	591	593	625	605	598	604	594	607	605	599	587	593	619	603	618	598	594	598	602	619	602	604	597	604	611	596	602	607	621	621	607	578	583	596	632	613	612	602	593	604	600	585	617	611	590	598	603	604	600	629	610	622	2786.57468
599	604	602	604	603	614	592	612	615	608	596	623	611	621	599	596	621	602	600	616	618	589	588	638	620	601	619	598	607	591	604	607	588	601	619	606	612	600	611	613	633	595	600	601	598	615	614	598	607	619	616	608	612	613	616	611	613	614	615	614	620	602	604	614	591	590	613	609	618	594	584	615	611	632	614	600	583	610	619	607	612	605	604	610	619	594	605	618	614	611	597	598	617	605	626	597	2788.010667
597	613	614	612	598	598	593	602	608	618	619	606	623	586	613	582	611	599	605	587	587	615	612	607	608	592	615	604	631	614	591	592	609	603	607	588	593	628	611	617	583	620	639	609	615	613	616	600	615	605	610	604	595	611	603	600	607	608	611	625	612	604	602	603	605	584	586	613	598	604	599	598	608	611	609	616	602	599	611	627	627	600	604	596	618	612	608	580	608	609	624	590	612	613	601	596	2789.446239
600	597	602	601	613	601	607	618	613	623	611	632	614	594	607	613	622	613	625	618	628	618	607	598	600	590	611	616	601	612	613	608	614	631	615	605	613	618	621	606	590	594	608	606	617	598	588	614	609	595	614	595	620	621	600	613	614	614	618	607	620	605	604	605	603	606	617	619	593	615	608	625	614	599	618	607	589	598	621	621	607	605	632	629	608	605	613	584	610	625	592	614	612	585	600	615	2790.871501
600	611	616	599	630	617	620	599	607	602	592	612	599	602	618	617	617	603	625	603	624	623	582	609	608	601	606	596	628	639	595	606	600	609	608	629	602	603	610	598	615	607	610	610	594	602	619	602	609	615	609	613	624	618	605	611	595	613	616	613	604	607	611	634	599	600	603	618	607	606	622	605	602	590	616	601	617	597	590	611	608	611	623	592	596	602	606	609	598	605	606	600	607	620	611	618	2792.306248
597	598	605	604	610	623	630	621	624	600	626	627	615	594	592	603	611	610	605	602	609	601	601	601	616	584	599	609	614	617	612	606	622	608	587	597	627	618	602	605	576	603	610	602	614	600	610	601	616	602	616	597	599	589	593	604	615	593	611	604	608	603	601	603	607	597	617	611	600	585	598	603	620	625	589	629	587	607	615	602	611	620	628	628	616	619	630	592	604	622	606	601	598	608	602	601	2793.730691
582	608	606	602	612	608	606	585	610	614	603	608	611	608	590	618	620	627	601	603	611	600	628	608	612	592	603	604	606	604	595	612	605	588	605	614	593	595	592	620	649	597	591	602	617	612	616	621	602	603	582	623	625	617	606	595	605	618	611	613	602	613	590	633	595	624	617	609	595	594	608	607	592	605	604	588	596	601	594	606	596	611	620	612	582	617	614	607	603	596	606	606	603	606	609	612	2795.164613
604	612	624	615	607	609	602	595	611	629	598	600	615	590	596	601	610	603	608	622	601	594	620	612	588	613	613	603	609	596	598	580	608	601	624	615	617	600	595	603	608	591	612	604	606	612	612	613	593	609	636	608	614	584	596	603	601	616	603	609	607	604	605	627	620	584	594	584	613	582	595	616	612	603	609	607	591	612	586	601	607	610	600	629	616	619	606	619	590	577	619	610	608	589	607	598	2796.588238
604	619	604	604	579	610	609	618	611	596	621	594	602	603	598	601	606	603	596	594	619	600	595	599	620	586	594	596	607	602	617	596	618	588	614	597	624	601	604	609	599	600	609	614	607	598	592	595	604	610	595	613	597	601	593	605	609	609	611	598	607	606	609	611	603	593	609	603	616	601	592	598	603	617	602	592	612	595	621	586	616	595	602	600	604	595	586	608	589	601	605	601	603	612	608	610	2798.021336
612	595	609	609	626	620	615	596	596	610	606	635	615	610	609	596	608	624	602	616	618	604	613	600	606	599	608	613	616	599	604	620	589	590	608	627	599	601	582	590	597	599	613	612	614	601	602	589	621	578	607	600	607	612	603	591	598	611	581	607	603	609	590	595	605	602	616	598	602	595	612	591	620	594	623	601	600	597	596	605	605	602	603	587	616	606	596	616	615	594	609	613	611	599	608	619	2799.444143
608	613	597	624	602	618	606	611	600	598	598	606	600	603	598	597	604	609	590	593	615	597	571	593	616	619	606	591	586	630	613	596	631	596	614	586	604	599	615	600	600	608	614	615	602	609	633	586	590	593	602	592	617	592	601	574	601	613	602	605	606	601	603	591	599	591	602	590	585	619	609	599	608	601	592	609	610	605	618	596	585	594	607	608	604	584	607	592	609	577	595	598	575	620	609	597	2800.866542
606	607	606	607	607	593	617	603	590	599	584	601	591	597	604	598	605	604	600	625	577	603	601	600	623	607	597	630	606	601	600	626	586	593	595	594	612	604	591	587	586	593	598	593	608	620	606	603	608	587	604	600	599	605	612	582	601	604	584	601	595	597	600	604	591	606	616	597	590	603	580	601	594	598	587	621	600	591	612	608	604	604	616	598	606	595	623	610	572	594	609	602	614	588	630	605	2802.298407
618	616	606	612	620	598	607	585	615	584	611	613	614	593	583	598	599	593	604	628	601	584	612	602	592	599	595	597	609	594	591	590	605	599	594	620	605	599	589	590	587	592	595	614	594	610	591	621	587	592	597	598	618	603	606	585	598	613	611	590	615	606	601	593	598	601	596	598	602	596	606	605	597	600	584	594	615	602	621	609	591	596	584	598	616	623	593	616	584	572	619	597	595	600	608	599	2803.71999
599	607	587	617	614	599	602	604	614	609	591	610	605	605	594	609	606	616	604	593	589	607	592	582	614	585	605	576	602	605	603	598	609	593	592	588	588	621	622	586	595	596	617	613	607	590	586	595	601	601	606	628	586	575	605	606	607	601	614	603	604	603	611	609	592	583	603	608	609	581	585	622	586	631	591	608	593	594	597	613	607	617	589	599	613	594	600	610	617	607	617	599	611	598	600	587	2805.141166
593	619	591	595	618	626	593	617	575	601	612	605	606	597	601	613	606	609	606	615	607	600	616	608	593	613	610	608	614	608	587	595	585	609	593	587	615	617	608	612	585	603	611	593	586	602	607	589	599	599	622	586	595	595	593	606	602	619	600	601	605	599	601	594	612	592	614	607	618	594	596	586	595	601	612	589	604	584	594	619	615	600	604	610	608	582	589	604	601	592	601	617	601	613	613	610	2806.561935
587	590	602	604	605	623	611	602	612	602	592	603	594	602	604	602	596	613	579	596	604	594	596	616	601	600	592	615	615	612	600	600	596	609	616	600	601	611	607	592	608	589	606	595	601	619	608	597	604	589	597	582	599	594	609	596	601	603	599	591	601	604	603	610	594	590	607	618	604	596	611	610	598	598	613	600	604	609	593	607	597	612	596	603	609	613	620	606	599	608	582	601	601	598	588	594	2807.982298
634	623	601	600	600	596	603	613	597	601	596	608	605	619	607	602	605	610	611	608	601	614	594	607	606	602	601	594	599	613	611	607	593	618	606	607	606	597	610	603	600	599	596	601	586	592	604	623	595	606	588	617	637	618	621	597	638	604	602	576	595	622	613	595	611	609	604	606	607	596	602	604	605	588	614	613	607	609	597	583	602	601	596	595	588	598	619	598	611	609	600	589	591	619	601	612	2809.402254
615	597	599	609	627	589	610	620	591	595	588	586	612	588	603	623	605	600	635	609	615	613	597	612	599	612	605	593	613	607	609	603	603	606	614	603	588	612	612	623	594	590	596	607	609	611	607	589	613	611	607	605	597	587	592	613	598	618	622	608	614	602	597	616	595	610	609	614	614	608	607	604	606	617	600	629	604	608	608	614	621	598	613	607	613	604	602	615	612	606	608	611	624	597	603	603	2810.821805
590	599	599	602	623	607	607	598	614	615	604	591	594	615	599	609	629	622	609	606	622	570	615	638	606	613	610	614	610	617	606	630	603	630	596	604	601	604	615	601	619	604	608	600	614	620	608	611	619	611	610	596	588	592	625	609	622	625	605	614	610	599	613	599	607	607	611	616	614	609	616	599	602	602	608	609	611	617	623	629	609	634	611	615	599	615	607	614	617	609	603	605	617	601	592	611	2812.231096
614	610	599	617	601	626	614	624	598	626	608	623	614	606	605	601	615	612	627	611	621	596	606	615	587	607	621	607	620	613	589	600	601	604	608	597	628	616	615	601	606	617	616	600	608	612	612	592	620	611	605	627	607	604	612	613	607	607	601	604	596	602	612	606	599	615	609	632	606	607	620	601	604	636	597	609	620	613	619	609	607	590	601	593	612	604	615	603	622	604	608	596	623	609	608	602	2813.649838
627	615	600	616	597	606	623	626	616	590	607	608	599	601	615	615	614	623	623	609	618	611	603	622	624	605	600	604	606	611	608	619	601	621	631	605	610	618	615	608	600	601	614	619	590	607	625	606	603	609	612	600	606	592	627	611	625	613	635	622	602	608	593	592	609	599	614	615	619	606	619	611	603	615	628	607	623	613	609	623	606	612	590	592	605	615	611	592	599	624	614	619	612	606	617	603	2815.068175
609	626	626	600	626	588	600	607	620	627	629	585	613	610	592	602	605	591	619	609	607	594	620	631	603	606	607	618	616	602	591	604	606	628	615	605	625	607	612	600	621	611	611	624	612	594	612	605	604	611	612	602	612	619	621	604	625	614	611	600	598	603	606	610	606	593	600	599	631	602	604	607	624	618	610	613	597	592	601	619	631	621	620	614	607	605	606	609	606	619	611	616	621	617	596	611	2816.47626
613	606	621	605	617	616	620	616	624	637	613	609	598	598	612	605	619	600	627	594	610	586	602	613	595	626	608	622	609	624	609	592	612	604	623	613	608	621	601	618	612	611	629	633	625	620	601	613	606	609	618	605	624	617	640	611	601	635	638	611	611	591	612	607	603	631	613	595	596	600	628	603	617	616	596	609	609	618	622	624	605	602	607	607	603	599	617	623	608	606	621	606	620	626	620	614	2817.893789
621	614	606	601	607	606	610	618	617	599	614	602	605	605	612	607	601	620	633	607	599	571	618	626	626	602	601	628	604	602	600	613	614	617	605	600	604	616	618	614	605	589	616	596	612	606	624	625	618	607	625	599	625	609	601	607	600	606	609	600	594	616	610	601	597	614	603	605	611	599	621	605	615	609	612	603	601	613	609	602	619	618	597	605	602	629	603	606	633	607	614	616	608	581	594	628	2819.301073
602	609	615	605	615	622	598	605	643	628	615	625	624	604	613	616	608	625	604	636	622	594	598	599	605	622	605	618	612	606	628	609	634	615	609	602	625	601	603	609	606	622	612	615	619	602	595	609	605	605	610	610	607	617	598	597	611	609	603	602	608	606	609	620	596	596	617	613	615	631	612	617	599	620	610	617	610	618	607	593	609	609	616	612	596	589	603	601	615	631	617	622	600	616	611	598	2820.717795
599	601	620	613	606	625	615	600	608	602	623	598	591	596	614	613	618	609	631	621	615	629	600	603	601	599	637	604	611	621	612	607	599	593	596	607	605	602	625	615	607	600	612	641	612	638	609	596	624	604	612	618	607	626	604	605	617	597	592	606	617	602	604	641	591	620	597	597	611	604	622	604	607	608	611	608	612	610	602	624	622	621	596	598	614	608	619	601	598	601	608	602	607	614	617	602	2822.124278
605	593	604	621	617	607	611	600	607	610	617	627	616	610	591	603	609	599	613	605	594	622	611	596	616	607	615	626	615	609	594	610	588	611	621	605	605	593	620	610	621	598	616	603	599	585	622	595	601	611	606	613	607	613	605	603	619	610	614	592	592	606	618	603	595	595	597	610	596	621	609	612	635	621	611	608	615	625	626	607	634	600	621	612	611	606	611	589	609	602	608	614	630	600	598	611	2823.530363
618	621	612	602	613	613	626	602	601	605	601	611	611	626	604	616	630	619	601	619	621	601	591	616	626	605	594	610	611	616	615	622	622	614	628	613	616	614	613	610	612	618	625	615	627	610	627	603	623	620	597	605	613	615	618	615	615	595	592	634	609	611	609	602	616	621	598	604	597	609	598	618	614	602	608	607	596	623	629	614	615	622	606	597	613	615	612	617	616	618	605	612	616	602	618	598	2824.945877
619	605	600	601	615	623	611	649	609	625	627	615	592	608	618	596	612	612	598	604	606	605	600	621	602	603	613	624	611	603	624	607	604	597	592	618	620	629	611	598	625	608	611	607	616	597	608	627	607	601	626	612	618	614	620	622	610	603	605	610	621	603	626	627	622	611	621	587	602	601	599	630	610	604	590	618	603	612	613	592	613	617	622	619	594	601	625	618	572	620	608	607	591	630	598	621	2826.351161
623	617	610	620	615	602	613	626	610	614	633	625	609	608	606	600	617	614	614	607	611	597	611	603	611	606	608	611	610	621	613	624	612	608	610	609	608	615	598	623	615	597	596	608	617	615	626	625	604	620	595	605	622	596	589	602	629	602	624	601	616	616	618	591	602	615	609	616	624	608	611	619	621	598	601	623	609	583	601	628	594	599	627	611	614	590	591	604	613	603	622	613	608	613	614	599	2827.756047
599	606	628	612	620	599	608	602	630	621	600	609	623	617	617	616	588	623	596	580	634	612	601	594	627	625	621	616	596	626	634	601	586	627	611	615	606	621	618	610	625	601	616	600	603	613	606	602	624	612	613	606	602	591	625	596	603	588	609	614	610	609	622	608	611	629	604	607	603	594	627	624	619	609	613	615	597	609	614	614	607	604	614	609	596	613	608	596	601	605	609	598	608	626	606	612	2829.160535
610	602	616	615	613	619	615	607	626	608	606	600	598	591	606	618	608	609	601	596	625	601	606	586	632	617	599	610	616	604	610	619	599	606	623	611	621	605	617	610	608	606	611	590	593	604	609	601	624	609	613	626	588	618	598	603	610	614	618	608	612	605	614	608	587	611	610	608	607	620	612	613	610	612	623	596	613	603	616	605	615	611	603	604	621	624	600	603	600	595	618	602	633	603	599	619	2830.564625
634	604	621	618	610	607	610	622	610	610	623	604	611	581	588	604	606	623	598	602	600	612	603	602	600	593	633	619	607	615	611	622	617	607	619	599	604	611	619	597	611	610	612	619	610	610	618	607	609	596	614	603	601	607	634	625	621	623	614	604	599	598	607	608	598	619	609	597	594	583	596	583	614	603	624	598	603	600	619	610	616	622	585	612	609	626	599	631	607	611	626	591	622	607	619	597	2831.968317
616	617	599	600	602	622	604	603	599	605	613	594	595	597	623	608	619	619	613	612	607	603	614	622	616	616	620	600	593	614	598	611	599	589	612	599	616	598	608	602	603	595	599	609	611	606	618	619	583	594	588	613	620	603	604	601	604	599	599	600	615	608	620	615	586	604	617	615	606	610	613	606	590	624	606	608	607	595	610	618	609	601	595	601	607	625	624	607	594	612	591	607	632	600	612	598	2833.371611
614	583	614	588	603	597	599	614	602	609	601	614	616	608	604	607	605	618	603	608	593	615	608	616	597	603	610	620	610	600	613	600	609	610	618	621	597	611	598	601	596	607	605	599	617	623	597	601	594	594	609	625	603	605	596	636	594	597	606	621	600	611	598	633	597	590	596	587	596	616	614	597	604	598	602	616	594	611	610	624	607	599	618	602	614	606	604	607	599	610	621	609	596	606	606	603	2834.774508
598	608	612	592	600	621	618	619	574	624	636	616	596	590	602	602	618	610	603	610	607	611	600	612	600	615	624	596	595	593	611	618	608	621	735	615	599	611	602	596	603	630	596	609	589	606	613	614	613	605	617	576	607	595	626	610	608	597	596	620	611	605	598	615	614	602	615	599	608	596	614	612	612	610	614	601	582	621	601	615	616	604	624	615	592	602	602	615	617	617	605	611	595	604	597	604	2836.167201
608	614	628	619	592	611	606	606	616	599	607	587	605	605	612	606	617	619	594	596	618	605	606	595	618	609	603	618	612	603	610	609	614	577	1367	621	598	591	600	611	599	620	614	621	614	599	604	618	597	595	600	611	605	620	611	621	629	607	620	613	615	626	619	628	593	606	610	620	599	615	616	614	599	609	611	586	604	625	597	604	610	617	621	592	613	607	620	615	605	606	624	597	614	634	603	614	2837.569307
595	613	609	622	607	620	608	614	623	627	620	618	610	607	614	622	606	612	625	603	606	621	606	613	606	603	617	608	608	584	601	598	600	591	1799	610	613	594	619	587	615	619	598	587	627	610	602	596	618	633	619	622	619	613	604	622	603	597	607	614	610	603	599	595	628	593	614	606	610	612	597	593	605	611	611	609	601	621	599	599	593	594	616	599	622	619	626	606	602	602	610	607	611	605	598	616	2838.971015
609	619	622	634	624	622	606	616	602	612	592	600	612	604	603	594	613	618	606	614	618	611	619	624	615	614	603	607	607	628	626	599	621	595	619	606	597	609	620	619	611	614	613	616	611	606	626	594	594	613	602	598	616	587	604	610	603	616	621	614	639	638	603	617	637	616	623	623	598	602	604	618	620	584	618	601	584	603	596	619	623	594	603	607	616	624	604	596	622	602	615	615	602	600	636	596	2840.362528
604	612	617	614	638	628	635	618	619	619	617	606	615	627	604	611	622	613	600	623	623	613	618	613	602	617	619	614	596	602	634	612	615	629	604	612	623	614	607	616	625	618	608	610	622	606	599	615	607	595	620	610	611	598	610	596	608	603	607	608	619	609	614	603	607	605	597	622	624	598	621	617	593	598	617	619	622	597	615	610	615	630	608	616	608	611	617	625	608	627	606	613	612	612	618	605	2841.763446
617	617	615	606	612	624	618	606	624	623	607	621	611	590	619	598	621	613	624	627	625	607	600	595	619	623	614	603	591	636	609	596	609	627	613	612	600	615	630	603	624	610	630	607	613	606	603	623	620	600	614	599	616	613	623	622	614	612	612	610	601	630	612	613	627	613	609	597	609	624	634	593	618	613	601	594	608	627	609	635	592	612	613	581	614	633	617	599	623	603	635	619	607	639	605	626	2843.154174
626	628	634	626	610	616	629	611	611	623	625	625	628	619	626	621	616	597	620	610	615	606	612	610	598	611	616	602	622	621	632	611	613	604	604	630	617	614	612	609	629	615	652	611	605	612	614	630	622	633	623	599	606	616	614	616	613	615	615	614	627	618	593	589	616	596	608	606	595	614	622	618	615	607	636	614	623	600	609	590	621	626	621	632	624	621	622	618	612	615	623	606	607	618	589	617	2844.554302
607	638	621	630	633	601	615	625	613	623	609	611	613	610	618	618	615	644	641	595	618	620	638	612	619	618	610	614	626	614	617	626	614	624	622	607	615	625	622	637	592	624	619	618	597	621	621	607	637	614	623	605	623	614	604	624	635	613	615	594	617	625	617	621	627	637	616	626	613	606	617	621	619	630	616	614	604	619	615	611	639	619	635	624	612	618	598	619	617	604	633	602	624	608	609	619	2845.944246
626	614	620	632	624	622	618	620	619	611	620	620	617	603	607	623	615	633	622	606	621	610	624	629	621	600	616	598	617	619	617	629	612	625	619	625	622	614	620	627	636	613	615	622	622	603	614	623	592	608	633	629	605	625	617	597	612	622	615	618	617	618	617	624	636	606	611	634	634	614	633	618	630	598	612	596	607	604	619	608	616	628	627	631	616	623	615	604	596	627	626	627	620	617	623	636	2847.3338
608	628	625	609	651	619	631	628	625	628	619	604	622	625	635	632	607	618	624	631	606	632	625	617	624	629	609	634	613	608	612	606	609	612	619	630	607	622	609	610	625	631	607	629	644	623	623	626	608	628	614	604	613	592	615	607	624	619	629	611	635	618	620	627	623	627	604	633	612	612	634	618	627	615	631	620	618	633	612	630	622	641	605	627	616	616	642	639	612	610	631	609	624	629	629	603	2848.722963
620	612	615	629	630	626	626	630	625	625	608	601	593	610	618	631	617	637	625	627	627	630	616	614	631	619	624	609	621	625	617	605	620	630	618	626	624	605	603	628	618	631	621	620	622	625	623	624	620	610	627	607	593	605	630	628	646	604	608	608	628	626	629	622	607	624	610	633	622	616	611	627	629	641	620	602	615	606	630	627	624	620	615	614	613	634	625	601	606	614	614	634	621	618	625	601	2850.121516
621	630	625	612	623	612	626	615	625	622	638	659	616	610	619	618	627	630	597	625	617	625	634	635	610	630	623	618	604	615	641	626	615	629	632	612	627	614	621	643	623	628	622	616	622	611	621	607	631	604	641	620	628	653	628	608	634	630	628	640	607	620	624	618	615	629	618	622	631	612	614	614	622	632	635	612	629	621	625	629	618	623	621	596	645	618	625	630	614	625	631	638	625	610	615	630	2851.509896
643	616	623	630	627	628	623	622	628	617	630	624	632	624	603	626	619	611	617	618	640	614	632	632	614	612	616	613	615	620	623	616	621	613	623	601	639	623	605	608	612	626	609	623	636	626	605	618	640	624	631	615	626	630	604	638	625	625	641	616	624	620	620	613	630	610	608	619	620	630	633	616	614	618	621	602	625	616	636	625	617	606	621	617	604	620	620	617	605	632	625	603	622	621	607	605	2852.897887
613	627	631	610	643	632	619	612	628	618	617	625	602	636	629	612	618	624	622	624	613	619	613	618	605	621	621	623	617	609	639	625	620	632	633	630	638	619	607	615	610	627	632	605	632	612	615	625	619	611	630	616	611	620	615	612	628	622	641	627	623	623	625	615	626	624	628	616	638	620	627	616	633	616	607	624	611	597	631	624	630	625	615	623	604	620	618	609	632	637	613	636	644	605	634	611	2854.285488
631	626	631	627	617	609	624	632	632	627	632	615	635	602	619	624	621	625	624	602	619	611	636	638	631	609	623	637	629	611	620	631	631	619	622	623	609	641	630	639	637	622	637	629	616	626	611	611	617	620	620	629	623	623	619	630	609	618	617	611	601	620	610	617	619	629	640	616	632	615	627	625	628	627	620	621	599	617	644	612	637	610	612	613	622	626	603	621	612	632	635	605	610	615	617	617	2855.662933
630	634	611	607	626	633	621	619	613	636	611	620	606	615	606	633	643	636	619	613	641	619	607	622	614	619	609	618	627	615	633	622	655	620	616	614	632	636	627	613	610	619	616	632	618	622	625	625	609	625	629	610	617	623	617	634	619	632	620	620	625	635	617	628	616	619	633	636	623	604	614	628	632	617	598	624	626	610	633	630	625	614	616	631	624	614	633	641	617	636	619	610	619	629	634	613	2857.049758
624	611	613	626	616	618	623	613	631	626	619	602	618	612	613	612	631	601	628	635	612	626	616	619	631	621	626	607	635	626	619	630	603	602	618	612	626	633	599	633	617	625	640	637	618	619	625	633	607	614	618	624	609	620	607	610	608	637	611	601	627	616	608	631	611	607	618	615	624	621	630	606	616	621	609	627	621	631	619	622	620	612	622	625	615	600	601	625	618	616	617	611	606	643	627	612	2858.436194
631	604	639	620	636	628	622	629	630	621	575	635	602	616	600	625	603	609	640	626	610	630	628	617	607	617	624	621	636	647	609	626	604	625	602	609	612	629	629	625	605	611	613	629	611	600	620	615	623	617	591	620	619	620	616	625	628	608	630	618	633	623	625	623	619	626	611	624	597	597	618	606	609	615	619	618	608	626	611	628	639	633	621	622	612	617	604	628	616	618	620	619	622	622	632	607	2859.822241
621	602	626	629	626	620	630	605	611	632	635	635	619	613	616	608	619	604	611	607	605	593	622	608	610	611	626	616	618	628	616	632	623	619	622	620	625	632	593	625	638	636	618	628	624	603	593	632	607	600	626	616	608	621	643	617	603	620	613	610	610	589	611	625	606	606	620	611	617	625	595	615	628	610	613	609	626	601	615	617	612	614	617	613	610	633	621	617	613	616	636	618	622	621	613	619	2861.207899
615	629	617	624	605	598	608	607	614	622	616	612	615	634	621	595	624	610	611	616	602	611	628	601	625	618	625	613	622	615	606	604	621	613	625	608	619	618	644	622	622	625	628	626	624	595	594	605	635	627	631	616	623	623	611	630	620	595	597	625	624	616	599	613	614	638	620	611	623	618	619	625	616	625	616	607	577	615	619	596	620	613	607	621	621	623	604	603	612	603	619	615	619	602	604	619	2862.583415
639	633	628	604	621	622	608	606	620	614	611	607	615	592	608	620	621	627	616	615	615	601	610	617	623	615	623	612	618	624	614	642	603	609	603	610	632	617	629	612	604	618	617	614	618	618	619	622	628	622	584	647	616	612	632	620	606	623	621	625	622	601	646	609	629	611	609	617	627	624	623	622	606	625	635	624	616	624	607	634	623	609	609	608	636	617	611	623	623	617	620	614	612	623	624	622	2863.968299
630	615	626	607	612	598	629	613	629	610	619	643	620	627	617	612	610	628	632	628	632	619	623	627	630	610	628	631	631	627	644	605	635	610	618	622	623	625	615	626	607	638	629	613	609	613	620	618	623	633	605	627	635	620	605	627	598	618	598	617	636	611	624	623	618	604	617	621	632	618	604	617	620	623	616	611	608	614	617	626	611	606	615	621	610	616	633	612	605	609	619	593	621	618	613	610	2865.343046
611	622	620	611	625	630	626	608	615	622	629	607	613	615	622	620	619	609	642	627	614	616	607	642	606	615	612	598	642	636	612	607	601	606	650	618	627	604	604	609	611	621	619	611	621	619	622	635	625	616	613	628	623	634	604	624	618	607	615	639	616	603	624	635	629	633	625	592	619	621	606	621	607	616	622	645	643	625	638	627	609	620	615	624	624	620	626	632	605	622	605	611	619	607	623	629	2866.727156
633	622	661	620	609	621	617	624	608	600	615	629	620	615	622	634	626	622	624	626	619	634	599	625	638	610	641	609	598	631	634	619	613	620	615	626	624	634	619	634	617	627	613	628	625	599	617	605	618	622	619	623	623	601	615	610	624	601	614	616	626	628	635	609	627	612	625	619	619	621	615	618	619	602	616	620	605	641	623	602	612	621	612	631	628	615	618	630	642	620	599	616	622	626	622	627	2868.101135
633	626	627	610	650	636	628	617	622	625	627	615	653	609	643	624	616	634	615	623	633	602	625	638	615	617	627	627	644	607	586	630	621	649	619	621	631	636	619	609	630	622	620	620	631	625	633	630	637	623	629	627	639	628	636	627	621	619	617	630	630	624	649	625	623	613	617	610	629	633	610	609	622	631	612	638	627	632	651	634	626	617	628	632	620	616	628	621	617	624	630	630	607	629	632	622	2869.474731
618	625	640	614	619	624	629	634	625	637	620	621	618	626	619	623	641	626	630	647	612	628	636	606	639	628	617	614	616	619	646	605	635	637	621	625	642	623	631	630	618	627	625	629	635	623	601	617	639	638	609	625	603	639	633	645	651	616	631	620	624	620	640	612	630	602	649	607	624	633	660	625	634	624	638	611	618	633	624	636	627	648	613	630	630	613	629	607	633	598	611	645	640	635	629	614	2870.847946
635	633	634	624	640	616	607	610	606	619	628	634	632	636	617	635	639	623	627	642	640	617	629	619	625	621	630	636	615	617	633	631	625	633	632	645	629	630	636	655	625	630	612	630	616	619	652	632	618	629	621	620	603	639	619	626	624	628	635	645	641	627	622	631	620	627	626	613	618	624	619	630	624	619	636	622	625	630	653	623	619	612	622	617	632	634	628	621	638	638	624	626	636	618	624	619	2872.230513
644	621	614	631	648	639	627	641	628	642	619	658	610	631	629	624	630	621	612	618	646	621	616	615	630	627	639	636	638	634	633	629	643	626	613	649	658	617	629	615	618	622	626	639	644	616	630	615	627	640	649	623	621	627	630	619	645	635	594	622	615	628	631	621	634	638	636	640	639	620	632	624	614	609	638	651	637	626	639	633	642	616	632	637	623	608	620	641	643	627	636	633	630	642	618	640	2873.60296
635	657	624	635	646	653	646	643	641	648	646	627	635	623	632	621	620	629	638	625	624	628	630	619	632	618	634	639	635	625	640	613	633	633	612	655	616	637	635	631	642	641	628	618	648	635	603	636	630	647	635	638	636	628	637	625	643	628	646	632	651	623	639	632	607	627	632	643	636	634	615	631	651	622	658	648	643	618	648	644	635	624	624	642	633	605	621	631	642	623	614	648	644	627	626	633	2874.975026
640	634	631	646	627	614	651	637	636	655	641	635	643	628	629	634	637	656	623	642	650	641	628	648	639	627	631	633	637	636	629	628	647	614	643	628	636	632	637	624	648	643	633	635	634	628	617	630	677	628	629	616	635	637	646	644	638	645	620	624	627	627	629	630	632	622	615	653	618	670	628	633	618	633	641	638	619	641	645	642	641	625	629	651	621	625	633	615	633	647	657	647	637	626	637	628	2876.34671
633	643	627	631	640	622	642	655	627	657	636	653	656	625	628	644	622	633	650	653	638	622	638	645	644	647	645	645	640	638	619	631	616	635	628	616	643	622	641	615	622	636	628	651	638	638	654	634	646	641	627	631	602	643	654	648	627	617	630	641	622	627	641	644	628	637	634	633	630	634	636	640	632	626	643	630	621	642	638	650	626	651	628	641	626	655	634	620	631	666	633	620	633	636	633	635	2877.718013
659	660	640	626	649	636	640	643	652	649	655	655	626	624	635	637	645	632	648	638	635	647	629	640	639	628	654	650	634	646	633	629	657	632	633	631	637	651	618	645	646	640	645	632	633	629	660	627	661	623	646	620	643	658	636	635	642	642	637	643	632	642	633	641	647	648	641	640	641	642	634	647	640	633	635	640	645	658	636	645	657	639	652	656	637	638	633	638	633	627	657	646	634	627	654	644	2879.088935
646	634	643	650	662	659	632	651	650	651	655	625	647	629	656	654	649	635	646	612	644	652	662	618	636	643	646	629	639	639	663	628	630	642	646	637	639	630	645	657	645	661	647	635	639	633	640	629	642	645	642	628	647	631	662	643	636	639	638	637	648	633	650	647	639	650	637	655	629	640	624	633	630	639	623	663	625	645	647	651	628	651	653	621	624	641	634	642	640	646	656	661	634	638	645	635	2880.449756
632	645	637	659	622	654	638	667	639	647	639	649	647	648	639	656	651	649	632	635	655	634	637	646	626	641	645	648	638	635	657	636	629	667	648	652	654	637	656	652	647	644	634	644	677	652	651	619	647	627	635	655	654	620	646	663	639	662	636	656	663	655	629	636	647	657	638	638	612	650	658	644	655	643	655	650	662	646	652	646	638	649	652	670	635	640	653	636	645	629	667	646	634	653	630	649	2881.819918
653	626	655	655	626	657	637	650	662	649	645	651	633	656	640	642	617	644	629	634	652	649	673	635	641	661	643	653	659	642	652	632	631	637	635	653	647	642	631	655	634	644	652	637	649	642	640	636	679	636	658	643	690	634	642	657	666	639	658	631	648	630	626	655	647	644	663	651	628	651	639	647	651	649	639	661	630	618	656	641	618	651	655	640	644	663	653	653	614	645	638	632	646	657	651	677	2883.1897
669	640	648	659	656	634	642	654	620	676	645	622	685	629	652	652	657	630	660	654	646	648	656	635	641	647	648	638	648	665	619	644	634	643	634	625	657	626	637	646	647	641	639	650	648	633	653	661	635	628	625	642	638	622	659	659	651	663	644	650	657	628	631	633	626	658	662	634	641	626	649	630	644	629	646	647	647	650	640	640	645	625	640	633	644	667	640	647	649	674	637	631	628	645	639	625	2884.5591
642	648	647	654	643	656	657	616	669	642	650	656	645	656	648	636	642	641	677	650	649	661	654	635	648	657	655	641	641	634	658	630	671	664	634	655	637	635	649	637	662	655	664	658	649	638	637	630	650	635	649	638	644	640	665	636	629	645	665	632	632	642	640	655	622	638	652	643	660	650	661	648	642	654	630	629	632	646	650	649	648	637	650	671	650	650	657	641	652	663	644	647	638	668	653	644	2885.918412
637	656	642	655	646	637	644	665	663	623	651	640	657	651	644	657	643	644	626	657	644	672	624	654	638	650	637	657	654	652	675	664	658	649	667	634	633	633	647	639	660	652	650	657	643	647	636	660	645	649	685	621	653	629	655	649	653	668	639	640	626	650	657	648	637	650	648	653	652	624	645	633	660	655	646	642	646	641	654	654	652	663	634	646	624	636	628	637	641	657	661	638	626	625	633	640	2887.287055
621	648	650	639	663	643	663	650	628	649	658	650	637	646	651	642	646	650	638	638	658	657	640	656	672	640	633	666	632	639	645	634	659	657	649	633	624	626	645	655	648	662	650	654	646	639	665	648	642	631	644	658	635	636	643	637	656	658	645	668	633	647	639	643	624	643	647	638	642	645	660	645	653	641	649	628	624	640	638	641	626	650	629	658	642	645	642	633	623	657	651	640	650	668	648	655	2888.645615
648	654	637	656	636	639	643	649	663	651	648	660	643	636	635	654	634	656	646	634	646	642	642	644	643	658	646	631	654	649	644	658	623	622	646	657	635	647	646	636	651	633	644	634	637	646	640	642	658	638	635	646	636	635	638	627	647	653	652	621	659	643	632	634	641	643	652	637	649	646	629	657	642	627	646	634	638	640	641	648	640	636	639	634	634	661	654	630	654	650	650	647	644	644	629	649	2890.0038
643	660	648	653	667	643	668	647	632	651	684	643	622	659	648	642	653	668	665	665	642	645	646	645	655	658	621	647	636	645	639	648	654	641	640	654	646	646	629	644	637	657	644	645	650	637	650	629	635	648	672	647	649	657	637	643	637	626	649	650	642	621	644	634	632	644	633	644	650	659	638	653	633	672	640	651	662	628	641	641	649	639	626	634	631	647	619	636	641	638	662	630	647	640	636	651	2891.371307
653	646	635	671	627	639	649	640	660	653	657	624	639	634	635	649	643	656	645	633	649	633	663	642	640	655	641	651	646	626	665	621	640	667	633	645	650	635	663	672	644	641	653	650	627	631	640	632	655	638	628	657	653	632	636	659	639	651	668	631	635	648	637	641	652	636	629	644	642	635	642	635	637	631	644	668	651	644	647	648	645	636	647	622	637	636	670	640	641	643	642	660	658	666	663	640	2892.728741
627	637	650	650	645	633	635	654	650	638	627	646	651	661	649	667	636	650	633	642	659	636	634	647	637	654	640	649	655	630	628	649	638	629	656	632	650	629	666	625	653	651	665	633	636	655	668	647	637	643	628	635	624	659	630	657	632	639	673	642	628	631	642	636	656	631	652	632	616	627	632	664	638	659	637	639	636	663	648	653	631	636	651	640	649	640	652	637	661	633	636	639	647	637	652	638	2894.0858
636	642	647	640	645	669	643	632	646	656	636	649	660	630	650	651	663	651	632	659	656	632	660	675	651	647	629	658	628	652	651	648	637	638	646	663	660	645	643	643	637	648	640	645	635	631	649	648	654	682	652	645	666	667	643	646	641	637	638	676	620	639	661	644	644	655	651	639	626	634	645	647	660	633	639	653	641	663	658	643	638	650	666	647	669	672	657	643	624	644	619	641	645	658	646	638	2895.442486
634	653	659	673	645	655	648	641	638	661	661	639	673	639	643	662	633	666	650	647	645	655	645	625	638	645	669	621	630	674	613	627	650	655	660	650	661	635	648	634	670	647	631	651	651	655	652	645	637	647	652	637	658	668	659	649	653	640	648	664	636	650	652	666	652	643	648	655	651	635	654	634	638	669	660	650	657	638	635	649	643	635	617	654	658	636	653	634	650	648	653	650	641	652	663	668	2896.808484
642	643	667	641	658	656	648	629	653	629	657	660	643	629	648	644	650	620	648	654	617	653	629	663	659	640	642	650	660	634	641	631	634	652	642	655	657	646	640	660	660	656	641	674	656	658	658	653	670	651	649	641	651	618	674	643	639	618	676	652	658	646	632	651	662	641	635	645	652	666	627	651	651	641	646	643	644	649	638	631	638	675	635	636	646	655	660	645	664	655	661	648	650	645	645	657	2898.164419
656	646	637	649	642	635	655	664	639	656	660	650	654	639	655	650	660	658	645	651	662	658	663	650	658	657	654	650	620	670	650	639	656	652	629	652	649	624	637	1563	673	666	663	650	661	645	661	677	654	656	643	635	651	650	652	666	656	633	652	651	647	647	655	633	647	645	665	648	661	652	654	664	648	660	657	648	668	647	654	667	659	639	652	653	646	621	627	648	634	646	653	657	663	646	659	648	2899.51998
674	657	678	665	658	669	659	656	661	647	711	660	667	657	651	653	658	657	648	666	645	637	653	656	674	638	644	664	681	645	652	659	643	657	649	660	666	645	661	1155	667	670	664	668	657	649	684	640	633	660	655	657	628	667	648	670	652	650	647	645	657	663	654	647	653	668	650	666	624	651	671	662	659	642	661	662	665	658	653	635	655	666	667	645	652	662	655	651	648	663	654	656	667	644	648	662	2900.86549
659	658	676	638	655	640	656	675	666	663	664	679	654	657	660	653	650	653	676	671	641	668	643	645	657	677	660	676	658	671	658	660	659	662	656	672	669	676	647	644	664	659	647	662	649	648	663	671	667	663	669	654	658	665	644	646	664	669	658	664	676	672	647	649	659	643	651	649	651	660	658	647	643	639	674	672	655	662	686	663	647	665	653	652	628	642	648	660	656	660	666	664	653	659	665	649	2902.220307
651	657	673	665	664	666	658	669	656	659	688	668	657	678	668	673	654	667	653	658	678	655	676	665	685	655	653	657	660	665	669	668	639	663	656	681	647	664	672	668	657	646	659	641	667	644	649	660	661	660	646	659	664	642	666	663	671	653	665	649	653	630	665	679	666	684	635	666	666	641	654	640	663	650	652	653	662	657	646	666	636	625	665	660	648	660	670	672	646	650	651	649	661	659	666	662	2903.574752
661	656	658	678	671	669	669	670	664	661	675	670	642	679	665	654	689	685	681	660	669	660	657	664	664	679	665	669	664	669	665	654	654	654	668	654	674	665	665	660	658	669	641	664	670	656	669	635	647	679	670	676	672	667	666	651	656	662	669	665	668	667	673	649	647	657	674	634	654	658	660	676	640	656	660	656	667	683	678	671	655	668	667	666	669	663	649	668	652	667	657	659	653	656	663	667	2904.928823
667	664	685	673	660	652	667	662	665	652	676	651	664	666	654	693	648	653	677	690	660	654	666	663	657	663	651	645	688	677	658	653	660	660	652	662	652	654	643	656	663	677	660	676	660	659	670	650	674	664	636	644	676	656	677	670	649	668	667	664	653	657	642	678	647	656	663	638	648	657	641	660	663	655	667	651	656	659	671	694	658	667	656	656	674	661	673	668	647	663	652	681	644	684	672	663	2906.272854
680	653	660	648	694	698	672	672	677	652	665	652	672	658	651	670	660	673	666	671	688	677	648	665	674	678	680	642	669	669	653	652	662	667	661	676	665	664	655	683	671	672	675	672	673	653	688	667	653	677	659	687	674	680	650	689	652	660	673	635	654	661	667	657	656	668	664	666	656	652	655	638	643	674	661	664	655	672	642	660	662	664	670	664	673	658	683	672	629	665	699	668	686	660	646	672	2907.626183
658	657	670	677	664	663	673	681	661	666	649	664	656	660	668	658	659	680	655	664	658	640	667	676	654	656	673	649	685	672	677	671	659	682	664	672	661	664	686	671	688	652	643	645	668	663	655	664	646	651	671	654	674	648	651	659	662	674	659	675	661	667	651	665	647	668	669	649	655	681	645	672	680	652	664	651	661	675	682	665	651	661	678	661	642	657	669	655	662	663	663	653	652	670	666	644	2908.979139
680	673	664	670	667	678	684	663	668	655	681	662	662	672	693	652	673	668	671	664	651	664	655	673	652	669	680	652	656	661	649	673	680	671	662	665	665	666	659	671	659	668	649	662	649	680	658	652	657	686	671	668	650	671	667	643	670	658	680	678	648	643	640	649	659	623	674	682	672	660	677	680	679	646	640	659	657	660	670	671	679	653	660	683	679	678	657	663	662	661	644	677	655	672	663	649	2910.322063
670	650	654	663	665	643	662	673	651	654	673	658	676	664	659	679	660	657	678	677	640	663	674	642	683	660	661	677	669	669	653	678	663	643	662	657	656	653	677	653	647	648	667	664	656	643	666	682	670	684	640	670	665	664	653	681	691	668	669	664	661	656	639	667	647	682	666	658	644	681	665	655	638	662	666	659	672	664	660	657	661	676	661	651	637	643	657	666	656	676	647	651	659	673	661	662	2911.674277
671	642	658	648	675	652	659	650	677	675	665	668	682	659	656	676	660	641	656	665	656	662	682	664	652	671	640	676	668	656	661	664	668	658	661	668	670	672	655	658	661	674	660	661	656	638	648	643	661	659	645	659	665	672	673	679	662	666	652	664	650	652	667	657	654	656	644	652	654	672	655	660	680	645	661	652	660	650	674	671	657	665	659	662	667	657	677	642	667	656	668	699	667	656	666	658	2913.016465
656	670	649	651	655	675	666	661	678	668	654	669	655	663	669	669	654	647	662	677	668	633	640	662	661	675	662	651	657	644	655	657	671	680	664	661	671	657	668	652	649	643	662	670	667	660	658	653	646	657	668	649	665	650	646	681	663	652	677	654	682	654	657	669	666	666	664	631	660	676	665	659	667	675	658	657	677	654	662	691	676	652	650	654	673	675	663	654	645	680	679	661	670	661	659	675	2914.358286
682	651	679	706	643	669	671	658	665	657	687	669	659	652	650	667	659	680	669	639	670	658	657	660	664	651	647	667	647	661	663	660	660	653	660	656	661	659	645	656	664	660	671	647	682	694	666	665	661	668	655	669	673	659	652	668	663	653	681	653	655	667	658	656	643	669	649	658	663	650	652	662	667	640	659	674	652	657	647	668	653	663	654	651	646	666	681	667	659	656	662	656	680	644	661	647	2915.69974
655	667	668	655	680	654	667	656	654	643	656	662	640	644	657	645	646	650	659	658	641	666	648	695	663	644	643	661	677	653	657	656	644	664	655	663	656	674	676	656	655	651	661	666	655	673	670	666	646	651	677	653	663	651	669	677	656	643	643	662	648	665	667	660	653	653	664	662	667	647	667	660	672	667	667	662	654	667	661	664	647	672	652	662	646	652	651	643	659	666	664	686	665	649	646	647	2917.050476
659	649	645	646	674	668	684	674	654	674	642	653	670	661	664	638	655	673	637	658	655	664	667	659	646	672	654	663	644	660	658	657	654	658	660	660	638	678	659	651	657	659	656	640	661	681	652	659	660	655	648	655	659	646	663	650	636	661	656	655	669	676	646	654	668	651	642	675	643	660	651	664	662	636	640	663	646	653	658	662	669	668	649	650	649	674	666	643	669	659	676	667	639	662	654	653	2918.391195
662	666	671	664	647	658	655	681	653	646	657	657	669	643	670	678	653	676	652	656	660	662	653	641	649	649	680	657	659	658	673	643	650	650	639	664	668	661	664	649	661	661	664	662	663	653	656	666	652	668	660	672	666	663	666	677	654	649	642	668	667	643	652	650	666	666	643	669	661	641	666	656	664	674	650	665	641	677	646	667	669	653	659	676	630	640	668	659	663	653	650	694	659	639	660	655	2919.731549
666	650	675	663	659	646	662	648	647	662	670	649	639	673	641	630	653	659	659	666	647	670	655	665	648	655	647	653	673	660	656	655	645	655	640	669	667	671	670	669	646	647	650	656	647	682	665	666	657	656	657	663	657	668	678	664	645	655	635	656	651	661	659	662	660	664	636	634	644	657	654	658	648	653	647	657	646	655	666	646	652	667	656	643	645	667	663	649	664	648	658	645	667	653	668	652	2921.071536
661	684	673	655	665	665	634	653	646	661	659	646	674	651	653	673	656	667	650	664	651	654	651	665	672	686	648	674	658	663	654	647	657	666	643	669	682	640	682	648	666	664	656	656	658	651	653	635	647	671	628	641	668	655	653	638	650	650	659	625	654	659	648	666	650	664	641	644	653	676	649	669	651	649	663	653	642	645	659	650	652	674	648	641	639	649	661	661	655	646	640	670	670	677	657	649	2922.411159
665	652	654	678	681	652	661	656	657	676	672	647	668	675	644	660	647	646	669	639	656	669	656	667	660	655	676	652	662	643	651	652	681	665	676	645	673	666	645	645	650	653	669	675	658	653	660	667	662	647	656	654	647	654	647	662	666	669	655	668	657	659	649	653	671	654	674	654	658	656	672	666	654	664	637	680	656	655	670	659	661	644	647	654	662	652	682	660	645	666	664	669	679	639	665	662	2923.750415
668	667	642	645	700	682	660	667	692	655	686	670	681	660	668	664	663	682	644	662	665	670	660	648	662	680	664	675	675	639	673	669	662	645	665	664	658	684	657	668	667	661	669	658	646	670	665	640	651	644	643	661	673	655	658	663	669	654	669	652	660	684	679	661	684	658	644	661	664	649	642	662	673	649	658	652	667	665	650	653	679	653	650	660	665	683	676	638	666	666	662	656	658	649	665	669	2925.079675
649	641	663	661	660	664	654	654	668	660	676	645	667	655	658	658	663	670	660	655	663	645	664	661	692	664	665	667	677	660	676	667	667	663	668	650	672	664	658	676	691	679	681	670	657	657	668	644	646	662	685	676	648	648	675	663	657	665	646	688	651	671	659	660	656	675	658	656	679	660	677	676	670	673	657	636	675	676	669	676	660	675	678	644	657	662	658	670	650	663	666	667	666	672	659	674	2926.418204
661	656	664	681	689	680	689	668	668	661	676	685	687	651	668	677	676	695	691	668	690	709	687	686	665	677	686	656	657	649	667	668	659	660	668	657	660	671	669	659	695	692	696	659	672	659	652	669	675	685	671	656	701	674	642	664	665	675	668	680	674	680	670	680	676	674	674	652	669	684	659	673	693	661	659	672	680	676	654	669	663	675	657	648	652	661	692	658	672	670	679	656	683	660	660	680	2927.756367
660	685	672	663	681	675	680	672	707	684	690	657	685	665	683	682	666	674	680	647	668	686	662	679	662	674	675	676	669	687	670	682	667	685	672	663	679	667	667	670	668	695	677	683	688	679	666	674	670	673	679	661	651	697	671	679	679	656	664	663	664	666	670	657	688	676	677	659	658	690	672	683	678	675	655	658	675	679	672	677	661	662	646	661	667	697	665	683	666	670	657	662	679	655	685	700	2929.094166
669	683	677	675	664	687	661	663	656	680	674	670	675	677	692	673	687	691	697	673	668	678	697	668	675	690	677	677	688	689	678	666	682	675	693	668	688	676	699	670	683	675	656	691	686	680	673	707	678	690	692	695	677	704	639	673	672	679	689	667	670	680	692	682	673	680	672	679	676	674	673	669	688	679	668	673	678	674	683	684	667	695	687	662	667	664	681	660	694	698	660	697	685	664	658	677	2930.421979
664	685	679	677	696	692	674	660	681	689	683	688	677	677	676	696	697	669	681	694	672	682	662	697	662	666	690	657	680	676	687	680	647	669	663	680	677	674	669	675	690	675	677	690	686	692	717	673	669	679	656	664	667	664	689	666	680	677	655	684	687	673	679	674	657	666	686	683	679	693	664	686	675	663	657	664	666	683	640	666	678	662	670	711	662	685	654	656	689	670	673	691	692	664	691	667	2931.759051
706	710	661	693	698	692	676	672	675	667	674	673	689	682	671	693	697	697	686	682	686	668	670	696	700	666	685	708	686	671	667	687	665	683	720	669	690	686	683	684	691	687	694	681	688	676	701	674	681	667	687	690	685	681	702	690	677	682	694	673	663	681	676	697	678	679	682	662	692	715	676	686	695	686	675	675	689	672	670	694	675	668	679	663	671	663	679	691	682	673	679	661	692	673	679	677	2933.086143
684	688	678	670	676	693	686	699	676	679	683	680	669	682	685	714	684	656	665	650	681	697	671	699	691	665	692	686	672	693	682	689	692	688	667	685	683	683	685	654	682	678	666	682	687	692	673	693	698	671	682	647	667	678	671	651	694	683	688	693	695	671	658	684	682	695	661	668	703	683	705	668	671	687	698	665	686	669	683	682	667	689	683	677	674	673	690	684	660	682	682	670	681	685	665	661	2934.412876
691	670	703	706	665	678	692	663	678	703	690	666	684	681	698	689	693	684	684	689	669	670	666	671	685	661	669	701	681	687	655	691	705	697	686	683	682	677	681	678	676	684	678	691	686	684	670	684	697	672	694	678	664	698	688	688	669	700	681	663	682	694	690	684	677	680	674	671	674	674	662	696	691	678	672	671	710	658	681	694	683	695	715	664	687	704	700	674	655	693	680	689	690	694	654	706	2935.74886
690	678	682	704	684	696	691	680	685	686	692	670	700	691	693	685	720	687	695	689	681	699	679	686	685	693	690	696	687	715	689	682	688	669	662	678	696	695	695	686	676	687	674	687	697	669	673	688	691	692	685	694	684	698	690	679	673	716	677	664	684	667	674	685	670	690	702	685	696	679	692	687	679	690	684	663	676	680	675	687	661	686	670	679	705	683	670	673	689	710	689	684	695	683	701	683	2937.074872
685	689	679	688	692	691	702	698	706	713	701	709	679	692	650	669	664	700	703	661	693	699	677	692	690	688	707	705	687	685	682	668	681	712	682	686	688	678	687	672	684	687	683	712	709	662	678	679	685	680	699	690	681	684	682	690	672	683	698	692	674	677	672	674	700	663	688	672	690	675	696	675	688	683	704	691	688	680	695	684	713	714	672	671	676	704	708	675	705	691	701	682	680	698	701	673	2938.400526
678	680	664	690	681	689	677	668	687	688	685	680	672	709	684	700	683	725	694	701	675	684	682	682	698	691	702	692	691	686	707	665	697	679	692	692	672	702	662	689	663	700	681	710	686	682	689	685	693	682	685	697	686	697	662	707	695	682	686	699	705	710	670	686	675	690	662	700	692	690	668	685	703	688	677	710	698	674	695	694	683	686	702	701	692	674	668	674	679	700	692	673	680	690	670	697	2939.725822
689	706	691	667	676	694	712	680	684	696	688	701	686	683	663	685	714	660	675	678	687	693	704	672	688	694	667	697	684	680	678	685	691	673	673	692	679	685	670	688	691	679	702	698	681	679	691	666	688	688	701	691	684	683	686	690	681	697	684	671	701	671	671	680	691	686	687	668	687	686	692	688	669	675	675	718	679	672	670	713	695	690	668	691	690	669	698	676	667	667	691	690	690	699	695	696	2941.050758
671	679	705	690	687	706	698	663	681	682	704	702	675	708	672	683	704	678	658	683	684	682	708	698	684	718	704	670	690	675	683	693	661	677	672	699	699	707	682	697	659	688	676	707	697	675	692	696	692	694	670	683	681	669	688	675	685	676	676	707	713	696	668	680	699	683	677	671	665	679	679	702	664	662	679	691	688	668	682	698	682	690	700	690	666	687	678	699	660	678	680	681	690	683	684	701	2942.375337
691	680	683	690	696	683	696	693	685	671	682	681	677	671	672	688	696	709	687	703	688	692	686	692	675	678	688	684	682	681	683	693	688	676	687	698	684	668	690	688	694	677	673	699	689	687	683	709	701	677	712	683	684	684	681	669	721	676	714	704	667	675	679	685	689	688	686	677	673	695	687	693	652	681	680	702	692	685	691	680	687	680	701	692	652	682	679	667	672	675	685	687	711	696	672	672	2943.699558
683	681	694	677	685	669	675	691	677	679	695	684	704	697	659	678	679	683	680	686	685	684	686	685	697	673	666	664	694	677	698	685	694	687	693	678	675	668	687	683	680	677	675	646	667	695	697	667	674	692	670	679	678	666	675	689	686	667	692	676	675	681	677	692	693	665	690	651	636	681	683	676	695	686	672	672	689	660	667	682	685	695	683	669	708	696	668	680	676	656	696	696	694	690	672	690	2945.02342
668	693	680	675	688	665	683	665	669	688	668	692	682	687	672	687	670	679	686	675	681	674	668	678	680	671	680	690	679	683	676	682	666	671	686	691	671	691	678	674	687	686	692	692	684	683	673	658	666	678	674	698	667	658	682	670	655	687	663	673	680	709	699	673	674	684	681	692	695	688	684	672	709	680	685	691	686	677	671	689	675	690	689	688	672	666	675	705	674	695	671	666	675	672	680	682	2946.346925
678	689	668	684	664	688	700	669	687	681	676	676	659	655	677	684	687	712	679	672	683	672	689	694	669	674	674	680	675	658	701	670	674	668	700	671	699	667	671	699	686	671	673	699	690	672	683	671	675	666	677	682	671	690	680	684	660	666	693	680	672	668	690	688	673	667	682	670	686	689	684	672	665	650	702	691	663	668	672	696	676	671	680	690	687	671	669	676	676	667	700	694	677	669	678	666	2947.670072
673	682	675	677	684	669	671	684	649	679	657	676	644	675	669	688	684	655	671	665	652	671	673	653	685	677	684	668	660	661	650	694	663	689	667	677	674	691	663	677	690	671	686	680	672	669	679	647	683	692	672	685	654	688	651	656	670	673	672	678	669	659	694	681	668	647	658	682	677	678	680	687	676	670	675	670	693	664	664	650	701	695	686	683	666	678	681	682	655	667	690	664	680	654	666	671	2948.992862
695	665	690	696	677	707	657	676	642	654	651	676	696	666	667	672	662	682	682	672	661	673	674	677	658	666	663	656	679	676	696	681	671	680	685	683	655	677	675	668	682	688	656	672	703	657	635	682	662	662	662	676	695	676	672	646	674	677	675	676	661	669	687	664	654	647	669	673	698	671	682	670	688	652	636	681	658	652	668	667	653	661	678	682	657	665	664	679	674	663	663	682	674	661	686	659	2950.305713
685	665	661	671	671	678	676	694	669	694	697	664	671	686	662	687	658	670	680	698	676	689	680	668	685	667	663	657	671	657	692	663	665	661	671	687	658	668	682	675	667	663	672	668	670	689	669	670	674	693	686	675	679	666	658	661	667	671	671	700	658	680	678	670	661	658	674	664	670	681	646	690	679	668	664	653	659	660	685	679	696	677	654	680	671	657	660	663	659	659	692	668	657	658	655	659	2951.62779
677	674	686	674	699	663	658	665	677	674	670	669	680	668	653	687	668	667	649	662	675	673	653	687	686	674	686	683	659	674	688	660	659	677	656	646	672	682	664	651	655	685	680	692	683	647	678	678	688	682	681	659	655	687	684	668	663	678	664	661	686	681	668	668	688	670	682	668	665	658	665	670	669	679	657	658	666	675	681	665	676	671	677	684	662	659	674	663	667	650	675	674	668	680	680	676	2952.939934
657	670	654	670	673	668	675	670	669	685	667	677	682	682	668	687	669	687	654	678	661	701	676	670	671	674	669	677	659	674	679	686	674	661	672	673	667	680	679	686	668	654	684	669	660	686	667	702	676	682	666	669	679	654	663	693	673	665	669	675	683	670	666	662	664	661	687	676	672	680	676	672	699	664	686	663	670	659	659	687	672	662	684	662	680	679	664	645	674	664	669	656	685	641	650	660	2954.261301
670	671	666	683	630	677	663	670	666	657	683	678	666	685	668	673	659	682	672	679	666	680	658	668	675	666	686	673	692	683	671	679	672	686	667	658	677	659	677	671	675	678	667	689	674	679	681	669	679	682	684	664	661	663	697	658	661	673	663	655	672	662	685	669	663	675	677	670	661	681	663	701	677	678	698	668	646	671	655	670	679	650	665	697	671	665	685	659	670	663	663	660	680	691	684	662	2955.572739
679	688	695	669	691	689	664	675	663	682	670	664	688	658	673	690	659	662	677	665	668	656	653	661	664	673	665	674	678	683	661	670	688	681	674	680	687	675	665	688	676	668	654	680	653	669	656	681	674	653	671	664	671	654	676	686	684	680	662	679	661	680	675	679	696	678	669	689	672	687	646	676	678	673	660	676	675	663	674	669	662	654	679	679	682	681	666	673	659	682	664	633	656	661	665	676	2956.893394
689	673	671	651	660	684	658	686	671	666	674	673	683	676	658	684	677	646	684	672	670	672	675	676	672	648	667	661	647	681	672	684	667	683	687	670	665	687	653	695	663	667	672	667	676	687	666	667	664	669	682	684	701	670	655	678	669	670	667	671	678	673	671	672	663	670	712	633	686	679	685	663	689	655	684	658	658	678	684	696	674	685	660	658	670	679	661	665	682	691	693	663	663	668	673	675	2958.204127
665	685	679	697	691	672	684	677	673	686	683	675	677	650	679	677	670	664	652	684	677	683	669	687	673	678	686	679	686	665	687	685	677	674	677	671	660	679	681	697	676	673	669	683	685	653	663	667	683	673	689	680	678	700	658	693	680	680	678	669	671	659	686	671	695	670	660	680	674	675	662	658	668	684	653	672	685	674	650	657	667	669	665	663	661	660	692	692	684	708	690	680	691	690	684	695	2959.514508
683	682	679	689	676	668	678	673	681	675	683	662	672	660	673	658	650	681	666	696	672	672	649	666	675	682	686	677	677	676	674	664	686	698	657	683	685	684	663	683	675	677	674	682	691	672	706	695	676	660	671	692	651	678	689	661	653	674	668	672	689	667	668	661	675	637	685	674	669	660	679	660	689	686	660	684	651	664	678	675	682	648	664	688	688	671	663	681	677	668	662	683	677	678	668	682	2960.824539
695	656	668	691	674	675	680	676	682	676	671	686	695	684	677	684	675	677	665	655	668	688	677	682	721	684	684	705	683	665	676	679	661	686	674	677	667	686	659	670	665	677	682	688	685	693	684	657	677	669	678	681	685	661	662	676	668	669	686	689	692	694	671	659	668	672	659	685	676	678	669	677	669	672	667	671	649	678	688	661	680	660	673	680	678	675	665	680	686	676	674	683	689	663	677	674	2962.143777
665	664	671	695	680	658	716	691	679	659	679	665	674	653	679	680	718	654	656	669	677	668	688	692	701	661	677	668	689	678	669	681	686	682	689	677	689	675	668	686	645	655	665	678	674	673	680	683	683	675	705	660	673	679	668	678	690	664	666	667	673	651	673	672	682	676	651	692	664	663	679	670	675	666	667	680	693	683	676	686	659	651	673	670	658	677	680	670	655	666	670	673	673	660	690	680	2963.453103
685	685	666	678	664	680	664	676	663	674	660	679	699	656	677	687	671	688	681	664	679	669	670	672	664	668	657	701	672	677	669	663	680	652	656	681	673	675	664	673	686	679	686	664	671	682	668	676	683	673	687	668	689	683	664	658	683	699	680	679	710	680	659	676	668	681	682	698	665	656	670	673	686	699	654	673	660	694	666	647	674	683	676	669	677	674	696	673	676	689	680	683	680	667	666	665	2964.762078
681	667	672	678	666	653	698	682	653	687	682	680	666	664	672	691	679	688	684	672	669	684	681	674	683	664	683	698	662	673	669	687	686	698	657	656	672	671	683	689	675	678	659	673	702	673	663	676	661	672	684	679	652	665	671	641	645	678	702	690	672	677	662	670	668	652	665	673	671	678	682	665	672	699	669	683	674	659	667	679	652	657	654	661	666	667	684	665	653	687	658	666	664	666	664	662	2966.070703
690	673	687	674	662	688	653	679	702	690	677	668	702	666	701	678	672	682	678	681	671	682	667	662	669	683	686	675	683	682	676	666	669	696	659	681	669	666	670	673	676	663	698	681	661	674	664	677	670	667	658	646	677	673	674	672	677	677	663	696	645	666	684	657	669	667	656	675	658	675	677	654	672	689	663	688	688	660	685	676	664	680	674	661	675	661	673	669	673	685	668	685	660	671	665	667	2967.36943
666	665	685	678	676	649	676	692	696	679	672	683	665	664	666	677	676	662	656	665	693	673	674	672	684	710	684	676	658	663	680	664	679	674	686	660	677	680	683	697	667	678	672	677	680	681	680	667	673	689	676	682	700	664	676	672	661	677	649	659	661	692	654	659	673	677	656	659	661	658	647	665	684	689	663	684	679	658	670	661	670	676	666	653	671	682	670	657	658	682	666	696	676	660	672	662	2968.677357
661	672	677	666	686	698	677	664	647	658	669	689	680	685	677	683	666	664	682	667	687	681	648	682	668	661	673	658	667	652	682	682	665	649	667	641	663	660	662	653	675	668	686	675	669	673	669	674	684	667	654	673	648	674	672	657	671	668	687	666	674	695	655	687	663	673	670	658	658	670	654	642	672	662	658	673	672	680	666	653	686	686	666	649	689	668	668	678	691	668	700	660	683	709	689	687	2969.984934
668	661	672	688	669	661	689	655	675	671	664	680	665	656	660	683	685	684	671	679	687	659	684	677	674	647	677	659	684	680	671	662	667	676	674	684	657	669	680	685	679	691	687	687	707	633	644	671	675	689	671	652	675	652	671	671	644	660	667	685	657	653	640	648	666	678	670	669	671	670	686	670	685	668	692	641	655	688	679	658	666	692	679	663	657	673	670	679	671	700	660	678	679	653	677	691	2971.29216
670	674	698	669	662	673	650	683	674	677	668	647	657	660	682	678	672	659	680	662	701	671	675	669	675	673	666	664	663	675	657	669	674	645	672	658	671	665	666	686	681	673	667	679	672	663	663	680	649	666	676	672	665	645	669	655	666	666	680	683	667	658	655	673	663	665	691	654	668	660	674	666	671	664	666	673	673	660	654	671	677	660	667	674	670	668	658	655	652	664	671	666	672	676	677	687	2972.5895
655	673	668	679	658	678	680	672	686	659	685	692	649	649	700	668	680	689	669	656	670	676	696	687	657	691	685	661	683	673	667	674	672	669	657	658	650	653	669	672	676	657	668	656	670	680	661	652	696	688	661	663	679	650	661	698	652	671	669	690	680	659	668	635	664	663	646	668	677	684	657	676	663	694	664	632	679	675	661	683	684	668	667	658	649	667	654	683	661	663	671	669	684	666	661	666	2973.89603
659	672	673	661	661	677	672	664	675	668	662	671	670	661	661	673	682	661	675	681	652	639	655	668	660	678	687	663	674	676	654	679	681	667	676	661	677	671	685	655	706	685	669	654	657	656	648	669	668	677	660	670	666	682	688	636	669	668	663	690	663	661	668	682	669	656	675	694	667	649	658	672	691	683	656	683	671	662	685	671	664	661	662	658	659	664	636	655	657	683	661	673	659	643	654	667	2975.192677
666	683	664	668	680	669	672	666	674	694	655	683	645	663	650	671	678	674	662	670	665	674	655	661	644	632	641	669	677	672	687	695	667	674	663	673	676	672	678	684	653	673	676	679	671	656	664	665	663	682	690	662	685	657	676	667	669	662	686	687	654	681	664	665	667	671	674	654	672	680	662	661	671	670	677	688	688	656	672	652	665	652	665	679	647	655	657	671	675	654	683	679	681	694	677	649	2976.498511
672	674	664	660	662	675	667	671	672	667	665	641	650	660	656	651	671	677	675	672	672	668	657	674	661	656	683	663	668	676	661	679	670	662	679	672	676	670	681	659	661	687	658	682	684	657	689	636	655	668	663	648	670	671	672	680	653	643	679	681	668	652	682	656	670	678	649	666	652	671	651	680	653	678	660	652	651	645	681	670	646	649	665	675	654	658	669	673	667	672	685	668	678	652	674	677	2977.794467
686	677	685	653	656	665	645	677	655	643	648	661	636	649	656	674	659	691	651	656	667	675	669	646	660	656	663	641	690	681	665	674	608	686	660	628	673	662	681	663	644	659	650	667	658	681	664	649	664	678	646	673	668	670	659	650	661	659	667	674	658	673	657	663	657	650	665	662	662	674	659	646	676	659	662	667	664	646	676	659	692	660	656	684	648	700	668	659	669	645	664	648	689	656	655	646	2979.09008
663	638	655	678	664	668	682	679	665	676	695	660	673	683	654	669	658	669	654	682	660	679	664	672	664	673	679	658	682	667	697	659	651	667	677	669	673	671	655	650	674	654	679	674	660	650	684	649	669	671	655	678	688	664	675	670	673	669	680	660	663	660	665	650	656	671	653	659	667	668	660	665	681	680	683	667	672	678	666	664	636	655	655	648	675	657	669	675	653	674	679	667	673	679	688	672	2980.394871
657	638	686	692	670	662	677	675	678	677	657	671	666	664	650	671	646	636	679	658	693	685	664	674	664	658	660	690	665	647	670	670	679	659	678	677	678	665	670	682	636	661	663	665	674	660	688	686	645	645	664	657	672	671	678	657	670	672	689	668	662	670	661	681	668	667	673	661	676	634	659	671	658	643	659	655	688	659	664	673	689	666	675	653	668	656	663	636	654	624	655	674	664	655	656	675	2981.689794
688	671	679	663	656	675	700	649	683	659	665	681	674	663	675	655	672	655	668	679	672	666	679	641	669	696	663	686	684	666	685	665	673	663	665	680	663	651	663	690	674	677	673	649	689	676	649	658	691	706	673	676	654	668	688	653	688	662	673	660	666	670	686	682	664	665	661	664	648	677	666	653	675	660	689	667	648	631	672	678	664	645	662	675	666	662	684	667	671	658	669	664	659	673	647	652	2982.984372
661	680	694	680	697	684	704	690	677	661	658	688	698	671	679	676	654	662	682	668	683	667	674	658	642	675	674	672	671	656	649	663	675	645	672	667	689	659	674	643	683	645	701	678	666	693	670	706	673	657	652	666	673	659	674	677	682	650	695	690	686	660	658	690	656	666	673	686	673	679	649	662	671	676	696	653	670	674	678	662	652	651	688	662	676	687	674	663	683	684	686	667	651	690	664	684	2984.278608
662	660	666	670	663	683	696	680	687	676	655	675	668	657	678	661	702	681	694	693	693	689	669	686	670	669	679	673	670	671	672	672	674	674	669	681	669	680	672	675	684	669	696	692	674	660	676	657	653	671	664	673	683	666	667	676	687	666	666	678	687	673	673	693	677	662	703	693	691	682	660	683	649	647	673	685	685	673	664	667	675	665	670	652	666	677	697	695	683	668	667	681	703	678	649	686	2985.572499
673	674	697	670	675	669	697	685	664	679	696	659	683	682	668	683	654	677	710	676	675	657	690	659	677	675	664	656	661	669	663	660	675	655	689	652	687	700	685	663	665	686	670	690	690	683	670	688	663	685	676	683	678	665	699	681	676	694	682	677	711	672	654	679	687	686	694	681	672	679	675	673	671	692	697	696	679	688	663	688	688	679	677	665	668	663	665	681	690	665	666	659	683	676	675	664	2986.866048
687	678	683	669	674	683	650	702	659	676	686	680	677	700	681	688	683	669	680	678	670	661	675	673	683	673	678	693	688	683	709	692	674	678	684	680	676	685	686	680	697	686	665	665	671	670	683	678	676	646	697	705	679	658	669	684	676	698	691	668	667	683	681	680	679	688	699	665	696	690	686	673	667	659	664	664	671	652	676	685	679	672	688	679	685	661	661	675	668	691	676	660	661	680	685	684	2988.159254
680	664	664	673	665	697	680	689	671	679	674	702	675	674	673	668	682	688	698	659	710	675	675	674	664	675	669	685	672	688	676	696	685	698	671	673	680	695	664	698	680	679	692	675	693	692	691	674	680	675	703	659	679	670	645	668	672	681	697	669	686	698	681	680	686	670	692	663	700	684	683	687	676	695	669	676	683	667	703	667	670	688	669	678	692	656	660	683	717	690	692	681	693	673	657	683	2989.452116
698	689	672	686	671	675	681	706	676	691	685	684	679	692	689	695	694	687	686	693	690	667	688	667	694	689	665	693	702	692	683	712	688	664	700	683	681	669	671	690	691	687	682	670	684	687	674	653	661	687	681	680	689	687	674	664	680	680	700	667	681	669	660	697	678	673	693	682	687	692	679	683	687	678	681	679	691	658	685	678	686	676	682	696	683	684	684	708	676	692	696	672	665	690	688	669	2990.744636
709	675	674	671	671	683	665	696	683	678	684	697	693	680	673	672	689	686	697	729	690	682	671	672	683	675	684	682	693	680	675	696	673	700	683	686	676	683	706	676	698	678	698	678	702	671	673	670	699	695	674	689	658	690	685	694	680	684	699	687	672	686	684	655	674	697	668	676	665	694	695	672	680	668	697	684	687	686	664	678	693	683	676	670	658	673	695	675	687	684	695	675	674	700	675	695	2992.027313
673	667	669	686	687	683	707	701	695	663	683	680	687	679	684	667	676	675	679	695	688	683	672	669	657	668	675	695	671	670	665	701	666	674	664	683	663	715	659	672	681	680	689	649	683	675	683	687	666	699	675	688	681	685	664	693	690	678	687	678	681	655	670	687	664	687	696	666	677	694	676	672	650	689	678	694	698	682	687	678	673	674	677	684	678	691	658	663	671	680	656	686	707	696	685	682	2993.319151
697	691	683	708	710	669	687	690	694	677	668	682	701	681	664	691	686	683	684	681	679	692	683	720	682	684	673	673	687	687	676	694	655	676	686	697	661	688	677	677	683	694	706	699	690	665	679	704	676	700	682	684	659	689	665	681	706	697	661	672	680	661	682	689	672	680	661	690	702	662	669	683	667	672	662	693	677	681	683	675	697	686	658	683	694	670	668	695	684	667	692	674	672	669	681	670	2994.60115
672	686	672	710	670	700	689	701	669	704	695	680	661	676	674	690	685	686	673	701	684	689	692	675	687	691	682	684	677	696	657	690	693	665	663	683	684	684	677	684	693	689	668	684	693	693	666	693	675	673	672	681	695	703	689	685	709	674	700	675	665	692	667	670	678	660	676	683	685	678	670	679	700	682	663	673	676	681	669	680	666	701	697	677	672	681	702	676	700	675	667	675	670	684	674	685	2995.892306
694	658	700	683	664	670	669	643	665	673	663	693	667	686	667	668	680	672	680	689	679	658	677	693	699	685	679	677	688	674	694	675	690	695	679	671	686	687	681	671	682	687	684	686	676	678	679	675	656	686	697	694	679	693	694	692	687	678	689	675	681	672	676	687	681	673	678	684	661	688	684	699	697	682	676	689	684	677	684	662	690	694	665	699	672	653	662	699	665	688	673	673	658	691	697	686	2997.173628
662	682	706	696	684	702	690	669	691	694	676	689	693	662	677	671	674	674	678	686	671	679	670	658	676	697	671	673	684	676	657	686	685	687	693	697	653	676	676	676	662	671	685	675	674	686	663	669	703	688	702	680	652	673	674	677	684	679	678	687	671	676	680	671	686	669	676	690	671	694	661	696	668	676	681	671	680	674	695	696	686	675	657	683	674	681	678	669	695	679	680	669	679	692	678	683	2998.464102
681	665	669	688	681	693	667	693	692	675	681	677	698	689	680	690	678	676	688	682	677	683	687	676	690	690	695	697	678	684	701	665	697	681	666	667	671	666	678	678	668	687	669	689	707	676	683	658	688	675	686	653	682	683	691	700	686	653	676	666	656	669	679	675	690	672	681	657	691	665	689	687	705	679	679	680	676	678	695	692	683	667	681	680	683	658	668	679	689	692	671	663	662	661	664	672	2999.744749
686	675	675	692	698	693	675	690	695	698	695	661	680	668	693	689	662	672	674	705	645	682	681	656	696	647	685	687	684	680	666	697	680	687	683	693	677	662	682	692	677	701	678	664	682	671	678	655	677	668	683	665	691	691	685	665	653	686	676	686	681	671	701	690	678	677	648	675	712	701	670	674	689	658	696	695	686	663	687	697	662	681	679	684	657	658	663	674	683	679	670	677	674	680	680	677	3001.025058
659	664	646	696	682	676	677	694	669	694	676	702	690	688	712	671	671	680	675	676	668	681	657	671	686	693	692	692	670	691	686	664	679	671	678	692	645	688	674	667	682	688	671	679	687	682	662	693	662	665	686	660	658	674	651	669	663	684	651	683	674	683	676	674	661	676	673	678	650	681	675	664	677	674	695	699	687	693	699	689	658	670	691	678	675	672	681	671	678	678	647	672	674	664	661	660	3002.314512
669	675	656	655	683	678	675	678	688	667	685	663	691	697	665	687	674	696	672	663	679	672	694	660	688	669	681	673	670	659	677	678	696	682	669	670	686	696	668	669	680	669	673	672	667	682	661	668	690	675	674	671	672	684	652	678	671	658	669	678	676	689	688	670	646	670	677	648	681	655	695	667	678	686	665	680	697	697	679	673	673	682	671	671	671	673	660	667	669	664	666	653	672	655	662	678	3003.594146
673	699	697	677	650	677	661	703	657	675	675	677	659	666	660	653	657	683	676	654	683	679	670	661	684	637	665	669	682	691	666	677	679	683	704	662	676	693	691	663	690	677	698	671	693	660	698	671	676	690	669	655	657	688	666	687	682	697	669	689	675	704	652	673	681	672	664	695	673	709	672	671	680	657	688	671	652	656	679	677	668	689	676	669	657	668	661	667	670	675	701	678	682	630	672	654	3004.873444
670	674	662	678	683	693	662	669	670	681	695	687	658	687	681	675	674	671	683	650	686	663	679	671	680	677	675	700	666	677	663	663	669	652	679	662	675	656	681	660	656	665	661	671	666	687	671	665	674	670	670	690	674	675	666	677	655	689	667	658	667	681	661	690	686	674	672	653	669	684	669	658	675	692	677	676	671	672	679	667	666	671	664	675	664	656	665	695	692	666	687	660	656	673	658	692	3006.152406
662	683	690	680	653	682	655	683	656	689	683	659	667	675	659	682	674	681	672	687	675	652	679	660	674	662	667	680	672	664	694	685	673	697	670	678	669	699	661	672	681	671	687	702	682	666	689	675	670	673	681	677	662	671	664	685	663	665	674	670	676	692	702	685	682	701	671	672	680	675	675	698	683	661	652	654	665	659	657	666	669	684	704	676	678	666	678	661	679	648	663	708	673	670	660	677	3007.431032
663	659	665	680	694	664	679	673	682	678	677	688	666	661	675	699	690	683	680	673	671	677	684	673	654	683	668	644	655	688	682	677	654	676	661	666	663	671	668	677	667	664	651	668	674	671	657	648	701	662	676	655	671	679	668	683	659	676	655	665	663	688	675	692	680	680	637	656	663	662	674	669	661	665	669	676	669	679	671	686	674	649	663	650	668	678	672	678	667	685	695	667	670	680	687	680	3008.709322
685	667	682	687	661	672	686	670	673	663	671	683	673	680	665	664	678	677	672	678	700	680	673	672	680	669	665	661	684	680	661	668	659	679	673	671	681	668	682	666	676	671	668	659	665	668	679	689	680	688	662	682	671	686	671	662	675	677	670	667	696	674	661	669	664	649	666	671	676	683	663	679	663	680	674	672	658	668	677	687	675	659	656	672	691	654	681	671	690	651	669	679	674	666	670	673	3009.987276
673	666	681	672	657	691	684	665	670	663	699	651	670	697	678	676	670	659	688	670	670	672	671	668	673	669	661	671	670	687	670	677	680	706	676	669	669	692	705	663	682	697	698	665	696	675	663	676	663	654	673	676	683	669	678	680	665	705	690	666	660	663	663	650	667	687	688	677	675	681	693	675	663	687	702	677	683	687	684	683	662	682	669	673	682	691	674	688	669	684	662	678	651	661	682	685	3011.255432
684	667	680	685	692	679	678	688	693	690	688	670	669	676	676	677	709	694	686	694	676	682	681	675	676	675	687	697	665	681	674	670	694	699	694	672	679	670	700	664	680	669	652	675	666	657	677	678	675	655	685	674	650	680	687	691	686	693	655	680	662	699	678	686	675	683	676	653	679	689	673	666	698	695	678	666	690	677	705	721	681	686	679	660	694	681	695	672	689	689	694	674	710	690	694	671	3012.532717
709	685	672	679	679	702	694	679	679	675	656	679	681	692	649	671	690	666	665	707	662	673	686	677	683	698	675	683	667	685	676	680	697	663	672	686	696	684	682	686	666	685	685	668	670	689	671	685	680	666	683	678	683	673	687	675	660	665	682	680	686	686	699	674	680	651	672	680	673	668	691	686	688	673	680	680	677	669	686	686	692	694	687	673	681	685	651	669	684	672	666	692	685	682	676	671	3013.809668
656	674	702	675	692	683	669	673	684	676	681	672	681	704	712	670	688	690	682	717	683	696	681	681	669	690	663	679	676	673	685	678	686	685	671	696	689	672	710	669	678	690	677	677	696	717	682	678	683	685	675	700	677	679	660	657	664	674	675	701	685	678	685	678	703	682	680	667	705	674	666	673	673	682	671	671	670	674	701	690	658	680	695	698	674	655	705	691	686	697	686	683	675	694	656	677	3015.076827
686	674	695	718	698	682	697	687	705	685	681	689	682	690	688	688	671	672	673	711	684	708	687	677	680	701	712	695	702	690	702	683	669	668	695	682	690	683	706	692	692	688	675	706	698	713	698	697	678	694	677	681	675	701	689	683	682	687	692	695	679	692	675	697	689	707	710	689	684	687	685	704	699	685	709	678	693	688	688	693	681	691	675	678	699	693	679	712	668	683	698	710	695	703	689	684	3016.353109
694	685	701	712	668	675	704	695	686	668	677	686	705	697	683	665	660	696	676	675	687	682	672	679	708	672	706	698	681	683	696	667	696	683	692	691	709	673	694	684	699	683	673	697	673	672	684	685	684	690	683	710	705	666	698	717	713	699	660	682	706	685	695	664	679	684	698	679	679	686	718	704	675	689	689	678	692	688	693	693	692	690	707	692	686	709	696	694	674	664	693	703	699	692	669	674	3017.619606
686	699	668	678	711	700	702	692	708	715	705	726	706	681	683	710	713	686	697	694	692	688	692	686	678	684	693	671	698	700	665	684	682	681	673	689	725	699	676	687	720	698	695	689	699	681	688	674	699	698	696	685	701	692	676	688	695	688	708	694	690	681	680	695	692	677	684	714	714	719	690	668	681	679	683	698	707	671	686	705	695	670	696	669	711	683	664	713	665	683	693	720	680	692	701	681	3018.895221
684	698	712	681	697	702	701	716	672	696	706	698	688	715	680	699	681	676	709	691	718	707	703	708	684	684	669	701	700	682	704	683	692	709	699	687	696	700	694	709	685	696	712	682	688	697	683	702	702	692	711	722	696	689	679	696	676	678	698	693	687	683	694	685	689	693	687	696	682	695	695	703	699	694	685	693	678	703	710	683	708	714	701	713	669	701	698	681	694	711	691	686	691	700	682	700	3020.161056
700	693	710	671	691	723	698	713	697	687	691	700	693	689	709	701	679	701	704	671	689	700	679	664	712	699	701	707	691	701	701	713	712	688	704	704	702	676	694	706	688	710	708	719	694	694	696	676	702	701	665	677	677	687	684	692	685	700	690	694	699	705	687	708	680	682	697	705	680	681	709	707	694	706	710	697	692	687	669	711	680	711	680	685	676	695	688	686	695	705	685	731	726	703	696	713	3021.426561
712	702	700	697	716	689	673	685	679	714	682	708	703	702	669	698	716	722	696	693	708	695	708	706	698	707	686	697	677	686	703	678	689	693	705	694	696	678	700	701	688	683	714	707	705	709	709	699	713	692	682	695	701	699	677	684	708	698	717	694	679	718	685	682	685	696	678	679	694	688	710	690	689	667	688	699	718	696	704	676	697	696	708	707	717	677	707	680	697	708	713	686	680	692	737	705	3022.701177
715	682	710	706	675	694	678	713	703	706	711	703	709	702	700	695	705	689	725	694	703	705	665	702	707	702	690	679	702	719	707	670	700	694	695	703	689	715	687	696	697	696	704	702	715	691	683	704	677	694	685	683	722	687	695	716	701	688	703	717	683	714	690	672	694	692	699	667	674	699	685	700	713	700	703	705	730	682	713	698	679	701	694	702	691	695	685	679	703	679	698	677	704	670	700	693	3023.966021
709	690	684	699	703	683	696	700	688	697	725	689	677	692	685	722	700	707	698	684	721	706	673	697	701	694	699	690	697	705	704	683	691	675	705	680	687	693	692	686	690	704	716	716	685	686	685	704	719	687	690	663	697	705	675	709	684	690	694	703	672	712	696	675	692	692	698	679	701	699	725	690	692	694	702	702	687	700	678	702	706	714	695	690	695	707	669	697	707	709	675	696	695	705	686	718	3025.230536
702	689	678	707	719	709	713	710	705	707	704	688	711	701	684	716	693	715	703	722	680	684	691	696	713	708	705	701	697	698	699	709	703	700	708	725	707	686	704	685	715	704	703	709	696	705	696	725	683	707	713	692	700	699	709	700	698	706	685	706	704	713	683	697	696	705	696	708	666	703	700	701	699	692	696	717	695	720	724	707	693	688	693	698	698	708	709	700	689	685	712	706	706	705	707	681	3026.494721
669	711	739	686	712	703	693	704	690	677	702	714	693	687	697	737	692	684	686	687	705	690	691	712	724	712	685	675	699	709	707	692	705	683	704	690	738	710	705	701	710	684	715	697	709	699	707	713	713	685	689	707	701	688	706	718	697	696	700	697	707	707	700	666	719	674	693	716	680	698	700	687	677	689	696	667	703	681	695	694	679	706	714	723	699	704	676	701	669	694	724	683	685	704	702	713	3027.758577
700	714	692	723	694	695	684	697	684	701	698	698	669	675	685	692	687	694	702	692	703	694	666	693	718	717	678	687	693	698	694	685	705	699	694	702	696	706	698	686	692	701	669	689	694	687	702	707	694	698	692	698	710	727	703	680	681	702	700	699	676	710	735	702	705	687	688	692	698	696	689	718	705	678	682	707	707	685	685	690	709	678	709	696	675	699	713	709	689	699	704	689	697	709	688	692	3029.022105
692	721	689	711	710	714	697	704	675	719	720	713	694	679	704	695	682	680	706	693	703	693	694	728	695	710	686	712	684	685	691	691	690	711	718	710	674	712	707	698	687	681	689	706	687	701	647	699	698	710	707	705	679	688	693	730	693	701	682	685	692	694	714	696	692	686	690	700	690	703	715	736	688	683	691	700	687	700	702	691	708	698	699	689	715	696	696	693	682	712	690	703	682	679	686	690	3030.285303
675	705	705	729	705	710	689	716	715	689	707	720	705	697	705	692	728	679	708	698	677	691	681	707	694	671	697	690	684	684	685	704	710	704	689	712	703	693	726	702	701	712	689	694	705	674	713	679	709	694	690	696	706	683	683	683	709	693	696	702	679	719	696	737	717	695	659	718	704	704	696	700	687	706	692	691	713	680	696	688	729	691	706	718	694	708	703	719	711	706	711	678	707	710	713	694	3031.548173
716	670	685	722	683	700	698	718	698	686	709	708	709	695	696	714	694	738	722	716	707	700	695	682	692	704	701	706	680	702	713	704	713	682	690	684	695	719	717	705	699	705	693	714	713	699	706	697	700	699	699	678	686	681	697	724	704	707	658	716	706	721	708	680	684	690	714	712	715	702	707	704	702	682	708	707	702	675	714	670	679	702	702	680	725	690	704	701	687	712	705	687	709	702	698	693	3032.801294
711	714	700	699	707	695	691	708	704	703	718	720	695	678	693	703	695	683	683	717	738	712	689	703	718	698	700	698	721	728	699	701	685	714	698	689	739	707	694	711	696	717	708	696	694	697	699	698	704	706	700	704	708	711	709	701	694	673	706	685	706	705	739	695	700	708	695	697	683	672	710	700	694	697	721	690	708	708	711	699	679	719	698	698	707	706	688	689	706	711	663	714	686	737	688	706	3034.06351
716	714	708	679	720	693	691	707	678	699	710	703	695	709	694	729	717	694	717	716	689	694	712	694	700	694	702	682	696	718	689	705	686	711	698	673	700	698	683	676	712	676	695	701	690	700	706	703	700	694	678	686	675	714	694	697	720	697	725	673	708	708	693	672	710	712	695	701	710	705	684	701	698	717	703	687	691	698	695	710	712	702	684	685	717	687	697	683	667	685	710	722	693	694	714	682	3035.325397
712	716	709	697	706	710	702	699	709	713	688	682	717	703	715	694	704	696	709	712	696	684	680	694	711	686	717	719	704	683	721	709	680	701	718	696	705	683	699	701	706	714	705	699	707	691	701	690	717	684	698	704	705	710	711	695	697	697	687	690	699	700	720	690	684	722	691	675	717	670	665	693	693	689	699	679	709	683	681	680	695	694	687	703	718	696	710	691	716	692	709	704	695	685	710	688	3036.577543
718	738	705	724	710	689	704	726	713	711	691	706	715	721	702	722	696	708	688	690	709	697	674	701	691	682	700	712	728	695	687	692	711	712	690	699	708	690	698	705	701	716	717	688	716	704	696	676	724	715	712	705	710	702	709	706	675	692	704	696	693	692	701	684	680	698	704	690	711	696	704	719	709	706	697	696	717	714	721	730	702	715	673	708	697	678	687	707	690	718	694	704	696	699	713	717	3037.838777
700	700	688	701	703	709	697	697	725	701	684	691	705	697	708	701	711	715	714	736	715	700	697	710	708	721	707	707	690	704	681	698	693	700	697	701	714	683	697	724	691	704	688	696	666	684	685	696	701	699	686	695	693	694	680	689	709	689	686	704	724	685	692	677	706	687	693	708	714	714	685	705	682	701	701	701	706	673	722	707	686	724	701	710	712	678	698	714	699	691	709	689	696	710	699	678	3039.090274
694	699	714	694	709	715	692	706	690	709	706	691	684	704	716	696	674	711	714	715	684	680	707	714	697	686	722	724	695	711	721	690	702	707	701	687	691	712	704	711	710	723	692	709	698	712	707	708	693	697	679	684	703	682	688	712	696	711	703	685	724	699	690	690	674	697	702	698	715	692	694	697	708	724	711	725	685	708	687	708	713	709	687	693	690	694	686	685	707	692	723	701	706	700	711	716	3040.341449
708	717	702	715	708	676	723	705	727	726	723	704	702	691	722	684	711	719	710	698	704	704	706	721	693	745	733	701	711	678	693	681	688	684	717	708	703	708	703	720	720	729	742	710	691	689	722	708	731	697	695	697	688	695	716	696	718	692	702	702	701	719	697	686	720	718	705	690	715	688	708	697	702	685	706	698	699	685	697	734	731	694	702	699	682	714	711	686	697	717	696	689	708	728	700	689	3041.601704
704	694	727	699	707	712	685	717	707	737	725	693	714	694	721	713	693	711	723	708	729	705	703	703	705	690	696	679	730	706	705	691	684	719	695	713	709	720	715	704	699	695	705	696	681	674	703	684	700	697	696	708	700	706	705	706	711	713	724	695	701	703	702	708	690	711	710	695	703	711	717	699	702	703	696	712	709	723	731	696	717	718	717	699	720	708	696	683	686	695	722	713	720	727	709	705	3042.852231
702	699	755	729	716	721	710	689	728	744	724	719	703	734	710	716	707	724	741	707	733	706	705	726	726	705	734	726	697	710	726	679	732	720	740	713	726	730	717	696	690	716	717	714	716	697	694	729	712	710	730	706	708	727	698	691	685	710	725	700	709	708	721	726	704	720	704	732	701	709	712	710	720	687	718	712	712	702	736	722	716	696	698	698	715	715	704	712	731	723	741	714	712	715	698	709	3044.102435
743	718	728	717	719	723	730	740	719	715	728	717	748	733	722	731	706	726	710	717	728	717	726	710	720	726	722	706	738	723	720	711	698	752	688	723	701	719	704	713	724	726	725	727	736	724	687	731	706	733	720	713	731	707	712	707	727	726	692	715	714	719	689	735	721	715	715	715	733	753	727	700	720	719	701	707	707	721	697	699	731	719	728	743	701	716	721	717	729	682	716	732	735	719	716	710	3045.352317
705	707	709	732	742	699	741	736	719	749	756	752	715	720	749	730	719	744	736	739	730	730	703	720	736	716	717	718	712	729	723	710	715	702	724	719	718	729	732	719	732	718	714	723	719	737	748	730	752	716	722	724	730	729	736	730	718	718	720	708	715	704	737	744	717	724	733	718	730	740	710	726	729	705	699	727	719	737	703	726	726	719	720	712	727	723	731	725	735	716	714	712	717	735	715	716	3046.601877
725	727	732	715	696	761	727	750	735	743	742	708	750	719	736	720	736	739	748	739	756	718	735	729	729	757	749	743	707	722	716	765	732	713	712	731	731	757	716	753	737	720	705	752	723	723	747	747	727	691	766	714	722	723	705	747	711	734	714	711	727	740	722	722	729	715	742	745	705	719	738	722	730	734	758	720	701	747	739	718	726	759	728	725	733	736	736	723	731	725	740	717	718	744	705	721	3047.851114
750	753	743	735	759	770	739	746	719	738	737	708	724	755	731	752	754	750	742	725	749	754	724	748	741	743	725	737	741	758	728	715	739	728	734	740	712	734	756	725	758	725	731	735	756	721	731	746	745	748	718	733	721	756	747	764	744	713	747	741	716	733	751	731	715	728	740	730	751	729	721	721	717	744	728	725	718	738	735	729	737	745	728	741	719	716	739	738	747	720	730	725	740	740	731	763	3049.10003
728	763	741	736	744	737	747	742	735	732	750	728	738	747	749	726	749	730	738	744	742	752	729	745	723	729	731	743	732	741	739	760	727	742	743	733	717	763	758	735	734	754	761	721	727	729	730	724	745	743	721	737	736	722	768	753	722	730	732	741	732	761	731	759	751	730	712	712	732	716	710	730	742	725	743	740	755	728	756	725	749	721	728	749	724	715	731	751	728	756	757	734	760	752	705	738	3050.348624
743	745	763	734	751	757	747	762	777	730	740	754	753	745	719	730	739	765	744	769	729	742	786	747	736	721	730	758	725	751	756	739	762	754	751	731	725	742	756	733	735	730	737	736	736	737	746	737	735	773	740	756	719	745	729	733	742	745	769	754	725	754	732	737	737	710	747	709	754	752	748	735	747	740	739	745	729	738	737	717	748	762	740	753	726	735	756	712	742	762	749	750	766	735	741	745	3051.596896
750	742	747	748	745	743	741	749	740	769	754	735	751	749	722	742	731	752	736	770	747	726	717	778	755	723	735	741	733	740	766	736	757	753	740	737	753	761	723	729	735	734	747	762	725	732	742	761	746	748	752	718	725	723	766	723	729	766	740	754	741	736	754	745	735	724	715	738	736	743	732	770	762	737	762	753	750	745	767	712	742	730	732	747	747	741	741	742	767	717	742	712	767	717	713	737	3052.844846
754	737	767	759	755	743	767	746	756	740	716	736	740	750	753	753	751	726	736	734	742	750	751	740	741	736	726	763	739	731	761	758	746	783	752	736	731	737	739	753	748	740	758	730	737	758	753	740	727	753	733	729	793	744	710	760	741	730	730	764	730	750	732	728	748	748	731	736	739	767	747	753	756	750	753	741	739	742	740	748	763	743	774	740	736	729	773	725	737	728	739	706	756	737	747	751	3054.083095
726	738	740	762	777	734	746	735	748	707	736	748	753	742	731	770	719	762	726	745	738	735	726	740	733	735	743	742	771	754	778	755	755	746	748	734	754	721	730	729	742	743	732	755	731	729	747	730	741	752	746	732	718	762	750	710	753	718	727	750	734	752	743	745	737	752	729	740	753	740	741	729	745	718	762	738	747	700	740	732	765	722	727	744	756	739	754	734	731	742	759	729	735	722	748	729	3055.330405
743	753	742	761	751	735	740	741	744	755	756	762	735	757	752	748	743	770	741	733	736	746	753	743	748	731	735	733	746	738	760	738	709	728	742	734	742	725	762	742	728	710	737	726	751	738	747	748	747	725	734	749	722	675	744	738	728	751	792	758	742	737	738	758	757	732	740	752	695	739	745	730	730	756	764	728	755	767	730	730	752	735	747	744	751	722	748	718	748	706	745	747	755	726	737	723	3056.577394
737	738	731	737	740	758	729	751	742	748	721	742	769	724	753	757	721	736	755	741	729	750	746	728	755	748	742	767	770	724	759	726	735	741	743	755	729	762	762	758	740	764	765	746	739	756	715	753	732	733	752	738	761	734	742	740	723	736	726	739	741	726	730	761	751	735	725	736	720	725	726	736	753	753	747	754	744	747	758	724	729	726	729	740	739	730	731	736	723	737	748	735	751	717	737	754	3057.814689
736	705	736	731	750	759	739	711	737	751	727	742	745	742	765	724	727	727	744	736	737	746	735	767	757	754	734	762	728	748	720	728	735	766	721	742	755	728	707	743	727	751	745	755	730	718	720	757	744	727	745	740	712	749	735	742	727	766	773	734	747	727	744	739	737	714	746	708	759	758	755	765	743	758	767	749	741	748	751	747	737	744	726	733	712	733	722	723	748	743	734	731	728	745	755	761	3059.051668
714	724	741	741	731	699	741	758	733	733	729	748	751	737	737	754	730	746	737	736	748	759	746	729	746	724	740	727	713	735	721	748	736	755	727	756	738	754	737	737	746	737	744	745	738	737	735	739	715	755	737	734	729	737	713	743	715	755	751	750	730	729	734	721	739	719	711	740	706	739	731	737	710	722	734	720	760	734	709	738	709	753	726	729	744	735	734	717	748	751	717	726	760	742	720	744	3060.297699
717	743	762	763	744	753	708	746	737	718	751	744	730	740	722	742	732	714	733	732	745	728	723	722	756	725	725	717	758	715	732	727	737	727	745	752	728	743	708	735	727	737	740	733	748	733	740	738	761	753	728	754	752	734	720	750	733	755	747	715	749	739	715	719	735	714	720	739	761	731	730	745	745	738	748	732	734	734	758	732	748	746	732	727	722	715	746	737	743	731	734	727	724	728	722	716	3061.534043
715	717	780	722	765	733	742	740	749	734	763	759	719	741	729	745	750	752	706	756	715	741	724	744	736	760	745	729	736	737	751	733	716	743	741	732	729	717	740	732	743	705	731	736	737	706	743	720	729	723	735	734	732	723	733	726	735	737	737	717	731	730	747	718	736	732	735	758	732	755	728	713	738	734	754	747	736	705	714	723	730	739	728	737	744	735	732	709	727	735	730	725	710	729	739	726	3062.770072
740	726	733	705	725	754	714	759	729	742	750	730	728	754	747	736	750	726	747	743	743	742	737	752	777	728	761	766	741	739	739	738	739	728	747	731	744	735	725	763	735	765	726	749	755	723	734	752	751	730	705	758	752	728	718	734	721	748	743	717	766	756	722	742	752	723	757	726	704	745	750	722	736	755	738	716	731	719	730	765	736	735	726	733	755	736	737	739	741	721	721	755	721	731	741	752	3064.015146
762	753	730	762	729	751	754	717	741	736	762	744	715	727	741	725	702	708	735	743	740	738	733	762	754	751	756	723	719	725	739	746	742	760	738	716	736	734	734	733	738	730	737	739	716	728	743	741	755	740	726	719	742	728	745	747	742	745	716	736	765	721	705	732	753	725	738	775	746	767	739	702	728	724	740	734	748	739	768	764	731	744	754	759	737	729	704	725	732	741	757	723	739	743	733	715	3065.250541
741	720	762	746	752	778	748	763	731	734	727	750	741	718	747	762	746	737	725	747	728	750	729	731	764	757	752	745	754	752	759	728	761	736	752	736	746	744	754	744	764	737	749	734	695	730	750	725	740	732	736	725	765	736	722	717	736	743	733	783	710	751	725	755	740	725	751	730	718	739	751	746	747	716	738	757	741	763	751	736	745	737	745	750	757	717	708	735	762	755	748	751	758	753	743	732	3066.48562
738	757	761	749	745	719	744	753	765	778	724	714	756	763	730	775	742	742	748	711	744	748	750	707	731	736	735	755	762	747	758	746	745	757	750	764	758	737	748	733	763	758	759	737	755	744	741	735	738	733	729	732	729	719	761	716	760	751	735	741	749	722	738	715	728	731	756	758	751	753	738	753	742	731	770	765	768	752	759	750	739	759	719	719	732	766	751	733	728	753	732	737	734	729	732	723	3067.720385
791	735	725	758	745	752	768	724	762	746	741	745	733	742	745	726	776	757	743	755	739	743	733	739	748	758	729	753	749	730	739	760	753	769	757	750	731	742	753	754	716	748	748	748	738	738	750	727	764	777	765	743	728	753	746	749	746	759	741	754	756	782	740	726	755	743	735	735	727	753	739	756	764	743	734	743	763	772	742	779	742	730	738	730	731	728	757	755	743	748	737	753	753	738	746	733	3068.954834
740	752	756	743	764	761	751	750	760	736	763	726	742	742	748	739	759	751	774	740	743	753	755	753	754	746	765	767	746	782	738	740	749	759	739	748	766	751	750	743	744	760	748	760	752	750	745	750	732	763	750	748	736	721	753	768	750	750	755	757	758	739	735	756	761	729	778	733	759	718	737	752	750	729	758	746	726	763	754	753	748	738	740	757	761	738	751	732	757	765	729	727	740	746	748	757	3070.188968
756	758	763	724	758	743	749	775	741	747	734	747	761	740	744	769	757	745	744	754	762	748	753	742	747	773	778	732	776	759	726	746	742	732	733	761	738	723	773	743	762	750	757	745	737	765	738	756	721	758	740	757	764	766	744	769	735	739	751	725	764	757	746	740	755	763	747	751	756	765	749	757	753	770	737	746	750	779	764	745	759	773	739	727	758	748	734	758	747	761	746	763	765	752	750	761	3071.413441
758	762	724	765	768	757	793	771	766	760	763	759	746	748	746	756	783	751	776	764	741	758	741	752	783	766	734	775	756	765	759	758	747	759	741	748	756	748	754	767	755	746	774	756	732	771	764	761	745	753	749	757	767	741	747	758	748	755	755	776	745	739	756	768	715	753	758	750	786	763	747	756	733	769	754	766	776	757	752	751	765	754	764	754	751	735	769	772	736	761	748	769	781	757	762	760	3072.646948
778	740	752	775	765	769	759	749	768	749	764	761	767	759	777	743	745	744	773	774	769	757	737	773	756	770	746	765	751	780	759	763	771	743	777	770	762	758	740	766	730	739	758	758	737	771	743	743	758	737	767	746	745	761	759	753	760	742	762	777	769	751	757	722	764	761	751	765	758	775	753	761	739	741	762	748	730	738	757	762	774	756	747	766	742	764	783	745	752	743	748	781	763	755	768	735	3073.88014
770	770	777	781	771	749	770	779	784	748	759	769	751	762	750	781	770	746	765	759	762	792	754	776	776	766	758	768	754	749	777	772	764	768	768	753	775	760	760	768	755	752	739	768	745	744	757	772	746	762	741	777	798	759	782	767	768	752	757	774	751	760	751	744	758	782	748	764	746	731	769	755	751	785	768	744	740	749	728	757	733	735	770	746	735	757	775	751	775	736	758	769	758	740	762	758	3075.113017
754	763	760	778	804	768	779	791	779	785	771	753	757	759	748	771	772	795	760	752	730	763	773	781	769	778	746	785	753	752	753	782	765	764	774	773	762	772	737	773	769	790	761	772	752	744	776	765	747	780	760	756	746	775	764	768	743	765	749	739	749	767	737	753	770	773	756	793	752	752	783	758	739	749	773	783	772	772	774	755	761	771	739	744	776	762	747	763	736	757	759	757	778	774	758	781	3076.336244
771	794	761	765	778	773	780	756	745	767	779	794	760	749	743	758	786	762	782	750	759	754	771	783	780	736	775	763	751	775	738	752	780	768	744	773	766	733	764	773	775	751	790	781	753	760	750	788	771	762	769	746	770	765	760	778	768	753	760	785	776	784	758	762	752	746	765	758	757	779	773	783	771	782	730	770	789	751	780	747	791	788	758	733	767	789	775	774	769	748	753	748	763	776	764	753	3077.568494
783	764	770	776	740	772	777	792	806	757	790	764	762	745	785	797	778	776	734	754	763	771	786	768	777	761	797	743	762	756	754	781	763	759	787	782	825	766	757	753	752	798	772	778	762	785	752	797	771	748	765	776	777	745	784	755	765	760	734	755	758	782	741	756	764	751	791	753	757	752	775	770	752	755	764	766	806	750	769	761	753	766	792	789	743	785	768	779	762	773	777	795	749	773	792	758	3078.791099
774	761	793	754	754	770	803	769	807	798	761	759	774	772	776	794	767	773	764	780	768	767	764	772	753	785	760	761	789	777	776	764	754	765	783	759	744	754	762	736	762	747	746	744	778	747	760	774	733	754	776	757	772	777	767	779	772	751	785	760	763	798	742	766	774	771	753	762	770	749	767	747	771	791	749	770	760	772	775	759	795	766	748	777	747	746	746	785	733	765	775	778	754	766	759	772	3080.013395
768	768	800	792	763	759	777	783	754	773	770	765	754	774	765	747	790	790	784	765	792	758	771	775	794	773	764	761	790	763	762	785	752	768	782	776	767	772	788	774	781	769	795	778	746	755	765	777	780	774	770	775	772	762	779	801	770	769	790	775	779	768	772	771	764	768	770	782	804	761	766	770	762	739	755	771	784	792	763	761	754	742	789	793	770	758	769	762	808	772	788	767	796	767	750	759	3081.244708
801	793	788	784	774	760	765	736	804	765	762	788	763	746	777	780	784	775	787	786	768	770	757	778	785	770	752	768	768	787	763	743	769	749	778	796	769	770	798	766	758	785	750	778	773	792	783	767	765	775	763	786	777	777	769	764	775	752	784	767	772	752	744	751	768	773	759	781	775	766	748	777	743	788	776	775	761	761	759	761	782	770	783	795	771	790	766	762	767	770	776	759	766	760	778	781	3082.466382
772	769	782	767	761	793	782	762	778	793	753	772	780	768	781	781	747	806	763	800	763	769	783	771	781	754	767	751	785	794	777	763	770	780	755	752	762	778	792	767	779	772	759	772	768	771	771	726	756	792	775	772	765	795	758	788	755	782	758	779	760	754	767	802	789	798	759	770	795	771	776	791	764	761	759	761	755	785	771	762	727	773	772	778	782	784	781	768	767	773	787	763	783	770	773	745	3083.687748
766	752	796	798	790	798	798	770	769	783	789	787	782	750	749	789	760	782	741	786	759	755	796	788	762	780	764	786	785	806	784	737	756	780	758	774	759	771	742	751	762	801	734	786	778	775	766	768	754	760	775	806	769	757	756	782	765	772	759	776	748	768	746	774	760	747	758	783	786	794	758	750	768	760	770	775	776	783	757	789	755	782	763	755	773	789	760	748	775	789	774	741	769	786	776	782	3084.908805
791	776	778	774	762	752	781	770	749	744	795	771	740	781	782	759	756	749	780	744	762	776	756	777	804	763	794	795	751	747	747	772	790	751	762	777	758	769	755	766	785	781	767	765	766	763	750	787	753	766	766	768	736	752	737	768	766	773	768	780	761	777	745	750	802	756	756	770	787	773	769	767	782	760	751	778	777	730	772	765	756	753	775	770	748	753	759	775	750	772	793	763	753	794	766	773	3086.129553
749	775	780	755	785	772	767	804	764	766	779	763	768	774	756	787	769	778	768	814	761	776	787	791	782	779	744	782	767	787	731	754	773	768	770	793	748	782	762	769	750	781	743	757	761	756	736	759	769	775	768	766	783	756	756	765	777	780	777	757	767	785	787	752	754	765	780	797	752	782	779	753	758	772	784	770	756	762	771	778	770	785	793	758	771	763	757	782	739	786	757	763	759	752	756	751	3087.349992
798	766	773	787	761	777	774	742	764	762	750	783	759	774	774	765	759	774	785	746	772	783	769	786	780	770	774	769	764	755	727	768	768	765	757	764	773	777	773	776	772	732	775	784	775	752	766	766	768	766	752	770	757	792	784	753	767	761	769	785	774	761	752	753	750	764	761	763	786	771	778	773	747	763	749	768	761	752	756	765	788	777	738	773	768	755	770	783	778	747	780	779	754	758	775	756	3088.570123
757	749	746	751	760	748	769	791	770	760	764	806	767	764	745	753	755	803	746	773	745	778	760	765	750	760	785	779	769	768	780	749	748	775	749	762	757	763	766	765	774	794	743	760	755	763	753	764	747	775	797	767	744	779	757	763	754	772	770	757	760	779	759	785	761	746	780	787	775	763	758	764	766	772	751	762	763	780	767	782	774	746	762	742	755	770	786	785	781	799	752	769	780	773	767	791	3089.789945
764	766	786	767	797	756	775	782	773	757	766	767	785	746	770	789	789	765	770	750	759	784	754	767	771	747	752	760	753	758	789	780	765	773	774	767	778	777	765	768	748	757	788	782	759	785	774	745	762	770	758	786	773	778	749	788	758	747	786	781	766	803	772	760	794	764	765	749	762	798	730	770	775	782	770	753	733	759	781	776	769	759	754	796	789	781	743	802	748	761	792	734	757	771	757	761	3091.009459
776	758	768	797	761	767	769	751	757	754	757	756	790	746	760	778	756	783	771	762	771	744	804	792	775	794	750	760	742	777	751	754	788	785	764	757	789	754	761	793	788	778	784	769	778	760	774	732	790	764	764	782	746	746	789	783	772	764	762	770	749	763	741	763	767	744	760	765	769	776	732	767	748	763	771	779	758	773	775	772	805	754	801	760	742	784	780	778	769	741	780	778	754	760	778	753	3092.228664
757	770	793	770	789	780	763	739	792	779	757	774	769	763	761	792	793	746	773	778	779	794	790	771	778	737	760	799	777	751	751	765	774	736	774	756	753	775	776	777	794	777	747	764	743	780	771	762	758	780	766	787	779	792	756	765	770	770	762	784	764	755	743	804	753	776	762	804	766	771	746	764	744	802	757	771	778	758	760	764	778	791	772	772	773	762	756	752	760	758	781	766	775	762	778	769	3093.438258
786	786	781	766	824	764	744	792	798	750	772	786	806	760	781	762	782	760	748	758	763	781	772	775	740	797	763	725	771	755	756	758	765	760	769	779	766	762	757	765	781	771	779	786	780	755	755	778	743	769	797	765	801	783	770	791	752	790	759	753	785	753	758	748	771	747	774	777	770	780	782	765	756	752	784	773	756	780	757	767	789	761	796	771	778	764	774	780	751	771	782	757	758	787	767	751	3094.65685
769	788	756	802	791	788	778	773	750	776	786	778	765	786	763	773	777	793	764	761	772	740	766	783	774	769	784	807	748	776	782	758	774	744	767	782	773	755	779	780	786	768	760	807	791	769	787	766	753	783	763	781	769	772	815	779	754	787	777	771	770	768	770	760	763	765	733	769	756	774	790	763	766	760	768	775	783	763	769	775	757	765	758	780	760	785	750	768	759	774	757	744	773	767	764	753	3095.875134
765	792	778	768	778	795	771	773	785	754	759	790	792	757	794	763	783	770	778	774	754	787	759	797	767	773	799	775	755	784	778	769	757	781	772	803	785	789	773	755	741	795	769	778	789	764	795	783	771	779	790	801	755	751	804	796	810	795	776	772	783	784	785	776	768	784	811	772	794	773	785	796	783	752	786	773	773	770	760	802	780	775	773	778	779	790	759	764	774	760	773	776	809	776	767	765	3097.083814
759	789	804	787	766	773	803	774	770	775	760	783	786	794	787	784	797	778	815	767	767	827	812	766	769	794	773	785	799	787	818	779	784	812	789	794	778	770	782	807	782	747	802	764	775	787	796	790	774	794	808	795	779	802	775	780	778	791	783	779	781	814	800	767	799	804	800	780	770	774	818	770	776	775	807	787	781	813	774	793	756	797	761	804	767	786	788	779	794	805	765	793	790	771	792	795	3098.301485
806	783	812	797	803	791	825	786	783	789	792	769	784	780	798	771	807	806	786	799	789	805	780	808	799	802	788	794	783	779	770	755	798	788	809	786	780	799	801	783	791	813	768	774	776	782	788	796	761	809	790	762	787	786	780	788	810	802	819	762	769	781	800	789	778	796	765	780	789	793	805	771	767	792	782	788	799	806	769	760	780	823	781	786	792	796	791	781	776	774	758	795	765	803	788	767	3099.509557
785	815	787	775	813	790	802	796	785	798	803	801	781	820	796	820	796	804	777	792	811	758	793	790	785	821	796	777	778	787	782	813	782	788	791	799	787	798	780	788	783	787	803	791	802	791	801	775	807	801	777	806	803	761	797	775	796	791	789	791	772	789	815	791	803	795	774	798	799	778	791	798	770	807	825	818	819	789	804	768	818	784	791	823	792	817	794	812	791	799	803	777	774	785	789	785	3100.717326
808	779	798	823	817	801	773	796	812	804	801	792	791	828	789	797	791	820	812	794	784	797	807	786	798	802	787	803	808	817	806	793	799	802	774	792	826	830	783	792	813	785	801	795	813	791	787	790	808	821	829	816	789	808	828	813	821	814	792	818	801	775	793	806	787	791	807	793	786	792	768	781	797	800	811	786	772	801	818	781	799	786	771	811	787	811	800	799	790	794	796	785	795	800	808	792	3101.934079
775	805	806	813	828	818	801	790	824	796	806	797	791	834	795	805	799	807	829	807	806	795	795	827	805	842	787	824	812	796	795	820	817	812	823	786	802	815	817	781	825	803	814	800	802	820	814	791	785	792	790	798	802	793	813	822	807	783	800	803	785	793	827	821	790	782	797	815	799	792	792	800	793	777	788	812	804	815	790	773	766	798	786	780	814	787	813	779	827	788	771	780	800	819	799	793	3103.141241
806	845	804	808	819	822	819	798	802	802	812	831	815	814	822	795	809	828	777	802	779	832	796	792	814	804	831	834	792	802	813	820	820	831	804	807	784	807	787	808	798	794	785	785	775	818	790	802	819	809	797	833	805	793	787	796	795	785	784	780	776	804	783	796	816	787	786	801	810	765	781	812	792	776	791	817	798	788	825	810	815	805	814	799	803	800	807	807	808	808	819	799	792	795	798	786	3104.3481
786	828	783	838	828	814	821	806	828	815	815	821	824	803	815	799	810	808	814	827	792	823	803	809	823	796	814	819	819	817	808	823	814	813	797	794	824	802	814	802	814	830	824	810	813	768	793	801	804	773	794	822	811	816	836	815	797	827	835	797	822	780	812	829	777	802	796	782	803	798	782	791	796	810	804	811	802	795	774	808	813	788	785	792	757	799	813	810	809	804	815	823	810	803	809	803	3105.554657
821	815	821	848	818	789	783	788	841	821	803	794	817	805	796	826	773	812	800	813	812	796	811	833	810	797	811	812	805	808	819	813	845	808	802	794	798	806	829	805	811	798	857	835	803	784	805	821	780	806	791	820	823	820	810	816	813	814	808	808	818	789	804	776	809	822	836	823	811	793	828	814	797	819	830	790	804	801	787	808	816	827	782	828	811	821	788	812	804	802	816	821	833	788	836	823	3106.760912
810	817	845	810	834	827	823	860	847	808	830	831	801	796	783	808	805	818	844	812	833	783	835	807	807	804	799	799	799	785	806	804	816	799	798	795	824	808	822	821	801	787	801	813	800	808	806	819	821	818	797	802	810	809	789	816	795	822	824	809	844	808	826	820	818	829	809	808	786	803	793	802	831	832	819	774	789	804	827	809	789	804	791	818	829	820	799	809	814	822	777	794	819	805	817	774	3107.966864
803	825	806	798	830	771	843	783	828	803	814	823	829	821	810	818	847	806	790	797	804	825	829	834	814	826	822	807	827	807	822	806	796	815	813	787	838	822	834	794	823	818	815	821	828	812	856	805	798	826	828	807	798	815	808	807	812	812	837	805	817	803	810	833	789	780	807	815	816	836	811	794	810	808	818	784	811	829	816	845	824	816	809	816	806	810	785	809	817	792	823	788	811	816	815	820	3109.172515
802	797	808	815	848	816	826	796	815	824	761	821	787	826	786	815	810	820	811	805	780	804	799	800	826	811	810	812	808	806	813	817	777	798	824	819	804	805	812	795	817	812	802	813	798	796	812	797	817	797	824	845	814	809	819	817	801	786	803	809	833	838	821	780	800	796	813	807	816	785	793	782	806	828	831	814	794	795	840	790	818	813	789	787	832	782	817	799	826	814	781	834	812	810	825	804	3110.377864
810	815	825	819	835	841	820	792	848	808	808	828	838	817	800	813	810	807	809	816	822	804	800	815	826	826	817	799	800	778	830	792	811	808	813	813	820	792	823	794	797	813	826	762	820	813	837	815	825	798	807	810	792	790	802	792	813	807	829	809	819	809	819	796	844	808	789	788	808	831	804	803	798	815	810	834	801	828	807	813	822	805	830	819	806	865	800	805	811	819	826	803	777	823	838	810	3111.573643
831	834	809	824	780	824	796	803	830	818	791	820	794	813	813	797	798	815	847	805	807	835	814	822	825	805	785	809	813	803	822	822	819	814	819	812	818	812	813	784	811	819	807	805	797	810	806	814	802	816	809	792	819	820	819	777	827	817	796	833	786	818	778	802	813	812	793	765	826	798	811	798	809	844	773	811	816	819	814	834	823	809	811	823	827	805	811	794	808	804	824	802	813	804	818	810	3112.778391
836	809	835	834	804	824	819	837	809	785	833	806	798	795	796	803	801	803	850	813	798	834	818	819	813	800	777	822	808	808	817	805	788	809	834	804	809	811	809	805	839	817	777	817	801	819	811	811	834	790	833	811	805	806	820	845	818	815	797	826	841	816	826	826	841	798	809	812	799	795	826	810	814	772	819	831	789	819	786	834	804	812	812	813	787	809	828	832	822	824	814	829	843	784	789	841	3113.982837
826	824	802	809	798	812	799	811	819	831	818	854	802	814	820	801	839	820	790	846	815	823	822	819	827	832	808	852	807	820	805	817	820	828	810	820	820	818	834	844	815	791	820	827	840	812	817	810	795	779	789	814	799	808	818	765	822	790	791	831	825	788	831	792	810	808	835	806	832	785	810	786	824	835	785	799	836	811	801	810	799	807	787	840	770	798	812	824	804	824	813	813	824	821	802	811	3115.177721
804	817	806	805	806	780	801	818	813	809	824	815	832	799	829	843	804	789	798	820	820	834	826	822	841	832	814	782	813	810	810	829	813	802	803	810	833	816	807	814	807	836	807	814	794	819	814	815	839	796	786	816	806	817	829	787	769	824	784	782	791	806	801	801	806	810	781	778	824	794	830	793	802	815	788	800	796	781	803	829	802	819	779	799	808	831	816	822	805	787	813	793	808	830	789	825	3116.381567
809	815	796	823	795	813	822	787	804	803	817	829	796	820	840	820	832	836	819	808	800	815	800	791	828	818	822	800	798	807	811	816	805	817	829	809	808	821	859	818	799	825	838	802	786	783	816	798	798	800	811	821	813	816	808	807	828	808	791	793	812	824	797	824	780	805	810	792	826	779	811	821	808	801	802	814	797	813	827	808	803	830	799	800	801	816	784	817	799	806	812	823	808	819	796	792	3117.575855
805	852	830	803	830	804	812	804	836	774	800	799	812	809	783	823	830	832	832	787	812	817	816	810	788	829	794	818	805	847	808	814	786	821	824	829	798	810	812	815	829	796	812	820	813	822	817	811	792	818	816	805	778	834	803	824	813	826	780	837	823	808	823	820	833	796	814	830	796	832	793	818	798	802	846	819	793	791	800	802	817	800	813	785	807	813	811	795	782	800	829	810	804	812	817	805	3118.779102
804	828	800	785	792	797	823	820	821	811	813	759	811	790	787	808	799	803	831	831	799	819	804	811	826	812	818	826	810	798	802	815	797	819	794	788	836	796	817	792	792	879	799	797	809	808	822	772	771	821	814	830	795	783	794	808	803	811	820	825	818	828	804	779	803	803	801	803	819	797	783	802	837	808	823	792	801	782	787	791	811	832	811	832	788	798	786	827	818	769	823	828	809	800	811	795	3119.972795
810	808	801	785	806	819	784	838	801	815	821	828	798	796	841	791	809	811	804	811	809	835	830	783	821	794	786	820	808	800	833	794	799	787	833	800	810	795	797	826	821	800	853	801	804	820	829	792	812	800	804	787	807	795	790	812	815	785	820	820	814	782	808	835	819	808	816	820	788	834	819	812	806	846	814	811	821	827	807	826	806	800	773	792	775	821	811	799	795	813	820	809	839	809	796	804	3121.166192
820	812	803	835	819	782	818	809	815	807	800	786	817	796	808	812	830	812	854	805	801	792	790	825	786	805	826	820	810	849	825	815	785	827	810	809	823	768	789	792	797	831	782	802	800	801	815	812	795	830	803	813	782	826	805	811	792	819	811	788	805	806	791	824	799	830	814	801	826	797	808	808	802	806	810	804	784	816	806	800	803	829	841	815	803	801	808	802	805	819	787	806	822	798	804	806	3122.359292
809	814	795	796	832	798	800	800	792	783	801	849	819	804	810	807	817	816	787	789	812	791	814	792	820	796	815	803	811	793	805	797	831	811	815	856	784	805	821	824	801	800	813	806	789	820	822	810	825	812	817	826	808	773	796	823	822	829	772	802	815	799	780	779	797	805	817	799	795	841	827	824	819	822	802	834	829	824	802	801	811	805	810	785	779	812	794	800	804	783	790	805	806	819	808	802	3123.561343
818	817	807	819	821	844	805	789	800	773	815	787	839	796	803	785	811	822	801	794	804	813	813	801	801	832	786	786	781	796	805	811	813	798	805	817	838	786	814	840	833	814	796	821	804	777	809	814	819	797	809	817	815	831	831	773	819	795	825	829	781	817	812	833	779	784	808	817	814	799	811	821	825	822	805	818	812	797	824	818	815	825	766	838	793	806	798	784	789	828	787	815	828	785	790	818	3124.753849
831	821	837	834	817	811	843	851	787	798	818	797	797	810	800	806	817	834	813	812	784	812	829	788	813	843	803	818	809	806	823	789	815	825	796	824	825	793	822	804	826	832	803	807	804	809	826	827	820	818	847	787	835	827	790	831	791	823	803	847	807	792	812	830	807	850	778	845	793	819	822	819	798	803	813	773	832	842	826	821	822	806	823	806	812	816	839	816	791	777	819	843	827	819	811	836	3125.94606
812	847	811	815	823	830	816	815	807	827	847	819	828	818	810	826	810	822	805	825	832	816	815	822	823	826	840	828	827	788	822	832	810	834	816	844	813	831	812	815	805	815	818	823	843	812	844	825	794	805	790	822	818	812	820	830	839	842	832	808	804	801	831	835	807	796	813	797	829	833	820	824	823	835	833	777	816	834	812	813	794	827	813	831	850	811	809	807	812	829	818	806	829	832	812	800	3127.137975
824	800	791	822	828	829	802	823	806	808	844	825	820	838	804	833	839	822	837	815	815	830	811	803	788	837	803	783	810	820	859	798	826	790	838	810	840	817	829	845	804	798	796	822	841	810	855	820	809	815	842	822	840	782	817	853	797	833	828	826	821	815	792	804	828	812	814	825	831	820	820	816	808	826	799	824	834	808	806	807	823	817	815	836	817	815	797	832	805	801	780	800	812	814	815	809	3128.320359
815	818	832	816	830	829	835	832	837	834	808	839	809	821	841	807	800	852	827	805	832	844	840	807	802	803	827	820	833	845	836	818	835	843	856	827	792	860	836	818	827	819	830	809	818	831	852	832	824	808	843	829	837	823	839	813	828	846	833	830	818	815	838	839	840	820	812	832	830	792	818	803	824	841	813	785	822	830	817	850	832	839	803	842	831	804	821	831	830	834	834	835	828	835	848	805	3129.511685
830	830	881	833	868	845	836	815	838	832	812	820	820	825	823	812	847	828	820	821	835	846	855	861	843	821	838	827	835	833	840	844	805	829	854	810	835	838	820	835	850	818	830	836	809	819	816	866	824	815	791	835	848	873	832	821	835	836	841	852	831	832	843	820	842	831	823	820	805	825	832	841	830	829	848	841	849	839	832	848	855	839	846	838	849	837	839	829	834	810	836	823	811	841	836	832	3130.702717
850	842	832	825	819	848	818	850	815	809	810	835	834	824	834	858	831	821	849	829	817	852	827	846	815	847	846	841	837	829	846	848	849	826	835	821	853	832	838	830	816	860	792	864	826	813	849	844	838	807	853	845	851	847	839	834	841	824	818	834	830	832	838	835	819	853	842	780	808	813	835	855	840	841	830	834	839	833	837	844	819	856	852	841	831	826	860	840	835	815	833	828	828	835	843	856	3131.893453
849	859	833	819	817	851	834	863	866	863	846	860	817	824	833	833	823	867	846	855	860	851	820	812	856	834	856	846	828	849	847	785	846	838	872	838	831	823	866	850	844	866	854	835	832	816	847	855	838	868	826	847	795	845	846	822	808	846	816	828	841	855	861	868	823	852	818	866	850	844	841	845	824	836	811	832	812	859	810	850	822	859	835	865	836	842	842	821	844	863	825	848	845	859	839	834	3133.074667
874	844	851	821	844	839	863	813	853	846	826	865	845	843	860	874	845	859	829	831	855	851	865	858	884	861	834	834	825	845	820	829	841	862	835	873	879	851	842	845	879	861	867	860	858	839	860	849	840	833	846	866	867	859	830	854	839	840	845	815	866	826	822	830	869	826	814	841	828	834	841	832	849	833	853	840	855	859	860	829	857	849	835	833	857	842	863	835	841	839	840	852	864	836	824	851	3134.264815
857	871	847	840	824	840	877	822	811	835	873	843	852	832	842	841	828	861	862	856	855	863	829	807	821	860	851	827	835	852	816	852	833	843	835	849	827	858	888	836	849	837	879	835	849	848	843	858	856	829	856	844	865	842	822	851	867	855	853	864	832	852	852	838	824	838	828	834	850	833	853	847	840	867	838	857	844	849	830	881	823	843	851	861	841	857	819	838	845	826	832	851	839	894	821	858	3135.445446
873	855	841	855	866	856	862	845	849	831	840	848	832	837	844	890	862	840	870	844	836	842	876	829	840	846	865	856	828	834	849	866	854	823	805	851	822	847	852	830	842	845	811	834	835	869	834	837	834	835	844	825	870	832	826	843	841	832	845	835	837	838	817	868	846	813	841	841	820	847	858	871	844	860	840	846	844	810	862	859	853	854	871	842	861	843	852	839	844	840	854	869	842	809	815	849	3136.635007
830	892	855	833	844	857	837	847	824	835	841	816	818	822	829	856	850	858	859	830	851	825	851	839	827	832	830	830	859	827	835	824	833	824	876	831	823	857	860	851	828	844	857	851	832	843	847	851	825	830	839	831	843	868	864	838	846	847	867	846	841	811	850	867	863	850	842	828	847	834	828	836	838	833	877	855	835	859	834	860	832	855	812	844	856	834	856	845	864	832	831	833	843	844	868	859	3137.815055
851	823	856	866	854	832	863	833	821	856	857	855	839	819	830	860	871	848	840	855	833	833	831	841	843	856	842	823	858	863	839	833	849	853	851	841	848	835	852	840	824	846	849	825	840	855	832	837	843	872	807	834	836	839	837	852	846	839	833	834	860	855	836	825	821	817	853	853	862	877	845	853	827	826	847	832	822	849	847	820	835	845	809	840	836	831	851	814	857	864	836	838	867	840	849	859	3138.994813
829	848	847	821	841	849	849	838	842	851	824	829	826	851	832	843	841	828	835	833	849	856	828	886	835	862	822	820	865	828	807	847	870	812	829	816	851	849	809	830	823	844	852	839	835	850	840	844	833	830	821	833	831	839	827	840	821	866	822	844	833	832	834	814	829	811	852	826	840	821	829	823	838	868	829	837	818	848	845	823	838	834	825	843	828	1587	826	812	826	827	838	803	843	823	838	858	3140.183495
841	832	837	856	833	799	847	849	862	823	841	817	853	853	828	816	845	816	848	831	861	842	854	818	859	850	822	823	828	841	849	832	816	836	838	843	837	824	869	838	815	838	835	832	830	843	816	831	843	841	826	871	831	825	835	841	843	850	831	843	852	831	835	849	843	803	825	840	833	850	831	827	834	824	836	832	831	860	843	829	843	830	827	816	832	1694	838	829	812	813	846	839	830	830	829	817	3141.362671
839	829	836	846	836	843	846	824	852	825	823	832	829	820	835	869	848	848	827	861	846	834	846	845	851	812	840	831	813	833	818	832	813	840	808	825	839	839	834	803	821	838	860	825	864	809	834	878	834	804	837	817	805	828	831	813	824	831	842	836	849	842	836	797	830	842	833	810	806	832	825	813	831	813	843	803	815	836	870	851	804	829	813	789	846	815	812	854	812	820	809	813	805	842	836	818	3142.541558
860	796	833	840	820	826	850	824	821	831	834	815	820	820	818	835	831	861	825	844	830	823	862	840	824	813	829	834	811	848	824	841	841	812	839	804	829	853	854	838	843	794	825	817	815	809	824	850	830	808	847	825	815	804	833	801	813	829	848	823	820	808	849	819	811	836	807	830	818	817	799	818	839	838	804	833	823	819	825	827	828	836	829	835	847	815	811	824	860	829	809	825	826	822	836	819	3143.720155
787	865	837	807	833	864	843	823	812	847	820	819	845	837	818	855	837	847	842	820	829	804	883	833	824	820	842	844	841	833	848	837	836	831	823	836	827	840	828	845	852	808	826	825	815	844	838	814	836	821	799	834	821	825	858	831	835	814	830	833	835	824	840	827	820	849	834	814	826	826	812	809	824	850	822	823	821	833	851	816	815	828	829	850	824	845	817	816	822	842	841	844	839	824	825	846	3144.898462
837	847	826	869	831	858	841	811	824	827	831	841	843	843	840	842	830	829	802	809	844	849	874	842	821	833	810	840	847	799	818	812	835	818	840	811	822	815	808	815	846	809	811	848	831	830	813	819	829	831	820	826	840	796	799	832	850	822	815	829	829	829	817	832	813	830	830	802	815	813	859	799	855	838	803	823	799	809	841	831	833	812	823	835	817	819	845	813	844	823	850	832	800	831	818	831	3146.076481
829	828	830	844	821	829	822	831	826	812	795	836	812	830	834	833	818	818	855	836	819	844	2129	808	803	807	845	817	798	828	814	830	811	816	832	835	807	840	817	790	820	832	837	826	832	836	845	803	797	828	809	818	837	832	836	836	844	835	837	842	808	825	836	839	823	810	810	832	837	817	863	852	836	815	853	833	845	818	814	848	815	820	797	838	825	812	825	837	842	823	820	807	801	794	815	843	3147.25421
820	821	813	858	830	852	834	840	833	812	824	827	863	853	833	856	841	822	850	869	850	815	1560	783	817	837	810	821	856	813	821	855	821	839	833	814	834	845	837	832	815	854	832	819	794	829	837	835	837	825	824	821	815	823	829	834	798	847	836	799	811	831	836	805	841	853	808	817	846	837	833	808	816	826	801	846	832	842	875	804	842	837	857	827	825	837	829	828	833	807	832	859	818	830	820	862	3148.431649
833	845	868	838	840	826	838	812	818	819	836	812	829	846	835	809	823	821	836	830	811	821	831	831	849	833	811	824	837	831	813	798	827	802	822	838	819	823	813	808	838	822	856	818	825	809	827	849	846	820	815	842	838	835	813	821	819	832	828	813	858	834	828	834	809	816	834	824	846	833	843	804	830	808	822	821	808	809	832	808	799	817	840	825	831	822	833	841	808	836	814	822	832	819	817	810	3149.599605
826	853	833	837	793	833	836	825	818	837	842	821	821	823	821	867	841	812	841	821	856	837	844	833	835	797	832	820	845	841	823	817	811	828	843	830	814	840	832	826	849	828	847	834	843	829	842	839	855	833	834	848	813	823	812	818	840	821	815	849	817	830	824	841	832	833	838	805	830	841	822	820	822	842	803	804	859	837	825	832	828	807	838	813	845	832	836	828	828	845	816	840	839	844	822	806	3150.776469
851	838	826	824	837	840	840	843	822	840	823	826	838	846	862	799	829	835	852	802	858	816	836	850	827	828	855	823	835	825	835	838	852	821	816	834	827	851	835	852	838	819	797	823	822	808	820	855	851	875	841	844	818	845	844	815	861	831	811	806	815	818	829	826	815	817	826	842	832	836	796	831	844	827	817	812	845	838	828	837	850	829	834	833	816	836	841	851	818	834	831	816	813	848	842	865	3151.953044
820	842	863	829	884	840	854	851	847	824	821	833	819	828	837	827	815	825	827	815	839	851	839	838	829	853	819	855	833	839	846	848	871	864	813	856	830	808	858	827	837	832	837	820	835	847	827	839	861	850	838	841	858	839	848	855	823	858	842	846	834	837	823	832	857	794	825	861	844	852	829	821	843	809	853	828	824	828	798	855	849	839	866	819	820	846	831	799	796	827	829	840	857	843	818	862	3153.120142
853	842	869	841	835	858	861	872	813	872	847	846	845	839	818	856	857	828	833	841	865	844	849	860	854	837	846	843	856	831	854	852	851	834	845	841	845	823	849	845	840	852	870	847	855	841	829	822	863	849	830	835	841	871	865	817	834	853	840	851	851	836	840	847	848	833	872	850	835	836	849	833	822	857	850	858	823	863	849	824	862	831	839	825	849	869	822	854	825	859	832	846	833	870	829	834	3154.296142
854	855	856	859	841	870	857	852	843	863	844	842	856	884	873	824	856	854	851	858	840	863	853	870	865	847	843	860	836	842	862	842	848	838	879	842	853	844	842	842	834	866	838	863	858	846	874	859	843	847	854	851	846	830	834	865	859	854	843	846	851	857	857	828	857	839	856	810	827	858	859	829	853	805	871	849	861	846	874	865	834	824	850	852	827	856	814	831	844	861	852	837	819	844	852	867	3155.46267
851	869	866	860	831	845	871	865	878	854	850	853	837	854	844	842	860	864	845	847	858	833	875	845	859	853	877	865	808	846	856	892	868	844	858	854	860	871	849	825	870	843	862	836	842	858	851	861	859	857	858	851	874	842	866	877	843	867	850	838	846	838	868	819	844	845	862	882	849	851	851	856	859	838	875	864	865	842	846	830	833	852	799	835	873	851	864	838	862	836	887	839	853	851	887	866	3156.628913
850	874	863	891	846	856	845	857	860	857	858	856	846	829	872	869	852	833	854	865	857	871	844	845	842	860	849	848	861	848	832	811	839	823	881	848	872	872	868	890	839	852	837	828	843	837	845	855	840	869	818	855	855	854	854	817	848	854	858	871	851	863	880	841	842	834	865	871	844	853	882	854	835	854	863	848	878	853	860	843	842	843	852	861	852	840	821	870	835	846	861	869	861	862	866	870	3157.804053
845	852	863	860	868	885	864	847	862	819	856	848	857	869	859	862	861	886	860	879	862	904	878	884	854	868	885	893	856	853	884	852	868	870	855	860	866	857	860	881	842	819	835	840	847	910	846	850	846	828	841	888	864	859	858	858	870	881	870	881	865	846	873	861	873	857	840	865	830	848	846	849	848	845	883	869	856	835	878	868	848	858	851	864	851	839	855	833	850	884	849	871	844	870	834	866	3158.969726
847	889	876	893	864	843	850	894	850	855	855	867	878	844	852	855	857	881	878	869	877	853	875	875	847	860	859	862	842	869	861	877	844	859	843	859	829	847	838	839	878	840	836	873	867	880	863	855	862	890	864	869	844	886	849	856	867	844	869	859	845	872	850	878	835	874	893	853	860	864	849	857	876	865	860	829	860	874	872	857	831	850	862	881	866	851	858	856	849	852	880	859	881	843	836	851	3160.135117
834	859	852	850	854	861	858	852	853	856	853	852	851	868	865	811	865	832	885	824	883	861	869	850	855	878	863	834	855	830	890	853	849	866	855	863	860	865	897	852	845	856	852	847	846	848	838	859	866	874	862	875	851	881	862	848	859	869	840	872	865	856	841	859	870	863	886	850	821	841	842	824	857	868	854	864	859	846	857	841	864	861	848	835	816	871	872	901	873	867	860	863	832	838	876	846	3161.300223
886	887	877	852	869	860	874	858	835	880	839	864	862	821	848	846	890	861	848	842	845	880	859	875	857	847	860	861	884	848	861	836	916	869	863	863	853	826	880	854	856	871	873	892	850	842	851	867	854	848	891	858	873	865	871	820	853	868	849	884	857	846	876	870	819	846	897	904	893	867	859	873	893	866	858	856	838	859	859	866	844	869	842	834	840	877	850	854	849	853	848	887	833	835	869	850	3162.465047
870	876	858	858	870	891	866	839	847	840	851	889	869	881	854	844	853	859	863	875	853	851	864	883	872	884	873	846	827	868	841	862	860	870	853	824	848	860	837	870	853	873	843	858	854	863	882	871	879	821	831	890	853	865	867	836	871	880	871	865	913	860	854	878	841	881	831	838	902	883	867	908	851	856	841	832	862	852	890	832	872	858	849	848	898	857	845	882	858	822	857	867	880	872	869	855	3163.629587
833	882	856	861	877	851	878	858	863	873	868	861	866	849	864	865	865	859	894	852	850	872	860	892	861	856	879	863	854	870	856	844	888	861	838	896	890	870	866	845	831	865	844	858	863	854	844	835	849	860	858	843	852	835	869	881	852	875	845	842	865	833	862	862	863	870	864	845	862	844	876	844	862	870	860	861	865	859	853	854	880	867	840	864	904	838	848	864	855	848	836	856	852	844	832	852	3164.793843
856	862	853	895	852	858	858	867	834	846	862	855	840	846	878	907	839	885	907	885	845	856	864	845	856	849	873	872	894	858	869	861	835	833	827	866	867	861	871	849	867	872	852	860	891	873	854	880	850	831	844	829	831	864	855	872	862	834	865	848	861	838	847	841	873	865	872	856	866	881	854	856	856	858	855	895	858	832	821	864	842	855	838	862	855	874	831	839	852	880	854	850	834	862	904	870	3165.957817
857	871	867	860	831	883	859	872	885	859	859	848	832	852	820	850	864	852	850	861	851	858	855	882	863	866	871	850	898	864	829	832	850	854	862	851	891	864	860	870	861	853	830	863	848	845	846	875	848	849	839	854	855	844	873	859	849	844	860	850	854	863	872	847	846	850	855	857	848	862	870	842	828	846	839	833	849	868	842	918	863	842	846	864	867	851	867	879	852	849	879	845	903	873	850	842	3167.121508
870	847	846	862	849	837	848	838	849	831	856	830	834	845	871	858	844	843	849	843	845	856	825	864	841	837	854	863	822	854	844	847	815	835	855	856	835	844	855	856	870	861	879	854	828	842	881	831	843	867	840	834	851	850	855	853	839	834	861	843	848	839	879	822	883	860	843	834	839	831	873	835	866	855	866	857	879	852	835	870	868	838	862	860	859	872	849	854	858	853	869	839	851	854	848	850	3168.284916
851	872	851	847	845	868	843	903	835	814	865	863	845	877	824	865	833	864	848	835	848	852	882	875	837	889	841	833	844	847	884	847	860	855	855	859	867	859	834	844	859	828	843	822	910	862	832	843	884	874	879	862	868	882	831	839	845	842	848	860	879	836	860	857	844	863	837	831	829	839	838	861	824	880	888	870	877	879	847	848	846	850	842	852	847	854	821	852	822	821	862	844	855	861	868	857	3169.438883
865	869	874	832	866	831	885	834	866	859	840	876	855	847	895	856	825	861	850	818	873	850	864	833	849	857	843	850	833	861	861	833	856	859	872	856	858	842	862	850	828	859	831	834	845	833	857	849	822	861	833	850	839	847	809	857	863	871	850	842	839	861	847	841	867	855	838	875	833	837	837	822	832	849	841	848	843	876	847	828	843	832	875	871	846	843	865	868	869	831	852	848	842	848	848	853	3170.601728
840	853	855	871	857	854	850	846	848	847	865	851	840	837	833	874	860	856	842	855	867	873	851	849	839	861	848	859	849	830	827	831	821	863	867	850	854	849	867	834	824	836	889	868	835	836	857	854	856	869	837	831	826	839	845	854	849	854	846	821	848	834	882	844	863	818	847	863	828	891	829	833	852	858	840	826	860	840	838	864	861	820	852	884	838	879	838	835	831	866	853	861	847	834	868	839	3171.755137
881	870	804	883	808	837	819	828	832	876	846	870	827	857	871	848	857	836	874	840	860	808	867	855	842	840	841	821	853	875	849	873	853	851	831	855	840	802	860	855	856	814	859	876	837	834	841	870	847	852	845	844	825	851	847	836	825	834	863	847	865	857	826	828	825	861	850	858	859	839	824	853	854	854	838	852	854	840	845	839	838	819	811	823	840	859	864	841	848	858	820	845	843	844	834	839	3172.917419
853	863	842	810	847	842	818	859	858	823	824	848	860	839	846	837	851	888	858	813	831	831	862	828	837	840	853	853	857	854	844	863	862	857	820	849	858	840	865	828	846	869	855	866	862	854	829	842	853	826	840	879	843	859	816	798	850	847	825	874	841	829	820	838	835	829	851	847	811	834	820	848	844	836	861	876	823	862	844	836	819	820	806	834	844	854	837	831	855	835	843	855	832	859	858	834	3174.07027
836	870	851	847	831	882	842	834	835	841	834	868	827	850	861	854	811	855	862	851	846	836	853	861	834	840	861	817	825	828	829	868	832	839	852	849	834	847	870	829	855	805	865	845	859	827	858	833	873	826	836	856	853	843	865	863	836	841	849	828	848	853	862	837	844	844	801	842	830	845	835	856	848	839	842	838	841	884	832	839	829	849	842	829	854	839	830	830	820	844	841	861	825	835	831	860	3175.231989
860	873	855	885	842	876	842	848	857	844	825	845	866	841	864	822	844	859	853	828	825	863	845	832	856	815	832	862	865	859	855	866	852	866	826	854	838	823	838	865	848	839	834	843	857	845	814	865	865	867	859	827	798	857	820	866	829	848	868	841	840	846	831	835	836	842	838	837	840	862	855	842	821	899	814	896	844	842	842	853	832	835	808	837	870	844	852	887	816	844	842	825	827	833	840	861	3176.384282
832	826	844	881	812	860	874	850	852	830	831	855	835	824	817	851	897	861	839	818	824	849	830	859	862	831	845	854	841	851	830	850	853	832	845	882	842	874	861	855	827	842	851	829	836	864	854	855	855	821	859	867	845	852	854	844	844	825	828	830	837	828	842	846	838	845	889	846	826	831	805	829	832	850	840	833	837	862	839	818	815	862	814	844	858	857	839	839	832	805	840	836	809	817	872	844	3177.536298
878	822	844	821	855	848	867	832	863	837	846	840	840	831	816	866	857	838	838	864	843	850	830	862	879	850	815	865	838	824	829	843	849	858	830	842	857	865	832	836	822	833	856	881	833	831	842	849	826	822	822	831	846	821	809	827	860	848	832	799	845	857	832	850	867	876	814	845	847	863	836	817	835	839	834	843	822	833	845	837	882	850	850	850	862	830	833	860	857	826	795	853	838	838	857	829	3178.688036
837	861	847	838	843	837	857	861	815	843	857	853	825	844	848	842	849	832	838	831	855	832	849	837	847	813	849	848	859	852	841	861	834	877	850	852	877	862	862	843	834	835	823	837	837	822	842	846	827	843	840	820	843	827	837	846	855	863	830	843	816	814	852	840	827	823	842	886	857	847	822	830	824	852	827	864	817	837	838	864	852	841	846	835	847	874	830	849	855	845	865	856	848	832	852	852	3179.839496
841	848	868	839	868	850	868	855	855	890	848	866	846	861	868	839	857	852	872	825	871	860	841	888	830	872	850	868	855	844	842	838	855	845	874	864	845	830	842	824	897	828	846	817	859	855	831	829	840	883	834	842	847	837	845	834	836	852	858	866	850	831	852	867	845	855	850	857	841	864	859	848	835	869	843	861	835	864	846	834	856	871	822	828	832	829	836	825	834	852	829	823	827	800	852	847	3180.99068
838	857	830	864	866	842	867	850	835	808	859	876	850	853	831	853	868	854	840	830	869	852	860	841	817	838	851	822	879	872	857	829	862	807	863	832	821	847	877	856	830	843	830	865	838	848	822	829	844	838	840	863	868	827	857	870	842	844	820	851	841	817	842	863	835	839	817	829	837	847	832	814	853	848	854	845	847	855	824	850	826	843	835	848	857	826	871	860	840	838	856	834	855	901	830	866	3182.141585
819	851	839	872	833	874	870	882	865	879	855	841	868	878	819	861	870	838	854	842	840	875	872	845	861	861	860	861	871	859	849	865	874	839	861	853	864	825	856	856	856	862	836	830	870	850	862	842	872	873	850	816	853	865	863	830	831	852	876	836	850	857	842	822	854	861	854	842	877	853	861	836	824	830	852	863	860	858	854	840	838	843	849	877	901	833	839	844	843	843	870	835	846	843	835	852	3183.292214
863	879	867	868	872	878	849	851	845	899	844	872	847	856	848	836	880	861	879	813	858	880	850	854	846	863	867	831	846	853	858	872	863	850	823	839	841	861	849	870	852	861	846	851	856	874	873	868	860	860	875	861	841	863	879	832	883	857	857	865	853	848	842	848	873	878	872	848	857	852	868	859	838	864	891	889	860	845	872	858	861	855	820	863	856	837	827	853	817	845	835	893	867	853	855	856	3184.442566
860	860	843	863	851	856	867	860	874	850	838	863	858	867	868	864	853	857	864	839	821	844	851	846	827	850	851	856	873	891	867	859	875	873	885	850	870	843	863	851	881	846	858	843	841	863	840	875	837	860	879	831	849	862	877	854	853	859	867	838	872	853	892	877	852	841	865	862	875	857	866	852	849	832	894	858	851	838	857	852	854	863	855	828	841	897	844	847	847	864	874	865	855	856	867	846	3185.592641
864	876	863	831	891	875	845	858	870	854	880	861	847	845	842	866	862	871	844	879	857	857	862	890	880	893	866	837	870	883	816	824	860	872	852	856	854	855	827	853	903	838	856	869	842	862	860	835	904	873	877	889	886	834	838	858	871	844	857	854	857	860	862	870	866	840	869	871	856	843	858	818	853	886	881	868	863	870	854	855	844	851	860	844	854	856	824	842	876	818	858	855	883	829	856	882	3186.733315
851	891	863	874	839	852	898	856	842	881	831	881	839	867	846	890	883	884	885	884	859	845	862	841	871	868	874	878	888	875	862	881	878	847	857	853	882	858	873	875	867	884	830	853	851	861	873	876	880	859	875	860	864	867	846	868	880	871	872	838	871	860	878	882	839	877	830	858	836	881	857	860	851	844	859	858	868	875	854	881	848	858	837	842	855	876	865	848	856	862	887	848	865	866	821	833	3187.882838
880	880	903	882	902	850	879	863	861	862	895	865	854	878	884	858	872	865	878	873	897	899	878	868	880	863	859	859	911	904	877	864	847	859	870	851	863	853	862	883	866	863	892	869	882	850	854	870	881	868	848	873	867	842	847	856	879	881	855	884	884	870	855	855	885	850	879	883	882	821	848	869	867	864	846	863	880	884	873	939	906	869	862	857	857	865	868	870	868	869	864	854	876	852	842	868	3189.032085
857	868	873	885	904	867	865	866	875	873	868	878	866	883	894	874	900	856	866	900	874	882	854	910	907	887	903	851	864	883	891	855	846	855	865	874	891	875	907	892	866	866	869	884	865	894	884	884	901	906	863	885	864	868	864	852	909	854	859	865	891	872	872	864	864	865	881	837	866	869	861	866	874	889	858	864	855	881	874	881	854	855	875	865	880	838	882	883	892	856	855	848	898	875	896	827	3190.171937
874	861	880	875	864	898	886	874	879	873	871	840	909	871	867	874	884	869	886	862	876	898	869	892	886	879	876	860	885	916	899	876	891	847	861	871	904	851	906	878	879	887	864	882	853	878	879	892	845	875	878	885	837	877	856	887	854	931	901	889	872	903	906	863	877	891	873	869	848	894	888	888	875	863	867	866	871	886	881	857	860	909	911	852	869	845	874	841	850	870	863	886	908	880	894	899	3191.320633
881	882	865	889	882	893	877	885	872	867	890	897	873	862	872	853	851	912	910	888	874	845	865	864	852	873	865	870	860	873	867	883	878	887	874	892	885	878	874	854	866	881	904	894	876	845	891	880	911	873	859	888	849	881	878	857	869	860	873	896	865	886	859	849	895	878	892	859	877	903	852	889	888	899	846	876	903	865	858	855	861	869	886	889	848	883	868	897	859	881	854	906	870	921	885	901	3192.45994
863	849	883	884	892	871	855	888	872	897	868	867	883	906	890	872	894	881	872	884	862	893	877	887	894	866	902	888	870	866	921	880	877	891	885	872	884	861	871	871	875	879	867	898	869	881	878	881	880	873	849	895	895	888	872	870	854	909	873	878	892	856	893	846	850	906	869	872	893	874	892	875	868	884	864	862	884	889	914	880	876	894	876	896	876	852	854	842	859	927	853	862	881	876	863	897	3193.598974
866	883	879	879	902	871	897	858	889	865	886	886	878	865	865	869	869	871	895	871	892	886	881	867	881	881	863	848	874	886	888	867	894	880	871	889	883	854	894	902	880	870	915	872	861	879	879	866	880	871	900	851	901	872	907	898	884	882	875	878	870	861	901	881	894	878	906	877	879	859	882	891	887	893	845	894	883	874	874	871	864	857	907	888	872	874	870	872	859	864	889	869	870	884	861	898	3194.746846
879	895	884	913	889	875	868	854	901	899	869	868	905	877	860	890	885	880	869	885	883	876	873	899	882	853	860	884	884	847	867	860	847	882	862	859	910	880	893	877	864	869	844	904	880	854	885	841	854	870	869	864	861	877	873	858	878	882	886	867	881	886	881	880	850	893	856	855	891	881	850	880	851	907	848	868	883	856	834	876	873	867	855	864	877	869	902	839	876	847	866	861	851	875	877	876	3195.885335
871	883	864	897	898	894	870	881	889	863	887	897	866	868	871	887	863	865	889	882	876	862	850	883	870	860	869	890	858	875	856	863	879	866	877	894	877	889	879	908	871	887	895	844	889	882	875	896	854	887	855	890	892	886	874	869	885	869	877	899	886	848	909	901	895	880	867	852	898	849	892	887	885	898	884	867	851	882	852	858	866	880	855	884	852	860	857	868	871	865	856	929	914	898	862	899	3197.023552
869	872	861	861	853	846	846	882	877	887	874	878	868	838	869	888	890	871	860	851	862	866	871	880	854	856	879	882	859	829	847	858	878	858	869	898	893	861	878	857	877	869	874	881	870	864	872	856	859	853	841	854	895	874	888	880	884	892	891	886	835	873	882	846	890	855	879	857	864	846	883	862	838	880	857	879	848	852	867	864	851	836	860	897	857	879	896	864	845	864	886	873	852	894	906	877	3198.161498
902	844	884	875	868	884	884	872	869	869	890	895	878	870	859	889	879	836	891	844	859	854	879	895	872	875	880	848	876	867	858	862	856	851	879	888	875	880	890	851	844	843	851	878	838	839	851	862	891	840	885	872	905	833	847	866	866	862	883	836	868	917	851	868	856	850	860	888	853	853	870	886	888	848	852	850	846	857	870	907	875	859	876	841	877	855	861	877	840	843	858	870	865	854	828	893	3199.299172
885	863	869	857	885	876	843	865	828	842	879	841	867	850	858	846	860	845	866	843	875	883	880	892	884	859	879	856	862	854	861	858	888	862	845	868	882	918	854	880	898	850	876	860	872	872	879	819	850	856	901	876	867	842	892	874	826	878	890	863	835	849	858	898	863	843	857	852	834	831	884	874	872	862	890	869	851	860	878	850	865	852	868	847	884	858	868	846	883	869	863	874	855	852	879	872	3200.436575
860	887	855	869	863	856	878	865	855	874	858	881	860	850	849	867	905	861	873	862	869	861	876	880	849	858	854	822	860	865	868	859	841	862	873	878	875	874	888	864	892	853	855	849	852	840	865	860	862	864	844	878	855	871	830	852	895	863	863	827	873	856	851	850	840	859	857	877	863	877	854	836	875	879	865	834	879	861	855	839	869	861	851	842	856	860	853	881	827	859	860	859	889	846	829	877	3201.573707
897	848	853	857	850	867	832	850	868	853	842	864	873	865	845	868	871	851	843	855	869	843	868	846	861	866	827	863	872	889	838	889	879	854	859	863	841	844	857	856	867	852	842	861	848	842	841	861	834	849	851	848	859	881	865	840	862	877	872	859	864	861	838	859	862	855	858	842	850	868	856	856	866	838	849	808	843	866	861	862	849	839	850	850	867	834	879	883	870	864	866	861	851	861	864	836	3202.710568
882	877	843	875	886	850	868	854	842	870	851	866	876	833	858	850	898	902	894	843	873	878	867	837	854	854	838	874	885	888	856	837	861	867	843	857	825	843	860	844	887	859	847	856	878	862	852	858	846	852	833	838	861	859	860	846	840	877	851	882	849	832	851	869	864	876	876	855	867	841	841	853	856	867	843	853	853	862	872	867	856	847	845	828	863	834	843	848	856	888	860	845	838	840	865	864	3203.838066
857	866	853	826	852	857	853	843	869	840	887	872	850	848	839	861	829	845	855	827	872	850	830	854	840	870	841	876	848	866	870	860	860	849	863	852	856	909	852	885	860	839	862	874	861	846	840	866	856	846	873	872	858	865	841	852	833	843	874	879	851	858	860	860	875	848	845	866	856	868	855	827	822	850	878	852	856	855	845	844	834	864	821	849	824	861	859	860	834	815	868	852	865	875	863	873	3204.974387
874	822	847	869	858	848	877	853	868	874	871	822	849	854	852	847	854	879	833	893	863	871	880	863	852	852	848	877	836	865	877	876	879	852	861	854	844	862	866	886	845	843	825	856	845	852	874	881	883	893	874	893	837	880	835	866	858	832	854	858	830	849	836	825	836	862	838	846	872	847	858	889	847	837	841	841	865	815	865	834	843	858	857	874	861	873	848	843	859	861	876	849	850	893	843	825	3206.110437
873	862	843	868	859	874	867	836	867	847	857	862	866	837	857	852	869	858	831	861	869	851	867	875	857	852	893	820	813	874	866	856	847	851	820	852	842	833	864	857	849	846	857	854	900	849	887	855	831	847	830	852	885	843	853	846	866	817	843	837	831	852	846	840	852	838	826	838	833	874	851	839	879	850	874	880	848	857	856	859	838	843	846	848	888	841	835	848	849	857	824	850	861	880	835	842	3207.237132
903	880	838	864	865	849	862	839	854	871	851	832	836	851	876	825	862	848	877	830	834	838	845	849	842	839	884	858	856	861	848	847	869	849	872	859	888	853	862	851	858	878	822	816	872	880	854	865	858	840	832	894	861	863	846	861	858	840	852	872	862	831	865	871	839	862	864	883	828	832	873	819	843	866	857	850	847	861	838	854	842	837	873	861	850	882	870	849	862	833	845	816	841	881	854	859	3208.372643
851	863	857	861	843	861	874	835	818	845	871	874	863	880	837	865	863	855	862	836	838	860	842	873	842	856	872	844	860	875	844	876	882	857	838	847	866	874	858	828	844	845	871	829	840	830	831	848	848	861	872	852	843	859	852	850	859	868	883	850	838	848	852	867	867	860	849	872	849	865	864	878	863	864	879	847	863	855	831	848	880	840	854	856	868	875	837	878	841	818	873	868	825	872	851	838	3209.498802
880	852	861	847	879	877	833	830	861	869	855	877	866	869	837	873	825	876	851	839	845	839	879	865	875	836	846	846	861	883	895	846	815	916	848	812	825	833	838	844	846	855	845	835	849	863	853	867	860	859	832	823	873	881	872	835	897	861	866	847	857	855	874	843	865	840	838	894	864	865	855	863	855	846	846	868	864	863	862	881	851	839	869	839	854	840	887	854	857	861	838	846	852	874	853	857	3210.624696
856	844	853	835	835	861	876	861	864	865	853	866	869	847	855	849	864	871	869	856	875	864	862	852	874	859	821	885	875	870	851	861	857	866	872	867	860	840	884	864	849	859	865	858	844	833	851	871	900	855	892	891	885	856	869	862	851	837	844	867	852	855	889	850	849	860	832	856	858	877	843	867	844	878	869	849	880	853	870	885	844	848	857	858	883	869	858	834	859	859	870	836	870	833	841	851	3211.7594
869	869	904	876	902	902	871	865	878	885	839	850	878	845	912	848	882	879	867	883	852	850	855	885	872	882	888	852	895	860	888	880	855	858	850	864	860	879	873	875	880	850	862	856	838	894	852	845	880	862	841	869	849	866	864	853	862	872	837	859	859	889	855	859	841	875	867	876	875	880	889	863	864	868	896	849	871	882	836	872	875	855	840	861	832	864	848	871	905	860	827	860	886	841	848	854	3212.88476
893	869	857	871	887	860	867	884	838	858	865	860	871	844	853	881	876	881	890	882	892	881	868	891	874	886	848	901	899	843	889	862	855	853	903	846	848	855	875	870	878	854	863	858	870	846	834	845	869	861	871	908	875	842	848	864	880	895	857	864	873	862	895	875	877	866	881	833	859	881	891	853	858	875	867	855	867	890	880	862	863	870	881	871	859	875	878	843	855	841	879	859	857	865	876	866	3214.009853
866	890	881	852	830	890	862	882	913	872	912	893	884	866	874	838	909	862	866	887	889	858	892	862	876	868	901	880	877	889	861	902	878	853	866	882	843	879	880	854	894	877	862	886	882	838	834	876	860	868	929	918	868	865	864	870	882	844	907	880	873	885	839	892	852	878	872	895	852	859	910	856	868	891	862	898	853	899	869	867	887	868	897	877	846	855	857	872	887	852	861	863	866	881	841	906	3215.134681
882	828	876	894	897	882	876	854	877	896	881	857	876	878	886	899	858	880	882	887	895	870	883	880	887	884	865	872	890	860	867	866	879	891	890	918	885	882	878	905	878	876	872	875	850	870	863	870	890	859	869	883	865	919	881	866	880	881	874	880	875	878	878	841	862	854	873	871	867	898	868	877	864	897	843	861	897	888	864	861	892	940	856	866	883	851	905	880	867	883	846	879	885	889	862	858	3216.259244
895	917	898	872	869	869	871	925	885	893	881	877	868	873	857	878	869	858	864	884	867	879	877	928	874	897	881	858	853	897	892	880	884	882	857	869	849	890	869	868	895	873	852	887	884	867	897	872	867	862	872	836	866	866	872	869	874	852	865	853	867	852	864	900	880	861	856	873	842	863	877	887	873	903	890	882	851	887	888	867	853	859	866	859	886	876	882	879	869	870	869	866	855	865	888	886	3217.383541
900	920	891	847	873	921	875	891	905	848	884	887	884	875	887	899	878	895	871	883	872	889	860	882	906	877	866	878	890	869	849	862	882	885	896	902	863	880	867	872	897	876	862	870	872	887	896	879	844	841	892	864	816	875	870	872	893	865	866	893	886	855	863	864	872	860	868	879	832	860	887	915	888	834	883	878	855	866	879	887	892	883	865	874	892	880	858	863	877	878	896	867	861	881	884	857	3218.507572
882	861	891	872	883	855	870	832	879	895	862	879	879	853	875	907	883	862	888	884	871	913	889	893	867	864	876	860	863	862	873	894	905	901	886	896	858	893	870	868	884	888	866	873	850	855	854	893	889	882	865	864	864	867	882	839	931	859	879	866	867	869	889	875	864	894	882	898	864	880	888	877	872	876	881	860	864	860	878	865	883	870	882	852	856	870	871	890	856	859	887	889	873	865	874	889	3219.631338
920	876	871	830	861	898	878	927	890	885	870	896	893	885	882	875	880	890	867	841	882	872	853	890	891	856	900	892	924	885	865	878	871	895	892	869	868	899	882	885	878	872	884	880	847	893	886	876	841	859	864	887	882	860	885	865	854	895	873	867	883	886	851	908	872	865	900	845	865	847	878	885	903	905	842	873	870	885	880	858	894	870	867	894	866	883	863	906	862	872	881	874	887	881	882	874	3220.754839
868	873	881	861	875	916	863	869	887	888	876	866	872	874	873	861	878	867	877	875	922	856	850	861	883	878	902	880	879	896	894	861	886	871	889	847	870	856	867	895	911	857	892	869	872	880	878	884	838	848	869	887	871	862	896	853	839	878	891	862	935	867	909	854	899	855	843	873	881	855	860	863	871	863	848	867	885	857	875	842	889	864	880	843	844	856	857	865	881	864	843	866	874	866	915	870	3221.869017
855	875	831	881	879	899	873	882	877	881	859	904	897	833	857	879	868	883	861	897	856	844	858	877	892	876	857	879	895	873	899	878	888	874	872	880	868	886	865	854	856	884	855	878	842	848	878	866	870	846	886	862	843	881	855	868	868	875	844	863	884	864	877	857	852	867	845	863	877	878	870	853	884	867	862	853	844	829	840	877	888	862	878	843	855	875	880	853	854	850	864	861	875	857	857	864	3222.991989
854	888	874	928	856	875	858	873	856	872	851	851	858	842	878	876	870	880	888	838	848	862	869	845	879	873	854	862	861	870	874	898	899	883	864	856	896	889	866	864	857	859	889	865	867	876	837	870	826	872	844	897	882	867	854	854	830	860	868	840	866	858	888	864	863	861	860	885	871	872	878	851	865	864	829	880	853	859	863	880	866	883	899	884	866	891	859	854	867	882	868	861	870	876	883	849	3224.114697
882	853	879	874	880	867	860	879	887	882	879	863	860	866	850	866	848	853	844	895	865	884	836	849	870	857	861	847	879	865	851	843	852	818	855	868	904	858	866	836	854	865	856	850	858	845	840	859	834	867	853	877	862	851	856	859	838	870	861	850	856	886	852	865	865	894	861	874	830	853	870	851	848	854	879	842	872	848	842	839	879	855	893	850	859	859	865	878	853	858	819	843	878	875	842	875	3225.228089
878	852	903	863	837	858	869	861	858	858	862	863	833	894	879	866	887	867	877	862	851	872	865	909	869	858	872	888	872	845	880	849	863	835	870	864	839	852	842	872	859	876	905	868	855	836	870	832	876	889	848	871	847	866	852	850	842	863	879	881	835	856	872	876	842	839	871	867	832	905	868	869	862	863	867	869	860	890	876	863	868	852	844	868	867	862	842	860	851	844	833	845	850	848	877	841	3226.34122
845	872	842	860	846	862	867	867	865	864	838	870	842	861	870	849	861	861	847	858	838	824	863	853	889	853	854	870	866	881	863	877	833	866	877	843	888	823	842	864	850	854	851	858	850	845	886	836	875	847	885	832	860	843	848	856	843	873	840	883	840	842	861	857	868	828	835	882	853	871	859	849	857	830	856	855	843	874	862	852	859	832	861	844	857	825	859	858	879	870	839	833	828	831	851	842	3227.463138
865	837	834	874	868	890	847	881	862	869	858	857	867	875	856	849	849	821	867	873	854	861	851	854	849	875	847	844	849	872	877	866	853	837	852	856	836	867	831	858	858	836	864	835	850	853	863	864	848	845	872	856	844	848	824	830	854	838	830	847	850	853	844	867	860	849	859	829	858	827	842	868	844	825	825	849	847	857	851	850	865	867	852	856	866	838	869	850	827	837	882	875	849	832	844	830	3228.575746
841	845	850	852	863	820	857	834	836	861	873	831	828	857	840	876	868	816	859	853	846	848	858	820	869	848	846	834	843	834	834	837	847	851	822	858	858	857	849	854	841	835	868	840	844	840	841	835	849	835	839	844	834	869	861	878	857	827	839	850	840	821	854	863	833	843	843	862	865	884	854	864	835	828	861	864	842	828	851	825	863	843	854	837	854	864	853	860	804	836	860	873	852	821	857	830	3229.688094
831	848	837	830	851	886	837	858	879	823	857	854	859	871	846	853	844	819	837	813	854	824	867	854	858	860	832	835	831	861	864	857	865	885	848	845	865	846	847	838	843	848	842	848	870	858	850	838	834	880	849	842	836	872	843	826	866	860	853	850	803	853	850	860	819	844	814	835	867	860	846	874	834	838	854	861	861	846	882	864	882	850	829	843	818	852	864	854	818	825	855	875	886	840	862	812	3230.809222
849	848	841	852	858	848	857	837	831	831	844	833	865	851	835	855	862	820	866	826	816	831	860	835	852	839	832	842	856	845	838	832	847	857	830	830	849	835	861	831	830	837	853	855	844	843	857	861	841	840	840	833	860	841	809	846	863	846	839	855	830	866	851	855	838	861	834	871	846	854	852	851	840	856	871	827	830	839	842	838	849	843	845	863	835	824	856	855	847	833	843	839	834	847	830	864	3231.921048
846	852	824	857	870	855	826	839	825	838	857	847	832	846	863	874	808	847	842	855	831	828	867	852	871	847	857	844	833	887	855	886	881	855	832	865	861	861	826	848	849	850	859	863	837	842	830	836	830	851	822	858	862	846	823	878	846	826	836	846	834	857	816	814	828	828	831	836	845	857	864	816	818	882	839	852	841	838	835	835	810	846	844	840	842	827	856	850	864	857	806	849	815	842	842	839	3233.032614
837	854	872	871	840	818	832	862	813	828	841	839	833	829	848	849	825	845	847	846	805	860	826	839	830	826	825	843	809	847	873	851	826	872	862	845	861	851	827	876	848	852	851	844	833	849	860	844	861	834	845	804	832	832	835	841	847	847	834	841	825	871	818	835	845	848	857	828	835	853	855	858	793	830	854	844	848	843	819	841	830	836	833	851	820	817	846	819	831	829	814	841	830	852	836	854	3234.14392
848	846	857	841	854	853	841	841	803	852	859	840	861	836	836	836	837	846	840	825	840	852	818	834	862	865	844	826	830	847	834	840	817	847	822	845	837	855	843	848	839	841	852	826	874	833	828	813	841	875	849	854	860	828	821	831	829	843	830	853	829	796	828	848	836	832	817	859	875	831	818	840	860	830	828	846	855	827	821	849	871	859	828	860	841	866	835	816	868	840	861	855	852	812	849	840	3235.254966
847	857	848	853	853	840	842	809	864	861	846	819	850	837	842	846	853	864	845	824	829	836	813	828	862	828	837	824	840	845	829	858	836	826	828	816	844	817	849	823	851	823	818	848	828	840	853	850	828	817	847	858	851	839	808	812	839	807	837	837	839	861	829	815	849	847	820	832	846	848	833	814	842	861	853	872	835	818	838	863	810	851	842	833	845	840	831	837	836	830	825	842	857	839	897	850	3236.365752
839	798	822	843	839	859	865	880	847	822	850	841	836	823	821	828	843	840	856	830	834	844	842	858	844	843	841	838	842	839	865	850	844	856	854	828	835	851	810	837	829	842	827	832	829	817	830	843	833	834	858	842	862	845	834	840	837	823	815	820	843	870	834	865	799	827	821	820	827	848	847	847	839	843	819	841	819	812	832	835	833	837	842	825	860	828	842	821	854	823	825	828	820	832	814	821	3237.467251
854	826	841	850	838	854	856	843	849	819	827	841	824	826	851	837	847	868	844	861	839	875	868	846	825	824	832	857	848	825	832	841	832	848	841	819	827	828	818	817	832	831	870	837	851	823	850	819	841	844	826	847	846	828	851	827	850	852	859	855	829	816	854	845	818	849	813	821	823	835	838	838	842	891	835	850	834	851	880	833	828	805	833	853	843	834	836	861	819	837	868	830	849	831	889	834	3238.57752
847	842	844	833	838	837	835	841	847	841	832	845	843	827	842	838	823	825	831	844	835	855	840	817	841	857	837	845	834	842	865	844	864	864	820	821	844	871	844	838	851	791	815	873	844	828	823	824	817	855	845	845	856	832	855	817	860	823	858	808	848	823	862	835	810	884	831	834	838	877	843	832	820	817	844	825	859	837	841	803	842	821	834	789	841	824	868	846	810	842	823	848	840	850	823	828	3239.68753
846	857	830	846	850	843	868	812	843	831	835	831	807	857	844	829	851	852	843	846	840	854	866	866	841	839	855	837	848	809	832	828	842	823	849	852	844	850	883	865	829	849	838	831	837	841	819	840	852	843	854	856	854	848	833	828	886	867	826	817	825	836	855	831	822	843	830	846	853	816	873	852	890	860	850	841	835	839	850	819	839	815	837	843	830	846	854	843	824	824	846	838	858	831	836	832	3240.788259
837	868	839	888	833	845	838	828	866	853	837	864	852	870	831	866	832	849	865	847	837	838	835	838	820	851	845	865	839	824	847	836	806	845	888	837	814	842	828	852	853	856	856	848	842	844	828	836	857	837	857	828	838	823	820	829	828	835	851	861	810	848	822	822	833	843	845	841	836	866	836	854	813	842	838	818	864	842	833	857	862	858	827	839	837	819	821	852	833	889	809	800	840	842	832	848	3241.897752
844	826	840	834	813	821	891	820	842	851	834	863	836	847	847	823	849	856	845	828	849	831	852	845	844	795	825	835	853	839	849	849	824	877	837	852	842	832	855	859	853	855	833	835	839	841	849	840	853	828	838	827	844	826	844	825	857	808	828	852	864	829	865	834	841	837	831	851	836	841	826	835	825	838	847	882	849	831	842	849	835	833	821	869	820	833	827	835	814	838	826	863	847	835	847	799	3242.997969
881	805	853	826	858	856	866	836	844	831	860	848	824	866	842	822	852	820	835	845	845	833	842	847	839	827	850	872	816	856	834	847	824	831	856	849	816	799	826	832	848	844	843	833	843	840	818	843	865	838	823	820	862	822	837	848	861	845	857	849	869	836	839	858	821	842	832	835	854	844	842	879	830	848	841	817	836	878	841	816	826	829	854	820	859	853	840	833	815	871	834	810	839	802	835	817	3244.106946
858	839	845	840	872	828	842	856	844	861	841	835	860	828	843	837	838	829	881	840	836	883	850	820	822	839	814	858	850	838	855	856	858	847	853	847	843	847	837	829	809	837	835	821	826	839	848	826	859	851	838	847	839	841	841	875	847	831	840	838	826	835	808	834	838	833	852	859	836	870	848	825	853	816	835	866	837	849	850	813	798	870	844	839	814	846	848	855	839	860	840	835	843	834	819	835	3245.206652
840	869	854	852	856	850	842	824	850	827	856	816	832	860	842	845	846	829	836	807	835	849	842	833	824	830	838	830	849	837	823	837	809	861	834	840	848	818	825	839	858	841	830	837	834	835	855	850	825	816	837	825	818	841	862	840	856	877	878	841	831	839	848	841	833	828	817	858	880	843	834	861	848	838	838	846	822	875	838	838	822	832	841	818	816	822	791	814	827	842	840	856	860	854	813	826	3246.306102
850	832	848	839	861	848	871	849	841	860	858	875	850	846	812	857	882	839	848	852	880	874	825	837	850	846	836	876	820	827	844	805	845	845	821	852	837	842	846	819	838	866	821	815	830	832	840	829	858	867	812	885	834	866	831	859	844	848	846	839	859	845	830	848	832	834	853	826	857	828	837	848	895	841	823	853	866	828	822	858	837	837	858	839	848	816	839	853	823	837	820	850	837	837	839	830	3247.414307
851	850	854	868	838	832	826	860	875	835	841	857	835	844	824	865	839	867	866	852	835	858	818	855	837	878	833	835	851	834	860	868	856	871	820	840	868	871	881	844	833	836	864	867	877	848	832	852	866	851	889	830	868	832	850	823	860	846	859	855	830	832	865	828	821	835	834	856	850	875	820	861	847	860	838	881	876	875	841	834	866	854	834	852	857	836	858	832	854	817	835	865	853	863	838	832	3248.513246
849	823	859	845	886	848	868	846	874	873	861	864	850	852	841	900	837	874	855	848	860	868	855	876	850	852	846	879	845	857	861	857	841	879	871	854	827	847	857	851	862	847	854	887	838	848	847	858	867	844	837	846	871	831	832	818	856	853	864	856	866	844	826	860	843	829	854	838	851	849	848	838	852	827	830	869	834	863	832	851	842	867	855	839	820	852	827	843	851	836	851	868	878	868	849	826	3249.611931
857	846	866	837	839	850	836	871	848	824	821	875	862	833	863	825	857	858	875	843	824	842	852	827	850	856	845	842	879	839	853	868	847	842	850	848	832	868	859	865	829	849	877	856	847	813	850	816	883	816	859	862	819	811	852	827	851	843	841	854	792	854	865	857	825	809	838	840	850	854	834	848	871	840	835	853	864	863	820	851	865	824	871	841	878	838	836	860	847	826	845	835	867	864	856	855	3250.710361
849	857	838	876	820	856	832	860	841	848	844	859	852	875	873	860	825	844	840	870	874	863	839	849	843	848	856	851	829	858	838	821	836	834	847	834	864	839	841	837	850	866	845	895	848	864	853	837	858	855	860	832	836	863	850	905	863	842	852	832	860	854	861	849	880	835	851	852	829	867	849	841	843	842	820	852	824	839	848	836	850	862	855	837	836	823	837	864	837	858	851	845	873	828	867	814	3251.808537
825	854	849	863	837	856	842	863	842	879	884	843	830	871	873	843	814	831	846	856	840	827	850	836	839	833	839	846	864	875	840	849	848	851	828	875	844	838	848	844	844	855	843	819	853	847	843	825	828	851	841	841	862	858	826	875	842	846	848	846	835	842	842	841	848	871	848	832	830	878	833	850	847	862	863	854	846	847	859	874	873	839	840	868	848	856	811	856	848	845	834	841	859	844	839	821	3252.906459
835	833	851	859	833	828	835	870	845	855	848	862	853	869	859	845	889	861	857	815	844	844	854	849	860	859	863	838	839	848	852	847	847	847	853	849	832	857	831	836	817	848	859	866	813	844	812	850	839	839	830	836	855	859	841	842	826	844	858	824	819	830	851	845	847	820	845	872	834	819	861	857	846	843	823	847	840	846	857	834	834	856	836	860	858	846	848	836	824	855	840	816	844	839	828	828	3253.995131
859	848	840	832	860	832	840	833	854	819	829	823	836	868	836	833	815	846	833	820	820	829	839	847	831	856	850	846	854	833	847	863	832	839	847	835	847	842	854	856	846	824	825	843	829	873	869	842	836	867	854	842	841	807	829	812	840	832	834	864	835	838	837	822	838	813	844	830	808	849	833	807	867	839	830	840	839	807	841	856	831	840	842	859	847	821	825	823	859	826	814	853	839	855	818	841	3255.092547
830	859	837	814	867	851	833	866	824	832	854	805	844	835	848	820	846	833	808	851	856	807	820	820	825	814	823	836	837	828	851	854	854	846	848	824	855	859	813	854	841	833	836	834	854	835	808	849	845	828	852	859	807	827	864	828	813	821	829	832	844	841	821	844	835	838	829	842	840	833	862	825	819	843	837	854	824	823	825	827	833	857	844	838	826	874	805	818	819	838	817	831	815	808	851	840	3256.189709
815	829	850	815	849	807	821	822	822	827	852	830	833	840	822	853	824	831	857	848	799	811	824	830	817	825	850	826	820	806	803	833	824	856	807	823	846	849	837	810	836	827	843	831	825	825	833	822	820	819	838	833	786	840	837	842	860	838	819	818	843	807	845	839	801	806	835	825	843	850	822	828	811	818	841	850	814	834	849	830	822	843	822	814	865	840	855	874	852	828	841	802	833	842	791	853	3257.277627
845	814	852	840	812	838	827	818	831	824	813	832	809	830	845	817	811	834	816	814	825	856	829	817	830	830	819	847	849	815	815	808	822	833	826	809	833	808	824	812	810	832	800	841	804	837	851	837	832	782	809	857	829	828	802	826	835	833	828	823	840	834	820	818	814	823	828	831	845	842	863	832	829	817	829	840	818	830	847	844	812	815	840	828	832	833	823	846	837	816	815	825	834	839	811	844	3258.374284
830	839	830	814	827	848	814	856	816	814	839	819	836	836	804	831	837	822	828	815	834	811	803	820	837	816	814	824	834	815	820	854	805	810	820	820	793	816	794	842	813	834	831	808	858	843	810	794	826	859	831	841	817	794	807	816	818	825	814	811	847	838	828	781	816	867	800	806	807	814	816	825	812	792	817	844	800	814	841	805	823	820	811	800	806	823	801	803	814	797	828	825	824	832	798	828	3259.470687
832	846	852	826	832	832	819	824	799	821	838	842	832	823	810	842	822	834	814	839	830	855	809	852	806	806	813	839	841	822	814	797	799	831	831	826	811	824	824	779	838	804	795	800	777	808	841	810	805	830	803	796	822	813	831	828	805	865	824	810	848	814	814	805	851	821	836	819	790	834	816	835	811	793	823	784	814	816	804	801	794	806	790	815	846	846	827	819	828	831	827	840	818	799	832	822	3260.557852
828	831	798	817	833	839	840	793	812	812	844	802	795	796	796	798	828	803	809	827	850	808	833	832	844	831	823	840	800	823	831	840	827	803	790	803	818	761	816	811	824	807	824	809	821	802	825	815	796	809	818	819	798	813	817	822	809	819	812	823	820	821	820	798	801	784	805	804	790	836	835	820	800	813	834	814	808	837	802	822	820	819	830	825	804	807	803	807	824	774	809	807	826	804	819	827	3261.644769
805	834	818	814	800	849	839	793	829	800	799	841	827	808	839	785	843	833	814	794	845	829	801	815	825	818	804	806	824	804	788	797	831	801	816	813	820	812	830	804	822	818	823	826	791	801	819	834	828	803	829	815	812	813	798	803	798	784	802	832	807	791	820	805	789	817	828	803	828	821	822	794	864	822	814	814	823	811	796	773	826	796	836	835	801	823	823	819	817	790	806	831	813	798	838	821	3262.740415
827	807	844	816	851	823	822	838	808	796	804	813	824	788	806	803	830	819	813	826	833	823	809	781	842	841	834	799	813	815	836	813	807	841	812	795	788	815	815	826	811	806	811	820	830	821	824	837	805	811	809	829	829	826	803	770	849	833	813	827	792	847	816	795	835	804	812	800	829	800	813	822	826	820	835	807	802	823	823	825	802	829	810	791	834	787	808	801	832	805	817	810	799	821	802	779	3263.826831
841	823	809	814	813	828	834	830	811	824	841	830	820	817	831	812	812	807	791	802	833	806	799	820	823	796	836	839	826	803	813	796	795	829	835	826	823	779	815	827	825	786	802	812	805	803	809	818	806	789	787	813	856	804	828	812	800	808	819	816	827	775	827	819	813	818	832	826	853	804	804	796	827	829	828	830	817	805	817	810	826	830	810	821	807	817	805	814	804	816	818	810	804	815	790	806	3264.912998
796	804	846	840	824	801	805	817	803	810	808	823	786	816	839	826	816	817	839	820	835	802	838	819	793	822	807	795	844	842	821	816	826	812	770	802	799	806	840	809	832	839	808	812	801	812	811	816	822	802	807	812	825	826	791	802	817	795	831	803	794	808	828	814	849	799	802	836	808	810	815	821	809	833	820	844	815	811	843	825	818	814	795	816	808	830	796	803	814	810	805	802	812	818	818	824	3265.998915
823	824	805	826	835	813	845	805	821	814	828	820	801	834	823	837	835	834	833	806	811	823	818	817	828	808	850	821	809	833	784	803	818	820	815	828	822	817	819	833	834	827	793	816	801	805	800	791	771	794	797	790	828	793	808	807	799	852	817	833	819	821	824	837	791	838	799	831	823	788	833	797	824	807	824	802	822	807	803	829	811	828	828	805	802	801	799	791	817	790	809	809	793	796	829	784	3267.084584
820	808	817	823	807	820	826	813	803	808	825	837	798	832	819	824	812	841	835	801	829	817	812	828	789	818	807	819	828	833	821	808	839	827	834	818	825	806	803	839	824	836	797	783	816	838	839	793	823	827	832	838	806	851	791	823	803	794	804	797	838	819	814	826	833	837	827	841	824	806	782	827	825	810	821	819	791	832	810	829	798	817	837	812	809	792	804	801	818	826	782	810	840	786	819	803	3268.170004
845	788	819	819	797	837	805	823	778	828	831	857	799	819	815	805	836	828	801	820	833	806	825	808	846	833	825	808	841	823	812	809	810	829	804	828	830	805	797	837	819	816	826	844	824	784	838	811	837	834	824	795	808	831	804	807	809	817	820	804	819	829	808	834	805	797	824	818	830	823	798	830	817	816	839	822	838	825	804	798	838	839	818	810	830	823	828	835	861	800	831	825	827	800	814	804	3269.255175
817	840	825	828	810	828	859	849	814	798	819	805	812	795	825	806	797	842	817	828	799	808	831	817	817	814	809	833	822	795	841	815	792	822	827	809	822	818	801	829	810	809	820	818	778	824	830	801	806	812	836	828	807	851	823	827	819	819	817	779	819	819	794	839	815	806	829	832	778	798	811	843	815	824	812	828	808	811	847	798	813	821	856	817	805	827	825	827	813	819	827	831	810	826	807	808	3270.340098
835	841	816	825	839	811	817	809	822	802	813	805	834	828	816	843	799	853	821	801	828	831	788	828	814	827	801	832	803	858	826	831	812	822	821	820	807	851	832	836	810	822	808	807	846	827	835	836	827	807	807	846	810	818	853	820	827	806	817	830	811	815	793	805	810	800	804	813	775	794	817	824	822	835	819	818	835	792	809	818	799	818	810	796	842	822	792	822	814	812	805	795	820	816	813	845	3271.424772
818	805	814	829	821	846	847	835	854	815	828	826	841	832	823	807	825	838	806	844	813	824	822	808	810	839	824	796	807	791	813	856	789	804	824	846	830	812	819	824	816	808	837	815	808	846	833	827	798	799	785	810	827	822	810	805	825	843	826	817	851	830	835	840	849	839	832	835	831	804	806	807	804	846	833	834	821	829	808	825	825	836	821	814	793	803	816	812	856	839	787	818	804	839	834	833	3272.500236
833	859	837	814	835	831	847	847	814	841	838	815	821	779	840	823	813	840	810	788	842	819	841	820	827	835	820	798	839	817	799	843	838	811	821	832	839	828	822	852	807	830	794	803	866	804	835	810	819	825	825	816	802	821	808	852	820	835	818	840	841	825	804	835	812	797	808	839	803	809	834	840	794	807	808	828	804	805	822	803	823	813	785	838	827	819	822	829	812	812	802	806	785	809	810	812	3273.584415
831	842	814	857	846	840	837	834	825	849	816	814	794	807	814	798	816	821	834	822	828	815	839	857	829	855	813	851	811	830	815	831	794	812	825	830	810	833	818	829	817	836	842	844	822	815	811	848	839	805	829	805	837	825	822	803	817	834	795	821	836	848	836	790	813	834	813	832	820	805	841	815	814	827	838	822	840	868	801	840	814	820	834	812	822	834	812	797	837	840	791	816	809	846	819	818	3274.659389
830	805	797	822	820	821	827	823	802	819	828	813	824	825	849	822	841	807	843	811	813	829	832	841	820	821	810	830	847	831	814	789	840	793	842	821	811	787	813	813	845	862	832	830	834	837	790	819	789	808	827	835	812	849	792	828	824	832	849	835	857	820	823	806	790	824	834	828	827	835	825	831	817	824	821	824	875	811	814	828	823	815	822	818	794	827	816	829	816	819	820	839	839	838	809	825	3275.743073
842	822	815	826	836	822	826	832	805	805	804	861	835	840	798	834	855	826	855	830	831	817	829	808	818	832	819	790	834	839	828	831	845	830	815	800	854	810	833	816	814	817	815	835	800	827	801	841	819	847	836	801	813	809	831	844	849	781	823	837	826	823	833	793	807	827	839	809	805	817	825	829	789	867	817	821	831	827	793	828	853	791	852	841	823	829	842	826	821	832	797	815	810	836	822	841	3276.817557
844	825	810	832	820	822	832	827	814	827	837	817	832	803	844	824	834	831	843	835	826	813	860	836	834	799	817	819	812	796	819	833	809	800	806	831	823	853	837	846	807	826	849	816	798	852	822	825	829	830	825	834	822	804	814	811	825	835	807	813	824	825	816	822	847	823	832	813	825	806	834	781	824	824	840	830	811	826	811	835	826	790	809	826	832	821	833	824	812	813	832	808	825	836	806	846	3277.900747
784	822	834	784	825	878	824	820	855	811	813	795	806	792	809	805	815	800	819	827	810	805	816	797	812	816	812	815	825	830	799	804	822	816	824	834	843	795	818	836	840	812	832	817	801	806	835	807	831	809	835	847	818	814	809	838	818	825	827	839	829	807	794	807	825	783	821	845	819	821	805	824	826	801	809	817	828	814	812	843	802	818	849	837	827	804	825	824	839	825	817	800	793	828	792	829	3278.974741
823	838	796	823	821	816	819	816	825	825	804	827	820	813	809	817	851	800	822	836	842	796	810	830	821	830	813	828	802	815	823	820	813	811	851	799	809	816	823	821	825	813	793	825	793	825	824	810	819	835	817	819	824	809	789	823	777	784	797	796	808	818	806	806	806	829	836	838	810	789	796	812	830	855	827	825	838	829	823	815	822	823	816	821	806	820	840	812	821	817	817	830	835	842	799	794	3280.048491
796	839	812	793	830	828	825	807	840	838	816	826	812	805	815	815	827	804	793	827	828	849	837	807	826	829	813	801	816	808	829	826	821	799	828	832	829	805	821	817	801	820	792	809	826	828	823	815	806	794	822	818	818	834	803	791	805	824	833	797	818	809	803	836	796	805	813	831	809	806	819	811	824	818	792	804	802	818	837	806	796	828	830	806	814	835	833	827	798	830	779	828	846	848	822	797	3281.121997
798	822	822	834	823	826	841	805	816	823	807	824	809	801	812	806	824	833	822	812	808	830	790	823	805	834	812	804	805	832	797	844	798	811	810	817	803	826	835	814	812	811	821	830	804	793	792	810	809	830	809	820	836	805	783	840	833	795	811	809	833	835	802	781	821	819	825	811	815	791	786	821	787	804	816	807	829	825	831	797	818	823	807	798	822	813	810	828	792	800	800	802	817	800	807	802	3282.204202
830	801	807	809	793	796	815	808	801	822	804	823	822	787	822	829	807	807	834	809	828	791	850	785	813	828	813	816	807	803	803	817	788	802	777	804	787	795	800	808	798	810	822	810	803	799	800	805	797	786	807	807	804	798	803	825	819	776	797	820	783	799	829	795	804	799	829	795	805	827	814	787	829	772	798	796	812	797	787	818	827	816	805	780	806	800	807	819	825	820	840	829	798	813	838	819	3283.277219
804	808	819	782	823	788	799	804	811	815	797	808	828	792	800	811	787	803	816	857	791	814	806	800	791	804	812	831	788	786	818	795	803	792	792	830	806	793	814	802	797	838	812	788	805	796	802	802	801	800	781	808	789	792	806	797	803	805	816	825	807	787	823	821	810	827	775	801	819	812	802	806	814	840	801	801	800	833	794	811	816	798	823	803	803	786	789	805	802	798	804	802	811	802	778	824	3284.349992
814	808	812	811	816	819	817	811	800	802	797	830	792	775	784	807	791	798	803	790	823	814	789	799	790	823	785	813	822	818	811	806	829	807	807	792	818	818	798	806	807	823	776	797	827	797	793	806	850	788	819	784	785	789	828	813	822	781	782	779	805	793	828	786	793	809	783	808	815	788	793	789	782	800	814	828	798	786	816	836	812	810	806	791	815	828	803	814	824	813	777	800	801	786	797	784	3285.413585
774	803	790	802	784	795	769	807	801	782	798	790	822	786	796	786	809	820	801	785	785	815	794	813	809	779	801	787	807	796	796	782	809	778	812	751	777	789	805	777	789	789	817	787	798	807	796	799	793	810	792	794	797	791	794	820	773	797	781	800	807	792	773	791	800	786	810	771	801	798	800	801	808	793	800	795	793	794	794	797	803	828	798	770	797	793	781	800	801	808	797	795	796	804	817	784	3286.485874
796	794	788	779	819	781	832	814	821	778	801	830	814	799	792	807	795	803	819	795	822	774	785	827	796	797	804	819	777	793	819	758	765	805	816	788	797	782	814	813	827	786	791	796	792	791	794	835	790	794	788	815	798	768	781	812	827	796	798	805	825	787	810	799	796	809	774	785	775	795	803	801	786	797	800	781	781	804	819	810	772	780	817	806	804	803	803	792	813	796	818	775	803	789	805	805	3287.55792
815	799	801	782	815	826	796	803	808	791	771	822	785	774	791	791	798	790	815	785	809	786	806	797	787	797	775	789	777	836	788	793	820	811	791	799	795	784	791	806	802	795	812	800	791	766	812	760	799	789	793	786	773	797	803	793	792	789	812	798	791	788	794	774	797	777	805	784	772	793	766	780	837	783	775	824	796	786	803	792	811	798	762	823	822	799	777	782	806	818	794	801	802	779	803	809	3288.629722
803	777	770	794	821	788	790	762	773	790	753	806	803	795	788	805	778	806	803	804	786	800	812	791	774	811	802	786	787	793	814	800	775	801	775	782	777	792	773	771	800	772	810	801	805	794	797	781	809	796	768	777	785	788	821	811	806	765	790	804	787	785	770	801	763	794	773	795	800	785	787	789	797	812	770	787	801	807	782	778	778	773	806	809	794	794	783	811	791	803	790	798	807	799	781	791	3289.692352
799	764	783	760	769	820	792	802	810	768	812	810	788	797	785	781	795	802	800	810	757	797	780	785	777	775	809	800	786	810	790	773	768	808	805	770	776	809	791	788	795	784	789	777	790	780	785	794	781	802	791	760	790	755	798	785	773	796	805	774	791	785	800	790	777	780	762	760	804	781	818	779	795	769	785	802	795	793	784	792	800	782	788	803	784	787	782	777	788	823	779	783	789	771	779	784	3290.763671
792	816	797	824	813	811	782	758	780	791	771	796	782	801	799	791	817	791	781	774	793	822	806	776	800	781	801	807	754	783	803	807	784	773	792	790	772	814	793	775	781	800	786	788	766	815	792	775	787	764	798	792	809	798	794	788	798	761	792	775	788	788	804	792	803	783	797	798	777	760	796	784	792	793	792	809	771	778	785	797	803	793	765	794	797	794	790	780	804	789	780	786	815	812	769	798	3291.825822
780	786	809	781	808	787	802	800	782	784	787	799	796	811	764	783	779	793	768	800	765	776	779	813	781	771	777	783	792	772	805	786	786	766	797	793	790	813	796	774	777	795	796	821	784	792	769	789	778	803	787	824	779	795	777	785	772	777	804	802	805	796	764	805	790	787	781	779	767	811	786	817	771	787	759	819	799	799	783	762	773	773	798	763	776	788	800	785	771	787	794	799	785	801	793	810	3292.896656
806	808	794	786	806	835	800	782	775	792	767	800	773	799	787	815	766	783	781	776	773	793	772	759	779	789	809	805	801	773	778	775	805	767	783	767	757	774	791	797	785	786	799	768	805	804	782	794	778	802	822	820	799	808	783	780	789	774	795	774	782	805	782	769	788	794	779	792	770	800	779	776	785	791	801	791	780	777	792	782	769	782	774	780	809	789	769	773	793	826	796	778	782	781	768	757	3293.958327
788	800	782	786	797	816	811	787	772	770	801	806	799	809	799	781	802	774	762	802	781	784	793	785	811	777	804	781	806	764	785	760	811	798	793	780	796	778	802	763	787	774	797	781	793	801	786	781	779	777	785	818	799	808	775	777	782	792	771	791	801	780	784	762	793	764	787	772	763	812	781	827	793	798	777	772	771	771	784	781	788	793	791	782	798	748	765	788	778	773	793	804	812	774	788	835	3295.028679
788	796	802	768	770	743	789	769	783	814	785	773	760	767	782	768	788	788	778	797	759	782	772	788	799	795	802	797	775	776	763	801	793	804	804	775	771	800	762	801	763	791	786	786	758	776	783	790	779	747	782	771	773	794	784	790	775	772	791	790	801	792	778	803	768	795	784	778	779	784	756	780	795	791	777	790	795	774	777	795	801	782	804	748	776	793	791	770	784	794	801	797	789	805	789	799	3296.089871
796	779	803	781	809	786	789	772	784	788	780	789	777	790	790	796	752	799	783	788	800	799	792	811	799	786	769	817	787	794	776	794	816	784	796	805	817	801	767	769	786	763	798	803	802	793	809	801	820	803	788	761	792	793	797	784	784	819	731	811	795	781	776	776	793	793	807	771	785	788	812	809	788	785	759	811	792	828	769	782	751	772	809	782	790	783	780	773	799	802	798	785	794	795	788	758	3297.150824
803	758	786	806	777	805	785	789	768	820	793	796	804	797	762	809	794	789	815	786	775	802	817	786	782	808	808	770	764	775	787	790	797	786	787	769	783	782	836	788	798	780	793	757	798	812	809	793	805	769	796	816	794	795	797	784	761	787	804	792	795	791	797	789	804	765	799	796	782	759	765	772	792	806	776	770	790	794	799	775	793	786	787	820	816	809	778	784	780	814	770	776	776	777	789	767	3298.21154
808	804	792	789	790	799	785	793	785	772	761	803	806	802	815	787	783	778	784	785	798	795	801	784	790	765	790	795	808	765	786	767	813	792	802	775	787	776	798	795	767	779	804	807	769	764	789	771	815	806	782	809	782	782	766	815	787	800	788	804	780	762	799	805	781	781	778	801	803	772	807	776	805	787	784	785	810	784	778	783	765	767	791	816	784	790	788	811	800	797	786	816	793	800	781	811	3299.272016
788	759	766	817	801	805	807	795	753	794	799	795	764	779	771	784	816	767	764	793	785	792	782	802	786	778	795	810	791	801	793	822	819	782	785	811	795	788	788	795	806	783	796	780	774	806	792	791	795	757	780	808	801	786	825	777	771	799	775	788	798	793	807	813	804	807	795	792	786	798	815	793	817	789	768	790	796	772	761	777	792	777	806	801	754	802	792	786	820	795	782	792	768	786	797	791	3300.332255
784	814	796	795	812	800	800	822	785	803	787	788	795	793	805	803	774	778	793	782	774	800	817	783	805	808	772	779	784	798	773	809	802	792	830	817	774	818	777	776	776	809	808	813	783	811	777	810	796	799	795	783	801	789	780	814	780	800	818	800	784	787	769	796	797	795	800	772	775	801	771	811	797	763	792	786	774	760	783	795	805	780	784	806	778	763	777	796	794	821	805	774	760	797	791	791	3301.392256
800	825	793	808	788	800	791	807	791	799	797	794	806	777	792	794	800	806	786	797	792	774	790	805	788	802	798	786	789	809	811	791	797	809	788	797	805	789	811	783	807	794	777	798	814	762	797	799	810	806	809	803	798	764	809	787	804	824	782	786	783	816	797	805	808	785	789	796	768	776	778	787	779	781	790	786	799	794	825	798	795	789	769	792	816	793	820	774	800	796	773	792	769	794	837	808	3302.452018
800	793	811	790	799	804	783	794	830	812	789	804	789	781	773	815	783	791	785	787	799	785	771	790	773	793	794	798	790	796	811	805	803	826	786	786	792	808	778	795	801	802	784	805	784	795	778	785	803	783	798	775	825	789	788	807	782	797	794	791	790	794	805	801	814	798	801	807	777	792	784	794	813	785	817	799	768	794	794	780	780	776	788	806	770	779	787	767	809	782	803	792	814	805	814	781	3303.511543
829	803	785	809	784	805	808	794	780	802	788	785	782	819	801	795	809	803	803	770	784	768	823	812	804	797	809	794	812	771	789	820	779	803	820	793	781	792	772	797	808	776	779	799	776	776	789	793	808	789	808	799	816	792	794	785	795	792	775	822	806	768	793	781	773	791	799	807	801	802	787	788	772	817	804	799	789	805	785	790	793	792	794	787	812	786	822	775	805	793	791	812	789	796	789	797	3304.561929
780	777	772	780	812	792	778	775	803	791	790	795	838	797	778	802	811	785	793	782	802	808	804	793	814	812	804	787	769	795	770	798	776	787	777	802	785	797	795	769	787	782	807	787	816	760	797	814	810	796	803	807	787	773	801	788	820	802	788	818	790	815	795	768	774	788	780	800	797	765	739	804	754	780	775	800	782	767	786	798	799	799	786	792	784	798	796	776	816	801	778	793	766	813	797	763	3305.62098
767	780	815	786	792	776	785	789	796	786	787	792	810	786	792	795	766	800	778	806	811	777	803	769	792	785	777	793	811	833	803	784	823	820	785	800	790	786	797	790	802	806	803	777	813	794	779	806	786	796	816	787	791	807	791	814	783	795	810	771	816	803	788	793	816	794	783	789	798	822	798	777	801	819	801	815	771	807	783	807	795	801	811	780	784	789	791	774	788	800	787	776	793	783	794	796	3306.679793
804	827	808	777	814	807	825	773	795	794	813	796	798	793	780	806	780	784	803	785	788	806	779	781	795	771	804	770	805	824	799	792	814	788	781	783	815	801	779	795	807	791	793	800	788	777	793	804	801	815	770	801	788	791	790	799	777	771	783	782	799	788	809	753	777	796	782	796	810	792	816	784	809	802	740	773	802	804	790	824	802	789	773	787	799	760	798	779	788	796	794	799	811	783	790	786	3307.729474
796	785	809	801	775	802	790	779	781	834	776	774	788	812	784	783	813	792	798	793	803	799	786	795	812	788	802	808	775	813	779	785	803	768	790	799	773	785	801	760	792	789	803	782	795	774	809	793	768	775	806	778	789	765	812	806	777	781	796	822	829	813	805	770	809	792	761	771	792	792	802	785	791	792	804	801	785	785	796	768	778	785	785	775	780	779	799	806	776	786	806	801	801	776	807	777	3308.787813
791	807	788	803	779	778	774	775	799	783	773	780	778	777	787	785	794	797	765	772	804	788	794	805	796	801	772	788	803	790	793	803	791	817	778	795	782	797	809	787	804	797	770	806	793	785	787	777	792	785	779	829	790	776	806	806	796	811	815	816	789	776	812	803	788	802	781	790	797	801	763	767	795	771	793	799	757	778	808	793	772	804	795	756	800	745	743	780	810	795	791	764	785	788	802	800	3309.837025
770	802	781	820	773	785	801	775	802	793	818	804	766	794	788	786	801	783	776	773	796	810	776	798	794	772	779	778	792	773	780	814	786	803	789	778	795	779	772	780	798	786	783	782	791	777	775	784	781	786	776	797	785	787	772	802	775	789	817	789	774	767	776	775	790	781	782	787	790	762	793	780	787	805	805	808	798	781	772	767	787	762	781	803	793	799	794	776	776	784	772	780	777	813	791	809	3310.886003
779	809	793	777	791	784	794	795	794	782	799	801	778	764	776	792	799	792	789	784	808	799	818	776	811	795	765	770	769	775	779	771	775	760	799	778	798	779	778	801	798	784	758	795	775	806	779	785	794	760	781	776	789	785	757	770	778	774	778	791	808	787	789	786	777	773	775	772	795	792	774	794	818	769	789	789	781	751	791	757	765	775	784	798	777	778	750	779	750	781	766	754	762	781	777	794	3311.934748
784	790	777	781	769	803	805	785	802	808	770	784	807	792	800	792	783	795	765	803	787	798	751	778	776	774	800	781	797	809	768	781	799	777	808	803	803	794	793	765	787	769	762	795	755	791	774	780	805	800	762	782	784	808	777	777	773	751	817	754	798	780	782	804	784	761	775	772	769	780	780	776	775	783	800	788	776	776	781	769	773	807	784	757	807	781	796	780	790	755	767	795	787	796	787	803	3312.992144
770	755	770	786	775	768	765	756	774	781	795	782	794	794	780	775	774	781	797	770	783	775	791	762	771	787	773	804	754	783	781	809	757	797	774	779	773	760	780	767	762	773	781	790	779	756	760	771	784	750	751	770	773	792	796	774	769	809	777	766	780	774	750	765	792	764	767	779	770	775	783	791	782	781	782	786	783	776	766	765	783	777	774	782	806	774	794	783	779	750	778	790	807	769	751	752	3314.040421
791	784	780	758	795	770	761	804	760	777	783	768	774	755	800	799	736	762	778	761	766	783	756	773	788	787	760	782	784	762	760	812	763	769	783	780	781	778	767	795	758	757	764	768	781	799	782	789	751	781	781	767	802	782	793	763	781	777	749	767	756	779	799	800	752	749	802	788	758	781	776	752	767	768	758	766	744	761	797	776	754	784	787	782	772	799	787	760	792	765	783	799	791	780	755	785	3315.088464
747	786	773	784	745	780	787	760	774	773	799	779	778	793	772	775	757	778	771	741	745	767	782	741	768	771	788	769	766	794	755	758	790	771	763	753	787	791	784	787	785	759	762	775	770	753	745	778	774	767	792	749	763	776	776	765	770	771	755	793	761	762	801	788	763	771	762	782	794	741	772	783	748	765	760	760	760	770	791	758	782	757	752	760	755	760	756	783	784	756	758	762	781	770	757	773	3316.136274
746	788	774	753	780	756	788	774	768	782	773	769	788	783	753	776	766	766	781	780	763	783	793	796	774	744	754	784	754	766	776	737	756	749	775	757	799	782	749	753	770	774	753	761	772	787	788	755	763	762	793	796	764	750	755	790	770	744	747	800	780	784	743	752	756	787	763	795	793	766	769	744	761	750	776	756	766	743	778	779	763	751	776	772	751	758	767	760	755	776	767	777	761	778	759	766	3317.183851
786	774	755	790	788	760	743	773	771	808	760	782	748	750	757	760	777	787	780	770	770	752	766	746	778	770	784	765	774	754	783	768	773	771	791	789	759	772	769	791	755	797	757	795	754	747	759	772	779	781	760	771	783	795	784	771	766	766	763	751	759	782	795	787	759	743	753	755	781	777	760	757	781	773	754	748	742	787	738	795	781	776	762	782	762	777	755	769	772	793	768	767	766	757	759	776	3318.222321
765	765	769	775	786	752	763	780	804	760	801	754	732	779	790	785	773	762	770	765	751	773	740	753	783	766	771	759	767	764	798	751	748	786	769	768	755	756	744	766	777	769	764	773	775	759	759	752	778	753	767	743	782	756	750	762	760	775	772	766	780	768	756	792	759	743	767	783	753	744	761	766	759	754	789	741	754	761	779	763	774	783	758	769	766	771	766	782	737	733	764	778	758	753	774	768	3319.269434
766	777	776	754	753	788	752	751	734	760	750	771	780	757	757	764	763	741	757	755	755	739	775	765	763	752	769	761	753	759	761	752	767	771	765	752	760	756	776	739	785	766	748	771	763	741	786	760	761	753	753	749	749	777	775	746	783	780	732	783	777	793	754	739	740	736	761	751	779	772	771	759	743	748	757	751	757	771	773	773	752	780	765	779	768	762	766	754	752	769	762	749	746	754	790	744	3320.316315
785	779	762	778	750	761	754	768	788	780	774	771	776	742	781	750	743	782	781	764	750	746	752	739	762	779	771	785	754	778	741	768	753	784	767	755	753	763	773	753	749	765	773	761	771	772	747	797	756	757	752	776	728	770	758	757	774	755	769	799	769	776	765	772	770	745	753	775	750	777	757	741	779	774	770	778	779	729	764	777	747	749	785	782	787	781	783	757	774	777	760	782	788	777	761	758	3321.362963
766	782	751	773	749	762	769	753	780	793	761	751	757	773	779	781	766	760	790	784	733	764	776	755	787	761	772	758	749	748	763	754	762	770	775	755	783	751	752	753	753	761	790	760	749	770	758	781	770	766	780	742	789	761	750	750	740	768	761	772	738	778	785	770	777	759	778	752	761	740	762	774	770	770	785	752	762	750	787	758	766	766	770	767	747	768	760	740	764	769	768	729	739	776	745	764	3322.400512
776	757	774	803	742	748	795	764	760	764	784	733	786	757	763	761	763	759	772	761	783	761	780	761	769	774	774	768	749	738	759	786	770	749	775	758	779	775	736	745	764	773	777	751	743	761	778	754	767	770	760	755	774	755	765	746	752	771	751	765	749	775	717	775	783	770	762	725	784	759	752	759	757	752	752	746	764	751	817	765	761	760	758	795	767	760	757	761	738	776	768	751	752	744	754	725	3323.446696
790	774	756	754	748	782	760	772	749	753	783	760	760	775	762	774	753	742	774	772	770	759	781	786	769	780	745	770	739	762	743	750	793	755	764	762	757	742	765	725	758	767	785	756	763	764	778	752	756	725	758	737	788	734	745	743	759	752	778	756	753	773	780	748	782	762	758	732	770	746	745	756	757	768	752	757	758	767	761	731	751	769	745	763	745	772	734	754	764	775	761	784	758	785	776	757	3324.483786
762	786	769	778	755	765	771	779	770	755	762	738	755	757	754	772	755	773	771	770	762	753	746	776	781	756	752	756	763	784	781	762	740	755	758	760	768	752	784	750	771	767	764	767	771	747	791	770	756	773	773	762	761	756	755	783	775	752	767	793	771	786	741	774	758	755	773	776	770	724	750	757	784	782	776	760	762	781	769	767	767	768	762	764	784	737	758	755	760	752	776	787	755	753	752	731	3325.520647
745	760	771	767	789	768	777	763	744	783	797	784	768	743	760	756	787	751	766	751	777	747	769	755	767	775	773	742	773	778	768	781	777	768	781	727	767	783	765	758	772	753	765	736	742	771	755	753	780	746	769	749	764	748	751	774	781	783	764	776	752	764	781	736	755	763	763	769	754	777	742	758	753	771	757	757	755	753	763	764	786	780	775	737	767	766	783	765	774	752	802	780	771	789	739	748	3326.566139
788	763	775	756	776	768	760	761	750	752	767	765	786	752	749	760	749	754	761	750	767	795	781	762	776	752	758	776	764	748	775	762	771	775	761	774	770	773	792	800	758	754	793	763	749	759	788	762	783	781	778	755	767	784	750	759	766	740	764	773	772	748	779	765	775	750	779	793	755	735	722	780	758	770	778	761	763	774	769	747	751	762	759	783	763	752	752	761	764	763	781	794	752	763	743	794	3327.602541
779	765	757	754	759	754	770	769	780	776	782	758	757	783	747	767	755	754	748	772	790	769	732	774	758	785	758	749	788	782	752	755	787	761	779	769	777	737	782	775	775	789	795	766	759	775	761	774	764	764	770	763	799	760	765	757	771	782	742	765	755	781	785	795	748	771	765	765	757	777	762	778	739	791	769	760	772	787	766	763	779	772	780	761	767	750	767	746	757	760	750	767	762	744	754	779	3328.638715
804	778	799	773	760	772	788	784	781	780	765	752	777	773	789	745	771	790	755	757	775	751	769	787	760	789	774	796	759	763	766	798	750	769	764	732	777	750	784	786	789	777	758	734	789	783	784	769	740	772	760	751	759	786	770	765	760	764	730	733	765	772	768	777	756	753	752	762	763	764	756	774	738	744	769	776	763	764	748	745	743	804	748	784	782	775	777	790	767	788	745	776	778	762	769	742	3329.674661
767	770	766	757	784	766	758	765	786	759	741	779	787	754	800	791	770	783	755	755	784	769	807	765	774	775	754	762	806	780	734	776	778	771	777	751	771	761	772	764	777	768	787	753	772	765	742	781	772	755	782	797	774	766	784	754	782	778	759	767	784	755	755	803	782	752	786	752	752	747	768	773	779	755	759	798	763	743	763	767	758	769	754	775	776	782	757	769	794	751	765	777	775	743	760	783	3330.710379
749	769	789	779	793	785	790	746	788	767	764	801	767	772	767	762	781	770	768	744	802	732	767	766	764	767	775	770	779	769	783	763	767	775	765	745	751	749	751	779	756	775	778	754	778	778	798	790	772	756	766	794	763	785	750	775	774	755	785	767	773	755	751	761	726	757	774	759	767	741	767	779	761	761	775	768	784	751	780	766	762	766	744	765	777	766	756	778	813	765	781	775	780	759	751	744	3331.745869
773	759	751	762	775	788	749	763	785	778	780	743	774	776	775	771	739	800	766	753	748	788	755	802	754	761	757	796	778	736	773	770	758	775	777	753	786	762	809	752	801	781	745	792	774	731	769	771	777	781	778	769	774	785	743	753	741	793	755	761	767	784	776	791	756	785	771	769	782	751	754	763	753	780	791	778	770	785	774	760	773	792	759	769	766	769	784	794	798	755	748	764	768	758	763	792	3332.781131
759	777	782	773	761	756	767	767	770	776	779	769	749	766	771	762	777	766	784	762	769	751	748	760	781	760	772	751	768	790	774	756	787	787	759	758	774	763	777	783	776	762	743	780	730	754	783	775	782	774	755	738	765	775	761	764	783	781	759	732	774	751	785	761	792	751	762	761	771	779	764	796	759	741	750	760	749	763	771	778	774	738	777	785	793	765	761	768	772	787	763	757	780	763	737	777	3333.816165
763	759	770	762	748	753	765	763	752	746	764	780	755	785	766	772	786	795	773	741	774	752	772	746	752	780	776	754	783	763	765	761	780	787	767	780	764	788	757	778	779	756	769	762	763	771	782	766	770	765	773	766	799	771	772	744	762	782	763	793	737	758	773	754	764	766	773	774	784	776	803	748	759	797	778	762	779	765	778	786	776	776	755	742	764	753	749	755	771	769	760	739	744	759	764	780	3334.850972
743	780	752	778	782	751	770	799	793	751	762	770	756	766	787	755	780	777	764	769	772	774	778	758	738	763	745	788	766	762	751	756	763	749	773	767	764	757	760	744	788	755	766	776	731	766	745	793	759	773	767	784	782	753	753	741	790	759	791	753	758	758	758	770	752	752	758	754	779	756	788	766	733	753	761	783	763	783	744	771	749	757	749	755	754	735	778	781	770	762	749	785	769	751	747	762	3335.876709
786	752	759	754	772	745	737	760	771	748	772	749	771	764	785	768	748	762	768	779	754	770	764	763	751	775	754	759	770	750	779	776	757	761	742	767	772	774	757	762	771	771	765	766	760	787	765	778	785	782	760	751	772	765	760	774	778	780	745	748	735	776	774	771	767	774	757	775	738	784	740	747	755	781	779	765	759	789	760	768	4378	755	772	785	770	747	734	746	746	766	736	756	751	761	751	777	3336.911062
798	797	788	769	763	773	766	763	751	772	760	769	757	775	774	772	757	757	768	768	769	739	772	764	773	759	767	767	758	776	770	756	756	784	782	747	749	768	751	748	760	792	768	793	762	757	753	746	764	788	771	771	772	766	798	777	755	779	773	765	745	753	765	773	766	767	768	744	791	794	770	757	772	770	766	762	781	769	753	787	742	778	755	772	777	778	776	744	777	743	744	770	782	767	751	769	3337.93635
738	783	748	764	770	771	773	768	785	765	753	770	761	750	748	761	757	771	758	750	788	758	739	775	749	751	750	756	783	760	794	787	766	763	780	747	765	760	759	770	749	763	771	778	734	753	756	771	790	740	748	765	778	770	767	770	743	753	757	760	756	768	761	758	775	747	775	778	749	759	770	752	758	737	772	781	768	776	730	767	757	769	756	770	749	744	752	750	784	758	767	750	785	768	763	765	3338.97025
766	744	769	750	753	758	778	769	758	767	771	789	750	775	759	767	779	759	757	772	763	769	754	750	758	777	752	784	772	767	739	791	759	765	775	741	769	781	742	778	772	759	755	763	751	766	760	758	776	771	747	777	735	759	767	762	763	743	733	713	729	780	782	759	779	786	755	773	748	767	792	762	771	752	787	765	764	764	735	750	772	759	775	769	757	762	762	779	763	767	775	740	763	771	760	795	3339.995089
761	736	752	785	769	743	758	759	758	776	756	771	742	730	774	758	771	763	742	760	735	747	738	738	734	749	762	757	756	793	752	779	743	757	777	782	760	740	777	753	755	730	758	761	742	776	747	769	739	767	759	755	782	764	759	736	757	748	761	762	753	757	761	733	739	771	752	762	752	755	750	736	736	756	775	749	776	742	744	767	726	770	783	762	771	762	773	755	738	788	777	778	729	777	751	772	3341.028536
753	757	760	751	749	769	764	763	752	749	763	765	741	737	736	771	762	760	748	743	750	730	752	765	749	771	762	763	770	751	749	781	761	764	778	751	764	754	749	749	773	748	722	776	757	761	735	758	760	776	768	759	740	769	769	760	749	726	728	770	787	769	746	743	759	742	758	727	752	728	772	742	764	771	747	747	765	757	762	764	771	760	763	758	736	757	773	740	760	772	771	755	763	764	755	761	3342.052926
764	737	753	756	776	745	748	779	763	738	753	759	751	751	758	766	754	744	733	723	773	767	739	758	749	732	735	753	746	748	773	765	760	736	756	743	762	751	747	741	753	753	761	757	749	761	752	737	754	734	750	762	744	777	744	748	772	758	764	735	763	758	759	738	744	778	757	762	754	745	754	763	742	761	746	778	771	756	732	759	764	761	750	766	753	780	757	743	742	771	743	751	741	757	772	743	3343.077093
743	716	755	729	765	751	738	783	775	745	755	748	784	759	763	756	751	765	766	749	763	761	743	746	740	758	767	774	751	768	748	758	736	737	743	761	741	767	758	755	747	765	753	740	771	757	754	736	767	760	749	742	786	749	753	748	763	744	758	758	731	719	744	747	752	758	738	766	752	777	772	771	755	756	745	758	738	722	752	749	753	735	741	776	747	770	759	745	757	762	764	768	766	760	722	765	3344.101036
740	743	727	776	763	768	779	735	771	744	733	751	735	768	767	739	760	741	753	757	760	767	767	741	730	771	753	751	750	783	742	755	743	750	735	761	740	750	758	769	735	746	725	751	752	797	734	765	740	744	771	747	752	751	754	746	729	742	774	731	759	762	764	732	741	775	728	778	744	789	748	747	746	750	757	760	772	742	735	784	754	755	759	724	762	764	754	736	763	783	752	750	743	733	742	748	3345.124756
726	783	748	757	746	730	736	731	748	772	755	744	738	754	733	757	744	746	759	758	747	750	743	752	733	755	749	745	788	747	729	766	731	733	744	746	778	757	772	746	778	729	738	759	734	764	754	748	734	761	762	746	733	735	735	732	751	755	752	744	727	746	735	733	734	728	740	715	748	751	733	746	762	740	746	744	755	738	742	744	747	751	736	728	760	766	742	757	734	729	729	761	738	750	752	750	3346.148254
748	772	752	735	731	780	754	766	752	739	746	741	734	733	761	731	740	776	750	741	753	755	752	759	757	758	728	759	738	750	741	741	733	723	740	777	741	758	733	742	767	738	754	755	729	755	739	736	749	753	762	789	770	738	736	734	738	731	738	772	753	751	749	725	741	737	738	746	737	751	746	733	751	753	739	753	753	725	734	722	742	723	744	736	761	735	732	751	701	759	741	765	744	732	745	761	3347.171528
757	742	739	755	764	744	767	727	747	757	727	738	779	751	764	768	746	752	736	744	773	769	722	739	744	740	751	743	728	730	756	754	772	723	752	768	752	749	754	751	764	752	731	746	743	741	751	742	746	745	739	748	719	733	744	756	713	750	770	752	734	758	770	748	753	761	769	758	752	749	736	758	740	742	749	734	734	726	739	752	734	766	746	757	740	753	737	746	774	748	750	740	761	744	728	770	3348.194579
756	745	728	753	754	740	752	730	748	764	755	750	739	758	725	712	762	731	763	751	767	760	746	731	773	727	760	738	746	744	747	768	744	739	767	770	746	734	738	763	728	766	735	745	738	734	743	742	732	764	766	748	743	741	768	762	732	740	728	737	776	760	748	751	732	748	720	717	745	753	749	733	740	737	759	753	760	752	748	759	772	753	757	754	729	759	732	738	733	724	755	744	732	770	745	759	3349.217408
757	762	739	770	738	755	747	716	759	758	749	738	764	789	723	746	741	757	745	734	733	759	744	751	766	758	758	726	764	736	722	739	766	734	738	740	755	727	725	737	754	757	745	747	726	761	741	723	753	754	766	728	760	755	728	732	749	745	746	721	731	751	745	750	757	755	764	759	726	728	730	746	762	726	735	759	759	759	729	738	752	757	744	756	751	742	770	743	734	735	759	760	757	715	751	737	3350.240014
727	758	739	735	756	765	743	745	779	736	758	743	742	719	776	736	741	755	737	769	756	761	727	747	764	750	760	742	754	735	766	753	746	751	759	746	719	753	762	745	758	733	763	750	755	745	724	762	744	752	750	752	739	749	727	762	759	743	758	758	761	744	757	731	744	738	760	757	743	728	742	713	742	753	744	770	755	764	755	755	767	747	731	740	761	730	750	755	753	761	734	760	762	754	757	733	3351.253584
734	768	759	740	763	751	743	737	744	737	757	763	736	732	770	751	742	760	772	743	744	752	722	732	766	753	733	739	739	748	736	736	755	749	747	783	740	739	748	743	745	745	746	743	772	747	753	760	723	762	742	756	726	733	742	761	773	762	750	728	721	739	754	746	765	759	764	764	753	770	734	730	773	752	782	757	756	728	751	719	752	757	737	758	758	753	738	745	721	770	747	760	733	779	759	729	3352.275746
740	720	739	755	754	739	743	749	787	783	749	758	749	749	762	753	761	741	744	750	747	755	721	738	773	755	754	763	736	732	731	750	748	739	754	738	766	741	732	754	772	768	728	768	762	762	761	764	738	738	741	758	753	741	743	734	736	745	741	750	763	773	761	739	765	732	741	750	750	759	754	751	778	756	738	747	751	753	751	752	746	733	762	775	750	747	755	766	749	744	749	752	754	748	759	766	3353.288877
769	743	770	749	769	749	752	752	745	763	742	748	749	773	769	743	738	760	745	719	745	754	734	736	763	760	767	775	767	768	754	742	760	743	751	720	767	751	748	721	769	735	752	756	759	749	751	735	741	737	746	746	739	766	762	751	742	754	761	753	721	735	750	735	773	774	729	767	743	768	751	749	753	749	764	762	754	779	756	726	737	750	749	756	731	776	770	771	720	779	756	748	747	754	721	760	3354.310596
757	739	773	754	748	752	761	754	751	757	750	770	752	747	743	789	770	724	742	748	753	754	753	757	754	772	740	725	729	743	783	757	744	755	761	763	728	777	759	739	759	756	738	748	761	766	773	777	738	747	745	760	761	766	734	753	734	738	716	752	743	739	742	772	763	727	749	734	745	738	779	759	750	776	772	734	736	756	712	749	756	777	718	744	742	733	734	743	747	757	751	752	760	731	752	780	3355.323288
769	755	736	770	730	750	747	756	765	765	744	760	750	763	755	769	737	742	738	739	753	746	731	759	764	776	763	765	751	754	742	719	745	748	755	737	751	735	763	775	740	734	768	734	759	742	750	750	747	744	720	745	741	740	777	732	752	748	762	743	750	760	743	734	754	754	747	769	772	723	750	794	735	744	767	755	747	749	753	756	745	732	735	762	749	733	726	756	732	778	775	755	785	774	759	745	3356.344564
768	782	759	751	746	748	758	745	753	762	770	764	760	755	754	771	775	709	779	753	748	747	748	760	770	727	738	740	759	748	750	750	758	759	751	746	762	743	744	740	731	750	755	755	753	768	729	755	744	763	783	742	741	2903	788	751	755	759	781	762	754	723	728	740	750	743	756	737	759	750	756	767	772	753	764	755	737	737	750	749	763	744	749	744	733	747	760	764	732	756	749	767	749	760	759	750	3357.356817
762	752	751	761	749	757	753	730	770	747	743	769	759	752	764	764	730	789	740	746	762	740	752	748	764	761	782	756	742	752	744	752	754	780	760	744	752	717	758	755	748	761	749	748	779	759	760	732	751	749	724	766	763	1527	760	757	763	743	776	772	742	787	747	763	764	758	738	773	735	761	749	741	752	766	734	733	763	734	763	741	750	760	747	758	753	756	747	768	731	733	733	698	754	747	738	762	3358.368851
759	762	734	759	758	735	768	739	742	741	747	745	751	742	750	778	761	764	735	760	746	781	752	754	767	764	711	754	751	770	759	743	734	755	738	744	744	762	734	753	759	763	745	753	743	744	753	728	733	750	741	751	732	765	739	731	752	726	736	772	750	720	743	763	731	721	757	747	764	766	752	738	734	739	744	736	743	740	741	753	756	754	748	749	754	752	747	719	756	742	769	745	740	741	735	758	3359.380667
761	754	752	765	735	767	746	732	730	721	731	743	755	717	737	725	747	723	752	757	746	751	745	764	753	747	741	756	748	751	756	763	747	765	745	752	707	737	724	753	759	734	776	729	746	764	759	749	778	711	751	723	772	725	749	763	753	748	705	757	752	753	758	734	764	728	756	738	751	739	735	753	764	746	762	745	745	760	719	764	741	758	769	745	736	721	749	751	749	751	740	732	747	719	763	756	3360.392265
746	738	719	754	739	747	762	730	765	724	738	743	738	751	736	762	761	769	724	719	746	748	752	753	730	753	752	774	727	760	743	760	750	715	754	768	737	752	736	736	756	757	741	739	761	742	732	752	748	741	739	762	765	726	760	741	763	730	729	729	749	747	736	738	740	747	768	770	737	745	752	749	731	726	762	760	734	751	735	745	755	736	747	751	733	722	744	740	732	757	721	765	748	725	746	745	3361.403644
757	732	738	760	757	769	739	731	768	739	736	750	761	764	748	749	737	746	743	750	735	738	753	757	746	710	736	758	741	745	731	783	771	749	708	722	758	738	771	751	712	750	772	723	764	726	783	736	747	760	758	748	732	762	755	744	767	752	736	758	753	753	749	727	744	731	730	742	738	731	739	723	733	765	757	727	739	743	749	755	736	751	750	737	722	752	738	755	718	748	770	761	736	736	735	746	3362.414806
748	733	743	736	716	736	755	751	723	733	722	738	744	735	730	752	726	738	733	756	752	736	746	716	754	739	739	742	733	755	721	762	746	750	772	733	719	737	753	715	765	749	753	752	737	733	743	745	740	726	726	765	735	735	752	753	725	732	728	724	741	742	744	738	758	749	742	762	732	732	743	724	760	697	759	744	739	747	739	707	749	758	733	750	713	731	738	769	726	770	739	720	728	726	734	714	3363.425749
744	770	724	756	745	727	751	748	742	720	738	744	752	743	721	723	741	737	715	759	755	743	763	773	754	746	750	753	722	737	746	748	718	729	756	737	716	733	727	727	746	736	745	748	729	750	750	727	734	751	742	761	742	707	748	755	727	754	728	752	735	732	740	756	742	734	724	753	748	751	751	727	729	753	740	713	752	748	729	741	749	740	746	714	732	721	722	751	740	731	748	761	719	727	752	759	3364.436475
751	723	734	746	734	727	719	711	720	721	748	747	746	735	744	731	736	742	737	760	733	754	724	755	734	734	750	739	747	743	739	738	731	749	756	730	730	746	737	728	746	748	731	757	744	736	734	727	751	713	744	727	724	727	759	716	721	750	741	750	741	722	727	756	745	750	728	733	710	754	740	752	733	735	717	745	740	711	751	751	740	728	735	729	739	740	733	732	720	758	723	745	754	745	740	722	3365.438196
709	749	730	718	717	758	745	754	720	733	737	760	740	757	735	742	736	718	723	728	766	732	752	738	746	729	768	750	727	735	723	724	739	735	739	747	751	717	733	711	734	719	757	742	756	738	752	720	732	736	749	742	740	750	743	732	738	726	734	732	723	750	715	738	750	751	752	693	763	731	728	747	740	742	761	744	738	738	721	738	742	771	715	753	733	725	723	734	733	742	742	727	728	726	745	747	3366.448488
739	726	734	738	742	740	726	708	743	731	740	755	747	748	726	746	737	715	761	730	724	721	731	750	734	759	721	744	730	753	747	708	742	743	743	736	703	726	734	736	746	726	749	740	738	740	724	761	731	707	732	743	728	732	728	757	727	757	719	733	725	737	748	709	742	717	719	740	727	753	729	725	727	729	745	740	750	716	730	726	707	744	730	756	718	734	737	746	741	754	740	730	734	725	717	727	3367.458562
729	719	740	722	763	752	736	746	755	726	759	751	727	727	725	714	739	743	752	737	730	723	766	737	723	708	739	715	715	758	734	743	727	747	739	738	739	728	736	739	756	732	750	720	743	701	747	710	719	757	735	732	749	727	738	737	734	734	722	744	734	736	731	736	761	750	745	735	724	761	718	746	740	726	710	705	715	753	735	733	747	713	735	700	726	741	755	750	766	743	739	727	716	750	728	736	3368.459637
711	732	734	763	737	722	740	741	724	739	765	731	745	729	734	737	750	729	741	723	744	727	732	717	744	739	733	750	728	748	757	719	722	723	730	727	762	719	719	716	734	756	724	741	721	699	725	725	750	722	734	738	762	717	728	734	723	745	707	743	715	731	742	730	722	752	720	713	742	731	717	706	746	745	731	759	737	722	711	730	708	743	737	711	722	718	743	745	726	729	727	736	740	714	697	728	3369.469278
736	729	749	713	730	749	725	714	722	725	761	730	730	741	732	733	725	723	721	701	725	729	717	750	726	737	747	712	710	734	732	743	737	729	709	747	734	724	723	743	719	751	749	737	730	743	709	730	747	748	758	737	739	709	728	733	704	726	727	737	715	733	750	736	729	732	735	722	719	729	735	727	726	722	719	738	719	728	720	735	749	748	737	728	709	722	749	722	729	747	772	724	735	725	719	768	3370.469924
722	736	732	726	721	741	730	737	734	733	728	734	761	753	722	722	749	729	713	721	704	747	738	713	727	746	726	728	717	730	726	734	724	732	735	742	730	744	708	727	739	721	703	707	732	735	729	717	753	750	730	725	712	729	725	719	741	705	725	724	718	731	738	719	724	719	723	710	735	696	734	737	728	710	743	718	742	734	714	766	741	724	744	726	749	749	747	738	716	743	729	727	741	727	753	710	3371.470357
747	741	735	718	729	719	752	734	732	743	728	748	723	745	723	712	725	717	730	748	736	746	738	738	716	708	738	705	741	716	728	723	755	730	732	734	727	743	752	737	745	708	724	710	744	741	736	739	715	708	714	723	733	751	740	720	751	736	724	732	729	734	728	723	740	741	741	736	718	729	709	722	729	734	716	707	714	686	749	729	732	725	731	740	718	703	714	726	736	753	738	729	736	749	716	738	3372.470575
710	725	749	707	728	735	726	752	735	734	730	720	722	704	737	745	700	734	758	727	733	740	722	717	743	748	770	737	741	733	740	751	725	730	737	748	715	730	725	719	735	725	719	732	728	737	715	731	736	712	760	731	731	712	738	713	711	716	738	740	732	727	759	719	723	719	713	739	718	731	744	725	747	727	709	716	722	742	722	740	718	727	734	700	726	743	741	735	730	732	716	715	734	738	733	739	3373.479352
753	738	730	733	735	725	723	744	735	711	736	722	747	727	732	735	701	688	727	726	734	756	725	743	765	732	744	763	708	743	726	728	761	746	730	728	701	739	727	722	726	712	720	731	710	747	742	713	733	739	735	715	721	722	721	742	707	739	748	728	710	726	724	728	717	714	722	708	699	751	734	712	755	727	746	740	722	718	716	737	743	740	712	724	724	733	720	722	732	741	728	710	716	722	730	755	3374.479142
693	745	705	727	746	727	742	720	737	746	711	709	717	747	744	724	722	732	737	751	755	715	730	737	721	720	725	771	728	722	725	730	740	733	705	735	727	721	715	742	734	731	720	749	736	734	698	738	741	728	707	725	725	738	729	720	728	758	717	768	723	711	709	761	737	718	734	738	728	751	728	741	724	760	714	740	718	721	755	782	708	727	715	729	731	721	718	722	705	757	727	749	739	737	700	728	3375.478718
706	745	738	719	724	741	720	727	727	741	720	722	727	742	748	738	759	742	742	732	728	728	742	739	712	745	718	748	734	746	732	738	735	737	743	736	727	725	755	747	756	722	729	730	731	718	720	734	720	748	745	726	737	733	728	695	749	737	721	720	745	712	736	705	747	709	720	712	724	720	742	752	731	743	735	744	747	750	730	751	727	709	729	758	738	741	744	747	754	727	731	744	746	722	756	743	3376.478081
751	726	741	757	759	730	738	740	743	723	729	721	739	731	737	748	741	747	750	756	709	704	747	738	761	717	733	726	731	728	715	723	709	725	740	720	723	744	730	725	738	726	720	726	729	755	714	728	711	747	743	727	759	731	713	750	738	730	742	744	716	753	734	719	716	725	744	728	732	742	716	688	732	732	717	722	709	743	738	707	737	734	715	734	718	714	713	727	726	726	728	727	738	716	743	741	3377.477231
737	753	747	726	735	729	740	744	737	752	729	734	733	739	732	739	726	720	737	726	714	724	717	725	755	719	749	747	739	737	695	722	717	741	732	742	705	719	737	721	717	745	729	729	716	743	746	733	719	750	731	749	714	708	745	719	760	730	736	720	734	742	739	709	710	720	744	735	718	750	724	731	723	748	740	700	761	739	734	714	721	730	724	755	733	747	731	727	739	734	729	737	719	746	723	738	3378.467406
727	737	729	730	748	709	742	740	751	750	733	730	736	746	743	723	748	743	727	730	745	736	743	734	768	737	712	746	737	731	737	732	744	750	735	747	704	723	736	748	744	747	751	732	724	724	725	719	744	755	717	745	714	716	710	719	708	728	719	736	734	709	717	753	744	721	719	746	725	735	729	719	710	762	750	736	726	741	715	740	728	697	712	716	740	744	719	729	746	693	729	741	743	734	740	729	3379.466131
726	720	728	747	752	743	738	748	727	754	722	738	734	737	726	743	716	716	731	739	713	751	711	739	758	747	729	759	718	730	732	742	728	722	743	714	753	737	702	734	763	727	739	754	735	727	749	731	727	737	719	750	720	730	748	752	732	724	734	719	729	709	723	741	740	710	727	739	749	732	752	731	711	734	731	746	733	751	743	736	730	724	732	742	722	708	757	723	726	739	751	727	739	748	705	735	3380.464643
734	728	740	745	763	739	742	735	738	745	757	739	742	741	735	744	744	738	725	748	734	743	717	717	727	770	734	743	746	708	744	716	750	709	715	719	727	757	725	743	723	750	722	748	739	738	731	690	753	725	713	727	741	745	726	729	740	718	721	732	723	717	729	688	748	748	739	724	740	734	743	761	759	717	747	744	751	734	718	729	743	730	741	753	765	755	739	734	714	733	743	727	740	739	728	734	3381.454186
742	734	737	758	720	741	720	726	715	742	736	754	729	744	721	726	754	735	725	750	757	735	733	727	726	729	730	733	750	716	751	754	734	749	722	741	740	711	749	747	729	716	726	737	765	732	721	712	730	739	734	724	756	731	733	733	730	740	752	703	738	719	712	733	734	731	720	720	739	728	744	705	727	756	720	732	738	723	752	729	732	739	737	733	755	735	712	733	716	726	725	753	715	745	758	740	3382.452275
720	766	714	743	732	753	726	705	738	726	725	730	730	753	752	744	735	735	733	749	747	723	717	743	729	747	732	747	775	749	746	715	746	728	751	745	736	705	752	728	717	748	730	729	708	727	735	725	717	725	743	732	731	741	755	719	728	741	724	749	736	732	725	737	725	731	734	740	758	732	743	719	734	742	744	721	732	710	738	740	728	742	723	713	729	754	728	727	730	751	711	721	757	741	738	711	3383.441397
744	716	734	741	732	723	708	732	736	740	735	731	738	743	719	749	740	739	754	725	743	746	724	743	735	730	729	718	752	730	745	718	743	766	735	769	722	725	711	750	729	727	723	731	726	722	719	732	731	741	729	734	736	742	727	724	738	708	757	719	735	713	721	720	733	739	728	689	713	739	739	750	714	745	726	707	745	726	759	735	719	740	708	733	732	737	728	701	727	735	743	724	744	731	734	737	3384.439061
702	728	744	726	753	731	706	704	715	731	735	721	727	706	761	742	756	770	726	753	750	722	743	719	737	723	716	749	730	757	742	732	747	735	718	721	753	745	719	726	736	713	734	744	722	705	741	730	734	734	740	747	762	713	745	734	709	748	702	725	734	745	724	735	726	733	723	746	737	743	722	714	718	742	729	752	714	717	703	730	720	746	721	719	746	722	757	737	728	747	762	727	722	732	753	734	3385.427764
752	722	708	719	758	735	755	708	728	709	729	719	731	739	716	730	736	731	708	719	725	712	739	742	731	727	744	728	736	751	716	721	735	729	737	746	729	726	696	759	738	721	721	737	721	723	731	722	732	723	717	728	726	731	736	725	732	711	733	725	719	720	730	726	735	723	734	702	734	721	748	738	721	739	722	748	720	735	730	726	724	735	735	742	755	720	737	735	728	735	702	724	750	732	731	721	3386.416258
730	742	735	736	720	732	752	750	736	756	742	734	749	748	741	741	734	730	729	754	754	737	717	755	719	726	741	727	721	759	755	738	752	706	725	733	708	722	735	716	727	728	736	731	751	747	735	735	717	710	738	740	734	728	733	720	745	710	735	724	717	736	730	730	742	728	724	738	727	726	751	724	746	717	739	704	718	717	732	719	731	722	735	751	732	759	725	702	708	726	719	728	742	729	735	761	3387.413288
742	756	733	714	742	728	722	748	744	716	717	730	739	740	721	731	724	722	724	710	733	711	737	728	721	726	733	737	750	717	715	735	718	738	725	746	723	732	727	743	739	728	735	727	739	720	728	729	736	750	724	724	716	722	741	729	757	738	717	730	719	713	724	713	727	752	722	764	752	738	719	750	726	712	744	759	737	723	737	722	724	731	756	737	696	741	721	732	713	739	732	730	721	736	718	760	3388.401362
731	733	737	726	718	744	735	732	728	722	726	740	731	725	717	735	729	723	731	744	730	728	739	722	717	735	736	713	715	729	724	730	739	727	742	726	750	731	751	712	745	715	736	737	742	730	744	701	749	726	731	745	730	724	746	727	718	723	726	756	719	713	720	741	748	730	744	731	701	729	725	702	723	729	731	746	710	743	732	720	708	714	717	707	741	741	707	737	711	740	718	716	726	727	742	743	3389.389227
715	732	722	725	736	748	730	762	723	721	724	723	746	720	721	760	725	734	717	713	736	713	720	728	727	717	708	739	741	734	738	744	716	723	723	697	737	713	723	732	726	718	709	725	726	743	747	724	727	724	715	780	733	706	721	732	720	726	709	720	737	728	732	721	724	740	745	740	726	721	724	722	723	738	742	710	736	714	726	711	709	727	719	735	728	709	722	721	748	707	713	713	720	722	749	743	3390.376884
758	728	728	708	722	757	738	715	725	710	739	748	731	731	716	721	722	715	715	711	736	714	746	730	731	721	721	734	710	703	743	744	714	713	732	718	708	706	712	733	716	729	734	721	722	728	737	727	763	716	730	738	732	712	723	727	746	748	733	715	733	710	744	740	717	737	732	734	719	724	734	729	708	737	744	717	717	731	723	723	742	714	708	732	729	716	743	725	741	713	703	731	729	747	721	716	3391.364332
758	740	745	729	739	740	718	757	728	734	730	747	755	746	733	722	721	728	713	746	719	736	727	723	724	745	706	732	722	714	747	723	718	729	720	734	745	741	732	737	718	721	735	705	721	730	739	737	750	733	737	749	739	719	724	744	732	719	741	723	701	729	729	733	708	714	738	744	763	712	712	736	748	709	742	727	737	741	758	712	730	724	731	702	728	710	730	728	740	737	723	729	716	723	715	739	3392.342836
736	724	717	727	730	727	720	711	710	739	707	731	703	750	719	701	742	731	720	722	713	741	707	739	716	724	735	708	730	735	729	720	707	736	705	716	716	728	728	712	721	724	732	736	725	726	727	739	726	721	758	748	715	714	705	713	711	731	717	722	752	748	706	726	725	716	734	715	741	704	725	723	719	740	725	716	693	727	732	701	728	718	720	724	723	760	730	745	727	749	747	719	713	729	717	727	3393.329869
704	736	695	724	716	731	714	744	733	722	715	740	712	740	719	718	724	740	727	717	735	730	737	724	728	719	715	724	724	730	736	732	712	748	715	738	744	718	733	717	734	730	740	702	720	706	730	732	722	718	718	746	720	712	714	752	730	726	732	740	713	696	724	749	708	714	710	727	721	736	748	725	744	722	759	700	721	703	743	712	729	712	708	708	750	709	716	710	704	715	742	710	739	732	701	727	3394.316693
715	730	701	725	727	721	740	708	715	722	727	711	734	725	710	715	733	736	734	729	731	734	735	747	736	725	735	726	697	741	721	713	745	702	740	707	734	735	703	730	728	733	729	736	708	700	740	710	713	721	713	731	697	718	750	713	706	712	719	738	724	731	715	712	734	737	719	735	729	712	694	680	707	729	708	710	711	711	728	721	716	719	719	707	725	725	712	727	727	727	707	717	742	714	712	718	3395.294579
734	726	740	717	743	710	727	736	732	722	726	736	727	711	721	715	726	732	727	710	724	722	719	728	697	748	717	709	691	735	721	709	709	713	743	706	715	712	720	722	717	720	702	736	733	704	728	725	733	763	726	741	697	745	727	714	733	711	736	709	726	717	735	706	708	704	704	715	693	702	730	730	684	735	723	722	723	714	739	718	710	761	735	705	708	729	723	711	708	710	730	705	719	715	708	719	3396.280988
723	727	731	700	733	726	724	707	740	716	716	731	732	752	723	726	731	703	718	719	733	702	731	735	718	713	719	729	718	732	739	737	726	714	721	719	698	742	715	726	729	718	712	725	710	740	722	725	727	707	723	705	724	717	717	739	728	712	705	737	701	717	723	709	704	744	710	729	699	727	728	722	730	734	723	709	714	723	704	727	720	760	728	734	745	730	736	737	711	732	732	724	740	713	723	714	3397.26719
726	718	710	699	714	718	692	733	719	711	704	714	696	686	713	716	711	726	733	733	724	717	711	681	711	711	745	704	743	697	735	727	688	710	708	717	719	712	706	705	701	720	706	728	714	714	728	721	688	727	735	723	721	719	739	711	726	700	701	745	728	731	727	721	710	758	735	721	693	740	736	705	721	720	715	716	712	733	708	712	730	726	689	710	713	695	733	720	728	724	704	693	728	725	713	702	3398.244458
731	727	697	716	701	706	718	715	747	717	736	711	708	716	701	694	733	735	715	729	727	726	714	722	713	731	710	741	714	725	703	713	740	720	703	718	696	704	713	702	705	710	699	725	721	699	716	709	716	719	715	714	722	727	729	709	711	705	716	729	704	688	694	705	714	729	715	703	710	699	719	709	689	718	705	715	728	707	746	729	730	712	703	727	729	726	709	723	694	709	727	723	705	707	704	746	3399.221522
733	735	719	694	726	719	715	716	693	725	723	714	692	717	702	711	717	715	719	711	724	711	705	736	722	709	712	711	717	714	700	722	718	724	702	697	709	714	712	714	730	699	721	704	703	722	697	725	720	733	700	744	725	689	709	706	713	748	715	741	729	718	705	746	697	729	695	709	724	730	704	720	714	716	712	728	736	720	690	686	714	707	696	688	731	704	711	745	709	721	727	682	694	707	700	715	3400.207103
695	731	707	713	738	728	695	697	726	726	704	702	702	736	718	715	690	700	724	710	697	733	721	716	725	719	727	708	735	723	716	717	718	724	710	715	705	737	742	696	704	728	693	722	698	709	703	711	717	723	705	704	689	729	697	706	722	679	695	718	714	720	696	710	689	725	738	708	694	692	703	721	712	720	706	717	698	699	707	711	690	709	738	693	690	724	694	707	711	711	724	731	725	743	702	743	3401.183756
718	724	733	706	712	715	715	703	726	723	715	698	704	701	709	706	699	700	744	709	731	715	732	724	713	720	714	703	705	719	702	723	730	699	708	698	681	712	713	716	687	698	694	696	748	706	701	718	714	702	695	720	707	709	707	723	712	711	710	695	717	724	717	720	716	713	705	707	715	724	721	723	714	714	687	710	705	706	694	713	708	716	729	727	698	709	689	713	715	725	721	717	696	714	707	714	3402.160205
707	725	709	696	717	707	706	716	692	735	698	742	676	692	738	717	722	711	699	712	717	705	735	693	722	713	739	693	708	696	708	719	698	717	751	705	702	735	712	703	746	706	713	710	721	688	709	725	697	707	698	723	696	708	711	711	710	713	708	680	689	706	727	723	702	719	694	706	724	712	733	718	727	703	698	697	713	697	711	715	720	695	684	725	693	706	699	719	704	710	701	703	713	685	716	726	3403.13645
707	699	692	717	701	715	719	707	693	726	703	694	759	694	712	712	696	701	715	694	734	724	704	712	734	721	707	720	710	740	695	716	727	706	730	719	709	719	695	698	710	713	715	699	692	708	695	696	704	734	697	734	729	716	713	725	701	726	709	721	721	697	703	708	719	687	711	693	719	717	720	690	694	724	702	700	677	731	695	719	714	725	704	709	704	726	713	713	700	724	714	700	706	708	708	689	3404.112491
705	709	716	707	715	709	717	690	715	725	708	730	707	715	716	714	712	703	732	701	690	718	717	702	700	708	699	711	717	702	701	698	731	682	719	721	707	698	708	698	705	704	711	715	733	712	688	724	688	718	668	733	682	709	689	702	721	697	724	720	716	705	699	707	708	737	699	691	706	717	704	712	711	707	710	687	730	719	726	692	692	681	720	702	731	704	710	707	691	706	716	684	739	691	704	712	3405.088328
683	713	715	701	708	705	683	698	686	707	767	696	711	713	708	699	697	726	695	725	718	722	720	692	710	717	696	693	687	697	697	720	685	704	724	690	678	694	690	715	732	724	705	703	701	712	718	716	719	716	710	719	721	707	705	721	677	703	698	683	711	709	703	704	716	700	705	683	714	691	701	722	709	722	700	717	699	721	683	716	684	715	710	712	696	702	695	693	706	709	708	713	710	713	718	684	3406.06396
709	708	704	699	705	713	701	711	683	713	713	728	710	712	714	723	709	724	709	693	700	726	692	687	707	704	694	695	713	693	700	714	725	702	724	718	715	707	706	703	706	699	708	698	714	713	714	712	701	692	713	702	682	702	720	706	715	703	703	701	731	701	687	718	712	697	713	722	697	713	723	720	718	686	716	709	714	697	734	714	705	711	683	709	713	710	699	699	681	707	738	697	720	691	704	706	3407.039389
732	711	716	705	698	690	715	685	691	698	703	712	692	696	712	704	711	715	720	702	717	705	710	692	721	693	712	693	704	715	730	703	703	697	705	711	702	704	702	706	710	692	701	712	716	732	716	733	719	693	676	716	689	705	705	710	691	692	723	724	707	709	727	718	700	688	698	713	703	723	693	692	688	708	708	726	678	694	710	713	714	724	699	699	698	699	676	707	697	700	695	709	715	712	710	698	3408.005908
721	698	705	727	701	708	692	711	712	695	686	688	693	703	702	679	735	713	710	717	696	702	738	731	725	695	684	708	717	681	693	670	708	723	706	677	725	704	699	714	688	698	702	708	698	699	691	698	696	714	719	723	728	705	684	703	704	696	721	712	697	690	707	713	696	703	722	711	674	713	693	724	697	713	712	703	711	715	698	704	723	711	697	677	704	699	720	707	708	728	702	714	687	719	714	709	3408.980931
689	705	705	711	710	711	704	678	705	703	705	714	687	706	698	697	688	707	703	707	695	694	707	701	703	673	699	694	692	692	702	695	712	696	707	702	692	702	703	706	692	686	713	704	718	694	687	721	676	685	714	709	701	707	702	676	721	718	714	712	725	678	684	718	689	720	702	702	696	701	696	706	727	702	721	697	716	697	689	665	683	706	710	693	701	708	694	696	704	711	699	713	713	723	695	707	3409.947047
709	706	699	683	709	719	692	709	695	682	675	699	703	709	715	695	676	688	715	698	704	726	719	699	702	703	707	700	696	696	713	718	722	702	696	698	692	690	689	690	690	689	674	720	703	718	703	707	715	698	699	693	700	714	721	683	720	683	700	706	709	713	679	705	700	712	685	703	718	711	699	702	720	720	701	728	730	714	686	694	713	732	704	685	700	718	724	696	735	695	712	702	705	709	699	694	3410.921664
699	705	697	720	711	711	718	720	690	719	698	689	720	710	695	716	690	690	704	685	698	719	690	719	714	700	698	708	696	689	700	710	698	703	710	704	705	699	699	716	693	718	703	689	720	709	702	691	675	715	699	713	725	705	678	704	685	698	713	712	712	715	716	704	698	681	710	704	674	727	722	698	712	693	706	674	722	712	701	720	715	706	676	695	697	715	697	692	716	705	709	711	720	682	698	699	3411.887379
703	721	729	701	688	698	684	710	704	703	701	710	706	711	713	696	688	720	709	704	703	710	701	707	697	705	714	709	684	695	695	705	694	682	692	702	719	686	720	710	722	704	693	709	683	716	676	719	707	695	683	692	727	700	718	709	703	701	705	720	710	704	690	715	690	711	690	736	721	716	716	711	702	687	708	728	692	702	703	714	691	723	697	700	718	710	691	702	686	705	720	715	687	705	710	684	3412.861591
730	709	722	715	704	695	688	711	708	692	715	711	704	709	700	702	688	694	721	699	704	703	689	689	685	695	714	693	713	700	700	731	705	718	718	685	724	689	706	705	681	734	719	707	710	714	725	714	686	719	708	704	699	704	725	708	714	711	705	699	695	704	701	710	703	719	696	696	699	695	702	701	704	709	690	704	675	682	712	708	691	693	721	729	726	714	701	707	713	705	716	723	707	702	699	711	3413.826904
694	698	720	725	706	712	722	692	659	706	723	688	698	711	707	705	695	712	718	714	726	704	688	705	677	703	702	708	727	701	695	699	704	703	706	699	698	700	694	687	707	702	712	711	681	723	702	697	682	707	698	686	701	721	714	692	715	702	697	703	700	676	692	687	701	712	713	725	706	725	697	693	711	709	691	678	707	704	711	712	685	720	704	705	704	701	708	702	707	707	712	693	714	737	704	699	3414.792017
723	720	707	713	719	708	689	746	702	718	703	704	696	688	699	692	725	740	717	715	710	711	712	706	705	687	682	706	701	714	709	692	710	709	718	696	711	714	698	683	719	702	705	699	703	713	677	707	720	718	701	705	722	709	730	707	698	733	709	714	692	711	706	709	712	704	725	691	706	726	709	711	705	704	715	715	701	707	719	716	710	693	702	708	701	706	708	709	713	696	712	685	700	717	687	706	3415.75693
709	695	684	710	712	710	708	716	714	703	699	715	726	688	690	695	707	732	712	710	716	704	739	717	726	704	742	723	696	728	715	696	706	676	699	720	716	702	691	711	708	713	685	709	702	680	698	693	713	684	700	698	698	685	697	716	714	694	689	690	694	697	704	709	707	699	700	695	718	688	703	733	713	727	684	709	693	725	725	717	711	709	723	696	713	700	710	701	691	718	706	724	691	700	685	693	3416.730334
693	711	701	707	686	698	679	728	725	708	723	708	674	696	692	732	694	684	701	694	688	725	712	696	727	697	716	705	732	708	684	718	710	708	701	702	712	713	705	690	705	706	724	689	690	708	723	699	688	710	710	713	711	726	704	711	710	702	729	706	698	710	696	705	709	717	719	712	685	694	707	683	717	688	708	702	709	712	700	714	700	708	702	730	700	688	696	707	699	705	693	688	692	727	706	703	3417.694846
703	735	701	705	717	691	715	703	717	706	703	699	729	691	708	690	712	732	707	690	685	721	703	692	698	697	725	676	705	700	688	692	689	699	690	696	713	708	684	704	720	709	689	691	703	707	703	690	703	672	694	693	697	717	673	691	723	704	700	695	714	684	697	735	704	686	697	701	694	713	710	695	694	694	694	703	701	700	681	694	685	697	706	705	708	727	714	703	719	682	715	711	725	695	699	699	3418.650472
722	720	715	697	687	688	712	718	722	702	718	698	692	688	710	722	677	707	712	694	717	711	675	742	716	704	705	711	684	729	705	701	686	684	674	691	725	735	723	729	730	707	694	714	705	699	703	691	728	707	707	704	690	693	724	723	728	717	689	698	701	696	695	710	704	705	708	687	717	712	683	700	719	715	706	687	703	707	698	700	709	704	718	697	727	709	692	714	690	698	737	700	676	699	715	708	3419.614587
719	728	707	694	722	708	709	733	683	711	724	716	707	698	698	700	702	712	710	728	717	685	719	688	687	695	678	718	706	690	686	673	696	682	718	695	726	714	681	695	704	697	708	686	715	699	682	687	701	709	684	679	706	706	706	695	690	685	704	687	711	693	713	711	705	673	706	709	723	707	697	709	727	703	687	711	693	708	728	678	694	701	671	702	699	697	682	709	716	677	699	701	695	723	690	683	3420.578502
691	708	669	710	714	699	707	718	703	694	703	718	703	700	699	713	708	694	688	707	672	701	697	701	703	713	693	705	667	711	694	691	734	700	692	722	687	695	674	702	691	729	702	697	693	696	711	707	708	677	677	694	697	721	683	690	698	721	694	710	732	705	702	726	698	699	693	705	661	690	734	707	706	700	723	696	709	702	729	682	686	683	705	692	722	693	693	692	698	677	721	687	714	709	686	691	3421.542218
674	698	684	708	697	701	707	696	684	671	690	706	683	672	675	689	702	693	687	682	692	691	678	702	707	695	691	701	711	715	705	705	716	722	700	736	683	699	674	693	686	719	709	704	704	703	690	709	703	709	690	707	725	696	687	685	716	686	687	690	712	717	717	712	711	691	705	705	704	709	709	713	700	662	702	712	728	695	700	686	706	703	692	700	683	679	703	707	713	721	710	713	692	706	717	695	3422.505735
681	685	702	689	689	720	702	691	697	681	705	661	706	702	696	680	701	690	717	681	693	687	699	701	715	692	709	679	692	701	709	693	680	687	720	715	697	669	685	678	701	676	697	694	700	696	695	715	689	681	695	662	696	690	705	699	699	698	684	697	686	699	699	711	690	696	696	679	697	690	709	697	686	690	714	683	693	708	667	662	704	691	704	716	700	682	697	731	694	703	686	701	698	684	703	692	3423.460375
711	710	694	687	691	687	706	702	709	684	707	701	691	708	696	712	679	687	689	674	692	689	703	685	681	702	678	684	691	684	677	690	689	687	701	671	692	679	698	703	691	694	654	688	691	695	694	682	686	694	696	712	713	667	700	689	689	700	702	680	665	676	667	686	687	696	686	694	687	698	706	698	686	687	687	713	707	698	706	686	692	702	694	701	672	665	670	663	698	702	699	674	660	696	693	701	3424.423495
691	696	676	690	699	726	682	695	679	686	679	675	700	701	684	681	697	699	691	687	703	687	693	713	713	689	706	678	679	687	671	705	709	699	657	698	712	700	686	702	679	677	687	683	721	661	720	692	664	670	684	689	697	682	712	700	711	681	706	684	688	705	682	703	689	700	669	694	706	703	670	703	716	699	685	714	694	675	677	683	697	670	693	694	707	684	696	670	712	715	690	686	685	698	696	681	3425.377742
690	689	699	691	693	680	693	687	704	679	687	682	685	681	693	686	683	694	685	703	680	698	664	689	680	683	695	684	682	708	668	675	689	678	716	692	686	690	691	681	695	724	690	687	696	691	679	688	686	659	690	713	675	668	699	685	688	694	673	676	686	672	683	696	688	680	680	670	687	679	696	685	682	686	666	697	697	678	681	670	684	700	680	699	699	686	700	681	669	699	690	684	675	686	706	696	3426.331793
675	673	705	679	683	704	674	669	692	669	694	681	684	686	698	660	703	668	683	698	692	688	664	686	695	694	667	662	683	696	680	690	705	675	693	696	670	670	709	708	683	682	686	700	696	669	689	688	679	671	677	698	664	684	666	672	686	696	683	682	686	693	685	678	687	695	711	679	707	671	700	722	711	692	672	698	676	681	680	697	675	665	697	674	707	699	687	691	646	689	694	674	699	683	681	692	3427.29432
683	720	701	685	687	696	679	676	684	669	667	675	707	690	689	701	663	693	696	693	704	690	697	682	673	697	688	670	697	678	697	687	690	689	676	665	677	673	697	685	698	686	685	680	676	671	682	701	675	680	696	686	696	673	682	679	680	687	682	679	699	681	709	693	692	698	683	660	679	681	692	650	664	710	701	676	688	695	686	682	686	686	669	682	690	696	681	689	685	686	698	691	701	685	672	686	3428.247979
681	678	673	696	702	705	708	686	676	683	672	688	682	696	675	694	691	675	664	693	681	691	678	683	669	692	691	687	693	697	691	674	695	678	713	679	685	695	709	668	694	702	679	696	701	692	690	704	688	678	689	674	681	693	678	658	681	703	699	689	664	694	688	676	685	679	680	694	688	666	684	659	696	691	680	689	676	674	694	664	687	695	677	697	690	685	685	668	676	684	685	671	671	694	695	689	3429.201442
680	684	688	688	675	705	674	675	694	665	658	680	678	665	671	709	675	700	703	668	694	675	661	706	694	685	682	679	684	677	697	679	696	702	674	670	657	668	691	691	674	669	679	692	693	691	675	679	675	683	692	673	686	688	682	684	676	675	682	687	662	665	687	669	682	665	691	682	667	699	697	689	697	681	688	680	700	686	685	674	677	695	679	689	666	685	686	702	685	687	672	696	688	699	680	686	3430.15471
701	687	700	679	675	689	684	708	669	710	677	699	685	674	666	677	680	676	698	705	697	667	703	693	686	672	667	678	680	692	677	675	686	680	711	680	694	710	683	694	698	678	688	672	662	679	666	686	698	678	684	689	677	684	670	682	684	690	688	690	664	669	673	663	685	685	665	703	673	697	703	691	687	655	669	693	676	683	694	681	669	694	697	690	677	677	668	683	684	671	694	682	714	689	701	687	3431.107783
664	679	676	676	679	668	697	664	683	666	686	690	677	679	675	708	682	684	679	674	681	689	667	700	676	691	689	714	672	692	686	685	674	691	683	686	683	677	683	683	683	668	658	681	685	672	666	664	680	683	675	670	690	691	665	711	681	660	684	710	691	677	676	675	662	697	686	689	698	688	680	675	677	698	675	690	675	686	674	680	693	697	675	671	683	669	684	704	675	678	680	672	672	661	660	687	3432.060661
682	704	707	663	660	703	679	678	675	683	673	693	683	669	688	676	690	653	710	702	699	686	696	687	710	684	687	672	684	697	683	682	671	690	680	668	698	683	700	666	662	683	668	683	684	690	662	712	666	691	700	658	690	677	690	666	710	690	682	689	679	665	713	679	669	700	700	698	650	710	672	689	699	694	695	704	679	680	695	690	684	666	683	677	665	681	663	660	665	686	689	680	661	685	681	690	3433.013344
675	680	689	673	675	676	692	670	677	668	684	696	691	683	679	667	701	669	686	672	672	666	677	688	688	686	687	674	682	658	662	683	694	689	676	669	671	668	670	679	710	692	681	667	697	680	672	690	701	682	687	684	704	686	687	688	683	701	683	686	711	676	699	699	675	676	679	676	672	681	706	677	680	690	668	689	703	685	674	675	680	681	667	685	705	679	672	683	677	664	704	686	669	676	707	698	3433.965832
701	668	682	679	678	685	680	682	658	688	682	672	711	685	688	687	686	685	689	678	678	674	693	680	685	668	681	696	679	660	690	683	683	678	672	697	674	688	683	665	661	671	664	680	649	660	677	671	684	687	671	669	662	679	694	672	669	680	679	681	706	669	664	685	685	651	669	658	668	688	695	678	666	667	693	669	679	670	665	702	666	682	671	681	679	705	690	692	668	688	703	676	681	676	686	669	3434.918125
691	683	665	700	664	692	682	696	672	689	706	684	692	674	689	721	695	691	679	687	677	703	670	681	677	668	689	682	673	669	688	675	684	700	671	680	679	710	685	698	694	690	684	685	676	696	686	669	681	663	660	675	677	659	669	675	673	687	682	686	689	693	685	687	675	689	670	701	701	685	692	686	682	677	695	688	668	682	661	684	676	684	695	670	686	692	694	666	710	661	664	685	684	667	661	656	3435.861568
690	669	676	695	669	670	686	662	685	695	674	678	668	707	679	693	693	691	688	684	670	707	675	675	697	680	686	674	674	667	685	691	682	701	673	672	705	683	688	675	678	673	662	681	680	677	680	641	696	677	676	674	687	694	654	687	680	687	683	674	678	655	662	690	689	688	679	667	673	675	673	685	688	697	684	693	681	646	684	675	657	680	681	674	677	654	670	659	674	703	667	674	678	702	688	668	3436.813473
705	686	674	696	689	667	675	673	687	689	701	694	705	701	664	704	700	676	694	687	676	665	673	695	704	681	694	675	669	694	690	691	682	670	695	688	687	659	679	685	693	673	682	700	702	699	669	704	681	703	684	663	684	680	684	664	687	684	696	674	694	667	685	678	699	688	686	700	687	695	660	688	689	660	677	688	695	683	683	660	688	689	680	693	692	689	674	693	691	681	690	696	673	682	690	672	3437.756532
657	702	692	648	665	676	677	697	676	692	649	670	694	666	684	652	659	703	695	678	684	667	702	666	688	689	705	673	679	697	686	682	685	689	696	691	681	680	671	674	670	697	680	679	684	684	664	695	692	699	680	687	675	676	685	691	686	689	678	682	698	680	674	675	672	671	659	680	687	657	691	664	671	691	656	687	698	703	672	661	672	639	692	674	667	679	666	672	693	688	670	678	679	697	682	692	3438.708049
686	682	688	691	695	678	672	698	677	689	685	695	675	673	660	660	682	679	678	705	671	666	668	700	686	665	676	686	688	663	689	701	687	679	692	679	685	682	680	692	708	692	689	683	682	686	670	687	658	677	684	661	711	673	664	675	683	702	666	685	651	693	679	671	687	660	682	684	678	690	684	674	690	689	659	673	713	678	678	696	683	703	675	678	674	706	695	691	698	692	689	703	675	677	671	675	3439.650724
689	692	711	683	687	695	672	675	693	694	688	673	669	675	683	687	675	695	694	691	692	694	670	708	691	678	694	655	688	680	692	664	648	683	689	672	684	667	692	690	687	711	705	679	682	689	698	690	686	680	685	669	683	671	688	679	664	691	690	678	664	692	697	680	666	690	679	658	666	675	676	669	686	689	673	679	680	697	689	684	682	683	661	679	680	683	677	699	681	706	675	684	703	700	675	676	3440.593208
656	674	684	675	690	668	693	699	694	667	701	681	692	681	695	678	690	674	666	691	656	694	676	708	682	709	677	693	676	696	687	683	706	677	693	687	660	681	672	669	665	699	679	675	701	675	693	670	672	688	685	684	678	695	689	718	680	698	702	691	680	692	678	682	687	682	677	696	680	701	683	684	672	675	676	681	682	683	663	674	662	681	695	683	680	688	673	675	675	676	675	694	689	686	684	681	3441.544145
672	670	676	685	676	679	687	682	704	665	682	672	665	674	696	675	693	652	668	691	688	689	684	682	695	680	693	688	680	664	703	679	701	674	674	684	666	661	682	686	687	690	698	673	682	662	671	709	672	662	669	666	689	682	690	658	682	673	671	681	677	683	677	687	710	697	668	699	694	671	685	692	688	688	692	681	690	670	688	686	667	673	695	693	668	678	669	671	691	670	671	685	686	685	669	665	3442.486245
671	671	695	687	691	654	701	665	674	670	684	666	672	687	681	681	688	692	662	692	658	660	677	676	664	683	695	677	683	677	663	669	690	682	679	674	667	671	680	657	681	679	632	680	688	657	690	694	668	662	683	695	671	660	674	673	683	696	678	679	696	679	660	665	699	670	684	669	663	688	685	641	682	669	689	670	685	688	670	666	690	672	679	696	682	683	654	681	682	685	665	673	671	681	666	676	3443.428154
693	668	692	704	679	687	678	682	669	665	681	690	695	683	677	678	681	693	657	657	679	684	689	663	680	680	689	682	681	674	697	677	670	667	690	672	673	674	682	670	683	684	676	684	692	664	680	671	678	685	691	686	664	667	662	678	657	679	666	668	686	705	684	668	707	663	683	656	671	666	687	684	661	680	681	692	677	684	662	671	691	678	676	664	694	663	664	683	696	683	686	679	676	688	682	683	3444.369872
686	677	704	677	691	663	647	669	673	684	667	689	679	685	689	677	655	705	658	694	653	705	672	692	680	693	690	693	689	664	672	687	697	706	667	647	676	659	668	661	658	669	669	673	675	664	652	654	657	664	668	669	679	668	690	668	676	659	660	674	674	683	680	677	667	667	703	674	662	660	666	675	672	689	670	658	670	672	656	687	682	688	675	681	663	657	677	687	672	672	656	670	676	695	662	668	3445.3114
670	664	661	695	692	661	684	674	699	667	701	676	686	689	686	668	678	693	680	685	670	669	685	664	695	683	665	673	650	671	667	682	687	673	665	676	679	692	680	662	679	674	664	664	691	684	660	675	669	665	676	690	683	673	670	661	701	684	678	679	663	669	702	666	659	675	676	663	664	670	691	687	656	659	649	678	682	662	659	650	697	684	669	654	674	674	679	670	684	664	677	701	683	662	703	677	3446.252737
669	670	679	666	694	673	661	662	694	682	689	678	685	677	671	677	689	660	685	689	689	685	674	682	668	683	678	646	682	699	665	689	698	658	682	663	673	693	659	671	688	674	669	671	671	687	671	674	678	698	648	669	671	670	684	662	673	657	675	687	703	670	671	691	664	674	639	657	664	658	684	667	680	672	703	671	664	676	681	670	658	686	690	694	680	658	655	659	674	669	677	659	685	669	661	639	3447.193883
659	693	657	681	677	679	661	660	690	670	661	669	661	658	666	682	684	654	694	696	671	661	684	683	676	664	659	668	679	687	675	677	658	678	680	681	670	667	661	665	670	668	687	672	661	680	664	666	687	672	669	676	676	672	692	661	684	660	659	669	670	665	663	674	670	682	665	672	652	685	681	664	678	680	680	688	681	679	670	669	677	671	668	660	655	668	638	673	660	674	695	693	664	673	683	660	3448.126206
675	682	680	676	677	641	652	675	680	670	697	667	651	686	678	675	674	691	668	682	695	687	670	676	690	671	679	684	690	697	665	652	665	668	662	658	677	675	653	685	689	658	657	646	672	681	666	679	666	662	665	675	675	665	679	661	668	684	685	675	669	667	665	668	680	663	675	665	659	669	692	671	682	666	684	670	694	625	680	656	660	669	647	700	662	674	654	673	689	666	668	678	677	672	658	652	3449.066973
647	676	667	679	691	690	675	655	681	706	680	663	693	663	659	676	659	660	682	668	670	672	650	661	666	659	671	676	671	671	651	648	673	680	669	662	668	671	638	642	707	664	660	679	647	677	681	677	673	667	665	665	675	670	689	667	671	673	668	703	670	652	669	675	662	677	680	668	669	668	651	667	663	670	670	655	667	665	630	674	675	663	661	655	635	673	662	663	666	660	663	673	657	662	680	654	3450.007549
672	660	673	667	664	691	674	652	666	653	646	676	667	688	677	668	652	682	659	666	675	672	675	663	660	652	661	647	667	679	669	673	677	660	669	656	647	654	656	689	659	670	652	649	648	685	662	667	661	638	675	663	654	679	676	650	663	687	668	684	664	677	678	665	666	684	678	671	669	658	655	682	670	667	641	656	685	667	663	664	680	651	660	655	653	670	655	641	652	672	659	656	660	654	664	678	3450.939309
662	644	660	668	672	669	652	680	686	664	661	667	700	677	659	686	665	663	677	668	662	674	655	673	664	671	662	654	655	649	655	692	669	649	658	674	678	671	659	693	680	674	674	671	674	653	674	647	658	654	658	658	651	638	677	661	669	653	652	648	669	679	681	650	662	663	651	665	666	642	657	645	653	649	694	676	645	639	658	672	669	685	663	649	650	654	661	676	647	642	661	678	670	655	662	643	3451.870881
658	677	675	670	660	655	656	670	663	696	676	665	654	665	670	661	673	668	659	671	672	661	671	662	656	668	672	677	670	679	654	646	644	665	690	654	650	674	663	638	676	650	662	655	686	680	651	668	662	685	650	654	666	647	639	678	669	667	666	668	676	674	689	644	668	653	660	666	667	667	681	658	647	656	640	663	656	665	659	667	667	657	666	684	644	657	665	658	669	640	647	676	642	685	645	655	3452.81089
660	657	669	669	677	673	653	674	658	662	694	663	652	678	653	656	673	670	664	662	667	652	641	656	632	646	678	664	685	655	653	632	656	659	666	658	640	644	658	661	658	678	667	660	638	659	658	644	671	665	668	657	671	672	655	659	654	661	665	660	645	669	653	675	676	668	672	667	640	660	665	645	660	653	688	664	696	656	671	676	656	653	649	660	672	667	654	648	660	681	667	656	651	654	660	659	3453.742086
653	690	640	639	672	664	671	651	659	661	645	649	655	677	670	664	660	641	664	642	661	627	664	649	654	649	673	683	664	680	670	642	658	633	644	664	657	653	660	680	669	656	664	653	656	661	656	652	665	668	664	640	638	643	654	685	663	673	658	652	652	657	661	655	634	661	647	664	633	629	680	658	672	672	650	659	681	667	664	662	681	639	654	676	658	648	654	653	654	649	665	646	656	668	639	658	3454.673097
654	661	660	628	667	659	653	662	660	656	665	666	636	657	649	655	660	663	632	675	651	665	660	648	657	666	670	651	659	669	650	656	661	665	646	663	688	635	651	652	648	656	644	650	667	665	645	660	658	647	645	639	646	650	668	656	662	633	656	666	638	669	669	639	660	650	648	648	655	637	646	658	642	662	632	637	651	665	665	658	649	692	640	645	666	654	649	672	640	652	624	649	658	670	635	650	3455.612538
645	665	665	660	627	673	653	653	643	653	665	652	649	651	662	638	662	648	649	655	669	671	654	670	665	627	651	650	648	644	665	653	669	645	666	645	657	647	671	639	659	661	637	651	643	660	653	661	652	651	654	655	636	644	663	658	658	656	666	638	671	664	666	661	677	645	668	655	649	679	645	659	677	665	636	670	635	653	642	647	649	666	656	643	645	657	652	670	639	646	669	638	644	650	659	665	3456.543173
646	656	687	661	627	665	660	679	672	647	636	653	634	640	672	659	630	666	654	666	658	650	645	664	664	655	662	654	677	653	644	646	665	694	656	664	654	669	641	673	631	670	657	650	660	661	650	659	639	646	642	650	679	662	667	649	637	634	681	643	649	651	652	654	647	648	659	658	639	651	651	637	660	654	653	652	667	669	655	661	668	650	660	626	639	637	642	649	651	651	667	644	648	641	646	657	3457.473622
645	669	655	656	651	676	673	645	637	651	657	664	662	677	639	637	648	676	654	655	637	665	649	640	655	654	669	644	679	665	662	673	651	632	661	660	672	668	662	647	644	631	656	653	660	652	669	648	644	680	645	671	654	661	668	668	657	652	641	645	651	664	644	645	650	650	664	648	641	651	653	667	659	655	644	663	682	631	647	648	672	666	654	670	665	653	664	657	652	653	662	650	658	655	657	662	3458.403884
670	653	662	648	653	670	660	667	641	663	649	648	664	638	638	670	650	666	647	655	629	650	654	666	658	659	650	665	646	660	663	638	642	650	647	653	646	649	651	658	641	642	631	652	639	653	662	658	654	645	658	641	651	656	645	645	654	647	644	665	650	658	629	641	633	664	647	654	683	659	658	645	652	653	660	639	668	667	639	657	637	650	662	618	656	647	632	664	627	666	653	672	652	645	661	659	3459.325349
665	634	634	653	666	637	630	654	647	653	666	657	647	648	643	665	642	654	641	643	636	680	673	656	620	655	637	634	661	637	670	671	659	663	657	647	655	654	666	662	664	649	649	644	652	664	657	633	665	667	652	664	626	642	657	639	657	665	650	652	652	646	639	664	637	644	634	638	639	646	643	676	654	643	675	657	654	647	647	666	672	658	639	640	671	668	671	660	663	677	663	664	640	653	643	661	3460.25524
649	639	639	668	651	657	657	661	655	647	651	661	643	661	663	653	661	638	652	660	649	650	645	661	648	659	654	634	640	650	632	652	643	649	639	658	636	630	651	663	624	649	655	649	657	642	662	647	642	637	655	640	664	663	652	651	661	651	649	653	632	669	658	637	665	654	608	641	643	660	649	639	649	632	658	638	660	641	655	662	664	671	634	655	641	660	642	675	654	641	639	649	657	630	643	664	3461.184944
671	663	625	652	642	673	658	636	649	645	639	651	657	647	639	645	617	649	651	678	659	645	653	662	649	652	653	639	665	650	632	651	632	654	642	665	658	649	647	640	637	649	639	632	647	652	645	656	643	660	661	670	667	640	652	640	648	635	662	645	676	668	655	655	642	648	635	674	664	657	636	659	658	651	656	659	640	664	655	653	661	645	657	647	627	645	650	662	662	634	649	650	640	633	648	657	3462.114462
652	648	659	670	649	666	638	643	638	649	621	661	648	640	650	643	633	663	655	647	654	661	623	642	673	652	646	628	663	637	657	646	671	644	646	648	675	629	657	639	648	629	655	645	638	635	652	672	645	637	645	662	656	655	655	640	641	646	629	630	647	638	627	640	626	637	669	640	630	667	654	626	639	668	652	657	664	636	648	628	649	673	636	650	657	652	630	674	661	667	644	645	663	648	642	644	3463.03519
652	666	652	656	648	650	659	636	653	645	654	633	631	644	649	651	644	666	661	652	634	634	661	636	659	637	642	672	628	653	634	633	656	643	645	662	649	656	636	649	645	661	653	657	633	645	637	630	660	629	636	652	624	648	647	648	651	649	637	671	627	651	631	630	648	639	653	648	650	675	634	646	627	653	649	643	636	636	642	650	641	629	657	666	657	655	651	649	631	657	652	656	666	654	657	639	3463.964338
656	643	657	635	673	651	647	640	671	638	663	641	663	641	622	658	646	642	626	656	647	634	635	657	644	625	628	654	651	645	658	665	641	642	635	640	647	654	665	657	655	636	617	649	637	649	647	627	644	640	657	675	637	661	651	655	682	661	661	666	655	627	652	649	656	651	647	650	653	633	639	652	655	654	639	651	656	630	631	652	655	659	659	667	645	643	650	635	648	653	640	651	653	646	646	645	3464.884699
653	648	658	627	656	665	671	644	650	652	634	643	637	656	657	658	656	663	646	660	650	645	652	642	642	665	631	640	637	666	633	647	645	649	649	641	660	650	643	647	663	649	650	634	654	634	636	637	642	645	658	648	663	657	649	635	659	660	652	646	652	650	666	634	646	651	641	631	629	650	636	662	655	656	666	653	646	647	671	636	662	645	656	663	646	655	641	643	640	658	627	658	645	641	654	651	3465.804877
651	659	637	664	638	646	632	643	654	648	652	654	646	646	650	645	638	666	647	642	656	639	663	656	656	666	645	651	637	655	665	666	647	642	652	652	665	663	659	635	639	658	651	651	674	639	651	656	647	653	627	645	648	662	648	658	656	650	622	642	649	652	644	640	636	637	636	663	643	643	641	659	674	647	646	666	650	644	640	630	658	669	628	657	637	650	643	651	646	645	645	653	655	627	659	629	3466.73347
667	647	632	640	633	649	664	644	641	653	620	647	638	639	658	654	662	649	646	641	641	637	640	645	668	632	632	628	652	660	644	633	664	660	662	638	655	641	649	659	632	643	664	636	661	657	665	647	635	657	644	643	648	641	657	656	651	631	651	653	682	655	636	649	640	657	680	647	624	624	654	641	644	660	674	636	651	657	650	657	642	638	643	644	638	646	655	628	648	639	644	659	643	645	641	627	3467.653281
669	667	641	653	670	660	659	627	643	651	660	658	661	653	650	655	642	650	656	667	642	624	641	649	675	665	647	662	640	630	637	655	650	653	655	627	628	648	650	640	669	630	623	651	648	633	651	655	646	648	639	666	653	640	644	648	636	647	638	646	649	639	630	657	658	645	666	641	654	668	654	659	655	634	639	654	636	653	656	641	648	640	662	626	677	649	636	650	643	646	671	641	642	650	635	658	3468.57291
656	659	662	637	640	656	669	654	658	655	656	629	653	651	645	662	652	649	662	639	646	666	660	642	663	637	658	688	651	653	644	661	644	639	663	649	640	660	656	636	641	652	656	663	646	642	645	636	652	668	632	646	639	648	648	667	653	641	648	672	671	656	660	641	649	649	652	648	647	641	644	646	659	648	641	654	663	637	637	644	658	648	638	665	659	632	639	637	653	655	650	640	644	652	656	631	3469.492357
630	669	642	664	656	666	663	631	658	652	651	661	639	655	653	657	657	656	659	650	645	644	654	652	664	662	669	660	667	666	653	655	653	644	633	638	656	661	647	634	664	649	633	640	643	657	649	643	643	675	687	659	660	641	637	655	675	634	647	654	665	628	658	635	657	636	650	659	641	656	612	640	659	656	641	649	622	655	645	641	661	659	642	656	676	672	648	650	639	648	642	660	652	642	634	646	3470.411621
644	645	663	665	655	627	663	659	631	669	642	641	639	622	628	637	627	659	665	654	644	660	654	652	642	641	643	653	646	642	642	649	644	607	636	659	651	652	648	626	659	634	639	667	659	653	627	639	631	654	644	653	637	664	655	650	652	652	659	640	654	667	655	649	665	638	645	643	632	644	651	626	626	646	645	627	656	626	640	657	630	652	629	651	655	640	661	649	641	654	661	643	665	651	655	640	3471.330703
652	652	644	646	635	634	637	642	650	640	661	651	650	666	648	638	643	644	646	647	673	648	660	635	646	651	667	644	639	632	636	630	634	629	625	650	652	622	643	639	631	647	658	652	634	647	619	655	646	651	637	650	632	657	643	639	632	666	619	673	638	643	648	637	654	652	634	639	650	634	637	650	629	662	633	639	635	625	643	660	664	637	635	650	651	654	655	655	630	654	642	656	659	641	632	653	3472.249602
642	651	617	650	657	637	659	635	622	647	640	669	643	635	643	639	645	655	631	648	653	615	642	651	629	640	642	660	643	623	637	624	656	655	614	608	637	626	674	632	647	635	624	658	646	655	644	646	641	635	632	643	634	647	657	642	636	646	652	646	640	649	633	644	647	644	633	624	641	654	625	646	642	649	630	627	643	644	630	647	624	646	636	656	644	655	642	632	632	633	644	631	625	637	645	641	3473.16832
635	639	637	627	634	638	650	622	626	639	665	651	662	643	648	653	653	628	626	641	651	632	651	652	639	651	618	627	640	636	646	622	657	621	647	660	656	646	644	638	640	631	648	667	639	646	669	639	624	612	632	652	633	640	635	635	645	656	640	626	646	624	648	633	660	635	629	652	656	633	641	619	631	641	661	634	636	629	649	620	650	635	640	654	629	633	646	654	637	625	627	626	648	636	636	636	3474.078271
628	643	639	630	634	643	638	661	633	631	642	637	642	644	640	655	640	659	638	658	630	626	629	659	639	640	636	660	645	634	634	662	654	654	628	631	643	653	672	639	648	647	660	651	629	629	638	642	643	622	653	650	637	645	654	637	652	634	632	635	640	650	634	637	629	615	661	621	627	637	631	645	645	624	641	625	634	632	622	636	631	674	620	648	649	625	638	630	636	630	631	622	634	643	631	661	3474.996626
642	641	639	641	632	633	652	638	645	641	652	630	652	645	636	629	639	651	644	638	644	636	635	645	640	651	647	636	638	627	626	655	634	626	636	629	649	637	644	634	638	633	627	637	644	635	640	660	648	622	626	658	640	641	635	625	644	639	639	638	632	634	625	635	642	644	639	625	629	638	641	653	648	649	649	650	629	640	620	631	638	626	653	651	641	627	626	662	625	639	621	637	647	650	648	635	3475.914799
646	626	639	629	625	634	639	637	625	637	626	635	643	620	634	632	639	648	653	620	637	623	651	638	640	620	637	636	636	639	635	653	650	655	663	642	644	625	634	638	632	649	650	642	642	631	641	652	635	655	635	621	663	624	633	624	625	644	639	643	637	631	635	646	657	649	618	650	630	635	624	625	636	640	632	629	645	649	638	664	633	639	643	649	640	637	646	629	665	637	632	616	626	627	630	621	3476.824211
617	630	633	642	670	640	646	624	633	637	660	637	636	639	619	631	629	657	649	631	619	622	642	617	628	645	656	644	611	635	634	635	636	638	628	633	629	641	638	628	649	642	613	636	633	640	621	642	655	625	640	631	636	617	639	642	639	644	650	668	637	637	637	636	620	625	643	635	633	640	618	638	619	631	642	655	652	642	615	644	647	643	634	634	646	627	624	658	618	650	631	638	636	672	648	650	3477.733445
635	648	601	609	644	650	634	628	624	626	624	631	646	644	639	647	649	622	628	640	639	625	651	651	629	648	626	644	642	637	651	623	625	639	638	619	643	647	649	653	629	639	601	664	655	641	637	625	642	629	626	635	619	649	630	648	609	633	635	642	645	639	645	640	634	664	617	637	640	652	636	630	646	646	641	650	646	624	620	637	635	623	653	636	627	636	627	634	623	638	626	633	636	643	631	630	3478.651075
642	612	646	648	616	626	639	643	638	640	621	627	611	648	634	655	634	645	635	651	621	656	626	641	631	642	653	618	639	639	632	642	633	618	648	615	633	629	638	636	628	626	650	644	640	629	632	637	631	624	630	630	634	636	627	619	634	622	633	626	626	626	634	619	619	641	652	623	629	622	643	626	637	630	655	636	628	616	633	633	642	641	639	634	629	629	639	636	634	645	635	631	627	620	629	631	3479.55995
641	628	615	633	624	636	640	623	646	619	642	642	652	623	629	615	646	648	638	628	645	644	634	607	643	644	641	621	634	634	634	623	654	633	652	629	623	651	613	628	644	620	644	634	636	623	636	630	671	637	622	620	635	624	630	630	637	646	636	645	627	639	639	614	627	613	629	642	644	616	629	637	638	630	621	615	630	615	608	642	616	618	616	636	631	622	636	620	637	637	647	618	592	632	630	635	3480.468647
655	635	646	633	615	631	625	627	629	622	632	636	612	637	594	635	638	635	638	660	646	627	631	625	641	642	625	621	628	625	626	633	624	630	637	627	620	629	629	621	645	612	604	620	614	630	632	646	616	622	620	640	605	622	622	629	641	612	634	633	636	636	606	624	617	639	649	648	617	635	635	633	603	614	625	641	623	619	647	637	618	629	632	637	629	629	630	625	637	644	613	594	631	646	629	621	3481.377165
644	628	640	620	623	633	621	623	638	613	655	626	661	629	620	622	627	621	631	607	613	634	634	631	627	652	657	623	646	618	618	651	621	638	627	620	627	634	622	637	628	621	635	626	633	635	617	629	638	605	629	621	605	616	634	642	621	618	622	640	638	621	625	636	604	621	626	645	619	648	631	616	641	625	627	613	641	629	632	622	631	622	641	619	650	623	624	634	615	634	610	622	622	649	632	625	3482.285505
638	632	632	642	628	622	640	625	617	656	626	626	628	623	615	631	631	626	640	634	624	608	609	626	641	631	652	633	654	632	611	637	627	615	622	619	651	650	600	625	637	617	628	627	628	623	627	634	628	618	644	629	626	618	637	632	627	622	631	612	619	621	617	623	605	633	609	634	633	639	623	632	626	619	630	624	648	623	621	629	642	635	612	614	629	609	644	640	619	636	620	623	622	635	647	614	3483.193667
622	602	617	619	607	627	648	622	637	617	614	630	626	621	628	631	624	620	622	607	624	633	626	594	627	613	628	617	641	636	638	627	633	614	612	640	634	628	644	632	622	619	631	629	635	622	618	624	625	638	625	614	636	613	628	609	630	630	627	624	630	624	630	624	620	621	632	625	618	613	639	614	649	627	643	620	615	600	623	621	622	619	628	608	617	631	605	621	600	613	634	634	635	640	627	626	3484.101651
623	623	620	641	639	621	633	623	616	627	611	639	640	617	640	620	625	627	617	620	615	622	617	633	627	633	619	610	632	633	632	624	615	621	630	623	632	627	629	626	606	618	623	612	624	615	627	621	621	627	658	617	624	621	622	628	643	621	639	622	621	612	648	612	623	627	642	606	626	631	621	635	629	626	630	628	604	617	624	614	611	628	627	636	618	621	631	624	626	626	648	621	641	624	608	630	3485.009456
656	642	615	615	625	623	635	631	605	617	629	636	618	610	630	624	616	634	634	624	636	601	613	629	630	630	623	636	617	614	618	627	625	631	604	608	619	618	605	624	614	620	610	622	620	620	609	619	622	621	612	634	618	636	611	619	635	618	631	640	634	627	629	618	645	623	623	621	633	629	629	616	625	635	630	611	636	622	602	633	599	625	617	609	640	619	623	637	629	614	610	604	614	617	642	611	3485.917084
625	623	639	614	623	621	637	627	609	625	630	614	615	618	612	617	613	635	621	628	649	628	618	644	634	638	621	638	616	624	627	597	623	630	626	614	615	617	630	603	617	622	635	614	617	626	623	628	614	632	618	625	648	622	613	623	652	645	622	624	612	623	623	625	634	605	627	605	637	634	601	610	619	645	620	619	615	626	632	627	617	622	634	638	608	633	616	619	617	603	626	622	627	614	610	618	3486.815973
629	620	621	622	602	620	627	636	642	619	633	620	631	611	614	623	617	620	626	630	619	621	615	636	635	628	621	631	624	623	628	615	592	631	617	616	641	617	609	651	620	617	603	611	623	633	614	613	622	633	630	630	628	630	627	615	627	616	631	615	631	601	607	625	624	635	613	635	626	619	631	635	616	624	623	619	620	616	628	624	624	606	620	620	628	618	615	627	614	613	616	604	610	598	625	626	3487.723246
602	614	614	621	608	621	636	630	617	638	621	602	633	641	632	617	625	624	620	635	628	612	627	636	629	613	636	616	619	622	625	614	614	622	625	595	628	615	634	619	609	612	613	627	605	609	630	637	628	630	613	622	614	621	610	624	623	635	616	618	622	621	609	625	626	591	636	615	618	620	615	635	615	651	623	601	621	617	623	640	621	613	623	621	632	627	625	616	624	629	612	629	629	615	625	615	3488.630342
606	621	623	620	636	616	627	648	621	615	620	614	628	625	605	631	637	627	619	641	635	623	619	615	624	631	631	630	627	613	612	612	635	624	605	625	619	636	628	624	609	612	597	625	621	597	614	603	611	608	609	643	620	622	615	625	625	616	633	617	608	608	610	605	632	641	645	611	636	619	630	634	615	609	624	619	615	616	638	639	628	641	630	611	606	613	633	620	608	615	633	627	622	627	632	595	3489.528704
638	620	619	626	606	617	631	637	621	637	623	620	620	620	622	633	620	621	638	616	632	604	615	620	630	621	623	611	616	637	590	635	608	633	635	630	619	618	616	639	630	619	636	629	633	625	612	616	617	620	641	616	595	624	622	630	633	629	618	641	601	610	621	612	611	622	604	601	629	600	617	623	619	603	614	614	622	611	652	629	619	622	599	603	646	609	620	629	613	622	613	616	629	617	619	607	3490.426892
623	624	605	610	614	630	619	613	622	638	607	620	618	606	623	599	621	620	623	610	630	633	615	626	607	648	606	617	619	606	622	613	615	610	606	610	619	614	627	622	647	624	650	619	615	630	623	600	620	615	612	617	647	620	610	620	616	608	624	625	629	607	619	614	630	608	617	615	625	614	634	615	631	624	602	610	630	602	617	620	612	628	603	599	601	622	615	617	640	623	609	613	630	607	618	645	3491.333457
615	634	627	605	638	599	613	627	599	630	615	603	615	627	599	618	610	625	604	621	617	649	612	596	616	606	623	609	630	601	601	612	634	617	630	627	606	591	639	614	621	631	628	617	607	623	625	626	628	626	606	610	616	619	606	630	610	627	620	606	617	630	620	617	613	638	603	624	602	607	626	610	605	632	613	651	617	617	616	620	608	637	602	617	623	618	610	630	628	610	594	613	631	639	621	641	3492.231294
622	644	612	623	622	612	607	598	616	630	635	615	616	610	611	618	608	629	623	616	616	626	630	602	624	634	623	615	622	619	628	596	604	618	624	619	608	628	623	623	629	622	626	618	618	623	612	614	623	620	623	621	619	619	612	628	627	604	619	615	624	621	628	631	617	602	632	633	617	617	605	601	613	615	635	627	608	627	618	620	642	624	616	626	622	614	620	619	622	627	638	636	625	623	611	612	3493.128957
622	617	611	602	618	630	606	616	617	619	621	612	614	626	615	627	601	622	637	616	608	606	602	601	623	628	624	621	618	626	606	618	663	626	598	613	611	615	628	613	617	621	605	626	588	603	623	620	619	630	606	614	627	632	615	634	623	630	625	620	621	631	614	593	621	601	631	615	633	602	608	629	643	646	614	620	617	629	629	630	613	593	613	602	627	629	597	606	611	627	600	620	612	609	624	597	3494.026446
640	634	614	608	614	620	617	640	637	619	633	623	616	588	607	611	596	642	620	641	620	619	610	624	617	612	620	610	629	604	603	615	602	622	617	616	644	610	620	637	619	629	604	618	619	623	618	604	609	620	635	620	621	632	616	608	618	605	597	620	604	628	593	623	599	613	609	620	609	619	601	627	616	660	608	613	609	602	621	608	593	616	626	637	614	629	611	631	609	631	622	614	611	620	602	624	3494.923761
627	643	610	626	613	621	617	606	613	616	622	633	618	615	622	612	647	610	633	619	592	642	618	598	631	617	627	621	627	634	594	616	631	638	607	633	628	627	604	621	629	625	620	630	611	616	642	608	600	630	616	605	619	610	621	622	592	629	607	621	621	617	623	606	624	603	598	616	607	610	617	612	615	622	593	615	611	619	608	617	611	620	600	621	607	628	623	641	633	615	600	623	617	618	617	611	3495.820901
624	631	615	629	628	595	645	630	635	612	638	611	617	619	638	604	622	623	618	631	609	630	625	635	634	623	632	622	637	625	617	620	618	625	621	615	605	621	618	631	629	638	630	631	612	632	608	614	627	598	615	623	637	626	635	609	637	642	638	625	616	629	635	620	614	615	615	622	619	621	624	621	633	618	631	619	623	627	620	631	624	606	632	613	646	632	614	615	627	623	622	622	647	627	625	632	3496.717867
612	609	611	610	611	647	635	622	613	625	608	610	634	619	631	627	608	605	613	614	626	615	612	626	620	601	620	607	637	618	629	614	602	616	612	605	606	615	626	624	624	594	601	603	617	614	628	601	601	603	607	609	616	601	616	628	601	601	636	607	619	620	607	612	642	619	617	611	623	615	617	639	606	606	603	608	608	619	610	631	628	596	628	609	609	610	616	618	589	636	610	626	612	610	616	620	3497.61466
620	615	622	603	619	601	617	614	633	604	628	606	614	629	624	622	621	618	625	601	609	630	624	603	633	621	629	635	624	616	612	614	621	626	622	631	599	621	615	613	608	624	613	634	619	623	627	616	618	606	611	637	616	619	611	615	620	598	610	641	609	629	638	611	627	603	606	616	593	638	618	614	617	605	609	637	605	621	616	619	613	631	619	629	634	613	609	607	615	619	616	611	628	581	616	610	3498.502739
625	601	610	623	626	623	616	621	623	627	609	631	611	621	605	610	619	607	638	633	637	617	603	613	618	619	619	601	626	602	632	617	641	609	623	620	607	602	606	619	608	617	605	590	626	626	619	609	613	614	603	613	620	641	617	606	609	607	630	628	634	619	597	599	609	621	619	610	602	608	624	597	620	609	631	625	616	625	643	613	606	622	618	612	629	614	598	628	611	632	615	603	616	608	632	621	3499.399185
626	616	614	611	607	627	619	601	609	620	636	627	621	608	610	600	616	614	608	624	609	614	608	616	633	608	630	601	610	630	593	628	618	632	611	593	607	620	631	606	614	618	608	599	621	612	618	614	609	607	611	612	616	600	611	598	626	603	634	620	629	613	625	613	621	616	607	615	631	611	602	615	608	618	620	610	593	620	612	621	620	629	603	620	613	620	594	604	619	607	606	601	602	605	619	612	3500.295457
612	615	612	620	623	607	611	618	619	631	613	602	605	606	624	623	624	625	628	615	618	615	615	624	604	628	616	605	608	609	613	616	602	616	610	620	610	630	590	601	627	622	602	618	622	631	624	617	629	605	577	632	602	619	609	609	594	627	627	607	632	596	623	611	610	588	611	631	645	614	622	606	614	608	602	615	626	621	610	602	595	610	611	607	636	633	609	634	622	612	616	620	611	631	627	624	3501.183022
591	601	608	626	611	592	622	603	615	611	609	605	612	614	599	599	606	608	629	613	614	612	612	615	612	598	611	601	595	614	620	603	600	614	621	599	620	626	608	615	601	623	625	622	612	607	608	613	628	616	599	606	615	595	612	600	607	618	605	619	616	618	599	623	624	630	608	621	590	615	604	633	603	602	621	607	610	595	624	609	618	605	610	618	614	609	599	597	619	598	593	631	625	619	602	604	3502.078948
613	607	607	598	622	608	612	607	621	600	626	614	606	602	605	599	608	607	611	619	613	587	605	602	602	619	603	617	612	629	589	623	602	604	604	595	599	611	604	611	614	628	597	623	592	621	619	609	612	603	606	618	597	620	606	618	616	630	615	613	600	600	609	607	608	618	606	611	620	601	616	609	605	623	609	625	599	601	621	625	626	625	628	612	613	619	603	606	616	623	633	618	630	613	602	631	3502.96617
612	618	615	621	606	611	609	601	612	609	610	611	597	614	603	611	619	609	620	594	609	633	615	595	599	583	615	606	604	602	599	615	603	600	615	635	626	625	623	620	612	615	624	610	578	612	623	610	607	611	599	592	595	600	604	596	595	631	618	600	612	605	603	615	605	608	615	617	612	604	599	594	625	624	619	598	606	610	603	613	613	616	607	591	619	613	608	599	619	599	617	596	625	604	598	608	3503.853222
605	620	612	611	630	602	606	611	606	610	620	610	605	614	603	630	590	586	609	613	616	600	611	618	603	600	626	623	603	607	650	606	609	607	621	605	610	601	621	594	616	615	632	608	595	622	610	615	603	587	618	615	619	616	597	600	598	618	601	630	608	614	622	616	611	622	615	594	598	602	617	602	606	600	616	603	603	622	620	610	604	609	625	617	606	622	608	602	603	594	605	595	590	610	607	598	3504.740103
603	617	584	596	587	604	608	612	631	589	588	616	613	608	590	602	607	612	609	596	611	592	619	609	615	624	604	609	621	610	611	608	613	619	596	609	612	612	611	607	609	596	603	610	625	606	613	630	607	603	599	600	599	609	604	604	601	595	599	613	600	592	590	607	601	617	601	588	613	609	593	605	611	604	602	604	616	610	616	624	630	601	625	610	610	607	606	616	607	604	608	614	615	605	614	599	3505.626814
609	592	598	603	601	606	618	579	606	609	618	617	593	585	599	615	609	605	591	603	600	596	607	599	589	621	581	616	600	604	617	615	601	603	590	602	630	595	609	616	617	602	592	608	614	601	619	613	605	605	598	597	617	610	592	614	595	611	609	602	597	604	608	609	587	595	624	605	612	593	611	613	598	597	603	608	595	601	593	593	613	588	618	617	607	612	608	601	612	610	591	605	601	622	590	613	3506.513354
600	608	587	602	594	617	606	586	612	593	610	596	611	603	608	588	602	604	619	605	600	601	595	610	620	613	611	609	614	599	607	594	595	608	599	591	598	609	616	608	601	616	591	596	589	621	606	597	594	613	597	608	618	603	592	604	604	574	615	614	597	608	601	601	600	608	613	594	597	606	607	601	582	609	618	624	592	592	606	598	617	590	595	608	621	604	622	605	613	615	596	587	610	600	612	601	3507.399725
606	606	611	626	602	627	611	593	601	598	604	603	603	584	615	602	598	611	599	588	596	592	602	604	599	596	600	594	600	596	608	600	597	605	614	619	595	585	594	608	593	606	591	615	612	609	611	590	607	602	593	624	617	600	587	599	609	590	609	595	616	605	609	602	611	616	604	614	584	606	597	601	580	602	593	593	620	603	609	602	601	602	615	595	617	599	606	610	607	605	606	601	607	595	619	602	3508.285925
599	593	595	595	603	608	609	596	592	603	598	602	595	599	598	599	595	607	597	605	618	614	601	589	593	599	607	593	597	605	590	609	586	609	606	608	603	612	593	589	598	584	588	610	611	596	599	590	596	596	621	590	599	605	602	596	606	582	604	613	618	584	613	594	590	596	587	596	595	583	589	593	593	603	609	597	597	605	589	626	588	585	602	608	596	603	618	580	605	607	604	600	605	594	592	596	3509.171955
613	618	608	632	630	612	606	616	600	610	597	619	606	612	604	612	622	612	616	601	600	604	610	598	609	593	605	602	619	602	610	600	610	604	614	601	604	630	593	585	622	622	607	605	605	593	608	599	610	612	604	593	607	606	593	612	583	616	593	594	629	599	612	610	583	605	598	598	623	622	611	595	616	599	603	618	606	597	614	613	617	612	612	613	604	603	593	616	616	590	594	608	609	601	591	612	3510.057815
596	605	598	615	601	606	604	601	610	602	604	609	606	589	593	607	568	609	578	613	599	619	606	585	609	602	591	600	619	606	621	612	593	594	585	594	598	598	605	613	589	606	594	586	610	608	591	599	611	608	591	591	594	609	614	610	599	601	597	596	606	596	614	611	607	601	602	601	584	572	611	596	596	605	612	597	597	597	596	597	620	605	615	599	603	607	603	600	594	609	602	615	605	586	603	604	3510.943505
591	592	611	582	609	589	618	603	601	611	598	602	592	594	608	589	604	575	607	597	590	620	593	582	601	608	618	610	597	601	600	577	597	615	593	605	605	594	581	597	595	593	608	607	600	597	595	594	593	585	587	592	582	594	599	596	609	600	608	601	595	595	602	605	623	598	589	590	600	595	587	613	594	590	609	608	592	588	609	598	599	603	601	604	593	617	591	607	620	595	591	608	594	603	582	580	3511.820511
599	579	606	598	586	590	599	588	593	596	601	570	593	604	592	596	603	601	595	587	600	608	583	580	593	597	582	620	601	591	591	579	593	592	602	590	589	602	583	601	602	603	600	614	583	595	599	601	598	588	596	591	601	606	605	604	602	588	598	601	581	606	580	608	599	604	591	577	583	591	599	578	595	617	597	607	601	600	591	599	581	608	574	582	592	598	612	587	574	589	615	606	607	610	592	610	3512.705863
594	606	611	602	592	607	591	606	593	592	591	601	580	595	617	598	612	606	583	583	611	617	604	615	594	602	608	607	609	591	599	594	603	610	614	594	596	582	602	594	595	591	596	597	601	587	578	584	581	600	594	607	597	594	612	582	592	592	597	601	609	584	627	591	589	602	599	584	601	589	596	607	594	598	601	591	584	583	584	612	601	613	590	590	595	590	584	603	616	616	602	607	604	598	601	614	3513.582534
604	585	595	601	590	594	593	594	594	615	598	605	585	600	605	619	585	591	605	581	584	586	602	602	600	591	588	603	591	589	577	603	598	608	591	588	602	606	578	587	597	594	585	595	597	596	606	588	611	593	605	598	588	595	591	605	597	592	602	614	596	592	584	592	589	599	612	593	597	608	601	596	597	612	592	591	584	600	582	609	606	593	592	584	579	601	593	613	598	598	592	581	605	605	619	595	3514.459039
592	598	596	599	609	605	611	592	593	604	576	564	605	593	584	605	603	601	601	585	597	598	589	592	588	613	598	601	600	598	612	590	598	611	587	591	605	613	609	599	586	592	586	611	595	584	605	593	593	605	601	603	603	613	607	608	590	591	610	582	597	601	627	595	586	597	588	595	588	590	614	589	596	616	586	581	594	595	603	603	604	589	603	598	606	589	598	590	601	597	580	583	609	589	604	584	3515.343884
598	585	610	587	614	585	605	581	623	601	601	587	590	590	602	578	584	598	601	601	600	609	564	597	601	599	600	592	587	601	596	598	594	579	594	602	604	608	619	588	601	602	608	601	596	588	605	598	590	591	580	603	589	611	603	590	596	615	590	611	591	593	595	580	583	604	598	592	583	606	605	605	590	579	610	599	605	590	596	606	596	600	596	596	587	614	600	584	592	605	594	579	610	595	599	583	3516.220054
610	587	599	605	596	608	590	592	605	614	583	609	595	595	608	611	596	607	612	595	599	599	591	584	604	602	575	606	615	593	590	605	585	596	594	605	600	600	583	593	601	596	589	596	575	597	584	607	606	596	596	588	583	581	602	603	593	597	600	592	594	605	589	582	596	586	578	597	592	581	578	590	605	582	600	588	606	602	592	579	609	587	592	593	602	595	598	601	591	585	601	579	606	602	588	585	3517.096058
603	602	575	616	593	597	594	585	609	599	621	605	602	572	584	580	617	606	590	570	580	606	580	587	588	606	602	598	608	582	599	595	606	604	580	615	602	595	590	597	604	616	589	595	587	594	604	583	591	589	601	595	595	593	598	590	602	599	600	599	590	581	592	584	607	599	606	596	579	583	575	592	595	583	581	590	579	614	600	597	593	599	605	587	608	584	579	589	597	603	586	584	611	590	626	594	3517.971895
604	598	592	586	602	588	587	572	599	598	589	587	597	624	606	579	597	589	594	597	603	592	595	605	585	600	605	608	597	600	606	585	584	595	591	616	584	593	596	582	586	591	593	590	592	593	595	592	582	600	582	591	599	590	596	598	587	600	617	603	599	597	588	581	603	602	586	597	573	622	608	588	596	606	583	583	593	588	587	589	595	600	602	582	597	622	589	612	587	599	592	588	595	593	599	580	3518.847566
592	601	605	594	596	602	594	614	582	588	593	594	597	600	583	606	594	619	590	587	588	608	605	580	587	598	596	599	586	600	592	593	591	585	585	602	618	600	590	584	582	604	580	574	606	577	591	588	593	583	580	585	583	586	614	599	578	593	583	586	596	591	601	602	596	598	583	601	599	610	595	620	577	573	587	583	589	582	591	597	579	588	604	571	611	584	582	591	590	588	585	578	603	599	584	592	3519.72307
588	607	592	590	606	589	594	587	597	588	607	597	596	603	618	615	582	594	586	593	607	580	595	598	600	614	586	598	600	588	588	590	590	604	582	585	589	591	583	601	597	586	596	601	573	612	587	580	609	599	582	604	596	584	608	600	591	610	591	595	588	592	590	580	586	600	605	586	586	609	603	598	586	592	588	596	592	595	595	604	585	593	605	583	603	578	593	586	592	584	585	597	605	594	590	591	3520.598408
586	597	594	582	596	593	584	598	592	590	592	589	589	599	596	585	602	622	575	580	595	583	583	583	587	594	589	591	591	587	606	605	593	587	592	607	597	592	587	590	599	581	595	606	595	575	597	599	593	581	577	604	601	597	590	602	598	583	592	598	596	599	603	583	585	588	597	603	579	577	592	584	600	572	590	606	608	577	581	605	603	580	580	602	592	611	601	585	575	579	582	592	582	606	612	589	3521.47358
602	597	588	602	580	592	581	593	592	614	600	592	575	598	592	604	601	588	605	580	590	605	611	589	616	587	598	591	595	583	579	593	595	614	598	593	575	596	602	596	606	607	593	607	591	593	587	600	571	593	613	599	591	587	575	583	592	595	600	592	597	596	598	576	586	610	595	580	603	586	582	598	580	582	589	593	587	594	603	584	596	592	578	577	596	605	593	604	596	581	580	584	585	597	591	596	3522.340092
598	589	582	581	621	593	604	591	586	600	579	591	599	597	577	594	590	606	601	589	587	575	583	601	579	586	592	599	604	575	574	607	599	613	597	598	595	585	597	599	603	585	611	613	588	586	602	587	602	597	591	611	598	577	616	605	591	597	611	594	603	596	603	604	595	590	581	581	584	614	587	576	593	589	607	583	603	602	595	607	590	593	597	613	592	601	592	567	584	599	593	578	587	605	573	602	3523.214933
591	600	594	599	599	595	591	585	597	591	597	583	588	579	594	603	592	598	595	585	584	587	594	594	586	605	601	603	603	584	601	596	585	595	607	582	582	608	587	594	598	599	595	606	596	579	596	614	603	580	598	588	582	590	584	573	594	589	588	596	593	581	600	609	601	590	596	582	605	597	600	567	584	577	572	590	597	590	592	563	588	601	575	589	602	580	571	594	606	591	572	584	598	586	584	595	3524.089608
581	602	583	592	594	575	601	590	592	597	582	590	591	596	584	608	602	602	572	608	589	592	588	584	587	610	591	607	586	592	588	583	588	591	581	600	589	597	589	604	597	592	583	590	609	607	589	580	588	564	591	605	593	586	590	585	589	593	601	598	593	591	589	596	586	591	576	589	583	600	609	594	586	605	595	605	593	599	594	592	586	597	601	603	597	601	594	585	590	596	594	596	591	574	591	595	3524.955628
582	590	580	599	575	595	596	589	585	580	576	594	586	586	602	570	607	576	585	597	587	591	584	569	596	593	600	591	602	570	585	588	609	593	601	589	580	596	596	585	586	569	587	586	577	594	574	589	588	596	586	584	582	593	595	621	577	593	596	594	586	595	581	587	590	594	585	588	593	589	590	598	583	573	588	601	594	598	615	588	595	586	573	585	589	602	592	591	598	579	595	595	596	590	579	605	3525.821485
611	585	572	578	588	588	575	588	590	610	582	593	588	593	589	606	576	587	595	595	583	600	588	586	596	580	592	564	602	596	599	577	561	599	578	588	581	571	584	579	596	580	585	578	577	600	566	590	589	595	590	586	587	575	578	593	595	575	601	588	603	584	587	588	594	604	614	579	595	568	587	588	599	587	591	605	570	599	603	591	564	585	600	587	576	578	574	579	591	596	604	587	580	594	588	577	3526.695666
589	585	604	590	585	592	592	586	602	580	590	583	580	585	584	585	581	607	592	588	598	583	583	597	586	593	610	590	595	584	576	588	565	583	586	580	592	596	600	569	580	574	580	606	589	594	583	585	596	575	587	598	591	598	605	591	570	594	596	596	601	581	591	599	581	607	589	591	588	586	575	598	606	614	575	598	570	588	577	584	580	580	580	593	585	579	579	588	586	604	584	600	600	600	576	575	3527.561196
570	584	572	589	599	574	579	578	602	590	605	588	582	570	589	583	572	586	583	584	584	575	588	596	584	580	593	575	589	583	591	574	595	573	585	589	610	591	591	579	592	580	586	585	577	574	594	586	589	600	593	588	560	584	588	603	595	601	597	570	585	588	593	603	582	577	596	579	599	588	602	576	576	583	584	587	590	592	592	572	588	591	596	592	602	601	588	576	576	579	582	590	584	599	598	601	3528.426563
595	583	564	588	588	592	574	579	596	580	593	585	587	590	585	593	600	575	577	604	584	583	595	603	578	585	588	584	607	589	590	588	573	612	586	588	586	590	574	581	580	605	595	590	578	575	584	580	585	584	590	591	589	572	595	613	571	572	582	579	584	581	590	598	595	590	579	570	580	586	585	584	592	581	599	570	579	588	586	594	588	583	598	602	603	588	592	588	587	575	595	586	579	587	585	576	3529.291768
592	580	591	582	585	581	593	593	590	599	601	579	570	588	589	580	573	585	590	602	585	585	581	588	589	581	609	587	594	569	597	591	587	595	586	573	588	587	598	578	574	599	590	588	603	580	586	569	585	572	591	598	573	573	589	593	585	581	593	581	580	592	592	588	593	586	575	569	591	586	580	577	589	573	597	589	591	584	586	603	586	594	580	582	588	588	591	574	572	593	571	557	580	570	570	605	3530.15681
580	586	583	568	578	573	582	594	594	591	575	601	584	586	569	583	582	598	587	590	591	589	591	586	576	576	585	568	574	581	581	595	587	577	574	580	587	593	595	586	586	584	573	570	585	583	591	604	591	563	579	582	591	584	579	591	584	593	584	592	588	560	575	569	588	580	584	578	579	570	592	574	573	583	565	583	578	582	581	586	594	589	595	586	572	585	594	604	577	596	584	590	589	590	599	588	3531.02169
575	581	574	588	580	573	591	585	593	587	573	566	574	578	582	591	580	599	580	574	593	590	581	597	589	587	580	592	580	582	571	581	569	580	599	580	584	582	586	591	585	574	591	576	588	576	574	571	568	585	596	592	584	575	591	576	571	580	580	586	571	589	580	571	577	587	567	584	581	592	592	582	575	587	587	591	593	578	575	572	590	585	585	572	577	585	577	581	568	589	583	608	581	585	596	581	3531.886407
589	575	571	603	583	584	573	575	571	588	574	583	588	591	586	578	586	583	592	580	581	583	589	574	596	588	574	572	587	564	579	586	564	590	583	580	580	586	587	581	575	570	583	591	569	582	567	572	572	582	586	585	577	584	574	587	575	589	596	579	570	592	595	576	583	576	586	581	564	576	588	584	594	583	579	558	592	586	571	584	589	590	587	572	585	589	582	582	599	583	575	585	581	581	572	575	3532.750962
580	561	582	560	570	592	576	576	596	587	572	575	579	566	580	592	569	575	559	565	571	574	574	580	578	586	575	590	577	590	584	597	588	564	576	574	575	566	574	573	570	575	565	600	579	602	582	581	551	589	607	591	563	577	588	592	570	585	571	582	572	571	585	577	580	579	567	573	575	579	594	584	565	568	582	576	581	574	577	582	595	563	571	573	573	583	592	589	582	589	580	581	591	574	575	582	3533.606881
588	585	573	571	589	579	587	571	574	584	567	591	571	596	572	575	570	600	563	582	578	583	577	581	579	568	580	572	572	585	579	567	571	588	582	566	582	574	598	576	593	583	568	589	574	579	573	574	578	573	577	589	573	570	588	553	577	584	572	586	583	576	584	585	583	585	566	571	567	577	571	576	575	579	571	590	582	581	584	595	570	582	581	567	574	581	582	581	580	570	586	553	582	572	590	578	3534.471113
581	566	583	557	573	563	588	603	575	584	584	578	578	581	576	581	567	580	587	579	585	580	584	588	576	566	603	589	584	580	586	584	601	601	596	577	583	576	591	579	563	575	558	569	600	600	566	582	593	577	566	591	580	583	595	571	591	576	580	581	589	579	582	582	576	593	584	578	584	585	579	563	592	573	577	568	577	570	580	589	571	572	568	584	584	574	571	585	582	576	584	585	592	577	584	582	3535.335182
580	583	591	578	581	584	577	565	572	579	579	586	593	598	561	576	581	591	575	585	577	589	571	574	565	582	572	599	582	577	583	569	586	572	590	567	582	578	577	572	586	568	578	568	574	574	595	586	577	586	588	575	579	582	543	588	589	571	581	585	565	571	568	585	582	574	568	589	574	577	569	583	583	578	565	586	578	580	577	575	595	564	585	579	572	571	583	577	583	563	592	581	594	572	577	579	3536.190621
572	579	585	552	587	583	581	580	584	564	589	572	577	578	589	583	575	582	580	575	580	576	579	596	575	581	590	554	575	563	544	586	566	564	586	568	572	574	583	584	579	580	582	558	590	578	563	589	585	576	560	589	578	561	579	579	594	601	566	589	584	564	600	596	588	571	573	573	586	574	565	583	584	578	586	569	587	574	585	567	590	589	603	590	596	581	576	566	573	576	561	569	570	600	579	577	3537.054367
593	595	565	591	592	572	567	571	578	585	582	595	592	590	565	584	577	586	573	576	585	567	576	572	598	568	592	585	578	564	595	561	580	584	589	582	586	573	575	570	594	576	568	590	585	586	585	569	580	590	572	565	566	565	581	589	573	579	590	572	581	571	573	580	563	575	584	573	585	595	582	578	589	586	584	579	572	578	581	595	576	573	580	566	585	559	569	599	578	583	581	570	586	575	569	583	3537.909486
578	574	581	575	579	575	579	578	566	587	601	579	572	580	583	562	593	565	580	572	603	577	577	571	569	599	576	559	561	555	587	581	567	574	567	565	590	575	574	580	576	584	584	569	563	577	589	575	569	575	566	572	590	580	593	574	582	581	566	583	574	594	580	581	566	565	575	564	575	576	575	574	565	564	544	578	573	588	580	573	572	576	565	579	580	567	568	569	568	595	580	562	569	576	587	555	3538.764446
587	580	578	571	568	577	582	577	577	558	553	581	588	563	590	578	571	569	566	574	579	572	573	577	576	568	582	562	557	581	568	577	566	589	581	575	569	583	574	594	600	581	564	589	568	589	578	584	567	574	580	573	571	567	582	591	586	558	568	597	569	578	580	565	586	578	573	586	570	573	574	584	583	563	565	585	572	564	570	585	571	573	576	602	578	566	576	591	571	574	580	580	592	588	568	577	3539.619247
578	576	570	568	576	568	571	577	567	566	567	585	571	584	575	591	598	571	566	575	589	567	584	578	585	567	588	563	566	567	587	599	579	571	581	559	582	564	591	576	571	568	564	573	586	568	548	591	578	552	579	589	575	589	582	572	593	580	578	562	592	576	565	582	591	586	579	584	562	585	573	578	561	579	584	585	561	572	579	585	586	563	584	559	578	581	580	585	583	567	576	571	573	578	579	570	3540.47389
575	564	568	560	583	585	577	587	571	584	577	580	574	595	559	558	562	576	580	582	574	586	589	574	571	577	598	572	584	542	583	572	577	580	563	584	584	564	576	575	554	595	584	564	585	564	587	548	572	578	576	570	583	570	572	566	563	571	571	568	571	591	559	592	585	555	575	585	562	581	570	585	563	577	577	569	565	572	565	569	566	573	578	571	580	587	578	580	584	570	576	547	568	583	575	573	3541.328373
571	566	568	584	585	587	582	580	572	577	581	579	567	591	560	564	567	572	558	580	562	576	574	565	580	594	571	595	577	588	573	573	572	576	588	574	575	569	574	575	563	577	566	579	564	570	571	585	561	577	575	585	561	581	573	587	576	572	585	572	583	555	573	566	565	570	574	588	580	576	564	581	591	578	560	582	565	573	582	589	588	553	582	577	577	574	572	586	570	570	558	565	588	579	572	598	3542.182698
583	565	566	593	580	583	574	576	583	570	564	571	565	579	576	561	562	568	568	577	571	594	569	559	570	575	586	574	565	574	563	569	577	573	577	572	573	579	572	563	583	573	566	566	580	578	569	573	562	570	578	571	575	583	583	569	572	563	574	572	572	574	580	584	580	564	578	562	569	585	564	580	585	572	581	581	580	579	580	568	571	593	562	573	583	575	576	577	569	562	589	575	569	584	572	560	3543.036864
578	575	567	582	583	543	586	575	572	567	573	570	584	576	572	581	562	562	573	588	573	584	567	568	589	572	565	584	572	573	564	581	570	573	567	575	576	577	566	580	567	564	565	562	574	571	574	583	576	566	583	575	567	576	581	572	573	588	578	589	574	584	589	568	562	578	577	577	565	577	584	577	574	564	556	572	576	576	568	581	588	588	578	576	578	564	568	557	558	590	571	572	596	564	585	574	3543.890872
569	579	583	583	575	578	570	574	566	567	564	571	563	582	577	581	573	572	566	597	571	582	565	582	583	580	579	582	584	601	572	584	585	578	585	569	591	565	565	571	575	582	567	562	565	577	558	571	577	578	575	548	577	569	577	586	567	588	580	578	601	573	572	564	585	575	583	584	566	592	587	573	571	589	580	578	580	582	570	578	560	576	563	584	574	577	567	583	584	574	568	573	576	585	581	559	3544.74472
556	583	574	572	580	574	579	582	557	582	591	570	572	575	571	561	589	576	578	570	578	575	570	565	578	579	577	571	574	577	568	551	567	576	576	567	563	572	584	562	569	573	586	579	560	572	577	589	576	569	572	587	571	565	573	566	572	559	573	574	562	577	586	561	576	580	582	565	590	566	561	572	562	574	571	573	581	553	562	564	573	592	567	564	565	583	580	564	584	574	567	586	570	577	590	588	3545.589959
567	583	584	568	578	576	579	558	595	584	584	584	573	568	567	580	565	568	575	559	564	594	578	575	586	569	564	576	597	577	587	578	560	575	592	577	561	566	584	570	588	584	572	566	576	572	556	585	583	564	558	577	575	570	580	587	575	552	575	579	575	575	576	577	588	574	582	554	573	586	564	560	586	569	592	580	585	592	586	570	579	570	580	582	570	567	566	588	576	573	578	584	581	571	552	575	3546.443492
581	572	580	564	581	562	581	569	554	582	590	571	586	565	578	564	578	577	576	574	575	553	580	572	575	564	577	583	575	577	565	558	558	563	579	571	570	574	575	573	574	585	569	573	571	582	599	575	555	577	564	572	564	573	575	575	573	573	569	583	572	574	555	581	584	562	585	579	584	553	563	578	571	569	579	561	584	560	561	587	589	585	567	575	585	583	563	594	571	573	558	576	559	567	572	581	3547.288419
563	563	575	573	574	582	573	576	569	575	568	562	567	556	565	577	579	584	587	593	579	586	587	575	573	570	565	576	582	570	563	572	573	577	569	576	552	565	586	566	567	549	578	568	575	575	577	583	575	567	569	555	552	577	587	584	590	567	589	565	593	568	576	581	579	578	561	571	584	584	572	586	591	579	581	563	576	570	568	560	563	559	577	573	575	587	576	571	567	573	587	575	570	568	572	580	3548.141637
583	562	571	582	579	556	591	552	567	579	578	589	576	572	580	569	560	568	580	553	565	579	567	581	588	561	572	579	570	570	577	568	563	573	576	577	556	579	593	575	573	586	580	559	573	583	573	573	581	562	585	579	551	559	572	569	565	565	592	580	575	584	559	576	558	574	578	573	581	570	571	560	580	575	572	581	566	561	567	561	571	578	578	573	586	573	570	582	595	573	574	579	579	574	575	576	3548.986251
570	588	575	571	582	581	578	557	569	576	578	585	566	588	586	581	567	564	570	589	572	562	576	560	574	571	577	581	575	575	597	569	579	569	587	565	560	569	560	582	578	577	581	575	569	583	562	576	562	580	565	574	562	563	585	586	570	563	565	580	586	576	574	571	584	558	574	583	570	563	582	547	573	584	576	568	579	567	564	570	582	582	568	561	555	559	563	579	564	580	579	557	564	582	561	578	3549.83071
572	582	563	575	578	584	568	572	574	568	567	556	569	554	567	582	584	566	558	568	547	583	575	577	569	574	567	556	586	575	580	573	588	556	569	566	565	578	573	557	568	587	580	573	566	566	566	569	573	563	570	563	569	562	577	567	568	578	561	570	564	557	582	570	556	578	564	565	557	551	567	568	576	576	577	585	567	568	559	568	579	567	581	570	556	571	567	559	565	558	581	588	570	562	578	579	3550.683456
575	569	578	568	567	560	577	573	558	573	572	585	580	584	597	566	569	576	584	565	574	583	582	558	574	587	570	583	571	558	567	572	582	566	572	571	578	568	564	570	567	567	562	574	568	575	588	566	560	574	579	568	569	567	569	581	567	574	574	550	562	566	590	561	566	578	584	583	569	558	571	598	560	576	590	571	573	571	575	573	579	574	576	565	567	574	572	586	568	578	573	551	554	578	585	566	3551.527603
560	560	576	598	567	576	577	573	566	562	562	573	569	567	575	567	580	560	557	571	566	565	571	569	566	582	572	590	573	566	562	569	563	561	579	565	581	561	557	565	536	581	565	565	581	573	566	584	567	566	578	576	571	575	568	570	571	563	573	582	553	572	553	566	563	562	557	574	558	575	571	560	560	563	575	560	566	572	548	566	577	590	585	562	565	566	562	586	574	570	581	571	569	571	577	569	3552.371595
578	577	571	561	588	586	563	565	579	567	555	572	571	563	557	578	556	581	585	570	583	559	573	583	559	571	550	562	566	561	584	568	571	578	574	558	559	588	588	560	580	574	556	572	580	569	575	560	566	569	580	572	572	575	566	569	580	576	591	578	564	577	565	578	581	574	569	576	570	569	576	575	558	581	566	572	558	572	553	568	573	573	567	567	553	564	562	586	563	570	570	555	572	577	573	569	3553.215432
569	572	577	575	558	554	593	573	555	574	584	574	577	583	574	570	555	571	572	568	568	588	565	586	575	579	582	562	569	560	571	564	564	565	575	567	573	562	565	569	569	570	568	567	554	569	558	568	561	572	568	571	567	561	564	576	552	565	563	566	563	571	562	582	564	572	557	554	561	555	573	557	571	583	578	552	572	564	544	566	574	554	576	569	573	569	559	559	575	564	572	583	578	565	573	580	3554.050678
564	567	563	570	557	572	566	550	555	558	572	577	582	563	559	574	582	558	558	572	564	578	566	564	561	563	564	585	548	571	554	575	561	566	583	584	575	563	569	572	573	565	565	567	570	556	582	570	575	568	559	559	554	569	585	577	573	562	554	568	571	568	557	563	568	566	546	564	579	576	575	576	559	581	574	593	557	558	575	569	562	576	572	564	575	558	559	553	568	574	563	571	578	572	566	557	3554.894206
571	562	590	582	575	563	575	571	577	556	567	570	575	569	564	571	564	576	561	566	562	579	569	566	578	567	577	591	566	562	574	569	579	561	569	560	581	582	576	572	586	581	583	586	575	557	573	580	583	572	571	573	571	545	576	557	577	561	554	563	561	576	573	570	563	574	564	563	575	569	571	565	568	573	580	566	557	574	567	578	579	560	557	572	588	567	562	575	571	572	567	570	545	573	580	559	3555.73758
572	564	561	564	577	561	563	559	565	562	561	563	561	579	576	568	573	564	557	552	581	567	557	564	564	572	569	576	559	553	579	574	565	551	563	541	556	556	571	561	568	551	565	570	576	576	564	554	570	576	558	571	556	566	565	562	582	565	557	570	568	565	565	567	572	574	579	571	566	562	555	566	543	582	568	570	576	560	563	575	569	567	569	559	568	554	566	564	557	577	570	570	559	570	563	578	3556.580799
556	579	585	578	551	566	565	541	565	557	571	582	560	554	549	569	561	575	554	556	571	555	565	575	573	562	571	573	565	555	565	594	590	550	580	576	564	565	579	579	566	575	562	563	578	565	558	581	582	562	560	568	574	540	562	566	576	557	566	566	572	558	558	544	577	573	553	573	562	572	573	558	568	562	559	556	556	551	565	575	565	576	548	561	562	562	575	575	559	567	573	561	568	572	574	568	3557.415433
564	563	566	581	566	576	562	569	557	568	568	570	550	568	563	555	559	564	572	552	555	568	569	564	565	562	551	568	565	576	562	546	570	552	563	564	563	565	543	552	568	567	564	557	560	574	563	561	576	545	567	574	567	572	568	560	554	561	570	557	569	575	553	566	555	576	571	560	552	564	571	555	564	564	580	548	558	562	567	557	557	565	563	574	562	568	555	574	556	570	561	567	569	576	562	577	3558.258344
566	571	541	551	561	556	562	572	575	560	561	566	554	560	582	565	554	568	548	565	558	538	563	548	567	569	554	566	553	564	566	562	562	559	562	566	560	588	561	559	560	570	570	564	553	567	579	556	560	555	560	546	562	565	559	544	568	565	558	576	553	572	553	567	557	567	563	567	564	580	550	546	564	580	544	577	563	567	572	572	569	566	561	563	566	554	562	580	541	563	578	558	564	569	574	559	3559.092673
568	565	570	583	564	553	566	567	564	573	562	555	570	558	559	591	557	544	561	573	566	583	552	567	562	572	562	560	564	567	580	551	579	560	569	550	565	574	569	581	577	560	565	566	560	558	566	563	573	574	557	568	570	548	571	576	563	549	571	562	579	560	565	551	569	559	557	571	576	567	566	583	584	566	559	564	567	561	582	570	573	561	575	573	585	548	564	564	563	562	551	566	572	560	566	561	3559.92685
565	557	568	551	577	546	575	552	569	559	554	554	568	561	568	548	558	570	554	554	576	573	565	539	567	580	558	559	566	572	570	565	560	565	556	556	570	551	556	561	587	554	552	571	559	579	556	551	556	561	541	567	539	567	569	561	557	547	564	560	562	568	569	550	582	559	545	578	568	564	563	564	562	577	559	569	569	562	560	542	581	566	565	549	552	561	563	581	582	555	572	566	567	556	562	569	3560.7693
555	559	565	576	562	576	571	568	572	574	559	570	563	552	564	561	557	578	563	560	550	565	558	564	560	544	556	567	576	557	548	566	552	559	559	562	572	554	553	557	562	560	570	551	558	567	567	566	563	564	555	551	579	565	563	543	564	576	573	561	561	573	559	562	557	568	587	554	555	563	561	554	561	563	562	564	561	565	569	562	566	573	558	574	559	575	566	560	565	575	560	584	564	539	557	562	3561.603173
571	560	591	562	565	560	575	552	560	561	571	571	571	572	581	548	560	554	553	556	571	568	553	551	583	554	565	579	556	548	559	551	565	554	551	581	555	570	575	555	566	577	559	565	574	579	549	569	570	547	564	580	564	584	550	560	556	574	575	564	564	571	551	576	555	565	578	565	559	558	548	564	569	566	563	567	564	583	565	561	560	573	562	560	559	562	554	579	571	574	564	559	557	568	561	583	3562.436894
565	581	556	563	551	562	561	550	571	566	554	557	562	565	546	560	540	564	558	573	552	559	564	566	588	585	561	559	549	568	564	563	565	546	547	572	561	549	546	553	564	555	566	563	570	569	558	557	564	556	575	568	560	547	559	552	577	559	555	567	574	555	551	556	555	560	552	557	556	550	553	547	550	569	571	556	561	553	557	550	570	563	563	560	552	573	575	555	546	543	554	566	558	557	555	562	3563.270464
549	539	557	551	568	560	555	569	558	541	570	563	545	553	557	567	568	568	567	563	557	551	563	556	561	562	568	552	564	553	554	554	570	559	570	549	582	560	562	557	556	565	548	564	560	565	564	558	563	563	560	555	563	545	557	565	542	557	557	560	558	564	554	548	552	556	569	566	562	578	572	569	563	564	559	573	553	569	551	555	545	559	569	543	560	558	552	552	559	574	554	562	574	572	571	562	3564.103882
542	574	571	576	568	580	567	550	558	546	554	554	556	544	570	566	563	551	559	561	572	559	554	559	550	555	572	574	557	554	559	558	575	556	562	563	563	557	551	549	545	565	564	549	552	559	559	563	565	567	546	571	544	547	574	557	569	560	556	562	569	559	552	559	552	568	549	565	540	552	546	563	564	558	566	556	556	559	554	542	565	554	546	574	555	564	552	557	572	554	560	561	568	560	559	560	3564.937149
573	555	560	560	556	554	564	553	552	570	542	552	559	554	563	566	560	563	566	547	558	556	573	573	557	573	559	550	558	576	561	570	561	554	572	556	547	554	563	540	563	557	567	553	567	567	551	562	557	566	551	568	556	572	574	552	553	559	551	559	568	563	556	547	553	555	556	555	560	563	548	564	558	560	569	554	558	557	555	566	564	552	565	565	566	559	553	568	551	565	558	562	553	565	570	576	3565.76185
561	553	551	561	567	565	568	558	548	558	552	565	555	563	557	551	576	557	554	566	558	547	557	565	557	563	573	562	567	556	557	567	557	566	562	572	553	545	575	545	556	562	563	568	568	560	556	558	559	566	571	562	555	574	552	560	563	569	571	563	571	555	583	567	561	546	560	570	561	580	553	572	554	568	560	554	566	560	555	555	553	552	549	557	572	562	562	553	565	570	546	550	553	572	558	555	3566.594816
562	574	558	565	553	555	557	565	559	565	564	565	570	555	560	552	561	558	546	555	562	546	550	559	569	576	571	571	550	570	564	556	556	564	564	557	564	564	558	557	558	552	566	553	556	566	569	556	562	551	569	571	537	549	563	554	569	565	564	557	573	562	569	569	546	549	563	551	572	564	554	560	566	565	551	556	547	546	551	563	540	554	548	565	563	556	559	559	582	553	561	539	559	548	570	548	3567.427631
581	558	556	555	562	565	559	572	562	559	574	547	564	558	567	566	550	544	556	540	556	566	557	562	576	573	575	562	564	547	558	575	558	564	553	573	537	562	564	552	563	560	557	569	551	550	551	554	572	550	565	552	559	576	570	563	560	562	543	550	555	551	566	565	560	563	562	554	569	552	580	581	552	561	548	552	563	576	561	570	557	563	570	568	556	578	545	538	560	566	562	570	556	541	555	549	3568.251884
554	548	560	567	551	545	572	561	568	564	558	572	566	556	560	564	577	559	565	571	549	550	548	568	554	564	567	559	540	563	549	565	555	562	565	559	564	558	558	564	579	550	546	558	529	553	570	561	564	560	553	561	560	571	557	553	551	555	561	561	561	566	551	562	552	559	556	545	561	549	556	547	560	556	560	557	561	558	561	558	567	556	565	562	562	560	556	563	542	555	544	557	574	567	567	565	3569.084398
563	547	567	555	555	570	553	535	567	555	548	557	545	556	558	569	553	562	561	564	583	561	565	550	568	554	565	561	550	559	550	560	561	560	568	551	551	559	550	571	558	553	559	573	560	553	548	566	544	558	556	549	548	565	563	563	553	571	557	565	552	548	554	562	551	571	553	563	562	547	552	553	550	561	580	576	565	556	578	566	565	567	560	565	566	563	551	545	561	553	555	546	542	559	561	565	3569.908354
551	558	573	551	558	562	559	562	563	569	569	570	554	560	567	565	564	547	572	560	547	557	552	548	541	549	555	566	565	562	566	541	561	558	561	548	561	558	554	559	555	560	569	560	547	553	557	562	555	560	558	552	551	557	564	574	570	569	573	566	559	579	560	563	555	561	553	543	551	547	565	549	556	555	552	572	551	563	571	547	553	549	561	550	556	560	559	553	558	559	565	564	556	562	566	564	3570.740567
554	552	559	556	555	556	559	558	562	564	546	556	556	549	544	564	563	562	571	568	570	572	547	553	560	553	553	550	545	546	553	554	549	562	561	566	571	552	558	555	545	553	551	562	562	547	558	553	550	577	567	565	570	563	558	568	548	568	557	557	557	555	554	559	569	555	555	589	557	573	552	546	562	575	572	562	551	565	556	559	550	571	572	560	558	568	550	548	563	559	567	553	551	543	554	549	3571.564225
546	561	564	564	567	554	553	563	558	550	555	553	559	565	560	563	557	564	554	554	562	558	564	544	562	568	564	569	550	552	551	567	544	553	557	566	555	554	554	558	551	557	551	559	540	560	562	551	548	561	557	551	553	560	553	545	550	559	540	544	556	560	553	567	561	560	545	548	573	566	556	566	569	541	548	559	550	562	561	555	563	552	552	557	559	565	546	555	541	559	560	559	555	561	556	545	3572.387735
550	557	582	542	567	543	559	561	568	579	555	563	563	543	567	559	556	563	556	561	557	568	549	553	552	551	555	540	566	565	558	553	552	569	552	566	550	565	541	572	565	548	548	569	576	545	559	565	556	541	545	543	567	556	552	557	561	560	559	550	565	546	551	557	569	546	565	554	565	551	553	563	554	560	571	554	557	559	554	557	558	559	563	550	566	547	569	548	558	569	577	569	579	559	551	567	3573.211097
565	542	558	559	547	549	571	548	569	550	543	565	558	557	560	563	558	545	549	552	539	559	550	556	553	562	560	545	569	548	554	557	545	569	573	548	539	563	563	551	548	543	564	550	541	556	563	568	552	554	555	554	562	548	559	549	552	558	558	559	555	556	546	561	561	545	557	554	560	557	557	546	542	566	567	561	550	550	574	543	560	555	565	557	552	554	551	547	549	560	557	570	540	554	555	552	3574.034311
559	541	560	550	570	547	549	550	565	549	563	550	557	558	559	550	549	552	561	553	558	542	562	556	552	567	563	566	565	567	557	566	531	565	549	556	552	565	563	549	567	552	570	553	556	559	563	559	546	550	550	549	546	563	547	538	551	559	567	564	556	553	545	553	543	565	545	554	553	556	548	545	559	546	551	548	567	551	563	554	552	565	564	554	544	565	559	558	559	561	564	552	553	535	562	547	3574.857378
548	551	559	547	568	566	565	570	563	557	550	549	572	566	550	553	561	553	570	532	571	539	542	563	555	561	560	550	545	556	541	557	571	566	562	558	549	567	557	537	565	558	560	556	557	547	563	560	552	567	550	571	550	552	557	565	549	553	543	553	560	547	560	560	558	548	549	560	539	560	549	543	553	555	541	552	582	553	553	552	551	548	535	558	554	558	563	543	561	561	549	543	547	562	560	553	3575.680296
552	536	542	550	551	562	564	554	547	561	573	555	553	571	547	557	555	560	563	556	565	553	571	561	553	545	555	562	553	542	548	558	557	534	548	552	557	562	555	557	551	563	548	558	541	560	559	558	563	551	545	563	552	538	556	564	556	570	536	551	558	548	549	563	565	555	562	558	559	538	549	566	560	555	555	564	553	533	555	555	560	587	551	536	556	568	553	563	553	564	553	552	567	550	541	552	3576.494672
541	551	560	555	552	560	552	578	552	552	566	561	559	558	548	567	556	549	546	560	572	552	548	540	556	567	563	558	552	553	546	563	555	562	545	549	557	565	565	544	558	567	555	561	564	550	557	557	569	551	537	555	560	563	564	557	563	545	538	557	558	550	555	561	556	552	555	568	558	553	548	554	550	553	559	559	560	572	557	548	538	548	566	556	557	546	568	548	552	555	548	553	561	559	549	550	3577.317297
542	551	556	563	571	557	558	557	551	558	567	556	548	549	562	544	561	554	549	548	548	555	563	563	551	553	551	538	554	566	537	555	550	562	545	555	551	548	556	547	546	558	571	562	543	561	575	535	559	557	557	560	558	554	539	545	548	553	544	567	575	548	566	565	535	552	563	551	567	549	555	542	563	549	548	567	554	557	535	558	558	544	565	553	557	554	556	565	550	561	563	551	567	549	554	556	3578.139774
557	558	592	552	558	555	559	551	562	551	553	551	541	544	553	569	556	554	563	544	562	554	555	557	552	549	546	558	559	549	557	538	550	562	562	555	560	546	558	563	561	548	553	556	559	548	562	563	558	561	555	559	568	554	562	557	547	545	551	560	562	552	540	552	560	552	568	565	559	561	554	551	550	558	557	543	550	578	552	537	564	576	568	546	551	564	545	570	565	565	560	549	548	547	563	552	3578.953712
559	558	549	553	563	548	546	556	548	557	547	565	560	537	547	553	552	553	560	566	556	551	553	562	548	547	552	545	557	549	548	558	574	549	548	553	562	557	571	572	559	556	558	565	560	551	566	560	561	553	560	573	546	547	553	557	546	558	551	556	549	540	556	562	540	555	567	553	557	551	545	560	559	559	558	572	550	550	533	559	551	546	554	543	564	560	564	553	554	577	562	553	547	549	554	555	3579.775896
552	552	543	565	562	559	544	557	555	551	543	557	558	558	560	552	550	547	552	554	554	551	548	554	558	551	548	574	554	557	569	547	549	562	553	572	559	564	563	556	568	542	538	557	559	553	551	555	555	546	560	549	541	536	558	557	545	546	546	537	545	550	565	544	549	549	540	550	559	556	551	559	551	560	548	549	564	562	539	554	551	554	565	553	554	546	546	550	554	542	549	547	576	550	540	547	3580.589544
561	558	564	566	558	552	549	557	558	547	552	550	555	555	550	549	555	543	557	556	545	574	547	560	544	558	552	552	550	567	571	563	560	537	554	560	564	567	555	546	559	567	582	556	554	558	561	557	564	549	556	559	555	555	546	551	553	538	554	560	538	532	563	579	554	543	557	549	549	551	541	548	547	576	554	556	544	578	560	555	566	562	571	550	542	559	566	569	544	558	537	569	558	557	558	538	3581.403047
544	551	561	559	559	547	544	556	559	561	552	543	545	561	561	553	551	541	559	543	555	546	554	555	562	562	539	552	551	575	551	538	551	554	545	558	551	551	548	551	554	549	542	570	539	552	561	553	546	546	555	553	540	548	542	544	559	546	554	546	542	552	549	558	567	568	547	558	550	554	537	550	561	558	544	541	561	558	543	555	563	555	547	535	560	549	556	556	552	548	561	560	563	556	561	566	3582.224791
543	546	544	537	533	555	548	549	551	553	552	545	539	553	537	556	550	560	536	542	548	542	547	553	536	544	544	553	529	545	553	557	546	548	555	550	561	535	575	555	560	547	567	552	540	567	560	555	559	560	561	555	557	550	558	551	536	543	558	563	553	544	550	547	564	565	554	547	541	537	547	543	540	549	563	565	554	548	556	549	553	554	554	537	553	557	550	554	548	542	554	555	561	556	547	557	3583.038004
568	553	552	555	548	582	545	544	542	544	546	552	527	566	553	558	542	547	554	558	563	551	544	551	556	534	547	562	541	543	560	559	546	544	546	544	555	550	548	544	545	535	561	557	548	559	563	544	544	559	559	554	551	557	549	556	563	553	557	561	545	546	549	561	558	566	552	535	556	545	565	553	545	556	545	549	546	548	549	552	553	540	571	563	561	567	557	560	542	543	555	543	554	542	564	552	3583.851073
552	542	546	551	562	544	560	549	559	561	547	554	552	551	565	551	540	561	552	544	546	555	541	556	545	538	566	562	556	556	548	539	540	548	563	548	561	556	548	559	554	544	544	553	543	550	560	557	554	534	568	548	554	552	559	557	517	538	562	538	550	552	526	551	531	541	547	558	557	562	544	549	559	565	542	550	560	548	554	554	561	558	555	555	550	544	533	537	527	550	552	553	541	542	546	543	3584.663997
546	547	547	546	539	555	556	538	552	553	550	556	554	542	546	558	550	554	541	540	546	550	547	541	549	557	534	540	550	559	561	541	551	546	552	540	558	543	541	556	555	550	546	544	549	558	562	552	563	539	550	551	556	564	560	557	546	561	546	542	540	553	555	541	551	543	547	556	544	560	558	557	559	552	547	559	549	543	559	549	543	552	560	555	561	549	555	543	543	547	555	563	553	551	547	554	3585.476777
550	555	560	577	549	554	559	544	543	535	539	544	560	545	546	544	548	543	552	545	553	544	559	542	547	547	563	555	544	554	525	537	545	552	536	543	560	552	546	536	546	556	565	546	556	546	546	544	553	554	551	545	551	557	542	552	551	547	552	555	559	560	551	541	556	537	546	551	569	549	566	553	550	548	544	535	548	560	555	546	558	537	556	551	549	549	563	532	534	549	560	553	539	551	555	561	3586.289412
556	569	545	559	538	547	542	543	533	565	572	541	562	550	538	559	555	565	558	557	556	564	554	546	541	562	534	563	539	522	554	540	547	538	550	555	565	563	554	542	549	563	557	562	547	565	557	549	554	551	538	552	564	540	544	559	553	550	554	551	549	564	551	560	551	548	550	562	543	545	554	548	539	541	561	546	555	555	562	546	548	563	560	555	547	541	554	560	558	553	549	548	551	539	547	551	3587.093528
556	554	547	526	546	556	541	548	552	544	552	557	557	537	539	536	561	551	544	556	560	562	553	543	556	553	557	548	546	554	548	549	533	555	540	537	564	547	555	523	550	546	558	563	554	552	547	542	562	547	565	540	545	562	548	555	540	552	567	537	548	543	553	552	538	548	542	548	559	543	556	549	525	561	551	557	549	553	546	540	553	555	539	551	546	563	545	551	553	551	560	541	544	553	538	554	3587.905877
553	566	551	544	543	545	551	562	546	549	568	548	537	556	545	540	547	556	543	549	561	546	540	527	547	554	547	541	551	542	548	548	542	551	543	547	541	547	550	567	530	540	544	558	542	542	544	546	548	536	538	547	561	548	542	539	559	556	544	546	549	539	534	554	536	542	544	549	542	551	554	550	548	540	547	544	524	554	557	561	550	545	551	547	543	554	545	545	532	538	545	544	552	552	546	558	3588.718081
543	558	552	545	550	562	543	535	521	546	550	543	566	551	546	557	551	567	541	558	547	565	545	549	545	528	540	547	547	546	555	551	544	535	546	542	547	535	533	541	572	537	547	553	543	559	561	557	556	556	536	544	552	543	538	539	553	553	553	542	546	550	558	560	540	531	548	546	548	552	545	545	545	543	543	539	548	540	528	549	551	552	560	561	563	547	550	551	557	546	540	548	559	542	547	539	3589.52177
534	565	549	558	538	546	548	547	552	533	555	542	542	537	532	537	550	551	551	557	534	560	546	553	544	563	541	562	548	549	552	535	541	540	535	549	532	549	544	549	545	560	540	555	542	553	557	545	545	540	546	540	526	554	529	555	568	534	563	540	568	558	549	535	541	533	553	544	536	548	544	539	551	537	540	556	554	543	543	543	540	545	552	534	545	547	539	544	548	558	541	542	557	542	558	541	3590.325318
546	549	531	537	548	551	532	548	545	547	551	547	549	549	538	543	551	558	548	539	544	566	554	551	549	550	559	555	554	533	562	549	547	554	574	536	553	546	547	542	541	550	570	558	548	552	543	547	526	543	542	553	552	550	546	552	547	550	549	544	564	553	543	541	546	536	560	558	553	565	535	550	545	535	557	552	545	545	552	552	548	548	544	546	548	541	557	555	555	543	534	523	562	552	538	540	3591.137093
551	548	546	549	557	540	545	539	546	532	557	553	533	546	546	550	537	548	533	549	561	548	546	551	541	556	549	547	554	672	546	544	559	535	552	547	545	549	548	545	554	541	549	545	547	555	551	539	550	536	537	563	550	535	552	540	560	561	546	558	559	539	544	547	550	552	545	549	548	555	546	545	536	550	563	545	564	543	557	537	541	565	546	558	539	547	555	553	547	538	562	547	549	545	548	547	3591.940358
556	548	544	555	552	546	542	544	538	544	540	550	557	554	546	541	546	550	543	555	555	551	543	549	543	545	555	536	541	4332	540	561	554	543	541	541	555	560	543	556	544	542	538	559	535	537	536	549	552	549	529	534	541	543	545	549	540	551	554	544	537	541	557	547	550	538	546	537	546	550	557	548	537	560	542	546	548	551	540	548	537	565	552	551	548	578	537	541	544	553	538	552	555	544	545	547	3592.743481
556	564	549	546	549	536	554	556	545	555	538	554	565	548	554	526	548	555	552	534	551	548	564	554	554	547	546	545	543	752	547	548	552	561	549	547	545	543	564	542	541	550	545	560	545	549	545	542	568	551	546	559	530	532	547	525	560	548	540	555	552	551	558	548	547	540	552	560	559	550	549	551	556	550	547	561	549	548	546	546	541	562	559	551	559	558	549	558	543	575	547	561	552	548	561	547	3593.546463
546	545	552	563	539	548	546	549	556	551	550	552	537	549	545	539	547	518	556	546	538	546	552	559	558	546	542	555	576	551	547	536	545	534	539	565	544	550	551	537	555	550	555	554	543	533	556	545	558	566	555	548	534	564	548	538	539	533	535	537	541	554	536	565	547	539	545	553	548	539	558	548	544	560	549	558	545	549	539	546	546	542	561	554	558	550	551	563	548	558	549	550	545	561	537	538	3594.349304
541	539	559	552	545	537	543	553	549	554	552	550	556	542	549	548	560	555	544	556	553	547	539	561	553	549	553	541	545	541	550	554	545	549	519	538	539	548	555	553	541	546	551	552	525	565	542	553	533	557	554	539	547	550	538	531	548	548	538	547	547	542	550	545	538	542	555	539	534	540	546	545	542	558	533	549	548	533	545	536	546	550	550	548	551	546	549	550	547	543	546	550	557	547	533	567	3595.152005
550	527	544	538	552	542	546	549	557	551	543	548	544	550	545	544	548	557	538	544	544	549	544	534	571	543	544	555	554	555	555	554	536	553	532	544	546	549	528	559	544	551	556	555	535	555	545	536	546	522	549	553	558	541	549	532	541	552	562	536	555	553	551	549	555	537	547	547	543	552	549	567	551	553	549	549	532	538	531	553	551	546	547	546	547	550	544	543	564	548	549	548	551	547	564	554	3595.954564
538	551	564	545	555	557	544	540	538	549	546	549	538	564	538	541	559	545	548	525	540	559	559	556	527	548	550	553	538	545	534	559	558	553	558	563	536	549	544	545	539	540	547	560	548	544	552	555	552	540	551	557	550	539	547	548	548	536	531	541	553	555	554	564	549	555	532	551	552	545	545	563	538	546	551	549	543	556	549	550	553	544	543	548	552	554	548	548	546	544	554	548	543	553	542	552	3596.756983
542	553	540	552	546	561	560	561	551	533	545	547	545	554	547	553	549	537	546	550	548	556	562	552	548	537	551	538	549	551	556	538	548	544	531	548	547	556	537	557	537	553	546	550	543	536	554	545	558	546	544	526	545	548	555	543	557	530	549	544	546	553	540	546	560	534	540	544	545	535	544	543	546	534	546	539	557	549	540	550	549	550	548	545	552	554	547	566	541	550	552	542	545	556	537	556	3597.55926
546	549	544	545	547	549	555	536	541	559	538	542	544	551	562	545	547	548	540	563	551	538	530	569	554	555	535	540	555	545	534	545	539	546	548	555	555	543	545	560	543	538	540	542	538	540	550	567	544	553	541	549	551	544	546	538	542	538	541	538	536	544	555	553	547	535	538	552	549	550	546	547	547	543	539	549	549	538	559	553	542	563	545	545	544	548	545	529	550	552	547	557	543	546	540	537	3598.353043
543	549	553	543	551	542	534	542	541	548	542	545	531	552	557	550	553	537	533	549	546	547	554	552	533	552	542	547	556	545	538	543	552	535	550	545	552	549	562	537	532	547	542	545	558	539	529	538	534	544	538	545	548	554	554	544	546	551	555	535	552	530	534	565	538	554	547	545	549	542	541	542	552	536	551	534	539	532	542	537	553	543	551	554	549	549	539	543	553	533	529	558	542	549	539	556	3599.15504
536	555	559	541	529	543	542	539	556	554	543	545	554	543	542	552	566	546	553	538	540	572	546	536	543	544	547	544	542	544	544	534	553	549	545	563	545	547	552	553	549	541	548	544	573	537	546	549	556	543	550	542	550	546	550	545	556	550	529	547	545	544	545	552	535	531	553	544	560	547	552	544	546	558	553	528	544	545	539	556	547	540	557	553	540	553	535	536	553	540	560	553	547	541	549	539	3599.948545
549	547	534	550	548	536	556	540	552	545	548	547	532	540	540	551	541	540	553	551	542	533	547	533	556	549	541	560	545	553	546	555	549	567	554	533	562	543	537	550	545	546	543	554	551	548	532	543	530	547	536	565	536	547	542	545	554	545	536	537	537	557	542	560	539	539	539	557	567	538	552	553	533	549	528	565	543	543	549	538	554	547	533	547	553	560	547	553	553	556	538	554	548	543	541	546	3600.750263
560	536	538	556	546	544	537	549	528	547	543	546	547	555	558	542	545	544	554	546	553	535	551	552	544	548	530	534	542	546	545	534	535	541	543	550	514	548	548	536	535	544	521	545	533	539	542	540	554	548	547	537	550	541	530	548	554	533	546	540	556	564	540	541	537	538	534	553	549	532	530	549	551	549	549	533	552	538	548	567	545	538	537	547	554	535	539	538	538	542	548	543	546	551	555	546	3601.543491
558	553	530	554	533	549	549	552	556	543	544	570	545	539	542	543	559	525	551	552	542	554	531	534	543	557	538	549	547	559	542	538	552	544	531	530	544	534	555	552	560	540	541	539	541	565	560	545	529	518	561	528	529	538	549	538	541	537	551	543	537	551	541	548	553	540	552	547	550	545	547	529	542	535	561	546	550	538	548	546	556	545	567	543	550	545	547	537	542	556	526	550	556	544	530	537	3602.336581
541	539	553	542	555	546	551	542	536	549	532	528	549	545	546	542	542	542	550	554	541	545	539	553	546	528	550	538	538	542	541	531	538	533	550	540	550	542	545	552	526	558	551	539	529	553	546	550	543	543	558	541	547	542	545	535	552	537	555	542	548	549	558	540	537	544	537	549	524	549	558	545	534	552	540	549	532	545	556	551	542	542	538	543	532	557	538	543	543	539	560	556	547	547	541	540	3603.129534
535	546	540	541	543	544	539	544	541	534	544	541	545	535	544	548	546	548	539	544	539	542	557	543	553	544	545	526	540	537	536	541	551	548	545	539	547	535	545	542	540	552	530	550	540	535	535	552	554	549	546	553	545	535	535	554	546	564	535	546	543	550	556	545	532	542	539	548	1360	538	539	522	544	566	542	528	535	539	547	524	539	542	540	538	553	539	534	544	548	541	539	547	521	551	553	544	3603.922349
533	546	537	551	544	540	553	527	545	541	550	554	536	546	547	531	558	541	544	542	544	537	545	534	534	546	554	547	552	554	541	536	550	543	558	547	551	537	550	551	563	549	555	544	556	540	550	535	538	537	552	542	543	537	538	543	541	539	541	557	544	543	544	541	544	538	535	546	1983	535	551	535	544	549	533	540	543	547	529	534	549	539	551	537	538	548	552	539	541	552	547	552	549	568	537	535	3604.715026
549	540	533	543	536	529	539	552	547	544	544	539	546	528	543	539	538	532	546	543	536	556	545	534	534	547	543	543	557	535	548	547	551	527	533	548	540	543	537	548	548	543	540	564	540	544	541	549	536	545	559	537	550	540	534	542	534	550	548	524	535	566	539	547	542	545	549	534	540	547	546	543	522	542	549	563	536	533	557	543	533	545	538	546	543	541	529	552	531	541	536	548	549	539	542	537	3605.507566
542	537	541	534	540	554	550	540	548	541	542	557	539	556	536	542	534	547	532	550	546	542	556	554	558	545	541	549	546	541	542	531	547	526	537	537	549	538	541	548	534	535	542	546	536	542	536	531	549	550	534	551	533	542	539	540	551	531	537	536	545	543	550	544	542	541	542	544	547	533	548	556	545	550	541	546	551	539	547	537	549	542	527	536	555	553	538	539	543	556	543	542	547	551	527	554	3606.299968
530	547	536	543	543	536	547	539	540	540	536	536	536	552	532	525	542	541	536	537	543	535	542	544	526	544	543	533	535	531	536	548	535	550	540	540	533	527	528	547	547	546	537	548	535	535	542	548	528	535	537	549	542	534	533	541	538	553	539	542	530	544	553	556	540	556	553	540	549	536	546	527	551	548	544	553	542	529	541	545	544	550	539	560	537	534	555	542	540	534	536	540	546	536	539	549	3607.092233
560	545	531	526	542	535	537	545	542	552	538	552	537	537	552	536	535	541	533	562	541	527	543	553	539	553	531	538	544	540	542	538	547	554	547	545	543	540	534	530	534	542	543	550	543	557	559	543	540	548	537	546	552	562	534	538	529	533	542	541	548	524	556	518	543	533	542	559	544	540	542	544	546	546	549	536	551	541	531	531	547	532	543	542	543	557	538	526	543	545	546	532	535	544	548	540	3607.88436
541	541	547	546	552	538	560	541	542	531	550	539	539	542	536	534	537	553	542	523	553	532	535	533	553	536	533	526	528	539	528	538	540	538	541	537	529	545	533	547	528	551	535	536	552	526	543	532	539	543	538	515	543	531	529	541	541	545	541	555	550	541	534	533	537	543	531	533	533	542	540	544	553	559	544	532	532	541	545	549	535	551	544	547	545	539	542	538	536	544	538	526	543	547	537	569	3608.668014
532	533	536	542	547	547	529	556	551	557	549	526	535	541	544	542	542	529	540	531	534	544	537	529	531	545	529	554	531	537	534	529	540	541	530	527	530	547	535	520	548	540	540	527	542	542	535	558	525	543	536	541	542	534	535	549	557	535	552	536	536	550	531	546	533	523	552	527	523	540	526	542	542	526	543	546	551	554	525	567	538	544	536	544	531	555	539	553	543	535	542	556	525	536	540	541	3609.459868
530	529	537	546	534	530	549	551	540	532	528	533	532	548	520	545	537	554	535	542	526	535	528	545	538	538	545	540	539	548	547	541	546	547	532	538	532	527	541	522	529	565	543	549	553	540	534	531	544	538	546	543	550	536	530	528	541	546	534	537	551	543	552	538	538	547	536	537	541	535	545	543	547	531	531	555	564	547	540	537	536	539	528	545	551	541	549	531	537	533	545	534	540	541	552	550	3610.243252
545	553	545	557	559	533	534	534	541	539	538	547	535	547	534	528	550	545	536	539	541	529	530	535	541	544	554	538	545	549	546	544	544	526	563	537	557	527	547	545	544	539	545	519	544	554	541	542	524	537	532	519	540	549	543	542	544	535	536	537	532	554	553	554	546	539	540	545	524	545	551	547	534	548	550	537	543	524	539	530	551	552	536	542	543	537	560	545	543	547	532	534	537	534	547	536	3611.026501
552	537	541	535	540	559	536	539	533	534	544	529	532	547	549	537	536	544	544	549	544	553	526	550	547	532	546	539	537	530	531	536	549	533	522	542	536	534	545	527	539	539	536	547	531	546	545	539	553	528	540	561	535	537	533	539	549	544	534	530	529	514	534	544	541	542	546	548	534	539	546	540	550	544	547	539	546	528	551	543	532	543	542	544	541	547	540	555	535	535	532	547	552	558	538	558	3611.817946
545	545	534	555	537	536	531	538	530	536	539	549	537	530	540	527	531	535	532	519	547	539	522	527	534	541	542	537	520	543	545	533	534	545	552	533	544	537	539	530	547	529	543	534	539	534	531	550	536	542	536	546	538	542	550	536	524	547	546	545	535	545	536	539	528	555	545	536	538	542	527	534	543	527	530	544	531	529	550	531	543	544	537	554	527	544	538	520	521	541	544	537	528	539	535	533	3612.600925
556	541	529	539	537	540	535	537	543	538	528	536	558	537	531	534	539	546	533	538	542	538	531	542	545	542	544	533	537	541	529	538	542	539	539	540	529	535	538	542	533	532	551	532	541	552	556	544	543	548	537	551	548	540	540	537	541	543	528	539	537	539	533	529	542	538	535	531	536	545	544	532	537	552	542	531	543	539	541	527	525	546	540	537	540	536	527	539	540	540	537	538	551	539	543	527	3613.38377
534	532	540	535	547	522	541	536	540	539	544	537	535	541	549	545	546	542	543	515	538	535	540	540	543	549	541	545	533	538	552	539	548	539	545	541	541	540	539	549	544	536	547	545	537	532	521	538	538	541	551	533	538	539	549	540	536	550	538	537	542	537	544	537	539	524	544	543	539	549	552	539	531	547	531	548	533	536	535	535	539	540	551	528	537	550	513	530	539	539	507	540	550	556	540	549	3614.16648
549	541	533	531	536	546	547	537	528	523	541	546	535	523	534	533	542	542	544	533	544	547	537	542	534	526	531	542	522	532	531	552	524	536	543	526	540	547	538	539	524	540	542	543	544	534	548	530	529	533	528	530	535	525	541	535	539	523	525	530	538	537	532	539	533	535	548	543	534	542	541	548	537	537	531	551	531	532	528	540	540	555	540	539	530	527	534	533	530	518	544	537	536	528	548	523	3614.949056
530	542	539	534	538	544	537	531	528	530	538	537	541	537	524	537	526	536	556	559	540	536	535	542	537	547	542	533	547	526	538	532	550	546	533	535	538	533	543	539	541	529	527	540	542	540	544	549	544	536	536	534	542	544	533	539	538	527	543	535	531	550	539	524	535	527	543	548	542	545	528	546	524	537	535	542	533	535	538	539	534	544	539	551	531	550	542	532	538	528	536	537	525	549	541	539	3615.731498
548	551	551	539	543	543	530	538	531	542	516	543	544	547	543	543	537	540	542	533	546	528	530	532	551	551	547	525	540	529	538	539	531	543	537	541	543	542	546	529	536	550	535	533	547	525	540	541	543	533	532	540	542	543	530	539	534	556	539	536	542	537	539	528	548	545	543	541	545	529	534	538	552	531	536	541	554	561	550	524	539	539	513	550	546	529	541	538	548	542	539	537	534	530	550	532	3616.505484
534	546	542	538	534	540	549	522	528	535	533	544	534	537	528	546	524	535	538	539	553	536	524	531	532	535	536	538	530	527	522	542	540	546	539	554	522	525	540	541	550	550	545	533	535	529	546	539	542	537	543	545	544	542	531	524	557	536	545	528	530	538	538	555	542	544	536	535	541	548	535	543	543	534	530	545	543	549	537	539	535	532	541	543	541	541	528	532	532	538	536	544	546	541	527	542	3617.287659
543	532	537	535	534	536	553	537	547	532	539	531	559	542	536	538	555	538	533	528	541	516	541	531	536	544	530	534	530	545	529	525	547	540	523	544	534	549	530	537	536	534	555	554	547	547	545	550	525	534	544	539	527	540	539	535	538	552	531	552	545	537	545	531	540	539	534	538	525	542	531	536	536	540	527	539	548	532	534	536	531	538	536	552	530	525	540	546	545	547	547	527	534	534	539	537	3618.0697
528	533	540	528	537	538	543	537	534	529	540	520	542	549	538	545	546	531	528	536	543	529	546	546	544	540	527	543	544	544	546	539	537	533	535	556	535	532	534	542	538	529	532	524	529	542	546	525	549	540	539	537	547	539	540	530	538	544	543	534	543	546	539	543	523	534	538	533	542	533	542	541	543	540	548	541	547	536	535	540	540	545	543	547	527	558	551	525	537	531	542	536	534	541	535	537	3618.843289
538	537	549	534	543	532	526	541	535	534	537	550	529	534	535	536	548	539	545	525	541	547	540	543	527	548	530	542	546	549	532	518	542	537	524	541	536	540	537	543	546	554	523	540	531	535	545	541	532	557	534	534	540	541	544	534	536	538	545	534	544	532	541	543	525	524	523	544	538	530	543	512	536	541	537	545	538	554	534	544	533	532	547	523	535	533	530	553	540	536	539	544	549	538	542	538	3619.625063
536	538	545	545	529	536	536	528	540	525	532	548	546	527	536	541	533	537	541	542	541	539	532	539	541	530	533	529	532	540	526	542	547	539	534	561	534	541	532	531	541	532	534	533	544	528	534	534	547	539	538	539	535	522	543	525	541	528	541	537	530	543	541	549	544	540	527	532	542	540	530	525	534	544	558	525	533	546	538	548	531	550	530	541	541	539	527	539	533	527	536	541	536	536	531	541	3620.398388
530	540	535	530	545	539	532	533	540	540	534	529	539	533	543	536	550	542	534	543	540	546	557	538	545	524	558	550	539	540	532	544	527	532	536	532	545	533	539	518	529	539	528	548	534	529	547	527	542	543	522	528	529	526	542	536	546	529	531	536	542	533	547	545	538	529	542	531	531	545	532	534	532	528	529	531	541	540	537	526	538	534	543	532	545	531	540	531	546	530	532	546	536	538	526	544	3621.171583
526	532	538	539	535	525	535	530	517	536	534	528	535	537	544	539	539	539	528	539	531	539	529	528	530	534	545	537	535	558	526	539	524	534	530	536	535	528	532	539	536	540	555	537	531	547	548	524	522	535	539	531	535	530	543	531	537	538	538	543	531	534	530	534	538	545	532	541	543	548	540	542	547	545	521	535	538	539	532	528	534	540	540	525	544	530	544	550	546	544	527	538	534	533	543	549	3621.952958
539	533	524	540	533	538	539	541	544	530	537	544	535	554	557	544	547	546	525	543	544	547	535	532	538	531	531	537	533	536	540	539	525	545	536	523	537	542	540	542	542	546	538	547	531	535	540	544	526	532	532	526	534	527	533	534	549	541	529	536	542	529	544	530	528	527	537	544	543	531	536	534	538	544	541	532	529	532	544	525	536	544	526	537	550	533	526	531	541	543	537	531	539	541	538	521	3622.725888
540	544	536	537	548	536	530	544	561	538	535	534	545	528	531	520	540	538	543	548	528	535	528	538	540	526	543	550	543	543	525	543	550	545	546	531	532	545	530	532	525	523	532	533	534	529	535	533	538	535	538	529	531	542	548	543	535	546	537	542	550	533	548	529	529	545	540	543	544	535	549	539	521	543	519	535	535	531	541	528	537	531	538	537	534	542	548	540	539	526	541	527	535	531	538	544	3623.498688
543	533	550	531	530	544	540	537	533	538	552	538	533	544	544	521	532	533	535	531	536	536	530	534	543	534	542	539	541	539	540	538	543	536	543	537	526	528	542	528	552	548	525	536	543	535	529	535	549	536	538	546	546	530	537	543	522	533	531	536	544	529	550	536	540	529	538	524	528	545	519	550	529	543	529	534	532	534	528	538	535	543	533	533	538	544	531	535	531	548	536	549	542	536	532	538	3624.271357
533	517	530	521	546	544	539	544	539	535	547	540	530	536	543	541	528	542	532	540	547	542	530	533	538	541	539	539	532	537	546	526	540	544	531	534	534	554	531	541	539	516	527	540	532	533	538	527	527	533	536	543	522	529	534	529	531	536	525	532	524	528	550	530	529	531	539	536	530	537	532	529	542	530	527	539	534	552	532	550	546	530	539	536	525	534	527	532	547	540	539	525	536	536	533	530	3625.043894
540	2726	533	528	535	538	530	544	532	533	525	526	529	547	530	547	531	536	521	541	545	551	524	548	537	518	534	532	534	534	538	529	517	533	533	524	535	531	529	543	528	537	540	542	541	547	546	538	533	549	541	530	545	530	534	535	533	533	560	537	539	529	536	536	530	543	527	548	539	540	534	528	537	523	527	525	533	521	526	534	531	532	525	528	531	523	527	542	538	547	523	527	540	533	524	533	3625.807996
538	2170	543	537	537	534	551	544	543	544	538	535	534	534	557	527	540	535	543	536	537	529	514	533	539	542	532	521	523	526	537	519	538	535	535	533	543	542	535	547	533	536	527	543	538	534	542	548	529	531	536	536	537	537	538	534	539	540	532	537	544	534	528	540	542	542	543	530	527	539	541	528	517	552	543	539	548	542	535	531	534	521	543	535	538	529	563	527	539	547	545	531	538	542	530	538	3626.580273
525	542	535	551	529	537	548	545	527	525	528	540	534	529	528	537	535	539	523	541	529	547	532	543	539	528	541	519	538	545	540	543	525	527	540	540	537	551	529	535	534	539	540	549	530	529	527	539	535	537	549	530	533	536	546	525	532	529	533	530	536	543	546	541	538	525	535	525	519	536	539	540	513	535	538	537	540	551	550	536	532	544	537	531	539	544	527	537	542	538	539	533	532	541	529	532	3627.35242
526	541	538	528	530	536	533	523	553	545	539	535	535	527	534	537	534	541	533	535	530	518	521	536	535	527	527	529	532	531	533	542	539	535	534	521	536	530	536	540	534	531	541	533	544	527	556	518	539	534	534	538	532	533	537	535	530	536	523	523	540	548	523	528	535	537	536	546	529	529	534	532	532	545	539	542	539	523	539	528	538	528	517	533	536	534	533	540	541	533	542	525	524	540	537	534	3628.116135
531	535	530	524	547	550	544	538	533	534	539	534	536	527	534	542	548	535	543	522	538	541	526	537	544	541	545	533	536	530	537	528	536	536	523	549	529	533	533	540	529	536	524	541	551	518	532	542	526	533	545	531	535	536	538	532	535	531	531	537	528	543	533	531	542	523	522	535	531	544	529	526	540	541	536	533	539	531	545	536	534	540	529	540	523	528	527	543	542	541	535	524	539	545	530	540	3628.888021
529	537	531	530	550	541	525	545	523	544	529	536	537	529	531	539	523	521	530	532	543	534	530	525	534	539	524	532	525	528	537	530	544	549	526	532	546	534	510	542	538	541	524	529	550	535	534	529	526	537	541	537	528	542	534	539	524	536	548	534	523	537	530	523	543	534	512	527	538	535	533	532	531	536	538	537	528	537	534	545	549	532	539	542	543	527	535	534	525	525	525	533	541	520	529	541	3629.651478
529	529	539	522	525	534	547	522	514	538	533	534	522	518	536	548	522	547	527	528	518	529	545	529	540	533	530	539	526	534	534	532	542	537	528	519	533	533	551	547	537	539	533	531	534	538	528	532	526	530	522	524	541	533	540	535	537	519	534	531	539	511	544	550	523	529	540	512	523	544	525	542	548	529	531	539	530	526	533	527	532	542	540	536	544	527	523	529	531	543	541	524	539	549	544	536	3630.414808
542	545	534	525	541	538	548	537	547	527	531	540	528	520	554	533	537	536	528	526	543	522	543	541	535	539	527	521	533	540	522	534	527	526	527	535	542	523	546	526	554	533	519	524	539	520	537	534	538	533	522	520	537	539	528	530	539	533	536	540	523	530	535	546	529	533	544	533	550	542	542	524	526	534	516	540	532	543	535	538	539	548	534	533	512	552	532	543	544	539	533	540	539	525	544	542	3631.186305
543	533	554	534	524	516	523	536	538	541	539	550	534	532	528	527	538	525	538	532	540	535	534	539	530	531	539	540	546	531	542	533	532	542	531	533	531	540	529	537	533	533	517	527	517	528	545	540	533	536	538	528	525	522	527	523	539	532	548	540	542	541	544	529	541	536	535	518	529	537	537	538	529	528	525	533	525	519	541	529	529	535	519	545	535	540	524	548	531	532	524	527	533	527	541	537	3631.949377
542	526	534	528	534	542	531	523	534	540	532	532	527	537	535	534	538	533	530	532	531	538	501	542	544	532	538	526	546	539	522	521	529	524	534	516	533	527	530	515	538	523	533	540	526	522	534	535	528	540	538	548	545	524	534	539	528	552	534	545	544	538	534	538	540	527	533	518	528	530	528	535	537	515	535	540	535	535	542	537	529	537	532	535	529	531	526	541	539	541	541	540	529	539	532	533	3632.712322
521	528	529	535	537	535	513	528	534	532	534	534	537	527	528	546	524	549	529	525	551	538	540	539	547	539	541	533	529	541	526	527	528	551	533	521	535	539	536	528	536	527	528	526	537	551	551	532	529	530	534	529	513	531	516	533	536	528	532	537	529	517	527	532	520	537	543	530	542	547	526	519	538	522	521	534	539	530	531	533	536	536	532	524	542	527	545	523	512	543	536	537	540	529	539	531	3633.475138
537	540	543	528	537	536	529	532	530	527	545	521	520	523	551	530	542	535	529	538	535	539	544	524	524	524	538	549	537	544	522	540	525	535	528	536	534	527	528	535	537	534	528	541	522	537	518	544	530	519	513	531	532	530	530	541	543	525	530	538	520	536	536	530	540	533	540	544	541	529	535	543	526	526	537	551	530	528	544	532	531	538	535	531	547	535	535	526	532	538	541	531	541	535	522	539	3634.237827
523	532	533	543	528	540	520	524	528	537	531	529	533	540	544	532	522	528	533	522	535	537	538	533	529	536	548	529	538	524	519	532	523	525	541	524	535	547	521	537	528	544	535	535	530	528	533	530	535	521	506	532	531	538	544	524	534	529	538	531	541	534	536	524	523	540	531	517	532	531	518	536	536	540	536	539	531	526	528	532	523	529	537	532	516	526	536	528	527	530	525	527	527	535	534	533	3635.000388
538	528	526	548	539	529	538	519	525	523	534	524	532	524	526	528	528	544	542	536	537	530	536	533	517	525	541	522	539	528	533	538	542	538	519	519	540	522	528	538	535	535	547	523	537	528	533	530	528	525	537	535	514	525	536	524	529	533	540	531	537	527	519	524	535	524	543	533	539	535	509	528	530	534	542	534	534	521	533	526	524	518	530	533	521	527	519	525	536	527	530	528	527	532	543	529	3635.754535
544	546	536	529	527	529	539	534	529	537	519	552	543	533	528	519	542	541	533	528	540	526	533	547	539	536	551	533	534	529	524	527	519	545	531	527	533	522	537	531	529	527	529	533	540	538	514	533	520	534	537	535	535	532	534	528	523	525	522	532	535	532	531	526	533	529	526	543	533	523	528	527	532	543	527	533	530	527	528	534	532	534	518	529	537	517	538	536	538	530	533	534	538	521	542	534	3636.516842
523	528	527	521	536	529	518	530	526	538	539	538	534	531	540	541	526	539	540	536	546	539	532	531	523	534	532	532	536	529	525	537	535	540	529	530	532	530	541	529	544	545	521	536	537	535	530	517	551	535	526	538	524	539	541	545	538	534	529	535	534	546	533	528	542	536	531	533	546	532	519	529	528	532	530	547	536	523	530	537	527	524	543	523	532	535	515	535	525	539	524	538	548	538	529	537	3637.279022
527	531	534	532	521	524	526	532	541	539	523	529	530	547	519	533	527	539	536	518	524	550	533	530	519	548	536	539	544	550	536	527	537	525	538	527	527	542	527	529	527	545	518	531	539	545	529	530	526	532	523	551	526	542	528	529	531	543	525	536	527	528	541	531	531	512	534	511	551	541	539	542	526	525	543	527	527	531	551	532	543	536	539	550	529	530	517	541	541	526	532	538	532	533	539	524	3638.032791
541	534	539	530	533	533	529	533	527	525	540	521	535	537	537	540	528	522	535	527	530	550	529	534	520	534	523	536	513	529	536	538	532	537	541	537	519	545	533	532	530	532	531	526	528	525	522	526	525	525	526	532	540	534	540	528	541	537	542	523	533	527	528	530	534	534	523	528	542	525	521	533	525	521	535	539	527	546	546	529	543	526	526	528	539	531	533	527	521	519	525	537	528	525	536	530	3638.786436
520	533	542	525	517	520	527	536	532	539	533	543	530	532	502	529	534	541	518	527	533	536	532	536	532	531	534	532	521	532	536	529	525	527	527	539	540	539	532	527	522	542	538	533	527	525	545	542	544	514	530	543	504	533	525	528	533	534	524	535	547	527	526	528	521	532	529	536	527	526	521	531	521	539	527	542	516	540	530	532	527	540	531	526	514	539	522	532	529	524	541	522	538	518	533	523	3639.548235
537	536	549	516	529	531	526	529	514	532	539	543	511	528	542	531	535	527	520	527	548	541	519	536	534	516	516	523	526	525	531	526	529	519	530	543	529	527	525	540	529	541	528	526	534	521	530	526	531	537	524	527	525	519	539	541	539	535	530	526	521	531	541	536	541	511	547	535	530	546	530	527	531	509	518	540	537	529	531	535	529	539	534	533	533	539	531	542	532	524	518	537	526	526	526	551	3640.301629
534	542	526	530	530	529	539	527	524	522	535	519	525	539	534	538	521	527	525	530	533	528	539	529	540	537	527	543	538	525	522	516	535	531	519	526	524	532	529	543	523	513	530	530	526	535	528	539	548	520	548	529	531	557	522	527	515	532	529	511	520	532	513	530	531	531	532	532	540	541	540	527	525	519	523	537	536	531	534	534	532	522	536	535	529	529	513	517	533	528	523	537	527	535	528	525	3641.054898
544	521	533	538	527	536	540	536	531	518	530	531	526	534	530	525	538	544	535	532	529	521	530	541	522	527	532	528	532	543	535	533	525	521	526	526	537	529	524	545	535	534	532	541	524	532	540	523	532	525	538	523	520	538	535	524	529	534	531	529	530	539	554	531	536	531	535	521	533	540	530	542	519	532	537	535	539	537	540	531	529	542	532	531	533	537	524	545	534	525	519	526	521	525	529	540	3641.808042
531	525	519	540	541	532	524	527	532	522	528	525	523	523	521	524	525	525	537	534	538	533	532	552	526	526	534	530	525	524	536	525	537	526	523	530	535	529	541	531	534	546	534	531	535	530	523	518	528	529	521	526	535	547	516	530	532	531	521	528	525	532	528	519	538	519	522	523	537	536	528	531	527	546	526	524	532	520	534	529	530	534	531	528	528	534	531	535	530	526	532	541	516	526	533	539	3642.561061
519	535	530	533	540	521	525	515	526	530	534	539	539	522	523	535	532	538	515	531	528	535	521	538	532	549	541	518	515	526	528	537	573	517	521	532	543	523	535	530	534	536	536	526	518	529	524	554	523	526	545	517	536	527	544	537	529	537	548	533	530	525	527	530	528	526	537	525	530	518	528	523	530	522	519	531	528	540	544	520	522	545	532	551	528	522	522	530	524	537	541	531	539	527	528	535	3643.313956
527	524	519	541	541	534	537	533	532	522	519	519	528	530	547	516	542	537	538	543	539	523	519	533	534	545	538	522	514	515	532	538	1698	525	526	527	518	523	530	535	527	519	522	524	537	521	525	531	533	527	523	535	523	527	522	527	539	540	522	537	529	522	539	532	513	513	532	520	522	537	547	519	543	525	524	536	537	539	533	520	536	538	546	525	527	535	515	516	548	532	523	535	532	523	537	540	3644.066726
522	523	529	527	530	537	540	532	527	535	523	522	542	519	527	527	518	535	537	525	524	528	540	538	544	538	518	532	531	520	536	528	1681	537	525	516	540	531	523	527	534	534	532	535	537	513	535	534	520	532	531	518	528	515	525	529	536	522	524	528	532	515	532	537	531	528	523	544	525	532	533	535	533	536	528	537	545	531	551	540	548	534	538	530	536	529	532	525	524	524	540	547	554	521	528	526	3644.819371
527	551	540	533	519	538	543	536	525	536	541	540	538	545	536	517	524	523	533	554	533	546	529	523	538	525	540	531	543	543	522	541	542	519	548	513	532	533	536	544	511	523	531	525	540	528	529	527	532	527	525	535	534	517	527	532	525	524	540	544	536	524	531	536	526	538	528	528	533	519	532	528	543	536	536	550	512	539	548	540	530	534	546	518	530	523	514	523	528	525	525	525	524	537	530	539	3645.563624
535	531	535	538	539	548	542	539	528	520	512	527	532	532	532	538	543	524	533	529	539	531	548	535	532	524	536	522	534	526	536	522	524	531	526	521	530	532	529	528	537	537	540	545	534	538	525	544	517	532	542	535	521	539	536	531	526	535	534	530	535	533	539	524	543	525	535	518	533	539	537	539	537	534	538	537	539	537	510	539	523	534	529	526	529	546	528	539	538	534	541	528	537	533	524	536	3646.316021
542	536	534	521	529	515	525	531	533	530	529	514	535	530	529	515	523	546	539	544	537	526	524	534	530	521	527	534	544	536	548	525	516	528	531	526	536	534	536	529	534	536	526	526	529	534	524	522	526	529	539	538	530	539	524	520	519	523	536	525	537	533	536	524	523	539	526	541	545	532	537	541	531	525	536	530	519	528	528	532	524	533	530	545	536	528	531	542	528	523	533	540	531	524	525	524	3647.060029
526	534	528	531	524	529	531	538	515	530	519	542	522	516	515	527	527	540	522	530	540	532	520	525	538	527	523	519	523	526	522	528	545	541	546	518	546	526	525	516	545	533	542	539	529	545	541	532	529	526	536	531	531	516	528	525	518	525	532	520	541	511	537	538	530	535	529	526	529	526	526	531	527	526	536	532	521	527	520	522	534	525	538	534	540	527	540	526	534	537	527	528	519	512	536	530	3647.812179
528	528	532	544	540	537	529	526	530	540	538	527	525	522	525	530	534	527	534	535	521	535	535	525	548	523	524	542	524	547	526	527	521	518	535	523	530	526	529	532	529	539	541	533	544	533	532	524	529	538	526	549	530	527	530	535	529	539	528	527	534	529	534	524	524	530	507	539	551	541	530	517	542	534	534	526	536	518	528	538	516	522	541	529	527	527	524	527	534	531	536	531	533	539	525	525	3648.555941
510	534	543	522	531	519	536	531	510	528	531	531	543	538	534	526	522	528	514	530	521	528	512	520	520	536	529	527	521	512	526	526	520	519	518	527	520	525	513	533	534	535	533	542	540	534	522	534	546	527	529	533	529	532	534	532	526	538	528	531	500	526	527	546	527	523	530	523	534	529	542	517	518	523	531	522	524	537	527	541	533	529	535	521	531	539	534	527	515	522	533	531	526	513	532	544	3649.299582
531	546	535	534	524	532	535	528	540	521	519	540	536	530	527	529	530	527	531	532	527	521	517	521	530	532	549	536	530	540	518	533	525	520	528	519	541	517	529	532	530	522	531	523	538	535	541	524	534	537	519	523	529	536	531	529	540	517	517	524	531	530	526	518	537	528	533	529	526	519	528	522	526	528	532	523	537	546	532	534	534	522	536	522	532	541	536	526	533	534	527	541	539	528	533	526	3650.043101
507	527	523	532	527	524	529	536	539	524	539	525	519	532	517	539	535	520	520	536	524	557	525	542	533	525	525	532	528	532	520	524	532	531	532	530	524	537	529	531	526	532	521	522	531	537	525	533	531	540	524	531	528	520	530	534	534	530	510	527	524	529	527	521	524	547	525	528	523	526	541	527	528	534	516	541	518	511	530	522	529	521	530	513	521	527	532	529	534	527	538	532	515	523	530	540	3650.794758
519	536	525	529	531	532	514	529	514	524	529	521	521	523	523	519	529	528	519	532	527	518	534	531	516	513	509	536	532	533	522	531	524	522	524	517	522	532	525	526	530	525	522	530	522	527	531	534	523	527	524	536	523	532	528	524	535	525	535	533	528	533	529	515	526	531	523	543	513	531	538	521	539	528	531	530	526	521	524	522	529	533	527	529	533	528	530	526	531	518	520	527	531	533	521	537	3651.529775
532	522	523	512	529	521	533	528	529	518	534	531	519	521	524	530	522	539	526	530	549	538	525	528	536	528	528	530	525	519	509	535	530	527	515	522	530	530	526	534	534	542	516	530	531	525	526	535	524	525	529	531	519	513	527	523	532	535	521	537	528	520	526	524	531	533	527	521	527	534	535	528	526	526	525	525	537	518	522	543	525	528	524	526	526	514	529	537	524	540	536	528	522	543	534	529	3652.272929
514	528	542	538	535	530	525	541	528	546	541	525	529	533	538	532	526	531	521	531	527	528	518	527	534	516	527	530	525	524	529	517	529	510	530	528	525	522	516	533	534	522	512	539	518	515	537	535	519	533	526	532	529	534	524	529	538	526	529	527	531	528	530	527	530	526	537	520	517	521	531	522	545	532	526	530	527	520	522	536	521	538	534	519	541	520	522	518	533	522	534	537	530	525	531	527	3653.015962
522	527	529	522	529	521	533	531	522	526	510	534	528	525	508	543	528	535	528	513	537	532	529	528	532	523	539	526	525	526	536	518	542	524	523	544	522	510	523	524	513	522	530	526	519	531	535	528	526	533	534	532	528	530	539	521	530	535	521	533	524	535	532	522	518	558	520	520	516	529	503	523	524	531	522	536	505	519	536	527	531	529	521	520	531	530	540	535	535	524	506	526	530	527	548	520	3653.758873
544	520	530	524	524	527	520	501	542	524	524	529	526	520	534	527	541	531	515	523	535	524	523	533	522	529	528	520	528	517	521	523	524	531	524	522	522	514	536	521	523	512	524	525	524	536	519	531	518	530	527	522	522	513	517	517	530	522	528	535	526	534	523	529	531	514	536	525	516	518	524	515	522	533	531	521	522	528	524	528	535	539	531	535	521	544	532	544	509	531	532	510	530	530	520	533	3654.501663
537	533	546	516	527	527	538	532	532	519	540	523	540	524	522	520	514	527	531	540	518	521	524	548	524	528	519	523	523	523	516	531	521	535	512	531	525	530	530	520	535	526	535	526	521	514	536	533	522	532	525	534	538	526	533	516	542	531	525	528	525	527	527	520	526	542	524	522	532	516	522	525	536	530	527	532	530	534	530	513	515	525	521	533	530	522	529	529	518	519	538	521	531	525	515	526	3655.23608
528	530	545	529	527	526	535	525	532	531	527	521	516	531	535	528	510	530	521	533	518	536	540	522	513	525	536	534	534	519	533	535	519	524	521	513	527	517	514	536	525	525	531	532	517	534	519	521	519	526	528	527	517	524	523	516	516	527	534	526	525	539	525	533	529	525	521	519	533	541	518	530	521	528	516	521	522	536	521	522	514	532	538	533	531	537	530	526	527	531	526	533	533	517	530	529	3655.978628
524	525	520	537	522	535	534	516	532	532	528	523	539	523	519	545	530	536	531	520	521	527	521	528	524	539	543	519	526	527	525	512	522	523	529	516	533	526	530	521	533	528	541	532	527	525	523	527	528	524	532	521	524	523	515	534	531	522	550	523	531	536	526	523	523	515	528	520	529	529	541	529	529	516	537	519	528	540	537	528	530	522	535	535	540	533	524	535	524	517	516	525	526	521	516	532	3656.712806
526	520	515	527	526	525	529	536	534	526	519	515	522	535	530	536	515	519	525	537	535	524	544	537	516	544	523	525	529	524	528	521	538	512	521	532	512	525	525	522	535	528	532	537	511	521	534	531	532	518	523	536	536	524	525	523	518	514	516	538	530	541	532	532	516	519	515	534	524	528	530	526	527	520	535	520	523	526	511	527	531	533	506	538	530	519	543	520	532	517	518	525	529	534	525	526	3657.446866
527	525	526	531	523	525	527	522	536	522	518	520	531	525	541	521	533	536	513	524	526	536	511	518	520	529	536	533	533	518	545	519	538	540	526	534	529	524	525	526	523	517	530	522	521	521	525	520	518	522	549	520	526	533	517	524	516	549	523	530	527	529	513	516	530	531	522	528	514	532	523	522	515	525	533	532	516	524	529	549	533	531	516	530	524	519	534	521	513	527	526	528	518	531	530	531	3658.189053
537	531	527	514	525	533	526	520	521	517	540	523	516	528	525	517	525	533	522	521	524	512	523	521	527	521	518	521	534	516	531	517	523	518	521	542	540	520	531	519	522	527	533	533	527	528	537	514	521	524	514	535	519	519	524	535	532	518	546	531	523	522	534	525	512	533	524	529	538	523	540	517	530	527	523	534	539	526	530	523	528	534	520	533	526	529	519	527	524	527	526	520	525	530	539	538	3658.922874
518	516	528	527	532	527	518	517	535	533	531	515	521	527	522	524	525	532	516	539	528	526	514	527	530	517	532	520	523	515	522	507	530	516	527	526	526	520	522	517	524	534	519	536	522	508	518	514	521	522	516	526	531	534	521	535	512	539	528	521	531	535	525	514	533	518	525	530	525	514	517	522	542	534	530	520	536	523	520	525	536	535	531	528	540	519	524	516	532	537	524	519	530	533	531	531	3659.656576
528	531	520	516	517	521	541	537	505	524	523	532	528	514	516	529	526	522	519	538	517	516	523	518	527	527	518	534	522	534	528	532	526	528	519	550	530	526	526	523	517	533	537	530	524	532	522	524	519	512	529	532	531	529	522	530	532	516	509	532	534	534	515	529	535	528	527	527	534	527	518	525	516	517	525	536	534	535	523	531	521	525	527	530	527	533	523	516	514	515	524	520	527	529	531	530	3660.39016
516	533	517	533	541	526	540	521	525	522	521	517	518	532	529	531	522	520	520	533	527	523	529	527	518	531	524	528	526	519	518	531	509	526	522	545	529	528	523	528	514	530	528	536	531	530	526	531	527	520	528	517	528	517	501	516	519	518	517	524	531	538	522	523	525	530	520	533	524	529	539	529	530	520	535	531	512	520	523	532	528	515	535	524	530	524	533	516	533	532	528	528	520	524	529	512	3661.123626
531	508	523	532	511	522	527	518	535	515	514	531	523	527	527	532	510	519	530	517	532	526	529	521	519	526	520	527	528	532	521	520	519	529	523	535	517	533	530	520	530	523	521	515	516	515	527	531	530	537	511	518	526	517	514	521	537	522	531	522	530	524	522	541	530	548	530	520	527	529	518	522	529	518	520	526	510	523	523	522	523	535	521	524	531	527	539	525	529	529	520	527	521	531	527	522	3661.848733
523	518	526	525	532	511	529	528	519	510	529	519	538	528	525	532	516	527	530	519	535	525	527	529	522	535	523	519	532	515	533	534	530	522	519	523	522	526	521	525	526	529	517	515	520	538	526	530	523	524	524	533	525	521	523	530	526	522	537	516	515	508	516	524	531	521	523	532	516	519	513	514	533	522	528	526	521	526	525	527	516	532	521	534	532	529	519	503	539	524	527	504	509	523	534	528	3662.581963
524	531	524	517	522	529	514	523	520	521	533	519	522	517	527	526	521	532	517	518	528	519	531	534	523	523	523	527	538	530	519	511	523	507	522	528	523	527	517	520	519	526	520	504	529	517	520	533	521	528	525	538	516	524	521	522	513	529	540	517	533	517	531	515	523	513	511	527	523	534	526	529	516	533	524	526	525	530	520	516	524	523	516	526	524	523	522	518	522	534	523	519	526	526	528	525	3663.315074
528	525	523	513	516	526	519	529	511	519	527	526	542	513	526	523	518	525	521	527	520	527	529	529	523	526	538	529	526	520	519	535	528	546	530	529	543	522	531	520	541	533	528	539	526	519	522	514	521	527	522	530	519	530	526	515	522	524	521	527	523	511	530	526	521	529	527	535	536	525	523	521	523	521	529	521	535	539	530	528	527	520	530	527	522	524	516	524	533	518	530	536	523	529	516	533	3664.039832
524	516	527	530	513	528	531	531	522	528	526	519	524	525	525	526	529	518	526	516	529	525	527	530	523	527	526	533	516	533	523	530	531	529	509	530	531	511	530	517	505	521	508	524	530	517	526	528	527	540	527	508	524	515	522	520	514	521	529	519	514	529	531	530	530	522	512	525	511	505	541	524	517	526	520	523	528	534	524	537	524	512	519	507	516	524	530	530	518	533	523	531	523	522	536	517	3664.772708
521	507	532	522	527	511	520	521	513	515	518	532	521	521	519	526	532	511	525	535	518	529	526	524	513	523	523	513	517	507	527	516	516	526	524	524	521	517	533	520	510	526	511	522	535	523	529	527	513	518	522	533	517	527	524	529	520	508	513	522	536	517	523	523	528	517	515	517	524	531	533	523	524	527	516	518	532	507	539	521	516	525	529	523	545	539	523	520	522	534	519	519	521	528	529	523	3665.497232
539	529	506	522	527	521	529	503	524	518	529	519	519	526	524	525	517	532	515	526	524	528	520	517	523	519	515	530	514	521	527	519	536	525	517	525	532	511	530	521	536	519	520	529	531	525	521	519	530	524	532	523	524	535	522	528	535	519	526	516	522	515	536	517	521	516	533	522	527	519	501	517	517	535	532	530	527	532	519	510	519	525	524	529	516	529	525	517	516	521	513	529	528	514	535	521	3666.229873
517	526	529	525	513	529	530	525	530	516	538	532	525	537	521	526	531	534	543	517	532	534	523	520	535	512	527	526	525	529	530	529	521	521	512	512	526	529	520	536	533	520	542	520	517	514	517	521	517	530	528	532	521	507	524	512	523	524	521	525	537	527	519	534	533	524	522	526	520	527	538	519	518	523	509	518	522	536	526	519	522	524	522	516	531	530	513	525	522	526	515	525	517	535	529	520	3666.954165
519	513	528	526	521	524	527	527	526	527	521	520	529	521	529	517	524	527	523	532	523	532	521	516	518	516	515	524	525	531	533	521	518	528	536	520	529	515	521	505	515	527	525	525	528	530	522	520	517	524	526	508	513	509	526	531	518	503	511	528	523	527	532	529	526	513	518	531	523	520	536	536	509	526	512	517	538	525	512	526	517	531	528	527	525	516	518	525	529	529	516	528	528	532	520	518	3667.678342
530	519	525	521	527	525	531	529	520	532	522	521	523	512	525	536	532	523	540	524	526	534	530	524	534	521	517	526	524	525	512	520	510	520	526	519	532	526	527	531	520	525	518	527	530	528	516	524	529	518	518	551	528	524	515	531	521	523	524	527	520	535	524	521	536	543	523	521	511	524	523	525	521	527	523	529	522	523	528	512	531	520	528	520	527	523	529	530	526	529	524	524	531	536	520	527	3668.402402
512	518	527	526	526	513	513	524	530	536	513	522	518	513	508	516	521	537	527	509	524	529	519	515	520	511	518	528	523	524	526	506	528	523	518	520	518	529	525	538	522	514	520	533	528	532	525	519	513	510	518	527	528	523	521	534	523	515	525	536	509	532	516	512	525	523	530	535	521	529	529	528	528	523	525	521	525	528	527	519	531	526	549	519	524	507	511	523	530	529	523	529	523	537	528	517	3669.126348
508	533	521	518	522	533	509	524	520	503	523	532	526	518	522	524	519	531	531	526	525	525	520	510	510	525	532	521	528	527	514	534	526	522	533	537	525	525	527	519	515	518	524	528	514	531	526	529	518	532	520	526	521	532	525	513	528	519	521	527	519	517	514	520	519	532	522	526	509	513	536	533	525	517	522	532	520	520	528	520	523	537	510	524	518	532	521	520	521	528	537	514	515	524	524	518	3669.850178
517	521	531	511	518	516	533	529	513	525	518	524	489	526	520	522	520	521	516	521	530	524	525	524	518	527	527	518	510	521	518	524	524	522	532	514	522	512	522	509	523	537	522	525	519	521	521	525	540	525	526	519	511	530	518	521	523	528	513	529	522	528	521	530	519	530	523	517	527	521	513	529	527	532	514	515	504	520	531	519	525	516	518	533	525	513	513	526	517	524	510	529	523	535	520	532	3670.573892
508	526	530	528	510	522	537	518	519	533	519	515	523	517	529	528	525	512	538	522	509	525	532	513	524	516	527	508	524	530	529	528	517	514	516	516	522	518	523	530	520	524	521	534	520	531	522	521	522	532	523	532	526	525	535	513	525	512	521	535	528	516	522	521	523	523	523	523	516	522	535	513	526	526	519	539	526	519	527	528	520	511	512	517	525	515	530	524	519	516	537	525	526	519	517	523	3671.289269
506	524	516	528	526	523	515	523	517	521	532	516	522	531	523	523	529	539	526	527	521	531	519	525	516	520	528	528	537	515	530	518	533	522	533	505	523	524	508	521	521	525	519	523	524	533	520	529	527	517	516	527	530	518	521	520	523	522	506	518	520	533	535	530	534	520	523	526	527	526	522	522	518	529	544	529	525	532	526	512	527	520	537	508	527	529	533	509	529	512	522	531	531	528	520	512	3672.012753
534	525	530	515	537	513	520	519	521	521	507	518	516	516	518	508	514	524	521	531	510	524	519	522	513	503	526	528	529	538	525	522	527	519	517	523	532	526	536	528	518	520	519	515	526	525	523	529	530	530	515	523	527	520	531	535	525	522	511	525	527	514	519	513	522	535	523	540	522	522	516	520	522	536	532	517	524	518	523	500	515	523	518	518	522	526	532	514	533	522	514	515	527	515	528	529	3672.727903
533	513	505	528	528	519	529	525	533	505	523	517	515	520	503	516	525	522	519	524	514	533	534	526	534	533	510	513	513	509	511	525	527	514	522	515	534	502	522	516	506	527	518	519	529	522	515	520	518	526	517	523	522	528	528	522	514	519	528	535	525	522	518	518	507	527	524	522	526	520	517	517	535	525	492	512	523	519	509	515	526	523	515	528	517	520	528	525	513	525	514	516	526	520	530	525	3673.451158
521	526	522	515	526	527	528	526	524	517	533	529	515	518	530	529	519	517	522	506	519	522	511	528	521	530	526	513	516	526	528	527	520	518	535	517	523	532	527	521	517	523	519	515	523	527	527	517	521	520	520	524	536	524	523	520	524	511	529	531	518	527	528	525	514	515	518	521	523	517	518	526	526	513	541	519	523	515	528	515	531	514	520	530	513	536	514	550	528	529	529	494	514	518	530	520	3674.166081
513	533	518	517	521	520	510	505	507	513	531	524	522	509	521	520	522	528	514	529	520	524	542	518	524	525	515	535	526	532	515	531	509	530	519	515	512	526	538	529	531	522	519	525	525	507	535	511	518	514	536	522	524	518	513	524	527	520	523	526	523	516	522	531	521	526	517	526	525	546	526	527	521	527	524	512	515	519	523	507	517	513	527	524	530	512	508	521	516	524	531	517	516	531	531	512	3674.880891
524	522	513	535	518	524	512	508	523	521	504	519	504	534	528	521	519	522	528	522	519	516	534	522	539	513	514	520	506	520	524	520	528	521	527	518	514	519	513	533	520	512	523	516	524	513	523	507	515	534	515	528	531	528	522	520	525	510	526	516	526	516	505	515	524	522	506	524	512	530	519	525	524	511	518	542	529	520	519	524	521	517	517	519	530	527	541	524	517	528	515	516	533	510	526	523	3675.603802
527	517	528	526	514	524	526	517	524	507	514	517	521	533	529	523	525	537	531	508	518	510	515	507	523	535	533	521	516	527	525	522	518	529	535	523	516	515	511	522	523	517	515	525	528	522	524	512	520	524	520	526	525	515	522	513	510	519	525	537	505	526	528	535	517	521	526	522	515	531	528	528	533	510	517	522	519	520	525	521	519	515	526	520	532	526	511	531	521	524	521	528	517	518	532	510	3676.318386
520	523	531	517	515	517	519	515	520	519	524	527	528	516	529	520	531	503	514	516	518	517	520	512	515	517	516	524	521	520	521	516	520	512	521	528	527	531	529	523	521	512	517	517	522	507	519	529	517	528	508	516	519	531	504	522	511	513	532	524	517	529	516	513	515	510	520	517	521	518	526	527	527	523	515	527	534	509	528	521	520	528	534	520	521	529	525	535	522	518	521	520	516	518	519	522	3677.032857
522	511	523	524	527	520	504	516	513	514	521	521	510	526	514	524	514	519	527	516	534	515	512	529	529	519	526	536	525	521	512	534	529	527	531	517	516	517	523	513	533	526	522	518	520	532	526	519	521	513	513	521	526	524	520	515	533	527	520	522	534	518	521	520	521	516	518	526	503	526	529	529	521	519	522	519	530	514	525	505	522	529	521	531	517	530	520	518	533	505	522	526	520	525	522	530	3677.747215
527	523	511	527	524	527	519	530	511	532	520	518	514	511	511	513	516	524	521	526	514	517	527	519	517	525	530	525	525	510	520	526	521	525	518	523	518	509	509	514	516	515	531	526	519	527	519	518	520	502	530	520	511	531	534	523	521	524	527	519	534	531	511	532	528	522	525	521	514	517	520	524	506	523	511	521	514	529	516	544	516	511	508	516	510	511	524	516	501	515	517	522	523	523	533	533	3678.46146
505	518	519	521	513	523	524	518	519	518	526	531	520	515	516	529	516	515	514	524	522	535	527	530	510	522	529	520	518	518	527	519	505	515	526	511	523	530	524	517	517	516	512	520	522	518	508	506	527	528	535	534	519	520	521	537	524	522	528	514	513	531	522	524	504	517	524	543	514	522	519	527	510	527	516	525	510	526	514	528	520	519	535	527	534	514	516	513	530	521	521	518	519	522	519	514	3679.167385
538	523	517	523	511	521	516	534	532	518	517	513	519	527	535	511	522	523	519	506	516	516	529	527	518	518	500	524	513	526	530	508	538	517	535	521	525	509	522	526	517	516	512	529	522	514	520	519	525	524	516	520	526	518	526	528	515	529	524	527	526	530	531	525	519	533	517	511	516	519	520	519	511	516	523	526	519	509	513	519	514	515	518	519	530	511	529	523	509	520	524	517	508	521	514	525	3679.881407
511	519	516	519	536	511	517	511	521	514	521	514	525	520	516	532	507	515	516	510	523	536	511	522	521	513	522	528	526	520	516	517	518	511	526	523	517	526	517	517	511	521	514	532	514	511	517	523	527	525	527	525	523	525	515	534	528	516	534	512	510	521	506	514	517	514	522	522	518	508	513	515	515	498	511	527	519	531	516	529	515	524	514	530	507	512	528	530	511	519	528	515	520	519	527	503	3680.595316
518	525	530	518	518	519	525	536	517	531	524	517	522	534	512	517	521	515	540	515	525	502	518	535	526	511	517	517	520	509	524	517	520	531	525	522	517	519	526	527	517	519	509	526	512	509	521	526	520	519	513	519	513	522	519	519	521	516	529	523	516	523	511	513	521	524	518	530	516	517	509	512	528	527	510	508	520	535	519	534	513	522	520	531	523	521	523	515	532	522	515	515	514	518	519	522	3681.300908
508	525	519	516	526	512	508	516	531	510	515	532	523	526	522	527	511	522	511	521	524	529	510	525	530	525	520	514	523	521	514	508	512	519	514	518	518	523	508	519	525	514	520	516	526	509	513	527	526	525	538	522	520	511	526	525	508	520	517	518	519	535	506	526	524	500	524	527	515	533	519	513	521	516	521	526	519	507	519	535	516	520	515	521	522	512	513	509	525	515	521	513	516	524	522	510	3682.014594
526	518	515	508	525	530	516	516	516	533	510	509	513	523	522	519	538	520	518	517	518	525	525	517	512	521	532	518	522	512	521	527	509	516	516	518	522	531	509	522	523	521	529	520	518	521	518	520	526	522	511	521	526	528	521	510	519	524	519	522	517	509	512	509	507	517	511	510	514	530	518	512	521	519	536	527	517	505	524	521	524	514	530	511	529	520	512	517	515	521	516	507	527	525	522	516	3682.719965
502	519	524	523	509	512	526	515	531	501	521	509	530	521	519	531	512	522	520	510	522	535	515	528	535	527	519	509	529	514	516	516	511	524	511	514	517	518	507	518	531	510	521	530	515	522	549	529	521	527	519	514	518	524	518	519	511	537	515	513	522	523	525	516	515	519	501	518	508	523	503	523	516	523	532	514	522	524	509	514	521	518	525	522	530	530	521	518	532	523	518	516	527	519	518	518	3683.425227
518	523	525	530	521	523	522	524	522	525	520	523	524	520	520	526	524	530	526	526	507	517	528	522	519	526	523	524	535	526	532	532	525	523	522	523	519	537	516	513	519	528	520	514	518	527	496	515	530	524	518	520	523	527	521	518	516	531	524	517	517	518	515	511	507	524	509	524	511	520	526	520	526	534	515	508	525	520	521	525	530	527	545	534	522	521	531	525	523	517	528	530	503	535	532	531	3684.130379
529	522	522	522	517	519	510	508	519	522	529	520	519	524	513	521	523	530	512	524	524	505	526	528	518	521	523	515	531	529	512	519	510	506	513	517	513	517	525	516	530	511	519	516	516	524	521	525	524	512	521	514	527	520	522	512	515	518	515	506	515	534	507	527	524	535	514	530	516	522	527	520	518	510	518	508	512	521	512	529	511	512	515	512	513	523	516	511	516	510	515	521	518	509	517	522	3684.83542
