source_row_index,compound_ID,SMILES,initial_split
1,A-3,[Br-].CCCCCCCCCCCCCCCCCC[N+](C)(C)C,validation
2,A-4,O=C1Nc2cccc3cccc1c23,test
3,A-5,Clc1ccc(C=O)cc1,calibration
4,A-8,[Zn++].CC(c1ccccc1)c2cc(C(C)c3ccccc3)c(O)c(c2)C([O-])=O.CC(c4ccccc4)c5cc(C(C)c6ccccc6)c(O)c(c5)C([O-])=O,validation
5,A-9,C1OC1CN(CC2CO2)c3ccc(Cc4ccc(cc4)N(CC5CO5)CC6CO6)cc3,calibration
6,A-10,Cc1cccc(C=C)c1,calibration
7,A-11,CCC1CCC(CCC(O)=O)C1,calibration
8,A-12,CC12CC(O)C3C(CCC4=CC(=O)C=CC34C)C1CC(O)C2(O)C(=O)CO,validation
9,A-14,Fc1ccc(cc1)C(=O)c2ccc(F)cc2,validation
10,A-15,O=C(OCCCOCCCOC(=O)c1ccccc1)c2ccccc2,test
11,A-17,CN(C)c1ccc(C=O)cc1,validation
12,A-18,CC(=O)OC(C)(C)Cc1ccccc1,test
13,A-19,Cc1ccc(O)c(C)c1.Cc2ccc(C)c(O)c2.Cc3cc(C)cc(O)c3.Cc4ccc(O)cc4C.Cc5cccc(O)c5C.Cc6cccc(C)c6O,calibration
14,A-21,CC(C)(C)c1ccc(OCC2CO2)cc1,test
15,A-22,COCCCCC(=O)c1ccc(cc1)C(F)(F)F,calibration
16,A-23,CC(C)=CCC\C(C)=C/CO,test
17,A-24,CC(Oc1ccc(Cl)cc1C)C(O)=O,validation
18,A-25,[Zn++].CCCCC(CC)CO[P]([S-])(=S)OCC(C)C.CCCCC(CC)CO[P]([S-])(=S)OCC(C)C,test
19,A-26,FC(F)(F)c1cccc(Cl)c1,calibration
20,A-27,CCC(C)(CCC(C)C)C(=O)OCC1CO1,calibration
21,A-28,CC(C)CCCCCOC(=O)CCS,test
22,A-29,CC(C)=C1CCC(=CC1)C,test
23,A-30,[Na+].[Al+3].[O-][Si]([O-])=O.[O-][Si]([O-])=O,validation
24,A-31,[Zn++].CC(=C)C([O-])=O,test
25,A-32,CCNCC(O)c1cccc(O)c1,test
26,A-33,[Zn++].CCC(C)O[P]([S-])(=S)OC(C)CC(C)C.CCC(C)O[P]([S-])(=S)OC(C)CC(C)C,test
27,A-34,ClCc1ccc(Cl)cc1Cl,calibration
28,A-36,CC1(C)C2CCC(=C)C1C2,calibration
29,A-38,CCCCCCCC\C=C/CCCCCCCC(O)=O.NCCNCCO,calibration
30,A-39,CCCCCCCCCCCCOC(=O)C(C)O,test
31,A-45,NO,calibration
32,A-47,C=CC(=O)OCCOc1ccccc1,validation
33,A-48,CCCC[N+](CCCC)(CCCC)Cc1ccccc1.Oc2ccc(c3ccccc23)[S]([O-])(=O)=O,test
34,A-49,OC(=O)CCCCCCCCC=C,test
35,A-50,C[N+](C)(CCCN[S](=O)(=O)CCC(F)(F)C(F)(F)C(F)(F)C(F)(F)C(F)(F)C(F)(F)F)CC([O-])=O,test
36,A-51,CCC(Cc1ccccc1)(N(C)C)C(=O)c2ccc(cc2)N3CCOCC3,validation
37,A-53,CC(C)CCCCCCc1ccc(O)cc1,test
38,A-54,CC(=C)c1cccc(c1)C(C)=C,test
39,A-55,[Mo],calibration
40,A-56,CC(C)(C)CCCCCC(=O)OC=C,test
41,A-58,Cc1ccc(cc1)C(C)(C)C,test
42,A-61,OC(=O)C1CCCCC1,test
43,A-62,[Na+].[Na+].[Na+].[Na+].[Na+].[O-][S](=O)(=O)OCC[S](=O)(=O)c1cccc(Nc2nc(Cl)nc(Nc3cc(cc4C=C(\C(=N/Nc5ccc6c(cccc6[S]([O-])(=O)=O)c5[S]([O-])(=O)=O)C(=O)c34)[S]([O-])(=O)=O)[S]([O-])(=O)=O)n2)c1,validation
44,A-63,C(CCCN=C\C=C\c1ccccc1)CCN=C/C=C/c2ccccc2,test
45,A-65,CC(C)(C)CC(C)(C)c1cc(Cc2cc(cc(n3nc4ccccc4n3)c2O)C(C)(C)CC(C)(C)C)c(O)c(c1)n5nc6ccccc6n5,calibration
46,A-68,[Cl-].CCN(CC[N+](C)(C)C)c1ccc(cc1)N=Nc2ccc(cc2Cl)[N+]([O-])=O,validation
47,A-69,C1CN(CCO1)Sc2sc3ccccc3n2,test
48,A-70,CC1(C)[C@H]2C[C@@H]3O[C@]3(C)[C@@H]1C2,validation
49,A-71,[Na+].[Na+].[Na+].[Na+].NC(=O)Nc1cc(Nc2nc(Cl)nc(Nc3cccc(c3)[S](=O)(=O)CCO[S]([O-])(=O)=O)n2)ccc1N=Nc4cc5c(cc(cc5[S]([O-])(=O)=O)[S]([O-])(=O)=O)cc4[S]([O-])(=O)=O,validation
50,A-72,[Na+].[Na+].CCCCCCCCCCCCNc1nc(Cl)nc(Nc2ccc3c(O)c(N=Nc4ccc(cc4)N=Nc5ccc(cc5)[S]([O-])(=O)=O)c(cc3c2)[S]([O-])(=O)=O)n1,calibration
51,A-73,CCCN(CCC)C(=O)SCC,calibration
52,A-74,C1CC(CCC1COCC2CO2)COCC3CO3,test
53,A-75,CC(CC1=CC(=CC(=O)N1O)C)CC(C)(C)C.NCCO,calibration
54,A-76,[OH-].[Ca++].[Ca++].[Ca++].[Ca++].[Ca++].[O-][P]([O-])([O-])=O.[O-][P]([O-])([O-])=O.[O-][P]([O-])([O-])=O,validation
55,A-77,O=[P+]1Oc2ccccc2c3ccccc13,validation
56,A-79,C=COC(=O)c1ccccc1,calibration
57,A-80,COC(=O)c1ccc(cc1)C(C)(C)C,test
58,A-81,Cc1cccc(CC(C)(C)CO)c1,calibration
59,A-83,CC(=O)OC\C=C(C)/CCC=C(C)C,test
60,A-86,CC1(C)[C@H]2CC=C(CCO)[C@@H]1C2,test
61,A-89,CC1CC(=O)CC(C)(C)C1,calibration
62,A-91,C=CC(=O)OCCOc1ccccc1c2ccccc2,validation
63,A-94,SCCC(=O)OCC(COC(=O)CCS)(COC(=O)CCS)COC(=O)CCS,test
64,A-100,Cc1cc(cc(C)c1O)C(C)(C)c2cc(C)c(O)c(C)c2,validation
65,A-101,CCCCCCCCCCCCCCCCCC(=O)OCC(COC(=O)CCCCCCCCCCCCCCCCC)OC(=O)CCCCCCCCCCCCCCCCC,calibration
66,A-106,CCOC(=O)CC(C)CC(C)(C)C,test
67,A-109,[Ca++].[O-][Si]([O-])=O,test
68,A-111,CCc1ccc(C)nc1,test
69,A-113,CC(C)[C@@H]1CC[C@@H](C)C[C@H]1OC(=O)[C@H](C)O,test
70,A-114,C[C@]12C[C@H](O)[C@H]3[C@@H](CCC4=CC(=O)C=C[C@]34C)[C@@H]1CC[C@]2(O)C(=O)CO,test
71,A-115,[Na+].[Na+].Cc1ccc(Nc2ccc(Nc3ccc(C)cc3[S]([O-])(=O)=O)c4C(=O)c5ccccc5C(=O)c24)c(c1)[S]([O-])(=O)=O,test
72,A-116,[O--].[O--].[O--].[O--].[O--].[O--].[O--].[O--].[O--].[Al+3].[Al+3].[Mo].[Mo],calibration
73,A-117,CC(=C)C(=O)OCCOc1ccccc1,calibration
74,A-118,CCCCOCCOCCOCc1cc2OCOc2cc1CCC,test
75,A-119,CF,validation
76,A-122,C(COc1ccccc1)Oc2ccccc2,calibration
77,A-123,CCc1cc(Cc2cc(CC)c(N)c(CC)c2Cl)c(Cl)c(CC)c1N,test
78,A-124,[Na+].Cc1cc(C)c(Nc2cc(c(N)c3C(=O)c4ccccc4C(=O)c23)[S]([O-])(=O)=O)c(C)c1CNC(=O)c5ccccc5,validation
79,A-125,CCCC(CCC)C(O)=O,test
80,A-127,[Zn++].[S-]c1sc2ccccc2n1.[S-]c3sc4ccccc4n3,test
81,A-128,Oc1ccccc1.ClCC2CO2.C=O,test
82,A-129,CCCCCC/C=C/C1CC(=O)OC1=O,test
83,A-134,CC(=C)C(O)=O.CC(C)(c1ccc(O)cc1)c2ccc(O)cc2.ClCC3CO3,test
84,A-135,CC1=CC[C@H]2C[C@@H]1C2(C)C,validation
85,A-139,C[Si](C)(C)O[Si](C)(C)C,validation
86,A-140,FC(=C)C(F)(F)F,test
87,A-141,O=C1Oc2ccccc2C=C1,validation
88,A-142,CC(=C)C1CCC(=CC1)C,test
89,A-143,[Na+].CCN(CC)c1ccc([C+](c2ccc(cc2)N(CC)Cc3cccc(c3)[S]([O-])(=O)=O)c4ccc(cc4)N(CC)Cc5cccc(c5)[S]([O-])(=O)=O)c(C)c1,test
90,A-144,S=[W]=S,test
91,A-145,[Na+].[Na+].CC1=NN(C(=O)C1N=Nc2ccc(c3ccc(cc3[S]([O-])(=O)=O)N=NC4C(=NN(C4=O)c5ccccc5)C)c(c2)[S]([O-])(=O)=O)c6ccccc6,calibration
92,A-146,CC(=O)O[C@H]1C[C@H]2CC[C@@]1(C)C2(C)C,test
93,A-147,[Pb++].[O-][Si]([O-])=O,validation
94,A-148,CCCC(=O)OC(C)(C)Cc1ccccc1,test
95,A-150,[Na+].[Na+].[O-][S](=O)(=O)c1ccc(N\N=C\2C=CC(=O)C(=N/Nc3ccc(c4ccccc34)[S]([O-])(=O)=O)\C2=O)c5ccccc15,validation
96,A-153,CCCOCC(C)OCC(C)O,calibration
97,A-156,CC1(C)CC(CC(C)(CN=C=O)C1)N=C=O,test
98,A-158,CCCCCCCC\C=C/CCCCCCCC(O)=O.NCCNCCN,test
99,A-162,CCN(CC[n+]1ccccc1)c2ccc(cc2)N=Nc3ccc(cc3Cl)[N+]([O-])=O.CC([O-])=O,calibration
100,A-167,O=C(Oc1ccccc1)Oc2ccccc2,test
101,A-168,CCCCC(CC)C(=O)OC=C,validation
102,A-169,CC(=C)C(=O)NCNC(=O)C(C)=C,test
103,A-170,C\1C\C=C/CC\C=C1,test
104,A-171,CO[Si](CCCN=C=O)(OC)OC,validation
105,A-172,CCO[Si](CCCCl)(OCC)OCC,test
106,A-176,CCCCOC(=O)c1ccccc1C(=O)OCCCC,test
107,A-177,[Na+].[Na+].Cc1cc(C)c(c(C)c1Nc2ccc(Nc3c(C)cc(C)c(c3C)[S]([O-])(=O)=O)c4C(=O)c5ccccc5C(=O)c24)[S]([O-])(=O)=O,calibration
108,A-178,Oc1ccc(c(O)c1O)C(=O)c2ccccc2,test
109,A-182,CCCCCCCCC\C=C\CC1CC(=O)OC1=O,test
110,A-183,CC(C)CC(C)CC(C)\C=C(/C)C1CC(=O)OC1=O,test
111,A-184,CCCCCCCC\C=C/CCCCCCCC(=O)OCC(O)COB(O)O.CCCCCCCC\C=C/CCCCCCCC(=O)OCC(O)COB(O)OCC(O)COC(=O)CCCCCCC\C=C/CCCCCCCC.CCCCCCCC\C=C/CCCCCCCC(=O)OCC(O)COB(OCC(O)COC(=O)CCCCCCC\C=C/CCCCCCCC)OCC(O)COC(=O)CCCCCCC\C=C/CCCCCCCC,calibration
112,A-188,CCCCCCCCCC(=O)Oc1ccc(cc1)C(O)=O,calibration
113,A-189,CCO[Si](CCCSSCCC[Si](OCC)(OCC)OCC)(OCC)OCC,test
114,A-191,COc1ccc(\C=C\C(=O)OCCC(C)C)cc1,test
115,A-192,CCCCCCCCCCCCCCCC(=O)NCC(O)=O,calibration
116,A-193,C\1C\C=C/CC\C=C/CC/C=C1,test
117,A-195,CC(CCN(CCC(C)CC(C)(C)C)C(=S)S[Zn]SC(=S)N(CCC(C)CC(C)(C)C)CCC(C)CC(C)(C)C)CC(C)(C)C,test
118,A-196,BrCc1ccc(cc1)c2ccccc2C#N,test
119,A-197,CCCCCCCCCCCCCCCCCC(=O)OC1CC(C)(C)NC(C)(C)C1.CCCCCCCCCCCCCCCC(=O)OC2CC(C)(C)NC(C)(C)C2,test
120,A-198,CCCCC(CC)CNC(=O)CCCCCC(C)C,calibration
121,A-199,CO[C@H]1C[C@@H](O[C@@H](C)[C@@H]1O)OC2[C@H](C)O[C@H](C[C@@H]2OC)OC3[C@@H](C)/C=C/C=C/4CO[C@@H]5[C@H](O)C(=C[C@@H](C(=O)O[C@H]6C[C@@H](C\C=C3/C)O[C@@]7(C6)O[C@@H]([C@@H](C)C=C7)C8CCCCC8)[C@]45O)C,calibration
122,A-201,c1ccc(cc1)c2ccc(cc2)c3ccccc3,calibration
123,A-203,c1cc2ccc3cccc4ccc(c1)c2c34,calibration
124,A-204,CCCCOC(=O)c1ccc(cc1)C(=O)OCCCC,validation
125,A-208,CCC(CC)CC1(CCCCC1)C#N,test
126,A-209,COc1ccc(cc1)N2CCN(CC2)c3ccc(cc3)[N+]([O-])=O,test
127,A-212,CC(C)CCCCCCCOC(=O)CCCCCCCCC(=O)OCCCCCCCC(C)C,test
128,A-213,CCCCN(CCCC)c1ccc2c(Oc3cc(C)c(Nc4ccccc4)cc3C25OC(=O)c6ccccc56)c1,test
129,A-215,FC1(F)Oc2cccc(C=O)c2O1,calibration
130,A-216,CCNc1cc(C#N)c(N)c2C(=O)c3ccccc3C(=O)c12,validation
131,A-219,CCCCCCCC\C=C/CCCCCCCCNCCCN.CCCCCCCC\C=C/CCCCCCCC(O)=O.CCCCCCCC\C=C/CCCCCCCC(O)=O,test
132,A-220,CCCCC(CC)COC(=O)c1ccc(Nc2nc(Nc3ccc(cc3)C(=O)NC(C)(C)C)nc(Nc4ccc(cc4)C(=O)OCC(CC)CCCC)n2)cc1,test
133,A-222,O=[V]=O,test
134,A-224,[Cl-].CCCCCCCCCCCC[n+]1ccccc1,calibration
135,A-225,Cc1cccc(C)c1OCC(O)=O,test
136,A-227,CCCCC(CC)C(=O)O[Co]OB(O[Co])O[Co](OC(=O)C(CC)CCCC)OC(=O)C(CC)CCCC,calibration
137,A-228,[Na+].[Na+].OCC1=CC(=N/Nc2ccc(c3ccccc23)[S]([O-])(=O)=O)\C(=O)/C(=N/Nc4ccc(c5ccccc45)[S]([O-])(=O)=O)C1=O,test
138,A-229,CC(=O)c1ccc(O)cc1,validation
139,A-230,[O--].[O--].[Mg++].[Ca++],test
140,A-232,[Na+].[Na+].Nc1ccc2cc(c(N=Nc3ccc(N=Nc4cccc(C([O-])=O)c4O)c5ccccc35)c(O)c2c1)[S]([O-])(=O)=O,test
141,A-234,CC(C)=CCC\C(C)=C\C=C\C(C)=O,test
142,A-236,C=CN1CCN(C=C)C1=O,calibration
143,A-237,Nc1cc(ccc1O)[N+]([O-])=O,calibration
144,A-238,[Mg++],calibration
145,A-241,O=[Ca],calibration
146,A-242,[O-][N+](=O)c1ccc2NC(=O)Nc2c1,calibration
147,A-243,Cc1ccc(cc1)[S](=O)(=O)/C(=C/N2CC(=O)NC2=S)C#N,calibration
148,A-247,CCC1=C(O)C(=O)C=CO1,test
149,A-249,COC(=O)Cc1ccccc1,test
150,A-251,O.[Pb].O[S](O)(=O)=O,calibration
151,A-252,Cc1c(Cl)cccc1[N+]([O-])=O,calibration
152,A-254,[OH-].[OH-].[Ca++],test
153,A-255,[Si+4].[Si+4].[Si+4].[O-][P]([O-])([O-])=O.[O-][P]([O-])([O-])=O.[O-][P]([O-])([O-])=O.[O-][P]([O-])([O-])=O,test
154,A-256,CCCCCCCl,calibration
155,A-257,CC(=C)C(=O)OCC(F)(F)F,validation
156,A-259,[O-][N+](=O)O[Bi](O[N+]([O-])=O)O[N+]([O-])=O,test
157,A-262,CCCCCCC(C)=O,calibration
158,A-263,CCCCC/C=C/CC(CC(O)=O)C(O)=O,test
159,A-264,CCCC(CCC)(C(O)=O)C(CCC)(\C=C\C)C(O)=O,test
160,A-266,C[C@H]1CC(=O)C=C2CC[C@H]3[C@@H]4CC[C@H](O)[C@@]4(C)CC[C@@H]3[C@@]12C,test
161,A-267,[Na+].CC\1=Nc2ccccc2C1=N/Nc3cc(Cl)c(cc3Cl)[S](=O)(=O)NCC[S]([O-])(=O)=O,calibration
162,A-270,CC(C)(O)C(=O)c1ccc(Cc2ccc(cc2)C(=O)C(C)(C)O)cc1,validation
163,A-271,[O--].[O--].[O--].[O--].[O--].[O--].[O--].[O--].[O--].[O--].[O--].[O--].[O--].[O--].[O--].[O--].[O--].[O--].[O--].[Fe+3].[Fe+3].[Fe+3].[Fe+3].[Fe+3].[Fe+3].[Fe+3].[Fe+3].[Fe+3].[Fe+3].[Fe+3].[Fe+3].[Ba++],test
164,A-273,C=CC(=O)OCC1CCC2C3CC(CC3COC(=O)C=C)C12,test
165,A-276,O=C(Nc1ccccc1)Nc2ccccc2N[S](=O)(=O)c3ccccc3,calibration
166,A-277,[O--].[O--].[O--].[K+].[K+].[Ti+4],calibration
167,A-278,CCCCC(CC)COC(=O)C=C,calibration
168,A-280,[Zn++].CCCCC(CC)CO[P]([S-])(=S)OCC(CC)CCCC.CCCCC(CC)CO[P]([S-])(=S)OCC(CC)CCCC,validation
169,A-284,CC(=O)OC1CC2CC1C3CCCC23,test
170,A-285,CCS,test
171,A-293,CCCCC(CC)COC(=O)OOC(=O)OCC(CC)CCCC,validation
172,A-295,C[C@H](CCC=C(C)C)CC=O,test
173,A-296,CC(C)[C@@]12CC[C@@](C)(O1)[C@@H](O)C2,test
174,A-297,CC(C)c1ccc(CCC=O)cc1,validation
175,A-298,CCCCBr,test
176,A-300,[Na+].CCCCCCCCCCCC(=O)N[C@@H](CCC(O)=O)C([O-])=O,test
177,A-301,CCCOC(C)OCCc1ccccc1,test
178,A-304,COC(OC)C(C)(C)CC=C(C)C,validation
179,A-305,COC(C)(C)C1CCC(=CC1)C,calibration
180,A-307,[Co+3].CCN(CC)c1ccc2c(c1)[o+]c3cc(ccc3c2c4ccccc4C(O)=O)N(CC)CC.CC(C)OCCCN[S](=O)(=O)c5ccc([O-])c(c5)N=Nc6c(C)nn(c6[O-])c7ccccc7.CC(C)OCCCN[S](=O)(=O)c8ccc([O-])c(c8)N=Nc9c(C)nn(c9[O-])c%10ccccc%10,validation
181,A-310,[O-][N+](=O)c1cc(Cl)ccc1Cl,test
182,A-311,CC/C(C)=C/CCC(C)(O)C#C,calibration
183,A-314,CO[Si](CCCOC(=O)C(C)=C)(OC)OC,test
184,A-316,CC(C)(c1ccc(O)cc1)c2ccc(O)cc2.OC(=O)C=C.ClCC3CO3,calibration
185,A-319,O=C1C=CC(=O)N1c2ccccc2,validation
186,A-320,Cc1ccc(cc1)N2N=C(C)CC2=O,test
187,A-321,OB(O)c1ccc(C=O)cc1,calibration
188,A-322,CC(=O)CC(C)(C)c1ccccc1,test
189,A-323,CCCCCOC(=O)CC,test
190,A-324,FC(F)=C(F)Cl,test
191,A-326,CCCCCCCCCCCCOCCO,validation
192,A-328,NCCCCCCCCCCC(O)=O,calibration
193,A-329,NC(Nc1ccc(Cl)cc1)=NC(N)=NCCCCCCN=C(N)N=C(N)Nc2ccc(Cl)cc2,test
194,A-331,C\C=C1/CC2CC1C=C2,test
195,A-332,CCN(C(=O)N(CC)c1ccccc1)c2ccccc2,test
196,A-334,CCCCOC(=O)c1ccccc1N,test
197,A-338,Oc1ccccc1C(=O)OCc2ccccc2,calibration
198,A-339,CCCC[Sn](CCCC)(CCCC)CCCC,calibration
199,A-342,[Mg++].C[O-].C[O-],test
200,A-343,[Cd++],test
201,A-347,O[S](=O)(=O)c1cccc2cc(Nc3ccccc3)cc(Nc4ccccc4)c12,test
202,A-348,CCC(C)(OOC(C)(C)C)OOC(C)(C)C,test
203,A-349,S(c1ccccc1)c2ccccc2,test
204,A-350,CCOCCCN[S](=O)(=O)c1ccc(Oc2cc(O)c3C(=O)c4ccccc4C(=O)c3c2N)cc1,test
205,A-352,Clc1c(Cl)c(Cl)c2C(=O)OC(=O)c2c1Cl,validation
206,A-355,[Ca++].CC1=NN(c2cccc(c2)[S]([O-])(=O)=O)C(=O)C1N=Nc3cc(Cl)c(Cl)cc3[S]([O-])(=O)=O,validation
207,A-356,CCO,test
208,A-359,COc1ccc(OC)cc1,test
209,A-360,C1CCC(CC1)OCCc2ccccc2,test
210,A-362,[Co++].CCC(C)(CCC(C)C)C([O-])=O.CCC(C)(CCC(C)C)C([O-])=O,test
211,A-363,C/C=C/C(=O)C1C(C)C=CCC1(C)C,validation
212,A-364,O=C(OCC1CO1)c2ccc(cc2)C(=O)OCC3CO3,test
213,A-365,CCCCC/C=C/CCC=O,calibration
214,A-367,[Na+].[Na+].CN(CCO)c1nc(Nc2ccccc2)nc(Nc3ccc(/C=C/c4ccc(Nc5nc(Nc6ccccc6)nc(n5)N(C)CCO)cc4[S]([O-])(=O)=O)c(c3)[S]([O-])(=O)=O)n1,calibration
215,A-368,Cc1cc(C)c(C)c(O)c1,calibration
216,A-369,CC(F)(F)F,test
217,A-370,CC(C)(O)C(=O)c1ccc(OCCO)cc1,calibration
218,A-371,CN=C=S,test
219,A-372,CN(C(=O)N(C)c1ccccc1)c2ccccc2,test
220,A-373,O=C1CCCCCCCCCCC(=O)OCCO1,calibration
221,A-374,CC(C)CCCCCCCO,calibration
222,A-376,[Co++].CCC([O-])=O.CCC([O-])=O,validation
223,A-377,CCOC(=O)C1OC1c2ccccc2,calibration
224,A-378,CC(C)CCCC(C)(C)O,test
225,A-379,CCC(=O)OCc1ccccc1,validation
226,A-381,CC(=O)OC1(CCCCC1)C#C,test
227,A-382,CCN(CC)CC,test
228,A-383,CCCCCCCC\C=C/CCCCCCCCNCCCNCCCN,test
229,A-384,CSC,test
230,A-385,[Na+].CNC([S-])=S,test
231,A-387,Nc1cc(Cl)c(Cl)cc1Cl,validation
232,A-388,Clc1cccc(n1)C(Cl)(Cl)Cl,test
233,A-389,OC(=O)c1cc2ccccc2cc1O,test
234,A-390,C\C=C/C=C.C/C=C/C=C.C1CC=CC1,validation
235,A-391,CC(C)c1cccc(c1)C(C)CC=O,validation
236,A-396,[Na+].[Na+].[Na+].[Na+].[Na+].[Na+].Nc1c(N=Nc2cc(Nc3nc(Cl)nc(Nc4cccc(c4)[S](=O)(=O)CCO[S]([O-])(=O)=O)n3)ccc2[S]([O-])(=O)=O)c(cc5cc(c(N=Nc6ccc7c(cccc7[S]([O-])(=O)=O)c6[S]([O-])(=O)=O)c(O)c15)[S]([O-])(=O)=O)[S]([O-])(=O)=O,test
237,A-397,FC1CC(F)(F)C(F)(F)C1(F)F,calibration
238,A-398,CCCC[Sn](CCCC)(CCCC)O[Sn](CCCC)(CCCC)CCCC,test
239,A-400,CCCCC,validation
240,A-402,COc1cc(\C=C\C)ccc1O,test
241,A-403,Cc1ccc(C=O)cc1C,validation
242,A-405,O.CC([NH3+])c1ccccc1.C[C@@H]2O[C@@H]2[P](O)([O-])=O,test
243,A-407,[Na+].[Na+].[O-]C(=O)c1ccccc1C2=C3C=C(I)C(=O)C(=C3Oc4c(I)c([O-])c(I)cc24)I,test
244,A-409,CCCCOC(C)=O,calibration
245,A-410,Nc1ccc(c2ccc(N)cc2[S](O)(=O)=O)c(c1)[S](O)(=O)=O,test
246,A-411,COc1cc(C=O)cc(c1O)[N+]([O-])=O,test
247,A-412,CCN(CC)c1cccc(NC(C)=O)c1,calibration
248,A-415,O=[Pb],validation
249,A-416,Cc1ccccc1NC(N)=Nc2ccccc2C,test
250,A-420,CCCC(CC)COC(=O)CCc1cc(c(O)c(c1)C(C)(C)C)C(C)(C)C,test
251,A-421,CC1(C)CCCC2(C)C3CCC(C13)C2=C,calibration
252,A-422,Oc1ccccc1C(=O)OCCc2ccccc2,test
253,A-425,CC(COC(=O)c1ccccc1)OC(=O)c2ccccc2,validation
254,A-426,[Ca++].[Ca++].[Ca++].[O-][P]([O-])([O-])=O.[O-][P]([O-])([O-])=O,test
255,A-427,CCC(C)(C)C1CCCCC1OC(C)=O,test
256,A-429,N#C[C](=[C]1CC[CH2]CC1)c2ccccc2,test
257,A-431,OC(=O)Cc1ccccc1Nc2c(Cl)cccc2Cl,test
258,A-432,[O-][N+](=O)c1ccc(CCc2ccc(cc2)[N+]([O-])=O)cc1,test
259,A-433,CC(C)(C)CC(C)(C)c1ccc(O)cc1,validation
260,A-434,CCCCCCCCCc1ccc(O)cc1,test
261,A-435,COc1ccc(cc1[N+]([O-])=O)C(=O)Nc2ccc(cc2)C(N)=O,test
262,A-436,[Cl-].CCCCCCCCCCCCCCCCCC[NH+](C)C,test
263,A-441,[Br-].CCCC[N+](CCCC)(CCCC)CCCC,test
264,A-444,[OH-].[OH-].[Cd++],test
265,A-445,Fc1ccc2O[C@@H](CCc2c1)[C@@H]3CO3.Fc4ccc5O[C@@H](CCc5c4)[C@H]6CO6.Fc7ccc8O[C@H](CCc8c7)[C@@H]9CO9.Fc%10ccc%11O[C@H](CCc%11c%10)[C@H]%12CO%12,test
266,A-447,CC(C)=CCC\C(C)=C\CO,validation
267,A-451,COc1ccccc1OC,test
268,A-452,Nc1cnn(CCO)c1N.O[S](O)(=O)=O,validation
269,A-453,[Na+].[Na+].[O-][S](=O)(=O)c1cccc(c1)[S]([O-])(=O)=O,validation
270,A-454,CCCCOCCO[P](=O)(OCCOCCCC)OCCOCCCC,validation
271,A-457,CCCCCCOC,validation
272,A-458,[O-][N+](=O)c1cc(ccc1Cl)C(F)(F)F,validation
273,A-461,C[C@H]1C[C@H]2[C@@H]3CCC4=CC(=O)C=C[C@]4(C)[C@@]3(F)[C@@H](O)C[C@]2(C)[C@@]1(O)C(=O)CO,test
274,A-463,CC(C)c1ccc(cc1)C(C)CC=O,validation
275,A-465,CC1CC(=CC(C)C1CO)C,test
276,A-466,CC/C(C)=C/CCC(C)(O)C=C,test
277,A-467,O=C(OCC1CO1)c2ccc(C(=O)OCC3CO3)c(c2)C(=O)OCC4CO4,calibration
278,A-468,CC1CC(C)(CO1)c2ccccc2,validation
279,A-469,CCCCC(CC)C(=O)OCC,validation
280,A-470,Oc1cccc2cccnc12,test
281,A-471,[Na+].[Na+].[Na+].CCN(c1cccc(c1)[S](=O)(=O)CCO[S]([O-])(=O)=O)c2nc(Cl)nc(Nc3ccc4C(=O)C(=N/Nc5ccc(OC)cc5[S]([O-])(=O)=O)\C(=Cc4c3)[S]([O-])(=O)=O)n2,test
282,A-472,[OH-].[OH-].[Zn++],test
283,A-475,CCOc1ccccc1OCC,test
284,A-476,C\C=C\C,validation
285,A-477,OCC(O)C(O)C(O)CO,validation
286,A-478,CC(=C)C=C,test
287,A-481,CCCCCCCC/C=C/CCCCCCCCNCCCNCCCNCCCN,test
288,A-482,CC(C)CCCC(C)CCO,test
289,A-483,[Na+].[Na+].CCN1C(=C(N=Nc2ccc(cc2)[S](=O)(=O)c3ccc(cc3)N=NC4=C(O)N(CC)C(=O)C(=C4C)C[S]([O-])(=O)=O)C(=C(C[S]([O-])(=O)=O)C1=O)C)O,test
290,A-485,CC(=O)c1ccccc1,test
291,A-487,CCCCCC(O)C(/C)=C/CC,test
292,A-488,CCCCOC(=O)CCC,test
293,A-491,OC(=O)c1ccccc1C(O)=O,test
294,A-492,O=CC1CCC2C3CCC(C3)C12,validation
295,A-493,CC(C)c1ccccc1C(C)C.OO,validation
296,A-494,Cc1cccc(C)c1O,calibration
297,A-495,[Re],validation
298,A-496,CCC(O)c1ccccc1,calibration
299,A-497,CC(=O)c1cccc(c1)C(F)(F)F,test
300,A-498,Nc1ccc(Cl)cc1Cl,calibration
301,A-499,CC(=O)O[C@@H]1C[C@@H]2CC[C@@]1(C)C2(C)C,test
302,A-500,NN[S](=O)(=O)c1ccc(Oc2ccc(cc2)[S](=O)(=O)NN)cc1,test
303,A-501,[Sr++].[O-][P]([O-])([O-])=O,test
304,A-503,CC/C=C/CC/C=C/C=C,test
305,A-504,OC\C=C/CO,calibration
306,A-506,CCOCCOCCOCCOC(=O)C(C)=C,validation
307,A-508,CC(=O)OCC1=C(N2[C@H](SC1)[C@H](N)C2=O)C(O)=O,validation
308,A-511,CCCCCCCCCC(O)=O,calibration
309,A-514,CC(C)C,test
310,A-515,CCCC,validation
311,A-516,CC,test
312,A-519,CC1(C)C2CC=C(CCC=O)C1C2,test
313,A-520,OC(=O)Cc1ccc(O)cc1,validation
314,A-521,COc1ccc(COC(C)=O)cc1,calibration
315,A-523,[H+].[NH4+].[F-].[F-],calibration
316,A-525,Nc1nc(N)nc(n1)c2ccccc2,validation
317,A-526,CC(C)(C)C1CCC(CC1)OC(=O)C=C,test
318,A-533,Brc1ccc(Br)c(C=C)c1,calibration
319,A-535,Cc1ccccc1NC(=O)c2cc3ccccc3cc2O,validation
320,A-539,COC(=O)c1nc(Cl)c(Cl)nc1N,test
321,A-541,O1[Pb]O[Pb]2O[Pb]1O2,validation
322,A-542,CCCCCCCC\C=C/CCCCCCCC(=O)N(CCCC)CCCC,test
323,A-543,CC(=C)C(=O)OC1CC2CCC1(C)C2(C)C,calibration
324,A-545,CCCCCCCCCOC(C)=O,calibration
325,A-547,CCCCCCCCCCCCCCCCCCCCCCCCCCCCCC.CCCCCCCCCCCC(CC)CCCCCCC(CC)CCCCCCC.CCC1CCC(CC)CC1.Cc2cccc(C)c2.C3CCC4CC5CCCCC5CC4C3.c6ccc7ccccc7c6.c8ccc9cc%10ccccc%10cc9c8,test
326,A-550,CCCCCCCCCCCCCC.CCc1ccccc1.c2ccccc2.c3ccc4ccccc4c3.c5ccc6cc7ccccc7cc6c5,validation
327,A-551,c1ccc2ccccc2c1,calibration
328,A-553,Oc1ccccc1C(=O)OC2CCCCC2,test
329,A-554,CC(=C)[C@@H]1CCC(=CC1)C,test
330,A-555,CC\C=C/CCOC(=O)C\C=C/CC,test
331,A-556,CC[C@]12CC[C@H]3[C@@H](CCC4=C3CC=C(C4)OC)[C@@H]1CC[C@@H]2O,calibration
332,A-557,CCCCCCCCCCCC(=O)OCC(O)CO,test
333,A-558,COc1ccc(c(O)c1)C(=O)c2ccccc2,calibration
334,A-560,CC1CCC2C(C)(C)C3CC12CC(=C3C)C(C)=O,test
335,A-563,CCOC(=O)c1ccccc1,test
336,A-564,OC(=O)CCc1ccccc1,calibration
337,A-566,CC(C)=CCC\C(C)=C\C=O,validation
338,A-568,CCCCCCC1CCCC1=O,test
339,A-569,CC(C)C(=O)C(C)(C)CC=C(C)C,test
340,A-570,Oc1ccc(C=C)cc1C=C,test
341,A-574,Nc1ccc(Cl)cc1O,test
342,A-575,CCOc1ccc(cc1)C(O)=O,test
343,A-576,[OH-].[OH-].[Pb++].[Pb++].[Pb++].[O-]C([O-])=O.[O-]C([O-])=O,test
344,A-578,Nc1c(Cl)cc(cc1Cl)C(F)(F)F,test
345,A-579,CNCCCN1c2ccccc2CCc3ccccc13,calibration
346,A-581,CC(C)(C)C(=O)C(Oc1ccc(Cl)cc1)n2ccnc2,test
347,A-584,CCCCCCCCC(O)CO,test
348,A-586,CCC(C)C1CCCCC1=O,test
349,A-587,COc1cc(C=O)ccc1OC(=O)C(C)C,test
350,A-588,Cc1ccccc1,calibration
351,A-594,[Sr++].Cc1cc(N\N=C/2C(=O)C(=Cc3ccccc23)C([O-])=O)c(cc1Cl)[S]([O-])(=O)=O,test
352,A-596,C[C@]12CC[C@H]3[C@@H](CCC4=CC(=O)C=C[C@]34C)[C@@H]1CC[C@@H]2O,test
353,A-597,CCc1ccc(CC(C)(C)C#N)cc1,validation
354,A-599,ClCCCCCCCl,validation
355,A-600,CCC(=O)OC1C=CC2C3CCC(C3)C12,test
356,A-601,CCOc1ccccc1,validation
357,A-602,CN1C(=O)N(C(=O)C=C1C(F)(F)F)c2ccc(Cl)c(c2)C(=O)OC(C)(C)C(=O)OCC=C,test
358,A-604,[Fe+3].Cc1ccc(cc1)[S]([O-])(=O)=O.Cc2ccc(cc2)[S]([O-])(=O)=O.Cc3ccc(cc3)[S]([O-])(=O)=O,validation
359,A-606,C=CCOC(=O)COc1ccccc1,test
360,A-607,[NH4+].[I-],test
361,A-610,OC(=O)CCCCC(O)=O.C1CNCCN1,validation
362,A-614,CN[S](=O)(=O)c1cc(OC)c(N)cc1OC,calibration
363,A-616,NC(N)=O.O[P](O)(O)=O,test
364,A-617,NC(N)=O,test
365,A-618,O=C1Nc2ccccc2N1,test
366,A-619,[Fe].[C-]#[O+].[C-]#[O+].[C-]#[O+].[C-]#[O+].[C-]#[O+],test
367,A-620,CC(CCOC(=O)C=C)CCOC(=O)C=C,test
368,A-622,Nc1cccc(Cl)c1,test
369,A-624,CC(=O)OC1CCC2CCCCC2C1,test
370,A-625,CCCCCCCCCCCCCCC(C)c1cc(C)cc(C)c1O,calibration
371,A-626,C1CC=CC1,validation
372,A-628,OC(=O)CC(C[P]1(=O)Oc2ccccc2c3ccccc13)C(O)=O,calibration
373,A-638,C.O[S](O)(=O)=O,calibration
374,A-639,FC(F)(F)C(F)(F)F,test
375,A-640,CC(C)=CCC\C(C)=C/CCC=O,calibration
376,A-645,CC(=C)C(=O)Oc1ccccc1,validation
377,A-646,[Co++].CC([O-])=CC(C)=O.CC([O-])=CC(C)=O,test
378,A-647,CC1=C(C=O)C(C)(C)CC=C1,test
379,A-648,CN(C)Cc1cc(c(O)c(c1)C(C)(C)C)C(C)(C)C,test
380,A-649,CC(=O)CC(C)(C)C1CCCCC1,calibration
381,A-652,CC(C)C1CCC(C)CC1O,validation
382,A-653,[Co++].[O-][Mo]([O-])(=O)=O,test
383,A-655,Nc1ccc(Nc2ccccc2)cc1,test
384,A-656,CCC(C)C(=O)N(C)c1ccccc1,calibration
385,A-657,CO[Si](C)(OC)C=C,validation
386,A-659,NC(=O)c1cccnc1,validation
387,A-660,CNc1ccc(O)cc1.CNc2ccc(O)cc2.O[S](O)(=O)=O,test
388,A-661,[Na+].[Na+].[Na+].[O-][S](=O)(=O)c1ccc2c(c1)C=C(C(=O)/C2=N/Nc3ccc(c4ccccc34)[S]([O-])(=O)=O)[S]([O-])(=O)=O,validation
389,A-662,Cc1cc(C)cc(O)c1,calibration
390,A-665,CCC(COC(=O)C=C)(COC(=O)C=C)COC(=O)C=C,test
391,A-666,CC(C)CC(=O)CC(C)C,calibration
392,A-667,COc1ccc(CC=C)cc1OC,test
393,A-668,Nc1ccc2c(O)cc(cc2c1)[S](O)(=O)=O,validation
394,A-669,[Al+3].[O-]c1ccc2cc(ccc2c1N=Nc3ccc(cc3)[S]([O-])(=O)=O)[S]([O-])(=O)=O,calibration
395,A-673,CCCCCC1=C(CCC1CC(=O)OC)OC(C)=O,test
396,A-674,C=CC1CCC=CC1,test
397,A-675,COc1ccc(cc1O)[C@@H]2CC(=O)c3c(O)cc(O[C@@H]4O[C@H](CO[C@@H]5O[C@@H](C)[C@H](O)[C@@H](O)[C@H]5O)[C@@H](O)[C@H](O)[C@H]4O)cc3O2,validation
398,A-676,CCCCCCCC/C=C/CCCCCCCCN(CCO)CCO,test
399,A-677,CCCCOC(=O)c1ccc(C(=O)OCCCC)c(c1)C(=O)OCCCC,test
400,A-679,CCC(C)N1N=CN(C1=O)c2ccc(cc2)N3CCN(CC3)c4ccc(O)cc4,test
401,A-680,CO[Si](CCCOC(=O)C=C)(OC)OC,test
402,A-683,CCCCCCCCCCCO,test
403,A-686,[Ba++].[O-][B][O-],calibration
404,A-689,CC1(C)[C@H]2CC[C@]1(C)C(C2)OC(=O)C=C,test
405,A-690,O=C1C(c2ccc3ccccc3n2)C(=O)c4ccccc14,validation
406,A-691,CCCCC(CC)COC(=O)OOC(C)(C)C,test
407,A-692,CO[Si](OC)(C1CCCC1)C2CCCC2,calibration
408,A-693,CC1CC(CC(C)(C)C1)OC(=O)C(C)=C,validation
409,A-697,CCCC=O.Nc1ccccc1,calibration
410,A-698,[Zn++].CCCCCCCCCCCC([O-])=O.CCCCCCCCCCCC([O-])=O,validation
411,A-699,CCCCCCCCCCCCCCCCCC(O)=O.NCCNCCNCCNCCN,calibration
412,A-701,CC/C=C/CCOC(=O)c1ccccc1O,test
413,A-705,CC(C)[C@@H]1CC[C@@H](C)CC1=O,test
414,A-706,COC(=O)c1ccc(cc1[N+]([O-])=O)C(O)=O,test
415,A-708,Cc1cc(C)cc(C)c1,test
416,A-709,CC(=O)OC(C)(C)CCCC(=C)C=C,validation
417,A-713,Cc1ccc(cc1Cl)[N+]([O-])=O,test
418,A-714,[Cl-].CCCCCCCCCCCCCCCCCC[N+](C)(C)C,validation
419,A-718,CCCN(CCC)CCC,test
420,A-719,N,test
421,A-722,O=C1CCCCCN1C(=O)NCCCCCCNC(=O)N2CCCCCC2=O,calibration
422,A-724,CC(C)CCOC(=O)CC(C)C,calibration
423,A-725,CCCCCC(CO)CCC,calibration
424,A-726,Nc1ccc(CCc2ccc(N)cc2)cc1,calibration
425,A-728,COC(=O)c1cccnc1,validation
426,A-731,[Ca++].O[C@H]([C@@H](O)C(O)=O)C(O)=O,calibration
427,A-738,CC(C)(C)c1ccc(cc1)C(O)=O,calibration
428,A-740,[Cl-].[Cu+],test
429,A-741,[Ni++].[O-][Mo++]([O-])([O-])[O-],validation
430,A-742,Nc1cccc2ccc(cc12)[S](O)(=O)=O,test
431,A-743,FC(F)C(F)(F)F,validation
432,A-744,Cc1cccc(O)c1C,validation
433,A-746,Oc1c(I)cc(Cl)c2cccnc12,validation
434,A-749,CCCCC(CC)C(=O)OOC(C)(C)C,validation
435,A-750,CC1C(CC2CC1C2(C)C)C=O,test
436,A-752,CC(C)(O)CCc1ccccc1,validation
437,A-756,CC(=O)Oc1ccc(cc1)[N+]([O-])=O,test
438,A-758,CC(=O)c1oc2ccccc2c1,calibration
439,A-760,[Cl-].[NH3+]c1cc(cc(Cl)c1O)[N+]([O-])=O,test
440,A-761,CCC(O)COC1CCCCC1C(C)(C)C,calibration
441,A-770,CC(C)C1CCC(C)CC1OO,test
442,A-772,CC(C)COC(=O)c1cc(N)c(Cl)c(N)c1,calibration
443,A-773,OC1(CCCCC1)C(=O)c2ccccc2,test
444,A-775,[H+].[H+].[Cl-].[Cl-].NNCc1ccccc1,calibration
445,A-777,CCOc1nc2cccc(C(O)=O)c2n1Cc3ccc(cc3)c4ccccc4c5n[nH]nn5,test
446,A-779,Clc1nc(Cl)nc(Cl)n1,test
447,A-780,COc1cc(c(O)c(c1)C(C)(C)C)c2cc(OC)cc(c2O)C(C)(C)C,test
448,A-781,C[C@]1(Cn2ccnn2)[C@@H](N3[C@@H](CC3=O)[S]1(=O)=O)C(O)=O,test
449,A-784,CN(C=O)c1ccccc1,calibration
450,A-787,Nc1ccc(cc1[S](O)(=O)=O)[S](O)(=O)=O,calibration
451,A-789,CC(C)[C@@H]1CC[C@@H](C)C[C@@H]1O,calibration
452,A-790,COc1ccc(cc1[N+]([O-])=O)C(O)=O,test
453,A-791,CC12CCC3C(CCC4=CC(=O)C=CC34C)C1CCC2=O,test
454,A-792,CC(C)(C)C(=O)OCCc1ccccc1,test
455,A-793,CC(OC(C)=O)C1CCCCC1,test
456,A-794,CC(=O)CCC1=C(C)CCCC1(C)C,test
457,A-797,[Br-].CC[P+](c1ccccc1)(c2ccccc2)c3ccccc3,test
458,A-800,CC[N+](CC)(CC(=O)Nc1c(C)cccc1C)Cc2ccccc2.[O-]C(=O)c3ccccc3,validation
459,A-803,CCCCCCO,validation
460,A-808,CC(C)[C@@H]1CC[C@@H](C)C[C@H]1O,calibration
461,A-811,CC/C(C)=C/CC/C(C)=C/C#N,calibration
462,A-812,CCCCCCC1(C)CCC(=O)O1,test
463,A-813,COC(C)(C)C,calibration
464,A-816,[Na+].Nc1ccc(cc1[S]([O-])(=O)=O)[N+]([O-])=O,validation
465,A-818,C[C@H]1CCC2(O)C(C)(C)C3CC[C@@]2(C)C1C3,test
466,A-819,CCc1ccccc1.CCc2cc(CC)c(CC)cc2CC.CCC(C)(c3ccccc3)c4ccccc4.Cc5ccccc5.Cc6ccccc6c7ccccc7.Cc8cccc9ccccc89.C=Cc%10ccccc%10.C%11CCC(CC%11)c%12ccccc%12.C(Cc%13ccccc%13)c%14ccccc%14.c%15ccccc%15.c%16ccc(cc%16)c%17ccccc%17,validation
467,A-824,C(NCc1ccccc1)c2ccccc2,test
468,A-825,Cc1cccc2n[nH]nc12,validation
469,A-826,Nc1cc(cc(c1O)[S](O)(=O)=O)[N+]([O-])=O,test
470,A-827,[Na+].[Na+].[Na+].[Na+].OCCN(CCO)c1nc(Nc2ccc(cc2)[S]([O-])(=O)=O)nc(Nc3ccc(\C=C\c4ccc(Nc5nc(Nc6ccc(cc6)[S]([O-])(=O)=O)nc(n5)N(CCO)CCO)c(c4)[S]([O-])(=O)=O)cc3[S]([O-])(=O)=O)n1,validation
471,A-830,COC(=O)c1ccccc1C(=O)OC,test
472,A-831,[Cl-].CN(C)c1ccc(cc1)[C+](c2ccc(cc2)N(C)C)c3ccc(cc3)N(C)C,validation
473,A-832,CCCCCC1CCCC(=O)O1,validation
474,A-833,CCOC(=O)CC(=O)C(F)(F)F,test
475,A-834,[O-][N+](=O)OCCOCCO[N+]([O-])=O,test
476,A-841,O[Si](O)(c1ccccc1)c2ccccc2,calibration
477,A-842,CCCCCOC(=O)CCCC,test
478,A-843,CC1=CC(=O)N(Cc2cccc(CN3C(=O)C=C(C)C3=O)c2)C1=O,test
479,A-844,[Ni++].[O-]C(=O)C([O-])=O,calibration
480,A-848,CC\C=C/CCOC(=O)c1ccccc1,test
481,A-851,COC(=O)c1ccc(c(N)c1)C(=O)OC,validation
482,A-853,CCCC(CC)CCCCCCCN,test
483,A-855,OC(=O)CCCCCCCCCCC(O)=O,test
484,A-857,CC1(C)CCC2OC23C(C)(C)C4CCC13C4,test
485,A-861,CC(O)CSCCCCCCCCC(C)(C)C,validation
486,A-862,CCCCCCCCCCCC(O)=O,test
487,A-863,CCCCc1nc(Cl)c(CO)n1Cc2ccc(cc2)c3ccccc3c4n[nH]nn4,validation
488,A-864,[O--].[O--].[O--].[Lu+3].[Lu+3],calibration
489,A-865,CCCCC(CC)COC(=O)CS,test
490,A-867,CCC(C)(C)c1ccccc1,validation
491,A-868,CC(CCC=O)C1C(=CCCC1(C)C)C,test
492,A-870,CC1(C)C2CCC(C2)C1=C,test
493,A-871,CC(CC1CCCC1=O)C2CCC(=CC2)C,validation
494,A-874,CCCCCCCCCC(=O)OC,validation
495,A-875,[Pr+3].[Pr+3].[O-]C([O-])=O.[O-]C([O-])=O.[O-]C([O-])=O,validation
496,A-876,CCCCN(CCCC)C(=O)N(CCCC)CCCC,test
497,A-877,CO[C@]1(C)CCC23C[C@@H]1C(C)(C)[C@@H]2CC[C@H]3C,test
498,A-883,COC1CCCCCCCCCCC1,test
499,A-884,CCOC1(C)CCC2C(=C)C1CCC2(C)C,test
500,A-885,CCN(CC)C(=S)SSC(=S)N(CC)CC,calibration
501,A-886,Cc1ccc(N2C(=O)c3cccc4c(N)ccc(C2=O)c34)c(C)c1,calibration
502,A-887,Cc1cc(cc(C)c1CC#N)C(C)(C)C,calibration
503,A-888,CC(C)(c1ccccc1)c2ccc(O[P@]3OC[C@]4(CO3)CO[P@](OC4)Oc5ccc(cc5C(C)(C)c6ccccc6)C(C)(C)c7ccccc7)c(c2)C(C)(C)c8ccccc8,validation
504,A-889,O=C1NC(=O)c2cccc3cccc1c23,calibration
505,A-890,CCCC[Sn](=O)CCCC,test
506,A-891,CCCC[Sn++]CCCC.CCCCC(CC)C([O-])=O.CCCCC(CC)C([O-])=O,validation
507,A-893,O=C1CCC2CCCCC2O1,test
508,A-895,COC(=O)c1ccc(C)cc1,calibration
509,A-896,CC1CC(C)(C)OC(Cc2ccccc2)O1,test
510,A-898,Nc1ccccc1N,calibration
511,A-901,O=C1N[S](=O)(=O)c2ccccc12,test
512,A-904,[Na+].Cc1cc(ccc1N)[S]([O-])(=O)=O,validation
513,A-906,CC(C)CCCC(C)CC#N,calibration
514,A-907,[Ca++].[O-][Mo]([O-])(=O)=O,calibration
515,A-908,O=C1CCCCCN1C(=O)c2cccc(c2)C(=O)N3CCCCCC3=O,test
516,A-909,CC(C)=CCC\C(C)=C\CCC(C)=O,validation
517,A-914,CCCCCC(=O)OCC=C,test
518,A-916,[Na+].Nc1cc(cc(c1[O-])[N+]([O-])=O)[N+]([O-])=O,calibration
519,A-917,Fc1ccc(cc1)C(=O)CCCCl,test
520,A-922,CC(C)[Si](OC(=O)C=C)(C(C)C)C(C)C,test
521,A-924,CC(C)OC(=O)CCC(=O)OC(C)C,test
522,A-926,[Sr++].Cc1ccc(N\N=C\2C(=O)C(=Cc3ccccc23)C([O-])=O)c(c1)[S]([O-])(=O)=O,test
523,A-927,[Cl-].C[N+](C)(C)c1ccc2ccc(O)c(N=Nc3ccc(N)cc3)c2c1,test
524,A-929,NC(=O)C(F)(F)F,test
525,A-930,CCC(C)(C)C1CCC(=O)CC1,test
526,A-932,Cc1ccc(cc1[N+]([O-])=O)[S](C)(=O)=O,calibration
527,A-935,CCCCCCC#CC(=O)OC,calibration
528,A-936,CCCCCCCCCCO,calibration
529,A-939,O=[P](c1ccccc1)(c2ccccc2)c3ccccc3,validation
530,A-940,COc1ccc(OC)c(Cl)c1,validation
531,A-944,OCCOc1ccc2ccccc2c1,test
532,A-950,CCCCOc1ccccc1,calibration
533,A-951,O=C(OCCOCCOC(=O)c1ccccc1)c2ccccc2,test
534,A-953,CCCCCCCC\C=C/CCCCCCCCNCCCN,test
535,A-954,Clc1ccc(Cl)c(Cl)c1,test
536,A-959,Cc1c(CO)nccc1OCC(F)(F)F,test
537,A-960,COC,test
538,A-961,COc1cc(\C=C\C(O)=O)cc(OC)c1OC,validation
539,A-962,[Ba++].[O-]P=O.[O-]P=O,calibration
540,A-967,BrCCCCBr,validation
541,A-969,C1CCc2ccccc2C1,validation
542,A-971,CCCCOC(=O)CCCCC(=O)OCCCC,test
543,A-972,CCO[P](=O)(C(=O)c1c(C)cc(C)cc1C)c2ccccc2,validation
544,A-973,Cc1ccc(c(O)c1)C(C)(C)C,validation
545,A-974,COC(=O)c1ccc(C(=O)OC)c(c1)[N+]([O-])=O,calibration
546,A-975,[Co++].CC([O-])=O.CC([O-])=O,calibration
547,A-976,C=CC(=O)OCCCCCCOC(=O)C=C,test
548,A-978,CCCCCCCCCC(=O)N(C)C,validation
549,A-982,Nc1ccc(cc1)N=Nc2ccccc2,test
550,A-986,CC1=CCC(CC#N)C1(C)C,calibration
551,A-988,Cc1ccc(O)c(c1)C(C)(C)C,validation
552,A-989,[Cl-].C[N+](C)(C)c1ccccc1,test
553,A-990,CC(=O)OC(C)(C)C1CCC(=CC1)C.CC23CCC(CC2)C(C)(C)O3,test
554,A-991,C=CCOc1nc(OCC=C)nc(OCC=C)n1,validation
555,A-993,CCCCC(O)=O,calibration
556,A-994,CC(O)C(C)Cc1ccccc1,validation
557,A-995,CCCCC(C(=O)OCC)C(=O)OCC,test
558,A-996,CCCCCCCCCCCC1=NCCN1CCO,test
559,A-997,FC(F)(F)c1ccc(Cl)cc1,test
560,A-998,Oc1ccc(cc1)c2ccc(O)cc2,calibration
561,A-999,C\C=C\OC1CCC(CC1)O\C=C\C,calibration
562,A-1000,O=C1CCCCCCCCCOCCCCCO1,test
563,A-1002,CCCCCCCCCCC(C)CCCCCCCC,test
564,A-1003,NC(=O)N=NC(N)=O,calibration
565,A-1004,CC(C)(C)c1ccc(O)c(c1)C(C)(C)C,test
566,A-1005,CC(Cc1ccc(cc1)C(C)(C)C)C=O,test
567,A-1006,COc1ccc(cc1N)C(=O)Nc2ccccc2,validation
568,A-1007,[C-]#[O+],test
569,A-1009,CCC(C)(C)Cl,test
570,A-1011,N#CCN(CCN(CC#N)CC#N)CC#N,calibration
571,A-1013,CC(C)(C)OOC(=O)c1ccccc1,validation
572,A-1014,CC(F)F,test
573,A-1015,CCC(C)(O)CCCC(C)C,test
574,A-1016,COc1ccc2NC(=S)Nc2c1,test
575,A-1018,FC(F)(F)Br,test
576,A-1020,[Zn++].CC(C)CCCCCO[P]([S-])(=S)OCCCCCC(C)C.CC(C)CCCCCO[P]([S-])(=S)OCCCCCC(C)C,test
577,A-1021,C1OC1COc2ccc3c(OCC4CO4)cccc3c2,validation
578,A-1022,CC(C)=CCC\C(C)=C\COC=O,test
579,A-1023,O.O.O.O.[Pb].[Pb].[Pb].[Pb].[Pb].[O-][S]([O-])(=O)=O,test
580,A-1024,C[C@@H]1CC=C(C)[C@H](\C=C\C(C)=O)C1(C)C,validation
581,A-1025,CO[SiH](CC1CCCCC1)OC,test
582,A-1027,Nc1ccc(\C=C\c2ccc(N)cc2[S](O)(=O)=O)c(c1)[S](O)(=O)=O,calibration
583,A-1028,[Zn++].Cc1cccc2[N-]C(=S)Nc12.Cc3cccc4NC(=S)[N-]c34,test
584,A-1029,OC(=O)CC[P](O)(=O)c1ccccc1,validation
585,A-1030,O=[S](Cc1ccccc1)Cc2ccccc2,test
586,A-1032,CC(C)(N=NC(C)(C)C#N)C#N,validation
587,A-1033,CCC(C)COC(=O)C=C,test
588,A-1034,Clc1sc2ccccc2n1,validation
589,A-1035,CC1=CC(=O)N(O)C(=C1)C2CCCCC2.NCCO,calibration
590,A-1038,Clc1ccc2c(Cl)ccnc2c1,test
591,A-1041,Nc1ccccc1[S](O)(=O)=O,validation
592,A-1042,[Ti+4].CC(C)[O-].CC(C)[O-].CC(=O)[CH-]C(C)=O.CC(=O)[CH-]C(C)=O,test
593,A-1043,CC(=O)Nc1ccc(cc1)[S](Cl)(=O)=O,test
594,A-1050,CCC(=O)OC1C(C)CCCC1(C)C,calibration
595,A-1051,COC(=O)c1ccc(cc1)C(=O)OC,calibration
596,A-1052,CCCCCCCC1CCCC1=O,calibration
597,A-1053,O=C(Cc1ccccc1)OCc2ccccc2,calibration
598,A-1056,CN(C)C(=S)SC(=S)N(C)C,validation
599,A-1058,C[C@@H](CCO)CCC=C(C)C,calibration
600,A-1059,CCC(=O)C(C)CC=C(C)C,calibration
601,A-1060,Cc1cc(C)c(N)c(c1)[S](O)(=O)=O,test
602,A-1062,s1cccc1,test
603,A-1065,CC(C)(c1ccc(O)cc1)c2ccc(O)cc2,calibration
604,A-1066,ClC(Cl)(Cl)C=O,calibration
605,A-1067,CCC(C)CO,calibration
606,A-1068,CC(C)CCO,test
607,A-1069,[Na+].[Na+].[Na+].[Na+].CC(=O)Nc1ccc(c2C=C(/C(=N/Nc3ccc(N=Nc4ccc(cc4)[S]([O-])(=O)=O)c5ccc(cc35)[S]([O-])(=O)=O)C(=O)c12)[S]([O-])(=O)=O)[S]([O-])(=O)=O,test
608,A-1070,s1cnc2ccccc12,test
609,A-1073,OC(=O)c1cccc(c1)[N+]([O-])=O,validation
610,A-1074,O=[Mo]=O,test
611,A-1076,O=C1Nc2ccccc2C(=O)O1,validation
612,A-1077,OC(c1ccccc1)C(=O)c2ccccc2,test
613,A-1080,CCCCCCCCO,test
614,A-1082,O=[Te]=O,validation
615,A-1085,COC(=O)COc1nc(F)c(Cl)c(N)c1Cl,calibration
616,A-1088,CC(C)=CCCC(C)(OC(C)=O)C=C,test
617,A-1091,CC(C)(C)c1cccc(c1O)C(C)(C)C,calibration
618,A-1092,COc1ccc(cc1O)[C@@H]2CC(=O)c3c(O)cc(O[C@@H]4O[C@H](CO)[C@@H](O)[C@H](O)[C@H]4O[C@@H]5O[C@@H](C)[C@H](O)[C@@H](O)[C@H]5O)cc3O2,calibration
619,A-1093,[Ce+3].[Ce+3].[O-]C([O-])=O.[O-]C([O-])=O.[O-]C([O-])=O,validation
620,A-1094,CCCCC(CC)COC(C)=O,validation
621,A-1095,CCCCCCCCC(C)C#N,calibration
622,A-1096,CCN1C(=O)C(=N/Nc2ccc(Cl)cc2[N+]([O-])=O)/C(=C(C#N)C1=O)C,test
623,A-1097,CC(C)CCCC=C,calibration
624,A-1098,ClCCc1cc2CC(=O)Nc2cc1Cl,test
625,A-1099,CCCCOCCOC(=O)CCCCC(=O)OCCOCCCC,test
626,A-1100,CC(c1ccccc1)c2ccccc2,calibration
627,A-1101,Cc1ccccc1Cc2ccccc2,test
628,A-1104,[Nd+3].[Nd+3].[O-]C([O-])=O.[O-]C([O-])=O.[O-]C([O-])=O,test
629,A-1105,CC(=O)O[C@@]1(CC[C@H]2[C@@H]3CCC4=CC(=O)CC[C@@H]4[C@H]3CC[C@]12C)C(C)=O,test
630,A-1106,OC(=O)c1cc(Nc2ccccc2)c(cc1Nc3ccccc3)C(O)=O,test
631,A-1107,O=C(OCc1ccccc1)/C=C/c2ccccc2,validation
632,A-1110,O=C1N=C(NC(=N1)c2ccccc2)c3ccccc3,test
633,A-1111,[O--].[O--].[O--].[Gd+3].[Gd+3],test
634,A-1112,CC(C)C(=O)OC(C)(CCC=C(C)C)C=C,validation
635,A-1113,Cc1cc(C)c(c(C)c1)C(=O)[P](=O)(c2ccccc2)c3ccccc3,test
636,A-1114,CCCCC(CC)C(=O)OCC(C)(C)COC(=O)C(CC)CCCC,calibration
637,A-1115,[O--].[O--].[O--].[O--].[O--].[Ti+4].[Zr+4].[Pb++],test
638,A-1116,CCOC(=O)C1C(C=C(C)C)C1(C)C,calibration
639,A-1119,NC(=O)c1ccc(NC(=O)c2ccc(cc2)[N+]([O-])=O)cc1,validation
640,A-1120,CC(=O)c1cc(cc2c1CCC2(C)C)C(C)(C)C,validation
641,A-1121,COc1cc(N[S](=O)(=O)c2ccc(C)cc2)c3C(=O)c4ccccc4C(=O)c3c1N,calibration
642,A-1122,[H+].[Mn++].Cc1cc(c(cc1Cl)N=Nc2c([O-])c(cc3ccccc23)C([O-])=O)[S]([O-])(=O)=O,test
643,A-1123,Cc1ccc(Nc2cc(C(O)=O)c(Nc3ccc(C)cc3)cc2C(O)=O)cc1,validation
644,A-1125,COc1cc(NC(=O)c2cc3ccccc3cc2O)c(OC)cc1Cl,test
645,A-1126,CCCCC(CC)COC(=O)C(C)=C,validation
646,A-1127,CCCCC(CC)CCl,calibration
647,A-1128,NC(=O)c1ccc(NC(=O)c2ccc(N)cc2)cc1,calibration
648,A-1129,C.CCCCCCCCCCCCO,calibration
649,A-1132,C=CC(=O)OCCCCCCCCCCOC(=O)C=C,test
650,A-1133,C[C@H]1CC(=O)C[C@@H]2CC[C@H]3[C@@H]4CC[C@H](O)[C@@]4(C)CC[C@@H]3[C@@]12C,validation
651,A-1134,CC1(C)CC2(CC(C)(C)N1)OC3(CCCCCCCCCCC3)NC2=O,validation
652,A-1135,CCC(C)(C)c1ccc(O)c(c1)C(C)(C)CC,calibration
653,A-1137,CCCCC(CC)COC(=O)CS[Sn](C)(SCC(=O)OCC(CC)CCCC)SCC(=O)OCC(CC)CCCC,test
654,A-1139,ClC(=O)OCCOCCOC(Cl)=O,calibration
655,A-1140,[Lu+3].[Lu+3].[O-]C(=O)C([O-])=O.[O-]C(=O)C([O-])=O.[O-]C(=O)C([O-])=O,test
656,A-1141,OCc1cccc(Oc2ccccc2)c1,calibration
657,A-1143,O=C1CCCCCCCCCCCN1,test
658,A-1144,COC(=O)\C=C\c1ccccc1,calibration
659,A-1145,CSc1cc(SC)c(N)c(C)c1N,test
660,A-1148,COc1ccc(\C=C\C)cc1OC,calibration
661,A-1149,Cc1ccc2cccc(O)c2n1,test
662,A-1152,[Co++].CCC1CCC(CCC([O-])=O)C1.CCC2CCC(CCC([O-])=O)C2,test
663,A-1153,CC(C)(COCCCOC(=O)C=C)COCCCOC(=O)C=C,calibration
664,A-1154,CCCCCOC=O,test
665,A-1155,COC(=O)c1cccc(c1)C(=O)OC,calibration
666,A-1156,C=Cc1ccccc1,test
667,A-1157,CCCCCCOC(=O)C(C)=C,test
668,A-1158,Clc1cc(Cl)c(Cl)nc1Cl,calibration
669,A-1160,Nc1scc(n1)c2ccc3ccccc3c2,test
670,A-1161,CCCCCC(CO)Cc1ccccc1,calibration
671,A-1163,CCCCCCCCCC=O,test
672,A-1165,CC(=O)OC/C=C(C)/CCC=C(C)C,test
673,A-1167,CC(CC/C=C(C)/CCC=O)C=C,validation
674,A-1168,COC(=O)C(F)(F)F,test
675,A-1170,CCOc1cc(C=O)ccc1O,test
676,A-1172,CC(=O)CCc1ccccc1,test
677,A-1173,COc1cc(NC(=O)CC(C)=O)c(OC)cc1Cl,validation
678,A-1174,CC(=O)OC\C=C\c1ccccc1,calibration
679,A-1177,CC(=O)Oc1ccc(cc1C2C(=O)Oc3ccc(cc23)C(C)(C)CC(C)(C)C)C(C)(C)CC(C)(C)C,test
680,A-1179,CCCCC(CC)COC(=O)Nc1ccc(C)c(NC(=O)OCCN(C)C)c1.CC(O)C(O)=O,test
681,A-1181,CCC(C)CCCC(C)(C)O,test
682,A-1182,[Na+].ClN1C(=O)[N-]C(=O)N(Cl)C1=O,test
683,A-1185,Nc1cc(ccc1O)[S](O)(=O)=O,test
684,A-1186,C[C@]12CCC(=O)C=C1CC[C@H]3[C@@H]4CC[C@](O)(C(=O)CO)[C@@]4(C)C[C@H](O)[C@H]23,test
685,A-1188,CCCCCCCC/C=C/CCCCCCCC(O)=O.NCCO,validation
686,A-1193,CC(CO)CCC1CC=C(C)C1(C)C,test
687,A-1196,CCCCCCCCCCCC(=O)N(C)C,test
688,A-1197,CC(C)(C)C1CCC(O)CC1,test
689,A-1199,CCCCCCCCCCCCCCN(C)C,validation
690,A-1203,CCCCl,test
691,A-1204,[Zn++].CC(C)CC(C)O[P]([S-])(=S)OC(C)C.CC(C)CC(C)O[P]([S-])(=S)OC(C)C,calibration
692,A-1205,[O-][N+](=O)c1cccc(Cl)c1,test
693,A-1206,CC(=O)c1ccc2ccccc2c1,test
694,A-1207,[Na+].[Na+].Nc1ccc(N=Nc2ccc(N[S](=O)(=O)c3ccc(cc3)N=Nc4c(O)c5c(N)c(N=Nc6ccc(cc6)[N+]([O-])=O)c(cc5cc4[S]([O-])(=O)=O)[S]([O-])(=O)=O)cc2)c(N)c1,calibration
695,A-1209,CC(Cl)CCl,calibration
696,A-1211,CCNc1ccccc1,calibration
697,A-1212,CC(C)CCOCCC(C)C,validation
698,A-1213,[Na+].CN(c1ccccc1)[S](=O)(=O)C2=CC(=O)C3=C(NNc4ccc(NC(=O)CCl)cc4[S]([O-])(=O)=O)C(=N)C=CC3=C2,test
699,A-1214,Cc1ccc(Cl)c(Cl)c1,test
700,A-1215,COc1cc(c(OC)cc1N)[S](=O)(=O)Nc2ccccc2,validation
701,A-1219,CC(=O)CC(c1ccccc1)C2=C(O)Oc3ccccc3C2=O,calibration
702,A-1220,[H+].[Cl-].CC1=CC(C=CC1=N)=C(c2ccc(N)cc2)c3ccc(N)cc3,validation
703,A-1222,CC(C)CO[P](=O)(OCC(C)C)OCC(C)C,test
704,A-1225,COC(=O)c1ccccc1C,validation
705,A-1226,CC(C)=C,validation
706,A-1227,CC(=O)OC[C@@H](OC(C)=O)C=C,validation
707,A-1228,Nc1cccc(O)c1,test
708,A-1231,CCCc1nc(C)c2n1NC(=NC2=O)c3cc(ccc3OCC)[S](=O)(=O)N4CCN(CC)CC4,validation
709,A-1232,CCCCCCCC/C=C/CCCCCCCC(=O)NCCCN(C)C,validation
710,A-1233,Cc1c(Cl)cccc1Cl,test
711,A-1234,O=C1CCCCCCCCCCC1,calibration
712,A-1235,CC(C)=CCCC(C)(O)C#C,validation
713,A-1236,Cc1ccc(cc1[N+]([O-])=O)C(O)=O,validation
714,A-1237,COc1ccc(cc1N)[S](O)(=O)=O,test
715,A-1239,Oc1ccc(cc1O)C(=O)c2ccccc2,test
716,A-1240,CCN(CCO)c1ccc(cc1)N=Nc2sc3cc(OC)ccc3[n+]2C.CC([O-])=O,validation
717,A-1243,CCCC1C[C@](C)(CCO1)OC(C)=O.CCCC2C[C@@](C)(CCO2)OC(C)=O,test
718,A-1245,CCCCC(CC)CN,validation
719,A-1246,Cc1ccc(N)cc1Cl,test
720,A-1247,Oc1ccc(c(O)c1)C2=C(O)C(=O)c3c(O)cc(O)cc3O2,calibration
721,A-1252,CC(c1ccc(O)cc1)(c2ccc(O)cc2)c3ccc(O)cc3,validation
722,A-1254,Cc1ccc(Cl)cc1Cl,test
723,A-1255,COC1OC(CO[S](=O)(=O)c2ccc(C)cc2)C3OC(C)(C)OC13,test
724,A-1256,COc1ccccc1C,test
725,A-1258,OC(=O)Cc1ccc(Cl)cc1Cl,test
726,A-1259,CC(C)(c1ccc(O)cc1)c2ccc(O)cc2.ClCC3CO3,validation
727,A-1261,[Zr+4].CCC([O-])=O,test
728,A-1263,Clc1ccc(cc1)C#N,calibration
729,A-1268,[O-][N+](=O)c1ccc(Cl)cc1,test
730,A-1269,CC(C)c1ccc(C=O)cc1,test
731,A-1270,CC(=C)C(=O)OCCCCOC(=O)C(C)=C,test
732,A-1274,CCC(=O)c1cccc(Cl)c1,calibration
733,A-1275,C1OC1COc2ccccc2,test
734,A-1276,OC(=O)CCCCCCCC(O)=O,validation
735,A-1277,O=C1CCCCCCCCCCOCCCCO1,test
736,A-1280,CC(C)CCCC(C)CC=O,test
737,A-1286,S=C(Nc1ccccc1)Nc2ccccc2,test
738,A-1287,C[C@]12CC[C@H]3[C@@H](CCC4=C3CCC(=O)C4)[C@@H]1CCC2=O,test
739,A-1288,CCCBr,test
740,A-1289,COc1ccc(Cl)cc1,calibration
741,A-1290,C[C@@H]1C[C@H]2[C@@H]3C[C@H](F)C4=CC(=O)C=C[C@]4(C)[C@H]3[C@@H](O)C[C@]2(C)[C@H]1C(=O)CO,test
742,A-1291,[Na+].[O-][S](=O)(=O)c1cccc(c1)N=Nc2ccc(Nc3ccccc3)cc2,calibration
743,A-1292,CNC(=O)N(c1ccccc1)c2ccccc2,validation
744,A-1293,Nc1ccccc1c2ccccc2,test
745,A-1294,ClCCO[P](=O)(OCCCl)OCC(CCl)(CCl)CO[P](=O)(OCCCl)OCCCl,calibration
746,A-1295,OC(=O)C1CCC(CC1)C(O)=O,test
747,A-1298,CCc1cccc2c(CCO)c[nH]c12,test
748,A-1302,CCOC(C)OC(C)(CCC=C(C)C)C=C,validation
749,A-1304,O=C(c1ccccc1)c2ccccc2,validation
750,A-1305,CCCC(=O)OC(C)C1CCCCC1,test
751,A-1306,CCC1(CC=C2CCCc3cc(OC)ccc23)C(O)CCC1=O,validation
752,A-1308,CCC(C)c1ccccc1,calibration
753,A-1309,[Na+].CC(=O)Nc1cccc(Nc2cc(c(N)c3C(=O)c4ccccc4C(=O)c23)[S]([O-])(=O)=O)c1,test
754,A-1311,CC(=O)OC(C)(C)C1CCC(=CC1)C,test
755,A-1312,CC(C)=CCC\C(C)=C\CCC(C)(O)C=C,validation
756,A-1313,CC(=C)C(=O)OCCCCCCOC(=O)C(C)=C,test
757,A-1315,Nc1ccc(cc1)C(F)(F)F,validation
758,A-1317,[Cl-].CC[N+](CC)(CC)Cc1ccccc1,test
759,A-1322,[Na+].[Na+].[O-]C(=O)CCCCCCCCC([O-])=O,validation
760,A-1325,CCCCOCCOCCOC(=O)C(C)=C,test
761,A-1327,Oc1ccc(cc1)C(c2ccc(O)cc2)(C(F)(F)F)C(F)(F)F,calibration
762,A-1328,CC(=O)c1cccc2ccccc12,test
763,A-1329,CC(C)c1ccc(N)cc1,validation
764,A-1333,COc1ccc(N)cc1,calibration
765,A-1334,CCCCCO,calibration
766,A-1335,COc1ccc(cc1N)[N+]([O-])=O,calibration
767,A-1336,CC(=C)C(=O)OCC=C,test
768,A-1337,FC(F)(I)C(F)(F)C(F)(F)C(F)(F)I,test
769,A-1339,CC(C)(C)c1cc(CO)cc(c1O)C(C)(C)C,test
770,A-1341,CC(C)CCOCCc1ccccc1,test
771,A-1343,Oc1ccc2ccccc2c1C=O,test
772,A-1345,Nc1nc(N)c(N=O)c(N)n1,test
773,A-1346,ClC\C=C/Cl,test
774,A-1347,CNC(=O)c1cc(Oc2ccc(NC(=O)Nc3ccc(Cl)c(c3)C(F)(F)F)cc2)ccn1,validation
775,A-1348,COCc1ccc(O)c(OC)c1,test
776,A-1349,CCCCCC1COCCC1OC(C)=O,calibration
777,A-1350,Nc1ccc(N=Nc2ccccc2)c(N)c1,validation
778,A-1351,COc1ccc(O)c(c1)C(C)(C)C,calibration
779,A-1352,C1CC(CCN1)N2CCOCC2,validation
780,A-1354,CCO[Si](CC(C)C)(OCC)OCC,calibration
781,A-1355,Oc1cc(C=O)cc(c1O)[N+]([O-])=O,validation
782,A-1357,CCOC(=O)C(C)(C)c1ccccc1,test
783,A-1360,Cc1ccc(N)c(c1)[N+]([O-])=O,validation
784,A-1361,S=C=S,test
785,A-1362,COC(=O)c1ccccc1,test
786,A-1363,CCCCCCCC(OC)OC,validation
787,A-1364,C1CNCCNCCNCCN1,test
788,A-1366,C=CCCCCCCCCC=O,test
789,A-1367,COC(=O)CCCCCCCCC(=O)OC1CC(C)(C)N(C)C(C)(C)C1.CN2C(C)(C)CC(CC2(C)C)OC(=O)CCCCCCCCC(=O)OC3CC(C)(C)N(C)C(C)(C)C3,validation
790,A-1370,CC(C)Cc1ccc(cc1)C(C)C(O)=O,test
791,A-1371,[Na+].[O-][Cl](=O)(=O)=O,validation
792,A-1376,CCNc1nc(NC(C)C)nc(SC)n1,validation
793,A-1377,COc1cccc(c1)C(C)=O,validation
794,A-1381,[nH]1cnc2ccccc12,test
795,A-1382,O=C1NC(=O)NC(=O)N1,validation
796,A-1383,ClCCCN1C(=O)Nc2ccccc12,test
797,A-1385,Clc1ccccn1,validation
798,A-1387,Oc1cc(Cl)ccc1Cl,test
799,A-1388,[Na+].[Na+].[Cu++].[Cu++].N[S](=O)(=O)c1ccc([O-])c(c1)N=Nc2c([O-])c3ccc(Nc4ccc5c([O-])c(N=Nc6cc(ccc6[O-])[S](N)(=O)=O)c(cc5c4)[S]([O-])(=O)=O)cc3cc2[S]([O-])(=O)=O,validation
800,A-1390,CCCCC(CC)COC(=O)CCCCCCCCC(=O)OCC(CC)CCCC,test
801,A-1391,[H+].[Cl-].CCN(CC)CCNC(=O)c1cc(Cl)c(N)cc1OC,test
802,A-1392,[As],calibration
803,A-1397,C[C@]12CCC(=O)C=C1CC[C@@H]3[C@@H]2CC[C@@]4(C)[C@H]3CC[C@@]45CCC(=O)O5,test
804,A-1399,CCC(COC(=O)C(C)=C)(COC(=O)C(C)=C)COC(=O)C(C)=C,test
805,A-1400,CC(C)c1ccc(O)cc1C,validation
806,A-1401,COC1CC(C)CCC1C(C)C,test
807,A-1402,[Na+].[Na+].[O-]C(=O)c1ccccc1C2=C3C=C(Br)C(=O)C=C3Oc4c2cc(Br)c([O-])c4C5=CC=C[Hg]5,validation
808,A-1404,CC1=CCC2C(C1)C2(C)C,test
809,A-1405,O=C1CCCCCCCCCC\C=C/CC1,test
810,A-1406,O=[Zn],calibration
811,A-1407,Cc1ccccc1Oc2ccccc2C,calibration
812,A-1409,CC(C)c1cccc2ccccc12,validation
813,A-1410,CCC(Cc1ccc(C)cc1)(N(C)C)C(=O)c2ccc(cc2)N3CCOCC3,test
814,A-1411,COc1ccc(cc1[N+]([O-])=O)C(=O)Nc2ccccc2,validation
815,A-1414,[O--].[O--].[O--].[Sb+3].[Sb+3],test
816,A-1415,Nc1nc(N)nc(N)n1.O=C2NC(=O)NC(=O)N2,calibration
817,A-1417,[Zn++].[Zn++].[Zn++].[O-][P]([O-])([O-])=O.[O-][P]([O-])([O-])=O,validation
818,A-1418,[O-][N+](=O)c1ccccc1c2ccc(Cl)cc2,calibration
819,A-1420,CC1CC2=C(CC1(C)C(C)=O)C(C)(C)CCC2,test
820,A-1421,[Mo].CCCCC(CC)C([O-])=O,test
821,A-1422,Nc1cc(Cl)ccc1Oc2ccc(Cl)cc2Cl,test
822,A-1423,CCCCCCOC(=O)CCCCC(=O)OCCCCCC,validation
823,A-1425,CCCCC(CC)COC(=O)CS[Sn](CCCC)(CCCC)SCC(=O)OCC(CC)CCCC,test
824,A-1428,[Sr++].Cc1c(Cl)cc(cc1[S](O)(=O)=O)N=Nc2c([O-])c(cc3ccccc23)C([O-])=O,calibration
825,A-1429,CC1CCC(CC2=C1CCC2C)C(C)(C)OC(C)=O,validation
826,A-1431,CCCCC(CC)CCCCCC(C)CCCC(O)=O,validation
827,A-1432,CC(C)CCCC(C)CCCC(C)(O)C#C,validation
828,A-1433,[Gd],calibration
829,A-1436,FC(F)=C(F)OC(F)(F)C(F)(F)F,test
830,A-1440,CC(=C)CC(C)(C)C,test
831,A-1444,CC(=C)CC(C)(C)C.N(c1ccccc1)c2ccccc2,test
832,A-1445,[Na+].[Mg++].[Al+3].[O-][Si]([O-])=O.[O-][Si]([O-])=O.[O-][Si]([O-])=O,test
833,A-1447,CC(C)(C)OOC(C)(C)C#CC(C)(C)OOC(C)(C)C,calibration
834,A-1448,CCCCCCC(CCCC)C(O)=O,calibration
835,A-1449,CCCCC(CC)COC(=O)c1ccc(N)cc1,test
836,A-1450,[Ca++].CCCCCCC(O)CCCCCCCCCCC([O-])=O.CCCCCCC(O)CCCCCCCCCCC([O-])=O,test
837,A-1451,[Ca++].CCCCCCCCCCCCCCCCCC([O-])=O.CCCCCCCCCCCCCCCCCC([O-])=O,calibration
838,A-1452,CCCCOC(=O)CCC(C)(OOC(C)(C)C)OOC(C)(C)C,validation
839,A-1453,ClC1=C(Cl)C(=O)c2ccccc2C1=O,validation
840,A-1455,CC1=CCC2CC1C2(C)C.CC3(C)OC4(C)CCC3CC4.CC5(C)C6CCC(C6)C5=C.CC7(C)C8CCC7(C)C(=O)C8,validation
841,A-1456,[Na+].COc1ccccc1NC(=O)c2cc3ccccc3cc2[O-],calibration
842,A-1457,O=[Cd],validation
843,A-1461,Clc1ccccc1C(Cl)(Cl)Cl,validation
844,A-1462,CCCCCCCCCCOC(C)=O,test
845,A-1464,CN(CCOC(=O)C=C)[S](=O)(=O)C(F)(F)C(F)(F)C(F)(F)C(F)(F)F,test
846,A-1466,CCCCC(C#N)c1ccccc1,validation
847,A-1467,FC(F)(F)C(Cl)(Cl)Cl,test
848,A-1468,CC(C)CCCCCCCCCCO,calibration
849,A-1470,CCOc1ccccc1NC(=O)c2cc3ccccc3cc2O,test
850,A-1472,[CaH2].O=[Zr],validation
851,A-1473,CC(C)OC(=O)CCCCCCCCC(=O)OC(C)C,test
852,A-1474,CCCCCCOC(=O)c1ccccc1O,test
853,A-1475,CCCCCCC(O)CCCCCCCCCCCO,test
854,A-1476,ClC1=C(Cl)C(=O)C(=C(Cl)C1=O)Cl,calibration
855,A-1478,[K+].CCCCCCCCCCCCCCCCO[P](O)([O-])=O,validation
856,A-1479,CCN(CCCl)c1ccc(C=O)cc1,test
857,A-1481,CCC(=O)OCCC(C)C,test
858,A-1482,CC(=C)[C@@H]1C[C@@H](CC[C@@]1(C)C=C)C(C)(C)O,test
859,A-1483,[OH-].[Cr+3].CCCCC(CC)COCCCN.CC(=O)\C(=N/Nc1cc(cc(c1[O-])[S]([O-])(=O)=O)[N+]([O-])=O)C(=O)[N-]c2ccccc2.[H+],calibration
860,A-1484,CCCCCC(O)C=C,test
861,A-1485,FC(F)=C(F)C(F)(F)F,test
862,A-1488,CC[C@]12CC[C@H]3[C@@H](CCc4cc(OC)ccc34)[C@@H]1CC[C@@H]2O,validation
863,A-1489,CC(C)(C1CCC(O)CC1)C2CCC(O)CC2,validation
864,A-1490,COCCOCCO[Si](CCCOCC1CO1)(OCCOCCOC)OCCOCCOC,test
865,A-1494,[Na+].[Na+].[O-][S](=O)(=O)c1ccc(N\N=C2\C(=O)C=Cc3cc(ccc23)[S]([O-])(=O)=O)cc1,test
866,A-1495,CC(F)(F)Cl,test
867,A-1496,COC(=O)c1cc(cc(c1)[N+]([O-])=O)C(O)=O,test
868,A-1497,FCF,test
869,A-1498,CC(CN\C=C/1C=CC=CC1=O)N\C=C/2C=CC=CC2=O,calibration
870,A-1499,[Mg++].CCCCCCCCCc1cc2ccccc2c(c1CCCCCCCCC)[S]([O-])(=O)=O.CCCCCCCCCc3cc4ccccc4c(c3CCCCCCCCC)[S]([O-])(=O)=O,test
871,A-1501,CC(C)Oc1ccc(cc1)[S](=O)(=O)c2ccc(O)cc2,calibration
872,A-1503,C[Si](C)(C)C,calibration
873,A-1505,Clc1cc(c(Cl)cc1c2[nH]c3ccc4C(=O)c5ccccc5C(=O)c4c3n2)c6[nH]c7ccc8C(=O)c9ccccc9C(=O)c8c7n6,validation
874,A-1506,CC(CCOC(C)=O)CC(C)(C)C,calibration
875,A-1508,ClC(=O)c1ccc(cc1)C(Cl)=O,test
876,A-1509,CC(=C)C(=O)OCC1CCCO1,calibration
877,A-1510,C[C@]12CC[C@H]3[C@@H](CCC4=CC(=O)CC[C@H]34)[C@@H]1CCC2=O,validation
878,A-1511,CC(=C)C(=O)OCc1ccccc1,calibration
879,A-1513,CCOC(=O)OCC,test
880,A-1515,C/C=C/C(=O)C1=C(C)C=CCC1(C)C,test
881,A-1516,[O-][N+](=O)c1ccc(Cl)cc1Cl,validation
882,A-1517,CC(=C)[C@H]1CC=C(C)C(=O)C1,calibration
883,A-1518,CCCCCCCC[P](O)(O)=O,test
884,A-1519,C[C@]12CCC(=O)C=C1CC[C@@H]3[C@@H]2CC[C@@]4(C)[C@H]3C(O)CC4=O,validation
885,A-1520,COc1cc(Cl)c(OC)cc1N,test
886,A-1521,[Pb],validation
887,A-1523,CCCC(=O)OCCC(C)C,test
888,A-1524,O[S](=O)(=O)CCCNC1CCCCC1,calibration
889,A-1528,CCCCC/C(C=O)=C/c1ccccc1,test
890,A-1532,ClCCCBr,validation
891,A-1533,OC(O)C(Cl)(Cl)Cl,calibration
892,A-1534,[Na+].[Na+].COc1cc(c(C)cc1N\N=C2\C(=O)C=Cc3cc(ccc23)[S]([O-])(=O)=O)[S]([O-])(=O)=O,validation
893,A-1538,OC(=O)c1cc(O)cc(c1)C(O)=O,validation
894,A-1539,[Na+].[Na+].[O-][S](=O)(=O)c1cc(Nc2nc(Nc3ccccc3)nc(n2)N4CCOCC4)ccc1/C=C/c5ccc(Nc6nc(Nc7ccccc7)nc(n6)N8CCOCC8)cc5[S]([O-])(=O)=O,validation
895,A-1540,CC(C)OC(=O)CCCCC(=O)OC(C)C,test
896,A-1541,CCCCCC1(C)CCC(C)(C)C1=O,validation
897,A-1542,OC1CCCCCCCCCCC1,test
898,A-1543,OCCC(F)(F)C(F)(F)C(F)(F)C(F)(F)C(F)(F)C(F)(F)F,test
899,A-1544,CC1(C)CNCC(C)(C)C1OC(=O)CCCCCCCCC(=O)OC2C(C)(C)CNCC2(C)C,test
900,A-1545,CC(CCCC(C)(C)OC(C)=O)C=C,validation
901,A-1547,CC(C)COC(=O)C1CCCCC1C(=O)OCC(C)C,calibration
902,A-1549,CC1CC(CC(C)(C)C1)OC(=O)C=C,test
903,A-1550,O=C(C1CCCCC1)c2ccccc2,calibration
904,A-1553,ClCC(CCl)O[P](=O)(OC(CCl)CCl)OC(CCl)CCl,test
905,A-1554,Clc1cccc(Cl)c1Cl,test
906,A-1555,[Ca++].CC(=O)C(N=Nc1ccc(cc1[N+]([O-])=O)[S]([O-])(=O)=O)C(=O)Nc2ccccc2.CC(=O)C(N=Nc3ccc(cc3[N+]([O-])=O)[S]([O-])(=O)=O)C(=O)Nc4ccccc4,validation
907,A-1556,COC(=O)c1c(C)cc(O)c(C)c1O,test
908,A-1558,[Na+].[I-],calibration
909,A-1559,[H+].[H+].[Cl-].[Cl-].Nc1ccc(cc1Cl)c2ccc(N)c(Cl)c2,test
910,A-1562,CC(C)C1(O)CCC(=CC1)C,calibration
911,A-1563,F[B-](F)(F)F.F[B-](F)(F)F.F[N+]12CC[N+](CCl)(CC1)CC2,test
912,A-1564,COc1ccc(OC)c(c1)[N+]([O-])=O,calibration
913,A-1565,CCCCNC(=O)OCC#CI,test
914,A-1569,[O-][N+](=O)C1=NC(=O)NN1,test
915,A-1570,Cc1cc2NC(=O)Nc2cc1N,test
916,A-1576,CC(C)(C)OOC(C)(C)C,validation
917,A-1577,CCOC(=O)\C=C\c1ccccc1,test
918,A-1578,[Na+].Cc1ccc(Nc2ccc(O)c3C(=O)c4ccccc4C(=O)c23)c(c1)[S]([O-])(=O)=O,test
919,A-1579,O=C1NSc2ccccc12,validation
920,A-1585,CSc1ccc(cc1)C(=O)C(C)(C)N2CCOCC2,test
921,A-1587,CC1(C)C2CCC3(C2)C1C(=O)CCC3(C)C,calibration
922,A-1588,CCCCC(CC)C(=O)OOC(C)(C)CC,validation
923,A-1591,COC1(CCCCCCCCCCC1)OC,calibration
924,A-1599,S=C1NN=C(SSC2=NNC(=S)S2)S1,test
925,A-1600,CCCCCCCC(C)=O,validation
926,A-1601,Cc1ccc(cc1[N+]([O-])=O)[N+]([O-])=O,validation
927,A-1602,[Zn++].CC(C)CO[P]([S-])(=S)OCC(C)C.CC(C)CO[P]([S-])(=S)OCC(C)C,test
928,A-1606,OCCCNc1ccc(O)cc1[N+]([O-])=O,test
929,A-1608,CCCCCC1CC(=O)C=C(C)C1C(=O)OCC,validation
930,A-1611,[Cl-].C[N+](C)(C)c1ccc2C=CC(=O)C(=N/Nc3ccc(N)c(c3)[N+]([O-])=O)\c2c1,validation
931,A-1612,Cc1ccccc1C,calibration
932,A-1614,Cc1ccc(C)cc1,validation
933,A-1617,O=C1NC(=O)C2=C1CCCC2,calibration
934,A-1619,CC(C)C(=O)OCCc1ccccc1,validation
935,A-1620,CC(=O)/C=C/C1=C(C)CCCC1(C)C,test
936,A-1623,CCCCCCCCCCN(C)C,test
937,A-1624,CCOC(=O)CCS[P](=S)(OC(C)C)OC(C)C,calibration
938,A-1626,O=CCC\C=C1/CC2CC1C3CCCC23,test
939,A-1627,CCCCCCC(C)(C)S,validation
940,A-1628,CC(CCOC=O)CCC=C(C)C,test
941,A-1629,CCCS[P](=O)(OCC)Oc1ccc(Br)cc1Cl,calibration
942,A-1630,[Zn++].CCCCCCCCCc1cc2ccccc2c(c1CCCCCCCCC)[S]([O-])(=O)=O.CCCCCCCCCc3cc4ccccc4c(c3CCCCCCCCC)[S]([O-])(=O)=O,calibration
943,A-1634,CCCCCCCCC(C)C=O,validation
944,A-1635,COC(=O)C1CC(=O)C(CC1=O)C(=O)OC,test
945,A-1636,CC1CO1.CC(C)(c2ccc(O)cc2)c3ccc(O)cc3.ClCC4CO4,calibration
946,A-1637,[Zn++].[O-][Se]([O-])=O,test
947,A-1638,CN1COCN=C1N[N+]([O-])=O,validation
948,A-1639,OCC1OC(C(O)C1O)n2cnc3C(=O)N=CNc23,calibration
949,A-1640,Cc1ccc(C)c(O)c1C,calibration
950,A-1643,Cc1cccc(C)c1,validation
951,A-1646,CCCCCCCC(=O)NCC(O)=O,validation
952,A-1647,CC(=O)OC1C(C)(C)C2CCC1(C)C2,test
953,A-1648,O=[Si]=O,calibration
954,A-1650,OC(=O)[C@@H](NC(=O)OCc1ccccc1)C2CCCCC2,calibration
955,A-1651,CC1=C(/C=C/C(C)(O)C=C)C(C)(C)CCC1,calibration
956,A-1652,CCCCCC#CC(=O)OC,calibration
957,A-1654,[Mn++].[O-]P=O.[O-]P=O,test
958,A-1662,Cc1cccc(c1C)[N+]([O-])=O,validation
959,A-1665,Oc1ccccc1C(=O)Oc2ccccc2,validation
960,A-1668,CC(CCOC(C)=O)CCC=C(C)C,test
961,A-1669,FC(F)(F)C(F)(F)C(F)(F)C(F)(F)C=C,test
962,A-1670,O=C(Cc1ccccc1)OCCc2ccccc2,test
963,A-1672,CCC(COCC(CC)(COC(=O)C=C)COC(=O)C=C)(COC(=O)C=C)COC(=O)C=C,test
964,A-1674,C=CC(=O)OCCN1C(=O)N(CCOC(=O)C=C)C(=O)N(CCOC(=O)C=C)C1=O,test
965,A-1676,CCCCCCCC(O)=O.OCC(O)CO,calibration
966,A-1677,CC(C)c1ccc(cc1)C#N,calibration
967,A-1678,C=CCOC(=O)c1ccccc1C(=O)OCC=C,validation
968,A-1679,NC(Nc1ccccc1)=Nc2ccccc2,validation
969,A-1680,CC(C)(C)S,test
970,A-1685,CC1CC(O)CC(C)(C)C1,validation
971,A-1686,CN(C)c1ccccc1,test
972,A-1687,COc1cc(c(OC)cc1Cl)[N+]([O-])=O,test
973,A-1688,[K+].[I-],validation
974,A-1689,[H+].[H+].[Cl-].[Cl-].CCCCCCCCN=C1C=CN(CCCCCCCCCCN2C=CC(C=C2)=NCCCCCCCC)C=C1,test
975,A-1690,O=C/C=C/c1ccccc1,validation
976,A-1692,CN(CCO)[S](=O)(=O)C(F)(F)C(F)(F)C(F)(F)C(F)(F)F,validation
977,A-1693,CC12CCCC(C)(CC1)C2=NO,validation
978,A-1694,CC(=O)Nc1ccc(O)cc1,test
979,A-1699,[Fe++].[O-]C(=O)\C=C/C([O-])=O,calibration
980,A-1700,C/C=C/C(=O)C1C(=CCCC1(C)C)C,test
981,A-1701,Cc1cc(ccc1N)[N+]([O-])=O,calibration
982,A-1702,CCCCCCCCCO,calibration
983,A-1703,CCCOC(=O)C1CCCCC1C(=O)OCCC,test
984,A-1704,Cc1ccc2nc(sc2c1[S](O)(=O)=O)c3ccc(N)cc3,calibration
985,A-1705,O=C1CCCCCCCCCCCC(=O)OCCO1,validation
986,A-1707,Oc1cc(Cl)ccc1Oc2ccc(Cl)cc2,test
987,A-1708,CC(C)=CC\C=C(/C)C=C,test
988,A-1710,CC(CC(=O)OOC(C)(C)C)CC(C)(C)C,calibration
989,A-1712,Nc1nc(N)nc(Nc2nc(N)nc(N)n2)n1,test
990,A-1713,CCCCOC(=O)CSCSCC(=O)OCCCC,test
991,A-1714,COC(=O)C1CC2(CCC1(C)C=C2)C(C)C,test
992,A-1715,CC1CCCCC1,validation
993,A-1716,CC(C)(OO)c1ccccc1,test
994,A-1718,O=C(OCC1CCC2OC2C1)C3CCC4OC4C3,validation
995,A-1720,COC(=O)OC,test
996,A-1723,CC(=C)C(=O)OC1CCCCC1,test
997,A-1726,CCC(=O)OCCc1ccccc1,validation
998,A-1727,CCCC(=O)OCc1ccccc1,test
999,A-1728,CC(=O)Nc1ccc(N)c(c1)[S](O)(=O)=O,validation
1000,A-1729,NO[S](O)(=O)=O,test
1001,A-1730,CC/C=C/CCOC(=O)OC,validation
1002,A-1734,C1CC2CC1C=C2,test
1003,A-1735,Cc1ccc(c(C)c1)[N+]([O-])=O,test
1004,A-1736,OC(=O)CSc1sc2ccccc2n1,test
1005,A-1740,CC(C)(C)c1ccc(CCC=O)cc1,validation
1006,A-1741,OC(=O)c1cc(cc(c1)[N+]([O-])=O)[N+]([O-])=O,calibration
1007,A-1743,CC1(C)CC(CC(C)(C)N1)N(CCCCCCN(C=O)C2CC(C)(C)NC(C)(C)C2)C=O,calibration
1008,A-1744,NNC(N)=S,validation
1009,A-1746,CCCCC(CC)C1OCCO1,calibration
1010,A-1747,CCC(C)(C)OOC(C)(C)CC,test
1011,A-1748,CCC(=O)/C=C/C1=C(C)CCCC1(C)C,test
1012,A-1749,CC(C)C(OC(=O)C(C)C)C(C)(C)COC(=O)C(C)C,validation
1013,A-1750,CCC(=O)OC1CCC(CC1)C(C)C,test
1014,A-1751,CCCCCCCC[Si](OC)(OC)OC,test
1015,A-1753,CCC1(C)OOC(C)(CC)OOC(C)(CC)OO1,calibration
1016,A-1756,O[C@]12COC(O[C@@H]1[C@H]3OC(OC[C@H]3O2)c4ccccc4)c5ccccc5,calibration
1017,A-1759,CCOC(=O)C1=NN(C(=O)C1)c2ccccc2,calibration
1018,A-1762,C=CCCCCCC=O,validation
1019,A-1764,OC(=O)C(c1ccccc1)c2ccccc2,calibration
1020,A-1769,CC(C)OC(Cl)=O,test
1021,A-1770,[Na+].Oc1ccccc1C([O-])=O,test
1022,A-1772,CC(=O)OC(=C)c1ccccc1,test
1023,A-1773,CCOC(=O)CC1(C)OCC(C)O1,validation
1024,A-1775,Clc1cccc(Cl)c1,test
1025,A-1776,Cc1ccccc1CCO,validation
1026,A-1779,Oc1ccc(Cl)c(O)c1,calibration
1027,A-1780,CC1(C)C2CC(O)C(=C)C1C2,test
1028,A-1781,CC(C)C1CCC(O)CC1,test
1029,A-1782,[O-][N+](=O)c1ccc(Cl)c(Cl)c1,test
1030,A-1783,[Na+].[Na+].CC1=NN(C(=O)C1N=Nc2ccc(cc2)[S]([O-])(=O)=O)c3cc(Cl)c(cc3Cl)[S]([O-])(=O)=O,test
1031,A-1784,N.[Fe+3].OC(CC([O-])=O)(CC([O-])=O)C([O-])=O,calibration
1032,A-1785,[Na+].[Na+].Nc1ccc(cc1[S]([O-])(=O)=O)N=Nc2ccc(cc2)[S]([O-])(=O)=O,calibration
1033,A-1787,C=CC(=O)OCCCOCC(COCCCOC(=O)C=C)OCCCOC(=O)C=C,calibration
1034,A-1789,CC(=O)Nc1ccc(cc1)[S](=O)(=O)CCO,validation
1035,A-1790,C#C,test
1036,A-1791,CCC(=O)c1ccccc1,calibration
1037,A-1792,CC(C)(C)c1ccc(C=O)cc1,validation
1038,A-1793,Nc1ccc2cc(ccc2c1)[S](O)(=O)=O,calibration
1039,A-1794,CCC(=O)CCC1C(=CCCC1(C)C)C.OCC#C,test
1040,A-1795,CCCCC(CC)CO[N+]([O-])=O,test
1041,A-1796,CCOC1CC(C)CC(C)(C)C1,calibration
1042,A-1797,CC(C)CCCCCOC(=O)C=C,validation
1043,A-1798,O=C1N(SC2CCCCC2)C(=O)c3ccccc13,calibration
1044,A-1799,Cc1cc(C)c(c(C)c1Nc2ccc(Nc3c(C)cc(C)c(c3C)[S](=O)(=O)NC4CCCCC4)c5C(=O)c6ccccc6C(=O)c25)[S](=O)(=O)NC7CCCCC7,test
1045,A-1800,Cc1cc(c(O)c(C)c1CC#N)C(C)(C)C,test
1046,A-1801,S=[Cd],test
1047,A-1802,CCO[P](=O)(Cc1cc(c(O)c(c1)C(C)(C)C)C(C)(C)C)OCC,test
1048,A-1803,[O--].[O--].[O--].[O--].[O--].[O--].[O--].[O--].[O--].[Fe+3].[Fe+3].[Mo].[Mo],validation
1049,A-1805,[Zn++].CC(C)(C)CC(C)(C)CC([O-])=O.CC(C)(C)CC(C)(C)CC([O-])=O,test
1050,A-1806,CC(CCC=C(C)C)CC#N,validation
1051,A-1807,CC(=O)Oc1ccccc1[N+]([O-])=O,calibration
1052,A-1808,CCOc1cc(NC(=O)c2ccccc2)c(OCC)cc1N,test
1053,A-1809,S=C1Nc2ccccc2S1,test
1054,A-1814,O=C1CCN(N1)c2ccccc2,calibration
1055,A-1815,Cc1ccccc1CCl,test
1056,A-1816,CC(=C)c1ccccc1,test
1057,A-1817,COc1cc(CC=C)ccc1O,test
1058,A-1819,[K].CCCCCCCCCCCCCCCCCC.O[P](O)(O)=O,test
1059,A-1821,[K+].O[Si]([O-])=O,validation
1060,A-1822,O.O.O.O.O.[Na+].[Na+].[O-][Si]([O-])=O,test
1061,A-1823,Fc1cccc(F)c1,test
1062,A-1825,[Cd++].[O-]C([O-])=O,calibration
1063,A-1826,CC\C=C/CCOC(=O)C(C)C,calibration
1064,A-1827,Cc1cc(C)c(c(C)c1Nc2ccc(Nc3c(C)cc(C)c(c3C)[S](O)(=O)=O)c4C(=O)c5ccccc5C(=O)c24)[S](O)(=O)=O.NCCCCCCN,test
1065,A-1829,CC1C(C)(C)C2=C(C(=O)CCC2)C1(C)C,test
1066,A-1832,CC(C)(c1ccc(OCCO)cc1)c2ccc(OCCO)cc2,test
1067,A-1833,CC(C)NC(C)C,validation
1068,A-1835,C[C@@H]1O[C@@H](O[C@@H]2[C@@H](O)[C@H](O)[C@@H](CO)O[C@H]2Oc3cc(O)c4C(=O)C[C@H](Oc4c3)c5ccc(O)cc5)[C@H](O)[C@H](O)[C@H]1O,validation
1069,A-1836,[Sn++].[O-]C(=O)C([O-])=O,test
1070,A-1837,[Mg++].[O-]C([O-])=O,validation
1071,A-1839,CC(C)COC(=O)c1ccccc1C(=O)OCC(C)C,calibration
1072,A-1840,CC(CCNC(=O)OCCOC(=O)C(C)=C)CC(C)(C)CNC(=O)OCCOC(=O)C(C)=C,test
1073,A-1843,CCC(CC)CC1(CCCCC1)C(O)=O,calibration
1074,A-1844,CCCCOC(=O)\C=C\C(=O)OCCCC,test
1075,A-1850,CC(=C)C(=O)OCCOC(=O)C(C)=C,test
1076,A-1853,[Cl-].C[NH3+],validation
1077,A-1855,Cc1cccc(C)c1C.C2Cc3ccccc3C2.C4C=Cc5ccccc45,test
1078,A-1857,Oc1ccc(cc1)C(=O)OCc2ccccc2,test
1079,A-1859,N#C/C=C/c1ccccc1,test
1080,A-1860,Nc1cccc(c1)[S](=O)(=O)CCO[S](O)(=O)=O,test
1081,A-1861,CC(=O)/C=C/C1C(=CCCC1(C)C)C,validation
1082,A-1863,CCOC=O,test
1083,A-1864,Nc1cc(ccc1C(O)=O)[S](O)(=O)=O,test
1084,A-1865,NCCc1ccc(O)cc1,calibration
1085,A-1866,[Na+].CN(C1CCCCC1)[S](=O)(=O)c2ccccc2NNC3=C4C(=O)C=C(C=C4C=CC3=N)[S]([O-])(=O)=O,calibration
1086,A-1867,CCCCOCCOC(=O)c1ccccc1,test
1087,A-1868,COc1cc(ccc1N)[N+]([O-])=O,calibration
1088,A-1869,S=[Zn],calibration
1089,A-1870,OC(=O)CN(CCCN(CC(O)=O)CC(O)=O)CC(O)=O,calibration
1090,A-1871,Oc1cc(F)c(F)c(F)c1,test
1091,A-1872,CCCCCC(O)=O,test
1092,A-1873,CCCCOC(=O)CC(O)(CC(=O)OCCCC)C(=O)OCCCC,test
1093,A-1874,CC1C=C(C)CCC1COC(C)=O,validation
1094,A-1875,CCCCC(CC)COC(=O)CC#N,test
1095,A-1876,[Pb++].[O-][S]([O-])(=O)=O.O=[Pb].O=[Pb].O=[Pb],test
1096,A-1877,CC1(C)S[C@@H]2[C@H](NC(=O)[C@H](N)c3ccccc3)C(=O)N2[C@H]1C(O)=O,test
1097,A-1878,Nc1ccc(Cc2ccc(N)cc2)cc1,calibration
1098,A-1879,CCOc1ccc2NC(C)(C)C=C(C)c2c1,test
1099,A-1881,CCCCCCCCC=O,test
1100,A-1884,NCc1occc1,test
1101,A-1885,OCC(F)(F)F,calibration
1102,A-1886,C[Si]1O[Si](C)O[Si](C)O[Si](C)O[Si](C)O1,test
1103,A-1887,CCOCCOCCOC(C)=O,calibration
1104,A-1890,CC(=C)O[Si](OC(C)=C)(OC(C)=C)C=C,validation
1105,A-1892,OCCCCO,test
1106,A-1893,C[Si]1(C)O[Si](C)(C)O[Si](C)(C)O1,test
1107,A-1896,OCC(O)CO,test
1108,A-1898,[Br-].CC[N+](CC)(CC)CC,test
1109,A-1899,[Cl-].CC[N+](CC)(CC)CC,test
1110,A-1900,[K+].C[Si](O)(O)[O-],test
1111,A-1901,CC/C(C)=N/O[Si@](C)(O\N=C(C)\CC)O\N=C(C)\CC,validation
1112,A-1902,OO,calibration
1113,A-1903,[Na+].[Na+].CC1=CC(/C=C(C1=N)[S]([O-])(=O)=O)=C(/c2ccc(N)c(c2)[S](O)(=O)=O)c3ccc(N)c(c3)[S]([O-])(=O)=O,test
1114,A-1904,Cc1ccc(C(O)=O)c(O)c1,validation
1115,A-1907,OC(=O)c1cc(ccc1O)[N+]([O-])=O,calibration
1116,A-1912,Cc1ccc(cc1C)[N+]([O-])=O,test
1117,A-1913,ClCc1ccccc1Cl,calibration
1118,A-1914,N#CCc1ccccc1,calibration
1119,A-1916,Cc1cc(Cc2cc(C)c(O)c(C)c2)cc(C)c1O,test
1120,A-1921,[Na].CCCCCCCCCCCCO[S](=O)(=O)c1ccccc1,calibration
1121,A-1922,CCCCCCCCCCCCCO,validation
1122,A-1923,[Bi+3].OC(CC([O-])=O)(CC([O-])=O)C([O-])=O,calibration
1123,A-1925,CCOC(=O)OC1CCCCC1C(C)(C)C,test
1124,A-1926,[H+].[Cl-].CN(C)C(=O)C(CCN1CCC(O)(CC1)c2ccc(Cl)cc2)(c3ccccc3)c4ccccc4,test
1125,A-1927,CCCCCC(=O)OC(=O)CCCCC,validation
1126,A-1930,CCCCCCCCCC(C)=O,test
1127,A-1931,CC(C)(C)OOC(C)(C)c1ccccc1,test
1128,A-1933,CC(C)CCCCCOC(=O)CS,validation
1129,A-1934,C=CCCCCC=C,test
1130,A-1939,CC(=O)O[C@@H]1CCCC[C@@H]1C(C)(C)C,validation
1131,A-1940,Oc1cc(Cl)ccc1Oc2ccc(Cl)cc2Cl,validation
1132,A-1942,CCCCCCCCCCCCCCCCCC(=O)NCCCN(C)C,validation
1133,A-1944,[Na+].O[S](=O)(=O)c1ccc(cc1)N=Nc2ccc(N\N=C3/C(=O)C=Cc4ccccc34)cc2,calibration
1134,A-1946,[OH-].[OH-].[Mg++],test
1135,A-1949,CC(=C)C1CCC(=CC1)C.CC2=CCC3CC2C3(C)C.CC45CCC(CC4)C(C)(C)O5,test
1136,A-1953,CCCCCCCCCCCCO,calibration
1137,A-1954,[Cu+].[S-]C#N,test
1138,A-1956,Nc1ccc(O[P](=S)(Oc2ccc(N)cc2)Oc3ccc(N)cc3)cc1,test
1139,A-1958,CC(=C)C(=O)OCCOc1ccc(cc1)C(C)(C)c2ccc(OCCOC(=O)C(C)=C)cc2,test
1140,A-1959,CC1(C)CCC[C@@]2(C)[C@H]1CC[C@@]3(C)OCC[C@H]23,test
1141,A-1960,CC1(C)CCCC2(C)C1CCC3(C)OCCC23,calibration
1142,A-1961,CCCCC\C(=C/c1ccccc1)C(OCC)OCC,validation
1143,A-1963,[La+3].[La+3].[O-]C([O-])=O.[O-]C([O-])=O.[O-]C([O-])=O,validation
1144,A-1967,CC(=O)CC(=O)Nc1ccc(cc1C)c2ccc(NC(=O)CC(C)=O)c(C)c2,test
1145,A-1968,CC(=O)Nc1ccc(NC(=O)c2cc3ccccc3cc2O)cc1,validation
1146,A-1969,Cc1ccc(Cl)cc1NC(=O)c2cc3ccccc3cc2O,test
1147,A-1970,[OH-].[OH-].[OH-].[Nd+3],test
1148,A-1973,CC(C)(C)NSc1sc2ccccc2n1,test
1149,A-1974,[Te],test
1150,A-1978,CCCC(=O)OCCC(C)CCC=C(C)C,calibration
1151,A-1981,COc1ccc(NC(=O)c2cc3ccccc3cc2O)cc1,test
1152,A-1982,CC(c1ccc(OC#N)cc1)c2ccc(OC#N)cc2,test
1153,A-1984,CCCCCCCC[Sn](Cl)(Cl)CCCCCCCC,test
1154,A-1985,[O--].[O--].[O--].[Dy+3].[Dy+3],calibration
1155,A-1986,CCCCCCCCCCCC=O,calibration
1156,A-1991,CCC1(C)Nc2cccc3cccc(N1)c23,validation
1157,A-1994,CCCCC(CC)C(=O)OCCOCCOCCOC(=O)C(CC)CCCC,validation
1158,A-1995,CC(=C)c1ccc(cc1)C(=O)C(C)(C)O.CC(C)(O)C(=O)c2ccc(cc2)C3(C)CC(C)(C)c4cc(ccc34)C(=O)C(C)(C)O.CC(C)(O)C(=O)c5ccc(cc5)C6(C)CC(C)(C)c7ccc(cc67)C(=O)C(C)(C)O,test
1159,A-1997,Nc1c(ccc2C(=O)c3ccccc3C(=O)c12)c4oc5cc6C(=O)c7ccccc7C(=O)c6cc5n4,test
1160,A-1998,CCOc1ccc(NC(=O)c2cc3ccccc3cc2O)cc1,test
1161,A-1999,COc1cc(OC)c(NC(=O)c2cc3ccccc3cc2O)cc1Cl,validation
1162,A-2000,O=C(Nc1cccc2C(=O)c3c4[nH]c5c(cc(NC(=O)c6ccccc6)c7C(=O)c8ccccc8C(=O)c57)c4ccc3C(=O)c12)c9ccccc9,calibration
1163,A-2001,COc1ccc(cc1)C(=O)CSc2cccc(OC)c2,calibration
1164,A-2004,O=C1c2ccccc2C(=O)c3c4Nc5ccc6c7ccccc7C(=O)c8ccc(c4ccc13)c5c68,validation
1165,A-2005,CC1(C)CO[P](=S)(OC1)O[P]2(=S)OCC(C)(C)CO2,calibration
1166,A-2007,CC(C)C1CCC(=CC1)C,test
1167,A-2008,OC(=O)CCCCCNc1nc(NCCCCCC(O)=O)nc(NCCCCCC(O)=O)n1,test
1168,A-2009,CC(C)CCCCCCCOC(=O)C=C,test
1169,A-2011,CCCCCCCCCC(C)C=O,validation
1170,A-2012,CN(C)c1ccc(cc1)C(c2ccc(cc2)N(C)C)c3ccc(cc3)N(C)C,calibration
1171,A-2013,[Gd+3].[Gd+3].[O-]C(=O)C([O-])=O.[O-]C(=O)C([O-])=O.[O-]C(=O)C([O-])=O,calibration
1172,A-2015,[Y],validation
1173,A-2016,O=C1c2cccc(Sc3ccccc3)c2C(=O)c4c(Sc5ccccc5)cccc14,calibration
1174,A-2017,[O--].[O--].[O--].[O--].[O--].[O--].[O--].[O--].[O--].[O--].[O--].[Pr+3].[Pr+3].[Pr+3].[Pr+3].[Pr+3].[Pr+3],calibration
1175,A-2019,Cc1cc(ccc1O)C2(CCCCC2)c3ccc(O)c(C)c3,test
1176,A-2022,[Ca++].Cc1ccc(N\N=C\2C(=O)C(=Cc3ccccc23)C([O-])=O)c(c1)[S]([O-])(=O)=O,test
1177,A-2025,CCCCC(CC)COC(=O)\C=C\C(=O)OCC(CC)CCCC,validation
1178,A-2026,CC(C)(COC(=O)c1ccccc1)COC(=O)c2ccccc2,test
1179,A-2029,[Ca++].O[PH]([O-])=O.O[PH]([O-])=O,validation
1180,A-2030,CCOCOC1CCCCCCCCCCC1,test
1181,A-2032,CC(C)(c1cc(Br)c(O)c(Br)c1)c2cc(Br)c(O)c(Br)c2,test
1182,A-2033,CC(C)CCOC(=O)c1ccccc1C(=O)OCCC(C)C,test
1183,A-2035,[Zn++].CCN(CC)C([S-])=S.CCN(CC)C([S-])=S,calibration
1184,A-2036,O=[P](Oc1ccccc1)(Oc2ccccc2)Oc3cccc(O[P](=O)(Oc4ccccc4)Oc5ccccc5)c3,test
1185,A-2037,[nH]1c2ccccc2c3ccccc13,test
1186,A-2039,O=C(OC1CCCCC1)c2ccccc2C(=O)OC3CCCCC3,validation
1187,A-2041,CC(=O)OC1(CCC2C3CCC4=CC(=O)CCC4(C)C3CCC12C)C(C)=O,test
1188,A-2042,CCCCCCCC/C=C/CCCCCCCC(=O)N(CCO)CCO,test
1189,A-2043,CCOC(=O)C(=Cc1ccc(cc1)C=C(C(=O)OCC)C(=O)OCC)C(=O)OCC,validation
1190,A-2045,O=C(OCCc1ccccc1)/C=C/c2ccccc2,test
1191,A-2046,CCCCCCCCCCCCCCCCCC(=O)NCCO,test
1192,A-2047,Oc1cc2ccccc2cc1C(=O)Nc3ccc(Cl)cc3,calibration
1193,A-2049,CCCCC(Cc1cc(c(O)c(c1)C(C)(C)C)C(C)(C)C)(C(=O)OC2CC(C)(C)N(C)C(C)(C)C2)C(=O)OC3CC(C)(C)N(C)C(C)(C)C3,test
1194,A-2053,Fc1ccccc1C(=O)c2cc(Cl)ccc2NC(=O)CBr,calibration
1195,A-2055,C[C@@H]1CC[C@H]2C(C)(C)C3CC12CCC3(C)OC(C)=O,test
1196,A-2057,CCCCCCC(O)CCCCCCCCCCC(O)=O,test
1197,A-2060,O=C1n2c3ccccc3nc2c4ccc5c6nc7ccccc7n6C(=O)c8ccc1c4c58,validation
1198,A-2062,[Ba++].Cc1ccc(N\N=C\2C(=O)C(=Cc3ccccc23)C([O-])=O)c(c1)[S]([O-])(=O)=O,calibration
1199,A-2063,CC(C)(c1ccc(OC#N)cc1)c2ccc(OC#N)cc2,test
1200,A-2065,CCCCCCCCCCCC#N,test
1201,A-2073,Clc1ccc(cc1)[S](=O)(=O)c2ccc(Cl)cc2,test
1202,A-2077,CC(C)CCC(C)Nc1ccc(NC(C)CCC(C)C)cc1,test
1203,A-2079,CC(CO)C1CCCCCCCCCCC1,test
1204,A-2083,COC(=O)CCCCCCCCC=C,test
1205,A-2084,[Al+3].[Al+3].[O-]C(=O)c1c(Cl)c(Cl)c(Cl)c(Cl)c1C2=C3C=C(Br)C(=O)C(=C3Oc4c(Br)c([O-])c(Br)cc24)Br.[O-]C(=O)c5c(Cl)c(Cl)c(Cl)c(Cl)c5C6=C7C=C(Br)C(=O)C(=C7Oc8c(Br)c([O-])c(Br)cc68)Br.[O-]C(=O)c9c(Cl)c(Cl)c(Cl)c(Cl)c9C%10=C%11C=C(Br)C(=O)C(=C%11Oc%12c(Br)c([O-])c(Br)cc%10%12)Br,calibration
1206,A-2085,[O--].[O--].[O--].[Bi+3].[Bi+3],validation
1207,A-2086,C[C@]12CC[C@H]3[C@@H](CCc4cc(O)ccc34)[C@@H]1CCC2=O,validation
1208,A-2087,Cc1cc(c(O)c(c1)C(C)(C)C)C(C)(C)C,test
1209,A-2088,FC(F)(F)C(F)(F)C(F)(F)C(F)(F)C(F)(F)C(F)(F)CCOC(=O)C=C.FC(F)(F)C(F)(F)C(F)(F)C(F)(F)C(F)(F)C(F)(F)C(F)(F)C(F)(F)CCOC(=O)C=C.FC(F)(F)C(F)(F)C(F)(F)C(F)(F)C(F)(F)C(F)(F)C(F)(F)C(F)(F)C(F)(F)C(F)(F)CCOC(=O)C=C.FC(F)(F)C(F)(F)C(F)(F)C(F)(F)C(F)(F)C(F)(F)C(F)(F)C(F)(F)C(F)(F)C(F)(F)C(F)(F)C(F)(F)CCOC(=O)C=C,validation
1210,A-2089,CCC(C)c1cc(C(C)CC)c(O)c(c1)C(C)CC,test
1211,A-2091,N(c1ccccc1)c2ccc3ccccc3c2,test
1212,A-2093,O=[Y],calibration
1213,A-2094,[O--].[O--].[O--].[Y+3].[Y+3],calibration
1214,A-2095,CC(CCCC(C)C=O)CCC=C(C)C,validation
1215,A-2096,CC(C)CCC(C)Nc1ccc(Nc2ccccc2)cc1,calibration
1216,A-2097,O=C1CCCCCCCCCC\C=C/CCC1,test
1217,A-2098,COC1=CCC2=C(CCC3C2CCC4(C)C3CCC4(O)C#N)C1,validation
1218,A-2099,CC1(C)CCCC2(C)C1CCC34COC(C)(CCC23)O4,test
1219,A-2100,CC1CCC(CC1)C(C)C,test
1220,A-2101,[Ba++].Cc1cc(N\N=C\2C(=O)C=Cc3ccccc23)c(cc1Cl)[S]([O-])(=O)=O.Cc4cc(N\N=C\5C(=O)C=Cc6ccccc56)c(cc4Cl)[S]([O-])(=O)=O,calibration
1221,A-2104,CCCCCC(C)OC(=O)COc1ccc(Cl)c2cccnc12,validation
1222,A-2106,CCCCCCCCCCCCCCCCCCN(CCO)CCO,validation
1223,A-2110,O=C1CCCCCCC\C=C/CCCCCCO1,test
1224,A-2113,COC(=O)c1ccc(NC(=O)c2cc(Cl)ccc2Cl)cc1N,test
1225,A-2115,CCCCCCCC(=O)SCCC[Si](OCC)(OCC)OCC,validation
1226,A-2117,Oc1c(cccc1c2ccccc2)c3ccccc3,validation
1227,A-2118,CC1(C)CC\C(=C/c2ccc(Cl)cc2)C1=O,validation
1228,A-2119,CC(C)(C)c1cc(ccc1O)C(C)(CC(=O)OCCOC(=O)CC(C)(c2ccc(O)c(c2)C(C)(C)C)c3ccc(O)c(c3)C(C)(C)C)c4ccc(O)c(c4)C(C)(C)C,test
1229,A-2122,CC(C)c1ccc(cc1)c2ccccc2,calibration
1230,A-2126,CCc1cc(Cc2cc(CC)c(N)c(CC)c2)cc(CC)c1N,test
1231,A-2129,CC(C)(c1ccc(OCCOC(=O)C=C)cc1)c2ccc(OCCOC(=O)C=C)cc2,calibration
1232,A-2131,CC(c1ccccc1)c2ccc(Nc3ccc(cc3)C(C)c4ccccc4)cc2,test
1233,A-2132,CCCCCCCCCCCCCCCCCCCCCCCCCCCCCCCCCCCCCCCCCCCCCCCCCCCCCCCCCCCCCCCCCCCCCCCCCC.CCCCCCCCCCCCCCCCCCCCCCCCCCCCCCCCCCCCC(CCCC)(CCCC)CCCCCCCCCCCCCCCC(CCCC)(CCCC)CCCCC.CCCc1cc(C)cc(C)c1.c2ccc(cc2)c3ccccc3.c4ccc5cc6ccccc6cc5c4,validation
1234,A-2135,CCCCCCCCCCCCCCCCCCCCCCC.CCCCCCCCCCCC(CCC)(CCC)CCCCCCCC.CCc1ccc2cc3cc(CC)ccc3cc2c1,test
1235,A-2136,CCCCC(CC)COC(=O)c1ccccc1,calibration
1236,A-2137,CC1CC(CC(C)(C)C1)OC(=O)c2ccccc2O,calibration
1237,A-2138,CCCCCCCCCCCCCCCCCCCC.CCCCCCCC(CC)CCCC(CC)CCCC.c1ccc2cc3ccccc3cc2c1,test
1238,A-2140,COC(=O)c1ccc(cc1[N+]([O-])=O)C(=O)Nc2cc(Cl)ccc2Cl,test
1239,A-2142,C\C=C(/C)C(=O)OCCC(C)CCC=C(C)C,validation
1240,A-2143,CC(=C)C(=O)OCCC(F)(F)C(F)(F)C(F)(F)C(F)(F)C(F)(F)C(F)(F)F,calibration
1241,A-2145,O=C1C=CC(=O)N1c2ccc(Cc3ccc(cc3)N4C(=O)C=CC4=O)cc2,calibration
1242,A-2147,CCCCCCCCCCCCCCO,calibration
1243,A-2149,CC(C)c1ccc(O[P](=O)(Oc2ccc(cc2)C(C)C)Oc3ccc(cc3)C(C)C)cc1,calibration
1244,A-2150,CCCCCCCC[Sn](Cl)(Cl)Cl,test
1245,A-2151,C1CCC(CC1)NSc2sc3ccccc3n2,test
1246,A-2152,[Cu],test
1247,A-2154,CCCCCCCCCCCCCCCc1cccc(O)c1.CCCCCCC\C=C/CCCCCCc2cccc(O)c2.CCCC/C=C\C\C=C/CCCCCCc3cccc(O)c3.Oc4cccc(CCCCCC\C=C/C/C=C\CCC=C)c4,validation
1248,A-2155,CCOc1ccccc1NC(=O)C(=O)Nc2ccccc2CC,test
1249,A-2157,O=C1CCCCCCCCCCCCCCO1,validation
1250,A-2158,Cc1ccc2oc(\C=C\c3oc4ccc(C)cc4n3)nc2c1,validation
1251,A-2162,[Al+3].[O-]N(N=O)c1ccccc1.[O-]N(N=O)c2ccccc2.[O-]N(N=O)c3ccccc3,validation
1252,A-2167,CCN(CC)c1ccc(cc1)N=Nc2ccccc2,test
1253,A-2168,[F-].[F-].[F-].[Nd+3],validation
1254,A-2169,CCc1ccc2C(=O)c3ccccc3C(=O)c2c1,validation
1255,A-2172,CC(C)(CC(=C)c1ccccc1)c2ccccc2,validation
1256,A-2173,CCCCc1nc(Cl)c(CO)n1Cc2ccc(cc2)c3ccccc3c4nnn(n4)C(c5ccccc5)(c6ccccc6)c7ccccc7,test
1257,A-2174,[O--].[O--].[O--].[Na+].[Na+].[Ti+4],validation
1258,A-2175,CCCC[C@H](CC)COC(=O)/C=C/c1ccc(OC)cc1.CCCC[C@@H](CC)COC(=O)/C=C/c2ccc(OC)cc2,validation
1259,A-2176,COC(=O)c1ccc(C(=O)OC)c(c1)N=NC(C(C)=O)C(=O)Nc2ccc3NC(=O)Nc3c2,test
1260,A-2177,CCCCCCCCCCC1CO1,calibration
1261,A-2178,CCCCCCCCCCCCC1CO1,calibration
1262,A-2179,C1COC2(C1)CC3CC2C4CCCC34,test
1263,A-2180,C[Si](C)(O[Si](C)(C)C=C)C=C,test
1264,A-2181,CC(C)C(c1cc(C)cc(C)c1O)c2cc(C)cc(C)c2O,test
1265,A-2183,COC(=O)c1cc(cc(c1)C(=O)OC)N=NC(C(C)=O)C(=O)Nc2ccc3NC(=O)Nc3c2,calibration
1266,A-2184,COc1ccc(cc1O)C2=CC(=O)c3c(O)cc(O)cc3O2,test
1267,A-2186,OCCN(CCO)CCO.OCCN(CCO)CCO.OCCN(CCO)CCO.OC(=O)CCCCCNc1nc(NCCCCCC(O)=O)nc(NCCCCCC(O)=O)n1,test
1268,A-2187,FC(F)(F)C(F)(F)C(F)(F)C(F)(F)C(F)(F)C(F)(F)CCOC(=O)C=C,validation
1269,A-2188,CC(C)CCCCCCCOP(OCCCCCCCC(C)C)Oc1ccccc1,calibration
1270,A-2190,O[S](O)(=O)=O.O=[Ti],test
1271,A-2193,Cc1ccc2C(=O)c3ccccc3C(=O)c2c1,validation
1272,A-2200,N(c1ccccc1)c2ccc(Nc3ccccc3)cc2,test
1273,A-2201,COC(=O)c1ccc2cc(ccc2c1)C(=O)OC,validation
1274,A-2205,[Al+3].[Al+3].[O-]C(=O)c1ccccc1C2=C3C=C(Br)C(=O)C(=C3Oc4c(Br)c([O-])c(Br)cc24)Br.[O-]C(=O)c5ccccc5C6=C7C=C(Br)C(=O)C(=C7Oc8c(Br)c([O-])c(Br)cc68)Br.[O-]C(=O)c9ccccc9C%10=C%11C=C(Br)C(=O)C(=C%11Oc%12c(Br)c([O-])c(Br)cc%10%12)Br,test
1275,A-2206,Oc1ccc(O)c2C(=O)c3ccccc3C(=O)c12,validation
1276,A-2210,CC(C)c1ccc2ccccc2c1C(C)C,validation
1277,A-2214,CCCCCCCC[Sn](=O)CCCCCCCC,calibration
1278,A-2217,COc1ccc(cc1)N2CCN(CC2)c3ccc(cc3)N4C=NNC4=O,calibration
1279,A-2218,Clc1ccc(NC(=O)Nc2ccc(Cl)c(Cl)c2)cc1,calibration
1280,A-2221,CC1CC(C)(C)CC(C1)(OOC(C)(C)C)OOC(C)(C)C,validation
1281,A-2225,C\C1=C/CCC(=C)[C@H]2CC(C)(C)[C@@H]2CC1,test
1282,A-2229,CC(C)(c1ccccc1)C(C)(C)c2ccccc2,test
1283,A-2231,C(Oc1ccc2ccccc2c1)c3ccccc3,test
1284,A-2232,CN1C(=O)C=C2c3ccccc3C(=O)c4c(Br)ccc1c24,calibration
1285,A-2233,Oc1cc2ccccc2cc1C(=O)Nc3cccc(c3)[N+]([O-])=O,test
1286,A-2235,[O--].[O--].[O--].[La+3].[La+3],test
1287,A-2236,[O-][N+](=O)c1cc(OC(=O)Oc2cc(c(Cl)cc2Cl)[N+]([O-])=O)c(Cl)cc1Cl,calibration
1288,A-2238,C1CC=CC(C1)c2ccc(cc2)C3CCC=CC3,calibration
1289,A-2240,CCCCCCCC\C=C/CCCCCCCCO.O[P](O)(O)=O,calibration
1290,A-2241,CC(C)(C)c1ccc(O)cc1.C=O,test
1291,A-2243,[Hg],test
1292,A-2244,Cc1ccc(N\N=C2/C(=O)C=Cc3ccccc23)c(C)c1,test
1293,A-2245,CCCCCCCCCCCCCC(=O)OC,validation
1294,A-2246,CN(C)c1ccc(cc1)C(O)(c2ccc(cc2)N(C)C)c3ccc(Nc4ccccc4)c5ccccc35,test
1295,A-2248,O=C(Nc1ccccc1SSc2ccccc2NC(=O)c3ccccc3)c4ccccc4,test
1296,A-2250,CCCCCCCCCCCC(=O)N(CCCC)CCCC,test
1297,A-2251,COc1ccc(cc1OC(C)=O)[N+]([O-])=O,validation
1298,A-2252,[Cu].C[S](O)(=O)=O,test
1299,A-2253,Cc1ccc(cc1)C(=O)OOC(=O)c2ccc(C)cc2,test
1300,A-2255,Cc1cc(Cc2cc(C)cc(C3CCCCC3)c2O)c(O)c(c1)C4CCCCC4,calibration
1301,A-2257,CCCCC(CC)COC(=O)c1ccccc1C(=O)OCC(CC)CCCC,test
1302,A-2258,CC(C)c1ccccc1C(C)C,validation
1303,A-2259,CC(C)c1cccc(c1)C(C)C,test
1304,A-2260,CCCCCCCCCCCCCCCC(O)C(CO)NC(=O)CCCCCCC\C=C/CCCCCCCC,test
1305,A-2262,CCCCCCCCCCCCCCCC(O)=O,validation
1306,A-2264,CC(=O)OC1=CCC2C3CCC(C3)C12,validation
1307,A-2267,C[Si]1(C)O[Si](C)(C)O[Si](C)(C)O[Si](C)(C)O1,test
1308,A-2268,CCCCCCCC(=O)OCCCOC(=O)CCCCCCC,test
1309,A-2269,CC1(C)CCCC(C1)C(=O)CCC=C,validation
1310,A-2270,CCn1c2ccccc2c3ccccc13,test
1311,A-2271,CCN(CCOC(C)OCC(C)C)c1ccc(cc1)N=Nc2ccccc2,validation
1312,A-2272,[Zr+4].[Zr+4].[Zr+4].[O-][P]([O-])([O-])=O.[O-][P]([O-])([O-])=O.[O-][P]([O-])([O-])=O.[O-][P]([O-])([O-])=O,calibration
1313,A-2273,C(Sc1nnc(c2ccccc2)c(n1)c3ccccc3)\C=C\CSc4nnc(c5ccccc5)c(n4)c6ccccc6,validation
1314,A-2274,COc1ccc(cc1)C(=O)CC(=O)c2ccc(cc2)C(C)(C)C,validation
1315,A-2277,C[Si](O[Si](C)(C)C)O[Si](C)(C)C,calibration
1316,A-2282,COc1ccc(cc1O)C2=CC(=O)c3c(O)cc(O[C@@H]4O[C@H](CO[C@@H]5O[C@@H](C)[C@H](O)[C@@H](O)[C@H]5O)[C@@H](O)[C@H](O)[C@H]4O)cc3O2,test
1317,A-2283,O=C1N(C[C@@H]2CO2)C(=O)N(C[C@@H]3CO3)C(=O)N1C[C@@H]4CO4,test
1318,A-2284,COCCCN1C(=O)c2c(N)c3C(=O)c4ccccc4C(=O)c3c(N)c2C1=O,test
1319,A-2287,CCCCCCCCCCCCCCCCCCCCCC(O)=O,test
1320,A-2288,O=C(OCCCc1ccccc1)c2ccccc2,test
1321,A-2289,CCCCCC(C)CO,test
1322,A-2292,[Pd++].CC(=O)[CH-]C(C)=O.CC(=O)[CH-]C(C)=O,test
1323,A-2293,O=C1NC(=O)c2ccc3c4ccc5C(=O)NC(=O)c6ccc(c7ccc1c2c37)c4c56,test
1324,A-2294,Cc1ccc(Nc2ccc(O)c3C(=O)c4ccccc4C(=O)c23)cc1,calibration
1325,A-2295,[O--].[Zr+4].[O-][S]([O-])(=O)=O,validation
1326,A-2297,CCC1(C\C=C2/CCCc3cc(OC)ccc23)C(=O)CCC1=O,calibration
1327,A-2298,CCCCCCCCCCCCCCCCCC,test
1328,A-2299,CC(C)C1OC2(CCCC2)OCC1(C)C,calibration
1329,A-2301,CCCCC(CC)COC(=O)c1ccc(Nc2nc(Nc3ccc(cc3)C(=O)OCC(CC)CCCC)nc(Nc4ccc(cc4)C(=O)OCC(CC)CCCC)n2)cc1,test
1330,A-2304,CCCCCCCCCCCCCCCC(=O)OC,calibration
1331,A-2307,OCCOC(=O)CC(C[P]1(=O)Oc2ccccc2c3ccccc13)C(=O)OCCO,calibration
1332,A-2308,CC1(C)Nc2cccc3cccc(N1)c23,test
1333,A-2309,[K+].CC(C)CCCCCCCCCCCCCCC([O-])=O,calibration
1334,A-2312,CCN(CCOc1ccc(cc1)C2CCCCC2)c3ccc(C=C(C#N)C#N)c(C)c3,validation
1335,A-2313,CC(C)(C)c1cc(c(O)c(c1)C(C)(C)C)c2cc(cc(c2O)C(C)(C)C)C(C)(C)C,test
1336,A-2317,COc1ccccc1N\N=C2/C(=O)C=Cc3ccccc23,validation
1337,A-2318,CCCCCCCCCCCCCCCCCC(=O)OC,test
1338,A-2319,CC(C)CCCCCCCOC(=O)c1ccccc1C(=O)OCCCCCCCC(C)C,test
1339,A-2320,O=[V](=O)O[V](=O)=O,validation
1340,A-2321,CCC(COCCOC(=O)C=C)(COCCOC(=O)C=C)COCCOC(=O)C=C,test
1341,A-2322,Oc1ccc(cc1)C(c2ccc(O)cc2)c3ccccn3,test
1342,A-2324,[OH-].[OH-].[OH-].[OH-].[OH-].[O--].[O--].[O--].[O--].[O--].[V].[V].[V].[V].[V].[V].[O-][P]([O-])([O-])=O.[O-][P]([O-])([O-])=O.[O-][P]([O-])([O-])=O.[O-][P]([O-])([O-])=O.[O-][P]([O-])([O-])=O,test
1343,A-2326,[Ag].OC(O)=O,test
1344,A-2329,[K+].CCCCCCCCCCCCO[P](O)([O-])=O,validation
1345,A-2331,[F-].[F-].[F-].[Al+3],test
1346,A-2334,OC(=O)c1ccccc1C(=O)c2ccc(cc2)c3ccccc3,test
1347,A-2335,[O-][N+](=O)N1CN(CN(CN(C1)[N+]([O-])=O)[N+]([O-])=O)[N+]([O-])=O,test
1348,A-2336,CC(=O)[C@H]1CCC(=CCCC=C(C)CCC1=C)C.CC(=O)[C@@H]2CCC(=CCCC=C(C)CCC2=C)C.CC(=O)[C@H]3CCC(=CCCC=C(C)CC=C3C)C.CC(=O)[C@@H]4CCC(=CCCC=C(C)CC=C4C)C.CC/5=C/CC\C=C(C)/CC/C(=C(/C)CC5)C(C)=O,test
1349,A-2337,CCC(C)(N=NC(C)(CC)C#N)C#N,validation
1350,A-2338,N[C@@H](CCC(O)=O)C(O)=O.OCCN(CCO)CCO,test
1351,A-2342,Oc1ccc(c(O)c1O)C(=O)c2ccc(O[S](=O)(=O)c3cccc4C(=O)C(=CCc34)N=NN=N)cc2,calibration
1352,A-2345,ClC(=C)C=C,test
1353,A-2346,C=C[S](=O)(=O)C[S](=O)(=O)C=C,test
1354,A-2347,FC(F)(F)F,calibration
1355,A-2348,CC(C)(c1ccccc1)c2ccc(O)cc2,validation
1356,A-2350,CCCSc1nc(Cl)c(c(Cl)n1)[N+]([O-])=O,test
1357,A-2351,[Na+].[Na+].[O-]C(=O)c1ccccc1C2=C3C=C(Br)C(=O)C(=C3Oc4c(Br)c([O-])c(Br)cc24)Br,test
1358,A-2352,CO[S](C)(=O)=O,calibration
1359,A-2355,CCCCCC/C=C/CCCCCCCc1cccc(OCC2CO2)c1.CCC/C=C/C/C=C/CCCCCCCc3cccc(OCC4CO4)c3.C=CC/C=C/C/C=C/CCCCCCCc5cccc(OCC6CO6)c5,test
1360,A-2356,CC(C)=O.C=O.N(c1ccccc1)c2ccccc2,test
1361,A-2357,COC(C)COC(C)COCCC[Si](C)(O[Si](C)(C)C)O[Si](C)(C)O[Si](C)(C)C,test
1362,A-2359,CCCCCCCCCCCCCCCCOC(=O)Oc1c(Cl)cc(cc1Cl)C(=O)OCC,test
1363,A-2361,[Cu++].CCCCCCCC\C=C/CCCCCCCC([O-])=O.CCCCCCCC\C=C/CCCCCCCC([O-])=O,calibration
1364,A-2362,Cl.OC(=O)[C@@H]1C[C@H](CN1)C2CCCCC2,validation
1365,A-2363,O=C1NC2CC1C=C2,test
1366,A-2367,C1CCC(CC1)c2ccccc2,test
1367,A-2371,[Na+].[Na+].[K+].[K+].Nc1c(cc(c(N)c1N=Nc2ccc(cc2)[S](=O)(=O)CCO[S]([O-])(=O)=O)[S]([O-])(=O)=O)N=Nc3ccc(cc3[S]([O-])(=O)=O)[S](=O)(=O)CCO[S]([O-])(=O)=O,test
1368,A-2372,[Na+].CCCCc1ccc2[n-]nnc2c1,test
1369,A-2377,CC1=CCC2CC1C2(C)C,test
1370,A-2378,CC(C)(c1ccc(OCC2CO2)cc1)c3ccc(OCC4CO4)cc3,test
1371,A-2379,CCCCCCCCCCCCCCCCN(C)C,test
1372,A-2380,CC(C)C1CC2=C(C)CC1C(C2)C=O,calibration
1373,A-2382,CCCCCCCCCCCCN(C)C,calibration
1374,A-2384,[Na+].[Na+].[Na+].[Na+].CCN(c1ccccc1)c2nc(Cl)nc(Nc3cc(cc4cc(c(N=Nc5ccc6c(cccc6[S]([O-])(=O)=O)c5[S]([O-])(=O)=O)c(O)c34)[S]([O-])(=O)=O)[S]([O-])(=O)=O)n2,calibration
1375,A-2385,Clc1ccc(Oc2cccc(Cl)c2)cc1,calibration
1376,A-2387,CCCCC(CC)C(=O)OCC(COCC(COC(=O)CCCCCC(C)C)(COC(=O)C(CC)CCCC)COC(=O)C(CC)CCCC)(COC(=O)CCCCCC(C)C)COC(=O)CCCCCC(C)C,test
1377,A-2388,CCN(CC)CCCNc1nc(Nc2ccc(cc2)N=Nc3c(O)c4c(Nc5nc(NCC(C)N)nc(NCC(C)N)n5)cc(cc4cc3[S](O)(=O)=O)[S](O)(=O)=O)nc(Nc6ccc(cc6)N=Nc7c(O)c8c(Nc9nc(NCC(C)N)nc(NCC(C)N)n9)cc(cc8cc7[S](O)(=O)=O)[S](O)(=O)=O)n1.CC(O)C(O)=O,calibration
1378,A-2390,Cl.CCCCCCCCCCCC(=O)N[C@@H](CCCNC(N)=N)C(=O)OCC,test
1379,A-2392,CCC(=O)/C=C/C1C(=CCCC1(C)C)C,test
1380,A-2393,CC(=O)C(\C)=C/C1C(=CCCC1(C)C)C,validation
1381,A-2394,CC(C)[C@@H]1CC[C@@H](C)C[C@H]1OC(C)=O,validation
1382,A-2395,CC(=O)CC(=O)Nc1ccc(NC(=O)CC(C)=O)cc1,validation
1383,A-2397,[Cl-].CCCCCCCCCCCC(=O)OCC[N+](C)(C)C,validation
1384,A-2401,O=C(OCc1ccccc1)c2ccccc2,test
1385,A-2402,O=[S](=O)(c1ccccc1)c2ccccc2,test
1386,A-2403,C=CC(=O)N1CCOCC1,calibration
1387,A-2404,COCC(C)O,validation
1388,A-2407,[Na+].[Na+].[O-]C(=O)c1ccccc1C2=C3C=CC(=O)C=C3Oc4cc([O-])ccc24,validation
1389,A-2409,[NH4+].O.[O--].[Mo],calibration
1390,A-2411,OC(=O)CS,test
1391,A-2412,CC(CCCC(C)(C)O)CC=O.[nH]1ccc2ccccc12,test
1392,A-2413,CCCCCCCCCCCCCCCCCCOC(=O)\C=C\C(=O)OCCCCCCCCCCCCCCCCCC,validation
1393,A-2414,O.[In+3].[O-][N+]([O-])=O.[O-][N+]([O-])=O.[O-][N](=O)=O,test
1394,A-2415,[Na+].C[S-],validation
1395,A-2417,CCOC(=O)CN=C(c1ccccc1)c2ccccc2,validation
1396,A-2418,Cc1cc(c(OP2OCC3(CO2)COP(OC3)Oc4c(cc(C)cc4C(C)(C)C)C(C)(C)C)c(c1)C(C)(C)C)C(C)(C)C,test
1397,A-2419,[Al+3].[O-][P]([O-])([O-])=O,test
1398,A-2420,CCOC(=O)CC(NC1CCC(CC2CCC(NC(CC(=O)OCC)C(=O)OCC)C(C)C2)CC1C)C(=O)OCC,test
1399,A-2421,CCCCCCCCCCCC(=O)NCCC[N+](C)(C)CC([O-])=O,test
1400,A-2423,CN(C)CCOCCO,test
1401,A-2424,Nc1ccc(c(N)c1)[N+]([O-])=O,test
1402,A-2425,CCCCCCCCCCCC([O-])=O.CCCCCCCCCCCC([O-])=O.CCCC[Sn++]CCCC,validation
1403,A-2428,CC[Pb](CC)(CC)CC,test
1404,A-2430,CCCCCCCCCCCCCCCC(=O)O[C@@H]1C[C@H](N(C1)C(=O)CCCCCCCCCCCCCCC)C(O)=O,validation
1405,A-2433,[F-].[F-].[F-].[Ce+3],test
1406,A-2434,c1ccc(cc1)P(c2ccccc2)c3ccccc3,test
1407,A-2436,CC(CCC=C(C)C)C=C,test
1408,A-2437,CCCCCCCCCC(O)=O.CCCCCCCC(O)=O.CCCCCCC(O)=O.CCCCC(O)=O.OCC(CO)(CO)CO,validation
1409,A-2438,CCCCC(CC)COC(=O)CSCC(=O)OCC(CC)CCCC,calibration
1410,A-2442,CC(C)=CCCc1ccc2C(=O)c3ccccc3C(=O)c2c1,calibration
1411,A-2443,CCCCCCCCCOC(=O)c1ccccc1C(=O)OCCCCCCCC,test
1412,A-2444,[Li+].CCCCCCCCCCCCCCCCCCCCCC([O-])=O,validation
1413,A-2445,[Li+].CCCCCCCCCCCCCC([O-])=O,test
1414,A-2446,[Li+].CCCCCCCC\C=C/CCCCCCCC([O-])=O,test
1415,A-2447,[Li+].CCCCCCC(O)CCCCCCCCCCC([O-])=O,calibration
1416,A-2448,[Rh].CC(=O)[CH-]C(C)=O.[C-]#[O+].c1ccc(cc1)P(c2ccccc2)c3ccccc3,test
1417,A-2450,CC(C)CCCCCCCCOCCCNCCC#N,test
1418,A-2451,CC(=O)OC[C@H]1CCC=C(CCC=C(C)C)C1,test
1419,A-2453,CC(=O)c1cc(Nc2nc(Nc3cc(C(C)=O)c(N)c4C(=O)c5ccccc5C(=O)c34)nc(n2)c6ccccc6)c7C(=O)c8ccccc8C(=O)c7c1N,calibration
1420,A-2455,CCCCCCCCCCCCCCCC(=O)OCC(O)CO,calibration
1421,A-2456,CCCCCCCC.CC(C)(C)OO.CC1(C)CC(CC(C)(C)N1)OC(=O)CCCCCCCCC(=O)OC2CC(C)(C)NC(C)(C)C2,calibration
1422,A-2457,CCCCC(CC)COC(=O)CS[Sn](C)(C)SCC(=O)OCC(CC)CCCC,validation
1423,A-2458,CCCCCCCC\C=C/CCCCCCCC1=NCCN1CCO,calibration
1424,A-2460,O.Cl.[Zn].CC(C)(C)c1cc(C(O)=O)c(O)c(c1)C(C)(C)C,validation
1425,A-2461,[Zn++].CCCC(C)C(CCC)C(C)Cc1ccc(O[P]([S-])(=S)Oc2ccc(CC(C)C(CCC)C(C)CCC)cc2)cc1.CCCC(C)C(CCC)C(C)Cc3ccc(O[P]([S-])(=S)Oc4ccc(CC(C)C(CCC)C(C)CCC)cc4)cc3,validation
1426,A-2462,[Cr+3].CCCCC(CC)C([O-])=O.CCCCC(CC)C([O-])=O.CCCCC(CC)C([O-])=O,test
1427,A-2463,Oc1cc(O)c2C[C@@H](OC(=O)c3cc(O)c(O)c(O)c3)[C@H](Oc2c1)c4cc(O)c(O)c(O)c4,validation
1428,A-2464,CCOCCCCCCCCCCCCCC\C=C\CC,validation
1429,A-2465,Fc1cc(Cl)ccc1CC#N,test
1430,A-2466,CC(CC(C)(C)C#N)c1ccccc1,test
1431,A-2467,CC(=O)OC1CCC(CC1)C(C)(C)C,calibration
1432,A-2470,C[C@]12CC[C@H]3[C@@H](CC[C@H]4CC(=O)CC[C@]34C)[C@@H]1CC[C@@H]2O,test
1433,A-2471,O=C(NC1CCCCC1)Nc2ccc(Cc3ccc(NC(=O)NC4CCCCC4)cc3)cc2,test
1434,A-2473,Cc1ccc(cc1N=C=O)N2C(=O)N(c3ccc(C)c(c3)N=C=O)C2=O,test
1435,A-2474,CCCCCCCCCCCC(=O)OCC(O)[C@H]1OC[C@@H](O)[C@@H]1O,test
1436,A-2476,COC(=O)CN(CC(=O)OC)c1ccc(N=Nc2ccc(cc2C#N)[N+]([O-])=O)c(NC(C)=O)c1,validation
1437,A-2477,[Cu+].[I-],validation
1438,A-2478,Nc1ccc(N=Nc2cccc(c2)N=Nc3ccc(N)cc3N)c(N)c1,calibration
1439,A-2479,CCCC(C)C.CCCC(C)CC.CCC(C)CC.CCC(C)C(C)C,calibration
1440,A-2481,CC\C=C\C,test
1441,A-2482,S,validation
1442,A-2483,CC(=O)OCCN(CCC#N)c1ccc(cc1)N=Nc2sc3cc(ccc3n2)[N+]([O-])=O,test
1443,A-2484,N#Cc1ccccc1/C=C/c2ccc(cc2)/C=C/c3ccccc3C#N,test
1444,A-2485,[O-][N+](=O)c1ccc(N=Nc2ccc(cc2)N(CCC#N)CCC#N)c(Cl)c1,test
1445,A-2486,CC(=O)OCCN(CCC#N)c1ccc(cc1)N=Nc2ccc(cc2)[N+]([O-])=O,calibration
1446,A-2487,CCN(CCC#N)c1ccc(cc1)N=Nc2c(Br)cc(cc2Br)[N+]([O-])=O,test
1447,A-2488,CCN(CCC#N)c1ccc(cc1)N=Nc2ccc(cc2Cl)[N+]([O-])=O,test
1448,A-2489,COc1cc(N=Nc2c(Cl)cc(cc2[N+]([O-])=O)[N+]([O-])=O)c(NC(C)=O)cc1N(CC=C)CC=C,calibration
1449,A-2490,CCOC(=O)C(C)OC(=O)c1cc(Oc2ccc(cc2Cl)C(F)(F)F)ccc1[N+]([O-])=O,validation
1450,A-2491,C[C@H]1CC(=O)C[C@@H]2CC[C@H]3[C@@H]4CC[C@H](OC(C)=O)[C@@]4(C)CC[C@@H]3[C@@]12C,calibration
1451,A-2493,CCCCCCCCCCCCCCCCCCCCCC(=O)OCC(O)CO,validation
1452,A-2494,C[C](C)C,calibration
1453,A-2495,O[Mo](O)(=O)=O,calibration
1454,A-2497,CCC=C.C\C=C\C,calibration
1455,A-2498,CCCCCCCCC(O)=O.CCCCCCC(O)=O.CCCCC(O)=O.OCC(CO)(CO)CO,test
1456,A-2500,COc1cc(N=Nc2c(Br)cc(cc2[N+]([O-])=O)[N+]([O-])=O)c(NC(C)=O)cc1N(CCOC(C)=O)CCOC(C)=O,test
1457,A-2504,CC(C)(C)c1cc(O)ccc1O,test
1458,A-2505,COc1ccc(N)c(c1)[N+]([O-])=O,calibration
1459,A-2506,CCOC(OCC)\C=C(C)\CCC=C(C)C,test
1460,A-2507,S=C1Nc2ccccc2N1,calibration
1461,A-2510,CCCCCCOCCCCCC,test
1462,A-2511,[O-][N+](=O)c1ccc(cc1)N=Nc2ccc(cc2)N(CCOCCC#N)CCC#N,test
1463,A-2512,CCCCN(C1CC(C)(C)N(C)C(C)(C)C1)c2nc(NCCCN(CCN(CCCNc3nc(nc(n3)N(CCCC)C4CC(C)(C)N(C)C(C)(C)C4)N(CCCC)C5CC(C)(C)N(C)C(C)(C)C5)c6nc(nc(n6)N(CCCC)C7CC(C)(C)N(C)C(C)(C)C7)N(CCCC)C8CC(C)(C)N(C)C(C)(C)C8)c9nc(nc(n9)N(CCCC)C%10CC(C)(C)N(C)C(C)(C)C%10)N(CCCC)C%11CC(C)(C)N(C)C(C)(C)C%11)nc(n2)N(CCCC)C%12CC(C)(C)N(C)C(C)(C)C%12,test
1464,A-2513,CCN(CC)c1cc(NC(C)=O)c(cc1OC)N=Nc2c(Cl)cc(cc2[N+]([O-])=O)[N+]([O-])=O,calibration
1465,A-2514,C1CCC2CCCCC2C1,validation
1466,A-2515,CCCC[Sn++]CCCC.[O-]C(=O)\C=C\C([O-])=O,calibration
1467,A-2516,CC(=C)C(=O)O[Zn]O,calibration
1468,A-2517,CCCCCCCC\C=C/CCCCCCCC(=O)OCC(C)OC(=O)CCCCCCC\C=C/CCCCCCCC,calibration
1469,A-2519,O=C(Nc1cccc2C(=O)c3ccccc3C(=O)c12)c4ccc(cc4)c5ccc(cc5)N=Nc6ccc(cc6)c7ccc(cc7)C(=O)Nc8cccc9C(=O)c%10ccccc%10C(=O)c89,validation
1470,A-2520,C1Cc2ccc(CCc3ccc1cc3)cc2,calibration
1471,A-2521,O=C1c2ccccc2c3ccc4c5ccc6c7ccccc7C(=O)c8ccc(c9ccc1c3c49)c5c68,validation
1472,A-2525,COc1cc2c3ccccc3C(=O)c4ccc5c6ccc7C(=O)c8ccccc8c9cc(OC)c(c1c5c24)c6c79,test
1473,A-2526,CCCCC[C@H](CCC)CCCO,validation
1474,A-2528,CC(C)(C)OOC1(CCCCC1)OOC(C)(C)C,validation
1475,A-2532,CCCCCCCCCCCCCCCC(=O)OC/C=C(C)/C=C/C=C(C)/C=C/C1=C(C)CCCC1(C)C,test
1476,A-2535,C[C@@H](Oc1ccc(Oc2ccc(cn2)C(F)(F)F)cc1)C(O)=O,validation
1477,A-2537,CCC(C)(C)OOC1(CCCCC1)OOC(C)(C)CC,test
1478,A-2538,CC1=CC(C)(C)Nc2ccccc12,validation
1479,A-2540,CCCCCCCCCl,test
1480,A-2541,C[Si](C)(C)O[Si](C)(C)O[Si](C)(C)O[Si](C)(C)O[Si](C)(C)O[Si](C)(C)C,validation
1481,A-2542,CCC(COP)(COS)COS.CC(COS)(COS)COC(=O)CCCC(=O)OCC(C)(COS)COS,validation
1482,A-2543,B12B3B4B1C234,calibration
1483,A-2544,CC(C)(C)CC(C)(C)c1ccc(O)c(c1)n2nc3ccccc3n2,test
1484,A-2545,Cc1ccc(O)c(c1)n2nc3ccccc3n2,test
1485,A-2546,CC(C)(C)c1cc(CCC(=O)OCCSCCOC(=O)CCc2cc(c(O)c(c2)C(C)(C)C)C(C)(C)C)cc(c1O)C(C)(C)C,test
1486,A-2547,Cc1cc(CCC(=O)OCCOCCOCCOC(=O)CCc2cc(C)c(O)c(c2)C(C)(C)C)cc(c1O)C(C)(C)C,calibration
1487,A-2548,CCCCCCCCOc1ccc(c(O)c1)C(=O)c2ccccc2,test
1488,A-2549,CCCCCCC(CO)CCCC,test
1489,A-2550,CCCCCCCCCCCCC(CO)CCCCCCCCCC,validation
1490,A-2551,CCCCCCCCCCCCCCC(CO)CCCCCCCCCCCC,validation
1491,A-2552,CCCCC(CC)COCOCC(CC)CCCC,test
1492,A-2553,CCCCCCCCC(CO)CCCCCC,calibration
1493,A-2554,Cc1cc(n2nc3ccc(Cl)cc3n2)c(O)c(c1)C(C)(C)C,validation
1494,A-2555,CCc1cc(Cc2cc(CC)cc(c2O)C(C)(C)C)c(O)c(c1)C(C)(C)C,calibration
1495,A-2556,CCCCCCCCCCCCCCCCC(CO)CCCCCCCCCCCCCC,test
1496,A-2559,CCCCCCCCCCCCCCCCCCNC(=O)NCCCNC(=O)NCCCCCCCCCCCCCCCCCC,validation
1497,A-2561,CCCCC(CC)CN[S](=O)(=O)c1ccc(N)cc1,test
1498,A-2563,CC(C)(C)c1ccc2oc(nc2c1)c3sc(cc3)c4oc5ccc(cc5n4)C(C)(C)C,test
1499,A-2564,CCCCCCCCCC(O)=O.CCCCCCCC(O)=O.CCCCCC(O)=O.CCC(CO)(CO)CO.OC(=O)CCCCC(O)=O,validation
1500,A-2565,O=C1OC(=O)c2ccc3c4ccc5C(=O)OC(=O)c6ccc(c7ccc1c2c37)c4c56,test
1501,A-2566,[O-][N+](=O)c1ccc(O[P](=S)(Oc2ccc(cc2)[N+]([O-])=O)Oc3ccc(cc3)[N+]([O-])=O)cc1,calibration
1502,A-2567,[Ba++].Cc1cc(c(N\N=C/2C(=O)C(=Cc3ccccc23)C([O-])=O)cc1Cl)[S]([O-])(=O)=O,test
1503,A-2568,[Ba++].[O-][S](=O)(=O)c1c(N\N=C\2C(=O)C=Cc3ccccc23)ccc4ccccc14.[O-][S](=O)(=O)c5c(N\N=C\6C(=O)C=Cc7ccccc67)ccc8ccccc58,test
1504,A-2569,CC(C)CCCCCCCCCCOC(=O)c1ccccc1C(=O)OCCCCCCCCCCC(C)C,validation
1505,A-2570,[Ca++].[O-][S](=O)(=O)c1c(N\N=C\2C(=O)C=Cc3ccccc23)ccc4ccccc14.[O-][S](=O)(=O)c5c(N\N=C\6C(=O)C=Cc7ccccc67)ccc8ccccc58,calibration
1506,A-2571,[O--].[O--].[O--].[In+3].[In+3],validation
1507,A-2572,CC(C)CCCCCCCCCCOC(=O)CCCCC(=O)OCCCCCCCCCCC(C)C,validation
1508,A-2573,CCCCCCCCCCCCCCCCCCCCCCO,test
1509,A-2574,CCCCCCCCCCCCOC(=O)CCSCCC(=O)OCCCCCCCCCCCC,validation
1510,A-2575,CCOC(=O)c1ccc(cc1)N=CN(C)c2ccccc2,validation
1511,A-2577,CCCCCCCCCCCCCCCCOC(=O)OOC(=O)OCCCCCCCCCCCCCCCC,calibration
1512,A-2578,CCCCCCCCCCCCCCCC[Si](OC)(OC)OC,test
1513,A-2579,CCCCCC=O.CCCCC=O.O=CCC=O,test
1514,A-2580,[O--].[O--].[K+].[Fe+3],calibration
1515,A-2581,[Li].O.[K].[Ti],test
1516,A-2582,CCCCCCCCCCCCCCCCCCCCO,calibration
1517,A-2583,[NH4+].[Mn+3].[O-][P]([O-])(=O)O[P]([O-])([O-])=O,calibration
1518,A-2584,CCCCCCCCCCCCCCCCCCO,calibration
1519,A-2586,CCCCCCCCCCCC(=O)OC(C)C,test
1520,A-2587,CCCCCCCCCCCCCCCCCCCCCCCCO,test
1521,A-2589,CCCCCCC\C=C\CC,validation
1522,A-2590,CCCCCCCCCCCC(=O)OC=C,test
1523,A-2591,[Zn++].CCCCN(CCCC)C([S-])=S.CCCCN(CCCC)C([S-])=S,test
1524,A-2592,COC(OC)c1ccc(cc1)C(=O)OC.COC(=O)c2ccccc2.COC(=O)c3ccc(C)cc3.COC(=O)c4ccc(CO)cc4.COC(=O)c5ccc(COC(=O)c6ccc(C)cc6)cc5.COC(=O)c7ccc(COC(=O)c8ccc(cc8)C(=O)OC)cc7.COC(=O)c9ccc(C=O)cc9.COC(=O)c%10ccc(cc%10)C(O)=O.COC(=O)c%11ccc(cc%11)C(=O)OC.COC(=O)c%12ccc(cc%12)C(=O)OCc%13ccc(C)cc%13.COC(=O)c%14ccc(cc%14)c%15ccc(cc%15)C(=O)OC.COC(=O)c%16ccc(cc%16)c%17cccc(c%17)C(=O)OC.COC(=O)c%18ccc(cc%18)c%19ccccc%19C(=O)OC.COC(=O)c%20ccc(cc%20)c%21cc(C)ccc%21C(=O)OC.COC(=O)c%22ccc(cc%22)c%23cc(ccc%23C(=O)OC)C(=O)OC.COC(=O)c%24cccc(c%24)C(=O)OC.COC(=O)c%25ccc(C(=O)OC)c(c%25)C(=O)OC.COC(=O)c%26ccc%27c(c%26)C(=O)c%28ccc(cc%27%28)C(=O)OC.COC(=O)c%29ccc(C)c%30c%29OC(=O)c%31ccccc%30%31.COC(=O)c%32ccccc%32C(=O)OC.COC(=O)c%33ccc(C)cc%33C(=O)OC.Cc%34ccc(C)cc%34.Cc%35ccc(cc%35)C(O)=O.OC(=O)c%36ccccc%36,validation
1525,A-2593,CCCCC(CC)C1CCON1CCOC(=O)NCCCCCCNC(=O)OCCN2OCCC2C(CC)CCCC,validation
1526,A-2594,COC(=O)CCc1cc(n2nc3ccccc3n2)c(O)c(c1)C(C)(C)C,test
1527,A-2595,CCCCCCCCCCCCCCCCCCNC(=O)Nc1ccc(Cc2ccc(NC(=O)NCCCCCCCCCCCCCCCCCC)cc2)cc1,calibration
1528,A-2596,CC(C)CCC[C@@H](C)CCC[C@@H](C)CCC[C@]1(C)CCc2c(C)c(OC(C)=O)c(C)c(C)c2O1,calibration
1529,A-2597,ICC1CCC(CI)CC1,validation
1530,A-2598,CC(C)(C)OOC(C)(C)c1ccc(cc1)C(C)(C)OOC(C)(C)C,calibration
1531,A-2599,[OH-].[O--].[Al+3],test
1532,A-2601,CCCCCCCCCCCCCCCCCCSSCCCCCCCCCCCCCCCCCC,test
1533,A-2602,CCCCCCCCCCCCC(CCCCCCCCCC)C(O)=O,validation
1534,A-2604,[Zr],test
1535,A-2605,C[Si](C)(C)O[Si](C)(O[Si](C)(C)C)O[Si](C)(C)C,calibration
1536,A-2606,CCOc1ccccc1NC(=O)C(=O)Nc2ccc(CCCCCCCCCC(C)C)cc2,calibration
1537,A-2607,N12[Si]34N5[Si]16N3[Si]25N46,validation
1538,A-2608,CCCCC(CC)COC(=O)CC(C)CC(C)(C)C,calibration
1539,A-2609,[O--].[O--].[O--].[Ca++].[Ti+4],calibration
1540,A-2610,CCC(C)CCCOC(=O)CCc1cc(n2nc3ccccc3n2)c(O)c(c1)C(C)(C)C,test
1541,A-2613,[Ca++].[Ca++].[O-][P]([O-])(=O)O[P]([O-])([O-])=O,calibration
1542,A-2614,C[S](=O)(=O)Oc1ccc(Nc2ccc(O)c3C(=O)c4ccccc4C(=O)c23)cc1,test
1543,A-2615,[Ni++].CCCCN.CC(C)(C)CC(C)(C)c1ccc([O-])c(Sc2cc(ccc2[O-])C(C)(C)CC(C)(C)C)c1,calibration
1544,A-2617,CC(Cc1cccc(CC(C)c2ccc(O)cc2)c1)c3ccc(O)cc3,calibration
1545,A-2618,Cc1cccc(c1)N(c2ccccc2)c3ccc(cc3)c4ccc(cc4)N(c5ccccc5)c6cccc(C)c6,test
1546,A-2619,CN(C(=S)SSC(=S)N(C)c1ccccc1)c2ccccc2,test
1547,A-2620,CCN(CC)c1ccc(N=Nc2c(cc(cc2[N+]([O-])=O)[N+]([O-])=O)C#N)c(NC(C)=O)c1,test
1548,A-2621,CC(C)=C.Cc1ccc(O)cc1.C2C=CC3C4CC(C=C4)C23,validation
1549,A-2622,CCCCCCCCCCCC(=O)OCCOCC(OCCO)C1OCC(OCCO)C1OCCO,calibration
1550,A-2623,CC(C)CCCCCCCCCCCCCCCO,test
1551,A-2624,CCCCCCCCCCCC(=O)OCC(COC(C)=O)OC(C)=O,test
1552,A-2625,CCCCCCCCCCCCCCCOC(=O)/C=C/C(=O)OCCCCCCCCCCCCCCC,test
1553,A-2626,CCCCCCCCOC(=O)\C=C\C(=O)OCCCCCCCC,test
1554,A-2627,O=C=Nc1ccc(O[P](=S)(Oc2ccc(cc2)N=C=O)Oc3ccc(cc3)N=C=O)cc1,test
1555,A-2628,CC(C)CCCCCCCOC(=O)\C=C\C(=O)OCCCCCCCC(C)C,test
1556,A-2629,CCCCCCCCCCCCOC(=O)\C=C\C(=O)OCCCCCCCCCCCC,validation
1557,A-2630,CCCCCCCC\C=C/CCCCCCCC(=O)OC(C)C,test
1558,A-2631,CCCCCCCCCC(O)=O.CCCCCCCC(O)=O.CCCCCCC(O)=O.OCC(CO)(CO)CO,test
1559,A-2632,[N-]=[N+]=C1C=Cc2c(cccc2[S](=O)(=O)Oc3ccc(C(=O)c4ccccc4)c(O[S](=O)(=O)c5cccc6C(=O)C(C=Cc56)=[N+]=[N-])c3O[S](=O)(=O)c7cccc8C(=O)C(C=Cc78)=[N+]=[N-])C1=O,test
1560,A-2633,CCCCCCCC[Si](OCC)(OCC)OCC,test
1561,A-2635,CCCCCCC(O)CCCCCCCCCCC(=O)NCCNC(=O)CCCCCCCCCCC(O)CCCCCC,test
1562,A-2636,O=C1OC(=Nc2ccccc12)c3ccc(cc3)C4=Nc5ccccc5C(=O)O4,test
1563,A-2637,CCCCCCCC\C=C/CCCCCCCCCCCC(N)=O,test
1564,A-2638,O=C=Nc1ccc(cc1)C(c2ccc(cc2)N=C=O)c3ccc(cc3)N=C=O,test
1565,A-2639,CC(C)CCCCCCOC(=O)c1ccccc1C(=O)OCCCCCCC(C)C,validation
1566,A-2641,CCCCC(CC)COC(=O)CCCCC(=O)OCC(CC)CCCC,calibration
1567,A-2642,CC(C)CCCCCCCOC(=O)CCCCC(=O)OCCCCCCCC(C)C,test
1568,A-2643,CC(C)CCCCCCOC(=O)CCCCC(=O)OCCCCCCC(C)C,test
1569,A-2644,CCCCCCCCOCCCCCCCC,validation
1570,A-2645,CCCCCCCCCCCCCCCCCCOC=C,test
1571,A-2646,CC(C)CCCCCCCCCCCCCCC(O)=O.OC[C@H](O)[C@@H](O)[C@H](O)C(O)O,test
1572,A-2647,CCCCC(CC)COC(=O)C(C#N)=C(c1ccccc1)c2ccccc2,calibration
1573,A-2648,CCCC1CCC(CC1)C2CCC(CC2)c3ccc(c(F)c3)c4cc(F)c(F)c(F)c4,calibration
1574,A-2649,CCCCCCCCCCC(CO)CCCCCCCC,test
1575,A-2650,O=C1OC(=O)c2cccc3cccc1c23,calibration
1576,A-2651,CC(C)(C)c1cc(CCC(=O)OCC(COC(=O)CCc2cc(c(O)c(c2)C(C)(C)C)C(C)(C)C)(COC(=O)CCc3cc(c(O)c(c3)C(C)(C)C)C(C)(C)C)COC(=O)CCc4cc(c(O)c(c4)C(C)(C)C)C(C)(C)C)cc(c1O)C(C)(C)C,test
1577,A-2652,CC(C)(C)CC(C)(C)c1ccc(Nc2ccc(cc2)C(C)(C)CC(C)(C)C)cc1,test
1578,A-2656,CCCCCCCCC(C)C(CC)CCCCCCC.CCCCCCCCC(C)C(CCC)CCCCCC,test
1579,A-2657,CCCCCCCCCCCCCCCCCC(=O)NCCNCCNC(=O)CCCCCCCCCCCCCCCCC.CCCCCCCCCCCCCCCCCC(=O)NCCN1CCN=C1CCCCCCCCCCCCCCCCC.CC(O)=O.CC(O)=O,calibration
1580,A-2658,CCCCCCCCCCCCCCCCCCCCCC(=O)NCCCN(C)C,calibration
1581,A-2659,CCCCCCCCCCCCCCCCCCOCC[O],test
1582,A-2661,[Mg++].[Mg++].[Mg++].O[Si]([O-])=O.O[Si]([O-])=O.[O-][Si]([O-])=O.[O-][Si]([O-])=O,validation
1583,A-2662,Cc1cc(C)c(c(C)c1)C(=O)[P](=O)(C(=O)c2c(C)cc(C)cc2C)c3ccccc3,calibration
1584,A-2663,[O--].[O--].[O--].[O--].[O--].[Al+3].[Al+3].[Ca++].[Ca++],validation
1585,A-2664,CO[Si](OC)(C(C)C)C(C)C,test
1586,A-2665,CCCCCCCCCCCC(=O)OOC(=O)CCCCCCCCCCC,calibration
1587,A-2666,CCCCCCCCOC(=O)[C@@H](C)Oc1ccc(Cl)cc1C,test
1588,A-2667,[Ag+].[C-]#N,test
1589,A-2668,[Ti++].[H-].[H-],test
1590,A-2669,[Ti+4].[O-][Si]([O-])=O.[O-][Si]([O-])=O,test
1591,A-2673,CCCCCCCCC(=O)OCC(CC)(COC(=O)CCCCCCCC)COC(=O)CCCCCCCC,validation
1592,A-2674,CCC(C)(C)c1cc(O)c(cc1O)C(C)(C)CC,test
1593,A-2675,[O--].[O--].[O--].[O--].[O--].[Fe+3].[Fe+3].[Sr++].[Sr++],validation
1594,A-2676,[H-].[H-].[Zr++],validation
1595,A-2677,CC1(OCCO1)C2CCC3C4=CC=C5CC6(CCC5(C)C4CCC23C)OCCO6,test
1596,A-2678,CC(C)[C@H]1CC[C@H](C)C[C@@H]1OC(C)=O,test
1597,A-2680,[Zn++].[n-]1c2nc3[n-]c(nc4nc(nc5nc(nc1c6ccccc26)c7ccccc57)c8ccccc48)c9ccccc39,test
1598,A-2681,CC(=O)Nc1cc(ccc1N=Nc2ccc(cc2Cl)[N+]([O-])=O)N(CCOC(C)=O)CCOC(C)=O,validation
1599,A-2684,CCCCCCCCCCCCCCCCCC(=O)OCC(OC(=O)CCCCCCCCCCCCCCCCC)[C@H]1OC[C@@H](O)[C@@H]1OC(=O)CCCCCCCCCCCCCCCCC,test
1600,A-2685,CCCCCCCCCCCCCCCC(=O)OCC(O)[C@H]1OC[C@@H](O)[C@@H]1O,test
1601,A-2687,CC(C)CCCCCCCCCCOC(=O)c1ccc(C(=O)OCCCCCCCCCCC(C)C)c(c1)C(=O)OCCCCCCCCCCC(C)C,calibration
1602,A-2688,CCCCCCC(=O)OCC(COC(=O)CCCCCC)OC(=O)CCCCCC,validation
1603,A-2689,CCCCCCC(O)CCCCCCCCCCC(=O)OCC(COC(=O)CCCCCCCCCCC(O)CCCCCC)OC(=O)CCCCCCCCCCC(O)CCCCCC,test
1604,A-2690,CCCCC(CC)C(=O)OCC(COC(=O)C(CC)CCCC)OC(=O)C(CC)CCCC,test
1605,A-2691,CCCCCCCC\C=C/CCCCCCCC(=O)OCC(COC(=O)CCCCCCC\C=C/CCCCCCCC)OC(=O)CCCCCCC\C=C/CCCCCCCC,calibration
1606,A-2692,CC(C)CCCCCOC(=O)CCCCC(=O)OCCCCCC(C)C,test
1607,A-2693,CCCCCCCCCCCCCCCCCCOCCCCCCCCCCCCCCCCCC,validation
1608,A-2694,CCCCCCC(=O)OCC(CC)(COC(=O)CCCCCC)COC(=O)CCCCCC,test
1609,A-2695,CCCCCCCC\C=C/CCCCCCCC(=O)OCC(C)(C)COC(=O)CCCCCCC\C=C/CCCCCCCC,calibration
1610,A-2696,CCCCCCCC(=O)OCC(C)(C)COC(=O)CCCCCCC,calibration
1611,A-2698,CCCCCCCCCCCCCCCCCOC(=O)/C=C/C(=O)OCCCCCCCCCCCCCCCCC,test
1612,A-2699,Clc1ccc(NC(=O)CBr)c(c1)C(=O)c2ccccc2Cl,test
1613,A-2701,CCC(COC(=O)CCCCCCCCCCCCCCC(C)C)(COC(=O)CCCCCCCCCCCCCCC(C)C)COC(=O)CCCCCCCCCCCCCCC(C)C,validation
1614,A-2702,CCCCCCCCCCCCCCCCCC(=O)OCCCCCCCC,calibration
1615,A-2703,CCCCCCCCCCCCCCC1CO1,test
1616,A-2704,CC(C)(C)c1cc(CCC(=O)NNC(=O)CCc2cc(c(O)c(c2)C(C)(C)C)C(C)(C)C)cc(c1O)C(C)(C)C,calibration
1617,A-2705,CCCCCCC(=O)OCC(COC(=O)CCCCCC)(COC(=O)CCCCCC)COC(=O)CCCCCC,validation
1618,A-2706,CCCCCCCC\C=C/CCCCCCCC(=O)OCC(COC(=O)CCCCCCC\C=C/CCCCCCCC)(COC(=O)CCCCCCC\C=C/CCCCCCCC)COC(=O)CCCCCCC\C=C/CCCCCCCC,validation
1619,A-2707,CC(C)CCCCCCCCCCCCCCC(=O)OCC(COC(=O)CCCCCCCCCCCCCCC(C)C)(COC(=O)CCCCCCCCCCCCCCC(C)C)COC(=O)CCCCCCCCCCCCCCC(C)C,test
1620,A-2708,CCCCCCC(O)=O.CC(C)(CO)CO,test
1621,A-2709,CCCCCCCC/C=C/CCCCCCCC(=O)OCC(CO)(CO)COC(=O)CCCCCCC\C=C\CCCCCCCC,test
1622,A-2710,CCCCCCCCCCCC(=O)OCCC(C)C,test
1623,A-2712,CCCCCCCCCC(O)=O.CCCCCCCC(O)=O.CC(O)CO,test
1624,A-2713,CCCCCCCCCC(O)=O.CCCCCCCC(O)=O.OCC(CO)(CO)CO,test
1625,A-2714,CCCCC(=O)OCC(CO)(CO)COCC(CO)(CO)CO,validation
1626,A-2715,CC(C)c1cccc(C(C)C)c1N=C=Nc2c(cccc2C(C)C)C(C)C,test
1627,A-2718,CCCCCCCCCCCCCCCCCC(=O)OCCCC.CCCCCCCCCCCCCCCC(=O)OCCCC,calibration
1628,A-2720,CC(C)CCCCCCCOC(=O)CCCCCCCC(=O)OCCCCCCCC(C)C,test
1629,A-2721,CCCCCCCCCCCCCCOC(=O)\C=C\C(=O)OCCCCCCCCCCCCCC,validation
1630,A-2722,CCCCCCCCCCCCCCCCCCCCCC(N)=O,test
1631,A-2723,CCCCCCCCCCCCCCCCCCCCCCOC(=O)CCCCCCCCCCCCCCCCCCCCC,test
1632,A-2724,CCCCCCCCCCCCOC(=O)CCCCCCC\C=C\CCCCCCCC,calibration
1633,A-2725,CCCCCCCCCCCCCCCC(=O)OCC.CCCCCCCCCCCCCC(=O)OCC.CCCCCCCC\C=C/CCCCCCCC(=O)OCC.CCCCCC\C=C/CCCCCCCC(=O)OCC,calibration
1634,A-2726,CCCCCCCCCCCCCCCCOC(=O)C(CC)CCCC,test
1635,A-2727,CCCCCCCCCCCC(=O)OCCCCCC,test
1636,A-2728,CC(C)CCCCCCCCCCCCCCC(=O)OC(CO)CO,test
1637,A-2729,[O--].[O--].[O--].[O--].[O--].[O--].[O--].[Mg++].[Mg++].[Nb+5].[Nb+5],calibration
1638,A-2730,CCCCCCCC\C=C/CCCCCCCCCCCC(=O)OCCCCCCCC\C=C/CCCCCCCC,test
1639,A-2731,CCCCCCCCC\C=C/CCCCCCC(=O)OCCCCCCCC\C=C/CCCCCCCC,validation
1640,A-2732,CCCCCCCCOC(=O)CCCCCCC,test
1641,A-2733,CCCCCCCCCCCCCCOC(=O)CCCCCCC\C=C/CCCCCCCC,test
1642,A-2734,CCCCC(CC)COC(=O)CC(CC(=O)OCC(CC)CCCC)(OC(C)=O)C(=O)OCC(CC)CCCC,calibration
1643,A-2736,CC(C)(c1ccccc1)c2cc(n3nc4ccccc4n3)c(O)c(c2)C(C)(C)c5ccccc5,calibration
1644,A-2737,CC(CC(c1cc(c(O)cc1C)C(C)(C)C)c2cc(c(O)cc2C)C(C)(C)C)c3cc(c(O)cc3C)C(C)(C)C,test
1645,A-2738,CCCCC(CC)CNC(=O)c1ccc(N\N=C2\C(=C(C#N)C(=O)N(C)C2=O)C)cc1,test
1646,A-2739,CN1C(=O)C(=N/Nc2ccc(Cl)c(Cl)c2)/C(=C(C#N)C1=O)C,test
1647,A-2740,CC(C)(C)c1cc(CN2C(=O)N(Cc3cc(c(O)c(c3)C(C)(C)C)C(C)(C)C)C(=O)N(Cc4cc(c(O)c(c4)C(C)(C)C)C(C)(C)C)C2=O)cc(c1O)C(C)(C)C,validation
1648,A-2741,OC(COc1ccc(c(O)c1)C(=O)c2ccccc2)COc3ccc(c(O)c3)C(=O)c4ccccc4,test
1649,A-2742,CCCCCCCCCCCCCNCCCCCCCCCCCCC.CCCCCCCCCCCCCNCC(C)CCCCCCCCCC,test
1650,A-2743,CN(C\C=C\C#CC(C)(C)C)Cc1cccc2ccccc12,test
1651,A-2744,CCCCCCCCCC(C)(C)SSC(C)(C)CCCCCCCCC,calibration
1652,A-2745,CCCCC(CC)COC(=O)OCC(CC)CCCC,validation
1653,A-2747,O=[P](OCc1ccccc1)(OCc2ccccc2)O[P](=O)(OCc3ccccc3)OCc4ccccc4,validation
1654,A-2748,CC(C)(c1ccc(Oc2ccc(N)cc2)cc1)c3ccc(Oc4ccc(N)cc4)cc3,test
1655,A-2750,CCCCCCCCCCCCCCCCCC(=O)O[Al](O)OC(=O)c1ccccc1,test
1656,A-2751,CCN(CC)c1ccc2C=C3C(=C(C#N)C(=O)n4c5ccccc5nc34)Oc2c1,calibration
1657,A-2752,CCN(CC)c1ccc(N=Nc2c(cc(C)cc2C#N)C#N)c(N[S](C)(=O)=O)c1,test
1658,A-2753,CCCCCCCCCCCCCCCCCC(=O)OC.CCCCCCCCCCCCCCCC(=O)OC.CCCCCCCC\C=C/CCCCCCCC(=O)OC.CCCCC/C=C\C\C=C/CCCCCCCC(=O)OC.CC/C=C/C/C=C/C/C=C/CCCCCCCC(=O)OC,validation
1659,A-2754,CC(=O)OCCN(CCOC(C)=O)c1ccc(cc1)N=Nc2ccc(cc2C#N)[N+]([O-])=O,test
1660,A-2755,FC(F)(F)C(F)(F)C(F)(F)C(F)(F)C(F)(F)C(F)(F)C(F)(F)C(F)(F)Br,validation
1661,A-2756,CCN(CCC#N)c1ccc(cc1)N=Nc2ccc(cc2)[N+]([O-])=O,test
1662,A-2757,Cc1cc(C)cc(c1)N2C(=O)c3ccc4c5ccc6C(=O)N(c7cc(C)cc(C)c7)C(=O)c8ccc(c9ccc(C2=O)c3c49)c5c68,validation
1663,A-2759,[NH4+].[Fe++].[Fe+3].[C-]#N.[C-]#N.[C-]#N.[C-]#N.[C-]#N.[C-]#N,validation
1664,A-2760,CCN(CCC(=O)OC)c1ccc(cc1)N=Nc2snc3ccc(cc23)[N+]([O-])=O,test
1665,A-2761,CCCCCCCCCCCCCCOC(=O)CCCCCCCCCCCCC,test
1666,A-2762,CCCC1CCC(CC1)c2ccc(cc2)c3ccc(CC)cc3,test
1667,A-2763,Cc1cc(C)cc(O[P](=O)(Oc2cc(C)cc(C)c2)Oc3cc(C)cc(C)c3)c1,calibration
1668,A-2764,CC1=C(\C=C\C(C)=C\C=C\C(C)=C\C=C\C=C(C)\C=C\C=C(C)\C=C\C2=C(C)CCCC2(C)C)C(C)(C)CCC1,test
1669,A-2765,[Hf],test
1670,A-2766,[O--].[O--].[Hf+4],test
1671,A-2767,CCCCCCCCCCCCCCCCCCNC(=O)CCCCCCCCCCC\C=C/CCCCCCCC,calibration
1672,A-2768,NC(Cc1ccccc1)=CC(=O)[C@@H](Cc2ccccc2)N(Cc3ccccc3)Cc4ccccc4,test
1673,A-2769,CCCCCCCCCCCCCCCC(=O)NCCCCCCCC\C=C/CCCCCCCC,calibration
1674,A-2771,[H+].[Cl-].NC(N)=N.OC(=O)C1=NN(c2ccc(cc2)[S](O)(=O)=O)C(=O)C1N=Nc3ccc(cc3)[S](O)(=O)=O,test
1675,A-2772,CCCCCCCCCCCCCCCCCCNC(=O)CCc1cc(c(O)c(c1)C(C)(C)C)C(C)(C)C,test
1676,A-2773,CC(C)(C)c1cc(CCC(=O)NCCCCCCNC(=O)CCc2cc(c(O)c(c2)C(C)(C)C)C(C)(C)C)cc(c1O)C(C)(C)C,test
1677,A-2775,Nc1ccc(Cl)cc1C(=O)c2ccccc2Cl,validation
1678,A-2776,O=[P](Oc1ccccc1)(Oc2ccccc2)Oc3ccc(cc3)c4ccc(O[P](=O)(Oc5ccccc5)Oc6ccccc6)cc4,test
1679,A-2777,O=C1N(c2ccc(cc2)N=Nc3ccccc3)C(=O)c4ccc5c6ccc7C(=O)N(c8ccc(cc8)N=Nc9ccccc9)C(=O)c%10ccc(c%11ccc1c4c5%11)c6c7%10,test
1680,A-2778,CCOc1cc2N=C3C(=C4Oc5cc(NC(=O)c6ccccc6)c(OCC)cc5N=C4C(=C3Oc2cc1NC(=O)c7ccccc7)NC(C)=O)NC(C)=O,test
1681,A-2779,CCCCCCCCCCCCCCCCCCNC(=O)CCCCCCCCCCCCCCCCC,calibration
1682,A-2781,[Al+3].[O-]B([O-])[O-],calibration
1683,A-2783,B#N,calibration
1684,A-2785,Cc1c(Cc2cc(c(O)c(c2)C(C)(C)C)C(C)(C)C)c(C)c(Cc3cc(c(O)c(c3)C(C)(C)C)C(C)(C)C)c(C)c1Cc4cc(c(O)c(c4)C(C)(C)C)C(C)(C)C,calibration
1685,A-2788,CC(C)(c1ccccc1)c2ccc(Nc3ccc(cc3)C(C)(C)c4ccccc4)cc2,calibration
1686,A-2789,CCN(CC)c1ccc2C=C(C(=O)Oc2c1)c3oc4ccc(cc4n3)[S](N)(=O)=O,test
1687,A-2790,O=C1c2ccccc2C(=O)c3c4Nc5ccc6C(=O)c7ccccc7C(=O)c6c5Nc4ccc13,calibration
1688,A-2792,CCCCC(CC)COCCCNC(=O)Nc1cccc2c(NC(=O)NCCCOCC(CC)CCCC)cccc12,calibration
1689,A-2794,Cc1cc(CCC(=O)OCC(C)(C)[CH]2OC[C]3(CO2)CO[CH](OC3)C(C)(C)COC(=O)CCc4cc(C)c(O)c(c4)C(C)(C)C)cc(c1O)C(C)(C)C,test
1690,A-2795,[Ti+4].Fc1ccc(N2C=C[C-]=C2)c(F)c1.Fc3ccc(N4C=C[C-]=C4)c(F)c3.[cH-]5cccc5.[cH-]6cccc6,test
1691,A-2796,CCN(CC)c1ccc2c(OC(=O)C(=C2C#N)c3sc4ccccc4n3)c1,test
1692,A-2797,N#Cc1ccc(C=Cc2ccc(cc2)C=Cc3cccc(c3)C#N)cc1,test
1693,A-2798,COc1cc(ccc1N=NC(C(C)=O)C(=O)Nc2ccccc2)c3ccc(N=NC(C(C)=O)C(=O)Nc4ccccc4)c(OC)c3,calibration
1694,A-2801,CCCCC(CC)CO[P](=O)(OCC(CC)CCCC)OCC(CC)CCCC,test
1695,A-2802,CCCCCCOc1ccc(c(O)c1)c2nc(nc(n2)c3ccccc3)c4ccccc4,validation
1696,A-2803,CCCCCCCCCCCCCCCCCCCC\C=C\C\C=C\CCCCCCCCCCCNCCCCCCCCCCCCCCCCCCCC\C=C\C\C=C\CCCCCCCCCCC,test
1697,A-2804,CCCCCC(CCC)COC(=O)c1ccccc1C(=O)OCC(CCC)CCCCC,test
1698,A-2805,CC1COc2ccccc2N1C(=O)C(Cl)Cl,test
1699,A-2806,[H+].[Cl-].Fc1ccc(cc1)C(=O)C2CCNCC2,validation
1700,A-2807,OCC(=O)CO,test
1701,A-2809,[Na+].[Na+].Oc1cc(cc2cc(cc(N=Nc3cc(N=Nc4cc(cc(c4O)[N+]([O-])=O)[N+]([O-])=O)c(O)c(N=Nc5ccc(cc5)[N+]([O-])=O)c3O)c12)[S]([O-])(=O)=O)[S]([O-])(=O)=O,validation
1702,A-2811,[Na+].[Na+].Oc1c2ccc(NC(=O)Nc3ccc4c(O)c(N=Nc5ccccc5)c(cc4c3)[S]([O-])(=O)=O)cc2cc(c1N=Nc6ccccc6)[S]([O-])(=O)=O,test
1703,A-2812,[Cl-].C[N+](C)(C)CC1CO1,test
1704,A-2814,CC(C)c1ccc(cc1)[S](O)(=O)=O,test
1705,A-2816,[Na+].[Na+].COc1cc(c(C)cc1NC(=O)C(N=Nc2ccc(cc2)c3sc4c(ccc(C)c4[S]([O-])(=O)=O)n3)C(C)=O)[S]([O-])(=O)=O,calibration
1706,A-2818,[Na+].[Na+].[O-][S](=O)(=O)c1cc(N\N=C2/C(=O)C=Cc3ccccc23)ccc1c4ccc(N\N=C5/C(=O)C=Cc6ccccc56)cc4[S]([O-])(=O)=O,test
1707,A-2819,Nc1ccc(cc1)C#N,test
1708,A-2821,[K+].[O-]C(=O)CS,validation
1709,A-2822,[Na+].OC(COCC=C)C[S]([O-])(=O)=O,validation
1710,A-2823,O=C1OCCO1,validation
1711,A-2824,OC(=O)CC(=C)C(O)=O,validation
1712,A-2826,[Cl-].N[C@@H](CCCN=C(N)N)C(O)=O.[H+],calibration
1713,A-2828,[Na+].CC(Nc1ccc(N\N=C\2C=C(c3ccccc3C2=O)[S]([O-])(=O)=O)c(C)c1)C(=O)c4ccccc4,test
1714,A-2831,ClCC1CO1,test
1715,A-2833,[Na+].[Na+].[Na+].[O-]C(=O)CN(CC([O-])=O)CC([O-])=O,calibration
1716,A-2834,[Na+].Nc1cc(N)c(cc1N=Nc2cc(ccc2O)[N+]([O-])=O)[S]([O-])(=O)=O,test
1717,A-2836,N=C(c1ccccc1)c2ccccc2,test
1718,A-2838,[Na+].[O-]C(=O)CS,test
1719,A-2839,[K+].CC(CC([O-])=O)CC(C)(C)C,test
1720,A-2840,[Na].[Na+].[Fe].Nc1cc(ccc1O)[N+]([O-])=O.Nc2cc(cc(c2O)[S]([O-])(=O)=O)[N+]([O-])=O.Oc3cccc(O)c3,validation
1721,A-2843,[Na+].[Na+].COc1cc(N=Nc2ccc(cc2)[S]([O-])(=O)=O)c(C)cc1N\N=C/3C(=O)c4ccc(Nc5ccccc5)cc4C=C3[S]([O-])(=O)=O,test
1722,A-2845,[Na+].[Na+].Cc1ccccc1Oc2ccccc2N\N=C/3C(=O)c4c(NC(=O)c5ccccc5)cc(cc4C=C3[S]([O-])(=O)=O)[S]([O-])(=O)=O,calibration
1723,A-2846,[O-][S](=O)(=O)CCC[NH+]1CCOCC1,test
1724,A-2848,[Na+].[Na+].[Na+].[Na+].[Na+].[Na+].[Na+].[Na+].NC(=O)Nc1cc(Nc2nc(Cl)nc(Nc3ccc(c4ccc(Nc5nc(Cl)nc(Nc6ccc(N=Nc7cc8c(cc(cc8[S]([O-])(=O)=O)[S]([O-])(=O)=O)cc7[S]([O-])(=O)=O)c(NC(N)=O)c6)n5)cc4[S]([O-])(=O)=O)c(c3)[S]([O-])(=O)=O)n2)ccc1N=Nc9cc%10c(cc(cc%10[S]([O-])(=O)=O)[S]([O-])(=O)=O)cc9[S]([O-])(=O)=O,test
1725,A-2849,[Li+].[Cl-],validation
1726,A-2850,OCC[C@@H]1CCCC[NH2+]1,calibration
1727,A-2851,[H+].[Cl-].NC(CO)(CO)CO,test
1728,A-2852,CC(C)COC(=O)[C@@H](C)O,calibration
1729,A-2853,[Ca++].[O-]C(=O)CS,test
1730,A-2854,CC1(C)CC(O)CC(C)(CN)C1,validation
1731,A-2855,[Na+].CC(=C)C[S]([O-])(=O)=O,validation
1732,A-2856,[K+].[K+].[O-][S](=O)(=O)OO[S]([O-])(=O)=O,test
1733,A-2857,O[C@@H](CNc1ccccc1)C[S]([O-])(=O)=O,test
1734,A-2858,CN(CCC#N)c1ccc(cc1)C=CC2=[N+](C)c3ccccc3C2(C)C.O[P](O)([O-])=O,test
1735,A-2859,[Na+].CCCCCCCC1N(CCO)C=CN1CCC([O-])=O,test
1736,A-2860,[Na+].[Na+].[Na+].[Na+].[O-]C(=O)CN(CCN(CC([O-])=O)CC([O-])=O)CC([O-])=O,validation
1737,A-2863,[F].[F].[F].[Cr],test
1738,A-2864,CC(=C)C(=O)OCC1CO1,validation
1739,A-2865,[O-][N+](=O)c1[nH]ncc1,validation
1740,A-2868,[Na+].[Co+3].CC(=O)/C(=N/Nc1cc(ccc1[O-])[S](N)(=O)=O)C(=O)[N-]c2ccccc2.CC(=O)/C(=N/Nc3cc(ccc3[O-])[S](N)(=O)=O)C(=O)[N-]c4ccccc4,calibration
1741,A-2869,CCCCCCOC(CO)CO,test
1742,A-2870,[Br-].CC[N+]1(C)CCCC1,validation
1743,A-2871,[K+].[O-]C(=O)c1ccccc1,test
1744,A-2872,[Cl-].NC(=O)c1ccc[n+](Cc2ccccc2)c1,test
1745,A-2873,CC(C)=CCC[C@@](C)(C=C)\C=C\c1ccc(O)cc1,test
1746,A-2874,O.[Na+].[O-]OB=O,calibration
1747,A-2875,COC(C)(C)CCOC(C)=O,test
1748,A-2876,[Cr+3].[O-][P]([O-])([O-])=O,test
1749,A-2879,[Na+].[Na+].[Fe].Nc1ccc(cc1)[N+]([O-])=O.Nc2cc(cc(c2O)[N+]([O-])=O)[N+]([O-])=O.OC/3=CC(=O)C=CC3=N/Nc4cc(cc5cc(cc(O)c45)[S]([O-])(=O)=O)[S]([O-])(=O)=O,test
1750,A-2880,[Na+].[Na+].[Na+].[Na+].[Na+].[Na+].[Na+].[Na+].Oc1c(Nc2nc(Cl)nc(Nc3ccc(Nc4nc(Cl)nc(Nc5c(O)c6c(cc(cc6N=Nc7ccc8c(cccc8[S]([O-])(=O)=O)c7[S]([O-])(=O)=O)[S]([O-])(=O)=O)cc5[S]([O-])(=O)=O)n4)cc3)n2)c(cc9cc(cc(N=Nc%10ccc%11c(cccc%11[S]([O-])(=O)=O)c%10[S]([O-])(=O)=O)c19)[S]([O-])(=O)=O)[S]([O-])(=O)=O,test
1751,A-2881,[Cl-].CCCCCCCCCCCCCC[N+](C)(C)Cc1ccccc1,validation
1752,A-2882,[F-].[F-].[Ni++],test
1753,A-2885,NC(=O)NC1NC(=O)NC1=O,validation
1754,A-2887,[Na+].[Na+].[O-][S](=O)(=O)c1ccc(cc1)N=Nc2ccc(N\N=C\3C(=O)c4ccc(NC(=O)c5ccccc5)cc4C=C3[S]([O-])(=O)=O)cc2,test
1755,A-2888,[Na+].[O-][S](=O)(=O)C1=CC(=O)C2=C(NNc3ccccc3[S](=O)(=O)c4ccccc4)C(=N)C=CC2=C1,validation
1756,A-2889,OC[P+](CO)(CO)CO.OC[P+](CO)(CO)CO.[O-][S]([O-])(=O)=O,test
1757,A-2891,O=C1CCO1,calibration
1758,A-2892,[K+].CC(C)CCOC([S-])=S,calibration
1759,A-2893,CCC(=O)N(C1CC[NH2+]CC1)c2ccccc2,calibration
1760,A-2894,[Na+].[O-][S](=O)(=O)CCN1CCOCC1,calibration
1761,A-2895,CCCCCCCC(=O)OCC(O)CO,validation
1762,A-2896,[Na+].[Na+].[Na+].[Co+3].CC(=O)\C(=N/Nc1cc(cc(c1[O-])[S]([O-])(=O)=O)[N+]([O-])=O)C(=O)[N-]c2ccccc2.CC(=O)\C(=N/Nc3cc(cc(c3[O-])[S]([O-])(=O)=O)[N+]([O-])=O)C(=O)[N-]c4ccccc4,test
1763,A-2897,[Na+].[Na+].Nc1c(N=Nc2ccc(cc2)[N+]([O-])=O)c(cc3C=C(\C(=N/Nc4ccccc4)C(=O)c13)[S]([O-])(=O)=O)[S]([O-])(=O)=O,calibration
1764,A-2898,[Li+].[O-]C(=O)c1ccccc1,test
1765,A-2901,CN(C)C(=O)NC[C@@]1(C)C[C@@H](CC(C)(C)C1)NC(=O)N(C)C,test
1766,A-2902,[Na+].[Na+].Nc1ccc2C(=O)C(=N/Nc3ccc4C(=O)C(=N/Nc5ccccc5)\C(=Cc4c3)[S]([O-])(=O)=O)/C(=Cc2c1)[S]([O-])(=O)=O,validation
1767,A-2904,NC(=O)C[NH+](CC([O-])=O)CC([O-])=O,calibration
1768,A-2906,[Ca++].NC#N,calibration
1769,A-2907,OC(=O)CCSCCC(O)=O,calibration
1770,A-2908,CCCCN[P](N)(N)=S,test
1771,A-2910,[Na+].[Na+].[Na+].Cc1ccccc1Nc2nc(Cl)nc(Nc3cc(cc4C=C(/C(=N/Nc5ccccc5[S]([O-])(=O)=O)C(=O)c34)[S]([O-])(=O)=O)[S]([O-])(=O)=O)n2,test
1772,A-2911,[H+].[Cl-].NN,validation
1773,A-2912,[Na+].Oc1ccc2ccccc2c1N=Nc3ccc(cc3)[S]([O-])(=O)=O,test
1774,A-2913,[Na+].[Na+].[Na+].[Na+].[Cu++].[Cu++].[O-]c1cc(ccc1N=Nc2c([O-])c(cc3cc(ccc23)[S]([O-])(=O)=O)[S]([O-])(=O)=O)c4ccc(N=Nc5c([O-])c(cc6cc(ccc56)[S]([O-])(=O)=O)[S]([O-])(=O)=O)c([O-])c4,calibration
1775,A-2915,CO[S]([O-])(=O)=O.CC(C)N(C(C)C)c1sc(N=Nc2ccc(cc2)N(C)C)[n+](C)n1,test
1776,A-2916,[Na+].[Na+].[O-][S](=O)(=O)c1cccc2c(cccc12)N=Nc3ccc(N=Nc4ccc(Nc5ccccc5)c6c4cccc6[S]([O-])(=O)=O)c7ccccc37,test
1777,A-2917,[Li+].CC1=NN(C(=N)/C1=N/Nc2cc(Cl)c(cc2Cl)[S]([O-])(=O)=O)c3ccccc3,test
1778,A-2918,CC(C)CC1CC(C)(O)CCO1,validation
1779,A-2920,[Na+].[Na+].Cc1ccc(cc1)[S](=O)(=O)Oc2ccc(cc2)N=Nc3ccc(N=Nc4ccc(Nc5ccc(cc5[S]([O-])(=O)=O)[N+]([O-])=O)cc4)c6ccc(cc36)[S]([O-])(=O)=O,validation
1780,A-2921,Cc1cc(C)c(N)c(C)c1N,validation
1781,A-2922,[Na+].[Na+].Nc1ccc(N=Nc2ccc(N\N=C\3C(=O)c4c(N)c(N=Nc5ccc(cc5)N=Nc6ccc(N)cc6N)c(cc4C=C3[S]([O-])(=O)=O)[S]([O-])(=O)=O)cc2)c(N)c1,test
1782,A-2924,CC1(C)CC(=O)CC(C)(C)N1[O],test
1783,A-2925,[Na+].[Na+].Nc1ccc(N=Nc2ccc(cc2)[S](=O)(=O)Nc3ccc(cc3)N=Nc4c(N)c5c(O)c(N=Nc6ccccc6)c(cc5cc4[S]([O-])(=O)=O)[S]([O-])(=O)=O)c(N)c1,validation
1784,A-2927,Cc1ccc(O)cc1,test
1785,A-2928,[Na+].Nc1c(cc(NC2CCCCC2)c3C(=O)c4ccccc4C(=O)c13)[S]([O-])(=O)=O,test
1786,A-2930,NC1=NC(=O)N(C=C1)C2OC(CO[P](O)(O)=O)C(O)C2O,test
1787,A-2932,[Na+].[O-][N+](=O)c1ccc(Nc2ccc(Nc3ccccc3)c(c2)[S]([O-])(=O)=O)c(c1)[N+]([O-])=O,test
1788,A-2933,COC(=O)c1ccccc1N,test
1789,A-2934,[Na+].Nc1c(cc(Nc2ccccc2)c3C(=O)c4ccccc4C(=O)c13)[S]([O-])(=O)=O,validation
1790,A-2935,[Na+].CC1=NN(C(=O)C1N=Nc2cc(Cl)ccc2Oc3ccccc3Cl)c4cc(ccc4Cl)[S]([O-])(=O)=O,test
1791,A-2937,CCNC(=S)OC(C)C,test
1792,A-2940,CCOC(=O)c1ccc(O)c(O)c1,test
1793,A-2942,OC(=O)c1cc(cc(c1)C(O)=O)C(O)=O,test
1794,A-2943,COc1ccc(CCC#N)cc1OC,test
1795,A-2944,[Na+].CC1=NN(C(=O)C1N=Nc2cccc(c2)[S](=O)(=O)NCCc3ccccc3)c4cc(Cl)c(cc4Cl)[S]([O-])(=O)=O,test
1796,A-2945,[Na+].[Na+].Cc1ccc(cc1)[S](=O)(=O)Nc2cc(cc3C=C(C(=N/Nc4ccc(Oc5ccccc5C)cc4Oc6ccccc6C)\C(=O)c23)[S]([O-])(=O)=O)[S]([O-])(=O)=O,calibration
1797,A-2946,[Na+].[Na+].[Na+].[Na+].COc1cc(N=Nc2cc(cc3cc(cc(O)c23)[S]([O-])(=O)=O)[S]([O-])(=O)=O)c(C)cc1NC(=O)Nc4cc(C)c(cc4OC)N=Nc5cc(cc6cc(cc(O)c56)[S]([O-])(=O)=O)[S]([O-])(=O)=O,test
1798,A-2947,O=C1NC(=O)C2CCCC12,test
1799,A-2948,[Na+].[O-][S](=O)(=O)CCNC1CCCCC1,test
1800,A-2949,[Na+].[Na+].[O-][S]([O-])(=O)=O,validation
1801,A-2950,C[C@]12CC[C@H]3[C@@H](CCC4=C3CCC(=O)C4)[C@@H]1CC[C@@H]2O,test
1802,A-2951,OCC(CO)(CBr)CBr,validation
1803,A-2953,[Na+].[Na+].[Na+].[Na+].[Na+].[Na+].[O-]C(=O)c1ccc[n+](c1)c2nc(NCCNc3ccc4N=C5C(=C6Oc7c(ccc(NCCNc8nc(Nc9cc(ccc9[S]([O-])(=O)=O)[S]([O-])(=O)=O)nc(n8)[n+]%10cccc(c%10)C([O-])=O)c7[S]([O-])(=O)=O)N=C6C(=C5Oc4c3[S]([O-])(=O)=O)Cl)Cl)nc(Nc%11cc(ccc%11[S]([O-])(=O)=O)[S]([O-])(=O)=O)n2,validation
1804,A-2954,[Na+].Nc1ccc(N\N=C\2C=Cc3c(cccc3[S]([O-])(=O)=O)C2=O)cc1,test
1805,A-2955,C/C=C(\C)/C(=O)OC1C(C2(C(CC1(C)C)C3=CCC4C5(CCC(C(C5CCC4(C3(CC2O)C)C)(C)CO)OC6C(C(C(C(O6)C(=O)O)OC7C(C(C(C(O7)CO)O)O)O)O)OC8C(C(C(C(O8)CO)O)O)O)C)CO)OC(=O)C,test
1806,A-2956,[Cl-].[Cl-].[Sn++],test
1807,A-2958,[K+].OP(O)O,calibration
1808,A-2959,[Na+].[Na+].[Cu].COc1ccc(cc1N)[S]([O-])(=O)=O.Nc2ccc(c(N)c2)[N+]([O-])=O.Oc3cccc([O-])c3,validation
1809,A-2960,[Na+].[Na+].[Na+].[Na+].COc1ccc(N\N=C\2C(=O)c3ccc(Nc4nc(Nc5ccc6C(=O)C(=N/Nc7ccc(OC)cc7[S]([O-])(=O)=O)/C(=Cc6c5)[S]([O-])(=O)=O)nc(n4)N8CCOCC8)cc3C=C2[S]([O-])(=O)=O)c(c1)[S]([O-])(=O)=O,calibration
1810,A-2961,[Na+].[Na+].[Na+].[O-]C(=O)C1=NN(c2ccc(cc2)[S]([O-])(=O)=O)C(=O)C1N=Nc3ccc(cc3)[S]([O-])(=O)=O,validation
1811,A-2962,CC(N)C(O)=O,test
1812,A-2966,[Na+].[Na+].Cc1ccc(cc1)[S](=O)(=O)Nc2cc(cc3C=C(C(=N/Nc4cc(Cl)ccc4Oc5ccccc5)\C(=O)c23)[S]([O-])(=O)=O)[S]([O-])(=O)=O,test
1813,A-2967,[H+].[Cl-].CC(C)(C)N(CC(=O)c1ccc(O)c(CO)c1)Cc2ccccc2,validation
1814,A-2968,[Cl-].CN(N=CC1=[N+](C)c2ccccc2C1(C)C)c3ccc(C)cc3,validation
1815,A-2969,ON=C1CCCCC1,test
1816,A-2970,[Na+].[Na+].[Na+].[Na+].[Na+].[Na+].Nc1c(N=Nc2cc(Nc3nc(Cl)nc(Nc4cccc(c4)[S]([O-])(=O)=O)n3)ccc2[S]([O-])(=O)=O)c(cc5C=C(/C(=N/Nc6cc(Nc7nc(Cl)nc(Nc8cccc(c8)[S]([O-])(=O)=O)n7)ccc6[S]([O-])(=O)=O)C(=O)c15)[S]([O-])(=O)=O)[S]([O-])(=O)=O,test
1817,A-2971,OC(=O)C1CCCN1,test
1818,A-2972,[Ca++].[O-]P=O.[O-]P=O,test
1819,A-2973,[NH4+].[Fe+3].[O-]C(=O)CN(CCCN(CC([O-])=O)CC([O-])=O)CC([O-])=O,validation
1820,A-2975,[Na+].[Na+].COc1nc(Nc2ccccc2)nc(Nc3ccc(\C=C\c4ccc(Nc5nc(Nc6ccccc6)nc(OC)n5)cc4[S]([O-])(=O)=O)c(c3)[S]([O-])(=O)=O)n1,test
1821,A-2976,[Na+].Cc1ccc(N[S](=O)(=O)c2cc(NNC3=C4C(=O)C=C(C=C4C=CC3=N)[S]([O-])(=O)=O)ccc2Cl)c(C)c1,validation
1822,A-2977,[Na+].Cc1cc(ccc1N\N=C2\C(=O)C=Cc3ccccc23)[S]([O-])(=O)=O,test
1823,A-2980,[Na+].[Na+].CC(=O)Nc1cc(cc2C=C(\C(=N/Nc3ccccc3)C(=O)c12)[S]([O-])(=O)=O)[S]([O-])(=O)=O,test
1824,A-2981,CN(C)C1CCCCC1,calibration
1825,A-2982,[Li+].[Li+].[O-]C([O-])=O,test
1826,A-2983,[Na+].[Na+].CC(=O)Nc1ccc2C=C(\C(=N/Nc3ccc(cc3)[S](=O)(=O)CCO[S]([O-])(=O)=O)C(=O)c2c1)[S]([O-])(=O)=O,calibration
1827,A-2984,[Na+].CCN(CC)c1ccc(cc1)[C+](c2ccc(cc2)N(CC)Cc3cccc(c3)[S]([O-])(=O)=O)c4ccc(cc4)N(CC)Cc5cccc(c5)[S]([O-])(=O)=O,test
1828,A-2985,NCCCCCCNC(O)=O,test
1829,A-2987,[Li].O[S](=O)(=O)C(F)(F)F,calibration
1830,A-2988,NC(N)=N.O[N+]([O-])=O,test
1831,A-2991,CCOCCOCCOC(=O)C=C,test
1832,A-2993,N#CCCC#N,calibration
1833,A-2994,[Na+].[Na+].Cc1cc(ccc1NNC2=C(C=C3C=CC(=O)C=C3C2=O)[S]([O-])(=O)=O)C4(CCCCC4)c5ccc(NNC6=C(C=C7C=CC(=O)C=C7C6=O)[S]([O-])(=O)=O)c(C)c5,test
1834,A-2999,O[S](=O)(=O)c1ccccc1,calibration
1835,A-3000,Cc1cccc(c1C)[S](O)(=O)=O,test
1836,A-3001,[Na+].Nc1cc(cc2cc(cc(O)c12)[S]([O-])(=O)=O)[S](O)(=O)=O,calibration
1837,A-3002,OC(=O)C(O)=O,test
1838,A-3003,[K].OC(=O)C(O)=O.OC(=O)C(O)=O,validation
1839,A-3004,[Li+].[O-][N+]([O-])=O,test
1840,A-3005,CCCCNCCO,test
1841,A-3006,CNCCO,test
1842,A-3007,NCCO,test
1843,A-3008,CN(C)C=O,test
1844,A-3009,[OH-].[Cr+3].[O-][S]([O-])(=O)=O,test
1845,A-3010,[Na+].S,test
1846,A-3017,[Na+].CCN(CC)[S](=O)(=O)c1ccc(OC)c(N\N=C\2C=C(c3ccccc3C2=O)[S]([O-])(=O)=O)c1,validation
1847,A-3018,CCOC(=O)N(CC)c1ccccc1,validation
1848,A-3021,Oc1ccc(cc1)[S](=O)(=O)c2ccc(O)cc2,test
1849,A-3024,OC[C@H]1O[C@@H](Oc2cc(O)cc(O)c2C(=O)CCc3ccc(O)cc3)[C@H](O)[C@@H](O)[C@@H]1O,test
1850,A-3025,Cc1c(N)cccc1Cl,calibration
1851,A-3027,CC(=O)OCCc1ccccc1,test
1852,A-3028,OC(=O)CCCCC1CCSS1,test
1853,A-3029,Cc1ccccc1OCC2CO2,calibration
1854,A-3030,CCCCCCCCCCCCCC[N+](C)(C)C.CCCCCCCCCCCCCC[N+](C)(C)C.[O-]C(=O)C([O-])=O,test
1855,A-3034,[Na+].O[S](=O)(=O)CCN1CCN(CC1)CC[S]([O-])(=O)=O,test
1856,A-3035,Clc1ccc2N(C3CC[NH2+]CC3)C(=O)Nc2c1,validation
1857,A-3043,CC(CC=O)CC(C)(C)C,calibration
1858,A-3047,Clc1ccccc1Cl,calibration
1859,A-3049,COc1ccc(\C=C\C)cc1,test
1860,A-3053,[Cl-].[Cl-].[Cl-].[Cr+3],calibration
1861,A-3054,NC1=Nc2[nH]cc(CCc3ccc(cc3)C(O)=O)c2C(=O)N1,validation
1862,A-3055,C.[Mo].[Mo],test
1863,A-3060,[Na+].CCCCCCCCCCCCCCCC(=O)N1[C@@H](CCC1=O)C([O-])=O,calibration
1864,A-3061,CCOC(=O)N(c1ccccc1)c2ccccc2,test
1865,A-3064,[O--].[O--].[O--].[O--].[O--].[O--].[Al+3].[Al+3].[Ca++].[Ca++].[Ca++].[Ca++].[Ca++].[Ca++].[O-][S]([O-])(=O)=O.[O-][S]([O-])(=O)=O.[O-][S]([O-])(=O)=O,calibration
1866,A-3066,Nc1ccc(OCc2cccc(F)c2)c(Cl)c1,test
1867,A-3067,Oc1c(Br)c2ccccc2nc1C3C(=O)c4ccccc4C3=O,test
1868,A-3068,CC(C)CCCC(C)CCCC(C)CCCCC(C)CCCC(C)CCCC(C)C,calibration
1869,A-3072,[Ca++].[O-][Sn]([O-])=O,validation
1870,A-3073,CCCCCCCCCCCCCCC/C=C/CC(CC(O)=O)C(O)=O,validation
1871,A-3074,CCCCCCCCCCCCCCCCOc1ccccc1C(=O)CC(=O)Nc2scc(n2)c3ccccc3,test
1872,A-3075,CC(C)OCCOC(C)=O,test
1873,A-3076,[NH4+].[NH4+].[NH4+].[Cl-].[Cl-].[Cl-].[Cl-].[Cl-].[Cl-].[Rh+3],validation
1874,A-3077,CC(CC(O)=O)CC(C)(C)C(O)=O,test
1875,A-3078,OC(=O)c1cc(ccc1O)[S](O)(=O)=O,validation
1876,A-3079,N[S](O)(=O)=O.C1COCCN1,test
1877,A-3080,[F-].[K+],test
1878,A-3081,OCCN1CCNC1=O,calibration
1879,A-3082,Nc1ccc(OCCO)c(N)c1,test
1880,A-3083,CC(=C)C(O)=O,test
1881,A-3084,CC(=C)C(=O)OC(=O)C(C)=C,test
1882,A-3086,CC[N+](CC)(CC)CC.[O-]C(=O)c1ccccc1,calibration
1883,A-3087,[Na+].[O-]C#N,validation
1884,A-3088,[Na+].OC([O-])=O,test
1885,A-3089,OCCNCCO,test
1886,A-3091,C=CC(=O)OCCOCCOCCOCCOC(=O)C=C,test
1887,A-3093,[Na+].CCN(CC)c1cc2[o+]c3cc(N(CC)CC)c(C)cc3c(c2cc1C)c4ccc(cc4[S]([O-])(=O)=O)[S]([O-])(=O)=O,validation
1888,A-3097,[Na+].[Br-],test
1889,A-3098,COCCOCCOC,test
1890,A-3099,C/C=C/C(O)=O,calibration
1891,A-3100,[Ba++].[O-][N+]([O-])=O.[O-][N+]([O-])=O,test
1892,A-3102,[Zn++].[O-]C(=O)C1CCC(=O)N1.[O-]C(=O)C2CCC(=O)N2,test
1893,A-3104,[Ca++].O[P](O)([O-])=O.O[P](O)([O-])=O,calibration
1894,A-3115,[K+].CN(C)CC([O-])=O,calibration
1895,A-3117,[K+].OC([O-])=O,calibration
1896,A-3118,CC(=C)CCO,test
1897,A-3120,[Na+].CCC(C)c1cc(cc(n2nc3ccccc3n2)c1O)[S]([O-])(=O)=O,calibration
1898,A-3123,Cc1ccc(N)cc1,test
1899,A-3125,[Na+].[Na+].Cc1ccc(cc1[S]([O-])(=O)=O)[S](=O)(=O)c2cc(NC(=O)C(Br)=C)ccc2N=Nc3c(N)ccc4cc(ccc34)[S]([O-])(=O)=O,validation
1900,A-3128,CCOc1ccccc1O,test
1901,A-3129,CCC1(COCOC1)COC(=O)C=C,calibration
1902,A-3132,COc1cc(C=O)ccc1O,validation
1903,A-3133,BrCBr,test
1904,A-3134,[Na+].[Na+].[O-][Se]([O-])=O,test
1905,A-3135,[Na+].[Cl-].[O-]C(=O)c1ccc[n+](Cc2ccccc2)c1,validation
1906,A-3137,CC(C)(N)C#C,test
1907,A-3139,[Na+].[O-][V](=O)=O,test
1908,A-3140,[Na+].[Na+].CCN1C(=O)C(=N/Nc2cc(Nc3nc(F)nc(Nc4cc(ccc4Cl)[S]([O-])(=O)=O)n3)ccc2[S]([O-])(=O)=O)\C(=C(C(N)=O)C1=O)C,validation
1909,A-3144,CC(O)CNCC(C)O,calibration
1910,A-3146,C1N2CN3CN1CN(C2)C3,calibration
1911,A-3148,O.O.O.O.O.O.O.[Cl-].[Cl-].[Cl-].[La+3],calibration
1912,A-3149,CCC1CO1,calibration
1913,A-3150,[Al+3].[O-]C=O.[O-]C=O.[O-]C=O,test
1914,A-3151,O=C1CCCCC1,test
1915,A-3153,[NH4+].[NH4+].[O-][S](=O)(=O)OO[S]([O-])(=O)=O,validation
1916,A-3159,[Cl-].C[N+](C)(C)CC(O)CCl,calibration
1917,A-3162,CC(C)(CO)CO,validation
1918,A-3163,CCOC(C)=O,test
1919,A-3164,[Cl].[Cl].[Rh].[Rh].C\1C\C=C/CC\C=C1.C\2C\C=C/CC\C=C2,validation
1920,A-3165,[K+].OC(=O)c1ccccc1C([O-])=O,test
1921,A-3166,[Na+].[Na+].[Na+].[Na+].[Na+].[Na+].[O-][W]([O-])(=O)=O.[O-][W]([O-])(=O)=O.[O-][W]([O-])(=O)=O.O=[W](=O)=O.O=[W](=O)=O.O=[W](=O)=O.O=[W](=O)=O.O=[W](=O)=O.O=[W](=O)=O.O=[W](=O)=O.O=[W](=O)=O.O=[W](=O)=O,test
1922,A-3168,[Na+].[O-]C(=O)CCl,test
1923,A-3169,O=C1CCCCCN1,test
1924,A-3171,[Na+].[O-]N=O,validation
1925,A-3172,[Na+].Cc1ccc(cc1)[S]([O-])(=O)=O,test
1926,A-3173,COc1ccc([NH2+]CCO)cc1[NH3+].[O-][S]([O-])(=O)=O,calibration
1927,A-3174,C=CCNCC=C,test
1928,A-3175,CO[P](=O)(CCC(=O)NCO)OC,calibration
1929,A-3179,OCCN(CCO)c1nc(Nc2ccccc2)nc(Nc3ccc(\C=C\c4ccc(Nc5nc(Nc6ccccc6)nc(n5)N(CCO)CCO)cc4[S](O)(=O)=O)c(c3)[S](O)(=O)=O)n1,test
1930,A-3180,N#CCCCCC#N,test
1931,A-3181,CC(=O)CC(=O)Nc1ccccc1,test
1932,A-3184,CO[S]([O-])(=O)=O.CN(N=CC1=[N+](C)c2ccccc2C1(C)C)c3ccc(C)cc3,validation
1933,A-3185,COc1ccc(cc1)N(C)N=CC2=[N+](C)c3ccccc3C2(C)C.CO[S]([O-])(=O)=O,calibration
1934,A-3186,CCCCC(CC)(CO)CO,validation
1935,A-3190,CI,test
1936,A-3193,CC\C=C(/C)C=O,validation
1937,A-3195,O=C1OC(=O)c2cc3C(=O)OC(=O)c3cc12,test
1938,A-3196,CCCCOC(=O)CCC(C)=O,validation
1939,A-3197,CC1CCC2C(C1)C(=O)OC2=O,test
1940,A-3199,[Ca++].CCCCC(CC)C([O-])=O.CCCCC(CC)C([O-])=O,test
1941,A-3201,Cc1cccc(C)c1N,test
1942,A-3202,COC(=O)C1CCC(CC1)C(=O)OC,calibration
1943,A-3204,[Na+].CCCCC(CC)COC(=O)CC(C(=O)OCC(CC)CCCC)[S]([O-])(=O)=O,validation
1944,A-3205,NC(=O)c1ccc(N)cc1,validation
1945,A-3206,CN1C(=O)N(C)c2nc[nH]c2C1=O,test
1946,A-3208,CC(CC#N)CC(C)(C)C#N.CC(CC(C)(C)CC#N)C#N,validation
1947,A-3209,CN(C)Cc1ccccc1,calibration
1948,A-3210,ClC(Cl)Cl,test
1949,A-3211,[NH4+].[Br-],test
1950,A-3212,C=CC(=O)OCC1CCCO1,test
1951,A-3215,[K+].CC(=O)CC(=O)Nc1ccc(cc1)[S]([O-])(=O)=O,calibration
1952,A-3216,CCOC1=C(O)C(=O)O[C@@H]1[C@@H](O)CO,test
1953,A-3217,[Na+].[Na+].[Na+].[Na+].CC(O)([P]([O-])([O-])=O)[P]([O-])([O-])=O,test
1954,A-3218,COC(=O)\C=C/C(=O)OC,test
1955,A-3219,Cc1cc(O)ccc1O,calibration
1956,A-3220,CNC(=O)NC,validation
1957,A-3222,[NH4+].[NH4+].[NH4+].[NH4+].[O-][Mo]([O-])(=O)=O.[O-][Mo]([O-])(=O)=O,validation
1958,A-3223,[Na+].CCCCC(CC)CN(CCC(O)=O)CCC([O-])=O,test
1959,A-3227,[Cu++].CC([O-])=O.CC([O-])=O,validation
1960,A-3230,[H+].[Cl-].CN(C)C,validation
1961,A-3232,CNC.OC(=O)COc1ccc(Cl)cc1Cl,test
1962,A-3233,COCCC(=O)OC,test
1963,A-3234,[K+].[O-]C#N,test
1964,A-3235,OCCCCOC=C,test
1965,A-3236,[K+].[O-]P=O,test
1966,A-3237,O.[Na+].[O-]P=O,test
1967,A-3238,CCCCOCC1CO1.CC(C)N.FB(F)F,test
1968,A-3239,[Cl-].C(c1ccccc1)[P+](c2ccccc2)(c3ccccc3)c4ccccc4,test
1969,A-3240,[Na+].[O-][S](=O)(=O)C(CC(=O)OC1CCCCC1)C(=O)OC2CCCCC2,validation
1970,A-3241,CN(CCC#N)c1ccc(cc1)C=CC2=[N+](C)c3ccccc3C2(C)C.[O-][S]([O-])(=O)=O,test
1971,A-3246,[Na+].[Na+].[O-][S](=O)(=O)OO[S]([O-])(=O)=O,calibration
1972,A-3247,[Na+].CC1=NN(C(=O)C1N=Nc2ccc(C)c(c2)[S](=O)(=O)Nc3ccccc3)c4ccc(cc4)[S]([O-])(=O)=O,calibration
1973,A-3249,OC(=O)C=C,calibration
1974,A-3250,CN,test
1975,A-3254,[Na+].[Fe+3].[O-]C(=O)CN(CCN(CC([O-])=O)CC([O-])=O)CC([O-])=O,calibration
1976,A-3256,C=CC(=O)OC1C=CC2C3CCC(C3)C12,validation
1977,A-3258,[Na+].[O-][S](=O)(=O)CC=C,calibration
1978,A-3259,[Na+].[Na+].[Na+].[Na+].Cc1cc(Nc2nc(NCCO)nc(Nc3ccc(N=Nc4cc5c(cccc5[S]([O-])(=O)=O)c(c4)[S]([O-])(=O)=O)c(C)c3)n2)ccc1N=Nc6cc7c(cccc7[S]([O-])(=O)=O)c(c6)[S]([O-])(=O)=O,calibration
1979,A-3261,COc1ccc2cc(oc2c1)C3N(C)c4cc(ccc4[NH+]3C)[S](C)(=O)=O.CC([O-])=O,test
1980,A-3262,[Na+].OCCN1CCN(CC1)CC[S]([O-])(=O)=O,test
1981,A-3263,NC(=O)[C@@H]1CCC[NH2+]1,calibration
1982,A-3264,[nH]1cncn1,test
1983,A-3265,[H+].[Br-],test
1984,A-3266,[Na+].[O-]C=O,test
1985,A-3270,Oc1ccc(O)cc1,validation
1986,A-3273,NC(CC(O)=O)C(O)=O,validation
1987,A-3274,[I-].CC[P+](c1ccccc1)(c2ccccc2)c3ccccc3,test
1988,A-3275,[V],calibration
1989,A-3276,Nc1ccc(Nc2ccc(cc2[S](O)(=O)=O)[N+]([O-])=O)cc1,validation
1990,A-3278,[Cl-].Cn1c2ccccc2c(C=CC3=[N+](C)c4ccccc4C3(C)C)c1c5ccccc5,calibration
1991,A-3279,C1COC=CC1,test
1992,A-3281,CCCCCCC(O)CO,validation
1993,A-3284,CCN(C(C)C)C(C)C,test
1994,A-3289,[Na].Nc1cc(c(O)c2C(=O)c3c(N)cc(c(O)c3C(=O)c12)[S](O)(=O)=O)[S](O)(=O)=O,test
1995,A-3290,CC(C)OC(=O)C(F)(F)F,test
1996,A-3291,[Na+].[Na+].CN=C1C=CC2=CC(=CC(=O)C2=C1NNc3ccc(NC(=O)C(Br)=C)cc3[S]([O-])(=O)=O)[S]([O-])(=O)=O,validation
1997,A-3292,[Na+].CCOc1ccc(C)cc1N=Nc2ccc(N=Nc3cccc(c3)[S]([O-])(=O)=O)c4ccccc24,calibration
1998,A-3293,OC(=O)\C=C\C(O)=O,test
1999,A-3294,CC(O)CN(CC(C)O)c1ccc(C)cc1,calibration
2000,A-3296,CCO[S](=O)(=O)OCC,test
2001,A-3297,[Na+].CN(Cc1ccc(Nc2cc(c(N)c3C(=O)c4ccccc4C(=O)c23)[S]([O-])(=O)=O)cc1)[S](=O)(=O)c5ccc(C)cc5,test
2002,A-3299,[K+].[O-]C(=O)C(F)(F)F,test
2003,A-3300,[Na+].[Na+].[O-][P]([O-])(F)=O,test
2004,A-3301,OC=O,validation
2005,A-3303,[NH4+].[NH4+].OC(=O)CN(CCN(CC(O)=O)CC([O-])=O)CC([O-])=O,validation
2006,A-3306,CCCCCCCCCCCC[N+](C)(C)CC(O)C[S]([O-])(=O)=O,test
2007,A-3312,[K+].[Br-],test
2008,A-3313,Cc1ccc(cc1[S](O)(=O)=O)[N+]([O-])=O,calibration
2009,A-3314,[Cr+3].CC([O-])=O.CC([O-])=O.CC([O-])=O,test
2010,A-3316,O[C@@H](C(O)=O)c1ccccc1Cl,validation
2011,A-3318,[Na+].[Na+].[O-][S](=O)(=O)c1ccc2c(C=CC(=O)/C2=N/Nc3ccc(N=Nc4ccc(Nc5ccccc5)c(c4)[S]([O-])(=O)=O)c6ccccc36)c1,test
2012,A-3319,[I-].[Cs+],test
2013,A-3320,[Cl-].CN1C[NH+](C=C)C=C1,validation
2014,A-3325,[Cl-].N[C@@H](CS)C(O)=O.[H+],calibration
2015,A-3326,[Ru+3].[Ru+3].[Ru+3].CC([O-])=O.CC([O-])=O.CC([O-])=O.CC([O-])=O.CC([O-])=O.CC([O-])=O.CC([O-])=O,calibration
2016,A-3328,CCCCO,calibration
2017,A-3329,[Na+].[Na+].[O-][Mo]([O-])(=O)=O,validation
2018,A-3330,[Cl].[Fe].[O-][S]([O-])(=O)=O,test
2019,A-3331,[Cl-].[Cl-].[Cl-].[Fe+3],test
2020,A-3333,[Fe++].[O-][S]([O-])(=O)=O,calibration
2021,A-3335,[Na+].COc1ccc(cc1)N=Nc2ccc(cc2OC)N=Nc3cccc(c3)[S]([O-])(=O)=O,test
2022,A-3337,[Na+].[O-]N1C=CC=CC1=S,test
2023,A-3339,[Na+].OC[C@H](O)C1OC(=O)[C-](O)C1=O,test
2024,A-3340,[Cl-].[Cl-].[Ni++],test
2025,A-3342,[Na+].Cc1c(CNC(=O)CCl)c(C)c(Nc2cc(c(N)c3C(=O)c4ccccc4C(=O)c23)[S]([O-])(=O)=O)c(C)c1CNC(=O)CCl,validation
2026,A-3344,CC(C)=CCO,test
2027,A-3345,[Ca++].N[S]([O-])(=O)=O.N[S]([O-])(=O)=O,test
2028,A-3346,NCCCCCCN,test
2029,A-3347,[Na+].OC[S]([O-])=O,validation
2030,A-3348,[nH]1ccnc1,calibration
2031,A-3349,[Na+].N[C@@H](CC(O)=O)C([O-])=O,validation
2032,A-3352,[Mn++].[O-][P]([O-])([O-])=O.[O-][P]([O-])([O-])=O,test
2033,A-3353,CCC(C)(C)OO,test
2034,A-3354,NCCc1ccccc1,test
2035,A-3357,CC1(C)CC(O)CC(C)(C)N1[O],test
2036,A-3358,[Na+].Cc1cccc2n[n-]nc12,calibration
2037,A-3360,O=C1CCC(=O)O1,test
2038,A-3364,[Ca++].CCC([O-])=O.CCC([O-])=O,validation
2039,A-3365,OCC(CO)(CO)CO,calibration
2040,A-3367,CC(C)C(=O)OC(=O)C(C)C,test
2041,A-3369,[Na+].[O-]C(=O)[C@@H]1CCC(=O)N1,validation
2042,A-3370,[Na+].[Na+].CCN(Cc1cccc(c1)[S]([O-])(=O)=O)c2ccc(cc2)[C+](c3ccc(cc3)N(CC)Cc4cccc(c4)[S]([O-])(=O)=O)c5ccccc5[S]([O-])(=O)=O,validation
2043,A-3371,[Na+].[Na+].[O-][P](=O)=O,test
2044,A-3372,CC1(C)C(O)C(C)(C)C1O,test
2045,A-3373,[K+].[K+].[K+].OC(CC([O-])=O)(CC([O-])=O)C([O-])=O,calibration
2046,A-3374,OCCOCCOCCCNc1ccc(NCCCOCCOCCO)c2C(=O)c3ccccc3C(=O)c12,calibration
2047,A-3375,CC(O)=O,validation
2048,A-3376,OC(=O)CCC(=O)C(O)=O,validation
2049,A-3377,[Na+].[Na+].[O-][S](=O)(=O)CCCSSCCC[S]([O-])(=O)=O,validation
2050,A-3379,CC(=C)C=O,test
2051,A-3380,CC(C)C=O,test
2052,A-3381,CC(C)O[P](S)(=S)OC(C)C,test
2053,A-3385,CNC(=O)C(C)(C(C)C)C(C)C,calibration
2054,A-3387,ClC(Cl)=O,calibration
2055,A-3389,OC(=O)CC1(CCCCC1)CC(O)=O,test
2056,A-3390,[Sr],calibration
2057,A-3391,NC(=O)CC[C@H](NC(=O)C[NH3+])C([O-])=O,test
2058,A-3392,[Li].[Na].[K].CC(C)(C)c1ccc(cc1)[S](=O)(=O)Nc2ccc3cc(ccc3c2)[S](=O)(=O)c4cc5N=C6C(=C7Oc8c(ccc(N)c8[S](O)(=O)=O)N=C7C(=C6Oc5c(c4N)[S](O)(=O)=O)Cl)Cl,test
2059,A-3393,CCSC,calibration
2060,A-3397,O=Cc1ccccc1,calibration
2061,A-3398,CCC(C)(OO)OOC(C)(CC)OO,calibration
2062,A-3399,CN[C@@H](C)[C@@H](O)c1ccccc1,calibration
2063,A-3401,CCOC(=O)C(C)C,test
2064,A-3402,S=[Sr],calibration
2065,A-3403,O=C1OC(=O)c2ccccc12,calibration
2066,A-3404,Cl\C=C\Cl,calibration
2067,A-3407,c1ccc2ncccc2c1,test
2068,A-3409,CC(=O)c1ccccc1.CC(C)(O)c2ccccc2.Oc3ccccc3,calibration
2069,A-3410,[Na+].[Na+].Nc1c2C(=O)c3ccccc3C(=O)c2c(cc1[S]([O-])(=O)=O)c4cc(c(N)c5C(=O)c6ccccc6C(=O)c45)[S]([O-])(=O)=O,validation
2070,A-3411,CCN1CCCCC1,calibration
2071,A-3412,Cc1ccc(N)c(c1)[S](O)(=O)=O,validation
2072,A-3414,OC(=O)c1cc(C(O)=O)c(cc1C(O)=O)C(O)=O.C2CN=C(N2)c3ccccc3.C4CN=C(N4)c5ccccc5,validation
2073,A-3416,O=C1NCCN1,validation
2074,A-3418,[O--].[O--].[O--].[Fe+3].[Fe+3],validation
2075,A-3420,[NH3+]O.[NH3+]O.[O-][S]([O-])(=O)=O,calibration
2076,A-3421,[Cl-].[Cl-].[Co++],test
2077,A-3423,[K+].O[P](O)(O)=O,calibration
2078,A-3430,[K+].CCCCCCCCCCCCCC(=O)N[C@@H](CCC(O)=O)C([O-])=O,validation
2079,A-3432,CC(=O)OCC(COC(C)=O)OC(C)=O,validation
2080,A-3433,CC1(C)CO1,validation
2081,A-3434,CCCCCCOC1O[C@H](CO)[C@@H](O)[C@H](O)[C@H]1O,test
2082,A-3435,OC(=O)CC(O)(CC(O)=O)C(O)=O,test
2083,A-3437,Nc1[nH]ncn1,calibration
2084,A-3438,OCCN1C(=O)N(CCO)C(=O)N(CCO)C1=O,validation
2085,A-3439,[Na+].OC(=O)CC(O)(CC(O)=O)C([O-])=O,validation
2086,A-3441,[Na+].[Na+].Nc1c2C(=O)c3ccccc3C(=O)c2c(Nc4ccc(NC(=O)C(Br)=C)cc4[S]([O-])(=O)=O)cc1[S]([O-])(=O)=O,test
2087,A-3442,[Na+].[Na+].NC(=O)CCN(CCO)c1nc(Nc2ccccc2)nc(Nc3ccc(\C=C\c4ccc(Nc5nc(Nc6ccccc6)nc(n5)N(CCO)CCC(N)=O)cc4[S]([O-])(=O)=O)c(c3)[S]([O-])(=O)=O)n1,calibration
2088,A-3444,OC1COC(O)C(O)C1O,test
2089,A-3445,CC(C)(CO)C(O)C(=O)NCCCO,test
2090,A-3446,OC(C(O)C(O)=O)C(O)=O,validation
2091,A-3447,O[P](O)(=O)CN(CCCCCCN(C[P](O)(O)=O)C[P](O)(O)=O)CCCCCCN(C[P](O)(O)=O)C[P](O)(O)=O,validation
2092,A-3448,[K+].O[C@H]([C@@H](O)C([O-])=O)C(O)=O,calibration
2093,A-3452,COC(=O)CC(C(C)=O)C(=O)OC,validation
2094,A-3453,N.N.N.N.[Pd++].OC([O-])=O.OC([O-])=O,test
2095,A-3459,C(CCOCC1CO1)COCC2CO2,calibration
2096,A-3460,[Cl-].[Cl-].[Pd++],validation
2097,A-3461,[Na+].[SH-],test
2098,A-3462,NCCC(O)=O,test
2099,A-3463,[H+].[H+].[Cl-].[Cl-].CNc1nc(OC)ccc1N,validation
2100,A-3464,CCC(C)NCCO,validation
2101,A-3467,OC(=O)CC(O)(CC(O)=O)C(O)=O.C1CNCCN1,validation
2102,A-3468,[Na+].[Na+].[O-][S](=O)O[S]([O-])=O,test
2103,A-3469,CN=C(NCC1CCOC1)N[N+]([O-])=O,test
2104,A-3472,CCOCCC(=O)OCC,test
2105,A-3473,CNC1CCCCC1,test
2106,A-3475,COC(=O)CC#N,calibration
2107,A-3476,[Na+].OCC[S]([O-])(=O)=O,test
2108,A-3477,CC[N+](CC)(CC)CC.[O-][S](=O)(=O)C(F)(F)C(F)(F)C(F)(F)C(F)(F)C(F)(F)C(F)(F)C(F)(F)C(F)(F)F,test
2109,A-3480,[Na+].[Na+].CCCCCCCC/C=C/CCCCCCCCOC(=O)C(CC([O-])=O)[S]([O-])(=O)=O,validation
2110,A-3481,CCOC(=O)CC#N,validation
2111,A-3482,[Na+].[Na+].COc1cc(c(OC)cc1N=NC2C(=NN(C2=O)c3ccc(cc3)[S]([O-])(=O)=O)C)[S](=O)(=O)CCO[S]([O-])(=O)=O,test
2112,A-3483,[Na+].[Na+].OC(=O)C(O)(CC([O-])=O)CC([O-])=O,calibration
2113,A-3487,CC(CCC#N)C#N,test
2114,A-3488,CCCCOCC(C)O,validation
2115,A-3490,O=C1OC=CO1,test
2116,A-3492,[Na+].CCC(C)OC(S)=S,validation
2117,A-3495,CC(O)c1cc(N)ccc1N.[O-][S]([O-])(=O)=O,test
2118,A-3496,Cc1ncoc1C#N,calibration
2119,A-3497,[Cd++].O[N+]([O-])=O.O[N+]([O-])=O,validation
2120,A-3498,[Na+].CCOC([S-])=S,test
2121,A-3500,[Cl-].[Cl-].[NH3+]CCCCCCCC[NH3+],validation
2122,A-3501,CC(C)(C)NC(=O)[C@@H]1C[C@@H]2CCCC[C@H]2C[NH2+]1,calibration
2123,A-3502,OCCCCCCO,test
2124,A-3503,CN(C)CCOC(=O)C(C)=C,test
2125,A-3504,[Na+].[Na+].OC(C(O)C([O-])=O)C([O-])=O,validation
2126,A-3505,CCO[P](=O)(OCC)OCC,validation
2127,A-3506,OC(=O)C1CCC(=O)N1,test
2128,A-3508,CCCC=O,test
2129,A-3512,C1CCSC1,test
2130,A-3514,CC(=O)Oc1ccccc1,test
2131,A-3515,CCCl,test
2132,A-3516,Clc1cc(Cl)ncn1,test
2133,A-3517,[Na+].[Na+].[Na+].CC(=O)C(N=Nc1ccc(cc1)N=Nc2c(N)c3c(cc2[S]([O-])(=O)=O)C=C(\C(=N/Nc4ccc(c5ccccc45)[S]([O-])(=O)=O)C3=O)[S]([O-])(=O)=O)C(=O)Nc6ccccc6,calibration
2134,A-3518,Cc1ccc(N)c(C)c1,validation
2135,A-3519,Nc1ccccc1Cl,test
2136,A-3521,N[P](N)(=O)Oc1ccccc1,test
2137,A-3523,[Na+].CCOc1cccc2C(=O)c3c(Nc4ccccc4[S]([O-])(=O)=O)ccc(NC5CCCCC5)c3C(=O)c12,calibration
2138,A-3525,CC(CN)CCCN,validation
2139,A-3526,CN1C(=CC(=O)N(C)C1=O)N,validation
2140,A-3527,C/C=C/CCC1CCCC(=O)O1,validation
2141,A-3528,[K+].F[B-](F)(F)F,validation
2142,A-3530,CCCOC(=O)C(/O)=C/Oc1ccccc1,test
2143,A-3532,NC1=CC(=O)N=C(N)N1,validation
2144,A-3533,Cc1ccc(N)c(Cl)c1O,test
2145,A-3534,[N-]=[N+]=C1C(=O)NC(=O)NC1=O,test
2146,A-3536,CC(COCC(C)OC(=O)C=C)OC(=O)C=C,validation
2147,A-3537,OC(=O)c1ccncc1,calibration
2148,A-3538,OC1CSC(O)CS1,calibration
2149,A-3539,CC(=O)CCCCCl,validation
2150,A-3540,CC1=NN(C(=O)C1)c2ccc(cc2)[S](O)(=O)=O,calibration
2151,A-3542,Cc1ccccc1[S](N)(=O)=O,test
2152,A-3543,CC1CC(NC(N)=O)NC(=O)N1,test
2153,A-3544,Cc1cc(N)ccc1N.O[S](O)(=O)=O,validation
2154,A-3547,Nc1cccc(c1)C(F)(F)F,validation
2155,A-3548,NC1CCC(CC1)CC2CCC(N)CC2,test
2156,A-3549,COc1ccc(OC)c(NC(C)=O)c1,calibration
2157,A-3551,[K+].CC(C)c1ccc(cc1)[S]([O-])(=O)=O,calibration
2158,A-3552,[NH4+].O.NC([O-])=O,test
2159,A-3553,[Na+].CC(C)c1ccc(cc1)[S]([O-])(=O)=O,validation
2160,A-3555,CO[S]([O-])(=O)=O.C[N+](C)(C)CCCNC(=O)CCCCCCCCC=C,test
2161,A-3557,O.O.O.O.O.O.O.O.O.O.[Na+].[Na+].[O-]B(OB=O)OB([O-])OB=O,calibration
2162,A-3558,Nc1ncccc1O,calibration
2163,A-3560,C=CN1CCCCCC1=O,validation
2164,A-3561,CC(=O)OC\C=C(/C)C=O,test
2165,A-3562,OB(O)O,calibration
2166,A-3563,[Ca++].[Ca++].[Ca++].[O-]B([O-])[O-].[O-]B([O-])[O-],calibration
2167,A-3564,[K].OB(O)O,validation
2168,A-3566,CCC(CO)(CO)C(O)=O,test
2169,A-3567,[Pb++].[O-][N+]([O-])=O.[O-][N+]([O-])=O,test
2170,A-3569,[Na+].[Na+].[Na+].OCCN(CCN(CC([O-])=O)CC([O-])=O)CC([O-])=O,calibration
2171,A-3577,[Na+].[Na+].OCCN(CCO)c1nc(Nc2ccccc2)nc(Nc3ccc(\C=C\c4ccc(Nc5nc(Nc6ccccc6)nc(n5)N(CCO)CCO)cc4[S]([O-])(=O)=O)c(c3)[S]([O-])(=O)=O)n1,test
2172,A-3578,[Zn++].CC(O)C([O-])=O.CC(O)C([O-])=O,validation
2173,A-3582,CC(C)CC(O)=O,test
2174,A-3594,[Li+].[Li+].[Li+].O.O.O.O.OC(CC([O-])=O)(CC([O-])=O)C([O-])=O,calibration
2175,A-3596,CCCCC(=O)N(Cc1ccc(cc1)c2ccccc2c3n[nH]nn3)[C@@H](C(C)C)C(O)=O,test
2176,A-3599,OCCN(CCO)c1ccccc1,calibration
2177,A-3601,CCOC(=O)OC,calibration
2178,A-3602,[Mg++].[Cl-].[Cl-],validation
2179,A-3603,NCCCCCCN.OC(=O)CCCCC(O)=O,calibration
2180,A-3605,[O-][S]([O-])(=O)=O.O=[V++],test
2181,A-3606,[Li+].O.O.O.[O-][Cl](=O)(=O)=O,test
2182,A-3608,[K+].[O-][S](=O)(=O)C(F)(F)C(F)(F)C(F)(F)C(F)(F)F,test
2183,A-3609,[Cl-].CCN(CCO)c1ccc(cc1)N=Nc2sc3cc(OC)ccc3[n+]2C,validation
2184,A-3610,CCN(CCO)c1ccc(cc1)N=Nc2sc3cc(OC)ccc3[n+]2C.CO[S]([O-])(=O)=O,test
2185,A-3611,CCCCOC(=O)CO,test
2186,A-3612,COC(=O)CCl,validation
2187,A-3613,[Cl-].[Cl-].[Cd++],test
2188,A-3614,[Na+].[O-][S](=O)(=O)CCBr,test
2189,A-3615,Oc1ccccc1O,validation
2190,A-3616,CCN(O)CC,validation
2191,A-3617,NC(N)=N.NC(N)=N.OC(O)=O,calibration
2192,A-3618,[Li+].CC([O-])=O,validation
2193,A-3621,CC(=C)C(=O)OCCOC(=O)CCC(O)=O,calibration
2194,A-3622,[Cl-].CN(C)[C@H]1[C@@H]2C[C@@H]3[C@H](O)c4c(Cl)ccc(O)c4C(=C3C(=O)[C@]2(O)C(=O)\C(=C(N)/O)C1=O)O.[H+],validation
2195,A-3623,CCC(C)C(O)=O,validation
2196,A-3625,[Fe+3].[Fe+3].[O-][S]([O-])(=O)=O.[O-][S]([O-])(=O)=O.[O-][S]([O-])(=O)=O,test
2197,A-3629,[Zn++].[Br-].[Br-],calibration
2198,A-3631,[Na+].[Na+].[Na+].[Na+].[Na+].[Cr+3].Nc1nc(Cl)nc(Nc2cc(cc3cc(c(N=Nc4cc(ccc4[O-])[N+]([O-])=O)c([O-])c23)[S]([O-])(=O)=O)[S]([O-])(=O)=O)n1.Nc5nc(Cl)nc(Nc6cc(cc7cc(c(N=Nc8cc(ccc8[O-])[N+]([O-])=O)c([O-])c67)[S]([O-])(=O)=O)[S]([O-])(=O)=O)n5,test
2199,A-3636,[Na+].Cc1ccc(OCCC[S]([O-])(=O)=O)c(c1)[N+]([O-])=O,validation
2200,A-3639,Cl.Cl.CCCCC1=NC2(CCCC2)C(=O)N1.CCCCC3=NC(=O)C4(CCCC4)N3,test
2201,A-3640,[Na+].[Na+].[Na+].CCN(c1ccccc1)c2nc(Cl)nc(Nc3cc(cc4C=C(\C(=N/Nc5ccccc5[S]([O-])(=O)=O)C(=O)c34)[S]([O-])(=O)=O)[S]([O-])(=O)=O)n2,test
2202,A-3641,[Cl-].[Cl-].[Zn++],validation
2203,A-3642,CC1=CN(C2CC(O)C(CO)O2)C(=O)NC1=O,test
2204,A-3646,CCN(CC)c1ccc(cc1)C=CC2=[N+](C)c3ccccc3C2(C)C.CC([O-])=O,calibration
2205,A-3647,CCN(CC)c1ccc(cc1)C=CC2=[N+](C)c3ccccc3C2(C)C.O[P](O)([O-])=O,test
2206,A-3648,[Na].OC(=O)c1cc2ccccc2c(Cc3c(O)c(cc4ccccc34)C(O)=O)c1O,calibration
2207,A-3650,N.N.O[C@H]([C@@H](O)C(O)=O)C(O)=O,test
2208,A-3651,Cc1ncc(CN)c(N)n1,calibration
2209,A-3652,[Mn++].[O-][N+]([O-])=O.[O-][N+]([O-])=O,validation
2210,A-3653,CN(C)CCCNCCCN(C)C,test
2211,A-3654,[H+].[H+].[Cl-].[Cl-].Nc1ccc(OCCO)c(N)c1,test
2212,A-3655,[Na+].[Na+].[Na+].OC(CC([O-])=O)(CC([O-])=O)C([O-])=O,test
2213,A-3657,O.O.O.O.O.O.O.O.O.[Al+3].[O-][N+]([O-])=O.[O-][N+]([O-])=O.[O-][N](=O)=O,validation
2214,A-3658,[F-].[Na+],test
2215,A-3661,C[C@H](N)c1ccccc1,test
2216,A-3665,[Na+].COC(=O)c1ccc([O-])cc1,validation
2217,A-3666,[Na+].NC(CCC(O)=O)C([O-])=O,test
2218,A-3667,[Na+].[N-]=[N+]=[N-],calibration
2219,A-3668,[Na+].[Na+].[Mn++].[O-]C(=O)CN(CCN(CC([O-])=O)CC([O-])=O)CC([O-])=O,validation
2220,A-3671,[NH4+].[NH4+].[O-]C(=O)C([O-])=O,validation
2221,A-3673,N[C@@H](CCC(N)=O)C(O)=O,test
2222,A-3674,CC[C@H](C)[C@H](N)C(O)=O,calibration
2223,A-3675,[H+].[Cl-].OCCNc1ccc2OCOc2c1,test
2224,A-3678,O=C1OC(=O)C=C1,test
2225,A-3683,[Na+].[Na+].[O-]C([O-])=O,test
2226,A-3685,[Na+].[Na+].OCCNc1nc(NCCO)nc(Nc2ccc3C(=O)C(=N/Nc4ccc(cc4)N=Nc5ccc(cc5)[S]([O-])(=O)=O)\C(=Cc3c2)[S]([O-])(=O)=O)n1,calibration
2227,A-3687,C[C@H]1CO1,calibration
2228,A-3688,[Na+].[Na+].Cc1ccc2nc(sc2c1[S]([O-])(=O)=O)c3ccc(cc3)N=Nc4ccc(cc4)c5sc6c(ccc(C)c6[S]([O-])(=O)=O)n5,validation
2229,A-3690,CCOCCCC(C)OCCOCC(C)CO,calibration
2230,A-3691,CC(N)c1ccccc1,test
2231,A-3692,[K+].[K+].[Zn++].[O-]C(=O)CN(CCN(CC([O-])=O)CC([O-])=O)CC([O-])=O,test
2232,A-3694,CCCCNC(=O)OCCOC(=O)C=C,test
2233,A-3696,[H+].[Cl-].NNc1ccc(Cl)cc1,test
2234,A-3700,Cc1cc(C)cc(N)c1,test
2235,A-3701,[Na+].[Co+3].N[S](=O)(=O)c1ccc([O-])c(c1)N=Nc2c([O-])ccc3ccccc23.N[S](=O)(=O)c4ccc([O-])c(c4)N=Nc5c([O-])ccc6ccccc56,validation
2236,A-3702,CC1(C)CC(=O)CC(C)(C1)C#N,validation
2237,A-3703,[H+].[Cl-].OC1(CCNCC1)c2ccc(Cl)cc2,test
2238,A-3706,[NH3+][C@@H](C([O-])=O)c1ccccc1,test
2239,A-3708,CCCCCCCCN.CCCCO[P](S)(=O)OCCCC,calibration
2240,A-3712,CC(C)C1=NN(C(=O)NC(C)(C)C)C(=O)N1N,validation
2241,A-3713,CC(=O)CCc1ccc(O)cc1,test
2242,A-3714,ClC(Cl)(Cl)[2H],validation
2243,A-3716,Nc1cc(Cl)nc(C(O)=O)c1Cl,calibration
2244,A-3720,OCCNc1ccc(cc1[N+]([O-])=O)N(CCO)CCO,calibration
2245,A-3721,[F-].[Al+3].[K+],calibration
2246,A-3723,[Al+3].CCCC[O-].CCCC[O-].CCCC[O-],validation
2247,A-3725,Oc1ccc(Cl)cc1Cl,test
2248,A-3730,[Na+].[Na+].[Na+].[Na+].Nc1ccc(cc1[S]([O-])(=O)=O)N=Nc2ccc(N=Nc3ccc(N\N=C/4C(=O)c5ccc(NC(=O)c6ccccc6)cc5C=C4[S]([O-])(=O)=O)c7ccc(cc37)[S]([O-])(=O)=O)c8ccc(cc28)[S]([O-])(=O)=O,test
2249,A-3733,COC(=O)C=C(C)C,test
2250,A-3735,[Na+].[Na+].[Na+].[Na+].[Na+].COc1cc(N=Nc2cc(cc3cc(cc(O)c23)[S]([O-])(=O)=O)[S]([O-])(=O)=O)c(C)cc1N=Nc4c(O)c5c(Nc6nc(Nc7ccccc7)nc(Nc8ccc(cc8)N=Nc9ccc(O)c(c9)C([O-])=O)n6)cc(cc5cc4[S]([O-])(=O)=O)[S]([O-])(=O)=O,validation
2251,A-3737,CC1=NN(C(=O)C1)c2cccc(c2)[S](O)(=O)=O,test
2252,A-3738,CC(=O)OCC=C(C)C,validation
2253,A-3739,CCCCCCCC(=O)N(C)C,validation
2254,A-3741,CCCCCC(C)=O,validation
2255,A-3742,CCCC(C)C=O,validation
2256,A-3744,O=C1OC(=O)C2CCCCC12,calibration
2257,A-3746,CCC(CO)(COCC=C)COCC=C,validation
2258,A-3749,CCCCNCCCC,calibration
2259,A-3751,CC(COCC(C)OC(=O)C=C)OCC(C)OC(=O)C=C,test
2260,A-3752,C[C@@H]1CO1,test
2261,A-3754,CCCCN(CCO)CCCC,test
2262,A-3757,[Na+].CN(C)C(=S)SCCC[S]([O-])(=O)=O,test
2263,A-3760,[Na+].[Na+].[Na+].[Na+].COc1ccc(cc1N\N=C/2C(=O)c3c(N)c(N=Nc4ccc(cc4)[S](=O)(=O)CCO[S]([O-])(=O)=O)c(cc3C=C2[S]([O-])(=O)=O)[S]([O-])(=O)=O)[S](=O)(=O)CCO[S]([O-])(=O)=O,validation
2264,A-3762,Cc1ccc(cc1N)C(N)=O,test
2265,A-3765,OCc1scnc1,test
2266,A-3768,CC(=O)N1C[C@@H](O)C[C@H]1C([O-])=O,validation
2267,A-3769,[Na+].[Na+].[Na+].[Na+].[O-][S](=O)(=O)OCC[S](=O)(=O)c1ccc2c(ccc(N\N=C/3C(=O)c4c(NC(=O)c5ccccc5)cc(cc4C=C3[S]([O-])(=O)=O)[S]([O-])(=O)=O)c2[S]([O-])(=O)=O)c1,test
2268,A-3771,[Na].[Na].[Na].[Na].CNc1ccc(/C=C/c2ccc(Nc3nc(Nc4ccc(cc4)[S]([O-])(=O)=O)nc(n3)N5CCOCC5)cc2[S]([O-])(=O)=O)c(c1)[S]([O-])(=O)=O.Cc6nc(Nc7ccc(cc7)[S]([O-])(=O)=O)nc(n6)N8CCOCC8,test
2269,A-3772,[I-].C[S+](C)(C)=O,validation
2270,A-3773,Cc1ccc(N)cc1N,calibration
2271,A-3774,Cc1cc(N)ccc1N,validation
2272,A-3775,O.O.O.O.O.O.O.[Co++].[O-][S]([O-])(=O)=O,test
2273,A-3776,[Na+].CN(C)C([S-])=S,test
2274,A-3778,CCN(CC)c1ccc(cc1)[C+](c2ccc(cc2)N(CC)CC)c3ccc(cc3)N(CC)CC.CC([O-])=O,test
2275,A-3779,[NH4+].[Cl-],calibration
2276,A-3781,[Cl-].Nc1cn(n[o+]1)N2CCOCC2,test
2277,A-3786,CCCCOC(=O)\C=C/C(O)=O,test
2278,A-3788,Cc1ccc(NCCO)cc1O,test
2279,A-3789,[Na+].[Na+].COc1cc(c(C)cc1N=NC2C(=NN(C2=O)c3ccc(cc3)[S]([O-])(=O)=O)C)[S](=O)(=O)CCO[S]([O-])(=O)=O,test
2280,A-3791,OC1CNC(C1)C(O)=O,test
2281,A-3793,[Na+].Cc1ccc(cc1N)C(=O)Nc2ccc(cc2)[S]([O-])(=O)=O,test
2282,A-3794,CCOC(=O)C(C)C=C,test
2283,A-3795,CNC(=S)NN,test
2284,A-3798,[Cl-].[K+],test
2285,A-3799,O[S](=O)(=O)c1ccc2ccccc2c1,test
2286,A-3804,COC(=O)CC(=C)C(=O)OC,test
2287,A-3805,OCCOCCOc1ccccc1,test
2288,A-3806,CC(CCCC(C)(C)O)CC=O,validation
2289,A-3807,CCCNCCC,calibration
2290,A-3808,Nc1ccccc1,test
2291,A-3811,[Na+].OC(=O)c1cc(cc(c1)[S]([O-])(=O)=O)C(O)=O,test
2292,A-3812,[Na+].[Na+].[Na+].[Na+].[Na+].[Na+].[O-][S](=O)(=O)c1cc(Nc2nc(Cl)nc(Nc3ccc(Nc4nc(Cl)nc(Nc5cc(cc6C=C(/C(=N/Nc7ccccc7[S]([O-])(=O)=O)C(=O)c56)[S]([O-])(=O)=O)[S]([O-])(=O)=O)n4)cc3)n2)c8C(=O)C(=N/Nc9ccccc9[S]([O-])(=O)=O)\C(=Cc8c1)[S]([O-])(=O)=O,test
2293,A-3817,[Br-].C[P+](c1ccccc1)(c2ccccc2)c3ccccc3,test
2294,A-3819,[Cl-].C[n+]1ccccc1,calibration
2295,A-3820,[Na+].[Na+].[Na+].NC(=O)Nc1cc(Nc2nc(F)nc(NCCOCC[S](=O)(=O)C=C)n2)ccc1N=Nc3cc4c(cc(cc4[S]([O-])(=O)=O)[S]([O-])(=O)=O)cc3[S]([O-])(=O)=O,test
2296,A-3821,CCc1nccnc1C,calibration
2297,A-3822,[H+].[Cl-].NO,test
2298,A-3825,C=CC(=O)NCNC(=O)C=C,test
2299,A-3830,OC[C@H](O)[C@@H](O)[C@H](O)C(=O)C(O)=O,test
2300,A-3831,C[N+]1([O-])CCOCC1,validation
2301,A-3832,[NH3+]CCO.[NH3+]CCO.[NH3+]CCO.OC(CC([O-])=O)(CC([O-])=O)C([O-])=O,validation
2302,A-3833,[Na+].NCCNCC[S]([O-])(=O)=O,test
2303,A-3834,[Na+].[Na+].[Na+].Cc1cc(N=Nc2cc(ccc2[S]([O-])(=O)=O)[S]([O-])(=O)=O)c(C)cc1N=Nc3ccc(Nc4nc(N)nc(Cl)n4)c5c3cccc5[S]([O-])(=O)=O,test
2304,A-3835,[K+].[O-][S](=O)(=O)CCCOC(=O)C=C,test
2305,A-3836,[Na+].[Na+].[Na+].Cc1c(Nc2nc(Cl)nc(Nc3cccc(c3)[S]([O-])(=O)=O)n2)c(C)c(c(C)c1Nc4cc(c(N)c5C(=O)c6ccccc6C(=O)c45)[S]([O-])(=O)=O)[S]([O-])(=O)=O,test
2306,A-3837,[Na+].[Na+].[Na+].Cc1c(Nc2nc(Cl)nc(Nc3ccccc3[S]([O-])(=O)=O)n2)c(C)c(c(C)c1Nc4cc(c(N)c5C(=O)c6ccccc6C(=O)c45)[S]([O-])(=O)=O)[S]([O-])(=O)=O,validation
2307,A-3842,Nc1ccc(F)cc1,test
2308,A-3846,C1N(CCOC1)C2=NC(=NC(=N2)NC3=C4C(=O)/C(=N/NC5=CC=CC=C5)/C(=CC4=CC(=C3)S(=O)(=O)[O-])S(=O)(=O)[O-])NC6=CC(=C(C=C6)/C=C/C7=C(C=C(C=C7)NC8=NC(=NC(=N8)N9CCOCC9)NC1=C2C(=O)/C(=N/NC3=CC=CC=C3)/C(=CC2=CC(=C1)S(=O)(=O)[O-])S(=O)(=O)[O-])S(=O)(=O)[O-])S(=O)(=O)[O-].[Na+].[Na+].[Na+].[Na+].[Na+].[Na+],test
2309,A-3847,CC(=O)C1CCOC1=O,validation
2310,A-3850,[Na+].COC(=O)c1cc(cc(c1)[S]([O-])(=O)=O)C(=O)OC,test
2311,A-3852,[Na+].[Cl-],test
2312,A-3853,[Li+].[Li+].[O-]C(=O)CCCC([O-])=O,test
2313,A-3854,CC1OC(=C(O)C1=O)C,validation
2314,A-3855,[Na+].COc1cc(O)c(cc1[S]([O-])(=O)=O)C(=O)c2ccccc2,calibration
2315,A-3858,CC(C)C(O)C(C)(C)CO,calibration
2316,A-3865,CCCCC(CC)COC(=O)[C@H](C)O,validation
2317,A-3866,O=C1CCCC1,test
2318,A-3867,[H+].[Cl-].CNC,validation
2319,A-3868,S.[Mn],test
2320,A-3869,COC=O,test
2321,A-3870,[Na+].[Na+].[Na+].Oc1cc(c2ccc3c4c(ccc1c24)c(cc3[S]([O-])(=O)=O)[S]([O-])(=O)=O)[S]([O-])(=O)=O,validation
2322,A-3872,CC1C=CCC2C1C(=O)OC2=O,calibration
2323,A-3873,CC(C)NC(=O)C(C)=C,test
2324,A-3874,[Na+].[Na+].OCCNc1nc(Nc2ccccc2)nc(Nc3ccc(\C=C\c4ccc(Nc5nc(NCCO)nc(Nc6ccccc6)n5)cc4[S]([O-])(=O)=O)c(c3)[S]([O-])(=O)=O)n1,validation
2325,A-3875,CCOCCOC(C)(C)C,validation
2326,A-3876,COC(C)CCOC(C)=O,validation
2327,A-3877,[Na+].CCCCCCCCCCCCCCCO[S]([O-])(=O)=O,test
2328,A-3878,NC(=N)[S](O)=O,calibration
2329,A-3880,CC(C)C(=O)OOC(C)(C)C,test
2330,A-3881,COC(Cc1ccccc1)OC,calibration
2331,A-3882,Nc1nc(N)nc(N)n1.O[P](O)(O)=O,test
2332,A-3883,C1OCC2Cc3ccccc3C2O1,test
2333,A-3884,COc1cc(CC(C(C)=O)C(C)=O)ccc1O,validation
2334,A-3889,OC[C@H]1NC[C@H](O)[C@@H](O)[C@@H]1O,calibration
2335,A-3890,CCOC(=O)C(Cl)C(=O)OCC,test
2336,A-3891,[Na+].[O-][S](=O)(=O)C1=CC(=O)C2=C(NNc3ccccc3C(F)(F)F)C(=N)C=CC2=C1,test
2337,A-3892,CC(=C)C(=O)OCCOCCOCCOC(=O)C(C)=C,validation
2338,A-3893,CC1CC(CCC1N)CC2CCC(N)C(C)C2,test
2339,A-3895,Cc1ccc(C)c(O)c1,validation
2340,A-3896,Nc1ncnc2n(cnc12)C3OC(CO[P](O)(O)=O)C(O)C3O,test
2341,A-3897,ClCC(Cl)Cl,test
2342,A-3898,Cc1cc(O)c(C)c(C)c1O,test
2343,A-3900,Nc1ccc(cc1)[S](=O)(=O)CCO[S](O)(=O)=O,test
2344,A-3903,C=CCN1C(=O)N(CC=C)C(=O)N(CC=C)C1=O,validation
2345,A-3904,COC(=O)c1nccnc1N,test
2346,A-3905,Nc1nc(N)nc(N)n1,test
2347,A-3907,NC(N)=N[N+]([O-])=O,test
2348,A-3908,Nc1ccccc1C(F)(F)F,test
2349,A-3909,CC(=O)N1CCN(CC1)c2ccc(O)cc2,test
2350,A-3910,C1OC1COc2ccc(cc2)N(CC3CO3)CC4CO4,test
2351,A-3911,NN=C(N)N.OC(O)=O,calibration
2352,A-3914,CNCc1cccc2ccccc12,test
2353,A-3915,COc1ccccc1NC(=O)CC(C)=O,validation
2354,A-3919,CC(C)OC(C)C,test
2355,A-3921,CC(C)Br,calibration
2356,A-3922,Cc1ccc(cc1)[S](N)(=O)=O,validation
2357,A-3924,CCSCC,calibration
2358,A-3926,CC(C)=CCCC(C)=O,validation
2359,A-3929,CCCCOCCOCCOCCCC,test
2360,A-3931,CC1CCC(C(O)C1)C(C)=C,test
2361,A-3932,COc1ccc(C)cc1N,test
2362,A-3933,OC(=O)c1cc(C(O)=O)c(cc1C(O)=O)C(O)=O.C2CN=C(N2)c3ccccc3,validation
2363,A-3934,Nc1ccc(Cl)cc1,validation
2364,A-3935,CCC(C)CC(=O)CC,test
2365,A-3937,[Al+3].CC([O-])=CC(C)=O.CC([O-])=CC(C)=O.CC([O-])=CC(C)=O,test
2366,A-3939,FC(F)Cl,test
2367,A-3941,[Na+].[K+].CC1=NN(C(O)C1N=Nc2ccc3c(cccc3[S]([O-])(=O)=O)c2[S](O)(=O)=O)c4ccc(cc4)[S](=O)(=O)CCO[S]([O-])(=O)=O,validation
2368,A-3943,OCC#CCO,validation
2369,A-3944,[Na+].[Na+].[Na+].CCN(c1ccccc1)c2nc(Cl)nc(Nc3cc(cc4C=C(\C(=N/Nc5ccc6ccccc6c5[S]([O-])(=O)=O)C(=O)c34)[S]([O-])(=O)=O)[S]([O-])(=O)=O)n2,test
2370,A-3949,[Na+].Oc1ccc(cc1NNC2=CC=C3C(=O)C=CC=C3C2=O)[S]([O-])(=O)=O,calibration
2371,A-3950,OC(=O)CCC(N(CC(O)=O)CC(O)=O)C(O)=O,calibration
2372,A-3954,CC(=C)OC(C)=O,calibration
2373,A-3955,O=C1OC(=O)C2CC=CCC12,validation
2374,A-3956,Cc1[nH]nc(C)c1,calibration
2375,A-3961,[K+].[K+].CCCCCCCCCCCCCC(=O)NCC([O-])=O.CCCCCCCCCCCC(=O)NCC([O-])=O,test
2376,A-3964,CCC12CC[C@H]3[C@@H](CCC4=CC(=O)CC[C@H]34)[C@@H]1CCC2=O,calibration
2377,A-3965,N[C@@H](CO[P](O)(O)=O)C(O)=O,validation
2378,A-3967,[Na+].CCCCC(CC)CCCCCc1ccc(cc1)[S]([O-])(=O)=O,validation
2379,A-3968,[Na+].[Na+].[Na+].[Na+].[Na+].[Na+].OCCN(CCO)c1nc(Nc2ccc(\C=C\c3ccc(Nc4nc(Nc5cc(ccc5[S]([O-])(=O)=O)[S]([O-])(=O)=O)nc(n4)N(CCO)CCO)cc3[S]([O-])(=O)=O)c(c2)[S]([O-])(=O)=O)nc(Nc6cc(ccc6[S]([O-])(=O)=O)[S]([O-])(=O)=O)n1,calibration
2380,A-3969,[Cs+].[Cs+].[O-]C([O-])=O,validation
2381,A-3975,CC(C)(C)C(O)=O,calibration
2382,A-3976,CC1(C)CC(O)CC(C)(C)N1CCO,test
2383,A-3977,CCN(CC)CC#C,test
2384,A-3978,[Co++].OC(=O)CC(O)(CC([O-])=O)C([O-])=O,validation
2385,A-3979,[Co++].[Co++].[Co++].OC(CC([O-])=O)(CC([O-])=O)C([O-])=O.OC(CC([O-])=O)(CC([O-])=O)C([O-])=O,calibration
2386,A-3985,O.O.[Cl-].[Cl-].[Ba++],validation
2387,A-3986,OCC(Br)(CO)[N+]([O-])=O,validation
2388,A-3987,[SH--].[Cu+].[Cu+],test
2389,A-3988,Cc1[nH]ccn1,validation
2390,A-3989,[Na+].[Na+].[Na+].[O-][P]1(=O)O[P]([O-])(=O)O[P]([O-])(=O)O1,test
2391,A-3991,O=[Se]=O,test
2392,A-3992,C1CCOCOC1,calibration
2393,A-3994,[Na+].[Na+].[Na+].[Na+].[Na+].Nc1nc(Cl)nc(Nc2ccc(c(N\N=C/3C(=O)c4c(N)c(N=Nc5cc(ccc5[S]([O-])(=O)=O)[S]([O-])(=O)=O)c(cc4C=C3[S]([O-])(=O)=O)[S]([O-])(=O)=O)c2)[S]([O-])(=O)=O)n1,test
2394,A-3996,CC(C)=CC(C)=O,test
2395,A-3997,[Na+].[Na+].Oc1ccc(Cl)cc1N\N=C/2C(=O)c3c(O)cc(cc3C=C2[S]([O-])(=O)=O)[S]([O-])(=O)=O,calibration
2396,A-3998,[Cl-].CCOC(=O)c1ccccc1c2c3ccc(cc3[o+]c4cc(ccc24)N(CC)CC)N(CC)CC,test
2397,A-3999,Oc1ccc(Cl)cc1,calibration
2398,A-4000,CC(=C)C#N,calibration
2399,A-4001,Cc1ccccc1O,calibration
2400,A-4004,[Li+].[Li+].[O-][S]([O-])(=O)=O,validation
2401,A-4006,CC(=C)C(=O)OCC[N+](C)(C)CCC[S]([O-])(=O)=O,test
2402,A-4009,[Na+].[Na+].CN(CC[S]([O-])(=O)=O)c1ccc(cc1)/C=C(C#N)/C(=O)Nc2ccc(cc2)c3sc4c(ccc(C)c4[S]([O-])(=O)=O)n3,validation
2403,A-4017,OCCOc1ccccc1,calibration
2404,A-4020,[K+].OC(=O)C([O-])=O,test
2405,A-4023,[Na+].[Na+].CC(=O)Nc1ccc2C(=O)C(=N/Nc3ccc(cc3)[S](=O)(=O)CCO[S]([O-])(=O)=O)\C(=Cc2c1)[S]([O-])(=O)=O,test
2406,A-4024,CC(=O)NNC(C)=O,validation
2407,A-4025,CCOC(=O)C(C)C1CCCCC1,test
2408,A-4026,[Ca++].[O-]C(=O)C1CCC(=O)N1,test
2409,A-4028,[Na+].[Na+].Cc1cc(Oc2cc(C)cc(c2)[S]([O-])(=O)=O)cc(c1)[S]([O-])(=O)=O,validation
2410,A-4029,CN(C)CCOC(=O)C=C,calibration
2411,A-4030,CC1COC(=O)O1,test
2412,A-4031,COc1ccc(CO)cc1,test
2413,A-4032,Nc1ccccc1.C=O,validation
2414,A-4034,OC1(CCCCC1)C#C,test
2415,A-4036,OC(=O)c1ccc2C(=O)OC(=O)c2c1,calibration
2416,A-4039,[Cs],calibration
2417,A-4040,CC(C)(CO)COC(=O)C(C)(C)CO,test
2418,A-4041,[Na+].[Na+].[Na+].[Na+].[Cu++].Nc1nc(Cl)nc(Nc2cc(cc3cc(c(N=Nc4cc(c5cccc(c5c4[O-])[S]([O-])(=O)=O)[S]([O-])(=O)=O)c([O-])c23)[S]([O-])(=O)=O)[S]([O-])(=O)=O)n1,calibration
2419,A-4043,NNC(=O)NN,validation
2420,A-4044,CCCC(C)O,test
2421,A-4045,[Na+].CC(=O)[C-]1C(=O)OC(=CC1=O)C,calibration
2422,A-4047,Cc1cccc(O)c1,calibration
2423,A-4049,CS,validation
2424,A-4052,CCCC1CO1,validation
2425,A-4055,[K+].O[B-](O)(F)F,validation
2426,A-4056,[Na+].CC(=O)Nc1ccc(NNC2=C3C(=O)C=C(C=C3C=CC2=N)[S]([O-])(=O)=O)c(c1)C(F)(F)F,test
2427,A-4061,N[C+](N)N.[O-]C(=O)c1ccccc1,calibration
2428,A-4063,O.O.O.O.[Na+].[Na+].[O-]B([O-])[O-].[O-]B([O-])[O-].[O-]B([O-])[O-].[O-]B([O-])[O-].[O-]B([O-])[O-].[O-]B([O-])[O-].[O-]B([O-])[O-].[O-]B([O-])[O-],validation
2429,A-4064,[Na+].[O-]C(=O)COc1ccccc1,test
2430,A-4066,[Na+].CCN(CC)c1ccc(cc1)[C+](c2ccc(cc2)N(CC)CC)c3ccc(cc3[S]([O-])(=O)=O)[S]([O-])(=O)=O,calibration
2431,A-4070,Oc1ccccc1Cl,test
2432,A-4073,Clc1ccc(Br)cc1Cl,test
2433,A-4074,CCCC[NH+](C)C,calibration
2434,A-4075,[Na+].[Na+].[Na+].[Na+].[O-][S](=O)(=O)c1cccc2cc(NNC3=CC(=O)C4=CC(C=CC4=C3[S]([O-])(=O)=O)=NC(=O)Nc5ccc6C(=O)C(=N/Nc7ccc8cccc(c8c7)[S]([O-])(=O)=O)/C(=Cc6c5)[S]([O-])(=O)=O)ccc12,calibration
2435,A-4076,[H+].[Cl-].NCC1(CCCCC1)CC(O)=O,test
2436,A-4078,[H+].[Cl-].NC(N)=N,validation
2437,A-4082,CC(=O)CC(=O)OCCOC(=O)CC(C)=O,validation
2438,A-4083,[Na+].Nc1ccc(cc1)[S]([O-])(=O)=O,test
2439,A-4084,C1OCOCO1,calibration
2440,A-4086,[Mn++].O[P]([O-])([O-])=O,test
2441,A-4087,O.[Zn++].[O-][S]([O-])(=O)=O,calibration
2442,A-4088,[Na+].[Na+].[O-][Si]([O-])=O,calibration
2443,A-4091,[Na+].[O-]C(=O)Cc1ccccc1Nc2c(Cl)cccc2Cl,calibration
2444,A-4092,[Na+].[Na+].COc1cc(ccc1Nc2nc(Nc3ccc(cc3OC)N=Nc4cccc(c4)[S]([O-])(=O)=O)nc(n2)N(CCO)CCO)N=Nc5cccc(c5)[S]([O-])(=O)=O,test
2445,A-4093,CCC(CO)(CO)COCC(CC)(CO)CO,validation
2446,A-4094,COC(=O)CCS,test
2447,A-4096,[Na+].Cc1ccc(cc1[N+]([O-])=O)C(=O)Nc2ccc(cc2)[S]([O-])(=O)=O,calibration
2448,A-4097,Cc1[nH]cnc1CO,calibration
2449,A-4099,[K+].O[P](O)([O-])=O,test
2450,A-4100,C=CC=O,test
2451,A-4102,O.O.O.O.[Ce+3].O[S]([O-])(=O)=O.[O-][S]([O-])(=O)=O,validation
2452,A-4103,N.N.N.N.N.N.O.O.O.O.O.O.O.O.O.O.O.O.O.O.O.O.O.O.O.O.O.O.O.O.[Mo].[Mo].[Mo].[Mo].[Mo].[Mo].[Mo],test
2453,A-4104,[NH4+].[O-][Cl](=O)(=O)=O,test
2454,A-4105,[Na+].[Na+].[Na+].[Na+].[Na+].[Cu++].[O-]C(=O)c1cc(ccc1NNC(=N/Nc2cc(cc([N-]c3nc(Cl)nc(n3)N=C4C=C(C(C=C4[S]([O-])(=O)=O)=Nc5nc(Cl)nc(Nc6cccc(c6)[S]([O-])(=O)=O)n5)[S]([O-])(=O)=O)c2[O-])[S]([O-])(=O)=O)\c7ccccc7)[S]([O-])(=O)=O.[H+],validation
2455,A-4106,CC(=C)C(N)=O,calibration
2456,A-4107,[Na+].[Na+].[Na+].[Na+].[Na+].[Na+].CCN(CC)c1nc(Nc2ccc(\C=C\c3ccc(Nc4nc(Nc5cc(ccc5[S]([O-])(=O)=O)[S]([O-])(=O)=O)nc(n4)N(CC)CC)cc3[S]([O-])(=O)=O)c(c2)[S]([O-])(=O)=O)nc(Nc6cc(ccc6[S]([O-])(=O)=O)[S]([O-])(=O)=O)n1,validation
2457,A-4108,[Cl-].CN[C@@H](C)[C@H](O)c1ccccc1.[H+],test
2458,A-4110,[Na+].[O-][N+](=O)c1cccc(c1)[S]([O-])(=O)=O,test
2459,A-4112,CC1=CC(=O)CC(C)(C)C1=O,test
2460,A-4114,OCCOCC#CCOCCO,validation
2461,A-4115,OC(=O)c1cc(cc(c1O)[N+]([O-])=O)[N+]([O-])=O,validation
2462,A-4116,OCCc1ccccc1,test
2463,A-4119,CC(=O)OC=C,test
2464,A-4123,Oc1ccccc1C#N,validation
2465,A-4124,[Na+].Nc1c(cc(Br)c2C(=O)c3ccccc3C(=O)c12)[S]([O-])(=O)=O,calibration
2466,A-4125,C[Si](C)C,test
2467,A-4126,OCCOCCO.O=C1OC(=O)c2ccccc12,calibration
2468,A-4127,[Na+].[Na+].[Fe].Nc1ccc(cc1)[N+]([O-])=O.Nc2cccc(c2)[S]([O-])(=O)=O.Nc3ccc(Nc4ccccc4)c(c3)[S]([O-])(=O)=O.OC\5=CC(=O)C=CC5=N/Nc6cc(cc(c6O)[N+]([O-])=O)[N+]([O-])=O,test
2469,A-4128,OC(=O)c1ccccc1,test
2470,A-4130,OC1=CC(=O)NC=N1,test
2471,A-4132,O=COCc1ccccc1,validation
2472,A-4133,CCCCOCC,test
2473,A-4136,CCOC(=O)C(=N/Nc1ccc(cc1)[N+]([O-])=O)/C(=O)C2=NN3C(=NC(=O)c4ccccc34)S2,validation
2474,A-4138,Cc1ccccc1N=C(N)N=C(N)N,test
2475,A-4142,CC(C)(O)C1CCC(C)(O1)C=C,test
2476,A-4143,CC(=O)CC(=O)Nc1ccccc1C,calibration
2477,A-4144,CC(C)C(NC(N)=O)NC(N)=O,validation
2478,A-4145,FC(F)CCl,validation
2479,A-4146,CC(C)(O)c1cccc(c1)C(C)(C)O,validation
2480,A-4147,CCc1cccc(C)c1N,test
2481,A-4149,[Ca++].[O-][S]([O-])(=O)=O,calibration
2482,A-4151,COc1ccc(NC(=O)CC(C)=O)cc1,test
2483,A-4152,CC1OCC(O1)c2ccccc2,calibration
2484,A-4153,CCCC1CC(=CC(=O)C1)C,validation
2485,A-4154,CC(=O)Oc1ccc(cc1)C#N,validation
2486,A-4156,OC(=O)CC[C@H](N1C(=O)c2ccccc2C1=O)C(O)=O,validation
2487,A-4157,CC(C)C1CCC(=CC1)C.CC(C)C2CCC(=CC2)C,validation
2488,A-4158,ClC(Cl)=C,calibration
2489,A-4162,CC(C)[C@H]1CCC(=CC1=O)C,calibration
2490,A-4163,CC1(C)S[C@@H]2[C@H](N)C(=O)N2[C@H]1C(O)=O,test
2491,A-4165,[B+3].[Cl-].[Cl-].[Cl-].CCCCCCCCN(C)C,test
2492,A-4167,Sc1ccccc1Cl,calibration
2493,A-4169,Nc1nccnc1C(O)=O,calibration
2494,A-4170,CN(C)Cc1ccccc1Cl,validation
2495,A-4171,[Ca++].CCO[P]([O-])(=O)Cc1cc(c(O)c(c1)C(C)(C)C)C(C)(C)C.CCO[P]([O-])(=O)Cc2cc(c(O)c(c2)C(C)(C)C)C(C)(C)C,test
2496,A-4175,C=CCOC(=O)OCCOCCOC(=O)OCC=C,calibration
2497,A-4176,OCCCCCCC=C,test
2498,A-4178,Cl[S](=O)(=O)c1ccccc1,test
2499,A-4179,CC(C)C1CCC(C)CC1OCC(O)CO,validation
2500,A-4180,COc1ccc(C=O)cc1O,validation
2501,A-4181,Cc1ccc(C=O)cc1,test
2502,A-4182,Nc1ccc(O)cc1[N+]([O-])=O,test
2503,A-4184,Oc1ccccc1[N+]([O-])=O,test
2504,A-4185,CC1CC(=CC(C)C1C=O)C,validation
2505,A-4186,CCCCC[C@H]1CCC(=O)O1,test
2506,A-4188,CC(=O)COc1c(C)cccc1C,test
2507,A-4189,COc1ccc(OC)c(N)c1,calibration
2508,A-4192,CC(=O)CC(=O)Nc1ccc(C)cc1C,validation
2509,A-4193,COc1ccc(C)cc1NC(C)=O,validation
2510,A-4197,CC1=NN(C(=O)C1)c2ccccc2,calibration
2511,A-4198,CCCCCCC=O,validation
2512,A-4200,CC(C)(C)OC(=O)C=C,calibration
2513,A-4202,CC(O)C(=O)N(C)C,test
2514,A-4203,[NH4+].OCC([O-])=O,validation
2515,A-4204,OC(=O)c1cccc2cccc(c3cccc4cccc(C(O)=O)c34)c12,calibration
2516,A-4205,CC(C)COC(=O)C=C,validation
2517,A-4206,CC(CC=O)c1ccccc1,test
2518,A-4207,Cc1cc(O)ccc1N,calibration
2519,A-4211,COC(=O)C(=O)c1ccccc1,calibration
2520,A-4215,[Na+].[Na+].Nc1ccc2c([O-])c(N=Nc3ccc(cc3)N=Nc4ccc(cc4)[S]([O-])(=O)=O)c(cc2c1)[S](O)(=O)=O,test
2521,A-4216,[Cl].COc1cc(CN)ccc1O,test
2522,A-4217,[Na+].[Na+].CC1=NN(C(=O)C1N=Nc2cc(NC(=O)C(Br)=C)ccc2[S]([O-])(=O)=O)c3cc(Cl)c(cc3Cl)[S]([O-])(=O)=O,test
2523,A-4218,[Na+].[Na+].[Na+].[Na+].[Na+].[Na+].[O-][S](=O)(=O)c1ccc(Nc2nc(Cl)nc(NCCNc3ccc4N=C5C(=C6Oc7c(ccc(NCCNc8nc(Cl)nc(Nc9ccc(cc9[S]([O-])(=O)=O)[S]([O-])(=O)=O)n8)c7[S]([O-])(=O)=O)N=C6C(=C5Oc4c3[S]([O-])(=O)=O)Cl)Cl)n2)c(c1)[S]([O-])(=O)=O,test
2524,A-4221,CC(O)CN.OC(=O)CC(O)(CC(O)=O)C(O)=O,calibration
2525,A-4223,Cc1c(O)cccc1O,test
2526,A-4224,CC(C)(O)C=C,test
2527,A-4225,[Li+].[Li+].[O-]C(=O)CCCCC([O-])=O,calibration
2528,A-4226,[Li+].[Li+].[O-]C(=O)CCCCCCCCC([O-])=O,calibration
2529,A-4227,[Li+].[Li+].[O-]C(=O)CCCCCCCC([O-])=O,test
2530,A-4228,Nc1ccc2C(=O)C(=N/Nc3ccc(cc3)N=Nc4ccc(cc4)[S](O)(=O)=O)\C(=Cc2c1)[S](O)(=O)=O.OCCN(CCO)CCO.OCCN(CCO)CCO,validation
2531,A-4232,[Na+].[Na+].Oc1c2ccc(Nc3nc(Cl)nc(Cl)n3)cc2cc(c1N=Nc4ccc(cc4)[S](=O)(=O)CCO[S]([O-])(=O)=O)[S]([O-])(=O)=O,test
2532,A-4236,CCN(CC)CCCNc1nc(NCCCN(CC)CC)nc(Nc2ccc3c(O)c(N=Nc4ccc5NC(=O)Nc5c4)c(cc3c2)[S](O)(=O)=O)n1.CC(O)C(O)=O,calibration
2533,A-4237,[Sn++].[O-][S]([O-])(=O)=O,calibration
2534,A-4238,COc1cc(Nc2c(cnc3cc(OCCCN4CCN(C)CC4)c(OC)cc23)C#N)c(Cl)cc1Cl,test
2535,A-4240,C/C=N/O,test
2536,A-4241,[Li+].[Br-],test
2537,A-4242,CCC(OCCCOC)OC(C)=O,test
2538,A-4244,[Na+].[Na+].[O-][S](=O)[S]([O-])=O,calibration
2539,A-4246,C\C=C/C=O,calibration
2540,A-4248,CC1OC1C,calibration
2541,A-4249,[Na+].CCCCCCCCCO[S]([O-])(=O)=O,test
2542,A-4250,[Cl-].CCNc1cc2[o+]c3cc(NCC)c(C)cc3c(c2cc1C)c4ccccc4C(=O)OC,test
2543,A-4252,CCOc1ccc(N)cc1,test
2544,A-4254,Clc1ccccc1C(=O)CC#N,test
2545,A-4257,CC(=O)CC(=O)OCCOC(=O)C(C)=C,calibration
2546,A-4258,O=C1OCc2ccccc12,test
2547,A-4259,CC1=NN(C(=N)C1)c2cccc(c2)[S](O)(=O)=O,calibration
2548,A-4260,O=C1CCN(CC1)Cc2ccccc2,calibration
2549,A-4264,COC(=O)\C=C(/C)N,validation
2550,A-4265,F.[Na].[MgH2].O=[Si]=O,test
2551,A-4267,Nc1ccc(cc1)N(CCO)CCO.O[S](O)(=O)=O,test
2552,A-4268,[NH4+].[NH4+].[Zn++].[Zn++].[O-]C([O-])=O.[O-]C([O-])=O.[O-]C([O-])=O,calibration
2553,A-4269,[Na+].[Na+].[SH-],validation
2554,A-4270,[Ni++].CC([O-])=O.CC([O-])=O,calibration
2555,A-4271,OC(C(F)(F)F)C(F)(F)F,validation
2556,A-4274,[Na+].[Na+].[Na+].OC(=O)C1=CC(CC=C1O)(Nc2nc(NC3(CC=C(O)C(=C3)C(O)=O)[S]([O-])(=O)=O)nc(NC4(CC=C(O)C(=C4)C(O)=O)[S]([O-])(=O)=O)n2)[S]([O-])(=O)=O,validation
2557,A-4276,[Ca++].[O-]C=O.[O-]C=O,test
2558,A-4277,CC(=O)OCCOC(C)=O,validation
2559,A-4278,[Na+].[Na+].Nc1c2C(=O)c3ccccc3C(=O)c2c(Nc4ccc(cc4)[S](=O)(=O)CCO[S]([O-])(=O)=O)cc1[S]([O-])(=O)=O,test
2560,A-4281,[O--].[O--].[O--].[As+3].[As+3],test
2561,A-4282,[Na+].[Na+].[O-][S](=O)(=O)c1ccccc1\C=C/c2ccc(cc2)c3ccc(cc3)\C=C/c4ccccc4[S]([O-])(=O)=O,test
2562,A-4283,ClC(Cl)(Cl)C(=O)C(Cl)(Cl)Cl,calibration
2563,A-4285,CCCCO[P](O)(=O)OCCCC,test
2564,A-4286,COC=C,calibration
2565,A-4287,CCOCCOC(=O)C(C)=C,test
2566,A-4291,CCOC(=O)C(Cl)C(C)=O,calibration
2567,A-4293,[Na+].[Na+].[Na+].CCN1C(=O)C(=N/Nc2cc(Nc3nc(Cl)nc(Nc4ccc(c(Nc5nc(N)nc(Cl)n5)c4)[S]([O-])(=O)=O)n3)c(cc2[S]([O-])(=O)=O)[S]([O-])(=O)=O)\C(=C(C(N)=O)C1=O)C,calibration
2568,A-4296,CCN(CC)CC(C)O,validation
2569,A-4301,CC(N)=S,validation
2570,A-4303,COCC(C)OC(C)=O,validation
2571,A-4304,[NH4+].[Na+].COc1cc(c(C)cc1NC(=O)C(N=Nc2ccc(cc2)c3sc4c(ccc(C)c4[S]([O-])(=O)=O)n3)C(C)=O)[S]([O-])(=O)=O,calibration
2572,A-4305,CCCCOCCOCCOCOCCOCCOCCCC,calibration
2573,A-4306,CC1OC(=O)C(C)OC1=O,validation
2574,A-4307,ClCBr,test
2575,A-4308,NC(=O)c1ccccc1N,calibration
2576,A-4312,CC\C=C/CCO,test
2577,A-4316,COC1CCC=CO1,validation
2578,A-4318,[H+].[Cl-].Cc1ncc(CO)c(CO)c1O,calibration
2579,A-4321,[Na+].[Na+].[Na+].[Na+].OO.OO.OO.[O-]C([O-])=O.[O-]C([O-])=O,calibration
2580,A-4322,CCCCCCCCCc1ccc(OCCOCCO)cc1,calibration
2581,A-4323,NC(N)=N.SC#N,validation
2582,A-4324,[Na+].CCCCCCCCCCCCO[S]([O-])(=O)=O,test
2583,A-4325,CC(C)C(N1CCCNC1=O)C(O)=O,test
2584,A-4326,CC(=O)OC(C=C)C#N,validation
2585,A-4329,CC1CCCCC1O,validation
2586,A-4334,CC(O)COc1ccccc1,test
2587,A-4335,CN(CC(O)=O)C(N)=N,test
2588,A-4336,Cc1ccccc1N,validation
2589,A-4337,CCCCC(CC)COCCCN,calibration
2590,A-4339,CC(C)CC=O,calibration
2591,A-4342,[Cl-].N[C@@H](Cc1[nH]cnc1)C(O)=O.[H+],test
2592,A-4344,[Na+].[Na+].[Na+].[Na+].[Na+].[O-][P]([O-])(=O)O[P]([O-])(=O)O[P]([O-])([O-])=O,validation
2593,A-4348,[Na+].O[C@H](C[O-])[C@H]1OC(=C(O)C1=O)O,validation
2594,A-4349,COCCOC(=O)C=C,calibration
2595,A-4350,[H+].[Cl-].NNc1ccc(cc1)[S](N)(=O)=O,test
2596,A-4351,CN(C)C(N)=O,test
2597,A-4352,[K+].[Au+].[C-]#N.[C-]#N,test
2598,A-4353,[Na+].[Na+].[Na+].[Na+].[Na+].[Na+].[Na+].[Na+].[Na+].[Na+].[O-][S](=O)(=O)c1ccc(cc1)N=Nc2ccc(cc2)N=Nc3ccc(\C=C\c4ccc(cc4[S]([O-])(=O)=O)N=Nc5ccc(cc5)N=Nc6ccc(cc6)[S]([O-])(=O)=O)c(c3)[S]([O-])(=O)=O.[O-][S](=O)(=O)c7ccc(cc7)N=Nc8ccc(cc8)N=Nc9ccc(/C=C/c%10ccc(cc%10[S]([O-])(=O)=O)N=Nc%11ccc(\C=C\c%12ccc(cc%12[S]([O-])(=O)=O)N=Nc%13ccc(cc%13)N=Nc%14ccc(cc%14)[S]([O-])(=O)=O)c(c%11)[S]([O-])(=O)=O)c(c9)[S]([O-])(=O)=O,validation
2599,A-4356,OC(C(O)=O)c1ccccc1,test
2600,A-4359,CC1(C)NC(=O)NC1=O,calibration
2601,A-4361,[Na+].[Na+].[Na+].[Na+].OCCNc1nc(Nc2cccc(c2)[S](O)(=O)=O)nc(Nc3ccc(\C=C\c4ccc(Nc5nc(NCCO)nc(Nc6cccc(c6)[S](O)(=O)=O)n5)cc4[S](O)(=O)=O)c(c3)[S](O)(=O)=O)n1,validation
2602,A-4364,O[P](O)(=O)c1ccccc1,validation
2603,A-4367,[Na+].[Na+].CC1=NN(C(=O)C1N=Nc2ccccc2C([O-])=O)c3ccc(cc3)[S]([O-])(=O)=O,validation
2604,A-4371,[Na+].[O-][S](=O)(=O)c1ccc(Nc2nc(Cl)nc(Cl)n2)cc1,calibration
2605,A-4372,CCCCCCCCCc1ccccc1O.CC2CO2.OCCNCCO.C=O,test
2606,A-4374,[Cl-].CCN(CC)c1ccc2C=C(C(=O)Oc2c1)c3n(C)c4ccccc4[n+]3C,test
2607,A-4376,CC(C)CC(C)=O,test
2608,A-4377,COc1ccccc1N,validation
2609,A-4379,C=COCCOCCOC=C,test
2610,A-4383,[Na+].[Na+].[Na+].CN(c1ccc2c(c1)C=C(/C(=N/Nc3ccccc3[S]([O-])(=O)=O)C2=O)[S]([O-])(=O)=O)c4nc(Cl)nc(Nc5cccc(c5)[S]([O-])(=O)=O)n4,validation
2611,A-4386,[Cu++].[O-][N+]([O-])=O.[O-][N+]([O-])=O,calibration
2612,A-4392,[nH]1cccn1,calibration
2613,A-4393,CCN(CC[N+](C)(C)CC(C)O)c1ccc(cc1)N=Nc2ccc(cc2Cl)[N+]([O-])=O.CC([O-])=O,test
2614,A-4394,[Cl-].CCN(CC[N+](C)(C)CC(C)O)c1ccc(cc1)N=Nc2ccc(cc2Cl)[N+]([O-])=O,test
2615,A-4395,[Cu++].[O-]C(=O)C1CCC(=O)N1.[O-]C(=O)C2CCC(=O)N2,calibration
2616,A-4396,[Na+].[Na+].COc1cc(ccc1NC(=O)Nc2ccc(cc2OC)N=Nc3cccc(c3)[S]([O-])(=O)=O)N=Nc4cccc(c4)[S]([O-])(=O)=O,validation
2617,A-4400,CC(CO)OC(=O)C(C)=C,test
2618,A-4401,Cc1ccc2OCC(=O)COc2c1,calibration
2619,A-4402,CCOC(=O)c1ccnc(c1)C(=O)OCC,test
2620,A-4404,[Na+].[Na+].[K].[K].OCCN(CCO)c1nc(Nc2ccccc2)nc(Nc3ccc(\C=C\c4ccc(Nc5nc(Nc6ccccc6)nc(n5)N(CCO)CCO)cc4[S]([O-])(=O)=O)c(c3)[S]([O-])(=O)=O)n1,test
2621,A-4405,CC(C)(O)C(=O)c1ccccc1,test
2622,A-4406,CC1=CCC2C(C1)C(=O)OC2=O,test
2623,A-4407,CCCCC(CC)CO.O[P](O)(O)=O,test
2624,A-4411,CCC(C)C=O,test
2625,A-4412,CC(C)CN(CC(C)C)C=O,test
2626,A-4414,CN1C(=C(NC=O)C(=O)N(C)C1=O)N,validation
2627,A-4415,[Na+].[Na+].[Na+].CCN(c1ccccc1)c2nc(Cl)nc(Nc3cc(cc4C=C(\C(=N/Nc5ccc(C)cc5[S]([O-])(=O)=O)C(=O)c34)[S]([O-])(=O)=O)[S]([O-])(=O)=O)n2,test
2628,A-4416,C=CCOCC1CO1,test
2629,A-4423,CCOC(=O)CC1(C)OCCO1,test
2630,A-4424,[Li+].[Li+].[Na+].[Na+].COc1cc(ccc1N\N=C/2C(=O)c3c(O)cc(cc3C=C2[S]([O-])(=O)=O)[S]([O-])(=O)=O)N(O)\N=C\4C=CC(=N\N=C\5C(=O)c6c(O)cc(cc6C=C5[S]([O-])(=O)=O)[S]([O-])(=O)=O)\C(=C4)OC,validation
2631,A-4426,[K+].[O-][V](=O)=O,test
2632,A-4427,[La],validation
2633,A-4428,[Li+].[Li+].[Na+].[Na+].Nc1c(N=Nc2ccc(cc2)[S](=O)(=O)CCO[S]([O-])(=O)=O)c(cc3C=C(\C(=N/Nc4cc(Nc5nc(F)nc(F)c5Cl)ccc4[S]([O-])(=O)=O)C(=O)c13)[S]([O-])(=O)=O)[S]([O-])(=O)=O,validation
2634,A-4429,[Na+].[Na+].[Na+].[Na+].[O-][S](=O)(=O)OCC[S](=O)(=O)c1ccc(N\N=C/2C(=O)c3c(Nc4nc(Cl)nc(Nc5cccc(c5)[S]([O-])(=O)=O)n4)cc(cc3C=C2[S]([O-])(=O)=O)[S]([O-])(=O)=O)cc1,test
2635,A-4430,COC(=O)CCC(=O)OC,calibration
2636,A-4433,O=C(OCC1CO1)C2CC=CCC2C(=O)OCC3CO3,validation
2637,A-4434,[Ca++].CC(=O)[CH-]C(C)=O.CC(=O)[CH-]C(C)=O,test
2638,A-4435,[Na+].[Na+].[O-][S](=O)(=O)C1=CC(=O)C2=C(NNc3ccc(NC(=O)C(Br)=C)cc3[S]([O-])(=O)=O)C(=N)C=CC2=C1,validation
2639,A-4436,Oc1ccc(cc1O)C#N,calibration
2640,A-4437,CC(=C)C(=O)OCCOCCOCCOCCOC(=O)C(C)=C,validation
2641,A-4438,Nc1ccc(cc1)[S](O)(=O)=O,test
2642,A-4439,COC1CCCC1,test
2643,A-4440,Nc1ccc(cc1N)[S](O)(=O)=O,test
2644,A-4442,O=N\C=C/1NC=CC=C1,calibration
2645,A-4444,O=C1NC(=O)C2CC=CCC12,validation
2646,A-4445,CC1=CC(=O)CC(C)(C)C1,test
2647,A-4446,Cc1cccc(N)c1,calibration
2648,A-4449,CCN(CC)c1ccc(cc1)C(c2ccc(cc2)N(CC)CC)c3c4cc(ccc4ccc3[S](O)(=O)=O)[S](O)(=O)=O,validation
2649,A-4450,CCC(C)(C)O,test
2650,A-4451,[Rh+3].[O-][N+]([O-])=O.[O-][N+]([O-])=O.[O-][N+]([O-])=O,calibration
2651,A-4453,NC(N)=S,test
2652,A-4456,[Li+].[Na+].[Na+].[O-][S](=O)(=O)c1cc(NC(=O)c2ccccc2)c3C(=O)C(=N/Nc4ccc5c(CNc6nc(F)nc(F)c6Cl)cccc5c4[S]([O-])(=O)=O)/C(=Cc3c1)[S]([O-])(=O)=O,validation
2653,A-4458,Oc1cccc(O)c1,calibration
2654,A-4459,[Cl-].CCCCCCCCCCCCCCCC[n+]1ccccc1,test
2655,A-4461,CCC(CO)(CO)COCC=C,calibration
2656,A-4462,CSCCC(O)C#N,test
2657,A-4463,CC(C)=CC=O,test
2658,A-4464,[Li+].[OH-],test
2659,A-4465,CC(C)CC(C)(O)C#C,test
2660,A-4466,O=CC1CCC=CC1,calibration
2661,A-4468,O=C1CC(=O)NC(=O)N1,validation
2662,A-4470,OCCCCCCCl,test
2663,A-4471,N#CCCCCCCC#N,validation
2664,A-4472,CC(C)C1(C)N=C(NC1=O)c2ncccc2C(O)=O,test
2665,A-4474,CC\C=C/C#N,test
2666,A-4477,C1C[NH+]=C(N1)c2ccccc2,calibration
2667,A-4478,OCC1CCC2C3CC(CC3CO)C12,test
2668,A-4479,O[C@@H](C(O)=O)c1ccccc1,validation
2669,A-4480,COC1OC(CO)C(O)C(O)C1O,test
2670,A-4483,OCC#CCO.ClCC1CO1,test
2671,A-4484,CC1CCOC1,test
2672,A-4485,[Cr+3].[O-][N+]([O-])=O.[O-][N+]([O-])=O.[O-][N+]([O-])=O,test
2673,A-4486,CC(O)SC=C,test
2674,A-4487,[Na+].[Na+].Nc1ccc(N=Nc2ccc(cc2)N=Nc3c(N)c4C(=O)C(=N/Nc5ccccc5)/C(=Cc4cc3[S]([O-])(=O)=O)[S]([O-])(=O)=O)c(N)c1,validation
2675,A-4488,[Na+].[Na+].OC(=O)CN(CCN(CC(O)=O)CC([O-])=O)CC([O-])=O,calibration
2676,A-4489,C[N+]([O-])=O,validation
2677,A-4490,[Sm+3].[O-][N+]([O-])=O.[O-][N+]([O-])=O.[O-][N+]([O-])=O,calibration
2678,A-4492,CCC(C)(O)C#C,calibration
2679,A-4493,NNC(=O)CCCCC(=O)NN,validation
2680,A-4495,COCCOC,calibration
2681,A-4496,C1COCCO1,test
2682,A-4498,CN1CCCC1=O,calibration
2683,A-4499,CNC(N)=O,calibration
2684,A-4500,OCCSCCO,test
2685,A-4501,O.OC(=O)CC(O)(CC(O)=O)C(O)=O,test
2686,A-4503,OCCOCCO,validation
2687,A-4504,CC(=C)C(=O)OCCN1CCNC1=O,calibration
2688,A-4505,[H+].[Cl-].CN(C)C(C)(C)CO,test
2689,A-4507,NCCNCCO,test
2690,A-4508,CN(CCO)CCO,validation
2691,A-4509,OCCOCCOCCO,validation
2692,A-4510,OCCN(CCO)CCO,test
2693,A-4511,OCCCl,validation
2694,A-4512,OC(=O)CC#N,test
2695,A-4513,OCCOC(=O)C=C,test
2696,A-4514,CC(O)C#N,test
2697,A-4515,CC(C)(O)C#C,validation
2698,A-4516,CC(C)(C)N,test
2699,A-4517,CC(C)(C)O,validation
2700,A-4518,Cc1ccccn1,test
2701,A-4519,OCCS,test
2702,A-4520,CN(C)CCCO,test
2703,A-4521,CO[S]([O-])(=O)=O.C[n+]1ccn(C=C)c1,validation
2704,A-4522,Oc1ccc(cc1)[S](O)(=O)=O,validation
2705,A-4523,OCCCCOC(=O)C=C,test
2706,A-4524,CN(C)C(C)=O,test
2707,A-4525,CC(NC=O)C#N,test
2708,A-4526,CCNCC,test
2709,A-4527,CNC(C)=O,calibration
2710,A-4528,C1CN1,calibration
2711,A-4529,CCC(O)CO,test
2712,A-4530,C[C@@H](O)[C@H](C)O,test
2713,A-4531,NC1CCCCC1,test
2714,A-4532,NC1CC1,test
2715,A-4533,ClC(=O)C(Cl)=O,validation
2716,A-4534,NC=O,validation
2717,A-4535,C[S](O)(=O)=O,validation
2718,A-4536,COC(=O)COCO,validation
2719,A-4537,CNN,test
2720,A-4538,O=C1CCCCO1,test
2721,A-4539,CCCC(O)CO,calibration
2722,A-4540,OCCCCCO,validation
2723,A-4544,CC(N)CN,test
2724,A-4545,CCC(O)=O,validation
2725,A-4546,[Na+].[O-]C(=O)C(Cl)(Cl)Cl,calibration
2726,A-4547,[Na+].[Na+].[Na+].[Na+].CC(O)CN(CC(C)O)c1nc(Nc2ccc(cc2)[S]([O-])(=O)=O)nc(Nc3ccc(/C=C/c4ccc(Nc5nc(Nc6ccc(cc6)[S]([O-])(=O)=O)nc(n5)N(CC(C)O)CC(C)O)cc4[S]([O-])(=O)=O)c(c3)[S]([O-])(=O)=O)n1,test
2727,A-4548,[I-].CCCC[N+](C)(CCCC)CCCC,test
2728,A-4549,OC(=O)C(F)(F)F,calibration
2729,A-4551,O=[S]1(=O)CCCO1,test
2730,A-4553,[Na+].[Na+].Nc1ccc(\C=C\c2ccc(N)cc2[S]([O-])(=O)=O)c(c1)[S]([O-])(=O)=O,validation
2731,A-4556,[Y+3].CC([O-])=O.CC([O-])=O.CC([O-])=O,test
2732,A-4557,Nc1cccc(c1)[S](O)(=O)=O,validation
2733,A-4558,COc1ccc2nccc(C(O)C3CC4CCN3CC4C=C)c2c1.O[S](O)(=O)=O,calibration
2734,A-4559,OC(=O)c1cc(Br)nn1c2ncccc2Cl,calibration
2735,A-4560,CCC(C)(C)OC,validation
2736,A-4567,CC(=O)C(O)c1ccccc1,test
2737,A-4569,N.N.OC(O)=O,calibration
2738,A-4570,COC(OC)OC,validation
2739,A-4571,OCC(CBr)(CBr)CBr,test
2740,A-4572,Nc1cc(Cl)c(Cl)cc1[S](O)(=O)=O,test
2741,A-4576,[nH]1ccnc1c2ccccc2,calibration
2742,A-4577,[Sr].OC(C(O)C(O)=O)C(O)=O,calibration
2743,A-4579,OCCNc1ccccc1[N+]([O-])=O,test
2744,A-4580,Cc1oncc1C([O-])=O,test
2745,A-4582,CC1CC=C(C)C(=O)C1C,test
2746,A-4584,[Mn++].CCCCC(CC)C(O)=O,test
2747,A-4587,CCCCC(CC)COCC(O)CO,test
2748,A-4588,NC(=O)c1ccc(Cl)c(N)c1,test
2749,A-4589,COc1cc(N[S](=O)(=O)c2ccccc2)c3C(=O)c4ccccc4C(=O)c3c1N,calibration
2750,A-4591,C1OC1COc2cccc(c2)N(CC3CO3)CC4CO4,validation
2751,A-4592,c1ccccc1,test
2752,A-4593,CC1(C)CC(CC(C)(C)N1)NCCCCCCNC2CC(C)(C)NC(C)(C)C2,test
2753,A-4597,CC(C)CC(C)(O)C#CC(C)(O)CC(C)C,test
2754,A-4598,CCCCOC(=O)C=C,calibration
2755,A-4600,CCCCOCc1ccc(O)c(OC)c1,test
2756,A-4601,[H+].[Cl-].Nc1cc(Cl)ccc1Cl,test
2757,A-4602,[Na+].[Na+].CCCCCCCCCCCC(=O)O[C@@H](C)C[S]([O-])(=O)=O.CCCCCCCCCCCC(=O)O[C@H](C)C[S]([O-])(=O)=O,calibration
2758,A-4604,Nc1scc(CC(O)=O)n1,calibration
2759,A-4605,N#CC1(CC[NH+](CC1)Cc2ccccc2)[NH+]3CCCCC3,validation
2760,A-4606,CCN(CC)c1cccc(O)c1,test
2761,A-4607,[O-][N+](=O)OCC(CO[N+]([O-])=O)O[N+]([O-])=O,test
2762,A-4610,COC(=O)C=C1CCCC1,test
2763,A-4613,C[P](=O)(Oc1ccccc1)Oc2ccccc2,calibration
2764,A-4616,Fc1ccccc1,validation
2765,A-4617,[Na+].CCCCCCCCCCCCCCCCCO[S]([O-])(=O)=O,calibration
2766,A-4620,NCC(F)F,test
2767,A-4623,CC(=O)OCC1OC(OC(C)=O)C(OC(C)=O)C(OC(C)=O)C1OC(C)=O,test
2768,A-4624,CC(C)(CO)Cc1ccccc1,test
2769,A-4625,C1OC1c2ccccc2,validation
2770,A-4627,CC(C)(C)OOC(=O)C(C)(C)C,calibration
2771,A-4628,CCO[Si](OCC)(OCC)OCC,validation
2772,A-4629,CC\C=C/CC1=C(C)CCC1=O,calibration
2773,A-4630,Clc1ccccc1C=O,test
2774,A-4631,CCC(C)c1ccccc1O,test
2775,A-4634,CCCCCCCCN(CCO)CCO,calibration
2776,A-4639,OC(=O)c1cc(cc(c1)[N+]([O-])=O)C(O)=O,calibration
2777,A-4641,[Na+].Cc1ccc(cc1)[S](=O)(=O)Oc2ccc(Nc3cc(c(N)c4C(=O)c5ccccc5C(=O)c34)[S]([O-])(=O)=O)cc2,validation
2778,A-4642,CCOC(=O)N[S](=O)(=O)c1ccc(C)cc1,validation
2779,A-4644,[Ca++].CCCCCCCCC([O-])=O.CCCCCCCCC([O-])=O,validation
2780,A-4645,CCOC(OCC)OCC,validation
2781,A-4647,[Li+].[F-],test
2782,A-4648,CCCCCCCCC(=O)N(C)C,calibration
2783,A-4649,Cc1cc(ccc1N=C=O)c2ccc(N=C=O)c(C)c2,validation
2784,A-4652,CC(=O)\C=C\c1ccccc1,test
2785,A-4654,Oc1ccc(cc1)C2NC(=O)NC2=O,test
2786,A-4655,[Na+].CCCCCCCCCCCC(=O)OCC[S]([O-])(=O)=O,test
2787,A-4658,Nc1ccc(NCCO)c(c1)[N+]([O-])=O,calibration
2788,A-4659,CC(O)CC(C)(C)c1ccccc1,calibration
2789,A-4661,Oc1cccc2ccccc12,calibration
2790,A-4662,Nc1cccc(Cl)c1Cl,test
2791,A-4663,Cc1ccc(Cl)cc1N,calibration
2792,A-4664,CC(=O)N(CCN(C(C)=O)C(C)=O)C(C)=O,test
2793,A-4665,CC(C)C1CCC(C)CC12OCC(CO)O2,validation
2794,A-4666,[Na+].[Na+].CC(C)(c1ccc(O[S](=O)(=O)c2cccc(NNC3=C4C(=O)C=C(C=C4C=CC3=N)[S](O)(=O)=O)c2)cc1)c5ccc(O[S](=O)(=O)c6cccc(NNC7=C8C(=O)C=C(C=C8C=CC7=N)[S](O)(=O)=O)c6)cc5,calibration
2795,A-4667,CCOC(=O)Cc1ccccc1,test
2796,A-4668,[N-]=[N+]=O,test
2797,A-4669,[Na+].Cc1cc(Nc2cc(c(N)c3C(=O)c4ccccc4C(=O)c23)[S]([O-])(=O)=O)cc(c1C)[S](=O)(=O)NCCO,calibration
2798,A-4671,CCCCc1[nH]c(Cl)c(C=O)n1,validation
2799,A-4676,CC\C=C/CCOC(C)=O,test
2800,A-4678,CCCCN1C(=O)C=C(C)C(=C1O)C#N,calibration
2801,A-4679,CCCc1ccc(O)c(OC)c1,calibration
2802,A-4680,ClCC(Cl)C=C,test
2803,A-4682,[Li+].[Li+].[Li+].[F-].[F-].[F-].[F-].[F-].[F-].[Al+3],test
2804,A-4683,CCCCCCCCN1CCCC1=O,calibration
2805,A-4684,CCC(C)C\C(CC)=N\O,test
2806,A-4685,[Br-].C[N+](C)=C1OCCC1(c2ccccc2)c3ccccc3,test
2807,A-4688,FC(F)(F)C(Br)=C,calibration
2808,A-4689,COc1ccc(CC(C)C=O)cc1,calibration
2809,A-4690,CC(C)(C)CC(C)(C)NC(=O)C=C,test
2810,A-4691,FCC(F)(F)F,calibration
2811,A-4695,Cc1cc(N)c(cc1Cl)[S](O)(=O)=O,validation
2812,A-4699,CCOC(=O)C1OC1(C)c2ccccc2,test
2813,A-4700,O=[Mo](=O)=O,validation
2814,A-4701,[Na+].CCC(=O)Nc1cccc(Nc2cc(c(N)c3C(=O)c4ccccc4C(=O)c23)[S]([O-])(=O)=O)c1,calibration
2815,A-4703,Nc1ccc(Cl)cc1C(F)(F)F,test
2816,A-4704,C[Si](C)(C)N[Si](C)(C)C,validation
2817,A-4707,CC(C)(C)c1ccccc1O,calibration
2818,A-4709,CC(CCCC(C)(C)O)C=C,test
2819,A-4711,CC(Cc1ccc2OCOc2c1)C=O,calibration
2820,A-4712,CCC(C)Cl,test
2821,A-4713,[Pd++].CC([O-])=O.CC([O-])=O,test
2822,A-4714,CC1CCOC(C1)C=C(C)C,test
2823,A-4715,CCCCC(CC)CO,calibration
2824,A-4716,CC\C(C)=C\CCC(C)=O,calibration
2825,A-4717,[Na+].CC/1=CC(=O)C=CC1=N/Nc2ccc(Nc3ccc(cc3[N+]([O-])=O)[S]([O-])(=O)=O)cc2,calibration
2826,A-4718,OC(=O)c1oc(cc1)C(O)=O,test
2827,A-4720,OC(=O)c1cccc(Cl)c1Cl,test
2828,A-4722,Cc1cc(c(N)cc1Cl)[S](O)(=O)=O,test
2829,A-4724,CC(=O)CC(=O)Nc1ccccc1Cl,calibration
2830,A-4725,CC(=O)Oc1ccc(Br)cc1,calibration
2831,A-4730,CCCCC(CC)CO.CCCCC(CC)CC(CC)CO.CCCC(O)C(CC)CO.CCCC(C(CC)CO)C(CC)CO,test
2832,A-4732,Nc1cccc2cccc(N)c12,validation
2833,A-4736,C=CC=C,validation
2834,A-4737,[O-][N+](=O)c1cc(ccc1C#N)C(F)(F)F,calibration
2835,A-4740,[Pb++].[O-]c1c(cc(c([O-])c1[N+]([O-])=O)[N+]([O-])=O)[N+]([O-])=O,calibration
2836,A-4741,CCC\C=C(/CC)C=O,validation
2837,A-4742,CCCCC(CC)C=O,test
2838,A-4743,CC(CC(O)=O)CC(C)(C)C,test
2839,A-4744,CC(=O)CC(=O)Nc1ccc2NC(=O)Nc2c1,test
2840,A-4746,Nc1ccc2NC(=O)Nc2c1,calibration
2841,A-4750,CCCCC1OC(C)CC(C)(C)O1,test
2842,A-4751,CC(C)C(=O)c1ccccc1,test
2843,A-4754,Nc1cc(cc(C(O)=O)c1O)[N+]([O-])=O,test
2844,A-4755,N.N.[Cl-].[Cl-].[Pd++],validation
2845,A-4756,CO[Si](CCC(F)(F)C(F)(F)C(F)(F)C(F)(F)C(F)(F)C(F)(F)F)(OC)OC,test
2846,A-4757,CN[S](=O)(=O)c1cc(OC)c(N)cc1C,test
2847,A-4758,CC(C)(C)c1ccc(O)cc1,calibration
2848,A-4762,ClCC(Cl)C(Cl)=C,test
2849,A-4764,CCOC(=O)C(C)CC,calibration
2850,A-4767,CC(C)(C)C1CCC(=O)CC1,test
2851,A-4768,CC1(C)[C@@H]2CC[C@]1(C)[C@H](O)C2,test
2852,A-4769,Nc1ccc(Cl)c(Cl)c1,test
2853,A-4770,[Mg++].O[P]([O-])([O-])=O,validation
2854,A-4771,CCCCOCCOCCOC(=O)CCCCC(=O)OCCOCCOCCCC,calibration
2855,A-4775,COc1ccc(C)cc1,test
2856,A-4776,C(CNc1cccc2ccccc12)CN3CCOCC3,calibration
2857,A-4778,Oc1ccccc1c2ccccc2,validation
2858,A-4779,CCC(C)(C)c1ccccc1O,test
2859,A-4780,CO[Si](CCCCCC[Si](OC)(OC)OC)(OC)OC,test
2860,A-4782,C[C@@H]1[C@@H](CN)C[C@H]2C[C@@H]1C2(C)C,calibration
2861,A-4785,CC(CCC=C(C)C)C=O,test
2862,A-4786,OC(=O)CN(CCN(CC(O)=O)CC(O)=O)CC(O)=O,test
2863,A-4787,COc1ccc2nccc([C@@H](O)[C@@H]3CC4CCN3C[C@@H]4C=C)c2c1,test
2864,A-4788,COc1ccc2nccc([C@H](O)[C@H]3C[C@@H]4CCN3C[C@@H]4C=C)c2c1,calibration
2865,A-4790,CCCCCCCCCCCC(=O)N(C)CC(O)=O,validation
2866,A-4792,CC(C)COC(=O)[C@H](C)Cl,test
2867,A-4795,C/C(C=O)=C/c1ccccc1,test
2868,A-4798,CC(C)=CC1CC(=C)CCO1,test
2869,A-4801,CCCC(C)C(=O)OCC,test
2870,A-4802,CC(=C)C(=O)OC(C)(C)C,calibration
2871,A-4803,CCCCOC=C,calibration
2872,A-4807,CCCCN[S](=O)(=O)c1ccccc1,test
2873,A-4808,CC1(C)CCCC(C)(O1)C=C,validation
2874,A-4810,CC1=Nc2ccc(cc2C1(C)C)C(O)=O,validation
2875,A-4812,CC1CCCCC1OC(C)=O,test
2876,A-4815,[O-][N+](=O)c1ccccc1Cl,test
2877,A-4816,CCCCC(CC)COC(=O)C(C)O,calibration
2878,A-4817,Brc1ccccc1,test
2879,A-4819,[F-].[F-].[F-].[F-].[F-].[F-].[Na+].[Na+].[Na+].[Al+3],validation
2880,A-4821,Cc1ccc(cc1)[N+]([O-])=O,test
2881,A-4822,COc1cc(CC=C)ccc1OC(C)=O,test
2882,A-4823,CC=C(C)C,test
2883,A-4824,OC[C@@H]1CO[C@](Cn2cncn2)(O1)c3ccc(Cl)cc3Cl,validation
2884,A-4825,CCCCOC(=O)C(C)=C,test
2885,A-4826,COc1ccc(CCC(=O)c2c(O)cc(O[C@@H]3O[C@H](CO)[C@@H](O)[C@H](O)[C@H]3O[C@@H]4O[C@@H](C)[C@H](O)[C@@H](O)[C@H]4O)cc2O)cc1O,test
2886,A-4828,CC(CCO)CC(C)(C)C,validation
2887,A-4829,Oc1cc(Cl)ccc1[N+]([O-])=O,test
2888,A-4830,Clc1ccccc1,test
2889,A-4831,CCOC(=O)N1C(=O)c2ccccc2C1=O,validation
2890,A-4835,CC(CCO)CCc1ccccc1,calibration
2891,A-4836,[Cl-].CCCCCCCCCC[N+](C)(C)CCCCCCCCCC,test
2892,A-4837,Fc1ccc(cc1)C([NH+]2CC[NH2+]CC2)c3ccc(F)cc3,calibration
2893,A-4839,Nc1nc(N)nc(N)n1.O[P](O)(=O)O[P](O)(O)=O,calibration
2894,A-4842,Cc1ccc(NCCO)c(c1)[N+]([O-])=O,test
2895,A-4845,C=COC1CCCCC1,validation
2896,A-4846,C=COCCCCOC=C,test
2897,A-4849,Nc1ccc2cc(cc(O)c2c1)[S](O)(=O)=O,validation
2898,A-4851,[Na+].[Na+].CC1=NN(c2cccc(c2)[S]([O-])(=O)=O)C(=O)C1N=Nc3cc(Cl)c(Cl)cc3[S]([O-])(=O)=O,validation
2899,A-4852,CCc1ccc(CC)cc1.CC(C)c2ccccc2.Cc3ccccc3.Cc4cc(C)cc(C)c4.C5CCc6ccccc6C5.C7Cc8ccccc8C7.C9C=Cc%10ccccc9%10.c%11ccccc%11.c%12ccc%13ccccc%13c%12,validation
2900,A-4853,CCCCC.CCc1ccccc1.Cc2ccccc2.Cc3cccc(C)c3.C4CCCC4,calibration
2901,A-4854,O[S](=O)(=O)c1ccc2nc([nH]c2c1)c3ccccc3,test
2902,A-4858,Cc1ccccc1.C=Cc2ccccc2.c3ccccc3,test
2903,A-4860,[Mn++].[O-]C(=O)C([O-])=O,calibration
2904,A-4862,[Li+].[Li+].[Li+].[O-][P]([O-])([O-])=O,calibration
2905,A-4863,COc1ccc2CCCCc2c1,test
2906,A-4865,Nc1cccc2c(N)cccc12,test
2907,A-4867,CC(O)CCC1CCCCC1,test
2908,A-4869,[Ba++].OC(C(O)C([O-])=O)C([O-])=O,validation
2909,A-4870,CCCCOCOCCCC,calibration
2910,A-4872,O[C@H]([C@H]1C[C@@H]2CCN1C[C@@H]2C=C)c3ccnc4ccccc34,validation
2911,A-4873,[Cl-].CCCCCCCCCCCCCCCC[N+](C)(C)C,calibration
2912,A-4874,CC1(C)COC(=O)C2CC=CCC2C(=O)OC1,calibration
2913,A-4876,CC(C)[C@H]1CC[C@@H](C)CC1O,test
2914,A-4878,COC(=O)C1C(=CCCC1(C)C)C,test
2915,A-4884,CC(C)(C)C#C,validation
2916,A-4885,[Cl-].CCCCCCCCCCCCCC[N+](C)(C)CCCCCCCCCCCCCC,validation
2917,A-4889,CC(C)C(=O)OCCOc1ccccc1,test
2918,A-4890,CC1=C(N2C(SC1)C(N)C2=O)C(O)=O,test
2919,A-4894,Cc1ccc(C(N)=O)c(O)c1,test
2920,A-4896,Clc1ccc2CC(=O)Nc2c1,test
2921,A-4899,CC(Cc1ccccc1)(C=C)C#N,validation
2922,A-4900,CCCCOC(=O)\C=C/C(=O)OCCCC,test
2923,A-4903,N[C@@H](CSSC[C@H](N)C(O)=O)C(O)=O,calibration
2924,A-4905,CCCCC(CC)C(=O)OC,validation
2925,A-4906,C1CCC=CC1,test
2926,A-4907,OCCN1C(=O)Nc2ccccc2C1=O,test
2927,A-4908,CCCCCCC[C@H]1CCC(=O)O1,calibration
2928,A-4909,[Ca++].O[P]([O-])([O-])=O,validation
2929,A-4911,CCCC=C,calibration
2930,A-4913,CCCCC(CC)COCC1CO1,validation
2931,A-4914,O=[P]12OB(O1)O2,calibration
2932,A-4916,OC(Cn1ccnc1)c2ccc(Cl)cc2Cl,test
2933,A-4918,CCCCC(CC)CO[P](O)(=O)OCC(CC)CCCC,test
2934,A-4919,[Na+].[Na+].[O-][S](=O)(=O)c1cc(Nc2nc(Nc3ccccc3)nc(Nc4ccccc4)n2)ccc1\C=C\c5ccc(Nc6nc(Nc7ccccc7)nc(Nc8ccccc8)n6)cc5[S]([O-])(=O)=O,calibration
2935,A-4920,[NH3+]CCCCCCCCCCCC([O-])=O,calibration
2936,A-4921,CC(C)CC1CC(C)CCO1,test
2937,A-4922,C1CN(CCO1)SSN2CCOCC2,validation
2938,A-4923,Fc1cc(Br)cc(F)c1F,test
2939,A-4924,S=C(SN1CCOCC1)N2CCOCC2,test
2940,A-4926,CCC(=O)N(C1CCN(CC1)Cc2ccccc2)c3ccccc3,test
2941,A-4930,Cc1cc(C)c(O)c(c1)C(C)(C)C,validation
2942,A-4931,Cc1cccc2NC(=S)Nc12,calibration
2943,A-4932,[Na+].[Na+].[Na+].[Na+].[Na+].CCCCCCCCCCCC(O)=O.CCCCCCCCCCCC([O-])=O.CCCCCCCCCCCC(=O)OC(C)C([O-])=O.CCCCCCCCCC(O)=O.CCCCCCCCCC([O-])=O.CCCCCCCCCC(=O)OC(C)C([O-])=O.CC(O)C([O-])=O,test
2944,A-4933,CCCCCCCCCCC=O,validation
2945,A-4934,FC(F)(F)c1ccc(Cl)c(Cl)c1,calibration
2946,A-4939,CC(O)COc1ccc(cc1)C(C)(C)c2ccc(OCC(C)O)cc2,test
2947,A-4941,CCC(C)Br,validation
2948,A-4942,CC(C)COC(=O)Cc1ccccc1,test
2949,A-4943,C[C@]12CCC(=O)C=C1CC[C@@H]3[C@@H]2CC[C@@]4(C)[C@H]3CCC4(O)C#CCO,test
2950,A-4944,Cc1ccc(Cl)cc1,test
2951,A-4945,C=CC1CC2CC1C=C2,test
2952,A-4946,CC(C)CCC(C)(O)C#CC(C)(O)CCC(C)C,validation
2953,A-4947,S.[Ni],calibration
2954,A-4948,[Fe+3].[O-][P]([O-])([O-])=O,calibration
2955,A-4952,Nc1cccc(c1)[S](=O)(=O)c2cccc(N)c2,validation
2956,A-4953,CCOC(=O)C1=C(C)C=CCC1(C)C,test
2957,A-4955,CCCCCCCCCCCCCCCCN,test
2958,A-4957,CCCCCCCCCCCCCCCCCCN,calibration
2959,A-4958,[O-][N+](=O)c1cccc(C#N)c1C#N,calibration
2960,A-4959,ClCCN1C(=O)Nc2ccccc2C1=O,validation
2961,A-4960,CC1(C)CCC=C(C1)C(=O)CCC=C,test
2962,A-4961,CCCC[C@H](CC)COCCOCCOC(=O)C=C.CCCC[C@@H](CC)COCCOCCOC(=O)C=C,test
2963,A-4962,[Na+].[Na+].[Cr+3].Cc1nn(c([O-])c1N=Nc2cc(ccc2[O-])[S]([O-])(=O)=O)c3ccccc3.[O-]c4ccc(cc4N=Nc5c([O-])ccc6ccccc56)N=Nc7ccccc7,test
2964,A-4966,CCOC(=C)C1C(C)(C)CC(=O)CC1(C)C,validation
2965,A-4967,[Cl-].C[N+](C)=CCC(O)CC(N)=O,test
2966,A-4968,[O-][N+](=O)c1cc(Cl)cc(Cl)c1,validation
2967,A-4969,SC1CCCCC1,test
2968,A-4971,[S--].[S--].[Sn+4],test
2969,A-4972,Cc1cccc(C)c1NC(=O)C[NH+]2CC[NH2+]CC2,test
2970,A-4973,[Na+].[Na+].[Na+].OC([O-])=O.[O-]C([O-])=O,test
2971,A-4974,N[S](=O)(=O)c1sc(Cl)cc1,validation
2972,A-4975,CC(C)N(C(=O)CO)c1ccc(F)cc1,test
2973,A-4979,[OH-].[Cu++].[Cu++].[O-][P]([O-])([O-])=O,test
2974,A-4980,CCCCCCC(=O)OCC=C,test
2975,A-4982,CCCCCCCc1ccc(O)cc1,test
2976,A-4984,CCCCCCCCCc1ccc(OCC(O)=O)cc1,calibration
2977,A-4985,[Zn++].[Zn++].[Zn++].OC(CC([O-])=O)(CC([O-])=O)C([O-])=O.OC(CC([O-])=O)(CC([O-])=O)C([O-])=O,validation
2978,A-4992,CCCCCCCCCC(C)(C)SSC1=NNC(=S)S1,validation
2979,A-4993,CC(O)C(C)\C=C/C1CC=C(C)C1(C)C,validation
2980,A-4994,[H+].[Cl-].NNC(=O)C(N)CO,validation
2981,A-4997,CC(C)(c1ccc(O)c(CC=C)c1)c2ccc(O)c(CC=C)c2,test
2982,A-4998,CC(C)CC1(C)OCC(CO)O1,calibration
2983,A-4999,F[S](F)(F)(F)(F)F,validation
2984,A-5000,CC(C)CCCCCN(CCCCCC(C)C)CCCCCC(C)C,calibration
2985,A-5003,C1CN(CCC1Nc2ccccc2)Cc3ccccc3,validation
2986,A-5004,OC(=O)C(CCBr)(c1ccccc1)c2ccccc2,validation
2987,A-5005,CC12CCC(=O)C=C1C=CC3C2CCC4(C)C3CCC45CCC(=O)O5,validation
2988,A-5006,[Na+].[Na+].CCCCCCCC\C=C/CCCCCCCCNC(=O)CC(C([O-])=O)[S]([O-])(=O)=O,test
2989,A-5007,CC(=C)C(=O)OCC(F)(F)C(F)(F)C(F)(F)C(F)F,test
2990,A-5010,CC(C)(C)CCCCC(O)=O,validation
2991,A-5012,COCc1ccc(cc1)c2ccc(COC)cc2,test
2992,A-5013,CCCCCCCCCCCCCCOC(=O)OOC(=O)OCCCCCCCCCCCCCC,calibration
2993,A-5014,S=[Fe],test
2994,A-5015,C1C=CC2C3CC(C=C3)C12,validation
2995,A-5016,CC(C)CCCC(C)CCCC(C)=O,test
2996,A-5018,C1CCC\C=C/CC1,test
2997,A-5019,CN(C)C(=S)SSC(=S)N(C)C,calibration
2998,A-5021,CO[Si](CC(C)C)(OC)C(C)C,validation
2999,A-5022,CN1C(C)(C)CC(CC1(C)C)OC(=O)CC(C(CC(=O)OC2CC(C)(C)N(C)C(C)(C)C2)C(=O)OC3CC(C)(C)N(C)C(C)(C)C3)C(=O)OC4CC(C)(C)N(C)C(C)(C)C4,calibration
3000,A-5025,[H+].[Cl-].OC(=O)C1CCNCC1,test
3001,A-5026,CCOC(=O)C1=C(COCCN2C(=O)c3ccccc3C2=O)NC(=C(C1c4ccccc4Cl)C(=O)OC)C,test
3002,A-5027,C=CCOC(=O)CCC1CCCCC1,calibration
3003,A-5028,CCOc1nc(NC)nc(NC(=O)N[S](=O)(=O)c2ccccc2C(=O)OC)n1,calibration
3004,A-5029,[Ca++].[O-]C([O-])=O,test
3005,A-5032,Cc1cc(Cc2ccc(N)c(C)c2)ccc1N,test
3006,A-5033,CCCCNC(=S)N(CCCC)CCCC,test
3007,A-5034,CCCCC(CC)CNCC(CC)CCCC,test
3008,A-5035,Nc1ccc(Cc2ccc(N)c(Cl)c2)cc1Cl,validation
3009,A-5036,CC(O)C(C)(C)\C=C\C1CC=C(C)C1(C)C,test
3010,A-5040,CC(CC(C)(C)C)C[P](O)(=O)CC(C)CC(C)(C)C,test
3011,A-5041,N[S](=O)(=O)c1ccc(NC(=S)Nc2ccc(F)cc2)cc1,test
3012,A-5043,CCOC(=O)c1nn(c2ccc(OC)cc2)c3C(=O)N(CCc13)c4ccc(cc4)N5CCCCC5=O,calibration
3013,A-5045,ON1CC(=O)N=C2C=CC(=CC2=C1c3ccccc3Cl)Cl,test
3014,A-5048,CCCCCC,test
3015,A-5049,NC(NC#N)=NCCCCCCN=C(N)NC#N,test
3016,A-5050,CCC(=O)OC(C)(CCC=C(C)C)C=C,test
3017,A-5051,[Na+].[Na+].[Na+].[Cr+3].Cc1nn(c([O-])c1N=Nc2c([O-])cc(c3ccccc23)[S]([O-])(=O)=O)c4ccccc4.Cc5nn(c([O-])c5N=Nc6c([O-])cc(c7ccccc67)[S]([O-])(=O)=O)c8ccccc8,calibration
3018,A-5053,CCCCCCCCCCCCCCCCCCCCCC[N+](C)(C)C.CO[S]([O-])(=O)=O,test
3019,A-5054,COC1=Cc2ccccc2Nc3ccccc13,calibration
3020,A-5057,CC(C)CCCC(C)CCCC(C)CCCC(C)(O)C=C,test
3021,A-5059,CCN(CC)c1ccc(cc1)[C+](c2ccccc2)c3ccc(cc3)N(CC)CC.O[S]([O-])(=O)=O,calibration
3022,A-5060,CC[C@]12CCC3=C(CCc4cc(OC)ccc34)[C@@H]1CCC2=O,test
3023,A-5061,COC1=CCC2=C(CC[C@@H]3[C@@H]2CC[C@]4(C)[C@@H](O)CC[C@@H]34)C1,validation
3024,A-5063,CCC1(C/C=C2/CCCc3cc(OC)ccc23)C(=O)CCC1=O,calibration
3025,A-5064,[Mn++].[O-]C([O-])=O,test
3026,A-5065,CC(=O)OC1N=C(c2ccccc2Cl)c3cc(Cl)ccc3NC1=O,validation
3027,A-5067,COC1=CCC2=C(CCC3C2CCC4(C)C3CCC4=O)C1,test
3028,A-5069,N(c1ccccc1)c2cccc3ccccc23,calibration
3029,A-5070,O=C(OCCOC(=O)c1ccccc1)c2ccccc2,test
3030,A-5071,O=[Ni],test
3031,A-5072,CC1CCC2(C)C(=CCCC2(C)C1OC=O)C,validation
3032,A-5073,COC(=O)CCc1cc(c(O)c(c1)C(C)(C)C)C(C)(C)C,test
3033,A-5074,C1CC(CC=C1)C2OCC3(CO2)COC(OC3)C4CCC=CC4,test
3034,A-5076,CCC(C)C(C)C(C)CCc1ccc(O)cc1,validation
3035,A-5077,CC[C@]12CC[C@H]3[C@@H](CCC4=C3CC=C(C4)OC)[C@@H]1CCC2=O,validation
3036,A-5078,CC(C)CCCCCCCOC(=O)c1ccc(C(=O)OCCCCCCCC(C)C)c(c1)C(=O)OCCCCCCCC(C)C,validation
3037,A-5079,[OH-].[OH-].[OH-].[Cl-].[Cu++].[Cu++],test
3038,A-5081,[Zn++].CN(C)C([S-])=S.CN(C)C([S-])=S,validation
3039,A-5082,CC(C)CCCC(C)CCCC(C)CCCC(C)=O,test
3040,A-5083,O=[Mn],validation
3041,A-5084,CC(C)C(=O)OC[C@H]1O[C@@](COC(C)=O)(O[C@H]2O[C@H](COC(C)=O)[C@@H](OC(=O)C(C)C)[C@H](OC(=O)C(C)C)[C@H]2OC(=O)C(C)C)[C@@H](OC(=O)C(C)C)[C@@H]1OC(=O)C(C)C,test
3042,A-5086,[Mn],test
3043,A-5088,[F-].[F-].[F-].[La+3],calibration
3044,A-5090,O=C(CC(=O)c1ccccc1)c2ccccc2,test
3045,A-5091,CC1=CC(=N/Nc2ccccc2[N+]([O-])=O)\C(=O)C=C1,test
3046,A-5092,O=[Cu],validation
3047,A-5093,[Fe+3].[Fe+3].[Fe+3].[Fe+3].[O-][P]([O-])(=O)O[P]([O-])([O-])=O.[O-][P]([O-])(=O)O[P]([O-])([O-])=O.[O-][P]([O-])(=O)O[P]([O-])([O-])=O,calibration
3048,A-5094,CCCCCCCCCCCCS[Sn](CCCC)(CCCC)SCCCCCCCCCCCC,validation
3049,A-5095,CCCCCCCCCCCCCCCCCCCCCCOC(=O)CCCCCCCCC(=O)OCCCCCCCCCCCCCCCCCCCCCC,test
3050,A-5096,CC(=O)OC1(CCC2C3CC(=C)C4=CC(=O)CCC4(C)C3CCC12C)C(C)=O,calibration
3051,A-5097,CCCCN(CCCC)C(=S)SCSC(=S)N(CCCC)CCCC,calibration
3052,A-5100,CCOC(=O)c1nn(c2ccc(OC)cc2)c3C(=O)N(CCc13)c4ccc(cc4)[N+]([O-])=O,test
3053,A-5101,CCCCCCCCCCCCCCCCCCOCCCN(C)C,test
3054,A-5103,[Ta],validation
3055,A-5104,COc1ccc(c(O)c1)C(=O)c2ccccc2O,validation
3056,A-5106,O=C1CCCCCN1C(=O)Nc2ccc(Cc3ccc(NC(=O)N4CCCCCC4=O)cc3)cc2,test
3057,A-5107,Cc1ccc(Sc2ccc(cc2)C(=O)c3ccccc3)cc1,test
3058,A-5110,CC(C(C)(C)C)C(C)(C)SSSC(C)(C)C(C)C(C)(C)C,validation
3059,A-5111,[Zn++].[O-][N+]([O-])=O.[O-][N+]([O-])=O,test
3060,A-5112,[Ba++].CC(C)(C)CC(C)(C)CC([O-])=O.CC(C)(C)CC(C)(C)CC([O-])=O,validation
3061,A-5113,[Br-].CCCC[P+](CCCC)(CCCC)CCCC,test
3062,A-5115,NC(CO)CO,test
3063,A-5116,[Ag+].[Ag+].O[S](O)(=O)=O,validation
3064,A-5117,O.O.O.O.[Cl-].[Cl-].[Mn++],test
3065,A-5118,NC(CO)(CO)CO,test
3066,A-5119,[Br-].CC[NH+](CC)CC,test
3067,A-5122,CO[S]([O-])(=O)=O.C[N+](CCO)(CCO)CCO,validation
3068,A-5124,[Na+].[Na+].CCCCCCCCCCCCCCCCc1c(Oc2ccccc2[S]([O-])(=O)=O)cccc1[S]([O-])(=O)=O,test
3069,A-5125,[NH4+].[NH4+].[O-]C(=O)CSSCC([O-])=O,validation
3070,A-5126,OCCCOCC(OCCCO)C(OCCCO)C(OCCCO)C(COCCCO)OCCCO,test
3071,A-5127,CC1=CC(=O)N2NC=NC2=N1,calibration
3072,A-5128,[Na+].[Na+].Nc1ncnc2n(cnc12)[C@@H]3O[C@H](CO[P](O)(=O)O[P]([O-])(=O)O[P](O)([O-])=O)[C@@H](O)[C@H]3O,calibration
3073,A-5129,[Na+].[Na+].CN(CC(O)=O)C(N)=N[P]([O-])([O-])=O,test
3074,A-5130,[Ba++].CCCCC(CC)C([O-])=O.CCCCC(CC)C([O-])=O,test
3075,A-5131,[Na+].OC[C@@H](O)[C@@H](O)[C@H](O)[C@@H](O)[C@@H](O)C([O-])=O,validation
3076,A-5132,[Na+].[Na+].[O-]C(=O)CCC(=O)C([O-])=O,test
3077,A-5133,NCCCCCCCCCCN,test
3078,A-5135,[Na+].[Na+].CC(C)CCCCCCCO.OC(=O)CC(C(O)=O)[S](O)(=O)=O,validation
3079,A-5136,[Na+].[Na+].N[C@@H](CCC([O-])=O)C([O-])=O,test
3080,A-5137,[Zn++].[O-]C(=O)c1ccccc1.[O-]C(=O)c2ccccc2,validation
3081,A-5138,CC1CO1,test
3082,A-5139,CCCCOCNC(=O)C=C,calibration
3083,A-5141,[Br-],calibration
3084,A-5142,[Na+].CCCCCCCCCCCCN(CCC(O)=O)CCC([O-])=O,test
3085,A-5143,[Na+].CCCCCCCC/C=C/CCCCCCCC(=O)N(C)CC([O-])=O,test
3086,A-5145,CC(O)C(=O)NCCO,validation
3087,A-5146,[Ba++].[Ba++].[Ba++].[O-][P]([O-])([O-])=O.[O-][P]([O-])([O-])=O,test
3088,A-5147,OCC1CCCO1,validation
3089,A-5148,CC(=C)C(=O)OCCO.O[P](O)(O)=O,calibration
3090,A-5152,[Na+].[O-][S](=O)(=O)c1ccc(C=C)cc1,validation
3091,A-5154,CC(=O)CC(C)=O,validation
3092,A-5155,COC(=O)CC(=O)OC,calibration
3093,A-5156,[Mg].[Mg].[Mg].OC(=O)CC(O)(CC(O)=O)C(O)=O.OC(=O)CC(O)(CC(O)=O)C(O)=O,validation
3094,A-5157,[Na+].OC[C@@H](O)[C@@H](O)[C@H](O)[C@@H](O)C(O)C([O-])=O,test
3095,A-5160,CN(C)C(=N)N(C)C,test
3096,A-5161,OCC(O)COC(=O)CS,test
3097,A-5162,OCCOCCOCCOCCO,validation
3098,A-5163,CC(CCO)CCO,calibration
3099,A-5164,CC(O)=O.OCCNCCO,test
3100,A-5166,CO,test
3101,A-5167,CC(O)=O.OCCN(CCO)CCO,calibration
3102,A-5168,O=[S]1(=O)CCCC1,validation
3103,A-5169,CC(=C)C(=O)OCCO,test
3104,A-5171,Cl.CNCC(O)c1cccc(O)c1,calibration
3105,A-5172,COC(C)(C)CCO,calibration
3106,A-5173,[Zn++].CCCCO[P]([S-])(=S)OCCCC.CCCCO[P]([S-])(=S)OCCCC,calibration
3107,A-5174,[Na+].[O-][S](=O)(=O)c1ccc(N\N=C2\C(=O)C=Cc3ccccc23)c4ccccc14,test
3108,A-5176,[Zn++].CCCCC(CC)C([O-])=O.CCCCC(CC)C([O-])=O,test
3109,A-5177,[Na+].CCC(C)O[P]([S-])(=S)OC(C)CC,validation
3110,A-5179,CC(C)CCCCCC(=O)NCCCCCC(O)=O,test
3111,A-5182,CCCCCCCCC(O)=O,test
3112,A-5183,OC(=O)c1ccc2cc(O)ccc2c1,validation
3113,A-5184,[Ni][Ni][Ni]=[S]=S,calibration
3114,A-5185,CC(C)(C)c1ccc(C=C)cc1,test
3115,A-5186,Cc1cc(C)cc(c1)C(Cl)=O,validation
3116,A-5187,[OH-].[OH-].[Cu++].[Cu++].[O-]C([O-])=O,test
3117,A-5188,o1c(cnc1c2ccccc2)c3ccccc3,test
3118,A-5189,O=[Mn]=O,calibration
3119,A-5190,CCC(N)(CO)CO,test
3120,A-5191,O[Cr](=O)(=O)O[Cr](O)(=O)=O.c1ccncc1.c2ccncc2,test
3121,A-5193,[NH3+][C@H]1CCCC[C@H]1[NH3+],calibration
3122,A-5194,[Na+].[O-]CCS,test
3123,A-5195,O=C1N(CC2CO2)C(=O)N(CC3CO3)C(=O)N1CC4CO4,test
3124,A-5196,CN(C)Cc1cc(CN(C)C)c(O)c(CN(C)C)c1,test
3125,A-5197,[Cs+].OC=O,test
3126,A-5198,OC(=O)COCCOCC(O)=O,calibration
3127,A-5199,COCNC(=O)C(C)=C,test
3128,A-5201,[Na+].[Na+].[Na+].[Na+].[Na+].[O-]C(=O)CN(CCN(CC([O-])=O)CC([O-])=O)CCN(CC([O-])=O)CC([O-])=O,validation
3129,A-5202,CCCCNC1CC(C)(C)NC(C)(C)C1,calibration
3130,A-5203,NC(N)=O.OC[P+](CO)(CO)CO.O[S]([O-])(=O)=O,test
3131,A-5204,[Na+].[Na+].[Na+].NC(=O)Nc1cc(Nc2nc(N)nc(Cl)n2)ccc1N=Nc3cc4c(cc(cc4[S]([O-])(=O)=O)[S]([O-])(=O)=O)cc3[S]([O-])(=O)=O,test
3132,A-5205,[Na+].[Na+].[O-][Si](=O)O[Si]([O-])=O,test
3133,A-5206,CC(C)(C)OO,calibration
3134,A-5207,[Na+].CC1=NN(C(=O)C1N\N=C\2C=C(C=C(Cl)C2=O)[N+]([O-])=O)c3ccc(cc3)[S]([O-])(=O)=O,calibration
3135,A-5208,O.O.O.O.O.O.[Co++].[O-][N+]([O-])=O.[O-][N](=O)=O,test
3136,A-5209,[Cl-].NC(N)=O.OC[P+](CO)(CO)CO,validation
3137,A-5210,CC(O)CN(CC(C)O)C(=O)CCCCC(=O)N(CC(C)O)CC(C)O,test
3138,A-5211,OC(=O)CCS,test
3139,A-5213,[H+].[Cl-].COC(=O)C(N)CO,test
3140,A-5214,CC1(C)COC(=O)C1O,test
3141,A-5215,[Na+].[Cr+3].Cc1nn(c([O-])c1N=Nc2cc(Cl)c(cc2[O-])[S](N)(=O)=O)c3ccccc3.Cc4nn(c([O-])c4N=Nc5cc(Cl)c(cc5[O-])[S](N)(=O)=O)c6ccccc6,test
3142,A-5216,CN(C)CCOCCN(C)CCO,validation
3143,A-5217,NC#N,calibration
3144,A-5218,NCCN1CCNC1=O,test
3145,A-5219,[Na+].[Na+].[Na+].[Na+].Nc1c(N=Nc2ccc(cc2)[S](=O)(=O)CCO[S]([O-])(=O)=O)c(cc3C=C(/C(=N/Nc4ccc(cc4)[S](=O)(=O)CCO[S]([O-])(=O)=O)C(=O)c13)[S]([O-])(=O)=O)[S]([O-])(=O)=O,validation
3146,A-5225,[Cl-].CC(C)(C)CC(C)(C)c1ccc(OCCOCC[N+](C)(C)Cc2ccccc2)cc1,validation
3147,A-5226,CC(C)(CO)[C@@H](O)C(=O)NCCCO,test
3148,A-5227,CN(C)CCCN1CN(CCCN(C)C)CN(CCCN(C)C)C1,test
3149,A-5228,[Cr].CC([O-])=O,validation
3150,A-5229,C[C@@H]1O[C@@H](O[C@@H]2[C@H](C)O[C@@H](O)[C@@H](O[S](O)(=O)=O)[C@@H]2O[S](O)(=O)=O)[C@@H](O[S](O)(=O)=O)[C@H](O[C@@H]3O[C@@H](C)[C@@H](O[C@@H]4O[C@@H](C)[C@@H](O)[C@@H](O[C@@H]5O[C@@H](C)[C@@H](O)[C@@H](O[S](O)(=O)=O)[C@@H]5O[S](O)(=O)=O)[C@@H]4O[S](O)(=O)=O)[C@@H](O[S](O)(=O)=O)[C@@H]3O[S](O)(=O)=O)[C@@H]1O.OC[C@@H](O)[C@@H](O)[C@H](O)[C@H](O)CO.O[C@@H]6O[C@@H]([C@@H](O[C@@H]7O[C@@H]([C@@H](O)[C@H](O)[C@@H]7O)C(O)=O)[C@H](O)[C@@H]6O)C(O)=O,validation
3151,A-5230,CC(O)CN(CC(C)O)CC(C)O,calibration
3152,A-5231,[Cl-].NCCCC[C@H](N)C(O)=O.[H+],test
3153,A-5232,[Na+].CC(C)(C[S]([O-])(=O)=O)NC(=O)C=C,calibration
3154,A-5233,CC1(O)CC(C)(O)OO1,test
3155,A-5234,NCCNCCNCCNCCNCCN,test
3156,A-5235,CN(C)CCCNC1CC(C)(C)NC(C)(C)C1,calibration
3157,A-5236,[Ni++].O[P](O)([O-])=O.O[P](O)([O-])=O,test
3158,A-5237,[Na+].CC(C)COC(=O)CC(C(=O)OCC(C)C)[S]([O-])(=O)=O,test
3159,A-5238,[Na+].CC(C)CC(C)OC(=O)CC(C(=O)OC(C)CC(C)C)[S]([O-])(=O)=O,calibration
3160,A-5239,[Na+].CCCCC(CC)CO[S]([O-])(=O)=O,calibration
3161,A-5240,[Na+].CCC([O-])=O,validation
3162,A-5241,[Na+].[Na+].[Na+].OC1=CC(=O)\C(C=C1N=Nc2ccc(N=Nc3ccc(Nc4ccc(cc4[S]([O-])(=O)=O)[N+]([O-])=O)cc3)c5c2cccc5[S]([O-])(=O)=O)=N/Nc6ccc(Nc7ccc(cc7[S]([O-])(=O)=O)[N+]([O-])=O)cc6,validation
3163,A-5242,Cc1ccc(cc1)[S](O)(=O)=O.CC2(C)CC(N)CC(C)(CN)C2,test
3164,A-5243,[Na+].[O-]C(=O)C=C,test
3165,A-5244,[OH-].C[N+](C)(C)CCO,test
3166,A-5245,[Na+].[K+].Oc1ccc2ccccc2c1N=Nc3ccc(cc3)N=Nc4cccc(c4)[S](=O)(=O)Nc5ccc6cc(cc(c6c5)[S]([O-])(=O)=O)[S]([O-])(=O)=O,calibration
3167,A-5246,CC(CCN)CC(C)(C)CN,test
3168,A-5247,[Na+].CCCCCCCCO[S]([O-])(=O)=O,validation
3169,A-5248,CCNc1ccc(cc1C)C(c2ccc(NCC)c(C)c2)=C3C=CC(=NCC)C(=C3)C.CC(O)=O,test
3170,A-5249,CCCCCCCCCCCC(=O)NCCC[N+](C)(C)C.CO[S]([O-])(=O)=O,test
3171,A-5251,[Na+].CCCCCCC(CCCC)CO[S]([O-])(=O)=O,test
3172,A-5253,[Na+].[Na+].[Na+].[Na+].[Na+].NC(=O)Nc1cc(Nc2nc(Cl)nc(Nc3cc(N)c(cc3N=Nc4ccc(cc4)[S](=O)(=O)CCO[S]([O-])(=O)=O)[S]([O-])(=O)=O)n2)ccc1N=Nc5cc6c(cc(cc6[S]([O-])(=O)=O)[S]([O-])(=O)=O)cc5[S]([O-])(=O)=O,test
3173,A-5254,[Na+].[Na+].[Na+].[Na+].[Na+].[Na+].[O-][S](=O)(=O)c1ccc(cc1)N=Nc2ccc(N\N=C\3C(=O)c4ccc(NC(=O)Nc5ccc6C(=O)C(=N/Nc7ccc(cc7[S]([O-])(=O)=O)N=Nc8ccc(cc8)[S]([O-])(=O)=O)\C(=Cc6c5)[S]([O-])(=O)=O)cc4C=C3[S]([O-])(=O)=O)c(c2)[S]([O-])(=O)=O,calibration
3174,A-5255,[Li+].CCCCCCCCCCCCO[S]([O-])(=O)=O,calibration
3175,A-5256,[Na+].CCCCCCCCCCO[S]([O-])(=O)=O,calibration
3176,A-5257,[K+].[Fe+3].[O-]C(=O)CN(CCN(CC([O-])=O)CC([O-])=O)CC([O-])=O,validation
3177,A-5258,CCCCCCCC\C=C/CCCCCCCC(=O)N(C)CC(O)=O.OCCN(CCO)CCO,calibration
3178,A-5260,OCC(O)=O,test
3179,A-5261,[H+].[Cl-].CN(C)C(=N)N=C(N)N,test
3180,A-5262,N#CCN(CC#N)CC#N,calibration
3181,A-5263,[K+].CCCCCCCC\C=C/CCCCCCCC(=O)N(C)CC([O-])=O,validation
3182,A-5264,CC(C)OC(C)=O,calibration
3183,A-5265,CC(=O)OCC(=C)COC(C)=O,test
3184,A-5266,Cc1ccccc1O[P](S)(=S)Oc2ccccc2C,test
3185,A-5267,CCCC(CCC)CCCC1COCCN1CCO,test
3186,A-5268,[Na+].CNCC[S]([O-])(=O)=O,test
3187,A-5270,[Al+3].[Cl-].[Cl-].[Cl-].[Cl-].[Cl-].[Cl-].[Cl-].[Ti+4],calibration
3188,A-5273,[Na+].[Na+].Nc1c2C(=O)c3ccccc3C(=O)c2c(Nc4cccc(c4)[S](=O)(=O)CCO[S]([O-])(=O)=O)cc1[S]([O-])(=O)=O,test
3189,A-5274,O[C@@H]1CO[C@@H]2[C@@H](O)CO[C@H]12,validation
3190,A-5276,NCc1ccc(CN)cc1,calibration
3191,A-5277,COC1COC2C(COC12)OC,validation
3192,A-5278,[Na+].[Na+].[O-][S](=O)(=O)c1cc2ccc(nc2c(c1)[S]([O-])(=O)=O)C3C(=O)c4ccccc4C3=O,calibration
3193,A-5279,[NH4+].COc1cc(c(C)cc1NC(=O)CC(C)=O)[S]([O-])(=O)=O,test
3194,A-5280,[Na+].[Na+].[Na+].[Na+].Oc1cc(O)c(cc1N=Nc2ccc(Nc3ccc(cc3[S]([O-])(=O)=O)[N+]([O-])=O)cc2)N=Nc4cc(cc5cc(c(N=Nc6ccc(Nc7ccc(cc7[S]([O-])(=O)=O)[N+]([O-])=O)cc6)c(O)c45)[S]([O-])(=O)=O)[S]([O-])(=O)=O,test
3195,A-5281,[Na+].[Na+].[O-][S](=O)(=O)c1cccc(c1)N=Nc2ccc(N=Nc3ccc(Nc4ccccc4)c5c3cccc5[S]([O-])(=O)=O)c6ccccc26,calibration
3196,A-5282,CCCCCCCCCCCCN(CCCN)CCCN,test
3197,A-5283,COc1cc(ccc1NC(=O)c2ccc(cc2)N=Nc3c(O)nc(NC#N)nc3[O-])N=Nc4ccc5cc(cc(c5c4)[S]([O-])(=O)=O)[S]([O-])(=O)=O.OCC[NH+](CCO)CCO.OCC[NH+](CCO)CCO.OCC[NH+](CCO)CCO,validation
3198,A-5284,[Na+].CC(C)CCCCCCCOC(=O)CC(C(=O)OCCCCCCCC(C)C)[S]([O-])(=O)=O,test
3199,A-5285,[H+].[Cl-].CC(C)(N=NC(C)(C)C(N)=N)C(N)=N,validation
3200,A-5290,[Cl-].COC[P+](c1ccccc1)(c2ccccc2)c3ccccc3,test
3201,A-5291,[NH4+].[Cl-].[Cl-].[Cl-].[Cl-].[Au+3],calibration
3202,A-5293,[Ca++].[O-][PH]([O-])=O,validation
3203,A-5295,N.N.N.N.[Pd++].CC([O-])=O.CC([O-])=O,validation
3204,A-5299,CC(CO)(CO)C=O,calibration
3205,A-5300,NCCNCCNCCN.NCCN(CCN)CCN,validation
3206,A-5301,NCCNCCNCCNCCN.NCCNCCN(CCN)CCN,test
3207,A-5303,CN(C)CCCN,validation
3208,A-5304,[Cl-].CCN(CCC[NH+](C)C)C#N,test
3209,A-5305,CCC1(CO)COCOC1,validation
3210,A-5307,CC(C)(C)CCCCCCCC(O)=O,validation
3211,A-5308,CN1CCCN(C)C1=O,validation
3212,A-5310,OCC1CN2CCN1CC2,test
3213,A-5311,CN1CCN(C)CC1,calibration
3214,A-5312,CCOCCOCCOC,calibration
3215,A-5313,CCN1CCCC1=O,test
3216,A-5314,OCCCOC(=O)C=C,validation
3217,A-5315,Cn1ccnc1,test
3218,A-5316,CC(O)CN(CCCN(C)C)CCCN(C)C,calibration
3219,A-5317,NCCOCCN,calibration
3220,A-5318,COCCOCCOCCOCCOC,calibration
3221,A-5319,COCCOCCOCCOC,test
3222,A-5320,CC1CNCC(C)O1,calibration
3223,A-5323,NCCO.OC(=O)CS,test
3224,A-5324,CC(CCC(O)=O)C(O)=O,calibration
3225,A-5325,OC(=O)CC(=O)C(O)=O,validation
3226,A-5326,OCC(O)COCC(O)CO,test
3227,A-5327,Cl.CC1=C(CCCl)C(=O)N2CCCCC2=N1,test
3228,A-5328,OCN1C(NC(=O)NCNC(=O)NC2N(CO)C(=O)NC2=O)C(=O)NC1=O,test
3229,A-5329,NCC(O)CO,test
3230,A-5331,Cc1[nH]ncc1,calibration
3231,A-5332,CC(=O)CC(N)=O,validation
3232,A-5333,OCC1COC(=O)O1,calibration
3233,A-5334,CC(=O)N1CCOCC1,validation
3234,A-5335,OCCOCC(COCCO)OCCO,validation
3235,A-5336,[Cl-].C[N+](C)(C)C,test
3236,A-5337,CN(C)C(=O)CC(C)=O,calibration
3237,A-5338,CN(C)CCCNC=O,test
3238,A-5340,CNC=O,validation
3239,A-5342,[NH4+].[O-]C(=O)CS,test
3240,A-5344,OCCN(CCO)CCO.OCCN(CCO)CCO.OC(=O)CCCCCCCCCCC(O)=O,calibration
3241,A-5345,CN(CCCN)CCCN,calibration
3242,A-5346,[Cl-].[Cs+],test
3243,A-5347,[OH-].[Cs+],validation
3244,A-5348,[Ca++].OCC1OB(O)OC1C(O)C(O)C([O-])=O.OCC2OB(O)OC2C(O)C(O)C([O-])=O,test
3245,A-5349,NCCO.NCCO.OC(O)=O,test
3246,A-5350,[Cs+].[Cs+].[O-][S]([O-])(=O)=O,test
3247,A-5351,[K+].OC(=O)CCCCC(O)=O,test
3248,A-5352,[Na+].[Na+].CCN(Cc1cccc(c1)[S]([O-])(=O)=O)c2ccc(cc2)N=Nc3ccc(N=Nc4cccc(c4)[S]([O-])(=O)=O)c5ccccc35,validation
3249,A-5353,[Na+].[Na+].Nc1ccc(NNC2=C3C(=O)C=C(C=C3C=CC2=N)[S]([O-])(=O)=O)c(c1)[S]([O-])(=O)=O,calibration
3250,A-5354,CC(=O)OCCOCCOCCOC(C)=O,test
3251,A-5355,CCOC(=O)N1CCC(=O)CC1,test
3252,A-5356,CCC[NH2+]CC,test
3253,A-5357,[Cl-].[Cl-].[Cl-].[In+3],test
3254,A-5359,NC(=O)c1ccc[n+](c1)C2OC(CO[P]([O-])(=O)O[P](O)(=O)OCC3OC(C(O)C3O)n4cnc5c(N)ncnc45)C(O)C2O,test
3255,A-5361,O=C1CCCCCO1,test
3256,A-5362,O=C1CCCO1,test
3257,A-5363,C1CCNCC1,calibration
3258,A-5364,[K+].[S-]C#N,test
3259,A-5365,[K+].[O-][P](=O)(OCc1ccccc1)OCc2ccccc2,test
3260,A-5367,OCC#C,test
3261,A-5368,OCCCO,test
3262,A-5370,OCc1cccnc1,test
3263,A-5371,[Na+].CCCCC(CC)C([O-])=O,validation
3264,A-5372,[Na+].COCCOCCOc1cc(Nc2c(C)cc(C)c(c2C)[S]([O-])(=O)=O)c3C(=O)c4ccccc4C(=O)c3c1N,validation
3265,A-5373,[Na+].CCOC(=O)c1ccc([O-])cc1,test
3266,A-5374,[Na+].CCO[P]([S-])(=S)OCC,test
3267,A-5375,[Na+].CC(C)CO[P]([S-])(=S)OCC(C)C,test
3268,A-5376,[Na+].[S-]C#N,test
3269,A-5379,CC(C)COC(C)(C)C,test
3270,A-5380,C[N+](C)(C)C.OC(=O)c1ccccc1C([O-])=O,validation
3271,A-5381,[OH-].C[N+](C)(C)C,test
3272,A-5382,[Na+].[Na+].[Na+].Cc1cc(N\N=C\2C=CC(=O)C(=C2)C([O-])=O)c(OCCC[S]([O-])(=O)=O)cc1N=Nc3ccc(cc3[S]([O-])(=O)=O)[N+]([O-])=O,calibration
3273,A-5383,[Zn++].[O-][P]([O-])([O-])=O.[O-][P]([O-])([O-])=O,test
3274,A-5385,CC1(C)CC(O)CC(C)(C)N1,test
3275,A-5386,NCCN1CCNCC1,calibration
3276,A-5387,CC(C)OCCO,test
3277,A-5388,NC(=O)CCNCCO,calibration
3278,A-5389,CCN(CC)c1ccc(cc1)[C+](c2ccccc2)c3ccc(cc3)N(CC)CC.CC([O-])=O,calibration
3279,A-5391,CO[P](C)(=O)OC,validation
3280,A-5392,CO[P+](=O)OC,test
3281,A-5395,CN(C)[P+](CC1CCCCC1)(N(C)C)N(C)C.F[B-](F)(F)F,calibration
3282,A-5396,FC(F)(F)C(F)(F)C(=O)C(F)(C(F)(F)F)C(F)(F)F,calibration
3283,A-5397,[Cl-].[Cl-].[Cl-].[Cl-].[Pd++].[H+].[H+],test
3284,A-5398,[Pd++].[O-][N+]([O-])=O.[O-][N+]([O-])=O,test
3285,A-5399,[Na+].[Na+].[Na+].[Na+].[O-][S](=O)(=O)c1ccc(c(c1)N=Nc2ccc(N=Nc3ccc(N\N=C4/C(=O)C(=Cc5cc(Nc6ccccc6)ccc45)[S]([O-])(=O)=O)c7ccccc37)c8cc(ccc28)[S]([O-])(=O)=O)[S]([O-])(=O)=O,test
3286,A-5402,OCCN(CCO)C(=O)CCCCCCCCC=C,validation
3287,A-5404,CC(C)=CCCC(C)(OC=O)C=C,validation
3288,A-5405,O=C1NC(=CC=N1)NC(=O)c2ccccc2,validation
3289,A-5406,Nc1c(I)c(C([O-])=O)c(I)c(C([O-])=O)c1I,test
3290,A-5407,CCCCCCCCCCCCc1ccccc1[S](O)(=O)=O.CC(C)(N)CO,test
3291,A-5408,OC(=O)\C=C/C(=O)OCCOCCOCCOC(=O)\C=C/C(O)=O,test
3292,A-5410,[Na+].[Na+].CC(CCO[S](=O)(=O)c1ccccc1)[N-]c2ccc([N-]C(C)CCO[S](=O)(=O)c3ccccc3)c4C(=O)c5ccccc5C(=O)c24,test
3293,A-5412,[Na+].[Cr+3].[O-]c1cc(c2ccccc2c1N=Nc3ccc4cccc(c4c3[O-])[S]([O-])(=O)=O)[S]([O-])(=O)=O,test
3294,A-5413,Fc1cccc2CC(=O)Nc12,validation
3295,A-5414,CC(C)CCCCCCCOCCCNCCCN,validation
3296,A-5416,[Na+].[Na+].Nc1ccc(N=Nc2ccc(NC(=O)c3ccc(cc3)N=Nc4c(N)c5C(=O)C(=N/Nc6ccccc6)/C(=Cc5cc4[S]([O-])(=O)=O)[S]([O-])(=O)=O)cc2)c(N)c1,validation
3297,A-5417,[Ce].[Ce].[O-]C(=O)C([O-])=O,validation
3298,A-5423,CCCCCCC(=O)OCC(CC)(CO)COC(=O)CCCC,test
3299,A-5425,CCCCCCCC[Sn]1(CCCCCCCC)OC(=O)CS1,test
3300,A-5426,CCOC(=O)C1CCC(CC1)C(=O)OCC,test
3301,A-5428,[Sr++].[O-][Ti]([O-])=O,calibration
3302,A-5429,ClCCCN1CCOCC1,calibration
3303,A-5431,[Y+3].[O-][N+]([O-])=O.[O-][N+]([O-])=O.[O-][N+]([O-])=O,test
3304,A-5432,CC1=C(C#N)C(=O)N(CCC(O)=O)C(=C1)O,test
3305,A-5433,CC1=C(C(N)=O)C(=O)N(CCC(O)=O)C(=C1)O,calibration
3306,A-5437,CCCCCCCC(=O)NCCCC[C@H](N)C(O)=O,validation
3307,A-5439,[Na+].[Na+].[Na+].[Na+].[O-][P]([O-])(=O)O[P]([O-])([O-])=O,test
3308,A-5440,[Na+].[Na+].[Na+].[O-]O[P]([O-])(=O)CC([O-])=O,test
3309,A-5442,[H+].[Cl-].CN(C\C=C\C#CC(C)(C)C)Cc1cccc2ccccc12,calibration
3310,A-5443,[Na+].[K+].Nc1c(cc(NC2CCC(CC2)Nc3nc(F)nc(Nc4cc(ccc4[S]([O-])(=O)=O)[S]([O-])(=O)=O)n3)c5C(=O)c6ccccc6C(=O)c15)[S]([O-])(=O)=O,test
3311,A-5444,[Cl-].CCN(CC)c1ccc(cc1)/C=C(C#N)/C(=O)OCCC[N+](C)(C)CCOC(=O)\C(=C\c2ccc(cc2)N(CC)CC)C#N,test
3312,A-5445,FC(F)(F)[S](=O)(=O)N[S](=O)(=O)C(F)(F)F,test
3313,A-5446,[Na+].[Cr+3].Cc1nn(c([O-])c1N=Nc2cc(Cl)cc(c2[O-])[S]([O-])(=O)=O)c3cccc(c3)[S]([O-])(=O)=O,validation
3314,A-5450,CCCCCCCC\C=C/CCCCCCCCOCCO,validation
3315,A-5451,CC(C)(C)c1cc(CCC(O)=O)cc(n2nc3ccccc3n2)c1O,validation
3316,A-5456,CCCCCCC(O)CCCCCCCCCCC(=O)OCC(O)CO,calibration
3317,A-5457,CCN(CC)C1=C[C@@H]2Oc3cc(N(CC)CC)c(C)cc3C(=C2C=C1C)c4ccccc4C(=O)OC,calibration
3318,A-5458,CCOC(=O)CC(NC1CCC(CC1)CC2CCC(CC2)NC(CC(=O)OCC)C(=O)OCC)C(=O)OCC,test
3319,A-5459,CC(CC(C)(C)C)CC(C)(C)CC(C)(C)C,test
3320,A-5462,COCC(NC(C)=O)C(=O)NCc1ccccc1,test
3321,A-5464,CCCCOCC(C)OCC(C)O,calibration
3322,A-5465,CCCCCCCCCCCCCCCCCCC(O)=O,validation
3323,A-5468,CCOC(C)(C)CC,calibration
3324,A-5469,CC(CO)CC(C)c1ccccc1,test
3325,A-5473,Nc1c(Oc2ccccc2)cc(O)c3C(=O)c4ccccc4C(=O)c13,test
3326,A-5474,CCn1nc2cc(cc3C(=O)c4ccccc4c1c23)c5cc6nn(CC)c7c8ccccc8C(=O)c(c5)c67,validation
3327,A-5475,O=C1c2ccccc2C(=O)c3c4[nH]c5c6C(=O)c7ccccc7C(=O)c6c8[nH]c9c(ccc%10C(=O)c%11ccccc%11C(=O)c9%10)c8c5c4ccc13,validation
3328,A-5477,[O-][N+](=O)c1cc2c3ccccc3C(=O)c4ccc5c6ccc7C(=O)c8ccccc8c9ccc(c6c79)c1c5c24,test
3329,A-5478,CCOc1ccc(Nc2ccc(cc2[N+]([O-])=O)[S](=O)(=O)N(C)C)cc1,test
3330,A-5479,O=C(Nc1cc2c([nH]c3c2cc(NC(=O)c4ccccc4)c5C(=O)c6ccccc6C(=O)c35)c7C(=O)c8ccccc8C(=O)c17)c9ccccc9,validation
3331,A-5480,Brc1ccc2c3cc4ccc5C(=O)c6ccccc6c7cc8ccc(C(=O)c2c1Br)c3c8c4c57,test
3332,A-5483,COc1ccc(cc1)C(CN(C)C)C2(O)CCCCC2,test
3333,A-5485,[Na+].[Na+].[Cr].[Cr].Oc1ccc2ccccc2c1N\N=C/3C(=O)C=C(c4cc(ccc34)[N+]([O-])=O)[S](O)(=O)=O.Oc5ccc6ccccc6c5N\N=C/7C(=O)C=C(c8cc(ccc78)[N+]([O-])=O)[S]([O-])(=O)=O.Oc9ccc%10ccccc%10c9N\N=C/%11C(=O)C=C(c%12cc(ccc%11%12)[N+]([O-])=O)[S]([O-])(=O)=O,calibration
3334,A-5487,CCCCCCCCCCCCOC(=O)C=C,test
3335,A-5488,[O--].[O--].[O--].[Al+3].[Y+3],test
3336,A-5489,[Rh+3].[I-].[I-].[I-],validation
3337,A-5490,CCCCCCCCCCCCCCOC(=O)C=C,validation
3338,A-5491,ClC1=C(Cl)C2(Cl)C3C(C(=O)OC3=O)C1(Cl)C2(Cl)Cl,test
3339,A-5493,COc1cc(N=Nc2c(Cl)cc(cc2[N+]([O-])=O)[N+]([O-])=O)c(NC(C)=O)cc1N(CCOC(C)=O)CCOC(C)=O,calibration
3340,A-5495,COC(=O)c1sc(N)c(C#N)c1C,validation
3341,A-5496,CCCCCCCCCCCCCCCCCC[P](=O)(OC)OC,test
3342,A-5497,CCCCCCCC\C=C/CCCCCCCC(=O)NCC(C)O,calibration
3343,A-5498,[Al+3].[O-][P]([O-])(=O)O[P]([O-])(=O)O[P]([O-])([O-])=O,test
3344,A-5499,CC(C)(O)C(=O)c1ccc(cc1)C2(C)CC(C)(C)c3cc(ccc23)C(=O)C(C)(C)O,test
3345,A-5500,CC(C)(O)C(=O)c1ccc(cc1)C2(C)CC(C)(C)c3ccc(cc23)C(=O)C(C)(C)O,test
3346,A-5505,CC(C)=CCC\C(C)=C\CCC(=C)C=C,test
3347,A-5506,Cc1cccc(C)c1O[P](=O)(Oc2cccc(O[P](=O)(Oc3c(C)cccc3C)Oc4c(C)cccc4C)c2)Oc5c(C)cccc5C,calibration
3348,A-5507,CCCCC1CCC(CC1)C2CCC(=O)CC2,test
3349,A-5509,CCCCCCCC[Sn](CCCCCCCC)(CCCCCCCC)CCCCCCCC,test
3350,A-5510,[Cl].[Rh].c1ccc(cc1)P(c2ccccc2)c3ccccc3.c4ccc(cc4)P(c5ccccc5)c6ccccc6.c7ccc(cc7)P(c8ccccc8)c9ccccc9,test
3351,A-5511,CC(C)CCCCCCCCCCOC(=O)CSCc1cc(c(O)c(c1)C(C)(C)C)C(C)(C)C,test
3352,A-5512,[Cl-].[Cl-].[Pd++].c1ccc(cc1)P(c2ccccc2)c3ccccc3.c4ccc(cc4)P(c5ccccc5)c6ccccc6,test
3353,A-5513,Nc1ccc(cc1Cl)C2(c3ccc(N)c(Cl)c3)c4ccccc4c5ccccc25,test
3354,A-5515,Clc1c(Cl)c(Cl)c2C3=Nc4cccc5cccc(N3C(=O)c2c1Cl)c45,test
3355,A-5516,OC1=Cc2ccccc2NC1=C3C(=O)c4ccccc4C3=O,test
3356,A-5519,Cc1cc(c(O)c(C)c1CN2C(=O)N(Cc3c(C)cc(c(O)c3C)C(C)(C)C)C(=O)N(Cc4c(C)cc(c(O)c4C)C(C)(C)C)C2=O)C(C)(C)C,test
3357,A-5520,CCc1cc(C)cc(CC)c1Nc2ccc(Nc3c(CC)cc(C)cc3CC)c4C(=O)c5ccccc5C(=O)c24,test
3358,A-5521,CCc1cccc(C)c1Nc2ccc(Nc3c(C)cccc3CC)c4C(=O)c5ccccc5C(=O)c24,calibration
3359,A-5522,O=C1N2c3cccc4cccc(N=C2c5cccc6cccc1c56)c34,test
3360,A-5523,CCCCCCCCSCc1cc(C)c(O)c(CSCCCCCCCC)c1,test
3361,A-5524,CCCCCCCCSc1nc(Nc2cc(c(O)c(c2)C(C)(C)C)C(C)(C)C)nc(SCCCCCCCC)n1,validation
3362,A-5526,CCCCCCCCCCCCCCCCOC(C)=O,calibration
3363,A-5529,CCCCC(CC)COC(=O)CCC(=O)OCC(CC)CCCC,calibration
3364,A-5530,CCC(CC)CO[Si](OCC(CC)CC)(OCC(CC)CC)OCC(CC)CC,test
3365,A-5531,CC(C)(C)c1cc(Cc2cc(c(O)c(c2)C(C)(C)C)C(C)(C)C)cc(c1O)C(C)(C)C,test
3366,A-5533,CCCCCCCCC(O)=O.CCCCCCCC(O)=O.CCCCC(CC)C(O)=O.OCC(CO)(CO)CO,test
3367,A-5536,CCCCCCCC(=O)OOC(=O)CCCCCCC,calibration
3368,A-5537,BrC1CC(Br)CC(Br)CC(Br)CC(Br)CC(Br)C1,calibration
3369,A-5538,c1ccc2cc3ccccc3cc2c1,test
3370,A-5540,Clc1ccc(Cl)c(N\N=C2/C(=O)C(=Cc3ccccc23)C(=O)Nc4cc(Cl)c(NC(=O)C5=Cc6ccccc6C(=N/Nc7cc(Cl)ccc7Cl)\C5=O)cc4Cl)c1,validation
3371,A-5541,CCCCCCCCCCCCS,validation
3372,A-5544,C.[Nb],calibration
3373,A-5545,O=C1c2ccccc2C(=O)c3ccccc13,calibration
3374,A-5546,[Ca++].Cc1ccccc1NC(=O)CC(=O)CN=Nc2ccc(cc2[N+]([O-])=O)[S]([O-])(=O)=O.Cc3ccccc3NC(=O)CC(=O)CN=Nc4ccc(cc4[N+]([O-])=O)[S]([O-])(=O)=O,calibration
3375,A-5547,CC(C)(C)CCCCC(=O)OC=C,calibration
3376,A-5548,C[C@@H](C[C@H](c1cc(C2CCCCC2)c(O)cc1C)c3cc(C4CCCCC4)c(O)cc3C)c5cc(C6CCCCC6)c(O)cc5C,validation
3377,A-5550,O.O.O.O.O.O.O.O.O.[Al+3].[Al+3].[O-][S]([O-])(=O)=O.[O-][S]([O-])(=O)=O.[O-][S]([O-])(=O)=O,test
3378,A-5552,FC(F)(F)C1(F)C(F)(F)C(F)(F)C(F)(F)C(F)(C(F)(F)F)C1(F)F,test
3379,A-5553,FC1(F)C(F)(F)C(F)(F)C2(F)C(F)(F)C(F)(F)C(F)(F)C(F)(F)C2(F)C1(F)F,test
3380,A-5554,FC(F)(F)C(F)(F)C(F)(F)C(F)(F)C(F)(F)C(F)(F)C(F)(F)C(F)(F)F,validation
3381,A-5555,CC(C)(C)N(Sc1sc2ccccc2n1)Sc3sc4ccccc4n3,test
3382,A-5556,Clc1c(Cl)c(Br)c2C3=NC(=Nc4n5[Cu]N6C(=N3)c7c(Cl)c(Br)c(Cl)c(Br)c7C6=NC8=NC(=Nc5c9c(Br)c(Cl)c(Br)c(Cl)c49)c%10c(Cl)c(Cl)c(Br)c(Cl)c8%10)c2c1Cl,validation
3383,A-5557,Clc1cc(Cl)c2C3N=C(N=C4N5[Cu]N6C(N=C7N=C(N=C5c8c(Cl)c(Cl)c(Cl)c(Cl)c48)c9c(Cl)c(Cl)c(Cl)c(Cl)c79)c%10c(Cl)c(Cl)c(Cl)c(Cl)c%10C6=N3)c2c1Cl,calibration
3384,A-5559,Brc1c(Br)c(Br)c(CCc2c(Br)c(Br)c(Br)c(Br)c2Br)c(Br)c1Br,calibration
3385,A-5560,CCCCC(CC)COC(=O)c1ccc(cc1)C(=O)OCC(CC)CCCC,calibration
3386,A-5563,[Cr],test
3387,A-5569,[O--].[O--].[O--].[Sm+3].[Sm+3],test
3388,A-5577,O=[W]=O,validation
3389,A-5578,CC(C)(C)c1ccc(O[P@]2OC[C@]3(CO2)CO[P@](OC3)Oc4ccc(cc4C(C)(C)C)C(C)(C)C)c(c1)C(C)(C)C,test
3390,A-5579,CCCCCCCCCC(O)=O.CCCCCCCC(O)=O.CC(C)(CO)CO,test
3391,A-5581,CC(C)OC(=O)c1ccc(C)c(c1)N=Nc2c(O)c(cc3ccccc23)C(=O)Nc4cc(Cl)c(NC(=O)c5cc6ccccc6c(N=Nc7cc(ccc7C)C(=O)OC(C)C)c5O)cc4Cl,calibration
3392,A-5583,Cc1ccccc1NC(=O)C2=Cc3ccccc3C(=N/Nc4cc(Cl)c(Cl)cc4Cl)\C2=O,validation
3393,A-5584,CC(=O)C(N=Nc1ccc(C)cc1[N+]([O-])=O)C(=O)Nc2ccc(Cl)cc2,test
3394,A-5587,[S--].[Co++],calibration
3395,A-5589,C.[V],test
3396,A-5600,COc1cc(OC)c(NC(=O)C2=Cc3ccccc3C(=N/Nc4cc(ccc4OC)C(=O)Nc5ccc(cc5)C(N)=O)\C2=O)cc1Cl,test
3397,A-5601,COc1ccc(cc1N\N=C2/C(=O)C(=Cc3ccccc23)C(=O)Nc4cc(OC)c(Cl)cc4OC)C(=O)Nc5ccccc5,test
3398,A-5602,Brc1c(Br)c(Br)c(COC(=O)C=C)c(Br)c1Br,calibration
3399,A-5603,COc1ccccc1N=NC(C(C)=O)C(=O)Nc2ccc3NC(=O)Nc3c2,test
3400,A-5604,[P],test
3401,A-5606,COc1cc(NC(=O)C(N=Nc2ccc(cc2Cl)c3ccc(N=NC(C(C)=O)C(=O)Nc4cc(OC)c(Cl)cc4OC)c(Cl)c3)C(C)=O)c(OC)cc1Cl,test
3402,A-5607,CC1=NN(c2ccccc2)C(=O)C1N=Nc3ccccc3,calibration
3403,A-5608,O=[Ti]=O,test
3404,A-5609,CCCCC(CC)COC(=O)c1c(Br)c(Br)c(Br)c(Br)c1C(=O)OCC(CC)CCCC,validation
3405,A-5614,FC(F)(F)N1C(F)(F)C(F)(F)OC(F)(F)C1(F)F,test
3406,A-5617,[Ag+].CCCCCCCCCCCCCCCCCCCCCC([O-])=O,test
3407,A-5621,CCN(CC)[S](=O)(=O)c1ccc(OC)c(N\N=C2\C(=O)C(=Cc3ccccc23)C(=O)Nc4cc(Cl)c(OC)cc4OC)c1,test
3408,A-5622,[O--].[O--].[O--].[Nd+3].[Nd+3],validation
3409,A-5623,CC(=O)C(N=Nc1ccc(Cl)cc1[N+]([O-])=O)C(=O)Nc2ccccc2Cl,test
3410,A-5624,CN[S](=O)(=O)c1cc(OC)c(N\N=C2/C(=O)C(=Cc3ccccc23)C(=O)Nc4ccc5NC(=O)Nc5c4)cc1OC,validation
3411,A-5625,O=C1n2c3ccccc3nc2c4ccc5C(=O)n6c7ccccc7nc6c8ccc1c4c58,test
3412,A-5627,Cc1cc(C)c(Nc2ccc(Nc3c(C)cc(C)cc3C)c4C(=O)c5ccccc5C(=O)c24)c(C)c1,test
3413,A-5638,CC(C)C1CCCCC1,validation
3414,A-5643,O=[Nb](=O)O[Nb](=O)=O,test
3415,A-5648,[O--].[O--].[O--].[O--].[O--].[Al+3].[Al+3].[Zn++].[Zn++],test
3416,A-5649,CCCCCCCCCCCCCCCCCCN1C(=O)c2ccc3Sc4ccccc4c5ccc(C1=O)c2c35,test
3417,A-5660,CCC(C)CCCC(C)CCCC(C)C,calibration
3418,A-5663,CCN1C(=O)C(=N/Nc2ccccc2[N+]([O-])=O)\C(=C(C#N)C1=O)C,validation
3419,A-5664,CC(=O)C(N=Nc1cc(ccc1Cl)C(=O)Nc2cc(Cl)ccc2C)C(=O)Nc3cc(C)c(NC(=O)C(N=Nc4cc(ccc4Cl)C(=O)Nc5cc(Cl)ccc5C)C(C)=O)cc3C,calibration
3420,A-5665,CCCC(Cl)CCCC(Cl)CCC(Cl)CCC(Cl)CCC(Cl)CCCC(Cl)CCC,validation
3421,A-5666,Cc1ccccc1OP(Oc2ccccc2C)Oc3ccccc3C,validation
3422,A-5667,COc1ccc(NC(=O)C(N=Nc2ccc(cc2Cl)c3ccc(N=NC(C(C)=O)C(=O)Nc4ccccc4)c(Cl)c3)C(C)=O)cc1.COc5ccc(NC(=O)C(N=Nc6ccc(cc6Cl)c7ccc(N=NC(C(C)=O)C(=O)Nc8ccc(OC)cc8)c(Cl)c7)C(C)=O)cc5.CC(=O)C(N=Nc9ccc(cc9Cl)c%10ccc(N=NC(C(C)=O)C(=O)Nc%11ccccc%11)c(Cl)c%10)C(=O)Nc%12ccccc%12,test
3423,A-5668,Cc1ccc2Nc3cc4C(=O)c5cc(C)ccc5Nc4cc3C(=O)c2c1,validation
3424,A-5670,Clc1ccc(Cl)c(N\N=C2\C(=O)C(=Cc3ccccc23)C(=O)Nc4ccccc4)c1,test
3425,A-5671,CC(=O)C(N=Nc1ccc(cc1Cl)c2ccc(N=NC(C(C)=O)C(=O)Nc3ccc(C)cc3)c(Cl)c2)C(=O)Nc4ccc(C)cc4,validation
3426,A-5672,[Dy],calibration
3427,A-5673,O=C(c1ccc(Oc2ccccc2)cc1)c3ccc(cc3)C(=O)c4ccc(Oc5ccccc5)cc4,validation
3428,A-5674,[Al+3].O[PH]([O-])=O.O[PH]([O-])=O.O[PH]([O-])=O,validation
3429,A-5675,COc1ccc(cc1)\C=C/2N=C(OC2=O)c3ccc(cc3)C4=NC(=C/c5ccc(OC)cc5)/C(=O)O4,validation
3430,A-5676,CCOC(=O)c1ccc2Sc3ccccc3C(=O)c2c1,test
3431,A-5678,[Cu]1N2C3=NC4=NC(=Nc5n1c(N=C6N=C(N=C2c7ccccc37)c8ccccc68)c9ccccc59)c%10ccccc4%10,validation
3432,A-5680,O[Co]=O,validation
3433,A-5684,CCCCC(CC)COC(=O)C1CCC(CC1)C(=O)OCC(CC)CCCC,calibration
3434,A-5686,[Co],validation
3435,A-5687,CC(C)CCCCCCCCCCCCCCCOC(=O)CCCCCCCCCCCCCCC(C)C,validation
3436,A-5688,CC1CCCCCCCCCCCCC(=O)C1,test
3437,A-5693,CC(C)c1ccc(cc1)C(C)C,validation
3438,A-5695,CC1=NN(c2ccccc2)C(=O)C1/C=C/3C(=NN(c4ccccc4)C3=O)C,validation
3439,A-5696,Cc1ccccc1NC(=O)C2=Cc3ccccc3C(=N/Nc4ccc(cc4C)[N+]([O-])=O)/C2=O,test
3440,A-5697,CC\1=NN(C(=O)C1=N/Nc2ccc(cc2Cl)c3ccc(N\N=C4/C(=NN(C4=O)c5ccccc5)C)c(Cl)c3)c6ccccc6,test
3441,A-5698,COC(=O)c1ccc(cc1N\N=C2/C(=O)C(=Cc3ccccc23)C(=O)Nc4ccccc4OC)C(=O)Nc5cc(Cl)ccc5Cl,calibration
3442,A-5699,CCCCNc1ccc(NCCCC)c2C(=O)c3ccccc3C(=O)c12,calibration
3443,A-5700,CC(C)CCC[C@@H](C)CCC[C@@H](C)CCC/C(C)=C/CO,calibration
3444,A-5702,CCCCCCCCCCCCCCCCCCCN,test
3445,A-5709,S=[P](Oc1ccccc1)(Oc2ccccc2)Oc3ccccc3,calibration
3446,A-5712,[O-][N+](=O)c1ncn(CC(=O)Nc2cc(ccc2Cl)C(F)(F)F)n1,test
3447,A-5716,[Al+3].[Cl-].[Cl-].[Cl-],calibration
3448,A-5724,CC(C)(c1cc(Br)c(O)c(Br)c1)c2cc(Br)c(O)c(Br)c2.ClCC3CO3,test
3449,A-5725,CC(C)(C)CCCCC1(OO1)C(=O)OC(C)(C)CC(C)(C)C,validation
3450,A-5728,Clc1ccc2Nc3cc4C(=O)c5ccccc5Nc4cc3C(=O)c2c1Cl,test
3451,A-5730,[O-][N+](=O)c1cc(Cl)c(N=Nc2ccc(cc2)N(CCC#N)CCC#N)c(Cl)c1,calibration
3452,A-5731,[Co++].[O-]C(=O)C([O-])=O,validation
3453,A-5734,CCCCC(CC)C(=O)OOC(C)(C)CC(C)(C)C,validation
3454,A-5736,CC(C)CCC[C@@H](C)[C@H]1CC[C@H]2[C@@H]3CC=C4C[C@@H](O)CC[C@]4(C)[C@H]3CC[C@]12C,test
3455,A-5737,FC(F)(F)C(F)(F)C(F)(F)C(F)(F)C(F)(F)C(F)(F)CCI,test
3456,A-5741,CC(C)C(C)(C)C(C)(C)C(C)(C)S,test
3457,A-5742,COc1ccc(cc1N\N=C2/C(=O)C(=Cc3ccccc23)C(=O)Nc4cc(Cl)ccc4OC)C(=O)Nc5ccccc5,calibration
3458,A-5743,Nc1c(OCCOC(=O)Oc2ccccc2)cc(O)c3C(=O)c4ccccc4C(=O)c13,test
3459,A-5745,CCCCCCCCCCCCCCCCCCCCCC(=O)OCC(CO)(CO)COC(=O)CCCCCCCCCCCCCCCCCCCCC,test
3460,A-5746,Cc1ccc(cc1)N2N=C(C)C(N=Nc3ccc(cc3Cl)c4ccc(N=NC5C(=NN(c6ccc(C)cc6)C5=O)C)c(Cl)c4)C2=O,test
3461,A-5747,O=C1c2ccccc2c3ccc4Sc5ccccc5c6ccc1c3c46,test
3462,A-5749,CC(=O)OCCOc1ccc(cc1)C(C)(C)c2ccc(OCCOC(C)=O)cc2,calibration
3463,A-5750,CN[S](=O)(=O)c1cc(OC)c(N\N=C2/C(=O)C(=Cc3ccccc23)C(=O)Nc4ccc5NC(=O)Nc5c4)cc1C,calibration
3464,A-5753,[O-][N+](=O)c1ccc(N\N=C2/C(=O)C=Cc3ccccc23)c(Cl)c1,validation
3465,A-5754,Cc1ccc(N\N=C2/C(=O)C=Cc3ccccc23)c(c1)[N+]([O-])=O,test
3466,A-5755,CCCCOC(=O)c1ccccc1N\N=C2/C(=O)C(=Cc3ccccc23)C(=O)Nc4ccc5NC(=O)Nc5c4,calibration
3467,A-5756,O=[Cr]O[Cr]=O,validation
3468,A-5757,CC(C)CCCCCCCCCCCCCCC(=O)OCC(COC(=O)CCCCCCCCCCCCCCC(C)C)OC(=O)CCCCCCCCCCCCCCC(C)C,validation
3469,A-5758,CCCCC(CC)COC(=O)c1ccc(C(=O)OCC(CC)CCCC)c(c1)C(=O)OCC(CC)CCCC,test
3470,A-5759,COc1ccccc1NC(=O)C2=Cc3ccccc3C(=N/Nc4ccc(cc4)C(N)=O)/C2=O,calibration
3471,A-5764,O=[Sn],test
3472,A-5769,CCCCC(CC)C(=O)OOC(C)(C)CCC(C)(C)OOC(=O)C(CC)CCCC,test
3473,A-5770,Cc1cc(O)c(cc1Sc2cc(c(O)cc2C)C(C)(C)C)C(C)(C)C,validation
3474,A-5778,CC(C)(c1cc(Br)c(OCC2CO2)c(Br)c1)c3cc(Br)c(OCC4CO4)c(Br)c3,test
3475,A-5780,[Ca++].Cc1cc(c(N\N=C\2C(=O)C(=Cc3ccccc23)C([O-])=O)cc1Cl)[S]([O-])(=O)=O,validation
3476,A-5783,[Ca++].[O-]C(=O)C1=Cc2ccccc2/C(=N/Nc3ccc4ccccc4c3[S]([O-])(=O)=O)C1=O,test
3477,A-5785,CC(=O)Nc1ccc(NC(=O)C2=Cc3ccccc3C(=N/Nc4cc(ccc4Cl)C(N)=O)/C2=O)cc1,validation
3478,A-5786,CCOC(=O)C(=C)C#N,test
3479,A-5788,[Zn++].CCCCCCC(O)CCCCCCCCCCC([O-])=O.CCCCCCC(O)CCCCCCCCCCC([O-])=O,calibration
3480,A-5790,[Na+].C[O-].COC(=O)c1c(Cl)c(Cl)c(Cl)c(Cl)c1C#N.Nc2ccc(N)cc2,test
3481,A-5792,Nc1ccc(c2ccc(N)c3C(=O)c4ccccc4C(=O)c23)c5C(=O)c6ccccc6C(=O)c15,calibration
3482,A-5801,CCCCC(CC)COC(=O)OOC(C)(C)CC,test
3483,A-5803,CCOC(F)(C(F)(F)C(F)(F)C(F)(F)F)C(F)(C(F)(F)F)C(F)(F)F,validation
3484,A-5808,[Sr++].Cc1cc(N\N=C\2C(=O)C=Cc3ccccc23)c(cc1Cl)[S]([O-])(=O)=O.Cc4cc(N\N=C\5C(=O)C=Cc6ccccc56)c(cc4Cl)[S]([O-])(=O)=O,test
3485,A-5811,CCCCCCCCCCCCCCCCCCOC(=O)CCc1cc(c(O)c(c1)C(C)(C)C)C(C)(C)C,validation
3486,A-5812,CC(=O)C(N=Nc1cc(Cl)c(cc1Cl)c2cc(Cl)c(cc2Cl)N=NC(C(C)=O)C(=O)Nc3ccc(C)cc3C)C(=O)Nc4ccc(C)cc4C,test
3487,A-5813,COc1ccccc1NC(=O)C(N=Nc2ccc(cc2Cl)c3ccc(N=NC(C(C)=O)C(=O)Nc4ccccc4OC)c(Cl)c3)C(C)=O,validation
3488,A-5814,O[S](=O)(=O)c1ccccc1N=C2C=CC(C=C2)=C(c3ccc(Nc4ccccc4)cc3)c5ccc(Nc6ccccc6)cc5,validation
3489,A-5817,COCCOCCCN1C(=O)c2c(N)c3C(=O)c4ccccc4C(=O)c3c(N)c2C1=O,test
3490,A-5818,Nc1c(Oc2ccccc2)c(Oc3ccccc3)c(N)c4C(=O)c5ccccc5C(=O)c14,validation
3491,A-5819,CCOC(=O)C1=NN(C(=O)C1N=Nc2ccc(cc2Cl)c3ccc(N=NC4C(=O)N(N=C4C(=O)OCC)c5ccccc5)c(Cl)c3)c6ccccc6,validation
3492,A-5820,[Se],test
3493,A-5823,COc1cc(NC(=O)C(N=Nc2ccc(cc2Cl)c3ccc(N=NC(C(C)=O)C(=O)Nc4ccc(C)cc4C)c(Cl)c3)C(C)=O)c(OC)cc1Cl.COc5cc(NC(=O)C(N=Nc6ccc(cc6Cl)c7ccc(N=NC(C(C)=O)C(=O)Nc8cc(OC)c(Cl)cc8OC)c(Cl)c7)C(C)=O)c(OC)cc5Cl.CC(=O)C(N=Nc9ccc(cc9Cl)c%10ccc(N=NC(C(C)=O)C(=O)Nc%11ccc(C)cc%11C)c(Cl)c%10)C(=O)Nc%12ccc(C)cc%12C,test
3494,A-5824,CC(C)CCCCCCCOC(=O)C(C)=C,test
3495,A-5829,COc1ccccc1NC(=O)C(N=Nc2ccc(Cl)cc2[N+]([O-])=O)C(C)=O,validation
3496,A-5831,[Cd]=[Te],calibration
3497,A-5832,[Ba++].CCc1cc(N\N=C/2C(=O)C=Cc3ccccc23)c(cc1Cl)[S]([O-])(=O)=O.CCc4cc(N\N=C/5C(=O)C=Cc6ccccc56)c(cc4Cl)[S]([O-])(=O)=O,test
3498,A-5835,FC(F)(F)c1ccc(Cl)c(N\N=C2/C(=O)C(=Cc3ccccc23)C(=O)Nc4cc(Cl)c(NC(=O)C5=Cc6ccccc6C(=N/Nc7cc(ccc7Cl)C(F)(F)F)\C5=O)cc4Cl)c1,test
3499,A-5836,Cc1cccc(Cc2ccccc2)c1Cc3ccccc3,calibration
3500,A-5838,[Co++].[O-]C([O-])=O,validation
3501,A-5839,CC(=O)C(N=Nc1ccccc1C(O)=O)C(=O)Nc2ccc3NC(=O)Nc3c2,test
3502,A-5841,CC(=O)C(N=Nc1ccccc1OCCOc2ccccc2N=NC(C(C)=O)C(=O)Nc3ccc4NC(=O)Nc4c3)C(=O)Nc5ccc6NC(=O)Nc6c5,test
3503,A-5842,Clc1ccc(Cl)c(N\N=C2/C(=O)C(=Cc3ccccc23)C(=O)Nc4ccc5NC(=O)Nc5c4)c1,test
3504,A-5843,[Ca++].CC(=O)C(N=Nc1ccc(cc1[N+]([O-])=O)[S]([O-])(=O)=O)C(=O)Nc2ccccc2Cl,calibration
3505,A-5844,[Fe],test
3506,A-5847,C1CCCCCCCCCCC1,test
3507,A-5849,CCCCCCOC(=O)c1ccccc1C(=O)c2ccc(cc2O)N(CC)CC,calibration
3508,A-5851,[B],test
3509,A-5852,[Co++].CCCCC(CC)C([O-])=O.CCCCC(CC)C([O-])=O,calibration
3510,A-5853,CCCCOC(=O)C1C(C(=O)OCCCC)C2(Cl)C(=C(Cl)C1(Cl)C2(Cl)Cl)Cl,test
3511,A-5854,O=C1N2c3cccc4cccc(N=C2c5ccccc15)c34,validation
3512,A-5863,Clc1ccc2Nc3cc4C(=O)c5cc(Cl)ccc5Nc4cc3C(=O)c2c1,calibration
3513,A-5864,CC(=O)C(N=Nc1ccccc1C(F)(F)F)C(=O)Nc2ccc3NC(=O)Nc3c2,validation
3514,A-5865,Cc1ccc(cc1N\N=C2\C(=O)C(=Cc3ccccc23)C(=O)Nc4cc(C)c(NC(=O)C5=Cc6ccccc6C(=N/Nc7c(C)cccc7C(=O)OCCCl)/C5=O)cc4C)C(=O)OCCCl,validation
3515,A-5866,CC(=O)C(N=Nc1ccc(Cl)cc1[N+]([O-])=O)C(=O)Nc2ccc3NC(=O)Nc3c2,validation
3516,A-5868,CC(=C)C(=O)OCCCCCCCCCCOC(=O)C(C)=C,calibration
3517,A-5872,Clc1cccc2C(=O)c3cc4Nc5c(Cl)cccc5C(=O)c4cc3Nc12,test
3518,A-5875,CC(=O)C(N=Nc1ccc(C)cc1[N+]([O-])=O)C(=O)Nc2ccccc2,test
3519,A-5883,CCCCCCCCCC(=O)OOC(=O)CCCCCCCCC,test
3520,A-5884,Cc1ccccc1NC(=O)C2=Cc3ccccc3C(=N/Nc4ccc(Cl)cc4[N+]([O-])=O)/C2=O,test
3521,A-5885,[Ni++].[O-]c1ccc2ccccc2c1C=Nc3cc4NC(=O)Nc4cc3N=Cc5c([O-])ccc6ccccc56,validation
3522,A-5886,[O--].[O--].[Pt+4],calibration
3523,A-5887,[Nd],calibration
3524,A-5888,O=[Co],validation
3525,A-5894,[Ca++].COc1ccc(NC(=O)C2=Cc3ccccc3/C(=N/Nc4cc(ccc4C)C(=O)Nc5cccc(c5)[S]([O-])(=O)=O)C2=O)cc1.COc6ccc(NC(=O)C7=Cc8ccccc8/C(=N/Nc9cc(ccc9C)C(=O)Nc%10cccc(c%10)[S]([O-])(=O)=O)C7=O)cc6,calibration
3526,A-5895,CCOc1ccccc1NC(=O)C2=Cc3ccccc3C(=N/Nc4ccc(cc4)C(N)=O)\C2=O,test
3527,A-5896,Cc1ccc(cc1N\N=C2/C(=O)C(=Cc3ccccc23)C(=O)Nc4ccccc4)[N+]([O-])=O,test
3528,A-5898,CC(=O)C(N=Nc1ccc(cc1)[N+]([O-])=O)C(=O)Nc2ccc3NC(=O)Nc3c2,test
3529,A-5899,Clc1ccc(Cl)c(N\N=C2\C(=O)C(=Cc3ccccc23)C(=O)Nc4ccc(NC(=O)C5=Cc6ccccc6C(=N/Nc7cc(Cl)ccc7Cl)\C5=O)c(Cl)c4)c1,calibration
3530,A-5901,CC(=C)C(=O)OCCCCCCCCCCCCOC(=O)C(C)=C,calibration
3531,A-5909,CC(=O)C(N=Nc1ccc(cc1)C(=O)Nc2ccc(cc2)C(N)=O)C(=O)Nc3ccc4NC(=O)Nc4c3,validation
3532,A-5918,CCOc1ccc(NC(=O)C(N=Nc2ccc(cc2Cl)c3ccc(N=NC(C(C)=O)C(=O)Nc4ccc(OCC)cc4)c(Cl)c3)C(C)=O)cc1,test
3533,A-5919,S=C(SSSSSSC(=S)N1CCCCC1)N2CCCCC2,validation
3534,A-5920,O=C1c2ccccc2Nc3cc4C(=O)c5ccccc5Nc4cc13,test
3535,A-5921,CC(=O)C(N=Nc1cc(ccc1Cl)C(=O)Nc2cccc(Cl)c2C)C(=O)Nc3cc(Cl)c(NC(=O)C(N=Nc4cc(ccc4Cl)C(=O)Nc5cccc(Cl)c5C)C(C)=O)cc3C,test
3536,A-5922,COc1ccc(cc1N\N=C2/C(=O)C(=Cc3ccccc23)C(=O)Nc4cc(Cl)ccc4C)C(=O)Nc5ccccc5,test
3537,A-5923,CCCCCCCCOC(=O)c1ccccc1C(=O)OCc2ccccc2,validation
3538,A-5924,COc1ccc(N=NC(C(C)=O)C(=O)Nc2ccccc2OC)c(c1)[N+]([O-])=O,calibration
3539,A-5925,COc1ccc(cc1N\N=C2/C(=O)C(=Cc3ccccc23)C(=O)Nc4ccc5NC(=O)Nc5c4)C(=O)Nc6ccccc6,test
3540,A-5928,CC(C)(C)CC(C)(C)N(c1ccccc1)c2cccc3ccccc23,calibration
3541,A-5929,COc1ccccc1NC(=O)C2=Cc3ccccc3C(=N/Nc4cc(Cl)ccc4Cl)\C2=O,calibration
3542,A-5930,CC(C)(C)c1cc(CCC(=O)OCCNC(=O)C(=O)NCCOC(=O)CCc2cc(c(O)c(c2)C(C)(C)C)C(C)(C)C)cc(c1O)C(C)(C)C,validation
3543,A-5932,CCCCCCCCCCCCCCCCCC(=O)OC(CCCCCC)CCCCCCCCCCC(=O)OCCCCCCCCCCCCCC(C)C,test
3544,A-5933,CC(C)CCC[C@@H](C)CCC[C@@H](C)CCC[C@]1(C)CCc2c(C)c(O)c(C)c(C)c2O1,test
3545,A-5934,CC(C)CCCC(C)CCCC(C)CCCC1(C)CCc2cc(O)c(C)c(C)c2O1,validation
3546,A-5937,CCCCCCCC\C=C/CCCCCCCC(=O)OCC(CC)(CO)COC(=O)CCCCCCC\C=C/CCCCCCCC,calibration
3547,A-5939,[O--].[Pd++],test
3548,A-5940,CC(=O)C(N=Nc1ccc(cc1Cl)c2ccc(N=NC(C(C)=O)C(=O)Nc3ccccc3C)c(Cl)c2)C(=O)Nc4ccccc4C,test
3549,A-5941,CCCCC(CC)CN[S](=O)(=O)c1ccc(cc1)N=NC2=C(O)N(CCCC)C(=O)C(=C2C)C#N,calibration
3550,A-5950,S=[SnH2],test
3551,A-5951,Clc1cccc(N\N=C2/C(=O)C(=Cc3ccccc23)C(=O)Nc4cccc5c(NC(=O)C6=Cc7ccccc7C(=N/Nc8cccc(Cl)c8Cl)\C6=O)cccc45)c1Cl,test
3552,A-5953,[S--].[S--].[S--].[Bi+3].[Bi+3],validation
3553,A-5954,CC(=O)C(N=Nc1ccc(cc1Cl)c2ccc(N=NC(C(C)=O)C(=O)Nc3ccccc3)c(Cl)c2)C(=O)Nc4ccccc4,test
3554,A-5958,FC(F)(F)C(F)(F)C(F)(F)N(C(F)(F)C(F)(F)C(F)(F)F)C(F)(F)C(F)(F)C(F)(F)F,calibration
3555,A-5959,CC(=O)C(N=Nc1ccc(cc1Cl)c2ccc(N=NC(C(C)=O)C(=O)Nc3ccc(C)cc3C)c(Cl)c2)C(=O)Nc4ccc(C)cc4C,validation
3556,A-5961,CCOC(=O)OCCOc1cc(O)c2C(=O)c3ccccc3C(=O)c2c1N,calibration
3557,A-5964,C[Si](C)(C)O[Si](O[Si](C)(C)C)(O[Si](C)(C)C)O[Si](C)(C)C,test
3558,A-5965,CC(C)(c1cc(Br)c(OCC(Br)CBr)c(Br)c1)c2cc(Br)c(OCC(Br)CBr)c(Br)c2,validation
3559,A-5970,[Ir],validation
3560,A-5972,CC(C)CCCCCCCCCCCCCCCOC(=O)CC(O)C(=O)OCCCCCCCCCCCCCCCC(C)C,validation
3561,A-5974,[Co++].CCCCCCCCCCCCCCCCCC([O-])=O.CCCCCCCCCCCCCCCCCC([O-])=O,test
3562,A-5977,CCCCCCCCCCOC(=O)C(CC)CCCC,calibration
3563,A-5978,CC(CCOC(=O)CC(C)CC(C)(C)C)CC(C)(C)C,validation
3564,A-5979,CCCCCCCCCCCCCCCCCC(=O)OCCCCCCCCCCCCCC,test
3565,A-5980,C1CO[Sb]2OCCO[Sb](O1)OCCO2,test
3566,A-5982,CCCCCCCC(=O)CC(=O)c1ccccc1,test
3567,A-5987,O=[Cr]O[Cr]=O.O=[Mn]O[Mn]=O.O=[Fe]O[Fe]=O,test
3568,A-5988,[Si],calibration
3569,A-5991,Cc1cc(Cl)cc2SC(/C(=O)c12)=C/3Sc4cc(Cl)cc(C)c4C3=O,validation
3570,A-5992,COc1ccc(N\N=C2/C(=O)C=Cc3ccccc23)c(c1)[N+]([O-])=O,calibration
3571,A-5993,Cc1cc(Cc2cc(C)cc(c2O)C3(C)CCCCC3)c(O)c(c1)C4(C)CCCCC4,validation
3572,A-5994,S.[Mo],test
3573,A-5995,Brc1cc2C(=O)c3cccc4c(Br)cc5C(=O)c6cccc1c6c2c5c34,calibration
3574,A-5996,CC1=CC2=NC(=O)N=C2C=C1NNC3C(=O)NC(=O)NC3=O,validation
3575,A-5997,Cc1ccc(Nc2nc(Nc3ccc(C)cc3)c(C#N)c(C)c2N=Nc4ccccc4C(F)(F)F)cc1,calibration
3576,A-5998,CN1C(=O)c2ccc3c4ccc5C(=O)N(C)C(=O)c6ccc(c7ccc(C1=O)c2c37)c4c56,test
3577,A-5999,COCCCN1C(=O)c2ccc3C(=O)n4c5ccc(C)cc5nc4c6ccc(C1=O)c2c36,calibration
3578,A-6001,Oc1cc2ccccc2cc1C(=O)N=NNc3cc(Cl)c(cc3Cl)c4ccc(cc4)c5cc(Cl)c(NN=NC(=O)c6cc7ccccc7cc6O)cc5Cl,test
3579,A-6002,CCCCCCCOCC(COCCCCCCC)(COCCCCCCC)COCCCCCCC,calibration
3580,A-6003,O=[Zr]=O,test
3581,A-6004,COc1cc(N=Nc2c(Br)cc(cc2[N+]([O-])=O)[N+]([O-])=O)c(NC(C)=O)cc1N(CC=C)CC=C,calibration
3582,A-6005,O=C1\C(Nc2ccccc12)=C/3Nc4ccccc4C3=O,validation
3583,A-6006,CCCCCCCCCCCCCC(=O)OC(C)C,calibration
3584,A-6008,CCCCCCCCCc1cccc(Nc2cccc(CCCCCCCCC)c2)c1,test
3585,A-6010,CCOC(=O)C(C#N)=C(c1ccccc1)c2ccccc2,validation
3586,A-6011,CC(C)(C)c1cc(CCC(=O)OCCCCCCOC(=O)CCc2cc(c(O)c(c2)C(C)(C)C)C(C)(C)C)cc(c1O)C(C)(C)C,test
3587,A-6012,CC(C)(C)c1ccc(OP(Oc2ccc(cc2C(C)(C)C)C(C)(C)C)Oc3ccc(cc3C(C)(C)C)C(C)(C)C)c(c1)C(C)(C)C,calibration
3588,A-6013,COC(=O)CCN(CCC(=O)OC)c1ccc(cc1)N=Nc2c(Cl)cc(cc2Br)[N+]([O-])=O,validation
3589,A-6014,COc1cc(ccc1NN=C2C=CC(=O)C=C2)N=Nc3ccc(cc3)[N+]([O-])=O,test
3590,A-6015,CC(=O)OCCN(CCC#N)c1ccc(cc1)N=Nc2c(Cl)cc(cc2Cl)[N+]([O-])=O,test
3591,A-6017,CCCC(c1cc(c(O)cc1C)C(C)(C)C)c2cc(c(O)cc2C)C(C)(C)C,test
3592,A-6018,CCCCCCCCCCCCCCCCCCOC(=O)CCSCCC(=O)OCCCCCCCCCCCCCCCCCC,calibration
3593,A-6019,[Sn],test
3594,A-6020,CCCCC(CC)COC(=O)\C=C/C(=O)OCC(CC)CCCC,calibration
3595,A-6021,CCN(CC)c1ccc(N=Nc2c(Cl)cc(cc2[N+]([O-])=O)[N+]([O-])=O)c(NC(C)=O)c1,test
3596,A-6022,[Na+].C[O-].COC(=O)c1c(Cl)c(Cl)c(Cl)c(Cl)c1C#N.Cc2c(N)cccc2N,test
3597,A-6023,[O-][N+](=O)c1ccc(cc1)N=Nc2ccc(cc2)N(CCOC(=O)c3ccccc3)CCC#N,test
3598,A-6025,CCN(CC)c1ccc(N=Nc2c(cc(cc2C#N)[N+]([O-])=O)C#N)c(NC(C)=O)c1,validation
3599,A-6026,CCCCCCCCCCCC(=O)OCC(C)C,test
3600,A-6027,CCCCCCCC\C=C\CCCCCCCC(=O)OCCC(C)C,calibration
3601,A-6029,FC(F)(F)C(F)(F)C(F)(F)C(F)(F)[S](F)(=O)=O,calibration
3602,A-6030,Fc1ccc(Cc2ccc(F)cc2)cc1,validation
3603,A-6031,CC(=O)C(N=Nc1cc(ccc1Cl)C(=O)Nc2cc(ccc2Oc3ccc(Cl)cc3)C(F)(F)F)C(=O)Nc4cc(Cl)c(NC(=O)C(N=Nc5cc(ccc5Cl)C(=O)Nc6cc(ccc6Oc7ccc(Cl)cc7)C(F)(F)F)C(C)=O)cc4C,test
3604,A-6033,COC(=O)CCN(CCC(=O)OC)c1ccc(N=Nc2ccc(cc2[N+]([O-])=O)[N+]([O-])=O)c(NC(C)=O)c1,test
3605,A-6035,CC(Br)(CBr)COc1c(Br)cc(cc1Br)C(C)(C)c2cc(Br)c(OCC(C)(Br)CBr)c(Br)c2,validation
3606,A-6036,CC(C)(C)c1ccc(OC(=O)c2cc(c(O)c(c2)C(C)(C)C)C(C)(C)C)c(c1)C(C)(C)C,validation
3607,A-6037,CCN(CC)c1ccc(N=Nc2c(Br)cc(cc2[N+]([O-])=O)[N+]([O-])=O)c(NC(C)=O)c1,calibration
3608,A-6038,Clc1ccc(c(Cl)c1)C(=O)OOC(=O)c2ccc(Cl)cc2Cl,test
3609,A-6039,CCCCC(CC)CN(CC(CC)CCCC)CC(CC)CCCC,validation
3610,A-6040,O=C1N(CCc2ccccc2)C(=O)c3ccc4c5ccc6C(=O)N(CCc7ccccc7)C(=O)c8ccc(c9ccc1c3c49)c5c68,validation
3611,A-6042,CCCCCCCCCCCCCCCCCc1[nH]ccn1,test
3612,A-6043,[Na+].C[O-].COC(=O)c1c(Cl)c(Cl)c(Cl)c(Cl)c1C#N.Cc2cc(N)ccc2N=Nc3ccc(N)cc3,test
3613,A-6044,CC(=C)C(=O)OCCCOc1ccc(cc1)C(C)(C)c2ccc(OCCCOC(=O)C(C)=C)cc2,validation
3614,A-6047,CC(=O)OCCN(CCOC(C)=O)c1ccc(cc1)N=Nc2sc(cc2[N+]([O-])=O)[N+]([O-])=O,calibration
3615,A-6048,Clc1c(Cl)c(Cl)c2C(=O)C(c3ccc4cccc(N5C(=O)c6c(Cl)c(Cl)c(Cl)c(Cl)c6C5=O)c4n3)C(=O)c2c1Cl,validation
3616,A-6049,CCN(CC)c1ccc(N=Nc2c(cc(cc2C#N)[N+]([O-])=O)C#N)c(C)c1,validation
3617,A-6050,CCCCCCCCCCCCCC(=O)OCC(O)CO,test
3618,A-6051,CCN(CC)c1ccc2C=C(C(=O)Oc2c1)c3oc4ccc(Cl)cc4n3,validation
3619,A-6052,[Cu++].[O-]c1ccccc1N=Cc2c([O-])ccc3ccccc23,calibration
3620,A-6053,O=[Pb]=O,calibration
3621,A-6054,CCCCCCCCCOC(=O)c1ccc(C(=O)OCCCCCCCCC)c(c1)C(=O)OCCCCCCCCC,calibration
3622,A-6055,CCO[Si](CC(C)CC(C)(C)C)(OCC)OCC,calibration
3623,A-6056,Cc1ccc(Cl)cc1N\N=C2\C(=O)C(=Cc3ccccc23)C(=O)Nc4cc(C)c(NC(=O)C5=Cc6ccccc6C(=N/Nc7cc(Cl)ccc7C)/C5=O)cc4C,validation
3624,A-6057,O=C1c2ccccc2C(=O)c3c(Nc4nc(Nc5cccc6C(=O)c7ccccc7C(=O)c56)nc(n4)c8ccccc8)cccc13,validation
3625,A-6058,CNC(=O)/C(C#N)=C/1NC(c2ccccc12)=C3C(=O)NC(=O)NC3=O,test
3626,A-6059,CC\1=NN2C(=O)c3ccccc3N=C2C1=N/Nc4ccc(Cl)cc4[N+]([O-])=O,test
3627,A-6060,O=C1NC(=O)C(C(=O)N1)=C2NC(c3ccccc23)=C4C(=O)NC(=O)NC4=O,calibration
3628,A-6062,CC(=O)OC/C=C(C)/C=C/C=C(C)/C=C/C1=C(C)CCCC1(C)C,test
3629,A-6063,CCC(=O)OC/C=C(C)/C=C/C=C(C)/C=C/C1=C(C)CCCC1(C)C,calibration
3630,A-6065,[H+].[Mn++].[O-]C(=O)c1cc2ccccc2c(N=Nc3ccc4ccccc4c3[S]([O-])(=O)=O)c1[O-],test
3631,A-6068,CCCCCCCCCCCCCC(=O)OCC(COC(=O)CCCCCCCCCCCCC)OC(=O)CCCCCCCCCCCCC,test
3632,A-6069,[Be]=O,calibration
3633,A-6070,CCCCCC1CCC(CC1)c2ccc(CCC)cc2,test
3634,A-6071,CCC(C)(C)c1cc(n2nc3ccccc3n2)c(O)c(c1)C(C)(C)CC,test
3635,A-6072,CC(=O)C(N=Nc1ccc(c(Cl)c1)c2ccc(N=NC(C(C)=O)C(=O)NN)c(Cl)c2)C(=O)NN,test
3636,A-6074,O=C1c2ccccc2C(=O)c3c4[nH]c5c(ccc6C(=O)c7c8[nH]c9c(ccc%10C(=O)c%11ccccc%11C(=O)c9%10)c8ccc7C(=O)c56)c4ccc13,validation
3637,A-6075,[O--].[O--].[O--].[O--].[O--].[Al+3].[Al+3].[Co++].[Co++],calibration
3638,A-6076,[O--].[O--].[O--].[O--].[V].[Bi+3],test
3639,A-6078,O.[O--].[O--].[O--].[Fe+3].[Fe+3],test
3640,A-6079,CCCCCCCCCCCCOC(=O)C(C)=C,calibration
3641,A-6080,[Nb],validation
3642,A-6081,CCCCCCCCCCCCCCCCCCOC(=O)C(C)=C,test
3643,A-6085,Oc1ccc(Nc2ccccc2)c3C(=O)c4c(c(O)ccc4[N+]([O-])=O)C(=O)c13,test
3644,A-6086,[Na+].Oc1ccc(cc1)[S]([O-])(=O)=O,validation
3645,A-6087,CCCCCCCCCCCCCCCCOC(=O)CCCCCCCCCCCCCCC,test
3646,A-6088,CC(C)(C)c1ccc2OC(=O)C(c2c1)c3cc(ccc3OC(=O)c4cc(c(O)c(c4)C(C)(C)C)C(C)(C)C)C(C)(C)C,validation
3647,A-6089,[Zr++].CCCCC(CC)C([O-])=O.CCCCC(CC)C([O-])=O,calibration
3648,A-6091,CN1C(=O)C(=N/Nc2cccc(O[S](=O)(=O)c3ccccc3)c2)\C(=C(C#N)C1=O)C,calibration
3649,A-6092,[Be],test
3650,A-6094,CCCCC(CC)C(=O)OCC(COC(=O)C(CC)CCCC)(COC(=O)C(CC)CCCC)COC(=O)C(CC)CCCC,test
3651,A-6095,[Au],calibration
3652,A-6098,CCCCCCCC/C=C/CCCCCCCCO[P+](=O)OCCCCCCCC\C=C\CCCCCCCC,test
3653,A-6100,O=[Ce]=O,test
3654,A-6101,Brc1c(Br)c(Br)c(Oc2c(Br)c(Br)c(Br)c(Br)c2Br)c(Br)c1Br,test
3655,A-6105,CCCCCCCCCCCCCCCCCCC1CC(=O)N(CCNCCNCCNCCN2C(=O)CC(CCCCCCCCCCCCCCCCCC)C2=O)C1=O,calibration
3656,A-6108,ClCc1ccc(cc1)c2ccc(CCl)cc2,calibration
3657,B-1,CCC(CC)O[N+]([O-])=O,test
3658,B-2,Oc1cc(Br)cc(C=O)c1,test
3659,B-3,[H+].[Cl-].CCOC(=O)C1(CCN(C)CC1)c2ccccc2,calibration
3660,B-4,CCC(O)(COC(N)=O)c1ccccc1,validation
3661,B-5,CC(O)C(O)=O,test
3662,B-6,C[C@]12CC[C@H]3[C@@H](CCc4cc(O)ccc34)[C@@H]1CC[C@@H]2O,test
3663,B-7,OC(=O)c1c(Cl)cccc1Cl,calibration
3664,B-8,OC(=O)c1c(Cl)ccc(Cl)c1Cl,calibration
3665,B-9,O=C1CCC(N2C(=O)c3ccccc3C2=O)C(=O)N1,validation
3666,B-13,CO[C@H]1[C@@H](C[C@@H]2CN3CCc4c([nH]c5cc(OC)ccc45)[C@H]3C[C@@H]2[C@@H]1C(=O)OC)OC(=O)c6cc(OC)c(OC)c(OC)c6,test
3667,B-14,Oc1ccc(Cl)cc1C(=O)Nc2ccc(cc2Cl)[N+]([O-])=O,validation
3668,B-15,NCCc1c[nH]c2ccc(O)cc12,calibration
3669,B-17,OC(=O)c1cc(Cl)c(Cl)cc1Cl,calibration
3670,B-18,OC(=O)c1ccc(Cl)cc1Cl,validation
3671,B-22,BrC1=CNC(=O)NC1=O,calibration
3672,B-24,CNC[C@H](O)c1ccc(O)c(O)c1.O[C@H]([C@@H](O)C(O)=O)C(O)=O,test
3673,B-25,CNC[C@H](O)c1ccc(O)c(O)c1,test
3674,B-26,CCCC1=CC(=O)NC(=S)N1,validation
3675,B-28,CN(CCCl)CCCl,test
3676,B-29,CC(=O)O[C@]1(CC[C@H]2[C@@H]3CCC4=CC(=O)CC[C@@H]4[C@H]3CC[C@]12C)C#C,test
3677,B-30,CC(=O)S[C@@H]1CC2=CC(=O)CC[C@]2(C)[C@H]3CC[C@@]4(C)[C@@H](CC[C@@]45CCC(=O)O5)[C@H]13,test
3678,B-31,S=[P](N1CC1)(N2CC2)N3CC3,calibration
3679,B-33,CO[P](=O)(OC)C(O)C(Cl)(Cl)Cl,test
3680,B-34,NC(CS)C(O)=O,test
3681,B-36,ClC(Cl)C(c1ccc(Cl)cc1)c2ccccc2Cl,test
3682,B-40,CN1CCC[C@H]1c2cccnc2,validation
3683,B-42,OCC1OC(CC1O)N2C=C(I)C(=O)NC2=O,test
3684,B-44,CN(C)c1ccc(cc1)N=Nc2cccc(C)c2,calibration
3685,B-45,CC(C)O[P](F)(=O)OC(C)C,validation
3686,B-46,CC1=CC(=O)NC(=S)N1,calibration
3687,B-47,NCCCC(O)=O,calibration
3688,B-48,C[C@@]12[C@H]3CC[C@H](O3)[C@]1(C)C(=O)OC2=O,validation
3689,B-50,Nc1ncnc2n(cnc12)C3OC(CO[P](O)(=O)O[P](O)(=O)O[P](O)(O)=O)C(O)C3O,test
3690,B-51,CCO[P](=S)(OCC)Oc1ccc2C(=C(Cl)C(=O)Oc2c1)C,validation
3691,B-56,NCCCCC(N)C(O)=O,calibration
3692,B-58,OCC(O)CO[P](O)(O)=O,test
3693,B-59,C=CCN=C=S,test
3694,B-61,CN(C)N,test
3695,B-63,CCOC(=O)C1(CCN(C)CC1)c2ccccc2,calibration
3696,B-64,OC[C@@H](O)[C@@H](O)[C@H](O)C(=O)CO,test
3697,B-65,OC[C@H]1O[C@H](O[C@]2(CO)O[C@H](CO)[C@@H](O)[C@@H]2O)[C@H](O)[C@@H](O)[C@@H]1O,calibration
3698,B-66,CC(O)CO,validation
3699,B-68,C[C@]12CC[C@H]3[C@@H](CCc4cc(O)ccc34)[C@@H]1CC[C@@]2(O)C#C,test
3700,B-69,NC(N)=N[S](=O)(=O)c1ccc(N)cc1,validation
3701,B-70,ClC1CC2C(C1Cl)C3(Cl)C(=C(Cl)C2(Cl)C3(Cl)Cl)Cl,calibration
3702,B-71,CCC(=O)O[C@H]1CC[C@H]2[C@@H]3CCC4=CC(=O)CC[C@]4(C)[C@H]3CC[C@]12C,test
3703,B-73,C[C@]12CC[C@H]3[C@@H](CCc4cc(O)ccc34)[C@@H]1CC[C@H]2O,test
3704,B-74,CN=C1CN(O)C(=C2C=C(Cl)C=CC2=N1)c3ccccc3,validation
3705,B-75,CN1CCN(CCCN2c3ccccc3Sc4ccc(Cl)cc24)CC1,calibration
3706,B-80,CCN(CC)C(=O)c1cccnc1,calibration
3707,B-81,O=C1Nc2ccccc2C=C1,test
3708,B-82,Nc1ccc(cc1)[S](=O)(=O)Nc2cnc3ccccc3n2,test
3709,B-83,[Cl-].Cc1ncc(C[n+]2csc(CCO)c2C)c(N)n1,test
3710,B-84,Cc1ccccc1OCC(O)CO,validation
3711,B-85,Cc1cc(O)ccc1Cl,calibration
3712,B-86,CSCCC(N)C(O)=O,validation
3713,B-87,OCC(S)CS,calibration
3714,B-88,OCC1OC(O[P](O)(O)=O)C(O)C(O)C1O,test
3715,B-89,O=NN1CCOCC1,test
3716,B-90,NC(Cc1ccc(O)c(O)c1)C(O)=O,validation
3717,B-95,NCCCCCC(O)=O,validation
3718,B-97,CC(N)=O,calibration
3719,B-98,CN(C)[C@H]1[C@@H]2C[C@H]3C(=C(O)c4c(O)cccc4[C@@]3(C)O)C(=O)[C@]2(O)C(=O)\C(=C(N)/O)C1=O,validation
3720,B-99,ClC1=C(Cl)C2(Cl)C3C4CC(C5OC45)C3C1(Cl)C2(Cl)Cl,validation
3721,B-100,COc1ccc2Sc3ccccc3N(C[C@H](C)CN(C)C)c2c1,test
3722,B-102,Cc1cccc(Nc2ccccc2C(O)=O)c1C,test
3723,B-103,[Cl-].CN(C)c1ccc2nc3ccc(cc3[s+]c2c1)N(C)C,validation
3724,B-106,[Cl-].COC(C[Hg+])CNC(N)=O,calibration
3725,B-107,CC(C)(N)C(O)=O,test
3726,B-108,C/C=C(/C)C(=O)O[C@H]1CC[C@@]2(C)[C@@H]3CC[C@H]4[C@]5(O)C[C@H](O)[C@@]6(O)[C@@H](CN7C[C@@H](C)CC[C@H]7[C@@]6(C)O)[C@]5(O)C[C@]24O[C@]13O,test
3727,B-110,[Na+].[O-]C(=O)CF,validation
3728,B-112,COC(=O)C1=CCCN(C)C1,validation
3729,B-114,CNC(=O)Oc1cccc(c1)C(C)C,test
3730,B-119,C[NH+]1CC[C@@]23C4Oc5c(O)ccc(C[C@H]1[C@H]2C=C[C@H]4O)c35.C[NH+]6CC[C@@]78C9Oc%10c(O)ccc(C[C@H]6[C@H]7C=C[C@H]9O)c8%10.[O-][S]([O-])(=O)=O,validation
3731,B-120,CCC(C)C(C)(COC(N)=O)COC(N)=O,test
3732,B-121,COC1=CC=C2C(=CC1=O)[C@H](CCc3cc(OC)c(OC)c(OC)c23)NC(C)=O,test
3733,B-122,[H+].[Cl-].Cc1ncc(CO)c(C=O)c1O,calibration
3734,B-124,N[C@@H](Cc1cc(I)c(O)c(I)c1)C(O)=O,validation
3735,B-125,c1cnc2c(c1)ccc3cccnc23,calibration
3736,B-126,Cc1ncc(CO)c(C=O)c1O,test
3737,B-128,CC(=O)N/N=C/c1oc(cc1)[N+]([O-])=O,test
3738,B-131,CC(C)=O,calibration
3739,B-132,C[S](C)=O,test
3740,B-133,CN1C(=O)[C@]23CC4=CC=C[C@H](O)[C@H]4N2C(=O)[C@@]1(CO)SS3,test
3741,B-135,C[C@]12CC[C@H]3[C@@H](CCC4=CC(=O)CC[C@H]34)[C@@H]1CC[C@@]2(O)C#C,test
3742,B-137,O=C1N=CNc2nc[nH]c12,test
3743,B-140,OCC1OC(OC2C(O)C(O)C(O)OC2CO)C(O)C(O)C1O,test
3744,B-142,Oc1c(Cl)cc(Cl)c(Cl)c1Cc2c(O)c(Cl)cc(Cl)c2Cl,test
3745,B-143,[O-][N+](=O)c1ccc(F)c(c1)[N+]([O-])=O,calibration
3746,B-145,CC(=O)N(O)CCCCCNC(=O)CCC(=O)N(O)CCCCCNC(=O)CCC(=O)N(O)CCCCCN,calibration
3747,B-146,NC(Cc1[nH]cnc1)C(O)=O,calibration
3748,B-148,NC1=CC=NC(=O)N1,calibration
3749,B-149,C[C@H]1O[C@H](C[C@H](O)[C@@H]1O)O[C@H]2[C@@H](O)C[C@@H](O[C@@H]2C)O[C@H]3[C@@H](O)C[C@@H](O[C@@H]3C)O[C@H]4CC[C@@]5(C)[C@H](CC[C@@H]6[C@@H]5CC[C@]7(C)[C@H](CC[C@]67O)C8=CC(=O)OC8)C4,test
3750,B-150,[Na+].CC(O)C([O-])=O,test
3751,B-153,COc1ccc(cc1)C(c2ccc(OC)cc2)C(Cl)(Cl)Cl,test
3752,B-154,Oc1ccc2C(=O)c3ccccc3C(=O)c2c1O,calibration
3753,B-157,Nc1ncnc2nc[nH]c12,validation
3754,B-159,N[S](=O)(=O)c1cc2c(NC(Cc3ccccc3)N[S]2(=O)=O)cc1C(F)(F)F,test
3755,B-160,CCC1NC(=O)c2cc(c(Cl)cc2N1)[S](N)(=O)=O,test
3756,B-162,C,validation
3757,B-167,C#N,test
3758,B-169,CC#C,validation
3759,B-171,CCN,calibration
3760,B-174,ON=C,test
3761,B-176,C1CO1,validation
3762,B-177,BrC(Br)Br,validation
3763,B-180,CC(C)I,test
3764,B-181,CC(C)N,test
3765,B-182,IC(I)I,test
3766,B-183,CC1CN1,calibration
3767,B-184,C[As](C)(O)=O,validation
3768,B-190,CC(C)(O)C#N,validation
3769,B-191,FC(F)(F)CCl,test
3770,B-193,[O-]C(=O)C(Br)(Br)Br,validation
3771,B-194,CC(=O)C(C)(C)C,validation
3772,B-196,CC(Cl)(Cl)C(O)=O,test
3773,B-197,CC(O)C(Cl)(Cl)Cl,calibration
3774,B-199,OC(=O)C(F)(F)Cl,calibration
3775,B-201,FC(F)(Cl)C(Cl)(Cl)Cl,calibration
3776,B-202,FC(Cl)(Cl)C(F)(Cl)Cl,test
3777,B-205,CC1(C)C2CCC1(C)C(=O)C2,test
3778,B-206,OC1(C(=O)NC(=O)NC1=O)C2(O)C(=O)NC(=O)NC2=O,test
3779,B-207,CC1(C)O[C@@H]2C[C@H]3[C@@H]4CCC5=CC(=O)C=C[C@]5(C)[C@@]4(F)[C@@H](O)C[C@]3(C)[C@@]2(O1)C(=O)CO,validation
3780,B-208,CC(C)(CO)[N+]([O-])=O,test
3781,B-209,CC(Cl)C(Cl)(Cl)C(O)O,test
3782,B-210,ClC1C=CC2C1C3(Cl)C(=C(Cl)C2(Cl)C3(Cl)Cl)Cl,test
3783,B-211,COc1ccc2C[C@@H]3[C@@H]4C=C[C@H](O)[C@@H]5Oc1c2[C@]45CCN3C,test
3784,B-212,CCOc1ccc2C[C@@H]3[C@@H]4C=C[C@H](O)[C@@H]5Oc1c2[C@]45CCN3C,test
3785,B-213,Cc1cc(ccc1N)C(O)(c2ccc(N)cc2)c3ccc(N)cc3,validation
3786,B-214,OC(c1ccccc1)(c2ccccc2)c3ccccc3,calibration
3787,B-215,CC1(C(=O)NC(=O)NC1=O)c2ccccc2,test
3788,B-216,Oc1ccc(cc1)C2(OC(=O)c3ccccc23)c4ccc(O)cc4,test
3789,B-217,CC(C)CC1(CC=C)C(=O)NC(=O)NC1=O,test
3790,B-218,N[S](=O)(=O)c1cc(ccc1Cl)C2(O)NC(=O)c3ccccc23,validation
3791,B-219,CC(CO)(CO)[N+]([O-])=O,test
3792,B-220,CCC(C)(O)CC,calibration
3793,B-222,CCO[P](=O)(C#N)N(C)C,test
3794,B-224,CCCCOC(=O)CC(CC(=O)OCCCC)(OC(C)=O)C(=O)OCCCC,calibration
3795,B-226,CCOC(=O)CC(O)(CC(=O)OCC)C(=O)OCC,test
3796,B-227,CCC(CO)(CO)CO,calibration
3797,B-228,[O-][N+](=O)OCC(CO[N+]([O-])=O)(CO[N+]([O-])=O)CO[N+]([O-])=O,validation
3798,B-229,CCC(C)(CC)OC(N)=O,test
3799,B-230,Cc1ccc(O[P](=O)(Oc2ccc(C)cc2)Oc3ccc(C)cc3)cc1,test
3800,B-231,CCCC(C)(COC(N)=O)COC(=O)NC(C)C,test
3801,B-232,CCCCO[P](=O)(CCCC)OCCCC,validation
3802,B-234,CO[P](=S)(OC)SCc1nc(N)nc(N)n1,test
3803,B-237,CC(C)=CCCC(C)(O)C=C,test
3804,B-238,BrCC(Br)Br,test
3805,B-239,CC(Br)CBr,test
3806,B-242,CC(C)CN,test
3807,B-247,ClCC(Cl)=C,validation
3808,B-248,CC(=O)CCl,validation
3809,B-249,CC(O)CN,validation
3810,B-250,CCC(Cl)Cl,calibration
3811,B-251,OC(=O)CBr,validation
3812,B-255,CC(=O)OO,validation
3813,B-257,OC(=O)C(Cl)Cl,test
3814,B-259,CC(C)(CO)C(O)C(=O)NCCC(O)=O,test
3815,B-260,CC1(C)OC(=O)C[C@@H]1C([O-])=O,test
3816,B-263,CC(C)c1sc(N[S](=O)(=O)c2ccc(N)cc2)nn1,validation
3817,B-264,CC(C)(OOC(C)(C)c1ccccc1)c2ccccc2,test
3818,B-265,CCC(C)(C)c1ccc(O)cc1,test
3819,B-269,CC(=O)C1CC[C@H]2[C@@H]3CCC4=CC(=O)CC[C@]4(C)[C@H]3[C@H](O)C[C@]12C,calibration
3820,B-270,CN1C(c2ccc(Cl)cc2)[S](=O)(=O)CCC1=O,test
3821,B-272,CC(=O)c1c(C)c(c(c(c1C)[N+]([O-])=O)C(C)(C)C)[N+]([O-])=O,calibration
3822,B-273,C[C@H](CCC(O)=O)[C@H]1CC[C@H]2[C@@H]3[C@H](O)C[C@@H]4C[C@H](O)CC[C@]4(C)[C@H]3C[C@H](O)[C@]12C,test
3823,B-274,Oc1cc(O)c2C(=O)c3ccccc3C(=O)c2c1O,calibration
3824,B-276,CC(=O)CC(c1ccc(Cl)cc1)C2=C(O)Oc3ccccc3C2=O,calibration
3825,B-277,Oc1ccc(cc1)C(c2ccc(O)cc2)c3ccccc3C(O)=O,test
3826,B-279,Cc1ccc2C(=O)c3ccccc3C(=O)c2c1N,test
3827,B-280,O[S](=O)(=O)c1cccc2C(=O)c3cccc(c3C(=O)c12)[S](O)(=O)=O,validation
3828,B-282,CN1CCN(CC1)C(c2ccccc2)c3ccccc3,test
3829,B-284,CC(C)(C)C(=O)C1C(=O)c2ccccc2C1=O,validation
3830,B-285,C[C@H]1C[C@H]2[C@@H]3CC[C@](O)(C(=O)CO)[C@@]3(C)C[C@H](O)[C@@H]2[C@@]4(C)C=CC(=O)C=C14,test
3831,B-286,C[C@H](CCC(O)=O)[C@H]1CC[C@H]2[C@@H]3CC[C@@H]4C[C@H](O)CC[C@]4(C)[C@H]3C[C@H](O)[C@]12C,test
3832,B-287,CN1C=CC(=O)c2ccccc12,test
3833,B-289,COc1cc2OC[C@H]3Oc4c5C[C@@H](Oc5ccc4C(=O)[C@H]3c2cc1OC)C(C)=C,validation
3834,B-290,O[P](O)(=O)O[C@H]1[C@H](O[P](O)(O)=O)[C@@H](O[P](O)(O)=O)[C@H](O[P](O)(O)=O)[C@@H](O[P](O)(O)=O)[C@H]1O[P](O)(O)=O,validation
3835,B-291,Cc1cc2N=C3C(=O)NC(=O)N=C3N(CC(O)C(O)C(O)CO)c2cc1C,test
3836,B-292,c1ccc(cc1)c2ccccc2c3ccccc3,test
3837,B-293,COc1ccc2nccc(C(=O)C3CC4CCN3CC4C=C)c2c1,test
3838,B-294,Oc1ccc2C(=O)c3cc(O)ccc3C(=O)c2c1,test
3839,B-296,O=C(Oc1ccccc1)c2ccccc2C(=O)Oc3ccccc3,test
3840,B-298,CCCCCCCCCCOC(=O)c1ccccc1C(=O)OCCCCCCCCCC,validation
3841,B-299,COc1c2C=CC(=O)Oc2cc3OC(C)(C)C=Cc13,test
3842,B-300,CN1C(=O)N(C)c2nc(Cl)[nH]c2C1=O,test
3843,B-301,OC(=O)c1ccccc1C(=O)c2ccc(Cl)cc2,test
3844,B-303,Cc1cccc(NC(=O)c2ccccc2C(O)=O)c1,test
3845,B-304,Nc1ccc(c2cc(ccc12)[S](O)(=O)=O)[S](O)(=O)=O,test
3846,B-305,Nc1ccc(c2ccc(cc12)[S](O)(=O)=O)[S](O)(=O)=O,test
3847,B-307,N#CC(c1ccccc1)c2ccccc2,test
3848,B-309,OC(=O)c1cccc2cccnc12,validation
3849,B-310,COc1cc(C=O)cc(OC)c1OC,test
3850,B-311,CC(C)CCOC(=O)c1ccccc1O,test
3851,B-312,OCCOC(=O)c1ccccc1O,test
3852,B-313,CC(=O)N[C@@H](Cc1c[nH]c2ccccc12)C([O-])=O,test
3853,B-314,Clc1ncnc2nc[nH]c12,test
3854,B-315,CN(C)C(=O)Oc1cc(C)nn1c2ccccc2,validation
3855,B-317,Cc1cccc(Cl)c1O,calibration
3856,B-318,Oc1cccc(O)c1O,validation
3857,B-320,Brc1c(Br)c(Br)c(Br)c(Br)c1Br,calibration
3858,B-321,ClN1C(=O)N(Cl)C(=O)N(Cl)C1=O,test
3859,B-324,Oc1c(Cl)cc(Cl)cc1Cl,test
3860,B-325,CC(=O)c1sccc1,validation
3861,B-327,Oc1ccc(c(c1)C(F)(F)F)[N+]([O-])=O,calibration
3862,B-329,CCC(C)c1cc(cc(c1O)[N+]([O-])=O)[N+]([O-])=O,test
3863,B-331,NC(=O)c1ccccc1C(N)=O,test
3864,B-334,OC(=O)Cc1ccccc1C(O)=O,test
3865,B-335,Nc1ccc(Cl)cc1[N+]([O-])=O,calibration
3866,B-336,Oc1ccc(Cl)cc1[N+]([O-])=O,calibration
3867,B-337,OCC(O)C(O)C1OC(=O)C(O)C1O,calibration
3868,B-338,CC(C)c1cc(Cl)c(C)cc1O,test
3869,B-343,Brc1cccc2ccccc12,calibration
3870,B-344,C1CCN2C[C@@H]3C[C@@H](CN4CCCC[C@H]34)[C@@H]2C1,test
3871,B-345,COC(=CC(O)=O)C(=O)C(C)=C,validation
3872,B-346,OCC1OC(=O)C(O)C(O)C1O,test
3873,B-347,CN(C)c1ccc(cc1)C(=O)c2ccc(cc2)N(C)C,calibration
3874,B-350,c1ccc2nccnc2c1,test
3875,B-351,Nc1ccc2ccccc2c1,calibration
3876,B-353,CN(C)CCN(Cc1sccc1)c2ccccn2,calibration
3877,B-354,Oc1ccc(cc1O)c2ccccc2,test
3878,B-355,c1ccc(cc1)c2cccc(c2)c3ccccc3,test
3879,B-356,[Cl-].CN(C)c1ccc2nc3cc(C)c(N)cc3[s+]c2c1,calibration
3880,B-357,Oc1cc2ccccc2cc1O,test
3881,B-358,CCN(CCO)c1ccccc1,test
3882,B-359,Nc1ccc2cc3ccc(N)cc3nc2c1,test
3883,B-360,CC(=O)c1ccc(cc1)c2ccccc2,test
3884,B-361,[O-][N+](=O)c1ccc(cc1)c2ccccc2,test
3885,B-362,COc1ccc(OC)c(C=O)c1,test
3886,B-364,OC(=O)c1ccc2ccccc2n1,validation
3887,B-367,Cc1ccc2ccc(C)nc2c1,test
3888,B-368,ClCC(=O)N(CC=C)CC=C,test
3889,B-369,OC(=O)CCCOc1cc(Cl)c(Cl)cc1Cl,test
3890,B-370,CC(=O)CC(=O)c1ccccc1,calibration
3891,B-371,O=C(OC(=O)c1ccccc1)c2ccccc2,test
3892,B-372,CC(C)OC(=O)COc1ccc(Cl)cc1Cl,test
3893,B-373,CC(C)COC(=O)c1ccc(N)cc1,test
3894,B-374,CCOc1ccc(cc1)C(=O)OCCN(CC)CC,test
3895,B-376,[I-].CN1C=CC=C\C1=C/[NH+]=O,test
3896,B-377,CCCCOC(=O)COc1ccc(Cl)cc1Cl,validation
3897,B-378,Cc1cc(Cl)ccc1OCCCC(O)=O,test
3898,B-379,Clc1ccc(OCCOC(=O)c2ccccc2)c(Cl)c1,test
3899,B-380,CCCC(O)C(CC)CO,test
3900,B-382,CCC(CC)C(=O)OCCOCCOCCOC(=O)C(CC)CC,test
3901,B-383,C\C(NO)=C(/C)N=O,test
3902,B-384,Cc1ccc(N)cc1C,test
3903,B-386,Oc1ccc(Cl)c(Cl)c1,validation
3904,B-387,CCOC(=O)C(=O)OCC,test
3905,B-389,OCC(Br)CBr,calibration
3906,B-390,ClCC(Cl)CCl,test
3907,B-391,CCC(N)CO,calibration
3908,B-392,OCC(O)CCl,test
3909,B-393,CC\C(C)=N\O,test
3910,B-395,CC1CCCO1,validation
3911,B-398,CC(O[P](C)(F)=O)C(C)(C)C,test
3912,B-400,CC(C)N(CCO)C(C)C,test
3913,B-401,CC(C)[C@H](NC(C)=O)C(O)=O,validation
3914,B-404,Oc1c(Cl)cc(Cl)cc1Sc2cc(Cl)cc(Cl)c2O,validation
3915,B-407,CCCC(C)C(O)=O,calibration
3916,B-408,CCOC(=O)C(C)O,validation
3917,B-410,CC(C)COC(=O)C(C)C,calibration
3918,B-413,OCc1occc1,test
3919,B-415,CC(C)(C)c1ccc(O)c(O)c1,test
3920,B-419,CC1=CC[C@@H](CC1)C(C)(C)O,test
3921,B-420,Cl[S](=O)(=O)c1ccc(I)cc1,test
3922,B-422,CC(O)c1ccccc1,calibration
3923,B-423,ClC(Cl)c1ccccc1,test
3924,B-424,OC(=O)c1ccccn1,test
3925,B-425,OCc1ccccc1O[C@@H]2O[C@H](COC(=O)c3ccccc3)[C@@H](O)[C@H](O)[C@H]2O,calibration
3926,B-426,COC(=O)c1cc(O)c(O)c(O)c1,calibration
3927,B-427,Nc1c(Cl)cc(cc1Cl)[N+]([O-])=O,validation
3928,B-428,OC(=O)C1=CC(=O)C=C(O1)C(O)=O,test
3929,B-429,CC(=C)C1CC=C(C)C(=O)C1,test
3930,B-432,CCC(C)c1ccc(O)cc1,test
3931,B-434,CC(C)C1=CCC(=CC1)C,test
3932,B-436,OC(=O)c1ccc(cc1)C(O)=O,validation
3933,B-437,CCN(CC)CCO,test
3934,B-440,N#Cc1ccncc1,calibration
3935,B-441,N#Cc1cccnc1,test
3936,B-444,OCC1CCCCO1,calibration
3937,B-445,CCN1CCOCC1,test
3938,B-447,CC(Oc1cccc(Cl)c1)C(O)=O,test
3939,B-450,CN1[C@@H]2CC[C@H]1CC(C2)OC(=O)[C@H](CO)c3ccccc3,test
3940,B-451,Oc1ccc(Cc2ccccc2)cc1,calibration
3941,B-454,O=C(Nc1ccccc1)Nc2ccccc2,validation
3942,B-455,CCc1cc(CC)cc(CC)c1,test
3943,B-456,CCN(CC)CN(CC)CC,calibration
3944,B-457,CC(O)CN(CCN(CC(C)O)CC(C)O)CC(C)O,calibration
3945,B-458,C=CCN(CC=C)CC=C,test
3946,B-461,CCCCN(CCCC)CCCC,test
3947,B-464,BrCCc1ccccc1,calibration
3948,B-465,CNCc1ccccc1,test
3949,B-468,CC(=O)Nc1ccc(C)cc1,test
3950,B-470,CC(=O)Nc1ccc(cc1)/C=N/NC(N)=S,test
3951,B-471,Cc1ccc(cc1)[S](O)(=O)=O,test
3952,B-472,CCOCCOC(=O)/C=C/c1ccc(OC)cc1,test
3953,B-473,OCC(O)COc1ccc(Cl)cc1,calibration
3954,B-476,CCCCCCCCCCc1ccccc1,validation
3955,B-478,OCC1CCC(CO)O1,calibration
3956,B-484,CCCC(O)C#C,validation
3957,B-485,CCOC(=O)CCl,calibration
3958,B-486,COC(=O)CC(C)=O,calibration
3959,B-487,CCC(C)OC(C)=O,validation
3960,B-491,CCCC(=O)OCCOC(=O)CCC,test
3961,B-493,COCCOC(=O)CCCCC(=O)OCCOC,test
3962,B-496,CCCCCCC(=O)OCC,test
3963,B-497,CCCCCCCC(=O)OCC,calibration
3964,B-498,Oc1ccc(O)cc1.O=C2C=CC(=O)C=C2,test
3965,B-499,CCCCC(=O)CC,calibration
3966,B-501,O=C1CNC(=O)CN1,calibration
3967,B-502,CC(O)COC(C)CO,calibration
3968,B-504,CCCCCC(=O)CC,calibration
3969,B-506,COC(=O)CCCCCCCCC(=O)OC,test
3970,B-508,BrCC#C,test
3971,B-509,CCC#C,validation
3972,B-510,CCCS,test
3973,B-511,ClCCBr,test
3974,B-512,ClCC=C,calibration
3975,B-515,NCC=C,calibration
3976,B-517,NCCN,validation
3977,B-518,OCC=C,validation
3978,B-520,OCCO,validation
3979,B-521,O=CC=O,test
3980,B-524,NCC[S](O)(=O)=O,validation
3981,B-525,OCC[S](O)(=O)=O,test
3982,B-526,CC(O)CC(C)(C)O,test
3983,B-527,CC(C)O[P](C)(F)=O,test
3984,B-529,CCO[P](=O)(OCC)O[P](=O)(OCC)OCC,validation
3985,B-530,C[Si](C)(C)O[Si](C)(C)O[Si](C)(C)C,calibration
3986,B-532,NC(=O)OCC(Cl)(Cl)Cl,validation
3987,B-533,COC(C)(C)CC(C)=O,test
3988,B-534,CC(C)CCBr,calibration
3989,B-536,CC(O)CCO,test
3990,B-537,CC(O)CC=O,validation
3991,B-538,NC(=O)CC#N,calibration
3992,B-539,CCCC(O)=O,test
3993,B-542,CNCC(O)=O,calibration
3994,B-544,CN(C)CCO,test
3995,B-545,CC(C)CC(C)C,test
3996,B-546,CC(C)CC(C)O,test
3997,B-549,CC(=O)OC(C)=O,validation
3998,B-550,C=C1OC(=O)C=C1,calibration
3999,B-551,CCO[P](=O)(OCC)Oc1cc(C)[nH]n1,test
4000,B-552,Cc1cccc(Cl)c1,test
4001,B-553,CC1OC(C)OC(C)OC(C)O1,validation
4002,B-554,CCOC(=O)CC(C)C,test
4003,B-556,Cc1cc(C)nc(C)c1,test
4004,B-561,CC(C)CC(C)OC(C)=O,calibration
4005,B-563,Cc1ccncc1,test
4006,B-565,Sc1ccccc1,validation
4007,B-566,Cc1cccnc1,validation
4008,B-567,CN1CCOCC1,test
4009,B-569,CC1CNCCN1,validation
4010,B-570,Cc1cnccn1,validation
4011,B-572,CCCCOC(=O)CCCCCCCCC(=O)OCCCC,test
4012,B-573,CCOCCOC(=O)CCCCC(=O)OCCOCC,calibration
4013,B-574,CCC#CC(C)O,test
4014,B-575,CC(C)COC=C,test
4015,B-578,BrCCCBr,test
4016,B-580,CC\C=C/C,test
4017,B-581,CCCCN,test
4018,B-582,OCCC#N,test
4019,B-583,CCCCS,test
4020,B-585,NNCCO,calibration
4021,B-586,COCCO,validation
4022,B-592,CC(C)COC(C)=O,calibration
4023,B-593,CC(C)=NNC(N)=O,calibration
4024,B-594,CCCCCCCCCC(=O)OCC,test
4025,B-595,CCOC(=O)CCCCCCCCC(=O)OCC,calibration
4026,B-596,CC(C)CCOC=O,calibration
4027,B-597,COCCOC(C)=O,test
4028,B-599,ClCCCCCl,validation
4029,B-600,ClC/C=C/CCl,validation
4030,B-601,CCCCCN,test
4031,B-605,CCCCCS,test
4032,B-607,ClCCOC=C,calibration
4033,B-608,CCOCCO,test
4034,B-609,C1CNCCN1,test
4035,B-611,C1COCCN1,test
4036,B-613,CC[C@H](C)[NH2+][C@H](C)CC,calibration
4037,B-615,OC(=O)COCC(O)=O,test
4038,B-617,CCCCCCC(O)=O,calibration
4039,B-618,CCOCCOC(C)=O,calibration
4040,B-620,OC(=O)CCCCCCCCC(O)=O,test
4041,B-621,[O-][N+](=O)OCCOCCOCCO[N+]([O-])=O,calibration
4042,B-623,NCCNCCN,calibration
4043,B-633,COCCOCCO,calibration
4044,B-634,CCCCCCCCC,validation
4045,B-637,CCOCCOCCO,test
4046,B-638,ClCCOCOCCCl,test
4047,B-640,CCCCOCCOC(C)=O,calibration
4048,B-643,ClCCOCCOCCCl,test
4049,B-645,CCCCOCCOCCO,test
4050,B-646,COCCOCCOCCO,test
4051,B-647,CCOCCOCCOCC,validation
4052,B-648,CCOCCOCCOCCO,calibration
4053,B-650,CCCCCCOCCOCCO,test
4054,B-655,CCCCCCCCCCCCCCCCCCCC,test
4055,B-656,CNC(=O)Oc1ccccc1OC(C)C,validation
4056,B-661,CN(C)[P](F)(=O)N(C)C,calibration
4057,B-662,OC(=O)C1C(C(O)=O)C2(Cl)C(=C(Cl)C1(Cl)C2(Cl)Cl)Cl,calibration
4058,B-663,CC(N)(CO)CO,validation
4059,B-665,CCC(CC)(CO)CO,validation
4060,B-667,CCCCCCCCO[P](=O)(Oc1ccccc1)Oc2ccccc2,validation
4061,B-668,CO[P](=O)(Oc1ccccc1)Oc2ccccc2,test
4062,B-669,ClCCO[P](=O)(OCCCl)OCCCl,validation
4063,B-670,CCNC(=O)CS[P](=S)(OC)OC,validation
4064,B-671,CNC(=O)O\N=C\C(C)(C)SC,test
4065,B-672,CC(=O)CO,validation
4066,B-673,COC(C)=C,test
4067,B-674,FC(F)=C(F)F,test
4068,B-675,CC1(C)N(CO)C(=O)NC1=O,test
4069,B-676,Clc1ccc(cc1)[S](=O)(=O)c2cc(Cl)c(Cl)cc2Cl,test
4070,B-678,Nc1ccc(O)c2C(=O)c3ccccc3C(=O)c12,calibration
4071,B-679,O[S](=O)(=O)c1cccc2C(=O)c3c(cccc3[S](O)(=O)=O)C(=O)c12,test
4072,B-680,Nc1ccc2C(=O)c3ccccc3C(=O)c2c1,validation
4073,B-682,COCCOC(=O)c1ccccc1C(=O)OCCOC,validation
4074,B-683,CCCCCCCCOC(=O)c1ccccc1C(=O)OCCCCCCCC,calibration
4075,B-684,COc1ccc2C(OC(=O)c2c1OC)C3N(C)CCc4cc5OCOc5cc34,test
4076,B-686,CCNc1cccc2ccccc12,validation
4077,B-687,CC1(C)N(Cl)C(=O)N(Cl)C1=O,validation
4078,B-690,[O-][N+](=O)c1ccc(Cl)cc1C(F)(F)F,test
4079,B-691,CCO[P](=S)(OCC)OC1=NN(C(=O)C=C1)c2ccccc2,calibration
4080,B-692,Oc1ccc(Nc2ccc(cc2[N+]([O-])=O)[N+]([O-])=O)cc1,test
4081,B-693,Oc1cc(cc2ccc(Nc3ccccc3)cc12)[S](O)(=O)=O,test
4082,B-694,CC(C)n1nc(C)cc1OC(=O)N(C)C,test
4083,B-695,Cc1cc(Cc2cc(C)cc(c2O)C(C)(C)C)c(O)c(c1)C(C)(C)C,validation
4084,B-696,CCCCN(CCN(CCCC)C(=O)N1CCOCC1)C(=O)N2CCOCC2,test
4085,B-698,OC(c1ccccc1)c2ccc(Cl)cc2,test
4086,B-700,CNc1ccccc1C(O)=O,test
4087,B-701,Cc1cc(ccc1N)c2ccc(N)c(C)c2,test
4088,B-703,COc1ccc(C=O)cc1OC,validation
4089,B-704,CCOc1ccc(C=O)cc1OC,validation
4090,B-705,Oc1ccc(Cl)cc1Cc2ccccc2,test
4091,B-707,[nH]1cnc2ncncc12,validation
4092,B-708,S(Sc1sc2ccccc2n1)c3sc4ccccc4n3,validation
4093,B-709,CC(C)=C[C@@H]1[C@@H](C(=O)O[C@H]2CC(=O)C(=C2C)C\C=C/C=C)C1(C)C,test
4094,B-710,COC(=O)C(/C)=C/[C@@H]1[C@@H](C(=O)O[C@H]2CC(=O)C(=C2C)C\C=C/C=C)C1(C)C,calibration
4095,B-713,CCCOC(=O)c1cc(O)c(O)c(O)c1,test
4096,B-714,[O-][N+](=O)N1CN(CN(C1)[N+]([O-])=O)[N+]([O-])=O,test
4097,B-715,CN(C)C(=O)OC1=CC(=O)CC(C)(C)C1,test
4098,B-718,N(Nc1ccccc1)c2ccccc2,test
4099,B-719,OCCNc1ccccc1,validation
4100,B-724,OC(=O)CCC(=O)OOC(=O)CCC(O)=O,test
4101,B-725,CCCCCCCCC(=O)OCC,validation
4102,B-726,CC(C)=CCCC(=C)C=C,calibration
4103,B-728,CC(=O)CC(C)(C)O,calibration
4104,B-731,CCCCCCCCOC(=O)CCCCC(=O)OCCCCCCCC,calibration
4105,B-732,CC(O)CNCCN,test
4106,B-734,CC(C)CCOC(C)=O,calibration
4107,B-735,OC(=O)CSCC(O)=O,test
4108,B-736,CCCCCCCC=O,calibration
4109,B-737,CCCCOCCOCCOC(C)=O,test
4110,B-738,CCCCCCCCCC,test
4111,B-740,CCCCCCCCCCCCN,validation
4112,B-742,C[As](O)(O)=O,test
4113,B-743,[Cl-].OC[P+](CO)(CO)CO,test
4114,B-744,CC(C)(N)CO,validation
4115,B-745,FC(F)(Br)C(F)(F)Br,validation
4116,B-746,CC1(C)[C@H](CC[C@@]1(C)C([O-])=O)C([O-])=O,test
4117,B-747,CC(=C)[C@@H]1C2OC(=O)C1[C@]3(O)CC4O[C@]45C(=O)O[C@H]2[C@]35C.CC(C)(O)[C@@H]6C7OC(=O)C6[C@]8(O)C[C@H]9O[C@]9%10C(=O)O[C@H]7[C@]8%10C,calibration
4118,B-749,CC(=O)OC[C@H]1O[C@H](O[C@]2(COC(C)=O)O[C@H](COC(C)=O)[C@@H](OC(C)=O)[C@@H]2OC(C)=O)[C@H](OC(C)=O)[C@@H](OC(C)=O)[C@@H]1OC(C)=O,calibration
4119,B-750,NC(=O)OC1(CCCCC1)C#C,validation
4120,B-751,OCC(CO)(CO)COCC(CO)(CO)CO,calibration
4121,B-752,BrCC(Br)CO[P](=O)(OCC(Br)CBr)OCC(Br)CBr,validation
4122,B-753,CCO[P](=O)(OCC)SCCSCC,calibration
4123,B-754,CC1(C)CC(=O)CC(=O)C1,calibration
4124,B-755,CCCC1OC1(CC)C(N)=O,test
4125,B-756,NC(=O)NO,validation
4126,B-757,CC(=O)C(O)=O,test
4127,B-759,CN1C(=O)OC(C)(C)C1=O,test
4128,B-760,Nc1ccc(cc1)[S](=O)(=O)NC(=O)c2ccccc2,validation
4129,B-762,[Ag+].CC([O-])C(O)=O,test
4130,B-763,BrN1C(=O)CCC1=O,validation
4131,B-764,ClN1C(=O)CCC1=O,test
4132,B-765,C[C@H](CCC(O)=O)[C@H]1CC[C@H]2[C@@H]3[C@@H](O)C[C@@H]4C[C@H](O)CC[C@]4(C)[C@H]3CC[C@]12C,calibration
4133,B-768,COc1ccc2[C@H](OC(=O)c2c1OC)[C@@H]3N(C)CCc4cc5OCOc5c(OC)c34,test
4134,B-769,Oc1cccc2C(=O)c3ccccc3C(=O)c12,validation
4135,B-770,OC(=O)c1c(cc(cc1[N+]([O-])=O)[N+]([O-])=O)[N+]([O-])=O,validation
4136,B-771,Oc1ccc(Cl)c2cccnc12,validation
4137,B-772,Oc1c(cc(cc1[N+]([O-])=O)[N+]([O-])=O)C2CCCCC2,test
4138,B-773,OC(=O)c1cc(nc2ccccc12)c3ccccc3,calibration
4139,B-774,OC(=O)c1ccccc1C(=O)Nc2cccc3ccccc23,validation
4140,B-775,Oc1cc(O)c2ccccc2c1,validation
4141,B-776,ClC(Cl)(Cl)SN1C(=O)C2CC=CCC2C1=O,calibration
4142,B-777,ClC(Cl)(Cl)SN1C(=O)c2ccccc2C1=O,validation
4143,B-778,OC(=O)CCCc1c[nH]c2ccccc12,calibration
4144,B-780,Cc1cc(O)c(Cl)c(C)c1Cl,test
4145,B-781,OC(=O)c1cc(I)cc(I)c1O,test
4146,B-783,CC(=O)Oc1ccccc1C(=O)Oc2ccccc2,test
4147,B-785,Nc1ccc(cc1)c2ccc(Cl)cc2,test
4148,B-786,N(N=Nc1ccccc1)c2ccccc2,test
4149,B-787,CCOc1ccc(cc1N)[N+]([O-])=O,test
4150,B-788,Cc1cc(C)c(N)cc1C,test
4151,B-791,[H+].[Cl-].NC(CCC(O)=O)C(O)=O,calibration
4152,B-792,CCCCOC(=O)C(C)O,validation
4153,B-793,NNc1cccc(c1)[S](O)(=O)=O,test
4154,B-794,NCc1ccc(cc1)[S](N)(=O)=O,test
4155,B-795,OC[C@H]1O[C@@H](Oc2ccccc2CO)[C@H](O)[C@@H](O)[C@@H]1O,test
4156,B-798,OC(=O)CN(CC(O)=O)CC(O)=O,calibration
4157,B-799,Oc1ccc(C=O)cc1O,test
4158,B-800,NC(Cc1sccc1)C(O)=O,validation
4159,B-801,CC[NH+](CCO)CCO,validation
4160,B-802,[O-][N+](=O)c1oc(cc1)/C=N/N2CC(CN3CCOCC3)OC2=O,test
4161,B-803,CCNC(=O)Nc1sc(cn1)[N+]([O-])=O,validation
4162,B-804,C(CNCc1ccccc1)NCc2ccccc2,validation
4163,B-806,[Na+].CN(C)c1ccc(cc1)N=N[S]([O-])(=O)=O,validation
4164,B-807,COc1ccc(CC=C)cc1,calibration
4165,B-808,OC(=O)CCC1CCCC1,validation
4166,B-810,CCCCOC(=O)CCC(=O)OCCCC,test
4167,B-811,CCOC(=O)\C=C/C(=O)OCC,test
4168,B-812,CCOC(=O)CCCCC(=O)OCC,test
4169,B-815,C[Si](C)(C)O[Si](C)(C)O[Si](C)(C)O[Si](C)(C)C,test
4170,B-816,CO[P](=O)(OC)OC(/C)=C/C(=O)N(C)C,test
4171,B-817,OC(=O)CCI,test
4172,B-819,OC(=O)CC(O)=O,calibration
4173,B-820,O=C1CSC(=S)N1,test
4174,B-821,O=C1NC(=S)NC=C1,calibration
4175,B-822,O=C1NC=CC=C1,validation
4176,B-823,CC(=O)NCCO,validation
4177,B-825,NC(=S)NNC(N)=S,test
4178,B-827,[Na+].[Na+].[S-]C(=S)NCCNC([S-])=S,test
4179,B-828,[H+].[H+].[Cl-].[Cl-].C1CNCCN1,validation
4180,B-829,CCCCCCOC(C)=O,test
4181,B-831,CCCCCCNCCCCCC,test
4182,B-832,CCCCOCCOCCOCCO,test
4183,B-833,ClC1(Cl)C2(Cl)C3(Cl)C4(Cl)C(=O)C5(Cl)C3(Cl)C1(Cl)C5(Cl)C24Cl,validation
4184,B-834,[Na+].CCC(C)C1(CC)C(=O)NC(=O)[N-]C1=O,test
4185,B-835,OC(=O)CC1(CC(O)=O)OCOC1=O,validation
4186,B-837,[Na+].[Na+].C[As]([O-])([O-])=O,validation
4187,B-838,OC(=O)CF,test
4188,B-841,CC(O)C(N)C(O)=O,calibration
4189,B-842,O[C@@H]([C@H](O)C(O)=O)C(O)=O,calibration
4190,B-845,Cc1c(cc(cc1[N+]([O-])=O)[N+]([O-])=O)C(N)=O,test
4191,B-846,N[S](=O)(=O)c1cc2c(NC=N[S]2(=O)=O)cc1C(F)(F)F,calibration
4192,B-847,[nH]1c2ccccc2nc1c3cscn3,validation
4193,B-848,O[S](=O)(=O)OCCOc1ccc(Cl)cc1Cl,test
4194,B-849,OC(=O)c1cc(O)c(O)c(O)c1,test
4195,B-850,CCOc1ccc(NC(N)=O)cc1,calibration
4196,B-851,[Na+].[Na+].[O-]C(=O)CCC([O-])=O,test
4197,B-852,[K+].[C-]#N,calibration
4198,B-854,CN(C)[P](=O)(O[P](=O)(N(C)C)N(C)C)N(C)C,calibration
4199,B-855,NC1=NC(=O)C(=C(N)N1)O[C@@H]2O[C@H](CO)[C@@H](O)[C@H](O)[C@H]2O,validation
4200,B-856,ClCCNC(=O)N(CCCl)N=O,test
4201,B-858,C1COC2(C1)CCCO2,test
4202,B-861,c1ccc2c(c1)c3ccc4ccc5cccc6cc2c3c4c56,calibration
4203,B-862,[nH]1c2ccc3ccccc3c2c4c1ccc5ccccc45,test
4204,B-863,c1ccc2c(c1)ccc3ccc4ccccc4c23,validation
4205,B-864,c1ccc2c(c1)ccc3c2cc4cccc5c6ccccc6c3c45,test
4206,B-865,C1c2cccc3ccc4cccc1c4c23,calibration
4207,B-866,c1ccc2c(c1)ccc3c4cccc5cccc(c45)c23,calibration
4208,B-867,c1ccc2c(c1)cc3c4ccccc4c5cccc2c35,test
4209,B-868,c1ccc2cc3c4cccc5cccc(c3cc2c1)c45,validation
4210,B-870,N1c2c(Sc3ccc4ccccc4c13)ccc5ccccc25,calibration
4211,B-871,N1c2ccc3ccccc3c2Sc4c1ccc5ccccc45,calibration
4212,B-872,N1c2ccccc2Sc3ccc4ccccc4c13,calibration
4213,B-873,N1c2ccccc2Sc3c1ccc4ccccc34,calibration
4214,B-874,c1ccc2c(c1)ccc3nc4c(ccc5ccccc45)cc23,calibration
4215,B-875,c1ccc2c(c1)cnc3ccccc23,test
4216,B-876,[nH]1nc2cncnc2n1,validation
4217,B-877,C1CN2CCN1CC2,test
4218,B-879,o1cccn1,calibration
4219,B-880,c1ccnnc1,test
4220,B-881,c1cncnc1,test
4221,B-882,C1CCCCCC1,test
4222,B-883,CCO[P](=S)(OCC)Oc1cnccn1,calibration
4223,B-884,CCN(CC)C(=O)/C(Cl)=C(/C)O[P](=O)(OC)OC,calibration
4224,B-886,CCO[P](=S)(OCC)OCCSCC,test
4225,B-887,C1OC1C2CO2,test
4226,B-891,N[C@@H](Cc1cc(Br)c(O)c(Br)c1)C(O)=O,test
4227,B-893,CC[S](=O)CCS[P](=O)(OC)OC,calibration
4228,B-894,NN,test
4229,B-896,CCN1C[C@]2(COC)[C@H](O)C[C@H](OC)[C@@]34[C@@H]5C[C@]6(O)[C@@H](OC)[C@H](O)[C@](OC(C)=O)([C@@H]([C@H](OC)[C@H]23)C14)[C@H]5[C@H]6OC(=O)c7ccccc7,test
4230,B-897,CCC(C)(OC(N)=O)C#C,test
4231,B-900,[Na+].[K+].O[C@H]([C@@H](O)C([O-])=O)C([O-])=O,validation
4232,B-901,FC(F)(F)C(Cl)Cl,validation
4233,B-903,CCO[P](=O)(OCC)O\C=C\Cl,validation
4234,B-905,CCC(C)N1C(=O)NC(=C(Br)C1=O)C,calibration
4235,B-906,CC(C)N1C(=O)NC(=C(Br)C1=O)C,calibration
4236,B-907,CNC(=O)Oc1cc(C)c(N(C)C)c(C)c1,validation
4237,B-908,CCC(C)C(N)C(O)=O,test
4238,B-909,OC(=O)c1cc(Cl)ccc1O,test
4239,B-910,Fc1cccc2ccccc12,test
4240,B-911,CC(=O)Nc1ccc(F)cc1C,calibration
4241,B-912,CC(=O)Nc1ccc(C)cc1F,test
4242,B-913,Fc1cc(F)c(F)cc1F,test
4243,B-914,CCCC[C@H](N)C(O)=O,test
4244,B-915,O[C@@H]1C[C@](O)(C[C@@H](OC(=O)\C=C\c2ccc(O)c(O)c2)[C@@H]1O)C(O)=O,validation
4245,B-916,CC(C)CC(N)C(O)=O,calibration
4246,B-917,C[P](F)(=O)OC1CCCCC1,calibration
4247,B-919,Fc1ccccc1CCl,validation
4248,B-920,Fc1ccccc1Cl,test
4249,B-921,Fc1ccc(I)cc1,calibration
4250,B-923,CCF,validation
4251,B-925,Cn1cncc1C[C@H](N)C(O)=O,validation
4252,B-926,F[P-](F)(F)(F)(F)F.N#[N+]c1ccccc1,test
4253,B-927,OCCF,test
4254,B-928,CC(C)N[P](F)(=O)NC(C)C,test
4255,B-930,CC(O)C(F)(F)F,test
4256,B-931,FC(F)(F)C(F)(Cl)Cl,test
4257,B-932,OC(=O)C(F)F,calibration
4258,B-933,C[C@]12CC(=O)[C@H]3[C@@H](CCC4=CC(=O)CC[C@]34C)[C@@H]1CCC2=O,test
4259,B-935,CCCc1cc(F)ccc1O,calibration
4260,B-936,NC(=O)N(CCO)/N=C/c1oc(cc1)[N+]([O-])=O,test
4261,B-938,OC(=O)c1ccccc1C(F)(F)F,validation
4262,B-939,C[C@]12CCC(=O)C=C1CC[C@@H]3[C@@H]2CC[C@@]4(C)[C@H]3CC[C@@]4(O)C#C,validation
4263,B-940,C[C@H](CCC(O)=O)[C@H]1CC[C@H]2[C@@H]3CC[C@@H]4C[C@H](O)CC[C@]4(C)[C@H]3CC[C@]12C,test
4264,B-941,C[C@]12CC[C@H]3[C@@H](CCC4=CC(=O)CC[C@H]34)[C@@H]1CC[C@@H]2O,calibration
4265,B-942,C[C@H]1C[C@H]2OC(=O)[C@@H](C)[C@H]2[C@H](O)C3=C(C)C(=O)C[C@H]13,test
4266,B-944,CC(=O)NCc1c(I)c(NC(C)=O)c(I)c(C(O)=O)c1I,validation
4267,B-945,CC[C@H](C)[C@@H](N)C(O)=O,test
4268,B-946,OC(=O)Cc1cc(O)ccc1O,test
4269,B-947,Nc1ncc2[nH]cnc2n1,test
4270,B-948,OC1CCOC1,test
4271,B-949,OC(=O)c1ccc(F)c(c1)[N+]([O-])=O,validation
4272,B-950,Fc1cccc(CCl)c1,test
4273,B-951,CCC[C@H]1CCCCN1,test
4274,B-952,COCC(F)F,calibration
4275,B-953,NC(N)=NC#N,test
4276,B-954,Nc1cccnc1,test
4277,B-955,NC(=O)NCC(O)=O,test
4278,B-956,NC(=O)NCCC(O)=O,test
4279,B-957,CC1(C)C2CCC1(C)[C@@H](O)C2,test
4280,B-958,CC1(C)[C@H]2CC[C@@]1(C)C(=O)C2,calibration
4281,B-959,O[C@@]12CCO[C@@]1(Nc3ccccc23)[C@@H]4C[C@@H]5CCN4C[C@@H]5C=C,calibration
4282,B-960,CC[C@@]12CCCN3CC[C@@]4([C@@H](CC1)N(C(C)=O)c5c(OC)cccc45)[C@@H]23,validation
4283,B-961,OC(=O)[C@@]1(O)c2ccccc2c3ccccc13,test
4284,B-962,CCC(=O)O[C@@](Cc1ccccc1)([C@H](C)CN(C)C)c2ccccc2,test
4285,B-964,ClCC[S](=O)(=O)CCCl,test
4286,B-965,CN=C(N)N,validation
4287,B-966,Nc1ccc(cc1)[S](=O)(=O)c2sc(N)nc2,test
4288,B-968,CC(=O)C1CC(CC(O)=O)C1(C)C,validation
4289,B-969,C[C@H](CCC(O)=O)[C@H]1CC[C@H]2[C@@H]3[C@H](O)C[C@@H]4C[C@H](O)CC[C@]4(C)[C@H]3CC[C@]12C,test
4290,B-970,C[C@]12CC[C@H]3C(=CCc4cc(O)ccc34)[C@@H]1CCC2=O,calibration
4291,B-971,Oc1ccc2c(OCC3(O)CC4=CC(=O)C(=CC4=C23)O)c1O,calibration
4292,B-972,C[C@H](CCC(=O)NCC(O)=O)[C@H]1CC[C@H]2[C@@H]3[C@H](O)C[C@@H]4C[C@H](O)CC[C@]4(C)[C@H]3C[C@H](O)[C@]12C,validation
4293,B-973,COc1cc(cc(OC)c1OC)[C@H]2[C@H]3[C@H](COC3=O)[C@@H](O)c4cc5OCOc5cc24,validation
4294,B-974,[Cl-].Cc1cc2nc3c(C)c(N)ccc3[n+](c4ccccc4)c2cc1N,validation
4295,B-976,C1Cc2c3ccc4ccccc4c3cc5cccc1c25,test
4296,B-978,CN(c1c(cc(cc1[N+]([O-])=O)[N+]([O-])=O)[N+]([O-])=O)[N+]([O-])=O,validation
4297,B-979,OC[C@H]1O[C@@H](O[C@@H]2OC=C[C@H]3[C@H](O)C=C(CO)[C@@H]23)[C@H](O)[C@@H](O)[C@@H]1O,calibration
4298,B-981,Cc1cc(C)c(c(C)c1)C(O)=O,test
4299,B-982,Cc1cc(O)c(C(O)=O)c(O)c1,test
4300,B-983,[O-][N+](=O)C1C(=O)NC(=O)NC1=O,validation
4301,B-984,C[C@H]1[C@@H]2CC[C@@]3(C)C=CC(=O)C(=C3[C@H]2OC1=O)C,validation
4302,B-985,C[C@]12CC[C@H](O)C[C@@H]1CC[C@@H]3[C@@H]2CC[C@@]4(C)[C@H]3CCC4=O,test
4303,B-986,CN1C2CCC1[C@H]([C@@H](O)C2)C(O)=O,test
4304,B-987,CN1C(=O)N(C)c2nncnc2C1=O,calibration
4305,B-988,COc1ccc2C=CC(=O)Oc2c1CC=C(C)C,test
4306,B-989,CCC(C)c1cc(cc(c1OC(=O)C=C(C)C)[N+]([O-])=O)[N+]([O-])=O,validation
4307,B-990,CC1CCC2C(C)C(=O)OCC12,validation
4308,B-992,O[C@H]1CCN2C(=O)c3ccccc3N=C12,test
4309,B-993,CN1C[C@@H]2C[C@@H](C1)C3=CC=CC(=O)N3C2,validation
4310,B-994,O=C1NC(=O)c2nccnc2N1,validation
4311,B-995,CC1=C(CCC(O)=O)C(=O)NC1=O,test
4312,B-996,O[C@@H]1C[C@@H](O)[C@H](O)C(O)[C@H]1O,calibration
4313,B-997,CC(C)c1ccc(C)c2ccc(C)c2c1,validation
4314,B-998,COC(=O)c1ccccc1OC2OC(COC3OCC(O)C(O)C3O)C(O)C(O)C2O,test
4315,B-999,O=C1NC=Cc2ccccc12,test
4316,B-1000,Cc1cc(O)c2c(O)c3c(O)cccc3cc2c1,calibration
4317,B-1001,NC1=NC(=O)C2=C(N1)NC(=O)C(=O)N2,test
4318,B-1002,OC(=O)C(=C)c1ccccc1,test
4319,B-1003,C[C@H](N)[C@@H](O)c1ccccc1,test
4320,B-1004,OC[C@H]1O[C@H](O)[C@H](O)[C@@H](O)[C@@H]1O,test
4321,B-1005,OC1=CC(=O)C[C@@H](C1)c2ccccc2,calibration
4322,B-1006,C1CC[C@H](NC1)c2cccnc2,test
4323,B-1007,OCc1cc(O)ccc1O,calibration
4324,B-1008,O=Nc1ccc(NNC(=O)c2ccccc2)cc1,validation
4325,B-1009,O=C(NN\C=C/1C=CC=CC1=O)c2ccncc2,validation
4326,B-1010,C1Cc2ccccc2N1,validation
4327,B-1011,C\C=C(/C)C=O,validation
4328,B-1012,CC1OCCO1,test
4329,B-1013,O=C1CC2CCC1C2,calibration
4330,B-1014,OC(O)=C1OC(=CC(=O)C1=O)C(O)=O,validation
4331,B-1015,COc1cc(ccc1O)C(C)=O,test
4332,B-1016,CCC[C@@H](N)C(O)=O,calibration
4333,B-1017,C\C(=C\C(O)=O)C(O)=O,calibration
4334,B-1018,CC(C)c1ccc(C)c(O)c1,validation
4335,B-1019,CC1CC(CC(C)(C)N1)OC(=O)c2ccccc2,calibration
4336,B-1020,OC(=O)C(=O)Nc1ccccc1,test
4337,B-1021,ClCCC(=O)NCc1ccccc1,validation
4338,B-1022,NC(=O)NC(=O)C=CC(O)=O,validation
4339,B-1023,CCOC(=S)SSC(=S)OCC,validation
4340,B-1025,C1COC1,validation
4341,B-1027,C\C=C/C(O)=O,calibration
4342,B-1029,Nc1ccncc1,test
4343,B-1030,Nc1ccccn1,test
4344,B-1031,C1CSCCS1,validation
4345,B-1032,OC(=O)CCCCCCC(O)=O,calibration
4346,B-1034,ClCCSCCCl,calibration
4347,B-1035,OC(=O)\C=C/C=C\C(O)=O,validation
4348,B-1036,IC#N,calibration
4349,B-1037,CC(C)(C)Br,calibration
4350,B-1038,CC1(C)C2CCC1(C)C(O)C2,validation
4351,B-1040,CC(C)(C)CC(=O)OCC(=O)C1(O)CCC2C3CCC4=CC(=O)CCC4(C)C3C(O)CC12C,test
4352,B-1041,[O-][N+](=O)C([N+]([O-])=O)([N+]([O-])=O)[N+]([O-])=O,validation
4353,B-1042,CN1CC[C@]23[C@H]4Oc5c(OCCN6CCOCC6)ccc(C[C@@H]1C2C=C[C@@H]4O)c35,test
4354,B-1043,CCC1(N2CCCCC2)C(=O)NC(=O)NC1=O,test
4355,B-1045,C[C@@H]1CC[C@@]2(OC1)O[C@H]3C[C@H]4[C@@H]5CC=C6C[C@@H](O)CC[C@]6(C)[C@H]5CC[C@]4(C)[C@H]3[C@@H]2C,test
4356,B-1046,OC[C@H]1O[C@H](OC[C@H]2O[C@H](O[C@]3(CO)O[C@H](CO)[C@@H](O)[C@@H]3O)[C@H](O)[C@@H](O)[C@@H]2O)[C@H](O)[C@@H](O)[C@H]1O,calibration
4357,B-1047,CCCO[P](=O)(OCCC)OCCC,test
4358,B-1049,CC(C)=CCl,validation
4359,B-1050,CC(=C)CO,test
4360,B-1051,CCC(C)S,validation
4361,B-1052,CC(=C)C(C)=C,test
4362,B-1054,CC(O)C(C)=O,test
4363,B-1055,CC(C)C1=CC2=CC[C@@H]3[C@](C)(CCC[C@@]3(C)C(O)=O)[C@H]2CC1,test
4364,B-1056,CC12CC[C@H](O)CC1CCC3C4CCC(=O)C4(C)CC(O)C23,calibration
4365,B-1057,CC(O)(C(O)=O)c1ccccc1,calibration
4366,B-1060,CC(C(O)=O)C(O)=O,calibration
4367,B-1061,CC(C)C(N)C(O)=O,test
4368,B-1064,COc1cc(cc(OC)c1OC)[C@H]2[C@@H]3[C@H](COC3=O)Cc4c(O)c5OCOc5cc24,calibration
4369,B-1065,Oc1ccc2c(Oc3cc(O)ccc3C24OC(=O)c5ccccc45)c1,test
4370,B-1066,COc1ccc(C=O)c(C(O)=O)c1OC,calibration
4371,B-1067,CN(C)C(=O)C(=O)N(N(C)C(C)=O)c1ccccc1,validation
4372,B-1069,Oc1c(Br)cc(Br)c2cccnc12,validation
4373,B-1070,CCC1CN2CCC1CC2C(O)c3ccnc4ccc(OC)cc34,test
4374,B-1071,O[S](=O)(=O)c1ccc2c(cccc2[S](O)(=O)=O)c1,test
4375,B-1072,CC(C)NCC(O)COc1cccc2ccccc12,test
4376,B-1073,NC(Cc1[nH]nc2ccccc12)C(O)=O,test
4377,B-1076,O[C@H]([C@H](O)[C@H](O)C(O)=O)[C@@H](O)C(O)=O,calibration
4378,B-1077,[Na+].OCC(O)C(O)C(O)C(O)C([O-])=O,calibration
4379,B-1078,[Cu++].OC[C@@H](O)[C@@H](O)[C@H](O)[C@@H](O)C([O-])=O.OC[C@@H](O)[C@@H](O)[C@H](O)[C@@H](O)C([O-])=O,test
4380,B-1079,OC(=O)c1sccc1,test
4381,B-1080,CC(C)c1ccccc1C,test
4382,B-1081,Oc1ccc(cc1C(=O)C(=O)c2cc(ccc2O)[N+]([O-])=O)[N+]([O-])=O,validation
4383,B-1082,CC(=O)c1ccc(O)c(O)c1O,test
4384,B-1083,OC(=O)c1ccc(C(O)=O)c(c1)C(O)=O,validation
4385,B-1084,OC(=O)c1ccc(c(c1)[N+]([O-])=O)[N+]([O-])=O,validation
4386,B-1085,CC(C)C(CC=C)C(=O)NC(N)=O,test
4387,B-1087,Oc1c2ccccc2cc3ccccc13,validation
4388,B-1088,C=C(c1ccccc1)c2ccccc2,calibration
4389,B-1090,ONC1=C(CCCCC1)N=O,test
4390,B-1091,COc1ccc2C=CC(=O)Oc2c1,test
4391,B-1092,COc1ccccc1OCC(O)COC(N)=O,validation
4392,B-1093,[Na+].[O-]C(=O)c1ccccc1,test
4393,B-1094,[H+].[Cl-].Nc1ccc(N=Nc2ccccc2)c(N)c1,test
4394,B-1095,CCOC(=O)COc1ccc(Cl)cc1Cl,validation
4395,B-1096,CCCCCc1ccc(O)cc1O,test
4396,B-1097,CCN(CC)C(=O)CC(C)C,calibration
4397,B-1098,CN1CSC(=S)N(C)C1,test
4398,B-1099,OC(CI)CI,test
4399,B-1100,CNC(=S)NC,calibration
4400,B-1101,COC(C)OC,calibration
4401,B-1102,CCCCC(C(O)=O)C(O)=O,test
4402,B-1103,CC(C)c1cccc(C)c1,validation
4403,B-1104,CN(C)c1cc(C)nc(Cl)n1,test
4404,B-1105,OC(=O)c1cc(O)c(O)c(OC(=O)c2cc(O)c(O)c(O)c2)c1,calibration
4405,B-1106,CCc1ccncc1,validation
4406,B-1108,ClN=C1C=C(Br)C(=O)C(=C1)Br,calibration
4407,B-1109,CN[C@@H](Cc1ccc(O)cc1)C(O)=O,calibration
4408,B-1110,CCN(CCCl)CCCl,test
4409,B-1111,CCCCOC(=O)/C=C/c1ccccc1,calibration
4410,B-1112,COCc1ccccc1,test
4411,B-1113,CN(C)c1ccc(cc1)N=Nc2ccc(N)cc2,validation
4412,B-1114,OC(=O)/C=C/c1occc1,test
4413,B-1115,CCCCC(=O)OCC,test
4414,B-1117,CCC(=O)OCC(C)C,test
4415,B-1118,COC1CC1,test
4416,B-1119,Br\C=C/Br,test
4417,B-1120,OCCBr,validation
4418,B-1121,CCOC,validation
4419,B-1122,CNNC,validation
4420,B-1123,CC(C)CC(C)(C)C,calibration
4421,B-1124,CC(=O)OC(C)(C)C,calibration
4422,B-1125,C[Si]1(C)O[Si](C)(C)O[Si](C)(C)O[Si](C)(C)O[Si](C)(C)O[Si](C)(C)O1,validation
4423,B-1126,C[Si]1(C)O[Si](C)(C)O[Si](C)(C)O[Si](C)(C)O[Si](C)(C)O1,calibration
4424,B-1127,Cl/C=C/[As](Cl)Cl,test
4425,B-1128,CCCC(Cl)Cl,validation
4426,B-1129,[Ba++].[O-]C=O.[O-]C=O,validation
4427,B-1130,CC(N)CC(O)=O,calibration
4428,B-1131,CC(=O)CC(O)=O,test
4429,B-1132,NC(=S)NC(N)=S,test
4430,B-1133,CC1=CC(=O)CC(=O)O1,calibration
4431,B-1134,ClC1CCCCC1,calibration
4432,B-1135,NC(CCCC(O)=O)C(O)=O,validation
4433,B-1136,CC(C)COC=O,test
4434,B-1137,CCCCI,validation
4435,B-1139,ClCOCCl,test
4436,B-1140,C1C=CC=C1,test
4437,B-1141,NC(N)=NCC[S](O)(=O)=O,validation
4438,B-1142,CC(C)CO[N+]([O-])=O,validation
4439,B-1143,CCCCCCl,calibration
4440,B-1144,[Ba++].CC([O-])=O.CC([O-])=O,test
4441,B-1145,CC(C)CCOC(N)=O,calibration
4442,B-1146,CC(C)CCO[N+]([O-])=O,calibration
4443,B-1147,[Sr++].CC([O-])=O.CC([O-])=O,calibration
4444,B-1150,N#CCCCC#N,calibration
4445,B-1151,CCCCCCCCCCCCCCCC,calibration
4446,B-1152,Nc1ccc(cc1)[S](=O)(=O)Nc2ccc(cc2)[S](N)(=O)=O,calibration
4447,B-1153,COC(=O)C(C)O,test
4448,B-1154,C=C1CCOC1=O,test
4449,B-1155,C[C@H](CCC(O)=O)[C@H]1CC[C@H]2[C@@H]3[C@H](O)[C@H](O)[C@@H]4C[C@H](O)CC[C@]4(C)[C@H]3CC[C@]12C,validation
4450,B-1156,CCOC(=O)C(C1=C(O)Oc2ccccc2C1=O)C3=C(O)Oc4ccccc4C3=O,calibration
4451,B-1157,CC(C)c1ccc(C)c(C(O)=O)c1O,calibration
4452,B-1159,CN1C(=O)C=C(N)N(CC(C)=C)C1=O,test
4453,B-1160,OC[C@H]1O[C@H]([C@H](O)[C@@H]1O)n2cnc3cncnc23,validation
4454,B-1161,Oc1ccc2ccccc2c1[N+]([O-])=O,calibration
4455,B-1162,Cc1c(Cl)cc(Cl)c(O)c1Cl,calibration
4456,B-1164,CN1C2CCCC1CC(=O)C2,test
4457,B-1165,NNC(=O)c1cccnc1,validation
4458,B-1166,CCCOc1ccc(cc1N)[N+]([O-])=O,calibration
4459,B-1167,COC(=O)C(=O)OC,validation
4460,B-1172,C[C@](N)(Cc1ccc(O)c(O)c1)C(O)=O,calibration
4461,B-1173,OC(=O)\C=C/C(=O)Nc1ccccc1,validation
4462,B-1174,[O-][N+](=O)c1oc(cc1)\C=N\N2CCNC2=O,test
4463,B-1175,N[C@H](Cc1ccc(O)cc1)C(O)=O,validation
4464,B-1176,NC(Cc1ccc(O)cc1)C(O)=O,test
4465,B-1178,[Zn++].CCCCC([O-])=O.CCCCC([O-])=O,calibration
4466,B-1179,OCC1CO1,test
4467,B-1183,O=C1NC=CC=N1,calibration
4468,B-1184,CCCOC,calibration
4469,B-1185,CCCC(=O)OCC(O)CO,validation
4470,B-1186,[Zn++].CC([O-])=O.CC([O-])=O,calibration
4471,B-1187,C=CCOCC=C,test
4472,B-1188,[Zn++].[O-]C=O.[O-]C=O,validation
4473,B-1189,BrC(Br)(Br)Br,test
4474,B-1190,C[S](F)(=O)=O,test
4475,B-1192,CC(C)(O)CCl,calibration
4476,B-1193,[O-][N+](=O)C(Br)([N+]([O-])=O)[N+]([O-])=O,test
4477,B-1194,CN1CC[C@]23[C@H]4Oc5c(OC(C)=O)ccc(C[C@@H]1[C@@H]2C=C[C@@H]4OC(C)=O)c35,validation
4478,B-1195,CCC(C)(C)CC,validation
4479,B-1196,CCO[P](=S)(OCC)SCS[P](=S)(OCC)OCC,test
4480,B-1197,CC(C)C=C,calibration
4481,B-1198,CCC(C)=C,validation
4482,B-1199,CC(=C)CCl,validation
4483,B-1200,C\C(Cl)=C\Cl,test
4484,B-1201,CC(O)C(C)Cl,validation
4485,B-1202,C1O[C@@H]1[C@H]2CO2,test
4486,B-1203,CCC(C)C(C)(C)C,validation
4487,B-1205,CCC(C)C(C)C,test
4488,B-1206,CCC(C)C(C)O,validation
4489,B-1207,CCC(C)C(C)=O,test
4490,B-1208,CCC(O)C(C)C,test
4491,B-1209,CCC(=O)C(C)C,test
4492,B-1210,NCC(O)C(O)=O,calibration
4493,B-1211,CC(C)C(Br)C(O)=O,calibration
4494,B-1212,CC(C)C(C)C(C)C,test
4495,B-1213,CC(C)C(=O)C(C)C,calibration
4496,B-1214,CC(N)C(O)C(O)=O,test
4497,B-1215,COc1cc(cc(OC)c1O)[C@H]2[C@@H]3[C@H](COC3=O)Cc4c(O)c5OCOc5cc24,validation
4498,B-1216,COc1ccc2COC(=O)c2c1OC,validation
4499,B-1217,OC(=O)c1[nH]cnc1C(O)=O,calibration
4500,B-1218,OC1C(O)C(O)C(O[P](O)(O)=O)C(O)C1O,calibration
4501,B-1219,COCOC(=O)c1ccccc1O,test
4502,B-1221,OC(=O)C1CCNCC1C(O)=O,test
4503,B-1222,Nc1cccc2nc3ccccc3cc12,validation
4504,B-1223,OC(C(O)c1ccccc1)c2ccccc2,validation
4505,B-1225,CCc1cccc(CC)c1N,test
4506,B-1226,Brc1ccc2ccccc2c1,test
4507,B-1227,Oc1cnc2ccccc2c1,calibration
4508,B-1228,[O-]c1ccc2ccc[nH+]c2c1,validation
4509,B-1229,CCN(CC)c1nc(Cl)nc(n1)N(CC)CC,test
4510,B-1230,C1N[C@@H](CC=C1)c2cccnc2,test
4511,B-1231,c1ccc(nc1)c2cccnc2,validation
4512,B-1232,S=C1Nc2cncnc2N1,test
4513,B-1233,[K+].[K+].[O-]C(=O)C([O-])=O,validation
4514,B-1236,CC(C)=CC1C(C(=O)OC2CC(=O)C(=C2C)CC=C)C1(C)C,calibration
4515,B-1237,C[C@H](NC(N)=O)C(O)=O,validation
4516,B-1238,CC(C)(C)c1cccc(O)c1,calibration
4517,B-1239,[O-][N+](=O)c1cccc(Br)c1,calibration
4518,B-1240,OC(=O)C\C(=C/C(O)=O)C(O)=O,validation
4519,B-1241,OCC(O)C(O)C(OC1OC(CO)C(O)C(O)C1O)C(O)CO,test
4520,B-1242,OCC1OC(OCC2OC(O)C(O)C(O)C2O)C(O)C(O)C1O,test
4521,B-1243,Oc1cc(cc(c1)[N+]([O-])=O)[N+]([O-])=O,test
4522,B-1244,OC(=O)c1ccc(C(O)=O)c(Br)c1,calibration
4523,B-1246,OCc1ccncc1,calibration
4524,B-1247,NC(=O)OC(CCl)CCl,calibration
4525,B-1248,Cc1cccc(CO)c1,calibration
4526,B-1249,OC(=O)COc1cc(Cl)cc(Cl)c1,test
4527,B-1250,OC(=O)COc1cccc(Cl)c1,test
4528,B-1251,c1ccc(cc1)\C=C\c2ccccc2,calibration
4529,B-1252,OCc1ccc(CO)cc1,validation
4530,B-1253,CCCC(C)CC,validation
4531,B-1255,CCCC(=O)CC,test
4532,B-1256,CCCCC(C)CC,test
4533,B-1258,CC1CCC(C)CC1,validation
4534,B-1259,CCCCOC(=O)CC,calibration
4535,B-1260,I\C=C/I,test
4536,B-1262,[K+].[O-]C=O,calibration
4537,B-1263,CCCC(C)(C)C,test
4538,B-1264,CCCC(C)(C)O,test
4539,B-1265,[Cl-].CC(C[N+](C)(C)C)OC(N)=O,calibration
4540,B-1266,CCCCC(C)(C)C,test
4541,B-1268,NC(N)=NC(N)=O.NC(N)=NC(N)=O.O[S](O)(=O)=O,calibration
4542,B-1269,CC1CCCC(=O)C1,calibration
4543,B-1270,CC1=CCCCC1,validation
4544,B-1271,CCCCC(C)C,test
4545,B-1272,CC(=O)OCC=C,test
4546,B-1273,C/C=C/CCl,test
4547,B-1274,CCCC\C=C\C,validation
4548,B-1275,CCCCOC=O,test
4549,B-1277,FCCl,test
4550,B-1278,C[Se]C,calibration
4551,B-1280,NC(=O)C(Br)(Br)Br,test
4552,B-1282,NC(=O)C(Cl)(Cl)Cl,test
4553,B-1283,CC(Cl)(Cl)[N+]([O-])=O,test
4554,B-1284,CCC(C)(O)C(C)C,calibration
4555,B-1285,CCC(Cl)(Cl)[N+]([O-])=O,calibration
4556,B-1286,CCC(CO)(CO)[N+]([O-])=O,test
4557,B-1287,CC(C)(CO)C=O,calibration
4558,B-1288,CC(O)(CCl)CCl,test
4559,B-1290,CC(=O)OCC(COC(C)=O)(COC(C)=O)COC(C)=O,test
4560,B-1292,CCCC(C)(O)CCC,validation
4561,B-1294,CC1(CCl)CO1,test
4562,B-1295,ClC(Br)CBr,validation
4563,B-1297,COC(C)C,test
4564,B-1298,NC(=O)C(Br)Br,calibration
4565,B-1299,CC(Cl)C(Cl)Cl,calibration
4566,B-1300,CC(Cl)C(O)=O,test
4567,B-1302,CC(Cl)[N+]([O-])=O,test
4568,B-1303,Cc1ccc(cc1)[S](=O)(=O)Oc2ccccc2C,test
4569,B-1304,CCOC(OCC)C(Cl)(Cl)Cl,calibration
4570,B-1305,CCC(Cl)[N+]([O-])=O,calibration
4571,B-1306,CC(C)C(O)C(C)C,validation
4572,B-1307,CCC(C(O)=O)C(O)=O,validation
4573,B-1308,[O-][N+](=O)c1ccc2CCc3cccc1c23,test
4574,B-1309,OC(=O)c1c(Br)c(O)c(O)c(O)c1Br,test
4575,B-1310,Cc1c(cc(c(O)c1[N+]([O-])=O)[N+]([O-])=O)[N+]([O-])=O,calibration
4576,B-1311,CC(O)Cn1cnc2N(C)C(=O)N(C)C(=O)c12,calibration
4577,B-1312,OC(=O)c1cccc(c1C(O)=O)[N+]([O-])=O,validation
4578,B-1313,Oc1ccc(cc1)C(c2ccc(O)cc2)=C3C=CC(=O)C=C3,calibration
4579,B-1314,CCOC(=O)c1ccccc1C(=O)c2ccccc2,test
4580,B-1315,Oc1ccc2C(=O)c3ccccc3C(=O)c2c1,calibration
4581,B-1316,COC(=O)c1ccccc1C(=O)c2ccccc2,test
4582,B-1317,[O-][N+](=O)c1cc2C(=O)NC(=O)Nc2c(c1)[N+]([O-])=O,test
4583,B-1318,CN1C(=O)C=Cc2ccccc12,validation
4584,B-1319,CC1=CC(=O)c2ccccc2N1,test
4585,B-1320,Brc1cccc(Br)c1Br,validation
4586,B-1322,O[C@H]([C@H](O)[C@H](O)C(O)=O)[C@H](O)C(O)=O,test
4587,B-1324,CCOC(=O)C(=O)C(=O)OCC,test
4588,B-1325,CCC(CO)[N+]([O-])=O,test
4589,B-1326,Oc1c(Cl)cc(Cl)cc1[N+]([O-])=O,validation
4590,B-1327,OC(=O)c1cccc(C=O)c1O,test
4591,B-1328,OC(=O)c1ccc(cc1[N+]([O-])=O)[N+]([O-])=O,test
4592,B-1329,Cc1cccc2cc3ccccc3cc12,test
4593,B-1330,[O-][N+](=O)c1ccc2COC(=O)c2c1,test
4594,B-1333,OCc1ccccc1CO,test
4595,B-1334,OCc1ccccc1C(O)=O,validation
4596,B-1335,CCc1ccccc1[N+]([O-])=O,validation
4597,B-1336,OCc1ccccc1[N+]([O-])=O,calibration
4598,B-1337,Nc1ccc2cc3ccccc3cc2c1,test
4599,B-1338,CCOC(=O)c1cccnc1,validation
4600,B-1339,Clc1ccccc1I,test
4601,B-1341,CCOC(=O)N(C)N=O,calibration
4602,B-1342,Brc1ccc(Br)c(Br)c1,validation
4603,B-1343,CCCCC(N)C(O)=O,test
4604,B-1344,CCC(Cl)CC,test
4605,B-1345,CCC(O)C=C,test
4606,B-1346,O=C1CCCN1,validation
4607,B-1348,CCCC(C(O)=O)C(O)=O,calibration
4608,B-1349,Oc1cc(O)c(cc1[N+]([O-])=O)[N+]([O-])=O,validation
4609,B-1350,OC(=O)c1cc(C=O)ccc1O,validation
4610,B-1351,CCCCCC(C(O)=O)C(O)=O,test
4611,B-1352,CCCC(O)C(C)C,test
4612,B-1357,CN(C)c1cccc(c1)[S](O)(=O)=O,calibration
4613,B-1358,[O-]C(=O)c1oc(Cl)cc1,calibration
4614,B-1359,OC[C@H]1O[C@@H](Oc2ccccc2C=O)[C@H](O)[C@@H](O)[C@@H]1O,validation
4615,B-1360,Cc1ccc(cc1C)C([O-])=O,test
4616,B-1361,OCc1cccc(c1)[N+]([O-])=O,test
4617,B-1362,OC(=O)c1ccc(cc1)C#N,validation
4618,B-1363,OCc1ccc(cc1)[N+]([O-])=O,test
4619,B-1364,CN(C)c1ccc(cc1)C(O)=O,test
4620,B-1365,OCc1cccc(O)c1,calibration
4621,B-1366,O=C(CC#N)Nc1ccccc1,calibration
4622,B-1367,OC(=O)Cc1cccc(O)c1,test
4623,B-1368,CCCCCN(CCCCC)CCCCC,validation
4624,B-1369,Cc1ccc(cc1)N=C=S,test
4625,B-1370,Cc1ccc(C=C)cc1,validation
4626,B-1371,OCc1ccc(O)cc1,test
4627,B-1373,O=Cc1ccc(C=O)cc1,calibration
4628,B-1374,CCCC(=O)OC,validation
4629,B-1375,CC(COC(C)=O)OC(C)=O,test
4630,B-1376,CCOCCOC(=O)CCCCCCCCC(=O)OCCOCC,calibration
4631,B-1377,CCOC(=O)CCCCCCCC(=O)OCC,validation
4632,B-1378,CCCCC(=O)OC,calibration
4633,B-1379,Ic1ccc(I)cc1,test
4634,B-1381,CCCCCCC(O)CC,validation
4635,B-1383,ICCI,test
4636,B-1384,CC(C)(C)CCO,test
4637,B-1385,CC(C)CC(C)(C)O,calibration
4638,B-1386,CCC(C)(C)NC(N)=O,validation
4639,B-1387,CCCCC(C)(C)O,validation
4640,B-1388,CCCCCC(C)(C)O,test
4641,B-1390,COCC(C)C,test
4642,B-1391,COCC(O)=O,validation
4643,B-1392,OCC[N+]([O-])=O,test
4644,B-1393,CCOC(C)C,test
4645,B-1394,CC(C)OC=O,validation
4646,B-1395,Clc1cccc(I)c1,calibration
4647,B-1397,OC1=CC(=O)C=CN1,test
4648,B-1398,OCc1cccc(CO)c1,test
4649,B-1399,CC1=CC(=O)NC(=O)N1,calibration
4650,B-1400,O=C1C=CNC=C1,test
4651,B-1401,CC(C)CCOCC(O)COCCC(C)C,validation
4652,B-1402,CCOC(=O)CCCCC(O)=O,test
4653,B-1403,CC(C)CCCO,calibration
4654,B-1404,CC\C=C/C(O)=O,test
4655,B-1405,CCCOC(C)C,test
4656,B-1406,CCCO[N+]([O-])=O,validation
4657,B-1407,OCCCBr,test
4658,B-1409,OCCCCl,validation
4659,B-1410,COCCCl,validation
4660,B-1411,CC(C)CCC(C)O,validation
4661,B-1412,CC(C)CCOCC(O)CO,test
4662,B-1413,COC(=O)CCCCC(=O)OC,test
4663,B-1414,CCCCOC,validation
4664,B-1415,CCCOCC,test
4665,B-1416,CCCCCOC(C)=O,test
4666,B-1417,CC(=O)OCCCOC(C)=O,validation
4667,B-1418,CCCCCC#C,calibration
4668,B-1420,CCCCCCC#C,validation
4669,B-1421,CCCCCCCCCCCCC,validation
4670,B-1423,CCCCCCCCCCCCCCC,validation
4671,B-1424,CCCCCCCCCCCCCCCO,test
4672,B-1425,CCCCCCCCCCCCCCCCCCCCCCCCCC,test
4673,B-1426,CCCCCCCCCCCCCCCCCCCCCCCCCCCCCCCCCCCC,calibration
4674,B-1427,ClCC(Cl)(Cl)Cl,validation
4675,B-1429,OC(=O)C(Br)Br,validation
4676,B-1430,Cc1cc(N[S](=O)(=O)c2ccc(N)cc2)sn1,validation
4677,B-1432,CN(C)C(=O)N(C)C,test
4678,B-1433,OC(=O)c1c(Cl)c(Cl)c(Cl)c(Cl)c1C(O)=O,test
4679,B-1434,CC1=C(C=C)/C(NC1=O)=C/c2[nH]c(Cc3[nH]c(\C=C\4NC(=O)C(=C4C)C=C)c(C)c3CCC(O)=O)c(CCC(O)=O)c2C,validation
4680,B-1435,Oc1ccc2N=C3C=CC(=O)C=C3Oc2c1,test
4681,B-1436,CC1=CNC(=S)NC1=O,calibration
4682,B-1440,OC(=O)C1=CCCCC1,test
4683,B-1441,Oc1ccc(cc1)N=O,test
4684,B-1442,CCC(=O)OC(C)C,test
4685,B-1444,CCOC(C)(C)C,test
4686,B-1445,CC1NC(C)SC(C)S1,test
4687,B-1446,CC(=O)NC(=O)NC(C)=O,test
4688,B-1447,CCCCCCCCCCCCC(O)=O,test
4689,B-1448,CCSCCS[P](=S)(OC)OC,test
4690,B-1449,NC(=O)CF,calibration
4691,B-1450,C[C@H](CCC(=O)NCC(O)=O)[C@H]1CC[C@H]2[C@@H]3[C@H](O)C[C@@H]4C[C@H](O)CC[C@]4(C)[C@H]3CC[C@]12C,calibration
4692,B-1451,CC(=O)OOC(=O)c1ccccc1,test
4693,B-1452,CCCc1ccc(O)cc1,test
4694,B-1454,NC1=NC(=O)N=C(N)N1,validation
4695,B-1456,C1COCO1,calibration
4696,B-1457,NCCCCC(O)=O,test
4697,B-1458,N[C@@H](CCO)C(O)=O,test
4698,B-1459,CCNc1nc(NCC)nc(OC)n1,test
4699,B-1460,CN(C)[P](=O)(N(C)C)N(C)C,test
4700,B-1461,CCS[S](=O)(=O)CC,validation
4701,B-1462,CCCC[Sn](Cl)(Cl)CCCC,test
4702,B-1463,ClC(Br)C(Cl)Br,test
4703,B-1464,NC(=O)C(Cl)Cl,test
4704,B-1465,CN(N=O)C(N)=O,test
4705,B-1466,CCOC(=O)N[C@@H](C=O)[C@@H](O)[C@H](O)[C@H](O)CO,test
4706,B-1467,C=CC#C,test
4707,B-1468,CC(C)CC=C,test
4708,B-1472,CN1C=CC=CC1=O,calibration
4709,B-1473,O=[I](=O)c1ccccc1,validation
4710,B-1474,CNc1cccc(C)c1,test
4711,B-1476,CCc1cc(C)cc(O)c1,calibration
4712,B-1477,Cc1ccc(c(O)c1)[N+]([O-])=O,calibration
4713,B-1478,O=C1N=CNc2nccnc12,validation
4714,B-1479,Nc1ncc2nccnc2n1,calibration
4715,B-1480,ClC1=C(Cl)C(Cl)(Cl)C(Cl)(Cl)C1(Cl)Cl,test
4716,B-1481,CN1C(=O)NC2=C(NC(=O)N2)C1=O,test
4717,B-1482,NC(=S)Nc1cccc(c1)[N+]([O-])=O,validation
4718,B-1483,Cc1nn(c2ccccc2)c(C)c1N=O,test
4719,B-1484,OC(=O)c1c2ccccc2cc3ccccc13,calibration
4720,B-1486,CN(C)[S](=O)(=O)N(SC(F)(Cl)Cl)c1ccc(C)cc1,test
4721,B-1488,CC(C)(C)c1cc(c(O)c(c1)C(C)(C)C)C(C)(C)C,test
4722,B-1489,CC(C)O[P](=S)(OC(C)C)SCCN[S](=O)(=O)c1ccccc1,test
4723,B-1490,C[Sn](C)(Cl)Cl,test
4724,B-1492,CCO[P](=O)(OCC)O[P](=O)(OCC)O[P](=O)(OCC)O[P](=O)(OCC)OCC,test
4725,B-1493,CCN(N=O)C(N)=O,validation
4726,B-1495,CCCCCCCC(C(O)=O)C(O)=O,test
4727,B-1496,CCCCCCCCC(C(O)=O)C(O)=O,test
4728,B-1498,FCCCl,validation
4729,B-1499,CCCC(C)=C,validation
4730,B-1501,CC(C)=CC=C(C)C,calibration
4731,B-1503,O=CC1CO1,validation
4732,B-1504,COc1ccccc1Cl,calibration
4733,B-1505,Cc1cc(C)nc(N)n1,validation
4734,B-1506,C1CC[C@@H]2NCCC[C@H]2C1,validation
4735,B-1508,C1Cc2ccccc2c3ccccc13,test
4736,B-1509,O=C(NNC(=O)c1ccccc1)c2ccccc2,validation
4737,B-1511,CCCO[P](=O)(OCC)OCC,test
4738,B-1512,CCCC[P](=O)(CCCC)CCCC,test
4739,B-1513,CCOC(=O)CCCC(=O)OCC,test
4740,B-1515,[Ca++].[O-][S](=O)(=O)C[S]([O-])(=O)=O,test
4741,B-1516,OCCCC=C,validation
4742,B-1517,CC(O)CCOCCC(C)O,validation
4743,B-1518,OC(=O)CCCCCCCCCCCCC(O)=O,calibration
4744,B-1519,CC(C)C1OCCO1,validation
4745,B-1520,CSc1ncccn1,validation
4746,B-1521,CC1CC(OC(C)O1)OC(C)=O,calibration
4747,B-1522,CN1C(=O)N(C)c2nc(C)[nH]c2C1=O,test
4748,B-1523,CN1C(=O)N(C)c2nc(C)n(C)c2C1=O,test
4749,B-1524,CCOC(=O)[C@H](Cc1ccc(O)cc1)NC(C)=O,test
4750,B-1525,COCCCNc1nc(NC(C)C)nc(SC)n1,validation
4751,B-1526,COCCCNc1nc(NCCCOC)nc(SC)n1,validation
4752,B-1527,OC1N=C(c2ccccc2Cl)c3cc(Cl)ccc3NC1=O,test
4753,B-1528,CC(=O)O[C@H]1CC[C@]2(C)[C@H]3CC[C@@]4(C)[C@@H](CCC4=O)[C@@H]3CC=C2C1,validation
4754,B-1529,CC(=O)CCC1C(=O)N(N(C1=O)c2ccccc2)c3ccccc3,test
4755,B-1530,CCO[P](=O)(OCC)C(Cl)(Cl)Cl,test
4756,B-1532,CC(=O)OC(OC(C)=O)C=C,test
4757,B-1533,CC(=O)NCCNC(C)=O,calibration
4758,B-1536,OCc1ccc(Br)cc1,test
4759,B-1537,OCc1ccc(Cl)cc1,test
4760,B-1539,CCOc1nc(OCC)nc(OCC)n1,test
4761,B-1540,[O-][N+](=O)c1ccc2c3ccccc3c4cccc1c24,validation
4762,B-1541,CN(C)[C@H]1[C@@H]2[C@@H](O)[C@@H]3C(=C)c4cccc(O)c4C(=C3C(=O)[C@]2(O)C(=O)\C(=C(N)/O)C1=O)O,test
4763,B-1542,COCCNC(=O)CS[P](=S)(OC)OC,test
4764,B-1543,CCSCCS[P](=O)(OC)OC,calibration
4765,B-1545,CC(C(O)=O)C(C)(C)CCC(O)=O,test
4766,B-1546,OCNC(=O)C=C,validation
4767,B-1547,CCCC(=O)NCCNC(=O)CCC,test
4768,B-1548,CCCCCC(=O)CCCCC,test
4769,B-1549,CCCCO[N+]([O-])=O,test
4770,B-1550,CCC#CCC,test
4771,B-1551,O=NN1CCCC1,test
4772,B-1552,O=NN1CCCCCC1,calibration
4773,B-1553,Oc1c(Cl)ccc(Cl)c1Cl,test
4774,B-1555,O=C1CCCCCCCN1,validation
4775,B-1556,O=[S]1(=O)NCc2ccccc12,validation
4776,B-1558,CN(Cc1ccccc1)N=O,test
4777,B-1559,BrC1=CC(=O)Oc2ccccc12,test
4778,B-1560,COc1cc(Cl)c(Cl)c(Cl)c1Cl,test
4779,B-1561,Cc1ccc(OCC(O)=O)cc1,calibration
4780,B-1563,COc1c(Cl)c(Cl)c(Cl)c(Cl)c1OC,test
4781,B-1564,CCO[P](=O)(OCC)N=C1SCCS1,test
4782,B-1566,CCO[P](=O)(OCC)N=C1SCC(C)S1,test
4783,B-1569,CC(=O)C1(C)CCC2C3C=C(C)C4=CC(=O)CCC4(C)C3CCC12C,calibration
4784,B-1570,C[P](O)(O)=O,test
4785,B-1571,CC(C)N(C)C,test
4786,B-1572,CCOC(=O)CO[N+]([O-])=O,test
4787,B-1573,CCOC(=O)CNC(=O)OCC,test
4788,B-1574,CC(O)COC(=O)C=C,test
4789,B-1575,NC(=O)NCO,test
4790,B-1576,CCCCCO[N+]([O-])=O,test
4791,B-1577,CC1CCC(C)O1,validation
4792,B-1578,Cc1cc[n+]([O-])cc1,test
4793,B-1579,CC1=CC=C[NH++]([O-])[CH-]1,calibration
4794,B-1580,CCNc1nc(N)nc(Cl)n1,test
4795,B-1581,O=C1CCCCCCCCCN1,validation
4796,B-1582,CNc1nc(NC(C)C)nc(SC)n1,calibration
4797,B-1583,CCCCn1cnc2N(C)C(=O)N(C)C(=O)c12,calibration
4798,B-1584,O=C1OC(=Nc2ccccc12)c3ccccc3,test
4799,B-1585,ClC1C2OC2C3C1C4(Cl)C(=C(Cl)C3(Cl)C4(Cl)Cl)Cl,calibration
4800,B-1586,CN(C)[P](=O)(N(C)C)n1nc(nc1N)c2ccccc2,test
4801,B-1587,OC(=O)CNc1c(cc(cc1[N+]([O-])=O)[N+]([O-])=O)[N+]([O-])=O,calibration
4802,B-1588,CCCCCCCCOC(=O)c1cc(O)c(O)c(O)c1,test
4803,B-1589,C[Si](C)(O)O,calibration
4804,B-1590,CCCC[Sn++]CCCC.CC([O-])=O.CC([O-])=O,validation
4805,B-1591,OC(=O)CNC[P](O)(O)=O,validation
4806,B-1592,S=C1NNC(=S)S1,test
4807,B-1593,Fc1ccccc1Br,test
4808,B-1594,Oc1cnn(c1)c2ccccc2,validation
4809,B-1595,CCCCCCCc1ccccc1,test
4810,B-1596,CCCCCCOC(=O)c1ccc(O)cc1,calibration
4811,B-1597,CCCCCCCOC(=O)c1ccc(O)cc1,calibration
4812,B-1598,CN(C)[S](=O)(=O)N(SC(F)(Cl)Cl)c1ccccc1,validation
4813,B-1599,CC(C)(C)C(=O)OCC(=O)C1(O)CCC2C3CCC4=CC(=O)C=CC4(C)C3C(O)CC12C,test
4814,B-1600,CNC(=O)CS[P](=O)(OC)OC,calibration
4815,B-1602,CSCC[C@@H](NC(C)=O)C([O-])=O,test
4816,B-1603,CCCCCC(N)C(O)=O,validation
4817,B-1604,OCCN(CCO)N=O,calibration
4818,B-1605,CCCCCCCCN(CCCCCCCC)CCCCCCCC,test
4819,B-1606,CC(C)(C)NC(N)=O,calibration
4820,B-1607,C[Si](C)(O)O[Si](C)(C)O,test
4821,B-1608,COC(=O)CCCC(=O)OC,test
4822,B-1610,CCCCC#CC,test
4823,B-1611,CCCCCCCCCCC,test
4824,B-1612,Cc1cc(C)c(C)cn1,validation
4825,B-1613,CN(C)c1cc[nH+]cc1,calibration
4826,B-1614,CCc1cccc(C)n1,test
4827,B-1615,OC(=O)C1(O)CCCCC1,calibration
4828,B-1616,Cc1cc(Cl)cc(C)c1O,test
4829,B-1618,Clc1cnc2cncnc2n1,test
4830,B-1619,Oc1ccc(CC=C)cc1O,calibration
4831,B-1620,Cc1cc(N)n(n1)c2ccccc2,test
4832,B-1621,Oc1ccc(cc1)C2CCCCC2,validation
4833,B-1622,CCSC(=O)N(CC)C1CCCCC1,test
4834,B-1623,Cl[Sn](Cl)(c1ccccc1)c2ccccc2,test
4835,B-1624,CCCCN1C(=O)N(C)c2ncn(C)c2C1=O,calibration
4836,B-1625,Cc1ccc(cc1)[S](=O)(=O)NC(=O)NN2CCCCCC2,test
4837,B-1626,COC1[C@H](O)C(C)O[C@H](O[C@H]2CC[C@@]3(C=O)[C@H](CCC4C3CC[C@]5(C)[C@H](CC[C@]45O)C6=CC(=O)OC6)C2)C1O,calibration
4838,B-1628,CCC(C(CC)C(O)=O)C(O)=O,test
4839,B-1629,N[C@@H]([C@@H](O)C(O)=O)C(O)=O,validation
4840,B-1630,CCN(CC)C(=O)N(CC)CC,test
4841,B-1631,CC(C)C[C@H](NC(C)=O)C(O)=O,calibration
4842,B-1633,Oc1ccc(O)c(C=O)c1,test
4843,B-1634,NCC1CCC(CC1)C(O)=O,validation
4844,B-1635,Cc1cc(C)c2ccccc2n1,test
4845,B-1637,CC(NC(=O)c1ccccc1)C(O)=O,calibration
4846,B-1638,COC(=O)CNC(=O)c1ccccc1,validation
4847,B-1639,CN1c2ccccc2Sc3ccccc13,test
4848,B-1641,CCCCCCCCOC(=O)c1ccc(O)cc1,test
4849,B-1642,CC1COCc2cc3c(cc12)C(C)(C)C(C)C3(C)C,validation
4850,B-1643,[Br-].CC[n+]1c2cc(N)ccc2c3ccc(N)cc3c1c4ccccc4,test
4851,B-1644,CCCCC(CC)CO[P](=O)(Oc1ccccc1)Oc2ccccc2,test
4852,B-1645,CN1N(C(=O)C(=C1C)CC2=C(C)N(C)N(C2=O)c3ccccc3)c4ccccc4,calibration
4853,B-1646,Cc1c(C(O)=O)c(O)cc2C(=O)c3c(O)c(O)c([C@H]4O[C@H](CO)[C@@H](O)[C@H](O)[C@H]4O)c(O)c3C(=O)c12,validation
4854,B-1650,CC(C)C(C)C(C)C(O)C#CC(C)C(C)O,calibration
4855,B-1651,Cc1c(C(O)=O)c(O)cc2C(=O)c3c(O)c(O)c(C4OC(CO)C(O)C(O)C4O)c(O)c3C(=O)c12,test
4856,B-1652,OC[C@H]1O[C@H]([C@H](O)[C@@H](O)[C@@H]1O)[C@@H]2c3cccc(O)c3C(=O)c4c(O)cc(CO)cc24,validation
4857,B-1653,NCCO.Oc1ccc(Cl)cc1C(=O)Nc2ccc(cc2Cl)[N+]([O-])=O,calibration
4858,B-1654,C1CN(CCO1)C(c2ccccc2)(c3ccccc3)c4ccccc4,test
4859,B-1655,CC(C)(C)c1cc(cc(c1O)[N+]([O-])=O)[N+]([O-])=O,test
4860,B-1656,[O-][N+](=O)c1ccc(NN=C2C=CC(=O)C=C2)cc1,validation
4861,B-1657,NC(=O)c1ccccn1,validation
4862,B-1658,CCCCCCCCCCCCCCCCCO,calibration
4863,B-1659,CC1CN(CC(C)O1)N=O,calibration
4864,B-1661,Cc1ccc(C)c(C)n1,test
4865,B-1663,Oc1ccc2CCCc2c1,test
4866,B-1664,ClC\C=C/CCl,test
4867,B-1665,CC[C@@H]1CCCCN1,test
4868,B-1667,O=C1CCCCC1C2=CCCCC2,test
4869,B-1668,CC(=O)Oc1ccc(Br)cc1C(O)=O,test
4870,B-1671,CCN(CC)C(=O)CCC(O)=O,test
4871,B-1673,COc1ccc(NC(N)=O)cc1,calibration
4872,B-1674,COc1ccc(O)c(c1)[N+]([O-])=O,test
4873,B-1675,CCCOCC(C)O,calibration
4874,B-1676,C/C=C/C(C)O,test
4875,B-1677,Cc1cc(Cl)ccc1O,calibration
4876,B-1678,Cc1cc(Cl)cc(Cl)c1O,calibration
4877,B-1679,NC(=O)c1cccc(c1)[S](N)(=O)=O,test
4878,B-1680,OC(=O)C=C(Br)Br,calibration
4879,B-1682,CC(NC(N)=O)NC(N)=O,validation
4880,B-1683,NC(=O)NN=C1CCCCC1,test
4881,B-1684,OC(=O)CCC(=O)c1ccc2ccccc2c1,calibration
4882,B-1685,CN(C)NC(=O)CCC(O)=O,validation
4883,B-1686,OCC(CO[N+]([O-])=O)(CO[N+]([O-])=O)CO[N+]([O-])=O,calibration
4884,B-1687,CCNc1nc(NC(C)C)nc(OC)n1,test
4885,B-1688,C=C\C=C/C#N,calibration
4886,B-1690,CN(C)C1CSSC1,validation
4887,B-1691,CCOC(=O)CC(S[P](=O)(OC)OC)C(=O)OCC,validation
4888,B-1692,CCCCCCCS,test
4889,B-1693,CNC(=O)O\N=C\C(C)(C)[S](C)=O,validation
4890,B-1694,CNC(=O)O\N=C\C(C)(C)[S](C)(=O)=O,calibration
4891,B-1695,FC(F)(Cl)CCl,validation
4892,B-1696,CCCCCCCCCC(C)O,test
4893,B-1697,CC(C)CCCCCO,test
4894,B-1698,Cc1cnc2c(ccc3c(C)c(C)cnc23)c1C,validation
4895,B-1699,CN(C)CC\C=C1/c2ccccc2COc3ccccc13,validation
4896,B-1700,CCC1CCCCC1,test
4897,B-1701,CC1(C)C2CC3OC3(C)C1C2,validation
4898,B-1702,CC1(C)OC(=O)c2ccccc12,validation
4899,B-1703,O=C1C=CC(C=C1)=NNc2ccccc2,test
4900,B-1705,Oc1c(Br)cc(cc1Br)C#N,test
4901,B-1706,CCCCCCCC(=O)Oc1c(Br)cc(cc1Br)C#N,test
4902,B-1707,ClC1=C(Cl)C(=O)N(N=C1)c2ccccc2,calibration
4903,B-1708,NC1=C(Cl)C(=O)N(N=C1)c2ccccc2,calibration
4904,B-1709,OC(=O)c1nc(Cl)ccc1Cl,test
4905,B-1710,Cc1cc2c3ccccc3ccc2c4ccccc14,test
4906,B-1711,CC(C)O[N+]([O-])=O,test
4907,B-1712,CC(F)(Cl)Cl,validation
4908,B-1713,COc1ccc2Nc3cc(Cl)ccc3Sc2c1,validation
4909,B-1714,CC(C)c1ccc2c(CC[C@H]3[C@@](C)(CCC[C@]23C)C(O)=O)c1,calibration
4910,B-1715,C1NNCN2CNNCN12,test
4911,B-1716,O=C(Nc1ccccc1)c2cccnc2,test
4912,B-1717,Nc1ccc2snnc2c1,test
4913,B-1718,[NH4+].[S-]C#N,calibration
4914,B-1719,OCc1ccc(Cl)cc1Cl,calibration
4915,B-1720,[O-][N+](=O)CCl,validation
4916,B-1721,C\C(NO)=C/N=O,calibration
4917,B-1722,OCc1ccc(Cl)c(Cl)c1,test
4918,B-1723,CCCCO[P+](=O)OCCCC,test
4919,B-1725,Clc1ccc(Cl)c2ccccc12,validation
4920,B-1726,CCN(CC)C(=O)CSc1ccc(Cl)nn1,test
4921,B-1727,[O-][N+](=O)c1ccc(Oc2ccc(Cl)cc2Cl)cc1,calibration
4922,B-1728,[O-][N+](=O)c1ccc(Oc2c(Cl)cc(Cl)cc2Cl)cc1,test
4923,B-1729,CCCC(O)C(C)CC,calibration
4924,B-1730,Fc1ccc(cc1)C(CCCN2CCC3(CC2)N(CNC3=O)c4ccccc4)c5ccc(F)cc5,calibration
4925,B-1731,OC(=O)CCCCCCCCCC(O)=O,test
4926,B-1732,COC(=O)c1c(Cl)c(Cl)c(c(Cl)c1Cl)C(=O)OC,test
4927,B-1734,CC(O)COCc1c(Cl)ccc(Cl)c1Cl,test
4928,B-1735,[H+].[Cl-].CNC1(CCCCC1=O)c2ccccc2Cl,test
4929,B-1736,Cc1cc(O)c(Cc2ccccc2)c(C)c1Cl,validation
4930,B-1737,OCCNC(=O)C(=O)NCCO,test
4931,B-1738,Nc1ncnc2n(cnc12)[C@]3(CO)O[C@H](CO)[C@@H](O)[C@H]3O,calibration
4932,B-1739,Cc1ccccc1OCC(O)=O,calibration
4933,B-1740,OC(=O)COc1ccccc1[N+]([O-])=O,test
4934,B-1741,CC(C)(C)[S](=O)(=O)C(C)(C)C,validation
4935,B-1742,ClC(Cl)=C(Cl)C(Cl)(Cl)Cl,test
4936,B-1743,Brc1oc(C=O)cc1,validation
4937,B-1744,CCN(CC)c1nc(Cl)nc(NC(C)C)n1,validation
4938,B-1745,Cc1oc(cc1)C(O)=O,test
4939,B-1746,COCc1oc(C=O)cc1,test
4940,B-1748,Nc1c(Cl)c(Cl)nc(C(O)=O)c1Cl,calibration
4941,B-1749,CCCN(CCC)c1c(cc(C)cc1[N+]([O-])=O)[N+]([O-])=O,test
4942,B-1750,CNC(=O)Oc1c(cc(C)cc1C(C)(C)C)C(C)(C)C,test
4943,B-1752,Oc1ccc2Nc3ccccc3Sc2c1,calibration
4944,B-1753,COC(=O)COc1ccc(Cl)cc1Cl,test
4945,B-1754,CCOC(=O)COc1cc(Cl)c(Cl)cc1Cl,validation
4946,B-1755,CCCCCCCCOC(=O)COc1ccc(Cl)cc1Cl,validation
4947,B-1756,CCCOC(=O)COc1ccc(Cl)cc1Cl,calibration
4948,B-1757,COc1ccc(CCC(O)=O)cc1,calibration
4949,B-1758,CCCCOCCOC(=O)COc1ccc(Cl)cc1Cl,test
4950,B-1761,CNC(=O)Nc1sc2ccccc2n1,test
4951,B-1762,[O-][N+](=O)C(Cl)([N+]([O-])=O)[N+]([O-])=O,calibration
4952,B-1763,CC(=C)C1CCC(C)(O)C(O)C1,validation
4953,B-1764,CCCS[S](=O)CCC,calibration
4954,B-1765,COc1c(cccc1C(O)=O)C(O)=O,test
4955,B-1766,CCC(=O)Oc1ccc(cc1)[N+]([O-])=O,test
4956,B-1767,CCCCC(=O)Oc1ccc(cc1)[N+]([O-])=O,test
4957,B-1769,CC(C)C(NC(=O)CN)C(O)=O,test
4958,B-1770,OCCNC(=O)CCCCC(=O)NCCO,test
4959,B-1771,CNC(=O)OCc1ccc(Cl)c(Cl)c1,test
4960,B-1772,CC(OC(=O)Nc1cccc(Cl)c1)C#C,test
4961,B-1773,NC(=O)Nc1ccc(Br)cc1,validation
4962,B-1774,CCc1ccccc1Br,validation
4963,B-1775,CN(C)C(=O)Nc1ccc(Oc2ccc(Cl)cc2)cc1,calibration
4964,B-1776,CC1CCCCC1NC(=O)Nc2ccccc2,test
4965,B-1777,COc1cccc(Cl)c1Cl,test
4966,B-1778,COc1c(Cl)cccc1Cl,test
4967,B-1779,NC(=O)C=Cc1ccccc1[N+]([O-])=O,validation
4968,B-1780,Cc1ncnc2nc[nH]c12,test
4969,B-1781,CCSC(=O)N(CC(C)C)CC(C)C,test
4970,B-1782,O=C1CNC(=S)N1c2ccccc2,test
4971,B-1783,CCCCCCCCCCN,calibration
4972,B-1784,CCOC(=O)CCc1ccccc1,validation
4973,B-1786,CNC(=O)Oc1ccc(N(C)C)c(C)c1,calibration
4974,B-1787,CNC(=O)Oc1cc(C)c(SC)c(C)c1,test
4975,B-1788,CCCC1CCCC1,test
4976,B-1789,CC(O)C(N)=O,validation
4977,B-1791,CCOC(=O)CCCCCC(=O)OCC,validation
4978,B-1792,CCOC(=O)CCCCCCC(=O)OCC,test
4979,B-1793,Clc1ccc2ccccc2c1Cl,test
4980,B-1794,Clc1cccc2cccc(Cl)c12,test
4981,B-1796,OC/1=CC(=O)C=CC1=N/Nc2ccccc2,test
4982,B-1797,COC(C)C(N)C(O)=O,test
4983,B-1799,CC(C)CC(c1ccc(O)cc1)c2ccc(O)cc2,validation
4984,B-1800,C[C@@H](C[C@@H](C)C([O-])=O)C([O-])=O,test
4985,B-1801,N[S](=O)(=O)c1cc2c(CN(C3CCCCC3)C2=O)cc1Cl,calibration
4986,B-1802,Brc1cccc(c1)N=C=S,test
4987,B-1803,C[C@@H]1C[C@H]2[C@@H]3C[C@H](F)C4=CC(=O)C=C[C@]4(C)[C@@]3(F)[C@@H](O)C[C@]2(C)[C@@]1(O)C(=O)CO,test
4988,B-1804,Oc1ccc(C2CCCCC2)c(O)c1,test
4989,B-1805,OCC1C(CO)C2(Cl)C(=C(Cl)C1(Cl)C2(Cl)Cl)Cl,test
4990,B-1806,OC(=O)c1ccccc1C(=O)c2ccc(Br)cc2,validation
4991,B-1807,CCNC1=NC(=O)N=C(NC(C)C)N1,calibration
4992,B-1809,[Na+].C[As](O)([O-])=O,test
4993,B-1810,O=C1NC2=C(CCC2)C(=O)N1C3CCCCC3,test
4994,B-1811,CC(=C)C(=O)Nc1ccc(Cl)c(Cl)c1,test
4995,B-1812,CCC(C)OC(=O)Nc1cccc(Cl)c1,test
4996,B-1813,CC(C)COc1ccc2ccccc2c1,validation
4997,B-1815,Clc1ccc2ccc(Cl)cc2c1,test
4998,B-1816,CCOC(=O)c1[nH]c(C)cc1C,validation
4999,B-1817,COc1ccc(cc1C(O)=O)C(O)=O,test
5000,B-1818,C[C@H]1CCCC[C@H]1C,validation
5001,B-1820,C[C@@H](Cl)[C@@H](C)Cl,test
5002,B-1821,OC(=O)c1cccc2cccc(c12)[N+]([O-])=O,test
5003,B-1822,CCCCC(C)CCC,calibration
5004,B-1824,COc1cccc2ccccc12,test
5005,B-1825,CC1(C)[C@@H]2CC[C@@](C)(C2)[C@@H]1O,calibration
5006,B-1826,CCC(CC)([S](=O)(=O)CC)[S](=O)(=O)CC,test
5007,B-1827,Clc1ccc(Sc2cc(Cl)c(Cl)cc2Cl)cc1,calibration
5008,B-1828,ClC1=C(Cl)C(Cl)(C(=C1Cl)Cl)C2(Cl)C(=C(Cl)C(=C2Cl)Cl)Cl,test
5009,B-1829,O\N=C/1CCCC=C1,calibration
5010,B-1830,Clc1c(Cl)c(Cl)c2c(Cl)c(Cl)c(Cl)c(Cl)c2c1Cl,test
5011,B-1831,Nc1cccc(c1)C#N,test
5012,B-1832,CCCCCCCCC#N,test
5013,B-1834,S=C=NCCc1ccccc1,calibration
5014,B-1835,[O-]C(=O)C(Cl)=C(Cl)Cl,calibration
5015,B-1836,FC(F)(F)c1[nH]c2cncnc2n1,calibration
5016,B-1837,OC(=O)CCCCc1ccccc1,test
5017,B-1838,Cn1cnc2nc(Cl)nc(Cl)c12,validation
5018,B-1839,CO[P](=O)(OC)OC(=C\Cl)/c1ccc(Cl)cc1Cl,test
5019,B-1840,CCO[P](=S)(OCC)SCC(=O)NC(C)C,validation
5020,B-1841,CNC(=O)CCSCCS[P](=O)(OC)OC,validation
5021,B-1842,OC(=O)c1c(O)ccc2ccccc12,validation
5022,B-1843,CC(C)N(C(C)C)C(=O)SC\C(Cl)=C\Cl,validation
5023,B-1844,CC(C)N(C(C)C)C(=O)SCC(Cl)=C(Cl)Cl,calibration
5024,B-1845,OC(=O)C1CCCCC1C(O)=O,test
5025,B-1846,O=C1Nc2nc[nH]c2C=N1,test
5026,B-1847,CN1C(=O)N(C)C2=C(N(C)C(=O)N2C)C1=O,test
5027,B-1848,CCO[P](=S)(OCC)SCN1C(=O)Oc2cc(Cl)ccc12,test
5028,B-1849,CCCCOC(=O)C1(O)c2ccccc2c3ccccc13,calibration
5029,B-1850,CCN(CC)C(=O)CCl,validation
5030,B-1851,CCCOC(=O)c1ccccc1,test
5031,B-1852,OCc1cc(Br)ccc1O,test
5032,B-1853,CC(C)C(CC(O)=O)C(O)=O,test
5033,B-1854,CCOC(=O)[C@H](Cc1ccccc1)NC(C)=O,calibration
5034,B-1855,Fc1cc(F)c(F)c(F)c1,test
5035,B-1856,CCCC(C)(C)CO,test
5036,B-1857,OC(=O)\C=C/c1ccc2OCOc2c1,test
5037,B-1859,Cc1ccc2cc3ccc4ccccc4c3cc2c1,test
5038,B-1860,Cc1ccc2cc3c(ccc4ccccc34)cc2c1,validation
5039,B-1861,Cc1c2ccccc2c3ccc4cccc5ccc1c3c45,test
5040,B-1862,S=C1Nc2ccccc2O1,calibration
5041,B-1863,ClC1(Cl)C2(Cl)C3(Cl)C4(Cl)C(Cl)(Cl)C5(Cl)C3(Cl)C1(Cl)C5(Cl)C24Cl,validation
5042,B-1864,Clc1cccc(c1)N=C=S,test
5043,B-1865,C#CCCCCCC#C,calibration
5044,B-1866,OC(=O)C1=C[NH++]([O-])[CH-]C=C1,calibration
5045,B-1867,CCCCO[P](=O)(CC)OCCCC,test
5046,B-1868,CCCCO[P](C)(=O)OCCCC,calibration
5047,B-1869,Oc1ccccc1Oc2ccccc2,validation
5048,B-1870,CCC(O)CN(CC(O)CC)CC(O)CC,test
5049,B-1871,Cc1c2ccccc2cc3ccc4ccccc4c13,test
5050,B-1872,ClC(Cl)C(Cl)(Cl)SN1C(=O)C2CC=CCC2C1=O,calibration
5051,B-1873,CCCCOCC1CO1,test
5052,B-1874,Cc1cc(Cl)c(O)c(Cl)c1,calibration
5053,B-1875,Cc1ncc2nccnc2n1,validation
5054,B-1876,Cc1ncnc2nccnc12,validation
5055,B-1878,Cc1ccc2nc3SC(=O)Sc3nc2c1,test
5056,B-1879,CCCCCCCCCCCCN=C(N)N.CC(O)=O,test
5057,B-1880,COc1ccccc1C(N)=O,validation
5058,B-1881,OC(=O)CN(C[P](O)(O)=O)C[P](O)(O)=O,calibration
5059,B-1882,Nc1ccc(CC(=O)c2ccccc2)cc1,validation
5060,B-1883,Clc1ccc(Oc2ccc(Cl)cc2)cc1,test
5061,B-1884,O.CC(C)(O)C1CCC(C)(O)CC1,test
5062,B-1886,Nc1ccc(N)c2C(=O)c3c(N)ccc(N)c3C(=O)c12,test
5063,B-1887,CC(=O)Oc1c(cc(c(C)c1C(C)(C)C)[N+]([O-])=O)[N+]([O-])=O,validation
5064,B-1888,OC(=O)CNC=O,validation
5065,B-1889,Oc1ccc(cc1)C(=O)Cc2ccccc2,calibration
5066,B-1890,CCO[P](=S)(OCC)SCC[S](=O)(=O)CC,test
5067,B-1891,Cc1c2ccccc2cc3c1cc(F)c4ccccc34,validation
5068,B-1892,Cc1cccc2ccc3cc4ccccc4cc3c12,calibration
5069,B-1893,OC(=O)c1cc(Cl)ccc1[N+]([O-])=O,test
5070,B-1894,CCCCO[P](=O)(OCCCC)Oc1ccccc1,calibration
5071,B-1895,COC(=O)C1(O)c2ccccc2c3ccc(Cl)cc13,test
5072,B-1897,CO[P](=S)(OC)SCC(=O)N(C)C=O,calibration
5073,B-1898,Cc1c2ccccc2cc3c4ccccc4cc(F)c13,test
5074,B-1899,Cc1c2ccccc2cc3c4ccccc4ccc13,validation
5075,B-1900,OC(=O)CCCCCCCC=O,test
5076,B-1901,ClC(Cl)C(=O)Nc1ccccc1,calibration
5077,B-1902,CCC1OCCO1,test
5078,B-1903,N\C(NO)=C(/N)N=O,calibration
5079,B-1904,Cc1cc(O)ccc1[N+]([O-])=O,calibration
5080,B-1905,[O-][N+](=O)c1ccc(cc1)N=Nc2ccc(Nc3ccccc3)cc2,test
5081,B-1906,NC(N)=Nc1sc2ccccc2n1,test
5082,B-1907,OC(=O)CCC=CC(O)=O,calibration
5083,B-1908,CCO[P](=S)(OCC)SC[S](=O)CC,test
5084,B-1909,CCO[P](=S)(OCC)SC[S](=O)(=O)CC,calibration
5085,B-1910,CCOc1snc(n1)C(Cl)(Cl)Cl,test
5086,B-1911,CCOC(=O)N(C)C(=O)CS[P](=S)(OCC)OCC,calibration
5087,B-1912,CCOC(=O)C(S[P](=S)(OC)OC)c1ccccc1,test
5088,B-1913,C[Hg]C#N,test
5089,B-1914,Cc1nc(C)c(cc1C(O)=O)C(O)=O,test
5090,B-1915,[Na+].[Na+].[Na+].[O-][S](=O)(=O)c1cc2C=CC(=O)\C(=N/Nc3ccc(c4ccccc34)[S]([O-])(=O)=O)c2c(c1)[S]([O-])(=O)=O,validation
5091,B-1916,CC(=O)Nc1ccc(OC(C)=O)cc1,test
5092,B-1917,CN1C(=O)N(C)c2nc(C)c(C)nc2C1=O,test
5093,B-1918,CCCC(=O)Oc1ccc(cc1)[N+]([O-])=O,calibration
5094,B-1919,Oc1ccc2ccccc2c1N=O,calibration
5095,B-1920,C[C@@](CCC([O-])=O)(N=N[C@](C)(CCC([O-])=O)C#N)C#N,validation
5096,B-1921,CCO[P](=S)(OCC)SCN1N=Nc2ccccc2C1=O,calibration
5097,B-1922,Nc1cc2c3ccccc3ccc2c4ccccc14,validation
5098,B-1923,CNC(=O)Oc1cc(cc(c1)C(C)(C)C)C(C)(C)C,validation
5099,B-1924,COc1cc(Cl)c(OC)cc1Cl,calibration
5100,B-1925,CNCCC(O)=O,test
5101,B-1926,Clc1ccccc1Oc2ccccc2,test
5102,B-1927,CCCCO[P](=O)(OCC)OCC,test
5103,B-1928,CCOC(=O)[C@@H](N)CC(C)C,test
5104,B-1929,OC(=O)C(CSSCC(NC(=O)Cc1ccccc1)C(O)=O)NC(=O)Cc2ccccc2,calibration
5105,B-1930,C1C[n+]2ccccc2c3cccc[n+]13,test
5106,B-1931,COc1cc(Cl)c(Cl)cc1OC,test
5107,B-1932,COC1=COC(=CC1=O)CS[P](=O)(OC)OC,test
5108,B-1933,CC(O)([P](O)(O)=O)[P](O)(O)=O,test
5109,B-1935,C[C@H]1C[NH2+][C@H](C)C[NH2+]1,test
5110,B-1936,CC(=O)C=CC(O)=O,validation
5111,B-1937,OC(=O)CCCCCCCCCCBr,test
5112,B-1938,CCC(N)C(O)=O,validation
5113,B-1939,FC(Cl)C(F)(F)F,test
5114,B-1940,COc1cccc(Cl)c1,validation
5115,B-1941,CCO[P](=S)(OCC)Oc1nc(Cl)c(Cl)cc1Cl,calibration
5116,B-1942,O=C1CCCC1C#N,calibration
5117,B-1943,CCSC(=O)N(CC)CC,test
5118,B-1944,C=CCO[P](=O)(OCC=C)c1ccccc1,test
5119,B-1945,CCCCO[P](=O)(CCCC)CCCC,test
5120,B-1946,CC1=C(Cl)C(=O)C(=C(C)N1)Cl,test
5121,B-1947,Oc1ccc(C=O)cc1Br,test
5122,B-1948,Clc1ccc(cc1)c2cccc(Cl)c2,validation
5123,B-1949,OC(=O)COc1cccc(Cl)c1Cl,test
5124,B-1950,CCOC(=O)C(C)OC(C)=O,test
5125,B-1951,Nc1ccc(SC#N)cc1,test
5126,B-1952,Nc1nc2nc[nH]c2c(n1)C(F)(F)F,test
5127,B-1953,CCN(CC)c1nc(NC(C)C)nc(OC)n1,test
5128,B-1954,CNc1nc(Cl)nc(NC(C)C)n1,test
5129,B-1955,Oc1ccc(C=O)cc1[N+]([O-])=O,test
5130,B-1956,CC(Br)CCl,test
5131,B-1957,CNc1nc(NC(C)C)nc(OC)n1,test
5132,B-1958,NC1=C(Br)C(=O)N(N=C1)c2ccccc2,validation
5133,B-1960,CN[C@@H](CC(C)C)C(O)=O,calibration
5134,B-1961,CC(C)C(NC(C)=O)C(O)=O,test
5135,B-1962,C=CCCCC=C,test
5136,B-1963,CC1CCCC(C)(C)C1,calibration
5137,B-1964,OC(=O)CNCCC#N,calibration
5138,B-1965,CC[C@@H](C)[C@H](N)C(O)=O,test
5139,B-1966,OC1(CCN(CCCC(=O)c2ccc(F)cc2)CC1)c3ccccc3,test
5140,B-1967,CC(C)(C)CCCO,calibration
5141,B-1968,NC(=O)C[C@H](NC(N)=O)C(O)=O,calibration
5142,B-1969,CN(C)C(=O)N(c1ccc(Cl)c(Cl)c1)C(=O)c2ccccc2,test
5143,B-1970,NC(=O)NCl,calibration
5144,B-1971,CC(C)C[C@H](N)C(=O)NCC(=O)NCC(O)=O,calibration
5145,B-1972,OCC(O)C(O)C(O)C(O)C(O)C=O,test
5146,B-1973,OC(=O)C1=C/C(C=CC1=O)=N/Nc2ccccc2,calibration
5147,B-1974,COc1ccc(cc1)C(=O)CCC(O)=O,validation
5148,B-1975,CCC(NC=NN)C(O)=O,calibration
5149,B-1976,OC1=CC=C(Br)C=CC1=O,calibration
5150,B-1977,BrC1CCC(Br)C(Br)CCC(Br)C(Br)CCC1Br,test
5151,B-1978,CC(C)COC(=O)C(C)(C)O,test
5152,B-1979,Oc1ccccc1C(=O)N2CCOCC2,test
5153,B-1980,[O-][N+](=O)c1cccc(Cl)c1Cl,validation
5154,B-1981,BrCC(CBr)(CBr)CBr,test
5155,B-1982,CCCO[P](=S)(OCCC)O[P](=S)(OCCC)OCCC,test
5156,B-1983,Cc1ccnc2c1ccc3c(C)ccnc23,test
5157,B-1984,CCC(=O)OOC(=O)CC,validation
5158,B-1987,CC(Oc1ccc(Cl)cc1)C(O)=O,test
5159,B-1988,CN(C)C(N)=N,test
5160,B-1989,OC(=O)C1=CCCc2ccccc12,test
5161,B-1990,OCC(O)C(O)C(O)C(O)C(O)CO,calibration
5162,B-1991,O/N=C/1CCCC=C1,test
5163,B-1993,C=CCCN=C=S,calibration
5164,B-1994,N[C@@H](Cc1cc(Cl)c(O)c(Cl)c1)C(O)=O,test
5165,B-1995,Nc1nc(N)nc(Cl)n1,test
5166,B-1996,CCC(=O)NCCNC(=O)CC,validation
5167,B-1997,Clc1ccc(cc1)C(=C(Cl)Cl)c2ccccc2Cl,test
5168,B-1998,CN1C(=O)N(C)c2n[se]nc2C1=O,test
5169,B-1999,OC(=O)c1occ(Br)c1,validation
5170,B-2001,CC1CCCCN1CCCOC(=O)c2ccc(Cl)c(Cl)c2,validation
5171,B-2002,Clc1c(Cl)c(Cl)c2nccnc2c1Cl,validation
5172,B-2003,CC(C)CCC(C)(C)C,test
5173,B-2004,CCOC(=O)N(CC)CC,test
5174,B-2005,Oc1cc(O)c(c(O)c1)C(=O)c2ccccc2,validation
5175,B-2006,OC[C@H]1OC2(COC3(CO2)O[C@H](CO)[C@@H](O)[C@@H]3O)[C@@H](O)[C@@H]1O,calibration
5176,B-2007,CC(C)Cc1sc(N[S](=O)(=O)c2ccc(N)cc2)nn1,test
5177,B-2008,CN(Cc1cc(Br)cc(Br)c1N)C2CCCCC2,validation
5178,B-2009,OCCN(Cc1ccc(Oc2ccc(cc2)[N+]([O-])=O)cc1)C(=O)C(Cl)Cl,validation
5179,B-2010,CCCCCCCCCC(C(O)=O)C(O)=O,validation
5180,B-2011,FC(F)(F)c1[nH]c2ccc(Cl)c(Cl)c2n1,test
5181,B-2012,CCC1(C(=O)NC(=O)NC1=O)C2=CC3CCC(C3)C2,test
5182,B-2013,C[C@H](CC(O)=O)C(O)=O,calibration
5183,B-2014,NC(C(O)C(O)C(O)CO)C(O)=O,test
5184,B-2015,C(Cc1ccccc1)NCc2ccccc2,test
5185,B-2016,CCc1ccc(NC(C)=O)cc1,test
5186,B-2017,OCCCCCCCCCCC([O-])=O,test
5187,B-2018,COc1cc(OC)c2C(=O)C3(Oc2c1)C(C)CC(=O)C=C3OC,validation
5188,B-2019,CCOC(C)C(=O)C=O,calibration
5189,B-2020,Clc1ccc(cc1)C(C(=O)C2C(=O)c3ccccc3C2=O)c4ccccc4,test
5190,B-2021,Cc1cc2ccccc2c3ccc4ccccc4c13,test
5191,B-2022,Cc1c(C)c2c3ccccc3ccc2c4ccccc14,validation
5192,B-2023,CCc1c2ccccc2cc3c1ccc4ccccc34,test
5193,B-2024,N[S](=O)(=O)c1cccc(c1)[S](N)(=O)=O,test
5194,B-2025,Cc1cc(C)c[n+]([O-])c1,test
5195,B-2026,NCc1ccccn1,calibration
5196,B-2027,NCc1ccncc1,test
5197,B-2028,CCO[P](=O)(OCC)SCC(=O)NC(C)(C)C#N,test
5198,B-2029,CCO[P](=S)(OCC)Oc1ccc(N)cc1,validation
5199,B-2030,Clc1cc(Cl)nc(n1)c2ccccc2,calibration
5200,B-2031,CCCCCC1CCCC1,test
5201,B-2032,Cc1cc(ccc1N=Nc2ccccc2)N(CCO)CCO,test
5202,B-2033,COc1cc(N[S](=O)(=O)c2ccc(N)cc2)nc(C)n1,validation
5203,B-2034,OC(=O)CN1C(=O)Sc2cccc(Cl)c12,validation
5204,B-2035,NNC(=O)CC(=O)NN,test
5205,B-2037,C[C@H]([NH3+])C(C)(C)C,validation
5206,B-2039,NNC(=O)C(O)C(O)C(O)C(O)CO,calibration
5207,B-2040,[nH]1c2ccccc2nc1c3occc3,validation
5208,B-2041,Brc1ccc2Nc3ccccc3Sc2c1,validation
5209,B-2042,Ic1ccc2Nc3ccccc3Sc2c1,test
5210,B-2043,ClCC[S](=O)(=O)CC[S](=O)(=O)CCCl,test
5211,B-2044,OC(=O)CN(CC(O)=O)Cc1cc2C(=O)c3ccccc3C(=O)c2c(O)c1O,validation
5212,B-2045,COC(=O)c1ccc(O)c(Cl)c1,test
5213,B-2046,CCC(O)C(C)(C)C,validation
5214,B-2047,OC(=O)C[C@@H](Cl)C(O)=O,test
5215,B-2048,CCCCCCC(C(O)=O)C(O)=O,calibration
5216,B-2049,OC(=O)COc1c(Cl)ccc(Cl)c1Cl,validation
5217,B-2050,COCC(=O)c1ccccc1,validation
5218,B-2051,[Cl-].Cl/C=C/C[N+]12CN3CN(CN(C3)C1)C2,calibration
5219,B-2052,C\C=C/CO,test
5220,B-2053,[O-][N+](=O)C(CCl)([N+]([O-])=O)[N+]([O-])=O,test
5221,B-2054,CCC(CC)(C(O)=O)C(CC)(CC)C(O)=O,calibration
5222,B-2055,CCCCOCCC(=O)OC,validation
5223,B-2057,CCSc1nc(NC(C)C)nc(NC(C)C)n1,test
5224,B-2059,CC(C)C(=O)Oc1ccc(cc1)[N+]([O-])=O,validation
5225,B-2060,CCCCOC(=O)CCOC,test
5226,B-2062,[O-][N+](=O)c1cc2cccnc2c3ncccc13,validation
5227,B-2063,CCC1=CNC(=O)NC1=O,validation
5228,B-2064,CNC(CC(O)=O)C(O)=O,test
5229,B-2065,OC(=O)c1ccccc1CC(=O)c2ccccc2C(O)=O,validation
5230,B-2066,OC(=O)c1ccc(c(c1)C(O)=O)[N+]([O-])=O,validation
5231,B-2067,Clc1ccc(cc1)N=Nc2ccccc2,test
5232,B-2068,[O-][N+](=O)c1oc(cc1)\C=N\N2CCCOC2=O,test
5233,B-2069,O=C1Cc2c(O1)ccc3ccccc23,calibration
5234,B-2070,CC[C@@H]1[C@@H](O)N2[C@H]3C[C@@H]1C4C(O)[C@@]5(C[C@H]24)[C@H]3N(C)c6ccccc56,calibration
5235,B-2071,CCCCCCCCCCC(C(O)=O)C(O)=O,test
5236,B-2072,Cc1ccc(O)c(CO)c1,validation
5237,B-2073,CCOC(=O)c1[nH]c(C=O)c(CC)c1C,test
5238,B-2074,OC(=O)c1cccnc1Nc2cccc(c2)C(F)(F)F,test
5239,B-2075,CC(=O)CC1CCCCN1,test
5240,B-2077,CC\C(NO)=C(\CC)N=O,validation
5241,B-2078,O=[P](N1CCOCC1)(N2CCOCC2)N3CCOCC3,test
5242,B-2079,Cc1cnc(N[S](=O)(=O)c2ccc(N)cc2)nc1C,validation
5243,B-2080,CC1CCC(C)(C)C1,calibration
5244,B-2081,CC1NC(=O)CNC1=O,calibration
5245,B-2082,CN(C=C)N=O,test
5246,B-2083,O=C1NC=NC=C1,test
5247,B-2084,OC1=C(Br)C=CC=CC1=O,test
5248,B-2085,CC(=O)C1(C)CO1,test
5249,B-2086,CCSC(=S)NCC(O)=O,validation
5250,B-2087,OC[C@H]1O[C@@H](O[C@@H]2[C@@H](CO)O[C@](O)(CO)[C@H]2O)[C@H](O)[C@@H](O)[C@H]1O,calibration
5251,B-2088,CCN(CC)C(=O)OC,test
5252,B-2089,OC(=O)CCC(=O)c1cccc2ccccc12,validation
5253,B-2091,CC1(C)[C@@H]2CC[C@@](C)(C2)C1=O,test
5254,B-2092,N[P](N)(=O)c1ccccc1,test
5255,B-2093,NCCCNc1ccccc1,test
5256,B-2094,CCCN(CCC)c1c(cc(cc1[N+]([O-])=O)[S](C)(=O)=O)[N+]([O-])=O,calibration
5257,B-2095,OC(=O)c1ccccc1C(=O)Nc2ccccc2,validation
5258,B-2096,[I-].CCN1C=CC(=CC=Cc2cc[n+](CC)c3ccccc23)c4ccccc14,test
5259,B-2098,[O-]C(=O)c1cccc(Cl)c1[N+]([O-])=O,test
5260,B-2099,CCOC[C@H](N)C(O)=O,validation
5261,B-2100,OC(=O)CCSSCCC(O)=O,test
5262,B-2101,C/C=C/C#N,test
5263,B-2102,CCCC(O)C=C,test
5264,B-2103,CC(C)C(O)C=C,validation
5265,B-2104,CCC(O)\C=C\C,validation
5266,B-2105,OC(=O)C(=O)C(c1ccccc1)c2ccccc2,calibration
5267,B-2106,CN(C)C(=O)Nc1cccc(OC(=O)NC(C)(C)C)c1,test
5268,B-2107,O=[P](Oc1ccccc1)(N2CCOCC2)N3CCOCC3,calibration
5269,B-2108,CCCCOC(=O)CCO,calibration
5270,B-2110,OC(=O)CC(SC(CC(O)=O)C(O)=O)C(O)=O,test
5271,B-2111,Cc1cccc(O)c1[N+]([O-])=O,validation
5272,B-2112,ClCC(=O)NC(=O)CCl,calibration
5273,B-2113,C1CCC(CC1)N(Sc2sc3ccccc3n2)C4CCCCC4,test
5274,B-2114,COc1cc(C([O-])=O)c(cc1OC)[N+]([O-])=O,test
5275,B-2115,CC(=O)Nc1ccc(OC(=O)c2ccccc2OC(C)=O)cc1,validation
5276,B-2116,O=[S](=O)(N1CCCCC1)c2ccccc2,calibration
5277,B-2117,CCN(CC)C(C#N)c1ccccc1,calibration
5278,B-2121,[O-][N+](=O)Cc1ccc2ccccc2n1,calibration
5279,B-2122,CCO[P](=S)(OCC)N1C(=O)c2ccccc2C1=O,test
5280,B-2123,OC(=O)C(S)CCC(S)C(O)=O,calibration
5281,B-2124,CCSC(=S)N[C@@H](CC(O)=O)C(O)=O,validation
5282,B-2125,ClCC[S](=O)(=O)CCOCC[S](=O)(=O)CCCl,calibration
5283,B-2126,COc1cc(ccc1C(O)=O)C(O)=O,validation
5284,B-2128,CC(=O)Nc1ccc(Cl)cc1C,test
5285,B-2129,CCCCC1=C(C)NC(=NC1=O)N(C)C,validation
5286,B-2130,CN1C2CCC1CC(C2)OC(=O)C(CO[S](O)(=O)=O)c3ccccc3,test
5287,B-2133,OC(=O)CC1CCCCC1,validation
5288,B-2134,CCCCCCCCCCCCCCCCNC(=O)C(C)O,test
5289,B-2135,CCCCCNC(=O)C(C)O,test
5290,B-2136,OCC(O)C1OC(Oc2ccccc2)C(O)C(O)C1O,calibration
5291,B-2137,O[P](O)(=O)c1cccc(c1)[N+]([O-])=O,calibration
5292,B-2138,CCCCCCCCCCOC(=O)c1cccnc1,calibration
5293,B-2139,CC(C)CC(NC=O)C(O)=O,test
5294,B-2141,C[S](=O)(=O)N[S](C)(=O)=O,test
5295,B-2142,CCCOC(=O)CCOC,test
5296,B-2143,COC(OC)\C=C/C(OC)OC,test
5297,B-2144,CN1CCC=C1C,test
5298,B-2146,NN[P](=S)(NN)c1ccccc1,test
5299,B-2147,Cc1cc(C)cc(OCC(O)=O)c1,validation
5300,B-2148,Clc1ccc2oc3ccc(Cl)cc3c2c1,test
5301,B-2149,CCCCCCNC(=O)C(C)O,validation
5302,B-2150,CCCCOC(=O)C(C)OC(C)=O,test
5303,B-2151,CCc1nc2N(C)C(=O)N(C)C(=O)c2n1C,test
5304,B-2152,NC(N)=NC(N)=Nc1ccc2ccccc2c1,validation
5305,B-2153,OC(=O)CC1NC(=O)NC1=O,test
5306,B-2154,Cc1ccc(cc1O)[N+]([O-])=O,validation
5307,B-2155,NC(=O)SCC(=O)Nc1ccccc1,test
5308,B-2156,CCOC(=O)C(CC(O)=O)=C(c1ccccc1)c2ccccc2,test
5309,B-2157,Cn1cnc2nc(Cl)nc(NN)c12,validation
5310,B-2158,CCOC(=O)C1=C(C)OC(=C(C(=O)OCC)C1=O)C,test
5311,B-2159,Nc1cc(ccc1I)[N+]([O-])=O,test
5312,B-2160,OC(=O)CCC(N(CCC#N)CCC#N)C(O)=O,calibration
5313,B-2161,CSCCC(N(CCC#N)CCC#N)C(O)=O,validation
5314,B-2162,CCCCCCCCOC(=O)C(C)O,calibration
5315,B-2163,O=C1COc2ccccc2N1,test
5316,B-2164,CCC\C(=C/C(O)=O)C(O)=O,calibration
5317,B-2165,CCOC(=O)N1CCN(CC1)C(=O)OCC,test
5318,B-2166,CC[C@@H](C)c1cccc([C@@H](C)CC)c1O,calibration
5319,B-2167,[O-][N+](=O)c1ccc2ccc3cccc4ccc1c2c34,validation
5320,B-2168,CCN(/N=C/c1oc(cc1)[N+]([O-])=O)C(N)=O,calibration
5321,B-2169,OC(=O)CCCCCc1ccccc1,validation
5322,B-2170,CCCCC(C)(O)CC,test
5323,B-2171,CC1=C(CCC1(C)C)C(O)=O,test
5324,B-2172,CO[P](=S)(OC)Oc1nc(Cl)c(Cl)cc1Cl,validation
5325,B-2173,CC(C)(C)CC(=O)OCC(=O)[C@@]12OC(C)(C)O[C@@H]1C[C@H]3[C@@H]4CCC5=CC(=O)C=C[C@]5(C)[C@@]4(F)[C@@H](O)C[C@]23C,test
5326,B-2174,CCOC1CC1,test
5327,B-2175,Cn1cnc2N(C)C(=O)N(CC([O-])=O)C(=O)c12,test
5328,B-2176,C[C@@H]1NC(=O)[C@@H](C)NC1=O,calibration
5329,B-2177,O=C1CCC(N1)C(=O)Nc2ccccc2,test
5330,B-2178,Oc1ccc(Sc2ccccc2)cc1,test
5331,B-2179,CCOCOCOCC,test
5332,B-2180,O=C1OCc2ccc3ccccc3c12,validation
5333,B-2181,OC(=O)CNC(=O)c1occc1,test
5334,B-2182,Nc1ccc(cc1)[S](=O)(=O)Nc2sc(cn2)C(O)=O,test
5335,B-2184,CCC(CC)(CC(O)=O)C(O)=O,test
5336,B-2185,OC(C(O)c1ccccc1)C(O)=O,test
5337,B-2186,CC=C(Cc1ccccc1)C(O)=O,validation
5338,B-2187,OC(=O)c1ccc(NC(=O)c2cccnc2)cc1,test
5339,B-2188,CCOC(OCC)C(C)=O,test
5340,B-2190,O=C1CCCCCNC(=O)CCCCCNC(=O)CCCCCNC(=O)CCCCCN1,validation
5341,B-2191,CC(C)OC(=O)C(O)(c1ccc(Cl)cc1)c2ccc(Cl)cc2,validation
5342,B-2192,OC1=C(C2CCCc3ccccc23)C(=O)c4ccccc4O1,calibration
5343,B-2193,CC(=O)OCCS,test
5344,B-2194,CC1=C(Cl)C(=O)N(C(=O)N1)C(C)(C)C,test
5345,B-2195,CO[P](=S)(OC)SS[P](=S)(OC)OC,calibration
5346,B-2196,NC(=O)NN=C[C@H](O)[C@@H](O)[C@H](O)CO,test
5347,B-2197,OC(=O)CC[P](O)(O)=O,calibration
5348,B-2198,OC[C@H]1O[C@@H](O[C@H]2[C@H](O)[C@@H](O)[C@H](O)O[C@@H]2CO)[C@H](O)[C@@H](O)[C@H]1O,test
5349,B-2200,CCN(CC)CCSCCN(CC)CC,validation
5350,B-2202,CC(=O)CC(CC(O)=O)c1ccccc1,validation
5351,B-2203,CCN(c1c(cc(cc1[N+]([O-])=O)[N+]([O-])=O)[N+]([O-])=O)[N+]([O-])=O,validation
5352,B-2204,Nc1ccc(cc1)C#Cc2ccc(N)cc2,test
5353,B-2205,OC(=O)c1ccccc1C(=O)c2ccccc2O,test
5354,B-2206,[O-][N+](=O)C(COC(=O)c1ccccc1C(=O)OCC([N+]([O-])=O)([N+]([O-])=O)[N+]([O-])=O)([N+]([O-])=O)[N+]([O-])=O,test
5355,B-2207,CCC(O)C(Cl)(Cl)Cl,calibration
5356,B-2209,CC(C)CC1OCCO1,validation
5357,B-2210,O=C1CCCCCCCCN1,calibration
5358,B-2211,CNCl,test
5359,B-2214,OC(=O)C(S)CS,calibration
5360,B-2215,O/N=C/c1oc(cc1)[N+]([O-])=O,test
5361,B-2216,O=C1CCCCCN1C(=O)c2ccccc2,test
5362,B-2217,O=C1C=CC(C=C1)=NNc2ccc(N=Nc3ccccc3)c4ccccc24,test
5363,B-2218,CC1(C)C2CCC1(C)C(N)(C2)C(O)=O,test
5364,B-2219,[Br-].CC[NH2+]CC,calibration
5365,B-2220,Cc1ccc(cc1N)[S](N)(=O)=O,test
5366,B-2221,CCCCCCCCNC(=O)C(C)O,validation
5367,B-2222,CCCCCCCCCCNC(=O)C(C)O,validation
5368,B-2223,CC(O)C(=O)OC(C)C(=O)OCC=C,calibration
5369,B-2224,CNCC(O)C(O)C(O)C(O)CO,test
5370,B-2225,COC(=O)C(C)OC(C)=O,calibration
5371,B-2226,OC(=O)CN(CCC#N)CCC#N,test
5372,B-2227,COc1cc2nccnc2c(N)c1OC,validation
5373,B-2228,CN(C(N)=O)c1ccc(C)cc1,validation
5374,B-2229,CC(C)CC(C)CO,test
5375,B-2230,NC(=O)c1ccc(cc1)[S](N)(=O)=O,calibration
5376,B-2231,CC1=CN(Cc2ccccc2)C(=O)NC1=O,calibration
5377,B-2232,Cc1[nH]cnc1[S](O)(=O)=O,validation
5378,B-2233,Cc1ccc2NC(=O)C(=O)Nc2c1,test
5379,B-2234,OC(=O)c1ccc(Br)c(c1)[N+]([O-])=O,test
5380,B-2235,CN1c2ccccc2C(O)(c3ccccc3)c4ccccc14,validation
5381,B-2236,CC1(CCCC=C1C(O)=O)C(O)=O,test
5382,B-2237,OC(=O)CC(N(CCC#N)CCC#N)C(O)=O,test
5383,B-2238,CN(C)C(=O)c1ccccc1C(=O)N(C)C,calibration
5384,B-2239,COc1cc(CC=C)ccc1OCC([O-])=O,test
5385,B-2240,C\C=C/C(=O)O[C@@H]1C[C@H]2O[C@@H]3C=C(C)C(=O)C[C@]3(C)[C@]1(C)[C@@]24CO4,calibration
5386,B-2241,CCCCCOC(=O)C(C)O,calibration
5387,B-2242,OCc1cc(Cl)ccc1OCC(O)=O,test
5388,B-2243,CNC(=O)Oc1cc(C)c(N(CC=C)CC=C)c(C)c1,test
5389,B-2244,Clc1cccc(Oc2ccccc2)c1,test
5390,B-2245,CC(=C)[C@@H]1CC=C(C)C(=O)C1,calibration
5391,B-2246,Oc1ccc(cc1C(=O)Nc2ccc(Cl)cc2)[N+]([O-])=O,validation
5392,B-2247,Oc1c(cccc1[N+]([O-])=O)C(=O)Nc2ccc(Cl)cc2,validation
5393,B-2248,CC(C)C(Br)C(=O)NC(C)C(O)=O,test
5394,B-2249,Cn1cnc2N(C)C(=O)N(CCCCC(C)=O)C(=O)c12,test
5395,B-2250,CCCCCOC(=O)c1ccc(O)cc1,test
5396,B-2251,CC[C@]12CC[C@H]3[C@@H](CCC4=CC(=O)CC[C@H]34)[C@@H]1CC[C@@]2(O)C#C,calibration
5397,B-2252,O=CCc1ccc2OCOc2c1,test
5398,B-2253,OC(=O)C1CC(=O)c2ccccc2C1,test
5399,B-2254,CCNc1nc(Cl)nc(NCC(=O)OCC)n1,validation
5400,B-2255,NC(CO)C(=O)NC(CO)C(O)=O,test
5401,B-2256,ONC1=C(CCC1)N=O,test
5402,B-2257,CC1CCC(=O)N1c2ccccc2,test
5403,B-2259,COC(=O)c1c(cccc1[N+]([O-])=O)C(O)=O,validation
5404,B-2260,CC(C)OC(=O)c1cccc(c1C([O-])=O)[N+]([O-])=O,validation
5405,B-2261,CC(C)OC(=O)c1c(cccc1[N+]([O-])=O)C([O-])=O,test
5406,B-2262,CC(C)(C)OC(=O)c1cccc(c1C([O-])=O)[N+]([O-])=O,calibration
5407,B-2263,CC(C)CCOC(=O)c1cccc(c1C([O-])=O)[N+]([O-])=O,test
5408,B-2264,Cc1cc(C)c(c(C)c1)[PH](O)=O,calibration
5409,B-2265,CCC(C)OC,calibration
5410,B-2266,OCC(CO)OCC=C,test
5411,B-2267,CN(C(/N)=N/[N+]([O-])=O)[N+]([O-])=O,calibration
5412,B-2268,CCC(C)OC(=O)c1cccc(c1C([O-])=O)[N+]([O-])=O,test
5413,B-2270,C[C@H]1CCCC[C@@H]1C,test
5414,B-2272,N[C@@H](CO)C(O)=O,validation
5415,B-2273,NC(CCC(O)=O)C(O)=O,test
5416,B-2274,Clc1ccc(Oc2ccccc2Cl)cc1,test
5417,B-2275,CC(=O)NC(NC(C)=O)c1ccccc1,test
5418,B-2277,CNC(=O)\C=C(/C)O[P](=O)(OC)OC,calibration
5419,B-2278,COc1c(Cl)c(Cl)cc(Cl)c1Cl,test
5420,B-2279,NC(=O)N\N=C\C(O)C(O)C(O)C(O)CO,test
5421,B-2280,CCCCOC(=O)c1cccnc1,validation
5422,B-2281,OCCCOC(=O)c1ccccc1,validation
5423,B-2283,CNC(=O)Oc1ccccc1C2OCCO2,test
5424,B-2285,Clc1ccc(Oc2ccccc2)cc1,test
5425,B-2287,CC(C)c1ccccc1Br,calibration
5426,B-2289,CCCC[P](=O)(CCCC)OCC,test
5427,B-2290,Cc1cc(O)c(cc1Cl)[N+]([O-])=O,validation
5428,B-2291,COc1cc(cc(Cl)n1)C(Cl)(Cl)Cl,validation
5429,B-2292,CCOc1ccc(cc1)N(C(C)=O)C(C)=O,test
5430,B-2293,CCCCO[P](=O)(OCC)OCCCC,test
5431,B-2294,CCCCO[P](=O)(OC)OCCCC,test
5432,B-2295,OC(=O)c1cccc2ncccc12,calibration
5433,B-2296,COC(=O)c1cc(Cl)cc(N)c1Cl,calibration
5434,B-2297,CCC(C)(O)C(C)(C)C,calibration
5435,B-2298,CN(C)C(=O)CCC(=O)N(C)C,validation
5436,B-2299,OC(=O)CC[Se][Se]CCC(O)=O,validation
5437,B-2300,OCN1CC(=O)N(CO)CC1=O,test
5438,B-2301,CC(C)C1C(=O)NC(=O)NC1=O,test
5439,B-2302,O=[P](Oc1ccccc1)(Oc2ccccc2)N3CCOCC3,validation
5440,B-2303,CN(N=O)C(C)=O,test
5441,B-2304,ClC1(Cl)C2(Cl)C3C(CC4C3C1(Cl)C5(Cl)C4C25Cl)C=O,calibration
5442,B-2305,O=[S]=O,test
5443,B-2306,CCNc1c(cc(cc1[N+]([O-])=O)[N+]([O-])=O)[N+]([O-])=O,validation
5444,B-2307,Nc1sc2cccc(O)c2n1,test
5445,B-2308,CC1(CCOC1=O)C(O)=O,test
5446,B-2309,OC(=O)c1ccc2C(=O)c3ccccc3C(=O)c2c1C(O)=O,calibration
5447,B-2310,NC1=NC(=O)N(C=C1)[C@H]2CC[C@@H](CO)O2,validation
5448,B-2311,COC1(C)COC(C)(CO1)OC,test
5449,B-2312,COc1cc(\C=C\C)ccc1OCC([O-])=O,validation
5450,B-2313,O=C1CCCCCCCCCCCCN1,calibration
5451,B-2314,OCc1cc(Cl)c(Cl)c(Cl)c1,validation
5452,B-2315,II,test
5453,B-2316,Oc1cccc2cncnc12,test
5454,B-2317,CCCCS[S](=O)CCCC,test
5455,B-2318,NCC(O)c1ccccc1,calibration
5456,B-2319,CC(Cl)C(C)Cl,test
5457,B-2320,ON(C(=O)c1occc1)c2ccccc2,calibration
5458,B-2321,[H+].[F-],test
5459,B-2322,O[S](O)(=O)=O,test
5460,B-2323,CCCOC(=O)c1cccnc1,test
5461,B-2324,Cn1c(COC(N)=O)ncc1[N+]([O-])=O,calibration
5462,B-2325,CCCCC(NC(C)=O)C(O)=O,test
5463,B-2327,CO[P](=O)(OC)OC(/C)=C/C(=O)OC(C)c1ccccc1,test
5464,B-2328,OC(=O)c1c(Cl)ccc2ccccc12,test
5465,B-2329,CCCOCCN(C(=O)CCl)c1c(CC)cccc1CC,test
5466,B-2331,N#N,test
5467,B-2332,O.O.O.O.O.[Cu++].[O-][S]([O-])(=O)=O,test
5468,B-2333,O[As](O)(O)=O,test
5469,B-2334,O=O,test
5470,B-2335,ClCl,test
5471,B-2337,COC(=O)\C=C(/C)O[P](=O)(OC)OC,test
5472,B-2338,CCC(Cl)(Cl)Cl,test
5473,B-2340,CCO[P](=O)(OCC)SCCSCC.CCO[P](=S)(OCC)OCCSCC,test
5474,B-2341,CCCC(C)c1cccc(OC(=O)NC)c1.CCC(CC)c2cccc(OC(=O)NC)c2,test
5475,B-2342,CCCCCCCCOCCO,validation
5476,B-2343,CC(C)[C@@H](O)C#N,test
5477,B-2344,CCC(CC)COC(C)=O,validation
5478,B-2346,ClC/C=C/Cl,calibration
5479,B-2347,CC1CC1(C(O)=O)C(O)=O,test
5480,B-2348,OC(=O)CC(C(O)=O)(c1ccccc1)c2ccccc2,test
5481,B-2349,NC(=O)C(Br)(Br)C#N,test
5482,B-2350,COc1ccc(Cl)cc1C(=O)NCCc2ccc(cc2)[S](=O)(=O)NC(=O)NC3CCCCC3,test
5483,B-2351,CO[P](N)(=O)SC,test
5484,B-2353,CC(C)CN1CCOCC1,calibration
5485,B-2354,CC(=O)N[C@@H](Cc1cc(Br)c(O)c(Br)c1)C(O)=O,test
5486,B-2355,OC(=O)c1ccc2ncccc2c1,validation
5487,B-2356,O=C(NC1CCCCC1)c2cccnc2,test
5488,B-2357,CC1(C)C2CCC1(C)C(=O)C2O,calibration
5489,B-2358,Nc1cc(ccc1Br)[N+]([O-])=O,validation
5490,B-2359,CCCCCCCCOCC(O)CO,validation
5491,B-2360,CCOC(=O)CCCOc1ccc(Cl)cc1C,test
5492,B-2362,OC1(CCN(CCCC(=O)c2ccc(F)cc2)CC1)c3ccc(Br)cc3,test
5493,B-2363,Cc1c(Cl)c(O)c(Cl)c(Cl)c1Cl,test
5494,B-2364,CCO[P](=O)(OC)OC,test
5495,B-2365,CCO[P](=S)(OCC)SC[S](=O)C(C)(C)C,test
5496,B-2366,CC(C)OC(=O)c1cc(cc(c1)[N+]([O-])=O)C(=O)OC(C)C,validation
5497,B-2368,COC(=O)[C@@]1(O)OC[C@@]23[C@H](C[C@@H](OC(C)=O)[C@]4(CO[C@@H]([C@@H](O)[C@](C)([C@H]12)[C@]56O[C@@]5(C)[C@H]7C[C@@H]6O[C@@H]8OC=C[C@]78O)[C@H]34)C(=O)OC)OC(=O)C(/C)=C/C,validation
5498,B-2369,O[P](O)(=O)CCCl,validation
5499,B-2370,[Mn].C[c-]1cccc1.[C-]#[O+].[C-]#[O+].[C-]#[O+],calibration
5500,B-2371,CCOc1cc(N=Nc2cc(cc(c2Br)[N+]([O-])=O)[N+]([O-])=O)c(NC(C)=O)cc1N(CCOC(C)=O)CCOC(C)=O,calibration
5501,B-2372,CNC(=O)Oc1cc(C)cc(C)c1C,validation
5502,B-2373,OC(=O)CC[Ge](=O)O[Ge](=O)CCC(O)=O,validation
5503,B-2374,COc1ccc(cc1)C(O)(C2CC2)c3cncnc3,test
5504,B-2375,CC(C)OCC(O)COC(C)C,validation
5505,B-2376,CC(=O)c1ccc(O)c(c1)C([O-])=O,test
5506,B-2377,ClCC(Cl)(Cl)CCl,calibration
5507,B-2378,COC1[C@H](O)C(CO[C@@H]2C(O)C[C@@H](O)OC2C)O[C@@H](O[C@H]3CC[C@]4(C)C5CC[C@]6(C)[C@H](CC[C@]6(O)C5CC[C@]4(O)C3)C7=CC(=O)OC7)C1O,test
5508,B-2379,CN(C)C(=O)c1ccc(cc1)C(=O)N(C)C,test
5509,B-2380,O=C(Nc1ccccn1)c2cccnc2,test
5510,B-2381,CCN(CC)C(=O)\C(Cl)=C(/C)O[P](=O)(OC)OC,validation
5511,B-2382,[O-][N+](=O)c1ccc(ONC=C2C=C(Br)C(=O)C(=C2)Br)c(c1)[N+]([O-])=O,test
5512,B-2383,CCCS[P](=O)(OCC)SCCC,calibration
5513,B-2384,O=C1Nc2cncnc2N1,calibration
5514,B-2385,CN(CC(O)=O)N=O,calibration
5515,B-2386,NC(=N)NC(=N)Nc1cccc2ccccc12,validation
5516,B-2387,CCO[P](=O)(OCC)SCc1ccccc1,validation
5517,B-2388,Nc1c(cc(Nc2ccc(c(Nc3nc(Cl)nc(Cl)n3)c2)[S](O)(=O)=O)c4C(=O)c5ccccc5C(=O)c14)[S](O)(=O)=O,test
5518,B-2390,CCCCNCC,test
5519,B-2391,CN1C(=O)N(C)c2nccnc2C1=O,test
5520,B-2392,CC1(C)Cc2cccc(c2O1)[N+]([O-])=O,calibration
5521,B-2394,CC(=O)N[C@@H](CSc1ccc(Cl)c(Cl)c1)C(O)=O,validation
5522,B-2395,CCOC(=O)c1cn2nc(O[P](=S)(OCC)OCC)cc2nc1C,test
5523,B-2396,IC1=CNC(=O)C=C1,validation
5524,B-2397,NC(N)=NCCCCCCCCNCCCCCCCCN=C(N)N,test
5525,B-2398,CCNc1nc(OC)nc(n1)N(CC)CC,test
5526,B-2399,CCCCOC(=O)C(C)OC(=O)C(C)O,validation
5527,B-2400,NC(=O)NCNC(N)=O,validation
5528,B-2401,CCC(O)CN,test
5529,B-2402,ClC1=C(Cl)C2(Cl)C3CCC4C(CCC3C1(Cl)C2(Cl)Cl)C5(Cl)C(=C(Cl)C4(Cl)C5(Cl)Cl)Cl,test
5530,B-2403,CCO[P](=S)(OCC)Oc1cnc2ccccc2n1,test
5531,B-2404,OC(=O)c1cc[n+]([O-])cc1,test
5532,B-2405,CCCC1CCCNC1,test
5533,B-2406,CC(CCl)O[P](=O)(OC(C)CCl)OC(C)CCl,test
5534,B-2410,CC(=O)OC1(CCC2C3C=C(Cl)C4=CC(=O)C=CC4(C)C3CCC12C)C(C)=O,calibration
5535,B-2411,OC[C@@H](NC(=O)CN=[N+]=[N-])[C@H](O)c1ccc(cc1)[N+]([O-])=O,test
5536,B-2412,CCC(C)N,validation
5537,B-2413,OC(=O)\C=C\CBr,calibration
5538,B-2414,CN1c2ccccc2Sc3ccc(CC(O)=O)cc13,calibration
5539,B-2415,C/C=C/CC1(C\C=C\C)C(=O)NC(=O)NC1=O,validation
5540,B-2416,Cc1oc(cc1C([O-])=O)[C@H](O)[C@H](O)[C@H](O)CO,test
5541,B-2418,CN(C)c1ncnc2nccnc12,test
5542,B-2419,CCOCCC(=O)OC,test
5543,B-2420,CCCCOC(=O)CCOCC,validation
5544,B-2421,CCCCCOC(=O)CCOCC,validation
5545,B-2422,CCCCCCOC(=O)CCOCC,test
5546,B-2423,CCCOCCC(=O)OC,calibration
5547,B-2424,CCCOCCC(=O)OCCC,test
5548,B-2425,CCCCOCCC(=O)OCCCC,test
5549,B-2427,C1COc2ccccc2OCCOCCOc3ccccc3OCCO1,validation
5550,B-2428,COc1ccc(Oc2ccc(NC(=O)N(C)C)cc2)cc1,test
5551,B-2429,FC(F)(F)c1nc2cc(Cl)c(Cl)cc2n1C(=O)Oc3ccccc3,test
5552,B-2431,CC(C)C(N)C(=O)NCC(O)=O,calibration
5553,B-2432,CN(C)C(=O)c1cccc(c1)C(=O)N(C)C,calibration
5554,B-2433,OC(=O)CCC[Se][Se]CCCC(O)=O,calibration
5555,B-2434,CCOC(=O)COc1ccc(Cl)cc1,calibration
5556,B-2435,COC(=O)C(Cl)Cc1ccc(Cl)cc1,calibration
5557,B-2436,Cc1ccccc1Oc2cccnn2,test
5558,B-2437,CN1C(=O)NN(C1=O)c2ccccc2,calibration
5559,B-2438,NC(=O)c1ccccc1OCC=C,validation
5560,B-2441,CC(C)C1NC(=O)CNC1=O,calibration
5561,B-2443,CCCC(C)C(O)CC,test
5562,B-2444,CC1(C)CCC2(CCC(C)(C)O2)O1,validation
5563,B-2445,Oc1ccccc1[S](=O)(=O)c2ccccc2O,test
5564,B-2446,[O-]C(=O)[C@H](Cc1ccccc1)[NH2+]CCC#N,validation
5565,B-2447,ClC(Cl)C(Cl)C(Cl)Cl,calibration
5566,B-2448,NC(Cc1cc(Cl)c(O)c(Cl)c1)C(O)=O,test
5567,B-2449,OC(=O)CC(O)(CC(O)=O)C(=O)Nc1ccccc1,validation
5568,B-2450,COC(=O)c1ccc(O)c(I)c1,calibration
5569,B-2451,CCOC(=O)c1ccc(O)c(I)c1,calibration
5570,B-2452,CCCOC(=O)c1ccc(O)c(I)c1,test
5571,B-2453,CCCCOC(=O)c1ccc(O)c(I)c1,calibration
5572,B-2454,C[C@@H](Oc1ccc(Cl)cc1Cl)C(O)=O,calibration
5573,B-2455,CNC(=O)O\N=C1/[C@@H](Cl)C2C[C@H](C#N)C1C2,calibration
5574,B-2456,CCN(CC)C(=O)C(C)Oc1cccc2ccccc12,test
5575,B-2458,Ic1ccccc1C(=O)Nc2ccccc2,test
5576,B-2459,OCc1c2OCOc2ccc1[N+]([O-])=O,calibration
5577,B-2460,[O-][N+](=O)c1ccc(Oc2ccc(cc2[N+]([O-])=O)C(F)(F)F)cc1,test
5578,B-2461,CN[S]#CNCO,test
5579,B-2462,CC(OC(C)=O)C#N,test
5580,B-2463,N.N.[Cl-].[Cl-].[Pt++],calibration
5581,B-2465,O=C1Nc2ccccc2NC1=O,test
5582,B-2466,CCCCC(C)(C)CCC,test
5583,B-2468,OC(=O)CSSSSCC(O)=O,test
5584,B-2469,CCCCOCCOC(N)=O,test
5585,B-2470,OCc1c(Cl)c(Cl)c(Cl)c(Cl)c1Cl,test
5586,B-2472,OC(=O)CC(Cl)C(O)=O,validation
5587,B-2473,CCNC(=O)[C@H](C)OC(=O)Nc1ccccc1,validation
5588,B-2474,CCCCCC[P](=O)(OCC)OCC,calibration
5589,B-2475,Oc1cc2ccccc2cc1C3=NCCN3,test
5590,B-2476,Cc1ccc(O)c(I)c1,test
5591,B-2477,CC(=O)Oc1ccccc1\C=C\C(O)=O,test
5592,B-2479,CCOC(=O)c1ccc(O)c(Cl)c1,test
5593,B-2480,CC(C)C[C@H](N)C(=O)N[C@@H](CCC(O)=O)C(O)=O,test
5594,B-2481,CCCC(=O)N(C)N=O,calibration
5595,B-2482,C[C@@H](Oc1ccc(Cl)cc1C)C(O)=O,validation
5596,B-2483,NC(=O)C(Cl)=C,validation
5597,B-2484,C=COC1CC1,calibration
5598,B-2485,CC1(CCN2CCCCC2)NC(=O)NC1=O,test
5599,B-2486,CC(=O)O[C@H]1[C@H](O[C@@H]2OC(C)(C)O[C@H]12)[C@H]3COC(C)(C)O3,test
5600,B-2487,NNC(=O)c1sccn1,test
5601,B-2488,CNC(=O)O\N=C(/C)SC,test
5602,B-2489,COc1cc(Cl)c(Cl)c(Cl)c1OC,test
5603,B-2490,COc1cc(Cl)ccc1O,test
5604,B-2491,Nc1ccc(cc1)[S](=O)(=O)Nc2scnn2,validation
5605,B-2492,CCOC(=O)CC1(C)CCC(=O)O1,validation
5606,B-2493,CCC(C(C(O)=O)c1ccccc1)C(O)=O,test
5607,B-2494,ON(c1ccccc1)C(=O)c2ccc(Cl)cc2Cl,test
5608,B-2495,CSc1ncc2nccnc2n1,calibration
5609,B-2496,CC(C)C1(Br)C(=O)NC(=O)NC1=O,test
5610,B-2497,N[S](=O)(=O)c1ccc(cc1)[S](N)(=O)=O,calibration
5611,B-2498,CCCCC1(CCCC)C(=O)NC(=O)NC1=O,test
5612,B-2499,Oc1cccc2ccnnc12,test
5613,B-2500,Cc1cnnc2c(O)cccc12,calibration
5614,B-2501,Oc1cccc2nccnc12,validation
5615,B-2502,Oc1cncc2cccnc12,test
5616,B-2503,NC(=O)NCC(=O)NCC(=O)NCC(O)=O,test
5617,B-2504,CCNC(CC)C(O)=O,test
5618,B-2505,O[C@H](C(O)=O)c1ccccc1,calibration
5619,B-2506,NC(=O)NCC(=O)NCC(O)=O,validation
5620,B-2507,CC(C)OC(C)(C)C,test
5621,B-2508,N[C@@H](Cc1cc(c(O)c(c1)[N+]([O-])=O)[N+]([O-])=O)C(O)=O,validation
5622,B-2509,CC(C)=NNC(=O)Nc1ccc(cc1)[N+]([O-])=O,validation
5623,B-2510,COc1c(cc(cc1C(O)=O)C(O)=O)C(O)=O,test
5624,B-2511,CCC1OC(=O)c2ccccc12,calibration
5625,B-2512,CC1Nc2cc(Cl)c(cc2C(=O)N1c3ccccc3C)[S](N)(=O)=O,test
5626,B-2513,Cc1nnc(N)nc1C,test
5627,B-2514,CN(C)C(CS[S](=O)(=O)c1ccccc1)CS[S](=O)(=O)c2ccccc2,validation
5628,B-2515,CCC(CC#N)C#N,validation
5629,B-2516,CC1OC(CCC1OC2OC(C)C(C(O)C2O)N(C)C)N3C=CC(=NC3=O)NC(=O)c4ccc(NC(=O)C(C)(N)CO)cc4,test
5630,B-2517,OCCOC(=O)c1ccccc1C(O)=O,validation
5631,B-2520,Nc1cc(c(O)c(c1)[N+]([O-])=O)[N+]([O-])=O,calibration
5632,B-2521,OC(=O)Cc1sc(nc1c2ccc(Cl)cc2)c3ccccc3,test
5633,B-2522,C=CCCCN=C=S,test
5634,B-2523,Oc1cc(ccc1[N+]([O-])=O)c2ccccc2,test
5635,B-2524,COc1c(C)c(C=O)ccc1O,test
5636,B-2525,CC(C)OC(=O)c1ccc(N)cc1,test
5637,B-2527,C[Si](C)(C)CCCN,calibration
5638,B-2528,NNC(=N)N[N+]([O-])=O,test
5639,B-2529,OCc1ccc(I)cc1,test
5640,B-2530,CC1CCCC(=NO)C1=NO,test
5641,B-2531,CC1CCC(=C(C1)NO)N=O,calibration
5642,B-2532,CC(C)C1CCC(=NO)C(C1)=NO,validation
5643,B-2533,C[C@H](NC(N)=O)C([O-])=O,test
5644,B-2534,Cc1cccc2c3cc4ccccc4cc3cc(C)c12,test
5645,B-2535,ON=C1CCCCCCCCC1=NO,calibration
5646,B-2536,COC(=O)C1=CO[C@@H](O[C@@H]2O[C@H](CO)[C@@H](O)[C@H](O)[C@H]2O)[C@@H]3[C@@H](C)[C@@H](O)C[C@H]13,test
5647,B-2538,CCS[S](=O)CC,validation
5648,B-2539,CC(C)(C)NCC(O)c1ccc(O)c(CO)c1,test
5649,B-2540,COC1CCCC(C)O1,test
5650,B-2541,CC1(C)OC2(C)CCC1CC2=O,calibration
5651,B-2542,CNC(=O)N(C)c1sc2ccccc2n1,test
5652,B-2543,CCCCC(O)C(C)C,test
5653,B-2544,CCC(C)CC(O)CC,calibration
5654,B-2545,CCC(O)CCC(C)C,test
5655,B-2546,OC(=O)C1CCC([Se]1)C(O)=O,test
5656,B-2547,CCO[P](=S)(OCC)Oc1cc(on1)c2ccccc2,calibration
5657,B-2548,CC(C)CC(=O)Oc1ccc(cc1)[N+]([O-])=O,validation
5658,B-2549,OCc1ccccc1Br,test
5659,B-2551,CC(=O)Nc1ccc(cc1)[S](=O)(=O)Nc2ccccn2,test
5660,B-2552,CCc1nc2nc(N)nc(N)c2nc1CC,test
5661,B-2553,CNc1ncc2nccnc2n1,test
5662,B-2554,COc1cc(NC(=O)c2cccnc2)c3ncccc3c1,validation
5663,B-2555,N[C@@H]([C@H](O)[C@@H](O)COC(N)=O)C(=O)N[C@@H]([C@H]1O[C@H](C(O)C1O)N2C=C(CO)C(=O)NC2=O)C(O)=O,test
5664,B-2556,COc1cc(C=O)cc(Cl)c1O,test
5665,B-2557,Brc1ccc2COC(=O)c2c1,test
5666,B-2558,CCC(C)C(O)C(C)CC,calibration
5667,B-2560,Oc1c(Cl)cc(Cl)cc1Cc2ccccc2,test
5668,B-2561,Clc1ccc2COC(=O)c2c1,test
5669,B-2563,CCOc1ccc(C(O)=O)c2ccccc12,validation
5670,B-2564,CCC(C)(O)C(O)c1ccccc1,validation
5671,B-2565,CC(C)C[C@@H](NC(C)=O)C(O)=O,test
5672,B-2567,COC[C@H](N)C(O)=O,calibration
5673,B-2568,BrC1=CN=CNC1=O,test
5674,B-2569,OC1=C(C#N)C(=O)C=C(Cl)N1,validation
5675,B-2570,CC(CO)C(=O)O[C@H]1CC(=C/CCC(=C/[C@H]2OC(=O)C(=C)[C@H]12)/CO)/C,calibration
5676,B-2571,CCNC(C)C,calibration
5677,B-2572,Clc1c(Cl)c(Cl)c2ccccc2c1Cl,validation
5678,B-2573,CCCCCCCCCCCCOC(=O)c1ccc(N)cc1,calibration
5679,B-2574,CCCCCN(N=Cc1oc(cc1)[N+]([O-])=O)C(N)=O,validation
5680,B-2575,ClC(Cl)(Cl)CC(=C)c1ccccc1,test
5681,B-2576,COc1ccc2n(c(C)c(CC(O)=O)c2c1)C(=O)\C=C\c3ccccc3,test
5682,B-2577,CCCCCO[P](=O)(OCC)OCC,test
5683,B-2579,CC(O)C(C)(C)C,calibration
5684,B-2580,CCCCCC(O)CC,test
5685,B-2581,CC[S](=O)(=O)CCS[P](=S)(OC)OC,test
5686,B-2582,COCC(C)OCC(C)OCC(C)O,calibration
5687,B-2584,CCCOc1ccc(NC(C)=O)cc1,validation
5688,B-2585,CC1(C)C2CCC1(C)C(=O)C2CO,test
5689,B-2586,CN(C(N)=O)c1ccccc1C,test
5690,B-2587,CCCCCCO[N+]([O-])=O,test
5691,B-2588,CCN(C(N)=O)c1ccccc1C,test
5692,B-2589,OC(=O)CC1=CNC(=O)NC1=O,validation
5693,B-2590,CCCC(O)(CCC)C(O)c1ccccc1,test
5694,B-2591,CCCCC(O)(CCCC)C(O)c1ccccc1,test
5695,B-2592,Cc1cc(C)c(C)c(C)n1,test
5696,B-2593,C[C@H]1O[C@H](C[C@H](O)[C@@H]1O)O[C@H]2[C@@H](O)C[C@@H](O[C@@H]2C)O[C@H]3[C@@H](O)C[C@@H](O[C@@H]3C)O[C@H]4CC[C@@]5(C)[C@H](CC[C@@H]6[C@@H]5C[C@@H](O)[C@]7(C)[C@H](CC[C@]67O)C8=CC(=O)OC8)C4,test
5697,B-2594,Clc1ccc(NC(NC=O)C(Cl)(Cl)Cl)cc1Cl,test
5698,B-2595,S=C1NSC(=S)N1,validation
5699,B-2597,CC1CC(C)(C)c2cc(C(C)=O)c(C)cc2C1(C)C,calibration
5700,B-2598,OC(=O)c1cccc(C(O)=O)c1[N+]([O-])=O,calibration
5701,B-2599,CC(C#C)N(C(=O)CCl)c1ccccc1,calibration
5702,B-2600,CC(Cl)C(C)(C)O,calibration
5703,B-2601,Oc1cc(c2ccccc2)c(cc1[N+]([O-])=O)[N+]([O-])=O,calibration
5704,B-2602,CCO[P](=O)(OCC)N=C1SCS1,test
5705,B-2603,N#CSCSc1sc2ccccc2n1,test
5706,B-2604,CCCC(O)CC(C)C,calibration
5707,B-2605,[O-]C(=O)c1cc(Br)ccc1Cl,test
5708,B-2606,CN1C(=O)COc2ccccc12,test
5709,B-2607,CC(=O)OC(c1ccc(Cl)c(Cl)c1)C(Cl)(Cl)Cl,validation
5710,B-2608,CCC(O)CNCC(O)CC,calibration
5711,B-2609,CCCC(C)O[N+]([O-])=O,validation
5712,B-2610,[Cl-].C[NH+](C)C(CSC(N)=O)CSC(N)=O,calibration
5713,B-2611,Cc1snnc1C(O)=O,calibration
5714,B-2612,CC(O)C(O)c1cnc2NC(=NC(=O)c2n1)N,test
5715,B-2613,CCOC(=O)C(C)N(C(=O)c1ccccc1)c2ccc(Cl)c(Cl)c2,validation
5716,B-2614,CO[P](=O)(OC)OC(=C/Cl)/c1cc(Cl)c(Cl)cc1Cl,test
5717,B-2615,CCOc1ccc(NC(=O)CO)cc1,test
5718,B-2616,OC(=O)C(c1ccccc1C(O)=O)c2ccccc2C(O)=O,test
5719,B-2617,C[S](=O)(=O)N(SC(Cl)(Cl)C(F)(Cl)Cl)c1ccccc1,validation
5720,B-2618,OC(=O)CC(=O)c1ccccc1[N+]([O-])=O,test
5721,B-2619,CNC(=O)Oc1cccc2OC(C)(C)Oc12,test
5722,B-2620,COc1ccc(C[C@@H]2NC[C@@H](O)[C@@H]2OC(C)=O)cc1,validation
5723,B-2621,[Na+].[O-]C(=O)C(F)(F)C(F)F,validation
5724,B-2622,CCNc1nc(NC(C)C(C)C)nc(SC)n1,test
5725,B-2623,CC(C)Nc1nc(Cl)nc(NC2CC2)n1,test
5726,B-2624,CC(C)=C[C@H]1[C@H](C(=O)OC2CC(=O)C(=C2C)CC#C)C1(C)C,test
5727,B-2625,CCn1cnc2N(C)C(=O)N(C)C(=O)c12,calibration
5728,B-2626,CN(C)C(=O)Oc1nc(nc(C)c1C)N(C)C,calibration
5729,B-2627,CNC(=O)O\N=C(SC)\C(=O)N(C)C,test
5730,B-2628,CN1C(=O)N(C)c2ncn(CCCO)c2C1=O,calibration
5731,B-2630,[H+].[Cl-].CNC(=O)Oc1cccc(c1)N=CN(C)C,validation
5732,B-2631,CCO[P](=S)(OCC)Oc1cc(C)nc(n1)N(CC)CC,test
5733,B-2632,CO[P](=O)(OC)OC1=C(Cl)C2C=CCC12,test
5734,B-2633,COC(=O)NC(=S)Nc1ccccc1NC(=S)NC(=O)OC,validation
5735,B-2634,CC(C)(CCC(C)(C)CC(O)=O)CC(O)=O,calibration
5736,B-2635,CCCCCCOC(=O)c1cccnc1,test
5737,B-2636,O[P](O)(=O)CN(CCCCCCN(C[P](O)(O)=O)C[P](O)(O)=O)C[P](O)(O)=O,test
5738,B-2637,CN(C)c1[nH]c2cncnc2n1,test
5739,B-2638,Cc1ncc2nc(C)c(C)nc2n1,calibration
5740,B-2639,NC(=O)NN=C[C@H](O)[C@@H](O)[C@H](O)[C@H](O)CO,test
5741,B-2640,OC(=O)C1=CNC(=O)NC1=O,test
5742,B-2641,CC(C)(NC(=O)c1cc(Cl)cc(Cl)c1)C#C,calibration
5743,B-2642,CCO[P](=S)(OCC)Oc1ncn(n1)c2ccccc2,test
5744,B-2643,CC1(C)OC(=O)c2cc3ccccc3cc12,calibration
5745,B-2644,CC(=O)Nc1ccc(Br)cc1C,test
5746,B-2645,CC(C)COCN(C(=O)CCl)c1c(C)cccc1C,calibration
5747,B-2646,Cc1occc1C(=O)Nc2ccccc2,test
5748,B-2647,CCCCC(CCC(O)=O)CC(O)=O,validation
5749,B-2649,CCCCCC1C(CCC1=O)CC(=O)OC,test
5750,B-2650,O=C1N=CNc2nc(c3ccccc3)c(nc12)c4ccccc4,calibration
5751,B-2651,Cc1cccc(I)c1O,test
5752,B-2652,Clc1ccc(Cl)c(Oc2ccccc2)c1,calibration
5753,B-2653,Clc1ccc(Oc2cc(Cl)cc(Cl)c2)cc1,validation
5754,B-2654,CCO[P](=S)(OCC)SCCl,test
5755,B-2655,CCOC(=O)CN1C(=O)Sc2cccc(Cl)c12,test
5756,B-2656,OC(=O)COc1ccc(cc1[N+]([O-])=O)[N+]([O-])=O,test
5757,B-2658,CCCCC(CC)COC(=O)COc1ccc(Cl)cc1Cl,calibration
5758,B-2659,CCC\C=C\C,test
5759,B-2660,CCC(O)OC(O)CC,test
5760,B-2661,N[S](=O)(=O)c1ccc(NC2O[C@H](CO)[C@@H](O)[C@H](O)[C@@H]2O)cc1,test
5761,B-2662,CCSC(=O)COc1ccc(Cl)cc1C,test
5762,B-2663,CC(=O)C(=N\O)/c1ccccc1,calibration
5763,B-2664,CNC(=O)N(C)c1sc(nn1)C(F)(F)F,test
5764,B-2665,Br\C=C\Br,test
5765,B-2666,OC(=O)\C=C/c1cccc(O)c1,validation
5766,B-2667,COCC(C)OCC(C)OC(C)CO,test
5767,B-2669,[NH4+].CCO[P]([O-])(=O)C(N)=O,validation
5768,B-2671,CSC1=CC(=O)c2ccccc2C1=O,test
5769,B-2674,CCCN(CC1CC1)c2c(cc(cc2[N+]([O-])=O)C(F)(F)F)[N+]([O-])=O,test
5770,B-2675,CNC(=O)O/N=C/C1(C)SCC(C)S1,test
5771,B-2676,Cc1ccc(O[P](=O)(Oc2ccccc2)Oc3ccccc3)cc1,test
5772,B-2677,Cc1ccc(O[P](=O)(Oc2ccccc2)Oc3ccccc3C)cc1,test
5773,B-2678,CCCCCCCCN1SC=CC1=O,test
5774,B-2679,Clc1ccccc1c2c(Cl)c(Cl)c(Cl)c(Cl)c2Cl,test
5775,B-2680,CCO[P](=O)(OCC)OCC(C)C,test
5776,B-2681,CC(=O)C(CC(O)=O)=Cc1ccccc1,calibration
5777,B-2683,BrC1=CNC(=NC1=O)c2ccccc2,calibration
5778,B-2686,CCCC(=O)OCCOCCOCCOC(=O)CCC,validation
5779,B-2687,O=C(NC(=O)c1cccnc1)Nc2ccccc2,calibration
5780,B-2689,ClC1CC(Cl)(Cl)C(Cl)C(Cl)C1Cl.ClC2CCC(Cl)(Cl)C(Cl)C2(Cl)Cl.ClC3C(Cl)C(Cl)C(Cl)C(Cl)C3Cl,test
5781,B-2691,CCCCCCCCCCC(O)CCC,calibration
5782,B-2692,CNC1=C(Cl)C(=O)N(N=C1)c2cccc(c2)C(F)(F)F,validation
5783,B-2693,Clc1c(Cl)c(Cl)c2C(=O)OCc2c1Cl,validation
5784,B-2694,CCOC(=O)Cc1[nH]nc2ccc(Cl)cc12,test
5785,B-2695,ClC(Cl)C(=O)NC1=C(Cl)C(=O)c2ccccc2C1=O,calibration
5786,B-2696,CC(C)CCCCCOC(=O)c1ccccc1C(=O)OCCCCCC(C)C,calibration
5787,B-2697,C=CCOC1=N[S](=O)(=O)c2ccccc12,test
5788,B-2698,CCOC(C)C(=O)C(O)O,test
5789,B-2699,Brc1ccc(c(Br)c1Br)c2c(Br)c(Br)c(Br)c(Br)c2Br,test
5790,B-2700,CC(C)c1ccccc1O[P](=O)(Oc2ccccc2)Oc3ccccc3,calibration
5791,B-2701,S=C1Nc2nc[nH]c2C=N1,test
5792,B-2702,Oc1ccc(c(c2ccccc2)c1[N+]([O-])=O)[N+]([O-])=O,test
5793,B-2703,CN(C)C(=S)Nc1ccc(Cl)cc1C,validation
5794,B-2704,Clc1cccc(Cl)c1Oc2ccccc2,test
5795,B-2705,CC(C)=CC1C(C(=O)OCc2coc(Cc3ccccc3)c2)C1(C)C,test
5796,B-2706,OC(=O)[C@@H]1CC[C@@H](SS1)C(O)=O,calibration
5797,B-2707,CN1C=C(C(=O)NC1=O)[N+]([O-])=O,test
5798,B-2710,CCN(CC)c1c(cc(c(N)c1[N+]([O-])=O)C(F)(F)F)[N+]([O-])=O,validation
5799,B-2712,CCN(OC(=O)c1ccccc1)C(=O)c2c(OC)ccc(Cl)c2OC,validation
5800,B-2713,CC(C)NCC(O)COc1ccc(CC(N)=O)cc1,test
5801,B-2714,CCC(CC)(C(N)=O)C(N)=O,calibration
5802,B-2715,COC(=O)N(C)C(=O)CS[P](C)(=S)OC,test
5803,B-2717,CCCCCCCCCCCCC(O)CCC,validation
5804,B-2718,ON(c1ccccc1)C(=O)c2cccc3ccccc23,test
5805,B-2719,ON(C(=O)c1ccccc1)c2cccc3ccccc23,test
5806,B-2720,ON(c1ccccc1)C(=O)c2cc(cc(c2)[N+]([O-])=O)[N+]([O-])=O,validation
5807,B-2721,NC(=S)SCC(O)=O,validation
5808,B-2722,OC(=O)CNC(=S)SCC(O)=O,calibration
5809,B-2723,O=C(NCCc1c[nH]cn1)c2ccccc2,calibration
5810,B-2724,CC(C)CCCCCCCO[P](=O)(Oc1ccccc1)Oc2ccccc2,test
5811,B-2727,CCSCc1ccccc1OC(=O)NC,test
5812,B-2728,C1O[C@@H]1[C@@H]2CO2,test
5813,B-2729,CC[S](=O)(=O)c1sc(nn1)N(C)C(=O)NC,calibration
5814,B-2730,C[C@@H](Oc1cc(Cl)c(Cl)cc1Cl)C(O)=O,calibration
5815,B-2731,CCC1CCC(O)O1,test
5816,B-2732,C1O[C@H]1[C@H]2CO2,test
5817,B-2733,CC1CCC2(CCC(C)O2)O1,test
5818,B-2734,CC1=CN([C@H]2C[C@H](N=[N+]=[N-])[C@@H](CO)O2)C(=O)NC1=O,validation
5819,B-2735,OCCOCCOC(=O)c1ccccc1Nc2cccc(c2)C(F)(F)F,test
5820,B-2736,COc1ncnc2nccnc12,validation
5821,B-2737,CCO[P](=S)(OCC)SCN1C(=O)Oc2ccccc12,validation
5822,B-2738,C1c2ccccc2c3ccc4ccccc4c13,test
5823,B-2740,COC(=O)C(/C)=C/O[P](=S)(OC)OC,calibration
5824,B-2741,CN(CCO)c1nc2N(C)C(=O)N(C)C(=O)c2n1C,test
5825,B-2742,CC(C)CNC(=O)N1CCNC1=O,calibration
5826,B-2743,CC1=CSC(=S)N1CC(O)=O,validation
5827,B-2744,CN(C(C)=O)c1c(I)c(NC(C)=O)c(I)c(C(=O)NC2[C@@H](O)OC(CO)[C@@H](O)C2O)c1I,calibration
5828,B-2745,CCN[P](=S)(OC)OC(/C)=C\C(=O)OC(C)C,test
5829,B-2746,CCCCC(C)C(C)O,validation
5830,B-2748,Cc1cc2cccc3ccc4c5ccccc5cc1c4c23,validation
5831,B-2749,CC(C)(O)CCCC1=CCC(CC1)C=O,test
5832,B-2750,Clc1cc(Cl)c2c(Cl)c(Cl)c(Cl)c(Cl)c2c1Cl,calibration
5833,B-2751,NC1N=C(N)NC(=O)C1=O,test
5834,B-2752,OC(=O)c1oc(Cl)c(Cl)c1Cl,test
5835,B-2753,CCCCCCC(C\C=C/CCCCCCCC(O)=O)O[S](O)(=O)=O,validation
5836,B-2754,COc1ccc2NC(=O)C=C(C([O-])=O)c2c1,test
5837,B-2755,O[C@@H](C=O)[C@H]1OC(=O)[C@@H](O)[C@H]1O,test
5838,B-2756,OC(=O)c1occ(Br)c1Br,validation
5839,B-2757,NC(C(O)C(O)=O)C(N)=O,test
5840,B-2758,CCC1=CNC(=O)N=C1N,test
5841,B-2760,Clc1ccc(cc1Cl)c2ccc(Cl)c(Cl)c2Cl,validation
5842,B-2761,OC(=O)[C@H]1CC[C@@H](SS1)C(O)=O,calibration
5843,B-2762,Clc1cc(cc(Cl)c1Cl)c2cc(Cl)c(Cl)c(Cl)c2,test
5844,B-2763,CC12CC1(C)C(=O)N(C2=O)c3cc(Cl)cc(Cl)c3,validation
5845,B-2764,OC(=O)/C=C/c1cccc(Br)c1,test
5846,B-2765,CN(C=Nc1ccc(C)cc1C)C=Nc2ccc(C)cc2C,test
5847,B-2766,Clc1cc(Cl)c(c(Cl)c1Cl)c2c(Cl)cc(Cl)c(Cl)c2Cl,calibration
5848,B-2767,CCc1ccccc1NC(C)=O,validation
5849,B-2768,ClC1=C(Cl)C2(Cl)[C@@H]3CO[S](=O)OC[C@@H]3[C@@]1(Cl)C2(Cl)Cl,validation
5850,B-2769,CCCN(CCCl)c1c(cc(cc1[N+]([O-])=O)C(F)(F)F)[N+]([O-])=O,test
5851,B-2770,Clc1cc(Cl)cc(c1)c2cc(Cl)cc(Cl)c2,test
5852,B-2771,Clc1cc(Cl)c(Cl)c(c2ccccc2)c1Cl,validation
5853,B-2773,CCC(C)Nc1c(cc(cc1[N+]([O-])=O)C(C)(C)C)[N+]([O-])=O,validation
5854,B-2774,CC(=O)c1cc(O)c(O)c(O)c1,test
5855,B-2775,CCCN(CCC)c1c(cc(cc1[N+]([O-])=O)C(C)C)[N+]([O-])=O,test
5856,B-2776,NN[P](=O)(Oc1ccccc1)Oc2ccccc2,validation
5857,B-2778,COC(=O)C[S](=O)(=O)c1ccccc1,validation
5858,B-2779,CCSC(=S)N[C@@H](C)C(O)=O,test
5859,B-2780,OC(=O)c1cc(Br)cc(C(O)=O)c1C(O)=O,test
5860,B-2781,COc1ccc(cc1)C(C(C)[N+]([O-])=O)c2ccc(OC)cc2,test
5861,B-2782,CN(C)C(=O)Nc1ccc(N2N=C(OC2=O)C(C)(C)C)c(Cl)c1,test
5862,B-2783,CC(C)c1cc(O[P](=O)(Oc2ccccc2)Oc3ccccc3)cc(c1)c4ccccc4,validation
5863,B-2784,Clc1cc(Br)c(OC(=O)C=C)c2ncccc12,test
5864,B-2786,COC(C)COC(C)CO,calibration
5865,B-2787,CCN(CC)C(=O)SCc1ccccc1Cl,test
5866,B-2788,CCCS[P](=S)(OCC)Oc1ccc(Cl)cc1Cl,test
5867,B-2789,CNC(=O)O\N=C(\C)C(C)SC,test
5868,B-2790,CNC(=O)O\N=C(/C)C(C)[S](C)(=O)=O,test
5869,B-2791,CO[P](=O)(OC)OC1=C(Cl)CC2C=CC12,calibration
5870,B-2792,OC(=O)CSC(SCC(O)=O)SCC(O)=O,validation
5871,B-2793,Clc1cc(Cl)c(cc1Cl)c2cc(Cl)c(Cl)c(Cl)c2Cl,test
5872,B-2794,Clc1ccc(c(Cl)c1Cl)c2cc(Cl)c(Cl)c(Cl)c2Cl,test
5873,B-2795,CC(Nc1ccccc1Cl)C(O)=O,calibration
5874,B-2796,CC(C)N(Cc1ccccc1)C(=O)C(C)(C)C,test
5875,B-2797,OC(=O)CCCNC(=O)c1ccccc1,calibration
5876,B-2800,CCCS[P](=S)(OCC)Oc1ccc(SC)cc1,validation
5877,B-2801,Cc1cc(O)c(cc1Cl)C(O)=O,test
5878,B-2802,Clc1ccc(C(Cn2ccnc2)OCC=C)c(Cl)c1,test
5879,B-2803,C[C@H](NC(=O)[C@H](C)NC(=O)[C@@H](N)CC[P](C)(O)=O)C(O)=O,calibration
5880,B-2806,CN1C(=C(/O)Nc2ccccn2)/C(=O)c3ccccc3[S]1(=O)=O,test
5881,B-2807,OC(=O)CCC(=O)c1ccc(cc1)c2ccccc2,calibration
5882,B-2809,Brc1cc(Br)c(Oc2cc(Br)cc(Br)c2Br)c(Br)c1,test
5883,B-2810,CCO[P](=O)(Oc1ccc(Cl)cc1Cl)Oc2ccc(Cl)cc2Cl,validation
5884,B-2811,Clc1ccc(c(Cl)c1)c2cccc(Cl)c2Cl,test
5885,B-2812,CCC#CC(C)C,calibration
5886,B-2813,CO[P](=S)(OC)SCCSC(C)C,calibration
5887,B-2814,CCCCCCC(CC=CCCCCCCCC(O)=O)O[S](O)(=O)=O,test
5888,B-2815,CCCCCCCCCCCCCCCCO,calibration
5889,B-2816,CC(C)NC(=O)N1CC(=O)N(C1=O)c2cc(Cl)cc(Cl)c2,test
5890,B-2817,CCC(C)N(C(C)CC)C(=O)SCc1ccccc1,test
5891,B-2818,NC(=O)c1cc(Cl)cc(Cl)c1N,test
5892,B-2819,NC(=O)c1ncn(n1)[C@@H]2O[C@H](CO)[C@@H](O)[C@H]2O,test
5893,B-2820,CC(CCc1ccccc1)NCC(O)c2ccc(O)c(c2)C(N)=O,validation
5894,B-2821,CCCCCCCCCOC(=O)c1ccc(N)cc1,test
5895,B-2822,OC[C@H]1C[C@H](N[C@H]2C=C(CO)[C@@H](O)[C@H](O)[C@H]2O)[C@H](O)[C@@H](O)[C@@H]1O[C@@H]3O[C@H](CO)[C@@H](O)[C@H](O)[C@H]3O,calibration
5896,B-2823,COCCc1ccc(OCC(O)CNC(C)C)cc1,test
5897,B-2824,ON(c1ccccc1)C(=O)c2ccccc2I,test
5898,B-2825,NCC[C@H](O)C(=O)N[C@@H]1C[C@H](N)[C@@H](O[C@H]2O[C@H](CN)[C@@H](O)[C@H](O)[C@H]2O)[C@H](O)[C@H]1O[C@H]3O[C@H](CO)[C@@H](O)[C@H](N)[C@H]3O,calibration
5899,B-2826,NC(=O)N[C@@H](Cc1ccccc1)C([O-])=O,validation
5900,B-2827,O=C1N=CNc2cccnc12,calibration
5901,B-2828,Clc1cc(Cl)cc(c1)c2ccccc2Cl,test
5902,B-2829,ClC(Cl)C(=O)N(CC=C)CC=C,calibration
5903,B-2830,C[C@@H](CCl)[N+]([O-])=O,validation
5904,B-2831,Brc1cc(Br)c(OCCOc2c(Br)cc(Br)cc2Br)c(Br)c1,calibration
5905,B-2832,Clc1cc2Oc3c(Cl)c(Cl)c(Cl)c(Cl)c3Oc2c(Cl)c1Cl,test
5906,B-2833,COCCO[Si](CCCl)(OCCOC)OCCOC,test
5907,B-2834,Cc1cc(ccc1N[S](=O)(=O)C(F)(F)F)[S](=O)(=O)c2ccccc2,test
5908,B-2835,CCOC(=O)C1=CNC(=S)NC1=O,test
5909,B-2836,CC(C)C[C@H](N)C(=O)N[C@H](CCC(N)=O)C(O)=O,validation
5910,B-2837,CC(O)(CO)C(O)[C@@]12NC(=O)[C@@](O)(NC1=O)C(=C)CCO2,test
5911,B-2838,Cc1cc(C)c(OCC(O)=O)c(Br)c1,test
5912,B-2839,CCOc1cc(O[P](=S)(OC)OC)nc(CC)n1,validation
5913,B-2840,NC1=CC(=NC(=N)N1O)N2CCCCC2,test
5914,B-2841,CC(C)(C)NC[C@@H](O)COc1ccccc1C2CCCC2,test
5915,B-2842,Clc1ccc(Cl)c(c1Cl)c2cc(Cl)c(Cl)cc2Cl,test
5916,B-2843,Clc1ccc(c(Cl)c1Cl)c2c(Cl)ccc(Cl)c2Cl,test
5917,B-2844,Clc1ccc(cc1Cl)c2cc(Cl)c(Cl)c(Cl)c2Cl,test
5918,B-2845,Clc1ccc(Cl)c(c1Cl)c2cc(Cl)c(Cl)c(Cl)c2Cl,test
5919,B-2846,Clc1cccc(c1)c2c(Cl)cccc2Cl,test
5920,B-2847,Cc1ccc2c(ccc(O)c2n1)[N+]([O-])=O,test
5921,B-2848,CC([S](C)(=O)=O)[S](C)(=O)=O,calibration
5922,B-2849,CC(C)(NC(N)=O)C(O)=O,validation
5923,B-2850,CCOc1ccccc1\C=C/C(O)=O,test
5924,B-2852,CC(C)N.OC(=O)CNC[P](O)(O)=O,calibration
5925,B-2853,CCOC(=O)CN(C(=O)CCl)c1c(CC)cccc1CC,test
5926,B-2854,CC(C)S[S](=O)C(C)C,validation
5927,B-2855,CC(C)(O)CC(C)(O)c1cccc2ccccc12,validation
5928,B-2856,Clc1ccc2Oc3ccc(Cl)cc3Oc2c1,validation
5929,B-2857,Clc1c(Cl)c(Cl)c2c(oc3c(Cl)c(Cl)c(Cl)c(Cl)c23)c1Cl,validation
5930,B-2858,OC(=O)C(I)=CBr,calibration
5931,B-2859,CNC(=O)O\N=C(\CSC)C(C)(C)C,test
5932,B-2860,C/C=C/C(=O)Oc1c(cc(cc1C(C)(C)CC(C)(C)C)[N+]([O-])=O)[N+]([O-])=O,test
5933,B-2861,Clc1ccc(c(Cl)c1)c2c(Cl)cc(Cl)cc2Cl,validation
5934,B-2862,CC(C)=CC1C(C(=O)OC(C#N)c2cccc(Oc3ccccc3)c2)C1(C)C,calibration
5935,B-2863,CC1(C)C(C(=O)OC(C#N)c2cccc(Oc3ccccc3)c2)C1(C)C,calibration
5936,B-2864,CCC(CCC(O)=O)C(C)=O,test
5937,B-2865,CNC(=O)N(C)C(=O)CC#N,test
5938,B-2866,Clc1cc(cc(Cl)c1Cl)c2cc(Cl)c(Cl)c(Cl)c2Cl,calibration
5939,B-2867,CC(=O)NCC(=O)Nc1ccccc1,calibration
5940,B-2868,CC(C)(C)C1=NN(C(=O)O1)c2cc(OCC#C)c(Cl)cc2Cl,test
5941,B-2869,CCN1C(=O)N(C)c2ncn(C)c2C1=O,test
5942,B-2870,CCOC(=O)C(NC=O)=CC=Cc1ccccc1,validation
5943,B-2871,ClCCC(Cl)O[P](=O)(OC(Cl)CCCl)OC(Cl)CCCl,calibration
5944,B-2872,Clc1cc(Cl)c(Cl)c(c1)c2c(Cl)cc(Cl)c(Cl)c2Cl,test
5945,B-2873,Clc1cc(Cl)c(c(Cl)c1Cl)c2c(Cl)c(Cl)cc(Cl)c2Cl,calibration
5946,B-2875,CCC(CC)Nc1c(cc(C)c(C)c1[N+]([O-])=O)[N+]([O-])=O,test
5947,B-2876,COC(C)(C)CCCC(C)C\C=C\C(C)=C\C(=O)OC(C)C,calibration
5948,B-2877,CN(C)c1ncc2nccnc2n1,test
5949,B-2880,Fc1ccc(cc1)N2C(=O)C(=C(Cl)C2=O)Cl,calibration
5950,B-2881,COc1ccc(cc1C)C(=O)c2cccc(C)c2,validation
5951,B-2882,NC(=O)NN=C[C@@H](O)[C@@H](O)[C@H](O)[C@H](O)CO,calibration
5952,B-2883,CC1=NN=C(c2ccccc2)C(=O)N1N,validation
5953,B-2885,Clc1ccc(cc1Cl)c2c(Cl)cccc2Cl,calibration
5954,B-2886,Clc1ccc(Cl)c(c1Cl)c2ccccc2Cl,validation
5955,B-2887,CCCCc1c(C)nc(NCC)nc1O[S](=O)(=O)N(C)C,test
5956,B-2888,CCOc1ccc(NC(C)=O)c(C)c1,validation
5957,B-2889,Cc1cccc2sc3nncn3c12,test
5958,B-2890,COc1cc(C=O)c(C)cc1O,test
5959,B-2891,CC(C)(C)NCC(O)COc1cccc2C[C@@H](O)[C@@H](O)Cc12,test
5960,B-2893,CCO[P](=S)(OCC)Oc1nn(C(C)C)c(Cl)n1,test
5961,B-2894,COC(=O)c1cc(Oc2ccc(Cl)cc2Cl)ccc1[N+]([O-])=O,validation
5962,B-2895,CC(C)CCCC(C)C\C=C\C(C)=C\C(=O)OCC#C,test
5963,B-2896,Cc1ccc(NC(=O)NC(C)(C)c2ccccc2)cc1,test
5964,B-2897,CN(C(=O)NC(C)(C)c1ccccc1)c2ccccc2,calibration
5965,B-2898,Clc1cc(Cl)c(c(Cl)c1Cl)c2cc(Cl)c(Cl)c(Cl)c2Cl,validation
5966,B-2899,CCOc1cc(Oc2ccc(cc2Cl)C(F)(F)F)ccc1[N+]([O-])=O,test
5967,B-2900,CCCOCC(O)COCCC,test
5968,B-2901,CC(C)(C)C(=O)C(Oc1ccc(Cl)cc1)n2cncn2,calibration
5969,B-2902,CC(=O)C(=O)Nc1ccccc1,test
5970,B-2903,CN(CCCCC(O)=O)[S](=O)(=O)c1ccccc1,test
5971,B-2904,CCCCCOC(=O)c1cccnc1,test
5972,B-2905,NCCc1ccc(O)c(c1)[N+]([O-])=O,test
5973,B-2906,CN1C(=O)NC(=O)c2nc(C)c(C)nc12,test
5974,B-2908,CC(C)OC(=O)C(C(=O)OC(C)C)=C1SCCS1,calibration
5975,B-2910,OC(=O)c1cc(Oc2ccc(cc2Cl)C(F)(F)F)ccc1[N+]([O-])=O,validation
5976,B-2911,CC(C)(C)c1ccc(cc1)C(O)CCCN2CCC(CC2)C(O)(c3ccccc3)c4ccccc4,calibration
5977,B-2912,O=C1CCCCCCCCCCCCCCN1,test
5978,B-2913,CCO[P](C)(=O)SCCN(C(C)C)C(C)C,validation
5979,B-2914,CCCCCC(=O)NCCNC(=O)CCCCC,validation
5980,B-2915,CC(=O)O[C@@H](C(O)=O)c1ccccc1,test
5981,B-2916,CC1OC1C2OC2C,test
5982,B-2917,Cn1c2ccccc2c(C(N)=O)c1C(N)=O,test
5983,B-2918,OC(=O)c1ccc(c(c1)C(O)=O)[S](O)(=O)=O,validation
5984,B-2919,Cc1nn(c2ccccc2)c(N)c1C,test
5985,B-2920,CCc1cccc(C)c1N(C(C)COC)C(=O)CCl,calibration
5986,B-2921,CN(C)C1=NC(=O)N(C2CCCCC2)C(=O)N1C,test
5987,B-2922,CCCCNC1(CCCCC1)[P](=O)(OCCCC)OCCCC,validation
5988,B-2923,CCCCSC(SCc1ccc(cc1)C(C)(C)C)=Nc2cccnc2,test
5989,B-2925,COC(CN(C)C(=O)Nc1sc(nn1)C(C)(C)C)OC,test
5990,B-2926,CN=C(NCCSCc1nc[nH]c1C)NC#N,test
5991,B-2927,CNC(=O)Oc1ccccc1OC(CCl)OC,test
5992,B-2928,C[C@@H]/1CC(=C/CC2C[C@@H](C[C@]3(CC[C@H](C)C(C)O3)O2)OC(=O)[C@@H]4C=C(C)[C@@H](O)[C@H]5OCC(=C\C=C1)/[C@@]45O)/C,test
5993,B-2929,CCC1O[C@]2(CCC1C)C[C@@H]3C[C@@H](C\C=C(/C)CC(C)/C=C/C=C/4CO[C@@H]5[C@H](O)C(=C[C@@H](C(=O)O3)[C@]45O)C)O2,test
5994,B-2931,Clc1ccc(Oc2ccccc2)c(Cl)c1,validation
5995,B-2932,Clc1cc(Cl)c(Cl)c(c1)c2cc(Cl)c(Cl)cc2Cl,calibration
5996,B-2933,CCN1C=C(C(O)=O)C(=O)c2cnc(nc12)N3CCNCC3,calibration
5997,B-2934,O=C1CC=NC=N1,test
5998,B-2935,NC(=O)C1(CCCCC1)N2C(=O)c3cccc(Cl)c3C2=O,calibration
5999,B-2936,OC(=O)CSC1CCCCC1,test
6000,B-2937,CCC1(C)OC(=O)NC1=O,test
6001,B-2938,CC(Oc1ccc2ccccc2c1)C(=O)Nc3ccccc3,test
6002,B-2940,Clc1cccc(c1Cl)c2ccc(Cl)c(Cl)c2Cl,test
6003,B-2941,Clc1ccc(Cl)c(c1)c2c(Cl)c(Cl)cc(Cl)c2Cl,test
6004,B-2942,Clc1ccc(Cl)c(c1Cl)c2c(Cl)c(Cl)cc(Cl)c2Cl,validation
6005,B-2943,Clc1ccc(Cl)c(c1Cl)c2c(Cl)cc(Cl)c(Cl)c2Cl,test
6006,B-2944,Clc1cc(Cl)c(Cl)c(c1)c2c(Cl)c(Cl)cc(Cl)c2Cl,test
6007,B-2947,Clc1ccc(c(Cl)c1Cl)c2c(Cl)c(Cl)cc(Cl)c2Cl,test
6008,B-2948,Clc1ccc(c(Cl)c1Cl)c2c(Cl)cc(Cl)c(Cl)c2Cl,calibration
6009,B-2949,Clc1cc(Cl)c(cc1Cl)c2cc(Cl)c(Cl)c(Cl)c2,test
6010,B-2950,Clc1ccc(Cl)c(c1Cl)c2c(Cl)c(Cl)c(Cl)c(Cl)c2Cl,validation
6011,B-2951,Clc1cc(Cl)c(Cl)c(c1)c2cc(Cl)c(Cl)c(Cl)c2Cl,test
6012,B-2952,Clc1cc(c(Cl)c(Cl)c1Cl)c2c(Cl)c(Cl)cc(Cl)c2Cl,test
6013,B-2953,Clc1cc(Cl)c(cc1Cl)c2c(Cl)c(Cl)c(Cl)c(Cl)c2Cl,validation
6014,B-2954,Clc1cc(Cl)c(Cl)c(c1Cl)c2c(Cl)c(Cl)c(Cl)c(Cl)c2Cl,calibration
6015,B-2955,Clc1ccc(c(Cl)c1Cl)c2c(Cl)c(Cl)c(Cl)c(Cl)c2Cl,test
6016,B-2956,Clc1cc(Cl)c(c(Cl)c1Cl)c2c(Cl)c(Cl)c(Cl)c(Cl)c2Cl,test
6017,B-2957,Clc1cccc(c1Cl)c2c(Cl)c(Cl)cc(Cl)c2Cl,validation
6018,B-2958,Clc1ccc(Cl)c(c1)c2cc(Cl)c(Cl)c(Cl)c2Cl,test
6019,B-2960,CC(C)OC(=O)C(C)N(C(=O)c1ccccc1)c2ccc(F)c(Cl)c2,test
6020,B-2961,COC(=O)C(C)N(C(=O)c1ccccc1)c2ccc(F)c(Cl)c2,calibration
6021,B-2962,CCCN(CCC)C(=O)SCc1ccccc1,calibration
6022,B-2963,CC1(C)[C@@H](C=C(Br)Br)[C@H]1C(=O)O[C@H](C#N)c2cccc(Oc3ccccc3)c2,validation
6023,B-2964,CCCCC(O)CN(\N=C/c1oc(cc1)[N+]([O-])=O)C(N)=O,calibration
6024,B-2965,Cc1cc(C)nc(Nc2ccccc2)n1,test
6025,B-2967,Clc1cccc2c(Cl)c(Cl)c(Cl)cc12,test
6026,B-2968,Clc1cc(Cl)c2cc(Cl)cc(Cl)c2c1,test
6027,B-2969,CC(C)Cc1ccc(cc1)C(C)C(=O)NO,validation
6028,B-2971,CC(=O)Nc1cc(N[S](=O)(=O)C(F)(F)F)c(C)cc1C,calibration
6029,B-2972,COCCOc1c(OC)cc(Cc2cnc(N)nc2N)cc1OC,test
6030,B-2973,Ic1ccc2COC(=O)c2c1,calibration
6031,B-2974,C\C=C(/Cl)C(O)=O,test
6032,B-2975,N[C@@H](C(=O)N[C@H]1[C@H]2SCC(=C(N2C1=O)C(O)=O)Cl)c3ccccc3,test
6033,B-2976,CC(C)(NC(=O)c1ccccc1)C(N)=O,calibration
6034,B-2977,COc1ccc(Cl)c(Cl)c1Cl,validation
6035,B-2978,CC\C=C(/C)C(OC(=O)C1C(C=C(C)C)C1(C)C)C#C,test
6036,B-2979,CCCCC(=O)NCCNC(=O)CCCC,test
6037,B-2980,CCO[P](=S)(OCC)OC(Cl)C(Cl)(Cl)Cl,calibration
6038,B-2981,O=NN1CCCC1=O,test
6039,B-2982,CC[C@H](C)[C@@H](NC(C)=O)C(O)=O,test
6040,B-2983,CSc1cc(O)cc(O)c1,test
6041,B-2984,CCCCSc1cc(O)cc(O)c1,test
6042,B-2986,CC(C)(C)C(O)C(Oc1ccc(cc1)c2ccccc2)n3cncn3,validation
6043,B-2987,Clc1ccccc1c2c(Cl)cc(Cl)c(Cl)c2Cl,calibration
6044,B-2988,CC(C)(C)C(O)C(Oc1ccc(Cl)cc1)n2cncn2,test
6045,B-2989,CCCn1cnc2N(C)C(=O)N(CCCCC(C)=O)C(=O)c12,validation
6046,B-2990,O=C1CN(CC2N1CCc3ccccc23)C(=O)C4CCCCC4,calibration
6047,B-2992,CC1=C(C)[S](=O)(=O)CC[S]1(=O)=O,test
6048,B-2993,Clc1ccccc1c2cc(Cl)c(Cl)c(Cl)c2Cl,calibration
6049,B-2994,CCCO[P](=O)(OCC)OCCC,validation
6050,B-2995,OC(=O)COc1nc(Cl)c(Cl)cc1Cl,test
6051,B-2996,CN1CC(O)N(C1=O)c2sc(nn2)C(C)(C)C,calibration
6052,B-2997,CCCCCCCCSC(=O)Oc1cc(Cl)nnc1c2ccccc2,test
6053,B-2998,Clc1ccc(Oc2ccccc2)cc1Cl,test
6054,B-3000,Clc1ccc(c2ccccc2)c(Cl)c1Cl,test
6055,B-3001,Clc1ccc2cc(Cl)cc(Cl)c2c1,test
6056,B-3002,Clc1ccc2cc(Cl)c(Cl)cc2c1,test
6057,B-3003,Clc1ccc(Cl)c2cc(Cl)c(Cl)cc12,test
6058,B-3004,CC(C)Oc1cccc(NC(=O)c2ccccc2C)c1,test
6059,B-3005,CN(C)C(=O)Nc1cc(on1)C(C)(C)C,test
6060,B-3006,CCC(=O)N(c1ccccc1)C2(CCN(CCc3sccc3)CC2)COC,test
6061,B-3007,Clc1ccc(c(Cl)c1)c2c(Cl)cc(Cl)c(Cl)c2Cl,test
6062,B-3008,CCCC(C)CC(C)O,validation
6063,B-3009,CC(C)C(O)(c1ccc(OC(F)(F)F)cc1)c2cncnc2,validation
6064,B-3010,O=CC(=O)Cc1ccccc1,calibration
6065,B-3011,Clc1cc(Cl)c(c(Cl)c1)c2c(Cl)cccc2Cl,test
6066,B-3012,Clc1cc(Cl)c(c(Cl)c1)c2ccc(Cl)c(Cl)c2,test
6067,B-3013,Clc1cc(Cl)c(c(Cl)c1)c2cc(Cl)cc(Cl)c2,test
6068,B-3014,FC1=CN(C(=O)NC1=O)C(=O)Nc2ccccc2,validation
6069,B-3016,CC(C)(C)c1ccc(O[P](=O)(Oc2ccccc2)Oc3ccccc3)cc1,test
6070,B-3017,CO[P](=S)(OC)Oc1c(Cl)cc(C)cc1Cl,calibration
6071,B-3018,CSC1=NN=C(C(=O)N1\N=C\C(C)C)C(C)(C)C,calibration
6072,B-3019,COc1c(O)cc(Cl)c(Cl)c1Cl,calibration
6073,B-3020,Clc1cc2oc3c(Cl)c(Cl)c(Cl)cc3c2cc1Cl,calibration
6074,B-3021,Nc1ccc2COC(=O)c2c1,validation
6075,B-3022,O=C1CCc2cccc3CCN1c23,validation
6076,B-3023,CCN(C(=O)Oc1cccc(NC(=O)OC(C)C)c1)c2ccccc2,validation
6077,B-3024,FC(F)(F)c1cccc(c1)C(n2cncn2)(c3ccccc3)c4ccccc4,test
6078,B-3025,CN(CCOC(=O)c1ccccc1)C(C)=O,calibration
6079,B-3026,COC(=O)C(C)N(C(=O)c1occc1)c2c(C)cccc2C,validation
6080,B-3030,Cc1ccc(cc1)N=Nc2cc(C)ccc2N,calibration
6081,B-3031,CCC1(CC)C(=NC(=O)NC1=O)N,test
6082,B-3032,CC1OC(=O)c2cc(ccc12)[N+]([O-])=O,calibration
6083,B-3033,Cc1cc(ccc1N=Nc2c(Cl)cc(cc2Cl)[N+]([O-])=O)N(CCO)CCO,validation
6084,B-3034,Nc1c(Br)cc(Br)c(c1Br)[S](O)(=O)=O,test
6085,B-3035,CC(N(c1ccc(F)c(Cl)c1)C(=O)c2ccccc2)C(O)=O,test
6086,B-3036,Cc1cccc(C)c1N(C2CCOC2=O)C(=O)CCl,validation
6087,B-3037,COC1OC(CNC(=O)N(CCCl)N=O)C(O)C(O)C1O,test
6088,B-3038,Clc1ccc(Oc2ccc(Cl)cc2Cl)cc1,calibration
6089,B-3039,CCCO[P](=O)(OC)OC,test
6090,B-3041,Clc1cc(Cl)c(c(Cl)c1)c2ccc(Cl)c(Cl)c2Cl,test
6091,B-3042,CC(C)C=CCC(O)=O,test
6092,B-3043,CSC(/C)=N/OC(=O)N(C)SN(C)C(=O)O\N=C(/C)SC,test
6093,B-3044,CN1C=C(c2ccccc2)C(=O)C(=C1)c3cccc(c3)C(F)(F)F,validation
6094,B-3045,CCOc1ccccc1\C=C\C([O-])=O,calibration
6095,B-3046,Clc1ccc(Cl)c(c1)c2c(Cl)cc(Cl)cc2Cl,test
6096,B-3047,Clc1cc(Cl)c(c(Cl)c1)c2cc(Cl)c(Cl)cc2Cl,test
6097,B-3048,Clc1cc(Cl)c(c(Cl)c1)c2cc(Cl)c(Cl)c(Cl)c2Cl,test
6098,B-3049,CC(C)([S](C)(=O)=O)[S](C)(=O)=O,calibration
6099,B-3050,CN1C=C(I)C=CC1=O,test
6100,B-3051,C[C@H](O)C(=O)Nc1c(I)c(C(=O)NC(CO)CO)c(I)c(C(=O)NC(CO)CO)c1I,test
6101,B-3052,OC(c1ccc(Cl)cc1)(c2cncnc2)c3ccccc3Cl,test
6102,B-3053,Clc1ccc(c(Cl)c1)C2(Cn3cncn3)OCCO2,test
6103,B-3054,CCCC1COC(Cn2cncn2)(O1)c3ccc(Cl)cc3Cl,validation
6104,B-3055,CCC1COC(Cn2cncn2)(O1)c3ccc(Cl)cc3Cl,test
6105,B-3056,Clc1cccc(c1)c2c(Cl)cc(Cl)cc2Cl,test
6106,B-3057,Clc1cc(Cl)c(c(Cl)c1)c2cccc(Cl)c2Cl,test
6107,B-3058,CCO[P](=S)(OCC)Oc1cc(Cl)c(Cl)c(SC)c1,test
6108,B-3059,OC(=O)[C@H]1CC[C@@H]([Se][Se]1)C(O)=O,calibration
6109,B-3060,CCSC(C(O)=O)c1ccccc1,calibration
6110,B-3062,O[S](=O)(=O)c1c[nH]cn1,calibration
6111,B-3063,CC(Br)C(=O)NCC(=O)NCC(O)=O,calibration
6112,B-3065,NC(=S)NC#N,test
6113,B-3066,Clc1ccc(Oc2ccccc2Cl)cc1Cl,test
6114,B-3067,CCC(=O)OC(C)C(=O)OC,test
6115,B-3068,CC(C)(SC(=O)N1CCCCC1)c2ccccc2,test
6116,B-3069,CC(C)Cc1[nH]ccn1,validation
6117,B-3070,CN1C=CSC1=Nc2ccc(C)cc2C,test
6118,B-3071,CSC(=NC)N(C)C,test
6119,B-3072,Clc1cccc(c1Cl)c2c(Cl)cc(Cl)c(Cl)c2Cl,test
6120,B-3073,OCCNC(=O)c1cc(O)ccc1O,test
6121,B-3074,Nc1c2cc(ccc2c(cc1[S](O)(=O)=O)[S](O)(=O)=O)[S](O)(=O)=O,validation
6122,B-3075,CNC(=O)OCc1cccc(Cl)c1Cl,calibration
6123,B-3077,CCCCN(C(N)=O)c1ccccc1,test
6124,B-3078,Clc1cc(Cl)c(c(Cl)c1)c2ccccc2Cl,test
6125,B-3079,CN(C)C(=O)SCCCCOc1ccccc1,test
6126,B-3080,Cc1c(Cl)cc(cc1Cl)C2=NNC(=O)C=C2,validation
6127,B-3082,N#CCO/N=C(C#N)/c1ccccc1,calibration
6128,B-3083,OC(c1ccc(F)cc1)(c2cncnc2)c3ccccc3Cl,validation
6129,B-3084,Clc1ccc(Oc2ccc(Cl)c(Cl)c2)cc1,calibration
6130,B-3085,CCCC(Br)(CCC)C(N)=O,test
6131,B-3086,COC(=O)[C@@H](C)N(C(=O)c1ccccc1)c2ccc(F)c(Cl)c2,calibration
6132,B-3087,CC(C)OC(=O)[C@@H](C)N(C(=O)c1ccccc1)c2ccc(F)c(Cl)c2,test
6133,B-3088,CC[C@H]1OC[C@@H](COc2ccc(Oc3ccccc3)cc2)O1,validation
6134,B-3089,CCCN1C(=O)N(C)c2ncn(C)c2C1=O,calibration
6135,B-3090,ClCCN(Cl)CCCl,test
6136,B-3091,CCOc1ccc(cc1)C2(CC2(Cl)Cl)C(=O)OC(C#N)c3cccc(Oc4ccccc4)c3,test
6137,B-3092,CCOC(=O)N1CCN(CC1)CN2CCN(CC2)C(=O)OCC,validation
6138,B-3093,CCCCNC(=O)N1C=C(F)C(=O)NC1=O,validation
6139,B-3094,CO[P](=S)(OC)SCC(=O)N(C(C)C)c1ccc(Cl)cc1,calibration
6140,B-3096,C[C@H](CCC(=O)NCC(O)=O)[C@H]1CCC2C3[C@@H](O)C[C@@H]4C[C@H](O)CC[C@]4(C)C3CC[C@]12C,calibration
6141,B-3097,CCSC1=NN=C(C(=O)N1N)C(C)(C)C,test
6142,B-3098,FC(F)(F)Oc1ccc(NC(=O)NC(=O)c2ccccc2Cl)cc1,calibration
6143,B-3099,NC(=O)COC(=O)c1ccccc1,calibration
6144,B-3100,CCNC(=O)COC(=O)c1ccccc1,test
6145,B-3101,CCN(CC)C(=O)COC(=O)c1ccccc1,calibration
6146,B-3102,CCNC(C)C(O)=O,test
6147,B-3103,CN1C(=O)C(N)C(=S)N(C)C1=O,test
6148,B-3104,Clc1ccc(c(Cl)c1)c2ccc(Cl)c(Cl)c2Cl,test
6149,B-3105,S=C1N=CNc2nccnc12,validation
6150,B-3106,CC(=O)OCC(C(OC(C)=O)c1ccccc1)[N+]([O-])=O,test
6151,B-3107,CC(=O)OC[C@H]([C@@H](OC(C)=O)c1ccccc1)[N+]([O-])=O,calibration
6152,B-3109,CC(C)[C@@H](C(=O)O[C@@H](C#N)c1cccc(Oc2ccccc2)c1)c3ccc(Cl)cc3,validation
6153,B-3110,CCCC(Cn1cncn1)c2ccc(Cl)cc2Cl,calibration
6154,B-3111,CC(C)Oc1cccc(NC(=O)c2ccccc2C(F)(F)F)c1,test
6155,B-3112,CCOC(=O)C(C)Oc1ccc(Oc2oc3cc(Cl)ccc3n2)cc1,test
6156,B-3113,Clc1cccc(Oc2ccc(Cl)c(Cl)c2)c1,test
6157,B-3114,CC1(C)[C@@H](C(Br)C(Br)(Br)Br)[C@H]1C(=O)O[C@H](C#N)c2cccc(Oc3ccccc3)c2,calibration
6158,B-3115,CCCC(Br)C(=O)NC(N)=O,calibration
6159,B-3116,CN(C)C1CCCC=CCC1,validation
6160,B-3117,CNC(=O)Sc1ccc(O[S](C)(=O)=O)cc1,calibration
6161,B-3118,CC1(CCCC1=O)C#N,test
6162,B-3119,Cc1cccc(C)c1N(Cn2cccn2)C(=O)CCl,test
6163,B-3120,CCC(CC)(CC)NC(N)=O,calibration
6164,B-3121,CC(CN1CC(C)OC(C)C1)Cc2ccc(cc2)C(C)(C)C,test
6165,B-3122,CC1(C)[C@@H](C=C(Cl)Cl)[C@H]1C(=O)OC(C#N)c2cccc(Oc3ccccc3)c2,test
6166,B-3123,CC1(C)CNC(=NC1)N\N=C(/C=C/c2ccc(cc2)C(F)(F)F)\C=C\c3ccc(cc3)C(F)(F)F,test
6167,B-3124,Clc1cc2c(oc3c(Cl)c(Cl)c(Cl)c(Cl)c23)c(Cl)c1Cl,calibration
6168,B-3125,CC(CN1C[C@H](C)O[C@H](C)C1)Cc2ccc(cc2)C(C)(C)C,test
6169,B-3126,Brc1cc2oc3cc(Br)c(Br)cc3c2cc1Br,calibration
6170,B-3127,CCCN(CCOc1c(Cl)cc(Cl)cc1Cl)C(=O)n2ccnc2,test
6171,B-3128,CCOC(=O)CN(N=O)C(N)=O,validation
6172,B-3129,Brc1ccc(Br)c(c1)c2cc(Br)c(Br)cc2Br,test
6173,B-3131,O=C1NC=Cc2cccnc12,test
6174,B-3132,Clc1cc(Cl)c(cc1OCC#C)N2N=C3CCCCN3C2=O,test
6175,B-3133,CC1(C)C(\C=C(/Cl)C(F)(F)F)C1C(=O)OC(C#N)c2cccc(Oc3ccccc3)c2,test
6176,B-3135,Clc1cc(NC(=O)Nc2ccccc2)ccn1,calibration
6177,B-3136,Clc1ccc(c(Cl)c1)c2c(Cl)cccc2Cl,calibration
6178,B-3138,Clc1ccc(c(Cl)c1)c2cc(Cl)cc(Cl)c2Cl,test
6179,B-3139,Clc1cc(Cl)cc(c1)c2c(Cl)ccc(Cl)c2Cl,test
6180,B-3140,Clc1ccc(cc1)c2c(Cl)c(Cl)cc(Cl)c2Cl,test
6181,B-3141,Clc1cc(Cl)cc(c1)c2cc(Cl)c(Cl)cc2Cl,calibration
6182,B-3142,Clc1ccc(Cl)c(c1)c2c(Cl)cc(Cl)c(Cl)c2Cl,calibration
6183,B-3143,Clc1cc(c(Cl)c(Cl)c1Cl)c2c(Cl)cccc2Cl,calibration
6184,B-3144,Clc1cc(Cl)c(Cl)c(c1)c2c(Cl)c(Cl)c(Cl)c(Cl)c2Cl,test
6185,B-3145,CCOC(=O)CNc1nc(Cl)nc(NC(C)C)n1,validation
6186,B-3146,COc1ccc(NC(=N)Nc2ccc(OC)cc2)cc1,test
6187,B-3148,CC[S](=O)(=O)Oc1ccc2OCC(C)(C)c2c1,calibration
6188,B-3149,CC(=O)NC(=O)COC(=O)c1ccccc1,test
6189,B-3151,Clc1ccc(Oc2ccccc2Cl)c(Cl)c1,validation
6190,B-3152,CC(C)N1C(=O)N(CSC1=NC(C)(C)C)c2ccccc2,test
6191,B-3153,Nc1c(Cl)c(F)nc(OCC(O)=O)c1Cl,validation
6192,B-3154,CC(C)C(Nc1ccc(cc1Cl)C(F)(F)F)C(=O)OC(C#N)c2cccc(Oc3ccccc3)c2,calibration
6193,B-3155,OCC(Cl)(Cl)Br,test
6194,B-3156,Clc1cccc(c1)N(C2CCOC2=O)C(=O)C3CC3,test
6195,B-3157,CC(CC(C)(C(O)=O)C(O)=O)C(O)=O,calibration
6196,B-3158,OC(=O)c1occ(Cl)c1Cl,test
6197,B-3159,Clc1cc(Cl)cc(c1)c2c(Cl)c(Cl)c(Cl)c(Cl)c2Cl,test
6198,B-3160,COC(=O)C(C)Oc1ccc(Oc2ncc(cc2Cl)C(F)(F)F)cc1,calibration
6199,B-3161,CCCCOC(=O)C(C)Oc1ccc(Oc2ccc(cn2)C(F)(F)F)cc1,test
6200,B-3163,COC(=O)c1cc(C)ccc1C2=NC(C)(C(C)C)C(=O)N2,test
6201,B-3164,CC(C)C(C(=O)OC(C#N)c1cccc(Oc2ccccc2)c1)c3ccc(OC(F)F)cc3,calibration
6202,B-3165,CCCCCCCCOC(=O)c1cccnc1,test
6203,B-3168,Clc1ccccc1c2cc(Cl)c(Cl)cc2Cl,test
6204,B-3169,Clc1ccccc1c2cc(Cl)c(Cl)c(Cl)c2,test
6205,B-3170,Clc1ccc(Cl)c(c1)c2cc(Cl)c(Cl)c(Cl)c2,test
6206,B-3171,[H+].[H+].[Cl-].[Cl-].OCCNCCNc1ccc(NCCNCCO)c2C(=O)c3c(O)ccc(O)c3C(=O)c12,validation
6207,B-3172,CCSC(=S)NC(C)C(O)=O,calibration
6208,B-3173,ClCCN(CCCl)[P]1(=O)NCCCCO1,test
6209,B-3174,CCCc1sc(N[S](=O)(=O)c2ccc(N)cc2)nn1,calibration
6210,B-3175,CCOC(=O)[C@@H](C)Oc1ccc(Oc2oc3cc(Cl)ccc3n2)cc1,test
6211,B-3176,Cn1nc(C)c(C(=O)c2ccc(Cl)cc2Cl)c1OCC(=O)c3ccccc3,test
6212,B-3177,COC(=O)C(C)N(C(=O)Cc1ccccc1)c2c(C)cccc2C,validation
6213,B-3178,CC1(C)C(C=C(Cl)Cl)C1C(=O)OC(C#N)c2cccc(Oc3ccccc3)c2,test
6214,B-3179,NC(=O)C(=NO)C(N)=O,test
6215,B-3180,OC(=O)C(Br)=C(Br)Br,test
6216,B-3181,OC(=O)C(Br)=C(Br)I,test
6217,B-3182,CC[S](=O)(=O)N[S](=O)(=O)CC,calibration
6218,B-3185,CCOC(=O)NCCOc1ccc(Oc2ccccc2)cc1,validation
6219,B-3186,CCCCN(CCOC(C)=O)c1ccc(N=Nc2c(cc(cc2C#N)[N+]([O-])=O)C#N)c(C)c1,test
6220,B-3187,FC(F)(F)c1nc(Cl)sc1C(=O)OCc2ccccc2,test
6221,B-3188,CC=Cc1ccc(O)c(O)c1,test
6222,B-3189,CC(C)=CC1C(C(=O)OCN2C(=O)CN(CC#C)C2=O)C1(C)C,validation
6223,B-3190,CN(C(=O)COc1sc2ccccc2n1)c3ccccc3,test
6224,B-3191,Clc1cccc(c1)c2cc(Cl)c(Cl)cc2Cl,calibration
6225,B-3192,Clc1ccccc1c2c(Cl)c(Cl)cc(Cl)c2Cl,calibration
6226,B-3193,Clc1ccc(c(Cl)c1Cl)c2c(Cl)cccc2Cl,calibration
6227,B-3194,CCCCCCOC(=O)C(C)OC(=O)C(C)O,test
6228,B-3195,Cc1cc(C)nc(n1)C(N)=O,calibration
6229,B-3196,Fc1ccc(cc1)C(=O)C2CCN(CC2)CCN3C(=O)Nc4ccccc4C3=O,test
6230,B-3197,Nc1c(Cl)c(Oc2ccccc2)ccc1[N+]([O-])=O,test
6231,B-3198,CCOc1ccc(NC(=O)NN)cc1,test
6232,B-3199,Clc1ccccc1c2nnc(nn2)c3ccccc3Cl,calibration
6233,B-3200,COC(=O)c1ccccc1[S](=O)(=O)NC(=O)Nc2nc(C)cc(C)n2,validation
6234,B-3201,Clc1cccc(c1)c2ccc(Cl)c(Cl)c2Cl,calibration
6235,B-3202,Clc1ccc(cc1)c2cc(Cl)cc(Cl)c2Cl,test
6236,B-3203,Clc1cccc(c1)c2c(Cl)c(Cl)cc(Cl)c2Cl,calibration
6237,B-3204,Clc1ccc(cc1)c2cc(Cl)c(Cl)c(Cl)c2Cl,test
6238,B-3205,Clc1ccc(cc1)c2c(Cl)cc(Cl)c(Cl)c2Cl,test
6239,B-3206,Clc1ccc(cc1Cl)c2c(Cl)cc(Cl)c(Cl)c2Cl,calibration
6240,B-3207,Clc1ccc(cc1Cl)c2c(Cl)c(Cl)cc(Cl)c2Cl,validation
6241,B-3208,Clc1ccc(Cl)c(c2cc(Cl)c(Cl)c(Cl)c2)c1Cl,calibration
6242,B-3209,Clc1cc(Cl)cc(c1)c2c(Cl)c(Cl)cc(Cl)c2Cl,validation
6243,B-3210,Clc1ccc(c(Cl)c1)c2c(Cl)c(Cl)c(Cl)c(Cl)c2Cl,test
6244,B-3211,Clc1cc(Cl)c(c2cc(Cl)c(Cl)c(Cl)c2)c(Cl)c1Cl,test
6245,B-3213,Clc1cc(Cl)c(c(Cl)c1)c2c(Cl)c(Cl)c(Cl)c(Cl)c2Cl,validation
6246,B-3214,Clc1cc(cc(Cl)c1Cl)c2c(Cl)c(Cl)c(Cl)c(Cl)c2Cl,validation
6247,B-3215,Clc1cc(Cl)c(c(Cl)c1)c2c(Cl)c(Cl)cc(Cl)c2Cl,calibration
6248,B-3216,Brc1ccc(Br)c(C=O)c1,calibration
6249,B-3217,O[S](=O)(=O)C(Cl)[S](O)(=O)=O,calibration
6250,B-3218,CC(C)(C)C(Br)C(=O)NC(C)(C)c1ccccc1,calibration
6251,B-3219,Clc1cccc(c1Cl)c2c[nH]cc2C#N,validation
6252,B-3220,N#CC(=N\OCC1OCCO1)/c2ccccc2,test
6253,B-3221,CC(C)(C)C(O)C(Cc1ccc(Cl)cc1Cl)n2cncn2,validation
6254,B-3222,CCOC(=O)[C@H](CCc1ccccc1)N[C@@H](C)C(=O)N2CCC[C@H]2C(O)=O,test
6255,B-3223,CCO[P](=O)(Cc1ccc(cc1)c2sc3ccccc3n2)OCC,test
6256,B-3224,CCN1CC(=O)N=C1N,test
6257,B-3225,OC(=O)c1c(Cl)c(Cl)c(Cl)c(Cl)c1C(=O)Nc2cccc(Cl)c2Cl,calibration
6258,B-3226,O[S](=O)(=O)C(Cl)([S](O)(=O)=O)[S](O)(=O)=O,test
6259,B-3227,CCOC(=O)[C@H](C)NC(=O)CCl,test
6260,B-3228,CSCOC(=O)c1ccccc1OC(C)=O,test
6261,B-3229,CC(=O)Oc1ccccc1C(=O)OC[S](C)=O,test
6262,B-3230,CC(=O)Oc1ccccc1C(=O)OC[S](C)(=O)=O,validation
6263,B-3231,CC(Oc1ccccc1Cl)C(O)=O,test
6264,B-3232,CC(Oc1ccc(Oc2cnc3cc(Cl)ccc3n2)cc1)C(O)=O,validation
6265,B-3234,OC(Cn1cncn1)(c2ccc(F)cc2)c3ccccc3F,test
6266,B-3235,Clc1cccc(c2cc(Cl)c(Cl)c(Cl)c2)c1Cl,calibration
6267,B-3236,[NH4+].C[P](O)(=O)CCC(N)C([O-])=O,test
6268,B-3237,CC(C)C[C@H](N)C(=O)N[C@@H](C)C(=O)NCC(O)=O,validation
6269,B-3238,CCOC(=O)N(C)CC,calibration
6270,B-3239,CCCS[P](=O)(OCC)Oc1cnn(c1)c2ccc(Cl)cc2,validation
6271,B-3241,CCOC(=O)COC(=O)c1cc(Oc2ccc(cc2Cl)C(F)(F)F)ccc1[N+]([O-])=O,test
6272,B-3242,CCOC(CC(C)O)OCC,test
6273,B-3243,NN=C1N=CNc2nccnc12,validation
6274,B-3244,COCC(=O)N(N1CCOC1=O)c2c(C)cccc2C,validation
6275,B-3245,CCCCCCNC(=O)c1cccnc1,test
6276,B-3246,CCC1(C(=O)NC(=O)N(CC(O)CO)C1=O)c2ccccc2,validation
6277,B-3247,C[C@H]1C(SC(=O)N1C(=O)NC2CCCCC2)c3ccc(Cl)cc3,calibration
6278,B-3249,CCCCOC(=O)[C@@H](C)Oc1ccc(Oc2ccc(cn2)C(F)(F)F)cc1,calibration
6279,B-3250,COC(=O)c1sccc1[S](=O)(=O)NC(=O)Nc2nc(C)nc(OC)n2,calibration
6280,B-3251,Cc1c(F)c(F)c(COC(=O)C2C(\C=C(/Cl)C(F)(F)F)C2(C)C)c(F)c1F,validation
6281,B-3252,CCC(CC)C(=O)N(CC)CC,validation
6282,B-3253,CCC(C)(C)C(=O)O[C@H]1C[C@@H](C)C=C2C=C[C@H](C)[C@H](CC[C@@H]3C[C@@H](O)CC(=O)O3)[C@@H]12,test
6283,B-3254,CCCCC(O)(Cn1cncn1)c2ccc(Cl)cc2Cl,calibration
6284,B-3255,CC(C)c1cc(Oc2ccccc2)cc(C(C)C)c1NC(=S)NC(C)(C)C,calibration
6285,B-3256,CCOc1ccc(cc1)C(C)(C)COCc2cccc(Oc3ccccc3)c2,test
6286,B-3259,CCc1cnc(C2=NC(C)(C(C)C)C(=O)N2)c(c1)C(O)=O,validation
6287,B-3260,COC(=O)c1ccc(C)cc1C2=NC(C)(C(C)C)C(=O)N2,test
6288,B-3262,CCCCCCCCNC(=O)c1cccnc1,calibration
6289,B-3263,CCCCCCCCCNC(=O)c1cccnc1,test
6290,B-3264,CCCCCCCCCCNC(=O)c1cccnc1,calibration
6291,B-3265,CCCCCCCCCCCNC(=O)c1cccnc1,test
6292,B-3266,CCCCCCCCCCCCNC(=O)c1cccnc1,test
6293,B-3267,CC1(C)CON(Cc2ccccc2Cl)C1=O,validation
6294,B-3268,COc1nc(C)nc(NC(=O)N[S](=O)(=O)c2ccccc2OCCCl)n1,validation
6295,B-3270,ON=C1C=CC(=NO)c2ncccc12,calibration
6296,B-3271,CC(C)(C)[C@H](O)[C@H](Oc1ccc(Cl)cc1)n2cncn2,test
6297,B-3272,OC(c1ccccc1)c2cc(Cl)ccc2NC(=O)c3ccncc3,calibration
6298,B-3273,CCC(C)(CC)c1cc(NC(=O)c2c(OC)cccc2OC)on1,test
6299,B-3274,CCOC(C)CCO,validation
6300,B-3275,Cc1c(COC(=O)C2C(\C=C(/Cl)C(F)(F)F)C2(C)C)cccc1c3ccccc3,calibration
6301,B-3276,Cn1nc(C)c(C(=O)c2ccc(Cl)c(C)c2Cl)c1OCC(=O)c3ccc(C)cc3,validation
6302,B-3277,COC(=O)c1ccccc1C[S](=O)(=O)NC(=O)Nc2nc(OC)cc(OC)n2,calibration
6303,B-3278,Fc1cccc(F)c1C(=O)NC(=O)Nc2cc(Cl)c(F)c(Cl)c2F,calibration
6304,B-3279,CCOC(=O)CCN(Cc1ccccc1)SN(C)C(=O)O\N=C(\C)SC,calibration
6305,B-3280,Fc1ccc(NC(=O)c2cccnc2Oc3cccc(c3)C(F)(F)F)c(F)c1,validation
6306,B-3281,OC(=O)C(I)=C(Br)I,test
6307,B-3282,CC(C)(C)[C@H](O)\C(=C/c1ccc(Cl)cc1)n2cncn2,calibration
6308,B-3283,CC(C)(C)C(O)\C(=C/c1ccc(Cl)cc1)n2cncn2,calibration
6309,B-3284,CC(C)(C)C(O)\C(=C/c1ccc(Cl)cc1Cl)n2cncn2,calibration
6310,B-3285,CCCC(=O)N(CS[P](=S)(OC)OC)c1ccccc1Cl,test
6311,B-3286,OC(=O)c1ccc(c2cccnc12)[N+]([O-])=O,test
6312,B-3287,CCOC(=O)C1(C)OC(=O)N(C1=O)c2cc(Cl)cc(Cl)c2,validation
6313,B-3288,Nc1ncc2ncn(COCCO)c2n1,calibration
6314,B-3289,CC(Oc1ccc(Cl)c(C)c1Cl)C(=O)Nc2ccccc2,validation
6315,B-3290,CCCCCS[S](=O)CCCCC,test
6316,B-3291,COCCCCC=O,test
6317,B-3292,CCC(=O)OCc1ccc(Cl)cc1Cl,validation
6318,B-3293,C[Si](Cn1cncn1)(c2ccc(F)cc2)c3ccc(F)cc3,validation
6319,B-3295,CCN(C(C)C(C)C)C(=O)SCc1ccccc1,test
6320,B-3296,COC(=O)c1ccccc1[S](=O)(=O)NC(=O)Nc2nc(OC(F)F)cc(OC(F)F)n2,test
6321,B-3297,Clc1ccc(CSC(Cn2cncn2)=Nc3ccc(Cl)cc3Cl)cc1,test
6322,B-3298,CCc1cccc(C)c1N(COC(C)C)C(=O)CCl,test
6323,B-3299,Fc1cccc(F)c1C(=O)NC(=O)Nc2ccc(Cl)c(Oc3ncc(cc3Cl)C(F)(F)F)c2,validation
6324,B-3300,CCOc1ccc(NC(=O)OC(C)C)cc1OCC,test
6325,B-3301,CCOCCOC(=O)C(C)Oc1ccc(Oc2ncc(cc2Cl)C(F)(F)F)cc1,validation
6326,B-3302,CCc1cccc(CC)c1N(COC\C=C/C)C(=O)CCl,calibration
6327,B-3303,CCCCCOC(=O)COc1cc(N2C(=O)C3=C(CCCC3)C2=O)c(F)cc1Cl,test
6328,B-3304,COCC(C)N(C(=O)CCl)c1c(C)scc1C,test
6329,B-3305,CC(Oc1ccc(Oc2ncc(Cl)cc2Cl)cc1)C(=O)N3CCCO3,validation
6330,B-3306,CC(C)C12CCC(C)(O1)C(C2)OCc3ccccc3C,validation
6331,B-3307,FC(F)(F)C(=N/OCC1OCCO1)/c2ccc(Cl)cc2,test
6332,B-3308,OC(=O)C(Br)=C(Cl)Br,validation
6333,B-3309,OC(=O)C(Cl)=C(Br)Br,test
6334,B-3311,CC(O)C([N+]([O-])=O)[N+]([O-])=O,test
6335,B-3312,Cc1cc(C)nc(N\N=C(\C)c2ccccc2C)n1,validation
6336,B-3313,CN1C(=O)N=CC2=C1NC(=O)N2,test
6337,B-3314,CC(C)(C)[C@@H](O)[C@H](Oc1ccc(Cl)cc1)n2cncn2,calibration
6338,B-3315,C[C@@H](CCO)CCC=O,test
6339,B-3316,CN1C=C2N=CC=NC2=NC1=O,test
6340,B-3317,O=C1OCc2ccc(cc12)C#N,validation
6341,B-3318,CC[S](=O)(=O)C(C)(CO)[S](=O)(=O)CC,validation
6342,B-3319,COc1c(N)c(C=O)ccc1O,test
6343,B-3320,COC(=O)c1ccc(cc1C([O-])=O)[N+]([O-])=O,test
6344,B-3321,OC(=O)CC[C@H](NCCC#N)C(O)=O,test
6345,B-3322,CCC1(CC(C)=O)C(=O)NC(=O)NC1=O,calibration
6346,B-3323,CCCCCCC(O)C(O)C(O)=O,calibration
6347,B-3324,Cc1cnc2c(ccc(Cl)c2C(O)=O)c1,test
6348,B-3325,CC[C@H](C)[C@H](NCCC#N)C(O)=O,test
6349,B-3326,CCc1nc2cnc(O)nc2nc1CC,validation
6350,B-3327,CC(C)(OC1CCCCC1)C(O)=O,calibration
6351,B-3328,COC(CC(O)=O)c1ccccc1,calibration
6352,B-3329,[O-][N+](=O)C1C(=O)CC(CC1=O)c2ccccc2,calibration
6353,B-3330,OC(O)(C(=O)Nc1ccccc1)C(=O)Nc2ccccc2,test
6354,B-3331,CC=CCC1(C)C(=O)NC(=O)N(C)C1=O,calibration
6355,B-3332,CCOC(=O)C(O)C=C,test
6356,B-3333,CC1CCCC(O1)OC2CCCC(C)O2,test
6357,B-3334,CCCO[P](=O)(OC)OCCC,test
6358,B-3335,CN1C=NC2=C(N(C)C(=O)N(C)C2=O)C1=O,test
6359,B-3336,[O-]C(=O)CN[S](=O)(=O)c1ccc2ccccc2c1,calibration
6360,B-3337,CCCCc1c2ccccc2cc3ccc4ccccc4c13,test
6361,B-3338,CCC(Br)(Br)C(O)=O,test
6362,B-3339,CCOC(=O)c1cnn(C)c1[S](=O)(=O)NC(=O)Nc2nc(OC)cc(OC)n2,test
6363,B-3340,OC(=O)CNC(=O)CN[S](=O)(=O)c1ccc2ccccc2c1,test
6364,B-3341,CC(C1CC1)C(O)(Cn2cncn2)c3ccc(Cl)cc3,validation
6365,B-3343,COCCOc1ccccc1[S](=O)(=O)NC(=O)Nc2nc(OC)nc(OC)n2,calibration
6366,B-3344,CCO[P](=O)(SC(C)CC)SC(C)CC,calibration
6367,B-3345,OC(=O)COC1CCCC1,validation
6368,B-3346,CCO[P](=S)(OC(C)C)Oc1cnc(nc1)C(C)(C)C,calibration
6369,B-3347,CC(C)(C)N1N=CC(=C(Cl)C1=O)SCc2ccc(cc2)C(C)(C)C,test
6370,B-3348,COc1ccsc1CN(C(=O)CCl)c2c(C)cccc2C,test
6371,B-3349,CNC1=C(C(=O)C(O1)c2ccccc2)c3cccc(c3)C(F)(F)F,calibration
6372,B-3350,CCCCCCCCCCCCCCNC(=O)C(C)O,test
6373,B-3351,COC(=O)C1(CC1)[S](=O)(=O)c2ccccc2,test
6374,B-3352,ClC(Cl)C(=O)N(CC=C)CC(=O)NCC=C,test
6375,B-3354,CSC(=O)c1c(CC(C)C)c(C(=O)SC)c(nc1C(F)F)C(F)(F)F,test
6376,B-3355,COc1nsc(N)n1,test
6377,B-3356,CCOc1nsc(N)n1,calibration
6378,B-3357,CC(=O)OCC(S)CS,calibration
6379,B-3358,CCCCC(=CC)C(N)=O,test
6380,B-3359,O=C(Nc1ncccn1)c2cnccn2,test
6381,B-3361,CCCCCCCCCOC(=O)c1cccnc1,calibration
6382,B-3362,CCO[P](=O)(SC(C)CC)N1CCSC1=O,test
6383,B-3363,Cc1ccn2nc(nc2n1)[S](=O)(=O)Nc3c(F)cccc3F,calibration
6384,B-3364,Cc1ccnc(NC(=O)c2cnccn2)n1,test
6385,B-3365,C[S](=O)(=O)c1ccc(c(Cl)c1)C(=O)C2C(=O)CCCC2=O,validation
6386,B-3366,CC1(C)OC(=O)c2cc(ccc12)[N+]([O-])=O,calibration
6387,B-3367,CCC1OC(=O)c2cc(ccc12)[N+]([O-])=O,test
6388,B-3368,CC(O)C(C)C=O,test
6389,B-3369,Cc1ncnc2c(O)cccc12,test
6390,B-3370,CN1C(=O)C(=Nc2cncnc12)C,test
6391,B-3372,NC(=O)C1CCCC(N1)C(N)=O,test
6392,B-3373,CCC(C)(C)C1CCC(=NO)C(C1)=NO,validation
6393,B-3374,CCCc1ncnc2c(O)cccc12,calibration
6394,B-3375,[NH3+][C@H](CC([O-])=O)c1cccc2ccccc12,validation
6395,B-3376,CCCCCCCOC(=O)c1cccnc1,test
6396,B-3377,CCOC(=O)[C@@H](C)Oc1ccc(Oc2cnc3cc(Cl)ccc3n2)cc1,calibration
6397,B-3378,COC(=O)c1c(Cl)nn(C)c1[S](=O)(=O)NC(=O)Nc2nc(OC)cc(OC)n2,calibration
6398,B-3379,CCOc1ccc(NC(C)=O)c2cccnc12,test
6399,B-3380,CCCCO[P](=O)(OCCCC)OCCCCOCC,test
6400,B-3381,CC1(C)[C@@H](\C=C/C(=O)OC(C(F)(F)F)C(F)(F)F)[C@H]1C(=O)O[C@H](C#N)c2cccc(Oc3ccccc3)c2,validation
6401,B-3382,COC(=O)c1ccccc1[S](=O)(=O)NC(=O)N(C)c2nc(C)nc(OC)n2,test
6402,B-3383,OC(=O)C(Cl)(Cl)CCCl,validation
6403,B-3385,COC(=O)c1cc(ccc1C([O-])=O)[N+]([O-])=O,validation
6404,B-3386,NCCCCCCNCCCCCCCCCCC(O)=O,calibration
6405,B-3387,CCC(N(Cc1occc1)C(=O)n2ccnc2)C(=O)OCCCC=C,calibration
6406,B-3389,COc1ncc2nccnc2n1,calibration
6407,B-3390,CN1C(=O)N=Cc2nccnc12,validation
6408,B-3391,CCCC\C(=C\C)C(=O)NC(N)=O,test
6409,B-3392,COC(C)C(C)Cl,calibration
6410,B-3393,COc1cc(Br)c2COC(=O)c2c1OC,calibration
6411,B-3394,CCc1nc2ncnc(O)c2nc1CC,calibration
6412,B-3395,CCOC(=O)c1nn(c2ccc(Cl)cc2Cl)c(n1)C(Cl)(Cl)Cl,test
6413,B-3396,Fc1cc2OCC(=O)N(CC#C)c2cc1N3C(=O)C4=C(CCCC4)C3=O,validation
6414,B-3397,OC(=O)CCCC(C(O)=O)(c1ccccc1)c2ccccc2,validation
6415,B-3398,CC(C)C1(C)N=C(NC1=O)c2ncc(C)cc2C(O)=O,test
6416,B-3399,COc1c(oc2ccccc12)C(O)=O,validation
6417,B-3400,COC/C(=N/OCC(=O)OC)c1cc(Oc2ccc(cc2Cl)C(F)(F)F)ccc1[N+]([O-])=O,validation
6418,B-3401,CCOc1ccc(cc1)[Si](C)(C)CCCc2ccc(F)c(Oc3ccccc3)c2,test
6419,B-3402,C[C@@H](Oc1ccc(Oc2ncc(Cl)cc2F)cc1)C(=O)OCC#C,calibration
6420,B-3403,CCOCCc1ccc(OCCNc2ncnc(CC)c2Cl)c(C)c1C,calibration
6421,B-3404,CC(CCC(O)=O)NC(=O)c1ccccc1,test
6422,B-3405,Cc1nc(Br)[nH]c1[N+]([O-])=O,validation
6423,B-3406,CNC(=O)COC(=O)c1ccccc1,validation
6424,B-3407,CCCNC(=O)COC(=O)c1ccccc1,test
6425,B-3408,CC(C)(C)NC(=O)COC(=O)c1ccccc1,validation
6426,B-3409,NC(=O)CNC(=O)COC(=O)c1ccccc1,calibration
6427,B-3410,CN(C)C(=O)COC(=O)c1ccccc1,test
6428,B-3411,CCCN(CCC)C(=O)COC(=O)c1ccccc1,calibration
6429,B-3412,CCCCN(CCCC)C(=O)COC(=O)c1ccccc1,calibration
6430,B-3413,C=CCN(CC=C)C(=O)COC(=O)c1ccccc1,calibration
6431,B-3414,CN(CC(O)=O)C(=O)COC(=O)c1ccccc1,calibration
6432,B-3415,O=C(COC(=O)c1ccccc1)N2CCCCC2,calibration
6433,B-3416,O=C(COC(=O)c1ccccc1)N2CCOCC2,test
6434,B-3417,CCC(NC=O)C(O)=O,calibration
6435,B-3418,CC(C)(C)C(O)(CCc1ccc(Cl)cc1)Cn2cncn2,test
6436,B-3419,N[S](=O)(=O)c1ccc(SCCO)cc1,test
6437,B-3420,N[S](=O)(=O)c1ccc(SCCCO)cc1,test
6438,B-3421,N[S](=O)(=O)c1ccc(SCCCCCO)cc1,validation
6439,B-3422,CC(O)(CCC(C)(O)C(O)=O)C(O)=O,test
6440,B-3423,CCCc1nc(N)c(CC)c(CCC)n1,test
6441,B-3424,C\C(=N/NC(=O)Nc1cc(F)cc(F)c1)c2ncccc2C(O)=O,validation
6442,B-3425,OC(=O)c1ccccc1C2OC(=O)c3ccccc23,test
6443,B-3426,O=C1CCCCCCCCCCCCCCCCCN1,test
6444,B-3428,CC(Oc1ccc(Oc2cnc3cc(Cl)ccc3n2)cc1)C(=O)OCCON=C(C)C,calibration
6445,B-3429,Cn1nc(C)c(\C=N\OCc2ccc(cc2)C(=O)OC(C)(C)C)c1Oc3ccccc3,validation
6446,B-3430,CC(C)(COCc1cccc(Oc2ccccc2)c1)c3ccc(OC(F)(F)Br)cc3,test
6447,B-3431,CCOC(=O)CSc1nc(nn1C(=O)N(C)C)C(C)(C)C,test
6448,B-3432,CC(C)(C)N(NC(=O)c1ccc(Cl)cc1)C(=O)c2ccccc2,test
6449,B-3433,CCc1ccc(cc1)C(=O)NN(C(=O)c2cc(C)cc(C)c2)C(C)(C)C,test
6450,B-3434,OC(=O)C1CC1C(=O)Nc2ccc(Cl)cc2Cl,test
6451,B-3435,CC(Oc1ccc(Oc2oc3cc(Cl)ccc3n2)cc1)C(O)=O,validation
6452,B-3436,COCc1cnc(C2=NC(C)(C(C)C)C(=O)N2)c(c1)C(O)=O,test
6453,B-3437,Clc1ccc(CCC(Cn2cncn2)(C#N)c3ccccc3)cc1,test
6454,B-3438,CC[C@H]1[C@H](C)OC1=O,calibration
6455,B-3439,O=C(COC(=O)c1ccccc1)N2CCC2,test
6456,B-3440,O=C(COC(=O)c1ccccc1)N2CCCCCC2,test
6457,B-3441,OC1CCN(CC1)C(=O)COC(=O)c2ccccc2,calibration
6458,B-3442,OC(=O)[C@@H]1CCCN1C(=O)COC(=O)c2ccccc2,test
6459,B-3443,COC(=O)[C@@H]1CCCN1C(=O)COC(=O)c2ccccc2,calibration
6460,B-3444,CN(C)C(=O)CCOC(=O)c1ccccc1,test
6461,B-3445,CN(C)C(=O)CCCOC(=O)c1ccccc1,validation
6462,B-3446,CN(C(C)=O)C(=O)COC(=O)c1ccccc1,validation
6463,B-3447,CC(C)NC(=O)COC(=O)c1ccccc1,validation
6464,B-3448,CCCCNC(=O)COC(=O)c1ccccc1,validation
6465,B-3449,CCCCCCNC(=O)COC(=O)c1ccccc1,test
6466,B-3450,CC(NC(=O)COC(=O)c1ccccc1)C(N)=O,test
6467,B-3451,Clc1ccc(c(Cl)c1)C2(CC(Br)CO2)Cn3cncn3,validation
6468,B-3452,FC(OC(F)(F)F)C(F)(F)Oc1ccc(NC(=O)NC(=O)c2c(F)cccc2F)cc1Cl,calibration
6469,B-3453,CCNC(C)CC,test
6470,B-3454,NCCCCC(NC(=O)c1ccccc1)C(O)=O,calibration
6471,B-3455,COC(=O)CSc1cc(N=C2SC(=O)N3CCCCN23)c(F)cc1Cl,test
6472,B-3456,O[C@@H]([C@@H](O)[C@@H](O)C(O)=O)[C@@H](O)C(O)=O,calibration
6473,B-3457,COC(=O)c1c(CC(C)C)c(C2=NCCS2)c(nc1C(F)F)C(F)(F)F,calibration
6474,B-3458,CCCN(CC)CC1COC2(CCC(CC2)C(C)(C)C)O1,calibration
6475,B-3459,OCCc1ccc(O)c(c1)[N+]([O-])=O,test
6476,B-3460,CC1OC(=O)c2cc(N)ccc12,calibration
6477,B-3461,CC1(C)[C@H](C=C(Cl)Cl)[C@H]1C(=O)OCc2c(F)c(F)cc(F)c2F,validation
6478,B-3462,COc1ccc(cc1)C(=O)c2csc(c2)[S](N)(=O)=O,calibration
6479,B-3463,N[S](=O)(=O)c1scc(c1)C(=O)c2ccc(O)cc2,calibration
6480,B-3464,COc1ccc(cc1)C(=O)c2coc(c2)[S](N)(=O)=O,validation
6481,B-3465,Cc1ccc(cc1)C(=O)c2csc(c2)[S](N)(=O)=O,calibration
6482,B-3466,NC(=O)c1nn(c2ccc(Cl)c(COCC(F)(F)C(F)(F)F)c2)c(n1)c3ccccc3,test
6483,B-3467,CCc1nn(C)c(C(=O)NCc2ccc(cc2)C(C)(C)C)c1Cl,calibration
6484,B-3469,CC(Oc1ccc(Oc2cnc3cc(Cl)ccc3n2)cc1)C(=O)OCC4CCCO4,test
6485,B-3470,Nc1n(nc(C#N)c1[S](=O)C(F)(F)F)c2c(Cl)cc(cc2Cl)C(F)(F)F,test
6486,B-3471,COc1cc(OC)nc(NC(=O)N[S](=O)(=O)c2n(C)ncc2c3nnn(C)n3)n1,calibration
6487,B-3472,CCN(Cc1ccc(Cl)nc1)\C(NC)=C\[N+]([O-])=O,calibration
6488,B-3473,CC(C)(C)c1ccc(CCOc2ncnc3ccccc23)cc1,validation
6489,B-3474,COc1ccc(NCC(O)CO)cc1,test
6490,B-3476,CC1(C)OC(CN1C(=O)C(Cl)Cl)c2occc2,test
6491,B-3477,CCCCOC(=O)C(C)Oc1ccc(Oc2ccc(cc2F)C#N)cc1,validation
6492,B-3478,COc1cc(OC)nc(NC(=O)N[S](=O)(=O)c2n3ccccc3nc2Cl)n1,test
6493,B-3479,NC(=O)C[C@H](NC(=O)CCl)C(O)=O,test
6494,B-3480,CC[S](=O)(=O)c1cccnc1[S](=O)(=O)NC(=O)Nc2nc(OC)cc(OC)n2,test
6495,B-3481,CC1=NNC(=O)N(C1)\N=C\c2cccnc2,calibration
6496,B-3482,C[C@@H](O)CCCC=O,calibration
6497,B-3483,CCOC(=O)c1ccc(OC)c(OC)c1C([O-])=O,test
6498,B-3484,Fc1ccc(Oc2ccnc3cc(Cl)cc(Cl)c23)cc1,test
6499,B-3485,CC1(C)CCC(Cc2ccc(Cl)cc2)C1(O)Cn3cncn3,calibration
6500,B-3486,CC(C)C1CCC(Cc2ccc(Cl)cc2)C1(O)Cn3cncn3,test
6501,B-3487,CCN(CC)C(=O)n1cnc(n1)[S](=O)(=O)c2c(C)cc(C)cc2C,validation
6502,B-3488,CC=CC(=O)Nc1ccc(O)cc1,test
6503,B-3489,CCC(CC)(C#N)C(=O)NC(N)=O,calibration
6504,B-3490,CCOc1ccccc1O[S](=O)(=O)NC(=O)Nc2nc(OC)cc(OC)n2,test
6505,B-3491,CCOC(=O)C(Cl)Cc1cc(N2N=C(C)N(C(F)F)C2=O)c(F)cc1Cl,test
6506,B-3492,CCC1=C(C(O)=O)C(=O)C=NN1c2ccc(Cl)cc2,test
6507,B-3493,OC1(CCCCCC1n2cncn2)c3ccc(Cl)cc3,test
6508,B-3494,CCOC(=O)COc1cc(c(F)cc1Cl)c2nn(C)c(OC(F)F)c2Cl,test
6509,B-3495,Cc1sc(C(=O)Nc2c(Br)cc(OC(F)(F)F)cc2Br)c(n1)C(F)(F)F,validation
6510,B-3496,FC1(F)Oc2cccc(c2O1)c3c[nH]cc3C#N,test
6511,B-3497,CC1(OC(=O)N(Nc2ccccc2)C1=O)c3ccc(Oc4ccccc4)cc3,test
6512,B-3498,CO\C=C(C(=O)OC)/c1ccccc1Oc2cc(Oc3ccccc3C#N)ncn2,calibration
6513,B-3499,CNC(=O)C(=N/OC)\c1ccccc1Oc2ccccc2,calibration
6514,B-3500,CSC(=O)c1cccc2nnsc12,calibration
6515,B-3501,CN(Cc1ccc(Cl)nc1)C(C)=NC#N,calibration
6516,B-3502,CCOC(=O)C1=NN(c2ccc(Cl)cc2Cl)C(C)(C1)C(=O)OCC,calibration
6517,B-3503,N[S](=O)(=O)c1ccc(SCCCCO)cc1,validation
6518,B-3504,N[S](=O)(=O)c1ccc(CCCO)cc1,test
6519,B-3505,N[S](=O)(=O)c1ccc(CCCCO)cc1,validation
6520,B-3506,N[S](=O)(=O)c1ccc(CCCCCO)cc1,test
6521,B-3507,CN(C)c1nc(NC(=O)N[S](=O)(=O)c2c(C)cccc2C(O)=O)nc(OCC(F)(F)F)n1,test
6522,B-3508,CO\N=C(/C)c1cccc(Oc2nc(OC)cc(OC)n2)c1C(=O)OC,test
6523,B-3509,Fc1ccc2N=C(n3cncn3)N(C(=O)c2c1)c4ccc(Cl)cc4Cl,test
6524,B-3510,COc1cc(OC)nc(NC(=O)N[S](=O)(=O)Nc2ccccc2C(=O)C3CC3)n1,test
6525,B-3511,[O-][N+](=O)NC1=NCCN1Cc2ccc(Cl)nc2,validation
6526,B-3512,COc1cc(OC)n2nc(nc2n1)[S](=O)(=O)Nc3c(Cl)ccc(C)c3Cl,test
6527,B-3513,C[S](=O)(=O)c1cc(ccc1C(=O)c2cnoc2C3CC3)C(F)(F)F,test
6528,B-3514,CC[S](=O)(=O)c1nc2ccccn2c1[S](=O)(=O)NC(=O)Nc3nc(OC)cc(OC)n3,calibration
6529,B-3515,CC(C)N(C(=O)COc1sc(nn1)C(F)(F)F)c2ccc(F)cc2,validation
6530,B-3516,CO\N=C(C(=O)OC)/c1ccccc1COc2ccccc2C,calibration
6531,B-3517,Cc1cc(C)nc(NC(=O)N[S](=O)(=O)c2ccccc2C(=O)OC3COC3)n1,validation
6532,B-3518,COC(=O)C1(CC1)[S](=O)(=O)c2ccc(C)cc2,test
6533,B-3519,CCOC(=O)C1(CC1)[S](=O)(=O)c2ccc(C)cc2,calibration
6534,B-3520,CC(C)OC(=O)C1(CC1)[S](=O)(=O)c2ccc(C)cc2,test
6535,B-3521,COC(=O)C1(CC1)[S](=O)(=O)c2ccc(Cl)cc2,validation
6536,B-3522,CC(C)OC(=O)C1(CC1)[S](=O)(=O)c2ccc(Cl)cc2,test
6537,B-3523,CC(C)(C)OC(=O)C1(CC1)[S](=O)(=O)c2ccc(Cl)cc2,test
6538,B-3524,COC(=O)C1(CC1)[S](=O)(=O)c2ccc(Br)cc2,test
6539,B-3525,COC(=O)C1(CC1)[S](=O)(=O)c2ccc(cc2)[N+]([O-])=O,test
6540,B-3526,CC(C)OC(=O)C1(CC1)[S](=O)(=O)c2ccc(cc2)[N+]([O-])=O,test
6541,B-3527,NC1[C@H]2CN(C[C@@H]12)c3nc4N(C=C(C(O)=O)C(=O)c4cc3F)c5ccc(F)cc5F,test
6542,B-3528,CCOc1nc(F)cc2nc(nn12)[S](=O)(=O)Nc3c(Cl)cccc3C(=O)OC,test
6543,B-3529,COc1ccc(cc1NNC(=O)OC(C)C)c2ccccc2,validation
6544,B-3530,CCOc1cc(ccc1C2COC(=N2)c3c(F)cccc3F)C(C)(C)C,validation
6545,B-3531,CCN(C1CCCCC1)C(=O)N2N=NN(C2=O)c3ccccc3Cl,calibration
6546,B-3532,CC(C)OC(=O)C1(CCC1)[S](=O)(=O)c2ccc(cc2)[N+]([O-])=O,test
6547,B-3533,CC(C)OC(=O)C1(CCCCC1)[S](=O)(=O)c2ccc(cc2)[N+]([O-])=O,validation
6548,B-3534,CC(C)OC(=O)C1(CCCCCC1)[S](=O)(=O)c2ccc(cc2)[N+]([O-])=O,validation
6549,B-3535,COC(=O)C1(CCC1)[S](=O)(=O)c2ccc(Br)cc2,test
6550,B-3536,COC(=O)C1(CCCC1)[S](=O)(=O)c2ccc(Br)cc2,test
6551,B-3537,COC(=O)C1(CCCCC1)[S](=O)(=O)c2ccc(Br)cc2,test
6552,B-3538,COC(=O)C1(CCC1)[S](=O)(=O)c2ccc(Cl)cc2,calibration
6553,B-3539,CC(C)OC(=O)C1(CCCC1)[S](=O)(=O)c2ccc(Cl)cc2,validation
6554,B-3540,CCOC(=O)C1(CCC1)[S](=O)(=O)c2ccc(C)cc2,test
6555,B-3541,COC(=O)C1(CCC1)[S](=O)(=O)c2ccccc2,validation
6556,B-3542,COC(=O)C1(CCCC1)[S](=O)(=O)c2ccccc2,validation
6557,B-3544,CC(C)C(C(=O)OC(C#N)c1cccc(Oc2ccc(Br)cc2)c1)c3ccc(OC(F)F)cc3,validation
6558,B-3545,COc1cccc(C(=O)NN(C(=O)c2cc(C)cc(C)c2)C(C)(C)C)c1C,calibration
6559,B-3546,CC(C)OC(=O)c1cc(c(F)cc1Cl)c2nn(C)c(c2Br)C(F)(F)F,calibration
6560,B-3547,CCOC(=O)C(NC=O)=Cc1cocc1,test
6561,B-3550,CC(C)C(C)C,calibration
6562,B-3551,CCC(C)CC,test
6563,B-3552,CC1CCCC1,validation
6564,B-3557,CCCCCCCC,test
6565,B-3559,CCCCCCC,test
6566,B-3561,C1CCCCCCC1,validation
6567,B-3562,CC(C)(C)C,validation
6568,B-3563,c1ccc2c(c1)cc3ccc4cccc5ccc2c3c45,calibration
6569,B-3564,c1ccc2c(c1)ccc3cc4c(ccc5ccccc45)cc23,validation
6570,B-3565,Cc1ccc2cc3c(ccc4ccccc34)c5CCc1c25,calibration
6571,B-3566,c1ccc2cc3c(ccc4ccccc34)cc2c1,validation
6572,B-3569,c1ccc2c(c1)ccc3ccccc23,test
6573,B-3575,s1c2ccccc2c3ccccc13,test
6574,B-3576,c1cc2ccc3ccc4ccc5cccc6c(c1)c2c3c4c56,calibration
6575,B-3579,c1cc2cccc3C=Cc(c1)c23,test
6576,B-3580,c1ccc2cc3c4ccccc4c5ccccc5c3cc2c1,test
6577,B-3581,c1ccc2c(c1)c3ccccc3c4ccccc24,calibration
6578,B-3582,c1ccc2c(c1)ccc3c4ccccc4ccc23,calibration
6579,B-3583,c1ccc2c(c1)ccc3cc4ccc5ccccc5c4cc23,test
6580,B-3585,C1c2ccccc2c3cc4ccccc4cc13,calibration
6581,B-3586,[O-][N+](=O)c1c2ccccc2cc3ccccc13,validation
6582,B-3588,Cc1ccc2cc3ccccc3cc2c1,calibration
6583,B-3590,Cc1c2ccccc2c(C)c3ccccc13,test
6584,B-3591,Cc1cccc2c1ccc3ccccc23,calibration
6585,B-3592,Cc1cccc2c1Cc3ccccc23,calibration
6586,B-3593,Cc1ccc2c(ccc3ccccc23)c1,calibration
6587,B-3594,CCc1ccc2cc3ccccc3cc2c1,test
6588,B-3598,CC(C)(C)c1ccccc1,validation
6589,B-3599,CC(C)c1ccccc1,calibration
6590,B-3605,C(Cc1ccccc1)c2ccccc2,validation
6591,B-3606,CCCc1ccccc1,validation
6592,B-3607,CCCCc1ccccc1,validation
6593,B-3613,CCc1ccccc1CC,calibration
6594,B-3615,CCc1cccc(CC)c1,calibration
6595,B-3616,Cc1cccc(C)c1C,test
6596,B-3617,C#Cc1ccccc1,calibration
6597,B-3618,CCCCCc1ccccc1,calibration
6598,B-3619,CC(C)Cc1ccccc1,validation
6599,B-3620,CCc1ccccc1C,validation
6600,B-3621,Cc1ccc(cc1)c2ccc(C)cc2,test
6601,B-3622,CCc1ccc(C)cc1,test
6602,B-3623,Cc1cc(C)c(C)c(C)c1C,test
6603,B-3624,CCCCCCc1ccccc1,validation
6604,B-3625,CCCCCCCCc1ccccc1,test
6605,B-3626,[O-][N+](=O)c1c(Cl)c(Cl)c(Cl)c(Cl)c1Cl,calibration
6606,B-3631,[O-][N+](=O)c1cc(Cl)c(Cl)cc1Cl,validation
6607,B-3632,Cc1ccccc1Cl,validation
6608,B-3636,Brc1ccc(Br)cc1,test
6609,B-3637,Cc1ccc(Br)cc1,test
6610,B-3638,Clc1ccc(Br)cc1,test
6611,B-3641,Brc1cccc(Br)c1,calibration
6612,B-3642,Clc1cccc(Br)c1,test
6613,B-3646,[O-][N+](=O)c1c(Cl)c(Cl)cc(Cl)c1Cl,test
6614,B-3649,Fc1ccc(CCl)cc1,test
6615,B-3652,Fc1ccc(F)cc1,calibration
6616,B-3654,Brc1ccccc1Br,validation
6617,B-3655,Cc1cccc(Br)c1,calibration
6618,B-3658,Fc1cccc(Cl)c1,validation
6619,B-3659,Clc1ccc(Cl)c(Cl)c1Cl,test
6620,B-3661,[O-][N+](=O)c1cc(Cl)c(Cl)c(Cl)c1Cl,validation
6621,B-3662,Fc1cccc(Br)c1,test
6622,B-3663,[O-][N+](=O)c1ccc(Cl)c(Cl)c1Cl,test
6623,B-3664,[O-][N+](=O)c1c(Cl)cc(Cl)cc1Cl,validation
6624,B-3665,CN(C)C,validation
6625,B-3674,CCN(CC)c1ccccc1,calibration
6626,B-3677,CNc1ccccc1,calibration
6627,B-3683,N(c1ccccc1)c2ccccc2,test
6628,B-3684,COc1ccc(C=O)cc1,calibration
6629,B-3686,Nc1cc(Cl)cc(Cl)c1,calibration
6630,B-3688,Oc1c(Cl)c(Cl)c(Cl)c(Cl)c1Cl,test
6631,B-3690,CCc1ccccc1O,calibration
6632,B-3691,COc1ccccc1O,test
6633,B-3693,COc1cccc(OC)c1O,validation
6634,B-3694,Oc1ccc(cc1)c2ccccc2,calibration
6635,B-3699,Oc1cc(Cl)c(Cl)cc1Cl,validation
6636,B-3701,Cc1ccc(O)c(C)c1,test
6637,B-3702,Oc1ccc(Br)cc1,test
6638,B-3711,COc1ccc(O)cc1,validation
6639,B-3712,Cc1cc(C)c(O)c(C)c1,validation
6640,B-3713,Oc1cccc(Cl)c1Cl,validation
6641,B-3716,Oc1cccc(Br)c1,test
6642,B-3717,Oc1cc(Cl)cc(Cl)c1,test
6643,B-3718,Oc1ccc(Br)cc1Br,calibration
6644,B-3721,OC(=O)C(O)(c1ccccc1)c2ccccc2,test
6645,B-3722,CC12[C@@H](O)C=C[C@@]3(OC1=O)[C@@H]4CC[C@]5(O)C[C@]4(CC5=C)[C@H]([C@H]23)C(O)=O,test
6646,B-3723,OC(=O)CCl,validation
6647,B-3724,CC(C)C(O)=O,test
6648,B-3726,CCC(Br)C(O)=O,calibration
6649,B-3727,OC(=O)Cc1cccc2ccccc12,test
6650,B-3728,OC(=O)Cc1c[nH]c2ccccc12,calibration
6651,B-3729,CCC(CC)C(O)=O,validation
6652,B-3731,Cc1cc(Cl)ccc1OCC(O)=O,validation
6653,B-3737,OC(=O)CCCCCC(O)=O,test
6654,B-3739,CCCCCCCCCCC(O)=O,test
6655,B-3742,OC(=O)COc1ccccc1,calibration
6656,B-3743,OC(=O)COc1ccc(Cl)cc1,test
6657,B-3745,OC(=O)\C=C\c1ccccc1,test
6658,B-3747,CCCCC(CC)C(O)=O,test
6659,B-3750,CCCCCCCCCCCCCC(O)=O,test
6660,B-3751,OC(=O)COc1ccc(Cl)c(Cl)c1,calibration
6661,B-3752,OC(=O)COc1ccccc1Cl,test
6662,B-3754,COc1ccc(\C=C\C(O)=O)cc1,validation
6663,B-3757,OC(=O)c1cc(Cl)cc(Cl)c1,validation
6664,B-3758,OC(=O)c1ccc(Cl)c(Cl)c1,calibration
6665,B-3762,OC(=O)c1cccc2ccccc12,test
6666,B-3763,OC(=O)c1cscc1,test
6667,B-3764,OC(=O)c1occc1,validation
6668,B-3765,OC(=O)c1ccccc1I,calibration
6669,B-3766,OC(=O)c1ccc2ccccc2c1,calibration
6670,B-3768,Cc1cccc(c1)C(O)=O,calibration
6671,B-3771,COc1ccc(cc1)C(O)=O,validation
6672,B-3772,Cc1ccccc1C(O)=O,test
6673,B-3776,OC(=O)c1cccc(F)c1,calibration
6674,B-3777,OC(=O)c1ccc(F)cc1,calibration
6675,B-3778,OC(=O)c1cccc(Cl)c1,test
6676,B-3779,CC(C)c1ccc(cc1)C(O)=O,validation
6677,B-3782,OC(=O)c1cccc(Br)c1,validation
6678,B-3783,OC(=O)c1ccc(Br)cc1,test
6679,B-3784,OC(=O)c1cccc(I)c1,test
6680,B-3785,OC(=O)c1ccc(I)cc1,calibration
6681,B-3789,CC(C)(C)CO,calibration
6682,B-3792,CCC(C)O,test
6683,B-3793,OC(c1ccccc1)c2ccccc2,validation
6684,B-3794,OCc1ccccc1,test
6685,B-3795,OC1CCCCC1,test
6686,B-3797,CCCCCCCO,validation
6687,B-3801,OCCCc1ccccc1,calibration
6688,B-3804,CCCCCCC(C)O,test
6689,B-3808,CCCCCC(C)O,test
6690,B-3809,CCC(O)CC,validation
6691,B-3810,Cc1ccc(CO)cc1,validation
6692,B-3811,CCCC(O)CCC,test
6693,B-3812,CCCCC(O)CC,validation
6694,B-3813,CC1CCC(O)CC1,test
6695,B-3815,CCCC(O)CC,validation
6696,B-3816,CCCCC(C)O,validation
6697,B-3818,OCc1c(Cl)cccc1Cl,test
6698,B-3824,CBr,calibration
6699,B-3828,CCBr,validation
6700,B-3831,CCI,test
6701,B-3833,ICI,validation
6702,B-3834,CC(C)Cl,test
6703,B-3835,CC(Cl)Cl,validation
6704,B-3837,FC(Cl)Cl,test
6705,B-3839,FC(F)F,test
6706,B-3840,FC(Cl)(Cl)Cl,calibration
6707,B-3841,ClC(Cl)C(Cl)(Cl)Cl,validation
6708,B-3842,FC(F)(Cl)C(F)(Cl)Cl,test
6709,B-3845,ClC(Cl)C(Cl)Cl,validation
6710,B-3849,BrC1CCCCC1,test
6711,B-3853,CCCCCBr,validation
6712,B-3854,CCCCCCBr,calibration
6713,B-3855,ClCCCCl,validation
6714,B-3860,CCCCCCCBr,validation
6715,B-3861,CCCCCCCCl,test
6716,B-3862,CCCCCCCI,test
6717,B-3865,O=Cc1occc1,test
6718,B-3870,O=Cc1ccc2OCOc2c1,validation
6719,B-3873,[O-][N+](=O)c1ccccc1C=O,test
6720,B-3874,[O-][N+](=O)c1ccc(C=O)cc1,calibration
6721,B-3885,CCOC(=O)C(C)=C,validation
6722,B-3886,CC(C)COC(=O)C(C)=C,calibration
6723,B-3890,CCOC(=O)NC,test
6724,B-3901,CCOC(=O)CCC(=O)OCC,test
6725,B-3906,CCCCOC(=O)c1ccccc1,validation
6726,B-3907,CC(=O)OCc1ccccc1,calibration
6727,B-3911,CCOC(=O)CC(C)=O,calibration
6728,B-3912,CCC(=O)OC,calibration
6729,B-3914,CC(C)OC(=O)c1ccccc1C(=O)OC(C)C,validation
6730,B-3916,CC(=O)OCCBr,test
6731,B-3921,CCC(=O)CC,calibration
6732,B-3927,CC(C)CCC(C)=O,calibration
6733,B-3931,CC(C)C(C)=O,validation
6734,B-3933,CCCCCCCCC(C)=O,test
6735,B-3938,CC(C)(O)C(Cl)(Cl)Cl,calibration
6736,B-3939,OCC(Cl)(Cl)Cl,calibration
6737,B-3940,N#Cc1ccccc1,test
6738,B-3941,CCC#N,test
6739,B-3942,C=CC#N,validation
6740,B-3943,CCCC#N,calibration
6741,B-3946,Clc1cccc(Cl)c1C#N,validation
6742,B-3950,CCCCCCC=C,calibration
6743,B-3952,CCCCCCCC=C,test
6744,B-3953,C1C=CC=CC=C1,validation
6745,B-3954,C\C=C/C,test
6746,B-3955,C=CCC=C,validation
6747,B-3956,CCCCC=C,validation
6748,B-3957,C=CCCC=C,test
6749,B-3958,CCCCCC=C,calibration
6750,B-3960,C1C=CCC=C1,validation
6751,B-3961,Cc1c[nH]c2ccccc12,test
6752,B-3963,[nH]1nc2ccccc2n1,validation
6753,B-3964,s1ccc2ccccc12,test
6754,B-3966,[nH]1cccc1,test
6755,B-3971,[nH]1ncc2ccccc12,calibration
6756,B-3972,o1cnc2ccccc12,calibration
6757,B-3973,C1Cc2ccccc2C1,test
6758,B-3974,Cc1occc1,test
6759,B-3975,COCc1oc(cc1)[N+]([O-])=O,test
6760,B-3976,Cc1[nH]c2ccccc2n1,calibration
6761,B-3977,CSc1sc2ccccc2n1,validation
6762,B-3978,Cc1cscc1,test
6763,B-3979,CCc1sccc1,test
6764,B-3981,S=C1NCCN1,validation
6765,B-3983,FC(F)=C,calibration
6766,B-3984,ClC1=C(Cl)C(Cl)(Cl)C(=C1Cl)Cl,test
6767,B-3986,ClC(Cl)=C(Cl)C(Cl)=C(Cl)Cl,test
6768,B-3987,BrCC=C,test
6769,B-3992,BrCCC=C,validation
6770,B-3995,Cc1cccc2ccccc12,test
6771,B-3996,Clc1cccc2ccccc12,validation
6772,B-3999,Cc1ccc2ccccc2c1,test
6773,B-4000,Clc1ccc2ccccc2c1,calibration
6774,B-4001,Nc1cccc2ccccc12,test
6775,B-4002,Oc1ccc2ccccc2c1,test
6776,B-4003,S=C=Nc1cccc2ccccc12,test
6777,B-4004,Cc1ccc(C)c2ccccc12,test
6778,B-4006,Cc1cc(C)c2ccccc2c1,calibration
6779,B-4008,Cc1ccc2cc(C)ccc2c1,validation
6780,B-4010,Cc1ccc2cc(C)c(C)cc2c1,calibration
6781,B-4011,CCc1ccc2ccccc2c1,test
6782,B-4012,CCc1cccc2ccccc12,test
6783,B-4014,OCc1cccc2ccccc12,test
6784,B-4016,O1c2ccccc2Oc3ccccc13,validation
6785,B-4017,Clc1cccc2Oc3ccccc3Oc12,calibration
6786,B-4018,Clc1ccc2Oc3ccccc3Oc2c1,test
6787,B-4019,Cc1ccccc1[N+]([O-])=O,validation
6788,B-4020,COc1ccccc1[N+]([O-])=O,test
6789,B-4023,[O-][N+](=O)c1cc(cc(c1)[N+]([O-])=O)[N+]([O-])=O,test
6790,B-4024,[O-][N+](=O)c1cccc(c1)[N+]([O-])=O,calibration
6791,B-4026,COc1ccc(cc1)[N+]([O-])=O,test
6792,B-4027,[O-][N+](=O)c1ccc(cc1)[N+]([O-])=O,test
6793,B-4028,Cc1c(cc(cc1[N+]([O-])=O)[N+]([O-])=O)[N+]([O-])=O,test
6794,B-4030,[O-][N+](=O)c1ccccc1[N+]([O-])=O,validation
6795,B-4031,COc1cccc(c1)[N+]([O-])=O,test
6796,B-4032,Cc1c(cccc1[N+]([O-])=O)[N+]([O-])=O,calibration
6797,B-4033,Cc1ccc(c(c1)[N+]([O-])=O)[N+]([O-])=O,test
6798,B-4034,CCOC(N)=O,calibration
6799,B-4035,NC(=O)C=C,validation
6800,B-4037,CCCC(N)=O,test
6801,B-4041,OC(CO[N+]([O-])=O)CO[N+]([O-])=O,test
6802,B-4042,CCCC[N+]([O-])=O,test
6803,B-4043,CCCCC[N+]([O-])=O,validation
6804,B-4044,[O-][N+](=O)OCCO[N+]([O-])=O,validation
6805,B-4045,CCCC#C,test
6806,B-4046,CCOCC,validation
6807,B-4048,CCCOCCC,test
6808,B-4050,CCCCCCOCCO,test
6809,B-4051,CCCCOCCOCCCC,test
6810,B-4054,C1CCOCC1,test
6811,B-4055,CCCCOCCCC,test
6812,B-4058,FC(F)OC(F)(F)C(F)Cl,calibration
6813,B-4059,FC(F)OC(Cl)C(F)(F)F,calibration
6814,B-4060,CCN(CC)N=O,test
6815,B-4061,O=NN(c1ccccc1)c2ccccc2,test
6816,B-4063,Oc1c(ccc2ccccc12)N=O,calibration
6817,B-4064,CC(C)N(N=O)C(C)C,calibration
6818,B-4065,CCCN(CCC)N=O,calibration
6819,B-4066,CCCCN(CCCC)N=O,test
6820,B-4067,CCCCN(CC)N=O,test
6821,B-4068,CCCCN(C)N=O,test
6822,B-4069,CCN(C)N=O,test
6823,B-4071,Brc1ccc(cc1)c2ccccc2,calibration
6824,B-4072,Cc1ccc(cc1)c2ccccc2,test
6825,B-4073,Clc1cccc(c1)c2cccc(Cl)c2,test
6826,B-4074,Clc1ccc(cc1)c2ccc(Cl)cc2,validation
6827,B-4076,Clc1ccccc1c2ccccc2,validation
6828,B-4081,Clc1ccc(cc1Cl)c2ccccc2,test
6829,B-4083,Clc1ccccc1c2ccccc2Cl,calibration
6830,B-4085,Clc1cccc(Cl)c1c2c(Cl)cccc2Cl,calibration
6831,B-4086,Clc1cccc(c2ccccc2)c1Cl,calibration
6832,B-4088,Clc1c(Cl)c(Cl)c(c2ccccc2)c(Cl)c1Cl,test
6833,B-4089,Clc1cccc(c1)c2ccccc2Cl,calibration
6834,B-4090,Clc1ccc(cc1Cl)c2cc(Cl)c(Cl)cc2Cl,calibration
6835,B-4091,Clc1ccc(c(Cl)c1)c2ccc(Cl)c(Cl)c2,test
6836,B-4092,Clc1ccc(Cl)c(c1)c2ccc(Cl)c(Cl)c2,test
6837,B-4093,Clc1ccc(cc1)c2cc(Cl)c(Cl)cc2Cl,test
6838,B-4094,Clc1ccc(cc1)c2ccc(Cl)c(Cl)c2Cl,calibration
6839,B-4096,Clc1ccc(c(Cl)c1)c2ccccc2,calibration
6840,B-4099,Clc1ccc(Cl)c(c1)c2ccccc2,test
6841,B-4100,Clc1ccc(cc1)c2ccccc2Cl,calibration
6842,B-4102,Clc1ccc(c(Cl)c1Cl)c2cc(Cl)c(Cl)cc2Cl,test
6843,B-4106,Brc1ccc(c(Br)c1Br)c2ccc(Br)c(Br)c2Br,validation
6844,B-4108,Clc1ccc(c(Cl)c1)c2ccccc2Cl,validation
6845,B-4109,Clc1ccc(Cl)c(c1)c2cc(Cl)c(Cl)cc2Cl,test
6846,B-4110,Clc1ccc(Cl)c(c1)c2c(Cl)ccc(Cl)c2Cl,test
6847,B-4111,Clc1ccc(c(Cl)c1)c2cc(Cl)c(Cl)cc2Cl,calibration
6848,B-4113,Clc1ccc(cc1Cl)c2c(Cl)ccc(Cl)c2Cl,test
6849,B-4115,Clc1ccc(Cl)c(c1Cl)c2c(Cl)ccc(Cl)c2Cl,validation
6850,B-4116,Clc1ccccc1c2c(Cl)cccc2Cl,calibration
6851,B-4117,Clc1ccc(cc1)c2c(Cl)cccc2Cl,validation
6852,B-4118,Clc1cccc(c1Cl)c2ccccc2Cl,test
6853,B-4119,Clc1cccc(c1)c2cc(Cl)ccc2Cl,calibration
6854,B-4121,Clc1ccc(cc1Cl)c2ccccc2Cl,calibration
6855,B-4122,Clc1ccc(cc1)c2ccc(Cl)c(Cl)c2,test
6856,B-4123,Clc1cccc(c1Cl)c2cccc(Cl)c2Cl,validation
6857,B-4124,Clc1ccc(Cl)c(c1)c2cccc(Cl)c2Cl,validation
6858,B-4127,Clc1ccc(c(Cl)c1Cl)c2ccccc2Cl,test
6859,B-4128,Clc1ccc(Cl)c(c1)c2cc(Cl)cc(Cl)c2Cl,calibration
6860,B-4129,Clc1cc(Cl)c(Cl)c(c1)c2c(Cl)ccc(Cl)c2Cl,validation
6861,B-4130,Clc1cccc(c1Cl)c2cc(Cl)c(Cl)c(Cl)c2Cl,calibration
6862,B-4131,NC(=O)c1ccccc1,calibration
6863,B-4132,CC1=CC(=O)c2ccccc2C1=O,test
6864,B-4136,ClCc1ccccc1,calibration
6865,B-4138,CSc1ccccc1,test
6866,B-4140,O=CNc1ccccc1,calibration
6867,B-4141,S=C=Nc1ccccc1,test
6868,B-4144,CC(=O)Nc1ccccc1Cl,test
6869,B-4145,CC(=O)Nc1cccc(C)c1,test
6870,B-4146,CC(=O)Nc1ccccc1[N+]([O-])=O,calibration
6871,B-4147,S=C=NCc1ccccc1,validation
6872,B-4148,Oc1ccc2CCCCc2c1,test
6873,B-4149,NC(=O)c1c(Cl)cccc1Cl,calibration
6874,B-4150,Cc1cccc(Oc2ccc(cc2)[N+]([O-])=O)c1,validation
6875,B-4151,CCNCNC(=O)c1ccccc1,calibration
6876,B-4152,CNCC(C)c1ccccc1,test
6877,B-4153,O=NN1CCCCC1,test
6878,B-4154,c1ccc(cc1)N=Nc2ccccc2,calibration
6879,B-4155,COC(=O)[C@H]1[C@H](CC2CCC1N2C)OC(=O)c3ccccc3,test
6880,B-4156,CN(C)CCCN1c2ccccc2CCc3ccccc13,test
6881,B-4164,CO[P](=O)(OC)OC,calibration
6882,B-4165,CC(C)O[P](C)(=O)OC(C)C,test
6883,B-4167,NC(=O)NCc1ccccc1,validation
6884,B-4170,N[S](=O)(=O)c1ccccc1,test
6885,B-4171,Cc1cccc(c1)[S](N)(=O)=O,calibration
6886,B-4172,ClCCN(CCCl)[P]1(=O)NCCCO1,validation
6887,B-4173,Clc1ccc(cc1)C(c2ccc(Cl)cc2)C(Cl)(Cl)Cl,test
6888,B-4174,CO[P](=S)(OC)Oc1ccc(SC)c(C)c1,validation
6889,B-4176,CNC(=O)CS[P](=S)(OC)OC,test
6890,B-4179,Clc1ccc(cc1)C(=C(Cl)Cl)c2ccc(Cl)cc2,test
6891,B-4184,OC(=O)COc1ccc(Cl)cc1Cl,test
6892,B-4186,CCO[P](=S)(OCC)Oc1ccc(Cl)cc1Cl,test
6893,B-4187,CC(C)OC(=O)Nc1cccc(Cl)c1,test
6894,B-4188,CN(C)C(=O)Nc1ccccc1,calibration
6895,B-4189,CC(CCl)OC(C)CCl,validation
6896,B-4190,OC(c1ccc(Cl)cc1)(c2ccc(Cl)cc2)C(Cl)(Cl)Cl,validation
6897,B-4192,CC(Oc1ccc(Cl)cc1Cl)C(O)=O,calibration
6898,B-4193,CCOC(=O)CC(S[P](=S)(OC)OC)C(=O)OCC,calibration
6899,B-4195,CC(C)OC(=O)Nc1ccccc1,validation
6900,B-4198,CCO[P](=S)(OCC)SCSCC,test
6901,B-4199,CCO[P](=S)(OCC)SCCSCC,calibration
6902,B-4200,CO[P](=S)(OC)Oc1cc(Cl)c(Cl)cc1Cl,calibration
6903,B-4201,CO[P](=S)(NC(C)C)Oc1ccc(Cl)cc1Cl,validation
6904,B-4202,CN[P](=O)(OC)Oc1ccc(cc1Cl)C(C)(C)C,test
6905,B-4203,CO[P](=O)(OC)OC(Br)C(Cl)(Cl)Br,test
6906,B-4204,CCO[P](=O)(OCC)Oc1ccc(cc1)[N+]([O-])=O,test
6907,B-4205,CCO[P](=S)(CC)Oc1cc(Cl)c(Cl)cc1Cl,test
6908,B-4206,CN(C)C(=O)Nc1ccc(Cl)c(Cl)c1,test
6909,B-4207,CON(C)C(=O)Nc1ccc(Cl)c(Cl)c1,validation
6910,B-4208,CCO[P](=O)(OCC)OC(=C\Cl)/c1ccc(Cl)cc1Cl,test
6911,B-4209,CO[P](=S)(OC)Oc1ccc(c(Cl)c1)[N+]([O-])=O,test
6912,B-4210,CCCCN(C)C(=O)Nc1ccc(Cl)c(Cl)c1,calibration
6913,B-4211,CCCCOC(N)=O,calibration
6914,B-4212,COC(N)=O,calibration
6915,B-4213,CCCOC(N)=O,test
6916,B-4214,CCC(=O)Nc1ccc(Cl)c(Cl)c1,test
6917,B-4217,CO[P](=S)(OC)SCSc1ccc(Cl)cc1,validation
6918,B-4219,CNC(=O)Oc1cccc(C)c1,test
6919,B-4221,Clc1c(Cl)c(C#N)c(Cl)c(C#N)c1Cl,test
6920,B-4222,CCO[P](=S)(Oc1ccc(cc1)[N+]([O-])=O)c2ccccc2,test
6921,B-4223,CO[P](=S)(OC)Oc1cc(Cl)c(Br)cc1Cl,validation
6922,B-4224,CN(C)C(=O)Nc1cccc(c1)C(F)(F)F,test
6923,B-4225,CCSC(=O)N1CCCCCC1,test
6924,B-4226,CCCC(C)C(=O)Nc1ccc(C)c(Cl)c1,calibration
6925,B-4229,CNC(=O)Oc1cc(C)cc(c1)C(C)C,test
6926,B-4230,CNC(=O)Oc1ccccc1C(C)C,test
6927,B-4231,CO[P](=S)(OC)Oc1ccc(cc1)C#N,calibration
6928,B-4232,CNC(=O)Oc1cc(C)cc(C)c1,validation
6929,B-4233,CON(C)C(=O)Nc1ccc(Br)cc1,test
6930,B-4235,CO[P](=S)(OC)Oc1ccc(Sc2ccc(O[P](=S)(OC)OC)cc2)cc1,test
6931,B-4236,CC(C#C)N(C)C(=O)Nc1ccc(Cl)cc1,validation
6932,B-4238,CO[P]1(=S)OCc2ccccc2O1,test
6933,B-4239,CCO[P](=S)(OCC)Oc1cc(Cl)c(Br)cc1Cl,test
6934,B-4240,CCCC(C)(C)C(=O)Nc1ccc(Cl)cc1,calibration
6935,B-4241,CCCO[P](=O)(OCCC)Oc1ccc(SC)cc1,test
6936,B-4242,CCO[P](=S)(Oc1ccc(cc1)C#N)c2ccccc2,calibration
6937,B-4243,CCO[P](=S)(OCC)SCSC(C)(C)C,calibration
6938,B-4244,CON(C)C(=O)Nc1ccc(Br)c(Cl)c1,validation
6939,B-4245,CN(C)C(=O)Nc1ccc(C)c(Cl)c1,calibration
6940,B-4246,CCO[P](=O)(Sc1ccccc1)Sc2ccccc2,calibration
6941,B-4247,CO[P](=S)(OC)Oc1cc(Cl)c(I)cc1Cl,validation
6942,B-4249,CO[P](=S)(Oc1cc(Cl)c(Br)cc1Cl)c2ccccc2,test
6943,B-4250,CCO[P](=O)(NC(C)C)Oc1ccc(SC)c(C)c1,test
6944,B-4251,CCCO[P](=S)(OCCC)SCC(=O)N1CCCCC1C,calibration
6945,B-4252,CCO[P](=S)(NC(C)C)Oc1ccccc1C(=O)OC(C)C,test
6946,B-4253,CC(C)O[P](=O)(OC(C)C)SCc1ccccc1,validation
6947,B-4254,CCN(CC)C(=O)SCc1ccc(Cl)cc1,calibration
6948,B-4258,CC(C)C(C(=O)OC(C#N)c1cccc(Oc2ccccc2)c1)c3ccc(Cl)cc3,validation
6949,B-4260,CCCN,test
6950,B-4262,CC=O,validation
6951,B-4265,CN(C)N=O,test
6952,B-4268,[O-][n+]1ccccc1,calibration
6953,B-4269,CSSC,validation
6954,B-4271,Cc1cccnc1C,test
6955,B-4272,Cc1ccnc(C)c1,test
6956,B-4273,Cc1ccc(C)nc1,validation
6957,B-4274,Cc1ccncc1C,test
6958,B-4275,Cc1cncc(C)c1,validation
6959,B-4276,C=Cc1ccccn1,test
6960,B-4277,C=Cc1ccncc1,validation
6961,B-4278,c1ccc(nc1)c2ccccn2,validation
6962,B-4279,c1cc(ccn1)c2ccncc2,test
6963,B-4280,c1cnc2c(c1)ccc3ncccc23,test
6964,B-4281,c1ccc2nc3ccccc3cc2c1,validation
6965,B-4282,c1ccc2c(c1)ccc3ncccc23,validation
6966,B-4284,c1ccc2cnccc2c1,test
6967,B-4285,c1ccc2nc(ccc2c1)c3ccc4ccccc4n3,calibration
6968,B-4286,c1ccc2cnncc2c1,test
6969,B-4287,CCO[P](=S)(OCC)Oc1cc(C)nc(n1)C(C)C,test
6970,B-4289,Oc1ccc(Cl)cc1Cc2cc(Cl)ccc2O,test
6971,B-4292,CCCCCCc1ccc(O)cc1O,calibration
6972,B-4294,CC\C(c1ccc(O)cc1)=C(\CC)c2ccc(O)cc2,test
6973,B-4298,Nc1ccc(cc1Cl)c2ccc(N)c(Cl)c2,test
6974,B-4301,Nc1ccc(N)cc1,calibration
6975,B-4303,COc1cc(ccc1N)c2ccc(N)c(OC)c2,calibration
6976,B-4304,Cc1ccc(cc1)[S](C)(=O)=O,test
6977,B-4307,CCN(CC)C=O,validation
6978,B-4308,CCOC(=O)[C@H](Cc1c[nH]c2ccccc12)N(C)C=O,test
6979,B-4309,C=C[S](=O)(=O)Nc1ccccc1,test
6980,B-4310,Cc1ccc(NO)cc1,validation
6981,B-4311,ONc1ccccc1,validation
6982,B-4312,CCO[P](=S)(OCC)SCC[S](=O)CC,test
6983,B-4313,CCO[P](=O)(OCC)SC[S](=O)CC,validation
6984,B-4314,CC[S](=O)CCS[P](=S)(OC)OC,validation
6985,B-4315,ClCC[S](=O)CCCl,test
6986,B-4316,CC[S](=O)CS[P](=S)(OC(C)C)OC(C)C,validation
6987,B-4317,CCO[P](=S)(OCC)SC[S](=O)(=O)C(C)(C)C,validation
6988,B-4318,CC[S](=O)(=O)CC,calibration
6989,B-4319,CC[S](=O)(=O)CI,validation
6990,B-4320,CCO[S](=O)(=O)c1ccccc1,calibration
6991,B-4321,CO[S](=O)(=O)c1ccccc1,calibration
6992,B-4322,Cn1nc(C)c(C(=O)c2ccc(Cl)cc2Cl)c1O[S](=O)(=O)c3ccc(C)cc3,validation
6993,B-4323,Nc1ccc(cc1)[S](=O)(=O)c2ccc(Cl)cc2,calibration
6994,B-4324,Nc1ccc(N)c(c1)[S](=O)(=O)c2ccccc2C(O)=O,validation
6995,B-4326,CC(=O)Nc1ccc(cc1)[S](=O)(=O)c2ccc(N)cc2,test
6996,B-4327,CCC(CC)COC(=O)N[S](N)(=O)=O,test
6997,B-4328,CCCCOC(=O)N[S](N)(=O)=O,validation
6998,B-4329,CCCCC(CC)COC(=O)N[S](N)(=O)=O,validation
6999,B-4330,CC(C)N1C(=O)c2ccccc2N[S]1(=O)=O,test
7000,B-4331,OC(=O)C(=O)c1ccc2OCOc2c1,test
7001,B-4332,O=C1C(=O)c2ccccc2c3ccccc13,calibration
7002,B-4333,OC(=O)C(=O)c1c(cccc1C(O)=O)C(O)=O,validation
7003,B-4335,CN1N(C(=CC1=S)C)c2ccccc2,calibration
7004,B-4336,N[C@@H](CSC(/Cl)=C/Cl)C(O)=O,validation
7005,B-4337,CC(=O)CC1=NCCS1,test
7006,B-4338,C[Si](C)(C)CN,calibration
7007,B-4339,C[Si](C)(C)CCN,validation
7008,B-4341,CC[Si](CC)(CC)CC,validation
7009,B-4342,Cc1ccc(c(C)c1)[P](O)(O)=O,calibration
7010,B-4345,O[P](O)(=O)c1cccc2ccccc12,validation
7011,B-4346,[Cl-].[Cl-].C[n+]1ccc(cc1)c2cc[n+](C)cc2,calibration
7012,B-4347,[Br-].[Br-].C1C[n+]2ccccc2c3cccc[n+]13,test
7013,B-4348,CCCCOC(=O)N(C)SN(C)C(=O)Oc1cccc2CC(C)(C)Oc12,test
7014,B-4349,CCOC(=O)CCN(SN(C)C(=O)Oc1cccc2CC(C)(C)Oc12)C(C)C,validation
7015,B-4350,CCCCN(CCCC)SN(C)C(=O)Oc1cccc2CC(C)(C)Oc12,test
7016,B-4351,CC(=O)O[Hg]c1ccccc1,calibration
7017,B-4352,[Cl-].COCC[Hg+],test
7018,B-4353,[Hg++].CC([O-])=O.CC([O-])=O,validation
7019,B-4354,C=O,test
7020,B-4355,C#CC#C,calibration
7021,B-4357,O=C1CC=CS1,test
7022,B-4359,CO[S](=O)(=O)OC,test
7023,B-4360,CC(=O)C(=O)c1ccccc1,validation
7024,B-4361,CC(=O)C(C)=O,calibration
7025,B-4362,CCC(=O)C(C)=O,test
7026,B-4363,SC(=O)CCCCC(S)=O,validation
7027,B-4365,COC(=O)OC(C)C(=O)OC,test
7028,B-4367,CCO[P](=S)(OCC)O/N=C(C#N)/c1ccccc1Cl,test
7029,B-4368,NC(=S)c1c(Cl)cccc1Cl,calibration
7030,B-4369,CC(=O)CSC#N,validation
7031,B-4370,N#CSCC(CSC#N)SC#N,test
7032,B-4371,O[S](=O)(=O)c1c(Br)c(Br)c(Br)c(Br)c1Br,validation
7033,B-4372,[O-][S](=O)(=O)c1ccc2oc3ccccc3c2c1,test
7034,B-4375,O=C=O,test
7035,B-4377,COc1cccc(n1)N(C)C(=S)Oc2cccc(c2)C(C)(C)C,test
7036,B-4378,ClC1=C(Cl)C2(Cl)C3CO[S](=O)(=O)OCC3C1(Cl)C2(Cl)Cl,test
7037,B-4379,CC(C)(C)c1ccc(OC2CCCCC2O[S](=O)OCC#C)cc1,test
7038,B-4381,ClC1=C(Cl)C2(Cl)[C@H]3CO[S](=O)OC[C@H]3[C@]1(Cl)C2(Cl)Cl,calibration
7039,B-4382,O=[S]1OCCO1,test
7040,B-4383,CCO[P](=S)(OCC)O[P](=S)(OCC)OCC,calibration
7041,B-4384,OC(=S)c1cccnc1,calibration
7042,B-4386,CCOC(=S)SC(C)C(O)=O,validation
7043,B-4392,Brc1cc(Br)cc(Br)c1,calibration
7044,B-4395,Oc1c(Br)cc(Br)cc1Br,test
7045,B-4396,Nc1c(Cl)cc(Cl)cc1Cl,test
7046,B-4400,OCC(C(O)=O)c1ccccc1,test
7047,B-4401,OC(=O)c1ccccc1c2ccccc2C(O)=O,validation
7048,B-4402,OCc1ccccc1O,validation
7049,B-4405,FC(F)(F)Cl,test
7050,B-4406,CCCCCCCCBr,test
7051,B-4407,FC(F)(F)C(Cl)Br,test
7052,B-4410,CC(=O)OC[C@@H](OC(C)=O)[C@@H](OC(C)=O)[C@H](OC(C)=O)[C@@H](OC(C)=O)C=O,calibration
7053,B-4411,CC(=O)c1ccc(N)cc1,test
7054,B-4418,CN(C)c1nc(nc(n1)N(C)C)N(C)C,test
7055,B-4419,CC1=CC(=O)NO1,validation
7056,B-4420,NC(=S)Nc1cccc2ccccc12,test
7057,B-4421,NC(=S)Nc1ccccc1,test
7058,B-4423,Clc1cc2Oc3cc(Cl)c(Cl)cc3Oc2cc1Cl,test
7059,B-4424,Clc1c(Cl)c(Cl)c2Oc3c(Cl)c(Cl)c(Cl)c(Cl)c3Oc2c1Cl,validation
7060,B-4426,Clc1cc(Cl)c2Oc3cc(Cl)cc(Cl)c3Oc2c1,test
7061,B-4427,Clc1ccc2Oc3cc(Cl)ccc3Oc2c1,calibration
7062,B-4428,Clc1cc2Oc3c(Cl)c(Cl)c(Cl)c(Cl)c3Oc2cc1Cl,test
7063,B-4430,Clc1ccc2Oc3c(Cl)c(Cl)c(Cl)c(Cl)c3Oc2c1,calibration
7064,B-4431,Clc1cc2oc3cc(Cl)c(Cl)cc3c2cc1Cl,calibration
7065,B-4432,Clc1ccc2Oc3c(Cl)c(Cl)c(Cl)cc3Oc2c1,validation
7066,B-4435,Clc1cccc(c1Cl)c2c(Cl)ccc(Cl)c2Cl,test
7067,B-4439,Oc1ccccc1C(=O)Nc2ccccc2,validation
7068,B-4440,O=C(OOC(=O)c1ccccc1)c2ccccc2,validation
7069,B-4441,CC(=O)Nc1ccc(cc1)[S](N)(=O)=O,calibration
7070,B-4442,CCC1(C(=O)NCNC1=O)c2ccccc2,test
7071,B-4447,CN1CC(=O)N=C1N,test
7072,B-4448,C[C@H]1C[C@H](C)C(=O)[C@@H](C1)[C@H](O)CC2CC(=O)NC(=O)C2,test
7073,B-4449,[O-][N+](=O)C(Cl)(Cl)Cl,validation
7074,B-4450,CCC1(CCC(=O)NC1=O)c2ccccc2,calibration
7075,B-4451,[O-][N+](=O)O[C@H]1CO[C@@H]2[C@@H](CO[C@H]12)O[N+]([O-])=O,calibration
7076,B-4453,O=C1NNC(=O)C=C1,test
7077,B-4455,Cc1cc(N)nc(C)n1,test
7078,B-4456,CCCCC1C(=O)N(N(C1=O)c2ccccc2)c3ccccc3,test
7079,B-4457,CC(C)(S)[C@@H](N)C(O)=O,test
7080,B-4458,OC1(CCN(CCCC(=O)c2ccc(F)cc2)CC1)c3ccc(Cl)cc3,validation
7081,B-4459,OCC(NC(=O)C(Cl)Cl)C(O)c1ccc(cc1)[N+]([O-])=O,test
7082,B-4460,O=C1C[C@@H]2OCC=C3CN4CC[C@@]56[C@@H]4C[C@@H]3[C@@H]2[C@@H]5N1c7ccccc67,test
7083,B-4463,CN(C)C1=C(C)N(C)N(c2ccccc2)C1=O,validation
7084,B-4464,OCCN1CCN(CCCN2c3ccccc3Sc4ccc(Cl)cc24)CC1,calibration
7085,B-4465,CN(C)CCCN1c2ccccc2Sc3ccccc13,validation
7086,B-4469,CN1N(C(=O)C=C1C)c2ccccc2,test
7087,B-4470,CC(CN1c2ccccc2Sc3ccccc13)N(C)C,validation
7088,B-4471,[O-][N+](=O)c1sc(nc1)N2CCNC2=O,test
7089,B-4474,OCCN1CCN(CCCN2c3ccccc3Sc4ccc(cc24)C(F)(F)F)CC1,test
7090,B-4475,Nc1ncnc2n(ccc12)C3OC(CO)C(O)C3O,test
7091,B-4476,Nc1ccc(cc1)[S](=O)(=O)Nc2sccn2,test
7092,B-4477,CCCC(C)C1(CC=C)C(=O)NC(=S)NC1=O,test
7093,B-4480,Cn1cnc2N(C)C(=O)NC(=O)c12,test
7094,B-4481,O=C1NC(=O)c2ccccc12,test
7095,B-4486,CN1CCN(CCCN2c3ccccc3Sc4ccc(cc24)C(F)(F)F)CC1,test
7096,B-4487,COc1cc(N[S](=O)(=O)c2ccc(N)cc2)nc(OC)n1,test
7097,B-4488,COC1CC(=O)C[C@@H](C)[C@]12Oc3c(Cl)c(OC)cc(OC)c3C2=O,validation
7098,B-4489,CCCCC1C(=O)N(N(C1=O)c2ccc(O)cc2)c3ccccc3,test
7099,B-4492,Cc1sc(N[S](=O)(=O)c2ccc(N)cc2)nn1,test
7100,B-4493,OCC(O)C(O)CO,validation
7101,B-4494,CN[C@@H](C)[C@H](O)c1ccccc1,calibration
7102,B-4495,O=C1N=CN=C2NNC=C12,test
7103,B-4496,CCCCNC(=O)N[S](=O)(=O)c1ccc(N)cc1,test
7104,B-4497,COc1cc2N3C4[C@@H]5C(CC3=O)OCC=C6CN7CC[C@]4([C@@H]7C[C@H]56)c2cc1OC,test
7105,B-4501,Nc1ccc(cc1)[S](=O)(=O)Nc2ccnn2c3ccccc3,calibration
7106,B-4502,Oc1cc(O)c2C(=O)C[C@H](Oc2c1)c3ccc(O)c(O)c3,test
7107,B-4503,Cc1cnc(N[S](=O)(=O)c2ccc(N)cc2)nc1,validation
7108,B-4504,COc1cnc(N[S](=O)(=O)c2ccc(N)cc2)nc1,test
7109,B-4505,Cc1ccc(cc1)[S](=O)(=O)NC(=O)NC2CCCCC2,calibration
7110,B-4506,Cc1onc(N[S](=O)(=O)c2ccc(N)cc2)c1,test
7111,B-4507,COc1cc(Cc2cnc(N)nc2N)cc(OC)c1OC,validation
7112,B-4510,CC(=O)OCC(=O)[C@H]1CC[C@H]2[C@@H]3CCC4=CC(=O)CC[C@]4(C)[C@H]3CC[C@]12C,test
7113,B-4511,C[C@]12C[C@H](O)[C@@]3(F)[C@@H](CCC4=CC(=O)C=C[C@]34C)[C@@H]1C[C@@H](O)[C@]2(O)C(=O)CO,validation
7114,B-4512,CCCCC(=O)O[C@@]1([C@@H](C)C[C@H]2[C@@H]3CCC4=CC(=O)C=C[C@]4(C)[C@@]3(F)[C@@H](O)C[C@]12C)C(=O)CO,test
7115,B-4514,Nc1ccccc1O,validation
7116,B-4515,Nc1cc(cc(c1O)[N+]([O-])=O)[N+]([O-])=O,validation
7117,B-4516,Nc1cccc(c1)[N+]([O-])=O,calibration
7118,B-4517,Nc1ccc(cc1)[N+]([O-])=O,test
7119,B-4520,Oc1ccc(cc1[N+]([O-])=O)[N+]([O-])=O,calibration
7120,B-4522,Cc1ccc(O)c(c1)[N+]([O-])=O,validation
7121,B-4524,Oc1ccc(C=O)cc1,test
7122,B-4525,Oc1cc(ccc1[N+]([O-])=O)[N+]([O-])=O,calibration
7123,B-4526,Oc1cc(F)ccc1[N+]([O-])=O,test
7124,B-4527,Cc1cc(cc(c1O)[N+]([O-])=O)[N+]([O-])=O,calibration
7125,B-4528,Oc1c(cccc1[N+]([O-])=O)[N+]([O-])=O,calibration
7126,B-4529,Oc1cccc(O)c1[N+]([O-])=O,calibration
7127,B-4530,Oc1ccc(cc1[N+]([O-])=O)c2ccccc2,validation
7128,B-4531,CCC(C)c1ccc(O)c(c1)[N+]([O-])=O,test
7129,B-4532,Nc1ccc(C(O)=O)c(O)c1,test
7130,B-4534,Nc1cccc(c1)C(O)=O,test
7131,B-4536,OC(=O)c1ccc(O)c(O)c1,validation
7132,B-4539,COc1cc(ccc1O)C(O)=O,test
7133,B-4540,Nc1cc(Cl)cc(C(O)=O)c1Cl,calibration
7134,B-4541,Nc1ccc(cc1)C(O)=O,test
7135,B-4542,OC(=O)c1c(O)cccc1O,validation
7136,B-4548,CCCCOC(=O)c1ccc(O)cc1,calibration
7137,B-4550,COC(=O)c1ccccc1O,validation
7138,B-4552,Nc1ccc(c(O)c1)C(=O)Oc2ccccc2,calibration
7139,B-4553,COC(=O)c1ccc(N)cc1,validation
7140,B-4554,CCCCCOC(=O)c1ccc(N)cc1,calibration
7141,B-4555,CCCCCCCOC(=O)c1ccc(N)cc1,validation
7142,B-4556,CCCCCCCCOC(=O)c1ccc(N)cc1,test
7143,B-4558,CCOC(C)OCC,test
7144,B-4559,COCOC,validation
7145,B-4561,CC1OC(C)OC(C)O1,validation
7146,B-4562,CCOCOCC,calibration
7147,B-4563,C[C@@H]1C[C@H]2[C@@H]3CCC4=CC(=O)C=C[C@]4(C)[C@@]3(F)[C@@H](O)C[C@]2(C)[C@@]1(O)C(=O)CO,validation
7148,B-4564,CC(=O)OCC(=O)[C@@]1(O)CC[C@H]2[C@@H]3CCC4=CC(=O)CC[C@]4(C)[C@H]3[C@@H](O)C[C@]12C,validation
7149,B-4565,CC(=O)OCC(=O)[C@@]1(O)CC[C@H]2[C@@H]3CCC4=CC(=O)CC[C@]4(C)[C@H]3C(=O)C[C@]12C,calibration
7150,B-4566,C[C@]12C[C@H](O)[C@H]3[C@@H](CCC4=CC(=O)CC[C@]34C)[C@@H]1CC[C@@H]2C(=O)CO,validation
7151,B-4569,CC(=O)OCC(=O)[C@@]1(O)CC[C@H]2[C@@H]3CCC4=CC(=O)C=C[C@]4(C)[C@H]3[C@@H](O)C[C@]12C,validation
7152,B-4570,C[C@]12CCC(=O)C=C1CC[C@H]3[C@@H]4CC[C@](O)(C(=O)CO)[C@@]4(C)CC(=O)[C@H]23,calibration
7153,B-4571,CC(=O)[C@H]1CC[C@H]2[C@@H]3CCC4=CC(=O)CC[C@]4(C)[C@H]3CC[C@]12C,validation
7154,B-4572,C[C@]1(O)CC[C@H]2[C@@H]3CCC4=CC(=O)CC[C@]4(C)[C@H]3CC[C@]12C,calibration
7155,B-4573,C[C@]12CC[C@H]3[C@@H](CCC4=CC(=O)CC[C@]34C)[C@@H]1CC[C@@H]2O,calibration
7156,B-4574,C[C@]12CC[C@H]3[C@@H](CCC4=CC(=O)CC[C@]34C)[C@@H]1CCC2=O,validation
7157,B-4575,C[C@]12CC[C@H]3[C@@H](CCC4=CC(=O)CC[C@]34C)[C@@H]1CC[C@@H]2C(=O)CO,calibration
7158,B-4576,CC(=O)OCC(=O)[C@@]1(O)[C@@H](C[C@H]2[C@@H]3CCC4=CC(=O)C=C[C@]4(C)[C@@]3(F)[C@@H](O)C[C@]12C)OC(C)=O,test
7159,B-4577,CC(=O)[C@@]1(O)CC[C@H]2[C@@H]3CCC4=CC(=O)CC[C@]4(C)[C@H]3CC[C@]12C,calibration
7160,B-4578,C[C@]12C[C@H](O)[C@@]3(F)[C@@H](CCC4=CC(=O)CC[C@]34C)[C@@H]1CC[C@]2(O)C(=O)CO,test
7161,B-4580,C[C@H]1C[C@H]2[C@@H]3CC[C@](O)(C(C)=O)[C@@]3(C)C[C@H](O)[C@]2(F)[C@@]4(C)C=CC(=O)C=C14,calibration
7162,B-4581,C[C@@H]1C[C@H]2[C@@H]3CCC4=CC(=O)C=C[C@]4(C)[C@@]3(F)[C@@H](O)C[C@]2(C)[C@@]1(O)C(=O)COC(C)=O,validation
7163,B-4582,FC1=CNC(=O)NC1=O,test
7164,B-4583,CC1=CNC(=O)NC1=O,test
7165,B-4585,O=C1CNC(=O)N1,calibration
7166,B-4586,CN1C=CC(=O)NC1=O,calibration
7167,B-4590,CCC1(C(=O)NC(=O)NC1=O)C2=CCCCC2,test
7168,B-4591,C=CCC1(CC=C)C(=O)NC(=O)NC1=O,calibration
7169,B-4593,CCC1(CCC(C)C)C(=O)NC(=O)NC1=O,test
7170,B-4597,CC(C)C1(CC=C)C(=O)NC(=O)NC1=O,test
7171,B-4601,Oc1cccnc1,calibration
7172,B-4603,[O-]c1cccc2[nH+]cccc12,test
7173,B-4604,Oc1ccc2ncccc2c1,calibration
7174,B-4605,Clc1nc(Cl)nc(Nc2ccccc2Cl)n1,calibration
7175,B-4609,CCNc1nc(NC(C)(C)C)nc(SC)n1,test
7176,B-4613,CCNc1nc(Cl)nc(n1)N(CC)CC,validation
7177,B-4614,CC(C)Nc1nc(N)nc(Cl)n1,test
7178,B-4615,CSc1nc(NC(C)C)nc(NC(C)C)n1,test
7179,B-4616,CCNc1nc(Cl)nc(NC(C)(C)C#N)n1,calibration
7180,B-4617,CCNc1nc(NC(C)(C)C)nc(OC)n1,validation
7181,B-4618,Brc1ccccn1,calibration
7182,B-4620,NC1(CCCC1)C(O)=O,test
7183,B-4622,NC(Cc1ccccc1)C(O)=O,calibration
7184,B-4631,OC(=O)c1cccc(c1)C(O)=O,test
7185,B-4633,OC(=O)c1ccnc(c1)C(O)=O,validation
7186,B-4634,OC(=O)c1ccc(nc1)C(O)=O,test
7187,B-4635,OC(=O)c1cccc(n1)C(O)=O,test
7188,B-4636,OC(=O)c1ccncc1C(O)=O,test
7189,B-4637,OC(=O)c1cncc(c1)C(O)=O,test
7190,B-4638,OC(=O)c1cccnc1,test
7191,B-4640,CCCCCCCC[S](=O)(=O)N[S](=O)(=O)CCCCCCCC,calibration
7192,B-4641,NC(=O)CCl,calibration
7193,B-4642,NC(=O)CBr,test
7194,B-4643,CCC(Cl)(CC)C(N)=O,calibration
7195,B-4645,NC(=O)C(Cl)CCl,validation
7196,B-4646,CN(C(C)=O)c1ccccc1,validation
7197,B-4647,CC(C)N(C(=O)CCl)c1ccccc1,test
7198,B-4650,CCOCN(C(=O)CCl)c1c(C)cccc1CC,validation
7199,C-9,NCC(O)=O,validation
7200,C-18,CC1=CCC(CC1)C(C)(C)O,test
7201,C-20,CC(C)COC(N)=O,test
7202,C-21,CC(=C)C1CC=C(C)C(O)C1,test
7203,C-23,CC(C)(C)OC(N)=O,validation
7204,C-30,OCC1OC(O)C(O)C(O)C1O,calibration
7205,C-31,CCNC(=S)NCC,validation
7206,C-32,C\C=C\C=C\C(O)=O,calibration
7207,C-33,NC(CO)C(O)=O,test
7208,C-43,ClC(Cl)(Cl)C(Cl)(Cl)Cl,calibration
7209,C-45,OC(=O)CCCC(O)=O,validation
7210,C-48,OC(=O)CCC(O)=O,test
7211,C-49,CC(C)(S)C(N)C(O)=O,validation
7212,C-54,OC(=O)CCCCC(O)=O,test
7213,C-59,OC(CC(O)=O)C(O)=O,test
7214,C-63,OC1=CC=CC=C1,test
7215,C-65,NC(CCC(N)=O)C(O)=O,validation
7216,C-69,CCC1(CC)C(=O)NCC(C)C1=O,test
7217,C-72,NC(CCCNC(N)=N)C(O)=O,test
7218,C-74,CNC(=O)O\N=C(\C)SC,test
7219,C-75,[O-][N+](=O)OC1COC2C(COC12)O[N+]([O-])=O,test
7220,C-79,CC1(C)C(=O)NC(=O)NC1=O,test
7221,C-81,NC1=CC(=CC=C1)N,validation
7222,C-86,O=C1NC(=O)C2(CC2)C(=O)N1,test
7223,C-88,CCCCCCCCCCNC(=O)NC1CCCCC1,test
7224,C-91,CCC1=CC=C(O)C=C1,test
7225,C-94,CCC1(C)C(=O)NC(=O)NC1=O,validation
7226,C-104,O=C1NC(=O)C2(CCC2)C(=O)N1,test
7227,C-105,CC1=CC(=C(C)C=C1C)C,test
7228,C-107,ClC1=CC=C(Cl)C=C1,test
7229,C-109,CCC1(CC)C(=O)NC(=O)NC1=O,validation
7230,C-111,CC1(CC=C)C(=O)NC(=O)NC1=O,test
7231,C-112,OC1=CC=CC(=C1)C=O,calibration
7232,C-122,OC1=CC(=CC(=C1)O)O,calibration
7233,C-124,CCCC1(CC)C(=O)NC(=O)NC1=O,test
7234,C-128,CCC1(CC=C)C(=O)NC(=O)NC1=O,validation
7235,C-132,CCC1(CC)C(=O)NC(=O)N(C)C1=O,validation
7236,C-133,O=C1NC(=O)C2(CCCCC2)C(=O)N1,validation
7237,C-137,CC1=CC=C(C=C1)C(O)=O,calibration
7238,C-144,CC(C)=CCC1(C)C(=O)NC(=O)NC1=O,test
7239,C-145,NC(=O)OCC1=CC=CC=C1,test
7240,C-146,COC1=NN(CS[P](=S)(OC)OC)C(=O)S1,test
7241,C-150,NNC(=O)C1=CC=NC=C1,calibration
7242,C-151,CCC(C)C1(CC)C(=O)NC(=O)NC1=O,calibration
7243,C-152,OC(=O)C1=C(F)C=CC=C1,calibration
7244,C-154,CC(C)C1(C(C)C)C(=O)NC(=O)NC1=O,validation
7245,C-158,NC1=C(C=CC=C1)C(O)=O,test
7246,C-161,OC(=O)C1=CC(=CC=C1)O,validation
7247,C-163,CCCCCC1(CC)C(=O)NC(=O)NC1=O,validation
7248,C-169,CCNC(=O)NC(=O)C(=N/OC)/C#N,validation
7249,C-170,OC1=CC=C(C=C1)[N+]([O-])=O,test
7250,C-171,NC1=C(C=CC=C1)[N+]([O-])=O,test
7251,C-173,CC1=C(C)C(=C(C)C(=C1C)C)C,calibration
7252,C-175,OC1=CC(=CC=C1)[N+]([O-])=O,validation
7253,C-177,CCCCCOC(=O)CCCNC(=O)NC1CCCCC1,calibration
7254,C-178,CCC1(CC=C(C)C)C(=O)NC(=O)NC1=O,test
7255,C-179,CCCCCC(O)/C=C/C1C(O)CC(O)C1C\C=C\CCCC(O)=O,calibration
7256,C-183,O=C1NC(=S)NC(=O)C12CCCCC2,calibration
7257,C-188,CCCCCCC1(CC)C(=O)NC(=O)NC1=O,test
7258,C-191,O=C1NC(=O)C2(CCCCCCC2)C(=O)N1,validation
7259,C-192,CCCCCCCCCCNC(=O)N[C]12C[CH]3[CH2]C([CH2][CH](C3)C1)C2,test
7260,C-194,CC/C=C(C)/C1(CC)C(=O)NC(=O)NC1=O,test
7261,C-196,[NH]1C=CC2=C1C=CC=C2,test
7262,C-197,CCC(C)C1(CC=C)C(=O)NC(=O)NC1=O,test
7263,C-201,CC12CCC3C(CCC4CC(=O)CCC34C)C1CCC2O,test
7264,C-206,CC(=O)NC1=CC=CC(=C1)O,calibration
7265,C-207,CCCCCCCC1(CC)C(=O)NC(=O)NC1=O,test
7266,C-209,COC1=CC(=CC=C1)C(O)=O,calibration
7267,C-212,CC(=O)NC1=C(O)C=CC=C1,test
7268,C-217,COC1=CC=CC=C1C(O)=O,calibration
7269,C-218,CC(C)C1(CC=C(C)C)C(=O)NC(=O)NC1=O,test
7270,C-222,CC1=CC(=C(O)C=C1)C(O)=O,test
7271,C-225,CO[P](=O)(NC(C)=O)SC,test
7272,C-226,CCCCCCCCC1(CC)C(=O)NC(=O)NC1=O,calibration
7273,C-229,[O-][N+](=O)C1=CC=CC(=C1)C=O,test
7274,C-231,CCCC(C)C1(CC)C(=O)NC(=S)NC1=O,validation
7275,C-234,CCOC(=O)C1=CC=C(O)C=C1,validation
7276,C-236,CCC1C(=O)NC(=O)NC1=O,validation
7277,C-239,NC1=CC(=C(O)C=C1)C(O)=O,test
7278,C-242,S=C=NC1=CC=CC(=C1)C#N,validation
7279,C-244,COC(=O)C1=CC=C(OC)C=C1,test
7280,C-246,CCCCCCCCCC1(CC)C(=O)NC(=O)NC1=O,test
7281,C-247,COC(=O)CCCNC(=O)N[C]12C[CH]3[CH2]C([CH2][CH](C3)C1)C2,test
7282,C-251,OC(=O)C1=CC(=CC=C1O)O,validation
7283,C-254,CC(C)=CCC1(C(=O)NC(=O)NC1=O)C(C)(C)C,test
7284,C-256,CC(=O)NC1=CC=C(C=O)C=C1,test
7285,C-261,CCC1(C(=O)NC(=O)NC1=O)C2=CCCCCC2,calibration
7286,C-265,CCCOC(=O)C1=CC=C(O)C=C1,test
7287,C-266,O=C1NC(=O)C2(CCCCCCCCCC2)C(=O)N1,calibration
7288,C-267,CN(C)C1=CC=C(C=C1)N=C=S,validation
7289,C-273,CC12CCC3C(CCC4=CC(=O)CCC34)C1CCC2(O)C#C,test
7290,C-277,N#CC(=NNC1=CC=CC=C1)C#N,test
7291,C-281,CCCCCC(O)/C=C/C1C(O)CC(=O)C1CCCCCCC(O)=O,validation
7292,C-283,OC1=C(F)C(=C(F)C(=C1F)F)F,test
7293,C-286,OC(=O)C1=C(Br)C=CC=C1,test
7294,C-287,CN(C)C=NC1=C(C)C=C(Cl)C=C1,test
7295,C-290,O=C1NC(=O)C2(CCCCCCCCCCC2)C(=O)N1,test
7296,C-293,CCCCCC(O)/C=C/C1C(O)CC(=O)C1C\C=C\CCCC(O)=O,test
7297,C-300,ClC1=C(Cl)C2(Cl)C3C4CC(C=C4)C3C1(Cl)C2(Cl)Cl,test
7298,C-302,CC12CCC3C(CCC4=CC(=O)CCC34C)C1CCC2=O,calibration
7299,C-303,CCC1=C(CCCC1)C2(CC)C(=O)NC(=O)NC2=O,validation
7300,C-304,CCC12CCC3C(CCC4=CC(=O)CCC34)C1CCC2(O)C#C,test
7301,C-307,C1=NC2=C(N=C1)N=CN=C2,test
7302,C-308,CC(C)=CC1C(C(=O)OCN2C(=O)C3=C(CCCC3)C2=O)C1(C)C,test
7303,C-310,OC(=O)CNC(=O)C1=CC=CC=C1,test
7304,C-314,CN(C)C(=O)NC1=CC=C(Cl)C=C1,test
7305,C-319,OC(=O)C1=C(C=CC=C1)[N+]([O-])=O,test
7306,C-322,OC(=O)C1=CC=C(C=C1)N=C=S,test
7307,C-327,NCC(CC(O)=O)C1=CC=C(Cl)C=C1,calibration
7308,C-328,OC(=O)C1=CC(=CC=C1)N=C=S,validation
7309,C-329,CCNC1=NC(=NC(=N1)Cl)NCC,calibration
7310,C-331,CCC(C)C1(CC(Br)=C)C(=O)NC(=O)NC1=O,test
7311,C-334,CCCCCOC(=O)CCCNC(=O)N[C]12C[CH]3[CH2]C([CH2][CH](C3)C1)C2,test
7312,C-343,OCC(O)C1OC(=O)C(=C1O)O,test
7313,C-359,OC(=O)C1=C(O)C=CC(=C1)Br,validation
7314,C-376,C1=CC=C(C=C1)C2=CC=CC=C2,calibration
7315,C-382,CC(CCC(O)=O)C1CCC2C3C(O)CC4CC(O)CCC4(C)C3CCC12C,test
7316,C-384,IC1=CC=C(C=C1)N=C=S,validation
7317,C-389,CC(=O)C1CCC2C3CCC4=CC(=O)CCC4(C)C3CCC12C,calibration
7318,C-393,NC(=O)N/N=C/C1=CC=C(O1)[N+]([O-])=O,test
7319,C-401,CC(C)NC1=NC(=NC(=N1)Cl)NC(C)C,test
7320,C-406,ClC(Cl)(Cl)C(NC=O)N1CCN(CC1)C(NC=O)C(Cl)(Cl)Cl,validation
7321,C-412,CON(C)C(=O)NC1=CC=C(Cl)C=C1,calibration
7322,C-415,OC(=O)C1=CC=C(Cl)C(=C1)[N+]([O-])=O,test
7323,C-416,OC(=O)CCCOC1=C(Cl)C=C(Cl)C=C1,calibration
7324,C-420,CC(CCC(O)=O)C1CCC2C3C(O)CC4CC(O)CCC4(C)C3CC(O)C12C,test
7325,C-422,OC(=O)CC1=CC(=C(OCC=C)C=C1)Cl,validation
7326,C-423,CC1=CC=C(C)C2=C1C=CC=C2C,test
7327,C-427,OC(=O)C1=C(C(=CC=C1)Cl)[N+]([O-])=O,calibration
7328,C-429,OC1=CC=CC2=C1C=CC=C2O,test
7329,C-430,NNC1=NN=CC2=C1C=CC=C2,test
7330,C-431,COC1=C(C(O)=O)C(=CC=C1Cl)Cl,test
7331,C-433,CC(=O)C1CCC2C3CCC4=CC(=O)CCC4(C)C3C(O)CC12C,validation
7332,C-435,ClCC#CCOC(=O)NC1=CC(=CC=C1)Cl,test
7333,C-437,CCC(=O)OC1CCC2C3CCC4=CC(=O)CCC4(C)C3CCC12C,test
7334,C-438,C[S](=O)(=O)OCCCCO[S](C)(=O)=O,calibration
7335,C-442,OC(=O)CC1=C(Cl)C=CC(=C1Cl)Cl,test
7336,C-444,OC(CCN1CCCC1)(C2CCCCC2)C3=CC=CC=C3,validation
7337,C-451,CNC(=O)OC1=C2OC(C)(C)CC2=CC=C1,test
7338,C-463,OC(CCN1CCCCC1)(C2CCCCC2)C3=CC=CC=C3,calibration
7339,C-468,ClC1=CC2=C(C=CC=C2)C=C1Cl,calibration
7340,C-471,ClC1=CC2=C(C=CC=C2Cl)C=C1,validation
7341,C-472,OCC1OC(OC2=CC=CC=C2CO)C(O)C(O)C1O,validation
7342,C-477,ClC1=CC=CC2=C1C=CC=C2Cl,test
7343,C-483,S=C=NC1=CC2=CC=CC=C2C=C1,calibration
7344,C-486,CC12CC(O)C3C(CCC4=CC(=O)CCC34C)C1CCC2C(=O)CO,validation
7345,C-492,OC(=O)COC1=C(Cl)C=C(Cl)C(=C1)Cl,validation
7346,C-494,OC(=O)COC1=C(Cl)C(=C(Cl)C=C1)Cl,test
7347,C-495,CC12CCC3C(CCC4=CC(=CC=C34)O)C1CCC2O,calibration
7348,C-499,CCC(C)C(=O)OC1CC(C)C=C2C=CC(C)C(CCC3CC(O)CC(=O)O3)C12,test
7349,C-507,CC1=C(SCCO1)C(=O)NC2=CC=CC=C2,test
7350,C-508,CC(C)(C)NCC(O)COC1=CC=CC2=C1CC(O)C(O)C2,test
7351,C-519,CN1C2CCC1CC(C2)OC(=O)C(CO)C3=CC=CC=C3,test
7352,C-523,CC(=O)N[S](=O)(=O)C1=CC=C(N)C=C1,validation
7353,C-530,CC1CC2C3CCC(O)(C(C)=O)C3(C)CC(O)C2(F)C4(C)C=CC(=O)C=C14,test
7354,C-531,OC(=O)COC1=CC2=C(C=CC=C2)C=C1,test
7355,C-533,C[N]1C=NC2=C1C(=O)N(C)C(=O)N2C,calibration
7356,C-534,CC(C)NCC1CCC2=C(N1)C=C(C(=C2)CO)[N+]([O-])=O,test
7357,C-537,CC1CC2C3CCC(O)(C(=O)CO)C3(C)CC(O)C2C4(C)C=CC(=O)C=C14,calibration
7358,C-542,CC12CCC3C(CCC4=CC(=CC=C34)O)C1CCC2(O)C#C,validation
7359,C-545,CCC1(C(=O)NC(=O)N(C)C1=O)C2=CC=CC=C2,test
7360,C-547,O1C2=C(C=CC=C2)C3=C1C=CC=C3,calibration
7361,C-552,CCCCN1CCCCC1C(=O)NC2=C(C)C=CC=C2C,test
7362,C-553,CN1C2CC(CC1C3OC23)OC(=O)C(CO)C4=CC=CC=C4,test
7363,C-554,CCN(CC)CCNC(=O)C1=CC(=C(N)C=C1OC)Cl,validation
7364,C-556,NC(CC1=CC=C(C=C1)N(CCCl)CCCl)C(O)=O,validation
7365,C-557,COC(=O)N[S](=O)(=O)C1=CC=C(N)C=C1,calibration
7366,C-559,CC(=O)OCC(=O)C1CCC2C3CCC4=CC(=O)CCC4(C)C3CCC12C,calibration
7367,C-562,NC1=NC2=C(N=C[N]2COCCO)C(=O)N1,validation
7368,C-564,COC1=CC=C2C3CCC4(C)C(CCC4(O)C#C)C3CCC2=C1,test
7369,C-565,CC12CCC(=O)C=C1CCC3C4CCC(O)(C(=O)CO)C4(C)CC(=O)C23,test
7370,C-566,NC1=NC(=C(C=C1)N=NC2=CC=CC=C2)N,validation
7371,C-571,COC(=O)C[S](=O)(=O)C1=CC=C(Cl)C=C1,calibration
7372,C-576,OC1=C(C=C(C=C1[N+]([O-])=O)[N+]([O-])=O)[N+]([O-])=O,test
7373,C-577,CN1N(C2=CC=CC=C2)C(=O)C(=C1C)N,test
7374,C-583,OC(=O)C1=CC=CC=C1NC2=CC=CC=C2,validation
7375,C-586,CC12CC(O)C3(F)C(CCC4=CC(=O)C=CC34C)C1CC(O)C2(O)C(=O)CO,test
7376,C-589,OCC1CCC(O1)[N]2C=NC3=C2N=CNC3=O,test
7377,C-591,CC1=CC(=NO1)C(=O)NNCC2=CC=CC=C2,validation
7378,C-596,C1=CC2=C(C=C1)N=C3C=CC=CC3=N2,validation
7379,C-600,O=C(NC1=CN=NS1)NC2=CC=CC=C2,validation
7380,C-604,CCCCNC(=O)N[S](=O)(=O)C1=CC=C(C)C=C1,validation
7381,C-605,CC1=NC(=NC(=C1)C2CC2)NC3=CC=CC=C3,test
7382,C-606,COC(=O)C1(CCCCC1)[S](=O)(=O)C2=CC=CC=C2,test
7383,C-609,CC(=O)OCC(=O)C1(O)CCC2C3CCC4=CC(=O)CCC4(C)C3C(O)CC12C,validation
7384,C-610,CCOC(=O)C1=CN=C[N]1C(C)C2=CC=CC=C2,validation
7385,C-611,COC1=CC=C2C=C(C=CC2=C1)C(C)C(O)=O,test
7386,C-612,CC12CC3=C(ON=C3)C=C1CCC4C2CCC5(C)C4CCC5(O)C#C,validation
7387,C-617,NC1=NC2=C(N=C[N]2COC(CO)CO)C(=O)N1,test
7388,C-618,CC1N(C)CN2C(=O)C3=C(C=CC=C3)N=C12,test
7389,C-619,ClC1=CC=C(C=C1)C2=C(Cl)C=C(Cl)C=C2,test
7390,C-621,CC(C)OC(=O)C[S](=O)(=O)C1=CC=C(Cl)C=C1,calibration
7391,C-624,CC1=CN(C2CC(N=[N+]=[N-])C(CO)O2)C(=O)NC1=O,validation
7392,C-626,CC(C)OC(=O)C1(CCC1)[S](=O)(=O)C2=CC=C(C)C=C2,test
7393,C-631,CC(=O)OCC(=O)C1(O)CCC2C3CCC4=CC(=O)C=CC4(C)C3C(O)CC12C,test
7394,C-633,NC(=O)C1=CC(=C(C=C1[N+]([O-])=O)[N+]([O-])=O)N2CC2,test
7395,C-638,COC(=O)C[S](=O)(=O)C1=CC=C(Br)C=C1,validation
7396,C-641,ClC1=CC(=C(C(=C1)Cl)C2=CC=CC=C2)Cl,test
7397,C-643,N[S](=O)(=O)C1=CC2=C(SCCC2O)S1,validation
7398,C-644,COC(=O)C1(CCCCC1)[S](=O)(=O)C2=CC=C(C)C=C2,test
7399,C-645,CN1N=C(SC1=NC(C)=O)[S](N)(=O)=O,validation
7400,C-648,ClC1=CC=C(Cl)C(=C1Cl)C2=CC=CC=C2,test
7401,C-653,[O-][N+](=O)C1=CC=C(O1)\C=N\N2CC(=O)NC2=O,test
7402,C-659,CO[P](=S)(OC)OC1=CC=C(C=C1)[N+]([O-])=O,validation
7403,C-661,CC1=NC(=O)C(=C(NCC2=CN=CC=C2)N1)C#N,validation
7404,C-662,CCOC1OC2=CC=C(O[S](C)(=O)=O)C=C2C1(C)C,validation
7405,C-665,NC1=NC=NC2=C1N=C[N]2C3OC(CO)C(O)C3O,calibration
7406,C-666,CC(C(O)=O)C1=CC=C(C(=C1)F)C2=CC=CC=C2,validation
7407,C-670,CC(C)OC(=O)C1(CCCC1)[S](=O)(=O)C2=CC=C(C)C=C2,validation
7408,C-674,CNC(=O)C1=CC(=C(C=C1[N+]([O-])=O)[N+]([O-])=O)N2CC2,validation
7409,C-676,CC1(C)OC2CC3C4CCC5=CC(=O)C=CC5(C)C4(F)C(O)CC3(C)C2(O1)C(=O)CO,calibration
7410,C-682,CCCSC1=CC2=C([NH]C(=N2)NC(=O)OC)C=C1,validation
7411,C-684,CCCN1CN2C(=O)C3=C(C=CC=C3)N=C2C1C,calibration
7412,C-685,CCCCC(C[N]1C=NC=N1)(C#N)C2=CC=C(Cl)C=C2,validation
7413,C-687,CN1CCC23C4CCC(=O)C2OC5=C(O)C=CC(=C35)CC14,test
7414,C-688,N[S](=O)(=O)C1=CC2=C(SCCC2=O)S1,calibration
7415,C-689,N[S](=O)(=O)C1=CC2=C(S1)C(=O)CCS2,test
7416,C-690,N[S](=O)(=O)C1=CC2=C(S1)C(O)CCS2,validation
7417,C-692,CC(C)OC(=O)C1(CCCCC1)[S](=O)(=O)C2=CC=C(C)C=C2,calibration
7418,C-695,NC1=C(C2=CC=CC=C2C=C1)[S](O)(=O)=O,test
7419,C-696,C[N]1C(=CC=C1C(=O)C2=CC=C(C)C=C2)CC(O)=O,calibration
7420,C-700,CN(C)C(=O)C1=CC(=C(C=C1[N+]([O-])=O)[N+]([O-])=O)N2CC2,validation
7421,C-702,ClC1=CC=C(C=C1)C2=CC(=C(Cl)C(=C2)Cl)Cl,test
7422,C-708,OC(=O)C1=CC(=CC=C1O)C2=C(F)C=C(F)C=C2,test
7423,C-710,CC1CC2C3CCC4=CC(=O)C=CC4(C)C3(F)C(O)CC2(C)C1(O)C(=O)COC(C)=O,test
7424,C-715,ClC1=CC(=C(C=C1)C2=CC=C(Cl)C=C2Cl)Cl,validation
7425,C-718,ClC1=CC(=C(C=C1)C2=CC(=CC=C2Cl)Cl)Cl,test
7426,C-721,ClC1=CC(=C(Cl)C=C1)C2=CC(=CC=C2Cl)Cl,test
7427,C-724,ClC1=CC(=C(Cl)C(=C1Cl)Cl)C2=CC=CC=C2,calibration
7428,C-727,CNCCCC12CCC(C3=C1C=CC=C3)C4=C2C=CC=C4,test
7429,C-731,CCN(CC)C(=O)\C(=C/C1=CC(=C(O)C(=C1)[N+]([O-])=O)O)C#N,test
7430,C-733,ClC(Cl)C(C1=CC=C(Cl)C=C1)C2=CC=C(Cl)C=C2,test
7431,C-735,[O-][N+](=O)C1=C(C=C(C(=O)NC2CC2)C(=C1)[N+]([O-])=O)N3CC3,validation
7432,C-736,CC1=NC2=C(C=C(Cl)C=C2)[S](=O)(=O)N1,calibration
7433,C-745,OC1=C(Br)C(=C(Br)C(=C1Br)Br)Br,validation
7434,C-747,CC(C)(C)C(=O)OCC1OC(CC1O)N2C=C(I)C(=O)NC2=O,calibration
7435,C-748,C[S](=O)(=O)C1=CC=C(C=C1)C(O)C(CO)NC(=O)C(Cl)Cl,calibration
7436,C-749,CC(C(O)=O)C1=CC=C(C=C1)C(=O)C2=CC=CS2,test
7437,C-751,CN1CCN=C(C2=CC=CC=C2)C3=C1C=CC(=C3)Cl,validation
7438,C-753,NC(=O)N1C2=C(C=CC=C2)C=CC3=C1C=CC=C3,calibration
7439,C-757,OC(=O)C1=CC=CC=C1NC2=CC(=CC=C2)C(F)(F)F,test
7440,C-758,CCCN(CCC)C1=C(C=C(C=C1[N+]([O-])=O)C(F)(F)F)[N+]([O-])=O,calibration
7441,C-762,CC(C)OC(=O)C1(CCCCCC1)[S](=O)(=O)C2=CC=C(Cl)C=C2,test
7442,C-763,CC(CN(C)C)CN1C2=C(CCC3=C1C=CC=C3)C=CC=C2,validation
7443,C-764,N[S](=O)(=O)C1=CC2=C(S1)[S](=O)CCC2O,calibration
7444,C-766,CCCC(=O)OCC1OC(CC1O)N2C=C(I)C(=O)NC2=O,validation
7445,C-770,CC(C)C(=O)OCC1OC(CC1O)N2C=C(I)C(=O)NC2=O,validation
7446,C-771,CCC(=O)N(C1CCN(CC1)CCC2=CC=CC=C2)C3=CC=CC=C3,test
7447,C-772,CC12CCC3C(CCC4=CC(=O)CCC34C)C1CCC2OC(=O)C5=CC=CC=C5,calibration
7448,C-776,ClC1=CC=C(N[S](=O)(=O)C2=CC=CC=C2)C=C1,validation
7449,C-777,COC(=O)C1CC1[S](=O)(=O)C2=CC=C(C=C2)[N+]([O-])=O,validation
7450,C-779,CC12CCC3C(CCC4=CC(=O)CCC34C)C1CCC2OC(=O)CCC5=CC=CC=C5,calibration
7451,C-780,C1=CC2=C(C=C1)C3=C4C(=CC=C3)C=CC=C24,test
7452,C-783,CCCCNC(=O)[N]1C(=NC2=C1C=CC=C2)NC(=O)OC,calibration
7453,C-786,CC12CCC3C(CCC4=CC(=O)CCC34C)C1CCC2OC(=O)CCCC5=CC=CC=C5,validation
7454,C-787,CCCCC(=O)OCC1OC(CC1O)N2C=C(I)C(=O)NC2=O,calibration
7455,C-788,ClC1=CC=C(C=C1Cl)C2=CC(=C(Cl)C(=C2)Cl)Cl,test
7456,C-790,ClC1=CC=CC=C1N[S](=O)(=O)C2=CC=CC=C2,test
7457,C-791,CCN1CCCC1CNC(=O)C2=C(OC)C=CC(=C2)[S](N)(=O)=O,test
7458,C-794,ClC1=CC(=C(C=C1)C2=CC(=C(Cl)C(=C2)Cl)Cl)Cl,test
7459,C-796,CC12CCC3C(CCC4=CC(=O)CCC34C)C1CCC2OC(=O)CC5=CC=CC=C5,validation
7460,C-798,OC(=O)CC1=CC=CC=C1OC2=C(Cl)C=C(Cl)C=C2,validation
7461,C-805,ClC1=NC=CC=C1N[S](=O)(=O)C2=CC=CC=C2,test
7462,C-807,COC1=CC=C2N=CC=C(C(O)C3CC4CCN3CC4C=C)C2=C1,test
7463,C-808,ClC1=CC=CN=C1N[S](=O)(=O)C2=CC=CC=C2,test
7464,C-810,COC12C(COC(N)=O)C3=C(N1CC4NC24)C(=O)C(=C(N)C3=O)C,calibration
7465,C-812,CCCCC(=O)OC1(C(C)CC2C3CCC4=CC(=O)C=CC4(C)C3(F)C(O)CC12C)C(=O)CO,validation
7466,C-814,ClC1=CC2=C(OC3=C(O2)C=CC=C3)C=C1Cl,test
7467,C-817,COC1=CC2=C(C=CN=C2C=C1)C(O)C3CN4CCC3C(C4)C=C,calibration
7468,C-818,ClC1=CC(=C(Cl)C=C1)C2=C(Cl)C(=C(Cl)C=C2)Cl,validation
7469,C-819,N[S](=O)(=O)C1=CC2=C(S1)[S](=O)(=O)CCC2,test
7470,C-820,CCOC1=CC2=C(C=C1)N=C(S2)[S](N)(=O)=O,test
7471,C-824,CC(C)(C)C1CCC(CC1)CC2=C(O)C(=O)C3=C(C=CC=C3)C2=O,calibration
7472,C-833,CCC1=CC=C(N[S](=O)(=O)C2=CC=C(N)C=C2)C=C1,validation
7473,C-839,NC1=CC=C(C=C1)[S](=O)(=O)NC2=CC=C(Cl)C=C2,test
7474,C-840,CCCN(CCC)C1=C(C(=C(C=C1[N+]([O-])=O)C(F)(F)F)N)[N+]([O-])=O,calibration
7475,C-843,COC1=CC=C(N[S](=O)(=O)C2=CC=C(N)C=C2)C=C1,calibration
7476,C-844,NC1=CC=C(C=C1)[S](=O)(=O)NC2=CC=C(C=C2)C#N,validation
7477,C-846,CCC(=O)OC(CC1=CC=CC=C1)(C(C)CN(C)C)C2=CC=CC=C2,test
7478,C-848,CC(C)N(CCC(C(N)=O)(C1=CC=CC=C1)C2=NC=CC=C2)C(C)C,test
7479,C-850,O=C1NC(=O)C(C(=O)N1)(C2=CC=CC=C2)C3=CC=CC=C3,test
7480,C-854,[O-][N+](=O)C1=CC=C(N[S](=O)(=O)C2=CC=CC=C2)C=C1,validation
7481,C-857,COC1=CC=C(N[S](=O)(=O)C2=CC=C(N)C=C2)N=N1,validation
7482,C-863,CC1=C(C(=O)NC2=CC=CC=C2)[S](=O)(=O)CCO1,test
7483,C-864,CC1=C(Cl)C=C(N[S](=O)(=O)C2=CC=C(N)C=C2)C=C1,test
7484,C-865,CC1=C(N[S](=O)(=O)C2=CC=C(N)C=C2)C=CC(=C1)Cl,validation
7485,C-866,CC(=O)OCC(=O)C1(O)C(CC2C3CCC4=CC(=O)C=CC4(C)C3(F)C(O)CC12C)OC(C)=O,calibration
7486,C-868,ClC1=CC=CC(=C1Cl)N[S](=O)(=O)C2=CC=CC=C2,test
7487,C-869,CC1=C(C=CC(=C1)N)[S](=O)(=O)NC2=CC=C(Cl)C=C2,validation
7488,C-870,CC1=CC(=NC(=N1)C)N[S](=O)(=O)C2=CC=C(N)C=C2,validation
7489,C-872,CC1=CC=CC=C1N2C(=NC3=C(C=CC=C3)C2=O)C,validation
7490,C-874,ClC1=CC=C(C2=CC(=C(Cl)C(=C2)Cl)Cl)C(=C1Cl)Cl,test
7491,C-875,CC1=C(N[S](=O)(=O)C2=CC=C(N)C=C2)C=C(Cl)C=C1,calibration
7492,C-877,CC1=CC(=C(N[S](=O)(=O)C2=CC=C(N)C=C2)C=C1)Cl,validation
7493,C-882,[O-][N+](=O)C1=CC=CC=C1N[S](=O)(=O)C2=CC=CC=C2,test
7494,C-885,ClC1=C(Cl)C(=C(C=C1)C2=CC=C(Cl)C(=C2Cl)Cl)Cl,calibration
7495,C-891,CC1=C(C=CC(=C1)N)[S](=O)(=O)NC2=C(Cl)C=CC=C2,test
7496,C-894,COC1=CC(=C2C(=O)C3(OC2=C1Cl)C(C)CC(=O)C=C3OC)OC,calibration
7497,C-900,ClC1=CC(=C(C(=C1)Cl)C2=C(Cl)C=C(Cl)C=C2Cl)Cl,validation
7498,C-901,CCCC(=O)OCN1C=NC2=C(C=N[N]2COC(=O)CCC)C1=O,validation
7499,C-907,CC(C)(C)CC(=O)OCC(=O)C12OC(C)(C)OC1CC3C4CCC5=CC(=O)C=CC5(C)C4(F)C(O)CC23C,calibration
7500,C-910,[O-][N+](=O)C1=CC=C2NC(=O)CN=C(C3=CC=CC=C3)C2=C1,test
7501,C-911,CCN1C=CC(=NC1=O)N[S](=O)(=O)C2=CC=C(N)C=C2,test
7502,C-913,CC1=CC=C(N[S](=O)(=O)C2=CC=C(C=C2)[N+]([O-])=O)N=C1,calibration
7503,C-915,CC1OC(CC(O)C1O)OC2C(O)CC(OC2C)OC3C(O)CC(OC3C)OC4CCC5(C)C(CCC6C5CCC7(C)C(CCC67O)C8=CC(=O)OC8)C4,test
7504,C-916,NC1=CC=C(C=C1)[S](=O)(=O)NC2=CC=C(C=C2)[N+]([O-])=O,validation
7505,C-919,CNC1=NC2=CC=C(Cl)C=C2C(=[N+]([O-])C1)C3=CC=CC=C3,test
7506,C-920,NC1=CC=C(C(=C1)Cl)[S](=O)(=O)NC2=CC=C(Cl)C=C2,validation
7507,C-921,NC1=CC=C(C=C1)[S](=O)(=O)NC2=CC(=CC=C2Cl)Cl,calibration
7508,C-922,NC1=CC=C(C=C1)[S](=O)(=O)NC2=CC=CC(=C2Cl)Cl,validation
7509,C-923,CCN1C=C(C(O)=O)C(=O)C2=C1C=C(N3CCN(C)CC3)C(=C2)F,test
7510,C-925,CC1=C(N=C2C=C(O)C(=O)C3=C2C=CC=C3)C(=NO1)C,test
7511,C-926,N[S](=O)(=O)C1=CC2=C(S1)C(O)CC[S]2=O,test
7512,C-927,CCCN(CCC)C1=C(C=C(C=C1[N+]([O-])=O)[S](N)(=O)=O)[N+]([O-])=O,test
7513,C-928,NC1=CC=C(C=C1)[S](=O)(=O)NC2=CC=CC=C2[N+]([O-])=O,calibration
7514,C-929,NC1=CC(=C(C=C1)[S](=O)(=O)NC2=CC=CC=C2Cl)Cl,calibration
7515,C-932,COC1=C(N[S](=O)(=O)C2=CC=C(N)C=C2)C=CC=C1Cl,calibration
7516,C-937,CN1CCN(CC1)C2=NC3=C(OC4=C2C=C(Cl)C=C4)C=CC=C3,test
7517,C-939,CC(=O)OCN1C(=O)NC(C1=O)(C2=CC=CC=C2)C3=CC=CC=C3,test
7518,C-941,CN1C(=O)CCC(N2C(=O)C3=C(C=CC=C3)C2=O)C1=O,validation
7519,C-942,NC1=CC=C(C=C1)[S](=O)(=O)NC2=CC=C(I)C=C2,test
7520,C-944,CO[P](=S)(OC)SCN1N=NC2=CC=CC=C2C1=O,test
7521,C-945,COC(=O)NC1=NC2=CC(=CC=C2[NH]1)C(=O)C3=CC=CC=C3,calibration
7522,C-947,C[N]1C=NC(=C1SC2=NC=NC3=C2[NH]C=N3)[N+]([O-])=O,test
7523,C-948,CC1N(CN2C(=O)C3=C(C=CC=C3)N=C12)CC4=CC=CC=C4,test
7524,C-950,CCC1=C(N=C2C=C(O)C(=O)C3=C2C=CC=C3)C(=NO1)C,calibration
7525,C-951,ClC1=CC(=C(C=C1Cl)C2=C(Cl)C=C(Cl)C(=C2Cl)Cl)Cl,calibration
7526,C-955,CCOC1=CC=C(N[S](=O)(=O)C2=CC=C(C=C2)[N+]([O-])=O)C=C1,validation
7527,C-958,CC(C)=C1OC(=O)N(C1=O)C2=C(F)C=C(Cl)C(=C2)OC3CCCC3,test
7528,C-959,CCC(=O)OCN1C(=O)NC(C1=O)(C2=CC=CC=C2)C3=CC=CC=C3,validation
7529,C-961,ClC1=CC=C(Cl)C(=C1)C2=C(Cl)C(=C(Cl)C(=C2Cl)Cl)Cl,calibration
7530,C-962,CC1=C(C=CC(=C1)N)[S](=O)(=O)NC2=C(C=CC=C2)[N+]([O-])=O,test
7531,C-964,CC1=C2C=CC3=C(C=CC=C3)C2=C(C)C4=C1C=CC=C4,validation
7532,C-966,FC1=C(C(=CC=C1)F)C2=NN=C(N=N2)C3=C(Cl)C=CC=C3,calibration
7533,C-968,C1CN(CCN1C\C=C\C2=CC=CC=C2)C(C3=CC=CC=C3)C4=CC=CC=C4,calibration
7534,C-969,CCCC1=C(N=C2C=C(O)C(=O)C3=C2C=CC=C3)C(=NO1)C,test
7535,C-971,NC1=CC=C(C=C1)[S](=O)(=O)NC2=C(Cl)C=C(Cl)C(=C2)Cl,calibration
7536,C-973,BrC1=CC=C(N[S](=O)(=O)C2=CC=CC=C2)C(=C1)Br,test
7537,C-976,N[S](=O)(=O)C1=CC2=C(C=C1Cl)N=CN[S]2(=O)=O,test
7538,C-978,CN(C)CC\C=C/1C2=C(SC3=C1C=C(Cl)C=C3)C=CC=C2,calibration
7539,C-979,N[S](=O)(=O)C1=CC2=C(CC(O)C[S]2(=O)=O)S1,calibration
7540,C-980,CCCCC(=O)OCN1C(=O)NC(C1=O)(C2=CC=CC=C2)C3=CC=CC=C3,test
7541,C-981,N[S](=O)(=O)C1=CC2=C(S1)[S](=O)(=O)CC(O)C2,calibration
7542,C-982,N[S](=O)(=O)C1=CC2=C(S1)C(=O)CC[S]2(=O)=O,test
7543,C-983,N[S](=O)(=O)C1=CC2=C(S1)C(O)CC[S]2(=O)=O,calibration
7544,C-984,CCCN1C(=O)CCC(N2C(=O)C3=C(C=CC=C3)C2=O)C1=O,test
7545,C-985,N[S](=O)(=O)C1=CC2=C(S1)[S](=O)(=O)CCC2=O,validation
7546,C-987,CC1(O)CC(C2=CC=CC=C2)C3=C(O1)C4=C(OC3=O)C=CC=C4,test
7547,C-989,CC(=O)OCC1=C(N2C(SC1)C(NC(=O)CC3=CC=CS3)C2=O)C(O)=O,calibration
7548,C-991,CCC1OC(=O)C(C)C(OC2CC(C)(OC)C(O)C(C)O2)C(C)C(OC3OC(C)CC(C3O)N(C)C)C(C)(O)CC(C)C(=O)C(C)C(O)C1(C)O,calibration
7549,C-992,ClC1=CC(=C(Cl)C(=C1Cl)Cl)C2=CC(=C(Cl)C(=C2Cl)Cl)Cl,calibration
7550,C-994,CCCCCC1=C(N=C2C=C(O)C(=O)C3=C2C=CC=C3)C(=NO1)C,calibration
7551,C-995,CCO/N=C(OC(=O)C1=CC=CC=C1)/C2=C(OC)C(=CC=C2OC)Cl,validation
7552,C-996,CC1COC2=C(N3CCN(C)CC3)C(=CC4=C2N1C=C(C(O)=O)C4=O)F,test
7553,C-997,COC1=CC2=C(C=C1OC)C(=NC(=N2)N3CCN(CC3)C(=O)C4CCCO4)N,test
7554,C-998,CCN1C(=C(N=NC2=C(C=C(Cl)C=C2)[N+]([O-])=O)C(=C(C#N)C1=O)C)O,validation
7555,C-999,COC1=CC2=C(SC3=C(C=CC=C3)N2CC(C)CN(C)C)C=C1,validation
7556,C-1000,ClC1=C(Cl)C(=C(Cl)C(=C1)Cl)C2=C(Cl)C(=CC(=C2Cl)Cl)Cl,calibration
7557,C-1001,CCC1OC(=O)C(C)C(OC2CC(C)(OC)C(O)C(C)O2)C(C)C(OC3OC(C)CC(C3O)N(C)C)C(C)(CC(C)C(=O)C(C)C(O)C1(C)O)OC,test
7558,C-1002,CC1=C(NC(=O)C2=CC(=C(Cl)C=C2O)[S](N)(=O)=O)C(=CC=C1)C,validation
7559,C-1003,CC(=O)NC1=C(N[S](=O)(=O)C2=CC=C(C=C2)[N+]([O-])=O)C=NC=C1,validation
7560,C-1005,CCCCCN1C(=O)CCC(N2C(=O)C3=C(C=CC=C3)C2=O)C1=O,calibration
7561,C-1006,CC1=CN(C2CC(N=[N+]=[N-])C(COC(=O)C3=CC=NC=C3)O2)C(=O)NC1=O,calibration
7562,C-1009,COC1=CC=C2C(=CC1=O)C(CCC3=C2C(=C(OC)C(=C3)OC)OC)NC(C)=O,test
7563,C-1012,CC1=NN=C2CN=C(C3=CC=CC=C3)C4=C(C=CC(=C4)Cl)[N]12,test
7564,C-1013,C1=CC2=C3C(=C1)C=CC=C3C4=CC=CC5=CC=CC2=C45,test
7565,C-1014,C1=CC2=C3C=CC=C4C=CC5=CC=CC(=C2C=C1)C5=C34,test
7566,C-1016,COC1=CC2=C(N)N=C(N=C2C(=C1OC)OC)N3CCN(CC3)C(=O)OCC(C)(C)O,validation
7567,C-1018,COC1=C2C(=O)C3=C(C=CC=C3)N(C)C2=C4C=CC(C)(C)OC4=C1,calibration
7568,C-1021,ClC1=C(Cl)C(=C(Cl)C(=C1)C2=C(Cl)C(=C(Cl)C(=C2Cl)Cl)Cl)Cl,test
7569,C-1023,O=[P](OC1=CC=CC=C1)(OC2=CC=CC=C2)OC3=CC=CC=C3,test
7570,C-1027,CSC1=CC2=C(SC3=C(C=CC=C3)N2CCC4CCCCN4C)C=C1,test
7571,C-1035,CCOC(=O)C(C)OC1=CC=C(OC2=NC3=C(S2)C=C(Cl)C=C3)C=C1,test
7572,C-1037,CC1=NN=C2CN=C(C3=CC=CC=C3Cl)C4=C(C=CC(=C4)Cl)[N]12,calibration
7573,C-1038,COC1=CC2=C(C=C1OC)C3C(CO2)OC4=C(C=CC5=C4CC(O5)C(C)=C)C3=O,calibration
7574,C-1040,CN1C(CCl)NC2=C(C=C(C(=C2)Cl)[S](N)(=O)=O)[S]1(=O)=O,test
7575,C-1041,CC(OC1=CC=C(OC2=NC3=C(C=C(Cl)C=C3)N=C2)C=C1)C(=O)OC4CCCO4,test
7576,C-1045,N[S](=O)(=O)C1=C(Cl)C=C2NC(N[S](=O)(=O)C2=C1)C(Cl)Cl,calibration
7577,C-1048,CCOC(=O)C1=CC=CC=C1[S](=O)(=O)NC(=O)NC2=NC(=CC(=N2)OC)Cl,test
7578,C-1050,CN1C(=C(O)C2=C(C=CC=C2)[S]1(=O)=O)C(=O)NC3=CC=CC=N3,test
7579,C-1051,CC1=CC=C(C=C1)C2=CC(=N[N]2C3=CC=C(C=C3)[S](N)(=O)=O)C(F)(F)F,validation
7580,C-1052,CN(C)C1C2C(O)C3C(=C(O)C2(O)C(=O)C(=C1O)C(N)=O)C(=O)C4=C(C=CC=C4O)C3(C)O,calibration
7581,C-1054,OC1=C(CC2=C(O)C3=CC=CC=C3OC2=O)C(=O)OC4=C1C=CC=C4,test
7582,C-1060,CN1C(=C(O)C2=CC=CC=C2[S]1(=O)=O)C(=O)NC3=NC=C(C)S3,calibration
7583,C-1062,CC(C)(C)C1=CC(=CC(=C1SC(C)(C)SC2=C(C=C(O)C=C2C(C)(C)C)C(C)(C)C)C(C)(C)C)O,calibration
7584,C-1063,CCOC(=O)NC1=CC2=C(SC3=C(C=CC=C3)N2C(=O)CCN4CCOCC4)C=C1,calibration
7585,C-1065,FC1=C(NC(=O)NC(=O)C2=C(F)C=CC=C2F)C=CC(=C1)OC3=CC=C(C=C3Cl)C(F)(F)F,test
7586,C-1066,COC(=O)C1=CC=C(N=C1[S](=O)(=O)NC(=O)NC2=NC(=CC(=N2)OC)OC)C(F)(F)F,test
7587,C-1067,CN(CC1=NC2=C(N=C1)N=C(N)N=C2N)C3=CC=C(C=C3)C(=O)NC(CCC(O)=O)C(O)=O,calibration
7588,C-1069,C1=CC2=C3C4=C1C=CC5=C4C6=C(C=C5)C=CC7=C6C3=C(C=C2)C=C7,test
7589,C-1070,COC1=C(C=C(NC(C)=O)C(=C1)N=NC2=C(Br)C=C(C=C2[N+]([O-])=O)[N+]([O-])=O)N(CCC#N)CC=C,test
7590,C-1071,COC1=CC(=CC(=C1O)OC)C2C3C(COC3=O)C(OC4OC5COC(C)OC5C(O)C4O)C6=C2C=C7OCOC7=C6,validation
7591,C-1073,CCC1NC(=O)C(C(O)C(C)C\C=C\C)N(C)C(=O)C(C(C)C)N(C)C(=O)C(CC(C)C)N(C)C(=O)C(CC(C)C)N(C)C(=O)C(C)NC(=O)C(C)NC(=O)C(CC(C)C)N(C)C(=O)C(NC(=O)C(CC(C)C)N(C)C(=O)CN(C)C1=O)C(C)C,calibration
7592,C-1074,N#CCC#N,calibration
7593,C-1083,C[S](C)(=O)=O,calibration
7594,C-1093,OC1=CC=C(F)C=C1,validation
7595,C-1094,CC(=C\CO)/C=C/C=C(C)/C=C/C1=C(C)CCCC1(C)C,test
7596,C-1096,O=C1C=CC(=O)C=C1,test
7597,C-1102,CCC(Br)(CC)C(=O)NC(N)=O,calibration
7598,C-1103,OC1=CC(=CC=C1)Cl,validation
7599,C-1105,CCC(CC)(C(=O)NC(N)=O)C(=O)OC,test
7600,C-1108,CCOC(=O)C(CC)(CC)C(=O)NC(N)=O,calibration
7601,C-1110,OC(=O)C1C2CCC(O2)C1C(O)=O,test
7602,C-1112,CCOC1=CC=C(O)C=C1,validation
7603,C-1113,CC1=NC=C([NH]1)[N+]([O-])=O,calibration
7604,C-1114,CCC(CC)(C(=O)NC(N)=O)C(=O)OC(C)C,test
7605,C-1116,CCC(CC)(C(=O)NC(N)=O)C(=O)OCOC,calibration
7606,C-1117,NC(=S)C1=CC=CC=C1,validation
7607,C-1119,ClCCN(N=O)C(=O)NC1CCCCC1,test
7608,C-1124,COC(=O)C(CC=C)(CC=C)C(=O)NC(N)=O,test
7609,C-1129,CC1=C(Cl)C(=CC(=C1)O)C,validation
7610,C-1130,OCNC(=O)C1=CC=CC=C1,test
7611,C-1133,C[N]1C(=NC=C1[N+]([O-])=O)C,validation
7612,C-1134,CCC1=CC=C(C=C1)C(O)=O,test
7613,C-1136,CC(C)C1=NC(=C[NH]1)[N+]([O-])=O,test
7614,C-1137,COC1=CC=C(C=C1)C(N)=O,validation
7615,C-1139,COC1=CC=CC(=C1)C(N)=O,validation
7616,C-1144,CC(C)(C)C(=O)OCN1C=C(F)C(=O)N(COC(=O)C(C)(C)C)C1=O,validation
7617,C-1146,CN(C)CNC(=O)C1=CC=CC=C1,calibration
7618,C-1148,OC1=CC=C(I)C=C1,test
7619,C-1155,CCCCC1=CC=C(C=C1)C(O)=O,test
7620,C-1156,CC(=O)OCN1C=C(F)C(=O)N(COC(C)=O)C1=O,validation
7621,C-1157,CCOC(=O)C(C)(C(=O)NC(=O)NC)C1=CCCCC1,validation
7622,C-1159,CC(C)C1=NC=C([N]1C)[N+]([O-])=O,calibration
7623,C-1160,CNC(=O)OC1=CC(=C(C)C=C1)C,validation
7624,C-1163,CC(O)C[N]1C(=NC=C1[N+]([O-])=O)C,validation
7625,C-1174,CC1=CC2=C(C=CC=C2)C=N1,test
7626,C-1179,CCC(C)C1=C(OC(=O)NC)C=CC=C1,validation
7627,C-1183,CCC(CC)(C(=O)NC(N)=O)C(=O)OCC(=O)OC,test
7628,C-1184,OC(=O)CONC(=O)C1=CC=CC=C1,test
7629,C-1186,COC1=C(O)C=CC(=C1)\C=C\C(O)=O,validation
7630,C-1187,S=C1NC=NC2=C1N=C[NH]2,test
7631,C-1189,CNC(=O)N1C=C(F)C(=O)NC1=O,validation
7632,C-1190,CCC(=O)N1C(=O)NC=C(F)C1=O,calibration
7633,C-1197,COC(=O)N1C=C(F)C(=O)NC1=O,test
7634,C-1199,CC(=O)OCN1C=C(F)C(=O)NC1=O,test
7635,C-1201,COC(=O)C1=CC=CC=C1OC(C)=O,validation
7636,C-1203,O=C1NC(=O)C2=C([NH]C=N2)N1,test
7637,C-1204,CC(=O)OCN1C(=O)NC=C(F)C1=O,test
7638,C-1205,CCNC1=NC(=NC(=N1)Cl)NC(C)(C)C,test
7639,C-1208,CCNC1=NC(=NC(=N1)NCC)SC,validation
7640,C-1211,CCC(C)([S](=O)(=O)CC)[S](=O)(=O)CC,calibration
7641,C-1214,CCNC(=O)N1C=C(F)C(=O)NC1=O,test
7642,C-1216,NC1=[N+]([O-])C(=NC(=C1)N2CCCCC2)N,validation
7643,C-1217,CCOC(=O)OCN1C(=O)NC=C(F)C1=O,test
7644,C-1219,CC(C)NCC(O)COC1=C(OCC=C)C=CC=C1,calibration
7645,C-1222,COC1=NC(=NC(=N1)NC(C)C)NC(C)C,test
7646,C-1223,CCOC(=O)N1C=C(F)C(=O)NC1=O,validation
7647,C-1225,CN(C)C(=O)N1C=C(F)C(=O)NC1=O,test
7648,C-1229,CCC(=O)OCN1C=C(F)C(=O)NC1=O,calibration
7649,C-1230,CCOC(=O)N1C(=O)NC=C(F)C1=O,validation
7650,C-1232,CCC(C)(C)C(=O)OC1CC(C)C=C2C=CC(C)C(CCC3CC(O)CC(=O)O3)C12,test
7651,C-1233,CC(C)(C)C(=O)OCN1C=C(F)C(=O)NC1=O,calibration
7652,C-1237,CCCC(=O)OCN1C=C(F)C(=O)NC1=O,validation
7653,C-1238,O=C(COC(=O)C1=CC=CC=C1)N2CCCC2,validation
7654,C-1239,CC(C)(C)NCC(O)COC1=C(C=CC=C1)C2CCCC2,calibration
7655,C-1241,CN(C)C(=O)COC(=O)C1=C(O)C=CC=C1,test
7656,C-1244,CCC(C)C(=O)OC1CCC=C2C=CC(C)C(CCC3CC(O)CC(=O)O3)C12,test
7657,C-1245,CCCCOC(=O)N1C=C(F)C(=O)NC1=O,test
7658,C-1246,COCCN(C(=O)CCl)C1=C(C)C=CC=C1C,calibration
7659,C-1248,CC(C)COC(=O)N1C=C(F)C(=O)NC1=O,calibration
7660,C-1249,CCN(CCO)C(=O)COC(=O)C1=CC=CC=C1,validation
7661,C-1250,FC1=CN(C(=O)NC1=O)C(=O)OCCCl,test
7662,C-1254,CN1CCC23CCCCC2C1CC4=C3C=C(O)C=C4,calibration
7663,C-1256,COC(=O)NC1=NC2=CC=CC=C2[NH]1,calibration
7664,C-1257,CCC(C)C(=O)OC1CC(O)C=C2C=CC(C)C(CCC3CC(O)CC(=O)O3)C12,calibration
7665,C-1261,OC(=O)CCCC1=CC=C(C=C1)N(CCCl)CCCl,test
7666,C-1263,CC(C)N(C(C)C)C(=O)COC(=O)C1=CC=CC=C1,test
7667,C-1264,OCCN(CCO)C(=O)COC(=O)C1=CC=CC=C1,validation
7668,C-1267,CCCCCCOC(=O)N1C=C(F)C(=O)NC1=O,test
7669,C-1269,CCN(CC)C(=O)COC(=O)C1=C(O)C=CC=C1,calibration
7670,C-1272,COC1=CC2=C(CC3C4CCCCC24CCN3C)C=C1,test
7671,C-1273,CNC1=CC=C(C=C1)[S](=O)(=O)N(C)C,calibration
7672,C-1275,OCC(CO)(CO)NC(=O)COC(=O)C1=CC=CC=C1,calibration
7673,C-1276,CN(CC(N)=O)C(=O)COC(=O)C1=CC=CC=C1,test
7674,C-1277,CCCCCCCCNC(=O)N1C=C(F)C(=O)NC1=O,test
7675,C-1278,CC1CCCC(C)N1C(=O)COC(=O)C2=CC=CC=C2,test
7676,C-1280,COCCN(CCOC)C(=O)COC(=O)C1=CC=CC=C1,calibration
7677,C-1281,CC(=O)OC1=CC=CC=C1C(=O)OCC(N)=O,calibration
7678,C-1282,CON(C1CCCCC1)C(=O)C2=C(C)OC(=C2)C,validation
7679,C-1284,OC(=O)C1=C(C=CC=C1)C2=CC=CC=C2,test
7680,C-1287,CCOC(=O)CN(C)C(=O)COC(=O)C1=CC=CC=C1,calibration
7681,C-1288,CC(=O)OC[N]1N=CC2=C1N=CNC2=O,validation
7682,C-1290,OC(=O)C1CCN1C(=O)COC(=O)C2=CC=CC=C2,calibration
7683,C-1292,FC(F)(F)C1=CC=CC(=C1)N2CC(CCl)C(Cl)C2=O,test
7684,C-1295,CCNC(=O)COC(=O)C1=CC=CC=C1OC(C)=O,test
7685,C-1297,CCOC(=O)COC(=O)C1=CC=CC=C1OC(C)=O,test
7686,C-1298,CN(C)C(=O)COC(=O)C1=CC=CC=C1OC(C)=O,test
7687,C-1299,CN(C)[S](=O)(=O)C1=CC=C(C=C1)N(C)C=O,test
7688,C-1301,CC(=O)OCCOC[N]1C=NC2=C1N=C(N)N=C2,test
7689,C-1303,NC(=O)C1CCCN1C(=O)COC(=O)C2=CC=CC=C2,validation
7690,C-1305,CN1CCC23C4OC5=C(O)C=CC(=C25)CC1C3C=CC4O,calibration
7691,C-1308,OC(=O)C1CCCN1C(=O)COC(=O)C2=CC=CC=C2,test
7692,C-1309,CCCC(=O)OC[N]1C=C2C(=O)NC=NC2=N1,test
7693,C-1311,CCCC(=O)OC[N]1N=CC2=C1N=CNC2=O,validation
7694,C-1314,CC(=O)NC1=NC2=C(C=N1)N=C[N]2COCCO,test
7695,C-1316,CN(C)[S](=O)(=O)C1=CC=C(C=C1)N(C)C(C)=O,test
7696,C-1318,COCC(=O)N(C(C)C(=O)OC)C1=C(C)C=CC=C1C,test
7697,C-1319,CCN(CC)C(=O)COC(=O)C1=CC=CC=C1OC(C)=O,calibration
7698,C-1320,CC(C)(C)C(=O)OC[N]1C=C2C(=O)NC=NC2=N1,test
7699,C-1322,CC1(C)C(C=C(Cl)Cl)C1C(=O)OCC2=C(F)C(=CC(=C2F)F)F,validation
7700,C-1323,CC(C)(C)C(=O)OC[N]1N=CC2=C1N=CNC2=O,test
7701,C-1328,ClC1=C(Cl)C(=CC(=C1)OC2=CC=CC=C2)Cl,test
7702,C-1330,CC(=O)OCCOC[N]1C=NC2=C1N=C(N)NC2=O,validation
7703,C-1333,CCC(=O)N(C)C1=CC=C(C=C1)[S](=O)(=O)N(C)C,calibration
7704,C-1334,ClC1=CC(=C(OC2=CC=CC=C2)C=C1Cl)Cl,test
7705,C-1336,CC(=O)OC1=CC=CC=C1C(=O)OCC(=O)N2CCOCC2,calibration
7706,C-1339,NC1=C(C=CC2=C1C=CC=C2)[S](O)(=O)=O,calibration
7707,C-1340,CCCCCCC(C)OC(=O)COC1=NC(=C(Cl)C(=C1Cl)N)F,test
7708,C-1342,FC1=CNC(=O)N(C1=O)C(=O)C2=CC=CC=C2,test
7709,C-1343,CCCN(CCC)C(=O)COC(=O)C1=CC=CC=C1OC(C)=O,calibration
7710,C-1344,CC1=CC(=NC(=N1)NN=C(C)C2=CC=CC=C2C)C,calibration
7711,C-1345,CC(=O)OC1=CC=CC=C1C(=O)OCC(=O)NCC(N)=O,validation
7712,C-1346,CCCC(=O)N(C)C1=CC=C(C=C1)[S](=O)(=O)N(C)C,calibration
7713,C-1347,CCN(CC)CCCC(C)NC1=CC=NC2=C1C=CC(=C2)Cl,validation
7714,C-1348,CCN(CC)C(=O)C(C)OC(=O)C1=CC=CC=C1OC(C)=O,test
7715,C-1349,CC(C)N(C(C)C)C(=O)COC(=O)C1=CC=CC=C1OC(C)=O,test
7716,C-1350,CC(=O)NC1=NC2=C(N=C[N]2COCCO)C(=O)N1,test
7717,C-1351,CC1=C(NC2=CC=CC=C2C(O)=O)C=CC=C1Cl,validation
7718,C-1352,CCN1C=C(C(=O)OC)C(=O)C2=C1N=C(C)C=C2,test
7719,C-1354,FC1=CN(C(=O)NC1=O)C(=O)OCC2=CC=CC=C2,test
7720,C-1355,CC1C(SC(=O)N1C(=O)NC2CCCCC2)C3=CC=C(Cl)C=C3,calibration
7721,C-1357,FC1=CN(C(=O)NC1=O)C(=O)OC2=CC=CC=C2,calibration
7722,C-1358,CCCCC(=O)N(C)C1=CC=C(C=C1)[S](=O)(=O)N(C)C,validation
7723,C-1361,CCN(CC)CC(=O)OC[N]1N=CC2=C1N=CNC2=O,calibration
7724,C-1362,FC1=CNC(=O)N(C(=O)OC2=CC=CC=C2)C1=O,calibration
7725,C-1364,NC1=NC2=C(N=C[N]2C3OC(CO)C(O)C3O)C(=O)N1,validation
7726,C-1372,CCCCCC(=O)N(C)C1=CC=C(C=C1)[S](=O)(=O)N(C)C,validation
7727,C-1373,CC(=O)NC1=NC2=C(C=N1)N=C[N]2COCCOC(C)=O,test
7728,C-1374,CC(C)(C)C(O)C(CC1=CC=C(Cl)C=C1)[N]2C=NC=N2,test
7729,C-1375,CCN(CC)C(=O)NC1=CC(=C(OCC(O)CNC(C)(C)C)C=C1)C(C)=O,test
7730,C-1377,CCOC(=O)CNC(=O)COC(=O)C1=CC=CC=C1OC(C)=O,test
7731,C-1378,ClC1=CC(=C(OC2=CC=C(Cl)C=C2Cl)C=C1)Cl,test
7732,C-1379,CO[P](=S)(OC)OC1=C(Cl)C=C(C=C1)[N+]([O-])=O,validation
7733,C-1380,FC1=CNC(=O)N(COC(=O)OC2=CC=CC=C2)C1=O,validation
7734,C-1382,CCCCCCC(=O)N(C)C1=CC=C(C=C1)[S](=O)(=O)N(C)C,test
7735,C-1384,CCCCCCC(=O)N(C)[S](=O)(=O)C1=CC=C(C=C1)N(C)C,test
7736,C-1386,CCCCCCCC(=O)N(C)C1=CC=C(C=C1)[S](=O)(=O)N(C)C,calibration
7737,C-1388,CC(=O)OC[N]1C=C2C(=O)N(COC(C)=O)C=NC2=N1,calibration
7738,C-1389,CCOC(=O)CN(C)C(=O)COC(=O)C1=CC=CC=C1OC(C)=O,test
7739,C-1391,COC1=CC=C2C=C(C=CC2=C1)C(C)C(=O)OCC(N)=O,calibration
7740,C-1392,CO[P](=O)(OC)SCN1C(=O)OC2=CC(=CN=C12)Cl,test
7741,C-1394,OC1=C2OC3C(=O)CCC4(O)C5CC(=C2C34CCN5CC=C)C=C1,test
7742,C-1396,CC(=O)OC1=CC=CC=C1C(=O)OCN2C(=O)CCC2=O,validation
7743,C-1399,CCOC(=O)NC1=CC(=CC=C1)OC(=O)NC2=CC=CC=C2,calibration
7744,C-1400,CC(C(O)=O)C1=CC=C(C=C1)N2CC3=C(C=CC=C3)C2=O,validation
7745,C-1402,CC(=O)NC1=NC2=C(N=C[N]2COCCOC(C)=O)C(=O)N1,test
7746,C-1407,[O-][N+]1=NC(=NC2=C1C=C(Cl)C=C2)[N]3C=CN=C3,calibration
7747,C-1409,CC1=C(C)N=C(N[S](=O)(=O)C2=CC=C(N)C=C2)O1,validation
7748,C-1410,ClC1=CC=C(OC2=C(Cl)C(=C(Cl)C=C2)Cl)C=C1Cl,test
7749,C-1411,OC(=O)C(=C)CC(=O)C1=CC=C(C=C1)C2=CC=CC=C2Cl,test
7750,C-1412,CCN(CC)C(=O)CCC(=O)OC[N]1N=CC2=C1N=CNC2=O,calibration
7751,C-1413,COC1=CC=C2C=C(C=CC2=C1)C(C)C(=O)OCC(=O)N(C)C,validation
7752,C-1417,CO[P](=O)(OC)OC(=C\Cl)/C1=C(Cl)C=C(Cl)C(=C1)Cl,test
7753,C-1418,CO/N=C(C(=O)OC)/C1=C(COC2=C(C)C=CC=C2)C=CC=C1,test
7754,C-1419,OC1=CC(=C2C(=O)CC(OC2=C1)C3=CC=C(O)C(=C3)O)O,validation
7755,C-1420,CCN1C=C(C(=O)OCOC(C)=O)C(=O)C2=C1N=C(C)C=C2,calibration
7756,C-1425,O=C1NC=NC2=C1C=N[N]2COC(=O)C3=CC=CC=C3,test
7757,C-1427,CCCC(=O)OC[N]1C=C2C(=O)N(COC(=O)CCC)C=NC2=N1,validation
7758,C-1429,CCN1C=C(C(=O)OCOC(=O)CC)C(=O)C2=C1N=C(C)C=C2,test
7759,C-1430,CCO[P](=S)(OCC)OC1=CC=C(C=C1)[S](C)(=O)=O,test
7760,C-1431,CCN(CC)C(=O)COC(=O)C(C)C1=CC2=CC=C(OC)C=C2C=C1,test
7761,C-1432,COC1=CC=C2C=C(C=CC2=C1)C(C)C(=O)OCC(=O)N(C)CCO,test
7762,C-1435,CC(C)(C)C(=O)OC[N]1C=C2C(=O)N(COC(=O)C(C)(C)C)C=NC2=N1,validation
7763,C-1437,ClC1=CC(=C(OC2=CC(=C(Cl)C(=C2)Cl)Cl)C=C1Cl)Cl,test
7764,C-1438,CC(C)OC1=C(Cl)C=C(Cl)C(=C1)N2N=C(OC2=O)C(C)(C)C,calibration
7765,C-1441,ClC1=CC=C(OC2=C(Cl)C(=C(Cl)C(=C2)Cl)Cl)C=C1Cl,test
7766,C-1442,ClC1=CC(=C(OC2=CC(=C(Cl)C=C2Cl)Cl)C=C1Cl)Cl,validation
7767,C-1444,CC(C)(C)C(=O)OCN1C=NC2=C(C=N[N]2COC(=O)C(C)(C)C)C1=O,test
7768,C-1445,ClC1=C(Cl)C(=C(OC2=CC(=C(Cl)C=C2Cl)Cl)C=C1)Cl,validation
7769,C-1446,COC(=O)[N]1C2=C(C=CC=C2)N=C1C3=CSC=N3,validation
7770,C-1447,ClC1=C(Cl)C(=C(OC2=CC=C(Cl)C(=C2Cl)Cl)C=C1)Cl,test
7771,C-1448,CCCC(=O)OCOC(=O)C1=CN(CC)C2=C(C=CC(=N2)C)C1=O,validation
7772,C-1449,ClC1=CC=C(OC2=C(Cl)C(=C(Cl)C(=C2)Cl)Cl)C(=C1)Cl,validation
7773,C-1450,ClC1=CC(=C(OC2=C(Cl)C=C(Cl)C(=C2)Cl)C(=C1)Cl)Cl,test
7774,C-1452,CCN1C=C(C(=O)OCOC(=O)C(C)C)C(=O)C2=C1N=C(C)C=C2,test
7775,C-1453,ClC1=CC(=C(OC2=C(Cl)C(=C(Cl)C=C2)Cl)C(=C1)Cl)Cl,calibration
7776,C-1455,ClC1=CC=C(OC2=C(Cl)C(=C(Cl)C(=C2Cl)Cl)Cl)C=C1,test
7777,C-1456,CC(OC1=CC=C(OC2=NC=C(Cl)C=C2F)C=C1)C(=O)OCC#C,test
7778,C-1458,CN1C(=O)C(O)N=C(C2=CC=CC=C2)C3=C1C=CC(=C3)Cl,test
7779,C-1463,CN1CCN(CC1)C2=NC3=C(NC4=C2C=CC=C4)C=CC(=C3)Cl,test
7780,C-1464,CCOC(=O)[N]1C2=C(C=CC=C2)N=C1C3=CSC=N3,test
7781,C-1467,COC1=CC=C2C=C(C=CC2=C1)C(C)C(=O)OCC(=O)N(CCO)CCO,test
7782,C-1469,ClC1=CC2=C(C=C1)N(CC3CC3)C(=O)CN=C2C4=CC=CC=C4,test
7783,C-1471,CCN(CC)C(=O)COC(=O)C1=CN(CC)C2=C(C=CC(=N2)C)C1=O,test
7784,C-1476,COC1=CC=C2C=C(C=CC2=C1)C(C)C(=O)OCC(=O)N(C)CC(N)=O,validation
7785,C-1477,CCCOC(=O)[N]1C2=C(C=CC=C2)N=C1C3=CSC=N3,validation
7786,C-1478,OC1=C(C2CCCC3=CC=CC=C23)C(=O)OC4=CC=CC=C14,calibration
7787,C-1479,CCCCNC(=O)OC1=C(O)C(=CC(=C1)\C=C(C#N)/C(=O)N(CC)CC)[N+]([O-])=O,calibration
7788,C-1481,ClC1=C(Cl)C=C(OC2=C(Cl)C(=C(Cl)C(=C2)Cl)Cl)C(=C1)Cl,validation
7789,C-1483,ClC1=CC=C(OC2=C(Cl)C(=C(Cl)C(=C2Cl)Cl)Cl)C=C1Cl,test
7790,C-1484,CCN(CC)C(=O)\C(=C/C1=CC(=C(O)C(=C1)[N+]([O-])=O)OC(=O)NC(C)(C)C)C#N,calibration
7791,C-1485,ClC1=C(Cl)C=C(OC2=C(Cl)C(=CC(=C2Cl)Cl)Cl)C(=C1)Cl,test
7792,C-1487,ClC1=CC=C(OC2=C(Cl)C(=CC(=C2Cl)Cl)Cl)C(=C1Cl)Cl,test
7793,C-1488,ClC1=CC=C(Cl)C(=C1Cl)OC2=C(Cl)C(=C(Cl)C(=C2)Cl)Cl,test
7794,C-1489,CC(C)COC(=O)[N]1C2=C(C=CC=C2)N=C1C3=CSC=N3,test
7795,C-1498,CO[P](=O)(OC1=C(Cl)C=C(Br)C(=C1)Cl)C2=CC=CC=C2,test
7796,C-1499,ClC1=C(Cl)C=C(OC2=C(Cl)C(=C(Cl)C(=C2Cl)Cl)Cl)C(=C1)Cl,calibration
7797,C-1500,ClC1=C(Cl)C(=C(OC2=C(Cl)C(=C(Cl)C(=C2Cl)Cl)Cl)C=C1)Cl,test
7798,C-1501,ClC1=C(Cl)C(=C(Cl)C(=C1)Cl)OC2=C(Cl)C(=C(Cl)C(=C2)Cl)Cl,test
7799,C-1503,CO\N=C(C)/C1=CC=CC(=C1C(=O)OC)OC2=NC(=CC(=N2)OC)OC,validation
7800,C-1506,COC1=CC2=C([NH]C(=N2)[S](=O)CC3=C(C)C(=C(C)C=N3)OC)C=C1,validation
7801,C-1507,CCOC(=O)C(C)OC1=CC=C(OC2=NC3=C(C=C(Cl)C=C3)N=C2)C=C1,validation
7802,C-1508,[NH]1C2=C(C=CC3=C2C=CC=C3)C4=C1C5=C(C=CC=C5)C=C4,validation
7803,C-1509,NC1=NC2=C(N=C[N]2COCCOC(=O)C3=CC=C(CN4CCOCC4)C=C3)C(=O)N1,calibration
7804,C-1512,FC(F)C(F)(F)OC1=C(Cl)C=C(NC(=O)NC(=O)C2=C(F)C=CC=C2F)C=C1Cl,test
7805,C-1513,OC1=C(Br)C=C(\C=N\OC2=C(C=C(C=C2)[N+]([O-])=O)[N+]([O-])=O)C=C1Br,test
7806,C-1514,CC1COC(C[N]2C=NC=N2)(O1)C3=C(Cl)C=C(OC4=CC=C(Cl)C=C4)C=C3,calibration
7807,C-1515,O=C1C2=C(SC(=C(S2)C#N)C#N)C(=O)C3=C1C=CC=C3,validation
7808,C-1523,CC(C)N=C1C=C2N(C3=CC=C(Cl)C=C3)C4=C(C=CC=C4)N=C2C=C1NC5=CC=C(Cl)C=C5,test
7809,C-1524,CC(=O)OC1C(=O)C2(C)C(O)CC3OCC3(OC(C)=O)C2C(OC(=O)C4=CC=CC=C4)C5(O)CC(OC(=O)C(O)C(NC(=O)C6=CC=CC=C6)C7=CC=CC=C7)C(=C1C5(C)C)C,calibration
7810,C-1526,C1CCCNCC1,test
7811,C-1529,CC(C)(C)C(C)(C)C,validation
7812,C-1531,CC1CNC(C)CN1,validation
7813,C-1536,CCC(C)(N)C(O)=O,test
7814,C-1537,CCCC(=O)CCC,validation
7815,C-1539,OC1CC(O)C(O)C(O)C1O,test
7816,C-1541,CCC(CO)NCCNC(CC)CO,test
7817,C-1542,N[C]12C[CH]3[CH2]C([CH2][CH](C3)C1)C2,test
7818,C-1546,I\C=C\I,validation
7819,C-1548,CC(\C=N\O)=N/O,calibration
7820,C-1551,CCCC(N)C(O)=O,test
7821,C-1558,C\C(Br)=C\C(O)=O,test
7822,C-1561,CCC(Br)(CC)C(N)=O,test
7823,C-1564,CC(=N\O)\C(C)=N\O,test
7824,C-1569,CC(CC(O)=O)C(O)=O,validation
7825,C-1570,C\C(I)=C\C(O)=O,validation
7826,C-1571,CCCCCCCCCCCCCCC(O)=O,validation
7827,C-1572,NCC(=O)NCC(O)=O,validation
7828,C-1573,CC(CCC(O)=O)CC(O)=O,test
7829,C-1580,CN(C)C(=O)NC1CCCCCCC1,calibration
7830,C-1582,OC1CC(=CC(O)C1O)C(O)=O,test
7831,C-1583,CC12C3CCC(O3)C1(C)C(=O)OC2=O,validation
7832,C-1586,CCCCCCCCCCCCCCCCC(O)=O,validation
7833,C-1588,OC(=O)\C=C\C=C\C(O)=O,test
7834,C-1589,OC(C(O)=O)C(Cl)(Cl)Cl,calibration
7835,C-1592,CCCCCCCCCCCCCCCCCC(O)=O,validation
7836,C-1593,O=C1CCC(=O)N1,calibration
7837,C-1594,CC(=O)OC1CC2CCC1(C)C2(C)C,test
7838,C-1601,NC1CONC1=O,calibration
7839,C-1603,OC(=O)/C(S)=C/C1CCCCC1,validation
7840,C-1604,OC(=O)C1CCC(=CC1)C(O)=O,test
7841,C-1605,OC(=O)CCCCCCCCCCCC(O)=O,test
7842,C-1608,CC1=CC=CC=C1CO,test
7843,C-1612,NC1=NC(=CC=C1)N,test
7844,C-1613,NC1=CC=CN=C1N,validation
7845,C-1619,CCCCCCCCCCCCCCCCCC(=O)OC=C,test
7846,C-1626,CC1=CNC(=O)N=C1N,calibration
7847,C-1627,CCC(CC=C)(C(=O)NC(N)=O)C(=O)OC,test
7848,C-1630,OCC(O)C(O)C(O)C(=O)CO,validation
7849,C-1632,NC1=CNC(=O)NC1=O,calibration
7850,C-1633,N#CC1=C(C=CC=C1)C#N,calibration
7851,C-1634,CN(C)C(CSC(N)=O)CSC(N)=O,test
7852,C-1636,O=CC(=O)C1=CC=CC=C1,test
7853,C-1638,OC(=O)C1=CC=C(Cl)O1,calibration
7854,C-1641,O=CC1=CC=CC=C1C=O,validation
7855,C-1642,CCCCNC(=O)OCC(C)(CCC)COC(N)=O,test
7856,C-1645,OC(=O)CCCC1=CC=CC=C1,test
7857,C-1646,O=C1NC(=O)C2(CCCCCC2)C(=O)N1,test
7858,C-1647,NCCC1=CC(=C(O)C=C1)O,validation
7859,C-1648,CCC(=O)NC1=CC=CC=C1,test
7860,C-1650,CCCC1(CC)C(=O)NC(=S)NC1=O,validation
7861,C-1653,CC12CCC3C(CCC4CC(=O)CCC34C)C1CC=C2,calibration
7862,C-1655,CCCCC1(CC=C)C(=O)NC(=O)NC1=O,test
7863,C-1657,CC1=C(C)C=C(C=C1)C(O)=O,calibration
7864,C-1658,CC1=CC(=C(C=C1)C(O)=O)C,test
7865,C-1659,CC1=CC(=C(C)C=C1)C(O)=O,test
7866,C-1660,CNC(=O)C1=CC=C(N)C=C1,validation
7867,C-1661,OC1=CC=C(C=C1)N=C=S,test
7868,C-1662,CCCCC1(CC)C(=O)NC(=S)NC1=O,validation
7869,C-1663,OC1=CC=CC(=C1)N=C=S,calibration
7870,C-1665,CC12CCC3C(CCC4=CC(=O)CCC34)C1CCC2O,test
7871,C-1666,CC1C(=O)NC(=O)NC1=O,test
7872,C-1667,CC1NC(=O)C(C)NC1=O,test
7873,C-1671,CC(C)C1=CC2=CCC3C(C)(CCCC3(C)C(O)=O)C2CC1,test
7874,C-1672,OC(=O)C(=O)C1=CC=CC=C1,calibration
7875,C-1673,CC12CCC(O)CC1CCC3C4CCC(=O)C4(C)CC(O)C23,calibration
7876,C-1674,OC(=O)C1=CC(=CC=C1)C#N,test
7877,C-1676,CNC(=O)NC(=O)C(C)(C(=O)OC)C1=CCCCC1,test
7878,C-1677,CCCCCC1(CC)C(=O)NC(=S)NC1=O,test
7879,C-1678,OCNC(=S)C1=CC=CC=C1,test
7880,C-1680,OC(=O)CCCNC(=O)N[C]12C[CH]3[CH2]C([CH2][CH](C3)C1)C2,test
7881,C-1681,CC1=CC=CC(=C1O)C(O)=O,test
7882,C-1682,CC1=CC=CC(=C1C(O)=O)O,calibration
7883,C-1685,CNC(=O)C(C)SCCS[P](=O)(OC)OC,calibration
7884,C-1686,OC(=O)C1=C(Br)C=CO1,calibration
7885,C-1687,CN(C)C1=C(C)N=C(Cl)N=C1,test
7886,C-1689,CCCCCCC1(CC)C(=O)NC(=S)NC1=O,test
7887,C-1690,O=C1NC(=O)C2(CCCCCCCCC2)C(=O)N1,test
7888,C-1691,CC12CCC3C(CC=C4CC(CCC34C)OC=O)C1CCC2=O,validation
7889,C-1692,OC(=O)C1=CC=C(O)C=C1O,validation
7890,C-1693,CC(C)CC1NC(=O)CNC1=O,test
7891,C-1696,O[S](=O)(=O)C1=NC=C[NH]1,calibration
7892,C-1697,OC(=O)/C=C/C=C/C1=CC=CC=C1,test
7893,C-1699,CC12CCC(=O)CC1CCC3C4CCC(OC=O)C4(C)CCC23,test
7894,C-1700,CCOC1=CC=C(C=C1)N=C=S,calibration
7895,C-1701,CNC(=O)NC(=O)C(C)(C(=O)OCOC)C1=CCCCC1,calibration
7896,C-1703,COC1=CC=C(C=C1)C(=O)NCO,validation
7897,C-1705,OC(=O)/C=C(Cl)/C1=CC=CC=C1,validation
7898,C-1706,COC1=CC=CC(=C1)C(=O)NCO,validation
7899,C-1710,CCCCCCC1=CC=C(C=C1)C(O)=O,test
7900,C-1712,CC1=NC2=C([NH]1)C=NC=N2,validation
7901,C-1713,BrC1=CC=C(C=C1)N=C=S,test
7902,C-1714,CN1C(=O)C23CC4=CC=CC(O)C4N2C(=O)C1(CO)SS3,validation
7903,C-1717,CC12CCC3C(CCC4=CC(=O)CCC34C)C1CCC2OC=O,test
7904,C-1718,CC(=O)C1=CC=C(C=C1)N=C=S,calibration
7905,C-1720,NC1=NC2=C([NH]1)N=CN=C2,test
7906,C-1721,OC(=O)/C(S)=C/C1=CC=CC=C1,test
7907,C-1722,OC(=O)C(S)CC1=CC=CC=C1,test
7908,C-1727,OC(=O)CCCOC1=CC=C(Cl)C=C1,validation
7909,C-1729,OC(=O)C1=CC=CN=C1C(O)=O,test
7910,C-1730,O=C(NCN1CCCCC1)C2=CC=CC=C2,test
7911,C-1731,CC(=O)OC1=CC=C(C=C1)C(C)=O,validation
7912,C-1734,CC(=O)OC1=CC=C(C=C1)C(N)=O,test
7913,C-1735,CC(=O)N1C=C(F)C(=O)NC1=O,test
7914,C-1736,[O-][N+](=O)C1=CC=CC(=C1)N=C=S,test
7915,C-1737,NCCC1=C[NH]C2=C1C=CC=C2,validation
7916,C-1738,CC(CCC(O)=O)C1CCC2C3CCC4CC(O)CCC4(C)C3CCC12C,calibration
7917,C-1739,CC(=O)N1C(=O)NC=C(F)C1=O,test
7918,C-1740,CC(CCC(O)=O)C1CCC2C3C(O)CC4CCCCC4(C)C3CCC12C,validation
7919,C-1743,S=C=NC1=CC=CC(=C1)N=C=S,calibration
7920,C-1745,CC(=O)OC1CCC2(C)C3CCC4(C)C(CCC4=O)C3CC=C2C1,calibration
7921,C-1746,OC1=CC=CC(=C1)NN=C(C#N)C#N,test
7922,C-1747,COC1=NC2=C([NH]C=N2)C=N1,validation
7923,C-1748,CCC1=CC(=CC(=C1)OC(=O)NC)CC,calibration
7924,C-1751,CCOC(=O)C1=CC(=C(O)C=C1)OC,test
7925,C-1752,CC(=O)NC1=CC=CC(=C1)N=C=S,calibration
7926,C-1753,COC1=NC=NC2=C1[NH]C=N2,test
7927,C-1755,OCC1=NC2=C([NH]1)C=NC=N2,test
7928,C-1756,COC(=O)C1=CC=C(NC(C)=O)C=C1,test
7929,C-1758,CC1=NC2=C(C=NC=N2)N=C1,calibration
7930,C-1762,CC(C)NC1=NC(=NC(=O)N1)NC(C)C,calibration
7931,C-1763,ClC1=CC=C(NN=C(C#N)C#N)C=C1,test
7932,C-1766,CC(=O)OC1CCC2C3CCC4CC(=O)CCC4(C)C3CCC12C,test
7933,C-1767,OC(=O)CC(C(CC(O)=O)C(O)=O)C(O)=O,test
7934,C-1768,OC(=O)C1=CC=C(O)C(=C1)C(O)=O,test
7935,C-1769,COC(=O)C1=CC=C(OC(C)=O)C=C1,test
7936,C-1771,CCC(=O)OC1CCC2(C)C3CCC4(C)C(CCC4=O)C3CC=C2C1,test
7937,C-1772,NC1=NC2=C(C=NC=N2)N=C1,test
7938,C-1773,NC1=NC2=C(N=CN=C2)N=C1,calibration
7939,C-1775,CCCC(=O)NNC(=O)C1=CC=NC=C1,test
7940,C-1777,CC(=O)OC1=CC=C(NC(N)=O)C=C1,calibration
7941,C-1778,OC(=O)C1=C(O)C(=CC=C1)C(O)=O,test
7942,C-1780,NC1=NC2=C(N=C[NH]2)C(=N1)N,calibration
7943,C-1781,CCNC1=NC(=NC(=O)N1)N(CC)CC,calibration
7944,C-1782,IC1=CC=CC(=C1)N=C=S,test
7945,C-1783,NC1=NC=NC2=C1N=CC=N2,validation
7946,C-1785,CC1CCC2(OC1)OC3CC4C5CC=C6CC(O)CCC6(C)C5CCC4(C)C3C2C,test
7947,C-1786,O=C1NC2=C(C=NC=N2)N=C1,calibration
7948,C-1787,O=C1NC2=C(N=CN=C2)N=C1,calibration
7949,C-1789,O=C1NC2=C(C=N1)N=CC=N2,test
7950,C-1790,OC(=O)C1=CC=CC(=C1C(O)=O)O,test
7951,C-1791,CCOC(=O)C1=CC=C(C=C1)N=C=S,calibration
7952,C-1792,CCCNC1=NC(=NC(=N1)Cl)NC(C)C,test
7953,C-1793,NC1=NC(=O)NC2=C1N=C[NH]2,test
7954,C-1794,O=C1NC2=C(N1)C=NC(=O)N2,calibration
7955,C-1800,O=C1NC2=C(N1)C(=O)NC=N2,validation
7956,C-1802,CC(=O)OC(C(O)=O)C1=CC=CC=C1,validation
7957,C-1803,OC(=O)COC1=C(Cl)C=CC(=C1)Cl,calibration
7958,C-1807,OC(=O)COC1=C(Cl)C=CC=C1Cl,test
7959,C-1808,CN(C)C1=NC=NC2=C1N=C[NH]2,test
7960,C-1810,CCCCC(=O)NNC(=O)C1=CC=NC=C1,test
7961,C-1814,CCCC(=O)N1C(=O)NC=C(F)C1=O,calibration
7962,C-1816,CCC(=O)OC1=CC=C(NC(C)=O)C=C1,test
7963,C-1817,CC1=CC=C(C=C1)[S](=O)(=O)NN,validation
7964,C-1818,CCC(=O)NC1=NC(=C(Cl)S1)C,test
7965,C-1819,CC(CCC(O)=O)C1CCC2C3C(O)C(O)C4CC(O)CCC4(C)C3CCC12C,test
7966,C-1823,ClC1=NC2=C(C=N1)N=CC=N2,test
7967,C-1824,CCCC(=O)OC1CCC2C3CCC4=CC(=O)CCC4C3CCC12C,test
7968,C-1826,CCCCC(=O)OC1CCC2(C)C3CCC4(C)C(CCC4=O)C3CC=C2C1,calibration
7969,C-1827,CNC(=S)N(C)C1=C(C)C=C(Cl)C=C1,test
7970,C-1828,O[S](=O)(=O)C1=CC=C(C=C1)[N+]#N,test
7971,C-1830,CC1=C(CCCO1)C(=O)NC2=CC=CC=C2,calibration
7972,C-1831,COC(=O)OC1=CC=C(NC(C)=O)C=C1,test
7973,C-1832,CC1=C(C=C(N)C=C1)[S](O)(=O)=O,calibration
7974,C-1833,CCCOC(=O)C1=CC=C(NC(C)=O)C=C1,validation
7975,C-1834,CCC(=O)OCN1C(=O)NC=C(F)C1=O,test
7976,C-1835,COC1=NC2=C(N=CN=C2)N=C1,test
7977,C-1836,COC1=NC2=C(C=NC=N2)N=C1,test
7978,C-1839,CCCCCC(=O)NNC(=O)C1=CC=NC=C1,test
7979,C-1841,COC(=O)C(N)CC1=CC(=C(O)C=C1)O,validation
7980,C-1843,CC1=NC2=C(N=CN=C2)N=C1C,test
7981,C-1845,S=C1NC2=C(C=NC=N2)N=C1,test
7982,C-1846,S=C1NC2=C(C=N1)N=CC=N2,test
7983,C-1847,C[N+](C)(C)C(CC1=CN=C(S)[NH]1)C([O-])=O,validation
7984,C-1848,CCCNC(=O)N1C=C(F)C(=O)NC1=O,calibration
7985,C-1849,CCCCC(=O)N1C(=O)NC=C(F)C1=O,test
7986,C-1850,OCC1OC(C(O)C1O)N2C=CC(=O)CC2=O,test
7987,C-1851,CCCC(=O)OC1=CC=C(NC(C)=O)C=C1,test
7988,C-1852,CN1C(=O)C=NC2=C1N=CN=C2,test
7989,C-1853,CC(=O)OC1(C)CCC2C3CCC4=CC(=O)CCC4(C)C3CCC12C,test
7990,C-1854,CN1C=NC2=C(N=CC=N2)C1=O,test
7991,C-1855,OCC1OC(OCC2OC(OC3(CO)OC(CO)C(O)C3O)C(O)C(O)C2O)C(O)C(O)C1O,test
7992,C-1856,NC1=NC2=C(N=C[NH]2)C(=S)N1,calibration
7993,C-1857,CCOC(=O)OCOC1=CC=C(NC(C)=O)C=C1,calibration
7994,C-1859,CC12CC(=O)C3C(CCC4=CC(=O)CCC34C)C1CCC2=O,test
7995,C-1860,CC(C)(C)C(=O)OC1(CCC2C3CCC4=CC(=O)CCC4C3CCC12C)C#C,test
7996,C-1862,CC(C)(C)C(=O)OC1=C(C=CC=C1)C(O)=O,validation
7997,C-1863,CCCCCCC(=O)NNC(=O)C1=CC=NC=C1,validation
7998,C-1865,NC1=NC2=C([NH]1)N=C(N)N=C2N,test
7999,C-1866,CC1=NC2=C(N=C1)C(=O)NC=N2,test
8000,C-1867,CCCCOC(=O)C1=CC=C(NC(C)=O)C=C1,test
8001,C-1869,CC1=NC2=C(N=CNC2=O)N=C1,validation
8002,C-1870,NC1=NC2=C(N=CC=N2)C(=N1)N,test
8003,C-1871,CCCC(=O)OC1CCC2C3CCC4=CC(=O)CCC4(C)C3CCC12C,test
8004,C-1872,CCCC(=O)OCN1C(=O)NC=C(F)C1=O,validation
8005,C-1873,CC(=O)C1=CC=C(NN=C(C#N)C#N)C=C1,validation
8006,C-1874,NC1=NC(=O)NC2=C1N=CC=N2,test
8007,C-1876,NC1=NC(=O)C2=C(N1)N=CC=N2,calibration
8008,C-1878,O=C1NC2=C(NC1=O)N=CN=C2,test
8009,C-1879,CC(=O)OC1=CC=C(C=C1)\C=N\NC(N)=O,calibration
8010,C-1880,O=C1NC2=C(N=C1)C(=O)NC=N2,calibration
8011,C-1881,CN(C)C1=NC2=C(C=NC=N2)N=C1,validation
8012,C-1883,O=C1NC2=C(N=CNC2=O)N=C1,validation
8013,C-1886,CCCCCCCC(=O)NNC(=O)C1=CC=NC=C1,validation
8014,C-1887,CCCCC(=O)OC1CCC2C3CCC4=CC(=O)CCC4(C)C3CCC12C,validation
8015,C-1890,CCCCN(CC)C1=NC(=NC(=N1)N=[N+]=[N-])N,test
8016,C-1892,[O-][N+](=O)C1=CC=C(N2CC2)C(=C1)[N+]([O-])=O,calibration
8017,C-1894,CCCOC(=O)OC1=CC=C(NC(C)=O)C=C1,test
8018,C-1895,CCCCC(=O)OCN1C(=O)NC=C(F)C1=O,test
8019,C-1896,CSC1=NC(=NC(=N1)N=[N]#N)NC(C)C,validation
8020,C-1898,CSC1=NC2=C(C=NC=N2)N=C1,test
8021,C-1900,OC(=O)COC1=CC(=C(Cl)C(=C1)Cl)Cl,test
8022,C-1901,CCCCCC(=O)OC1=CC=C(NC(C)=O)C=C1,calibration
8023,C-1902,CCCCCCCCC(=O)NNC(=O)C1=CC=NC=C1,test
8024,C-1903,CCC(CC)C(=O)OC1=C(C=CC=C1)C(O)=O,calibration
8025,C-1904,OC(=O)COC1=C(Cl)C(=CC(=C1)Cl)Cl,calibration
8026,C-1908,CN1CCCCC1C(=O)NC2=C(C)C=CC=C2C,test
8027,C-1909,O=C(COC(=O)C1=CC=CC=C1)NC2CCCCC2,test
8028,C-1910,[O-][N+](=O)C1=C(NN=C(C#N)C#N)C=CC=C1,test
8029,C-1916,CC12CCC3C(=CCC4=C3C=CC(=C4)O)C1CCC2O,validation
8030,C-1917,O=C(C1=CC=CC=C1)C2=NC=CC=C2,calibration
8031,C-1918,CCCCCC(=O)OCN1C(=O)NC=C(F)C1=O,test
8032,C-1921,CCCC(=N\OCC)/C1=C(O)CC(CC1=O)C2CCCSC2,test
8033,C-1922,CCCCOC(=O)OC1=CC=C(NC(C)=O)C=C1,calibration
8034,C-1923,CC(=O)OC1=CC2=C(C=CC=C2)C=C1,validation
8035,C-1924,CCCCCCCCC(=O)OC1CCC2C3CCC4=CC(=O)CCC4C3CCC12C,test
8036,C-1925,CCN(CC)C(=O)C(C)OC(=O)C1=CC=CC=C1,test
8037,C-1926,CCC1(CCC(=O)N(CO)C1=O)C2=CC=CC=C2,test
8038,C-1929,CCCCCCCCCC(=O)NNC(=O)C1=CC=NC=C1,calibration
8039,C-1930,CC1=CC=C(OC2=CC=C(C)C=C2)C=C1,calibration
8040,C-1931,COCCOC(=O)OC1=CC=C(NC(C)=O)C=C1,validation
8041,C-1933,OCN1C(=O)OC2=CC=C(Cl)C=C12,calibration
8042,C-1934,CC(=O)[N]1N=CC2=C1N=CNC2=O,calibration
8043,C-1935,ClC1=CC(=CC(=C1)C2(CO2)CC(Cl)(Cl)Cl)Cl,test
8044,C-1937,CC1=NC2=C(N=C1C)C(=O)NC=N2,validation
8045,C-1938,CC12CCC(=O)C=C1C=CC3C2CCC4(C)C3CCC4(O)CCC(O)=O,test
8046,C-1939,CC(=O)OC1=CC2=C(NC(=O)C2)C=C1,validation
8047,C-1942,CCC1=NC2=C(N=CN=C2)N=C1CC,validation
8048,C-1944,NC(=N)NC(=O)C1=NC(=C(N)N=C1N)Cl,validation
8049,C-1948,CCN(CC)CCOC(=O)C1=CC=C(NC(C)=O)C=C1,test
8050,C-1949,ClCC(=O)C1=CC=C(NN=C(C#N)C#N)C=C1,test
8051,C-1950,CCCCCOC(=O)C(N)CC1=CC(=C(O)C=C1)O,validation
8052,C-1951,CCC(CC)(C(=O)NC(N)=O)C(=O)OCC1=CC=CC=C1,test
8053,C-1952,CCCCCCCC(=O)OC1=CC=C(NC(C)=O)C=C1,test
8054,C-1953,CN(C1CCCCC1)C(=O)COC(=O)C2=CC=CC=C2,test
8055,C-1954,NC1=NC(=O)C2=C(N1)N=CC(=O)N2,test
8056,C-1955,O=C1NC(=O)C2=C(N1)NC(=O)C=N2,test
8057,C-1956,CCC1CCCCN1C(=O)COC(=O)C2=CC=CC=C2,test
8058,C-1957,CCCCCCCC(=O)OCN1C(=O)NC=C(F)C1=O,validation
8059,C-1958,O=C1NC=NC2=C1NC(=O)C(=O)N2,calibration
8060,C-1959,CC12CCC3C(=CCC4=C3C=CC(=C4)O)C1CCC2=O,test
8061,C-1960,CCC(C(=O)NC(N)=O)(C(=O)OC)C1=CC=CC=C1,calibration
8062,C-1962,COCC(C)OC(=O)OC1=CC=C(NC(C)=O)C=C1,test
8063,C-1963,CCCCCCOC(=O)OC1=CC=C(NC(C)=O)C=C1,test
8064,C-1965,OCN1C=NC2=C(C=N[N]2CO)C1=O,calibration
8065,C-1966,CCC(=O)[N]1N=CC2=C1N=CNC2=O,validation
8066,C-1967,CC(C)CN(CC(C)C)C(=O)COC(=O)C1=CC=CC=C1,calibration
8067,C-1969,CCCCCCC(=O)OC1(CCC2C3CCC4=CC(=O)CCC4C3CCC12C)C#C,calibration
8068,C-1971,CC(=O)C1=CC=C(OC2OC(CO)C(O)C(O)C2O)C=C1,test
8069,C-1972,C[N]1C=NC2=C1C(=NC(=O)N2)NCCO,validation
8070,C-1973,CNC(=O)N(C)C1=NN=C(S1)C(C)(C)CCl,test
8071,C-1976,CC(O)CN(CC(C)O)C(=O)COC(=O)C1=CC=CC=C1,test
8072,C-1978,CCCCCCCCCC(=O)OC1=CC=C(NC(C)=O)C=C1,calibration
8073,C-1979,CCC1(C(=O)NC(=S)NC1=O)C2=CC=CC=C2,test
8074,C-1982,S=C=NC1=CC=C(C=C1)C2=CC=CC=C2,calibration
8075,C-1983,NC1=CC(=C(C=C1)C(O)=O)[S](O)(=O)=O,test
8076,C-1984,NC(CC1=CC(=C(O)C=C1)O)C(=O)OC2CCCCC2,validation
8077,C-1985,C1CC2=CC=C3CCCC4=CC=C(C1)C2=C34,validation
8078,C-1986,OC(=O)COC1=C(Cl)C(=C(Cl)C=C1Cl)Cl,test
8079,C-1987,CCCC(=O)[N]1N=CC2=C1N=CNC2=O,test
8080,C-1988,CCC1=NC2=C(N=C(N)N=C2)N=C1CC,calibration
8081,C-1990,OC(=O)CC1=CC=C(C=C1)C2=CC=CC=C2,calibration
8082,C-1992,CCC1=NC2=C(N=C1CC)C(=NC=N2)N,calibration
8083,C-1993,CCN(CC)[S](=O)(=O)C1=CC=C(N)C=C1,test
8084,C-1996,CC(=O)OC1=CC=C(C=C1)C2=CC=CC=C2,calibration
8085,C-1998,CC(C)(C)NC(=O)C1CCC2C3CC=C4C=C(CCC4(C)C3CCC12C)C(O)=O,calibration
8086,C-1999,CC1(C)SC2C(N=CN3CCCCCC3)C(=O)N2C1C(O)=O,validation
8087,C-2001,OCC1OC(CC1O)N2C=C(C(=O)NC2=O)C(F)(F)F,calibration
8088,C-2002,CN1C(=O)N(C)C2=C([N](CO)C=N2)C1=O,validation
8089,C-2005,CCC1(C(=O)NC(=O)N(CO)C1=O)C2=CC=CC=C2,test
8090,C-2007,CC(=O)OCSC1=NC=NC2=C1N=C[NH]2,calibration
8091,C-2008,O=C1NC(=O)C2=C(N1)NC(=O)C(=O)N2,validation
8092,C-2011,CNC(/NCCSCC1=CC=C(CN(C)C)O1)=C/[N+]([O-])=O,test
8093,C-2012,CC12CC(=O)C3C(CCC4=CC(=O)C=CC34C)C1CCC2(O)C(=O)CO,calibration
8094,C-2013,OC1CCN2C(=O)C3=C(C=CC=C3)N=C12,calibration
8095,C-2015,CCC[N]1C=NC2=C1C(=O)N(C)C(=O)N2C,calibration
8096,C-2017,CCC1=C(NC(=O)N1)C(=O)C2=CC=NC=C2,calibration
8097,C-2018,CC(=O)NC(CC1=CC=C(OC(C)=O)C=C1)C(N)=O,calibration
8098,C-2020,CC1=NC=C([N]1CCO[P](O)(O)=O)[N+]([O-])=O,calibration
8099,C-2023,CC#CC1=NC(=NC(=C1)C)NC2=CC=CC=C2,test
8100,C-2024,CCC(=O)OCSC1=NC=NC2=C1N=C[NH]2,test
8101,C-2028,CC1(C)SC2C(NC(=O)C3(N)CCCCC3)C(=O)N2C1C(O)=O,test
8102,C-2029,CC1=CC=CC(=C1)NC2=CC=CC=C2C(O)=O,test
8103,C-2032,CCC1=NC2=C(N=C1CC)C(=NC(=O)N2)N,test
8104,C-2033,CCC1=NC2=C(N=C1CC)C(=O)NC(=N2)N,validation
8105,C-2037,CCC1=NC2=C(N=C1CC)C(=O)NC(=O)N2,test
8106,C-2038,CCCC(=O)OCSC1=NC=NC2=C1N=C[NH]2,validation
8107,C-2039,COC1=C(OC2OC(CO)C(O)C(O)C2O)C=CC(=C1)\C=C\CO,validation
8108,C-2041,NC1=CC=CC(=C1)NC2=CC=CC=C2C(O)=O,test
8109,C-2042,OC(=O)COC1=C(Cl)C(=C(Cl)C(=C1Cl)Cl)Cl,test
8110,C-2043,ClC1=CC2=C(C(=CC=C2Cl)Cl)C(=C1)Cl,test
8111,C-2044,CCCCCCC(C(C)O)[N]1C=NC2=C1N=CN=C2N,test
8112,C-2045,COCC1(C)OC(=O)N(C1=O)C2=CC(=CC(=C2)Cl)Cl,calibration
8113,C-2046,NC(=O)C1=C[N](CC2=C(F)C=CC=C2F)N=N1,test
8114,C-2048,OC(=O)C1=CC=CC=C1NC2=CC(=CC=C2)O,test
8115,C-2049,COC(=O)C1CCCN1C(=O)COC(=O)C2=CC=CC=C2,validation
8116,C-2050,OC(=O)C1=C(Cl)C=CC2=C1N=CC(=C2)Cl,test
8117,C-2052,[NH]1C2=C(N=CN=C2)N=C1C3=CC=CC=C3,validation
8118,C-2053,O=C(NNC(=O)C1=CC=NC=C1)C2=CC=CC=C2,test
8119,C-2054,OC1=C(C(=C(C=C1[N+]([O-])=O)[N+]([O-])=O)O)[N+]([O-])=O,test
8120,C-2055,BrC1=C(C=CC2=CC=CC=C12)N=C=S,test
8121,C-2056,CC(=O)NC1=CC=C(C=C1)[S](=O)(=O)NC(C)=O,validation
8122,C-2058,FCCOC(=O)CC1=CC=C(C=C1)C2=CC=CC=C2,test
8123,C-2059,CC(COC1=CC=CC=C1)NC(C)C(O)C2=CC=C(O)C=C2,test
8124,C-2060,O=C(COC(=O)C1=CC=CC=C1)N(C2CCCCC2)C3CCCCC3,validation
8125,C-2061,CN1C(=O)N(C)C2=C([N](C=N2)C(C)=O)C1=O,calibration
8126,C-2062,S=C(NNC1=CC=CC=C1)N=NC2=CC=CC=C2,validation
8127,C-2064,CCCCC(=O)OCSC1=NC=NC2=C1N=C[NH]2,test
8128,C-2067,O=C(C1=CC=CC=C1)C2=CC=CC(=C2)N=C=S,test
8129,C-2069,OC(=O)C1=CC=CC=C1NC2=CC(=CC=C2)Cl,validation
8130,C-2070,CC1=C(CC(O)=O)SC2=C1C=CC(=C2)Cl,validation
8131,C-2073,O=C(CC1=CC=CC=C1)NNC(=O)C2=CC=NC=C2,validation
8132,C-2074,NC1=CC2=C(C=C1)C=CC(=C2)[S](O)(=O)=O,calibration
8133,C-2075,CC1=NC(=C(S1)C(=O)NC2=CC=CC=C2)C,calibration
8134,C-2076,ClC1=CC=C(OC2=C(Cl)C=CC=C2Cl)C=C1,test
8135,C-2077,CCCCCC(=O)OCSC1=NC=NC2=C1N=C[NH]2,validation
8136,C-2078,NC1=CC=CC2=C1C=CC(=C2)[S](O)(=O)=O,validation
8137,C-2080,COC1=CC=CC(=C1)NC2=CC=CC=C2C(O)=O,test
8138,C-2081,ClC1=CC(=C(OC2=CC=CC=C2)C(=C1)Cl)Cl,test
8139,C-2082,COC1=CC=C2C3CC4=C5C(=C(OC)C=C4)OC1C25CCN3C,test
8140,C-2083,NC1=CC(=CC2=C1C=CC=C2)[S](O)(=O)=O,validation
8141,C-2086,ClC1=CC=C(Cl)C(=C1Cl)OC2=CC=CC=C2,calibration
8142,C-2087,COC1=C(O)C2=C(CC3C4C=CC(=O)CC24CCN3C)C=C1,calibration
8143,C-2088,CC1=C(C=CC=C1)C(=O)NNC(=O)C2=CC=NC=C2,validation
8144,C-2089,CCN1CCN2C(=O)C3=C(C=CC=C3)N=C2C1C,calibration
8145,C-2090,CCC(C)C1=C(OC(C)=O)C(=CC(=C1)[N+]([O-])=O)[N+]([O-])=O,calibration
8146,C-2091,CCC(=O)[N]1C=NC2=C1C(=O)N(C)C(=O)N2C,calibration
8147,C-2092,C1CN=C(CN(CC2=CC=CC=C2)C3=CC=CC=C3)N1,test
8148,C-2094,NC1=CC2=C(C=C1)C(=CC=C2)[S](O)(=O)=O,test
8149,C-2097,CC12CCC3=C(C=CC4=C3C=CC(=C4)O)C1CCC2O,test
8150,C-2100,CC(N(O)C(N)=O)C1=CC2=C(S1)C=CC=C2,validation
8151,C-2101,NC1=CC=CC2=C1C=CC=C2[S](O)(=O)=O,test
8152,C-2103,NC1=CC=C(C2=C1C=CC=C2)[S](O)(=O)=O,test
8153,C-2104,O=C1COC2(CCN(CCC3=C[NH]C4=C3C=CC=C4)CC2)CN1,validation
8154,C-2105,CCNC(=O)C1=CC(=C(C=C1[N+]([O-])=O)[N+]([O-])=O)N2CC2,test
8155,C-2106,CSC(=O)C1(OC(C)=O)C(C)CC2C3CCC4=CC(=O)C=CC4(C)C3(F)C(O)CC12C,test
8156,C-2107,CC(=O)OC1=CC=C(NC(=O)C2=CC=CC=C2)C=C1,test
8157,C-2108,CC1CN(C)C(C)C2=NC3=C(C=CC=C3)C(=O)N12,test
8158,C-2109,NC1=CC=CC2=C1C(=CC=C2)[S](O)(=O)=O,validation
8159,C-2111,OC(=O)C1=CC(=O)C2=C(O1)C=C3CCCCC3=C2,calibration
8160,C-2112,O=C(OC1=CC=CC(=C1)N=C=S)C2=CC=CC=C2,test
8161,C-2114,COC(=O)[N]1C=NC2=C1C(=O)N(C)C(=O)N2C,calibration
8162,C-2115,CC(C)CC1=CC=C(C=C1)C(C)C(=O)OCC(=O)N(C)CC(N)=O,test
8163,C-2117,CN1C(=O)N(C)C2=C([N](COC(C)=O)C=N2)C1=O,validation
8164,C-2118,CCN(CC1=CC=NC=C1)C(=O)C(CO)C2=CC=CC=C2,test
8165,C-2119,O=C(OC1=CC=CC(=C1)N=C=S)C2=CC=CN=C2,validation
8166,C-2123,CCCCCCCC(=O)OCSC1=NC=NC2=C1N=C[NH]2,test
8167,C-2124,CCCN1CCN2C(=O)C3=C(C=CC=C3)N=C2C1C,calibration
8168,C-2125,CC(CN1CC(=O)NC(=O)C1)N2CC(=O)NC(=O)C2,test
8169,C-2127,CCCC(=O)[N]1C=NC2=C1C(=O)N(C)C(=O)N2C,calibration
8170,C-2129,CC(=O)OCC(=O)C1(O)CCC2C3CCC4=CC(=O)C=CC4(C)C3C(=O)CC12C,validation
8171,C-2131,CCCNC(=O)C1=CC(=C(C=C1[N+]([O-])=O)[N+]([O-])=O)N2CC2,validation
8172,C-2134,CC12CCC3=C(C=CC4=C3C=CC(=C4)O)C1CCC2=O,calibration
8173,C-2137,CC1=C(N2C(SC1)C(NC(=O)C(N)C3=CCC=CC3)C2=O)C(O)=O,calibration
8174,C-2138,CCOC(=O)OC[N]1C=NC2=C1C(=O)N(C)C(=O)N2C,test
8175,C-2139,CC(C)NC(=O)C1=CC(=C(C=C1[N+]([O-])=O)[N+]([O-])=O)N2CC2,validation
8176,C-2140,ClC1=CC(=C(Cl)C(=C1)Cl)C2=CC=CC=C2Cl,test
8177,C-2141,CCOC(=O)[N]1C=NC2=C1C(=O)N(C)C(=O)N2C,test
8178,C-2142,CCN1CC(C)N2C(=O)C3=C(C=CC=C3)N=C2C1C,validation
8179,C-2143,CC(=O)OC1=CC=C(NC(=O)NC2=CC=CC=C2)C=C1,validation
8180,C-2145,CCC(=O)OC[N]1C=NC2=C1C(=O)N(C)C(=O)N2C,test
8181,C-2148,OCN1C(=O)CN(/N=C/C2=CC=C(O2)[N+]([O-])=O)C1=O,test
8182,C-2149,CC(=O)C1=CC=CC(=C1)NC2=CC=CC=C2C(O)=O,validation
8183,C-2150,ClC1=CC=CC(=C1Cl)C2=C(Cl)C=CC=C2Cl,test
8184,C-2152,OCCN1C=CC(=O)C(=C1C(O)C2=CC=CC=C2)O,test
8185,C-2153,ClC1=C(Cl)C=C(OC2=CC=C(Cl)C(=C2)Cl)C=C1,test
8186,C-2154,CCC1=CC=CC2=C1[NH]C3=C2CCOC3(CC)CC(O)=O,validation
8187,C-2155,C[S](=O)(=O)NC1=NN=C(S1)[S](N)(=O)=O,test
8188,C-2156,CNC1CCC(C2=CC(=C(Cl)C=C2)Cl)C3=C1C=CC=C3,validation
8189,C-2157,N#CC(=NNC1=CC=C(C=C1)N=NC2=CC=CC=C2)C#N,validation
8190,C-2158,ClC1=CC=C(OC2=CC(=C(Cl)C(=C2)Cl)Cl)C=C1,calibration
8191,C-2159,ClC1=CC(=CC(=C1)OC2=CC=C(Cl)C(=C2)Cl)Cl,test
8192,C-2160,CCCCC(=O)[N]1C=NC2=C1C(=O)N(C)C(=O)N2C,validation
8193,C-2162,NC(CC1=CC(=C(O)C=C1)O)C(=O)OCC2=CC=CC=C2,test
8194,C-2163,ClC1=CC=C(OC2=CC(=C(Cl)C=C2)Cl)C(=C1)Cl,calibration
8195,C-2165,ClC1=CC=C(OC2=CC(=C(Cl)C=C2Cl)Cl)C=C1,test
8196,C-2167,[O-][N+](=O)C1=C(Cl)C2=C(C=CC=C2)C(=C1)[N+]([O-])=O,calibration
8197,C-2169,CC(C)CNC(=O)C1=CC(=C(C=C1[N+]([O-])=O)[N+]([O-])=O)N2CC2,validation
8198,C-2171,ClC1=CC=C(OC2=CC(=CC(=C2)Cl)Cl)C(=C1)Cl,test
8199,C-2172,ClC1=CC=C(Cl)C(=C1)OC2=CC=C(Cl)C(=C2)Cl,test
8200,C-2173,ClC1=CC=C(OC2=CC=C(Cl)C(=C2Cl)Cl)C=C1,validation
8201,C-2174,CCC(=O)OCC1OC(CC1O)N2C=C(I)C(=O)NC2=O,test
8202,C-2175,ClC1=CC=C(OC2=CC(=CC(=C2Cl)Cl)Cl)C=C1,validation
8203,C-2176,ClC1=C(Cl)C=C(OC2=CC=CC(=C2Cl)Cl)C=C1,validation
8204,C-2177,CN1C(=O)N(C)C2=C([N](COC(=O)C(C)(C)C)C=N2)C1=O,validation
8205,C-2178,ClC1=CC=CC(=C1)OC2=CC(=C(Cl)C=C2Cl)Cl,calibration
8206,C-2179,ClC1=CC=C(OC2=C(Cl)C=C(Cl)C=C2Cl)C=C1,calibration
8207,C-2180,OC(=O)C1=CC=CC=C1NC2=CC(=CC=C2)[N+]([O-])=O,test
8208,C-2181,ClC1=CC=CC(=C1)OC2=CC=C(Cl)C(=C2Cl)Cl,test
8209,C-2182,ClC1=CC=C(OC2=C(Cl)C=CC(=C2)Cl)C(=C1)Cl,calibration
8210,C-2184,CCCOC(=O)[N]1C=NC2=C1C(=O)N(C)C(=O)N2C,test
8211,C-2185,ClC1=C(Cl)C=C(OC2=C(Cl)C=CC=C2Cl)C=C1,test
8212,C-2186,ClC1=CC(=C(OC2=CC=CC(=C2Cl)Cl)C=C1)Cl,test
8213,C-2187,CCCN1CC(C)N2C(=O)C3=C(C=CC=C3)N=C2C1C,validation
8214,C-2188,ClC1=CC=C(OC2=C(Cl)C=CC(=C2Cl)Cl)C=C1,validation
8215,C-2190,CC(C)(C)NC(=O)C1=CC(=C(C=C1[N+]([O-])=O)[N+]([O-])=O)N2CC2,test
8216,C-2191,CCCC(=O)OC[N]1C=NC2=C1C(=O)N(C)C(=O)N2C,test
8217,C-2192,ClC1=C(OC2=CC(=C(Cl)C=C2Cl)Cl)C=CC=C1,test
8218,C-2193,NC(CC1=CC(=C(O)C(=C1)I)I)C(O)=O,test
8219,C-2194,ClC1=CC=C(OC2=C(Cl)C=CC=C2)C(=C1Cl)Cl,calibration
8220,C-2195,CC1CN(CCO1)[S](=O)(=O)NC(=O)NCC2CC3CC2C=C3,test
8221,C-2196,ClC1=C(Cl)C(=C(Cl)C(=C1)OC2=CC=CC=C2)Cl,validation
8222,C-2197,CCN(CC)C(=O)C1=CC(=C(C=C1[N+]([O-])=O)[N+]([O-])=O)N2CC2,test
8223,C-2199,OC1C(O)C(O)C2C(NC(=O)C3=C(O)C4=C(OCO4)C=C23)C1O,calibration
8224,C-2200,ClC1=C(Cl)C(=C(OC2=CC=CC=C2)C(=C1)Cl)Cl,test
8225,C-2201,CC1CCC2=CC(=CC3=C2N1C=C(C(O)=O)C3=O)F,test
8226,C-2202,ClC1=C(Cl)C(=C(Cl)C(=C1)Cl)OC2=CC=CC=C2,test
8227,C-2204,CCCCOC(=O)[N]1C=NC2=C1C(=O)N(C)C(=O)N2C,test
8228,C-2205,CCCCC(=O)OC[N]1C=NC2=C1C(=O)N(C)C(=O)N2C,validation
8229,C-2206,CN(CC(=O)NC1=NN=C(S1)[S](N)(=O)=O)C(N)=N,test
8230,C-2208,OC(=O)CCC(=O)OCN1C(=O)OC2=CC=C(Cl)C=C12,test
8231,C-2211,C=CC1CN2CCC1CC2C(=O)C3=CC=NC4=C3C=CC=C4,calibration
8232,C-2212,[O-][N+](=O)C1=C(C=C(C(=O)N2CCCCC2)C(=C1)[N+]([O-])=O)N3CC3,test
8233,C-2215,CC1=C2C=CC3=C(C=CC=C3)C2=CC4=C1CCCC4,test
8234,C-2217,CCCCCC(=O)OC[N]1C=NC2=C1C(=O)N(C)C(=O)N2C,test
8235,C-2218,CC(=O)OCSC1=NC=NC2=C1N=C[N]2COC(C)=O,validation
8236,C-2220,[O-][N+](=O)C1=C(C=C(C(=O)N2CCOCC2)C(=C1)[N+]([O-])=O)N3CC3,test
8237,C-2224,CN1N=C(SC1=N[S](C)(=O)=O)[S](N)(=O)=O,validation
8238,C-2230,ClC1=CC(=C(Cl)C(=C1)C2=C(Cl)C(=CC=C2)Cl)Cl,validation
8239,C-2235,CCCN1C(=O)N(CCC)C2=C([NH]C(=N2)C3CCCC3)C1=O,calibration
8240,C-2236,CC1=CC=C(C=C1)C(=O)C2=CC(=C(O)C(=C2)O)[N+]([O-])=O,validation
8241,C-2238,CC1=C(C)C(=NO1)N[S](=O)(=O)C2=CC=C(N)C=C2,validation
8242,C-2239,CCCC1=C2CCCCC2=CC3=C1OC(=CC3=O)C(O)=O,calibration
8243,C-2240,OCN1C(=O)NC(C1=O)(C2=CC=CC=C2)C3=CC=CC=C3,test
8244,C-2241,CCCCCCOC(=O)[N]1C=NC2=C1C(=O)N(C)C(=O)N2C,test
8245,C-2243,ClC1=CC=C(OC2=CC(=C(Cl)C(=C2)Cl)Cl)C=C1Cl,validation
8246,C-2244,CC12CCC3C(CCC4=CC(=O)CCC34)C1CCC2(OC(=O)C5=CC=CC=C5)C#C,test
8247,C-2245,ClC1=CC=C(OC2=C(Cl)C=C(Cl)C(=C2)Cl)C=C1Cl,calibration
8248,C-2246,CC1CC2C3CCC(O)(C(=O)COC(=O)CCC(O)=O)C3(C)CC(O)C2C4(C)C=CC(=O)C=C14,test
8249,C-2247,ClC1=CC=C(OC2=CC(=C(Cl)C(=C2)Cl)Cl)C(=C1)Cl,validation
8250,C-2248,O=C1NC=NC2=C1C=N[N]2C(=O)C3=CC=CC=C3,calibration
8251,C-2249,ClC1=CC=C(C=C1)C(C2=C(Cl)C=CC=C2)C(Cl)(Cl)Cl,test
8252,C-2250,ClC1=CC(=CC(=C1)Cl)OC2=C(Cl)C=C(Cl)C(=C2)Cl,test
8253,C-2251,ClC1=CC(=C(Cl)C(=C1)Cl)OC2=CC=C(Cl)C(=C2)Cl,test
8254,C-2252,ClC1=CC=C(OC2=C(Cl)C=C(Cl)C(=C2)Cl)C(=C1)Cl,calibration
8255,C-2253,ClC1=CC(=CC(=C1)Cl)OC2=C(Cl)C(=C(Cl)C=C2)Cl,test
8256,C-2254,ClC1=CC=C(OC2=C(Cl)C(=C(Cl)C(=C2)Cl)Cl)C=C1,validation
8257,C-2255,ClC1=CC(=C(OC2=CC=C(Cl)C(=C2)Cl)C(=C1)Cl)Cl,test
8258,C-2257,NC1=CC=C(C=C1)[S](=O)(=O)NC2=NC(=O)NC=C2,calibration
8259,C-2258,ClC1=CC=C(OC2=C(Cl)C(=C(Cl)C=C2)Cl)C(=C1)Cl,calibration
8260,C-2259,ClC1=CC=C(Cl)C(=C1)OC2=C(Cl)C=C(Cl)C(=C2)Cl,validation
8261,C-2260,ClC1=CC=C(OC2=C(Cl)C(=CC(=C2)Cl)Cl)C(=C1)Cl,test
8262,C-2261,ClC1=CC=C(OC2=C(Cl)C(=CC=C2Cl)Cl)C=C1Cl,test
8263,C-2262,ClC1=CC=C(OC2=C(Cl)C(=C(Cl)C=C2Cl)Cl)C=C1,test
8264,C-2263,CCCCCCCC(=O)OC[N]1C=NC2=C1C(=O)N(C)C(=O)N2C,calibration
8265,C-2264,ClC1=CC=C(OC2=C(Cl)C=C(Cl)C=C2Cl)C(=C1)Cl,validation
8266,C-2265,ClC1=C(Cl)C(=CC=C1)OC2=C(Cl)C=C(Cl)C(=C2)Cl,test
8267,C-2266,ClC1=CC=C(Cl)C(=C1)OC2=C(Cl)C(=C(Cl)C=C2)Cl,validation
8268,C-2267,NC(=N)C1=CC(=CC=C1)NC(=O)NC2=CC(=CC=C2)C(N)=N,calibration
8269,C-2268,ClC1=C(Cl)C(=CC=C1)OC2=C(Cl)C(=C(Cl)C=C2)Cl,validation
8270,C-2269,ClC1=CC=C(OC2=C(Cl)C(=CC(=C2Cl)Cl)Cl)C=C1,calibration
8271,C-2270,ClC1=CC=C(C=C1)N2N=NC3C4CC(C5N=NC45)C23,test
8272,C-2271,ClC1=CC=C(OC2=C(Cl)C(=CC=C2Cl)Cl)C(=C1)Cl,validation
8273,C-2272,ClC1=CC=CC(=C1OC2=C(Cl)C=C(Cl)C(=C2)Cl)Cl,test
8274,C-2273,ClC1=C(Cl)C(=C(OC2=C(Cl)C=CC=C2Cl)C=C1)Cl,test
8275,C-2274,COC1=CC=C2C=C(C=CC2=C1)C(C)C(=O)OCCOC(=O)CN,validation
8276,C-2275,CN(C)[S](=O)(=O)NC1=NN=C(S1)[S](N)(=O)=O,test
8277,C-2276,ClC1=C(Cl)C(=C(OC2=CC=CC=C2)C(=C1Cl)Cl)Cl,test
8278,C-2277,CCC(=O)OCSC1=NC=NC2=C1N=C[N]2COC(=O)CC,test
8279,C-2279,CC(OC1=CC=C(OC2=C(Cl)C=C(Cl)C=C2)C=C1)C(O)=O,test
8280,C-2282,CC(C(O)=O)C1=CC2=C(C=C1)C3=C([NH]2)C=CC(=C3)Cl,test
8281,C-2285,COC1=CC=C2C=C(C=CC2=C1)C(C)C(=O)OC(C)OC(=O)CN,test
8282,C-2286,OC1=CC=CC2=C1C(=O)C3=C(C=CC=C3O)C2=O,test
8283,C-2287,CN1C=CC(=NC1=O)N[S](=O)(=O)C2=CC=C(N)C=C2,calibration
8284,C-2290,CC(=O)NC1=CC=C(C=C1)C(=O)NC2=CC=C(OC(C)=O)C=C2,test
8285,C-2291,CN1C(=O)N(C)C2=C([NH]C(=N2)C3=CC=CC=C3)C1=O,test
8286,C-2292,CCCN1C(=O)N(CCC)C2=C([NH]C(=N2)C(C3CC3)C4CC4)C1=O,calibration
8287,C-2293,CCCC1=C2OC(=CC(=O)C2=C(O)C3=C1CCCC3)C(O)=O,test
8288,C-2294,CC1(C)SC2C(NC(=O)C(N)C3=CC=CC=C3)C(=O)N2C1C(O)=O,calibration
8289,C-2295,CC(C)C1(O)CCN2CC3C4=C(CCC5=C3C(=CC=C5)C2C1)C=CC=C4,test
8290,C-2296,CC1C\C=C\C=C\C=C\C=C\C(CC2OC(O)(CC(O)CC3OC3/C=C/C(=O)O1)CC(O)C2C([O-])=O)OC4OC(C)C(O)C([NH3+])C4O,validation
8291,C-2297,CCN1C=C(C(O)=O)C(=O)C2=C1C=C(N3CCNCC3)C(=C2)F,validation
8292,C-2298,CCCC(=O)OCSC1=NC=NC2=C1N=C[N]2COC(=O)CCC,calibration
8293,C-2299,CC1=C(N2C(SC1)C(NC(=O)C(N)C3=CC=CC=C3)C2=O)C(O)=O,test
8294,C-2300,CC(=O)NC1=CC=C(C=C1)[S](=O)(=O)NC2=NC=CC=N2,test
8295,C-2302,CCCN1C(=O)N(CCC)C2=C([NH]C(=N2)C3CCC(=O)C3)C1=O,test
8296,C-2303,ClC1=C(Cl)C(=C(OC2=CC(=C(Cl)C(=C2)Cl)Cl)C=C1)Cl,validation
8297,C-2304,CC(C)C1(C)N=C(NC1=O)C2=NC3=C(C=CC=C3)C=C2C(O)=O,calibration
8298,C-2305,CC(=O)OCN1C=C(F)C(=O)N(C1=O)C(=O)C2=CC=CC=C2,calibration
8299,C-2306,CC1=NC=C([N]1CCOC(=O)C2=CC=C(CN3CCOCC3)C=C2)[N+]([O-])=O,test
8300,C-2307,NC1=CC=C(C=C1)[S](=O)(=O)NC2=CC=C(Cl)C(=C2)Cl,test
8301,C-2308,COC1=C(N[S](=O)(=O)C2=CC=C(N)C=C2)C=C(N)C=C1,validation
8302,C-2309,CCN1C=C(C(O)=O)C(=O)C2=C1N=C(N3CCNCC3)C(=C2)F,calibration
8303,C-2310,CN(C)[S](=O)(=O)N=C1SC(=NN1C)[S](N)(=O)=O,calibration
8304,C-2311,ClC1=CC(=C(Cl)C(=C1)Cl)OC2=CC(=C(Cl)C=C2Cl)Cl,test
8305,C-2313,ClC1=CC(=C(Cl)C(=C1)OC2=C(Cl)C(=C(Cl)C=C2)Cl)Cl,validation
8306,C-2315,ClC1=CC=C(OC2=C(Cl)C(=CC(=C2Cl)Cl)Cl)C=C1Cl,test
8307,C-2316,ClC1=CC(=C(OC2=C(Cl)C(=C(Cl)C=C2Cl)Cl)C=C1)Cl,test
8308,C-2317,CCOC(=O)C1=CN=C(N[S](=O)(=O)C2=CC=CC=C2)C=C1,calibration
8309,C-2318,CC(=O)OC1=CC=C(CC(NC(=O)C2=CC=CC=C2)C(N)=O)C=C1,calibration
8310,C-2319,ClC1=CC=C(Cl)C(=C1Cl)OC2=C(Cl)C=C(Cl)C(=C2)Cl,test
8311,C-2321,CN(CC(=O)NCCC(=O)NC1=NN=C(S1)[S](N)(=O)=O)C(N)=N,validation
8312,C-2322,CN1C(=O)N(C)C2=C([NH]C(=N2)\C=C\C3=CC=CC=C3)C1=O,test
8313,C-2323,ClC1=CC(=C(OC2=C(Cl)C(=CC(=C2Cl)Cl)Cl)C=C1)Cl,validation
8314,C-2324,ClC1=C(Cl)C(=C(OC2=C(Cl)C=CC(=C2Cl)Cl)C=C1)Cl,test
8315,C-2325,CCC(CC1=C(I)C(=C(I)C=C1I)N)C(O)=O,validation
8316,C-2326,CN1N=C(SC1=N[S](=O)(=O)C(F)(F)F)[S](N)(=O)=O,test
8317,C-2329,CN1C(=O)N(C)C2=C([N](C)C(=N2)C3=CC=CC=C3)C1=O,test
8318,C-2330,CN(CC1=CC=C(OCCN2CCOCC2)C=C1)C(=O)C3=CC=C(O3)[N+]([O-])=O,test
8319,C-2332,NC1=CC=C(C=C1)[S](=O)(=O)NC2=NC(=O)N(CC=C)C=C2,validation
8320,C-2334,CC(=O)NC1=CC=C(C=C1)[S](=O)(=O)NC2=NC=CS2,test
8321,C-2335,CC(C)N1C=CC(=NC1=O)N[S](=O)(=O)C2=CC=C(N)C=C2,calibration
8322,C-2339,CCNC(=O)OC1=C(O)C(=CC(=C1)\C=C(C#N)/C(=O)N(CC)CC)[N+]([O-])=O,test
8323,C-2341,CCCCC(=O)OCSC1=NC=NC2=C1N=C[N]2COC(=O)CCCC,validation
8324,C-2343,COC1=CC=C(N[S](=O)(=O)C2=CC=C(C=C2)[N+]([O-])=O)C=C1,validation
8325,C-2344,CC1(C)SC2C(NC(=O)C(N)C3=CC=C(O)C=C3)C(=O)N2C1C(O)=O,calibration
8326,C-2345,CCCN1C(=O)N(CCC)C2=C([NH]C(=N2)[C]34CC5[CH2]C(C[CH]3C5)C4)C1=O,calibration
8327,C-2346,CN1C=C(C(N)=O)C(=C(F)C1=O)NC2=C(F)C=C(Br)C=C2,validation
8328,C-2347,COC1=CC=C2C=C(C=CC2=C1)C(C)C(=O)OCCOC(=O)C(N)CC(C)C,validation
8329,C-2348,CCCCN1C=CC(=NC1=O)N[S](=O)(=O)C2=CC=C(N)C=C2,validation
8330,C-2349,CCC(C)C(N)C(=O)OCCOC(=O)C(C)C1=CC2=CC=C(OC)C=C2C=C1,calibration
8331,C-2350,FC1=C(C2SCC3=NC4=C(C=CC=C4)[N]23)C(=CC=C1)F,test
8332,C-2351,CCN(CC)C(=O)CCC(=O)OC[N]1C=NC2=C1C(=O)N(C)C(=O)N2C,calibration
8333,C-2354,CC(C)CN1C=CC(=NC1=O)N[S](=O)(=O)C2=CC=C(N)C=C2,validation
8334,C-2355,CCCC(=O)OCN1C=C(F)C(=O)N(C1=O)C(=O)C2=CC=CC=C2,test
8335,C-2356,CNN1C=C(C(O)=O)C(=O)C2=C1C=C(N3CCN(C)CC3)C(=C2)F,test
8336,C-2358,CC(C)(C)C(=O)OC1=CC2=C(C=C1)N=C(S2)[S](N)(=O)=O,test
8337,C-2359,CCC(C)N1C=CC(=NC1=O)N[S](=O)(=O)C2=CC=C(N)C=C2,validation
8338,C-2361,COC1=CC2=CC=C(C=C2C=C1)C(C)C(=O)OCCOC(=O)CN3CCOCC3,test
8339,C-2362,ClC1=CC=C(C=C1Cl)C2=C(Cl)C(=C(Cl)C(=C2Cl)Cl)Cl,test
8340,C-2363,ClC1=CC(=C(Cl)C(=C1Cl)C2=CC(=C(Cl)C(=C2)Cl)Cl)Cl,test
8341,C-2364,CCCOC(=O)N1C2CN3C4=C(C(COC(N)=O)C3(OC)C12)C(=O)C(=C(C)C4=O)N,test
8342,C-2368,CN1C(=O)N(C)C2=C([N](C)C(=N2)\C=C\C3=CC=CC=C3)C1=O,test
8343,C-2373,CCC(C)C(N)C(=O)OCCCCOC(=O)C(C)C1=CC2=CC=C(OC)C=C2C=C1,test
8344,C-2376,COC1=CC2=C(C=C1OC)C34CCN5CC6=CCOC7CC(=O)N2C3C7C6CC45,calibration
8345,C-2381,ClC1=CC(=CC(=C1Cl)Cl)OC2=C(Cl)C(=C(Cl)C(=C2)Cl)Cl,test
8346,C-2383,C1CC2=CC3=CC4=C(C=CC=C4)C=C3C5=C2C1=CC=C5,test
8347,C-2384,CC(C)OC1=CC=C(C=C1)C(=O)N[S](=O)(=O)C2=CC=C(N)C=C2,validation
8348,C-2385,CSC1=CC=C2OC3=C(C=C(C=C3)C(O)=O)C(=O)C2=C1,test
8349,C-2387,CCN1C=C(C(O)=O)C(=O)C2=C1C(=C(N3CCNC(C)C3)C(=C2)F)F,test
8350,C-2388,CCN1CCN(CC1)C2=CC3=C(C=C2F)C(=O)C(=CN3C4CC4)C(O)=O,calibration
8351,C-2389,OC(=O)CCC1=NC(=C(O1)C2=CC=CC=C2)C3=CC=CC=C3,calibration
8352,C-2392,CC(=O)NC1=C(I)C=C(I)C(=C1I)C(O)=O,test
8353,C-2394,ClC1=CC=C(OC2=C(Cl)C(=C(Cl)C(=C2Cl)Cl)Cl)C(=C1)Cl,validation
8354,C-2395,CCN(CC)C(=O)NC1CN(C)C2CC3=C(Br)[NH]C4=C3C(=CC=C4)C2=C1,calibration
8355,C-2396,O=C1OC(C2=CC=CC=C2)(C3=CC=CC=C3)C4=C1C=CC=C4,test
8356,C-2397,CN1CC2CC1CN2C3=CC4=C(C=C3F)C(=O)C(=CN4C5CC5)C(O)=O,test
8357,C-2398,OC1=CC2=C(C(=C1)O)C(=O)C=C(O2)C3=CC(=C(O)C=C3)O,test
8358,C-2399,CCCC1=C(O)N2N(C1=O)C3=CC(=CC=C3N=C2N(C)C)C,calibration
8359,C-2400,CCCCC1=CC2=C(C=C1)C=C3C=CC4=C(C=CC=C4)C3=C2,test
8360,C-2401,COC1=C(N2C(SC1)C(NC(=O)C(N)C3=CCC=CC3)C2=O)C(O)=O,validation
8361,C-2403,CNCC(=O)NC1=C(C=C(C(=C1)Cl)[S](N)(=O)=O)[S](N)(=O)=O,calibration
8362,C-2404,CC1=C2C=CC3=C(C=CC=C3)C2=CC4=CC=C(Cl)C=C14,calibration
8363,C-2405,CC(C)OC(=O)CC(C(=O)OC(C)C)[S](=O)(=O)C1=CC=C(C=C1)[N+]([O-])=O,calibration
8364,C-2406,CN1CCN(CC1)C2=C(F)C3=C(C=C2F)C(=O)C(=CN3CCF)C(O)=O,calibration
8365,C-2407,CC1CCC2=C(N3CCC(O)CC3)C(=CC4=C2N1C=C(C(O)=O)C4=O)F,calibration
8366,C-2408,CCN1C=CC(=NC1=O)N[S](=O)(=O)C2=CC=C(NC(C)=O)C=C2,test
8367,C-2409,CCC1=NN=C(N[S](=O)(=O)C2=CC=C(NC(C)=O)C=C2)S1,validation
8368,C-2411,CONC(=O)C1=CN(C)C(=O)C(=C1NC2=CC=C(Br)C=C2F)C,validation
8369,C-2413,CCO[P](=O)(OCC)OC1=CC2=C(C=C1)C(=C(Cl)C(=O)O2)C,test
8370,C-2422,CN(C)CC1=CC=C(C=C1)C(=O)OCCOC[N]2C=NC3=C2N=C(N)NC3=O,test
8371,C-2423,OCC(CO)C(=O)OCN1C(=O)NC(C1=O)(C2=CC=CC=C2)C3=CC=CC=C3,test
8372,C-2425,CC(C(=O)OCC(=O)N(C)CC(N)=O)C1=CC(=CC=C1)C(=O)C2=CC=CC=C2,calibration
8373,C-2426,CCCCCC1=C2C=CC3=C(C=CC=C3)C2=CC4=C1C=CC=C4,validation
8374,C-2427,ClC1=CC(=C(Cl)C(=C1Cl)Cl)OC2=CC(=C(Cl)C(=C2Cl)Cl)Cl,test
8375,C-2428,CCONC(=O)C1=CN(C)C(=O)C(=C1NC2=C(F)C=C(Br)C=C2)C,calibration
8376,C-2429,CCCCCCCC(=O)OCN1C(=O)NC(C1=O)(C2=CC=CC=C2)C3=CC=CC=C3,calibration
8377,C-2431,NC1=CC=C(C=C1)[S](=O)(=O)NC2=CC=C(C=C2Br)[N+]([O-])=O,test
8378,C-2432,C[S](=O)C1=CC=C2OC3=C(C=C(C=C3)C(O)=O)C(=O)C2=C1,calibration
8379,C-2434,CSC1=CC=C(C=C1)C(=O)C2=CC(=CC3=C2OC=C3)CC(O)=O,calibration
8380,C-2435,COC1=NC(=NC(=N1)NC(=O)N[S](=O)(=O)C2=CC=CC=C2Cl)C,test
8381,C-2436,N[S](=O)(=O)C1=NN=C(N[S](=O)(=O)C2=CC=CC=C2)S1,test
8382,C-2438,CCONC(=O)C1=CN(C)C(=O)C(=C1NC2=CC=C(Br)C=C2F)F,validation
8383,C-2439,ClC1=CC2=C(C(=C1Cl)Cl)C3=C(O2)C(=C(Cl)C(=C3)Cl)Cl,validation
8384,C-2442,OC1=CC2=C(C(=C1)O)C(=O)C(=C(O2)C3=CC=C(O)C(=C3)O)O,calibration
8385,C-2444,ClC1=CC(=C(COC(C[N]2C=CN=C2)C3=CC=C(Cl)C=C3Cl)C=C1)Cl,test
8386,C-2445,CN1C(=O)N(C)C2=C(N=C3C(=O)N(C)C(=O)N(C)C3=N2)C1=O,validation
8387,C-2447,N[S](=O)(=O)C1=NN=C(N[S](=O)(=O)CC2=CC=CC=C2)S1,test
8388,C-2448,COC(=O)\C(=C\C1=CC=CC=C1)[S](=O)(=O)C2=CC=C(C=C2)[N+]([O-])=O,calibration
8389,C-2449,CC1(O)CC(C2=CC=C(Cl)C=C2)C3=C(O1)C4=C(OC3=O)C=CC=C4,test
8390,C-2450,CC1=C(C2=CC=C(C=C2)[S](N)(=O)=O)C(=NO1)C3=CC=CC=C3,test
8391,C-2451,CN1C=C(C(=O)NOCCO)C(=C(C)C1=O)NC2=C(F)C=C(Br)C=C2,calibration
8392,C-2452,NCC(=O)NCC(=O)OCCOC1=CC2=C(C=C1)N=C(S2)[S](N)(=O)=O,calibration
8393,C-2453,CC1=CC=C(C=C1)[S](=O)(=O)NC2=NN=C(S2)[S](N)(=O)=O,calibration
8394,C-2454,CCCCNC1=C(OC2=CC=CC=C2)C(=CC(=C1)C(O)=O)[S](N)(=O)=O,test
8395,C-2456,CC1CN(CC(C)N1)C2=C(F)C3=C(C(=C2F)N)C(=O)C(=CN3C4CC4)C(O)=O,test
8396,C-2457,OCC(O)COC(=O)C1=C(NC2=C3C=CC(=CC3=NC=C2)Cl)C=CC=C1,test
8397,C-2458,NC1=CC=C(C=C1)[S](=O)(=O)NC2=NN=C(S2)[S](N)(=O)=O,test
8398,C-2460,CCC(/C1=CC=CC=C1)=C(\C2=CC=CC=C2)C3=CC=C(OCCN(C)C)C=C3,test
8399,C-2462,NC1=CC=CC(=C1)[S](=O)(=O)NC2=NN=C(S2)[S](N)(=O)=O,calibration
8400,C-2463,CC1=NC=C2CN=C(C3=C(F)C=CC=C3)C4=C(C=CC(=C4)Cl)[N]12,validation
8401,C-2467,CCCN(CCC)C1=C(C=C(C=C1[N+]([O-])=O)[S](=O)(=O)N=[S](C)C)[N+]([O-])=O,validation
8402,C-2468,CC1(C)SC2C(NC(=O)C(N)C3=CC=C(N)C=C3)C(=O)N2C1C4=NN=N[NH]4,test
8403,C-2469,N[S](=O)(=O)C1=NN=C(NC(=O)C2=C(F)C(=C(F)C(=C2F)F)F)S1,test
8404,C-2471,CCCN(CCC)CC1=CC=CC(=C1)C(=O)OCCOC[N]2C=NC3=C2N=C(N)NC3=O,test
8405,C-2472,N[S](=O)(=O)C1=NN=C(N[S](=O)(=O)C2=CC=C(Cl)C=C2)S1,calibration
8406,C-2473,N[S](=O)(=O)C1=CC=C(CNC(=S)NC(C(O)C2=CC=CC=C2)C(O)=O)C=C1,test
8407,C-2475,CN1N=C(SC1=N[S](=O)(=O)CC2=CC=CC=C2)[S](N)(=O)=O,test
8408,C-2476,COC1=CC=C(C=C1)[S](=O)(=O)NC2=NN=C(S2)[S](N)(=O)=O,calibration
8409,C-2478,COC1=CC2=C(C=C1OC)C(=NC(=N2)N3CCN(CC3)C(=O)C4=CC=CO4)N,test
8410,C-2480,CN1N=C(SC1=N[S](=O)(=O)C2=CC=C(C)C=C2)[S](N)(=O)=O,validation
8411,C-2482,COC1=CC=C2C=C(C=CC2=C1)C(C)C(=O)OCCOC(=O)C(N)CC3=CC=CC=C3,validation
8412,C-2484,OCC1OC2OC3C(O)C(O)C(OC3CO)OC4C(O)C(O)C(OC4CO)OC5C(O)C(O)C(OC5CO)OC6C(O)C(O)C(OC6CO)OC7C(O)C(O)C(OC7CO)OC1C(O)C2O,test
8413,C-2485,NC1=CC=C(C=C1)[S](=O)(=O)NC2=NC(=O)N(CC3=CC=CC=C3)C=C2,calibration
8414,C-2486,CN1N=C(SC1=N[S](=O)(=O)C2=CC=C(F)C=C2)[S](N)(=O)=O,calibration
8415,C-2488,CCN(C1CC(C)[S](=O)(=O)C2=C1C=C(S2)[S](N)(=O)=O)C(=O)CNC,test
8416,C-2489,CN1N=C(SC1=N[S](=O)(=O)C2=CC=C(N)C=C2)[S](N)(=O)=O,test
8417,C-2490,CC12CCC3C(CCC4=CC(=O)CCC34)C1CCC2(OC(=O)C5=CC=C(C=C5)C6=CC=CC=C6)C#C,test
8418,C-2491,CN1N=C(SC1=N[S](=O)(=O)C2=CC=CC(=C2)N)[S](N)(=O)=O,validation
8419,C-2492,CC1=CC(=C(C(=C1)C)[S](=O)(=O)NC2=NN=C(S2)[S](N)(=O)=O)C,test
8420,C-2493,CC1CC2=C(C=CC=C2)N1NC(=O)C3=CC(=C(Cl)C=C3)[S](N)(=O)=O,test
8421,C-2494,CC1C(NC(=O)C(=N\OC(C)(C)C(O)=O)/C2=CSC(=N2)N)C(=O)N1[S](O)(=O)=O,calibration
8422,C-2495,COC1=CC=C2C=C(C=CC2=C1)C(C)C(=O)OC(C)OC(=O)C(N)CC3=CC=CC=C3,test
8423,C-2496,N[S](=O)(=O)C1=NN=C(N[S](=O)(=O)C2=CC=C(Br)C=C2)S1,test
8424,C-2497,CN1N=C(SC1=N[S](=O)(=O)C2=CC=C(Cl)C=C2)[S](N)(=O)=O,validation
8425,C-2498,CC(=O)N1CCN(CC1)C(=O)/C=C/C2=CC(=C(SC3=CC4=C(OCCO4)C=C3)C=C2)Cl,test
8426,C-2500,COC1=CC2=C(C=C1OC)C(=NC=N2)N3CCN(CC3)C(=S)NCC4=CC=CO4,test
8427,C-2501,COC1=CC2=C(C=C1OC)C(=NC=N2)N3CCN(CC3)C(=O)NC4=CSC=C4,test
8428,C-2502,N[S](=O)(=O)C1=CC=C(NC2=NC(=NC=C2)NC(=O)C3=CC=CN=C3)C=C1,test
8429,C-2503,CC(=O)NC1=C(I)C(=C(I)C(=C1I)C(O)=O)NC(C)=O,calibration
8430,C-2504,CC12CCC3C(CCC4=CC(=O)CCC34)C1CCC2(OC(=O)C5=CC=C(OC6=CC=CC=C6)C=C5)C#C,test
8431,C-2505,COC1=CC=C(C=C1)[S](=O)(=O)N=C2SC(=NN2C)[S](N)(=O)=O,calibration
8432,C-2506,N[S](=O)(=O)C1=NN=C(N[S](=O)(=O)C2=CC=C(C=C2)[N+]([O-])=O)S1,validation
8433,C-2507,NCC(=O)NCC(=O)NC1=C(Cl)C(=C(C=C1[S](N)(=O)=O)[S](N)(=O)=O)Cl,calibration
8434,C-2508,CN(C)C1C2CC3CC4=C(C=CC(=C4C(=O)C3=C(O)C2(O)C(=O)C(=C1O)C(N)=O)O)N(C)C,test
8435,C-2509,N[S](=O)(=O)C1=NN=C(N[S](=O)(=O)C2=CC(=CC=C2)[N+]([O-])=O)S1,test
8436,C-2510,CC(C)C1=C(SC2=C(C=C(\C=C\C(=O)N3CCN(CC3)C(C)=O)C=C2)[N+]([O-])=O)C=CC=C1,calibration
8437,C-2512,N[S](=O)(=O)C1=NN=C(N[S](=O)(=O)C2=C(C=CC=C2)C(O)=O)S1,calibration
8438,C-2513,CC(=O)NC1=CC=C(C=C1)[S](=O)(=O)NC2=NN=C(S2)[S](N)(=O)=O,test
8439,C-2514,N[S](=O)(=O)C1=NN=C(N[S](=O)(=O)C2=C(C=CC=C2)[N+]([O-])=O)S1,calibration
8440,C-2515,CC(=O)N1CCN(CC1)C(=O)/C=C/C2=CC(=C(SC3=CC4=C([NH]C=C4)C=C3)C=C2)Cl,test
8441,C-2516,CN1N=C(SC1=N[S](=O)(=O)C2=C(C)C=C(C)C=C2C)[S](N)(=O)=O,validation
8442,C-2517,COC1=NC(=NC(=C1)OC)NC(=O)N[S](=O)(=O)C2=NC=CC=C2C(=O)N(C)C,validation
8443,C-2520,N[S](=O)(=O)C1=NN=C(N[S](=O)(=O)C2=CC=C(I)C=C2)S1,test
8444,C-2521,COC1=CC=C(C=C1)C2SC3=CC=CC=C3N(CCN(C)C)C(=O)C2OC(C)=O,calibration
8445,C-2522,CN1N=C(SC1=N[S](=O)(=O)C2=CC=C(Br)C=C2)[S](N)(=O)=O,validation
8446,C-2523,COC(=O)C1=C(C=CS1)[S](=O)(=O)NC(=O)NC2=NC(=NC(=N2)OC)OC,calibration
8447,C-2525,CN1CCC(C(O)C1)C2=C(O)C=C(O)C3=C2OC(=CC3=O)C4=C(Cl)C=CC=C4,calibration
8448,C-2526,FC1=CC=C(C=C1)C([N]2C=CN=C2)(C3=CC=CC=C3)C4=C(F)C=CC=C4,test
8449,C-2527,CN1C(=C(O)C2=C(C=CS2)[S]1(=O)=O)C(=O)NC3=NC=CC=C3,validation
8450,C-2528,NCC(=O)NC1=CC=C(C=C1)[S](=O)(=O)NC2=NN=C(S2)[S](N)(=O)=O,test
8451,C-2529,CN1N=C(SC1=N[S](=O)(=O)C2=CC=C(C=C2)[N+]([O-])=O)[S](N)(=O)=O,calibration
8452,C-2530,CN1N=C(SC1=N[S](=O)(=O)C2=CC=CC(=C2)[N+]([O-])=O)[S](N)(=O)=O,test
8453,C-2531,CN1CCN(CC1)C2=CC3=C(C=C2F)C(=O)C(=CN3C4=CC=C(F)C=C4)C(O)=O,validation
8454,C-2532,CCNC1CN(CCCOC)[S](=O)(=O)C2=C1C=C(S2)[S](N)(=O)=O,test
8455,C-2534,CN1N=C(SC1=N[S](=O)(=O)C2=CC=C(NC(C)=O)C=C2)[S](N)(=O)=O,calibration
8456,C-2535,CN1N=C(SC1=N[S](=O)(=O)C2=C(C=CC=C2)C(O)=O)[S](N)(=O)=O,test
8457,C-2536,OC(=O)C1=C(O)C=CC(=C1)N=NC2=CC=C(C=C2)[S](=O)(=O)NC3=CC=CC=N3,calibration
8458,C-2537,CCCCC(=O)N(CC1=CC=C(C=C1)C2=C(C=CC=C2)C3=NN=N[NH]3)C(C(C)C)C(O)=O,test
8459,C-2538,CN1N=C(SC1=N[S](=O)(=O)C2=CC=CC=C2[N+]([O-])=O)[S](N)(=O)=O,validation
8460,C-2539,N[S](=O)(=O)C1=NN=C(N[S](=O)(=O)C2=CC(=C(Cl)C=C2)[N+]([O-])=O)S1,test
8461,C-2540,COC1=CC2=C(C=C1OC)C(=NC=N2)N3CCN(CC3)C(=O)NC4=CC=C(C=C4)[N+]([O-])=O,validation
8462,C-2541,OC(=O)C1=CC=CC=C1C2=C3C=CC(=O)C=C3OC4=C2C=CC(=C4)O,test
8463,C-2542,COC1=C(N=CN=C1)N2CCN(CC2)CCC3=C[NH]C4=C3C=C(C[S](=O)(=O)N(C)C)C=C4,calibration
8464,C-2543,CN1N=C(SC1=N[S](=O)(=O)C2=CC=C(I)C=C2)[S](N)(=O)=O,validation
8465,C-2544,CC1=NN=C(SCC2=C(N3C(SC2)C(NC(=O)C[N]4C=NN=N4)C3=O)C(O)=O)S1,validation
8466,C-2545,CC(C)(C)NC(=O)C1N(CSC1(C)C)C(=O)C(O)C(CC2=CC=CC=C2)NC(=O)C3=CC=CC=C3,calibration
8467,C-2546,N[S](=O)(=O)C1=NN=C(N[S](=O)(=O)C2=C(F)C(=C(F)C(=C2F)F)F)S1,test
8468,C-2547,C[N]1N=NN=C1SCC2=C(N3C(SC2)C(NC(=O)C(O)C4=CC=CC=C4)C3=O)C(O)=O,validation
8469,C-2548,CC1=C(C(O)=O)C2=CC(=CC=C2N=C1C3=CC=C(C=C3)C4=C(F)C=CC=C4)F,calibration
8470,C-2549,FC(F)(F)N=C1SC(=NC2=CC=CC=C2)N(C3=CC=CC=C3)C1=NC(F)(F)F,calibration
8471,C-2550,CC(C)(C)NC(=O)C1N(CSC1(C)C)C(=O)C(O)C(CC2=CC=CC=C2)NC(=O)CC3=CC=CC=C3,calibration
8472,C-2551,CC1CN(CCN1)C2=CC3=C(C=C2F)C(=O)C(=CN3C4=C(F)C=C(F)C=C4)C(O)=O,validation
8473,C-2552,CC1=CC=C(C=C1)C(=O)NC(CC2=CC=CC=C2)C(O)C(=O)N3CSC(C)(C)C3C(=O)NC(C)(C)C,test
8474,C-2553,NC1=NC(=O)C2=C(N1)N=CC(=N2)CNC3=CC=C(C=C3)C(=O)NC(CCC(O)=O)C(O)=O,test
8475,C-2554,NC1C2CN(CC12)C3=NC4=C(C=C3F)C(=O)C(=CN4C5=CC=C(F)C=C5F)C(O)=O,test
8476,C-2555,CN1N=C(SC1=N[S](=O)(=O)C2=CC(=C(Cl)C=C2)[N+]([O-])=O)[S](N)(=O)=O,test
8477,C-2556,N[S](=O)(=O)C1=CC=C(NC2=NC(=NC=C2)N[S](=O)(=O)C3=CC=CC=C3)C=C1,calibration
8478,C-2557,OCC1OC2OC3C(O)C(O)C(OC3CO)OC4C(O)C(O)C(OC4CO)OC5C(O)C(O)C(OC5CO)OC6C(O)C(O)C(OC6CO)OC7C(O)C(O)C(OC7CO)OC8C(O)C(O)C(OC8CO)OC1C(O)C2O,test
8479,C-2558,CC(C)(C)NC(=O)C1N(CSC1(C)C)C(=O)C(O)C(CC2=CC=CC=C2)NC(=O)COC3=CC=CC=C3,test
8480,C-2559,N[S](=O)(=O)C1=CC=C(NC2=CC=NC(=N2)N[S](=O)(=O)CC3=CC=CC=C3)C=C1,calibration
8481,C-2560,CC(C)(C)NC(=O)C1N(CSC1(C)C)C(=O)C(O)C(CC2=CC=CC=C2)NC(=O)C3=CC=C(Cl)C=C3,calibration
8482,C-2561,N[S](=O)(=O)C1=NN=C(N[S](=O)(=O)C2=C(C=C(C=C2)[N+]([O-])=O)[N+]([O-])=O)S1,test
8483,C-2562,COC1=CC=C(C=C1)C(=O)NC(CC2=CC=CC=C2)C(O)C(=O)N3CSC(C)(C)C3C(=O)NC(C)(C)C,validation
8484,C-2563,NCC(=O)NCC(=O)NC1=CC=C(C=C1)[S](=O)(=O)NC2=NN=C(S2)[S](N)(=O)=O,test
8485,C-2564,COC(=O)C1=C(C(=CC=C1)C)[S](=O)(=O)NC(=O)NC2=NC(=NC(=N2)OCC(F)(F)F)N(C)C,test
8486,C-2565,CC1=C(OCC(=O)NC(CC2=CC=CC=C2)C(O)C(=O)N3CSC(C)(C)C3C(=O)NC(C)(C)C)C(=CC=C1)C,calibration
8487,C-2566,CN1N=C(SC1=N[S](=O)(=O)C2=C(C=C(C=C2)[N+]([O-])=O)[N+]([O-])=O)[S](N)(=O)=O,validation
8488,C-2567,CC(C)(C)NC(=O)C1N(CSC1(C)C)C(=O)C(O)C(CC2=CC=CC=C2)NC(=O)C3=CC=C(C=C3)[N+]([O-])=O,test
8489,C-2568,NC1=CC=C(C=C1)[S](=O)(=O)NC2=NC(=CS2)C3=CC=C(C=C3)C4=CC=CC=C4,validation
8490,C-2569,N[S](=O)(=O)C1=CC=C(NC2=NC(=NC=C2)N[S](=O)(=O)C3=CC=C(Br)C=C3)C=C1,test
8491,C-2570,CC1=CC=C(C=C1)[S](=O)(=O)NC(=O)NC2=NC(=CC=N2)NC3=CC=C(C=C3)[S](N)(=O)=O,test
8492,C-2571,FC1=CC=CC(=C1C(=O)NC(=O)NC2=CC(=C(OC3=C(Cl)C=C(C=N3)C(F)(F)F)C(=C2)Cl)Cl)F,calibration
8493,C-2572,COC1=C(F)C=C(C=C1)C2=C(Cl)N=C[N]2C3=CC=C(C=C3)[S](=O)(=O)N[P](O)(O)=O,test
8494,C-2573,N[S](=O)(=O)C1=CC=C(NC2=CC=NC(=N2)N[S](=O)(=O)C3=CC(=CC=C3)C(F)(F)F)C=C1,validation
8495,C-2574,N[S](=O)(=O)C1=CC=C(NC2=CC=NC(=N2)NC(=O)N[S](=O)(=O)C3=CC=C(Cl)C=C3)C=C1,test
8496,C-2575,OCC1OC2OC3C(O)C(O)C(OC3CO)OC4C(O)C(O)C(OC4CO)OC5C(O)C(O)C(OC5CO)OC6C(O)C(O)C(OC6CO)OC7C(O)C(O)C(OC7CO)OC8C(O)C(O)C(OC8CO)OC9C(O)C(O)C(OC9CO)OC1C(O)C2O,validation
8497,C-2576,COCCNC(=O)C(NC(=O)C(CC(O)C(CC1=CC=CC=C1)NC(=O)OC(C)(C)C)CC2=CC(=C(OC)C(=C2)OC)OC)C(C)C,test
8498,C-2578,N[S](=O)(=O)C1=CC=C(NC2=NC(=NC=C2)N[S](=O)(=O)C3=C(F)C(=C(F)C(=C3F)F)F)C=C1,test
8499,C-2579,CCCOC1=CC=C2C(C(C(C3=CC=C(OC)C=C3OCC(O)=O)C2=C1)C(O)=O)C4=CC5=C(OCO5)C=C4,test
8500,C-2580,CC(C)C1(NC(=O)C2CC3C(CC4=C[NH]C5=C4C3=CC=C5)N(C)C2)OC6(O)C7CCCN7C(=O)C(CC8=CC=CC=C8)N6C1=O,calibration
8501,C-2581,COC1C(CC2CN3CCC4=C([NH]C5=C4C=CC(=C5)OC)C3CC2C1C(=O)OC)OC(=O)C6=CC(=C(OC)C(=C6)OC)OC,calibration
8502,C-2582,OC(CC(C1=CC=CC=C1)C2=C(O)C3=C(OC2=O)C=CC=C3)C4=CC=C(C=C4)C5=CC=C(Br)C=C5,test
8503,C-2583,CC(C)CCCC(C)C1CCC2C3CCC4CC(C)(CCC=C(C5=CC(=C(O)C(=C5)C(O)=O)Cl)C6=CC(=C(O)C(=C6)C(O)=O)Cl)CCC4(C)C3CCC12C,test
8504,C-2584,CC(C)CC(NC(=O)C(CC1=C[NH]C=N1)NC(=O)C(CC2=CC=CC=C2)NC(=O)OC(C)(C)C)C(O)CC(=O)NC(CC(C)C)C(=O)NCCCN(CCO)CCO,test
8505,C-2585,CC(C)CC(NC(=O)C(CC1=C[NH]C=N1)NC(=O)C(CC2=CC=CC=C2)NC(=O)OC(C)(C)C)C(O)CC(=O)NC(CC(C)C)C(=O)NCCC(N)C(O)=O,calibration
8506,C-2586,CSCC(NC(=O)COC1=CC=CC2=C1C=CN=C2)C(=O)NC(CC3=CC=CC=C3)C(O)C(=O)N4CSCC4C(=O)NC(C)(C)C,test
8507,C-2587,CC(C)C1=C(Br)C(=C(C)C=C1C2(O[S](=O)(=O)C3=C2C=CC=C3)C4=CC(=C(O)C(=C4C(C)C)Br)C)O,calibration
8508,C-2588,CC(C)CC(NC(=O)C(CC1=C[NH]C=N1)NC(=O)C(CC2=CC=CC=C2)NC(=O)OC(C)(C)C)C(O)CC(=O)NC(CC(C)C)C(=O)NCC3=CC=NC=C3,test
8509,C-2589,CC(C)CC(NC(=O)C(CC1=C[NH]C=N1)NC(=O)C(CC2=CC=CC=C2)NC(=O)OC(C)(C)C)C(O)CC(=O)NC(CC(C)C)C(=O)NCC3=CC=CC=N3,test
8510,C-2590,CC(C)CC(NC(=O)C(CC1=C[NH]C=N1)NC(=O)C(CC2=CC=CC=C2)NC(=O)OC(C)(C)C)C(O)CC(=O)NC(CC(C)C)C(=O)NCC3=CC=[N+]([O-])C=C3,test
8511,C-2591,CC(C)CC(NC(=O)C(CC1=C[NH]C=N1)NC(=O)C(CC2=CC=CC=C2)NC(=O)OC(C)(C)C)C(O)CC(=O)NC(CC(C)C)C(=O)NCC3=CC=CC(=C3)CN,test
8512,C-2592,CC(C)CC(NC(=O)C(CC1=C[NH]C=N1)NC(=O)C(CC2=CC=CC=C2)NC(=O)OC(C)(C)C)C(O)CC(=O)NC(CC(C)C)C(=O)NCC(N)C3=CC=CC=N3,test
8513,C-2593,OC(=O)C1=C(I)C(=C(I)C=C1I)NC(=O)CCCCC(=O)NC2=C(I)C=C(I)C(=C2I)C(O)=O,validation
8514,C-2594,CC(C)CC(NC(=O)CC(O)C(CC1CCCCC1)NC(=O)C(CC2=C[NH]C=N2)NC(=O)C(CC3=CC=CC=C3)NC(=O)OC(C)(C)C)C(=O)NCC4=CC=CC(=C4)CN,test
8515,C-2595,CC(C)CC(NC(=O)C(CC1=C[NH]C=N1)NC(=O)C(CC2=CC=CC=C2)NC(=O)OC(C)(C)C)C(O)CC(=O)NC(CC(C)C)C(=O)NC(C(O)=O)C3=CC=CC=C3,test
8516,C-2596,CCC(C)C1NC(=O)C(CC2=CC=CC=C2)NC(=O)C3CCCN3C(=O)C(CC4=CC=CC=C4)N(C)C(=O)C5CCCCN5C(=O)C6CCCCN6C1=O,calibration
8517,C-2597,CC(C)CC(NC(=O)C(CC1=C[NH]C=N1)NC(=O)C(CC2=CC=CC=C2)NC(=O)OC(C)(C)C)C(O)CC(=O)NC(CC(C)C)C(=O)NC(CC3=CC(=CC=C3)CN)C(O)=O,test
8518,C-2598,CCC(C)C1NC(=O)C(CC2=C[NH]C3=C2C=CC=C3)NC(=O)C4CCCN4C(=O)C(CC5=C[NH]C=N5)NC(=O)C6CCCCN6C(=O)C7CCCCN7C1=O,validation
8519,C-2599,CCC(C)C1NC(=O)C(CC2=CC=CC=C2)NC(=O)C3CCCN3C(=O)C(CC4=CC=CC=C4)N(C)C(=O)C(CCCN)NC(=O)C5CCC=NN5C1=O,test
8520,C-2600,CCC(C)C1NC(=O)C(CC2=CC3=C(C=CC=C3)C=C2)NC(=O)C4CCCN4C(=O)C(CC5=C[NH]C=N5)NC(=O)C6CCCCN6C(=O)C7CCCCN7C1=O,calibration
8521,C-2601,CCC(C)C1NC(=O)C(CC2=C[NH]C3=C2C=CC=C3)NC(=O)C4CCCN4C(=O)C(CC5=CC=CC=C5)N(C)C(=O)C6CNCCN6C(=O)C7CCCCN7C1=O,test
8522,C-2602,CCC(C)C1NC(=O)C(CC2=C[NH]C3=C2C=CC=C3)NC(=O)C4CCCN4C(=O)C(CC5=C[NH]C=N5)NC(=O)C6CCCCN6C(=O)C7CCC=NN7C1=O,calibration
8523,C-2603,CCC(C)C1NC(=O)C(CC2=CC=CC=C2)NC(=O)C3CCCN3C(=O)C(CC4=CC=CC=C4)N(C)C(=O)C5CCC=NN5C(=O)C6CCC=NN6C1=O,calibration
8524,D-11,CCCCCCCCCCCC,calibration
8525,D-16,CCCCCCCCCCCCCC,calibration
8526,D-91,BrC=C,calibration
8527,D-101,CCOC=C,validation
8528,D-147,CO[P](=O)(OC)OC=C(Cl)Cl,test
8529,D-215,[Cl-].C[N+](C)(C)CCCl,calibration
8530,D-267,CCO[P](=S)(OCC)O\N=C(C#N)\c1ccccc1,test
8531,D-277,CSC1=NN=C(C(=O)N1N)C(C)(C)C,test
8532,D-290,CCN(CC)c1nc(C)cc(O[P](=S)(OC)OC)n1,calibration
8533,D-296,CCO[P](=O)(OCC)SCN1N=Nc2ccccc2C1=O,test
8534,D-303,COC(=O)C(C)Oc1ccc(Oc2ccc(Cl)cc2Cl)cc1,test
8535,D-306,CC1(C)[C@@H](C=C(Cl)Cl)[C@H]1C(=O)OCc2cccc(Oc3ccccc3)c2,test
8536,D-316,COC(=O)c1ccccc1[S](=O)(=O)NC(=O)Nc2nc(C)nc(OC)n2,calibration
8537,D-508,FC(F)(F)c1ccccc1,calibration
8538,D-549,CNC,test
8539,D-624,Oc1ccc(cc1[N+]([O-])=O)C(F)(F)F,validation
8540,D-652,OC(=O)C(Cl)(Cl)Cl,test
8541,D-874,CCC(=O)c1ccc(O)cc1,test
8542,D-950,CCCCCCCCCCCCN1CCCC1=O,test
8543,D-951,CCCCCCCCCCCCN1CC(CC1=O)C(O)=O,calibration
8544,D-952,CN1CC(CC1=O)C(O)=O,calibration
8545,D-954,COC(=O)C1CN(C)C(=O)C1,validation
8546,D-956,CCCCCCN1CC(CC1=O)C(=O)OC,test
8547,D-962,CCc1ccccn1,calibration
8548,D-963,Cc1cccc(C)n1,calibration
8549,D-1074,[O-][N+](=O)c1nccn1CC(=O)NCc2ccccc2,calibration
8550,D-1081,CNc1cccc2C(=O)c3ccccc3C(=O)c12,calibration
8551,D-1082,Nc1ccc(N)c2C(=O)c3ccccc3C(=O)c12,validation
8552,D-1084,COc1cc(N)c2C(=O)c3ccccc3C(=O)c2c1N,calibration
8553,D-1085,CCN(CCO)c1ccc(cc1)N=Nc2ccc(cc2)[N+]([O-])=O,validation
8554,D-1086,Cc1cc(ccc1N=Nc2ccc(cc2Cl)[N+]([O-])=O)N(CCO)CCO,validation
8555,D-1087,[O-][N+](=O)c1cc(ccc1Nc2ccccc2)[S](=O)(=O)Nc3ccccc3,calibration
8556,D-1088,OCCN(CCC#N)c1ccc(cc1)N=Nc2ccc(cc2Cl)[N+]([O-])=O,validation
8557,D-1216,Oc1ccc2cc(O)ccc2c1,validation
8558,D-1325,CC1=C(O)C(=O)C=CO1,test
8559,D-1329,OCC(O)C1OC(=C(O)C1=O)O,validation
8560,D-1331,CN1[C@@H]2CC(C[C@H]1C3OC23)OC(=O)[C@H](CO)c4ccccc4,validation
8561,D-1335,C[C@]12CC[C@@H](O)C[C@@H]1CC[C@@H]3[C@@H]2CC[C@@]4(C)[C@H]3CCC4=O,test
8562,D-1336,C[C@]12CC[C@H]3[C@@H](CC=C4C[C@@H](O)CC[C@]34C)[C@@H]1CCC2=O,test
8563,D-1339,NC(Cc1c[nH]c2ccc(O)cc12)C(O)=O,calibration
8564,D-1341,OCC(O)C=O,validation
8565,D-1348,OC(=O)CCCCC1SCC2NC(=O)NC12,test
8566,D-1355,CCO[S](C)(=O)=O,test
8567,D-1359,OC(=O)CC(S)C(O)=O,test
8568,D-1360,CCC(=O)c1ccc(N)cc1,calibration
8569,D-1365,ClC=C,test
8570,D-1366,FC=C,calibration
8571,D-1378,FC(F)(F)C(F)(F)Cl,validation
8572,D-1379,FC(F)(F)C(F)(F)C(F)(F)F,calibration
8573,D-1387,OC1CC(O)(CC(O)C1O)C(O)=O,test
8574,D-1392,CC(C)CBr,validation
8575,D-1393,CCC(C)C,validation
8576,D-1401,CC(C)[N+]([O-])=O,validation
8577,D-1403,Nc1ccc(cc1)[S](=O)(=O)c2ccc(NCCO)cc2,calibration
8578,D-1405,CC(C)(O)C1CCC(C)(O)CC1,test
8579,D-1414,CCC(C(CC)c1ccc(O)cc1)c2ccc(O)cc2,test
8580,D-1415,C/C=C(c1ccc(O)cc1)/C(=C/C)c2ccc(O)cc2,calibration
8581,D-1418,OC(=O)c1cccc(c1O)[N+]([O-])=O,validation
8582,D-1420,Nc1ccc2ccccc2c1N=Nc3ccccc3,test
8583,D-1421,CN1C2CCC1CC(C2)OC(=O)C(O)c3ccccc3,test
8584,D-1428,OC1C(O)C(O)C(O)C(O)C1O,calibration
8585,D-1431,[O-][N+](=O)c1cc(c(Cl)c(c1)[N+]([O-])=O)[N+]([O-])=O,validation
8586,D-1433,OC(=O)c1cc(C(O)=O)c(cc1C(O)=O)C(O)=O,test
8587,D-1445,O=C(/C=C/C=C/c1ccc2OCOc2c1)N3CCCCC3,test
8588,D-1450,ClCC(Br)CBr,test
8589,D-1451,OC(CCl)CCl,test
8590,D-1458,ClC(Cl)(Cl)c1ccccc1,validation
8591,D-1464,OC(=O)CC(CC(O)=O)C(O)=O,test
8592,D-1473,C(OCc1ccccc1)c2ccccc2,test
8593,D-1480,OC(=O)/C=C/c1[nH]cnc1,calibration
8594,D-1486,CCCOC(=O)CCC,test
8595,D-1502,CCCC(C)C,test
8596,D-1513,CC(C)CC(O)CC(C)C,test
8597,D-1519,NC(=S)NCC=C,test
8598,D-1523,C=COC=C,test
8599,D-1540,NCCNCCNCCN,test
8600,D-1542,NCCNCCNCCNCCN,calibration
8601,D-1545,CC[S](=O)(=O)C(C)(C)[S](=O)(=O)CC,validation
8602,D-1546,FC1(F)C(F)(F)C(F)(F)C1(F)F,validation
8603,D-1547,COC1=CC=C2[C@H]3Cc4ccc(OC)c5O[C@@H]1[C@]2(CCN3C)c45,calibration
8604,D-1552,COc1ccc(cc1[N+]([O-])=O)[N+]([O-])=O,test
8605,D-1573,FC(Br)C(F)(F)F,validation
8606,D-1574,CC(=O)C1C(=O)C=C2Oc3c(C(C)=O)c(O)c(C)c(O)c3C2(C)C1=O,validation
8607,D-1575,OCC(CO)(CO)[N+]([O-])=O,calibration
8608,D-1581,COc1ccc(C(=O)Cc2c(CCN(C)C)cc3OCOc3c2OC)c(C(O)=O)c1OC,test
8609,D-1603,CC(=O)[C@H]1CC[C@H]2[C@@H]3CC=C4C[C@@H](O)CC[C@]4(C)[C@H]3CC[C@]12C,test
8610,D-1625,Fc1ccccc1F,validation
8611,D-1627,FC(F)(F)COC=C,calibration
8612,D-1635,CC1OC(O[C@H]2CC[C@]3(C)[C@H]4CC[C@]5(C)[C@H](CC[C@]5(O)[C@@H]4CCC3=C2)C6=COC(=O)C=C6)C(O)C(O)C1O,calibration
8613,D-1648,O=C1C=CC=C2[C@@H]3CNC[C@H](C3)CN12,calibration
8614,D-1660,C\C(=C/C(O)=O)C(O)=O,validation
8615,D-1666,O[S](=O)(=O)C[S](O)(=O)=O,test
8616,D-1673,CC(C)(C)Cl,test
8617,D-1675,CCOC(=O)C(O)(c1ccc(Cl)cc1)c2ccc(Cl)cc2,validation
8618,D-1678,CC(C)CCl,test
8619,D-1687,Oc1cc(O)c(c(O)c1)C(=O)c2ccc(O)c(O)c2,calibration
8620,D-1688,CC(=O)C1C(=O)OC(=CC1=O)C,calibration
8621,D-1689,COC1=C(C#N)C(=O)N(C)C=C1,validation
8622,D-1691,OC[C@H](O)[C@@H](O)C(O)[C@H](O)[C@H](O)CO,validation
8623,D-1697,CC(=O)c1ccc(O[C@@H]2O[C@H](CO)[C@@H](O)[C@H](O)[C@H]2O)cc1,validation
8624,D-1704,CC(C)(C)c1sc(N[S](=O)(=O)c2ccc(N)cc2)nn1,test
8625,D-1707,CCc1cccnc1,calibration
8626,D-1708,CN1C2CCC1CC(C2)OC(=O)c3ccccc3,validation
8627,D-1711,CCOC(=O)NCC(C)C,test
8628,D-1712,CCCCCOC(=O)CCC,calibration
8629,D-1720,CC(=O)NCC(O)=O,calibration
8630,D-1724,COC(=O)C1=CO[C@@H](O[C@@H]2O[C@H](CO)[C@@H](O)[C@H](O)[C@H]2O)[C@@H]3[C@@H](C)CC(=O)[C@H]13,validation
8631,D-1748,OC(=O)c1cccc(C(O)=O)c1C(O)=O,calibration
8632,D-1756,CCCOC(=O)CN1C=C(I)C(=O)C(=C1)I,validation
8633,D-1761,Brc1ccc(I)cc1,test
8634,D-1767,CC1=CCC(=O)O1,calibration
8635,D-1774,CC(C)C(C)(C)O,calibration
8636,D-1775,CC(C)(C)C(C)(C)O,validation
8637,D-1776,CC(=O)O[C@@]1(CC[C@H]2[C@@H]3C=C(C)C4=CC(=O)CC[C@]4(C)[C@H]3CC[C@]12C)C(C)=O,calibration
8638,D-1778,CC(C)(C(O)=O)C(O)=O,test
8639,D-1780,CC(C)(CC(O)=O)C(O)=O,validation
8640,D-1782,CCCC(C)(O)CC,test
8641,D-1788,COc1c(cc(cc1[N+]([O-])=O)[N+]([O-])=O)[N+]([O-])=O,validation
8642,D-1791,O=C1C=CNc2ccccc12,validation
8643,D-1793,O=C(NC(=O)c1ccccc1)c2ccccc2,calibration
8644,D-1795,Ic1ccccc1I,validation
8645,D-1799,CC[NH+](C)CC,test
8646,D-1807,CCCCC(O)CCCC,validation
8647,D-1816,CCCC(C)Cl,test
8648,D-1821,Ic1cccc(I)c1,validation
8649,D-1834,CCCCCCCC(C)O,test
8650,D-1837,OC(=O)c1ccnc(C(O)=O)c1C(O)=O,calibration
8651,D-1848,Clc1ccccc1Br,validation
8652,D-1856,OC(=O)CC(Br)C(O)=O,calibration
8653,D-1859,[O-][N+](=O)c1ccc(Nc2ccccc2)c(c1)[N+]([O-])=O,calibration
8654,D-1860,CCOc1ccc(N[S](=O)(=O)c2ccc(N)cc2)nn1,calibration
8655,D-1894,CC(C)c1ccc2ccccc2c1,calibration
8656,D-1905,CC12CCC3C(CCC4CC5SC5CC34C)C1CCC2O,validation
8657,D-1910,C#CCCCC#C,validation
8658,D-1912,CC(C)CCCCCCO,validation
8659,D-1913,OC(=O)C1(O)c2ccccc2c3ccc(Cl)cc13,test
8660,D-1917,CC(=C)[C@@H]1[C@H]2OC(=O)[C@@H]1[C@]3(O)[C@H]4O[C@H]4[C@]5(CO5)[C@]3(C)[C@@H]2O,calibration
8661,D-1920,CC(=O)Nc1ccc(N\N=C\2C=C(C)C=CC2=O)cc1,validation
8662,D-1930,CCCCCCCC#C,test
8663,D-1932,CC(=C)C1(O)[C@H]2OC(=O)[C@@H]1[C@]3(O)[C@H]4O[C@H]4[C@]5(CO5)[C@]3(C)[C@@H]2O,test
8664,D-1964,CCCCCC(O)CCC,calibration
8665,D-1966,C\C(Cl)=C/C(O)=O,test
8666,D-1980,CC(C)=C[C@@H]1[C@@H](C(=O)OCN2C(=O)C3=C(CCCC3)C2=O)C1(C)C,validation
8667,D-1986,C[C@H]([C@H](C)C([O-])=O)C([O-])=O,calibration
8668,D-1990,COC(=O)Nc1cccc(OC(=O)Nc2cccc(C)c2)c1,test
8669,D-1995,CCCC(CC)(CC)CO,calibration
8670,D-1998,CN1CC[C@]23[C@H]4Oc5c(OCc6ccccc6)ccc(C[C@@H]1[C@@H]2C=C[C@@H]4O)c35,validation
8671,D-2004,OCC(O)[C@H]1OC2O[C@@H](O[C@@H]2[C@H]1O)C(Cl)(Cl)Cl,test
8672,D-2011,CC(C)OC(=O)C(O)(c1ccc(Br)cc1)c2ccc(Br)cc2,test
8673,D-2025,CCCCOCN(C(=O)CCl)c1c(CC)cccc1CC,test
8674,D-2028,CCCCC1=C(C)NC(=NC1=O)NCC,calibration
8675,D-2035,CCNc1nc(NC(C)CC)nc(OC)n1,calibration
8676,D-2037,CC(Cl)=CCl,validation
8677,D-2039,OC(=O)c1cccc(Cl)c1C(O)=O,validation
8678,D-2051,CNC(=O)N(C)c1sc(nn1)C(C)(C)C,calibration
8679,D-2053,CCO[P](=S)(NC(C)CC)Oc1cc(C)ccc1[N+]([O-])=O,calibration
8680,D-2063,CC\1=C(CC(O)=O)c2cc(F)ccc2C1=C\c3ccc(cc3)[S](C)=O,test
8681,D-2066,COC(=O)[C@@H]1C2CC(C=C2)[C@@H]1C(=O)OC,test
8682,D-2069,CCOC(=O)\C=C(C)\C=C\CC(C)CCCC(C)C,test
8683,D-2087,CC(C)OC(=O)[C@H](C)N(C(=O)c1ccccc1)c2ccc(F)c(Cl)c2,test
8684,D-2093,CCN(Cc1c(F)cccc1Cl)c2c(cc(cc2[N+]([O-])=O)C(F)(F)F)[N+]([O-])=O,test
8685,D-2097,Nc1nc(N)nc(NC2CC2)n1,test
8686,D-2100,CCOC(=O)C(C)Oc1cccc(Oc2sc3cc(Cl)ccc3n2)c1,validation
8687,E-2,C1CCCC1,test
8688,E-5,CCC(C)(C)C,test
8689,E-6,C1CCCCC1,validation
8690,E-13,CCC=CC,calibration
8691,E-17,CCCCC=CC,calibration
8692,E-27,CCCCC#C,validation
8693,E-36,c1cc(C)cc(C)c1C,calibration
8694,E-42,c1cc(CC)ccc1CC,validation
8695,E-43,c1cc(C)ccc1C(C)C,calibration
8696,E-51,c1ccccc1Cc2ccccc2,calibration
8697,E-52,c(c(c(c1ccc2)c2)ccc3)(c3)C1,calibration
8698,E-58,c1ccc2c(C)cccc2c1C,test
8699,E-59,Cc1c(C)cc2ccccc2c1,validation
8700,E-63,c1ccc2cccc3c2c1CC3,test
8701,E-66,c(c(c(c(c1ccc2)c2)C)ccc3)(c3)c1,test
8702,E-89,ClCCl,calibration
8703,E-92,ClC(Br)Cl,calibration
8704,E-93,ClC(Br)Br,test
8705,E-100,BrCCBr,validation
8706,E-110,CCCI,calibration
8707,E-117,CCCCCl,calibration
8708,E-127,CC(C)(Cl)C(Cl)C,test
8709,E-138,ClC=CCl,calibration
8710,E-139,IC=CI,calibration
8711,E-140,ClC=C(Cl)Cl,validation
8712,E-148,ClC(=C(C=C(Cl)Cl)Cl)Cl,calibration
8713,E-176,c1ccccc1c2cc(Cl)ccc2,validation
8714,E-182,c1ccccc1c2c(Cl)cccc2Cl,test
8715,E-183,c1ccccc1c2c(Cl)cc(Cl)c(Cl)c2,test
8716,E-203,c1c(Cl)c(Cl)cc(Cl)c1c2c(Cl)cc(Cl)c(Cl)c2,test
8717,E-208,Clc1c(Cl)cc(Cl)cc1c2c(Cl)cc(Cl)cc2Cl,test
8718,E-225,OCC(C)C,validation
8719,E-238,OCC(CCC)C,test
8720,E-239,CCC(C)(C)CO,validation
8721,E-241,OCC(CC)CC,test
8722,E-256,CC(O)(C)C(C)CC,test
8723,E-258,OC(CC)(CC)CC,test
8724,E-290,CCC=O,test
8725,E-291,CCCCC=O,test
8726,E-292,O=CCCCCC,test
8727,E-296,O=CC=CC,calibration
8728,E-299,O=C(CC)C,validation
8729,E-300,O=C(CCC)C,test
8730,E-301,O=C(CCCC)C,validation
8731,E-307,O=C(C=C)CCC,test
8732,E-322,O=C(O)CCCCCCC,validation
8733,E-325,O=C(O)C=CC=CC,calibration
8734,E-329,O=C(O)Cc(cccc1)c1,test
8735,E-333,O=C(OC(C1C(C2(CC(O)(C3=C)CC4)C3)C(=O)O)(C24)C=CC5O)C15C,test
8736,E-347,O=COCCC,calibration
8737,E-349,O=C(OCCC)C,test
8738,E-356,O=C(OCC)CC(=O)OCC,test
8739,E-367,O=C(OC)C=C,calibration
8740,E-368,O=C(OCC)C=C,validation
8741,E-369,O=C(OC)C(=C)C,validation
8742,E-373,O=C(OCC)c(c(ccc1)C(=O)OCC)c1,test
8743,E-376,O=C(OCc(cccc1)c1)c(c(ccc2)C(=O)OCCCC)c2,test
8744,E-386,CCOCCOCC,calibration
8745,E-390,c1ccccc1Oc2ccccc2,calibration
8746,E-392,Cc1cccc(c1)Oc2cccc(c2)C,test
8747,E-394,O(CCC1)C1,test
8748,E-396,O1C=CC=C1,validation
8749,E-400,O1CC(O)C(O)C(O)C1(O)CO,test
8750,E-405,O=C(OC(C(C(C(C(C(C(=CC(=O)C1)C2)(C1)C)C3)C2SC(=O)C)C4)(C3)C)(C4)C5)C5,calibration
8751,E-411,CC(=O)C3(O)CCC4C2CCC1=CC(=O)CCC1(C)C2CCC34C,test
8752,E-414,C1=CC(=O)C=C2CCC3C4CC(C)C(O)(C(=O)CO)C4(C)CC(O)C3(F)C12C,test
8753,E-419,O=C(O)c(ccc(O)c1)c1,test
8754,E-434,O=C(O)c(c(ccc1)Cl)c1,calibration
8755,E-436,ClCCOCCCl,validation
8756,E-441,CCCCCCCN,test
8757,E-452,c1ccccc1CN,test
8758,E-455,Nc(ccc(c(ccc(N)c1)c1)c2)c2,test
8759,E-458,N(N)c(cccc1)c1,validation
8760,E-459,c1ccccn1,test
8761,E-468,n(cccc1C(N(CC2)C)C2)c1,test
8762,E-486,COC(=O)C1C(CC2CCC1N2C)OC(=O)c3ccccc3,calibration
8763,E-494,Oc(ccc(C(=C(c(ccc(O)c1)c1)CC)CC)c2)c2,test
8764,E-496,O=C(N(c(c(C1(C(N(C2)CC(C3C4C5OC6)=C6)C3)C2)ccc7)c7)C14)C5,validation
8765,E-521,c1ccccc1C2(CC=C)C(=O)NC(=O)NC2=O,test
8766,E-530,OC(c(cccc1)c1)C(NC)C,calibration
8767,E-549,o1c(N(=O)(=O))ccc1C=NO,validation
8768,E-562,C1=CC(=O)NC(=O)N1,validation
8769,E-569,N(CCC1)C1,test
8770,E-573,N(CCCC1)(C1)C,calibration
8771,E-579,Oc(ccc(N)c1)c1,test
8772,E-597,O=C(Nc(cccc1)c1)C,validation
8773,E-601,COc1ccc2CC5C3C=CC(O)C4Oc1c2C34CCN5C,test
8774,E-602,CCCN(=O)=O,test
8775,E-603,O=N(=O)c(cccc1)c1,calibration
8776,E-616,NC(=N)NCC(=O)O,calibration
8777,E-652,O=P(Oc1ccc(O)cc1C)(Oc2cc(O)ccc2C)Oc3c(O)cccc3C,calibration
8778,E-655,COP(=S)(OC)SCN2C(=O)c1ccccc1C2=O,test
8779,E-660,O=P(SCCCC)(SCCCC)SCCCC,test
8780,E-664,O=C(O)CCC(C(C(C(C(C(C(C(C1)CC(O)C2)(C2)C)C3)C1)C4)(C3O)C)C4)C,validation
8781,E-669,s1c(N)ncc1,calibration
8782,E-671,N#CCCCl,test
8783,E-672,N#CCC=CC,calibration
8784,E-673,O=C(Nc(ccc(N)c1)c1)C,test
8785,E-674,O=C(Nc(ccc(c1)Br)c1)C,test
8786,E-675,O=C(Nc(ccc(c1)F)c1)C,test
8787,E-677,O=C(Nc(ccc(c1)I)c1)C,validation
8788,E-678,O=C(Nc(ccc(c1)OC)c1)C,calibration
8789,E-680,CCCCOc2cc(C(=O)NCCN(CC)CC)c1ccccc1n2,validation
8790,E-681,CN(C)CCC=C2c1ccccc1COc3ccccc23,test
8791,E-684,O=C(NC1C2C3CCCC3C(C1)C2)N(C)C,test
8792,E-689,CC(=O)OC3(CCC4C2CCC1=CC(=O)CCC1C2CCC34C)C#C,validation
8793,E-691,Oc1c(I)cc(C#N)cc1I,test
8794,E-697,CN(C)C2C1CC4C(=C(O)C1(O)C(=O)C(=C2O)C(N)=O)C(=O)c3c(O)cccc3C4(C)O,test
8795,E-700,CN(C)C(=O)C(c1ccccc1)c2ccccc2,test
8796,E-709,O=C(OCC)C=Cc(cccc1)c1,test
8797,E-714,CCCCCCOC(=O)c1ccc(N)cc1,validation
8798,E-726,c1cc(N)ccc1C(=O)OCCNCCCCC,calibration
8799,E-727,c1c(N(=O)(=O))cc2C(c3ccccc3)=NCC(=O)N(C)c2c1,test
8800,E-728,c1cc(OCCCC)ccc1C(=O)OCCN(CC)CC,validation
8801,E-729,n(c(N(Cc(cccc1)c1)CCN(C)C)ccc2)c2,validation
8802,E-731,C1C(=O)C=C2C(C)=CC3C4CCC(C(=O)C)(OC(=O)C)C4(C)CCC3C2(C)C1,test
8803,E-733,c1c(Cl)c(Cl)cc(O)c1OC,test
8804,E-737,O=C(NC(=O)C1=O)N1,calibration
8805,E-740,O=C(NC(=O)C)N,validation
8806,E-742,O=C(NC(=O)C(=O)C1=O)N1,validation
8807,E-749,ClCCS(=O)(=O)CCl,calibration
8808,E-754,C1(=O)NC(=O)NC(C(=O)O)=C1,calibration
8809,E-760,CCC1NC(=O)NC1(=O),test
8810,E-764,c1c(Cl)c(Cl)c2nsnc2c1Cl,validation
8811,E-765,c1c(Cl)nc2cncnc2n1,calibration
8812,E-768,c1c(S)nc2cncnc2n1,test
8813,E-769,O=C(O)C=CC(N=CN1)=C1,validation
8814,E-773,C=CCS(=O)SCC=C,test
8815,E-777,NC(=O)OCCCCC,test
8816,E-778,NC(=O)OCC(C)(C)C,calibration
8817,E-779,OCC(O)C(O)C(O)C(O)CO,test
8818,E-786,c1c(C)nc2cncnc2n1,validation
8819,E-789,c1cnc2c(SC)ncnc2n1,test
8820,E-791,O=Cc(c(O)ccc1)c1,test
8821,E-793,O=C(N)c(c(O)ccc1)c1,validation
8822,E-794,c1ccccc1NC(=O)NN,validation
8823,E-797,C1CCCC(C)C1=O,test
8824,E-798,NC(=O)OCCCCCC,test
8825,E-806,C1CCCCC1OC(=O)C,validation
8826,E-809,c1ccc(N)cc1C(=O)C,test
8827,E-817,O(C(OC(C1O)C(O)CO)C1O2)C2C(Cl)(Cl)Cl,calibration
8828,E-819,CCN(CC)C(=S)SCC(Cl)=C,test
8829,E-820,CCCCC(=O)CC(=O)C,calibration
8830,E-821,CC(=O)C(CCC)C(=O)C,calibration
8831,E-822,CC(C)(C)C(=O)CC(=O)C,test
8832,E-829,NC(=O)OCCCCCCC,test
8833,E-831,CN2C(=O)ON(c1ccc(Cl)c(Cl)c1)C2=O,validation
8834,E-843,OC(=O)CC(C)(C(=O)O)C(C)(C)C(=O)O,validation
8835,E-844,C1C(N2C)CC(O)C(C(=O)O)C2C1,test
8836,E-846,O=C(ON=C(C(C)(C)C)CSC)NC,calibration
8837,E-847,CCCCCCCCOC(=O)N,validation
8838,E-848,ClC1=C(Cl)C(Cl)(C2(Cl)Cl)C3CC=CC3C12Cl,calibration
8839,E-849,OC1C=CC2C1C3(Cl)C(=C(Cl)C2(Cl)C3(Cl)Cl)Cl,test
8840,E-855,c1cc(N)ccc1S(=O)(=O)Nc2cnccn2,calibration
8841,E-859,CNC(=O)ON=C1C(C2)C(C#N)CC2C1Cl,test
8842,E-863,O(c(ccc(c1)C=CC)c1)C,test
8843,E-866,O=C(N(C(=O)C(N(C=N1)CC(O)CO)=C12)C)N2C,calibration
8844,E-870,O=CC=C(CCC=C(C)C)C,calibration
8845,E-871,O=C1C(C)CCC(C(C)=C)C1,validation
8846,E-872,O=C(O)C(C(C(C(=O)O)C1)(C)C)(C1)C,validation
8847,E-878,c1ccc2C(O)N3CCC(O)C3=Nc2c1,test
8848,E-880,O=S(=O)(Nc(nccc1)c1)c(ccc(N)c2)c2,test
8849,E-885,O=S(=O)(Nc(onc1C)c1C)c(ccc(N)c2)c2,calibration
8850,E-886,C1=CC(=O)N2CC(C3)CNCC3C2=C1,test
8851,E-888,CNC(=O)Oc1cccc(N=CN(C)C)c1,validation
8852,E-892,CCOP(=S)(OCC)Oc1ccc(cc1)S(C)=O,validation
8853,E-907,CCNC(=O)C(C)OC(=O)Nc1ccccc1,calibration
8854,E-918,c1cc(N)ccc1S(=O)(=O)N(C(=O)C)c2onc(C)c2C,test
8855,E-919,CC(=O)Oc1c(N(=O)(=O))c(C)c(N(=O)(=O))cc1C(C)(C)C,test
8856,E-923,O=C(OC)CCCCCCCCCCC,test
8857,E-927,c1ccc2C(=O)N=C(c3ccccc3)Oc2c1,calibration
8858,E-931,Oc1ccc2Oc3cc(OC)cc(O)c3C(=O)c2c1,calibration
8859,E-934,N(c(c(S1)cc(c2)C)c2)=C1c(ccc(N)c3)c3,calibration
8860,E-937,OC(c(cccc1)c1)Cc(cccc2)c2,calibration
8861,E-942,COc2ccc(CC1NCC(O)C1OC(C)=O)cc2,test
8862,E-948,NC(Cc2cc(I)c(Oc1ccc(O)c(I)c1)c(I)c2)C(O)=O,test
8863,E-955,O=C(OC(C(C(C=CC1=O)(CC2)C)=C1C)C23)C3C,test
8864,E-956,O=C(NC(CCCC1)C1)NS(=O)(=O)c(ccc(c2)C(=O)C)c2,test
8865,E-961,C1CCN2CC(C3)C4CCCCN4CC3C2C1,calibration
8866,E-969,CN(C)CCCN2c1ccccc1Sc3ccc(C(F)(F)F)cc23,test
8867,E-970,O=C(N(CCCC1)C1)C=CC=Cc(ccc(OCO2)c23)c3,test
8868,E-980,C1CCC(CC1)[Sn](C2CCCCC2)C3CCCCC3.O,test
8869,E-984,OC(c(c(c(nc1)ccc2)c2)c1)C(N(CCC3C4C=C)C4)C3,calibration
8870,E-985,c1ccc2Sc3ccccc3N(CC4CN(C)CCC4)c2c1,calibration
8871,E-990,O=C1C2(C(C3CCC4C(C3CC2)(C)CCCC4)CC1)C,test
8872,E-991,C1C(O)CC2CCC3C4CCC(=O)C4(C)CCC3C2(C)C1,calibration
8873,E-993,COC(C)(C)CCCC(C)CC=CC(C)=CC(=O)OC(C)C,test
8874,E-997,c1ccc2N(C)C3C4CC5C(CC)C(O)N4C(C56)CC3(C6O)c2c1,test
8875,E-998,c1c(OC)cc2c(CC(=O)O)c(C)n(C(=O)C=Cc3ccccc3)c2c1,calibration
8876,E-999,CC1(C)C(C=C(Cl)Cl)C1C(=O)OCc3cccc(Oc2ccccc2)c3,test
8877,E-1000,c1cc(O)c2C(=O)C3=C(O)C4(O)C(=O)C(C(=O)N)=C(O)C(N(C)C)C4CC3C(O)c2c1Cl,calibration
8878,E-1001,c1ccc2Sc3ccc(C(#N))cc3N(CCCN4CCC(O)CC4)c2c1,validation
8879,E-1002,C1C(=O)C=C2CCC3C4CCC(C(=O)CO)C4(C5O)CC(O5)C3C2(C)C1,validation
8880,E-1005,C1C(O)CC2=CCC3C4CCC(C(=O)C)C4(C)CCC3C2(C)C1,test
8881,E-1006,O=C(N)C(=C(O)C(N(C)C)C(C1(O)C(O)=C(C2C(O)(c(c3c(O)cc4)c4Cl)C)C3=O)C2)C1=O,test
8882,E-1007,COc2ccc1C(OC(=O)c1c2OC)C4N(C)CCc5cc3OCOc3c(OC)c45,test
8883,E-1008,CC3C2C(O)C1C(N(C)C)C(=C(C(N)=O)C(=O)C1(O)C(=C2C(=O)c4c(O)cccc34)O)O,validation
8884,E-1011,CC(C)=CC3C(C(=O)OCc2cccc(Oc1ccccc1)c2)C3(C)C,validation
8885,E-1013,CC(=O)OCCN4CCN(CCCN2c1ccccc1Sc3ccc(Cl)cc23)CC4,validation
8886,E-1015,O=C(NCC(=O)O)CCC(C(C(C(C(C(C(C(C1)CC(O)C2)(C2)C)C3)C1O)C4)(C3O)C)C4)C,test
8887,E-1016,c12C(=O)C3=C(O)C4(O)C(=O)C=C(O)C(N(C)C)C4CC3C(O)(C)c1cccc2,test
8888,E-1018,O1C(C)C(O)C(N)C(O)C1OC2C=CC=CC=CC=CCC(C)OC(=O)C=CC(O3)C3CC(O)CC4(O)OC(C(C(=O)O)C(O)C4)C2,calibration
8889,E-1026,c1ccccc1CC,calibration
8890,E-1036,c(c(cc(c1ccc2)c2)cc(c3ccc4)c4)(c1)c3,test
8891,E-1038,c1ccc2ccc3nccnc3c2c1,calibration
8892,E-1042,ClC(Cl)(Cl)Cl,test
8893,E-1053,BrC=CBr,test
8894,E-1060,c1c(Cl)c(Cl)c(Cl)c(Cl)c1Cl,test
8895,E-1062,c1ccccc1c2ccc(Cl)cc2,validation
8896,E-1064,c1cccc(Cl)c1c2c(Cl)ccc(Cl)c2,validation
8897,E-1067,c1c(Cl)ccc(Cl)c1c2c(Cl)cccc2Cl,test
8898,E-1077,CC(C)C(C)CO,validation
8899,E-1101,O=C(O)C=Cc(cccc1)c1,validation
8900,E-1106,O=C(OCC)CC,test
8901,E-1116,c1ccccc1OC,calibration
8902,E-1118,CCCCOCCO,calibration
8903,E-1121,C1C(=O)C=C2CCC3C4CCC(C(=O)CO)C4(C)CCC3C2(C)C1,calibration
8904,E-1122,CC12CC(O)C3(F)C(CCC4=CC(=O)CCC43C)C2CCC1(O)C(=O)CO,test
8905,E-1123,O=C(O)c(c(O)ccc1)c1,validation
8906,E-1127,O=C(O)c(ccc(c1)Cl)c1,validation
8907,E-1129,CCCCCCN,test
8908,E-1130,CCCCCCCCN,validation
8909,E-1159,CC1CC(C)C(=O)C(C1)C(O)CC2CC(=O)NC(=O)C2,test
8910,E-1171,O=C(O)c(ccc(N(=O)=O)c1)c1,validation
8911,E-1183,COP(=S)(OC)Oc1ccc(N(=O)=O)c(C)c1,test
8912,E-1187,O=C(Nc(ccc(c1)Cl)c1)C,test
8913,E-1188,O=C(Nc(ccc(c1)N(=O)=O)c1)C,test
8914,E-1194,CC(C)N(C(C)C)C(=O)SCC(Cl)=CCl,calibration
8915,E-1200,N(C(CCC1)CC)C1,validation
8916,E-1202,Clc1c(Cl)c(Cl)c(Cl)c(O)c1OC,validation
8917,E-1205,O=C(O)C(N)CC(=O)N,validation
8918,E-1216,c1c(SC)nc2cncnc2n1,validation
8919,E-1224,CC(C)CC(=O)CC(=O)C,test
8920,E-1236,O=C(C(CC1C2)(C2)C)C1(C)C,test
8921,E-1237,O=C(C(CCC1C)C(C)C)C1,calibration
8922,E-1240,C1=CC(C2)C(C(=O)OC)C(C(=O)OC)C12,test
8923,E-1241,c1ccccc1S(=O)(=O)NC(=O)NCCCC,validation
8924,E-1244,O=C1C=CC(c2cc(ccc2O)O)(C=C1)O,test
8925,E-1247,CCCCN(CC)c1c(cc(cc1N(=O)=O)C(F)(F)F)N(=O)=O,validation
8926,E-1251,c1ccccc1C(=O)Oc2ccccc2,test
8927,E-1261,c1cc(O)ccc1C(C=C)C(C=C)c2ccc(O)cc2,test
8928,E-1263,c12ccccc1nccc2C(O)C3N(C4)CCC(C4CC)C3,calibration
8929,E-1267,C1C(=O)C=C2CCC3C4CCC(O)(C#C)C4(C)CCC3C2(C)C1,test
8930,E-1268,c1ccc2OC(=O)C(C(C(=O)OCC)C3=C(O)c4ccccc4OC3=O)=C(O)c2c1,test
8931,E-1269,NCCC(O)C(=O)NC2CC(N)C(OC1OC(CN)C(O)C(O)C1O)C(O)C2OC3OC(CO)C(O)C(N)C3O,validation
8932,E-1273,O=C(OCC)c(ccc(N)c1)c1,validation
8933,E-1274,O=C(Oc(c(ccc1)C(=O)O)c1)C,calibration
8934,E-1280,O=C1NC(=O)C(N1)(c2ccccc2)c3ccccc3,test
8935,E-1289,CCCCCC(O)C=CC1C(O)CC(=O)C1CC=CCCCC(=O)O,test
8936,F-1,NC(=O)C1=CN=C2N1CCC1=C(C=CC=C1)C21CCNCC1,validation
8937,F-2,CC1=C2C=CC=CC2=C(CN2CCOCC2)C2=C1C=CC=C2,calibration
8938,F-3,C1C[N+]2(CC3=CCOC4CC(=O)N5C6C4C3CC2C61C7=CC=CC=C75)O,validation
8939,F-6,C1=CC=C(C2=NC3N=CN=CC3=N2)C=C1,test
8940,F-7,C1=CC2=C(C=C1Cl)NC(=N2)C3=CC=C(O3)[N+](=O)[O-],test
8941,F-9,CCOC1=NO[N+](=C1S(=O)(=O)C2=CC=CC=C2)[O-],test
8942,F-12,O=C1CC(=O)CC(C2=CC=CC=C2)C1,calibration
8943,F-15,CC1=CC=C(S(=O)(=O)N(Cl)Cl)C=C1,test
8944,F-16,O=C(O)COC1=C(Cl)C=C(Cl)C=C1Cl,calibration
8945,F-17,CCC1OC(=O)C2=C1C=CC(C#N)=C2,test
8946,F-20,CC1=NC2=C(C=CC=C2)N=C(C)C1,test
8947,F-21,CC1=CC2=C(C=C1)S(=O)(=O)C=C2,test
8948,F-22,CCCCOC(=O)C1=CC=C(N)C=C1,test
8949,F-23,CC1=CC(=O)OC2=C3CCCN4CCCC(=C34)C=C12,calibration
8950,F-26,CC1=CS(=O)(=O)C2=C1C=CC=C2,test
8951,F-27,CC1(C)SCC(COC(N)=O)S1,validation
8952,F-29,NC(=O)OCC1COC2(CCCCC2)O1,test
8953,F-30,NC(=O)OCC1CSC2(CCCCC2)S1,calibration
8954,F-32,CC1=CC2=CC3=C(C=C2O1)OC(=O)C=C3C,test
8955,F-33,CC1=CC2=CC=CC(O)=C2N=C1C,validation
8956,F-36,C1=CC2=C(C=C1)C1=C(C=NC=C1)N2,calibration
8957,F-37,O=S(=O)(C1=CC=CC=C1)N(Br)Br,validation
8958,F-38,NC(=O)OCC1CSC2(CCCCC2)O1,calibration
8959,F-42,CC(C)C1OCC2(CO1)COC(C(C)C)OC2,validation
8960,F-43,COC1=CC(OC)=CC(OC)=C1,validation
8961,F-48,O=C(O)CCN1C=CC=CC1=O,validation
8962,F-53,CC1(C)N=C(C2=CC=CC=C2)NC1=O,test
8963,F-54,C1OC2=C(O1)C=C(C(=C2)CO)[N+](=O)[O-],calibration
8964,F-56,C1=CC=C(CNC23OC4C5C6CC(C7C6C4C72)C53)C=C1,calibration
8965,F-59,CC1(C)OC(=O)C2=C1C=CC(C#N)=C2,test
8966,F-62,C=CCC1=CC=C2C=NC=NC2=C1O,calibration
8967,F-67,C1=CC2=C(C=C1)SC1=C(C=CC=C1)N2,test
8968,F-70,CC1=NC=CC2=C1NC1=C2C=CC=C1,test
8969,F-72,CCC1(CC)CCC(=O)NC1=O,test
8970,F-73,CCOC(=O)C1=CNC(=S)N=C1,calibration
8971,F-74,O=S1(=O)C2=C(C=CC=C2)C2=C1C=CC=C2,calibration
8972,F-80,CCC1(C)NC(=O)C(C)(CC)NC1=O,test
8973,F-81,O=C1C=CC2=NC3=C(C=CC=C3)SC2=C1,test
8974,F-85,CC1=CC=C(C2=NC3=C(C=CC=C3)S2)C=C1,test
8975,F-86,O=C1C=CC2=C(C=C3OC=CC3=C2)O1,validation
8976,F-87,CC1=C(O)C(=O)C=CN1C1=CC=CC=C1,test
8977,F-88,CC1=CC=C(N2C=CC(=O)C(O)=C2C)C=C1,validation
8978,F-90,CCCCCCCNC(=O)C1=CN=CC=C1,test
8979,F-93,CC1=NC(=O)C(C(N)=O)C(=O)N1,test
8980,F-96,O=C1NC(=O)C2=C(N1)NC(=O)N2,test
8981,F-97,O=C1NC(=S)C2=C(N1)NC(=O)N2,validation
8982,F-98,O=C1CNC(=O)C2=C(C=CC=C2)N1,calibration
8983,F-100,CC(=O)NC1=CC2=C(C=C1)COC2=O,test
8984,F-103,CN1C2=C(C=CC=C2)C(=O)C2=C1C=CC=C2,calibration
8985,F-107,NC1=NC(=O)NN1C1=CC=CC=C1,calibration
8986,F-108,CC=CCC1(CC=CC)C(=O)NC(=O)NC1=O,test
8987,F-109,NC1=NC(=O)N(C2=CC=CC=C2)N1,test
8988,F-113,CCC1(CC)C(=O)NC(=S)NC1=O,test
8989,F-117,CC1=CC(OC2=CC=CC=N2)=NN1C,calibration
8990,F-118,NC1=NN=C(C2=CC=C(O)C=C2)O1,test
8991,F-119,COC(=O)C1=CC2=CC3=C(OC(=O)C=C3C)C(C)=C2O1,test
8992,F-121,CC12CC(C)(NC(=O)N1)NC(=O)N2,test
8993,F-122,CCC1(CC)NC(=O)C(CC)(CC)NC1=O,validation
8994,F-123,CC1=C(CC(=O)O)C(=O)NC(=O)N1,test
8995,F-128,CCN(CC)S(=O)N(CC)CC,calibration
8996,F-129,CC(C)C(NCCC#N)C(=O)O,test
8997,F-130,CCC(C)C(NCCC#N)C(=O)O,test
8998,F-131,CC(C(=O)O)N(CCC#N)CCC#N,test
8999,F-135,C(CCO[N+](=O)O)CO[N+](=O)O,test
9000,F-136,CCCCOP(=O)(OCCCC)OCCCC,test
9001,F-137,CC(CCO[N+](=O)O)O[N+](=O)O,calibration
9002,F-138,NCC(=O)NCC(=O)NCC(=O)O,test
9003,F-139,CC(CC(C)O[N+](=O)O)O[N+](=O)O,calibration
9004,F-140,C(CCO[N+](=O)O)CCO[N+](=O)O,calibration
9005,F-141,CC(C)CC(C(=O)O)N(CCC#N)CCC#N,test
9006,F-142,CC(CCC(C)O[N+](=O)O)O[N+](=O)O,test
9007,F-144,CC(O)C(O)C(O)C(O)C=NNC(N)=O,calibration
9008,F-146,NC(CSCCSCC(N)C(=O)O)C(=O)O,test
9009,F-147,NC(CSCCCSCC(N)C(=O)O)C(=O)O,test
9010,F-148,NC(CSCCCCSCC(N)C(=O)O)C(=O)O,test
9011,F-150,NC(CSCCCCCSCC(N)C(=O)O)C(=O)O,calibration
9012,F-151,NC(CSCCCCCCSCC(N)C(=O)O)C(=O)O,test
9013,F-152,NC1=C2NC(=O)N=C2NC(=O)N1,test
9014,F-154,CC(C)CC(NC(=O)C(C)NC(=O)CN)C(=O)NC(C(=O)O)C(C)C,test
9015,F-156,CCCCCCOC(=O)C(C)O,test
9016,F-159,CCC(C)C(NC(C)=O)C(=O)O,calibration
9017,F-160,CC(C(C)O[N+](=O)O)O[N+](=O)O,test
9018,F-162,CCCCC(NC(N)=O)C(=O)O,test
9019,F-163,CSCCC(NC(C)=O)C(=O)O,validation
9020,F-164,O=S(CCCl)CCS(=O)CCCl,validation
9021,F-165,CC(SSC(C)C(=O)O)C(=O)O,validation
9022,F-166,CC(C)CC(NC(=O)CN)C(=O)O,calibration
9023,F-167,CCC(SC(CC)C(=O)O)C(=O)O,test
9024,F-168,CC(SCSC(C)C(=O)O)C(=O)O,validation
9025,F-169,CSC(CCC(SC)C(=O)O)C(=O)O,test
9026,F-170,CC(C)C(N)C(=O)NC(C(=O)O)C(C)C,calibration
9027,F-171,NC(CSCC(N)C(=O)O)C(=O)O,calibration
9028,F-172,CC(C)CC(N)C(=O)NC(C(=O)O)C(C)C,validation
9029,F-173,CC(=O)NC(CCC(=O)O)C(=O)O,test
9030,F-174,NC(=O)NN=CC(O)C(O)C(O)CO,validation
9031,F-175,CCSC(=S)OC(CC(=O)O)C(=O)O,calibration
9032,F-176,CCOC(=S)SC(CC(N)=O)C(=O)O,test
9033,F-177,CCOC(=S)SC(CC(=O)O)C(=O)O,test
9034,F-179,CCSC(CCC(SCC)C(=O)O)C(=O)O,validation
9035,F-180,CC(C)CC(N)C(=O)NC(CC(C)C)C(=O)O,validation
9036,F-181,NC(CCSSCCC(N)C(=O)O)C(=O)O,calibration
9037,F-182,C=CCSC(CCC(SCC=C)C(=O)O)C(=O)O,test
9038,F-183,CC(C)CC(N)C(=O)NCC(=O)NCC(=O)O,validation
9039,F-184,CC(C)CC(Br)C(=O)NC(C)C(=O)NC(C)C(=O)O,calibration
9040,F-185,CC(C)CC(NC(=O)CNC(=O)CN)C(=O)O,test
9041,F-186,COC(OC(C)=O)C(OC(C)=O)C(OC(C)=O)C(COC(C)=O)OC(C)=O,test
9042,F-189,C1=C(SC(=C1)[N+](=O)[O-])C(=O)NN,validation
9043,F-192,NS(=O)(=O)C1=NC2=C(C=CC=C2)S1,validation
9044,F-193,OC(=S)CCCCCCC(O)=S,test
9045,F-195,CCCC(=O)NNC(=O)CCC,calibration
9046,F-197,CCN(CC)S(=O)(=O)N(CC)CC,test
9047,F-199,CCCCCCCCCCOC(=O)C(C)O,validation
9048,F-200,NC(=O)NCCCCCC(=O)O,test
9049,F-201,OC(=S)CCCCCCCC(O)=S,test
9050,F-203,OC(=S)CCCCCCCCC(O)=S,test
9051,F-209,COC(=O)C(C#N)C(=O)CC(C)C,test
9052,F-210,CCCCC(=O)NNC(=O)CCCC,validation
9053,F-212,CCOC(=O)CNC(C)=CC(C)=O,validation
9054,F-213,CC1(C)NC(=O)N(CC2=CC=CC=C2)C1=O,calibration
9055,F-220,CCC(CO[N+](=O)O)O[N+](=O)O,calibration
9056,F-221,CCCCCCCCOC(=O)C(C)OC(C)=O,test
9057,F-222,COC1=CC2=C(C=C1)C1=C(N2)C(C)=NC=C1,validation
9058,F-223,CCCC(C)(COC(N)=O)COC(N)=O,calibration
9059,F-227,CC(C=NNC(N)=O)=NNC(N)=O,validation
9060,F-229,CCCCS(=O)(=O)NS(=O)(=O)CCCC,calibration
9061,F-232,CC(O)C(=O)NCCCCCCNC(=O)C(C)O,calibration
9062,F-233,C1C2(COP(=O)(O1)OC2)[N+](=O)[O-],calibration
9063,F-237,CCCCCCS(=O)(=O)NS(=O)(=O)CCCCCC,calibration
9064,F-238,CC(=O)OC(OC(C)=O)C(OC(C)=O)OC(C)=O,test
9065,F-239,O=C(NCCCCCCNC(=O)OCCO)OCCO,test
9066,F-240,CCCCCCOC(=O)CCCCCCCCC(=O)OCCCCCC,validation
9067,F-241,CCCS(=O)(=O)C(S(=O)(=O)CCC)S(=O)(=O)CCC,test
9068,F-247,O=C(NCCCCCCNC(=O)OCCCCO)OCCCCO,test
9069,F-248,CCCCS(=O)(=O)C(S(=O)(=O)CCCC)S(=O)(=O)CCCC,test
9070,F-251,NC1=NC2=C(N=CC(=O)N2)C(=O)N1,test
9071,F-252,CC1=NC2=C(N=CNC2=O)NC1=O,test
9072,F-254,O=C(O)C1=CC(N=NC2=CC=C(O)C=C2)=C(Cl)C=C1,test
9073,F-255,CC(=NNC(=O)C1=NC=CS1)C(=O)O,calibration
9074,F-257,O=C1C=NC2=C(N1)C(=O)NC(=O)N2,calibration
9075,F-260,O=C(O)C1=CC=CC(N=NC2=CC=C(O)C=C2)=C1,validation
9076,F-261,O=C(O)C1=C(N=NC2=CC=C(O)C=C2)C=CC=C1,validation
9077,F-262,CCCCCCCCN(C)N=NC1=CC=C(C(=O)O)C=C1,validation
9078,F-263,O=C(O)C1=C(N=NC2=CC=C(O)C=C2)C=CC(Cl)=C1,calibration
9079,F-265,CC(=NNC(=O)C1=CC=NC=C1)C(=O)O,validation
9080,F-266,CN1C(=O)NC2=C1NC(=O)NC2=O,calibration
9081,F-267,COC1=C(OC)C2=C(COC2=O)C(N)=C1,validation
9082,F-268,O=C(C1=CC=CC=C1)C(F)(F)F,test
9083,F-270,C1=CC=C2C(=C1)C=CC=C2[N+](=O)[O-],calibration
9084,F-272,CC1=C(C(=O)CCl)C=C(C(C)C)C(O)=C1,validation
9085,F-276,OC1=C(Cl)C(Cl)=C(Cl)C(Cl)=C1O,calibration
9086,F-277,COC1=CC=C(C2=CC=CC=C21)[N+](=O)[O-],test
9087,F-278,C(CCCO[N+](=O)O)CCCO[N+](=O)O,test
9088,F-279,C1C2=CC=CC=C2C3=C1C=C(C=C3)[N+](=O)[O-],test
9089,F-281,C(CCCCO[N+](=O)O)CCCO[N+](=O)O,test
9090,F-291,COP(=O)(OC)OC(=CCl)C1=C(Cl)C=C(Cl)C(Cl)=C1,calibration
9091,F-292,CCOC(=O)N1CC(C)N(C(N)=O)CC1C,calibration
9092,F-293,C1=CC=C(C=C1)OP(=O)(OC2=CC=CC=C2)OC3=CC=C(C=C3)[N+](=O)[O-],validation
9093,F-294,O=C1C=CC2=C(O1)C(O)=C1OC=CC1=C2,test
9094,F-295,O=C1OC(C2=CC=C(Br)C=C2)C(Br)C1=O,test
9095,F-296,O=C1NC(=S)SC1=CC1=CC(O)=C(O)C=C1,calibration
9096,F-299,COC(=O)C1=CC=C(C(=O)O)C=C1,test
9097,F-301,C(CCCO[N+](=O)O)CCO[N+](=O)O,validation
9098,F-302,COC(=O)C1=CC=C(C=C1)[N+](=O)[O-],test
9099,F-306,CC12CCC3C4=C(C=C(O)C=C4)CCC3C1CCC2=O,calibration
9100,F-310,NNC(=O)C1=CC2=C(C=C1)OCO2,calibration
9101,F-314,CCN(CC)C1=CC2=C(C=C1)C(C)=CC(=O)O2,test
9102,F-315,NC1=C2C=CC=NC2=C(S(=O)(=O)O)C=C1,test
9103,F-316,NC1=C(S(=O)(=O)O)C=CC2=C1C=CC=N2,test
9104,F-317,COC1=CC=C(Cl)C(OC)=C1O,test
9105,F-319,CC1=C(C2=CC=CC=C2C=C1)[N+](=O)[O-],test
9106,F-320,CCC1(CCO)C(=O)NC(=S)NC1=O,validation
9107,F-321,COC1=C2C=COC2=CC2=C1C=CC(=O)O2,calibration
9108,F-322,NC1=CC=C(S(=O)(=O)N=C2CC=CN2)C=C1,validation
9109,F-323,COC1=C2OC=CC2=CC2=C1OC(=O)C=C2,validation
9110,F-324,CC1=CC(=O)N(O)C2=C1C1=C(C=CC=C1)C=C2,test
9111,F-329,O=C(O)CSC(=S)OCC1=CC=CC=C1,test
9112,F-331,CCCCCCCCC(CO[N+](=O)O)O[N+](=O)O,test
9113,F-333,CCCC1(CCC)C(=O)NC(=O)NC1=O,test
9114,F-334,CC1=NC(=O)C2=C(N1)C=CC(=C2)[N+](=O)[O-],test
9115,F-335,CCCCCOC(=O)C1=C(C(=O)OCCCCC)C=CC=C1,test
9116,F-338,NC(=O)CNC(=O)CNC(=O)OCC1=CC=CC=C1,validation
9117,F-339,CCC(=O)C(CCCCCCOC1=C(Cl)C=C(OC)C=C1)C(=O)CC,test
9118,F-340,CCCCC1(CC)C(=O)NC(=O)NC1=O,test
9119,F-344,CC(=O)C1=C(C(=O)O)C(C(=O)O)=CN=C1C,test
9120,F-345,CC(CCC(=O)O)=NNC(=O)C1=NC=CS1,test
9121,F-347,CC1=C(C(C)C)C(=O)N(C2=CC=CC=C2)N1C,calibration
9122,F-348,C1=CC=C2C=C(C=CC2=C1)[N+](=O)[O-],test
9123,F-349,CC(=NO)C(=NO)C1=CC=CC=C1,test
9124,F-351,COC1=C(OCC(O)CO)C=CC=C1,calibration
9125,F-352,OCCOC1=CC=CC(OCCO)=C1,test
9126,F-354,CC(=O)CC(C)=NCCN=C(C)CC(C)=O,test
9127,F-355,C1=CC(=CC=C1C(=O)NO)[N+](=O)[O-],validation
9128,F-357,CN(C(=O)C1=CC=C(C=C1)[N+](=O)[O-])O,calibration
9129,F-358,COC1=CC=C(C=CC(=O)C2=C(O)C=CC=C2)C=C1,test
9130,F-359,CONC(=O)C1=CC=C(C=C1)[N+](=O)[O-],calibration
9131,F-360,CC1=CC(C)=NC(OC2=NN(C)C(C)=C2)=N1,test
9132,F-361,NC(=O)CNC(=O)OCC1=CC=CC=C1,test
9133,F-363,COC1=CC2=C(C=C1)NC=C2CCNC(C)=O,calibration
9134,F-367,CC12CCC3(O)C(CCC4=CC(=O)CCC43C)C1CCC2=O,calibration
9135,F-369,CC(CCC(=O)O)=NNC(=O)C1=CC=NC=C1,test
9136,F-374,CCC=C(C)C1(CC)C(=O)NC(=O)NC1=O,test
9137,F-375,CC(C)CC1(CCO)C(=O)NC(=S)NC1=O,validation
9138,F-378,O=S(=O)(C1CCCCC1)C1CCCCC1,validation
9139,F-379,CCCC1(CCO)C(=O)NC(=S)NC1=O,validation
9140,F-380,COC1=CC=C2C=C(CCC(C)=O)C=CC2=C1,test
9141,F-381,CC(C)(NC(=O)C1=CC=CC=C1)C(=O)O,test
9142,F-383,COC1=C(OC)C2=C(COC2=O)C(C#N)=C1,test
9143,F-391,O=C(O)C1=C(C(=O)C2=CC=C(O)C=C2)C=CC=C1,validation
9144,F-393,NC(=O)NS(=O)(=O)C1=CC=C(N)C=C1,calibration
9145,F-394,CCOC(=O)C(C)(C)NC(=O)C1=CC=CC=C1,calibration
9146,F-395,CCOC(=O)OC1=CC=C(NC(C)=O)C=C1,test
9147,F-396,CC1(C(=O)O)NCCC2=C1C=C(O)C(O)=C2,calibration
9148,F-397,CCC(C)(C(=O)O)N1C(=O)C2=C(C=CC=C2)C1=O,calibration
9149,F-401,COC1=CC=C(C(O)C(O)C2=CC=CC=C2)C=C1,test
9150,F-402,CC(=O)NC(COC(=O)C1=CC=CC=C1)C(=O)O,test
9151,F-403,NC(CC1=CC=C(O)C=C1)C(=O)NCC(=O)O,test
9152,F-404,COC1=CC=C(CC2NC(=O)N(C)C2=O)C=C1,validation
9153,F-405,O=C(O)C(OC1=C(Cl)C=CC=C1)OC1=C(Cl)C=CC=C1,test
9154,F-406,COC1=C(C=CC(=C1)OC2=C(C=C(C=C2)Cl)Cl)[N+](=O)[O-],calibration
9155,F-408,CCNC(=S)N1CCN(C(=O)OCC)CC1,validation
9156,F-409,O=C(NC(=O)C1=C(F)C=CC=C1F)NC1=CC=C(Cl)C=C1,calibration
9157,F-410,CNC(=S)NC1C(=O)NC(=O)NC1=O,validation
9158,F-411,CC(C)CC(NC(=O)OCC1C2=C(C=CC=C2)C2=C1C=CC=C2)C(=O)O,calibration
9159,F-412,CC(=O)NS(=O)(=O)C1=CC=C(NC(=O)C2=C(C(=O)O)C=CC=C2)C=C1,validation
9160,F-413,CCC1(C2=C(C=C(C=C2)[N+](=O)[O-])C(=O)O1)CC,calibration
9161,F-415,CCCCC(CCCC)(CCCC)C(=O)NO,calibration
9162,F-416,COC(=O)C1=CC=C(N(C)C)C=C1,test
9163,F-417,COC1=CC=CC(C(=O)O)=C1OC,validation
9164,F-418,NS(=O)(=O)C1=CC=C(NO)C=C1,validation
9165,F-419,O=S(=O)(O)C1=CC2=C(C=C1)OC1=C2C=CC=C1,validation
9166,F-420,O=C(C1=CC=CC=C1)N(O)C1=CC=CC=C1,test
9167,F-421,CC(=O)NC(CC1=CC=CC=C1)C(=O)O,test
9168,F-422,CC(C)C1=CC=C(NC(=O)N(C)C)C=C1,calibration
9169,F-426,CCOC(=O)C(CC1=CC=CC=C1)NC(C)=O,validation
9170,F-427,CCN(CC)CC(=O)NC1=C(C)C=CC=C1C,validation
9171,F-428,CC(C(=O)O)C1=CC=CC(C(=O)C2=CC=CC=C2)=C1,test
9172,F-429,CC1=CC2=CC3=C(OC(=O)C=C3C)C(C)=C2O1,test
9173,F-432,CCOC(=O)C(CC1=CC=C(O)C=C1)NC(=O)C1=CC=CC=C1,calibration
9174,F-433,CC1=CC=C(S(=O)(=O)NC(CCC(=O)O)C(=O)O)C=C1,test
9175,F-435,CCN(CC)C(=O)CN1C=C(Br)C(=O)C(Br)=C1,test
9176,F-436,CCN(CC)C(=O)CN1C=C(I)C(=O)C(I)=C1,calibration
9177,F-437,O=S(=O)(O)C1=C2C=CC=NC2=C(O)C(I)=C1,test
9178,F-438,C=CCC1(C(C)CCC)C(=O)NC(=O)NC1=O,test
9179,F-439,CCCCC(CC)CC(CC)(CC)C(=O)NO,calibration
9180,F-440,CCCCCCCCC(CC)(CC)C(=O)NO,test
9181,F-441,CC(C)CC(CC(C)C)(CC(C)C)C(=O)NO,test
9182,F-442,CCCCCCC(CCC)(CCC)C(=O)NO,validation
9183,F-443,CCCCCCCCCCC(C)(C)C(=O)NO,calibration
9184,F-445,COC1=C(O)C=CC(C(=O)CO)=C1,test
9185,F-446,CCCCC1(CCO)C(=O)NC(=S)NC1=O,calibration
9186,F-448,O=C(O)CC1(O)CC(=O)N(C2=CC=CC=C2)C1=O,test
9187,F-449,CCC(CC)(CC1=CC=C(C)C=C1)C(=O)NO,validation
9188,F-451,O=C(NC(CO)C(=O)O)C1=CC=CC=C1,validation
9189,F-453,O=C1NC=C(NS(=O)(=O)O)C(=O)N1,validation
9190,F-454,CCCC(CCC)(C(=O)NO)C1=CC=CC=C1,test
9191,F-455,CC1=CC(C)=C(CC(C)(C)C(=O)NO)C(C)=C1,validation
9192,F-456,CN(CC(=O)O)C(=S)SCC1=CC=CC=C1,test
9193,F-457,CCC1(CC)C(=O)N(C)N(C2=CC=CC=C2)C1=O,test
9194,F-459,CCCOC(=O)C1=C(C(=O)OCCC)C=CC=C1,test
9195,F-460,CCCCCCCOC(=O)C1=C(C(=O)OCCCCCCC)C=CC=C1,test
9196,F-462,CCCCCCCCNCC(O)CO,test
9197,F-463,CCCCCCCCCNCC(O)CO,validation
9198,F-464,CCCCCCCCCCNCC(O)CO,test
9199,F-465,CNCC(O)C1=CC(O)=C(O)C=C1,test
9200,F-470,CC(C)CCC1(CCO)C(=O)NC(=S)NC1=O,validation
9201,F-471,CCCCCC1(CCO)C(=O)NC(=S)NC1=O,test
9202,F-472,O=C(O)CN1C(=O)NC(=O)C1CC1=CC=CC=C1,test
9203,F-474,CS(=O)(=O)NC1=C(C=C(C=C1)[N+](=O)[O-])OC2=CC=CC=C2,calibration
9204,F-477,NC(=O)NC1(O)NC(=O)NC1(O)C(=O)O,test
9205,F-478,CCCC(C)CC1(CCO)C(=O)NC(=S)NC1=O,calibration
9206,F-479,CCC(CC)CC1(CCO)C(=O)NC(=S)NC1=O,validation
9207,F-481,NC1=CC=C(S(=O)(=O)NC2=CN=C(I)C=C2)C=C1,calibration
9208,F-482,CC1=C(NC(N)=O)C(=O)N(C2=CC=CC=C2)N1C,validation
9209,F-483,CC12CCC3C4=C(C=C(O)C=C4)CCC3C1CC(O)C2O,validation
9210,F-485,COC1=CC(Cl)=C(Cl)C(Cl)=C1O,test
9211,F-486,CN1C(=O)NC(=O)C(C)(C2=CCCCC2)C1=O,calibration
9212,F-487,CC(=O)C(OC1=C(Cl)C=CC=C1)C(=O)O,test
9213,F-489,O=C1C=CC2=C(C=CC=C2)C1=NO,validation
9214,F-491,CC(=O)NC1=CC2=C(C=C1)N=C(S(N)(=O)=O)S2,test
9215,F-494,O=C(O)CSC(CC(=O)O)C1=CC=CC=C1,calibration
9216,F-495,COC1=CC(C(=O)C=CC2=CC=CC=C2)=C(O)C=C1,validation
9217,F-500,COC(=O)C1=CC(Br)=C(O)C=C1,calibration
9218,F-501,CCC1=NN=C(NS(=O)(=O)C2=CC=C(N)C=C2)S1,validation
9219,F-503,O=C(O)C1=C(C(=O)OCCOC(=O)C2=C(C(=O)O)C=CC=C2)C=CC=C1,test
9220,F-507,COc1cc(c2COC(=O)c2c1OC)[N+]([O-])=O,test
9221,F-509,CC(=O)CC(C)=NC1=CC=C(O)C=C1,test
9222,F-511,CCC1(CC)C(=O)N(C2=CC=CC=C2)N=C1OC(C)=O,validation
9223,F-513,COC(=O)C1=CC(O)=C(OC)C(O)=C1,test
9224,F-514,NC1=CC=C2C(O)=CC=CC2=C1S(=O)(=O)O,validation
9225,F-519,NC1=CC2=C(S(=O)(=O)O)C=CC=C2C=C1,test
9226,F-521,CC(=O)NC(CC1=CC=C(O)C=C1)C(=O)O,validation
9227,F-524,NCC(=O)NC(CC1=CC=C(O)C=C1)C(=O)O,validation
9228,F-526,CC(=O)CC(C)=NC1=C(O)C=CC=C1,test
9229,F-531,NC1=C(C=NC2=C(O)C=CC=C2)C=CC=C1,test
9230,F-533,COS(=O)(=O)C1=CC=C(C(=O)O)C=C1,validation
9231,F-534,NC1=C(C(=O)OCC=CC2=CC=CC=C2)C=CC=C1,test
9232,F-535,NC(C(=O)NCC(=O)O)C1=CC=CC=C1,validation
9233,F-537,CC(=O)CC(C)=NC1=CC=C(N=C(C)CC(C)=O)C=C1,calibration
9234,F-540,O=C(O)CN(C(=S)SCC1=CC=CC=C1)C1=CC=CC=C1,test
9235,F-543,COC(=O)C(CC1=CC=CC=C1)NC(=O)C(CC(=O)O)NC(=O)C(F)(F)F,validation
9236,F-544,NC1=CC(=O)C(=O)C2=C1C=CC=C2,validation
9237,F-547,CC(=O)NC1=CC2=C(C=C1)C1=C(C=CC=C1)C2,calibration
9238,F-548,CC(=O)NC1=C(C=CC(=C1)Cl)[N+](=O)[O-],validation
9239,F-549,N#CCCNC(CC1=CC=CC=C1)C(=O)O,calibration
9240,F-550,CCCN(CCC)S(=O)(=O)C1=CC=C(C(=O)O)C=C1,calibration
9241,F-555,CCNC(=O)NC1=C(C)N(C)N(C2=CC=CC=C2)C1=O,test
9242,F-559,CC1=CC=C(C(=O)N(O)C2=CC=C(Cl)C=C2)C=C1,validation
9243,F-562,O=C(O)C1=CC=C(P(=O)(C2=CC=CC=C2)C2=CC=C(C(=O)O)C=C2)C=C1,calibration
9244,F-563,NS(=O)(=O)C1=C(C2=NC3=C(C=CC=C3)C(=O)N2)C=CC=C1,test
9245,F-564,CC(C)=NNC(=O)NC1C2=C(C=CC=C2)OC2=C1C=CC=C2,validation
9246,F-565,NC1C(O)C(O)C(O)C(O)C1O,test
9247,F-566,O=C(O)C=CC(=O)NC1=CC=CC=C1,test
9248,F-567,O=C(O)C1=CC=C(P(=O)(O)C2=CC=CC=C2)C=C1,test
9249,F-568,CC(=O)NC1=CC=C(S(=O)(=O)NC2=NC(C)=CS2)C=C1,calibration
9250,F-570,NC1=CC=C(S(=O)(=O)NC2=NC3=C(C=N2)CCCC3)C=C1,test
9251,F-571,CN1C(=O)C(CC2=CC=C(O)C=C2)N(CC(=O)O)C1=O,calibration
9252,F-572,CC(C)CC(N)C(=O)NC(CC1=CC=C(O)C=C1)C(=O)O,test
9253,F-573,CN(C)CCNC(=O)NC1CCCCC1,calibration
9254,F-574,CCN(CC)CC(C)OC(=O)C1=CC=C(N)C=C1,validation
9255,F-575,CCN(CC)C(C)COC(=O)C1=CC=C(N)C=C1,calibration
9256,F-576,CC(C)CC(NC(=O)C(N)CC1=CC=C(O)C=C1)C(=O)O,calibration
9257,F-578,CCCCNC(=O)NC1=C(C)N(C)N(C2=CC=CC=C2)C1=O,test
9258,F-580,C1=COC(=C1)C(=O)C2=NO[N+](=C2C(=O)C3=CC=CO3)[O-],test
9259,F-582,CC1C(=O)CCC2C(O)CCC(O)C12,test
9260,F-585,CC(C)(C)CC(C)(C)C1CC/C(=N/O)/C(=N\O)/C1,validation
9261,F-586,CNC(CC1=CC(O)=C(O)C=C1)C(=O)O,test
9262,F-588,CC(=O)NC(CSC1=CC(Cl)=C(Cl)C=C1)C(=O)O,validation
9263,F-589,C1=CC(=CC=C1NC(=O)NCCC(=O)O)[N+](=O)[O-],calibration
9264,F-590,CC(=O)NC(CSC1=C(Cl)C=CC=C1Cl)C(=O)O,validation
9265,F-591,N#CCCN(CCC#N)C(CC1=CC=C(O)C=C1)C(=O)O,test
9266,F-592,CC12CCC(=O)C=C1CCC1C2CCC2(C)C(OC(=O)CCC(=O)O)CCC12,test
9267,F-594,O=C(O)CN1C(=O)N(C2=CC=CC=C2)C(=O)C1CC1=CC=CC=C1,validation
9268,F-595,CC1(C)C(=O)C(=O)C2CCC1C2,test
9269,F-596,CCOC(=O)C(O)C1=CC=CC=C1,test
9270,F-597,CC12CCC(CC1=O)C2(C)C(=O)O,test
9271,F-598,CC12CCC(C(=NO)C1=NO)C2(C)C,test
9272,F-599,CC(C(=O)O)S(=O)(=O)C1=CC=CC=C1,calibration
9273,F-600,CC(O)C(NC(=O)C1=CC=CC=C1)C(=O)O,test
9274,F-601,O=C(O)CSC(C(=O)O)C1=CC=CC=C1,calibration
9275,F-602,CC(CC(=O)NC1=CC=CC=C1)C(=O)O,validation
9276,F-604,CC(C(=O)N(C)C)S(=O)(=O)C1=CC=CC=C1,validation
9277,F-605,COC(C)C(NC(=O)C1=CC=CC=C1)C(=O)O,validation
9278,F-606,O=C(O)CNC(CC1=CC=CC=C1)C(=O)O,calibration
9279,F-607,CC(OC1=C(Cl)C=C(Cl)C(Cl)=C1)C(=O)O,test
9280,F-608,CC(C(=O)O)NC(=O)C1=CC(=CC=C1)[N+](=O)[O-],test
9281,F-609,O=C(O)CNC(CC1=CC=C(O)C=C1)C(=O)O,calibration
9282,F-610,CC(=O)C=C(C)NC1CCCCC1NC(C)=CC(C)=O,calibration
9283,F-611,OCC(O)C(O)C(O)C=NN(C1=CC=CC=C1)C1=CC=CC=C1,validation
9284,F-612,CC(O)C1(O)CCC2C3CCC4=CC(=O)CCC4(C)C3CCC21C,test
9285,F-613,CC1=CC=C(C2(O)CCN(CCCC(=O)C3=CC=C(F)C=C3)CC2)C=C1,validation
9286,F-614,CC(CCC(=O)O)C1CCC2C3CC(O)C4CC(O)CCC4(C)C3CCC12C,test
9287,F-617,O=C(O)C(SCCSC(C(=O)O)C1=CC=CC=C1)C1=CC=CC=C1,calibration
9288,F-618,NC(CC1=CC=C(O)C=C1)C(=O)NCC(=O)NCC(=O)O,validation
9289,F-619,CC1=C(NC(=O)NC2=CC=CC=C2)C(=O)N(C2=CC=CC=C2)N1C,validation
9290,F-621,CC1=C(O)C=CC(C(=O)CC(C)C)=C1,test
9291,F-622,CC1CCC(C)C(=NO)C1=NO,calibration
9292,F-623,CCC1CCC(=NO)C(=NO)C1,validation
9293,F-624,COC1=CC(O)=C(CC=C(C)C)C2=C1C(=O)CC(C1=CC=C(O)C=C1)O2,test
9294,F-625,CCOC(=O)C1=CC(Br)=C(O)C=C1,validation
9295,F-626,NC(=O)CC1=CC=C(C2=CC=CC=C2)C=C1,test
9296,F-627,CCCOC(=O)C1=CC(Cl)=C(O)C=C1,test
9297,F-628,CCCOC(=O)C1=CC(Br)=C(O)C=C1,test
9298,F-629,O=S1(=O)OC(C2=CC=C(O)C=C2)(C2=CC=C(O)C=C2)C2=C1C=CC=C2,validation
9299,F-630,C=CCOC1=C(C=C(C=C1)[N+](=O)[O-])N,calibration
9300,F-631,COC1=CC=C(N(C)C(N)=O)C=C1,test
9301,F-633,NC(=O)NN=CCOC1CCCCC1,test
9302,F-634,CCOC1=CC=C(N(C)C(N)=O)C=C1,calibration
9303,F-635,CCCCOC1=C(C=C(C=C1)[N+](=O)[O-])N,calibration
9304,F-636,COC1=C(S(N)(=O)=O)C=C(C)C=C1,validation
9305,F-637,CCCCOC(=O)C1=CC(Cl)=C(O)C=C1,test
9306,F-638,CCCCOC(=O)C1=CC(Br)=C(O)C=C1,test
9307,F-639,CC1=C(OCC(O)=S)C=CC(Cl)=C1,test
9308,F-640,CCCCCOC(=O)C1=CC(Cl)=C(O)C=C1,test
9309,F-641,CCCCCOC(=O)C1=CC(Br)=C(O)C=C1,test
9310,F-642,CCCCCOC(=O)C1=CC(I)=C(O)C=C1,test
9311,F-643,CC(C)OC1=C(C=C(C=C1)[N+](=O)[O-])N,test
9312,F-644,C1=CC=C(C=C1)C2=C(C=CC(=C2)O)[N+](=O)[O-],calibration
9313,F-645,CC(C(N)=O)S(=O)(=O)C1=CC=CC=C1,test
9314,F-646,C1=CC=C(C=C1)C2=C(C(=CC=C2)O)[N+](=O)[O-],validation
9315,F-647,CCOC1=CC=C(N(CC)C(N)=O)C=C1,validation
9316,F-648,OC(=S)COC1=C(Cl)C=C(Cl)C=C1,test
9317,F-649,CCCCCCOC(=O)C1=CC(Cl)=C(O)C=C1,validation
9318,F-650,CCCCCCOC(=O)C1=CC(Br)=C(O)C=C1,test
9319,F-651,CCCCCCOC(=O)C1=CC(I)=C(O)C=C1,test
9320,F-652,COC1=CC=CC(OCC(O)CO)=C1OC,calibration
9321,F-653,COC1=C(O)C(OC)=C(Cl)C(Cl)=C1Cl,validation
9322,F-654,CN(C)C1=C(C(=O)O)C=C(C(=O)O)C=C1,calibration
9323,F-655,CCCCCCCOC(=O)C1=CC(Cl)=C(O)C=C1,validation
9324,F-656,CCCCCCCOC(=O)C1=CC(Br)=C(O)C=C1,calibration
9325,F-657,CCCCCCCOC(=O)C1=CC(I)=C(O)C=C1,calibration
9326,F-658,COC1=CC(C(=O)O)=C(C(=O)O)C=C1O,validation
9327,F-659,O=S(=O)(C1=CC(O)=CC=C1)C1=C(O)C=CC=C1,calibration
9328,F-660,O=S(=O)(C1=CC(O)=CC=C1)C1=CC(O)=CC=C1,calibration
9329,F-661,CS(=O)(=O)NS(=O)(=O)C1CCCCC1,validation
9330,F-662,CCCCCCCCOC(=O)C1=CC(Cl)=C(O)C=C1,test
9331,F-663,CCCCCCCCOC(=O)C1=CC(Br)=C(O)C=C1,calibration
9332,F-664,CCCCCCCCOC(=O)C1=CC(I)=C(O)C=C1,validation
9333,F-665,CCN(CC)C(C)C(C)OC(=O)C1=CC=C(N)C=C1,validation
9334,F-667,OC(=S)COC1=C(Cl)C=C(Cl)C(Cl)=C1,validation
9335,F-668,CC(=O)OC1C(C2COC(C)(C)O2)OC2OC(C)(C)OC21,validation
9336,F-669,O=C(NC1=CC=CC=C1)C(O)COC1=CC=CC=C1,validation
9337,F-670,CCOC1=C(C(=O)N(O)C2=CC=CC=C2)C=CC=C1,test
9338,F-671,NCCNC1=CC=C(S(=O)(=O)C2=CC=C(N)C=C2)C=C1,validation
9339,F-673,NC1=CC=C(S(=O)(=O)NC(CO)(CO)CO)C=C1,validation
9340,F-674,CNC(=N)NS(=O)(=O)C1=CC2=C(C=CC=C2)C=C1,validation
9341,F-675,CC(C)(NC(=O)C1=CC=CC=C1)C(=O)NCC(=O)O,test
9342,F-676,O=C(O)C1=C(N=NC2=CC=C(O)C=C2)C=CC=C1Cl,validation
9343,F-678,CCOC(=O)CC1=C(C)N=C(NS(=O)(=O)C2=CC=C(N)C=C2)S1,validation
9344,F-679,CC1=C(NS(=O)(=O)C2=CC=C(N)C=C2)C2=C(C=CC=C2)C=C1,calibration
9345,F-680,CC1=CC=C(NC(=O)C(O)(O)C(=O)NC2=CC=C(C)C=C2)C=C1,test
9346,F-681,O=C(O)C(NCCCCCNC(C(=O)O)C1=CC=CC=C1)C1=CC=CC=C1,validation
9347,F-683,NC1=NC2=C(N=CN2C2C=CC(CO)C2)C(O)=N1,test
9348,F-684,NS(=O)(=O)C1=CC(S(=O)(=O)C2=CC=C(O)C=C2)=CO1,test
9349,F-685,NS(=O)(=O)C1=CC(S(=O)(=O)C2=CC=C(O)C=C2)=CS1,test
9350,F-686,COC1=CC=C(S(=O)(=O)C2=COC(S(N)(=O)=O)=C2)C=C1,validation
9351,F-687,COC1=CC=C(S(=O)(=O)C2=CSC(S(N)(=O)=O)=C2)C=C1,calibration
9352,F-688,NS(=O)(=O)C1=CC(S(=O)(=O)C2=CC(O)=CC=C2)=CS1,test
9353,F-690,NC(CCCCNC(=O)OCC1C2=C(C=CC=C2)C2=C1C=CC=C2)C(=O)O,validation
9354,F-691,CN1CCC(=C2C3=C(C=CC=C3)C=CC3=C2C=CC=C3)CC1,test
9355,F-692,CC(C)CNCC1=CC=C(S(=O)(=O)C2=CSC(S(N)(=O)=O)=C2)C=C1,test
9356,F-694,CC1=CC=C(S(=O)(=O)NCl)C=C1,test
9357,F-695,COC1=C(Cl)C=C(Cl)C(OC)=C1O,test
9358,F-697,CC1=CC2OC3CC(O)C(C)(C2(CO)CC1)C31CO1,test
9359,F-698,CC(C)(C)N1C=C(C(=O)O)C(=O)C2=C1C=C(N1CCNCC1)C(F)=C2,validation
9360,F-700,CN1CC2C3=C(C=CC=C3)OC3=C(C=C(Cl)C=C3)C2C1,validation
9361,F-701,C1=CC2=C(C=C1F)NC(=N2)C3=CC=C(O3)[N+](=O)[O-],test
9362,F-703,C#CC1CN2CCC1CC2C(O)C1=CC=NC2=C1C=C(OC)C=C2,test
9363,F-704,CCCCCCCCCCSC(=N)N,calibration
9364,F-705,CCOC(=O)N1CCN(C)CC1,test
9365,F-706,CCOC(=O)N1CC(C)NCC1C,calibration
9366,F-707,CC1=CC2=C(N)C3=C(C=CC=C3)N=C2C=C1,calibration
9367,F-708,CS(=O)(=O)C1=CC=C(C(=N)N)C=C1,test
9368,F-709,CC1CN(C(=N)N)C(C)CN1C(=N)N,test
9369,F-710,NC1=C2C=C(F)C=CC2=NC2=C1C=CC=C2,test
9370,F-711,NC1=C2C=CC(F)=CC2=NC2=C1C=CC=C2,test
9371,F-712,NC1=C2C=CC=C(F)C2=NC2=C1C=CC=C2,test
9372,F-713,NC1=C2C(F)=CC=CC2=NC2=C1C=CC=C2,calibration
9373,F-714,NC1=C2C(Cl)=CC=CC2=NC2=C1C=CC=C2,validation
9374,F-715,CCCCCCCCCCN1CCCCC1,validation
9375,F-716,NC1=C2C=C(Cl)C=CC2=NC2=C1C=CC=C2,test
9376,F-717,NC1=C2C=CC(Cl)=CC2=NC2=C1C=CC=C2,calibration
9377,F-718,CCN(CC)NC(=O)NC1=C(C)C=CC=C1C,calibration
9378,F-719,OC(C1=CC=CC=C1)(C1=CC=CC=C1)C1CCNCC1,test
9379,F-721,C1=CC=C2C(=C1)C(=C3C(=N2)C=CC=C3[N+](=O)[O-])N,test
9380,F-722,C1CCC(NCCNC2CCCCC2)CC1,validation
9381,F-723,NC1=C2C=CC=CC2=NC2=CC=CC(C(F)(F)F)=C21,validation
9382,F-724,CC(CCNCCNCCC(C)CC(C)(C)C)CC(C)(C)C,calibration
9383,F-725,OC(CN1CCCCC1)C1=C2C=CC=CC2=C(Cl)C=C1,test
9384,F-726,NC1=C2C=CC(C(F)(F)F)=CC2=NC2=C1C=CC=C2,test
9385,F-727,CCN(CC)CCC(C)(O)C1=C2C=CC=CC2=C(OC)C=C1,calibration
9386,F-728,N=C(N)C1=CC=C(CCC2=CC=C(C(=N)N)O2)O1,validation
9387,F-729,CCOC1=CC=C(C(=O)OCCNC(C)C2=CC=CC=C2)C=C1,calibration
9388,F-730,CC1=C(NC(=O)C(=O)C(=O)NC2=C(C)C=CC=C2)C=CC=C1,test
9389,F-731,C1=CC=C2C(=C1)/C(=N/O)/C(C2=O)[N+](=O)[O-],test
9390,F-732,O=C(CCCN1CCC(O)(C2=CC=CC=C2)CC1)C1=CC=CC=C1,test
9391,F-733,CC1=CC=C(C2(O)CCN(CCCC(=O)C3=CC=CC=C3)CC2)C=C1,test
9392,F-734,CN(C)CC1CC2C3CC=C4CC(O)CCC4(C)C3CCC2(C)C1=O,test
9393,F-736,O=C(CCCN1CCC(O)(C2=CC=C(F)C=C2)CC1)C1=CC=CC=C1,calibration
9394,F-738,O=C(CCCN1CCC(O)(C2=CC=C(Cl)C=C2)CC1)C1=CC=CC=C1,calibration
9395,F-739,NC1=CC(S(=O)(=O)O)=CC(C(=O)O)=C1,test
9396,F-740,OC1=C(S(=O)(=O)O)C(=O)C2=C1C=CC=C2,validation
9397,F-741,OC(C1=CC=CC=C1)(C1=CC=CC=C1)C1CCCCN1,validation
9398,F-742,CC1=CC=CC(CN2CCN(C(C3=CC=CC=C3)C3=CC=C(Cl)C=C3)CC2)=C1,test
9399,F-743,O=C(CCCN1CCC(O)(C2=CC=C(F)C=C2)CC1)C1=CC=C(F)C=C1,validation
9400,F-745,CN1CCC23C4=C5C=CC(OCC6=CC=CC=C6)=C4OC2CCCC3C1C5,test
9401,F-747,CC(SC1=CC=CC=C1)S(=O)(=O)O,calibration
9402,F-749,O=S(=O)(O)CCSC1=CC=CC=C1,test
9403,F-751,NC1=CC=C(S(=O)(=O)NC2=C(C(=O)O)C=CC=C2)C=C1,calibration
9404,F-752,CN1CCC23C=CC=CC2C1CC1=C3C(O)=C(O)C=C1,calibration
9405,F-753,COCOC1=C2OC3C(O)CCC4C5CC(=C2C43CCN5C)C=C1,validation
9406,F-754,CN(C)CC(O)C1=C2C=CC=CC2=C(Cl)C=C1,test
9407,F-756,NC1=CC=C(S(=O)(=O)NC2=NC=CC=N2)C=C1,validation
9408,F-757,CCN(CC)CC(C1=CC=CC=C1)OC(=O)C2=CC=C(C=C2)[N+](=O)[O-],test
9409,F-758,COC1=C2OC3C(OC(C)=O)C=CC4C5CC(=C2C43CCN5C)C=C1,validation
9410,F-761,O=C(OCC1=CC=CC=C1)C(OS(=O)(=O)O)C1=CC=CC=C1,calibration
9411,F-762,N=C(N)NN=C1C=CC(=NNC(=N)N)C2=C1C=CC=C2,test
9412,F-763,C1=CC2=C(C=C1S(=O)(=O)O)C(=C(C=C2[N+](=O)[O-])[N+](=O)[O-])O,calibration
9413,F-767,CN(C)C(=O)C1=CC=C(Cl)C=C1,calibration
9414,F-768,COC1=CC=C(C(=O)NN)C=C1,test
9415,F-769,COC1=CC=C(CN(CCN(C)C)C2=NC=CC=N2)C=C1,test
9416,F-771,CCC1(C(=O)NC(=NC1=O)[O-])CC,test
9417,F-774,COC1=C2OC3C(OC(C)=O)CCC4C5CC(=C2C43CCN5C)C=C1,validation
9418,F-775,CC(C)CCOC(=O)C1CN2CCC1CC2C(O)C1=CC=NC2=C1C=CC=C2,calibration
9419,F-776,CC1=C(S(=O)(=O)O)C=CC(O)=C1,test
9420,F-778,CN(C)C(=O)C1=CC=C(C=C1)[N+](=O)[O-],test
9421,F-780,C=CCC1=C(OCC(O)CNC(C)C)C=CC=C1,calibration
9422,F-782,CN(C)CCCOC1(CC2=CC=CC=C2)CCCCCC1,test
9423,F-783,COC(=O)C(CO)NC(=O)C(Cl)Cl,calibration
9424,F-784,O=C(C1=CC=CC=C1)C1=CC=C2C(C(=O)O)CCN12,validation
9425,F-786,CCN(CC)C(C)CN1C2=C(C=CC=C2)SC2=C1C=CC=C2,test
9426,F-787,CCOP(=O)(CC1=CC=C(C2=NC3=C(C=CC=C3)S2)C=C1)N1CCCC1=O,test
9427,F-790,CCOC(=O)CC1=CC=C(C2=NC3=C(C=CC=C3)S2)C=C1,calibration
9428,F-792,CC(C)CC(NC(=O)C(N)CC1=CNC2=C1C=CC=C2)C(=O)O,validation
9429,F-793,CC(C)(CF)N1C=C(C(=O)O)C(=O)C2=C1C=C(N1CCNCC1)C(F)=C2,validation
9430,F-794,O=C(O)C1=CN(C2CC2)C2=C(C=C(F)C(N3CC4CC3CN4)=C2)C1=O,test
9431,F-795,C#CCC(NC(=O)OC(C)(C)C)C(=O)NCC(=O)OC,test
9432,F-796,CCOC(=O)C1=C(C)NC(C)=C(C(=O)OC)C1C1=C(Cl)C(Cl)=CC=C1,test
9433,F-797,O=C(O)C1OC(C2=CC=CC=C2)OC1C1COC(C2=CC=CC=C2)O1,validation
9434,F-798,CC1=CC=C(C2=C(CC(=O)N(C)C)N3C=C(C)C=CC3=N2)C=C1,test
9435,F-799,COC(=O)C(C)C1=CC2=CC=C(OC)C=C2C=C1,validation
9436,F-801,CCCC1=CC(=O)N(CCC(=O)O)C=C1,calibration
9437,F-802,O=C(O)CCCCCN1C=CC=CC1=O,test
9438,F-803,CCOC1=C(CN(C1=O)C(C)C)[N+](=O)[O-],test
9439,F-804,CCCCCCCC1=CC(=O)N(CCC(=O)O)C=C1,calibration
9440,F-805,CCCCOC(=O)C1=C(C(=O)OCC(CC)CCCC)C=CC=C1,calibration
9441,F-806,CC1CCC(C(C)C)C2=C1C=NC(NS(=O)(=O)C1=CC=C(N)C=C1)=N2,test
9442,F-807,COC1=C2OC=CC2=C(CN)C2=C1OC(=O)C=C2,test
9443,F-808,CC(NC(=O)CC1=CC=CC=C1)C1=CC=CC=C1,test
9444,F-810,CCOC1=CC(=O)C2(OC3=C(C2=O)C(OC)=CC(OC)=C3Cl)C(C)C1,validation
9445,F-811,CCN(CC)CCCC(C)NC1=C2C=C(OC)C=CC2=NC2=C1C=CC(Cl)=C2,test
9446,F-812,CCCOC1=CC(=O)C2(OC3=C(C2=O)C(OC)=CC(OC)=C3Cl)C(C)C1,test
9447,F-813,CCCN1C=C(C(=O)O)C(=O)C2=C1C=C(N1CCNCC1)C(F)=C2,test
9448,F-814,CC1=NC=C(CO)C(C=NC(C(=O)O)C(C)C)=C1O,test
9449,F-815,CC1(C)SC2C(NC(=O)CC3=CC=CC=C3)C(=O)N2C1C(=O)O,validation
9450,F-816,NC(=S)NS(=O)(=O)C1=CC=C(N)C=C1,test
9451,F-819,CN(C)CCOC(C)(C1=CC=CC=C1)C1=CC=CC=N1,calibration
9452,F-824,CC1=CC=NC(NS(=O)(=O)C2=CC=C(N)C=C2)=N1,test
9453,F-825,NS(=O)(=O)C1=CC=C(NC(=O)CCC(=O)O)C=C1,test
9454,F-826,CCC1=C2C=CC=CC2=NC(CN)=C1C,test
9455,F-827,CCCCCCCCSC(=N)N,test
9456,F-828,COC1=CC2=C(C=C1)N(C(=O)C1=CC=C(Cl)C=C1)C(C)=C2CC(=O)O,validation
9457,F-830,O=S(=O)(N1CCCC1)N1CCCC1,test
9458,F-831,O=C(O)CC(O)CCC1=CCCC1=O,validation
9459,F-832,CCCCCCC(CO[N+](=O)O)O[N+](=O)O,calibration
9460,F-834,O=C1NC(=O)N(CC2=CC=C(Cl)C=C2)C=C1F,test
9461,F-836,COC1=CC=C(CN2C=C(F)C(=O)NC2=O)C=C1,test
9462,F-838,CC1=CC(=O)OC2=C1C=C(C)C1=C2C2=C(CCCC2)O1,test
9463,F-839,CC12CCC(C3=C1N=C(NS(=O)(=O)C1=CC=C(N)C=C1)N=C3)C2(C)C,validation
9464,F-840,OCCOC1=CC=C(OCCO)C=C1,validation
9465,F-841,O=C(O)CN1CCCCS1(=O)=O,validation
9466,F-842,CC1=CC=C2CN(C(N)=NO)CC3CCCC1=C23,validation
9467,F-843,COC1=C2CCCC3CN(C(=N)N)CC(=C23)C=C1,test
9468,F-844,NC(=NO)N1CC2=CC=CC3=C2C(CCC3)C1,validation
9469,F-845,CN(C)NC(=N)N1CC2=CC=CC3=CC=CC(=C32)C1,calibration
9470,F-846,CC(C)=NNC(=N)N1CC2=CC=CC3=CC=CC(=C32)C1,calibration
9471,F-847,NC(=NO)N1CC2=CC=CC3=C(Cl)C=CC(=C23)C1,test
9472,F-848,COC1=C2CCCC3CN(C(N)=NO)CC(=C23)C=C1,test
9473,F-849,COC1=CC2=C3C(=C1)C=CC=C3CN(C(N)=NO)C2,test
9474,F-850,CCCCOC1=CC(=O)C2(OC3=C(C2=O)C(OC)=CC(OC)=C3Cl)C(C)C1,test
9475,F-851,NC1=CC=C(N=C(N)N2CC3=CC=CC4=CC=CC(=C43)C2)C=C1,test
9476,F-852,CN(C)CC1=C(O)C=CC(C(=O)C2=CSC(S(N)(=O)=O)=C2)=C1,calibration
9477,F-853,CC(C)CNCC1=CC=C(C(=O)C2=CSC(S(N)(=O)=O)=C2)C=C1,validation
9478,F-854,C1=CC(=CC=C1C(=O)NN)[N+](=O)[O-],calibration
9479,F-855,NS(=O)(=O)C1=CC(C(=O)C2=CC=C(CNCC3=CC=CC=C3)C=C2)=CS1,validation
9480,F-856,CN=C(NC)N1CC2=CC=CC3=CC=CC(=C32)C1,test
9481,F-857,O=C1NC(=O)N(C2CCCO2)C=C1F,calibration
9482,F-858,CCOC1=CC(=O)CC(C)C12OC1=C(C2=O)C(OC)=CC(OC)=C1Cl,test
9483,F-859,O=C1NCCCC1N1C(=O)C2=C(C=CC=C2)S1(=O)=O,validation
9484,F-860,O=C(O)C=CC1=CC2=C(C=C1)OCO2,calibration
9485,F-861,CCCCCCOC1=CC(O)=C(C(C)=NO)C=C1,calibration
9486,F-862,C1=CC=C2C(=C1)NC(=N2)C3=CC=C(O3)[N+](=O)[O-],calibration
9487,F-863,CCCCCCCCCCOC1=CC(O)=C(C(C)=NO)C=C1,test
9488,F-864,CCCCCCCCCCOC1=CC(O)=C(C(CC)=NO)C=C1,test
9489,F-865,CCCCCCOC1=CC(O)=C(C(=NO)C2=CC=CC=C2)C=C1,test
9490,F-866,CCOC1=CC(=O)CC(C)C12OC1=C(C2=O)C(OC)=CC(OCC)=C1Cl,validation
9491,F-867,CCCOC1=CC(=O)CC(C)C12OC1=C(C2=O)C(OC)=CC(OC)=C1Cl,test
9492,F-868,O=C1NC(NC2=CC=CC=C2)=NC2=C1N=CN2,test
9493,F-869,CC1=CC=C(OCC(=O)NC2C(=O)N3C2SC(C)(C)C3C(=O)O)C=C1,calibration
9494,F-870,CNC1=NC2=C(C=C(C=C2)Cl)C(=[N+](C1)O)C3=CC=CC=C3,validation
9495,F-871,CCC(C)CN(C)N=NC1=CC=C(C(=O)O)C=C1,test
9496,F-872,NS(=O)(=O)C1=NC2=C(C=C(O)C=C2)S1,validation
9497,F-873,O=C(C1=CC(F)=CC=C1)N(O)C1=CC=CC=C1,test
9498,F-874,O=C(NO)C1=C(N=CC2=CC=CC=N2)C=CC=C1,calibration
9499,F-875,CC1=C(N(O)C(=O)C2=CC(F)=CC=C2)C=CC=C1,test
9500,F-876,CC1=CC=CC(N(O)C(=O)CCC2=CC=CC=C2)=C1,validation
9501,F-877,CC1=C(N(O)C(=O)CCC2=CC=CC=C2)C=CC=C1,test
9502,F-878,CCCCOC1=CC(=O)CC(C)C12OC1=C(C2=O)C(OC)=CC(OC)=C1Cl,validation
9503,F-879,CCCCCCCC(=O)OC1C(O)C(O)OC(CO)C1O,test
9504,F-880,O=S1(=O)OC2(C3=C(C=CC(O)=C3)OC3=C2C=C(O)C=C3)C2=C1C=CC=C2,calibration
9505,F-881,COC1=CC(OC)=CC(C(=O)N(O)C2=CC=CC=C2)=C1,test
9506,F-882,CC1=CC=CC(N(O)C(=O)C2=C(Cl)C=C(Cl)C=C2)=C1,calibration
9507,F-883,CC1=C(N(O)C(=O)C2=C(Cl)C=C(Cl)C=C2)C=CC=C1,test
9508,F-884,COC1=CC(OC)=CC(C(=O)N(O)C2=C(C)C=CC=C2)=C1,test
9509,F-885,COC1=CC(OC)=CC(C(=O)N(O)C2=CC(C)=CC=C2)=C1,test
9510,F-887,N=C(N)NN=CC1=C2C=CC=CC2=CC=C1O,test
9511,F-890,CC(=O)NC1=CC=C(OP(O)(=O)O)C=C1,validation
9512,F-891,CN(O)C(=O)C1CCCCCC1,validation
9513,F-892,O=C(C1CC1)N(O)C1CCCCC1,test
9514,F-893,O=C(C1CCC1)N(O)C1CCCCC1,validation
9515,F-894,O=C(C1CCCC1)N(O)C1CCCCC1,calibration
9516,F-895,CCN(C)N=NC1=CC=C(C(=O)O)C=C1,calibration
9517,F-896,CCCN(C)N=NC1=CC=C(C(=O)O)C=C1,calibration
9518,F-897,CCCCN(C)N=NC1=CC=C(C(=O)O)C=C1,validation
9519,F-898,CCCCCN(C)N=NC1=CC=C(C(=O)O)C=C1,validation
9520,F-899,CCCCCCN(C)N=NC1=CC=C(C(=O)O)C=C1,validation
9521,F-900,CCCCCCCN(C)N=NC1=CC=C(C(=O)O)C=C1,test
9522,F-901,O=C(C1=CC2=C(C=CC=C2)C=C1)N(O)C1=CC=C(Cl)C=C1,test
9523,F-903,CC(C)CNCC1=CC=CC(C(=O)C2=CSC(S(N)(=O)=O)=C2)=C1,test
9524,F-904,CCCCNCC1=CC=C(C(=O)C2=CSC(S(N)(=O)=O)=C2)C=C1,calibration
9525,F-905,CC(C)CCNCC1=CC=CC(C(=O)C2=CSC(S(N)(=O)=O)=C2)=C1,validation
9526,F-906,CC(C)CN(C)CC1=C(O)C=CC(C(=O)C2=CSC(S(N)(=O)=O)=C2)=C1,calibration
9527,F-907,CC(C)(C)NCC1=CC=C(S(=O)(=O)C2=CSC(S(N)(=O)=O)=C2)C=C1,validation
9528,F-908,CCCCNCC1=CC=C(S(=O)(=O)C2=CSC(S(N)(=O)=O)=C2)C=C1,calibration
9529,F-909,NS(=O)(=O)C1=CC(C(=O)C2=CC=C(CN3CCOCC3)C=C2)=CS1,calibration
9530,F-910,CC(C)NCC1=CC=CC(S(=O)(=O)C2=CSC(S(N)(=O)=O)=C2)=C1,test
9531,F-911,CCC(C)NCC1=CC=CC(S(=O)(=O)C2=CSC(S(N)(=O)=O)=C2)=C1,test
9532,F-912,NS(=O)(=O)C1=CC(C(=O)C2=CC(CN3CCOCC3)=CC=C2)=CS1,test
9533,F-913,CNC(=O)C1=CC=CC(NCC(=O)NCCC2=CC(OC)=C(OC)C=C2)=C1,validation
9534,F-914,CCNCC1=CC2=C(OC(S(N)(=O)=O)=C2)S1,calibration
9535,F-915,CC(C)CNCC1=CC2=C(OC(S(N)(=O)=O)=C2)S1,test
9536,F-916,CCOCCNCC1=CC2=C(OC(S(N)(=O)=O)=C2)S1,test
9537,F-917,COC1=C(OC)C=C(CCNC(=O)CNC2=CC(C(N)=O)=CC=C2)C=C1,calibration
9538,F-918,OP(=O)(O)OCN1C(=O)NC(C2=CC=CC=C2)(C2=CC=CC=C2)C1=O,test
9539,F-919,NS(=O)(=O)C1=CC2=C(O1)SC(CNCC1=CC=CC=N1)=C2,test
9540,F-928,CN(CCO)C(=O)COC(=O)C1=CC=CC=C1,calibration
9541,F-935,CC1=CC=C(CN2C=C(F)C(=O)NC2=O)C=C1,validation
9542,F-944,O=C1NC(=O)N(CC2=C(Cl)C=C(Cl)C=C2)C=C1F,calibration
9543,F-951,CNC1=C(NC2=C3C=CC=CC3=NC3=C2C=CC=C3)C=CC(NS(C)(=O)=O)=C1,test
9544,F-952,CN(C(=O)CNC(=O)CN)C1=C(C(=O)C2=C(Cl)C=CC=C2)C=C(Cl)C=C1,test
9545,F-953,NC(C(=O)O)C1=CC=C(O)C=C1,test
9546,F-955,NS(=O)(=O)C1=CC2=C(S1)S(=O)(=O)CCC2O,test
9547,F-957,O=C(C(=O)C1=CC=CC=C1)C1=CC=CC=C1,test
9548,F-958,CC(=O)NC(CC(C)C)C(=O)O,validation
9549,F-959,NC(CSSCC(N)C(=O)O)C(=O)O,test
9550,F-960,COC1=C(CC(C)NC(C)CC2=C(OC)C=CC=C2)C=CC=C1,test
9551,F-961,CN1CCC23C4=C5C=CC(OCC6=CC=CC=C6)=C4OC2C(O)C=CC3C1C5,validation
9552,F-963,CCOC1=C2OC3C(O)C=CC4C5CC(=C2C43CCN5C)C=C1,calibration
9553,F-968,O=S(=O)(NS(=O)(=O)C1=CC=C(Cl)C=C1)C1=CC=C(Cl)C=C1,test
9554,F-969,CC1=CSC(NS(=O)(=O)C2=CC=C(N)C=C2)=N1,validation
9555,F-971,CC1(C)C2CCC1(CS(=O)(=O)O)C(=O)C2,calibration
9556,F-972,COC1=CC=CC(CC(C)NC(C)CC2=C(OC)C=CC=C2)=C1,test
9557,F-974,COC1=C2OC3C(O)CCC4C5CC(=C2C43CCN5C)C=C1,calibration
9558,F-976,CCSC(=S)NC(CC(=O)O)C(=O)O,test
9559,F-977,CC(C)C(O)(CCC(C)(O)C(=O)O)C(=O)O,calibration
9560,F-978,CC(SC(=S)SC(C)C(=O)O)C(=O)O,test
9561,F-979,O=C(O)CC(CSC(=O)O)C1=CC=CC=C1,validation
9562,F-980,CC1=NC=C(N1CCO)[N+](=O)[O-],test
9563,F-981,CCNC1=NC(Cl)=NC(NC(C)C)=N1,test
9564,F-982,ON=C(C1=CC=CC=C1)C(=NO)C1=CC=CC=C1,test
9565,F-985,NC1CN(C2=CC3=C(C=C2F)C(=O)C(C(=O)O)=CN3C2CC2)C1,validation
9566,F-986,CNC1CN(C2=CC3=C(C=C2F)C(=O)C(C(=O)O)=CN3C2CC2)C1,test
9567,F-987,CC1(N)CN(C2=CC3=C(C=C2F)C(=O)C(C(=O)O)=CN3C2CC2)C1,validation
9568,F-988,CC1(N)CN(C2=C(Cl)C3=C(C=C2F)C(=O)C(C(=O)O)=CN3C2CC2)C1,calibration
9569,F-989,CC1(N)CN(C2=C(F)C3=C(C(=O)C(C(=O)O)=CN3C3CC3)C(N)=C2F)C1,validation
9570,F-990,C1=CC=C(CNC2=NC=NC3=C2N=CN3)C=C1,test
9571,F-991,NC1CN(C2=C(F)C3=C(C=C2F)C(=O)C(C(=O)O)=CN3C2CC2)C1,test
9572,F-992,C1=COC(CNC2=NC=NC3=C2N=CN3)=C1,test
9573,F-993,CC1(N)CN(C2=C(F)C3=C(C=C2F)C(=O)C(C(=O)O)=CN3C2CC2)C1,test
9574,F-994,CNC1CN(C2=C(F)C3=C(C=C2F)C(=O)C(C(=O)O)=CN3C2CC2)C1,calibration
9575,F-995,CCN1C=C(C(=O)O)C(=O)C2=C1C=C1OCOC1=C2,test
9576,F-996,COC1=CC=C2C=C(C(C)C(=O)OC(C)C)C=CC2=C1,calibration
9577,F-998,CCOC(=O)C1CCN2C(C(=O)C3=CC=CC=C3)=CC=C12,test
9578,F-999,COC1=CC2=C(C=CC(C)(C)O2)C2=C1C(=O)C1=C(N=CC=C1)N2C,validation
9579,F-1001,NC(=O)N1C2=C(C=CC=C2)C(O)C(O)C2=C1C=CC=C2,test
9580,F-1002,CCCCCCCCNC(=O)OCC1OC(O)C(O)C(O)C1O,test
9581,F-1003,CCCCCCCCCNC(=O)OCC1OC(O)C(O)C(O)C1O,test
9582,F-1004,CCCCCCCCCCNC(=O)OCC1OC(O)C(O)C(O)C1O,test
9583,F-1005,CC1=C(OCC2=CC=CC=C2)C=CC2=C1OC(N1CCOCC1)=CC2=O,validation
9584,F-1006,CC1=C(OCC2=CC=CC=N2)C=CC2=C1OC(N1CCOCC1)=CC2=O,calibration
9585,F-1010,CCC1(CC)CCC(=O)N(CO)C1=O,validation
9586,F-1011,CCC1(CC)C(=O)NC(=O)N(CO)C1=O,calibration
9587,F-1012,NC1=NC2=C(C=N1)N=CN2CCC(CO)CO,test
9588,F-1013,O=C1C2=C(C=CC(CCCCO)=C2)OCC2=C1SC=C2,test
9589,F-1015,O=C(CS)NC1=CC=C2C=CC=CC2=C1,test
9590,F-1017,C=CC1(C=C)C(=O)NC(=O)NC1=O,test
9591,F-1019,C=CC1(C(C)C)C(=O)NC(=O)NC1=O,validation
9592,F-1020,C=CC1(CC(C)C)C(=O)NC(=O)NC1=O,validation
9593,F-1023,CCCC(=O)OCN1C(=O)NC(C2=CC=CC=C2)(C2=CC=CC=C2)C1=O,test
9594,F-1026,NC1=NC(=O)N(C2CCC(CO)O2)C=C1,validation
9595,F-1027,CC(=O)OC1C2=C(C=CC=C2)N(C(N)=O)C2=C(C=CC=C2)C1OC(C)=O,test
9596,F-1028,COC(=O)C(NC(=O)C(Cl)Cl)C(C)O,calibration
9597,F-1029,O=C(NC(CO)C(=O)O)C(Cl)Cl,test
9598,F-1053,CCOC(=O)C(C)C1=CC2=CC=C(OC)C=C2C=C1,validation
9599,F-1054,CCCOC(=O)C(C)C1=CC2=CC=C(OC)C=C2C=C1,validation
9600,F-1055,CCCCOC(=O)C(C)C1=CC=C2C=C(OC)C=CC2=C1,validation
9601,F-1056,COC1=CC=C2C=C(C(C)C(=O)OCCO)C=CC2=C1,test
9602,F-1057,COC1=CC2=C(C=C1)C=C(C(C)C(=O)OC(C)(C)C)C=C2,validation
9603,F-1058,CCCCCOC(=O)C(C)C1=CC2=CC=C(OC)C=C2C=C1,calibration
9604,F-1059,COC1=CC=C2C=C(C(C)C(=O)OCC(C)O)C=CC2=C1,test
9605,F-1060,COC1=CC2=CC=C(C(C)C(=O)OCCCO)C=C2C=C1,validation
9606,F-1061,CCCCCCOC(=O)C(C)C1=CC=C2C=C(OC)C=CC2=C1,test
9607,F-1062,CCCCCCCOC(=O)C(C)C1=CC=C2C=C(OC)C=CC2=C1,validation
9608,F-1063,COC1=CC=C2C=C(C(C)C(=O)OCC(C)=O)C=CC2=C1,calibration
9609,F-1064,CCC#CCCOC(=O)C(C)C1=CC=C2C=C(OC)C=CC2=C1,calibration
9610,F-1065,COC1=CC=C2C=C(C(C)C(=O)OCC(O)CO)C=CC2=C1,calibration
9611,F-1066,COC1=CC=C2C=C(C(C)C(=O)OC3CCCCC3O)C=CC2=C1,test
9612,F-1067,CCCCCCCC(=O)OC1C(C(O)CO)OC2OC(C)(C)OC21,calibration
9613,F-1068,COC1=CC=C2C=C(C(C)C(=O)OC3CCCCC3=O)C=CC2=C1,test
9614,F-1069,CCC=CCCOC(=O)C(C)C1=CC=C2C=C(OC)C=CC2=C1,test
9615,F-1070,COC1=CC2=C(C=C1)C=C(C(C)C(=O)OC1COC3C(O)COC13)C=C2,calibration
9616,F-1071,CCOC1=CC=C(NC(=O)NC2=CC=C(OCC)C=C2)C=C1,test
9617,F-1072,CCCOCC(=NC1=C(C(F)(F)F)C=C(Cl)C=C1)N1C=CN=C1,test
9618,F-1073,CC1=COC2=CC3=C(C=C(N)C(=O)O3)C=C12,calibration
9619,F-1074,COC1=CC2=C(C=C3OC=C(C)C3=C2)OC1=O,validation
9620,F-1075,COC(=O)C1=CC2=C(OC1=O)C(C)=C1OC=C(C)C1=C2,test
9621,F-1077,CN(C)C(=O)COC(=O)C1CCN2C(C(=O)C3=CC=CC=C3)=CC=C12,test
9622,F-1078,COC(=O)C1=C(O)C=CC(CCC2=C(OC)C=CC(OC)=C2)=C1,test
9623,F-1079,C=CCN1C=NC2=C1N=C(NC1=CC=CC=C1)NC2=O,test
9624,F-1080,CCC1C(N)CN1C1=CC2=C(C=C1F)C(=O)C(C(=O)O)=CN2C1CC1,test
9625,F-1081,CNC1CN(C2=CC3=C(C=C2F)C(=O)C(C(=O)O)=CN3C2CC2)C1C,validation
9626,F-1082,CC1N(C2=CC3=C(C=C2F)C(=O)C(C(=O)O)=CN3C2CC2)CC1(C)N,validation
9627,F-1083,CC1C(N)CN1C1=C(Cl)C2=C(C=C1F)C(=O)C(C(=O)O)=CN2C1CC1,validation
9628,F-1084,CC1C(N)CN1C1=C(F)C2=C(C(=O)C(C(=O)O)=CN2C2CC2)C(N)=C1F,validation
9629,F-1085,CNC1CN(C2=C(F)C3=C(C=C2F)C(=O)C(C(=O)O)=CN3C2CC2)C1C,test
9630,F-1086,CCC1C(N)CN1C1=C(F)C2=C(C=C1F)C(=O)C(C(=O)O)=CN2C1CC1,test
9631,F-1087,CC1N(C2=C(F)C3=C(C=C2F)C(=O)C(C(=O)O)=CN3C2CC2)CC1(C)N,calibration
9632,F-1088,CC1C(N)CN1C1=CC2=C(C=C1F)C(=O)C(C(=O)O)=CN2C1CC1,test
9633,F-1089,CC1C(N)CN1C1=C(F)C2=C(C=C1F)C(=O)C(C(=O)O)=CN2C1CC1,test
9634,F-1090,CC12CCC(=O)C=C1CCC1C2CCC2(C)C(OC(=O)C(CO)CO)CCC12,validation
9635,F-1091,OCC1OC(N2C(C3=CC=CO3)=NC3=C2C=CC=C3)C(O)C1O,validation
9636,F-1092,OCC1OC(N2C(C3=CC=CO3)=NC3=C2C=CC=C3)C(O)C(O)C1O,calibration
9637,F-1093,CCCCCCCCSC1C(O)C(O)OC(CO)C1O,test
9638,F-1094,CC(O)C1C(=O)N2C(C(=O)O)=C(SCC(=N)N(C)C)C(C)C12,validation
9639,F-1095,CC1=C(N)C=CC(N=NC2=C(C)C=CC=C2)=C1,test
9640,F-1096,CN(C)C1=CC=C(N=NC2=CC=CC=C2)C=C1,test
9641,F-1097,CC1NC(=O)C2=C(C=CC=C2)NC1=O,test
9642,F-1099,O=C1CNC(=O)C2=C(C=CC(Cl)=C2)N1,test
9643,F-1100,BrC1=CC=CC(NC2=NC=NC3=CC4=C(C=NN4)C=C32)=C1,test
9644,F-1102,C=CC1(C(C)CCC)C(=O)NC(=O)NC1=O,test
9645,F-1103,BrC1=CC=CC(NC2=NC=NC3=CC4=C(C=CN4)C=C32)=C1,test
9646,F-1104,CCCCC(CO[N+](=O)O)O[N+](=O)O,test
9647,F-1105,CN1C(=O)CN=C(C2=CC=CC=C2)C2=C1C=CC(Cl)=C2,validation
9648,F-1106,CN(C)C1=CC=C(N=NC2=CC=C(S(=O)(=O)O)C=C2)C=C1,validation
9649,F-1109,C1C(=O)NC2=C(C=C(C=C2)[N+](=O)[O-])C(=N1)C3=CC=CC=C3Cl,validation
9650,F-1110,CCCC(CCC)C(=O)NCCCC(=O)O,test
9651,F-1112,CN1C=CC2=C1C=C1N=CN=C(NC3=CC(Br)=CC=C3)C1=C2,validation
9652,F-1113,CN1N=CC2=C1C=C1N=CN=C(NC3=CC(Br)=CC=C3)C1=C2,validation
9653,F-1114,O=C(O)CN1C=CC2=C1C=C1N=CN=C(NC3=CC(Br)=CC=C3)C1=C2,test
9654,F-1115,CCN(C(N)=O)C1=CC=C(OC)C=C1,test
9655,F-1118,O=C1NC(=O)N(CC2=CC=CC=C2)C=C1F,calibration
9656,F-1119,ClC1=CC(Cl)=C(C(CN2C=CN=C2)OCC2=C(Cl)C=CC(Cl)=C2)C=C1,validation
9657,F-1120,OCC1OCOC2COCOC12,test
9658,F-1121,CCCC(CO[N+](=O)O)O[N+](=O)O,calibration
9659,F-1122,CC(CCCO[N+](=O)O)O[N+](=O)O,test
9660,F-1123,CC(CCCCO[N+](=O)O)O[N+](=O)O,test
9661,F-1124,C1CC(CC(C1)O[N+](=O)[O-])O[N+](=O)[O-],test
9662,F-1125,CN1CCN(CC2=CN=C(Cl)C=C2)C1=NC#N,test
9663,F-1126,C1CCC(C(C1)O[N+](=O)O)O[N+](=O)O,test
9664,F-1127,N#CN=C1NCCN1CC1=CN=C(Cl)C=C1,calibration
9665,F-1128,C1CCC(C(CC1)O[N+](=O)[O-])O[N+](=O)[O-],test
9666,F-1129,CCN(CC)CCSC1=NC2=C(N=N1)NC1=C2C=CC=C1,test
9667,F-1130,NC1=NC2=C(C=N1)N=CN2CCC1COC(=O)OC1,calibration
9668,F-1132,CS(=O)(=O)C1=CC=C(C2=C(C3=CC=CC=C3)C(=O)OC2)C=C1,validation
9669,F-1133,CN1C=NC=C1CC(N)C(=O)O,test
9670,F-1134,OCC1OC2OC(C(Cl)(Cl)Cl)OC2C1O,validation
9671,F-1135,O=C(O)C1CCC(C(=O)O)SS1,test
9672,F-1136,COC1=NC=C(NC(=O)C2CC2)C=C1,validation
9673,F-1137,NS(=O)(=O)C1=C(Cl)C=C(NCC2=CC=CO2)C(C(=O)O)=C1,test
9674,F-1138,CCOC(=O)C(CCC1=CC=CC=C1)NC(C)CN1CCCC1C(=O)O,validation
9675,F-1139,CCOC(=O)C(CCC1=CC=CC=C1)NC(C)C(=O)N1CCCC1C(=O)O,validation
9676,F-1141,OCC1OC(OCCC2=C3C=CC=CC3=CC=C2)C(O)C(O)C1O,test
9677,F-1142,CCC1(C2=CC=CC=C2)NC(=O)NC1=O,calibration
9678,F-1143,OC1COC(OC2=CC=CC=C2)C(O)C1O,calibration
9679,F-1144,CC1(C)OCC(COC(=O)C2=C(C(=O)O)C=CC=C2)O1,validation
9680,F-1145,O=C(O)CCCC1CCCC2NC(=O)NC12,test
9681,F-1146,NC(CC1=CNC2=C1C=CC=C2)C(=O)O,validation
9682,F-1147,C1=C(OC(=C1)[N+](=O)[O-])C=NNC(=O)N,test
9683,F-1148,CCCC(C)C1(CC)C(=O)NC(=O)NC1=O,test
9684,F-1149,CC1NC(=O)C2=C(C=CC=C2)N(CC(O)C(O)C(O)CO)C1=O,calibration
9685,F-1150,O=C1NCC(=O)N(CC(O)C(O)C(O)CO)C2=C1C=CC=C2,test
9686,F-1151,CC1=C(C(=O)O)C=C(C(O)C(O)C(O)CO)O1,calibration
9687,F-1152,OCC1OC(OC2=CC=CC=C2)C(O)C(O)C1O,test
9688,F-1154,COC1=CC2=CC=C(C(C)C(=O)OCCN3CCNCC3)C=C2C=C1,validation
9689,F-1155,COC1=CC2=CC=C(C(C)C(=O)OCCN3CCN(C)CC3)C=C2C=C1,test
9690,F-1156,COC1=CC2=CC=C(C(C)C(=O)OCCCCN3CCOCC3)C=C2C=C1,test
9691,F-1158,COC1=CC=C2C=C(C(C)C(=O)OCCCCN3CCN(C)CC3)C=CC2=C1,test
9692,F-1159,O=C1NC2=C(C=CC=C2)C(=O)N2CCCC12,test
9693,F-1160,O=C1NC2=C(C=C(Cl)C=C2)C(=O)N2CCCC12,test
9694,F-1162,O=C1NC2=C(C=CC=C2)C(=O)N2CC(O)CC12,calibration
9695,F-1163,CC1=C2C(O)C3C(CC(C)C2CC1=O)OC(=O)C3C,test
9696,F-1164,CC(=O)NC(CC1=CNC2=C1C=CC=C2)C(=O)O,validation
9697,F-1165,CCOC(=O)C1=CC2(CC)CCCN3CCC4=C(C32)N1C1=C4C=CC=C1,test
9698,F-1167,C1=CC=C(C2=CN=C(C3=CC=C(CN4CCOCC4)C=C3)O2)C=C1,validation
9699,F-1169,CN1CC(O)C2=CC(=NNC(N)=O)C(=O)C=C21,test
9700,F-1171,CN(C)N=NC1=CC=C(C(=O)O)C=C1,test
9701,F-1172,NC(CC1=CNC2=C1C=CC=C2)C(=O)NCC(=O)O,validation
9702,F-1173,NC1=NC(=O)N(C2CC(F)C(CO)O2)C=C1,calibration
9703,F-1174,O=C(O)C1=C(Cl)C=C(N=NC2=CC=C(O)C=C2)C=C1,test
9704,F-1175,C1=CC(=CC(=C1)OC2C(C(C(C(O2)CO)O)O)O)[N+](=O)[O-],test
9705,F-1176,O=C(O)C1CN2CCC1CC2C(O)C1=CC=NC2=C1C=CC=C2,calibration
9706,F-1177,C1=CC=C(C(=C1)NN=C2C=CC(=O)C(=C2)C(=O)O)[N+](=O)[O-],validation
9707,F-1178,COCC1COC2=C(C=C3C(=C2)N=CN=C3NC2=CC(Br)=CC=C2)O1,calibration
9708,F-1179,CC(=O)OC1C2C(CC(C)C3C=CC(=O)C31C)OC(=O)C2C,calibration
9709,F-1180,COCC1COC2=C(C=C3C(=C2)N=CN=C3NC2=CC(I)=CC=C2)O1,test
9710,F-1182,O=C(O)C1CCC(=O)N1CN1C(=O)CCC1C(=O)O,test
9711,F-1183,COC1=CC=C(CC2NC(=O)N(C(C)C(=O)O)C2=O)C=C1,validation
9712,F-1184,CC(C)C(NS(=O)(=O)C1=CC=C(F)C=C1)C(=O)NC1CCOC1O,calibration
9713,F-1185,CC(C)CC(NC(=S)NC1=CC=CC=C1)C(=O)NC1CCOC1O,test
9714,F-1186,COC1=CC(=O)C2(OC3=C(C2=O)C(OC)=CC(OC)=C3Cl)C(C)C1,test
9715,F-1187,CC(C)CC(N)C(=O)NC(CC1=CNC2=C1C=CC=C2)C(=O)O,test
9716,F-1188,COC1=CC2=C(C=C1)N=CC=C2C(O)C1CC2CCN1CC2C(=O)O,calibration
9717,F-1189,COC1=CC(OC)=C(Cl)C2=C1C(=O)C1(O2)C(C)CC(O)CC1O,validation
9718,F-1191,CC12CCC(O)CC1CCC1C2CCC2(C)C(C3=CC(=O)OC3)CCC12O,test
9719,F-1193,OC1=CC=C(N=NC2=CC=CC=C2)C=C1,test
9720,F-1194,OC1=CC(O)=C(N=NC2=CC=CC=C2)C=C1,test
9721,F-1195,O=C1C(O)C2CC3N1CCC31C3=C(C=CC=C3)N3C(=O)C=CC2C31,test
9722,F-1196,O=C(O)C1=CC=C(N=NC2=CC=C(O)C=C2)C=C1,test
9723,F-1197,O=C(O)C1=C(O)C=CC(N=NC2=CC=CC=C2)=C1,test
9724,F-1198,OCC(O)C(O)C1=NN(C2=CC=CC=C2)C2=C1N=C1C=CC=CC1=N2,test
9725,F-1199,CC1(C)SC2C(NC(=O)COC3=CC=CC=C3)C(=O)N2C1C(=O)O,test
9726,F-1201,CC(C)C1OC(O)C(CC2=CC=CC=C2)NC1=O,calibration
9727,F-1202,CC(C)CC1OC(O)C(CC2=CC=CC=C2)NC1=O,test
9728,F-1204,NNC(=O)C1=CC=C(C(=O)NN)C=C1,validation
9729,F-1205,CC(NC(=O)C(N)C1=CC=CC=C1)C1=CC=CC=C1,calibration
9730,F-1206,O=C1NC(=O)C(Cl)=C(CN2CCCC2)N1,test
9731,F-1207,O=C1NC(=O)C(Br)=C(CN2CCCC2)N1,validation
9732,F-1209,CNCCC(OC1=CC=C(C(F)(F)F)C=C1)C1=CC=CC=C1,test
9733,F-1210,O=C(O)C(O)(CO)CC(O)CO,test
9734,G-14,Brc1cc(Br)c(Br)cc1Br,validation
9735,G-26,FC(F)(Cl)C(F)(F)Cl,calibration
9736,G-56,CC12CCC(CC1)C(C)(C)O2,calibration
9737,G-68,CCC=C,validation
9738,G-79,CCCCCCCCC=C,validation
9739,G-92,Ic1cccc2ccccc12,test
9740,G-115,CCCO,calibration
9741,G-117,Clc1c(Cl)c(Cl)c(c(Cl)c1Cl)c2c(Cl)c(Cl)c(Cl)c(Cl)c2Cl,validation
9742,G-126,Clc1cc(Cl)c(cc1Cl)c2cccc(Cl)c2Cl,test
9743,G-127,Clc1ccc(c(Cl)c1)c2c(Cl)ccc(Cl)c2Cl,validation
9744,G-130,CC(C)C(C)(C)C,test
9745,G-150,Oc1cc(Cl)c(Cl)c(Cl)c1Cl,validation
9746,G-151,Oc1c(Cl)cc(Cl)c(Cl)c1Cl,validation
9747,G-152,Clc1ccc(cc1)c2cccc(Cl)c2Cl,calibration
9748,G-154,Oc1ccc(Cl)c(Cl)c1Cl,validation
9749,G-156,Oc1c(Cl)c(Cl)cc(Cl)c1Cl,calibration
9750,G-158,Oc1cc(Cl)cc(Cl)c1Cl,test
9751,G-167,Clc1ccc(cc1)c2cc(Cl)ccc2Cl,test
9752,G-184,Oc1c(Cl)cccc1Cl,calibration
9753,G-195,Cc1ccccc1Br,calibration
9754,G-212,CCCC=C(CC)C=O,test
9755,G-213,CCC(CC)C=O,test
9756,G-238,CCCCCC(C)C,validation
9757,G-258,CC(C)O,test
9758,G-267,Cc1ccc(O)cc1C,calibration
9759,G-281,O=C1N(COC(=O)CCCCCC)C(=O)C(N1)(c2ccccc2)c3ccccc3,test
9760,G-284,O=C1N(COC(=O)CCCCC)C(=O)C(N1)(c2ccccc2)c3ccccc3,test
9761,G-287,CC(C)C(C)O,validation
9762,G-289,CCC(C)CCO,test
9763,G-296,c1cc(C)cc2c1c3cc4cccc5CCc(c45)c3cc2,test
9764,G-339,O=C1NC(=O)NC(=O)C1(CC)C(C)C,test
9765,G-346,CCCCC(=O)CCCC,validation
9766,G-365,CC#N,calibration
9767,G-367,CC(=O)N(S(=O)c1ccc(N)cc1)c2onc(C)c2C,calibration
9768,G-374,CC13CCC(=O)C=C1CCC4C2CCC(C(=O)CO)C2(CC(O)C34)C=O,test
9769,G-383,OCC3OC(OCC2OC(OC(C#N)c1ccccc1)C(O)C(O)C2O)C(O)C(O)C3O,calibration
9770,G-401,CCCC1C(=O)N3N(C1=O)c2cc(C)ccc2N=C3N(C)C,test
9771,G-402,OC4=C(C1CCC(CC1)c2ccc(Cl)cc2)C(=O)c3ccccc3C4=O,calibration
9772,G-407,CNC(=O)C=C(C)OP(=O)(OC)OC,calibration
9773,G-476,CNC(=O)Oc1cccc2ccccc12,calibration
9774,G-493,CCOC(=O)c1ccccc1S(=O)(=O)NN(C=O)c2nc(Cl)cc(OC)n2,validation
9775,G-495,ClCC#N,validation
9776,G-502,c1ccc(Cl)cc1C(c2ccc(Cl)cc2)(O)C(=O)OC(C)C,test
9777,G-514,Cl\C=C/Cl,test
9778,G-515,C/C1CCCCC1\C,test
9779,G-523,CC(=O)OCC(=O)C3(O)CCC4C2CCC1=CC(=O)CCC1(C)C2C(=O)CC34C,test
9780,G-524,CC(=O)CC(c1ccc(Cl)cc1)c2c(O)c3ccccc3oc2=O,test
9781,G-525,CCOP(=S)(OCC)Oc2ccc1oc(=O)c(Cl)c(C)c1c2,test
9782,G-532,OC1CCCCCC1,test
9783,G-533,C1CCC=CCC1,validation
9784,G-542,OC1CCCCCCC1,validation
9785,G-546,O=C2NC(=O)C1(CCCC1)C(=O)N2,test
9786,G-549,CC1(C)C(C=C(Cl)Cl)C1C(=O)OC(C#N)c2ccc(F)c(Oc3ccccc3)c2,validation
9787,G-550,CC1(C)C(C=C(Cl)C(F)(F)F)C1C(=O)OC(C#N)c2cccc(Oc3ccccc3)c2,test
9788,G-554,Nc1ccc(cc1)S(=O)(=O)c2ccc(N)cc2,validation
9789,G-560,CC1(C)C(C=C(Br)Br)C1C(=O)OC(C#N)c2cccc(Oc3ccccc3)c2,validation
9790,G-584,CC=C(C(=CC)c1ccc(O)cc1)c2ccc(O)cc2,calibration
9791,G-589,CCSSCC,validation
9792,G-595,CCCCCCOC(=O)c1ccccc1C(=O)OCCCCCC,test
9793,G-599,CC(C)SC(C)C,test
9794,G-600,CCN(CC)C(=O)C(=CCOP(=O)(OC)OC)Cl,calibration
9795,G-611,CCCSCCC,test
9796,G-613,C1C(O)CCC2(C)CC3CCC4(C)C5(C)CC6OCC(C)CC6OC5CC4C3C=C21,test
9797,G-640,CCN(CC(C)=C)c1c(cc(cc1N(=O)=O)C(F)(F)F)N(=O)=O,test
9798,G-659,CCCCCC(=O)OCC,test
9799,G-668,C=C,calibration
9800,G-686,OC(Cn1cncn1)(Cn2cncn2)c3ccc(F)cc3F,calibration
9801,G-688,Nc1nc(=O)[nH]cc1F,test
9802,G-690,CC1CC2C3CC(F)C4=CC(=O)C=CC4(C)C3(F)C(O)CC2(C)C1(O)C(=O)CO,calibration
9803,G-704,OCC1OC(O)(CO)C(O)C1O,test
9804,G-707,c1c(O)C2C(=O)C3cc(O)ccC3OC2cc1(OC),test
9805,G-731,NS(=O)(=O)c2cc1c(NCNS1(=O)=O)cc2Cl,test
9806,G-732,CC12CC(O)C3C(CCC4=CC(=O)CCC34C)C2CCC1(O)C(=O)CO,test
9807,G-743,Ic1ccccc1,validation
9808,G-771,COc2c1occc1c(OC)c3c(=O)cc(C)oc23,test
9809,G-776,ClC1C(Cl)C(Cl)C(Cl)C(Cl)C1Cl,test
9810,G-790,c1c(OC)c(OC)C2C(=O)OCC2c1,test
9811,G-811,COC(=O)C,test
9812,G-815,CCCOC(=O)CC,calibration
9813,G-819,CCCCCC(=O)OC,test
9814,G-823,CCCCCCCCC(=O)OC,test
9815,G-824,CCCCCCCC(=O)OC,test
9816,G-825,CCCC(=O)OCC,test
9817,G-832,COC(=O)c1ccc(O)cc1,test
9818,G-837,c1ccccc1(OC(=O)NC),calibration
9819,G-838,COc1ccc(NC(=O)N(C)C)cc1Cl,test
9820,G-864,Cc3ccnc4N(C1CC1)c2ncccc2C(=O)Nc34,validation
9821,G-867,COC(=O)C1=C(C)NC(=C(C1c2ccccc2N(=O)=O)C(=O)OC)C,test
9822,G-875,CCN(=O)=O,test
9823,G-877,O=C2CN(N=Cc1ccc(o1)N(=O)=O)C(=O)N2,test
9824,G-882,OC(C1=CC2C5C(C1C2=C(c3ccccc3)c4ccccn4)C(=O)NC5=O)(c6ccccc6)c7ccccn7,validation
9825,G-885,CC34CCC1C(CCC2=CC(=O)CCC12O)C3CCC4(O)C#C,validation
9826,G-906,CNC(=O)ON=C(SC)C(=O)N(C)C,test
9827,G-907,OC3N=C(c1ccccc1)c2cc(Cl)ccc2NC3=O,validation
9828,G-923,Clc1ccc(I)cc1,validation
9829,G-927,Clc1ccc(CN(C2CCCC2)C(=O)Nc3ccccc3)cc1,validation
9830,G-958,CCOP(=S)(OCC)ON=C(C#N)c1ccccc1,validation
9831,G-959,c1cC2C(=O)NC(=O)C2cc1,test
9832,G-964,c1ccc2c(c1)ccc3c2ccc4c5ccccc5ccc43,validation
9833,G-978,CC12CC(O)C3C(CCC4=CC(=O)C=CC34C)C2CCC1(O)C(=O)CO,calibration
9834,G-991,CCNP(=S)(OC)OC(=CC(=O)OC(C)C)C,test
9835,G-1002,CC=C,validation
9836,G-1011,NC(=O)c1cnccn1,validation
9837,G-1020,ClC(Cl)CC(=O)NC2=C(Cl)C(=O)c1ccccc1C2=O,calibration
9838,G-1023,CCC1(C(=O)NC(=O)NC1=O)C2=CCC3CCC2C3,validation
9839,G-1024,CCN2c1ncccc1N(C)C(=O)c3cccnc23,test
9840,G-1027,CCCOC(=O)c1ccc(N)cc1,test
9841,G-1031,O2c1ccccc1N(C)C(=O)c3cccnc23,calibration
9842,G-1032,O2c1ccc(N)cc1N(C)C(=O)c3cc(C)ccc23,validation
9843,G-1033,CCN2c1nc(Cl)ccc1N(C)C(=O)c3cccnc23,test
9844,G-1034,CCN2c1nc(C)cc(C(F)(F)F)c1NC(=O)c3cccnc23,test
9845,G-1035,CCN2c1nc(C)cc(C)c1NC(=O)c3cccnc23,validation
9846,G-1036,CCN2c1ncccc1N(C)C(=S)c3cccnc23,calibration
9847,G-1037,CCN2c1ccccc1N(C)C(=S)c3cccnc23,validation
9848,G-1038,CCN2c1ccccc1N(C)C(=O)c3ccccc23,test
9849,G-1039,CCN2c1ncccc1N(CC)C(=O)c3cccnc23,test
9850,G-1041,CCN2c1cc(N(C)C)cc(C)c1NC(=O)c3cccnc23,calibration
9851,G-1042,CCN2c1cc(OC)cc(C)c1NC(=O)c3cccnc23,validation
9852,G-1043,CCN2c1cc(Cl)ccc1NC(=O)c3cccnc23,test
9853,G-1044,O2c1cc(C)ccc1N(C)C(=O)c3cc(N)cnc23,test
9854,G-1045,CCN2c1ccccc1N(C)C(=O)c3cccnc23,calibration
9855,G-1046,CCN2c1nc(N(C)(CCO))ccc1NC(=O)c3cccnc23,test
9856,G-1047,C2c1ccccc1N(CCF)C(=O)c3ccccc23,test
9857,G-1048,O2c1ccccc1N(CC)C(=O)c3ccccc23,test
9858,G-1056,CSc1nc(nc(n1)N(C)C)N(C)C,validation
9859,G-1058,CSCS(=O)CC(CO)NC(=O)C=Cc1c(C)[nH]c(=O)[nH]c1=O,test
9860,G-1060,CCCCOc1ccc(C(=O)OCC)c(c1)N(CC)CC,test
9861,G-1066,OCC2OC(OC1(CO)OC(CO)C(O)C1O)C(O)C(O)C2O,test
9862,G-1069,Nc1ccc(cc1)S(N)(=O)=O,test
9863,G-1072,C/C=C/C=O,calibration
9864,G-1078,CC12CCC3C(CCC4=CC(=O)CCC34C)C2CCC1O,test
9865,G-1079,CC(=O)OC3CCC4C2CCC1=CC(=O)CCC1(C)C2CCC34C,validation
9866,G-1086,Cc1c(F)c(F)c(COC(=O)C2C(C=C(Cl)C(F)(F)F)C2(C)C)c(F)c1F,test
9867,G-1107,CC(C)(C)Cc1ccccc1,test
9868,G-1116,Nc3nc(N)c2nc(c1ccccc1)c(N)nc2n3,test
9869,G-1122,ClC(Cl)(Cl)C#N,test
9870,G-1127,Cc1ccc(OP(=O)(Oc2cccc(C)c2)Oc3ccccc3C)cc1,test
9871,G-1132,ClC(Cl)(Cl)C(NC=O)N1C=CN(C=C1)C(NC=O)C(Cl)(Cl)Cl,validation
9872,G-1141,CC1(OC(=O)N(C1=O)c2cc(Cl)cc(Cl)c2)C=C,test
9873,H-11,CC12CCCC1C1CCC3CC(=O)C(=O)CC3(C)C1CC2,test
9874,H-25,CCC(=O)OCC(=O)C1(OC(=O)CC)C(C)CC2C3CCC4=CC(=O)C=CC4(C)C3(F)C(O)CC21C,validation
9875,H-81,CC(C)CCCC(C)C1CCC2C3CC=C4CC(O)CCC4(C)C3CCC12C,test
9876,H-94,ClC1=C(Cl)C(Cl)=C(OC2=C(Cl)C(Cl)=C(Cl)C(Cl)=C2Cl)C(Cl)=C1Cl,test
9877,H-102,BrC1=CC=C(C2=CC=C(Br)C=C2)C=C1,validation
9878,H-130,FC(F)(Cl)Cl,test
9879,H-137,ClC(Cl)COCC(Cl)Cl,test
9880,H-178,C=CC=C(C)C=CC=CC,test
9881,H-197,ClCCCl,test
9882,H-215,ClC1=CC(Cl)=C(Cl)C=C1C1=C(Cl)C(Cl)=CC(Cl)=C1Cl,test
9883,H-219,ClC1=CC=C(OC2=CC(Cl)=C(Cl)C(Cl)=C2Cl)C(Cl)=C1Cl,test
9884,H-231,ClC1=C(Cl)C(Cl)=C(Cl)C(Cl)=C1Cl,calibration
9885,H-232,ClC1=CC(Cl)=C(Cl)C(C2=CC(Cl)=CC(Cl)=C2Cl)=C1,validation
9886,H-238,ClC1=CC=C(C2=CC(Cl)=C(Cl)C(Cl)=C2Cl)C(Cl)=C1,test
9887,H-245,ClC1=C(Cl)C=C2C(=C1)OC1=C(Cl)C(Cl)=C(Cl)C(Cl)=C21,test
9888,H-268,CC(=O)C1CCC2C3CCC4=CC(=O)CC(O)C4(C)C3CCC12C,calibration
9889,H-315,CCl,test
9890,H-341,CC12CCC(=O)C=C1CCC1C2CCC2(C)C1CCC2(C)O,test
9891,H-353,CCC(C)[N+](=O)[O-],test
9892,H-354,CC1=CC(=CC=C1)[N+](=O)[O-],validation
9893,H-391,CC(C)C1(C)CCCC(O)C1,test
9894,H-392,CC(C)C1C(C)CCCC1O,test
9895,H-393,CC1CCCC(O)(C(C)C)C1,test
9896,H-399,CCOC1=CC=C(NC(C)=O)C=C1,calibration
9897,H-409,CCC,test
9898,H-419,CCC(N)=O,validation
9899,H-426,BrC1=CC=C(Br)C(C2=CC(Br)=CC=C2Br)=C1,test
9900,H-427,BrC(Br)C(Br)Br,calibration
9901,H-430,COC1=C(Cl)C(Cl)=C(Cl)C=C1Cl,validation
9902,H-432,ClC1=CC(Cl)=C(Cl)C(Cl)=C1,test
9903,H-433,ClC1=CC(Cl)=C(Cl)C=C1Cl,test
9904,H-434,CC1=C(Cl)C(CC2=C(Cl)C=CC=C2Cl)=CC=C1Cl,calibration
9905,H-435,CC1=C(Cl)C(CC2=CC=C(Cl)C=C2Cl)=CC=C1Cl,test
9906,H-436,CC1=C(Cl)C=C(CC2=CC(Cl)=CC=C2Cl)C(Cl)=C1,test
9907,H-437,CC1=C(Cl)C=C(Cl)C(CC2=C(Cl)C=CC=C2Cl)=C1,test
9908,H-438,CC1=C(Cl)C=C(Cl)C(CC2=CC=C(Cl)C=C2Cl)=C1,test
9909,H-439,CC1=C(Cl)C(Cl)=C(Cl)C(CC2=CC=C(Cl)C=C2)=C1,validation
9910,H-440,CC1=C(CC2=C(Cl)C=CC=C2)C(Cl)=C(Cl)C(Cl)=C1,validation
9911,H-441,CC1=C(CC2=CC=C(Cl)C=C2)C(Cl)=C(Cl)C(Cl)=C1,test
9912,H-447,ClC1=CC=C(C2=CC=C(Cl)C(Cl)=C2)C=C1Cl,test
9913,H-450,ClC1=CC=C(C2=C(Cl)C=C(Cl)C=C2Cl)C=C1,calibration
9914,H-453,ClC1=C(Cl)C(Cl)=C2OC3=CC=CC=C3OC2=C1Cl,test
9915,H-463,ClC(Cl)=C(Cl)Cl,test
9916,H-475,BrC1=CC(Br)=C(C2=CC=CC=C2)C(Br)=C1,test
9917,H-479,COC1=C(Cl)C=C(Cl)C=C1Cl,calibration
9918,H-482,ClC1=CC(Cl)=CC(Cl)=C1,test
9919,H-491,ClC1=CC(Cl)=C2OC3=CC=CC=C3OC2=C1Cl,test
9920,H-496,CC(Cl)(Cl)Cl,test
9921,H-499,FC(Cl)(Cl)CCl,validation
9922,H-514,CCCSC(=O)N(CCC)CCC,calibration
9923,H-516,ClC(Cl)=C=C(Cl)C(Cl)Cl,validation
9924,H-517,ClC1=C(Cl)C(Cl)=C(Cl)C(OC2=C(Cl)C(Cl)=C(Cl)C(Cl)=C2Cl)=C1,validation
9925,H-519,CC1=C(Cl)C=C(Cl)C(CC2=CC(Cl)=CC=C2Cl)=C1,test
9926,H-524,CCC1=CC=CC(CC)=C1N(COC)C(=O)CCl,test
9927,H-525,CNC(=O)ON=CC(C)(C)SC,test
9928,H-530,CCOP(=S)(OCC)SCSC1=CC=C(Cl)C=C1,validation
9929,H-545,CCOP(=S)(OCC)SC(CCl)N1C(=O)C2=CC=CC=C2C1=O,test
9930,H-548,CCCCC1=C(CCCC)C(C(O)=O)=C(C(O)=O)C=C1,test
9931,H-553,CC1OC(OC2C(O)CC(OC3C(O)CC(OC4CCC5(C)C(CCC6C5CC(O)C5(C)C(C7=CC(=O)OC7)CCC65O)C4)OC3C)OC2C)CC(O)C1O,test
9932,H-556,O=S1OCC2C(CO1)C1(Cl)C(Cl)=C(Cl)C2(Cl)C1(Cl)Cl,calibration
9933,H-569,CCOP(=S)(OCC)OC1=CC=C(C=C1)[N+](=O)[O-],test
9934,H-570,CCCCN(CC)C(=O)SCCC,calibration
9935,H-572,CCC1=CC=C(C(C2=CC=C(CC)C=C2)C(Cl)Cl)C=C1,test
9936,H-574,CC12CCC3C(CC=C4CC(O)CCC43C)C1CCC2=O,calibration
9937,I-2,Brc1cc(C(O)=O)c(N)cc1,test
9938,I-4,Oc1c(Br)cc(C(O)=O)c(O)c1,validation
9939,I-6,S(=O)(=O)(N)c1sc(NC(=O)C)nn1,test
9940,I-9,CN(C)CC\C=C1\c2ccccc2CCc2ccccc12,test
9941,I-10,c1(c(CN(CC)CC)cc(cc1)Nc1ccnc2c1ccc(c2)Cl)O,test
9942,I-11,CN1[C@H]2CC[C@@H]1C[C@@H](C2)OC(=O)C(CO)C1=CC=CC=C1,test
9943,I-13,n1(Cc2ccccc2)cncc1,test
9944,I-14,Brc1cc2c(CN(C)C)c[nH]c2cc1,calibration
9945,I-17,COc1ccccc1OCCNCC(O)COc1cccc2[nH]c3ccccc3c12,validation
9946,I-18,C1(=C(COC(C)=O)CS[C@@H]2[C@H](NC(=O)Cc3cccs3)C(N12)=O)C(O)=O,validation
9947,I-19,C([C@H](c1ccccn1)c1ccc(cc1)Cl)CN(C)C,validation
9948,I-20,c1c(Cl)ccc2Sc3ccccc3N(CCCN(C)C)c12,calibration
9949,I-21,Clc1ccc(S(=O)(NC(=O)NCCC)=O)cc1,test
9950,I-24,c1cc2c(cc1Cl)[nH]c(=O)o2,test
9951,I-26,O=C(c1cn(C2CC2)c2c(cc(F)c(N3CCNCC3)c2)c1=O)O,validation
9952,I-27,C[N@]1C[C@@H]2C[C@H]1CN2c1c(cc2c(n(cc(C(=O)O)c2=O)C2CC2)c1)F,calibration
9953,I-28,C[C@H](CC1=CC=CC=C1)N(C)CC#C,validation
9954,I-33,O=C1[C@H](OC(C)=O)[C@H](c2ccc(OC)cc2)Sc2ccccc2N1CCN(C)C,test
9955,I-34,CN(C)CCOC(c1ccccc1)c1ccccc1,calibration
9956,I-37,N\C(CCSCc1csc(\N=C(\N)N)n1)=N\S(=O)(N)=O,test
9957,I-38,CC(C(O)=O)c1cccc(Oc2ccccc2)c1,test
9958,I-42,O=C(NC1CCCCC1)NS(=O)(c1ccc(CCNC(c2cnc(cn2)C)=O)cc1)=O,test
9959,I-43,[nH]1cnc2nc(N)[nH]c(=O)c12,calibration
9960,I-45,S1(=O)(=O)NCNc2c1cc(S(=O)(N)=O)c(c2)C(F)(F)F,test
9961,I-54,CCn1cc(c(=O)c2ccc(nc12)C)C(=O)O,validation
9962,I-55,O[C@]1([C@H](N(CC=C)CC2)C3)[C@@]42C5=C3C=CC(O)=C5O[C@H]4C(CC1)=O,test
9963,I-56,O=C(O)[C@@H](C)c1ccc2cc(ccc2c1)OC,calibration
9964,I-60,N(CC\C=C1\c2c(CCc3c1cccc3)cccc2)C,test
9965,I-62,OC1=C(C(O)=C(C([C@@](C(C(C(N)=O)=C(O)[C@H]2N(C)C)=O)(O)[C@@]2([H])[C@H]3O)=O)[C@@]3([H])[C@@]4(O)C)C4=CC=C1,test
9966,I-63,c1(nccc2cc(c(OC)cc12)OC)Cc1cc(c(cc1)OC)OC,validation
9967,I-65,c1ccc(cc1)\N=N\c1c(nc(cc1)N)N,test
9968,I-66,C1(NC(C(c2ccccc2)(C(=O)N1)CC)=O)=O,validation
9969,I-70,CC(C)NCC(O)COc1cccc2[nH]ccc12,test
9970,I-72,Nc1ccc(C(OCCN(CC)CC)=O)cc1,calibration
9971,I-74,[H]C1(CN2CCC1C[C@@]2([H])[C@H](O)C1=CC=NC2=C1C=C(OC)C=C2)C=C,validation
9972,I-75,S(Cc1oc(CN(C)C)cc1)CCN\C(NC)=C\N(=O)=O,test
9973,I-76,C1CN(CCN1)c1c(cc2c(n(cc(C(=O)O)c2=O)c2ccc(cc2)F)c1)F,calibration
9974,I-77,C[C@H]1CN(C[C@@H](C)N1)C1=C(F)C2=C(C(=O)C(=CN2C2CC2)C(O)=O)C(N)=C1F,validation
9975,I-79,S(=O)(=O)(Nc1nc(C)cc(n1)C)c1ccc(N)cc1,test
9976,I-80,C(=O)(O)c1cc(ccc1O)\N=N\c1ccc(cc1)S(=O)(Nc1ccccn1)=O,validation
9977,I-83,CC1=C(CC(O)=O)c2cc(F)ccc2C\1=C\c1ccc(cc1)S(C)=O,validation
9978,I-84,C(c1ccc(cc1)NCCCC)(=O)OCCN(C)C,validation
9979,I-85,OC1=C(C(C2=C(O)[C@@](C(C(C(N)=O)=C(O)[C@H]3N(C)C)=O)(O)[C@@]3([H])C[C@]2([H])[C@@]4(O)C)=O)C4=CC=C1,calibration
9980,I-86,c1(cc(ccc1C(C)C)C)O,test
9981,I-93,COc1ccc(CCN(C)CCCC(C#N)(C(C)C)c2ccc(OC)c(OC)c2)cc1OC,validation
9982,I-94,CC(=O)CC(c1ccccc1)c1c(O)c2ccccc2oc1=O,calibration
